v 0.012507082 -0.037952399 0.073872852
v 0.012507082 -0.036342399 0.073872852
v 0.012516537 -0.036342399 0.073522558
v 0.012529178 -0.036342399 0.073051796
v 0.0124895 -0.036342399 0.072159901
v 0.0124895 -0.037952399 0.072159901
v 0.012529178 -0.037952399 0.073051796
v 0.012516537 -0.037952399 0.073522558
v 0.0100015 -0.037952399 0.069539199
v 0.0100994 -0.037952399 0.069446001
v 0.0100994 -0.03987705 0.069446001
v 0.0100015 -0.03987705 0.069539199
v 0.014519176 -0.036345 0.050126438
v 0.014519176 -0.034414999 0.050126438
v 0.014436003 -0.034414999 0.050456262
v 0.0144551 -0.034414999 0.0508393
v 0.0144551 -0.036345 0.0508393
v 0.014436003 -0.036345 0.050456262
v 0.013346953 -0.01674175 0.070406981
v 0.013269511 -0.01674175 0.070471807
v 0.01308709 -0.01674175 0.070487943
v 0.01308709 -0.0167445 0.070487943
v 0.01289251 -0.0167445 0.070505438
v 0.012689248 -0.0167445 0.070548701
v 0.0124895 -0.0167445 0.070624099
v 0.0124895 -0.0151345 0.070624099
v 0.013058031 -0.0151345 0.070489669
v 0.013275433 -0.0151345 0.070470557
v 0.013346953 -0.0151345 0.070406981
v 0.013506233 -0.01867175 0.050361061
v 0.013679055 -0.01867175 0.050415187
v 0.014180055 -0.01867175 0.050207658
v 0.014519176 -0.01867175 0.050126438
v 0.014436003 -0.01867175 0.050456262
v 0.0144551 -0.01867175 0.0508393
v 0.0144551 -0.01867175 0.0704321
v 0.014615349 -0.01867175 0.070644507
v 0.014423757 -0.01867175 0.070601945
v 0.014227622 -0.01867175 0.070568004
v 0.014022518 -0.01867175 0.07053812
v 0.01380402 -0.01867175 0.070507741
v 0.0135677 -0.01867175 0.070472298
v 0.013346953 -0.01867175 0.070406981
v 0.013264936 -0.01867175 0.070472698
v 0.01308709 -0.01867175 0.070487943
v 0.0100936 -0.01867175 0.069606099
v 0.0099751002 -0.01867175 0.069453602
v 0.0099751002 -0.01867175 0.052818699
v 0.010007933 -0.01867175 0.052785635
v 0.010045217 -0.01867175 0.052762499
v 0.010087583 -0.01867175 0.052750711
v 0.010135024 -0.01867175 0.052750258
v 0.0101869 -0.01867175 0.0527597
v 0.01122 -0.01867175 0.0527597
v 0.011427799 -0.01867175 0.052648401
v 0.010159301 -0.037952399 0.052911201
v 0.010108644 -0.037952399 0.052899308
v 0.010065874 -0.037952399 0.052878923
v 0.010031542 -0.037952399 0.052849646
v 0.010004275 -0.037952399 0.052810841
v 0.0099831003 -0.037952399 0.052762799
v 0.0099831003 -0.03987705 0.052762799
v 0.010004584 -0.03987705 0.052811403
v 0.010032234 -0.03987705 0.052850413
v 0.010066663 -0.03987705 0.052879429
v 0.010109097 -0.03987705 0.052899451
v 0.010159301 -0.03987705 0.052911201
v 0.010146 -0.034417751 0.0443256
v 0.0132595 -0.034417751 0.045248799
v 0.0132595 -0.036342399 0.045248799
v 0.010146 -0.036342399 0.0443256
v 0.0099831003 -0.034417751 0.045018902
v 0.0099759024 -0.034417751 0.04459084
v 0.010146 -0.034417751 0.0443256
v 0.010146 -0.036342399 0.0443256
v 0.0099753118 -0.036342399 0.04459372
v 0.0099831003 -0.036342399 0.045018902
v 0.012507082 0.046879201 0.073872852
v 0.012507082 0.048489199 0.073872852
v 0.012516537 0.048489199 0.073522558
v 0.012529178 0.048489199 0.073051796
v 0.0124895 0.048489199 0.072159901
v 0.0124895 0.046879201 0.072159901
v 0.012529178 0.046879201 0.073051796
v 0.012516537 0.046879201 0.073522558
v 0.0100087 0.046879201 0.071480498
v 0.0100015 0.046879201 0.069539199
v 0.0100015 0.044954548 0.069539199
v 0.0100087 0.044954548 0.071480498
v 0.013679055 -0.046946349 0.050415187
v 0.0136438 -0.046946349 0.050439801
v 0.0118677 -0.046946349 0.052400799
v 0.011690036 -0.046946349 0.052615037
v 0.01157071 -0.046946349 0.052725511
v 0.0112432 -0.046946349 0.052911201
v 0.010159301 -0.046946349 0.052911201
v 0.010109097 -0.046946349 0.052899451
v 0.010066663 -0.046946349 0.052879429
v 0.010032234 -0.046946349 0.052850413
v 0.010004584 -0.046946349 0.052811403
v 0.0099831003 -0.046946349 0.052762799
v 0.0099831003 -0.046946349 0.045018902
v 0.0099753118 -0.046946349 0.04459372
v 0.010146 -0.046946349 0.0443256
v 0.0132595 -0.046946349 0.045248799
v 0.013279898 -0.046946349 0.045254116
v 0.013056375 -0.046946349 0.045347772
v 0.012576048 -0.046946349 0.045439129
v 0.012460285 -0.046946349 0.045646539
v 0.01248201 -0.046946349 0.045966954
v 0.012537 -0.046946349 0.046556301
v 0.012537 -0.046946349 0.050143399
v 0.012790861 -0.046946349 0.050322933
v 0.01314401 -0.046946349 0.050328312
v 0.013455532 -0.046946349 0.0503441
v 0.0099831003 0.046879201 0.052762799
v 0.0099831003 0.046879201 0.045018902
v 0.0099831003 0.044954548 0.045018902
v 0.0099831003 0.044954548 0.052762799
v 0.0099831003 -0.048556352 0.045018902
v 0.0099759024 -0.048556352 0.04459084
v 0.010146 -0.048556352 0.0443256
v 0.010146 -0.050481 0.0443256
v 0.0099753118 -0.050481 0.04459372
v 0.0099831003 -0.050481 0.045018902
v 0.0100936 0.0343506 0.069606099
v 0.01308709 0.0343506 0.070487943
v 0.01289251 0.0343506 0.070505438
v 0.012689248 0.0343506 0.070548701
v 0.0124895 0.0343506 0.070624099
v 0.0124895 0.0343506 0.072159901
v 0.012529178 0.0343506 0.073051796
v 0.012516537 0.0343506 0.073522558
v 0.012507082 0.0343506 0.073872852
v 0.0100087 0.0343506 0.0716045
v 0.0100087 0.0343506 0.071480498
v 0.0100015 0.0343506 0.069539199
v 0.010024558 0.0343506 0.06951725
v 0.013279898 0.037885251 0.045254116
v 0.013279898 0.036275251 0.045254116
v 0.013056375 0.036275251 0.045347772
v 0.012576048 0.036275251 0.045439129
v 0.012460285 0.036275251 0.045646539
v 0.01248201 0.036275251 0.045966954
v 0.012537 0.036275251 0.046556301
v 0.012537 0.037885251 0.046556301
v 0.01248201 0.037885251 0.045966954
v 0.012460285 0.037885251 0.045646539
v 0.012576048 0.037885251 0.045439129
v 0.013056375 0.037885251 0.045347772
v 0.013279898 0.039809899 0.045254116
v 0.0132595 0.039809899 0.045248799
v 0.010146 0.039809899 0.0443256
v 0.0099759024 0.039809899 0.04459084
v 0.0099831003 0.039809899 0.045018902
v 0.0099831003 0.039809899 0.052762799
v 0.010004275 0.039809899 0.052810841
v 0.010031542 0.039809899 0.052849646
v 0.010065874 0.039809899 0.052878923
v 0.010108644 0.039809899 0.052899308
v 0.010159301 0.039809899 0.052911201
v 0.0112432 0.039809899 0.052911201
v 0.01157071 0.039809899 0.052725511
v 0.011690036 0.039809899 0.052615037
v 0.0118677 0.039809899 0.052400799
v 0.0136438 0.039809899 0.050439801
v 0.013679055 0.039809899 0.050415187
v 0.013455532 0.039809899 0.0503441
v 0.01314401 0.039809899 0.050328312
v 0.012790861 0.039809899 0.050322933
v 0.012537 0.039809899 0.050143399
v 0.012537 0.039809899 0.046556301
v 0.01248201 0.039809899 0.045966954
v 0.012460285 0.039809899 0.045646539
v 0.012576048 0.039809899 0.045439129
v 0.013056375 0.039809899 0.045347772
v 0.0112432 0.0327406 0.052911201
v 0.010159301 0.0327406 0.052911201
v 0.010159301 0.030815949 0.052911201
v 0.0112432 0.030815949 0.052911201
v 0.013279898 0.0343506 0.045254116
v 0.013279898 0.0327406 0.045254116
v 0.013056375 0.0327406 0.045347772
v 0.012576048 0.0327406 0.045439129
v 0.012460285 0.0327406 0.045646539
v 0.01248201 0.0327406 0.045966954
v 0.012537 0.0327406 0.046556301
v 0.012537 0.0343506 0.046556301
v 0.01248201 0.0343506 0.045966954
v 0.012460285 0.0343506 0.045646539
v 0.012576048 0.0343506 0.045439129
v 0.013056375 0.0343506 0.045347772
v 0.012537 0.029205949 0.050143399
v 0.012537 0.030815949 0.050143399
v 0.012537 0.030815949 0.046556301
v 0.012537 0.029205949 0.046556301
v 0.0099831003 0.029205949 0.045018902
v 0.0099759024 0.029205949 0.04459084
v 0.010146 0.029205949 0.0443256
v 0.010146 0.027281301 0.0443256
v 0.0099753118 0.027281301 0.04459372
v 0.0099831003 0.027281301 0.045018902
v 0.012537 0.046879201 0.050143399
v 0.012537 0.048489199 0.050143399
v 0.012537 0.048489199 0.046556301
v 0.012537 0.046879201 0.046556301
v 0.013279898 -0.046946349 0.045254116
v 0.013279898 -0.048556352 0.045254116
v 0.013056375 -0.048556352 0.045347772
v 0.012576048 -0.048556352 0.045439129
v 0.012460285 -0.048556352 0.045646539
v 0.01248201 -0.048556352 0.045966954
v 0.012537 -0.048556352 0.046556301
v 0.012537 -0.046946349 0.046556301
v 0.01248201 -0.046946349 0.045966954
v 0.012460285 -0.046946349 0.045646539
v 0.012576048 -0.046946349 0.045439129
v 0.013056375 -0.046946349 0.045347772
v -0.013279898 0.048489199 0.045254116
v -0.0132595 0.048489199 0.045248799
v -0.010146 0.048489199 0.0443256
v -0.0099753118 0.048489199 0.04459372
v -0.0099831003 0.048489199 0.045018902
v -0.0099831003 0.048489199 0.052762799
v -0.010004584 0.048489199 0.052811403
v -0.010032234 0.048489199 0.052850413
v -0.010066663 0.048489199 0.052879429
v -0.010109097 0.048489199 0.052899451
v -0.010159301 0.048489199 0.052911201
v -0.0112432 0.048489199 0.052911201
v -0.01157071 0.048489199 0.052725511
v -0.011690036 0.048489199 0.052615037
v -0.0118677 0.048489199 0.052400799
v -0.0136438 0.048489199 0.050439801
v -0.013679055 0.048489199 0.050415187
v -0.013455532 0.048489199 0.0503441
v -0.01314401 0.048489199 0.050328312
v -0.012790861 0.048489199 0.050322933
v -0.012537 0.048489199 0.050143399
v -0.012537 0.048489199 0.046556301
v -0.01248201 0.048489199 0.045966954
v -0.012460285 0.048489199 0.045646539
v -0.012576048 0.048489199 0.045439129
v -0.013056375 0.048489199 0.045347772
v -0.012537 0.0343506 0.050143399
v -0.012537 0.0327406 0.050143399
v -0.012537 0.0327406 0.046556301
v -0.012537 0.0343506 0.046556301
v -0.0118677 0.0327406 0.052400799
v -0.0136438 0.0327406 0.050439801
v -0.0136438 0.030815949 0.050439801
v -0.0118677 0.030815949 0.052400799
v -0.0099751002 0.034347999 0.052818699
v -0.0099751002 0.036278 0.052818699
v -0.0099751002 0.036278 0.069453602
v -0.0099751002 0.034347999 0.069453602
v -0.0118677 0.050413852 0.052400799
v -0.0136438 0.050413852 0.050439801
v -0.0136438 0.048489199 0.050439801
v -0.0118677 0.048489199 0.052400799
v -0.0099751002 -0.036345 0.052818699
v -0.0099751002 -0.034414999 0.052818699
v -0.0099751002 -0.034414999 0.069453602
v -0.0099751002 -0.036345 0.069453602
v -0.011427799 -0.036342399 0.052648401
v -0.013506233 -0.036342399 0.050361061
v -0.013000251 -0.036342399 0.050337563
v -0.012730563 -0.036342399 0.050304651
v -0.012537 -0.036342399 0.050143399
v -0.012537 -0.036342399 0.046556301
v -0.01248201 -0.036342399 0.045966954
v -0.012460285 -0.036342399 0.045646539
v -0.012576048 -0.036342399 0.045439129
v -0.013056375 -0.036342399 0.045347772
v -0.013279898 -0.036342399 0.045254116
v -0.0132595 -0.036342399 0.045248799
v -0.010146 -0.036342399 0.0443256
v -0.0099753118 -0.036342399 0.04459372
v -0.0099831003 -0.036342399 0.045018902
v -0.0099831003 -0.036342399 0.052762799
v -0.009996503 -0.036342399 0.052795639
v -0.010037916 -0.036342399 0.05276598
v -0.010088151 -0.036342399 0.05275064
v -0.010141007 -0.036342399 0.052750854
v -0.0101869 -0.036342399 0.0527597
v -0.01122 -0.036342399 0.0527597
v -0.013679055 -0.034414999 0.050415187
v -0.014180055 -0.034414999 0.050207658
v -0.014519176 -0.034414999 0.050126438
v -0.014436003 -0.034414999 0.050456262
v -0.0144551 -0.034414999 0.0508393
v -0.0144551 -0.034414999 0.0704321
v -0.014615349 -0.034414999 0.070644507
v -0.014423757 -0.034414999 0.070601945
v -0.014227622 -0.034414999 0.070568004
v -0.014022518 -0.034414999 0.07053812
v -0.01380402 -0.034414999 0.070507741
v -0.0135677 -0.034414999 0.070472298
v -0.013346953 -0.034414999 0.070406981
v -0.013264936 -0.034414999 0.070472698
v -0.01308709 -0.034414999 0.070487943
v -0.0100936 -0.034414999 0.069606099
v -0.0099751002 -0.034414999 0.069453602
v -0.0099751002 -0.034414999 0.052818699
v -0.010007933 -0.034414999 0.052785635
v -0.010045217 -0.034414999 0.052762499
v -0.010087583 -0.034414999 0.052750711
v -0.010135024 -0.034414999 0.052750258
v -0.0101869 -0.034414999 0.0527597
v -0.01122 -0.034414999 0.0527597
v -0.011427799 -0.034414999 0.052648401
v -0.013506233 -0.034414999 0.050361061
v -0.013346953 0.037885251 0.070406981
v -0.0100994 0.037885251 0.069446001
v -0.0100015 0.037885251 0.069539199
v -0.0100087 0.037885251 0.071480498
v -0.0100087 0.037885251 0.0716045
v -0.012507082 0.037885251 0.073872852
v -0.012516537 0.037885251 0.073522558
v -0.012529178 0.037885251 0.073051796
v -0.0124895 0.037885251 0.072159901
v -0.0124895 0.037885251 0.070624099
v -0.013058031 0.037885251 0.070489669
v -0.013275433 0.037885251 0.070470557
v -0.011427799 0.01667735 0.052648401
v -0.01122 0.01667735 0.0527597
v -0.01122 0.01667475 0.0527597
v -0.011427799 0.01667475 0.052648401
v -0.0100994 0.050413852 0.069446001
v -0.013346953 0.050413852 0.070406981
v -0.013275433 0.050413852 0.070470557
v -0.013058031 0.050413852 0.070489669
v -0.0124895 0.050413852 0.070624099
v -0.0124895 0.050413852 0.072159901
v -0.012529178 0.050413852 0.073051796
v -0.012516537 0.050413852 0.073522558
v -0.012507082 0.050413852 0.073872852
v -0.0100087 0.050413852 0.0716045
v -0.0100087 0.050413852 0.071480498
v -0.0100015 0.050413852 0.069539199
v 0.0017134655 0.0327756 0.018048944
v 0.0017134655 0.0343156 0.018048944
v 0.001600834 0.0343156 0.018055419
v 0.0014591068 0.0343156 0.018031569
v 0.0012983435 0.0343156 0.01801546
v 0.0011228 0.0343156 0.0180231
v 0.0011228 0.0327756 0.0180231
v 0.0012983435 0.0327756 0.01801546
v 0.0014591068 0.0327756 0.018031569
v 0.001600834 0.0327756 0.018055419
v -0.011427799 0.0343506 0.052648401
v -0.013506233 0.0343506 0.050361061
v -0.013000251 0.0343506 0.050337563
v -0.012730563 0.0343506 0.050304651
v -0.012537 0.0343506 0.050143399
v -0.012537 0.0343506 0.046556301
v -0.01248201 0.0343506 0.045966954
v -0.012460285 0.0343506 0.045646539
v -0.012576048 0.0343506 0.045439129
v -0.013056375 0.0343506 0.045347772
v -0.013279898 0.0343506 0.045254116
v -0.0132595 0.0343506 0.045248799
v -0.010146 0.0343506 0.0443256
v -0.0099753118 0.0343506 0.04459372
v -0.0099831003 0.0343506 0.045018902
v -0.0099831003 0.0343506 0.052762799
v -0.009996503 0.0343506 0.052795639
v -0.010037916 0.0343506 0.05276598
v -0.010088151 0.0343506 0.05275064
v -0.010141007 0.0343506 0.052750854
v -0.0101869 0.0343506 0.0527597
v -0.01122 0.0343506 0.0527597
v -0.013506233 0.036275251 0.050361061
v -0.013506233 0.036278 0.050361061
v -0.011427799 0.036278 0.052648401
v -0.011427799 0.036275251 0.052648401
v -0.0099831003 -0.048556352 0.052762799
v -0.010004275 -0.048556352 0.052810841
v -0.010031542 -0.048556352 0.052849646
v -0.010065874 -0.048556352 0.052878923
v -0.010108644 -0.048556352 0.052899308
v -0.010159301 -0.048556352 0.052911201
v -0.010159301 -0.050481 0.052911201
v -0.010109097 -0.050481 0.052899451
v -0.010066663 -0.050481 0.052879429
v -0.010032234 -0.050481 0.052850413
v -0.010004584 -0.050481 0.052811403
v -0.0099831003 -0.050481 0.052762799
v -0.013679055 -0.036345 0.050415187
v -0.013506233 -0.036345 0.050361061
v -0.011427799 -0.036345 0.052648401
v -0.01122 -0.036345 0.0527597
v -0.0101869 -0.036345 0.0527597
v -0.010135024 -0.036345 0.052750258
v -0.010087583 -0.036345 0.052750711
v -0.010045217 -0.036345 0.052762499
v -0.010007933 -0.036345 0.052785635
v -0.0099751002 -0.036345 0.052818699
v -0.0099751002 -0.036345 0.069453602
v -0.0100936 -0.036345 0.069606099
v -0.01308709 -0.036345 0.070487943
v -0.013269511 -0.036345 0.070471807
v -0.013346953 -0.036345 0.070406981
v -0.0135677 -0.036345 0.070472298
v -0.01380402 -0.036345 0.070507741
v -0.014022518 -0.036345 0.07053812
v -0.014227622 -0.036345 0.070568004
v -0.014423757 -0.036345 0.070601945
v -0.014615349 -0.036345 0.070644507
v -0.0144551 -0.036345 0.0704321
v -0.0144551 -0.036345 0.0508393
v -0.014436003 -0.036345 0.050456262
v -0.014519176 -0.036345 0.050126438
v -0.014320619 -0.036345 0.05017879
v -0.01414607 -0.036345 0.050221028
v -0.013986787 -0.036345 0.050265965
v -0.013834029 -0.036345 0.050326414
v -0.0100087 0.050413852 0.071480498
v -0.0100087 0.050413852 0.0716045
v -0.0100087 0.048489199 0.0716045
v -0.0100087 0.048489199 0.071480498
v -0.012507082 -0.052090998 0.073872852
v -0.0100087 -0.052090998 0.0716045
v -0.0100087 -0.052090998 0.071480498
v -0.0100015 -0.052090998 0.069539199
v -0.0100994 -0.052090998 0.069446001
v -0.013346953 -0.052090998 0.070406981
v -0.013275433 -0.052090998 0.070470557
v -0.013058031 -0.052090998 0.070489669
v -0.0124895 -0.052090998 0.070624099
v -0.0124895 -0.052090998 0.072159901
v -0.012529178 -0.052090998 0.073051796
v -0.012516537 -0.052090998 0.073522558
v 0.012507082 -0.050481 0.073872852
v 0.0100087 -0.050481 0.0716045
v 0.0100087 -0.050481 0.071480498
v 0.0100015 -0.050481 0.069539199
v 0.0100994 -0.050481 0.069446001
v 0.013346953 -0.050481 0.070406981
v 0.013275433 -0.050481 0.070470557
v 0.013058031 -0.050481 0.070489669
v 0.0124895 -0.050481 0.070624099
v 0.0124895 -0.050481 0.072159901
v 0.012529178 -0.050481 0.073051796
v 0.012516537 -0.050481 0.073522558
v 0.0099831003 0.036275251 0.052762799
v 0.0099831003 0.036275251 0.045018902
v 0.0099831003 0.0343506 0.045018902
v 0.0099831003 0.0343506 0.052762799
v 0.0099831003 0.036275251 0.045018902
v 0.0099759024 0.036275251 0.04459084
v 0.010146 0.036275251 0.0443256
v 0.010146 0.0343506 0.0443256
v 0.0099753118 0.0343506 0.04459372
v 0.0099831003 0.0343506 0.045018902
v 0.012537 0.036275251 0.050143399
v 0.012537 0.037885251 0.050143399
v 0.012537 0.037885251 0.046556301
v 0.012537 0.036275251 0.046556301
v 0.0100015 0.0327406 0.069539199
v 0.0100994 0.0327406 0.069446001
v 0.0100994 0.030815949 0.069446001
v 0.0100015 0.030815949 0.069539199
v 0.009996503 0.018602 0.052795639
v 0.010037916 0.018602 0.05276598
v 0.010088151 0.018602 0.05275064
v 0.010141007 0.018602 0.052750854
v 0.0101869 0.018602 0.0527597
v 0.01122 0.018602 0.0527597
v 0.011427799 0.018602 0.052648401
v 0.013506233 0.018602 0.050361061
v 0.013000251 0.018602 0.050337563
v 0.012730563 0.018602 0.050304651
v 0.012537 0.018602 0.050143399
v 0.012537 0.018602 0.046556301
v 0.01248201 0.018602 0.045966954
v 0.012460285 0.018602 0.045646539
v 0.012576048 0.018602 0.045439129
v 0.013056375 0.018602 0.045347772
v 0.013279898 0.018602 0.045254116
v 0.0132595 0.018602 0.045248799
v 0.010146 0.018602 0.0443256
v 0.0099759024 0.018602 0.04459084
v 0.0099831003 0.018602 0.045018902
v 0.0099831003 0.018602 0.052762799
v 0.012507082 0.036275251 0.073872852
v 0.012507082 0.037885251 0.073872852
v 0.012516537 0.037885251 0.073522558
v 0.012529178 0.037885251 0.073051796
v 0.0124895 0.037885251 0.072159901
v 0.0124895 0.036275251 0.072159901
v 0.012529178 0.036275251 0.073051796
v 0.012516537 0.036275251 0.073522558
v 0.0124895 0.039809899 0.072159901
v 0.0124895 0.041419902 0.072159901
v 0.0124895 0.041419902 0.070624099
v 0.0124895 0.039809899 0.070624099
v 0.0100994 0.041419902 0.069446001
v 0.013346953 0.041419902 0.070406981
v 0.013275433 0.041419902 0.070470557
v 0.013058031 0.041419902 0.070489669
v 0.0124895 0.041419902 0.070624099
v 0.0124895 0.041419902 0.072159901
v 0.012529178 0.041419902 0.073051796
v 0.012516537 0.041419902 0.073522558
v 0.012507082 0.041419902 0.073872852
v 0.0100087 0.041419902 0.0716045
v 0.0100087 0.041419902 0.071480498
v 0.0100015 0.041419902 0.069539199
v 0.012507082 0.0327406 0.073872852
v 0.012507082 0.0343506 0.073872852
v 0.012516537 0.0343506 0.073522558
v 0.012529178 0.0343506 0.073051796
v 0.0124895 0.0343506 0.072159901
v 0.0124895 0.0327406 0.072159901
v 0.012529178 0.0327406 0.073051796
v 0.012516537 0.0327406 0.073522558
v 0.014519176 -0.00099849999 0.050126438
v 0.014519176 0.00093149997 0.050126438
v 0.014436003 0.00093149997 0.050456262
v 0.0144551 0.00093149997 0.0508393
v 0.0144551 -0.00099849999 0.0508393
v 0.014436003 -0.00099849999 0.050456262
v 0.0100994 0.020211999 0.069446001
v 0.013346953 0.020211999 0.070406981
v 0.013275433 0.020211999 0.070470557
v 0.013058031 0.020211999 0.070489669
v 0.0124895 0.020211999 0.070624099
v 0.0124895 0.020211999 0.072159901
v 0.012529178 0.020211999 0.073051796
v 0.012516537 0.020211999 0.073522558
v 0.012507082 0.020211999 0.073872852
v 0.0100087 0.020211999 0.0716045
v 0.0100087 0.020211999 0.071480498
v 0.0100015 0.020211999 0.069539199
v 0.0144551 0.018604749 0.0704321
v 0.0144551 0.01667475 0.0704321
v 0.0144551 0.01667475 0.0508393
v 0.0144551 0.018604749 0.0508393
v 0.009996503 0.01667735 0.052795639
v 0.009996503 0.018602 0.052795639
v 0.0099831003 0.018602 0.052762799
v 0.0099831003 0.01667735 0.052762799
v 0.0100936 0.01667735 0.069606099
v 0.010024558 0.01667735 0.06951725
v 0.010024558 0.018602 0.06951725
v 0.0100936 0.018602 0.069606099
v 0.0100936 0.018604749 0.069606099
v 0.0099751002 0.018604749 0.069453602
v 0.0099751002 0.01667475 0.069453602
v 0.0100936 0.01667475 0.069606099
v 0.013346953 0.01667475 0.070406981
v 0.0135677 0.01667475 0.070472298
v 0.0135677 0.00093149997 0.070472298
v 0.013346953 0.00093149997 0.070406981
v 0.013346953 0.0025387499 0.070406981
v 0.0100994 0.0025387499 0.069446001
v 0.0100994 0.0044633999 0.069446001
v 0.013346953 0.0044633999 0.070406981
v 0.013346953 0.0060733998 0.070406981
v 0.0100994 0.0060733998 0.069446001
v 0.0100994 0.0079980499 0.069446001
v 0.013346953 0.0079980499 0.070406981
v 0.013346953 0.00960805 0.070406981
v 0.0100994 0.00960805 0.069446001
v 0.0100994 0.0115327 0.069446001
v 0.013346953 0.0115327 0.070406981
v 0.013346953 0.0131427 0.070406981
v 0.0100994 0.0131427 0.069446001
v 0.0100994 0.01506735 0.069446001
v 0.013346953 0.01506735 0.070406981
v 0.013346953 -0.037952399 0.070406981
v 0.0100994 -0.037952399 0.069446001
v 0.0100015 -0.037952399 0.069539199
v 0.0100087 -0.037952399 0.071480498
v 0.0100087 -0.037952399 0.0716045
v 0.012507082 -0.037952399 0.073872852
v 0.012516537 -0.037952399 0.073522558
v 0.012529178 -0.037952399 0.073051796
v 0.0124895 -0.037952399 0.072159901
v 0.0124895 -0.037952399 0.070624099
v 0.013058031 -0.037952399 0.070489669
v 0.013275433 -0.037952399 0.070470557
v 0.0144551 -0.034414999 0.0704321
v 0.0144551 -0.036345 0.0704321
v 0.0144551 -0.036345 0.0508393
v 0.0144551 -0.034414999 0.0508393
v 0.013346953 -0.01867175 0.070406981
v 0.0135677 -0.01867175 0.070472298
v 0.0135677 -0.034414999 0.070472298
v 0.013346953 -0.034414999 0.070406981
v 0.013346953 -0.032807751 0.070406981
v 0.0100994 -0.032807751 0.069446001
v 0.0100994 -0.0308831 0.069446001
v 0.013346953 -0.0308831 0.070406981
v 0.013346953 -0.0292731 0.070406981
v 0.0100994 -0.0292731 0.069446001
v 0.0100994 -0.027348449 0.069446001
v 0.013346953 -0.027348449 0.070406981
v 0.013346953 -0.025738449 0.070406981
v 0.0100994 -0.025738449 0.069446001
v 0.0100994 -0.023813801 0.069446001
v 0.013346953 -0.023813801 0.070406981
v 0.013346953 -0.022203801 0.070406981
v 0.0100994 -0.022203801 0.069446001
v 0.0100994 -0.02027915 0.069446001
v 0.013346953 -0.02027915 0.070406981
v 0.012507082 -0.052090998 0.073872852
v 0.012507082 -0.050481 0.073872852
v 0.012516537 -0.050481 0.073522558
v 0.012529178 -0.050481 0.073051796
v 0.0124895 -0.050481 0.072159901
v 0.0124895 -0.052090998 0.072159901
v 0.012529178 -0.052090998 0.073051796
v 0.012516537 -0.052090998 0.073522558
v 0.0099831003 -0.037952399 0.052762799
v 0.0099831003 -0.037952399 0.045018902
v 0.0099831003 -0.03987705 0.045018902
v 0.0099831003 -0.03987705 0.052762799
v 0.013279898 -0.037952399 0.045254116
v 0.0132595 -0.037952399 0.045248799
v 0.010146 -0.037952399 0.0443256
v 0.0099759024 -0.037952399 0.04459084
v 0.0099831003 -0.037952399 0.045018902
v 0.0099831003 -0.037952399 0.052762799
v 0.010004275 -0.037952399 0.052810841
v 0.010031542 -0.037952399 0.052849646
v 0.010065874 -0.037952399 0.052878923
v 0.010108644 -0.037952399 0.052899308
v 0.010159301 -0.037952399 0.052911201
v 0.0112432 -0.037952399 0.052911201
v 0.01157071 -0.037952399 0.052725511
v 0.011690036 -0.037952399 0.052615037
v 0.0118677 -0.037952399 0.052400799
v 0.0136438 -0.037952399 0.050439801
v 0.013679055 -0.037952399 0.050415187
v 0.013455532 -0.037952399 0.0503441
v 0.01314401 -0.037952399 0.050328312
v 0.012790861 -0.037952399 0.050322933
v 0.012537 -0.037952399 0.050143399
v 0.012537 -0.037952399 0.046556301
v 0.01248201 -0.037952399 0.045966954
v 0.012460285 -0.037952399 0.045646539
v 0.012576048 -0.037952399 0.045439129
v 0.013056375 -0.037952399 0.045347772
v 0.013506233 -0.034414999 0.050361061
v 0.013506233 -0.034417751 0.050361061
v 0.011427799 -0.034417751 0.052648401
v 0.011427799 -0.034414999 0.052648401
v 0.013346953 0.046879201 0.070406981
v 0.0100994 0.046879201 0.069446001
v 0.0100015 0.046879201 0.069539199
v 0.0100087 0.046879201 0.071480498
v 0.0100087 0.046879201 0.0716045
v 0.012507082 0.046879201 0.073872852
v 0.012516537 0.046879201 0.073522558
v 0.012529178 0.046879201 0.073051796
v 0.0124895 0.046879201 0.072159901
v 0.0124895 0.046879201 0.070624099
v 0.013058031 0.046879201 0.070489669
v 0.013275433 0.046879201 0.070470557
v 0.0100015 0.046879201 0.069539199
v 0.0100994 0.046879201 0.069446001
v 0.0100994 0.044954548 0.069446001
v 0.0100015 0.044954548 0.069539199
v 0.013679055 -0.048556352 0.050415187
v 0.013679055 -0.046946349 0.050415187
v 0.013455532 -0.046946349 0.0503441
v 0.01314401 -0.046946349 0.050328312
v 0.012790861 -0.046946349 0.050322933
v 0.012537 -0.046946349 0.050143399
v 0.012537 -0.048556352 0.050143399
v 0.012790861 -0.048556352 0.050322933
v 0.01314401 -0.048556352 0.050328312
v 0.013455532 -0.048556352 0.0503441
v 0.0099831003 0.046879201 0.045018902
v 0.0099759024 0.046879201 0.04459084
v 0.010146 0.046879201 0.0443256
v 0.010146 0.044954548 0.0443256
v 0.0099753118 0.044954548 0.04459372
v 0.0099831003 0.044954548 0.045018902
v 0.0099831003 -0.048556352 0.052762799
v 0.0099831003 -0.048556352 0.045018902
v 0.0099831003 -0.050481 0.045018902
v 0.0099831003 -0.050481 0.052762799
v 0.0136438 0.039809899 0.050439801
v 0.0118677 0.039809899 0.052400799
v 0.0118677 0.037885251 0.052400799
v 0.0136438 0.037885251 0.050439801
v 0.010159301 0.0327406 0.052911201
v 0.010108644 0.0327406 0.052899308
v 0.010065874 0.0327406 0.052878923
v 0.010031542 0.0327406 0.052849646
v 0.010004275 0.0327406 0.052810841
v 0.0099831003 0.0327406 0.052762799
v 0.0099831003 0.030815949 0.052762799
v 0.010004584 0.030815949 0.052811403
v 0.010032234 0.030815949 0.052850413
v 0.010066663 0.030815949 0.052879429
v 0.010109097 0.030815949 0.052899451
v 0.010159301 0.030815949 0.052911201
v 0.0118677 0.0327406 0.052400799
v 0.011690036 0.0327406 0.052615037
v 0.01157071 0.0327406 0.052725511
v 0.0112432 0.0327406 0.052911201
v 0.0112432 0.030815949 0.052911201
v 0.01157071 0.030815949 0.052725511
v 0.011690036 0.030815949 0.052615037
v 0.0118677 0.030815949 0.052400799
v 0.013279898 0.029205949 0.045254116
v 0.0132595 0.029205949 0.045248799
v 0.010146 0.029205949 0.0443256
v 0.0099759024 0.029205949 0.04459084
v 0.0099831003 0.029205949 0.045018902
v 0.0099831003 0.029205949 0.052762799
v 0.010004275 0.029205949 0.052810841
v 0.010031542 0.029205949 0.052849646
v 0.010065874 0.029205949 0.052878923
v 0.010108644 0.029205949 0.052899308
v 0.010159301 0.029205949 0.052911201
v 0.0112432 0.029205949 0.052911201
v 0.01157071 0.029205949 0.052725511
v 0.011690036 0.029205949 0.052615037
v 0.0118677 0.029205949 0.052400799
v 0.0136438 0.029205949 0.050439801
v 0.013679055 0.029205949 0.050415187
v 0.013455532 0.029205949 0.0503441
v 0.01314401 0.029205949 0.050328312
v 0.012790861 0.029205949 0.050322933
v 0.012537 0.029205949 0.050143399
v 0.012537 0.029205949 0.046556301
v 0.01248201 0.029205949 0.045966954
v 0.012460285 0.029205949 0.045646539
v 0.012576048 0.029205949 0.045439129
v 0.013056375 0.029205949 0.045347772
v 0.010146 0.029205949 0.0443256
v 0.0132595 0.029205949 0.045248799
v 0.0132595 0.027281301 0.045248799
v 0.010146 0.027281301 0.0443256
v 0.013679055 0.029205949 0.050415187
v 0.013679055 0.030815949 0.050415187
v 0.013455532 0.030815949 0.0503441
v 0.01314401 0.030815949 0.050328312
v 0.012790861 0.030815949 0.050322933
v 0.012537 0.030815949 0.050143399
v 0.012537 0.029205949 0.050143399
v 0.012790861 0.029205949 0.050322933
v 0.01314401 0.029205949 0.050328312
v 0.013455532 0.029205949 0.0503441
v 0.013279898 0.046879201 0.045254116
v 0.0132595 0.046879201 0.045248799
v 0.010146 0.046879201 0.0443256
v 0.0099759024 0.046879201 0.04459084
v 0.0099831003 0.046879201 0.045018902
v 0.0099831003 0.046879201 0.052762799
v 0.010004275 0.046879201 0.052810841
v 0.010031542 0.046879201 0.052849646
v 0.010065874 0.046879201 0.052878923
v 0.010108644 0.046879201 0.052899308
v 0.010159301 0.046879201 0.052911201
v 0.0112432 0.046879201 0.052911201
v 0.01157071 0.046879201 0.052725511
v 0.011690036 0.046879201 0.052615037
v 0.0118677 0.046879201 0.052400799
v 0.0136438 0.046879201 0.050439801
v 0.013679055 0.046879201 0.050415187
v 0.013455532 0.046879201 0.0503441
v 0.01314401 0.046879201 0.050328312
v 0.012790861 0.046879201 0.050322933
v 0.012537 0.046879201 0.050143399
v 0.012537 0.046879201 0.046556301
v 0.01248201 0.046879201 0.045966954
v 0.012460285 0.046879201 0.045646539
v 0.012576048 0.046879201 0.045439129
v 0.013056375 0.046879201 0.045347772
v 0.013679055 0.046879201 0.050415187
v 0.013679055 0.048489199 0.050415187
v 0.013455532 0.048489199 0.0503441
v 0.01314401 0.048489199 0.050328312
v 0.012790861 0.048489199 0.050322933
v 0.012537 0.048489199 0.050143399
v 0.012537 0.046879201 0.050143399
v 0.012790861 0.046879201 0.050322933
v 0.01314401 0.046879201 0.050328312
v 0.013455532 0.046879201 0.0503441
v 0.012537 -0.048556352 0.050143399
v 0.012537 -0.046946349 0.050143399
v 0.012537 -0.046946349 0.046556301
v 0.012537 -0.048556352 0.046556301
v -0.0112432 0.050413852 0.052911201
v -0.01157071 0.050413852 0.052725511
v -0.011690036 0.050413852 0.052615037
v -0.0118677 0.050413852 0.052400799
v -0.0118677 0.048489199 0.052400799
v -0.011690036 0.048489199 0.052615037
v -0.01157071 0.048489199 0.052725511
v -0.0112432 0.048489199 0.052911201
v -0.0132595 0.0327406 0.045248799
v -0.013279898 0.0327406 0.045254116
v -0.013056375 0.0327406 0.045347772
v -0.012576048 0.0327406 0.045439129
v -0.012460285 0.0327406 0.045646539
v -0.01248201 0.0327406 0.045966954
v -0.012537 0.0327406 0.046556301
v -0.012537 0.0327406 0.050143399
v -0.012790861 0.0327406 0.050322933
v -0.01314401 0.0327406 0.050328312
v -0.013455532 0.0327406 0.0503441
v -0.013679055 0.0327406 0.050415187
v -0.0136438 0.0327406 0.050439801
v -0.0118677 0.0327406 0.052400799
v -0.011690036 0.0327406 0.052615037
v -0.01157071 0.0327406 0.052725511
v -0.0112432 0.0327406 0.052911201
v -0.010159301 0.0327406 0.052911201
v -0.010108644 0.0327406 0.052899308
v -0.010065874 0.0327406 0.052878923
v -0.010031542 0.0327406 0.052849646
v -0.010004275 0.0327406 0.052810841
v -0.0099831003 0.0327406 0.052762799
v -0.0099831003 0.0327406 0.045018902
v -0.0099759024 0.0327406 0.04459084
v -0.010146 0.0327406 0.0443256
v -0.013506233 0.0343506 0.050361061
v -0.011427799 0.0343506 0.052648401
v -0.011427799 0.034347999 0.052648401
v -0.013506233 0.034347999 0.050361061
v -0.013506233 -0.036342399 0.050361061
v -0.011427799 -0.036342399 0.052648401
v -0.011427799 -0.036345 0.052648401
v -0.013506233 -0.036345 0.050361061
v -0.01308709 0.036275251 0.070487943
v -0.01308709 0.036278 0.070487943
v -0.013264936 0.036278 0.070472698
v -0.013346953 0.036278 0.070406981
v -0.013346953 0.037885251 0.070406981
v -0.013275433 0.037885251 0.070470557
v -0.013058031 0.037885251 0.070489669
v -0.0124895 0.037885251 0.070624099
v -0.0124895 0.036275251 0.070624099
v -0.012689248 0.036275251 0.070548701
v -0.01289251 0.036275251 0.070505438
v -0.01122 0.018602 0.0527597
v -0.011427799 0.018602 0.052648401
v -0.011427799 0.018604749 0.052648401
v -0.01122 0.018604749 0.0527597
v -0.013346953 0.050413852 0.070406981
v -0.013346953 0.052023849 0.070406981
v -0.013275433 0.052023849 0.070470557
v -0.013058031 0.052023849 0.070489669
v -0.0124895 0.052023849 0.070624099
v -0.0124895 0.050413852 0.070624099
v -0.013058031 0.050413852 0.070489669
v -0.013275433 0.050413852 0.070470557
v 0.00016759999 0.0343156 0.0196112
v -0.00040560942 0.0343156 0.019570636
v -0.00078882322 0.0343156 0.019425513
v -0.0012416627 0.0343156 0.019078451
v -0.0015484141 0.0343156 0.018635591
v -0.0017099179 0.0343156 0.018018194
v -0.0015623884 0.0343156 0.018085564
v -0.0013489805 0.0343156 0.018055273
v -0.0008783 0.0343156 0.0180231
v 0.0011228 0.0343156 0.0180231
v 0.0012983435 0.0343156 0.01801546
v 0.0014591068 0.0343156 0.018031569
v 0.001600834 0.0343156 0.018055419
v 0.0017134655 0.0343156 0.018048944
v 0.0014943719 0.0343156 0.018742309
v 0.0010458807 0.0343156 0.019259725
v 0.0006170452 0.0343156 0.019503553
v -0.011427799 0.0343506 0.052648401
v -0.01122 0.0343506 0.0527597
v -0.01122 0.034347999 0.0527597
v -0.011427799 0.034347999 0.052648401
v -0.010159301 -0.048556352 0.052911201
v -0.0112432 -0.048556352 0.052911201
v -0.0112432 -0.050481 0.052911201
v -0.010159301 -0.050481 0.052911201
v -0.0100015 0.050413852 0.069539199
v -0.0100087 0.050413852 0.071480498
v -0.0100087 0.048489199 0.071480498
v -0.0100015 0.048489199 0.069539199
v 0.0124895 -0.052090998 0.072159901
v 0.0124895 -0.050481 0.072159901
v 0.0124895 -0.050481 0.070624099
v 0.0124895 -0.052090998 0.070624099
v 0.013346953 -0.050481 0.070406981
v 0.013346953 -0.052090998 0.070406981
v 0.013275433 -0.052090998 0.070470557
v 0.013058031 -0.052090998 0.070489669
v 0.0124895 -0.052090998 0.070624099
v 0.0124895 -0.050481 0.070624099
v 0.013058031 -0.050481 0.070489669
v 0.013275433 -0.050481 0.070470557
v 0.010146 0.036275251 0.0443256
v 0.0132595 0.036275251 0.045248799
v 0.0132595 0.0343506 0.045248799
v 0.010146 0.0343506 0.0443256
v -0.0017099179 -0.043446698 0.018018194
v -0.0017099179 -0.044986701 0.018018194
v -0.0015623884 -0.044986701 0.018085564
v -0.0013489805 -0.044986701 0.018055273
v -0.0008783 -0.044986701 0.0180231
v -0.0008783 -0.043446698 0.0180231
v -0.0013489805 -0.043446698 0.018055273
v -0.0015623884 -0.043446698 0.018085564
v 0.00016759999 -0.043446698 0.0196112
v -0.00040560942 -0.043446698 0.019570636
v -0.00078882322 -0.043446698 0.019425513
v -0.0012416627 -0.043446698 0.019078451
v -0.0015484141 -0.043446698 0.018635591
v -0.0017099179 -0.043446698 0.018018194
v -0.0015623884 -0.043446698 0.018085564
v -0.0013489805 -0.043446698 0.018055273
v -0.0008783 -0.043446698 0.0180231
v 0.0011228 -0.043446698 0.0180231
v 0.0012983435 -0.043446698 0.01801546
v 0.0014591068 -0.043446698 0.018031569
v 0.001600834 -0.043446698 0.018055419
v 0.0017134655 -0.043446698 0.018048944
v 0.0014943719 -0.043446698 0.018742309
v 0.0010458807 -0.043446698 0.019259725
v 0.0006170452 -0.043446698 0.019503553
v 0.0101869 0.0343506 0.0527597
v 0.01122 0.0343506 0.0527597
v 0.01122 0.034347999 0.0527597
v 0.0101869 0.034347999 0.0527597
v 0.0100936 0.036275251 0.069606099
v 0.010024558 0.036275251 0.06951725
v 0.0100015 0.036275251 0.069539199
v 0.0100087 0.036275251 0.071480498
v 0.0100087 0.036275251 0.0716045
v 0.012507082 0.036275251 0.073872852
v 0.012516537 0.036275251 0.073522558
v 0.012529178 0.036275251 0.073051796
v 0.0124895 0.036275251 0.072159901
v 0.0124895 0.036275251 0.070624099
v 0.012689248 0.036275251 0.070548701
v 0.01289251 0.036275251 0.070505438
v 0.01308709 0.036275251 0.070487943
v 0.0100087 0.036275251 0.0716045
v 0.0100087 0.036275251 0.071480498
v 0.0100087 0.0343506 0.071480498
v 0.0100087 0.0343506 0.0716045
v 0.0100087 0.039809899 0.0716045
v 0.0100087 0.039809899 0.071480498
v 0.0100087 0.037885251 0.071480498
v 0.0100087 0.037885251 0.0716045
v 0.012507082 0.039809899 0.073872852
v 0.012507082 0.041419902 0.073872852
v 0.012516537 0.041419902 0.073522558
v 0.012529178 0.041419902 0.073051796
v 0.0124895 0.041419902 0.072159901
v 0.0124895 0.039809899 0.072159901
v 0.012529178 0.039809899 0.073051796
v 0.012516537 0.039809899 0.073522558
v 0.013346953 0.041419902 0.070406981
v 0.013346953 0.039809899 0.070406981
v 0.013275433 0.039809899 0.070470557
v 0.013058031 0.039809899 0.070489669
v 0.0124895 0.039809899 0.070624099
v 0.0124895 0.041419902 0.070624099
v 0.013058031 0.041419902 0.070489669
v 0.013275433 0.041419902 0.070470557
v 0.013346953 0.0327406 0.070406981
v 0.0100994 0.0327406 0.069446001
v 0.0100015 0.0327406 0.069539199
v 0.0100087 0.0327406 0.071480498
v 0.0100087 0.0327406 0.0716045
v 0.012507082 0.0327406 0.073872852
v 0.012516537 0.0327406 0.073522558
v 0.012529178 0.0327406 0.073051796
v 0.0124895 0.0327406 0.072159901
v 0.0124895 0.0327406 0.070624099
v 0.013058031 0.0327406 0.070489669
v 0.013275433 0.0327406 0.070470557
v 0.013346953 0.018604749 0.070406981
v 0.013269511 0.018604749 0.070471807
v 0.01308709 0.018604749 0.070487943
v 0.01308709 0.018602 0.070487943
v 0.01289251 0.018602 0.070505438
v 0.012689248 0.018602 0.070548701
v 0.0124895 0.018602 0.070624099
v 0.0124895 0.020211999 0.070624099
v 0.013058031 0.020211999 0.070489669
v 0.013275433 0.020211999 0.070470557
v 0.013346953 0.020211999 0.070406981
v 0.01308709 0.01667475 0.070487943
v 0.01308709 0.01667735 0.070487943
v 0.0100936 0.01667735 0.069606099
v 0.0100936 0.01667475 0.069606099
v 0.013506233 0.01667735 0.050361061
v 0.011427799 0.01667735 0.052648401
v 0.01122 0.01667735 0.0527597
v 0.0101869 0.01667735 0.0527597
v 0.010140328 0.01667735 0.052750783
v 0.010087509 0.01667735 0.052750726
v 0.010037535 0.01667735 0.052766175
v 0.009996503 0.01667735 0.052795639
v 0.0099831003 0.01667735 0.052762799
v 0.0099831003 0.01667735 0.045018902
v 0.0099753118 0.01667735 0.04459372
v 0.010146 0.01667735 0.0443256
v 0.0132595 0.01667735 0.045248799
v 0.013279898 0.01667735 0.045254116
v 0.013056375 0.01667735 0.045347772
v 0.012576048 0.01667735 0.045439129
v 0.012460285 0.01667735 0.045646539
v 0.01248201 0.01667735 0.045966954
v 0.012537 0.01667735 0.046556301
v 0.012537 0.01667735 0.050143399
v 0.012730563 0.01667735 0.050304651
v 0.013000251 0.01667735 0.050337563
v 0.013506233 0.01667475 0.050361061
v 0.013679055 0.01667475 0.050415187
v 0.014180055 0.01667475 0.050207658
v 0.014519176 0.01667475 0.050126438
v 0.014436003 0.01667475 0.050456262
v 0.0144551 0.01667475 0.0508393
v 0.0144551 0.01667475 0.0704321
v 0.014615349 0.01667475 0.070644507
v 0.014423757 0.01667475 0.070601945
v 0.014227622 0.01667475 0.070568004
v 0.014022518 0.01667475 0.07053812
v 0.01380402 0.01667475 0.070507741
v 0.0135677 0.01667475 0.070472298
v 0.013346953 0.01667475 0.070406981
v 0.013264936 0.01667475 0.070472698
v 0.01308709 0.01667475 0.070487943
v 0.0100936 0.01667475 0.069606099
v 0.0099751002 0.01667475 0.069453602
v 0.0099751002 0.01667475 0.052818699
v 0.010007933 0.01667475 0.052785635
v 0.010045217 0.01667475 0.052762499
v 0.010087583 0.01667475 0.052750711
v 0.010135024 0.01667475 0.052750258
v 0.0101869 0.01667475 0.0527597
v 0.01122 0.01667475 0.0527597
v 0.011427799 0.01667475 0.052648401
v 0.01308709 -0.036342399 0.070487943
v 0.01308709 -0.036345 0.070487943
v 0.013264936 -0.036345 0.070472698
v 0.013346953 -0.036345 0.070406981
v 0.013346953 -0.037952399 0.070406981
v 0.013275433 -0.037952399 0.070470557
v 0.013058031 -0.037952399 0.070489669
v 0.0124895 -0.037952399 0.070624099
v 0.0124895 -0.036342399 0.070624099
v 0.012689248 -0.036342399 0.070548701
v 0.01289251 -0.036342399 0.070505438
v 0.014519176 -0.034414999 0.050126438
v 0.014320619 -0.034414999 0.05017879
v 0.01414607 -0.034414999 0.050221028
v 0.013986787 -0.034414999 0.050265965
v 0.013834029 -0.034414999 0.050326414
v 0.013679055 -0.034414999 0.050415187
v 0.013506233 -0.034414999 0.050361061
v 0.011427799 -0.034414999 0.052648401
v 0.01122 -0.034414999 0.0527597
v 0.0101869 -0.034414999 0.0527597
v 0.010135024 -0.034414999 0.052750258
v 0.010087583 -0.034414999 0.052750711
v 0.010045217 -0.034414999 0.052762499
v 0.010007933 -0.034414999 0.052785635
v 0.0099751002 -0.034414999 0.052818699
v 0.0099751002 -0.034414999 0.069453602
v 0.0100936 -0.034414999 0.069606099
v 0.01308709 -0.034414999 0.070487943
v 0.013269511 -0.034414999 0.070471807
v 0.013346953 -0.034414999 0.070406981
v 0.0135677 -0.034414999 0.070472298
v 0.01380402 -0.034414999 0.070507741
v 0.014022518 -0.034414999 0.07053812
v 0.014227622 -0.034414999 0.070568004
v 0.014423757 -0.034414999 0.070601945
v 0.014615349 -0.034414999 0.070644507
v 0.0144551 -0.034414999 0.0704321
v 0.0144551 -0.034414999 0.0508393
v 0.014436003 -0.034414999 0.050456262
v 0.0089046001 -0.056725001 0.074275398
v 0.0089046001 -0.054225001 0.074275398
v 0.0097749001 -0.054225001 0.072986102
v 0.0097749001 -0.056725001 0.072986102
v 0.0099831003 -0.037952399 0.045018902
v 0.0099759024 -0.037952399 0.04459084
v 0.010146 -0.037952399 0.0443256
v 0.010146 -0.03987705 0.0443256
v 0.0099753118 -0.03987705 0.04459372
v 0.0099831003 -0.03987705 0.045018902
v 0.013279898 -0.036342399 0.045254116
v 0.013279898 -0.037952399 0.045254116
v 0.013056375 -0.037952399 0.045347772
v 0.012576048 -0.037952399 0.045439129
v 0.012460285 -0.037952399 0.045646539
v 0.01248201 -0.037952399 0.045966954
v 0.012537 -0.037952399 0.046556301
v 0.012537 -0.036342399 0.046556301
v 0.01248201 -0.036342399 0.045966954
v 0.012460285 -0.036342399 0.045646539
v 0.012576048 -0.036342399 0.045439129
v 0.013056375 -0.036342399 0.045347772
v 0.01308709 -0.036342399 0.070487943
v 0.0100936 -0.036342399 0.069606099
v 0.0100936 -0.036345 0.069606099
v 0.01308709 -0.036345 0.070487943
v 0.0099831003 -0.034417751 0.052762799
v 0.0099831003 -0.034417751 0.045018902
v 0.0099831003 -0.036342399 0.045018902
v 0.0099831003 -0.036342399 0.052762799
v 0.01122 -0.034417751 0.0527597
v 0.0101869 -0.034417751 0.0527597
v 0.0101869 -0.034414999 0.0527597
v 0.01122 -0.034414999 0.0527597
v 0.013346953 0.048489199 0.070406981
v 0.013346953 0.046879201 0.070406981
v 0.013275433 0.046879201 0.070470557
v 0.013058031 0.046879201 0.070489669
v 0.0124895 0.046879201 0.070624099
v 0.0124895 0.048489199 0.070624099
v 0.013058031 0.048489199 0.070489669
v 0.013275433 0.048489199 0.070470557
v 0.0100994 0.048489199 0.069446001
v 0.013346953 0.048489199 0.070406981
v 0.013275433 0.048489199 0.070470557
v 0.013058031 0.048489199 0.070489669
v 0.0124895 0.048489199 0.070624099
v 0.0124895 0.048489199 0.072159901
v 0.012529178 0.048489199 0.073051796
v 0.012516537 0.048489199 0.073522558
v 0.012507082 0.048489199 0.073872852
v 0.0100087 0.048489199 0.0716045
v 0.0100087 0.048489199 0.071480498
v 0.0100015 0.048489199 0.069539199
v 0.010159301 -0.048556352 0.052911201
v 0.010108644 -0.048556352 0.052899308
v 0.010065874 -0.048556352 0.052878923
v 0.010031542 -0.048556352 0.052849646
v 0.010004275 -0.048556352 0.052810841
v 0.0099831003 -0.048556352 0.052762799
v 0.0099831003 -0.050481 0.052762799
v 0.010004584 -0.050481 0.052811403
v 0.010032234 -0.050481 0.052850413
v 0.010066663 -0.050481 0.052879429
v 0.010109097 -0.050481 0.052899451
v 0.010159301 -0.050481 0.052911201
v 0.010146 0.046879201 0.0443256
v 0.0132595 0.046879201 0.045248799
v 0.0132595 0.044954548 0.045248799
v 0.010146 0.044954548 0.0443256
v 0.010146 -0.048556352 0.0443256
v 0.0132595 -0.048556352 0.045248799
v 0.0132595 -0.050481 0.045248799
v 0.010146 -0.050481 0.0443256
v 0.0099831003 0.0327406 0.052762799
v 0.0099831003 0.0327406 0.045018902
v 0.0099831003 0.030815949 0.045018902
v 0.0099831003 0.030815949 0.052762799
v 0.013279898 0.030815949 0.045254116
v 0.013279898 0.029205949 0.045254116
v 0.013056375 0.029205949 0.045347772
v 0.012576048 0.029205949 0.045439129
v 0.012460285 0.029205949 0.045646539
v 0.01248201 0.029205949 0.045966954
v 0.012537 0.029205949 0.046556301
v 0.012537 0.030815949 0.046556301
v 0.01248201 0.030815949 0.045966954
v 0.012460285 0.030815949 0.045646539
v 0.012576048 0.030815949 0.045439129
v 0.013056375 0.030815949 0.045347772
v 0.0132595 0.030815949 0.045248799
v 0.013279898 0.030815949 0.045254116
v 0.013056375 0.030815949 0.045347772
v 0.012576048 0.030815949 0.045439129
v 0.012460285 0.030815949 0.045646539
v 0.01248201 0.030815949 0.045966954
v 0.012537 0.030815949 0.046556301
v 0.012537 0.030815949 0.050143399
v 0.012790861 0.030815949 0.050322933
v 0.01314401 0.030815949 0.050328312
v 0.013455532 0.030815949 0.0503441
v 0.013679055 0.030815949 0.050415187
v 0.0136438 0.030815949 0.050439801
v 0.0118677 0.030815949 0.052400799
v 0.011690036 0.030815949 0.052615037
v 0.01157071 0.030815949 0.052725511
v 0.0112432 0.030815949 0.052911201
v 0.010159301 0.030815949 0.052911201
v 0.010109097 0.030815949 0.052899451
v 0.010066663 0.030815949 0.052879429
v 0.010032234 0.030815949 0.052850413
v 0.010004584 0.030815949 0.052811403
v 0.0099831003 0.030815949 0.052762799
v 0.0099831003 0.030815949 0.045018902
v 0.0099753118 0.030815949 0.04459372
v 0.010146 0.030815949 0.0443256
v 0.013279898 0.048489199 0.045254116
v 0.013279898 0.046879201 0.045254116
v 0.013056375 0.046879201 0.045347772
v 0.012576048 0.046879201 0.045439129
v 0.012460285 0.046879201 0.045646539
v 0.01248201 0.046879201 0.045966954
v 0.012537 0.046879201 0.046556301
v 0.012537 0.048489199 0.046556301
v 0.01248201 0.048489199 0.045966954
v 0.012460285 0.048489199 0.045646539
v 0.012576048 0.048489199 0.045439129
v 0.013056375 0.048489199 0.045347772
v 0.0136438 -0.048556352 0.050439801
v 0.013679055 -0.048556352 0.050415187
v 0.013455532 -0.048556352 0.0503441
v 0.01314401 -0.048556352 0.050328312
v 0.012790861 -0.048556352 0.050322933
v 0.012537 -0.048556352 0.050143399
v 0.012537 -0.048556352 0.046556301
v 0.01248201 -0.048556352 0.045966954
v 0.012460285 -0.048556352 0.045646539
v 0.012576048 -0.048556352 0.045439129
v 0.013056375 -0.048556352 0.045347772
v 0.013279898 -0.048556352 0.045254116
v 0.0132595 -0.048556352 0.045248799
v 0.010146 -0.048556352 0.0443256
v 0.0099759024 -0.048556352 0.04459084
v 0.0099831003 -0.048556352 0.045018902
v 0.0099831003 -0.048556352 0.052762799
v 0.010004275 -0.048556352 0.052810841
v 0.010031542 -0.048556352 0.052849646
v 0.010065874 -0.048556352 0.052878923
v 0.010108644 -0.048556352 0.052899308
v 0.010159301 -0.048556352 0.052911201
v 0.0112432 -0.048556352 0.052911201
v 0.01157071 -0.048556352 0.052725511
v 0.011690036 -0.048556352 0.052615037
v 0.0118677 -0.048556352 0.052400799
v -0.010159301 0.050413852 0.052911201
v -0.0112432 0.050413852 0.052911201
v -0.0112432 0.048489199 0.052911201
v -0.010159301 0.048489199 0.052911201
v -0.0144551 0.034347999 0.0704321
v -0.0144551 0.036278 0.0704321
v -0.0144551 0.036278 0.0508393
v -0.0144551 0.034347999 0.0508393
v -0.013506233 0.0343506 0.050361061
v -0.013506233 0.034347999 0.050361061
v -0.013679055 0.034347999 0.050415187
v -0.013679055 0.0327406 0.050415187
v -0.013455532 0.0327406 0.0503441
v -0.01314401 0.0327406 0.050328312
v -0.012790861 0.0327406 0.050322933
v -0.012537 0.0327406 0.050143399
v -0.012537 0.0343506 0.050143399
v -0.012730563 0.0343506 0.050304651
v -0.013000251 0.0343506 0.050337563
v -0.014519176 0.036278 0.050126438
v -0.014519176 0.034347999 0.050126438
v -0.014436003 0.034347999 0.050456262
v -0.0144551 0.034347999 0.0508393
v -0.0144551 0.036278 0.0508393
v -0.014436003 0.036278 0.050456262
v -0.010024558 0.036275251 0.06951725
v -0.0100936 0.036275251 0.069606099
v -0.01308709 0.036275251 0.070487943
v -0.01289251 0.036275251 0.070505438
v -0.012689248 0.036275251 0.070548701
v -0.0124895 0.036275251 0.070624099
v -0.0124895 0.036275251 0.072159901
v -0.012529178 0.036275251 0.073051796
v -0.012516537 0.036275251 0.073522558
v -0.012507082 0.036275251 0.073872852
v -0.0100087 0.036275251 0.0716045
v -0.0100087 0.036275251 0.071480498
v -0.0100015 0.036275251 0.069539199
v -0.013679055 0.052023849 0.050415187
v -0.013679055 0.050413852 0.050415187
v -0.013455532 0.050413852 0.0503441
v -0.01314401 0.050413852 0.050328312
v -0.012790861 0.050413852 0.050322933
v -0.012537 0.050413852 0.050143399
v -0.012537 0.052023849 0.050143399
v -0.012790861 0.052023849 0.050322933
v -0.01314401 0.052023849 0.050328312
v -0.013455532 0.052023849 0.0503441
v -0.012537 0.052023849 0.050143399
v -0.012537 0.050413852 0.050143399
v -0.012537 0.050413852 0.046556301
v -0.012537 0.052023849 0.046556301
v -0.013679055 0.036278 0.050415187
v -0.014180055 0.036278 0.050207658
v -0.014519176 0.036278 0.050126438
v -0.014436003 0.036278 0.050456262
v -0.0144551 0.036278 0.0508393
v -0.0144551 0.036278 0.0704321
v -0.014615349 0.036278 0.070644507
v -0.014423757 0.036278 0.070601945
v -0.014227622 0.036278 0.070568004
v -0.014022518 0.036278 0.07053812
v -0.01380402 0.036278 0.070507741
v -0.0135677 0.036278 0.070472298
v -0.013346953 0.036278 0.070406981
v -0.013264936 0.036278 0.070472698
v -0.01308709 0.036278 0.070487943
v -0.0100936 0.036278 0.069606099
v -0.0099751002 0.036278 0.069453602
v -0.0099751002 0.036278 0.052818699
v -0.010007933 0.036278 0.052785635
v -0.010045217 0.036278 0.052762499
v -0.010087583 0.036278 0.052750711
v -0.010135024 0.036278 0.052750258
v -0.0101869 0.036278 0.0527597
v -0.01122 0.036278 0.0527597
v -0.011427799 0.036278 0.052648401
v -0.013506233 0.036278 0.050361061
v -0.01122 0.01667735 0.0527597
v -0.0101869 0.01667735 0.0527597
v -0.0101869 0.01667475 0.0527597
v -0.01122 0.01667475 0.0527597
v -0.013346953 0.052023849 0.070406981
v -0.0100994 0.052023849 0.069446001
v -0.0100015 0.052023849 0.069539199
v -0.0100087 0.052023849 0.071480498
v -0.0100087 0.052023849 0.0716045
v -0.012507082 0.052023849 0.073872852
v -0.012516537 0.052023849 0.073522558
v -0.012529178 0.052023849 0.073051796
v -0.0124895 0.052023849 0.072159901
v -0.0124895 0.052023849 0.070624099
v -0.013058031 0.052023849 0.070489669
v -0.013275433 0.052023849 0.070470557
v -0.0100015 -0.052090998 0.069539199
v -0.0100087 -0.052090998 0.071480498
v -0.0100087 -0.054225001 0.071480498
v -0.0100015 -0.054225001 0.069539199
v -0.0017099179 0.037850249 0.018018194
v -0.0017099179 0.036310251 0.018018194
v -0.0015623884 0.036310251 0.018085564
v -0.0013489805 0.036310251 0.018055273
v -0.0008783 0.036310251 0.0180231
v -0.0008783 0.037850249 0.0180231
v -0.0013489805 0.037850249 0.018055273
v -0.0015623884 0.037850249 0.018085564
v -0.0008783 0.037850249 0.0180231
v -0.0008783 0.036310251 0.0180231
v 0.0011228 0.036310251 0.0180231
v 0.0011228 0.037850249 0.0180231
v -0.0112432 -0.048556352 0.052911201
v -0.01157071 -0.048556352 0.052725511
v -0.011690036 -0.048556352 0.052615037
v -0.0118677 -0.048556352 0.052400799
v -0.0118677 -0.050481 0.052400799
v -0.011690036 -0.050481 0.052615037
v -0.01157071 -0.050481 0.052725511
v -0.0112432 -0.050481 0.052911201
v -0.01122 0.036275251 0.0527597
v -0.011427799 0.036275251 0.052648401
v -0.011427799 0.036278 0.052648401
v -0.01122 0.036278 0.0527597
v -0.0099831003 -0.052090998 0.045018902
v -0.0099831003 -0.052090998 0.052762799
v -0.0099831003 -0.054225001 0.052762799
v -0.0099831003 -0.054225001 0.045018902
v -0.0112432 -0.052090998 0.052911201
v -0.01157071 -0.052090998 0.052725511
v -0.011690036 -0.052090998 0.052615037
v -0.0118677 -0.052090998 0.052400799
v -0.0118677 -0.054225001 0.052400799
v -0.011573906 -0.054225001 0.052722902
v -0.0112432 -0.054225001 0.052911201
v -0.0100087 0.052023849 0.0716045
v -0.0100087 0.052023849 0.071480498
v -0.0100087 0.054225001 0.071480498
v -0.0100087 0.054225001 0.0716045
v -0.0100087 -0.052090998 0.071480498
v -0.0100087 -0.052090998 0.0716045
v -0.0100087 -0.054225001 0.0716045
v -0.0100087 -0.054225001 0.071480498
v 0.0076814002 -0.056725001 0.075618601
v 0.0076814002 -0.054225001 0.075618601
v 0.0089046001 -0.054225001 0.074275398
v 0.0089046001 -0.056725001 0.074275398
v -0.0100994 0.050413852 0.069446001
v -0.0100015 0.050413852 0.069539199
v -0.0100015 0.048489199 0.069539199
v -0.0100994 0.048489199 0.069446001
v 0.0100087 -0.052090998 0.0716045
v 0.012507082 -0.052090998 0.073872852
v 0.012516537 -0.052090998 0.073522558
v 0.012529178 -0.052090998 0.073051796
v 0.0124895 -0.052090998 0.072159901
v 0.0124895 -0.052090998 0.070624099
v 0.013058031 -0.052090998 0.070489669
v 0.013275433 -0.052090998 0.070470557
v 0.013346953 -0.052090998 0.070406981
v 0.0100994 -0.052090998 0.069446001
v 0.0100015 -0.052090998 0.069539199
v 0.0100087 -0.052090998 0.071480498
v 0.0099751002 0.036278 0.052818699
v 0.0099751002 0.034347999 0.052818699
v 0.0099751002 0.034347999 0.069453602
v 0.0099751002 0.036278 0.069453602
v 0.0132595 0.037885251 0.045248799
v 0.013279898 0.037885251 0.045254116
v 0.013056375 0.037885251 0.045347772
v 0.012576048 0.037885251 0.045439129
v 0.012460285 0.037885251 0.045646539
v 0.01248201 0.037885251 0.045966954
v 0.012537 0.037885251 0.046556301
v 0.012537 0.037885251 0.050143399
v 0.012790861 0.037885251 0.050322933
v 0.01314401 0.037885251 0.050328312
v 0.013455532 0.037885251 0.0503441
v 0.013679055 0.037885251 0.050415187
v 0.0136438 0.037885251 0.050439801
v 0.0118677 0.037885251 0.052400799
v 0.011690036 0.037885251 0.052615037
v 0.01157071 0.037885251 0.052725511
v 0.0112432 0.037885251 0.052911201
v 0.010159301 0.037885251 0.052911201
v 0.010109097 0.037885251 0.052899451
v 0.010066663 0.037885251 0.052879429
v 0.010032234 0.037885251 0.052850413
v 0.010004584 0.037885251 0.052811403
v 0.0099831003 0.037885251 0.052762799
v 0.0099831003 0.037885251 0.045018902
v 0.0099753118 0.037885251 0.04459372
v 0.010146 0.037885251 0.0443256
v 0.010159301 -0.052090998 0.052911201
v 0.010108644 -0.052090998 0.052899308
v 0.010065874 -0.052090998 0.052878923
v 0.010031542 -0.052090998 0.052849646
v 0.010004275 -0.052090998 0.052810841
v 0.0099831003 -0.052090998 0.052762799
v 0.0099831003 -0.054225001 0.052762799
v 0.010004209 -0.054225001 0.052810669
v 0.010031909 -0.054225001 0.052850051
v 0.010067147 -0.054225001 0.052879734
v 0.010109925 -0.054225001 0.052899714
v 0.010159301 -0.054225001 0.052911201
v 0.0112432 -0.052090998 0.052911201
v 0.010159301 -0.052090998 0.052911201
v 0.010159301 -0.054225001 0.052911201
v 0.01108749 -0.054225001 0.052911201
v 0.0112432 -0.054225001 0.052911201
v -0.0008783 -0.043446698 0.0180231
v -0.0008783 -0.044986701 0.0180231
v 0.0011228 -0.044986701 0.0180231
v 0.0011228 -0.043446698 0.0180231
v 0.0017134655 -0.044986701 0.018048944
v 0.0017134655 -0.043446698 0.018048944
v 0.001600834 -0.043446698 0.018055419
v 0.0014591068 -0.043446698 0.018031569
v 0.0012983435 -0.043446698 0.01801546
v 0.0011228 -0.043446698 0.0180231
v 0.0011228 -0.044986701 0.0180231
v 0.0012983435 -0.044986701 0.01801546
v 0.0014591068 -0.044986701 0.018031569
v 0.001600834 -0.044986701 0.018055419
v -0.0043928 0.054225001 0.077676001
v -0.0043928 0.056725001 0.077676001
v 0.0050281 0.056725001 0.077676001
v 0.0050281 0.054225001 0.077676001
v 0.011427799 0.018602 0.052648401
v 0.01122 0.018602 0.0527597
v 0.01122 0.018604749 0.0527597
v 0.011427799 0.018604749 0.052648401
v 0.01122 0.0343506 0.0527597
v 0.011427799 0.0343506 0.052648401
v 0.011427799 0.034347999 0.052648401
v 0.01122 0.034347999 0.0527597
v 0.0124895 0.036275251 0.072159901
v 0.0124895 0.037885251 0.072159901
v 0.0124895 0.037885251 0.070624099
v 0.0124895 0.036275251 0.070624099
v 0.0100087 0.036275251 0.071480498
v 0.0100015 0.036275251 0.069539199
v 0.0100015 0.0343506 0.069539199
v 0.0100087 0.0343506 0.071480498
v 0.0100087 0.039809899 0.071480498
v 0.0100015 0.039809899 0.069539199
v 0.0100015 0.037885251 0.069539199
v 0.0100087 0.037885251 0.071480498
v 0.013346953 0.039809899 0.070406981
v 0.0100994 0.039809899 0.069446001
v 0.0100015 0.039809899 0.069539199
v 0.0100087 0.039809899 0.071480498
v 0.0100087 0.039809899 0.0716045
v 0.012507082 0.039809899 0.073872852
v 0.012516537 0.039809899 0.073522558
v 0.012529178 0.039809899 0.073051796
v 0.0124895 0.039809899 0.072159901
v 0.0124895 0.039809899 0.070624099
v 0.013058031 0.039809899 0.070489669
v 0.013275433 0.039809899 0.070470557
v 0.01308709 0.034347999 0.070487943
v 0.013264936 0.034347999 0.070472698
v 0.013346953 0.034347999 0.070406981
v 0.013346953 0.0327406 0.070406981
v 0.013275433 0.0327406 0.070470557
v 0.013058031 0.0327406 0.070489669
v 0.0124895 0.0327406 0.070624099
v 0.0124895 0.0343506 0.070624099
v 0.012689248 0.0343506 0.070548701
v 0.01289251 0.0343506 0.070505438
v 0.01308709 0.0343506 0.070487943
v 0.0100936 0.018602 0.069606099
v 0.01308709 0.018602 0.070487943
v 0.01308709 0.018604749 0.070487943
v 0.0100936 0.018604749 0.069606099
v 0.014615349 0.018604749 0.070644507
v 0.014615349 0.01667475 0.070644507
v 0.0144551 0.01667475 0.0704321
v 0.0144551 0.018604749 0.0704321
v 0.009996503 0.0343506 0.052795639
v 0.009996503 0.036275251 0.052795639
v 0.0099831003 0.036275251 0.052762799
v 0.0099831003 0.0343506 0.052762799
v 0.0100936 -0.034417751 0.069606099
v 0.01308709 -0.034417751 0.070487943
v 0.01308709 -0.034414999 0.070487943
v 0.0100936 -0.034414999 0.069606099
v 0.014615349 -0.034414999 0.070644507
v 0.014615349 -0.036345 0.070644507
v 0.0144551 -0.036345 0.0704321
v 0.0144551 -0.034414999 0.0704321
v 0.0100936 -0.036342399 0.069606099
v 0.010024558 -0.036342399 0.06951725
v 0.010024558 -0.034417751 0.06951725
v 0.0100936 -0.034417751 0.069606099
v 0.0100936 -0.034414999 0.069606099
v 0.0099751002 -0.034414999 0.069453602
v 0.0099751002 -0.036345 0.069453602
v 0.0100936 -0.036345 0.069606099
v 0.010146 -0.037952399 0.0443256
v 0.0132595 -0.037952399 0.045248799
v 0.0132595 -0.03987705 0.045248799
v 0.010146 -0.03987705 0.0443256
v 0.012537 -0.037952399 0.050143399
v 0.012537 -0.036342399 0.050143399
v 0.012537 -0.036342399 0.046556301
v 0.012537 -0.037952399 0.046556301
v 0.0101869 -0.036342399 0.0527597
v 0.01122 -0.036342399 0.0527597
v 0.01122 -0.036345 0.0527597
v 0.0101869 -0.036345 0.0527597
v 0.0099751002 -0.034414999 0.052818699
v 0.0099751002 -0.036345 0.052818699
v 0.0099751002 -0.036345 0.069453602
v 0.0099751002 -0.034414999 0.069453602
v 0.0100087 0.050413852 0.0716045
v 0.0100087 0.050413852 0.071480498
v 0.0100087 0.048489199 0.071480498
v 0.0100087 0.048489199 0.0716045
v 0.0124895 0.050413852 0.072159901
v 0.0124895 0.052023849 0.072159901
v 0.0124895 0.052023849 0.070624099
v 0.0124895 0.050413852 0.070624099
v 0.0112432 -0.048556352 0.052911201
v 0.010159301 -0.048556352 0.052911201
v 0.010159301 -0.050481 0.052911201
v 0.0112432 -0.050481 0.052911201
v 0.0132595 0.048489199 0.045248799
v 0.013279898 0.048489199 0.045254116
v 0.013056375 0.048489199 0.045347772
v 0.012576048 0.048489199 0.045439129
v 0.012460285 0.048489199 0.045646539
v 0.01248201 0.048489199 0.045966954
v 0.012537 0.048489199 0.046556301
v 0.012537 0.048489199 0.050143399
v 0.012790861 0.048489199 0.050322933
v 0.01314401 0.048489199 0.050328312
v 0.013455532 0.048489199 0.0503441
v 0.013679055 0.048489199 0.050415187
v 0.0136438 0.048489199 0.050439801
v 0.0118677 0.048489199 0.052400799
v 0.011690036 0.048489199 0.052615037
v 0.01157071 0.048489199 0.052725511
v 0.0112432 0.048489199 0.052911201
v 0.010159301 0.048489199 0.052911201
v 0.010109097 0.048489199 0.052899451
v 0.010066663 0.048489199 0.052879429
v 0.010032234 0.048489199 0.052850413
v 0.010004584 0.048489199 0.052811403
v 0.0099831003 0.048489199 0.052762799
v 0.0099831003 0.048489199 0.045018902
v 0.0099753118 0.048489199 0.04459372
v 0.010146 0.048489199 0.0443256
v 0.0099831003 0.0327406 0.045018902
v 0.0099759024 0.0327406 0.04459084
v 0.010146 0.0327406 0.0443256
v 0.010146 0.030815949 0.0443256
v 0.0099753118 0.030815949 0.04459372
v 0.0099831003 0.030815949 0.045018902
v 0.012537 0.0327406 0.050143399
v 0.012537 0.0343506 0.050143399
v 0.012537 0.0343506 0.046556301
v 0.012537 0.0327406 0.046556301
v 0.0136438 0.0327406 0.050439801
v 0.0118677 0.0327406 0.052400799
v 0.0118677 0.030815949 0.052400799
v 0.0136438 0.030815949 0.050439801
v 0.0136438 0.050413852 0.050439801
v 0.0118677 0.050413852 0.052400799
v 0.0118677 0.048489199 0.052400799
v 0.0136438 0.048489199 0.050439801
v -0.013279898 -0.052090998 0.045254116
v -0.013279898 -0.050481 0.045254116
v -0.013056375 -0.050481 0.045347772
v -0.012576048 -0.050481 0.045439129
v -0.012460285 -0.050481 0.045646539
v -0.01248201 -0.050481 0.045966954
v -0.012537 -0.050481 0.046556301
v -0.012537 -0.052090998 0.046556301
v -0.01248201 -0.052090998 0.045966954
v -0.012460285 -0.052090998 0.045646539
v -0.012576048 -0.052090998 0.045439129
v -0.013056375 -0.052090998 0.045347772
v -0.0099831003 0.052023849 0.052762799
v -0.0099831003 0.052023849 0.045018902
v -0.0099831003 0.054225001 0.045018902
v -0.0099831003 0.054225001 0.052762799
v -0.0099831003 0.050413852 0.052762799
v -0.010004275 0.050413852 0.052810841
v -0.010031542 0.050413852 0.052849646
v -0.010065874 0.050413852 0.052878923
v -0.010108644 0.050413852 0.052899308
v -0.010159301 0.050413852 0.052911201
v -0.010159301 0.048489199 0.052911201
v -0.010109097 0.048489199 0.052899451
v -0.010066663 0.048489199 0.052879429
v -0.010032234 0.048489199 0.052850413
v -0.010004584 0.048489199 0.052811403
v -0.0099831003 0.048489199 0.052762799
v -0.013679055 0.034347999 0.050415187
v -0.013506233 0.034347999 0.050361061
v -0.011427799 0.034347999 0.052648401
v -0.01122 0.034347999 0.0527597
v -0.0101869 0.034347999 0.0527597
v -0.010135024 0.034347999 0.052750258
v -0.010087583 0.034347999 0.052750711
v -0.010045217 0.034347999 0.052762499
v -0.010007933 0.034347999 0.052785635
v -0.0099751002 0.034347999 0.052818699
v -0.0099751002 0.034347999 0.069453602
v -0.0100936 0.034347999 0.069606099
v -0.01308709 0.034347999 0.070487943
v -0.013269511 0.034347999 0.070471807
v -0.013346953 0.034347999 0.070406981
v -0.0135677 0.034347999 0.070472298
v -0.01380402 0.034347999 0.070507741
v -0.014022518 0.034347999 0.07053812
v -0.014227622 0.034347999 0.070568004
v -0.014423757 0.034347999 0.070601945
v -0.014615349 0.034347999 0.070644507
v -0.0144551 0.034347999 0.0704321
v -0.0144551 0.034347999 0.0508393
v -0.014436003 0.034347999 0.050456262
v -0.014519176 0.034347999 0.050126438
v -0.014320619 0.034347999 0.05017879
v -0.01414607 0.034347999 0.050221028
v -0.013986787 0.034347999 0.050265965
v -0.013834029 0.034347999 0.050326414
v -0.010024558 0.0343506 0.06951725
v -0.010024558 0.036275251 0.06951725
v -0.0100015 0.036275251 0.069539199
v -0.0100015 0.0343506 0.069539199
v -0.0132595 0.050413852 0.045248799
v -0.013279898 0.050413852 0.045254116
v -0.013056375 0.050413852 0.045347772
v -0.012576048 0.050413852 0.045439129
v -0.012460285 0.050413852 0.045646539
v -0.01248201 0.050413852 0.045966954
v -0.012537 0.050413852 0.046556301
v -0.012537 0.050413852 0.050143399
v -0.012790861 0.050413852 0.050322933
v -0.01314401 0.050413852 0.050328312
v -0.013455532 0.050413852 0.0503441
v -0.013679055 0.050413852 0.050415187
v -0.0136438 0.050413852 0.050439801
v -0.0118677 0.050413852 0.052400799
v -0.011690036 0.050413852 0.052615037
v -0.01157071 0.050413852 0.052725511
v -0.0112432 0.050413852 0.052911201
v -0.010159301 0.050413852 0.052911201
v -0.010108644 0.050413852 0.052899308
v -0.010065874 0.050413852 0.052878923
v -0.010031542 0.050413852 0.052849646
v -0.010004275 0.050413852 0.052810841
v -0.0099831003 0.050413852 0.052762799
v -0.0099831003 0.050413852 0.045018902
v -0.0099759024 0.050413852 0.04459084
v -0.010146 0.050413852 0.0443256
v -0.0101869 0.018602 0.0527597
v -0.01122 0.018602 0.0527597
v -0.01122 0.018604749 0.0527597
v -0.0101869 0.018604749 0.0527597
v -0.0100994 -0.052090998 0.069446001
v -0.0100015 -0.052090998 0.069539199
v -0.0100015 -0.054225001 0.069539199
v -0.0100994 -0.054225001 0.069446001
v -0.0100087 0.052023849 0.071480498
v -0.0100015 0.052023849 0.069539199
v -0.0100015 0.054225001 0.069539199
v -0.0100087 0.054225001 0.071480498
v -0.014615349 0.034347999 0.070644507
v -0.014423757 0.034347999 0.070601945
v -0.014227622 0.034347999 0.070568004
v -0.014022518 0.034347999 0.07053812
v -0.01380402 0.034347999 0.070507741
v -0.0135677 0.034347999 0.070472298
v -0.0135677 0.018604749 0.070472298
v -0.01380402 0.018604749 0.070507741
v -0.014022518 0.018604749 0.07053812
v -0.014227622 0.018604749 0.070568004
v -0.014423757 0.018604749 0.070601945
v -0.014615349 0.018604749 0.070644507
v -0.014615349 0.01667475 0.070644507
v -0.014423757 0.01667475 0.070601945
v -0.014227622 0.01667475 0.070568004
v -0.014022518 0.01667475 0.07053812
v -0.01380402 0.01667475 0.070507741
v -0.0135677 0.01667475 0.070472298
v -0.0135677 0.00093149997 0.070472298
v -0.01380402 0.00093149997 0.070507741
v -0.014022518 0.00093149997 0.07053812
v -0.014227622 0.00093149997 0.070568004
v -0.014423757 0.00093149997 0.070601945
v -0.014615349 0.00093149997 0.070644507
v -0.014615349 -0.00099849999 0.070644507
v -0.014423757 -0.00099849999 0.070601945
v -0.014227622 -0.00099849999 0.070568004
v -0.014022518 -0.00099849999 0.07053812
v -0.01380402 -0.00099849999 0.070507741
v -0.0135677 -0.00099849999 0.070472298
v -0.0135677 -0.01674175 0.070472298
v -0.01380402 -0.01674175 0.070507741
v -0.014022518 -0.01674175 0.07053812
v -0.014227622 -0.01674175 0.070568004
v -0.014423757 -0.01674175 0.070601945
v -0.014615349 -0.01674175 0.070644507
v -0.014615349 -0.01867175 0.070644507
v -0.014423757 -0.01867175 0.070601945
v -0.014227622 -0.01867175 0.070568004
v -0.014022518 -0.01867175 0.07053812
v -0.01380402 -0.01867175 0.070507741
v -0.0135677 -0.01867175 0.070472298
v -0.0135677 -0.034414999 0.070472298
v -0.01380402 -0.034414999 0.070507741
v -0.014022518 -0.034414999 0.07053812
v -0.014227622 -0.034414999 0.070568004
v -0.014423757 -0.034414999 0.070601945
v -0.014615349 -0.034414999 0.070644507
v -0.014615349 -0.036345 0.070644507
v -0.014423757 -0.036345 0.070601945
v -0.014227622 -0.036345 0.070568004
v -0.014022518 -0.036345 0.07053812
v -0.01380402 -0.036345 0.070507741
v -0.0135677 -0.036345 0.070472298
v -0.0135677 -0.054225001 0.070472298
v -0.014630979 -0.054225001 0.070648508
v -0.015624025 -0.054225001 0.071059918
v -0.016063013 -0.054225001 0.071361189
v -0.016458967 -0.054225001 0.071769166
v -0.016746892 -0.054225001 0.072227039
v -0.016903446 -0.054225001 0.072730212
v -0.016918681 -0.054225001 0.073267527
v -0.016776227 -0.054225001 0.073785
v -0.016497378 -0.054225001 0.074265704
v -0.016124252 -0.054225001 0.074654503
v -0.01519377 -0.054225001 0.075201068
v -0.014681814 -0.054225001 0.075371222
v -0.0141685 -0.054225001 0.075381298
v -0.0141685 0.054225001 0.075381298
v -0.014681814 0.054225001 0.075371222
v -0.01519377 0.054225001 0.075201068
v -0.016124252 0.054225001 0.074654503
v -0.016497378 0.054225001 0.074265704
v -0.016776227 0.054225001 0.073785
v -0.016918681 0.054225001 0.073267527
v -0.016903446 0.054225001 0.072730212
v -0.016746892 0.054225001 0.072227039
v -0.016458967 0.054225001 0.071769166
v -0.016063013 0.054225001 0.071361189
v -0.015624025 0.054225001 0.071059918
v -0.014630979 0.054225001 0.070648508
v -0.0135677 0.054225001 0.070472298
v -0.0135677 0.036278 0.070472298
v -0.01380402 0.036278 0.070507741
v -0.014022518 0.036278 0.07053812
v -0.014227622 0.036278 0.070568004
v -0.014423757 0.036278 0.070601945
v -0.014615349 0.036278 0.070644507
v -0.0052537 0.054225001 0.077595901
v -0.0052537 0.056725001 0.077595901
v -0.0050906879 0.056725001 0.077641025
v -0.0049233907 0.056725001 0.077672544
v -0.004751201 0.056725001 0.077688532
v -0.0045741314 0.056725001 0.077689033
v -0.0043928 0.056725001 0.077676001
v -0.0043928 0.054225001 0.077676001
v -0.0045741314 0.054225001 0.077689033
v -0.004751201 0.054225001 0.077688532
v -0.0049233907 0.054225001 0.077672544
v -0.0050906879 0.054225001 0.077641025
v -0.0017099179 0.036310251 0.018018194
v -0.0015780129 0.036310251 0.018567621
v -0.0012623653 0.036310251 0.019056196
v -0.00067759603 0.036310251 0.019479625
v -0.00033694662 0.036310251 0.019585383
v 0.00016759999 0.036310251 0.0196112
v 0.00087720916 0.036310251 0.019374551
v 0.0011393947 0.036310251 0.019183298
v 0.0014213887 0.036310251 0.018862392
v 0.001617243 0.036310251 0.018463665
v 0.0017134655 0.036310251 0.018048944
v 0.001600834 0.036310251 0.018055419
v 0.0014591068 0.036310251 0.018031569
v 0.0012983435 0.036310251 0.01801546
v 0.0011228 0.036310251 0.0180231
v -0.0008783 0.036310251 0.0180231
v -0.0013489805 0.036310251 0.018055273
v -0.0015623884 0.036310251 0.018085564
v -0.0118677 -0.052090998 0.052400799
v -0.0136438 -0.052090998 0.050439801
v -0.0136438 -0.054225001 0.050439801
v -0.0118677 -0.054225001 0.052400799
v -0.01122 0.0343506 0.0527597
v -0.0101869 0.0343506 0.0527597
v -0.0101869 0.034347999 0.0527597
v -0.01122 0.034347999 0.0527597
v -0.0099831003 -0.052090998 0.052762799
v -0.010004275 -0.052090998 0.052810841
v -0.010031542 -0.052090998 0.052849646
v -0.010065874 -0.052090998 0.052878923
v -0.010108644 -0.052090998 0.052899308
v -0.010159301 -0.052090998 0.052911201
v -0.010159301 -0.054225001 0.052911201
v -0.010109925 -0.054225001 0.052899714
v -0.010067147 -0.054225001 0.052879734
v -0.010031909 -0.054225001 0.052850051
v -0.010004209 -0.054225001 0.052810669
v -0.0099831003 -0.054225001 0.052762799
v -0.010146 -0.052090998 0.0443256
v -0.0099759024 -0.052090998 0.04459084
v -0.0099831003 -0.052090998 0.045018902
v -0.0099831003 -0.054225001 0.045018902
v -0.0099786162 -0.054225001 0.04457849
v -0.010146 -0.054225001 0.0443256
v -0.012507082 0.052023849 0.073872852
v -0.0100087 0.052023849 0.0716045
v -0.0100087 0.054225001 0.0716045
v -0.010288148 0.054225001 0.07185822
v -0.0141685 0.054225001 0.075381298
v -0.0141685 -0.054225001 0.075381298
v -0.010288148 -0.054225001 0.07185822
v -0.0100087 -0.054225001 0.0716045
v -0.0100087 -0.052090998 0.0716045
v -0.012507082 -0.052090998 0.073872852
v -0.012507082 -0.050481 0.073872852
v -0.0100087 -0.050481 0.0716045
v -0.0100087 -0.048556352 0.0716045
v -0.012507082 -0.048556352 0.073872852
v -0.012507082 -0.046946349 0.073872852
v -0.0100087 -0.046946349 0.0716045
v -0.0100087 -0.045021701 0.0716045
v -0.012507082 -0.045021701 0.073872852
v -0.012507082 -0.043411698 0.073872852
v -0.0100087 -0.043411698 0.0716045
v -0.0100087 -0.04148705 0.0716045
v -0.012507082 -0.04148705 0.073872852
v -0.012507082 -0.03987705 0.073872852
v -0.0100087 -0.03987705 0.0716045
v -0.0100087 -0.037952399 0.0716045
v -0.012507082 -0.037952399 0.073872852
v -0.012507082 -0.036342399 0.073872852
v -0.0100087 -0.036342399 0.0716045
v -0.0100087 -0.034417751 0.0716045
v -0.012507082 -0.034417751 0.073872852
v -0.012507082 -0.032807751 0.073872852
v -0.0100087 -0.032807751 0.0716045
v -0.0100087 -0.0308831 0.0716045
v -0.012507082 -0.0308831 0.073872852
v -0.012507082 -0.0292731 0.073872852
v -0.0100087 -0.0292731 0.0716045
v -0.0100087 -0.027348449 0.0716045
v -0.012507082 -0.027348449 0.073872852
v -0.012507082 -0.025738449 0.073872852
v -0.0100087 -0.025738449 0.0716045
v -0.0100087 -0.023813801 0.0716045
v -0.012507082 -0.023813801 0.073872852
v -0.012507082 -0.022203801 0.073872852
v -0.0100087 -0.022203801 0.0716045
v -0.0100087 -0.02027915 0.0716045
v -0.012507082 -0.02027915 0.073872852
v -0.012507082 -0.01866915 0.073872852
v -0.0100087 -0.01866915 0.0716045
v -0.0100087 -0.0167445 0.0716045
v -0.012507082 -0.0167445 0.073872852
v -0.012507082 -0.0151345 0.073872852
v -0.0100087 -0.0151345 0.0716045
v -0.0100087 -0.01320985 0.0716045
v -0.012507082 -0.01320985 0.073872852
v -0.012507082 -0.011599849 0.073872852
v -0.0100087 -0.011599849 0.0716045
v -0.0100087 -0.0096752 0.0716045
v -0.012507082 -0.0096752 0.073872852
v -0.012507082 -0.0080651999 0.073872852
v -0.0100087 -0.0080651999 0.0716045
v -0.0100087 -0.0061405498 0.0716045
v -0.012507082 -0.0061405498 0.073872852
v -0.012507082 -0.0045305499 0.073872852
v -0.0100087 -0.0045305499 0.0716045
v -0.0100087 -0.0026058999 0.0716045
v -0.012507082 -0.0026058999 0.073872852
v -0.012507082 -0.00099590003 0.073872852
v -0.0100087 -0.00099590003 0.0716045
v -0.0100087 0.00092874996 0.0716045
v -0.012507082 0.00092874996 0.073872852
v -0.012507082 0.0025387499 0.073872852
v -0.0100087 0.0025387499 0.0716045
v -0.0100087 0.0044633999 0.0716045
v -0.012507082 0.0044633999 0.073872852
v -0.012507082 0.0060733998 0.073872852
v -0.0100087 0.0060733998 0.0716045
v -0.0100087 0.0079980499 0.0716045
v -0.012507082 0.0079980499 0.073872852
v -0.012507082 0.00960805 0.073872852
v -0.0100087 0.00960805 0.0716045
v -0.0100087 0.0115327 0.0716045
v -0.012507082 0.0115327 0.073872852
v -0.012507082 0.0131427 0.073872852
v -0.0100087 0.0131427 0.0716045
v -0.0100087 0.01506735 0.0716045
v -0.012507082 0.01506735 0.073872852
v -0.012507082 0.01667735 0.073872852
v -0.0100087 0.01667735 0.0716045
v -0.0100087 0.018602 0.0716045
v -0.012507082 0.018602 0.073872852
v -0.012507082 0.020211999 0.073872852
v -0.0100087 0.020211999 0.0716045
v -0.0100087 0.02213665 0.0716045
v -0.012507082 0.02213665 0.073872852
v -0.012507082 0.02374665 0.073872852
v -0.0100087 0.02374665 0.0716045
v -0.0100087 0.025671301 0.0716045
v -0.012507082 0.025671301 0.073872852
v -0.012507082 0.027281301 0.073872852
v -0.0100087 0.027281301 0.0716045
v -0.0100087 0.029205949 0.0716045
v -0.012507082 0.029205949 0.073872852
v -0.012507082 0.030815949 0.073872852
v -0.0100087 0.030815949 0.0716045
v -0.0100087 0.0327406 0.0716045
v -0.012507082 0.0327406 0.073872852
v -0.012507082 0.0343506 0.073872852
v -0.0100087 0.0343506 0.0716045
v -0.0100087 0.036275251 0.0716045
v -0.012507082 0.036275251 0.073872852
v -0.012507082 0.037885251 0.073872852
v -0.0100087 0.037885251 0.0716045
v -0.0100087 0.039809899 0.0716045
v -0.012507082 0.039809899 0.073872852
v -0.012507082 0.041419902 0.073872852
v -0.0100087 0.041419902 0.0716045
v -0.0100087 0.04334455 0.0716045
v -0.012507082 0.04334455 0.073872852
v -0.012507082 0.044954548 0.073872852
v -0.0100087 0.044954548 0.0716045
v -0.0100087 0.046879201 0.0716045
v -0.012507082 0.046879201 0.073872852
v -0.012507082 0.048489199 0.073872852
v -0.0100087 0.048489199 0.0716045
v -0.0100087 0.050413852 0.0716045
v -0.012507082 0.050413852 0.073872852
v 0.0059065998 -0.056725001 0.0771275
v 0.0059065998 -0.054225001 0.0771275
v 0.0076814002 -0.054225001 0.075618601
v 0.0076814002 -0.056725001 0.075618601
v -0.0135677 -0.036345 0.070472298
v -0.013346953 -0.036345 0.070406981
v -0.013346953 -0.037952399 0.070406981
v -0.0100994 -0.037952399 0.069446001
v -0.0100994 -0.03987705 0.069446001
v -0.013346953 -0.03987705 0.070406981
v -0.013346953 -0.04148705 0.070406981
v -0.0100994 -0.04148705 0.069446001
v -0.0100994 -0.043411698 0.069446001
v -0.013346953 -0.043411698 0.070406981
v -0.013346953 -0.045021701 0.070406981
v -0.0100994 -0.045021701 0.069446001
v -0.0100994 -0.046946349 0.069446001
v -0.013346953 -0.046946349 0.070406981
v -0.013346953 -0.048556352 0.070406981
v -0.0100994 -0.048556352 0.069446001
v -0.0100994 -0.050481 0.069446001
v -0.013346953 -0.050481 0.070406981
v -0.013346953 -0.052090998 0.070406981
v -0.0100994 -0.052090998 0.069446001
v -0.0100994 -0.054225001 0.069446001
v -0.011014992 -0.054225001 0.06971693
v -0.0135677 -0.054225001 0.070472298
v -0.00075000003 -0.083271303 0.1312404
v 0.00075000003 -0.083271303 0.1312404
v 0.00075000003 -0.083205748 0.13147308
v 0.00075000003 -0.083134708 0.13170357
v 0.00075000003 -0.083057413 0.13193152
v 0.00075000003 -0.082973852 0.13215696
v 0.00075000003 -0.082884798 0.1323802
v -0.00075000003 -0.082884798 0.1323802
v -0.00075000003 -0.082973852 0.13215696
v -0.00075000003 -0.083057413 0.13193152
v -0.00075000003 -0.083134708 0.13170357
v -0.00075000003 -0.083205748 0.13147308
v 0.009996503 0.0343506 0.052795639
v 0.010037535 0.0343506 0.052766175
v 0.010087509 0.0343506 0.052750726
v 0.010140328 0.0343506 0.052750783
v 0.0101869 0.0343506 0.0527597
v 0.0101869 0.034347999 0.0527597
v 0.010135024 0.034347999 0.052750258
v 0.010087583 0.034347999 0.052750711
v 0.010045217 0.034347999 0.052762499
v 0.010007933 0.034347999 0.052785635
v 0.0099751002 0.034347999 0.052818699
v 0.0099751002 0.036278 0.052818699
v 0.010007933 0.036278 0.052785635
v 0.010045217 0.036278 0.052762499
v 0.010087583 0.036278 0.052750711
v 0.010135024 0.036278 0.052750258
v 0.0101869 0.036278 0.0527597
v 0.0101869 0.036275251 0.0527597
v 0.010141007 0.036275251 0.052750854
v 0.010088151 0.036275251 0.05275064
v 0.010037916 0.036275251 0.05276598
v 0.009996503 0.036275251 0.052795639
v 0.013506233 0.036278 0.050361061
v 0.013679055 0.036278 0.050415187
v 0.013679055 0.037885251 0.050415187
v 0.013455532 0.037885251 0.0503441
v 0.01314401 0.037885251 0.050328312
v 0.012790861 0.037885251 0.050322933
v 0.012537 0.037885251 0.050143399
v 0.012537 0.036275251 0.050143399
v 0.012730563 0.036275251 0.050304651
v 0.013000251 0.036275251 0.050337563
v 0.013506233 0.036275251 0.050361061
v 0.0099831003 -0.052090998 0.052762799
v 0.0099831003 -0.052090998 0.045018902
v 0.0099831003 -0.054225001 0.045018902
v 0.0099831003 -0.054225001 0.052762799
v -0.0017099179 -0.044986701 0.018018194
v -0.0015780129 -0.044986701 0.018567621
v -0.0012623653 -0.044986701 0.019056196
v -0.00067759603 -0.044986701 0.019479625
v -0.00033694662 -0.044986701 0.019585383
v 0.00016759999 -0.044986701 0.0196112
v 0.00087720916 -0.044986701 0.019374551
v 0.0011393947 -0.044986701 0.019183298
v 0.0014213887 -0.044986701 0.018862392
v 0.001617243 -0.044986701 0.018463665
v 0.0017134655 -0.044986701 0.018048944
v 0.001600834 -0.044986701 0.018055419
v 0.0014591068 -0.044986701 0.018031569
v 0.0012983435 -0.044986701 0.01801546
v 0.0011228 -0.044986701 0.0180231
v -0.0008783 -0.044986701 0.0180231
v -0.0013489805 -0.044986701 0.018055273
v -0.0015623884 -0.044986701 0.018085564
v 0.0050281 0.054225001 0.077676001
v 0.0050281 0.056725001 0.077676001
v 0.00521685 0.056725001 0.077592039
v 0.0053995073 0.056725001 0.077496061
v 0.0055752021 0.056725001 0.077386351
v 0.0057439411 0.056725001 0.077262921
v 0.0059065998 0.056725001 0.0771275
v 0.0059065998 0.054225001 0.0771275
v 0.0057439411 0.054225001 0.077262921
v 0.0055752021 0.054225001 0.077386351
v 0.0053995073 0.054225001 0.077496061
v 0.00521685 0.054225001 0.077592039
v 0.011427799 0.01667735 0.052648401
v 0.013506233 0.01667735 0.050361061
v 0.013506233 0.01667475 0.050361061
v 0.011427799 0.01667475 0.052648401
v 0.0144551 0.036278 0.0704321
v 0.0144551 0.034347999 0.0704321
v 0.0144551 0.034347999 0.0508393
v 0.0144551 0.036278 0.0508393
v 0.010024558 0.036275251 0.06951725
v 0.010024558 0.0343506 0.06951725
v 0.0100015 0.0343506 0.069539199
v 0.0100015 0.036275251 0.069539199
v 0.0100015 0.039809899 0.069539199
v 0.0100994 0.039809899 0.069446001
v 0.0100994 0.037885251 0.069446001
v 0.0100015 0.037885251 0.069539199
v 0.014519176 0.018604749 0.050126438
v 0.014320619 0.018604749 0.05017879
v 0.01414607 0.018604749 0.050221028
v 0.013986787 0.018604749 0.050265965
v 0.013834029 0.018604749 0.050326414
v 0.013679055 0.018604749 0.050415187
v 0.013506233 0.018604749 0.050361061
v 0.011427799 0.018604749 0.052648401
v 0.01122 0.018604749 0.0527597
v 0.0101869 0.018604749 0.0527597
v 0.010135024 0.018604749 0.052750258
v 0.010087583 0.018604749 0.052750711
v 0.010045217 0.018604749 0.052762499
v 0.010007933 0.018604749 0.052785635
v 0.0099751002 0.018604749 0.052818699
v 0.0099751002 0.018604749 0.069453602
v 0.0100936 0.018604749 0.069606099
v 0.01308709 0.018604749 0.070487943
v 0.013269511 0.018604749 0.070471807
v 0.013346953 0.018604749 0.070406981
v 0.0135677 0.018604749 0.070472298
v 0.01380402 0.018604749 0.070507741
v 0.014022518 0.018604749 0.07053812
v 0.014227622 0.018604749 0.070568004
v 0.014423757 0.018604749 0.070601945
v 0.014615349 0.018604749 0.070644507
v 0.0144551 0.018604749 0.0704321
v 0.0144551 0.018604749 0.0508393
v 0.014436003 0.018604749 0.050456262
v 0.013506233 0.0343506 0.050361061
v 0.011427799 0.0343506 0.052648401
v 0.01122 0.0343506 0.0527597
v 0.0101869 0.0343506 0.0527597
v 0.010140328 0.0343506 0.052750783
v 0.010087509 0.0343506 0.052750726
v 0.010037535 0.0343506 0.052766175
v 0.009996503 0.0343506 0.052795639
v 0.0099831003 0.0343506 0.052762799
v 0.0099831003 0.0343506 0.045018902
v 0.0099753118 0.0343506 0.04459372
v 0.010146 0.0343506 0.0443256
v 0.0132595 0.0343506 0.045248799
v 0.013279898 0.0343506 0.045254116
v 0.013056375 0.0343506 0.045347772
v 0.012576048 0.0343506 0.045439129
v 0.012460285 0.0343506 0.045646539
v 0.01248201 0.0343506 0.045966954
v 0.012537 0.0343506 0.046556301
v 0.012537 0.0343506 0.050143399
v 0.012730563 0.0343506 0.050304651
v 0.013000251 0.0343506 0.050337563
v 0.013506233 -0.036345 0.050361061
v 0.013679055 -0.036345 0.050415187
v 0.014180055 -0.036345 0.050207658
v 0.014519176 -0.036345 0.050126438
v 0.014436003 -0.036345 0.050456262
v 0.0144551 -0.036345 0.0508393
v 0.0144551 -0.036345 0.0704321
v 0.014615349 -0.036345 0.070644507
v 0.014423757 -0.036345 0.070601945
v 0.014227622 -0.036345 0.070568004
v 0.014022518 -0.036345 0.07053812
v 0.01380402 -0.036345 0.070507741
v 0.0135677 -0.036345 0.070472298
v 0.013346953 -0.036345 0.070406981
v 0.013264936 -0.036345 0.070472698
v 0.01308709 -0.036345 0.070487943
v 0.0100936 -0.036345 0.069606099
v 0.0099751002 -0.036345 0.069453602
v 0.0099751002 -0.036345 0.052818699
v 0.010007933 -0.036345 0.052785635
v 0.010045217 -0.036345 0.052762499
v 0.010087583 -0.036345 0.052750711
v 0.010135024 -0.036345 0.052750258
v 0.0101869 -0.036345 0.0527597
v 0.01122 -0.036345 0.0527597
v 0.011427799 -0.036345 0.052648401
v 0.012507082 0.050413852 0.073872852
v 0.012507082 0.052023849 0.073872852
v 0.012516537 0.052023849 0.073522558
v 0.012529178 0.052023849 0.073051796
v 0.0124895 0.052023849 0.072159901
v 0.0124895 0.050413852 0.072159901
v 0.012529178 0.050413852 0.073051796
v 0.012516537 0.050413852 0.073522558
v 0.011427799 -0.034417751 0.052648401
v 0.01122 -0.034417751 0.0527597
v 0.01122 -0.034414999 0.0527597
v 0.011427799 -0.034414999 0.052648401
v 0.013506233 -0.036345 0.050361061
v 0.013506233 -0.036342399 0.050361061
v 0.013000251 -0.036342399 0.050337563
v 0.012730563 -0.036342399 0.050304651
v 0.012537 -0.036342399 0.050143399
v 0.012537 -0.037952399 0.050143399
v 0.012790861 -0.037952399 0.050322933
v 0.01314401 -0.037952399 0.050328312
v 0.013455532 -0.037952399 0.0503441
v 0.013679055 -0.037952399 0.050415187
v 0.013679055 -0.036345 0.050415187
v 0.01122 -0.036342399 0.0527597
v 0.011427799 -0.036342399 0.052648401
v 0.011427799 -0.036345 0.052648401
v 0.01122 -0.036345 0.0527597
v 0.009996503 -0.036342399 0.052795639
v 0.010037535 -0.036342399 0.052766175
v 0.010087509 -0.036342399 0.052750726
v 0.010140328 -0.036342399 0.052750783
v 0.0101869 -0.036342399 0.0527597
v 0.0101869 -0.036345 0.0527597
v 0.010135024 -0.036345 0.052750258
v 0.010087583 -0.036345 0.052750711
v 0.010045217 -0.036345 0.052762499
v 0.010007933 -0.036345 0.052785635
v 0.0099751002 -0.036345 0.052818699
v 0.0099751002 -0.034414999 0.052818699
v 0.010007933 -0.034414999 0.052785635
v 0.010045217 -0.034414999 0.052762499
v 0.010087583 -0.034414999 0.052750711
v 0.010135024 -0.034414999 0.052750258
v 0.0101869 -0.034414999 0.0527597
v 0.0101869 -0.034417751 0.0527597
v 0.010141007 -0.034417751 0.052750854
v 0.010088151 -0.034417751 0.05275064
v 0.010037916 -0.034417751 0.05276598
v 0.009996503 -0.034417751 0.052795639
v 0.0100087 0.050413852 0.071480498
v 0.0100015 0.050413852 0.069539199
v 0.0100015 0.048489199 0.069539199
v 0.0100087 0.048489199 0.071480498
v 0.013346953 0.050413852 0.070406981
v 0.0100994 0.050413852 0.069446001
v 0.0100015 0.050413852 0.069539199
v 0.0100087 0.050413852 0.071480498
v 0.0100087 0.050413852 0.0716045
v 0.012507082 0.050413852 0.073872852
v 0.012516537 0.050413852 0.073522558
v 0.012529178 0.050413852 0.073051796
v 0.0124895 0.050413852 0.072159901
v 0.0124895 0.050413852 0.070624099
v 0.013058031 0.050413852 0.070489669
v 0.013275433 0.050413852 0.070470557
v 0.0118677 -0.052090998 0.052400799
v 0.011690036 -0.052090998 0.052615037
v 0.01157071 -0.052090998 0.052725511
v 0.0112432 -0.052090998 0.052911201
v 0.0112432 -0.054225001 0.052911201
v 0.011573906 -0.054225001 0.052722902
v 0.0118677 -0.054225001 0.052400799
v 0.0098855001 -0.056725001 0.086324301
v 0.0098855001 -0.054225001 0.086324301
v 0.0098855001 -0.054225001 0.1130637
v 0.0098855001 -0.056725001 0.1130637
v -0.00075000003 -0.083575497 0.1296665
v 0.00075000003 -0.083575497 0.1296665
v 0.00075000003 -0.083271303 0.1312404
v -0.00075000003 -0.083271303 0.1312404
v 0.0118677 0.050413852 0.052400799
v 0.011690036 0.050413852 0.052615037
v 0.01157071 0.050413852 0.052725511
v 0.0112432 0.050413852 0.052911201
v 0.0112432 0.048489199 0.052911201
v 0.01157071 0.048489199 0.052725511
v 0.011690036 0.048489199 0.052615037
v 0.0118677 0.048489199 0.052400799
v 0.010146 0.0327406 0.0443256
v 0.0132595 0.0327406 0.045248799
v 0.0132595 0.030815949 0.045248799
v 0.010146 0.030815949 0.0443256
v 0.013279898 0.0327406 0.045254116
v 0.0132595 0.0327406 0.045248799
v 0.010146 0.0327406 0.0443256
v 0.0099759024 0.0327406 0.04459084
v 0.0099831003 0.0327406 0.045018902
v 0.0099831003 0.0327406 0.052762799
v 0.010004275 0.0327406 0.052810841
v 0.010031542 0.0327406 0.052849646
v 0.010065874 0.0327406 0.052878923
v 0.010108644 0.0327406 0.052899308
v 0.010159301 0.0327406 0.052911201
v 0.0112432 0.0327406 0.052911201
v 0.01157071 0.0327406 0.052725511
v 0.011690036 0.0327406 0.052615037
v 0.0118677 0.0327406 0.052400799
v 0.0136438 0.0327406 0.050439801
v 0.013679055 0.0327406 0.050415187
v 0.013455532 0.0327406 0.0503441
v 0.01314401 0.0327406 0.050328312
v 0.012790861 0.0327406 0.050322933
v 0.012537 0.0327406 0.050143399
v 0.012537 0.0327406 0.046556301
v 0.01248201 0.0327406 0.045966954
v 0.012460285 0.0327406 0.045646539
v 0.012576048 0.0327406 0.045439129
v 0.013056375 0.0327406 0.045347772
v -0.010159301 0.052023849 0.052911201
v -0.010109097 0.052023849 0.052899451
v -0.010066663 0.052023849 0.052879429
v -0.010032234 0.052023849 0.052850413
v -0.010004584 0.052023849 0.052811403
v -0.0099831003 0.052023849 0.052762799
v -0.0099831003 0.054225001 0.052762799
v -0.010004209 0.054225001 0.052810669
v -0.010031909 0.054225001 0.052850051
v -0.010067147 0.054225001 0.052879734
v -0.010109925 0.054225001 0.052899714
v -0.010159301 0.054225001 0.052911201
v -0.012537 -0.050481 0.050143399
v -0.012537 -0.052090998 0.050143399
v -0.012537 -0.052090998 0.046556301
v -0.012537 -0.050481 0.046556301
v -0.0099831003 0.050413852 0.045018902
v -0.0099831003 0.050413852 0.052762799
v -0.0099831003 0.048489199 0.052762799
v -0.0099831003 0.048489199 0.045018902
v -0.01308709 0.0343506 0.070487943
v -0.0100936 0.0343506 0.069606099
v -0.010024558 0.0343506 0.06951725
v -0.0100015 0.0343506 0.069539199
v -0.0100087 0.0343506 0.071480498
v -0.0100087 0.0343506 0.0716045
v -0.012507082 0.0343506 0.073872852
v -0.012516537 0.0343506 0.073522558
v -0.012529178 0.0343506 0.073051796
v -0.0124895 0.0343506 0.072159901
v -0.0124895 0.0343506 0.070624099
v -0.012689248 0.0343506 0.070548701
v -0.01289251 0.0343506 0.070505438
v -0.0118677 -0.048556352 0.052400799
v -0.0136438 -0.048556352 0.050439801
v -0.0136438 -0.050481 0.050439801
v -0.0118677 -0.050481 0.052400799
v -0.0118677 0.052023849 0.052400799
v -0.011690036 0.052023849 0.052615037
v -0.01157071 0.052023849 0.052725511
v -0.0112432 0.052023849 0.052911201
v -0.0112432 0.054225001 0.052911201
v -0.011573906 0.054225001 0.052722902
v -0.0118677 0.054225001 0.052400799
v -0.013279898 0.050413852 0.045254116
v -0.013279898 0.052023849 0.045254116
v -0.013056375 0.052023849 0.045347772
v -0.012576048 0.052023849 0.045439129
v -0.012460285 0.052023849 0.045646539
v -0.01248201 0.052023849 0.045966954
v -0.012537 0.052023849 0.046556301
v -0.012537 0.050413852 0.046556301
v -0.01248201 0.050413852 0.045966954
v -0.012460285 0.050413852 0.045646539
v -0.012576048 0.050413852 0.045439129
v -0.013056375 0.050413852 0.045347772
v -0.0101869 0.01667735 0.0527597
v -0.010141007 0.01667735 0.052750854
v -0.010088151 0.01667735 0.05275064
v -0.010037916 0.01667735 0.05276598
v -0.009996503 0.01667735 0.052795639
v -0.009996503 0.018602 0.052795639
v -0.010037535 0.018602 0.052766175
v -0.010087509 0.018602 0.052750726
v -0.010140328 0.018602 0.052750783
v -0.0101869 0.018602 0.0527597
v -0.0101869 0.018604749 0.0527597
v -0.010135024 0.018604749 0.052750258
v -0.010087583 0.018604749 0.052750711
v -0.010045217 0.018604749 0.052762499
v -0.010007933 0.018604749 0.052785635
v -0.0099751002 0.018604749 0.052818699
v -0.0099751002 0.01667475 0.052818699
v -0.010007933 0.01667475 0.052785635
v -0.010045217 0.01667475 0.052762499
v -0.010087583 0.01667475 0.052750711
v -0.010135024 0.01667475 0.052750258
v -0.0101869 0.01667475 0.0527597
v -0.0100015 0.052023849 0.069539199
v -0.0100994 0.052023849 0.069446001
v -0.0100994 0.054225001 0.069446001
v -0.0100015 0.054225001 0.069539199
v -0.0069554001 0.054225001 0.076272602
v -0.0069554001 0.056725001 0.076272602
v -0.0052537 0.056725001 0.077595901
v -0.0052537 0.054225001 0.077595901
v 0.0017134655 0.036310251 0.018048944
v 0.0017134655 0.037850249 0.018048944
v 0.001600834 0.037850249 0.018055419
v 0.0014591068 0.037850249 0.018031569
v 0.0012983435 0.037850249 0.01801546
v 0.0011228 0.037850249 0.0180231
v 0.0011228 0.036310251 0.0180231
v 0.0012983435 0.036310251 0.01801546
v 0.0014591068 0.036310251 0.018031569
v 0.001600834 0.036310251 0.018055419
v -0.0101869 0.036275251 0.0527597
v -0.01122 0.036275251 0.0527597
v -0.01122 0.036278 0.0527597
v -0.0101869 0.036278 0.0527597
v -0.010159301 -0.052090998 0.052911201
v -0.0112432 -0.052090998 0.052911201
v -0.0112432 -0.054225001 0.052911201
v -0.0110761 -0.054225001 0.052911201
v -0.010159301 -0.054225001 0.052911201
v 0.0050281 -0.056725001 0.077676001
v 0.0050281 -0.054225001 0.077676001
v 0.00521685 -0.054225001 0.077592039
v 0.0053995073 -0.054225001 0.077496061
v 0.0055752021 -0.054225001 0.077386351
v 0.0057439411 -0.054225001 0.077262921
v 0.0059065998 -0.054225001 0.0771275
v 0.0059065998 -0.056725001 0.0771275
v 0.0057439411 -0.056725001 0.077262921
v 0.0055752021 -0.056725001 0.077386351
v 0.0053995073 -0.056725001 0.077496061
v 0.00521685 -0.056725001 0.077592039
v 0.0100445 -0.056725001 0.085336103
v 0.0100445 -0.054225001 0.085336103
v 0.0099009043 -0.054225001 0.08578186
v 0.0098855001 -0.054225001 0.086324301
v 0.0098855001 -0.056725001 0.086324301
v 0.0099009043 -0.056725001 0.08578186
v -0.00075000003 -0.082884798 0.1323802
v 0.00075000003 -0.082884798 0.1323802
v 0.00075000003 -0.081766396 0.1340169
v -0.00075000003 -0.081766396 0.1340169
v 0.0097749001 -0.056725001 0.072986102
v 0.0097749001 -0.054225001 0.072986102
v 0.010299398 -0.054225001 0.071868434
v 0.0104035 -0.054225001 0.0716466
v 0.0104035 -0.056725001 0.0716466
v 0.009996503 0.036275251 0.052795639
v 0.010037916 0.036275251 0.05276598
v 0.010088151 0.036275251 0.05275064
v 0.010141007 0.036275251 0.052750854
v 0.0101869 0.036275251 0.0527597
v 0.01122 0.036275251 0.0527597
v 0.011427799 0.036275251 0.052648401
v 0.013506233 0.036275251 0.050361061
v 0.013000251 0.036275251 0.050337563
v 0.012730563 0.036275251 0.050304651
v 0.012537 0.036275251 0.050143399
v 0.012537 0.036275251 0.046556301
v 0.01248201 0.036275251 0.045966954
v 0.012460285 0.036275251 0.045646539
v 0.012576048 0.036275251 0.045439129
v 0.013056375 0.036275251 0.045347772
v 0.013279898 0.036275251 0.045254116
v 0.0132595 0.036275251 0.045248799
v 0.010146 0.036275251 0.0443256
v 0.0099759024 0.036275251 0.04459084
v 0.0099831003 0.036275251 0.045018902
v 0.0099831003 0.036275251 0.052762799
v 0.0099831003 -0.052090998 0.045018902
v 0.0099759024 -0.052090998 0.04459084
v 0.010146 -0.052090998 0.0443256
v 0.010146 -0.054225001 0.0443256
v 0.0099786162 -0.054225001 0.04457849
v 0.0099831003 -0.054225001 0.045018902
v 0.0059065998 0.054225001 0.0771275
v 0.0059065998 0.056725001 0.0771275
v 0.0076814002 0.056725001 0.075618601
v 0.0076814002 0.054225001 0.075618601
v 0.013506233 0.018604749 0.050361061
v 0.013506233 0.018602 0.050361061
v 0.011427799 0.018602 0.052648401
v 0.011427799 0.018604749 0.052648401
v 0.01308709 0.034347999 0.070487943
v 0.01308709 0.0343506 0.070487943
v 0.0100936 0.0343506 0.069606099
v 0.0100936 0.034347999 0.069606099
v 0.0100994 0.037885251 0.069446001
v 0.013346953 0.037885251 0.070406981
v 0.013275433 0.037885251 0.070470557
v 0.013058031 0.037885251 0.070489669
v 0.0124895 0.037885251 0.070624099
v 0.0124895 0.037885251 0.072159901
v 0.012529178 0.037885251 0.073051796
v 0.012516537 0.037885251 0.073522558
v 0.012507082 0.037885251 0.073872852
v 0.0100087 0.037885251 0.0716045
v 0.0100087 0.037885251 0.071480498
v 0.0100015 0.037885251 0.069539199
v 0.014615349 0.036278 0.070644507
v 0.014615349 0.034347999 0.070644507
v 0.0144551 0.034347999 0.0704321
v 0.0144551 0.036278 0.0704321
v 0.011427799 -0.036342399 0.052648401
v 0.013506233 -0.036342399 0.050361061
v 0.013506233 -0.036345 0.050361061
v 0.011427799 -0.036345 0.052648401
v 0.0100015 0.050413852 0.069539199
v 0.0100994 0.050413852 0.069446001
v 0.0100994 0.048489199 0.069446001
v 0.0100015 0.048489199 0.069539199
v 0.013346953 0.052023849 0.070406981
v 0.013346953 0.050413852 0.070406981
v 0.013275433 0.050413852 0.070470557
v 0.013058031 0.050413852 0.070489669
v 0.0124895 0.050413852 0.070624099
v 0.0124895 0.052023849 0.070624099
v 0.013058031 0.052023849 0.070489669
v 0.013275433 0.052023849 0.070470557
v 0.0118677 -0.048556352 0.052400799
v 0.011690036 -0.048556352 0.052615037
v 0.01157071 -0.048556352 0.052725511
v 0.0112432 -0.048556352 0.052911201
v 0.0112432 -0.050481 0.052911201
v 0.01157071 -0.050481 0.052725511
v 0.011690036 -0.050481 0.052615037
v 0.0118677 -0.050481 0.052400799
v 0.012537 0.050413852 0.050143399
v 0.012537 0.052023849 0.050143399
v 0.012537 0.052023849 0.046556301
v 0.012537 0.050413852 0.046556301
v -0.00075000003 -0.083968496 0.1179934
v 0.00075000003 -0.083968496 0.1179934
v 0.00075000003 -0.083575497 0.1296665
v -0.00075000003 -0.083575497 0.1296665
v 0.0112432 0.050413852 0.052911201
v 0.010159301 0.050413852 0.052911201
v 0.010159301 0.048489199 0.052911201
v 0.0112432 0.048489199 0.052911201
v 0.0100936 0.0343506 0.069606099
v 0.010024558 0.0343506 0.06951725
v 0.010024558 0.036275251 0.06951725
v 0.0100936 0.036275251 0.069606099
v 0.0100936 0.036278 0.069606099
v 0.0099751002 0.036278 0.069453602
v 0.0099751002 0.034347999 0.069453602
v 0.0100936 0.034347999 0.069606099
v 0.013506233 0.034347999 0.050361061
v 0.013506233 0.0343506 0.050361061
v 0.013000251 0.0343506 0.050337563
v 0.012730563 0.0343506 0.050304651
v 0.012537 0.0343506 0.050143399
v 0.012537 0.0327406 0.050143399
v 0.012790861 0.0327406 0.050322933
v 0.01314401 0.0327406 0.050328312
v 0.013455532 0.0327406 0.0503441
v 0.013679055 0.0327406 0.050415187
v 0.013679055 0.034347999 0.050415187
v 0.013679055 0.050413852 0.050415187
v 0.013679055 0.052023849 0.050415187
v 0.013455532 0.052023849 0.0503441
v 0.01314401 0.052023849 0.050328312
v 0.012790861 0.052023849 0.050322933
v 0.012537 0.052023849 0.050143399
v 0.012537 0.050413852 0.050143399
v 0.012790861 0.050413852 0.050322933
v 0.01314401 0.050413852 0.050328312
v 0.013455532 0.050413852 0.0503441
v -0.0112432 0.052023849 0.052911201
v -0.010159301 0.052023849 0.052911201
v -0.010159301 0.054225001 0.052911201
v -0.0110761 0.054225001 0.052911201
v -0.0112432 0.054225001 0.052911201
v -0.013679055 -0.052090998 0.050415187
v -0.0136438 -0.052090998 0.050439801
v -0.0118677 -0.052090998 0.052400799
v -0.011690036 -0.052090998 0.052615037
v -0.01157071 -0.052090998 0.052725511
v -0.0112432 -0.052090998 0.052911201
v -0.010159301 -0.052090998 0.052911201
v -0.010108644 -0.052090998 0.052899308
v -0.010065874 -0.052090998 0.052878923
v -0.010031542 -0.052090998 0.052849646
v -0.010004275 -0.052090998 0.052810841
v -0.0099831003 -0.052090998 0.052762799
v -0.0099831003 -0.052090998 0.045018902
v -0.0099759024 -0.052090998 0.04459084
v -0.010146 -0.052090998 0.0443256
v -0.0132595 -0.052090998 0.045248799
v -0.013279898 -0.052090998 0.045254116
v -0.013056375 -0.052090998 0.045347772
v -0.012576048 -0.052090998 0.045439129
v -0.012460285 -0.052090998 0.045646539
v -0.01248201 -0.052090998 0.045966954
v -0.012537 -0.052090998 0.046556301
v -0.012537 -0.052090998 0.050143399
v -0.012790861 -0.052090998 0.050322933
v -0.01314401 -0.052090998 0.050328312
v -0.013455532 -0.052090998 0.0503441
v -0.013279898 0.052023849 0.045254116
v -0.0132595 0.052023849 0.045248799
v -0.010146 0.052023849 0.0443256
v -0.0099753118 0.052023849 0.04459372
v -0.0099831003 0.052023849 0.045018902
v -0.0099831003 0.052023849 0.052762799
v -0.010004584 0.052023849 0.052811403
v -0.010032234 0.052023849 0.052850413
v -0.010066663 0.052023849 0.052879429
v -0.010109097 0.052023849 0.052899451
v -0.010159301 0.052023849 0.052911201
v -0.0112432 0.052023849 0.052911201
v -0.01157071 0.052023849 0.052725511
v -0.011690036 0.052023849 0.052615037
v -0.0118677 0.052023849 0.052400799
v -0.0136438 0.052023849 0.050439801
v -0.013679055 0.052023849 0.050415187
v -0.013455532 0.052023849 0.0503441
v -0.01314401 0.052023849 0.050328312
v -0.012790861 0.052023849 0.050322933
v -0.012537 0.052023849 0.050143399
v -0.012537 0.052023849 0.046556301
v -0.01248201 0.052023849 0.045966954
v -0.012460285 0.052023849 0.045646539
v -0.012576048 0.052023849 0.045439129
v -0.013056375 0.052023849 0.045347772
v -0.0099831003 0.052023849 0.045018902
v -0.0099753118 0.052023849 0.04459372
v -0.010146 0.052023849 0.0443256
v -0.010146 0.054225001 0.0443256
v -0.0099786162 0.054225001 0.04457849
v -0.0099831003 0.054225001 0.045018902
v -0.010146 0.050413852 0.0443256
v -0.0099759024 0.050413852 0.04459084
v -0.0099831003 0.050413852 0.045018902
v -0.0099831003 0.048489199 0.045018902
v -0.0099753118 0.048489199 0.04459372
v -0.010146 0.048489199 0.0443256
v -0.013679055 0.036278 0.050415187
v -0.013506233 0.036278 0.050361061
v -0.013506233 0.036275251 0.050361061
v -0.013000251 0.036275251 0.050337563
v -0.012730563 0.036275251 0.050304651
v -0.012537 0.036275251 0.050143399
v -0.012537 0.037885251 0.050143399
v -0.012790861 0.037885251 0.050322933
v -0.01314401 0.037885251 0.050328312
v -0.013455532 0.037885251 0.0503441
v -0.013679055 0.037885251 0.050415187
v -0.0136438 0.052023849 0.050439801
v -0.0118677 0.052023849 0.052400799
v -0.0118677 0.054225001 0.052400799
v -0.0136438 0.054225001 0.050439801
v -0.013679055 -0.034414999 0.050415187
v -0.013506233 -0.034414999 0.050361061
v -0.013506233 -0.034417751 0.050361061
v -0.013000251 -0.034417751 0.050337563
v -0.012730563 -0.034417751 0.050304651
v -0.012537 -0.034417751 0.050143399
v -0.012537 -0.032807751 0.050143399
v -0.012790861 -0.032807751 0.050322933
v -0.01314401 -0.032807751 0.050328312
v -0.013455532 -0.032807751 0.0503441
v -0.013679055 -0.032807751 0.050415187
v -0.013346953 0.036278 0.070406981
v -0.0135677 0.036278 0.070472298
v -0.0135677 0.054225001 0.070472298
v -0.011014992 0.054225001 0.06971693
v -0.0100994 0.054225001 0.069446001
v -0.0100994 0.052023849 0.069446001
v -0.013346953 0.052023849 0.070406981
v -0.013346953 0.050413852 0.070406981
v -0.0100994 0.050413852 0.069446001
v -0.0100994 0.048489199 0.069446001
v -0.013346953 0.048489199 0.070406981
v -0.013346953 0.046879201 0.070406981
v -0.0100994 0.046879201 0.069446001
v -0.0100994 0.044954548 0.069446001
v -0.013346953 0.044954548 0.070406981
v -0.013346953 0.04334455 0.070406981
v -0.0100994 0.04334455 0.069446001
v -0.0100994 0.041419902 0.069446001
v -0.013346953 0.041419902 0.070406981
v -0.013346953 0.039809899 0.070406981
v -0.0100994 0.039809899 0.069446001
v -0.0100994 0.037885251 0.069446001
v -0.013346953 0.037885251 0.070406981
v -0.0082703 0.054225001 0.075009699
v -0.0082703 0.056725001 0.075009699
v -0.0069554001 0.056725001 0.076272602
v -0.0069554001 0.054225001 0.076272602
v 0.00016759999 0.037850249 0.0196112
v -0.00040560942 0.037850249 0.019570636
v -0.00078882322 0.037850249 0.019425513
v -0.0012416627 0.037850249 0.019078451
v -0.0015484141 0.037850249 0.018635591
v -0.0017099179 0.037850249 0.018018194
v -0.0015623884 0.037850249 0.018085564
v -0.0013489805 0.037850249 0.018055273
v -0.0008783 0.037850249 0.0180231
v 0.0011228 0.037850249 0.0180231
v 0.0012983435 0.037850249 0.01801546
v 0.0014591068 0.037850249 0.018031569
v 0.001600834 0.037850249 0.018055419
v 0.0017134655 0.037850249 0.018048944
v 0.0014943719 0.037850249 0.018742309
v 0.0010458807 0.037850249 0.019259725
v 0.0006170452 0.037850249 0.019503553
v -0.0099572003 0.054225001 0.085503302
v -0.0099572003 0.056725001 0.085503302
v -0.010271224 0.056725001 0.085157442
v -0.010698299 0.056725001 0.084871197
v -0.010698299 0.054225001 0.084871197
v -0.010271224 0.054225001 0.085157442
v -0.0101869 0.0343506 0.0527597
v -0.010141007 0.0343506 0.052750854
v -0.010088151 0.0343506 0.05275064
v -0.010037916 0.0343506 0.05276598
v -0.009996503 0.0343506 0.052795639
v -0.009996503 0.036275251 0.052795639
v -0.010037535 0.036275251 0.052766175
v -0.010087509 0.036275251 0.052750726
v -0.010140328 0.036275251 0.052750783
v -0.0101869 0.036275251 0.0527597
v -0.0101869 0.036278 0.0527597
v -0.010135024 0.036278 0.052750258
v -0.010087583 0.036278 0.052750711
v -0.010045217 0.036278 0.052762499
v -0.010007933 0.036278 0.052785635
v -0.0099751002 0.036278 0.052818699
v -0.0099751002 0.034347999 0.052818699
v -0.010007933 0.034347999 0.052785635
v -0.010045217 0.034347999 0.052762499
v -0.010087583 0.034347999 0.052750711
v -0.010135024 0.034347999 0.052750258
v -0.0101869 0.034347999 0.0527597
v -0.0043928 -0.056725001 0.077676001
v -0.0043928 -0.054225001 0.077676001
v 0.0050281 -0.054225001 0.077676001
v 0.0050281 -0.056725001 0.077676001
v 0.0171762 -0.056725001 0.080245104
v 0.0171762 -0.054225001 0.080245104
v 0.0100445 -0.054225001 0.085336103
v 0.0100445 -0.056725001 0.085336103
v -0.00075000003 -0.081766396 0.1340169
v 0.00075000003 -0.081766396 0.1340169
v 0.00075000003 -0.080433798 0.1352352
v -0.00075000003 -0.080433798 0.1352352
v 0.013346953 -0.036345 0.070406981
v 0.0135677 -0.036345 0.070472298
v 0.0135677 -0.054225001 0.070472298
v 0.010995042 -0.054225001 0.069711027
v 0.0100994 -0.054225001 0.069446001
v 0.0100994 -0.052090998 0.069446001
v 0.013346953 -0.052090998 0.070406981
v 0.013346953 -0.050481 0.070406981
v 0.0100994 -0.050481 0.069446001
v 0.0100994 -0.048556352 0.069446001
v 0.013346953 -0.048556352 0.070406981
v 0.013346953 -0.046946349 0.070406981
v 0.0100994 -0.046946349 0.069446001
v 0.0100994 -0.045021701 0.069446001
v 0.013346953 -0.045021701 0.070406981
v 0.013346953 -0.043411698 0.070406981
v 0.0100994 -0.043411698 0.069446001
v 0.0100994 -0.04148705 0.069446001
v 0.013346953 -0.04148705 0.070406981
v 0.013346953 -0.03987705 0.070406981
v 0.0100994 -0.03987705 0.069446001
v 0.0100994 -0.037952399 0.069446001
v 0.013346953 -0.037952399 0.070406981
v 0.0104035 -0.056725001 0.0716466
v 0.0104035 -0.054225001 0.0716466
v 0.0109935 -0.054225001 0.069991202
v 0.0109935 -0.056725001 0.069991202
v 0.0110923 -0.054225001 0.052037101
v 0.01108749 -0.054225001 0.052911201
v 0.010159301 -0.054225001 0.052911201
v 0.010109925 -0.054225001 0.052899714
v 0.010067147 -0.054225001 0.052879734
v 0.010031909 -0.054225001 0.052850051
v 0.010004209 -0.054225001 0.052810669
v 0.0099831003 -0.054225001 0.052762799
v 0.0099831003 -0.054225001 0.045018902
v 0.0099786162 -0.054225001 0.04457849
v 0.010146 -0.054225001 0.0443256
v 0.0110923 -0.054225001 0.044606194
v -0.0017099179 -0.046981349 0.018018194
v -0.0017099179 -0.048521352 0.018018194
v -0.0015623884 -0.048521352 0.018085564
v -0.0013489805 -0.048521352 0.018055273
v -0.0008783 -0.048521352 0.0180231
v -0.0008783 -0.046981349 0.0180231
v -0.0013489805 -0.046981349 0.018055273
v -0.0015623884 -0.046981349 0.018085564
v 0.00016759999 -0.046981349 0.0196112
v -0.00040560942 -0.046981349 0.019570636
v -0.00078882322 -0.046981349 0.019425513
v -0.0012416627 -0.046981349 0.019078451
v -0.0015484141 -0.046981349 0.018635591
v -0.0017099179 -0.046981349 0.018018194
v -0.0015623884 -0.046981349 0.018085564
v -0.0013489805 -0.046981349 0.018055273
v -0.0008783 -0.046981349 0.0180231
v 0.0011228 -0.046981349 0.0180231
v 0.0012983435 -0.046981349 0.01801546
v 0.0014591068 -0.046981349 0.018031569
v 0.001600834 -0.046981349 0.018055419
v 0.0017134655 -0.046981349 0.018048944
v 0.0014943719 -0.046981349 0.018742309
v 0.0010458807 -0.046981349 0.019259725
v 0.0006170452 -0.046981349 0.019503553
v 0.0076814002 0.054225001 0.075618601
v 0.0076814002 0.056725001 0.075618601
v 0.0089046001 0.056725001 0.074275398
v 0.0089046001 0.054225001 0.074275398
v 0.01122 0.018602 0.0527597
v 0.0101869 0.018602 0.0527597
v 0.0101869 0.018604749 0.0527597
v 0.01122 0.018604749 0.0527597
v 0.0100936 0.036275251 0.069606099
v 0.01308709 0.036275251 0.070487943
v 0.01308709 0.036278 0.070487943
v 0.0100936 0.036278 0.069606099
v 0.0100087 -0.052090998 0.0716045
v 0.0100087 -0.052090998 0.071480498
v 0.0100087 -0.054225001 0.071480498
v 0.0100087 -0.054225001 0.0716045
v 0.013279898 0.050413852 0.045254116
v 0.0132595 0.050413852 0.045248799
v 0.010146 0.050413852 0.0443256
v 0.0099759024 0.050413852 0.04459084
v 0.0099831003 0.050413852 0.045018902
v 0.0099831003 0.050413852 0.052762799
v 0.010004275 0.050413852 0.052810841
v 0.010031542 0.050413852 0.052849646
v 0.010065874 0.050413852 0.052878923
v 0.010108644 0.050413852 0.052899308
v 0.010159301 0.050413852 0.052911201
v 0.0112432 0.050413852 0.052911201
v 0.01157071 0.050413852 0.052725511
v 0.011690036 0.050413852 0.052615037
v 0.0118677 0.050413852 0.052400799
v 0.0136438 0.050413852 0.050439801
v 0.013679055 0.050413852 0.050415187
v 0.013455532 0.050413852 0.0503441
v 0.01314401 0.050413852 0.050328312
v 0.012790861 0.050413852 0.050322933
v 0.012537 0.050413852 0.050143399
v 0.012537 0.050413852 0.046556301
v 0.01248201 0.050413852 0.045966954
v 0.012460285 0.050413852 0.045646539
v 0.012576048 0.050413852 0.045439129
v 0.013056375 0.050413852 0.045347772
v 0.0100994 0.052023849 0.069446001
v 0.013346953 0.052023849 0.070406981
v 0.013275433 0.052023849 0.070470557
v 0.013058031 0.052023849 0.070489669
v 0.0124895 0.052023849 0.070624099
v 0.0124895 0.052023849 0.072159901
v 0.012529178 0.052023849 0.073051796
v 0.012516537 0.052023849 0.073522558
v 0.012507082 0.052023849 0.073872852
v 0.0100087 0.052023849 0.0716045
v 0.0100087 0.052023849 0.071480498
v 0.0100015 0.052023849 0.069539199
v 0.0100087 -0.052090998 0.071480498
v 0.0100015 -0.052090998 0.069539199
v 0.0100015 -0.054225001 0.069539199
v 0.0100087 -0.054225001 0.071480498
v 0.0136438 -0.052090998 0.050439801
v 0.0118677 -0.052090998 0.052400799
v 0.0118677 -0.054225001 0.052400799
v 0.0136438 -0.054225001 0.050439801
v 0.0098855001 -0.056725001 0.1130637
v 0.0098855001 -0.054225001 0.1130637
v 0.0049708 -0.054225001 0.1355853
v 0.0049708 -0.056725001 0.1355853
v -0.00075000003 -0.079899998 0.1172009
v 0.00075000003 -0.079899998 0.1172009
v 0.00075000003 -0.080338097 0.11667812
v 0.00075000003 -0.080915785 0.11638033
v 0.00075000003 -0.081563387 0.11624625
v 0.00075000003 -0.082251654 0.11625349
v 0.00075000003 -0.082918482 0.11641708
v 0.00075000003 -0.083441572 0.11679365
v 0.00075000003 -0.083777266 0.11736924
v 0.00075000003 -0.083968496 0.1179934
v -0.00075000003 -0.083968496 0.1179934
v -0.00075000003 -0.083777266 0.11736924
v -0.00075000003 -0.083441572 0.11679365
v -0.00075000003 -0.082918482 0.11641708
v -0.00075000003 -0.082251654 0.11625349
v -0.00075000003 -0.081563387 0.11624625
v -0.00075000003 -0.080915785 0.11638033
v -0.00075000003 -0.080338097 0.11667812
v 0.010159301 0.050413852 0.052911201
v 0.010108644 0.050413852 0.052899308
v 0.010065874 0.050413852 0.052878923
v 0.010031542 0.050413852 0.052849646
v 0.010004275 0.050413852 0.052810841
v 0.0099831003 0.050413852 0.052762799
v 0.0099831003 0.048489199 0.052762799
v 0.010004584 0.048489199 0.052811403
v 0.010032234 0.048489199 0.052850413
v 0.010066663 0.048489199 0.052879429
v 0.010109097 0.048489199 0.052899451
v 0.010159301 0.048489199 0.052911201
v 0.013506233 0.034347999 0.050361061
v 0.013679055 0.034347999 0.050415187
v 0.014180055 0.034347999 0.050207658
v 0.014519176 0.034347999 0.050126438
v 0.014436003 0.034347999 0.050456262
v 0.0144551 0.034347999 0.0508393
v 0.0144551 0.034347999 0.0704321
v 0.014615349 0.034347999 0.070644507
v 0.014423757 0.034347999 0.070601945
v 0.014227622 0.034347999 0.070568004
v 0.014022518 0.034347999 0.07053812
v 0.01380402 0.034347999 0.070507741
v 0.0135677 0.034347999 0.070472298
v 0.013346953 0.034347999 0.070406981
v 0.013264936 0.034347999 0.070472698
v 0.01308709 0.034347999 0.070487943
v 0.0100936 0.034347999 0.069606099
v 0.0099751002 0.034347999 0.069453602
v 0.0099751002 0.034347999 0.052818699
v 0.010007933 0.034347999 0.052785635
v 0.010045217 0.034347999 0.052762499
v 0.010087583 0.034347999 0.052750711
v 0.010135024 0.034347999 0.052750258
v 0.0101869 0.034347999 0.0527597
v 0.01122 0.034347999 0.0527597
v 0.011427799 0.034347999 0.052648401
v -0.0136438 -0.050481 0.050439801
v -0.013679055 -0.050481 0.050415187
v -0.013455532 -0.050481 0.0503441
v -0.01314401 -0.050481 0.050328312
v -0.012790861 -0.050481 0.050322933
v -0.012537 -0.050481 0.050143399
v -0.012537 -0.050481 0.046556301
v -0.01248201 -0.050481 0.045966954
v -0.012460285 -0.050481 0.045646539
v -0.012576048 -0.050481 0.045439129
v -0.013056375 -0.050481 0.045347772
v -0.013279898 -0.050481 0.045254116
v -0.0132595 -0.050481 0.045248799
v -0.010146 -0.050481 0.0443256
v -0.0099753118 -0.050481 0.04459372
v -0.0099831003 -0.050481 0.045018902
v -0.0099831003 -0.050481 0.052762799
v -0.010004584 -0.050481 0.052811403
v -0.010032234 -0.050481 0.052850413
v -0.010066663 -0.050481 0.052879429
v -0.010109097 -0.050481 0.052899451
v -0.010159301 -0.050481 0.052911201
v -0.0112432 -0.050481 0.052911201
v -0.01157071 -0.050481 0.052725511
v -0.011690036 -0.050481 0.052615037
v -0.0118677 -0.050481 0.052400799
v -0.0132595 0.050413852 0.045248799
v -0.010146 0.050413852 0.0443256
v -0.010146 0.048489199 0.0443256
v -0.0132595 0.048489199 0.045248799
v -0.013679055 0.034347999 0.050415187
v -0.013834029 0.034347999 0.050326414
v -0.013986787 0.034347999 0.050265965
v -0.01414607 0.034347999 0.050221028
v -0.014320619 0.034347999 0.05017879
v -0.014519176 0.034347999 0.050126438
v -0.014519176 0.036278 0.050126438
v -0.014180055 0.036278 0.050207658
v -0.013679055 0.036278 0.050415187
v -0.013679055 0.037885251 0.050415187
v -0.0136438 0.037885251 0.050439801
v -0.0136438 0.039809899 0.050439801
v -0.013679055 0.039809899 0.050415187
v -0.013679055 0.041419902 0.050415187
v -0.0136438 0.041419902 0.050439801
v -0.0136438 0.04334455 0.050439801
v -0.013679055 0.04334455 0.050415187
v -0.013679055 0.044954548 0.050415187
v -0.0136438 0.044954548 0.050439801
v -0.0136438 0.046879201 0.050439801
v -0.013679055 0.046879201 0.050415187
v -0.013679055 0.048489199 0.050415187
v -0.0136438 0.048489199 0.050439801
v -0.0136438 0.050413852 0.050439801
v -0.013679055 0.050413852 0.050415187
v -0.013679055 0.052023849 0.050415187
v -0.0136438 0.052023849 0.050439801
v -0.0136438 0.054225001 0.050439801
v -0.014063407 0.054225001 0.050238681
v -0.014518026 0.054225001 0.050126772
v -0.015358541 0.054225001 0.049729142
v -0.016065034 0.054225001 0.04908783
v -0.016306915 0.054225001 0.048686986
v -0.016450388 0.054225001 0.048243794
v -0.016484876 0.054225001 0.047771721
v -0.016395173 0.054225001 0.0473104
v -0.016208613 0.054225001 0.046884494
v -0.015929462 0.054225001 0.046502428
v -0.015194308 0.054225001 0.045901651
v -0.014342099 0.054225001 0.045530901
v -0.014342099 -0.054225001 0.045530901
v -0.015194308 -0.054225001 0.045901651
v -0.015929462 -0.054225001 0.046502428
v -0.016208613 -0.054225001 0.046884494
v -0.016395173 -0.054225001 0.0473104
v -0.016484876 -0.054225001 0.047771721
v -0.016450388 -0.054225001 0.048243794
v -0.016306915 -0.054225001 0.048686986
v -0.016065034 -0.054225001 0.04908783
v -0.015358541 -0.054225001 0.049729142
v -0.014518026 -0.054225001 0.050126772
v -0.014063407 -0.054225001 0.050238681
v -0.0136438 -0.054225001 0.050439801
v -0.0136438 -0.052090998 0.050439801
v -0.013679055 -0.052090998 0.050415187
v -0.013679055 -0.050481 0.050415187
v -0.0136438 -0.050481 0.050439801
v -0.0136438 -0.048556352 0.050439801
v -0.013679055 -0.048556352 0.050415187
v -0.013679055 -0.046946349 0.050415187
v -0.0136438 -0.046946349 0.050439801
v -0.0136438 -0.045021701 0.050439801
v -0.013679055 -0.045021701 0.050415187
v -0.013679055 -0.043411698 0.050415187
v -0.0136438 -0.043411698 0.050439801
v -0.0136438 -0.04148705 0.050439801
v -0.013679055 -0.04148705 0.050415187
v -0.013679055 -0.03987705 0.050415187
v -0.0136438 -0.03987705 0.050439801
v -0.0136438 -0.037952399 0.050439801
v -0.013679055 -0.037952399 0.050415187
v -0.013679055 -0.036345 0.050415187
v -0.013834029 -0.036345 0.050326414
v -0.013986787 -0.036345 0.050265965
v -0.01414607 -0.036345 0.050221028
v -0.014320619 -0.036345 0.05017879
v -0.014519176 -0.036345 0.050126438
v -0.014519176 -0.034414999 0.050126438
v -0.014180055 -0.034414999 0.050207658
v -0.013679055 -0.034414999 0.050415187
v -0.013679055 -0.032807751 0.050415187
v -0.0136438 -0.032807751 0.050439801
v -0.0136438 -0.0308831 0.050439801
v -0.013679055 -0.0308831 0.050415187
v -0.013679055 -0.0292731 0.050415187
v -0.0136438 -0.0292731 0.050439801
v -0.0136438 -0.027348449 0.050439801
v -0.013679055 -0.027348449 0.050415187
v -0.013679055 -0.025738449 0.050415187
v -0.0136438 -0.025738449 0.050439801
v -0.0136438 -0.023813801 0.050439801
v -0.013679055 -0.023813801 0.050415187
v -0.013679055 -0.022203801 0.050415187
v -0.0136438 -0.022203801 0.050439801
v -0.0136438 -0.02027915 0.050439801
v -0.013679055 -0.02027915 0.050415187
v -0.013679055 -0.01867175 0.050415187
v -0.013834029 -0.01867175 0.050326414
v -0.013986787 -0.01867175 0.050265965
v -0.01414607 -0.01867175 0.050221028
v -0.014320619 -0.01867175 0.05017879
v -0.014519176 -0.01867175 0.050126438
v -0.014519176 -0.01674175 0.050126438
v -0.014180055 -0.01674175 0.050207658
v -0.013679055 -0.01674175 0.050415187
v -0.013679055 -0.0151345 0.050415187
v -0.0136438 -0.0151345 0.050439801
v -0.0136438 -0.01320985 0.050439801
v -0.013679055 -0.01320985 0.050415187
v -0.013679055 -0.011599849 0.050415187
v -0.0136438 -0.011599849 0.050439801
v -0.0136438 -0.0096752 0.050439801
v -0.013679055 -0.0096752 0.050415187
v -0.013679055 -0.0080651999 0.050415187
v -0.0136438 -0.0080651999 0.050439801
v -0.0136438 -0.0061405498 0.050439801
v -0.013679055 -0.0061405498 0.050415187
v -0.013679055 -0.0045305499 0.050415187
v -0.0136438 -0.0045305499 0.050439801
v -0.0136438 -0.0026058999 0.050439801
v -0.013679055 -0.0026058999 0.050415187
v -0.013679055 -0.00099849999 0.050415187
v -0.013834029 -0.00099849999 0.050326414
v -0.013986787 -0.00099849999 0.050265965
v -0.01414607 -0.00099849999 0.050221028
v -0.014320619 -0.00099849999 0.05017879
v -0.014519176 -0.00099849999 0.050126438
v -0.014519176 0.00093149997 0.050126438
v -0.014180055 0.00093149997 0.050207658
v -0.013679055 0.00093149997 0.050415187
v -0.013679055 0.0025387499 0.050415187
v -0.0136438 0.0025387499 0.050439801
v -0.0136438 0.0044633999 0.050439801
v -0.013679055 0.0044633999 0.050415187
v -0.013679055 0.0060733998 0.050415187
v -0.0136438 0.0060733998 0.050439801
v -0.0136438 0.0079980499 0.050439801
v -0.013679055 0.0079980499 0.050415187
v -0.013679055 0.00960805 0.050415187
v -0.0136438 0.00960805 0.050439801
v -0.0136438 0.0115327 0.050439801
v -0.013679055 0.0115327 0.050415187
v -0.013679055 0.0131427 0.050415187
v -0.0136438 0.0131427 0.050439801
v -0.0136438 0.01506735 0.050439801
v -0.013679055 0.01506735 0.050415187
v -0.013679055 0.01667475 0.050415187
v -0.013834029 0.01667475 0.050326414
v -0.013986787 0.01667475 0.050265965
v -0.01414607 0.01667475 0.050221028
v -0.014320619 0.01667475 0.05017879
v -0.014519176 0.01667475 0.050126438
v -0.014519176 0.018604749 0.050126438
v -0.014180055 0.018604749 0.050207658
v -0.013679055 0.018604749 0.050415187
v -0.013679055 0.020211999 0.050415187
v -0.0136438 0.020211999 0.050439801
v -0.0136438 0.02213665 0.050439801
v -0.013679055 0.02213665 0.050415187
v -0.013679055 0.02374665 0.050415187
v -0.0136438 0.02374665 0.050439801
v -0.0136438 0.025671301 0.050439801
v -0.013679055 0.025671301 0.050415187
v -0.013679055 0.027281301 0.050415187
v -0.0136438 0.027281301 0.050439801
v -0.0136438 0.029205949 0.050439801
v -0.013679055 0.029205949 0.050415187
v -0.013679055 0.030815949 0.050415187
v -0.0136438 0.030815949 0.050439801
v -0.0136438 0.0327406 0.050439801
v -0.013679055 0.0327406 0.050415187
v -0.013506233 -0.036342399 0.050361061
v -0.013506233 -0.036345 0.050361061
v -0.013679055 -0.036345 0.050415187
v -0.013679055 -0.037952399 0.050415187
v -0.013455532 -0.037952399 0.0503441
v -0.01314401 -0.037952399 0.050328312
v -0.012790861 -0.037952399 0.050322933
v -0.012537 -0.037952399 0.050143399
v -0.012537 -0.036342399 0.050143399
v -0.012730563 -0.036342399 0.050304651
v -0.013000251 -0.036342399 0.050337563
v -0.0092997003 0.054225001 0.0737363
v -0.0092997003 0.056725001 0.0737363
v -0.0082703 0.056725001 0.075009699
v -0.0082703 0.054225001 0.075009699
v -0.0017099179 0.041384902 0.018018194
v -0.0017099179 0.039844899 0.018018194
v -0.0015623884 0.039844899 0.018085564
v -0.0013489805 0.039844899 0.018055273
v -0.0008783 0.039844899 0.0180231
v -0.0008783 0.041384902 0.0180231
v -0.0013489805 0.041384902 0.018055273
v -0.0015623884 0.041384902 0.018085564
v -0.01002 0.054225001 0.089463196
v -0.01002 0.056725001 0.089463196
v -0.0099572003 0.056725001 0.085503302
v -0.0099572003 0.054225001 0.085503302
v 0.00075000003 0.083575497 0.1296665
v -0.00075000003 0.083575497 0.1296665
v -0.00075000003 0.083271303 0.1312404
v 0.00075000003 0.083271303 0.1312404
v 0.00075000003 0.083271303 0.1312404
v -0.00075000003 0.083271303 0.1312404
v -0.00075000003 0.083205748 0.13147308
v -0.00075000003 0.083134708 0.13170357
v -0.00075000003 0.083057413 0.13193152
v -0.00075000003 0.082973852 0.13215696
v -0.00075000003 0.082884798 0.1323802
v 0.00075000003 0.082884798 0.1323802
v 0.00075000003 0.082973852 0.13215696
v 0.00075000003 0.083057413 0.13193152
v 0.00075000003 0.083134708 0.13170357
v 0.00075000003 0.083205748 0.13147308
v -0.010698299 0.054225001 0.084871197
v -0.010698299 0.056725001 0.084871197
v -0.0171583 0.056725001 0.080433197
v -0.0171583 0.054225001 0.080433197
v -0.0132595 -0.052090998 0.045248799
v -0.010146 -0.052090998 0.0443256
v -0.010146 -0.054225001 0.0443256
v -0.011106284 -0.054225001 0.044610338
v -0.0132595 -0.054225001 0.045248799
v -0.0110761 -0.054225001 0.052911201
v -0.011106284 -0.054225001 0.044610338
v -0.010146 -0.054225001 0.0443256
v -0.0099786162 -0.054225001 0.04457849
v -0.0099831003 -0.054225001 0.045018902
v -0.0099831003 -0.054225001 0.052762799
v -0.010004209 -0.054225001 0.052810669
v -0.010031909 -0.054225001 0.052850051
v -0.010067147 -0.054225001 0.052879734
v -0.010109925 -0.054225001 0.052899714
v -0.010159301 -0.054225001 0.052911201
v -0.010288148 -0.054225001 0.07185822
v -0.0107111 -0.054225001 0.070821199
v -0.01078835 -0.054225001 0.07063592
v -0.010857859 -0.054225001 0.070441489
v -0.010918541 -0.054225001 0.070236626
v -0.010970447 -0.054225001 0.070021386
v -0.0110147 -0.054225001 0.069797101
v -0.011014992 -0.054225001 0.06971693
v -0.0100994 -0.054225001 0.069446001
v -0.0100015 -0.054225001 0.069539199
v -0.0100087 -0.054225001 0.071480498
v -0.0100087 -0.054225001 0.0716045
v -0.0052537 -0.056725001 0.077595901
v -0.0052537 -0.054225001 0.077595901
v -0.0050906879 -0.054225001 0.077641025
v -0.0049233907 -0.054225001 0.077672544
v -0.004751201 -0.054225001 0.077688532
v -0.0045741314 -0.054225001 0.077689033
v -0.0043928 -0.054225001 0.077676001
v -0.0043928 -0.056725001 0.077676001
v -0.0045741314 -0.056725001 0.077689033
v -0.004751201 -0.056725001 0.077688532
v -0.0049233907 -0.056725001 0.077672544
v -0.0050906879 -0.056725001 0.077641025
v 0.0183858 -0.056725001 0.078084502
v 0.0183858 -0.054225001 0.078084502
v 0.018261336 -0.054225001 0.078705049
v 0.018027765 -0.054225001 0.079289589
v 0.017666699 -0.054225001 0.079809618
v 0.0171762 -0.054225001 0.080245104
v 0.0171762 -0.056725001 0.080245104
v 0.017666699 -0.056725001 0.079809618
v 0.018027765 -0.056725001 0.079289589
v 0.018261336 -0.056725001 0.078705049
v -0.00075000003 -0.080433798 0.1352352
v 0.00075000003 -0.080433798 0.1352352
v 0.00075000003 -0.08021924 0.13539197
v 0.00075000003 -0.080002146 0.13554316
v 0.00075000003 -0.079782152 0.13568796
v 0.00075000003 -0.079559245 0.13582638
v 0.00075000003 -0.079333801 0.1359592
v -0.00075000003 -0.079333801 0.1359592
v -0.00075000003 -0.079559245 0.13582638
v -0.00075000003 -0.079782152 0.13568796
v -0.00075000003 -0.080002146 0.13554316
v -0.00075000003 -0.08021924 0.13539197
v -0.0184699 -0.056725001 0.077778301
v -0.0184699 -0.054225001 0.077778301
v -0.0184699 -0.054225001 0.043501501
v -0.0184699 -0.056725001 0.043501501
v 0.0109935 -0.056725001 0.069991202
v 0.0109935 -0.054225001 0.069991202
v 0.010995042 -0.054225001 0.069711027
v 0.01108749 -0.054225001 0.052911201
v 0.0110923 -0.054225001 0.052037101
v 0.0110923 -0.056725001 0.052037101
v 0.011427799 0.036275251 0.052648401
v 0.01122 0.036275251 0.0527597
v 0.01122 0.036278 0.0527597
v 0.011427799 0.036278 0.052648401
v 0.010146 -0.052090998 0.0443256
v 0.0132595 -0.052090998 0.045248799
v 0.0132595 -0.054225001 0.045248799
v 0.0110923 -0.054225001 0.044606194
v 0.010146 -0.054225001 0.0443256
v -0.0008783 -0.046981349 0.0180231
v -0.0008783 -0.048521352 0.0180231
v 0.0011228 -0.048521352 0.0180231
v 0.0011228 -0.046981349 0.0180231
v 0.0017134655 -0.048521352 0.018048944
v 0.0017134655 -0.046981349 0.018048944
v 0.001600834 -0.046981349 0.018055419
v 0.0014591068 -0.046981349 0.018031569
v 0.0012983435 -0.046981349 0.01801546
v 0.0011228 -0.046981349 0.0180231
v 0.0011228 -0.048521352 0.0180231
v 0.0012983435 -0.048521352 0.01801546
v 0.0014591068 -0.048521352 0.018031569
v 0.001600834 -0.048521352 0.018055419
v 0.0089046001 0.054225001 0.074275398
v 0.0089046001 0.056725001 0.074275398
v 0.0097749001 0.056725001 0.072986102
v 0.0097749001 0.054225001 0.072986102
v 0.014519176 0.01667475 0.050126438
v 0.014519176 0.018604749 0.050126438
v 0.014436003 0.018604749 0.050456262
v 0.0144551 0.018604749 0.0508393
v 0.0144551 0.01667475 0.0508393
v 0.014436003 0.01667475 0.050456262
v 0.014519176 0.036278 0.050126438
v 0.014320619 0.036278 0.05017879
v 0.01414607 0.036278 0.050221028
v 0.013986787 0.036278 0.050265965
v 0.013834029 0.036278 0.050326414
v 0.013679055 0.036278 0.050415187
v 0.013506233 0.036278 0.050361061
v 0.011427799 0.036278 0.052648401
v 0.01122 0.036278 0.0527597
v 0.0101869 0.036278 0.0527597
v 0.010135024 0.036278 0.052750258
v 0.010087583 0.036278 0.052750711
v 0.010045217 0.036278 0.052762499
v 0.010007933 0.036278 0.052785635
v 0.0099751002 0.036278 0.052818699
v 0.0099751002 0.036278 0.069453602
v 0.0100936 0.036278 0.069606099
v 0.01308709 0.036278 0.070487943
v 0.013269511 0.036278 0.070471807
v 0.013346953 0.036278 0.070406981
v 0.0135677 0.036278 0.070472298
v 0.01380402 0.036278 0.070507741
v 0.014022518 0.036278 0.07053812
v 0.014227622 0.036278 0.070568004
v 0.014423757 0.036278 0.070601945
v 0.014615349 0.036278 0.070644507
v 0.0144551 0.036278 0.0704321
v 0.0144551 0.036278 0.0508393
v 0.014436003 0.036278 0.050456262
v 0.0100087 0.052023849 0.071480498
v 0.0100087 0.052023849 0.0716045
v 0.0100087 0.054225001 0.0716045
v 0.0100087 0.054225001 0.071480498
v 0.013279898 0.052023849 0.045254116
v 0.013279898 0.050413852 0.045254116
v 0.013056375 0.050413852 0.045347772
v 0.012576048 0.050413852 0.045439129
v 0.012460285 0.050413852 0.045646539
v 0.01248201 0.050413852 0.045966954
v 0.012537 0.050413852 0.046556301
v 0.012537 0.052023849 0.046556301
v 0.01248201 0.052023849 0.045966954
v 0.012460285 0.052023849 0.045646539
v 0.012576048 0.052023849 0.045439129
v 0.013056375 0.052023849 0.045347772
v 0.0100015 -0.052090998 0.069539199
v 0.0100994 -0.052090998 0.069446001
v 0.0100994 -0.054225001 0.069446001
v 0.0100015 -0.054225001 0.069539199
v 0.0100015 0.052023849 0.069539199
v 0.0100087 0.052023849 0.071480498
v 0.0100087 0.054225001 0.071480498
v 0.0100015 0.054225001 0.069539199
v 0.013279898 -0.050481 0.045254116
v 0.013279898 -0.052090998 0.045254116
v 0.013056375 -0.052090998 0.045347772
v 0.012576048 -0.052090998 0.045439129
v 0.012460285 -0.052090998 0.045646539
v 0.01248201 -0.052090998 0.045966954
v 0.012537 -0.052090998 0.046556301
v 0.012537 -0.050481 0.046556301
v 0.01248201 -0.050481 0.045966954
v 0.012460285 -0.050481 0.045646539
v 0.012576048 -0.050481 0.045439129
v 0.013056375 -0.050481 0.045347772
v -0.0171583 -0.056725001 0.080433197
v -0.0171583 -0.054225001 0.080433197
v -0.018033984 -0.054225001 0.079202805
v -0.018306849 -0.054225001 0.078511872
v -0.0184699 -0.054225001 0.077778301
v -0.0184699 -0.056725001 0.077778301
v -0.018306849 -0.056725001 0.078511872
v -0.018033984 -0.056725001 0.079202805
v -0.00075000003 -0.074797201 0.1262868
v 0.00075000003 -0.074797201 0.1262868
v 0.00075000003 -0.079899998 0.1172009
v -0.00075000003 -0.079899998 0.1172009
v 0.0099831003 0.050413852 0.052762799
v 0.0099831003 0.050413852 0.045018902
v 0.0099831003 0.048489199 0.045018902
v 0.0099831003 0.048489199 0.052762799
v 0.0136438 -0.048556352 0.050439801
v 0.0118677 -0.048556352 0.052400799
v 0.0118677 -0.050481 0.052400799
v 0.0136438 -0.050481 0.050439801
v 0.0049708 0.054225001 0.1355853
v 0.0049708 0.056725001 0.1355853
v 0.0045021176 0.056725001 0.13632732
v 0.0038143337 0.056725001 0.13685826
v 0.0030416289 0.056725001 0.13721395
v 0.0026076069 0.056725001 0.13729947
v 0.0021513 0.056725001 0.13727
v 0.0021513 0.054225001 0.13727
v 0.0026076069 0.054225001 0.13729947
v 0.0030416289 0.054225001 0.13721395
v 0.0038143337 0.054225001 0.13685826
v 0.0045021176 0.054225001 0.13632732
v -0.011106284 0.054225001 0.044610338
v -0.0110761 0.054225001 0.052911201
v -0.010159301 0.054225001 0.052911201
v -0.010109925 0.054225001 0.052899714
v -0.010067147 0.054225001 0.052879734
v -0.010031909 0.054225001 0.052850051
v -0.010004209 0.054225001 0.052810669
v -0.0099831003 0.054225001 0.052762799
v -0.0099831003 0.054225001 0.045018902
v -0.0099786162 0.054225001 0.04457849
v -0.010146 0.054225001 0.0443256
v -0.013679055 -0.050481 0.050415187
v -0.013679055 -0.052090998 0.050415187
v -0.013455532 -0.052090998 0.0503441
v -0.01314401 -0.052090998 0.050328312
v -0.012790861 -0.052090998 0.050322933
v -0.012537 -0.052090998 0.050143399
v -0.012537 -0.050481 0.050143399
v -0.012790861 -0.050481 0.050322933
v -0.01314401 -0.050481 0.050328312
v -0.013455532 -0.050481 0.0503441
v -0.0132595 0.052023849 0.045248799
v -0.013279898 0.052023849 0.045254116
v -0.013279898 0.050413852 0.045254116
v -0.0132595 0.050413852 0.045248799
v -0.0132595 0.048489199 0.045248799
v -0.013279898 0.048489199 0.045254116
v -0.013279898 0.046879201 0.045254116
v -0.0132595 0.046879201 0.045248799
v -0.0132595 0.044954548 0.045248799
v -0.013279898 0.044954548 0.045254116
v -0.013279898 0.04334455 0.045254116
v -0.0132595 0.04334455 0.045248799
v -0.0132595 0.041419902 0.045248799
v -0.013279898 0.041419902 0.045254116
v -0.013279898 0.039809899 0.045254116
v -0.0132595 0.039809899 0.045248799
v -0.0132595 0.037885251 0.045248799
v -0.013279898 0.037885251 0.045254116
v -0.013279898 0.036275251 0.045254116
v -0.0132595 0.036275251 0.045248799
v -0.0132595 0.0343506 0.045248799
v -0.013279898 0.0343506 0.045254116
v -0.013279898 0.0327406 0.045254116
v -0.0132595 0.0327406 0.045248799
v -0.0132595 0.030815949 0.045248799
v -0.013279898 0.030815949 0.045254116
v -0.013279898 0.029205949 0.045254116
v -0.0132595 0.029205949 0.045248799
v -0.0132595 0.027281301 0.045248799
v -0.013279898 0.027281301 0.045254116
v -0.013279898 0.025671301 0.045254116
v -0.0132595 0.025671301 0.045248799
v -0.0132595 0.02374665 0.045248799
v -0.013279898 0.02374665 0.045254116
v -0.013279898 0.02213665 0.045254116
v -0.0132595 0.02213665 0.045248799
v -0.0132595 0.020211999 0.045248799
v -0.013279898 0.020211999 0.045254116
v -0.013279898 0.018602 0.045254116
v -0.0132595 0.018602 0.045248799
v -0.0132595 0.01667735 0.045248799
v -0.013279898 0.01667735 0.045254116
v -0.013279898 0.01506735 0.045254116
v -0.0132595 0.01506735 0.045248799
v -0.0132595 0.0131427 0.045248799
v -0.013279898 0.0131427 0.045254116
v -0.013279898 0.0115327 0.045254116
v -0.0132595 0.0115327 0.045248799
v -0.0132595 0.00960805 0.045248799
v -0.013279898 0.00960805 0.045254116
v -0.013279898 0.0079980499 0.045254116
v -0.0132595 0.0079980499 0.045248799
v -0.0132595 0.0060733998 0.045248799
v -0.013279898 0.0060733998 0.045254116
v -0.013279898 0.0044633999 0.045254116
v -0.0132595 0.0044633999 0.045248799
v -0.0132595 0.0025387499 0.045248799
v -0.013279898 0.0025387499 0.045254116
v -0.013279898 0.00092874996 0.045254116
v -0.0132595 0.00092874996 0.045248799
v -0.0132595 -0.00099590003 0.045248799
v -0.013279898 -0.00099590003 0.045254116
v -0.013279898 -0.0026058999 0.045254116
v -0.0132595 -0.0026058999 0.045248799
v -0.0132595 -0.0045305499 0.045248799
v -0.013279898 -0.0045305499 0.045254116
v -0.013279898 -0.0061405498 0.045254116
v -0.0132595 -0.0061405498 0.045248799
v -0.0132595 -0.0080651999 0.045248799
v -0.013279898 -0.0080651999 0.045254116
v -0.013279898 -0.0096752 0.045254116
v -0.0132595 -0.0096752 0.045248799
v -0.0132595 -0.011599849 0.045248799
v -0.013279898 -0.011599849 0.045254116
v -0.013279898 -0.01320985 0.045254116
v -0.0132595 -0.01320985 0.045248799
v -0.0132595 -0.0151345 0.045248799
v -0.013279898 -0.0151345 0.045254116
v -0.013279898 -0.0167445 0.045254116
v -0.0132595 -0.0167445 0.045248799
v -0.0132595 -0.01866915 0.045248799
v -0.013279898 -0.01866915 0.045254116
v -0.013279898 -0.02027915 0.045254116
v -0.0132595 -0.02027915 0.045248799
v -0.0132595 -0.022203801 0.045248799
v -0.013279898 -0.022203801 0.045254116
v -0.013279898 -0.023813801 0.045254116
v -0.0132595 -0.023813801 0.045248799
v -0.0132595 -0.025738449 0.045248799
v -0.013279898 -0.025738449 0.045254116
v -0.013279898 -0.027348449 0.045254116
v -0.0132595 -0.027348449 0.045248799
v -0.0132595 -0.0292731 0.045248799
v -0.013279898 -0.0292731 0.045254116
v -0.013279898 -0.0308831 0.045254116
v -0.0132595 -0.0308831 0.045248799
v -0.0132595 -0.032807751 0.045248799
v -0.013279898 -0.032807751 0.045254116
v -0.013279898 -0.034417751 0.045254116
v -0.0132595 -0.034417751 0.045248799
v -0.0132595 -0.036342399 0.045248799
v -0.013279898 -0.036342399 0.045254116
v -0.013279898 -0.037952399 0.045254116
v -0.0132595 -0.037952399 0.045248799
v -0.0132595 -0.03987705 0.045248799
v -0.013279898 -0.03987705 0.045254116
v -0.013279898 -0.04148705 0.045254116
v -0.0132595 -0.04148705 0.045248799
v -0.0132595 -0.043411698 0.045248799
v -0.013279898 -0.043411698 0.045254116
v -0.013279898 -0.045021701 0.045254116
v -0.0132595 -0.045021701 0.045248799
v -0.0132595 -0.046946349 0.045248799
v -0.013279898 -0.046946349 0.045254116
v -0.013279898 -0.048556352 0.045254116
v -0.0132595 -0.048556352 0.045248799
v -0.0132595 -0.050481 0.045248799
v -0.013279898 -0.050481 0.045254116
v -0.013279898 -0.052090998 0.045254116
v -0.0132595 -0.052090998 0.045248799
v -0.0132595 -0.054225001 0.045248799
v -0.014342099 -0.054225001 0.045530901
v -0.014342099 0.054225001 0.045530901
v -0.0132595 0.054225001 0.045248799
v -0.0107111 0.054225001 0.070821199
v -0.010288148 0.054225001 0.07185822
v -0.0100087 0.054225001 0.0716045
v -0.0100087 0.054225001 0.071480498
v -0.0100015 0.054225001 0.069539199
v -0.0100994 0.054225001 0.069446001
v -0.011014992 0.054225001 0.06971693
v -0.0110147 0.054225001 0.069797101
v -0.010970447 0.054225001 0.070021386
v -0.010918541 0.054225001 0.070236626
v -0.010857859 0.054225001 0.070441489
v -0.01078835 0.054225001 0.07063592
v -0.0100308 0.054225001 0.0724892
v -0.0100308 0.056725001 0.0724892
v -0.0092997003 0.056725001 0.0737363
v -0.0092997003 0.054225001 0.0737363
v -0.0008783 0.041384902 0.0180231
v -0.0008783 0.039844899 0.0180231
v 0.0011228 0.039844899 0.0180231
v 0.0011228 0.041384902 0.0180231
v -0.0097799999 0.054225001 0.1316661
v -0.0097799999 0.056725001 0.1316661
v -0.01002 0.056725001 0.089463196
v -0.01002 0.054225001 0.089463196
v 0.00075000003 0.083968496 0.1179934
v -0.00075000003 0.083968496 0.1179934
v -0.00075000003 0.083575497 0.1296665
v 0.00075000003 0.083575497 0.1296665
v 0.00075000003 0.082884798 0.1323802
v -0.00075000003 0.082884798 0.1323802
v -0.00075000003 0.081766396 0.1340169
v 0.00075000003 0.081766396 0.1340169
v -0.0171583 0.054225001 0.080433197
v -0.0171583 0.056725001 0.080433197
v -0.018033984 0.056725001 0.079202805
v -0.018306849 0.056725001 0.078511872
v -0.0184699 0.056725001 0.077778301
v -0.0184699 0.054225001 0.077778301
v -0.018306849 0.054225001 0.078511872
v -0.018033984 0.054225001 0.079202805
v -0.0069554001 -0.056725001 0.076272602
v -0.0069554001 -0.054225001 0.076272602
v -0.0052537 -0.054225001 0.077595901
v -0.0052537 -0.056725001 0.077595901
v 0.0183858 -0.056725001 0.070862398
v 0.0183858 -0.054225001 0.070862398
v 0.0183858 -0.054225001 0.078084502
v 0.0183858 -0.056725001 0.078084502
v -0.00075000003 -0.079333801 0.1359592
v 0.00075000003 -0.079333801 0.1359592
v 0.00075000003 -0.077642698 0.1367049
v -0.00075000003 -0.077642698 0.1367049
v -0.0184699 -0.056725001 0.043501501
v -0.0184699 -0.054225001 0.043501501
v -0.0170152 -0.054225001 0.035004301
v -0.0170152 -0.056725001 0.035004301
v 0.011427799 0.0343506 0.052648401
v 0.013506233 0.0343506 0.050361061
v 0.013506233 0.034347999 0.050361061
v 0.011427799 0.034347999 0.052648401
v 0.0110923 -0.056725001 0.052037101
v 0.0110923 -0.054225001 0.052037101
v 0.0110923 -0.054225001 0.044606194
v 0.0110923 -0.054225001 0.0296123
v 0.0110923 -0.056725001 0.0296123
v -0.0017099179 -0.048521352 0.018018194
v -0.0015780129 -0.048521352 0.018567621
v -0.0012623653 -0.048521352 0.019056196
v -0.00067759603 -0.048521352 0.019479625
v -0.00033694662 -0.048521352 0.019585383
v 0.00016759999 -0.048521352 0.0196112
v 0.00087720916 -0.048521352 0.019374551
v 0.0011393947 -0.048521352 0.019183298
v 0.0014213887 -0.048521352 0.018862392
v 0.001617243 -0.048521352 0.018463665
v 0.0017134655 -0.048521352 0.018048944
v 0.001600834 -0.048521352 0.018055419
v 0.0014591068 -0.048521352 0.018031569
v 0.0012983435 -0.048521352 0.01801546
v 0.0011228 -0.048521352 0.0180231
v -0.0008783 -0.048521352 0.0180231
v -0.0013489805 -0.048521352 0.018055273
v -0.0015623884 -0.048521352 0.018085564
v 0.013346953 0.036278 0.070406981
v 0.013269511 0.036278 0.070471807
v 0.01308709 0.036278 0.070487943
v 0.01308709 0.036275251 0.070487943
v 0.01289251 0.036275251 0.070505438
v 0.012689248 0.036275251 0.070548701
v 0.0124895 0.036275251 0.070624099
v 0.0124895 0.037885251 0.070624099
v 0.013058031 0.037885251 0.070489669
v 0.013275433 0.037885251 0.070470557
v 0.013346953 0.037885251 0.070406981
v 0.0100087 0.052023849 0.0716045
v 0.012507082 0.052023849 0.073872852
v 0.012507082 0.050413852 0.073872852
v 0.0100087 0.050413852 0.0716045
v 0.0100087 0.048489199 0.0716045
v 0.012507082 0.048489199 0.073872852
v 0.012507082 0.046879201 0.073872852
v 0.0100087 0.046879201 0.0716045
v 0.0100087 0.044954548 0.0716045
v 0.012507082 0.044954548 0.073872852
v 0.012507082 0.04334455 0.073872852
v 0.0100087 0.04334455 0.0716045
v 0.0100087 0.041419902 0.0716045
v 0.012507082 0.041419902 0.073872852
v 0.012507082 0.039809899 0.073872852
v 0.0100087 0.039809899 0.0716045
v 0.0100087 0.037885251 0.0716045
v 0.012507082 0.037885251 0.073872852
v 0.012507082 0.036275251 0.073872852
v 0.0100087 0.036275251 0.0716045
v 0.0100087 0.0343506 0.0716045
v 0.012507082 0.0343506 0.073872852
v 0.012507082 0.0327406 0.073872852
v 0.0100087 0.0327406 0.0716045
v 0.0100087 0.030815949 0.0716045
v 0.012507082 0.030815949 0.073872852
v 0.012507082 0.029205949 0.073872852
v 0.0100087 0.029205949 0.0716045
v 0.0100087 0.027281301 0.0716045
v 0.012507082 0.027281301 0.073872852
v 0.012507082 0.025671301 0.073872852
v 0.0100087 0.025671301 0.0716045
v 0.0100087 0.02374665 0.0716045
v 0.012507082 0.02374665 0.073872852
v 0.012507082 0.02213665 0.073872852
v 0.0100087 0.02213665 0.0716045
v 0.0100087 0.020211999 0.0716045
v 0.012507082 0.020211999 0.073872852
v 0.012507082 0.018602 0.073872852
v 0.0100087 0.018602 0.0716045
v 0.0100087 0.01667735 0.0716045
v 0.012507082 0.01667735 0.073872852
v 0.012507082 0.01506735 0.073872852
v 0.0100087 0.01506735 0.0716045
v 0.0100087 0.0131427 0.0716045
v 0.012507082 0.0131427 0.073872852
v 0.012507082 0.0115327 0.073872852
v 0.0100087 0.0115327 0.0716045
v 0.0100087 0.00960805 0.0716045
v 0.012507082 0.00960805 0.073872852
v 0.012507082 0.0079980499 0.073872852
v 0.0100087 0.0079980499 0.0716045
v 0.0100087 0.0060733998 0.0716045
v 0.012507082 0.0060733998 0.073872852
v 0.012507082 0.0044633999 0.073872852
v 0.0100087 0.0044633999 0.0716045
v 0.0100087 0.0025387499 0.0716045
v 0.012507082 0.0025387499 0.073872852
v 0.012507082 0.00092874996 0.073872852
v 0.0100087 0.00092874996 0.0716045
v 0.0100087 -0.00099590003 0.0716045
v 0.012507082 -0.00099590003 0.073872852
v 0.012507082 -0.0026058999 0.073872852
v 0.0100087 -0.0026058999 0.0716045
v 0.0100087 -0.0045305499 0.0716045
v 0.012507082 -0.0045305499 0.073872852
v 0.012507082 -0.0061405498 0.073872852
v 0.0100087 -0.0061405498 0.0716045
v 0.0100087 -0.0080651999 0.0716045
v 0.012507082 -0.0080651999 0.073872852
v 0.012507082 -0.0096752 0.073872852
v 0.0100087 -0.0096752 0.0716045
v 0.0100087 -0.011599849 0.0716045
v 0.012507082 -0.011599849 0.073872852
v 0.012507082 -0.01320985 0.073872852
v 0.0100087 -0.01320985 0.0716045
v 0.0100087 -0.0151345 0.0716045
v 0.012507082 -0.0151345 0.073872852
v 0.012507082 -0.0167445 0.073872852
v 0.0100087 -0.0167445 0.0716045
v 0.0100087 -0.01866915 0.0716045
v 0.012507082 -0.01866915 0.073872852
v 0.012507082 -0.02027915 0.073872852
v 0.0100087 -0.02027915 0.0716045
v 0.0100087 -0.022203801 0.0716045
v 0.012507082 -0.022203801 0.073872852
v 0.012507082 -0.023813801 0.073872852
v 0.0100087 -0.023813801 0.0716045
v 0.0100087 -0.025738449 0.0716045
v 0.012507082 -0.025738449 0.073872852
v 0.012507082 -0.027348449 0.073872852
v 0.0100087 -0.027348449 0.0716045
v 0.0100087 -0.0292731 0.0716045
v 0.012507082 -0.0292731 0.073872852
v 0.012507082 -0.0308831 0.073872852
v 0.0100087 -0.0308831 0.0716045
v 0.0100087 -0.032807751 0.0716045
v 0.012507082 -0.032807751 0.073872852
v 0.012507082 -0.034417751 0.073872852
v 0.0100087 -0.034417751 0.0716045
v 0.0100087 -0.036342399 0.0716045
v 0.012507082 -0.036342399 0.073872852
v 0.012507082 -0.037952399 0.073872852
v 0.0100087 -0.037952399 0.0716045
v 0.0100087 -0.03987705 0.0716045
v 0.012507082 -0.03987705 0.073872852
v 0.012507082 -0.04148705 0.073872852
v 0.0100087 -0.04148705 0.0716045
v 0.0100087 -0.043411698 0.0716045
v 0.012507082 -0.043411698 0.073872852
v 0.012507082 -0.045021701 0.073872852
v 0.0100087 -0.045021701 0.0716045
v 0.0100087 -0.046946349 0.0716045
v 0.012507082 -0.046946349 0.073872852
v 0.012507082 -0.048556352 0.073872852
v 0.0100087 -0.048556352 0.0716045
v 0.0100087 -0.050481 0.0716045
v 0.012507082 -0.050481 0.073872852
v 0.012507082 -0.052090998 0.073872852
v 0.0100087 -0.052090998 0.0716045
v 0.0100087 -0.054225001 0.0716045
v 0.010299398 -0.054225001 0.071868434
v 0.0141685 -0.054225001 0.075381298
v 0.0141685 0.054225001 0.075381298
v 0.010299398 0.054225001 0.071868434
v 0.0100087 0.054225001 0.0716045
v 0.009996503 -0.034417751 0.052795639
v 0.010037916 -0.034417751 0.05276598
v 0.010088151 -0.034417751 0.05275064
v 0.010141007 -0.034417751 0.052750854
v 0.0101869 -0.034417751 0.0527597
v 0.01122 -0.034417751 0.0527597
v 0.011427799 -0.034417751 0.052648401
v 0.013506233 -0.034417751 0.050361061
v 0.013000251 -0.034417751 0.050337563
v 0.012730563 -0.034417751 0.050304651
v 0.012537 -0.034417751 0.050143399
v 0.012537 -0.034417751 0.046556301
v 0.01248201 -0.034417751 0.045966954
v 0.012460285 -0.034417751 0.045646539
v 0.012576048 -0.034417751 0.045439129
v 0.013056375 -0.034417751 0.045347772
v 0.013279898 -0.034417751 0.045254116
v 0.0132595 -0.034417751 0.045248799
v 0.010146 -0.034417751 0.0443256
v 0.0099759024 -0.034417751 0.04459084
v 0.0099831003 -0.034417751 0.045018902
v 0.0099831003 -0.034417751 0.052762799
v 0.0097749001 0.054225001 0.072986102
v 0.0097749001 0.056725001 0.072986102
v 0.0104035 0.056725001 0.0716466
v 0.0104035 0.054225001 0.0716466
v 0.010299398 0.054225001 0.071868434
v 0.0100994 0.052023849 0.069446001
v 0.0100015 0.052023849 0.069539199
v 0.0100015 0.054225001 0.069539199
v 0.0100994 0.054225001 0.069446001
v 0.012537 -0.052090998 0.050143399
v 0.012537 -0.050481 0.050143399
v 0.012537 -0.050481 0.046556301
v 0.012537 -0.052090998 0.046556301
v -0.010698299 -0.056725001 0.084871197
v -0.010698299 -0.054225001 0.084871197
v -0.0171583 -0.054225001 0.080433197
v -0.0171583 -0.056725001 0.080433197
v -0.00075000003 -0.072688799 0.126317
v 0.00075000003 -0.072688799 0.126317
v 0.00075000003 -0.073747478 0.12643677
v 0.00075000003 -0.074797201 0.1262868
v -0.00075000003 -0.074797201 0.1262868
v -0.00075000003 -0.073747478 0.12643677
v 0.0099831003 0.050413852 0.045018902
v 0.0099759024 0.050413852 0.04459084
v 0.010146 0.050413852 0.0443256
v 0.010146 0.048489199 0.0443256
v 0.0099753118 0.048489199 0.04459372
v 0.0099831003 0.048489199 0.045018902
v 0.0118677 0.052023849 0.052400799
v 0.0136438 0.052023849 0.050439801
v 0.0136438 0.054225001 0.050439801
v 0.0118677 0.054225001 0.052400799
v 0.0098855001 0.054225001 0.1130637
v 0.0098855001 0.056725001 0.1130637
v 0.0049708 0.056725001 0.1355853
v 0.0049708 0.054225001 0.1355853
v -0.010146 0.052023849 0.0443256
v -0.0132595 0.052023849 0.045248799
v -0.0132595 0.054225001 0.045248799
v -0.011106284 0.054225001 0.044610338
v -0.010146 0.054225001 0.0443256
v -0.0107111 0.054225001 0.070821199
v -0.0107111 0.056725001 0.070821199
v -0.0100308 0.056725001 0.0724892
v -0.0100308 0.054225001 0.0724892
v -0.010288148 0.054225001 0.07185822
v -0.0017099179 0.039844899 0.018018194
v -0.0015780129 0.039844899 0.018567621
v -0.0012623653 0.039844899 0.019056196
v -0.00067759603 0.039844899 0.019479625
v -0.00033694662 0.039844899 0.019585383
v 0.00016759999 0.039844899 0.0196112
v 0.00087720916 0.039844899 0.019374551
v 0.0011393947 0.039844899 0.019183298
v 0.0014213887 0.039844899 0.018862392
v 0.001617243 0.039844899 0.018463665
v 0.0017134655 0.039844899 0.018048944
v 0.001600834 0.039844899 0.018055419
v 0.0014591068 0.039844899 0.018031569
v 0.0012983435 0.039844899 0.01801546
v 0.0011228 0.039844899 0.0180231
v -0.0008783 0.039844899 0.0180231
v -0.0013489805 0.039844899 0.018055273
v -0.0015623884 0.039844899 0.018085564
v -0.0058077002 0.054225001 0.13717
v -0.0058077002 0.056725001 0.13717
v -0.0062902737 0.056725001 0.13715183
v -0.0067452192 0.056725001 0.13702759
v -0.0075479817 0.056725001 0.13658375
v -0.0082678306 0.056725001 0.1359808
v -0.0088844228 0.056725001 0.13524751
v -0.009341054 0.056725001 0.13443032
v -0.0096399271 0.056725001 0.13356588
v -0.009769662 0.056725001 0.13264239
v -0.0097799999 0.056725001 0.1316661
v -0.0097799999 0.054225001 0.1316661
v -0.009769662 0.054225001 0.13264239
v -0.0096399271 0.054225001 0.13356588
v -0.009341054 0.054225001 0.13443032
v -0.0088844228 0.054225001 0.13524751
v -0.0082678306 0.054225001 0.1359808
v -0.0075479817 0.054225001 0.13658375
v -0.0067452192 0.054225001 0.13702759
v -0.0062902737 0.054225001 0.13715183
v 0.00075000003 0.079899998 0.1172009
v -0.00075000003 0.079899998 0.1172009
v -0.00075000003 0.080338097 0.11667812
v -0.00075000003 0.080915785 0.11638033
v -0.00075000003 0.081563387 0.11624625
v -0.00075000003 0.082251654 0.11625349
v -0.00075000003 0.082918482 0.11641708
v -0.00075000003 0.083441572 0.11679365
v -0.00075000003 0.083777266 0.11736924
v -0.00075000003 0.083968496 0.1179934
v 0.00075000003 0.083968496 0.1179934
v 0.00075000003 0.083777266 0.11736924
v 0.00075000003 0.083441572 0.11679365
v 0.00075000003 0.082918482 0.11641708
v 0.00075000003 0.082251654 0.11625349
v 0.00075000003 0.081563387 0.11624625
v 0.00075000003 0.080915785 0.11638033
v 0.00075000003 0.080338097 0.11667812
v 0.00075000003 0.081766396 0.1340169
v -0.00075000003 0.081766396 0.1340169
v -0.00075000003 0.080433798 0.1352352
v 0.00075000003 0.080433798 0.1352352
v -0.0184699 0.054225001 0.077778301
v -0.0184699 0.056725001 0.077778301
v -0.0184699 0.056725001 0.043501501
v -0.0184699 0.054225001 0.043501501
v -0.0082703 -0.056725001 0.075009699
v -0.0082703 -0.054225001 0.075009699
v -0.0069554001 -0.054225001 0.076272602
v -0.0069554001 -0.056725001 0.076272602
v 0.0185 -0.056725001 0.051476002
v 0.0185 -0.054225001 0.051476002
v 0.0183858 -0.054225001 0.070862398
v 0.0183858 -0.056725001 0.070862398
v -0.00075000003 -0.077642698 0.1367049
v 0.00075000003 -0.077642698 0.1367049
v 0.00075000003 -0.076171098 0.1368771
v -0.00075000003 -0.076171098 0.1368771
v -0.0170152 -0.056725001 0.035004301
v -0.0170152 -0.054225001 0.035004301
v -0.0138911 -0.054225001 0.018097399
v -0.0138911 -0.056725001 0.018097399
v 0.013506233 0.036278 0.050361061
v 0.013506233 0.036275251 0.050361061
v 0.011427799 0.036275251 0.052648401
v 0.011427799 0.036278 0.052648401
v 0.0110923 -0.056725001 0.0296123
v 0.0110923 -0.054225001 0.0296123
v 0.011028 -0.054225001 0.019153399
v 0.011028 -0.056725001 0.019153399
v 0.013346953 0.034347999 0.070406981
v 0.0135677 0.034347999 0.070472298
v 0.0135677 0.018604749 0.070472298
v 0.013346953 0.018604749 0.070406981
v 0.013346953 0.020211999 0.070406981
v 0.0100994 0.020211999 0.069446001
v 0.0100994 0.02213665 0.069446001
v 0.013346953 0.02213665 0.070406981
v 0.013346953 0.02374665 0.070406981
v 0.0100994 0.02374665 0.069446001
v 0.0100994 0.025671301 0.069446001
v 0.013346953 0.025671301 0.070406981
v 0.013346953 0.027281301 0.070406981
v 0.0100994 0.027281301 0.069446001
v 0.0100994 0.029205949 0.069446001
v 0.013346953 0.029205949 0.070406981
v 0.013346953 0.030815949 0.070406981
v 0.0100994 0.030815949 0.069446001
v 0.0100994 0.0327406 0.069446001
v 0.013346953 0.0327406 0.070406981
v 0.0135677 0.034347999 0.070472298
v 0.01380402 0.034347999 0.070507741
v 0.014022518 0.034347999 0.07053812
v 0.014227622 0.034347999 0.070568004
v 0.014423757 0.034347999 0.070601945
v 0.014615349 0.034347999 0.070644507
v 0.014615349 0.036278 0.070644507
v 0.014423757 0.036278 0.070601945
v 0.014227622 0.036278 0.070568004
v 0.014022518 0.036278 0.07053812
v 0.01380402 0.036278 0.070507741
v 0.0135677 0.036278 0.070472298
v 0.0135677 0.054225001 0.070472298
v 0.014630979 0.054225001 0.070648508
v 0.015624025 0.054225001 0.071059918
v 0.016063013 0.054225001 0.071361189
v 0.016458967 0.054225001 0.071769166
v 0.016746892 0.054225001 0.072227039
v 0.016903446 0.054225001 0.072730212
v 0.016918681 0.054225001 0.073267527
v 0.016776227 0.054225001 0.073785
v 0.016497378 0.054225001 0.074265704
v 0.016124252 0.054225001 0.074654503
v 0.01519377 0.054225001 0.075201068
v 0.014681814 0.054225001 0.075371222
v 0.0141685 0.054225001 0.075381298
v 0.0141685 -0.054225001 0.075381298
v 0.014681814 -0.054225001 0.075371222
v 0.01519377 -0.054225001 0.075201068
v 0.016124252 -0.054225001 0.074654503
v 0.016497378 -0.054225001 0.074265704
v 0.016776227 -0.054225001 0.073785
v 0.016918681 -0.054225001 0.073267527
v 0.016903446 -0.054225001 0.072730212
v 0.016746892 -0.054225001 0.072227039
v 0.016458967 -0.054225001 0.071769166
v 0.016063013 -0.054225001 0.071361189
v 0.015624025 -0.054225001 0.071059918
v 0.014630979 -0.054225001 0.070648508
v 0.0135677 -0.054225001 0.070472298
v 0.0135677 -0.036345 0.070472298
v 0.01380402 -0.036345 0.070507741
v 0.014022518 -0.036345 0.07053812
v 0.014227622 -0.036345 0.070568004
v 0.014423757 -0.036345 0.070601945
v 0.014615349 -0.036345 0.070644507
v 0.014615349 -0.034414999 0.070644507
v 0.014423757 -0.034414999 0.070601945
v 0.014227622 -0.034414999 0.070568004
v 0.014022518 -0.034414999 0.07053812
v 0.01380402 -0.034414999 0.070507741
v 0.0135677 -0.034414999 0.070472298
v 0.0135677 -0.01867175 0.070472298
v 0.01380402 -0.01867175 0.070507741
v 0.014022518 -0.01867175 0.07053812
v 0.014227622 -0.01867175 0.070568004
v 0.014423757 -0.01867175 0.070601945
v 0.014615349 -0.01867175 0.070644507
v 0.014615349 -0.01674175 0.070644507
v 0.014423757 -0.01674175 0.070601945
v 0.014227622 -0.01674175 0.070568004
v 0.014022518 -0.01674175 0.07053812
v 0.01380402 -0.01674175 0.070507741
v 0.0135677 -0.01674175 0.070472298
v 0.0135677 -0.00099849999 0.070472298
v 0.01380402 -0.00099849999 0.070507741
v 0.014022518 -0.00099849999 0.07053812
v 0.014227622 -0.00099849999 0.070568004
v 0.014423757 -0.00099849999 0.070601945
v 0.014615349 -0.00099849999 0.070644507
v 0.014615349 0.00093149997 0.070644507
v 0.014423757 0.00093149997 0.070601945
v 0.014227622 0.00093149997 0.070568004
v 0.014022518 0.00093149997 0.07053812
v 0.01380402 0.00093149997 0.070507741
v 0.0135677 0.00093149997 0.070472298
v 0.0135677 0.01667475 0.070472298
v 0.01380402 0.01667475 0.070507741
v 0.014022518 0.01667475 0.07053812
v 0.014227622 0.01667475 0.070568004
v 0.014423757 0.01667475 0.070601945
v 0.014615349 0.01667475 0.070644507
v 0.014615349 0.018604749 0.070644507
v 0.014423757 0.018604749 0.070601945
v 0.014227622 0.018604749 0.070568004
v 0.014022518 0.018604749 0.07053812
v 0.01380402 0.018604749 0.070507741
v 0.0135677 0.018604749 0.070472298
v 0.009996503 -0.036342399 0.052795639
v 0.009996503 -0.034417751 0.052795639
v 0.0099831003 -0.034417751 0.052762799
v 0.0099831003 -0.036342399 0.052762799
v 0.0136438 -0.052090998 0.050439801
v 0.013679055 -0.052090998 0.050415187
v 0.013455532 -0.052090998 0.0503441
v 0.01314401 -0.052090998 0.050328312
v 0.012790861 -0.052090998 0.050322933
v 0.012537 -0.052090998 0.050143399
v 0.012537 -0.052090998 0.046556301
v 0.01248201 -0.052090998 0.045966954
v 0.012460285 -0.052090998 0.045646539
v 0.012576048 -0.052090998 0.045439129
v 0.013056375 -0.052090998 0.045347772
v 0.013279898 -0.052090998 0.045254116
v 0.0132595 -0.052090998 0.045248799
v 0.010146 -0.052090998 0.0443256
v 0.0099759024 -0.052090998 0.04459084
v 0.0099831003 -0.052090998 0.045018902
v 0.0099831003 -0.052090998 0.052762799
v 0.010004275 -0.052090998 0.052810841
v 0.010031542 -0.052090998 0.052849646
v 0.010065874 -0.052090998 0.052878923
v 0.010108644 -0.052090998 0.052899308
v 0.010159301 -0.052090998 0.052911201
v 0.0112432 -0.052090998 0.052911201
v 0.01157071 -0.052090998 0.052725511
v 0.011690036 -0.052090998 0.052615037
v 0.0118677 -0.052090998 0.052400799
v -0.0099572003 -0.056725001 0.085503302
v -0.0099572003 -0.054225001 0.085503302
v -0.010271224 -0.054225001 0.085157442
v -0.010698299 -0.054225001 0.084871197
v -0.010698299 -0.056725001 0.084871197
v -0.010271224 -0.056725001 0.085157442
v 0.0049708 -0.056725001 0.1355853
v 0.0049708 -0.054225001 0.1355853
v 0.0045021176 -0.054225001 0.13632732
v 0.0038143337 -0.054225001 0.13685826
v 0.0030416289 -0.054225001 0.13721395
v 0.0026076069 -0.054225001 0.13729947
v 0.0021513 -0.054225001 0.13727
v 0.0021513 -0.056725001 0.13727
v 0.0026076069 -0.056725001 0.13729947
v 0.0030416289 -0.056725001 0.13721395
v 0.0038143337 -0.056725001 0.13685826
v 0.0045021176 -0.056725001 0.13632732
v -0.00075000003 -0.067543101 0.1168012
v 0.00075000003 -0.067543101 0.1168012
v 0.00075000003 -0.072688799 0.126317
v -0.00075000003 -0.072688799 0.126317
v 0.010146 0.050413852 0.0443256
v 0.0132595 0.050413852 0.045248799
v 0.0132595 0.048489199 0.045248799
v 0.010146 0.048489199 0.0443256
v 0.014519176 0.034347999 0.050126438
v 0.014180055 0.034347999 0.050207658
v 0.013679055 0.034347999 0.050415187
v 0.013679055 0.0327406 0.050415187
v 0.0136438 0.0327406 0.050439801
v 0.0136438 0.030815949 0.050439801
v 0.013679055 0.030815949 0.050415187
v 0.013679055 0.029205949 0.050415187
v 0.0136438 0.029205949 0.050439801
v 0.0136438 0.027281301 0.050439801
v 0.013679055 0.027281301 0.050415187
v 0.013679055 0.025671301 0.050415187
v 0.0136438 0.025671301 0.050439801
v 0.0136438 0.02374665 0.050439801
v 0.013679055 0.02374665 0.050415187
v 0.013679055 0.02213665 0.050415187
v 0.0136438 0.02213665 0.050439801
v 0.0136438 0.020211999 0.050439801
v 0.013679055 0.020211999 0.050415187
v 0.013679055 0.018604749 0.050415187
v 0.013834029 0.018604749 0.050326414
v 0.013986787 0.018604749 0.050265965
v 0.01414607 0.018604749 0.050221028
v 0.014320619 0.018604749 0.05017879
v 0.014519176 0.018604749 0.050126438
v 0.014519176 0.01667475 0.050126438
v 0.014180055 0.01667475 0.050207658
v 0.013679055 0.01667475 0.050415187
v 0.013679055 0.01506735 0.050415187
v 0.0136438 0.01506735 0.050439801
v 0.0136438 0.0131427 0.050439801
v 0.013679055 0.0131427 0.050415187
v 0.013679055 0.0115327 0.050415187
v 0.0136438 0.0115327 0.050439801
v 0.0136438 0.00960805 0.050439801
v 0.013679055 0.00960805 0.050415187
v 0.013679055 0.0079980499 0.050415187
v 0.0136438 0.0079980499 0.050439801
v 0.0136438 0.0060733998 0.050439801
v 0.013679055 0.0060733998 0.050415187
v 0.013679055 0.0044633999 0.050415187
v 0.0136438 0.0044633999 0.050439801
v 0.0136438 0.0025387499 0.050439801
v 0.013679055 0.0025387499 0.050415187
v 0.013679055 0.00093149997 0.050415187
v 0.013834029 0.00093149997 0.050326414
v 0.013986787 0.00093149997 0.050265965
v 0.01414607 0.00093149997 0.050221028
v 0.014320619 0.00093149997 0.05017879
v 0.014519176 0.00093149997 0.050126438
v 0.014519176 -0.00099849999 0.050126438
v 0.014180055 -0.00099849999 0.050207658
v 0.013679055 -0.00099849999 0.050415187
v 0.013679055 -0.0026058999 0.050415187
v 0.0136438 -0.0026058999 0.050439801
v 0.0136438 -0.0045305499 0.050439801
v 0.013679055 -0.0045305499 0.050415187
v 0.013679055 -0.0061405498 0.050415187
v 0.0136438 -0.0061405498 0.050439801
v 0.0136438 -0.0080651999 0.050439801
v 0.013679055 -0.0080651999 0.050415187
v 0.013679055 -0.0096752 0.050415187
v 0.0136438 -0.0096752 0.050439801
v 0.0136438 -0.011599849 0.050439801
v 0.013679055 -0.011599849 0.050415187
v 0.013679055 -0.01320985 0.050415187
v 0.0136438 -0.01320985 0.050439801
v 0.0136438 -0.0151345 0.050439801
v 0.013679055 -0.0151345 0.050415187
v 0.013679055 -0.01674175 0.050415187
v 0.013834029 -0.01674175 0.050326414
v 0.013986787 -0.01674175 0.050265965
v 0.01414607 -0.01674175 0.050221028
v 0.014320619 -0.01674175 0.05017879
v 0.014519176 -0.01674175 0.050126438
v 0.014519176 -0.01867175 0.050126438
v 0.014180055 -0.01867175 0.050207658
v 0.013679055 -0.01867175 0.050415187
v 0.013679055 -0.02027915 0.050415187
v 0.0136438 -0.02027915 0.050439801
v 0.0136438 -0.022203801 0.050439801
v 0.013679055 -0.022203801 0.050415187
v 0.013679055 -0.023813801 0.050415187
v 0.0136438 -0.023813801 0.050439801
v 0.0136438 -0.025738449 0.050439801
v 0.013679055 -0.025738449 0.050415187
v 0.013679055 -0.027348449 0.050415187
v 0.0136438 -0.027348449 0.050439801
v 0.0136438 -0.0292731 0.050439801
v 0.013679055 -0.0292731 0.050415187
v 0.013679055 -0.0308831 0.050415187
v 0.0136438 -0.0308831 0.050439801
v 0.0136438 -0.032807751 0.050439801
v 0.013679055 -0.032807751 0.050415187
v 0.013679055 -0.034414999 0.050415187
v 0.013834029 -0.034414999 0.050326414
v 0.013986787 -0.034414999 0.050265965
v 0.01414607 -0.034414999 0.050221028
v 0.014320619 -0.034414999 0.05017879
v 0.014519176 -0.034414999 0.050126438
v 0.014519176 -0.036345 0.050126438
v 0.014180055 -0.036345 0.050207658
v 0.013679055 -0.036345 0.050415187
v 0.013679055 -0.037952399 0.050415187
v 0.0136438 -0.037952399 0.050439801
v 0.0136438 -0.03987705 0.050439801
v 0.013679055 -0.03987705 0.050415187
v 0.013679055 -0.04148705 0.050415187
v 0.0136438 -0.04148705 0.050439801
v 0.0136438 -0.043411698 0.050439801
v 0.013679055 -0.043411698 0.050415187
v 0.013679055 -0.045021701 0.050415187
v 0.0136438 -0.045021701 0.050439801
v 0.0136438 -0.046946349 0.050439801
v 0.013679055 -0.046946349 0.050415187
v 0.013679055 -0.048556352 0.050415187
v 0.0136438 -0.048556352 0.050439801
v 0.0136438 -0.050481 0.050439801
v 0.013679055 -0.050481 0.050415187
v 0.013679055 -0.052090998 0.050415187
v 0.0136438 -0.052090998 0.050439801
v 0.0136438 -0.054225001 0.050439801
v 0.014063407 -0.054225001 0.050238681
v 0.014518026 -0.054225001 0.050126772
v 0.015358541 -0.054225001 0.049729142
v 0.016065034 -0.054225001 0.04908783
v 0.016306915 -0.054225001 0.048686986
v 0.016450388 -0.054225001 0.048243794
v 0.016484876 -0.054225001 0.047771721
v 0.016395173 -0.054225001 0.0473104
v 0.016208613 -0.054225001 0.046884494
v 0.015929462 -0.054225001 0.046502428
v 0.015194308 -0.054225001 0.045901651
v 0.014342099 -0.054225001 0.045530901
v 0.014342099 0.054225001 0.045530901
v 0.015194308 0.054225001 0.045901651
v 0.015929462 0.054225001 0.046502428
v 0.016208613 0.054225001 0.046884494
v 0.016395173 0.054225001 0.0473104
v 0.016484876 0.054225001 0.047771721
v 0.016450388 0.054225001 0.048243794
v 0.016306915 0.054225001 0.048686986
v 0.016065034 0.054225001 0.04908783
v 0.015358541 0.054225001 0.049729142
v 0.014518026 0.054225001 0.050126772
v 0.014063407 0.054225001 0.050238681
v 0.0136438 0.054225001 0.050439801
v 0.0136438 0.052023849 0.050439801
v 0.013679055 0.052023849 0.050415187
v 0.013679055 0.050413852 0.050415187
v 0.0136438 0.050413852 0.050439801
v 0.0136438 0.048489199 0.050439801
v 0.013679055 0.048489199 0.050415187
v 0.013679055 0.046879201 0.050415187
v 0.0136438 0.046879201 0.050439801
v 0.0136438 0.044954548 0.050439801
v 0.013679055 0.044954548 0.050415187
v 0.013679055 0.04334455 0.050415187
v 0.0136438 0.04334455 0.050439801
v 0.0136438 0.041419902 0.050439801
v 0.013679055 0.041419902 0.050415187
v 0.013679055 0.039809899 0.050415187
v 0.0136438 0.039809899 0.050439801
v 0.0136438 0.037885251 0.050439801
v 0.013679055 0.037885251 0.050415187
v 0.013679055 0.036278 0.050415187
v 0.013834029 0.036278 0.050326414
v 0.013986787 0.036278 0.050265965
v 0.01414607 0.036278 0.050221028
v 0.014320619 0.036278 0.05017879
v 0.014519176 0.036278 0.050126438
v 0.0098855001 0.054225001 0.086324301
v 0.0098855001 0.056725001 0.086324301
v 0.0098855001 0.056725001 0.1130637
v 0.0098855001 0.054225001 0.1130637
v -0.0110147 0.054225001 0.069797101
v -0.0110147 0.056725001 0.069797101
v -0.010970447 0.056725001 0.070021386
v -0.010918541 0.056725001 0.070236626
v -0.010857859 0.056725001 0.070441489
v -0.01078835 0.056725001 0.07063592
v -0.0107111 0.056725001 0.070821199
v -0.0107111 0.054225001 0.070821199
v -0.01078835 0.054225001 0.07063592
v -0.010857859 0.054225001 0.070441489
v -0.010918541 0.054225001 0.070236626
v -0.010970447 0.054225001 0.070021386
v 0.0017134655 0.039844899 0.018048944
v 0.0017134655 0.041384902 0.018048944
v 0.001600834 0.041384902 0.018055419
v 0.0014591068 0.041384902 0.018031569
v 0.0012983435 0.041384902 0.01801546
v 0.0011228 0.041384902 0.0180231
v 0.0011228 0.039844899 0.0180231
v 0.0012983435 0.039844899 0.01801546
v 0.0014591068 0.039844899 0.018031569
v 0.001600834 0.039844899 0.018055419
v -0.00075000003 0.054322014 0.13723354
v -0.00075000003 0.056602626 0.13723354
v 0.00057541799 0.056591001 0.1372502
v 0.00057541799 0.054340701 0.1372502
v 0.0021513 0.054225001 0.13727
v 0.0021513 0.056725001 0.13727
v -0.0058077002 0.056725001 0.13717
v -0.0058077002 0.054225001 0.13717
v 0.00075000003 0.074797201 0.1262868
v -0.00075000003 0.074797201 0.1262868
v -0.00075000003 0.079899998 0.1172009
v 0.00075000003 0.079899998 0.1172009
v 0.00075000003 0.080433798 0.1352352
v -0.00075000003 0.080433798 0.1352352
v -0.00075000003 0.08021924 0.13539197
v -0.00075000003 0.080002146 0.13554316
v -0.00075000003 0.079782152 0.13568796
v -0.00075000003 0.079559245 0.13582638
v -0.00075000003 0.079333801 0.1359592
v 0.00075000003 0.079333801 0.1359592
v 0.00075000003 0.079559245 0.13582638
v 0.00075000003 0.079782152 0.13568796
v 0.00075000003 0.080002146 0.13554316
v 0.00075000003 0.08021924 0.13539197
v -0.0184699 0.054225001 0.043501501
v -0.0184699 0.056725001 0.043501501
v -0.0170152 0.056725001 0.035004301
v -0.0170152 0.054225001 0.035004301
v -0.0092997003 -0.056725001 0.0737363
v -0.0092997003 -0.054225001 0.0737363
v -0.0082703 -0.054225001 0.075009699
v -0.0082703 -0.056725001 0.075009699
v 0.01844 -0.056725001 0.043850498
v 0.01844 -0.054225001 0.043850498
v 0.0185 -0.054225001 0.051476002
v 0.0185 -0.056725001 0.051476002
v -0.00075000003 -0.076171098 0.1368771
v 0.00075000003 -0.076171098 0.1368771
v 0.00075000003 -0.056874199 0.1368771
v -0.00075000003 -0.056874199 0.1368771
v -0.0138911 -0.056725001 0.018097399
v -0.0138911 -0.054225001 0.018097399
v -0.0131107 -0.054225001 0.013520401
v -0.0131107 -0.056725001 0.013520401
v 0.01122 0.036275251 0.0527597
v 0.0101869 0.036275251 0.0527597
v 0.0101869 0.036278 0.0527597
v 0.01122 0.036278 0.0527597
v 0.011028 -0.056725001 0.019153399
v 0.011028 -0.054225001 0.019153399
v 0.010867375 -0.054225001 0.018515166
v 0.010549108 -0.054225001 0.017943106
v 0.010268862 -0.054225001 0.017764521
v 0.0099322325 -0.054225001 0.017669032
v 0.0092409998 -0.054225001 0.017670799
v 0.0092409998 -0.056725001 0.017670799
v 0.0099322325 -0.056725001 0.017669032
v 0.010268862 -0.056725001 0.017764521
v 0.010549108 -0.056725001 0.017943106
v 0.010867375 -0.056725001 0.018515166
v -0.0017099179 -0.050516 0.018018194
v -0.0017099179 -0.052055998 0.018018194
v -0.0015623884 -0.052055998 0.018085564
v -0.0013489805 -0.052055998 0.018055273
v -0.0008783 -0.052055998 0.0180231
v -0.0008783 -0.050516 0.0180231
v -0.0013489805 -0.050516 0.018055273
v -0.0015623884 -0.050516 0.018085564
v 0.0017134655 -0.050516 0.018048944
v 0.0014943719 -0.050516 0.018742309
v 0.0010458807 -0.050516 0.019259725
v 0.0006170452 -0.050516 0.019503553
v 0.00016759999 -0.050516 0.0196112
v -0.00040560942 -0.050516 0.019570636
v -0.00078882322 -0.050516 0.019425513
v -0.0012416627 -0.050516 0.019078451
v -0.0015484141 -0.050516 0.018635591
v -0.0017099179 -0.050516 0.018018194
v -0.0015623884 -0.050516 0.018085564
v -0.0013489805 -0.050516 0.018055273
v -0.0008783 -0.050516 0.0180231
v 0.0011228 -0.050516 0.0180231
v 0.0012983435 -0.050516 0.01801546
v 0.0014591068 -0.050516 0.018031569
v 0.001600834 -0.050516 0.018055419
v 0.0135677 0.036278 0.070472298
v 0.013346953 0.036278 0.070406981
v 0.013346953 0.037885251 0.070406981
v 0.0100994 0.037885251 0.069446001
v 0.0100994 0.039809899 0.069446001
v 0.013346953 0.039809899 0.070406981
v 0.013346953 0.041419902 0.070406981
v 0.0100994 0.041419902 0.069446001
v 0.0100994 0.04334455 0.069446001
v 0.013346953 0.04334455 0.070406981
v 0.013346953 0.044954548 0.070406981
v 0.0100994 0.044954548 0.069446001
v 0.0100994 0.046879201 0.069446001
v 0.013346953 0.046879201 0.070406981
v 0.013346953 0.048489199 0.070406981
v 0.0100994 0.048489199 0.069446001
v 0.0100994 0.050413852 0.069446001
v 0.013346953 0.050413852 0.070406981
v 0.013346953 0.052023849 0.070406981
v 0.0100994 0.052023849 0.069446001
v 0.0100994 0.054225001 0.069446001
v 0.010995042 0.054225001 0.069711027
v 0.0135677 0.054225001 0.070472298
v 0.013506233 -0.036342399 0.050361061
v 0.011427799 -0.036342399 0.052648401
v 0.01122 -0.036342399 0.0527597
v 0.0101869 -0.036342399 0.0527597
v 0.010140328 -0.036342399 0.052750783
v 0.010087509 -0.036342399 0.052750726
v 0.010037535 -0.036342399 0.052766175
v 0.009996503 -0.036342399 0.052795639
v 0.0099831003 -0.036342399 0.052762799
v 0.0099831003 -0.036342399 0.045018902
v 0.0099753118 -0.036342399 0.04459372
v 0.010146 -0.036342399 0.0443256
v 0.0132595 -0.036342399 0.045248799
v 0.013279898 -0.036342399 0.045254116
v 0.013056375 -0.036342399 0.045347772
v 0.012576048 -0.036342399 0.045439129
v 0.012460285 -0.036342399 0.045646539
v 0.01248201 -0.036342399 0.045966954
v 0.012537 -0.036342399 0.046556301
v 0.012537 -0.036342399 0.050143399
v 0.012730563 -0.036342399 0.050304651
v 0.013000251 -0.036342399 0.050337563
v 0.0112432 0.052023849 0.052911201
v 0.01157071 0.052023849 0.052725511
v 0.011690036 0.052023849 0.052615037
v 0.0118677 0.052023849 0.052400799
v 0.0118677 0.054225001 0.052400799
v 0.011573906 0.054225001 0.052722902
v 0.0112432 0.054225001 0.052911201
v 0.0132595 0.052023849 0.045248799
v 0.013279898 0.052023849 0.045254116
v 0.013056375 0.052023849 0.045347772
v 0.012576048 0.052023849 0.045439129
v 0.012460285 0.052023849 0.045646539
v 0.01248201 0.052023849 0.045966954
v 0.012537 0.052023849 0.046556301
v 0.012537 0.052023849 0.050143399
v 0.012790861 0.052023849 0.050322933
v 0.01314401 0.052023849 0.050328312
v 0.013455532 0.052023849 0.0503441
v 0.013679055 0.052023849 0.050415187
v 0.0136438 0.052023849 0.050439801
v 0.0118677 0.052023849 0.052400799
v 0.011690036 0.052023849 0.052615037
v 0.01157071 0.052023849 0.052725511
v 0.0112432 0.052023849 0.052911201
v 0.010159301 0.052023849 0.052911201
v 0.010109097 0.052023849 0.052899451
v 0.010066663 0.052023849 0.052879429
v 0.010032234 0.052023849 0.052850413
v 0.010004584 0.052023849 0.052811403
v 0.0099831003 0.052023849 0.052762799
v 0.0099831003 0.052023849 0.045018902
v 0.0099753118 0.052023849 0.04459372
v 0.010146 0.052023849 0.0443256
v 0.013679055 -0.050481 0.050415187
v 0.0136438 -0.050481 0.050439801
v 0.0118677 -0.050481 0.052400799
v 0.011690036 -0.050481 0.052615037
v 0.01157071 -0.050481 0.052725511
v 0.0112432 -0.050481 0.052911201
v 0.010159301 -0.050481 0.052911201
v 0.010109097 -0.050481 0.052899451
v 0.010066663 -0.050481 0.052879429
v 0.010032234 -0.050481 0.052850413
v 0.010004584 -0.050481 0.052811403
v 0.0099831003 -0.050481 0.052762799
v 0.0099831003 -0.050481 0.045018902
v 0.0099753118 -0.050481 0.04459372
v 0.010146 -0.050481 0.0443256
v 0.0132595 -0.050481 0.045248799
v 0.013279898 -0.050481 0.045254116
v 0.013056375 -0.050481 0.045347772
v 0.012576048 -0.050481 0.045439129
v 0.012460285 -0.050481 0.045646539
v 0.01248201 -0.050481 0.045966954
v 0.012537 -0.050481 0.046556301
v 0.012537 -0.050481 0.050143399
v 0.012790861 -0.050481 0.050322933
v 0.01314401 -0.050481 0.050328312
v 0.013455532 -0.050481 0.0503441
v -0.01002 -0.056725001 0.089463196
v -0.01002 -0.054225001 0.089463196
v -0.0099572003 -0.054225001 0.085503302
v -0.0099572003 -0.056725001 0.085503302
v -0.00075000003 -0.066332598 0.1161069
v 0.00075000003 -0.066332598 0.1161069
v 0.00075000003 -0.066583381 0.11622727
v 0.00075000003 -0.066830106 0.11635627
v 0.00075000003 -0.067072206 0.11649513
v 0.00075000003 -0.067309675 0.11664386
v 0.00075000003 -0.067543101 0.1168012
v -0.00075000003 -0.067543101 0.1168012
v -0.00075000003 -0.067309675 0.11664386
v -0.00075000003 -0.067072206 0.11649513
v -0.00075000003 -0.066830106 0.11635627
v -0.00075000003 -0.066583381 0.11622727
v 0.013279898 0.052023849 0.045254116
v 0.0132595 0.052023849 0.045248799
v 0.0132595 0.054225001 0.045248799
v 0.014342099 0.054225001 0.045530901
v 0.014342099 -0.054225001 0.045530901
v 0.0132595 -0.054225001 0.045248799
v 0.0132595 -0.052090998 0.045248799
v 0.013279898 -0.052090998 0.045254116
v 0.013279898 -0.050481 0.045254116
v 0.0132595 -0.050481 0.045248799
v 0.0132595 -0.048556352 0.045248799
v 0.013279898 -0.048556352 0.045254116
v 0.013279898 -0.046946349 0.045254116
v 0.0132595 -0.046946349 0.045248799
v 0.0132595 -0.045021701 0.045248799
v 0.013279898 -0.045021701 0.045254116
v 0.013279898 -0.043411698 0.045254116
v 0.0132595 -0.043411698 0.045248799
v 0.0132595 -0.04148705 0.045248799
v 0.013279898 -0.04148705 0.045254116
v 0.013279898 -0.03987705 0.045254116
v 0.0132595 -0.03987705 0.045248799
v 0.0132595 -0.037952399 0.045248799
v 0.013279898 -0.037952399 0.045254116
v 0.013279898 -0.036342399 0.045254116
v 0.0132595 -0.036342399 0.045248799
v 0.0132595 -0.034417751 0.045248799
v 0.013279898 -0.034417751 0.045254116
v 0.013279898 -0.032807751 0.045254116
v 0.0132595 -0.032807751 0.045248799
v 0.0132595 -0.0308831 0.045248799
v 0.013279898 -0.0308831 0.045254116
v 0.013279898 -0.0292731 0.045254116
v 0.0132595 -0.0292731 0.045248799
v 0.0132595 -0.027348449 0.045248799
v 0.013279898 -0.027348449 0.045254116
v 0.013279898 -0.025738449 0.045254116
v 0.0132595 -0.025738449 0.045248799
v 0.0132595 -0.023813801 0.045248799
v 0.013279898 -0.023813801 0.045254116
v 0.013279898 -0.022203801 0.045254116
v 0.0132595 -0.022203801 0.045248799
v 0.0132595 -0.02027915 0.045248799
v 0.013279898 -0.02027915 0.045254116
v 0.013279898 -0.01866915 0.045254116
v 0.0132595 -0.01866915 0.045248799
v 0.0132595 -0.0167445 0.045248799
v 0.013279898 -0.0167445 0.045254116
v 0.013279898 -0.0151345 0.045254116
v 0.0132595 -0.0151345 0.045248799
v 0.0132595 -0.01320985 0.045248799
v 0.013279898 -0.01320985 0.045254116
v 0.013279898 -0.011599849 0.045254116
v 0.0132595 -0.011599849 0.045248799
v 0.0132595 -0.0096752 0.045248799
v 0.013279898 -0.0096752 0.045254116
v 0.013279898 -0.0080651999 0.045254116
v 0.0132595 -0.0080651999 0.045248799
v 0.0132595 -0.0061405498 0.045248799
v 0.013279898 -0.0061405498 0.045254116
v 0.013279898 -0.0045305499 0.045254116
v 0.0132595 -0.0045305499 0.045248799
v 0.0132595 -0.0026058999 0.045248799
v 0.013279898 -0.0026058999 0.045254116
v 0.013279898 -0.00099590003 0.045254116
v 0.0132595 -0.00099590003 0.045248799
v 0.0132595 0.00092874996 0.045248799
v 0.013279898 0.00092874996 0.045254116
v 0.013279898 0.0025387499 0.045254116
v 0.0132595 0.0025387499 0.045248799
v 0.0132595 0.0044633999 0.045248799
v 0.013279898 0.0044633999 0.045254116
v 0.013279898 0.0060733998 0.045254116
v 0.0132595 0.0060733998 0.045248799
v 0.0132595 0.0079980499 0.045248799
v 0.013279898 0.0079980499 0.045254116
v 0.013279898 0.00960805 0.045254116
v 0.0132595 0.00960805 0.045248799
v 0.0132595 0.0115327 0.045248799
v 0.013279898 0.0115327 0.045254116
v 0.013279898 0.0131427 0.045254116
v 0.0132595 0.0131427 0.045248799
v 0.0132595 0.01506735 0.045248799
v 0.013279898 0.01506735 0.045254116
v 0.013279898 0.01667735 0.045254116
v 0.0132595 0.01667735 0.045248799
v 0.0132595 0.018602 0.045248799
v 0.013279898 0.018602 0.045254116
v 0.013279898 0.020211999 0.045254116
v 0.0132595 0.020211999 0.045248799
v 0.0132595 0.02213665 0.045248799
v 0.013279898 0.02213665 0.045254116
v 0.013279898 0.02374665 0.045254116
v 0.0132595 0.02374665 0.045248799
v 0.0132595 0.025671301 0.045248799
v 0.013279898 0.025671301 0.045254116
v 0.013279898 0.027281301 0.045254116
v 0.0132595 0.027281301 0.045248799
v 0.0132595 0.029205949 0.045248799
v 0.013279898 0.029205949 0.045254116
v 0.013279898 0.030815949 0.045254116
v 0.0132595 0.030815949 0.045248799
v 0.0132595 0.0327406 0.045248799
v 0.013279898 0.0327406 0.045254116
v 0.013279898 0.0343506 0.045254116
v 0.0132595 0.0343506 0.045248799
v 0.0132595 0.036275251 0.045248799
v 0.013279898 0.036275251 0.045254116
v 0.013279898 0.037885251 0.045254116
v 0.0132595 0.037885251 0.045248799
v 0.0132595 0.039809899 0.045248799
v 0.013279898 0.039809899 0.045254116
v 0.013279898 0.041419902 0.045254116
v 0.0132595 0.041419902 0.045248799
v 0.0132595 0.04334455 0.045248799
v 0.013279898 0.04334455 0.045254116
v 0.013279898 0.044954548 0.045254116
v 0.0132595 0.044954548 0.045248799
v 0.0132595 0.046879201 0.045248799
v 0.013279898 0.046879201 0.045254116
v 0.013279898 0.048489199 0.045254116
v 0.0132595 0.048489199 0.045248799
v 0.0132595 0.050413852 0.045248799
v 0.013279898 0.050413852 0.045254116
v 0.0100445 0.054225001 0.085336103
v 0.0100445 0.056725001 0.085336103
v 0.0099009043 0.056725001 0.08578186
v 0.0098855001 0.056725001 0.086324301
v 0.0098855001 0.054225001 0.086324301
v 0.0099009043 0.054225001 0.08578186
v -0.011108 0.054225001 0.044138298
v -0.011108 0.056725001 0.044138298
v -0.0110147 0.056725001 0.069797101
v -0.0110147 0.054225001 0.069797101
v -0.011014992 0.054225001 0.06971693
v -0.0110761 0.054225001 0.052911201
v -0.011106284 0.054225001 0.044610338
v 0.00016759999 0.041384902 0.0196112
v -0.00040560942 0.041384902 0.019570636
v -0.00078882322 0.041384902 0.019425513
v -0.0012416627 0.041384902 0.019078451
v -0.0015484141 0.041384902 0.018635591
v -0.0017099179 0.041384902 0.018018194
v -0.0015623884 0.041384902 0.018085564
v -0.0013489805 0.041384902 0.018055273
v -0.0008783 0.041384902 0.0180231
v 0.0011228 0.041384902 0.0180231
v 0.0012983435 0.041384902 0.01801546
v 0.0014591068 0.041384902 0.018031569
v 0.001600834 0.041384902 0.018055419
v 0.0017134655 0.041384902 0.018048944
v 0.0014943719 0.041384902 0.018742309
v 0.0010458807 0.041384902 0.019259725
v 0.0006170452 0.041384902 0.019503553
v 0.00075000003 0.072688799 0.126317
v -0.00075000003 0.072688799 0.126317
v -0.00075000003 0.073747478 0.12643677
v -0.00075000003 0.074797201 0.1262868
v 0.00075000003 0.074797201 0.1262868
v 0.00075000003 0.073747478 0.12643677
v 0.00075000003 0.079333801 0.1359592
v -0.00075000003 0.079333801 0.1359592
v -0.00075000003 0.077642698 0.1367049
v 0.00075000003 0.077642698 0.1367049
v -0.0170152 0.054225001 0.035004301
v -0.0170152 0.056725001 0.035004301
v -0.0138911 0.056725001 0.018097399
v -0.0138911 0.054225001 0.018097399
v -0.0100308 -0.056725001 0.0724892
v -0.0100308 -0.054225001 0.0724892
v -0.0092997003 -0.054225001 0.0737363
v -0.0092997003 -0.056725001 0.0737363
v 0.012820899 -0.056725001 0.0139762
v 0.012820899 -0.054225001 0.0139762
v 0.01844 -0.054225001 0.043850498
v 0.01844 -0.056725001 0.043850498
v -0.0131107 -0.056725001 0.013520401
v -0.0131107 -0.054225001 0.013520401
v -0.012476743 -0.054225001 0.01288904
v -0.0116469 -0.054225001 0.0125942
v -0.0116469 -0.056725001 0.0125942
v -0.012476743 -0.056725001 0.01288904
v 0.014519176 0.034347999 0.050126438
v 0.014519176 0.036278 0.050126438
v 0.014436003 0.036278 0.050456262
v 0.0144551 0.036278 0.0508393
v 0.0144551 0.034347999 0.0508393
v 0.014436003 0.034347999 0.050456262
v 0.0092409998 -0.056725001 0.017670799
v 0.0092409998 -0.054225001 0.017670799
v 0.0038694 -0.054225001 0.0176745
v 0.0038694 -0.056725001 0.0176745
v -0.0008783 -0.050516 0.0180231
v -0.0008783 -0.052055998 0.0180231
v 0.0011228 -0.052055998 0.0180231
v 0.0011228 -0.050516 0.0180231
v 0.0017134655 -0.052055998 0.018048944
v 0.0017134655 -0.050516 0.018048944
v 0.001600834 -0.050516 0.018055419
v 0.0014591068 -0.050516 0.018031569
v 0.0012983435 -0.050516 0.01801546
v 0.0011228 -0.050516 0.0180231
v 0.0011228 -0.052055998 0.0180231
v 0.0012983435 -0.052055998 0.01801546
v 0.0014591068 -0.052055998 0.018031569
v 0.001600834 -0.052055998 0.018055419
v 0.0104035 0.054225001 0.0716466
v 0.0104035 0.056725001 0.0716466
v 0.0109935 0.056725001 0.069991202
v 0.0109935 0.054225001 0.069991202
v 0.0109935 0.054225001 0.069991202
v 0.010995042 0.054225001 0.069711027
v 0.0100994 0.054225001 0.069446001
v 0.0100015 0.054225001 0.069539199
v 0.0100087 0.054225001 0.071480498
v 0.0100087 0.054225001 0.0716045
v 0.010299398 0.054225001 0.071868434
v 0.0104035 0.054225001 0.0716466
v 0.0099831003 0.052023849 0.045018902
v 0.0099831003 0.052023849 0.052762799
v 0.0099831003 0.054225001 0.052762799
v 0.0099831003 0.054225001 0.045018902
v 0.013679055 -0.052090998 0.050415187
v 0.013679055 -0.050481 0.050415187
v 0.013455532 -0.050481 0.0503441
v 0.01314401 -0.050481 0.050328312
v 0.012790861 -0.050481 0.050322933
v 0.012537 -0.050481 0.050143399
v 0.012537 -0.052090998 0.050143399
v 0.012790861 -0.052090998 0.050322933
v 0.01314401 -0.052090998 0.050328312
v 0.013455532 -0.052090998 0.0503441
v 0.010146 0.052023849 0.0443256
v 0.0099753118 0.052023849 0.04459372
v 0.0099831003 0.052023849 0.045018902
v 0.0099831003 0.054225001 0.045018902
v 0.0099786162 0.054225001 0.04457849
v 0.010146 0.054225001 0.0443256
v -0.0097799999 -0.056725001 0.1316661
v -0.0097799999 -0.054225001 0.1316661
v -0.01002 -0.054225001 0.089463196
v -0.01002 -0.056725001 0.089463196
v 0.00075000003 -0.056725001 0.10249603
v 0.00075000003 -0.056725001 0.13706384
v 0.00075000003 -0.056777358 0.13699537
v 0.00075000003 -0.056826982 0.13693338
v 0.00075000003 -0.056874199 0.1368771
v 0.00075000003 -0.076171098 0.1368771
v 0.00075000003 -0.077642698 0.1367049
v 0.00075000003 -0.079333801 0.1359592
v 0.00075000003 -0.079559245 0.13582638
v 0.00075000003 -0.079782152 0.13568796
v 0.00075000003 -0.080002146 0.13554316
v 0.00075000003 -0.08021924 0.13539197
v 0.00075000003 -0.080433798 0.1352352
v 0.00075000003 -0.081766396 0.1340169
v 0.00075000003 -0.082884798 0.1323802
v 0.00075000003 -0.082973852 0.13215696
v 0.00075000003 -0.083057413 0.13193152
v 0.00075000003 -0.083134708 0.13170357
v 0.00075000003 -0.083205748 0.13147308
v 0.00075000003 -0.083271303 0.1312404
v 0.00075000003 -0.083575497 0.1296665
v 0.00075000003 -0.083968496 0.1179934
v 0.00075000003 -0.083777266 0.11736924
v 0.00075000003 -0.083441572 0.11679365
v 0.00075000003 -0.082918482 0.11641708
v 0.00075000003 -0.082251654 0.11625349
v 0.00075000003 -0.081563387 0.11624625
v 0.00075000003 -0.080915785 0.11638033
v 0.00075000003 -0.080338097 0.11667812
v 0.00075000003 -0.079899998 0.1172009
v 0.00075000003 -0.074797201 0.1262868
v 0.00075000003 -0.073747478 0.12643677
v 0.00075000003 -0.072688799 0.126317
v 0.00075000003 -0.067543101 0.1168012
v 0.00075000003 -0.067309675 0.11664386
v 0.00075000003 -0.067072206 0.11649513
v 0.00075000003 -0.066830106 0.11635627
v 0.00075000003 -0.066583381 0.11622727
v 0.00075000003 -0.066332598 0.1161069
v 0.00075000003 -0.063006701 0.1162084
v 0.00075000003 -0.062675757 0.11578236
v 0.00075000003 -0.062438002 0.115237
v -0.00075000003 -0.063006701 0.1162084
v 0.00075000003 -0.063006701 0.1162084
v 0.00075000003 -0.066332598 0.1161069
v -0.00075000003 -0.066332598 0.1161069
v 0.0171762 0.054225001 0.080245104
v 0.0171762 0.056725001 0.080245104
v 0.0100445 0.056725001 0.085336103
v 0.0100445 0.054225001 0.085336103
v -0.01104 0.054225001 0.019362
v -0.01104 0.056725001 0.019362
v -0.011108 0.056725001 0.044138298
v -0.011108 0.054225001 0.044138298
v -0.0017099179 0.044919548 0.018018194
v -0.0017099179 0.04337955 0.018018194
v -0.0015623884 0.04337955 0.018085564
v -0.0013489805 0.04337955 0.018055273
v -0.0008783 0.04337955 0.0180231
v -0.0008783 0.044919548 0.0180231
v -0.0013489805 0.044919548 0.018055273
v -0.0015623884 0.044919548 0.018085564
v 0.00075000003 0.067543101 0.1168012
v -0.00075000003 0.067543101 0.1168012
v -0.00075000003 0.072688799 0.126317
v 0.00075000003 0.072688799 0.126317
v 0.00075000003 0.077642698 0.1367049
v -0.00075000003 0.077642698 0.1367049
v -0.00075000003 0.076171098 0.1368771
v 0.00075000003 0.076171098 0.1368771
v -0.0138911 0.054225001 0.018097399
v -0.0138911 0.056725001 0.018097399
v -0.0131107 0.056725001 0.013520401
v -0.0131107 0.054225001 0.013520401
v -0.0107111 -0.056725001 0.070821199
v -0.0107111 -0.054225001 0.070821199
v -0.010288148 -0.054225001 0.07185822
v -0.0100308 -0.054225001 0.0724892
v -0.0100308 -0.056725001 0.0724892
v 0.0115817 -0.056725001 0.012314
v 0.0115817 -0.054225001 0.012314
v 0.012087955 -0.054225001 0.012558894
v 0.01245909 -0.054225001 0.012941687
v 0.012697042 -0.054225001 0.013429556
v 0.012820899 -0.054225001 0.0139762
v 0.012820899 -0.056725001 0.0139762
v 0.012697042 -0.056725001 0.013429556
v 0.01245909 -0.056725001 0.012941687
v 0.012087955 -0.056725001 0.012558894
v -0.0116469 -0.056725001 0.0125942
v -0.0116469 -0.054225001 0.0125942
v -0.0079597998 -0.054225001 0.0135835
v -0.0079597998 -0.056725001 0.0135835
v 0.010995042 -0.054225001 0.069711027
v 0.0109935 -0.054225001 0.069991202
v 0.0104035 -0.054225001 0.0716466
v 0.010299398 -0.054225001 0.071868434
v 0.0100087 -0.054225001 0.0716045
v 0.0100087 -0.054225001 0.071480498
v 0.0100015 -0.054225001 0.069539199
v 0.0100994 -0.054225001 0.069446001
v 0.0038694 -0.056725001 0.0176745
v 0.0038694 -0.054225001 0.0176745
v 0.0037841001 -0.054225001 0.0176745
v 0.0037841001 -0.056725001 0.0176745
v 0.00016759999 -0.052055998 0.0196112
v 0.00087720916 -0.052055998 0.019374551
v 0.0011393947 -0.052055998 0.019183298
v 0.0014213887 -0.052055998 0.018862392
v 0.001617243 -0.052055998 0.018463665
v 0.0017134655 -0.052055998 0.018048944
v 0.001600834 -0.052055998 0.018055419
v 0.0014591068 -0.052055998 0.018031569
v 0.0012983435 -0.052055998 0.01801546
v 0.0011228 -0.052055998 0.0180231
v -0.0008783 -0.052055998 0.0180231
v -0.0013489805 -0.052055998 0.018055273
v -0.0015623884 -0.052055998 0.018085564
v -0.0017099179 -0.052055998 0.018018194
v -0.0015780129 -0.052055998 0.018567621
v -0.0012623653 -0.052055998 0.019056196
v -0.00067759603 -0.052055998 0.019479625
v -0.00033694662 -0.052055998 0.019585383
v 0.0099831003 0.052023849 0.052762799
v 0.010004584 0.052023849 0.052811403
v 0.010032234 0.052023849 0.052850413
v 0.010066663 0.052023849 0.052879429
v 0.010109097 0.052023849 0.052899451
v 0.010159301 0.052023849 0.052911201
v 0.010159301 0.054225001 0.052911201
v 0.010109925 0.054225001 0.052899714
v 0.010067147 0.054225001 0.052879734
v 0.010031909 0.054225001 0.052850051
v 0.010004209 0.054225001 0.052810669
v 0.0099831003 0.054225001 0.052762799
v 0.0132595 0.052023849 0.045248799
v 0.010146 0.052023849 0.0443256
v 0.010146 0.054225001 0.0443256
v 0.0110923 0.054225001 0.044606194
v 0.0132595 0.054225001 0.045248799
v -0.0058077002 -0.056725001 0.13717
v -0.0058077002 -0.054225001 0.13717
v -0.0062902737 -0.054225001 0.13715183
v -0.0067452192 -0.054225001 0.13702759
v -0.0075479817 -0.054225001 0.13658375
v -0.0082678306 -0.054225001 0.1359808
v -0.0088844228 -0.054225001 0.13524751
v -0.009341054 -0.054225001 0.13443032
v -0.0096399271 -0.054225001 0.13356588
v -0.009769662 -0.054225001 0.13264239
v -0.0097799999 -0.054225001 0.1316661
v -0.0097799999 -0.056725001 0.1316661
v -0.009769662 -0.056725001 0.13264239
v -0.0096399271 -0.056725001 0.13356588
v -0.009341054 -0.056725001 0.13443032
v -0.0088844228 -0.056725001 0.13524751
v -0.0082678306 -0.056725001 0.1359808
v -0.0075479817 -0.056725001 0.13658375
v -0.0067452192 -0.056725001 0.13702759
v -0.0062902737 -0.056725001 0.13715183
v 0.00057541799 -0.056591001 0.1372502
v 0.00057541799 -0.054340701 0.1372502
v -0.00075000003 -0.054340701 0.1372502
v -0.00075000003 -0.056591001 0.1372502
v -0.00075000003 -0.062438002 0.115237
v 0.00075000003 -0.062438002 0.115237
v 0.00075000003 -0.062675757 0.11578236
v 0.00075000003 -0.063006701 0.1162084
v -0.00075000003 -0.063006701 0.1162084
v -0.00075000003 -0.062675757 0.11578236
v 0.0183858 0.054225001 0.078084502
v 0.0183858 0.056725001 0.078084502
v 0.018261336 0.056725001 0.078705049
v 0.018027765 0.056725001 0.079289589
v 0.017666699 0.056725001 0.079809618
v 0.0171762 0.056725001 0.080245104
v 0.0171762 0.054225001 0.080245104
v 0.017666699 0.054225001 0.079809618
v 0.018027765 0.054225001 0.079289589
v 0.018261336 0.054225001 0.078705049
v -0.0102344 0.054225001 0.0176623
v -0.0102344 0.056725001 0.0176623
v -0.010594609 0.056725001 0.018023797
v -0.01082971 0.056725001 0.018421828
v -0.01104 0.056725001 0.019362
v -0.01104 0.054225001 0.019362
v -0.01082971 0.054225001 0.018421828
v -0.010594609 0.054225001 0.018023797
v -0.0008783 0.044919548 0.0180231
v -0.0008783 0.04337955 0.0180231
v 0.0011228 0.04337955 0.0180231
v 0.0011228 0.044919548 0.0180231
v 0.00075000003 0.066332598 0.1161069
v -0.00075000003 0.066332598 0.1161069
v -0.00075000003 0.066583381 0.11622727
v -0.00075000003 0.066830106 0.11635627
v -0.00075000003 0.067072206 0.11649513
v -0.00075000003 0.067309675 0.11664386
v -0.00075000003 0.067543101 0.1168012
v 0.00075000003 0.067543101 0.1168012
v 0.00075000003 0.067309675 0.11664386
v 0.00075000003 0.067072206 0.11649513
v 0.00075000003 0.066830106 0.11635627
v 0.00075000003 0.066583381 0.11622727
v 0.00075000003 0.076171098 0.1368771
v -0.00075000003 0.076171098 0.1368771
v -0.00075000003 0.056874199 0.1368771
v 0.00075000003 0.056874199 0.1368771
v -0.00075000003 0.054322014 0.13723354
v 0.00057541799 0.054340701 0.1372502
v -0.00075000003 0.054340701 0.1372502
v -0.0131107 0.054225001 0.013520401
v -0.0131107 0.056725001 0.013520401
v -0.012476743 0.056725001 0.01288904
v -0.0116469 0.056725001 0.0125942
v -0.0116469 0.054225001 0.0125942
v -0.012476743 0.054225001 0.01288904
v -0.0110147 -0.056725001 0.069797101
v -0.0110147 -0.054225001 0.069797101
v -0.010970447 -0.054225001 0.070021386
v -0.010918541 -0.054225001 0.070236626
v -0.010857859 -0.054225001 0.070441489
v -0.01078835 -0.054225001 0.07063592
v -0.0107111 -0.054225001 0.070821199
v -0.0107111 -0.056725001 0.070821199
v -0.01078835 -0.056725001 0.07063592
v -0.010857859 -0.056725001 0.070441489
v -0.010918541 -0.056725001 0.070236626
v -0.010970447 -0.056725001 0.070021386
v -0.0038712001 -0.056725001 0.0176614
v -0.0038712001 -0.054225001 0.0176614
v -0.0044067001 -0.054225001 0.0176614
v -0.0044067001 -0.056725001 0.0176614
v -0.0079597998 -0.056725001 0.0135835
v -0.0079597998 -0.054225001 0.0135835
v -0.0050581002 -0.054225001 0.0141833
v -0.0050581002 -0.056725001 0.0141833
v 0.0099408001 -0.056725001 0.0129399
v 0.0099408001 -0.054225001 0.0129399
v 0.0115817 -0.054225001 0.012314
v 0.0115817 -0.056725001 0.012314
v 0.0037841001 -0.056725001 0.0176745
v 0.0037841001 -0.054225001 0.0176745
v 0.0026267999 -0.054225001 0.0187327
v 0.0026267999 -0.056725001 0.0187327
v 0.010159301 0.052023849 0.052911201
v 0.0112432 0.052023849 0.052911201
v 0.0112432 0.054225001 0.052911201
v 0.01108749 0.054225001 0.052911201
v 0.010159301 0.054225001 0.052911201
v 0.0110923 0.054225001 0.052037101
v 0.0110923 0.056725001 0.052037101
v 0.0110923 0.056725001 0.0296123
v 0.0110923 0.054225001 0.0296123
v 0.0110923 0.054225001 0.044606194
v -0.00075000003 -0.056602626 0.13723354
v -0.00075000003 -0.054322014 0.13723354
v 0.00057541799 -0.054340701 0.1372502
v 0.00057541799 -0.056591001 0.1372502
v 0.0021513 -0.056725001 0.13727
v 0.0021513 -0.054225001 0.13727
v -0.0058077002 -0.054225001 0.13717
v -0.0058077002 -0.056725001 0.13717
v -0.00075000003 -0.056725001 0.10249603
v 0.00075000003 -0.056725001 0.10249603
v 0.00075000003 -0.062438002 0.115237
v -0.00075000003 -0.062438002 0.115237
v 0.0110923 0.054225001 0.0296123
v 0.0110923 0.056725001 0.0296123
v 0.011028 0.056725001 0.019153399
v 0.011028 0.054225001 0.019153399
v 0.0183858 0.054225001 0.070862398
v 0.0183858 0.056725001 0.070862398
v 0.0183858 0.056725001 0.078084502
v 0.0183858 0.054225001 0.078084502
v -0.0044067001 0.054225001 0.0176614
v -0.0044067001 0.056725001 0.0176614
v -0.0102344 0.056725001 0.0176623
v -0.0102344 0.054225001 0.0176623
v -0.0017099179 0.04337955 0.018018194
v -0.0015780129 0.04337955 0.018567621
v -0.0012623653 0.04337955 0.019056196
v -0.00067759603 0.04337955 0.019479625
v -0.00033694662 0.04337955 0.019585383
v 0.00016759999 0.04337955 0.0196112
v 0.00087720916 0.04337955 0.019374551
v 0.0011393947 0.04337955 0.019183298
v 0.0014213887 0.04337955 0.018862392
v 0.001617243 0.04337955 0.018463665
v 0.0017134655 0.04337955 0.018048944
v 0.001600834 0.04337955 0.018055419
v 0.0014591068 0.04337955 0.018031569
v 0.0012983435 0.04337955 0.01801546
v 0.0011228 0.04337955 0.0180231
v -0.0008783 0.04337955 0.0180231
v -0.0013489805 0.04337955 0.018055273
v -0.0015623884 0.04337955 0.018085564
v -0.00075000003 0.056602626 0.13723354
v -0.00075000003 0.054322014 0.13723354
v -0.00075000003 0.054340701 0.1372502
v -0.00075000003 0.056591001 0.1372502
v 0.00075000003 0.063006701 0.1162084
v -0.00075000003 0.063006701 0.1162084
v -0.00075000003 0.066332598 0.1161069
v 0.00075000003 0.066332598 0.1161069
v 0.00057541799 0.054340701 0.1372502
v 0.00057541799 0.056591001 0.1372502
v -0.00075000003 0.056591001 0.1372502
v -0.00075000003 0.054340701 0.1372502
v 0.00075000003 0.056725001 0.13706384
v 0.00075000003 0.056725001 0.10249603
v 0.00075000003 0.062438002 0.115237
v 0.00075000003 0.062675757 0.11578236
v 0.00075000003 0.063006701 0.1162084
v 0.00075000003 0.066332598 0.1161069
v 0.00075000003 0.066583381 0.11622727
v 0.00075000003 0.066830106 0.11635627
v 0.00075000003 0.067072206 0.11649513
v 0.00075000003 0.067309675 0.11664386
v 0.00075000003 0.067543101 0.1168012
v 0.00075000003 0.072688799 0.126317
v 0.00075000003 0.073747478 0.12643677
v 0.00075000003 0.074797201 0.1262868
v 0.00075000003 0.079899998 0.1172009
v 0.00075000003 0.080338097 0.11667812
v 0.00075000003 0.080915785 0.11638033
v 0.00075000003 0.081563387 0.11624625
v 0.00075000003 0.082251654 0.11625349
v 0.00075000003 0.082918482 0.11641708
v 0.00075000003 0.083441572 0.11679365
v 0.00075000003 0.083777266 0.11736924
v 0.00075000003 0.083968496 0.1179934
v 0.00075000003 0.083575497 0.1296665
v 0.00075000003 0.083271303 0.1312404
v 0.00075000003 0.083205748 0.13147308
v 0.00075000003 0.083134708 0.13170357
v 0.00075000003 0.083057413 0.13193152
v 0.00075000003 0.082973852 0.13215696
v 0.00075000003 0.082884798 0.1323802
v 0.00075000003 0.081766396 0.1340169
v 0.00075000003 0.080433798 0.1352352
v 0.00075000003 0.08021924 0.13539197
v 0.00075000003 0.080002146 0.13554316
v 0.00075000003 0.079782152 0.13568796
v 0.00075000003 0.079559245 0.13582638
v 0.00075000003 0.079333801 0.1359592
v 0.00075000003 0.077642698 0.1367049
v 0.00075000003 0.076171098 0.1368771
v 0.00075000003 0.056874199 0.1368771
v 0.00075000003 0.056826982 0.13693338
v 0.00075000003 0.056777358 0.13699537
v -0.0116469 0.054225001 0.0125942
v -0.0116469 0.056725001 0.0125942
v -0.0079597998 0.056725001 0.0135835
v -0.0079597998 0.054225001 0.0135835
v -0.011108 -0.056725001 0.044138298
v -0.011108 -0.054225001 0.044138298
v -0.011106284 -0.054225001 0.044610338
v -0.0110761 -0.054225001 0.052911201
v -0.011014992 -0.054225001 0.06971693
v -0.0110147 -0.054225001 0.069797101
v -0.0110147 -0.056725001 0.069797101
v -0.0050581002 -0.056725001 0.0141833
v -0.0050581002 -0.054225001 0.0141833
v -0.0024366 -0.054225001 0.014493999
v -0.0024366 -0.056725001 0.014493999
v 0.0075427002 -0.056725001 0.0136691
v 0.0075427002 -0.054225001 0.0136691
v 0.0099408001 -0.054225001 0.0129399
v 0.0099408001 -0.056725001 0.0129399
v 0.0109935 0.054225001 0.069991202
v 0.0109935 0.056725001 0.069991202
v 0.0110923 0.056725001 0.052037101
v 0.0110923 0.054225001 0.052037101
v 0.01108749 0.054225001 0.052911201
v 0.010995042 0.054225001 0.069711027
v -0.00075000003 -0.056725001 0.13706384
v -0.00075000003 -0.056725001 0.10249603
v -0.00075000003 -0.062438002 0.115237
v -0.00075000003 -0.062675757 0.11578236
v -0.00075000003 -0.063006701 0.1162084
v -0.00075000003 -0.066332598 0.1161069
v -0.00075000003 -0.066583381 0.11622727
v -0.00075000003 -0.066830106 0.11635627
v -0.00075000003 -0.067072206 0.11649513
v -0.00075000003 -0.067309675 0.11664386
v -0.00075000003 -0.067543101 0.1168012
v -0.00075000003 -0.072688799 0.126317
v -0.00075000003 -0.073747478 0.12643677
v -0.00075000003 -0.074797201 0.1262868
v -0.00075000003 -0.079899998 0.1172009
v -0.00075000003 -0.080338097 0.11667812
v -0.00075000003 -0.080915785 0.11638033
v -0.00075000003 -0.081563387 0.11624625
v -0.00075000003 -0.082251654 0.11625349
v -0.00075000003 -0.082918482 0.11641708
v -0.00075000003 -0.083441572 0.11679365
v -0.00075000003 -0.083777266 0.11736924
v -0.00075000003 -0.083968496 0.1179934
v -0.00075000003 -0.083575497 0.1296665
v -0.00075000003 -0.083271303 0.1312404
v -0.00075000003 -0.083205748 0.13147308
v -0.00075000003 -0.083134708 0.13170357
v -0.00075000003 -0.083057413 0.13193152
v -0.00075000003 -0.082973852 0.13215696
v -0.00075000003 -0.082884798 0.1323802
v -0.00075000003 -0.081766396 0.1340169
v -0.00075000003 -0.080433798 0.1352352
v -0.00075000003 -0.08021924 0.13539197
v -0.00075000003 -0.080002146 0.13554316
v -0.00075000003 -0.079782152 0.13568796
v -0.00075000003 -0.079559245 0.13582638
v -0.00075000003 -0.079333801 0.1359592
v -0.00075000003 -0.077642698 0.1367049
v -0.00075000003 -0.076171098 0.1368771
v -0.00075000003 -0.056874199 0.1368771
v -0.00075000003 -0.056826982 0.13693338
v -0.00075000003 -0.056777358 0.13699537
v 0.011028 0.054225001 0.019153399
v 0.011028 0.056725001 0.019153399
v 0.010867375 0.056725001 0.018515166
v 0.010549108 0.056725001 0.017943106
v 0.010268862 0.056725001 0.017764521
v 0.0099322325 0.056725001 0.017669032
v 0.0092409998 0.056725001 0.017670799
v 0.0092409998 0.054225001 0.017670799
v 0.0099322325 0.054225001 0.017669032
v 0.010268862 0.054225001 0.017764521
v 0.010549108 0.054225001 0.017943106
v 0.010867375 0.054225001 0.018515166
v 0.0185 0.054225001 0.051476002
v 0.0185 0.056725001 0.051476002
v 0.0183858 0.056725001 0.070862398
v 0.0183858 0.054225001 0.070862398
v 0.0017134655 0.04337955 0.018048944
v 0.0017134655 0.044919548 0.018048944
v 0.001600834 0.044919548 0.018055419
v 0.0014591068 0.044919548 0.018031569
v 0.0012983435 0.044919548 0.01801546
v 0.0011228 0.044919548 0.0180231
v 0.0011228 0.04337955 0.0180231
v 0.0012983435 0.04337955 0.01801546
v 0.0014591068 0.04337955 0.018031569
v 0.001600834 0.04337955 0.018055419
v 0.0099408001 0.054225001 0.0129399
v 0.0099408001 0.056725001 0.0129399
v 0.0115817 0.056725001 0.012314
v 0.0115817 0.054225001 0.012314
v 0.00057541799 0.056591001 0.1372502
v -0.00075000003 0.056602626 0.13723354
v -0.00075000003 0.056591001 0.1372502
v 0.00075000003 0.062438002 0.115237
v -0.00075000003 0.062438002 0.115237
v -0.00075000003 0.062675757 0.11578236
v -0.00075000003 0.063006701 0.1162084
v 0.00075000003 0.063006701 0.1162084
v 0.00075000003 0.062675757 0.11578236
v -0.00075000003 0.056725001 0.13706384
v 0.00075000003 0.056725001 0.13706384
v 0.00075000003 0.056777358 0.13699537
v 0.00075000003 0.056826982 0.13693338
v 0.00075000003 0.056874199 0.1368771
v -0.00075000003 0.056874199 0.1368771
v -0.00075000003 0.056826982 0.13693338
v -0.00075000003 0.056777358 0.13699537
v -0.0079597998 0.054225001 0.0135835
v -0.0079597998 0.056725001 0.0135835
v -0.0050581002 0.056725001 0.0141833
v -0.0050581002 0.054225001 0.0141833
v -0.01104 -0.056725001 0.019362
v -0.01104 -0.054225001 0.019362
v -0.011108 -0.054225001 0.044138298
v -0.011108 -0.056725001 0.044138298
v 0.0051494998 -0.056725001 0.0141686
v 0.0051494998 -0.054225001 0.0141686
v 0.0075427002 -0.054225001 0.0136691
v 0.0075427002 -0.056725001 0.0136691
v -0.00075000003 -0.054322014 0.13723354
v -0.00075000003 -0.056602626 0.13723354
v -0.00075000003 -0.056591001 0.1372502
v -0.00075000003 -0.054340701 0.1372502
v 0.0092409998 0.054225001 0.017670799
v 0.0092409998 0.056725001 0.017670799
v 0.0038694 0.056725001 0.0176745
v 0.0038694 0.054225001 0.0176745
v 0.01844 0.054225001 0.043850498
v 0.01844 0.056725001 0.043850498
v 0.0185 0.056725001 0.051476002
v 0.0185 0.054225001 0.051476002
v 0.00016759999 0.044919548 0.0196112
v -0.00040560942 0.044919548 0.019570636
v -0.00078882322 0.044919548 0.019425513
v -0.0012416627 0.044919548 0.019078451
v -0.0015484141 0.044919548 0.018635591
v -0.0017099179 0.044919548 0.018018194
v -0.0015623884 0.044919548 0.018085564
v -0.0013489805 0.044919548 0.018055273
v -0.0008783 0.044919548 0.0180231
v 0.0011228 0.044919548 0.0180231
v 0.0012983435 0.044919548 0.01801546
v 0.0014591068 0.044919548 0.018031569
v 0.001600834 0.044919548 0.018055419
v 0.0017134655 0.044919548 0.018048944
v 0.0014943719 0.044919548 0.018742309
v 0.0010458807 0.044919548 0.019259725
v 0.0006170452 0.044919548 0.019503553
v 0.0075427002 0.054225001 0.0136691
v 0.0075427002 0.056725001 0.0136691
v 0.0099408001 0.056725001 0.0129399
v 0.0099408001 0.054225001 0.0129399
v 0.00075000003 0.056725001 0.10249603
v -0.00075000003 0.056725001 0.10249603
v -0.00075000003 0.062438002 0.115237
v 0.00075000003 0.062438002 0.115237
v -0.00075000003 0.056725001 0.10249603
v -0.00075000003 0.056725001 0.13706384
v -0.00075000003 0.056777358 0.13699537
v -0.00075000003 0.056826982 0.13693338
v -0.00075000003 0.056874199 0.1368771
v -0.00075000003 0.076171098 0.1368771
v -0.00075000003 0.077642698 0.1367049
v -0.00075000003 0.079333801 0.1359592
v -0.00075000003 0.079559245 0.13582638
v -0.00075000003 0.079782152 0.13568796
v -0.00075000003 0.080002146 0.13554316
v -0.00075000003 0.08021924 0.13539197
v -0.00075000003 0.080433798 0.1352352
v -0.00075000003 0.081766396 0.1340169
v -0.00075000003 0.082884798 0.1323802
v -0.00075000003 0.082973852 0.13215696
v -0.00075000003 0.083057413 0.13193152
v -0.00075000003 0.083134708 0.13170357
v -0.00075000003 0.083205748 0.13147308
v -0.00075000003 0.083271303 0.1312404
v -0.00075000003 0.083575497 0.1296665
v -0.00075000003 0.083968496 0.1179934
v -0.00075000003 0.083777266 0.11736924
v -0.00075000003 0.083441572 0.11679365
v -0.00075000003 0.082918482 0.11641708
v -0.00075000003 0.082251654 0.11625349
v -0.00075000003 0.081563387 0.11624625
v -0.00075000003 0.080915785 0.11638033
v -0.00075000003 0.080338097 0.11667812
v -0.00075000003 0.079899998 0.1172009
v -0.00075000003 0.074797201 0.1262868
v -0.00075000003 0.073747478 0.12643677
v -0.00075000003 0.072688799 0.126317
v -0.00075000003 0.067543101 0.1168012
v -0.00075000003 0.067309675 0.11664386
v -0.00075000003 0.067072206 0.11649513
v -0.00075000003 0.066830106 0.11635627
v -0.00075000003 0.066583381 0.11622727
v -0.00075000003 0.066332598 0.1161069
v -0.00075000003 0.063006701 0.1162084
v -0.00075000003 0.062675757 0.11578236
v -0.00075000003 0.062438002 0.115237
v -0.0050581002 0.054225001 0.0141833
v -0.0050581002 0.056725001 0.0141833
v -0.0024366 0.056725001 0.014493999
v -0.0024366 0.054225001 0.014493999
v -0.00022648808 -0.054225001 0.01457852
v -0.00022648808 -0.056725001 0.01457852
v -0.0024366 -0.056725001 0.014493999
v -0.0024366 -0.054225001 0.014493999
v -0.0102344 -0.056725001 0.0176623
v -0.0102344 -0.054225001 0.0176623
v -0.010594609 -0.054225001 0.018023797
v -0.01082971 -0.054225001 0.018421828
v -0.01104 -0.054225001 0.019362
v -0.01104 -0.056725001 0.019362
v -0.01082971 -0.056725001 0.018421828
v -0.010594609 -0.056725001 0.018023797
v 0.0024824999 -0.056725001 0.01449
v 0.0024824999 -0.054225001 0.01449
v 0.0051494998 -0.054225001 0.0141686
v 0.0051494998 -0.056725001 0.0141686
v 0.00075000003 -0.056725001 0.13706384
v -0.00075000003 -0.056725001 0.13706384
v -0.00075000003 -0.056777358 0.13699537
v -0.00075000003 -0.056826982 0.13693338
v -0.00075000003 -0.056874199 0.1368771
v 0.00075000003 -0.056874199 0.1368771
v 0.00075000003 -0.056826982 0.13693338
v 0.00075000003 -0.056777358 0.13699537
v 0.0038694 0.054225001 0.0176745
v 0.0038694 0.056725001 0.0176745
v 0.0037841001 0.056725001 0.0176745
v 0.0037841001 0.054225001 0.0176745
v 0.012820899 0.054225001 0.0139762
v 0.012820899 0.056725001 0.0139762
v 0.01844 0.056725001 0.043850498
v 0.01844 0.054225001 0.043850498
v -0.0017099179 0.048454199 0.018018194
v -0.0017099179 0.046914201 0.018018194
v -0.0015623884 0.046914201 0.018085564
v -0.0013489805 0.046914201 0.018055273
v -0.0008783 0.046914201 0.0180231
v -0.0008783 0.048454199 0.0180231
v -0.0013489805 0.048454199 0.018055273
v -0.0015623884 0.048454199 0.018085564
v 0.0051494998 0.054225001 0.0141686
v 0.0051494998 0.056725001 0.0141686
v 0.0075427002 0.056725001 0.0136691
v 0.0075427002 0.054225001 0.0136691
v 0.00024942048 -0.054225001 0.014582705
v 0.0007705956 -0.054225001 0.014861276
v 0.0011978598 -0.054225001 0.015358177
v 0.0014038475 -0.054225001 0.015750668
v 0.0015983953 -0.054225001 0.016318698
v 0.0016997688 -0.054225001 0.016845267
v 0.0017350599 -0.054225001 0.017249514
v 0.001739115 -0.054225001 0.017660362
v 0.0017211296 -0.054225001 0.01797474
v 0.0016000278 -0.054225001 0.018511634
v 0.0013389449 -0.054225001 0.018974859
v 0.00098455928 -0.054225001 0.019304601
v 0.00067153469 -0.054225001 0.019480938
v 0.0017111088 -0.054225001 0.019212897
v 0.0026267999 -0.054225001 0.0187327
v 0.0037841001 -0.054225001 0.0176745
v 0.0038694 -0.054225001 0.0176745
v 0.0092409998 -0.054225001 0.017670799
v 0.0099322325 -0.054225001 0.017669032
v 0.010268862 -0.054225001 0.017764521
v 0.010549108 -0.054225001 0.017943106
v 0.010867375 -0.054225001 0.018515166
v 0.011028 -0.054225001 0.019153399
v 0.0110923 -0.054225001 0.0296123
v 0.0110923 -0.054225001 0.044606194
v 0.0132595 -0.054225001 0.045248799
v 0.014342099 -0.054225001 0.045530901
v 0.015194308 -0.054225001 0.045901651
v 0.015929462 -0.054225001 0.046502428
v 0.016208613 -0.054225001 0.046884494
v 0.016395173 -0.054225001 0.0473104
v 0.016484876 -0.054225001 0.047771721
v 0.016450388 -0.054225001 0.048243794
v 0.016306915 -0.054225001 0.048686986
v 0.016065034 -0.054225001 0.04908783
v 0.015358541 -0.054225001 0.049729142
v 0.014518026 -0.054225001 0.050126772
v 0.014063407 -0.054225001 0.050238681
v 0.0136438 -0.054225001 0.050439801
v 0.0118677 -0.054225001 0.052400799
v 0.011573906 -0.054225001 0.052722902
v 0.0112432 -0.054225001 0.052911201
v 0.01108749 -0.054225001 0.052911201
v 0.010995042 -0.054225001 0.069711027
v 0.0135677 -0.054225001 0.070472298
v 0.014630979 -0.054225001 0.070648508
v 0.015624025 -0.054225001 0.071059918
v 0.016063013 -0.054225001 0.071361189
v 0.016458967 -0.054225001 0.071769166
v 0.016746892 -0.054225001 0.072227039
v 0.016903446 -0.054225001 0.072730212
v 0.016918681 -0.054225001 0.073267527
v 0.016776227 -0.054225001 0.073785
v 0.016497378 -0.054225001 0.074265704
v 0.016124252 -0.054225001 0.074654503
v 0.01519377 -0.054225001 0.075201068
v 0.014681814 -0.054225001 0.075371222
v 0.0141685 -0.054225001 0.075381298
v 0.010299398 -0.054225001 0.071868434
v 0.0097749001 -0.054225001 0.072986102
v 0.0089046001 -0.054225001 0.074275398
v 0.0076814002 -0.054225001 0.075618601
v 0.0059065998 -0.054225001 0.0771275
v 0.0057439411 -0.054225001 0.077262921
v 0.0055752021 -0.054225001 0.077386351
v 0.0053995073 -0.054225001 0.077496061
v 0.00521685 -0.054225001 0.077592039
v 0.0050281 -0.054225001 0.077676001
v -0.0043928 -0.054225001 0.077676001
v -0.0045741314 -0.054225001 0.077689033
v -0.004751201 -0.054225001 0.077688532
v -0.0049233907 -0.054225001 0.077672544
v -0.0050906879 -0.054225001 0.077641025
v -0.0052537 -0.054225001 0.077595901
v -0.0069554001 -0.054225001 0.076272602
v -0.0082703 -0.054225001 0.075009699
v -0.0092997003 -0.054225001 0.0737363
v -0.0100308 -0.054225001 0.0724892
v -0.010288148 -0.054225001 0.07185822
v -0.0141685 -0.054225001 0.075381298
v -0.014681814 -0.054225001 0.075371222
v -0.01519377 -0.054225001 0.075201068
v -0.016124252 -0.054225001 0.074654503
v -0.016497378 -0.054225001 0.074265704
v -0.016776227 -0.054225001 0.073785
v -0.016918681 -0.054225001 0.073267527
v -0.016903446 -0.054225001 0.072730212
v -0.016746892 -0.054225001 0.072227039
v -0.016458967 -0.054225001 0.071769166
v -0.016063013 -0.054225001 0.071361189
v -0.015624025 -0.054225001 0.071059918
v -0.014630979 -0.054225001 0.070648508
v -0.0135677 -0.054225001 0.070472298
v -0.011014992 -0.054225001 0.06971693
v -0.0110761 -0.054225001 0.052911201
v -0.0112432 -0.054225001 0.052911201
v -0.011573906 -0.054225001 0.052722902
v -0.0118677 -0.054225001 0.052400799
v -0.0136438 -0.054225001 0.050439801
v -0.014063407 -0.054225001 0.050238681
v -0.014518026 -0.054225001 0.050126772
v -0.015358541 -0.054225001 0.049729142
v -0.016065034 -0.054225001 0.04908783
v -0.016306915 -0.054225001 0.048686986
v -0.016450388 -0.054225001 0.048243794
v -0.016484876 -0.054225001 0.047771721
v -0.016395173 -0.054225001 0.0473104
v -0.016208613 -0.054225001 0.046884494
v -0.015929462 -0.054225001 0.046502428
v -0.015194308 -0.054225001 0.045901651
v -0.014342099 -0.054225001 0.045530901
v -0.0132595 -0.054225001 0.045248799
v -0.011106284 -0.054225001 0.044610338
v -0.011108 -0.054225001 0.044138298
v -0.01104 -0.054225001 0.019362
v -0.01082971 -0.054225001 0.018421828
v -0.010594609 -0.054225001 0.018023797
v -0.0102344 -0.054225001 0.0176623
v -0.0044067001 -0.054225001 0.0176614
v -0.0038712001 -0.054225001 0.0176614
v -0.0024130777 -0.054225001 0.018865784
v -0.0015746345 -0.054225001 0.019262682
v -0.00067876376 -0.054225001 0.019478925
v -0.001169356 -0.054225001 0.019150412
v -0.001490646 -0.054225001 0.018746871
v -0.0016798805 -0.054225001 0.018211536
v -0.001732237 -0.054225001 0.01782028
v -0.0017332935 -0.054225001 0.017236639
v -0.0016348022 -0.054225001 0.016506732
v -0.0014757207 -0.054225001 0.015941659
v -0.0012966509 -0.054225001 0.015537332
v -0.0011114347 -0.054225001 0.015236622
v -0.00070855647 -0.054225001 0.014813261
v -0.00022648808 -0.054225001 0.01457852
v -0.0024366 -0.054225001 0.014493999
v -0.0050581002 -0.054225001 0.0141833
v -0.0079597998 -0.054225001 0.0135835
v -0.0116469 -0.054225001 0.0125942
v -0.012476743 -0.054225001 0.01288904
v -0.0131107 -0.054225001 0.013520401
v -0.0138911 -0.054225001 0.018097399
v -0.0170152 -0.054225001 0.035004301
v -0.0184699 -0.054225001 0.043501501
v -0.0184699 -0.054225001 0.077778301
v -0.018306849 -0.054225001 0.078511872
v -0.018033984 -0.054225001 0.079202805
v -0.0171583 -0.054225001 0.080433197
v -0.010698299 -0.054225001 0.084871197
v -0.010271224 -0.054225001 0.085157442
v -0.0099572003 -0.054225001 0.085503302
v -0.01002 -0.054225001 0.089463196
v -0.0097799999 -0.054225001 0.1316661
v -0.009769662 -0.054225001 0.13264239
v -0.0096399271 -0.054225001 0.13356588
v -0.009341054 -0.054225001 0.13443032
v -0.0088844228 -0.054225001 0.13524751
v -0.0082678306 -0.054225001 0.1359808
v -0.0075479817 -0.054225001 0.13658375
v -0.0067452192 -0.054225001 0.13702759
v -0.0062902737 -0.054225001 0.13715183
v -0.0058077002 -0.054225001 0.13717
v 0.0021513 -0.054225001 0.13727
v 0.0026076069 -0.054225001 0.13729947
v 0.0030416289 -0.054225001 0.13721395
v 0.0038143337 -0.054225001 0.13685826
v 0.0045021176 -0.054225001 0.13632732
v 0.0049708 -0.054225001 0.1355853
v 0.0098855001 -0.054225001 0.1130637
v 0.0098855001 -0.054225001 0.086324301
v 0.0099009043 -0.054225001 0.08578186
v 0.0100445 -0.054225001 0.085336103
v 0.0171762 -0.054225001 0.080245104
v 0.017666699 -0.054225001 0.079809618
v 0.018027765 -0.054225001 0.079289589
v 0.018261336 -0.054225001 0.078705049
v 0.0183858 -0.054225001 0.078084502
v 0.0183858 -0.054225001 0.070862398
v 0.0185 -0.054225001 0.051476002
v 0.01844 -0.054225001 0.043850498
v 0.012820899 -0.054225001 0.0139762
v 0.012697042 -0.054225001 0.013429556
v 0.01245909 -0.054225001 0.012941687
v 0.012087955 -0.054225001 0.012558894
v 0.0115817 -0.054225001 0.012314
v 0.0099408001 -0.054225001 0.0129399
v 0.0075427002 -0.054225001 0.0136691
v 0.0051494998 -0.054225001 0.0141686
v 0.0024824999 -0.054225001 0.01449
v -0.0044067001 -0.056725001 0.0176614
v -0.0044067001 -0.054225001 0.0176614
v -0.0102344 -0.054225001 0.0176623
v -0.0102344 -0.056725001 0.0176623
v 0.00024942048 -0.056725001 0.014582705
v 0.00024942048 -0.054225001 0.014582705
v 0.0024824999 -0.054225001 0.01449
v 0.0024824999 -0.056725001 0.01449
v -0.00075000003 -0.056602626 0.13723354
v 0.00057541799 -0.056591001 0.1372502
v -0.00075000003 -0.056591001 0.1372502
v 0.0037841001 0.054225001 0.0176745
v 0.0037841001 0.056725001 0.0176745
v 0.0026267999 0.056725001 0.0187327
v 0.0026267999 0.054225001 0.0187327
v 0.0115817 0.054225001 0.012314
v 0.0115817 0.056725001 0.012314
v 0.012087955 0.056725001 0.012558894
v 0.01245909 0.056725001 0.012941687
v 0.012697042 0.056725001 0.013429556
v 0.012820899 0.056725001 0.0139762
v 0.012820899 0.054225001 0.0139762
v 0.012697042 0.054225001 0.013429556
v 0.01245909 0.054225001 0.012941687
v 0.012087955 0.054225001 0.012558894
v -0.00022648808 0.056725001 0.01457852
v -0.00022648808 0.054225001 0.01457852
v -0.0024366 0.054225001 0.014493999
v -0.0024366 0.056725001 0.014493999
v -0.0008783 0.048454199 0.0180231
v -0.0008783 0.046914201 0.0180231
v 0.0011228 0.046914201 0.0180231
v 0.0011228 0.048454199 0.0180231
v 0.0024824999 0.054225001 0.01449
v 0.0024824999 0.056725001 0.01449
v 0.0051494998 0.056725001 0.0141686
v 0.0051494998 0.054225001 0.0141686
v 0.00067153469 -0.054225001 0.019480938
v 0.00067153469 -0.056725001 0.019480938
v 0.0017111088 -0.056725001 0.019212897
v 0.0026267999 -0.056725001 0.0187327
v 0.0026267999 -0.054225001 0.0187327
v 0.0017111088 -0.054225001 0.019212897
v 0.00024942048 -0.056725001 0.014582705
v 0.0024824999 -0.056725001 0.01449
v 0.0051494998 -0.056725001 0.0141686
v 0.0075427002 -0.056725001 0.0136691
v 0.0099408001 -0.056725001 0.0129399
v 0.0115817 -0.056725001 0.012314
v 0.012087955 -0.056725001 0.012558894
v 0.01245909 -0.056725001 0.012941687
v 0.012697042 -0.056725001 0.013429556
v 0.012820899 -0.056725001 0.0139762
v 0.01844 -0.056725001 0.043850498
v 0.0185 -0.056725001 0.051476002
v 0.0183858 -0.056725001 0.070862398
v 0.0183858 -0.056725001 0.078084502
v 0.018261336 -0.056725001 0.078705049
v 0.018027765 -0.056725001 0.079289589
v 0.017666699 -0.056725001 0.079809618
v 0.0171762 -0.056725001 0.080245104
v 0.0100445 -0.056725001 0.085336103
v 0.0099009043 -0.056725001 0.08578186
v 0.0098855001 -0.056725001 0.086324301
v 0.0098855001 -0.056725001 0.1130637
v 0.0049708 -0.056725001 0.1355853
v 0.0045021176 -0.056725001 0.13632732
v 0.0038143337 -0.056725001 0.13685826
v 0.0030416289 -0.056725001 0.13721395
v 0.0026076069 -0.056725001 0.13729947
v 0.0021513 -0.056725001 0.13727
v -0.0058077002 -0.056725001 0.13717
v -0.0062902737 -0.056725001 0.13715183
v -0.0067452192 -0.056725001 0.13702759
v -0.0075479817 -0.056725001 0.13658375
v -0.0082678306 -0.056725001 0.1359808
v -0.0088844228 -0.056725001 0.13524751
v -0.009341054 -0.056725001 0.13443032
v -0.0096399271 -0.056725001 0.13356588
v -0.009769662 -0.056725001 0.13264239
v -0.0097799999 -0.056725001 0.1316661
v -0.01002 -0.056725001 0.089463196
v -0.0099572003 -0.056725001 0.085503302
v -0.010271224 -0.056725001 0.085157442
v -0.010698299 -0.056725001 0.084871197
v -0.0171583 -0.056725001 0.080433197
v -0.018033984 -0.056725001 0.079202805
v -0.018306849 -0.056725001 0.078511872
v -0.0184699 -0.056725001 0.077778301
v -0.0184699 -0.056725001 0.043501501
v -0.0170152 -0.056725001 0.035004301
v -0.0138911 -0.056725001 0.018097399
v -0.0131107 -0.056725001 0.013520401
v -0.012476743 -0.056725001 0.01288904
v -0.0116469 -0.056725001 0.0125942
v -0.0079597998 -0.056725001 0.0135835
v -0.0050581002 -0.056725001 0.0141833
v -0.0024366 -0.056725001 0.014493999
v -0.00022648808 -0.056725001 0.01457852
v -0.0001453 -0.056725001 0.0145614
v 5.7083536e-05 -0.056725001 0.014554576
v -0.00067876376 -0.056725001 0.019478925
v -0.0015746345 -0.056725001 0.019262682
v -0.0024130777 -0.056725001 0.018865784
v -0.0038712001 -0.056725001 0.0176614
v -0.0044067001 -0.056725001 0.0176614
v -0.0102344 -0.056725001 0.0176623
v -0.010594609 -0.056725001 0.018023797
v -0.01082971 -0.056725001 0.018421828
v -0.01104 -0.056725001 0.019362
v -0.011108 -0.056725001 0.044138298
v -0.0110147 -0.056725001 0.069797101
v -0.010970447 -0.056725001 0.070021386
v -0.010918541 -0.056725001 0.070236626
v -0.010857859 -0.056725001 0.070441489
v -0.01078835 -0.056725001 0.07063592
v -0.0107111 -0.056725001 0.070821199
v -0.0100308 -0.056725001 0.0724892
v -0.0092997003 -0.056725001 0.0737363
v -0.0082703 -0.056725001 0.075009699
v -0.0069554001 -0.056725001 0.076272602
v -0.0052537 -0.056725001 0.077595901
v -0.0050906879 -0.056725001 0.077641025
v -0.0049233907 -0.056725001 0.077672544
v -0.004751201 -0.056725001 0.077688532
v -0.0045741314 -0.056725001 0.077689033
v -0.0043928 -0.056725001 0.077676001
v 0.0050281 -0.056725001 0.077676001
v 0.00521685 -0.056725001 0.077592039
v 0.0053995073 -0.056725001 0.077496061
v 0.0055752021 -0.056725001 0.077386351
v 0.0057439411 -0.056725001 0.077262921
v 0.0059065998 -0.056725001 0.0771275
v 0.0076814002 -0.056725001 0.075618601
v 0.0089046001 -0.056725001 0.074275398
v 0.0097749001 -0.056725001 0.072986102
v 0.0104035 -0.056725001 0.0716466
v 0.0109935 -0.056725001 0.069991202
v 0.0110923 -0.056725001 0.052037101
v 0.0110923 -0.056725001 0.0296123
v 0.011028 -0.056725001 0.019153399
v 0.010867375 -0.056725001 0.018515166
v 0.010549108 -0.056725001 0.017943106
v 0.010268862 -0.056725001 0.017764521
v 0.0099322325 -0.056725001 0.017669032
v 0.0092409998 -0.056725001 0.017670799
v 0.0038694 -0.056725001 0.0176745
v 0.0037841001 -0.056725001 0.0176745
v 0.0026267999 -0.056725001 0.0187327
v 0.0017111088 -0.056725001 0.019212897
v 0.00067153469 -0.056725001 0.019480938
v 0.00051017258 -0.056725001 0.019541519
v 0.00034221906 -0.056725001 0.019585017
v 0.00016759999 -0.056725001 0.0196112
v -0.00028175363 -0.056725001 0.019594907
v -0.00075000003 -0.056725001 0.10249603
v -0.00075000003 -0.056725001 0.13706384
v 0.00075000003 -0.056725001 0.13706384
v 0.00075000003 -0.056725001 0.10249603
v 0.00057541799 -0.054340701 0.1372502
v -0.00075000003 -0.054322014 0.13723354
v -0.00075000003 -0.054340701 0.1372502
v -0.0038712001 0.054225001 0.0176614
v -0.0038712001 0.056725001 0.0176614
v -0.0044067001 0.056725001 0.0176614
v -0.0044067001 0.054225001 0.0176614
v -0.0017099179 0.046914201 0.018018194
v -0.0015780129 0.046914201 0.018567621
v -0.0012623653 0.046914201 0.019056196
v -0.00067759603 0.046914201 0.019479625
v -0.00033694662 0.046914201 0.019585383
v 0.00016759999 0.046914201 0.0196112
v 0.00087720916 0.046914201 0.019374551
v 0.0011393947 0.046914201 0.019183298
v 0.0014213887 0.046914201 0.018862392
v 0.001617243 0.046914201 0.018463665
v 0.0017134655 0.046914201 0.018048944
v 0.001600834 0.046914201 0.018055419
v 0.0014591068 0.046914201 0.018031569
v 0.0012983435 0.046914201 0.01801546
v 0.0011228 0.046914201 0.0180231
v -0.0008783 0.046914201 0.0180231
v -0.0013489805 0.046914201 0.018055273
v -0.0015623884 0.046914201 0.018085564
v -0.00067876376 -0.056725001 0.019478925
v -0.00067876376 -0.054225001 0.019478925
v -0.0015746345 -0.054225001 0.019262682
v -0.0024130777 -0.054225001 0.018865784
v -0.0038712001 -0.054225001 0.0176614
v -0.0038712001 -0.056725001 0.0176614
v -0.0024130777 -0.056725001 0.018865784
v -0.0015746345 -0.056725001 0.019262682
v 0.01108749 0.054225001 0.052911201
v 0.0110923 0.054225001 0.052037101
v 0.0110923 0.054225001 0.044606194
v 0.010146 0.054225001 0.0443256
v 0.0099786162 0.054225001 0.04457849
v 0.0099831003 0.054225001 0.045018902
v 0.0099831003 0.054225001 0.052762799
v 0.010004209 0.054225001 0.052810669
v 0.010031909 0.054225001 0.052850051
v 0.010067147 0.054225001 0.052879734
v 0.010109925 0.054225001 0.052899714
v 0.010159301 0.054225001 0.052911201
v 0.00067153469 0.056725001 0.019480938
v 0.00067153469 0.054225001 0.019480938
v 0.0017111088 0.054225001 0.019212897
v 0.0026267999 0.054225001 0.0187327
v 0.0026267999 0.056725001 0.0187327
v 0.0017111088 0.056725001 0.019212897
v 0.0017134655 0.046914201 0.018048944
v 0.0017134655 0.048454199 0.018048944
v 0.001600834 0.048454199 0.018055419
v 0.0014591068 0.048454199 0.018031569
v 0.0012983435 0.048454199 0.01801546
v 0.0011228 0.048454199 0.0180231
v 0.0011228 0.046914201 0.0180231
v 0.0012983435 0.046914201 0.01801546
v 0.0014591068 0.046914201 0.018031569
v 0.001600834 0.046914201 0.018055419
v -0.00067876376 0.054225001 0.019478925
v -0.00067876376 0.056725001 0.019478925
v -0.0015746345 0.056725001 0.019262682
v -0.0024130777 0.056725001 0.018865784
v -0.0038712001 0.056725001 0.0176614
v -0.0038712001 0.054225001 0.0176614
v -0.0024130777 0.054225001 0.018865784
v -0.0015746345 0.054225001 0.019262682
v 0.00067153469 0.056725001 0.019480938
v 0.0017111088 0.056725001 0.019212897
v 0.0026267999 0.056725001 0.0187327
v 0.0037841001 0.056725001 0.0176745
v 0.0038694 0.056725001 0.0176745
v 0.0092409998 0.056725001 0.017670799
v 0.0099322325 0.056725001 0.017669032
v 0.010268862 0.056725001 0.017764521
v 0.010549108 0.056725001 0.017943106
v 0.010867375 0.056725001 0.018515166
v 0.011028 0.056725001 0.019153399
v 0.0110923 0.056725001 0.0296123
v 0.0110923 0.056725001 0.052037101
v 0.0109935 0.056725001 0.069991202
v 0.0104035 0.056725001 0.0716466
v 0.0097749001 0.056725001 0.072986102
v 0.0089046001 0.056725001 0.074275398
v 0.0076814002 0.056725001 0.075618601
v 0.0059065998 0.056725001 0.0771275
v 0.0057439411 0.056725001 0.077262921
v 0.0055752021 0.056725001 0.077386351
v 0.0053995073 0.056725001 0.077496061
v 0.00521685 0.056725001 0.077592039
v 0.0050281 0.056725001 0.077676001
v -0.0043928 0.056725001 0.077676001
v -0.0045741314 0.056725001 0.077689033
v -0.004751201 0.056725001 0.077688532
v -0.0049233907 0.056725001 0.077672544
v -0.0050906879 0.056725001 0.077641025
v -0.0052537 0.056725001 0.077595901
v -0.0069554001 0.056725001 0.076272602
v -0.0082703 0.056725001 0.075009699
v -0.0092997003 0.056725001 0.0737363
v -0.0100308 0.056725001 0.0724892
v -0.0107111 0.056725001 0.070821199
v -0.01078835 0.056725001 0.07063592
v -0.010857859 0.056725001 0.070441489
v -0.010918541 0.056725001 0.070236626
v -0.010970447 0.056725001 0.070021386
v -0.0110147 0.056725001 0.069797101
v -0.011108 0.056725001 0.044138298
v -0.01104 0.056725001 0.019362
v -0.01082971 0.056725001 0.018421828
v -0.010594609 0.056725001 0.018023797
v -0.0102344 0.056725001 0.0176623
v -0.0044067001 0.056725001 0.0176614
v -0.0038712001 0.056725001 0.0176614
v -0.0024130777 0.056725001 0.018865784
v -0.0015746345 0.056725001 0.019262682
v -0.00067876376 0.056725001 0.019478925
v -0.00028175363 0.056725001 0.019594907
v 0.00016759999 0.056725001 0.0196112
v 0.00034221906 0.056725001 0.019585017
v 0.00051017258 0.056725001 0.019541519
v 0.00024942048 0.056725001 0.014582705
v 5.7083536e-05 0.056725001 0.014554576
v -0.0001453 0.056725001 0.0145614
v -0.00022648808 0.056725001 0.01457852
v -0.0024366 0.056725001 0.014493999
v -0.0050581002 0.056725001 0.0141833
v -0.0079597998 0.056725001 0.0135835
v -0.0116469 0.056725001 0.0125942
v -0.012476743 0.056725001 0.01288904
v -0.0131107 0.056725001 0.013520401
v -0.0138911 0.056725001 0.018097399
v -0.0170152 0.056725001 0.035004301
v -0.0184699 0.056725001 0.043501501
v -0.0184699 0.056725001 0.077778301
v -0.018306849 0.056725001 0.078511872
v -0.018033984 0.056725001 0.079202805
v -0.0171583 0.056725001 0.080433197
v -0.010698299 0.056725001 0.084871197
v -0.010271224 0.056725001 0.085157442
v -0.0099572003 0.056725001 0.085503302
v -0.01002 0.056725001 0.089463196
v -0.0097799999 0.056725001 0.1316661
v -0.009769662 0.056725001 0.13264239
v -0.0096399271 0.056725001 0.13356588
v -0.009341054 0.056725001 0.13443032
v -0.0088844228 0.056725001 0.13524751
v -0.0082678306 0.056725001 0.1359808
v -0.0075479817 0.056725001 0.13658375
v -0.0067452192 0.056725001 0.13702759
v -0.0062902737 0.056725001 0.13715183
v -0.0058077002 0.056725001 0.13717
v 0.0021513 0.056725001 0.13727
v 0.0026076069 0.056725001 0.13729947
v 0.0030416289 0.056725001 0.13721395
v 0.0038143337 0.056725001 0.13685826
v 0.0045021176 0.056725001 0.13632732
v 0.0049708 0.056725001 0.1355853
v 0.0098855001 0.056725001 0.1130637
v 0.0098855001 0.056725001 0.086324301
v 0.0099009043 0.056725001 0.08578186
v 0.0100445 0.056725001 0.085336103
v 0.0171762 0.056725001 0.080245104
v 0.017666699 0.056725001 0.079809618
v 0.018027765 0.056725001 0.079289589
v 0.018261336 0.056725001 0.078705049
v 0.0183858 0.056725001 0.078084502
v 0.0183858 0.056725001 0.070862398
v 0.0185 0.056725001 0.051476002
v 0.01844 0.056725001 0.043850498
v 0.012820899 0.056725001 0.0139762
v 0.012697042 0.056725001 0.013429556
v 0.01245909 0.056725001 0.012941687
v 0.012087955 0.056725001 0.012558894
v 0.0115817 0.056725001 0.012314
v 0.0099408001 0.056725001 0.0129399
v 0.0075427002 0.056725001 0.0136691
v 0.0051494998 0.056725001 0.0141686
v 0.0024824999 0.056725001 0.01449
v -0.00075000003 0.056725001 0.13706384
v -0.00075000003 0.056725001 0.10249603
v 0.00075000003 0.056725001 0.10249603
v 0.00075000003 0.056725001 0.13706384
v 0.00067153469 0.054225001 0.019480938
v 0.0010442656 0.054225001 0.019261267
v 0.0013082419 0.054225001 0.019011989
v 0.0015312436 0.054225001 0.018671424
v 0.0017270912 0.054225001 0.017922783
v 0.0017342143 0.054225001 0.017245129
v 0.0016020384 0.054225001 0.016332988
v 0.0012275533 0.054225001 0.015406518
v 0.00080698557 0.054225001 0.014892813
v 0.00024942048 0.054225001 0.014582705
v 0.0024824999 0.054225001 0.01449
v 0.0051494998 0.054225001 0.0141686
v 0.0075427002 0.054225001 0.0136691
v 0.0099408001 0.054225001 0.0129399
v 0.0115817 0.054225001 0.012314
v 0.012087955 0.054225001 0.012558894
v 0.01245909 0.054225001 0.012941687
v 0.012697042 0.054225001 0.013429556
v 0.012820899 0.054225001 0.0139762
v 0.01844 0.054225001 0.043850498
v 0.0185 0.054225001 0.051476002
v 0.0183858 0.054225001 0.070862398
v 0.0183858 0.054225001 0.078084502
v 0.018261336 0.054225001 0.078705049
v 0.018027765 0.054225001 0.079289589
v 0.017666699 0.054225001 0.079809618
v 0.0171762 0.054225001 0.080245104
v 0.0100445 0.054225001 0.085336103
v 0.0099009043 0.054225001 0.08578186
v 0.0098855001 0.054225001 0.086324301
v 0.0098855001 0.054225001 0.1130637
v 0.0049708 0.054225001 0.1355853
v 0.0045021176 0.054225001 0.13632732
v 0.0038143337 0.054225001 0.13685826
v 0.0030416289 0.054225001 0.13721395
v 0.0026076069 0.054225001 0.13729947
v 0.0021513 0.054225001 0.13727
v -0.0058077002 0.054225001 0.13717
v -0.0062902737 0.054225001 0.13715183
v -0.0067452192 0.054225001 0.13702759
v -0.0075479817 0.054225001 0.13658375
v -0.0082678306 0.054225001 0.1359808
v -0.0088844228 0.054225001 0.13524751
v -0.009341054 0.054225001 0.13443032
v -0.0096399271 0.054225001 0.13356588
v -0.009769662 0.054225001 0.13264239
v -0.0097799999 0.054225001 0.1316661
v -0.01002 0.054225001 0.089463196
v -0.0099572003 0.054225001 0.085503302
v -0.010271224 0.054225001 0.085157442
v -0.010698299 0.054225001 0.084871197
v -0.0171583 0.054225001 0.080433197
v -0.018033984 0.054225001 0.079202805
v -0.018306849 0.054225001 0.078511872
v -0.0184699 0.054225001 0.077778301
v -0.0184699 0.054225001 0.043501501
v -0.0170152 0.054225001 0.035004301
v -0.0138911 0.054225001 0.018097399
v -0.0131107 0.054225001 0.013520401
v -0.012476743 0.054225001 0.01288904
v -0.0116469 0.054225001 0.0125942
v -0.0079597998 0.054225001 0.0135835
v -0.0050581002 0.054225001 0.0141833
v -0.0024366 0.054225001 0.014493999
v -0.00022648808 0.054225001 0.01457852
v -0.0007671316 0.054225001 0.014860034
v -0.0011690486 0.054225001 0.015320866
v -0.0014021406 0.054225001 0.015759752
v -0.0015248644 0.054225001 0.016090599
v -0.0016712353 0.054225001 0.016698006
v -0.0017287347 0.054225001 0.0171742
v -0.0017318815 0.054225001 0.017793007
v -0.0016731228 0.054225001 0.018245828
v -0.0013922928 0.054225001 0.01889805
v -0.001089365 0.054225001 0.019221581
v -0.00067876376 0.054225001 0.019478925
v -0.0015746345 0.054225001 0.019262682
v -0.0024130777 0.054225001 0.018865784
v -0.0038712001 0.054225001 0.0176614
v -0.0044067001 0.054225001 0.0176614
v -0.0102344 0.054225001 0.0176623
v -0.010594609 0.054225001 0.018023797
v -0.01082971 0.054225001 0.018421828
v -0.01104 0.054225001 0.019362
v -0.011108 0.054225001 0.044138298
v -0.011106284 0.054225001 0.044610338
v -0.0132595 0.054225001 0.045248799
v -0.014342099 0.054225001 0.045530901
v -0.015194308 0.054225001 0.045901651
v -0.015929462 0.054225001 0.046502428
v -0.016208613 0.054225001 0.046884494
v -0.016395173 0.054225001 0.0473104
v -0.016484876 0.054225001 0.047771721
v -0.016450388 0.054225001 0.048243794
v -0.016306915 0.054225001 0.048686986
v -0.016065034 0.054225001 0.04908783
v -0.015358541 0.054225001 0.049729142
v -0.014518026 0.054225001 0.050126772
v -0.014063407 0.054225001 0.050238681
v -0.0136438 0.054225001 0.050439801
v -0.0118677 0.054225001 0.052400799
v -0.011573906 0.054225001 0.052722902
v -0.0112432 0.054225001 0.052911201
v -0.0110761 0.054225001 0.052911201
v -0.011014992 0.054225001 0.06971693
v -0.0135677 0.054225001 0.070472298
v -0.014630979 0.054225001 0.070648508
v -0.015624025 0.054225001 0.071059918
v -0.016063013 0.054225001 0.071361189
v -0.016458967 0.054225001 0.071769166
v -0.016746892 0.054225001 0.072227039
v -0.016903446 0.054225001 0.072730212
v -0.016918681 0.054225001 0.073267527
v -0.016776227 0.054225001 0.073785
v -0.016497378 0.054225001 0.074265704
v -0.016124252 0.054225001 0.074654503
v -0.01519377 0.054225001 0.075201068
v -0.014681814 0.054225001 0.075371222
v -0.0141685 0.054225001 0.075381298
v -0.010288148 0.054225001 0.07185822
v -0.0100308 0.054225001 0.0724892
v -0.0092997003 0.054225001 0.0737363
v -0.0082703 0.054225001 0.075009699
v -0.0069554001 0.054225001 0.076272602
v -0.0052537 0.054225001 0.077595901
v -0.0050906879 0.054225001 0.077641025
v -0.0049233907 0.054225001 0.077672544
v -0.004751201 0.054225001 0.077688532
v -0.0045741314 0.054225001 0.077689033
v -0.0043928 0.054225001 0.077676001
v 0.0050281 0.054225001 0.077676001
v 0.00521685 0.054225001 0.077592039
v 0.0053995073 0.054225001 0.077496061
v 0.0055752021 0.054225001 0.077386351
v 0.0057439411 0.054225001 0.077262921
v 0.0059065998 0.054225001 0.0771275
v 0.0076814002 0.054225001 0.075618601
v 0.0089046001 0.054225001 0.074275398
v 0.0097749001 0.054225001 0.072986102
v 0.010299398 0.054225001 0.071868434
v 0.0141685 0.054225001 0.075381298
v 0.014681814 0.054225001 0.075371222
v 0.01519377 0.054225001 0.075201068
v 0.016124252 0.054225001 0.074654503
v 0.016497378 0.054225001 0.074265704
v 0.016776227 0.054225001 0.073785
v 0.016918681 0.054225001 0.073267527
v 0.016903446 0.054225001 0.072730212
v 0.016746892 0.054225001 0.072227039
v 0.016458967 0.054225001 0.071769166
v 0.016063013 0.054225001 0.071361189
v 0.015624025 0.054225001 0.071059918
v 0.014630979 0.054225001 0.070648508
v 0.0135677 0.054225001 0.070472298
v 0.010995042 0.054225001 0.069711027
v 0.01108749 0.054225001 0.052911201
v 0.0112432 0.054225001 0.052911201
v 0.011573906 0.054225001 0.052722902
v 0.0118677 0.054225001 0.052400799
v 0.0136438 0.054225001 0.050439801
v 0.014063407 0.054225001 0.050238681
v 0.014518026 0.054225001 0.050126772
v 0.015358541 0.054225001 0.049729142
v 0.016065034 0.054225001 0.04908783
v 0.016306915 0.054225001 0.048686986
v 0.016450388 0.054225001 0.048243794
v 0.016484876 0.054225001 0.047771721
v 0.016395173 0.054225001 0.0473104
v 0.016208613 0.054225001 0.046884494
v 0.015929462 0.054225001 0.046502428
v 0.015194308 0.054225001 0.045901651
v 0.014342099 0.054225001 0.045530901
v 0.0132595 0.054225001 0.045248799
v 0.0110923 0.054225001 0.044606194
v 0.0110923 0.054225001 0.0296123
v 0.011028 0.054225001 0.019153399
v 0.010867375 0.054225001 0.018515166
v 0.010549108 0.054225001 0.017943106
v 0.010268862 0.054225001 0.017764521
v 0.0099322325 0.054225001 0.017669032
v 0.0092409998 0.054225001 0.017670799
v 0.0038694 0.054225001 0.0176745
v 0.0037841001 0.054225001 0.0176745
v 0.0026267999 0.054225001 0.0187327
v 0.0017111088 0.054225001 0.019212897
v -0.00022648808 0.054225001 0.01457852
v -0.00022648808 0.056725001 0.01457852
v -0.0001453 0.056725001 0.0145614
v -0.0001453 -0.056725001 0.0145614
v -0.00022648808 -0.056725001 0.01457852
v -0.00022648808 -0.054225001 0.01457852
v -0.00070855647 -0.054225001 0.014813261
v -0.0011114347 -0.054225001 0.015236622
v -0.0012966509 -0.054225001 0.015537332
v -0.0014757207 -0.054225001 0.015941659
v -0.0016348022 -0.054225001 0.016506732
v -0.0017332935 -0.054225001 0.017236639
v -0.001732237 -0.054225001 0.01782028
v -0.0016798805 -0.054225001 0.018211536
v -0.001490646 -0.054225001 0.018746871
v -0.001169356 -0.054225001 0.019150412
v -0.00067876376 -0.054225001 0.019478925
v -0.00067876376 -0.056725001 0.019478925
v -0.00028175363 -0.056725001 0.019594907
v 0.00016759999 -0.056725001 0.0196112
v 0.00016759999 -0.052055998 0.0196112
v -0.00033694662 -0.052055998 0.019585383
v -0.00067759603 -0.052055998 0.019479625
v -0.0012623653 -0.052055998 0.019056196
v -0.0015780129 -0.052055998 0.018567621
v -0.0017099179 -0.052055998 0.018018194
v -0.0017099179 -0.050516 0.018018194
v -0.0015484141 -0.050516 0.018635591
v -0.0012416627 -0.050516 0.019078451
v -0.00078882322 -0.050516 0.019425513
v -0.00040560942 -0.050516 0.019570636
v 0.00016759999 -0.050516 0.0196112
v 0.00016759999 -0.048521352 0.0196112
v -0.00033694662 -0.048521352 0.019585383
v -0.00067759603 -0.048521352 0.019479625
v -0.0012623653 -0.048521352 0.019056196
v -0.0015780129 -0.048521352 0.018567621
v -0.0017099179 -0.048521352 0.018018194
v -0.0017099179 -0.046981349 0.018018194
v -0.0015484141 -0.046981349 0.018635591
v -0.0012416627 -0.046981349 0.019078451
v -0.00078882322 -0.046981349 0.019425513
v -0.00040560942 -0.046981349 0.019570636
v 0.00016759999 -0.046981349 0.0196112
v 0.00016759999 -0.044986701 0.0196112
v -0.00033694662 -0.044986701 0.019585383
v -0.00067759603 -0.044986701 0.019479625
v -0.0012623653 -0.044986701 0.019056196
v -0.0015780129 -0.044986701 0.018567621
v -0.0017099179 -0.044986701 0.018018194
v -0.0017099179 -0.043446698 0.018018194
v -0.0015484141 -0.043446698 0.018635591
v -0.0012416627 -0.043446698 0.019078451
v -0.00078882322 -0.043446698 0.019425513
v -0.00040560942 -0.043446698 0.019570636
v 0.00016759999 -0.043446698 0.0196112
v 0.00016759999 -0.04145205 0.0196112
v -0.00033694662 -0.04145205 0.019585383
v -0.00067759603 -0.04145205 0.019479625
v -0.0012623653 -0.04145205 0.019056196
v -0.0015780129 -0.04145205 0.018567621
v -0.0017099179 -0.04145205 0.018018194
v -0.0017099179 -0.03991205 0.018018194
v -0.0015484141 -0.03991205 0.018635591
v -0.0012416627 -0.03991205 0.019078451
v -0.00078882322 -0.03991205 0.019425513
v -0.00040560942 -0.03991205 0.019570636
v 0.00016759999 -0.03991205 0.0196112
v 0.00016759999 -0.037917399 0.0196112
v -0.00033694662 -0.037917399 0.019585383
v -0.00067759603 -0.037917399 0.019479625
v -0.0012623653 -0.037917399 0.019056196
v -0.0015780129 -0.037917399 0.018567621
v -0.0017099179 -0.037917399 0.018018194
v -0.0017099179 -0.036377399 0.018018194
v -0.0015484141 -0.036377399 0.018635591
v -0.0012416627 -0.036377399 0.019078451
v -0.00078882322 -0.036377399 0.019425513
v -0.00040560942 -0.036377399 0.019570636
v 0.00016759999 -0.036377399 0.0196112
v 0.00016759999 -0.034382751 0.0196112
v -0.00033694662 -0.034382751 0.019585383
v -0.00067759603 -0.034382751 0.019479625
v -0.0012623653 -0.034382751 0.019056196
v -0.0015780129 -0.034382751 0.018567621
v -0.0017099179 -0.034382751 0.018018194
v -0.0017099179 -0.032842751 0.018018194
v -0.0015484141 -0.032842751 0.018635591
v -0.0012416627 -0.032842751 0.019078451
v -0.00078882322 -0.032842751 0.019425513
v -0.00040560942 -0.032842751 0.019570636
v 0.00016759999 -0.032842751 0.0196112
v 0.00016759999 -0.0308481 0.0196112
v -0.00033694662 -0.0308481 0.019585383
v -0.00067759603 -0.0308481 0.019479625
v -0.0012623653 -0.0308481 0.019056196
v -0.0015780129 -0.0308481 0.018567621
v -0.0017099179 -0.0308481 0.018018194
v -0.0017099179 -0.0293081 0.018018194
v -0.0015484141 -0.0293081 0.018635591
v -0.0012416627 -0.0293081 0.019078451
v -0.00078882322 -0.0293081 0.019425513
v -0.00040560942 -0.0293081 0.019570636
v 0.00016759999 -0.0293081 0.0196112
v 0.00016759999 -0.027313449 0.0196112
v -0.00033694662 -0.027313449 0.019585383
v -0.00067759603 -0.027313449 0.019479625
v -0.0012623653 -0.027313449 0.019056196
v -0.0015780129 -0.027313449 0.018567621
v -0.0017099179 -0.027313449 0.018018194
v -0.0017099179 -0.025773449 0.018018194
v -0.0015484141 -0.025773449 0.018635591
v -0.0012416627 -0.025773449 0.019078451
v -0.00078882322 -0.025773449 0.019425513
v -0.00040560942 -0.025773449 0.019570636
v 0.00016759999 -0.025773449 0.0196112
v 0.00016759999 -0.023778801 0.0196112
v -0.00033694662 -0.023778801 0.019585383
v -0.00067759603 -0.023778801 0.019479625
v -0.0012623653 -0.023778801 0.019056196
v -0.0015780129 -0.023778801 0.018567621
v -0.0017099179 -0.023778801 0.018018194
v -0.0017099179 -0.022238801 0.018018194
v -0.0015484141 -0.022238801 0.018635591
v -0.0012416627 -0.022238801 0.019078451
v -0.00078882322 -0.022238801 0.019425513
v -0.00040560942 -0.022238801 0.019570636
v 0.00016759999 -0.022238801 0.0196112
v 0.00016759999 -0.02024415 0.0196112
v -0.00033694662 -0.02024415 0.019585383
v -0.00067759603 -0.02024415 0.019479625
v -0.0012623653 -0.02024415 0.019056196
v -0.0015780129 -0.02024415 0.018567621
v -0.0017099179 -0.02024415 0.018018194
v -0.0017099179 -0.01870415 0.018018194
v -0.0015484141 -0.01870415 0.018635591
v -0.0012416627 -0.01870415 0.019078451
v -0.00078882322 -0.01870415 0.019425513
v -0.00040560942 -0.01870415 0.019570636
v 0.00016759999 -0.01870415 0.0196112
v 0.00016759999 -0.016709501 0.0196112
v -0.00033694662 -0.016709501 0.019585383
v -0.00067759603 -0.016709501 0.019479625
v -0.0012623653 -0.016709501 0.019056196
v -0.0015780129 -0.016709501 0.018567621
v -0.0017099179 -0.016709501 0.018018194
v -0.0017099179 -0.0151695 0.018018194
v -0.0015484141 -0.0151695 0.018635591
v -0.0012416627 -0.0151695 0.019078451
v -0.00078882322 -0.0151695 0.019425513
v -0.00040560942 -0.0151695 0.019570636
v 0.00016759999 -0.0151695 0.0196112
v 0.00016759999 -0.01317485 0.0196112
v -0.00033694662 -0.01317485 0.019585383
v -0.00067759603 -0.01317485 0.019479625
v -0.0012623653 -0.01317485 0.019056196
v -0.0015780129 -0.01317485 0.018567621
v -0.0017099179 -0.01317485 0.018018194
v -0.0017099179 -0.011634851 0.018018194
v -0.0015484141 -0.011634851 0.018635591
v -0.0012416627 -0.011634851 0.019078451
v -0.00078882322 -0.011634851 0.019425513
v -0.00040560942 -0.011634851 0.019570636
v 0.00016759999 -0.011634851 0.0196112
v 0.00016759999 -0.0096402001 0.0196112
v -0.00033694662 -0.0096402001 0.019585383
v -0.00067759603 -0.0096402001 0.019479625
v -0.0012623653 -0.0096402001 0.019056196
v -0.0015780129 -0.0096402001 0.018567621
v -0.0017099179 -0.0096402001 0.018018194
v -0.0017099179 -0.0081002003 0.018018194
v -0.0015484141 -0.0081002003 0.018635591
v -0.0012416627 -0.0081002003 0.019078451
v -0.00078882322 -0.0081002003 0.019425513
v -0.00040560942 -0.0081002003 0.019570636
v 0.00016759999 -0.0081002003 0.0196112
v 0.00016759999 -0.0061055499 0.0196112
v -0.00033694662 -0.0061055499 0.019585383
v -0.00067759603 -0.0061055499 0.019479625
v -0.0012623653 -0.0061055499 0.019056196
v -0.0015780129 -0.0061055499 0.018567621
v -0.0017099179 -0.0061055499 0.018018194
v -0.0017099179 -0.0045655501 0.018018194
v -0.0015484141 -0.0045655501 0.018635591
v -0.0012416627 -0.0045655501 0.019078451
v -0.00078882322 -0.0045655501 0.019425513
v -0.00040560942 -0.0045655501 0.019570636
v 0.00016759999 -0.0045655501 0.0196112
v 0.00016759999 -0.0025709 0.0196112
v -0.00033694662 -0.0025709 0.019585383
v -0.00067759603 -0.0025709 0.019479625
v -0.0012623653 -0.0025709 0.019056196
v -0.0015780129 -0.0025709 0.018567621
v -0.0017099179 -0.0025709 0.018018194
v -0.0017099179 -0.0010309 0.018018194
v -0.0015484141 -0.0010309 0.018635591
v -0.0012416627 -0.0010309 0.019078451
v -0.00078882322 -0.0010309 0.019425513
v -0.00040560942 -0.0010309 0.019570636
v 0.00016759999 -0.0010309 0.0196112
v 0.00016759999 0.00096375003 0.0196112
v -0.00033694662 0.00096375003 0.019585383
v -0.00067759603 0.00096375003 0.019479625
v -0.0012623653 0.00096375003 0.019056196
v -0.0015780129 0.00096375003 0.018567621
v -0.0017099179 0.00096375003 0.018018194
v -0.0017099179 0.00250375 0.018018194
v -0.0015484141 0.00250375 0.018635591
v -0.0012416627 0.00250375 0.019078451
v -0.00078882322 0.00250375 0.019425513
v -0.00040560942 0.00250375 0.019570636
v 0.00016759999 0.00250375 0.0196112
v 0.00016759999 0.0044984001 0.0196112
v -0.00033694662 0.0044984001 0.019585383
v -0.00067759603 0.0044984001 0.019479625
v -0.0012623653 0.0044984001 0.019056196
v -0.0015780129 0.0044984001 0.018567621
v -0.0017099179 0.0044984001 0.018018194
v -0.0017099179 0.0060383999 0.018018194
v -0.0015484141 0.0060383999 0.018635591
v -0.0012416627 0.0060383999 0.019078451
v -0.00078882322 0.0060383999 0.019425513
v -0.00040560942 0.0060383999 0.019570636
v 0.00016759999 0.0060383999 0.0196112
v 0.00016759999 0.0080330497 0.0196112
v -0.00033694662 0.0080330497 0.019585383
v -0.00067759603 0.0080330497 0.019479625
v -0.0012623653 0.0080330497 0.019056196
v -0.0015780129 0.0080330497 0.018567621
v -0.0017099179 0.0080330497 0.018018194
v -0.0017099179 0.0095730501 0.018018194
v -0.0015484141 0.0095730501 0.018635591
v -0.0012416627 0.0095730501 0.019078451
v -0.00078882322 0.0095730501 0.019425513
v -0.00040560942 0.0095730501 0.019570636
v 0.00016759999 0.0095730501 0.0196112
v 0.00016759999 0.0115677 0.0196112
v -0.00033694662 0.0115677 0.019585383
v -0.00067759603 0.0115677 0.019479625
v -0.0012623653 0.0115677 0.019056196
v -0.0015780129 0.0115677 0.018567621
v -0.0017099179 0.0115677 0.018018194
v -0.0017099179 0.0131077 0.018018194
v -0.0015484141 0.0131077 0.018635591
v -0.0012416627 0.0131077 0.019078451
v -0.00078882322 0.0131077 0.019425513
v -0.00040560942 0.0131077 0.019570636
v 0.00016759999 0.0131077 0.0196112
v 0.00016759999 0.01510235 0.0196112
v -0.00033694662 0.01510235 0.019585383
v -0.00067759603 0.01510235 0.019479625
v -0.0012623653 0.01510235 0.019056196
v -0.0015780129 0.01510235 0.018567621
v -0.0017099179 0.01510235 0.018018194
v -0.0017099179 0.01664235 0.018018194
v -0.0015484141 0.01664235 0.018635591
v -0.0012416627 0.01664235 0.019078451
v -0.00078882322 0.01664235 0.019425513
v -0.00040560942 0.01664235 0.019570636
v 0.00016759999 0.01664235 0.0196112
v 0.00016759999 0.018637 0.0196112
v -0.00033694662 0.018637 0.019585383
v -0.00067759603 0.018637 0.019479625
v -0.0012623653 0.018637 0.019056196
v -0.0015780129 0.018637 0.018567621
v -0.0017099179 0.018637 0.018018194
v -0.0017099179 0.020177 0.018018194
v -0.0015484141 0.020177 0.018635591
v -0.0012416627 0.020177 0.019078451
v -0.00078882322 0.020177 0.019425513
v -0.00040560942 0.020177 0.019570636
v 0.00016759999 0.020177 0.0196112
v 0.00016759999 0.02217165 0.0196112
v -0.00033694662 0.02217165 0.019585383
v -0.00067759603 0.02217165 0.019479625
v -0.0012623653 0.02217165 0.019056196
v -0.0015780129 0.02217165 0.018567621
v -0.0017099179 0.02217165 0.018018194
v -0.0017099179 0.02371165 0.018018194
v -0.0015484141 0.02371165 0.018635591
v -0.0012416627 0.02371165 0.019078451
v -0.00078882322 0.02371165 0.019425513
v -0.00040560942 0.02371165 0.019570636
v 0.00016759999 0.02371165 0.0196112
v 0.00016759999 0.025706301 0.0196112
v -0.00033694662 0.025706301 0.019585383
v -0.00067759603 0.025706301 0.019479625
v -0.0012623653 0.025706301 0.019056196
v -0.0015780129 0.025706301 0.018567621
v -0.0017099179 0.025706301 0.018018194
v -0.0017099179 0.027246301 0.018018194
v -0.0015484141 0.027246301 0.018635591
v -0.0012416627 0.027246301 0.019078451
v -0.00078882322 0.027246301 0.019425513
v -0.00040560942 0.027246301 0.019570636
v 0.00016759999 0.027246301 0.0196112
v 0.00016759999 0.029240949 0.0196112
v -0.00033694662 0.029240949 0.019585383
v -0.00067759603 0.029240949 0.019479625
v -0.0012623653 0.029240949 0.019056196
v -0.0015780129 0.029240949 0.018567621
v -0.0017099179 0.029240949 0.018018194
v -0.0017099179 0.03078095 0.018018194
v -0.0015484141 0.03078095 0.018635591
v -0.0012416627 0.03078095 0.019078451
v -0.00078882322 0.03078095 0.019425513
v -0.00040560942 0.03078095 0.019570636
v 0.00016759999 0.03078095 0.0196112
v 0.00016759999 0.0327756 0.0196112
v -0.00033694662 0.0327756 0.019585383
v -0.00067759603 0.0327756 0.019479625
v -0.0012623653 0.0327756 0.019056196
v -0.0015780129 0.0327756 0.018567621
v -0.0017099179 0.0327756 0.018018194
v -0.0017099179 0.0343156 0.018018194
v -0.0015484141 0.0343156 0.018635591
v -0.0012416627 0.0343156 0.019078451
v -0.00078882322 0.0343156 0.019425513
v -0.00040560942 0.0343156 0.019570636
v 0.00016759999 0.0343156 0.0196112
v 0.00016759999 0.036310251 0.0196112
v -0.00033694662 0.036310251 0.019585383
v -0.00067759603 0.036310251 0.019479625
v -0.0012623653 0.036310251 0.019056196
v -0.0015780129 0.036310251 0.018567621
v -0.0017099179 0.036310251 0.018018194
v -0.0017099179 0.037850249 0.018018194
v -0.0015484141 0.037850249 0.018635591
v -0.0012416627 0.037850249 0.019078451
v -0.00078882322 0.037850249 0.019425513
v -0.00040560942 0.037850249 0.019570636
v 0.00016759999 0.037850249 0.0196112
v 0.00016759999 0.039844899 0.0196112
v -0.00033694662 0.039844899 0.019585383
v -0.00067759603 0.039844899 0.019479625
v -0.0012623653 0.039844899 0.019056196
v -0.0015780129 0.039844899 0.018567621
v -0.0017099179 0.039844899 0.018018194
v -0.0017099179 0.041384902 0.018018194
v -0.0015484141 0.041384902 0.018635591
v -0.0012416627 0.041384902 0.019078451
v -0.00078882322 0.041384902 0.019425513
v -0.00040560942 0.041384902 0.019570636
v 0.00016759999 0.041384902 0.0196112
v 0.00016759999 0.04337955 0.0196112
v -0.00033694662 0.04337955 0.019585383
v -0.00067759603 0.04337955 0.019479625
v -0.0012623653 0.04337955 0.019056196
v -0.0015780129 0.04337955 0.018567621
v -0.0017099179 0.04337955 0.018018194
v -0.0017099179 0.044919548 0.018018194
v -0.0015484141 0.044919548 0.018635591
v -0.0012416627 0.044919548 0.019078451
v -0.00078882322 0.044919548 0.019425513
v -0.00040560942 0.044919548 0.019570636
v 0.00016759999 0.044919548 0.0196112
v 0.00016759999 0.046914201 0.0196112
v -0.00033694662 0.046914201 0.019585383
v -0.00067759603 0.046914201 0.019479625
v -0.0012623653 0.046914201 0.019056196
v -0.0015780129 0.046914201 0.018567621
v -0.0017099179 0.046914201 0.018018194
v -0.0017099179 0.048454199 0.018018194
v -0.0015484141 0.048454199 0.018635591
v -0.0012416627 0.048454199 0.019078451
v -0.00078882322 0.048454199 0.019425513
v -0.00040560942 0.048454199 0.019570636
v 0.00016759999 0.048454199 0.0196112
v 0.00016759999 0.050448852 0.0196112
v -0.00033694662 0.050448852 0.019585383
v -0.00067759603 0.050448852 0.019479625
v -0.0012623653 0.050448852 0.019056196
v -0.0015780129 0.050448852 0.018567621
v -0.0017099179 0.050448852 0.018018194
v -0.0017099179 0.05198885 0.018018194
v -0.0015484141 0.05198885 0.018635591
v -0.0012416627 0.05198885 0.019078451
v -0.00078882322 0.05198885 0.019425513
v -0.00040560942 0.05198885 0.019570636
v 0.00016759999 0.05198885 0.0196112
v 0.00016759999 0.056725001 0.0196112
v -0.00028175363 0.056725001 0.019594907
v -0.00067876376 0.056725001 0.019478925
v -0.00067876376 0.054225001 0.019478925
v -0.001089365 0.054225001 0.019221581
v -0.0013922928 0.054225001 0.01889805
v -0.0016731228 0.054225001 0.018245828
v -0.0017318815 0.054225001 0.017793007
v -0.0017287347 0.054225001 0.0171742
v -0.0016712353 0.054225001 0.016698006
v -0.0015248644 0.054225001 0.016090599
v -0.0014021406 0.054225001 0.015759752
v -0.0011690486 0.054225001 0.015320866
v -0.0007671316 0.054225001 0.014860034
v 0.00016759999 0.048454199 0.0196112
v -0.00040560942 0.048454199 0.019570636
v -0.00078882322 0.048454199 0.019425513
v -0.0012416627 0.048454199 0.019078451
v -0.0015484141 0.048454199 0.018635591
v -0.0017099179 0.048454199 0.018018194
v -0.0015623884 0.048454199 0.018085564
v -0.0013489805 0.048454199 0.018055273
v -0.0008783 0.048454199 0.0180231
v 0.0011228 0.048454199 0.0180231
v 0.0012983435 0.048454199 0.01801546
v 0.0014591068 0.048454199 0.018031569
v 0.001600834 0.048454199 0.018055419
v 0.0017134655 0.048454199 0.018048944
v 0.0014943719 0.048454199 0.018742309
v 0.0010458807 0.048454199 0.019259725
v 0.0006170452 0.048454199 0.019503553
v 0.00024942048 0.054225001 0.014582705
v 0.00024942048 0.056725001 0.014582705
v 0.0024824999 0.056725001 0.01449
v 0.0024824999 0.054225001 0.01449
v -0.0017099179 0.05198885 0.018018194
v -0.0017099179 0.050448852 0.018018194
v -0.0015623884 0.050448852 0.018085564
v -0.0013489805 0.050448852 0.018055273
v -0.0008783 0.050448852 0.0180231
v -0.0008783 0.05198885 0.0180231
v -0.0013489805 0.05198885 0.018055273
v -0.0015623884 0.05198885 0.018085564
v -0.0008783 0.05198885 0.0180231
v -0.0008783 0.050448852 0.0180231
v 0.0011228 0.050448852 0.0180231
v 0.0011228 0.05198885 0.0180231
v -0.0017099179 0.050448852 0.018018194
v -0.0015780129 0.050448852 0.018567621
v -0.0012623653 0.050448852 0.019056196
v -0.00067759603 0.050448852 0.019479625
v -0.00033694662 0.050448852 0.019585383
v 0.00016759999 0.050448852 0.0196112
v 0.00087720916 0.050448852 0.019374551
v 0.0011393947 0.050448852 0.019183298
v 0.0014213887 0.050448852 0.018862392
v 0.001617243 0.050448852 0.018463665
v 0.0017134655 0.050448852 0.018048944
v 0.001600834 0.050448852 0.018055419
v 0.0014591068 0.050448852 0.018031569
v 0.0012983435 0.050448852 0.01801546
v 0.0011228 0.050448852 0.0180231
v -0.0008783 0.050448852 0.0180231
v -0.0013489805 0.050448852 0.018055273
v -0.0015623884 0.050448852 0.018085564
v 0.0017134655 0.050448852 0.018048944
v 0.0017134655 0.05198885 0.018048944
v 0.001600834 0.05198885 0.018055419
v 0.0014591068 0.05198885 0.018031569
v 0.0012983435 0.05198885 0.01801546
v 0.0011228 0.05198885 0.0180231
v 0.0011228 0.050448852 0.0180231
v 0.0012983435 0.050448852 0.01801546
v 0.0014591068 0.050448852 0.018031569
v 0.001600834 0.050448852 0.018055419
v 0.00016759999 0.05198885 0.0196112
v -0.00040560942 0.05198885 0.019570636
v -0.00078882322 0.05198885 0.019425513
v -0.0012416627 0.05198885 0.019078451
v -0.0015484141 0.05198885 0.018635591
v -0.0017099179 0.05198885 0.018018194
v -0.0015623884 0.05198885 0.018085564
v -0.0013489805 0.05198885 0.018055273
v -0.0008783 0.05198885 0.0180231
v 0.0011228 0.05198885 0.0180231
v 0.0012983435 0.05198885 0.01801546
v 0.0014591068 0.05198885 0.018031569
v 0.001600834 0.05198885 0.018055419
v 0.0017134655 0.05198885 0.018048944
v 0.0014943719 0.05198885 0.018742309
v 0.0010458807 0.05198885 0.019259725
v 0.0006170452 0.05198885 0.019503553
v 0.00024942048 0.056725001 0.014582705
v 0.00024942048 0.054225001 0.014582705
v 0.00080698557 0.054225001 0.014892813
v 0.0012275533 0.054225001 0.015406518
v 0.0016020384 0.054225001 0.016332988
v 0.0017342143 0.054225001 0.017245129
v 0.0017270912 0.054225001 0.017922783
v 0.0015312436 0.054225001 0.018671424
v 0.0013082419 0.054225001 0.019011989
v 0.0010442656 0.054225001 0.019261267
v 0.00067153469 0.054225001 0.019480938
v 0.00067153469 0.056725001 0.019480938
v 0.00051017258 0.056725001 0.019541519
v 0.00034221906 0.056725001 0.019585017
v 0.00016759999 0.056725001 0.0196112
v 0.00016759999 0.05198885 0.0196112
v 0.0006170452 0.05198885 0.019503553
v 0.0010458807 0.05198885 0.019259725
v 0.0014943719 0.05198885 0.018742309
v 0.0017134655 0.05198885 0.018048944
v 0.0017134655 0.050448852 0.018048944
v 0.001617243 0.050448852 0.018463665
v 0.0014213887 0.050448852 0.018862392
v 0.0011393947 0.050448852 0.019183298
v 0.00087720916 0.050448852 0.019374551
v 0.00016759999 0.050448852 0.0196112
v 0.00016759999 0.048454199 0.0196112
v 0.0006170452 0.048454199 0.019503553
v 0.0010458807 0.048454199 0.019259725
v 0.0014943719 0.048454199 0.018742309
v 0.0017134655 0.048454199 0.018048944
v 0.0017134655 0.046914201 0.018048944
v 0.001617243 0.046914201 0.018463665
v 0.0014213887 0.046914201 0.018862392
v 0.0011393947 0.046914201 0.019183298
v 0.00087720916 0.046914201 0.019374551
v 0.00016759999 0.046914201 0.0196112
v 0.00016759999 0.044919548 0.0196112
v 0.0006170452 0.044919548 0.019503553
v 0.0010458807 0.044919548 0.019259725
v 0.0014943719 0.044919548 0.018742309
v 0.0017134655 0.044919548 0.018048944
v 0.0017134655 0.04337955 0.018048944
v 0.001617243 0.04337955 0.018463665
v 0.0014213887 0.04337955 0.018862392
v 0.0011393947 0.04337955 0.019183298
v 0.00087720916 0.04337955 0.019374551
v 0.00016759999 0.04337955 0.0196112
v 0.00016759999 0.041384902 0.0196112
v 0.0006170452 0.041384902 0.019503553
v 0.0010458807 0.041384902 0.019259725
v 0.0014943719 0.041384902 0.018742309
v 0.0017134655 0.041384902 0.018048944
v 0.0017134655 0.039844899 0.018048944
v 0.001617243 0.039844899 0.018463665
v 0.0014213887 0.039844899 0.018862392
v 0.0011393947 0.039844899 0.019183298
v 0.00087720916 0.039844899 0.019374551
v 0.00016759999 0.039844899 0.0196112
v 0.00016759999 0.037850249 0.0196112
v 0.0006170452 0.037850249 0.019503553
v 0.0010458807 0.037850249 0.019259725
v 0.0014943719 0.037850249 0.018742309
v 0.0017134655 0.037850249 0.018048944
v 0.0017134655 0.036310251 0.018048944
v 0.001617243 0.036310251 0.018463665
v 0.0014213887 0.036310251 0.018862392
v 0.0011393947 0.036310251 0.019183298
v 0.00087720916 0.036310251 0.019374551
v 0.00016759999 0.036310251 0.0196112
v 0.00016759999 0.0343156 0.0196112
v 0.0006170452 0.0343156 0.019503553
v 0.0010458807 0.0343156 0.019259725
v 0.0014943719 0.0343156 0.018742309
v 0.0017134655 0.0343156 0.018048944
v 0.0017134655 0.0327756 0.018048944
v 0.001617243 0.0327756 0.018463665
v 0.0014213887 0.0327756 0.018862392
v 0.0011393947 0.0327756 0.019183298
v 0.00087720916 0.0327756 0.019374551
v 0.00016759999 0.0327756 0.0196112
v 0.00016759999 0.03078095 0.0196112
v 0.0006170452 0.03078095 0.019503553
v 0.0010458807 0.03078095 0.019259725
v 0.0014943719 0.03078095 0.018742309
v 0.0017134655 0.03078095 0.018048944
v 0.0017134655 0.029240949 0.018048944
v 0.001617243 0.029240949 0.018463665
v 0.0014213887 0.029240949 0.018862392
v 0.0011393947 0.029240949 0.019183298
v 0.00087720916 0.029240949 0.019374551
v 0.00016759999 0.029240949 0.0196112
v 0.00016759999 0.027246301 0.0196112
v 0.0006170452 0.027246301 0.019503553
v 0.0010458807 0.027246301 0.019259725
v 0.0014943719 0.027246301 0.018742309
v 0.0017134655 0.027246301 0.018048944
v 0.0017134655 0.025706301 0.018048944
v 0.001617243 0.025706301 0.018463665
v 0.0014213887 0.025706301 0.018862392
v 0.0011393947 0.025706301 0.019183298
v 0.00087720916 0.025706301 0.019374551
v 0.00016759999 0.025706301 0.0196112
v 0.00016759999 0.02371165 0.0196112
v 0.0006170452 0.02371165 0.019503553
v 0.0010458807 0.02371165 0.019259725
v 0.0014943719 0.02371165 0.018742309
v 0.0017134655 0.02371165 0.018048944
v 0.0017134655 0.02217165 0.018048944
v 0.001617243 0.02217165 0.018463665
v 0.0014213887 0.02217165 0.018862392
v 0.0011393947 0.02217165 0.019183298
v 0.00087720916 0.02217165 0.019374551
v 0.00016759999 0.02217165 0.0196112
v 0.00016759999 0.020177 0.0196112
v 0.0006170452 0.020177 0.019503553
v 0.0010458807 0.020177 0.019259725
v 0.0014943719 0.020177 0.018742309
v 0.0017134655 0.020177 0.018048944
v 0.0017134655 0.018637 0.018048944
v 0.001617243 0.018637 0.018463665
v 0.0014213887 0.018637 0.018862392
v 0.0011393947 0.018637 0.019183298
v 0.00087720916 0.018637 0.019374551
v 0.00016759999 0.018637 0.0196112
v 0.00016759999 0.01664235 0.0196112
v 0.0006170452 0.01664235 0.019503553
v 0.0010458807 0.01664235 0.019259725
v 0.0014943719 0.01664235 0.018742309
v 0.0017134655 0.01664235 0.018048944
v 0.0017134655 0.01510235 0.018048944
v 0.001617243 0.01510235 0.018463665
v 0.0014213887 0.01510235 0.018862392
v 0.0011393947 0.01510235 0.019183298
v 0.00087720916 0.01510235 0.019374551
v 0.00016759999 0.01510235 0.0196112
v 0.00016759999 0.0131077 0.0196112
v 0.0006170452 0.0131077 0.019503553
v 0.0010458807 0.0131077 0.019259725
v 0.0014943719 0.0131077 0.018742309
v 0.0017134655 0.0131077 0.018048944
v 0.0017134655 0.0115677 0.018048944
v 0.001617243 0.0115677 0.018463665
v 0.0014213887 0.0115677 0.018862392
v 0.0011393947 0.0115677 0.019183298
v 0.00087720916 0.0115677 0.019374551
v 0.00016759999 0.0115677 0.0196112
v 0.00016759999 0.0095730501 0.0196112
v 0.0006170452 0.0095730501 0.019503553
v 0.0010458807 0.0095730501 0.019259725
v 0.0014943719 0.0095730501 0.018742309
v 0.0017134655 0.0095730501 0.018048944
v 0.0017134655 0.0080330497 0.018048944
v 0.001617243 0.0080330497 0.018463665
v 0.0014213887 0.0080330497 0.018862392
v 0.0011393947 0.0080330497 0.019183298
v 0.00087720916 0.0080330497 0.019374551
v 0.00016759999 0.0080330497 0.0196112
v 0.00016759999 0.0060383999 0.0196112
v 0.0006170452 0.0060383999 0.019503553
v 0.0010458807 0.0060383999 0.019259725
v 0.0014943719 0.0060383999 0.018742309
v 0.0017134655 0.0060383999 0.018048944
v 0.0017134655 0.0044984001 0.018048944
v 0.001617243 0.0044984001 0.018463665
v 0.0014213887 0.0044984001 0.018862392
v 0.0011393947 0.0044984001 0.019183298
v 0.00087720916 0.0044984001 0.019374551
v 0.00016759999 0.0044984001 0.0196112
v 0.00016759999 0.00250375 0.0196112
v 0.0006170452 0.00250375 0.019503553
v 0.0010458807 0.00250375 0.019259725
v 0.0014943719 0.00250375 0.018742309
v 0.0017134655 0.00250375 0.018048944
v 0.0017134655 0.00096375003 0.018048944
v 0.001617243 0.00096375003 0.018463665
v 0.0014213887 0.00096375003 0.018862392
v 0.0011393947 0.00096375003 0.019183298
v 0.00087720916 0.00096375003 0.019374551
v 0.00016759999 0.00096375003 0.0196112
v 0.00016759999 -0.0010309 0.0196112
v 0.0006170452 -0.0010309 0.019503553
v 0.0010458807 -0.0010309 0.019259725
v 0.0014943719 -0.0010309 0.018742309
v 0.0017134655 -0.0010309 0.018048944
v 0.0017134655 -0.0025709 0.018048944
v 0.001617243 -0.0025709 0.018463665
v 0.0014213887 -0.0025709 0.018862392
v 0.0011393947 -0.0025709 0.019183298
v 0.00087720916 -0.0025709 0.019374551
v 0.00016759999 -0.0025709 0.0196112
v 0.00016759999 -0.0045655501 0.0196112
v 0.0006170452 -0.0045655501 0.019503553
v 0.0010458807 -0.0045655501 0.019259725
v 0.0014943719 -0.0045655501 0.018742309
v 0.0017134655 -0.0045655501 0.018048944
v 0.0017134655 -0.0061055499 0.018048944
v 0.001617243 -0.0061055499 0.018463665
v 0.0014213887 -0.0061055499 0.018862392
v 0.0011393947 -0.0061055499 0.019183298
v 0.00087720916 -0.0061055499 0.019374551
v 0.00016759999 -0.0061055499 0.0196112
v 0.00016759999 -0.0081002003 0.0196112
v 0.0006170452 -0.0081002003 0.019503553
v 0.0010458807 -0.0081002003 0.019259725
v 0.0014943719 -0.0081002003 0.018742309
v 0.0017134655 -0.0081002003 0.018048944
v 0.0017134655 -0.0096402001 0.018048944
v 0.001617243 -0.0096402001 0.018463665
v 0.0014213887 -0.0096402001 0.018862392
v 0.0011393947 -0.0096402001 0.019183298
v 0.00087720916 -0.0096402001 0.019374551
v 0.00016759999 -0.0096402001 0.0196112
v 0.00016759999 -0.011634851 0.0196112
v 0.0006170452 -0.011634851 0.019503553
v 0.0010458807 -0.011634851 0.019259725
v 0.0014943719 -0.011634851 0.018742309
v 0.0017134655 -0.011634851 0.018048944
v 0.0017134655 -0.01317485 0.018048944
v 0.001617243 -0.01317485 0.018463665
v 0.0014213887 -0.01317485 0.018862392
v 0.0011393947 -0.01317485 0.019183298
v 0.00087720916 -0.01317485 0.019374551
v 0.00016759999 -0.01317485 0.0196112
v 0.00016759999 -0.0151695 0.0196112
v 0.0006170452 -0.0151695 0.019503553
v 0.0010458807 -0.0151695 0.019259725
v 0.0014943719 -0.0151695 0.018742309
v 0.0017134655 -0.0151695 0.018048944
v 0.0017134655 -0.016709501 0.018048944
v 0.001617243 -0.016709501 0.018463665
v 0.0014213887 -0.016709501 0.018862392
v 0.0011393947 -0.016709501 0.019183298
v 0.00087720916 -0.016709501 0.019374551
v 0.00016759999 -0.016709501 0.0196112
v 0.00016759999 -0.01870415 0.0196112
v 0.0006170452 -0.01870415 0.019503553
v 0.0010458807 -0.01870415 0.019259725
v 0.0014943719 -0.01870415 0.018742309
v 0.0017134655 -0.01870415 0.018048944
v 0.0017134655 -0.02024415 0.018048944
v 0.001617243 -0.02024415 0.018463665
v 0.0014213887 -0.02024415 0.018862392
v 0.0011393947 -0.02024415 0.019183298
v 0.00087720916 -0.02024415 0.019374551
v 0.00016759999 -0.02024415 0.0196112
v 0.00016759999 -0.022238801 0.0196112
v 0.0006170452 -0.022238801 0.019503553
v 0.0010458807 -0.022238801 0.019259725
v 0.0014943719 -0.022238801 0.018742309
v 0.0017134655 -0.022238801 0.018048944
v 0.0017134655 -0.023778801 0.018048944
v 0.001617243 -0.023778801 0.018463665
v 0.0014213887 -0.023778801 0.018862392
v 0.0011393947 -0.023778801 0.019183298
v 0.00087720916 -0.023778801 0.019374551
v 0.00016759999 -0.023778801 0.0196112
v 0.00016759999 -0.025773449 0.0196112
v 0.0006170452 -0.025773449 0.019503553
v 0.0010458807 -0.025773449 0.019259725
v 0.0014943719 -0.025773449 0.018742309
v 0.0017134655 -0.025773449 0.018048944
v 0.0017134655 -0.027313449 0.018048944
v 0.001617243 -0.027313449 0.018463665
v 0.0014213887 -0.027313449 0.018862392
v 0.0011393947 -0.027313449 0.019183298
v 0.00087720916 -0.027313449 0.019374551
v 0.00016759999 -0.027313449 0.0196112
v 0.00016759999 -0.0293081 0.0196112
v 0.0006170452 -0.0293081 0.019503553
v 0.0010458807 -0.0293081 0.019259725
v 0.0014943719 -0.0293081 0.018742309
v 0.0017134655 -0.0293081 0.018048944
v 0.0017134655 -0.0308481 0.018048944
v 0.001617243 -0.0308481 0.018463665
v 0.0014213887 -0.0308481 0.018862392
v 0.0011393947 -0.0308481 0.019183298
v 0.00087720916 -0.0308481 0.019374551
v 0.00016759999 -0.0308481 0.0196112
v 0.00016759999 -0.032842751 0.0196112
v 0.0006170452 -0.032842751 0.019503553
v 0.0010458807 -0.032842751 0.019259725
v 0.0014943719 -0.032842751 0.018742309
v 0.0017134655 -0.032842751 0.018048944
v 0.0017134655 -0.034382751 0.018048944
v 0.001617243 -0.034382751 0.018463665
v 0.0014213887 -0.034382751 0.018862392
v 0.0011393947 -0.034382751 0.019183298
v 0.00087720916 -0.034382751 0.019374551
v 0.00016759999 -0.034382751 0.0196112
v 0.00016759999 -0.036377399 0.0196112
v 0.0006170452 -0.036377399 0.019503553
v 0.0010458807 -0.036377399 0.019259725
v 0.0014943719 -0.036377399 0.018742309
v 0.0017134655 -0.036377399 0.018048944
v 0.0017134655 -0.037917399 0.018048944
v 0.001617243 -0.037917399 0.018463665
v 0.0014213887 -0.037917399 0.018862392
v 0.0011393947 -0.037917399 0.019183298
v 0.00087720916 -0.037917399 0.019374551
v 0.00016759999 -0.037917399 0.0196112
v 0.00016759999 -0.03991205 0.0196112
v 0.0006170452 -0.03991205 0.019503553
v 0.0010458807 -0.03991205 0.019259725
v 0.0014943719 -0.03991205 0.018742309
v 0.0017134655 -0.03991205 0.018048944
v 0.0017134655 -0.04145205 0.018048944
v 0.001617243 -0.04145205 0.018463665
v 0.0014213887 -0.04145205 0.018862392
v 0.0011393947 -0.04145205 0.019183298
v 0.00087720916 -0.04145205 0.019374551
v 0.00016759999 -0.04145205 0.0196112
v 0.00016759999 -0.043446698 0.0196112
v 0.0006170452 -0.043446698 0.019503553
v 0.0010458807 -0.043446698 0.019259725
v 0.0014943719 -0.043446698 0.018742309
v 0.0017134655 -0.043446698 0.018048944
v 0.0017134655 -0.044986701 0.018048944
v 0.001617243 -0.044986701 0.018463665
v 0.0014213887 -0.044986701 0.018862392
v 0.0011393947 -0.044986701 0.019183298
v 0.00087720916 -0.044986701 0.019374551
v 0.00016759999 -0.044986701 0.0196112
v 0.00016759999 -0.046981349 0.0196112
v 0.0006170452 -0.046981349 0.019503553
v 0.0010458807 -0.046981349 0.019259725
v 0.0014943719 -0.046981349 0.018742309
v 0.0017134655 -0.046981349 0.018048944
v 0.0017134655 -0.048521352 0.018048944
v 0.001617243 -0.048521352 0.018463665
v 0.0014213887 -0.048521352 0.018862392
v 0.0011393947 -0.048521352 0.019183298
v 0.00087720916 -0.048521352 0.019374551
v 0.00016759999 -0.048521352 0.0196112
v 0.00016759999 -0.050516 0.0196112
v 0.0006170452 -0.050516 0.019503553
v 0.0010458807 -0.050516 0.019259725
v 0.0014943719 -0.050516 0.018742309
v 0.0017134655 -0.050516 0.018048944
v 0.0017134655 -0.052055998 0.018048944
v 0.001617243 -0.052055998 0.018463665
v 0.0014213887 -0.052055998 0.018862392
v 0.0011393947 -0.052055998 0.019183298
v 0.00087720916 -0.052055998 0.019374551
v 0.00016759999 -0.052055998 0.0196112
v 0.00016759999 -0.056725001 0.0196112
v 0.00034221906 -0.056725001 0.019585017
v 0.00051017258 -0.056725001 0.019541519
v 0.00067153469 -0.056725001 0.019480938
v 0.00067153469 -0.054225001 0.019480938
v 0.00098455928 -0.054225001 0.019304601
v 0.0013389449 -0.054225001 0.018974859
v 0.0016000278 -0.054225001 0.018511634
v 0.0017211296 -0.054225001 0.01797474
v 0.001739115 -0.054225001 0.017660362
v 0.0017350599 -0.054225001 0.017249514
v 0.0016997688 -0.054225001 0.016845267
v 0.0015983953 -0.054225001 0.016318698
v 0.0014038475 -0.054225001 0.015750668
v 0.0011978598 -0.054225001 0.015358177
v 0.0007705956 -0.054225001 0.014861276
v 0.00024942048 -0.054225001 0.014582705
v 0.00024942048 -0.056725001 0.014582705
v 5.7083536e-05 -0.056725001 0.014554576
v -0.0001453 -0.056725001 0.0145614
v -0.0001453 0.056725001 0.0145614
v 5.7083536e-05 0.056725001 0.014554576
v -0.01308709 -0.01866915 0.070487943
v -0.0100936 -0.01866915 0.069606099
v -0.010024558 -0.01866915 0.06951725
v -0.0100015 -0.01866915 0.069539199
v -0.0100087 -0.01866915 0.071480498
v -0.0100087 -0.01866915 0.0716045
v -0.012507082 -0.01866915 0.073872852
v -0.012516537 -0.01866915 0.073522558
v -0.012529178 -0.01866915 0.073051796
v -0.0124895 -0.01866915 0.072159901
v -0.0124895 -0.01866915 0.070624099
v -0.012689248 -0.01866915 0.070548701
v -0.01289251 -0.01866915 0.070505438
v -0.01308709 -0.0167445 0.070487943
v -0.01308709 -0.01674175 0.070487943
v -0.013264936 -0.01674175 0.070472698
v -0.013346953 -0.01674175 0.070406981
v -0.013346953 -0.0151345 0.070406981
v -0.013275433 -0.0151345 0.070470557
v -0.013058031 -0.0151345 0.070489669
v -0.0124895 -0.0151345 0.070624099
v -0.0124895 -0.0167445 0.070624099
v -0.012689248 -0.0167445 0.070548701
v -0.01289251 -0.0167445 0.070505438
v -0.0100087 -0.034417751 0.071480498
v -0.0100087 -0.034417751 0.0716045
v -0.0100087 -0.036342399 0.0716045
v -0.0100087 -0.036342399 0.071480498
v -0.0124895 -0.043411698 0.072159901
v -0.0124895 -0.045021701 0.072159901
v -0.0124895 -0.045021701 0.070624099
v -0.0124895 -0.043411698 0.070624099
v -0.0008783 -0.032842751 0.0180231
v -0.0008783 -0.034382751 0.0180231
v 0.0011228 -0.034382751 0.0180231
v 0.0011228 -0.032842751 0.0180231
v 0.0017134655 -0.034382751 0.018048944
v 0.0017134655 -0.032842751 0.018048944
v 0.001600834 -0.032842751 0.018055419
v 0.0014591068 -0.032842751 0.018031569
v 0.0012983435 -0.032842751 0.01801546
v 0.0011228 -0.032842751 0.0180231
v 0.0011228 -0.034382751 0.0180231
v 0.0012983435 -0.034382751 0.01801546
v 0.0014591068 -0.034382751 0.018031569
v 0.001600834 -0.034382751 0.018055419
v 0.0112432 0.0115327 0.052911201
v 0.010159301 0.0115327 0.052911201
v 0.010159301 0.00960805 0.052911201
v 0.0112432 0.00960805 0.052911201
v 0.0118677 0.0115327 0.052400799
v 0.011690036 0.0115327 0.052615037
v 0.01157071 0.0115327 0.052725511
v 0.0112432 0.0115327 0.052911201
v 0.0112432 0.00960805 0.052911201
v 0.01157071 0.00960805 0.052725511
v 0.011690036 0.00960805 0.052615037
v 0.0118677 0.00960805 0.052400799
v 0.013279898 0.0079980499 0.045254116
v 0.0132595 0.0079980499 0.045248799
v 0.010146 0.0079980499 0.0443256
v 0.0099759024 0.0079980499 0.04459084
v 0.0099831003 0.0079980499 0.045018902
v 0.0099831003 0.0079980499 0.052762799
v 0.010004275 0.0079980499 0.052810841
v 0.010031542 0.0079980499 0.052849646
v 0.010065874 0.0079980499 0.052878923
v 0.010108644 0.0079980499 0.052899308
v 0.010159301 0.0079980499 0.052911201
v 0.0112432 0.0079980499 0.052911201
v 0.01157071 0.0079980499 0.052725511
v 0.011690036 0.0079980499 0.052615037
v 0.0118677 0.0079980499 0.052400799
v 0.0136438 0.0079980499 0.050439801
v 0.013679055 0.0079980499 0.050415187
v 0.013455532 0.0079980499 0.0503441
v 0.01314401 0.0079980499 0.050328312
v 0.012790861 0.0079980499 0.050322933
v 0.012537 0.0079980499 0.050143399
v 0.012537 0.0079980499 0.046556301
v 0.01248201 0.0079980499 0.045966954
v 0.012460285 0.0079980499 0.045646539
v 0.012576048 0.0079980499 0.045439129
v 0.013056375 0.0079980499 0.045347772
v 0.010146 0.0079980499 0.0443256
v 0.0132595 0.0079980499 0.045248799
v 0.0132595 0.0060733998 0.045248799
v 0.010146 0.0060733998 0.0443256
v 0.013679055 0.0079980499 0.050415187
v 0.013679055 0.00960805 0.050415187
v 0.013455532 0.00960805 0.0503441
v 0.01314401 0.00960805 0.050328312
v 0.012790861 0.00960805 0.050322933
v 0.012537 0.00960805 0.050143399
v 0.012537 0.0079980499 0.050143399
v 0.012790861 0.0079980499 0.050322933
v 0.01314401 0.0079980499 0.050328312
v 0.013455532 0.0079980499 0.0503441
v 0.013346953 0.00960805 0.070406981
v 0.013346953 0.0079980499 0.070406981
v 0.013275433 0.0079980499 0.070470557
v 0.013058031 0.0079980499 0.070489669
v 0.0124895 0.0079980499 0.070624099
v 0.0124895 0.00960805 0.070624099
v 0.013058031 0.00960805 0.070489669
v 0.013275433 0.00960805 0.070470557
v 0.0100994 0.00960805 0.069446001
v 0.013346953 0.00960805 0.070406981
v 0.013275433 0.00960805 0.070470557
v 0.013058031 0.00960805 0.070489669
v 0.0124895 0.00960805 0.070624099
v 0.0124895 0.00960805 0.072159901
v 0.012529178 0.00960805 0.073051796
v 0.012516537 0.00960805 0.073522558
v 0.012507082 0.00960805 0.073872852
v 0.0100087 0.00960805 0.0716045
v 0.0100087 0.00960805 0.071480498
v 0.0100015 0.00960805 0.069539199
v 0.0100087 0.0079980499 0.071480498
v 0.0100015 0.0079980499 0.069539199
v 0.0100015 0.0060733998 0.069539199
v 0.0100087 0.0060733998 0.071480498
v 0.013346953 0.0079980499 0.070406981
v 0.0100994 0.0079980499 0.069446001
v 0.0100015 0.0079980499 0.069539199
v 0.0100087 0.0079980499 0.071480498
v 0.0100087 0.0079980499 0.0716045
v 0.012507082 0.0079980499 0.073872852
v 0.012516537 0.0079980499 0.073522558
v 0.012529178 0.0079980499 0.073051796
v 0.0124895 0.0079980499 0.072159901
v 0.0124895 0.0079980499 0.070624099
v 0.013058031 0.0079980499 0.070489669
v 0.013275433 0.0079980499 0.070470557
v 0.0118677 0.0044633999 0.052400799
v 0.011690036 0.0044633999 0.052615037
v 0.01157071 0.0044633999 0.052725511
v 0.0112432 0.0044633999 0.052911201
v 0.0112432 0.0025387499 0.052911201
v 0.01157071 0.0025387499 0.052725511
v 0.011690036 0.0025387499 0.052615037
v 0.0118677 0.0025387499 0.052400799
v 0.012537 0.0044633999 0.050143399
v 0.012537 0.0060733998 0.050143399
v 0.012537 0.0060733998 0.046556301
v 0.012537 0.0044633999 0.046556301
v 0.013679055 0.0044633999 0.050415187
v 0.013679055 0.0060733998 0.050415187
v 0.013455532 0.0060733998 0.0503441
v 0.01314401 0.0060733998 0.050328312
v 0.012790861 0.0060733998 0.050322933
v 0.012537 0.0060733998 0.050143399
v 0.012537 0.0044633999 0.050143399
v 0.012790861 0.0044633999 0.050322933
v 0.01314401 0.0044633999 0.050328312
v 0.013455532 0.0044633999 0.0503441
v 0.0136438 -0.0026058999 0.050439801
v 0.0118677 -0.0026058999 0.052400799
v 0.0118677 -0.0045305499 0.052400799
v 0.0136438 -0.0045305499 0.050439801
v 0.013279898 -0.00099590003 0.045254116
v 0.013279898 -0.0026058999 0.045254116
v 0.013056375 -0.0026058999 0.045347772
v 0.012576048 -0.0026058999 0.045439129
v 0.012460285 -0.0026058999 0.045646539
v 0.01248201 -0.0026058999 0.045966954
v 0.012537 -0.0026058999 0.046556301
v 0.012537 -0.00099590003 0.046556301
v 0.01248201 -0.00099590003 0.045966954
v 0.012460285 -0.00099590003 0.045646539
v 0.012576048 -0.00099590003 0.045439129
v 0.013056375 -0.00099590003 0.045347772
v 0.010159301 -0.0026058999 0.052911201
v 0.010108644 -0.0026058999 0.052899308
v 0.010065874 -0.0026058999 0.052878923
v 0.010031542 -0.0026058999 0.052849646
v 0.010004275 -0.0026058999 0.052810841
v 0.0099831003 -0.0026058999 0.052762799
v 0.0099831003 -0.0045305499 0.052762799
v 0.010004584 -0.0045305499 0.052811403
v 0.010032234 -0.0045305499 0.052850413
v 0.010066663 -0.0045305499 0.052879429
v 0.010109097 -0.0045305499 0.052899451
v 0.010159301 -0.0045305499 0.052911201
v 0.012537 -0.0026058999 0.050143399
v 0.012537 -0.00099590003 0.050143399
v 0.012537 -0.00099590003 0.046556301
v 0.012537 -0.0026058999 0.046556301
v 0.0136438 -0.027348449 0.050439801
v 0.0118677 -0.027348449 0.052400799
v 0.0118677 -0.0292731 0.052400799
v 0.0136438 -0.0292731 0.050439801
v 0.013346953 -0.025738449 0.070406981
v 0.013346953 -0.027348449 0.070406981
v 0.013275433 -0.027348449 0.070470557
v 0.013058031 -0.027348449 0.070489669
v 0.0124895 -0.027348449 0.070624099
v 0.0124895 -0.025738449 0.070624099
v 0.013058031 -0.025738449 0.070489669
v 0.013275433 -0.025738449 0.070470557
v 0.0100994 -0.025738449 0.069446001
v 0.013346953 -0.025738449 0.070406981
v 0.013275433 -0.025738449 0.070470557
v 0.013058031 -0.025738449 0.070489669
v 0.0124895 -0.025738449 0.070624099
v 0.0124895 -0.025738449 0.072159901
v 0.012529178 -0.025738449 0.073051796
v 0.012516537 -0.025738449 0.073522558
v 0.012507082 -0.025738449 0.073872852
v 0.0100087 -0.025738449 0.0716045
v 0.0100087 -0.025738449 0.071480498
v 0.0100015 -0.025738449 0.069539199
v 0.0100087 -0.027348449 0.071480498
v 0.0100015 -0.027348449 0.069539199
v 0.0100015 -0.0292731 0.069539199
v 0.0100087 -0.0292731 0.071480498
v 0.013346953 -0.027348449 0.070406981
v 0.0100994 -0.027348449 0.069446001
v 0.0100015 -0.027348449 0.069539199
v 0.0100087 -0.027348449 0.071480498
v 0.0100087 -0.027348449 0.0716045
v 0.012507082 -0.027348449 0.073872852
v 0.012516537 -0.027348449 0.073522558
v 0.012529178 -0.027348449 0.073051796
v 0.0124895 -0.027348449 0.072159901
v 0.0124895 -0.027348449 0.070624099
v 0.013058031 -0.027348449 0.070489669
v 0.013275433 -0.027348449 0.070470557
v 0.0118677 -0.02027915 0.052400799
v 0.011690036 -0.02027915 0.052615037
v 0.01157071 -0.02027915 0.052725511
v 0.0112432 -0.02027915 0.052911201
v 0.0112432 -0.022203801 0.052911201
v 0.01157071 -0.022203801 0.052725511
v 0.011690036 -0.022203801 0.052615037
v 0.0118677 -0.022203801 0.052400799
v 0.013279898 -0.01866915 0.045254116
v 0.013279898 -0.02027915 0.045254116
v 0.013056375 -0.02027915 0.045347772
v 0.012576048 -0.02027915 0.045439129
v 0.012460285 -0.02027915 0.045646539
v 0.01248201 -0.02027915 0.045966954
v 0.012537 -0.02027915 0.046556301
v 0.012537 -0.01866915 0.046556301
v 0.01248201 -0.01866915 0.045966954
v 0.012460285 -0.01866915 0.045646539
v 0.012576048 -0.01866915 0.045439129
v 0.013056375 -0.01866915 0.045347772
v 0.013279898 -0.022203801 0.045254116
v 0.013279898 -0.023813801 0.045254116
v 0.013056375 -0.023813801 0.045347772
v 0.012576048 -0.023813801 0.045439129
v 0.012460285 -0.023813801 0.045646539
v 0.01248201 -0.023813801 0.045966954
v 0.012537 -0.023813801 0.046556301
v 0.012537 -0.022203801 0.046556301
v 0.01248201 -0.022203801 0.045966954
v 0.012460285 -0.022203801 0.045646539
v 0.012576048 -0.022203801 0.045439129
v 0.013056375 -0.022203801 0.045347772
v 0.0132595 -0.022203801 0.045248799
v 0.013279898 -0.022203801 0.045254116
v 0.013056375 -0.022203801 0.045347772
v 0.012576048 -0.022203801 0.045439129
v 0.012460285 -0.022203801 0.045646539
v 0.01248201 -0.022203801 0.045966954
v 0.012537 -0.022203801 0.046556301
v 0.012537 -0.022203801 0.050143399
v 0.012790861 -0.022203801 0.050322933
v 0.01314401 -0.022203801 0.050328312
v 0.013455532 -0.022203801 0.0503441
v 0.013679055 -0.022203801 0.050415187
v 0.0136438 -0.022203801 0.050439801
v 0.0118677 -0.022203801 0.052400799
v 0.011690036 -0.022203801 0.052615037
v 0.01157071 -0.022203801 0.052725511
v 0.0112432 -0.022203801 0.052911201
v 0.010159301 -0.022203801 0.052911201
v 0.010109097 -0.022203801 0.052899451
v 0.010066663 -0.022203801 0.052879429
v 0.010032234 -0.022203801 0.052850413
v 0.010004584 -0.022203801 0.052811403
v 0.0099831003 -0.022203801 0.052762799
v 0.0099831003 -0.022203801 0.045018902
v 0.0099753118 -0.022203801 0.04459372
v 0.010146 -0.022203801 0.0443256
v 0.0100087 -0.0167445 0.0716045
v 0.0100087 -0.0167445 0.071480498
v 0.0100087 -0.01866915 0.071480498
v 0.0100087 -0.01866915 0.0716045
v 0.0136438 -0.01320985 0.050439801
v 0.0118677 -0.01320985 0.052400799
v 0.0118677 -0.0151345 0.052400799
v 0.0136438 -0.0151345 0.050439801
v 0.0099831003 -0.0167445 0.045018902
v 0.0099759024 -0.0167445 0.04459084
v 0.010146 -0.0167445 0.0443256
v 0.010146 -0.01866915 0.0443256
v 0.0099753118 -0.01866915 0.04459372
v 0.0099831003 -0.01866915 0.045018902
v 0.0100087 -0.0026058999 0.071480498
v 0.0100015 -0.0026058999 0.069539199
v 0.0100015 -0.0045305499 0.069539199
v 0.0100087 -0.0045305499 0.071480498
v 0.0100994 -0.0045305499 0.069446001
v 0.013346953 -0.0045305499 0.070406981
v 0.013275433 -0.0045305499 0.070470557
v 0.013058031 -0.0045305499 0.070489669
v 0.0124895 -0.0045305499 0.070624099
v 0.0124895 -0.0045305499 0.072159901
v 0.012529178 -0.0045305499 0.073051796
v 0.012516537 -0.0045305499 0.073522558
v 0.012507082 -0.0045305499 0.073872852
v 0.0100087 -0.0045305499 0.0716045
v 0.0100087 -0.0045305499 0.071480498
v 0.0100015 -0.0045305499 0.069539199
v 0.0100087 -0.01320985 0.071480498
v 0.0100015 -0.01320985 0.069539199
v 0.0100015 -0.0151345 0.069539199
v 0.0100087 -0.0151345 0.071480498
v 0.013346953 -0.01320985 0.070406981
v 0.0100994 -0.01320985 0.069446001
v 0.0100015 -0.01320985 0.069539199
v 0.0100087 -0.01320985 0.071480498
v 0.0100087 -0.01320985 0.0716045
v 0.012507082 -0.01320985 0.073872852
v 0.012516537 -0.01320985 0.073522558
v 0.012529178 -0.01320985 0.073051796
v 0.0124895 -0.01320985 0.072159901
v 0.0124895 -0.01320985 0.070624099
v 0.013058031 -0.01320985 0.070489669
v 0.013275433 -0.01320985 0.070470557
v 0.010146 -0.027348449 0.0443256
v 0.0132595 -0.027348449 0.045248799
v 0.0132595 -0.0292731 0.045248799
v 0.010146 -0.0292731 0.0443256
v -0.0099831003 0.025671301 0.052762799
v -0.010004275 0.025671301 0.052810841
v -0.010031542 0.025671301 0.052849646
v -0.010065874 0.025671301 0.052878923
v -0.010108644 0.025671301 0.052899308
v -0.010159301 0.025671301 0.052911201
v -0.010159301 0.02374665 0.052911201
v -0.010109097 0.02374665 0.052899451
v -0.010066663 0.02374665 0.052879429
v -0.010032234 0.02374665 0.052850413
v -0.010004584 0.02374665 0.052811403
v -0.0099831003 0.02374665 0.052762799
v -0.013279898 0.02213665 0.045254116
v -0.013279898 0.02374665 0.045254116
v -0.013056375 0.02374665 0.045347772
v -0.012576048 0.02374665 0.045439129
v -0.012460285 0.02374665 0.045646539
v -0.01248201 0.02374665 0.045966954
v -0.012537 0.02374665 0.046556301
v -0.012537 0.02213665 0.046556301
v -0.01248201 0.02213665 0.045966954
v -0.012460285 0.02213665 0.045646539
v -0.012576048 0.02213665 0.045439129
v -0.013056375 0.02213665 0.045347772
v -0.013279898 0.02374665 0.045254116
v -0.0132595 0.02374665 0.045248799
v -0.010146 0.02374665 0.0443256
v -0.0099753118 0.02374665 0.04459372
v -0.0099831003 0.02374665 0.045018902
v -0.0099831003 0.02374665 0.052762799
v -0.010004584 0.02374665 0.052811403
v -0.010032234 0.02374665 0.052850413
v -0.010066663 0.02374665 0.052879429
v -0.010109097 0.02374665 0.052899451
v -0.010159301 0.02374665 0.052911201
v -0.0112432 0.02374665 0.052911201
v -0.01157071 0.02374665 0.052725511
v -0.011690036 0.02374665 0.052615037
v -0.0118677 0.02374665 0.052400799
v -0.0136438 0.02374665 0.050439801
v -0.013679055 0.02374665 0.050415187
v -0.013455532 0.02374665 0.0503441
v -0.01314401 0.02374665 0.050328312
v -0.012790861 0.02374665 0.050322933
v -0.012537 0.02374665 0.050143399
v -0.012537 0.02374665 0.046556301
v -0.01248201 0.02374665 0.045966954
v -0.012460285 0.02374665 0.045646539
v -0.012576048 0.02374665 0.045439129
v -0.013056375 0.02374665 0.045347772
v -0.010159301 0.04334455 0.052911201
v -0.0112432 0.04334455 0.052911201
v -0.0112432 0.041419902 0.052911201
v -0.010159301 0.041419902 0.052911201
v -0.012507082 0.030815949 0.073872852
v -0.012507082 0.029205949 0.073872852
v -0.012516537 0.029205949 0.073522558
v -0.012529178 0.029205949 0.073051796
v -0.0124895 0.029205949 0.072159901
v -0.0124895 0.030815949 0.072159901
v -0.012529178 0.030815949 0.073051796
v -0.012516537 0.030815949 0.073522558
v -0.0099831003 -0.04148705 0.052762799
v -0.010004275 -0.04148705 0.052810841
v -0.010031542 -0.04148705 0.052849646
v -0.010065874 -0.04148705 0.052878923
v -0.010108644 -0.04148705 0.052899308
v -0.010159301 -0.04148705 0.052911201
v -0.010159301 -0.043411698 0.052911201
v -0.010109097 -0.043411698 0.052899451
v -0.010066663 -0.043411698 0.052879429
v -0.010032234 -0.043411698 0.052850413
v -0.010004584 -0.043411698 0.052811403
v -0.0099831003 -0.043411698 0.052762799
v -0.0132595 -0.027348449 0.045248799
v -0.013279898 -0.027348449 0.045254116
v -0.013056375 -0.027348449 0.045347772
v -0.012576048 -0.027348449 0.045439129
v -0.012460285 -0.027348449 0.045646539
v -0.01248201 -0.027348449 0.045966954
v -0.012537 -0.027348449 0.046556301
v -0.012537 -0.027348449 0.050143399
v -0.012790861 -0.027348449 0.050322933
v -0.01314401 -0.027348449 0.050328312
v -0.013455532 -0.027348449 0.0503441
v -0.013679055 -0.027348449 0.050415187
v -0.0136438 -0.027348449 0.050439801
v -0.0118677 -0.027348449 0.052400799
v -0.011690036 -0.027348449 0.052615037
v -0.01157071 -0.027348449 0.052725511
v -0.0112432 -0.027348449 0.052911201
v -0.010159301 -0.027348449 0.052911201
v -0.010108644 -0.027348449 0.052899308
v -0.010065874 -0.027348449 0.052878923
v -0.010031542 -0.027348449 0.052849646
v -0.010004275 -0.027348449 0.052810841
v -0.0099831003 -0.027348449 0.052762799
v -0.0099831003 -0.027348449 0.045018902
v -0.0099759024 -0.027348449 0.04459084
v -0.010146 -0.027348449 0.0443256
v -0.013279898 -0.0308831 0.045254116
v -0.013279898 -0.0292731 0.045254116
v -0.013056375 -0.0292731 0.045347772
v -0.012576048 -0.0292731 0.045439129
v -0.012460285 -0.0292731 0.045646539
v -0.01248201 -0.0292731 0.045966954
v -0.012537 -0.0292731 0.046556301
v -0.012537 -0.0308831 0.046556301
v -0.01248201 -0.0308831 0.045966954
v -0.012460285 -0.0308831 0.045646539
v -0.012576048 -0.0308831 0.045439129
v -0.013056375 -0.0308831 0.045347772
v -0.013279898 0.0131427 0.045254116
v -0.0132595 0.0131427 0.045248799
v -0.010146 0.0131427 0.0443256
v -0.0099753118 0.0131427 0.04459372
v -0.0099831003 0.0131427 0.045018902
v -0.0099831003 0.0131427 0.052762799
v -0.010004584 0.0131427 0.052811403
v -0.010032234 0.0131427 0.052850413
v -0.010066663 0.0131427 0.052879429
v -0.010109097 0.0131427 0.052899451
v -0.010159301 0.0131427 0.052911201
v -0.0112432 0.0131427 0.052911201
v -0.01157071 0.0131427 0.052725511
v -0.011690036 0.0131427 0.052615037
v -0.0118677 0.0131427 0.052400799
v -0.0136438 0.0131427 0.050439801
v -0.013679055 0.0131427 0.050415187
v -0.013455532 0.0131427 0.0503441
v -0.01314401 0.0131427 0.050328312
v -0.012790861 0.0131427 0.050322933
v -0.012537 0.0131427 0.050143399
v -0.012537 0.0131427 0.046556301
v -0.01248201 0.0131427 0.045966954
v -0.012460285 0.0131427 0.045646539
v -0.012576048 0.0131427 0.045439129
v -0.013056375 0.0131427 0.045347772
v -0.013279898 0.0115327 0.045254116
v -0.013279898 0.0131427 0.045254116
v -0.013056375 0.0131427 0.045347772
v -0.012576048 0.0131427 0.045439129
v -0.012460285 0.0131427 0.045646539
v -0.01248201 0.0131427 0.045966954
v -0.012537 0.0131427 0.046556301
v -0.012537 0.0115327 0.046556301
v -0.01248201 0.0115327 0.045966954
v -0.012460285 0.0115327 0.045646539
v -0.012576048 0.0115327 0.045439129
v -0.013056375 0.0115327 0.045347772
v -0.010146 -0.0026058999 0.0443256
v -0.0099759024 -0.0026058999 0.04459084
v -0.0099831003 -0.0026058999 0.045018902
v -0.0099831003 -0.0045305499 0.045018902
v -0.0099753118 -0.0045305499 0.04459372
v -0.010146 -0.0045305499 0.0443256
v -0.013279898 -0.0026058999 0.045254116
v -0.013279898 -0.00099590003 0.045254116
v -0.013056375 -0.00099590003 0.045347772
v -0.012576048 -0.00099590003 0.045439129
v -0.012460285 -0.00099590003 0.045646539
v -0.01248201 -0.00099590003 0.045966954
v -0.012537 -0.00099590003 0.046556301
v -0.012537 -0.0026058999 0.046556301
v -0.01248201 -0.0026058999 0.045966954
v -0.012460285 -0.0026058999 0.045646539
v -0.012576048 -0.0026058999 0.045439129
v -0.013056375 -0.0026058999 0.045347772
v -0.012537 0.0025387499 0.050143399
v -0.012537 0.00092874996 0.050143399
v -0.012537 0.00092874996 0.046556301
v -0.012537 0.0025387499 0.046556301
v -0.0100936 -0.00099590003 0.069606099
v -0.01308709 -0.00099590003 0.070487943
v -0.01308709 -0.00099849999 0.070487943
v -0.0100936 -0.00099849999 0.069606099
v -0.012507082 0.020211999 0.073872852
v -0.012507082 0.018602 0.073872852
v -0.012516537 0.018602 0.073522558
v -0.012529178 0.018602 0.073051796
v -0.0124895 0.018602 0.072159901
v -0.0124895 0.020211999 0.072159901
v -0.012529178 0.020211999 0.073051796
v -0.012516537 0.020211999 0.073522558
v -0.0124895 0.02374665 0.072159901
v -0.0124895 0.02213665 0.072159901
v -0.0124895 0.02213665 0.070624099
v -0.0124895 0.02374665 0.070624099
v -0.013346953 0.02374665 0.070406981
v -0.0100994 0.02374665 0.069446001
v -0.0100015 0.02374665 0.069539199
v -0.0100087 0.02374665 0.071480498
v -0.0100087 0.02374665 0.0716045
v -0.012507082 0.02374665 0.073872852
v -0.012516537 0.02374665 0.073522558
v -0.012529178 0.02374665 0.073051796
v -0.0124895 0.02374665 0.072159901
v -0.0124895 0.02374665 0.070624099
v -0.013058031 0.02374665 0.070489669
v -0.013275433 0.02374665 0.070470557
v -0.0100015 0.029205949 0.069539199
v -0.0100087 0.029205949 0.071480498
v -0.0100087 0.027281301 0.071480498
v -0.0100015 0.027281301 0.069539199
v -0.0118677 0.02213665 0.052400799
v -0.0136438 0.02213665 0.050439801
v -0.0136438 0.020211999 0.050439801
v -0.0118677 0.020211999 0.052400799
v -0.012507082 0.01667735 0.073872852
v -0.012507082 0.01506735 0.073872852
v -0.012516537 0.01506735 0.073522558
v -0.012529178 0.01506735 0.073051796
v -0.0124895 0.01506735 0.072159901
v -0.0124895 0.01667735 0.072159901
v -0.012529178 0.01667735 0.073051796
v -0.012516537 0.01667735 0.073522558
v -0.01122 -0.0167445 0.0527597
v -0.011427799 -0.0167445 0.052648401
v -0.011427799 -0.01674175 0.052648401
v -0.01122 -0.01674175 0.0527597
v -0.013346953 0.0025387499 0.070406981
v -0.0100994 0.0025387499 0.069446001
v -0.0100015 0.0025387499 0.069539199
v -0.0100087 0.0025387499 0.071480498
v -0.0100087 0.0025387499 0.0716045
v -0.012507082 0.0025387499 0.073872852
v -0.012516537 0.0025387499 0.073522558
v -0.012529178 0.0025387499 0.073051796
v -0.0124895 0.0025387499 0.072159901
v -0.0124895 0.0025387499 0.070624099
v -0.013058031 0.0025387499 0.070489669
v -0.013275433 0.0025387499 0.070470557
v -0.01308709 -0.00099590003 0.070487943
v -0.0100936 -0.00099590003 0.069606099
v -0.010024558 -0.00099590003 0.06951725
v -0.0100015 -0.00099590003 0.069539199
v -0.0100087 -0.00099590003 0.071480498
v -0.0100087 -0.00099590003 0.0716045
v -0.012507082 -0.00099590003 0.073872852
v -0.012516537 -0.00099590003 0.073522558
v -0.012529178 -0.00099590003 0.073051796
v -0.0124895 -0.00099590003 0.072159901
v -0.0124895 -0.00099590003 0.070624099
v -0.012689248 -0.00099590003 0.070548701
v -0.01289251 -0.00099590003 0.070505438
v -0.0144551 -0.00099849999 0.0704321
v -0.0144551 0.00093149997 0.0704321
v -0.0144551 0.00093149997 0.0508393
v -0.0144551 -0.00099849999 0.0508393
v -0.0017099179 0.025706301 0.018018194
v -0.0015780129 0.025706301 0.018567621
v -0.0012623653 0.025706301 0.019056196
v -0.00067759603 0.025706301 0.019479625
v -0.00033694662 0.025706301 0.019585383
v 0.00016759999 0.025706301 0.0196112
v 0.00087720916 0.025706301 0.019374551
v 0.0011393947 0.025706301 0.019183298
v 0.0014213887 0.025706301 0.018862392
v 0.001617243 0.025706301 0.018463665
v 0.0017134655 0.025706301 0.018048944
v 0.001600834 0.025706301 0.018055419
v 0.0014591068 0.025706301 0.018031569
v 0.0012983435 0.025706301 0.01801546
v 0.0011228 0.025706301 0.0180231
v -0.0008783 0.025706301 0.0180231
v -0.0013489805 0.025706301 0.018055273
v -0.0015623884 0.025706301 0.018085564
v -0.0100015 -0.034417751 0.069539199
v -0.0100087 -0.034417751 0.071480498
v -0.0100087 -0.036342399 0.071480498
v -0.0100015 -0.036342399 0.069539199
v -0.0100994 -0.0308831 0.069446001
v -0.0100015 -0.0308831 0.069539199
v -0.0100015 -0.032807751 0.069539199
v -0.0100994 -0.032807751 0.069446001
v -0.012507082 -0.01866915 0.073872852
v -0.012507082 -0.02027915 0.073872852
v -0.012516537 -0.02027915 0.073522558
v -0.012529178 -0.02027915 0.073051796
v -0.0124895 -0.02027915 0.072159901
v -0.0124895 -0.01866915 0.072159901
v -0.012529178 -0.01866915 0.073051796
v -0.012516537 -0.01866915 0.073522558
v -0.0100994 -0.02027915 0.069446001
v -0.0100015 -0.02027915 0.069539199
v -0.0100015 -0.022203801 0.069539199
v -0.0100994 -0.022203801 0.069446001
v -0.0099751002 -0.01867175 0.052818699
v -0.0099751002 -0.01674175 0.052818699
v -0.0099751002 -0.01674175 0.069453602
v -0.0099751002 -0.01867175 0.069453602
v -0.0100936 -0.01866915 0.069606099
v -0.01308709 -0.01866915 0.070487943
v -0.01308709 -0.01867175 0.070487943
v -0.0100936 -0.01867175 0.069606099
v -0.013679055 -0.01674175 0.050415187
v -0.013506233 -0.01674175 0.050361061
v -0.013506233 -0.0167445 0.050361061
v -0.013000251 -0.0167445 0.050337563
v -0.012730563 -0.0167445 0.050304651
v -0.012537 -0.0167445 0.050143399
v -0.012537 -0.0151345 0.050143399
v -0.012790861 -0.0151345 0.050322933
v -0.01314401 -0.0151345 0.050328312
v -0.013455532 -0.0151345 0.0503441
v -0.013679055 -0.0151345 0.050415187
v -0.012507082 -0.043411698 0.073872852
v -0.012507082 -0.045021701 0.073872852
v -0.012516537 -0.045021701 0.073522558
v -0.012529178 -0.045021701 0.073051796
v -0.0124895 -0.045021701 0.072159901
v -0.0124895 -0.043411698 0.072159901
v -0.012529178 -0.043411698 0.073051796
v -0.012516537 -0.043411698 0.073522558
v -0.0017099179 -0.034382751 0.018018194
v -0.0015780129 -0.034382751 0.018567621
v -0.0012623653 -0.034382751 0.019056196
v -0.00067759603 -0.034382751 0.019479625
v -0.00033694662 -0.034382751 0.019585383
v 0.00016759999 -0.034382751 0.0196112
v 0.00087720916 -0.034382751 0.019374551
v 0.0011393947 -0.034382751 0.019183298
v 0.0014213887 -0.034382751 0.018862392
v 0.001617243 -0.034382751 0.018463665
v 0.0017134655 -0.034382751 0.018048944
v 0.001600834 -0.034382751 0.018055419
v 0.0014591068 -0.034382751 0.018031569
v 0.0012983435 -0.034382751 0.01801546
v 0.0011228 -0.034382751 0.0180231
v -0.0008783 -0.034382751 0.0180231
v -0.0013489805 -0.034382751 0.018055273
v -0.0015623884 -0.034382751 0.018085564
v 0.010159301 0.0115327 0.052911201
v 0.010108644 0.0115327 0.052899308
v 0.010065874 0.0115327 0.052878923
v 0.010031542 0.0115327 0.052849646
v 0.010004275 0.0115327 0.052810841
v 0.0099831003 0.0115327 0.052762799
v 0.0099831003 0.00960805 0.052762799
v 0.010004584 0.00960805 0.052811403
v 0.010032234 0.00960805 0.052850413
v 0.010066663 0.00960805 0.052879429
v 0.010109097 0.00960805 0.052899451
v 0.010159301 0.00960805 0.052911201
v 0.013279898 0.00960805 0.045254116
v 0.013279898 0.0079980499 0.045254116
v 0.013056375 0.0079980499 0.045347772
v 0.012576048 0.0079980499 0.045439129
v 0.012460285 0.0079980499 0.045646539
v 0.01248201 0.0079980499 0.045966954
v 0.012537 0.0079980499 0.046556301
v 0.012537 0.00960805 0.046556301
v 0.01248201 0.00960805 0.045966954
v 0.012460285 0.00960805 0.045646539
v 0.012576048 0.00960805 0.045439129
v 0.013056375 0.00960805 0.045347772
v 0.0132595 0.00960805 0.045248799
v 0.013279898 0.00960805 0.045254116
v 0.013056375 0.00960805 0.045347772
v 0.012576048 0.00960805 0.045439129
v 0.012460285 0.00960805 0.045646539
v 0.01248201 0.00960805 0.045966954
v 0.012537 0.00960805 0.046556301
v 0.012537 0.00960805 0.050143399
v 0.012790861 0.00960805 0.050322933
v 0.01314401 0.00960805 0.050328312
v 0.013455532 0.00960805 0.0503441
v 0.013679055 0.00960805 0.050415187
v 0.0136438 0.00960805 0.050439801
v 0.0118677 0.00960805 0.052400799
v 0.011690036 0.00960805 0.052615037
v 0.01157071 0.00960805 0.052725511
v 0.0112432 0.00960805 0.052911201
v 0.010159301 0.00960805 0.052911201
v 0.010109097 0.00960805 0.052899451
v 0.010066663 0.00960805 0.052879429
v 0.010032234 0.00960805 0.052850413
v 0.010004584 0.00960805 0.052811403
v 0.0099831003 0.00960805 0.052762799
v 0.0099831003 0.00960805 0.045018902
v 0.0099753118 0.00960805 0.04459372
v 0.010146 0.00960805 0.0443256
v 0.0099831003 0.02213665 0.052762799
v 0.0099831003 0.02213665 0.045018902
v 0.0099831003 0.020211999 0.045018902
v 0.0099831003 0.020211999 0.052762799
v 0.0100087 0.0115327 0.0716045
v 0.0100087 0.0115327 0.071480498
v 0.0100087 0.00960805 0.071480498
v 0.0100087 0.00960805 0.0716045
v 0.0124895 0.0115327 0.072159901
v 0.0124895 0.0131427 0.072159901
v 0.0124895 0.0131427 0.070624099
v 0.0124895 0.0115327 0.070624099
v 0.012507082 0.0115327 0.073872852
v 0.012507082 0.0131427 0.073872852
v 0.012516537 0.0131427 0.073522558
v 0.012529178 0.0131427 0.073051796
v 0.0124895 0.0131427 0.072159901
v 0.0124895 0.0115327 0.072159901
v 0.012529178 0.0115327 0.073051796
v 0.012516537 0.0115327 0.073522558
v 0.0100015 0.0079980499 0.069539199
v 0.0100994 0.0079980499 0.069446001
v 0.0100994 0.0060733998 0.069446001
v 0.0100015 0.0060733998 0.069539199
v 0.013279898 0.0025387499 0.045254116
v 0.013279898 0.00092874996 0.045254116
v 0.013056375 0.00092874996 0.045347772
v 0.012576048 0.00092874996 0.045439129
v 0.012460285 0.00092874996 0.045646539
v 0.01248201 0.00092874996 0.045966954
v 0.012537 0.00092874996 0.046556301
v 0.012537 0.0025387499 0.046556301
v 0.01248201 0.0025387499 0.045966954
v 0.012460285 0.0025387499 0.045646539
v 0.012576048 0.0025387499 0.045439129
v 0.013056375 0.0025387499 0.045347772
v 0.013279898 0.0044633999 0.045254116
v 0.0132595 0.0044633999 0.045248799
v 0.010146 0.0044633999 0.0443256
v 0.0099759024 0.0044633999 0.04459084
v 0.0099831003 0.0044633999 0.045018902
v 0.0099831003 0.0044633999 0.052762799
v 0.010004275 0.0044633999 0.052810841
v 0.010031542 0.0044633999 0.052849646
v 0.010065874 0.0044633999 0.052878923
v 0.010108644 0.0044633999 0.052899308
v 0.010159301 0.0044633999 0.052911201
v 0.0112432 0.0044633999 0.052911201
v 0.01157071 0.0044633999 0.052725511
v 0.011690036 0.0044633999 0.052615037
v 0.0118677 0.0044633999 0.052400799
v 0.0136438 0.0044633999 0.050439801
v 0.013679055 0.0044633999 0.050415187
v 0.013455532 0.0044633999 0.0503441
v 0.01314401 0.0044633999 0.050328312
v 0.012790861 0.0044633999 0.050322933
v 0.012537 0.0044633999 0.050143399
v 0.012537 0.0044633999 0.046556301
v 0.01248201 0.0044633999 0.045966954
v 0.012460285 0.0044633999 0.045646539
v 0.012576048 0.0044633999 0.045439129
v 0.013056375 0.0044633999 0.045347772
v 0.0099831003 0.00092874996 0.052762799
v 0.0099831003 0.00092874996 0.045018902
v 0.0099831003 -0.00099590003 0.045018902
v 0.0099831003 -0.00099590003 0.052762799
v 0.012537 0.00092874996 0.050143399
v 0.012537 0.0025387499 0.050143399
v 0.012537 0.0025387499 0.046556301
v 0.012537 0.00092874996 0.046556301
v 0.0099831003 -0.0026058999 0.052762799
v 0.0099831003 -0.0026058999 0.045018902
v 0.0099831003 -0.0045305499 0.045018902
v 0.0099831003 -0.0045305499 0.052762799
v 0.013279898 -0.0026058999 0.045254116
v 0.0132595 -0.0026058999 0.045248799
v 0.010146 -0.0026058999 0.0443256
v 0.0099759024 -0.0026058999 0.04459084
v 0.0099831003 -0.0026058999 0.045018902
v 0.0099831003 -0.0026058999 0.052762799
v 0.010004275 -0.0026058999 0.052810841
v 0.010031542 -0.0026058999 0.052849646
v 0.010065874 -0.0026058999 0.052878923
v 0.010108644 -0.0026058999 0.052899308
v 0.010159301 -0.0026058999 0.052911201
v 0.0112432 -0.0026058999 0.052911201
v 0.01157071 -0.0026058999 0.052725511
v 0.011690036 -0.0026058999 0.052615037
v 0.0118677 -0.0026058999 0.052400799
v 0.0136438 -0.0026058999 0.050439801
v 0.013679055 -0.0026058999 0.050415187
v 0.013455532 -0.0026058999 0.0503441
v 0.01314401 -0.0026058999 0.050328312
v 0.012790861 -0.0026058999 0.050322933
v 0.012537 -0.0026058999 0.050143399
v 0.012537 -0.0026058999 0.046556301
v 0.01248201 -0.0026058999 0.045966954
v 0.012460285 -0.0026058999 0.045646539
v 0.012576048 -0.0026058999 0.045439129
v 0.013056375 -0.0026058999 0.045347772
v 0.0124895 -0.0026058999 0.072159901
v 0.0124895 -0.00099590003 0.072159901
v 0.0124895 -0.00099590003 0.070624099
v 0.0124895 -0.0026058999 0.070624099
v 0.0100936 -0.00099590003 0.069606099
v 0.01308709 -0.00099590003 0.070487943
v 0.01289251 -0.00099590003 0.070505438
v 0.012689248 -0.00099590003 0.070548701
v 0.0124895 -0.00099590003 0.070624099
v 0.0124895 -0.00099590003 0.072159901
v 0.012529178 -0.00099590003 0.073051796
v 0.012516537 -0.00099590003 0.073522558
v 0.012507082 -0.00099590003 0.073872852
v 0.0100087 -0.00099590003 0.0716045
v 0.0100087 -0.00099590003 0.071480498
v 0.0100015 -0.00099590003 0.069539199
v 0.010024558 -0.00099590003 0.06951725
v 0.0112432 -0.0308831 0.052911201
v 0.010159301 -0.0308831 0.052911201
v 0.010159301 -0.032807751 0.052911201
v 0.0112432 -0.032807751 0.052911201
v 0.012507082 -0.0167445 0.073872852
v 0.012507082 -0.0151345 0.073872852
v 0.012516537 -0.0151345 0.073522558
v 0.012529178 -0.0151345 0.073051796
v 0.0124895 -0.0151345 0.072159901
v 0.0124895 -0.0167445 0.072159901
v 0.012529178 -0.0167445 0.073051796
v 0.012516537 -0.0167445 0.073522558
v 0.0124895 -0.0167445 0.072159901
v 0.0124895 -0.0151345 0.072159901
v 0.0124895 -0.0151345 0.070624099
v 0.0124895 -0.0167445 0.070624099
v 0.0100087 -0.023813801 0.0716045
v 0.0100087 -0.023813801 0.071480498
v 0.0100087 -0.025738449 0.071480498
v 0.0100087 -0.025738449 0.0716045
v 0.0124895 -0.023813801 0.072159901
v 0.0124895 -0.022203801 0.072159901
v 0.0124895 -0.022203801 0.070624099
v 0.0124895 -0.023813801 0.070624099
v 0.012507082 -0.023813801 0.073872852
v 0.012507082 -0.022203801 0.073872852
v 0.012516537 -0.022203801 0.073522558
v 0.012529178 -0.022203801 0.073051796
v 0.0124895 -0.022203801 0.072159901
v 0.0124895 -0.023813801 0.072159901
v 0.012529178 -0.023813801 0.073051796
v 0.012516537 -0.023813801 0.073522558
v 0.0100015 -0.027348449 0.069539199
v 0.0100994 -0.027348449 0.069446001
v 0.0100994 -0.0292731 0.069446001
v 0.0100015 -0.0292731 0.069539199
v 0.0112432 -0.02027915 0.052911201
v 0.010159301 -0.02027915 0.052911201
v 0.010159301 -0.022203801 0.052911201
v 0.0112432 -0.022203801 0.052911201
v 0.0136438 -0.02027915 0.050439801
v 0.0118677 -0.02027915 0.052400799
v 0.0118677 -0.022203801 0.052400799
v 0.0136438 -0.022203801 0.050439801
v 0.0100087 -0.0167445 0.071480498
v 0.0100015 -0.0167445 0.069539199
v 0.0100015 -0.01866915 0.069539199
v 0.0100087 -0.01866915 0.071480498
v 0.010146 -0.0167445 0.0443256
v 0.0132595 -0.0167445 0.045248799
v 0.0132595 -0.01866915 0.045248799
v 0.010146 -0.01866915 0.0443256
v 0.0100015 -0.0026058999 0.069539199
v 0.0100994 -0.0026058999 0.069446001
v 0.0100994 -0.0045305499 0.069446001
v 0.0100015 -0.0045305499 0.069539199
v 0.0100015 -0.01320985 0.069539199
v 0.0100994 -0.01320985 0.069446001
v 0.0100994 -0.0151345 0.069446001
v 0.0100015 -0.0151345 0.069539199
v 0.010159301 -0.04148705 0.052911201
v 0.010108644 -0.04148705 0.052899308
v 0.010065874 -0.04148705 0.052878923
v 0.010031542 -0.04148705 0.052849646
v 0.010004275 -0.04148705 0.052810841
v 0.0099831003 -0.04148705 0.052762799
v 0.0099831003 -0.043411698 0.052762799
v 0.010004584 -0.043411698 0.052811403
v 0.010032234 -0.043411698 0.052850413
v 0.010066663 -0.043411698 0.052879429
v 0.010109097 -0.043411698 0.052899451
v 0.010159301 -0.043411698 0.052911201
v 0.010159301 -0.0308831 0.052911201
v 0.010108644 -0.0308831 0.052899308
v 0.010065874 -0.0308831 0.052878923
v 0.010031542 -0.0308831 0.052849646
v 0.010004275 -0.0308831 0.052810841
v 0.0099831003 -0.0308831 0.052762799
v 0.0099831003 -0.032807751 0.052762799
v 0.010004584 -0.032807751 0.052811403
v 0.010032234 -0.032807751 0.052850413
v 0.010066663 -0.032807751 0.052879429
v 0.010109097 -0.032807751 0.052899451
v 0.010159301 -0.032807751 0.052911201
v 0.0132595 -0.0292731 0.045248799
v 0.013279898 -0.0292731 0.045254116
v 0.013056375 -0.0292731 0.045347772
v 0.012576048 -0.0292731 0.045439129
v 0.012460285 -0.0292731 0.045646539
v 0.01248201 -0.0292731 0.045966954
v 0.012537 -0.0292731 0.046556301
v 0.012537 -0.0292731 0.050143399
v 0.012790861 -0.0292731 0.050322933
v 0.01314401 -0.0292731 0.050328312
v 0.013455532 -0.0292731 0.0503441
v 0.013679055 -0.0292731 0.050415187
v 0.0136438 -0.0292731 0.050439801
v 0.0118677 -0.0292731 0.052400799
v 0.011690036 -0.0292731 0.052615037
v 0.01157071 -0.0292731 0.052725511
v 0.0112432 -0.0292731 0.052911201
v 0.010159301 -0.0292731 0.052911201
v 0.010109097 -0.0292731 0.052899451
v 0.010066663 -0.0292731 0.052879429
v 0.010032234 -0.0292731 0.052850413
v 0.010004584 -0.0292731 0.052811403
v 0.0099831003 -0.0292731 0.052762799
v 0.0099831003 -0.0292731 0.045018902
v 0.0099753118 -0.0292731 0.04459372
v 0.010146 -0.0292731 0.0443256
v 0.0112432 -0.04148705 0.052911201
v 0.010159301 -0.04148705 0.052911201
v 0.010159301 -0.043411698 0.052911201
v 0.0112432 -0.043411698 0.052911201
v -0.010159301 -0.045021701 0.052911201
v -0.0112432 -0.045021701 0.052911201
v -0.0112432 -0.046946349 0.052911201
v -0.010159301 -0.046946349 0.052911201
v -0.0099831003 0.04334455 0.052762799
v -0.010004275 0.04334455 0.052810841
v -0.010031542 0.04334455 0.052849646
v -0.010065874 0.04334455 0.052878923
v -0.010108644 0.04334455 0.052899308
v -0.010159301 0.04334455 0.052911201
v -0.010159301 0.041419902 0.052911201
v -0.010109097 0.041419902 0.052899451
v -0.010066663 0.041419902 0.052879429
v -0.010032234 0.041419902 0.052850413
v -0.010004584 0.041419902 0.052811403
v -0.0099831003 0.041419902 0.052762799
v -0.0099831003 0.025671301 0.045018902
v -0.0099831003 0.025671301 0.052762799
v -0.0099831003 0.02374665 0.052762799
v -0.0099831003 0.02374665 0.045018902
v -0.0118677 0.025671301 0.052400799
v -0.0136438 0.025671301 0.050439801
v -0.0136438 0.02374665 0.050439801
v -0.0118677 0.02374665 0.052400799
v -0.0112432 0.04334455 0.052911201
v -0.01157071 0.04334455 0.052725511
v -0.011690036 0.04334455 0.052615037
v -0.0118677 0.04334455 0.052400799
v -0.0118677 0.041419902 0.052400799
v -0.011690036 0.041419902 0.052615037
v -0.01157071 0.041419902 0.052725511
v -0.0112432 0.041419902 0.052911201
v -0.0100994 0.029205949 0.069446001
v -0.013346953 0.029205949 0.070406981
v -0.013275433 0.029205949 0.070470557
v -0.013058031 0.029205949 0.070489669
v -0.0124895 0.029205949 0.070624099
v -0.0124895 0.029205949 0.072159901
v -0.012529178 0.029205949 0.073051796
v -0.012516537 0.029205949 0.073522558
v -0.012507082 0.029205949 0.073872852
v -0.0100087 0.029205949 0.0716045
v -0.0100087 0.029205949 0.071480498
v -0.0100015 0.029205949 0.069539199
v -0.0099831003 -0.04148705 0.045018902
v -0.0099831003 -0.04148705 0.052762799
v -0.0099831003 -0.043411698 0.052762799
v -0.0099831003 -0.043411698 0.045018902
v -0.0118677 -0.04148705 0.052400799
v -0.0136438 -0.04148705 0.050439801
v -0.0136438 -0.043411698 0.050439801
v -0.0118677 -0.043411698 0.052400799
v -0.0118677 -0.027348449 0.052400799
v -0.0136438 -0.027348449 0.050439801
v -0.0136438 -0.0292731 0.050439801
v -0.0118677 -0.0292731 0.052400799
v -0.0099831003 -0.0308831 0.045018902
v -0.0099831003 -0.0308831 0.052762799
v -0.0099831003 -0.032807751 0.052762799
v -0.0099831003 -0.032807751 0.045018902
v -0.0099831003 -0.0308831 0.052762799
v -0.010004275 -0.0308831 0.052810841
v -0.010031542 -0.0308831 0.052849646
v -0.010065874 -0.0308831 0.052878923
v -0.010108644 -0.0308831 0.052899308
v -0.010159301 -0.0308831 0.052911201
v -0.010159301 -0.032807751 0.052911201
v -0.010109097 -0.032807751 0.052899451
v -0.010066663 -0.032807751 0.052879429
v -0.010032234 -0.032807751 0.052850413
v -0.010004584 -0.032807751 0.052811403
v -0.0099831003 -0.032807751 0.052762799
v -0.0124895 0.044954548 0.072159901
v -0.0124895 0.04334455 0.072159901
v -0.0124895 0.04334455 0.070624099
v -0.0124895 0.044954548 0.070624099
v -0.0118677 0.01506735 0.052400799
v -0.0136438 0.01506735 0.050439801
v -0.0136438 0.0131427 0.050439801
v -0.0118677 0.0131427 0.052400799
v -0.013279898 0.018602 0.045254116
v -0.013279898 0.020211999 0.045254116
v -0.013056375 0.020211999 0.045347772
v -0.012576048 0.020211999 0.045439129
v -0.012460285 0.020211999 0.045646539
v -0.01248201 0.020211999 0.045966954
v -0.012537 0.020211999 0.046556301
v -0.012537 0.018602 0.046556301
v -0.01248201 0.018602 0.045966954
v -0.012460285 0.018602 0.045646539
v -0.012576048 0.018602 0.045439129
v -0.013056375 0.018602 0.045347772
v -0.0132595 -0.0026058999 0.045248799
v -0.010146 -0.0026058999 0.0443256
v -0.010146 -0.0045305499 0.0443256
v -0.0132595 -0.0045305499 0.045248799
v -0.009996503 0.00092874996 0.052795639
v -0.009996503 -0.00099590003 0.052795639
v -0.0099831003 -0.00099590003 0.052762799
v -0.0099831003 0.00092874996 0.052762799
v -0.0101869 0.00092874996 0.0527597
v -0.010140328 0.00092874996 0.052750783
v -0.010087509 0.00092874996 0.052750726
v -0.010037535 0.00092874996 0.052766175
v -0.009996503 0.00092874996 0.052795639
v -0.0099831003 0.00092874996 0.052762799
v -0.0099831003 0.00092874996 0.045018902
v -0.0099759024 0.00092874996 0.04459084
v -0.010146 0.00092874996 0.0443256
v -0.0132595 0.00092874996 0.045248799
v -0.013279898 0.00092874996 0.045254116
v -0.013056375 0.00092874996 0.045347772
v -0.012576048 0.00092874996 0.045439129
v -0.012460285 0.00092874996 0.045646539
v -0.01248201 0.00092874996 0.045966954
v -0.012537 0.00092874996 0.046556301
v -0.012537 0.00092874996 0.050143399
v -0.012730563 0.00092874996 0.050304651
v -0.013000251 0.00092874996 0.050337563
v -0.013506233 0.00092874996 0.050361061
v -0.011427799 0.00092874996 0.052648401
v -0.01122 0.00092874996 0.0527597
v -0.01308709 0.00092874996 0.070487943
v -0.0100936 0.00092874996 0.069606099
v -0.0100936 0.00093149997 0.069606099
v -0.01308709 0.00093149997 0.070487943
v -0.0100087 0.02213665 0.071480498
v -0.0100087 0.02213665 0.0716045
v -0.0100087 0.020211999 0.0716045
v -0.0100087 0.020211999 0.071480498
v -0.012507082 0.02374665 0.073872852
v -0.012507082 0.02213665 0.073872852
v -0.012516537 0.02213665 0.073522558
v -0.012529178 0.02213665 0.073051796
v -0.0124895 0.02213665 0.072159901
v -0.0124895 0.02374665 0.072159901
v -0.012529178 0.02374665 0.073051796
v -0.012516537 0.02374665 0.073522558
v -0.013346953 0.02213665 0.070406981
v -0.013346953 0.02374665 0.070406981
v -0.013275433 0.02374665 0.070470557
v -0.013058031 0.02374665 0.070489669
v -0.0124895 0.02374665 0.070624099
v -0.0124895 0.02213665 0.070624099
v -0.013058031 0.02213665 0.070489669
v -0.013275433 0.02213665 0.070470557
v -0.0100994 0.029205949 0.069446001
v -0.0100015 0.029205949 0.069539199
v -0.0100015 0.027281301 0.069539199
v -0.0100994 0.027281301 0.069446001
v -0.0100994 0.01506735 0.069446001
v -0.013346953 0.01506735 0.070406981
v -0.013275433 0.01506735 0.070470557
v -0.013058031 0.01506735 0.070489669
v -0.0124895 0.01506735 0.070624099
v -0.0124895 0.01506735 0.072159901
v -0.012529178 0.01506735 0.073051796
v -0.012516537 0.01506735 0.073522558
v -0.012507082 0.01506735 0.073872852
v -0.0100087 0.01506735 0.0716045
v -0.0100087 0.01506735 0.071480498
v -0.0100015 0.01506735 0.069539199
v -0.01122 -0.01866915 0.0527597
v -0.0101869 -0.01866915 0.0527597
v -0.0101869 -0.01867175 0.0527597
v -0.01122 -0.01867175 0.0527597
v -0.01308709 0.00092874996 0.070487943
v -0.01308709 0.00093149997 0.070487943
v -0.013264936 0.00093149997 0.070472698
v -0.013346953 0.00093149997 0.070406981
v -0.013346953 0.0025387499 0.070406981
v -0.013275433 0.0025387499 0.070470557
v -0.013058031 0.0025387499 0.070489669
v -0.0124895 0.0025387499 0.070624099
v -0.0124895 0.00092874996 0.070624099
v -0.012689248 0.00092874996 0.070548701
v -0.01289251 0.00092874996 0.070505438
v -0.013679055 0.00093149997 0.050415187
v -0.013506233 0.00093149997 0.050361061
v -0.013506233 0.00092874996 0.050361061
v -0.013000251 0.00092874996 0.050337563
v -0.012730563 0.00092874996 0.050304651
v -0.012537 0.00092874996 0.050143399
v -0.012537 0.0025387499 0.050143399
v -0.012790861 0.0025387499 0.050322933
v -0.01314401 0.0025387499 0.050328312
v -0.013455532 0.0025387499 0.0503441
v -0.013679055 0.0025387499 0.050415187
v -0.013679055 -0.00099849999 0.050415187
v -0.013506233 -0.00099849999 0.050361061
v -0.011427799 -0.00099849999 0.052648401
v -0.01122 -0.00099849999 0.0527597
v -0.0101869 -0.00099849999 0.0527597
v -0.010135024 -0.00099849999 0.052750258
v -0.010087583 -0.00099849999 0.052750711
v -0.010045217 -0.00099849999 0.052762499
v -0.010007933 -0.00099849999 0.052785635
v -0.0099751002 -0.00099849999 0.052818699
v -0.0099751002 -0.00099849999 0.069453602
v -0.0100936 -0.00099849999 0.069606099
v -0.01308709 -0.00099849999 0.070487943
v -0.013269511 -0.00099849999 0.070471807
v -0.013346953 -0.00099849999 0.070406981
v -0.0135677 -0.00099849999 0.070472298
v -0.01380402 -0.00099849999 0.070507741
v -0.014022518 -0.00099849999 0.07053812
v -0.014227622 -0.00099849999 0.070568004
v -0.014423757 -0.00099849999 0.070601945
v -0.014615349 -0.00099849999 0.070644507
v -0.0144551 -0.00099849999 0.0704321
v -0.0144551 -0.00099849999 0.0508393
v -0.014436003 -0.00099849999 0.050456262
v -0.014519176 -0.00099849999 0.050126438
v -0.014320619 -0.00099849999 0.05017879
v -0.01414607 -0.00099849999 0.050221028
v -0.013986787 -0.00099849999 0.050265965
v -0.013834029 -0.00099849999 0.050326414
v 0.0017134655 0.025706301 0.018048944
v 0.0017134655 0.027246301 0.018048944
v 0.001600834 0.027246301 0.018055419
v 0.0014591068 0.027246301 0.018031569
v 0.0012983435 0.027246301 0.01801546
v 0.0011228 0.027246301 0.0180231
v 0.0011228 0.025706301 0.0180231
v 0.0012983435 0.025706301 0.01801546
v 0.0014591068 0.025706301 0.018031569
v 0.001600834 0.025706301 0.018055419
v -0.0099831003 -0.045021701 0.052762799
v -0.010004275 -0.045021701 0.052810841
v -0.010031542 -0.045021701 0.052849646
v -0.010065874 -0.045021701 0.052878923
v -0.010108644 -0.045021701 0.052899308
v -0.010159301 -0.045021701 0.052911201
v -0.010159301 -0.046946349 0.052911201
v -0.010109097 -0.046946349 0.052899451
v -0.010066663 -0.046946349 0.052879429
v -0.010032234 -0.046946349 0.052850413
v -0.010004584 -0.046946349 0.052811403
v -0.0099831003 -0.046946349 0.052762799
v -0.013279898 -0.043411698 0.045254116
v -0.0132595 -0.043411698 0.045248799
v -0.010146 -0.043411698 0.0443256
v -0.0099753118 -0.043411698 0.04459372
v -0.0099831003 -0.043411698 0.045018902
v -0.0099831003 -0.043411698 0.052762799
v -0.010004584 -0.043411698 0.052811403
v -0.010032234 -0.043411698 0.052850413
v -0.010066663 -0.043411698 0.052879429
v -0.010109097 -0.043411698 0.052899451
v -0.010159301 -0.043411698 0.052911201
v -0.0112432 -0.043411698 0.052911201
v -0.01157071 -0.043411698 0.052725511
v -0.011690036 -0.043411698 0.052615037
v -0.0118677 -0.043411698 0.052400799
v -0.0136438 -0.043411698 0.050439801
v -0.013679055 -0.043411698 0.050415187
v -0.013455532 -0.043411698 0.0503441
v -0.01314401 -0.043411698 0.050328312
v -0.012790861 -0.043411698 0.050322933
v -0.012537 -0.043411698 0.050143399
v -0.012537 -0.043411698 0.046556301
v -0.01248201 -0.043411698 0.045966954
v -0.012460285 -0.043411698 0.045646539
v -0.012576048 -0.043411698 0.045439129
v -0.013056375 -0.043411698 0.045347772
v -0.013346953 -0.032807751 0.070406981
v -0.0100994 -0.032807751 0.069446001
v -0.0100015 -0.032807751 0.069539199
v -0.0100087 -0.032807751 0.071480498
v -0.0100087 -0.032807751 0.0716045
v -0.012507082 -0.032807751 0.073872852
v -0.012516537 -0.032807751 0.073522558
v -0.012529178 -0.032807751 0.073051796
v -0.0124895 -0.032807751 0.072159901
v -0.0124895 -0.032807751 0.070624099
v -0.013058031 -0.032807751 0.070489669
v -0.013275433 -0.032807751 0.070470557
v -0.0100994 -0.02027915 0.069446001
v -0.013346953 -0.02027915 0.070406981
v -0.013275433 -0.02027915 0.070470557
v -0.013058031 -0.02027915 0.070489669
v -0.0124895 -0.02027915 0.070624099
v -0.0124895 -0.02027915 0.072159901
v -0.012529178 -0.02027915 0.073051796
v -0.012516537 -0.02027915 0.073522558
v -0.012507082 -0.02027915 0.073872852
v -0.0100087 -0.02027915 0.0716045
v -0.0100087 -0.02027915 0.071480498
v -0.0100015 -0.02027915 0.069539199
v -0.013506233 -0.01866915 0.050361061
v -0.011427799 -0.01866915 0.052648401
v -0.011427799 -0.01867175 0.052648401
v -0.013506233 -0.01867175 0.050361061
v -0.013506233 -0.01866915 0.050361061
v -0.013506233 -0.01867175 0.050361061
v -0.013679055 -0.01867175 0.050415187
v -0.013679055 -0.02027915 0.050415187
v -0.013455532 -0.02027915 0.0503441
v -0.01314401 -0.02027915 0.050328312
v -0.012790861 -0.02027915 0.050322933
v -0.012537 -0.02027915 0.050143399
v -0.012537 -0.01866915 0.050143399
v -0.012730563 -0.01866915 0.050304651
v -0.013000251 -0.01866915 0.050337563
v -0.0135677 -0.00099849999 0.070472298
v -0.013346953 -0.00099849999 0.070406981
v -0.013346953 -0.0026058999 0.070406981
v -0.0100994 -0.0026058999 0.069446001
v -0.0100994 -0.0045305499 0.069446001
v -0.013346953 -0.0045305499 0.070406981
v -0.013346953 -0.0061405498 0.070406981
v -0.0100994 -0.0061405498 0.069446001
v -0.0100994 -0.0080651999 0.069446001
v -0.013346953 -0.0080651999 0.070406981
v -0.013346953 -0.0096752 0.070406981
v -0.0100994 -0.0096752 0.069446001
v -0.0100994 -0.011599849 0.069446001
v -0.013346953 -0.011599849 0.070406981
v -0.013346953 -0.01320985 0.070406981
v -0.0100994 -0.01320985 0.069446001
v -0.0100994 -0.0151345 0.069446001
v -0.013346953 -0.0151345 0.070406981
v -0.013346953 -0.01674175 0.070406981
v -0.0135677 -0.01674175 0.070472298
v -0.013346953 -0.045021701 0.070406981
v -0.013346953 -0.043411698 0.070406981
v -0.013275433 -0.043411698 0.070470557
v -0.013058031 -0.043411698 0.070489669
v -0.0124895 -0.043411698 0.070624099
v -0.0124895 -0.045021701 0.070624099
v -0.013058031 -0.045021701 0.070489669
v -0.013275433 -0.045021701 0.070470557
v -0.013346953 -0.043411698 0.070406981
v -0.0100994 -0.043411698 0.069446001
v -0.0100015 -0.043411698 0.069539199
v -0.0100087 -0.043411698 0.071480498
v -0.0100087 -0.043411698 0.0716045
v -0.012507082 -0.043411698 0.073872852
v -0.012516537 -0.043411698 0.073522558
v -0.012529178 -0.043411698 0.073051796
v -0.0124895 -0.043411698 0.072159901
v -0.0124895 -0.043411698 0.070624099
v -0.013058031 -0.043411698 0.070489669
v -0.013275433 -0.043411698 0.070470557
v -0.0100015 -0.045021701 0.069539199
v -0.0100087 -0.045021701 0.071480498
v -0.0100087 -0.046946349 0.071480498
v -0.0100015 -0.046946349 0.069539199
v -0.0100994 -0.045021701 0.069446001
v -0.013346953 -0.045021701 0.070406981
v -0.013275433 -0.045021701 0.070470557
v -0.013058031 -0.045021701 0.070489669
v -0.0124895 -0.045021701 0.070624099
v -0.0124895 -0.045021701 0.072159901
v -0.012529178 -0.045021701 0.073051796
v -0.012516537 -0.045021701 0.073522558
v -0.012507082 -0.045021701 0.073872852
v -0.0100087 -0.045021701 0.0716045
v -0.0100087 -0.045021701 0.071480498
v -0.0100015 -0.045021701 0.069539199
v 0.0124895 -0.045021701 0.072159901
v 0.0124895 -0.043411698 0.072159901
v 0.0124895 -0.043411698 0.070624099
v 0.0124895 -0.045021701 0.070624099
v 0.0099831003 0.0115327 0.052762799
v 0.0099831003 0.0115327 0.045018902
v 0.0099831003 0.00960805 0.045018902
v 0.0099831003 0.00960805 0.052762799
v 0.0136438 0.0115327 0.050439801
v 0.0118677 0.0115327 0.052400799
v 0.0118677 0.00960805 0.052400799
v 0.0136438 0.00960805 0.050439801
v 0.0124895 0.025671301 0.072159901
v 0.0124895 0.027281301 0.072159901
v 0.0124895 0.027281301 0.070624099
v 0.0124895 0.025671301 0.070624099
v 0.0099831003 0.02213665 0.045018902
v 0.0099759024 0.02213665 0.04459084
v 0.010146 0.02213665 0.0443256
v 0.010146 0.020211999 0.0443256
v 0.0099753118 0.020211999 0.04459372
v 0.0099831003 0.020211999 0.045018902
v 0.010159301 0.02213665 0.052911201
v 0.010108644 0.02213665 0.052899308
v 0.010065874 0.02213665 0.052878923
v 0.010031542 0.02213665 0.052849646
v 0.010004275 0.02213665 0.052810841
v 0.0099831003 0.02213665 0.052762799
v 0.0099831003 0.020211999 0.052762799
v 0.010004584 0.020211999 0.052811403
v 0.010032234 0.020211999 0.052850413
v 0.010066663 0.020211999 0.052879429
v 0.010109097 0.020211999 0.052899451
v 0.010159301 0.020211999 0.052911201
v 0.0100087 0.0115327 0.071480498
v 0.0100015 0.0115327 0.069539199
v 0.0100015 0.00960805 0.069539199
v 0.0100087 0.00960805 0.071480498
v 0.013346953 0.0115327 0.070406981
v 0.0100994 0.0115327 0.069446001
v 0.0100015 0.0115327 0.069539199
v 0.0100087 0.0115327 0.071480498
v 0.0100087 0.0115327 0.0716045
v 0.012507082 0.0115327 0.073872852
v 0.012516537 0.0115327 0.073522558
v 0.012529178 0.0115327 0.073051796
v 0.0124895 0.0115327 0.072159901
v 0.0124895 0.0115327 0.070624099
v 0.013058031 0.0115327 0.070489669
v 0.013275433 0.0115327 0.070470557
v 0.0124895 0.0044633999 0.072159901
v 0.0124895 0.0060733998 0.072159901
v 0.0124895 0.0060733998 0.070624099
v 0.0124895 0.0044633999 0.070624099
v 0.0100994 0.0060733998 0.069446001
v 0.013346953 0.0060733998 0.070406981
v 0.013275433 0.0060733998 0.070470557
v 0.013058031 0.0060733998 0.070489669
v 0.0124895 0.0060733998 0.070624099
v 0.0124895 0.0060733998 0.072159901
v 0.012529178 0.0060733998 0.073051796
v 0.012516537 0.0060733998 0.073522558
v 0.012507082 0.0060733998 0.073872852
v 0.0100087 0.0060733998 0.0716045
v 0.0100087 0.0060733998 0.071480498
v 0.0100015 0.0060733998 0.069539199
v 0.0136438 0.0044633999 0.050439801
v 0.0118677 0.0044633999 0.052400799
v 0.0118677 0.0025387499 0.052400799
v 0.0136438 0.0025387499 0.050439801
v 0.0099831003 0.00092874996 0.045018902
v 0.0099759024 0.00092874996 0.04459084
v 0.010146 0.00092874996 0.0443256
v 0.010146 -0.00099590003 0.0443256
v 0.0099753118 -0.00099590003 0.04459372
v 0.0099831003 -0.00099590003 0.045018902
v 0.012507082 0.00092874996 0.073872852
v 0.012507082 0.0025387499 0.073872852
v 0.012516537 0.0025387499 0.073522558
v 0.012529178 0.0025387499 0.073051796
v 0.0124895 0.0025387499 0.072159901
v 0.0124895 0.00092874996 0.072159901
v 0.012529178 0.00092874996 0.073051796
v 0.012516537 0.00092874996 0.073522558
v 0.0099831003 -0.0026058999 0.045018902
v 0.0099759024 -0.0026058999 0.04459084
v 0.010146 -0.0026058999 0.0443256
v 0.010146 -0.0045305499 0.0443256
v 0.0099753118 -0.0045305499 0.04459372
v 0.0099831003 -0.0045305499 0.045018902
v 0.012507082 -0.0026058999 0.073872852
v 0.012507082 -0.00099590003 0.073872852
v 0.012516537 -0.00099590003 0.073522558
v 0.012529178 -0.00099590003 0.073051796
v 0.0124895 -0.00099590003 0.072159901
v 0.0124895 -0.0026058999 0.072159901
v 0.012529178 -0.0026058999 0.073051796
v 0.012516537 -0.0026058999 0.073522558
v 0.0118677 -0.0308831 0.052400799
v 0.011690036 -0.0308831 0.052615037
v 0.01157071 -0.0308831 0.052725511
v 0.0112432 -0.0308831 0.052911201
v 0.0112432 -0.032807751 0.052911201
v 0.01157071 -0.032807751 0.052725511
v 0.011690036 -0.032807751 0.052615037
v 0.0118677 -0.032807751 0.052400799
v 0.013679055 -0.0308831 0.050415187
v 0.013679055 -0.0292731 0.050415187
v 0.013455532 -0.0292731 0.0503441
v 0.01314401 -0.0292731 0.050328312
v 0.012790861 -0.0292731 0.050322933
v 0.012537 -0.0292731 0.050143399
v 0.012537 -0.0308831 0.050143399
v 0.012790861 -0.0308831 0.050322933
v 0.01314401 -0.0308831 0.050328312
v 0.013455532 -0.0308831 0.0503441
v 0.0100936 -0.0167445 0.069606099
v 0.010024558 -0.0167445 0.06951725
v 0.0100015 -0.0167445 0.069539199
v 0.0100087 -0.0167445 0.071480498
v 0.0100087 -0.0167445 0.0716045
v 0.012507082 -0.0167445 0.073872852
v 0.012516537 -0.0167445 0.073522558
v 0.012529178 -0.0167445 0.073051796
v 0.0124895 -0.0167445 0.072159901
v 0.0124895 -0.0167445 0.070624099
v 0.012689248 -0.0167445 0.070548701
v 0.01289251 -0.0167445 0.070505438
v 0.01308709 -0.0167445 0.070487943
v 0.0100087 -0.023813801 0.071480498
v 0.0100015 -0.023813801 0.069539199
v 0.0100015 -0.025738449 0.069539199
v 0.0100087 -0.025738449 0.071480498
v 0.013346953 -0.023813801 0.070406981
v 0.0100994 -0.023813801 0.069446001
v 0.0100015 -0.023813801 0.069539199
v 0.0100087 -0.023813801 0.071480498
v 0.0100087 -0.023813801 0.0716045
v 0.012507082 -0.023813801 0.073872852
v 0.012516537 -0.023813801 0.073522558
v 0.012529178 -0.023813801 0.073051796
v 0.0124895 -0.023813801 0.072159901
v 0.0124895 -0.023813801 0.070624099
v 0.013058031 -0.023813801 0.070489669
v 0.013275433 -0.023813801 0.070470557
v 0.0124895 -0.0308831 0.072159901
v 0.0124895 -0.0292731 0.072159901
v 0.0124895 -0.0292731 0.070624099
v 0.0124895 -0.0308831 0.070624099
v 0.0100994 -0.0292731 0.069446001
v 0.013346953 -0.0292731 0.070406981
v 0.013275433 -0.0292731 0.070470557
v 0.013058031 -0.0292731 0.070489669
v 0.0124895 -0.0292731 0.070624099
v 0.0124895 -0.0292731 0.072159901
v 0.012529178 -0.0292731 0.073051796
v 0.012516537 -0.0292731 0.073522558
v 0.012507082 -0.0292731 0.073872852
v 0.0100087 -0.0292731 0.0716045
v 0.0100087 -0.0292731 0.071480498
v 0.0100015 -0.0292731 0.069539199
v 0.010159301 -0.02027915 0.052911201
v 0.010108644 -0.02027915 0.052899308
v 0.010065874 -0.02027915 0.052878923
v 0.010031542 -0.02027915 0.052849646
v 0.010004275 -0.02027915 0.052810841
v 0.0099831003 -0.02027915 0.052762799
v 0.0099831003 -0.022203801 0.052762799
v 0.010004584 -0.022203801 0.052811403
v 0.010032234 -0.022203801 0.052850413
v 0.010066663 -0.022203801 0.052879429
v 0.010109097 -0.022203801 0.052899451
v 0.010159301 -0.022203801 0.052911201
v 0.012537 -0.02027915 0.050143399
v 0.012537 -0.01866915 0.050143399
v 0.012537 -0.01866915 0.046556301
v 0.012537 -0.02027915 0.046556301
v 0.010024558 -0.0167445 0.06951725
v 0.010024558 -0.01866915 0.06951725
v 0.0100015 -0.01866915 0.069539199
v 0.0100015 -0.0167445 0.069539199
v 0.0132595 -0.0151345 0.045248799
v 0.013279898 -0.0151345 0.045254116
v 0.013056375 -0.0151345 0.045347772
v 0.012576048 -0.0151345 0.045439129
v 0.012460285 -0.0151345 0.045646539
v 0.01248201 -0.0151345 0.045966954
v 0.012537 -0.0151345 0.046556301
v 0.012537 -0.0151345 0.050143399
v 0.012790861 -0.0151345 0.050322933
v 0.01314401 -0.0151345 0.050328312
v 0.013455532 -0.0151345 0.0503441
v 0.013679055 -0.0151345 0.050415187
v 0.0136438 -0.0151345 0.050439801
v 0.0118677 -0.0151345 0.052400799
v 0.011690036 -0.0151345 0.052615037
v 0.01157071 -0.0151345 0.052725511
v 0.0112432 -0.0151345 0.052911201
v 0.010159301 -0.0151345 0.052911201
v 0.010109097 -0.0151345 0.052899451
v 0.010066663 -0.0151345 0.052879429
v 0.010032234 -0.0151345 0.052850413
v 0.010004584 -0.0151345 0.052811403
v 0.0099831003 -0.0151345 0.052762799
v 0.0099831003 -0.0151345 0.045018902
v 0.0099753118 -0.0151345 0.04459372
v 0.010146 -0.0151345 0.0443256
v 0.0100994 -0.0151345 0.069446001
v 0.013346953 -0.0151345 0.070406981
v 0.013275433 -0.0151345 0.070470557
v 0.013058031 -0.0151345 0.070489669
v 0.0124895 -0.0151345 0.070624099
v 0.0124895 -0.0151345 0.072159901
v 0.012529178 -0.0151345 0.073051796
v 0.012516537 -0.0151345 0.073522558
v 0.012507082 -0.0151345 0.073872852
v 0.0100087 -0.0151345 0.0716045
v 0.0100087 -0.0151345 0.071480498
v 0.0100015 -0.0151345 0.069539199
v 0.0099831003 -0.04148705 0.052762799
v 0.0099831003 -0.04148705 0.045018902
v 0.0099831003 -0.043411698 0.045018902
v 0.0099831003 -0.043411698 0.052762799
v 0.0099831003 -0.0308831 0.052762799
v 0.0099831003 -0.0308831 0.045018902
v 0.0099831003 -0.032807751 0.045018902
v 0.0099831003 -0.032807751 0.052762799
v 0.012537 -0.0308831 0.050143399
v 0.012537 -0.0292731 0.050143399
v 0.012537 -0.0292731 0.046556301
v 0.012537 -0.0308831 0.046556301
v 0.013279898 -0.0292731 0.045254116
v 0.013279898 -0.0308831 0.045254116
v 0.013056375 -0.0308831 0.045347772
v 0.012576048 -0.0308831 0.045439129
v 0.012460285 -0.0308831 0.045646539
v 0.01248201 -0.0308831 0.045966954
v 0.012537 -0.0308831 0.046556301
v 0.012537 -0.0292731 0.046556301
v 0.01248201 -0.0292731 0.045966954
v 0.012460285 -0.0292731 0.045646539
v 0.012576048 -0.0292731 0.045439129
v 0.013056375 -0.0292731 0.045347772
v 0.0118677 -0.04148705 0.052400799
v 0.011690036 -0.04148705 0.052615037
v 0.01157071 -0.04148705 0.052725511
v 0.0112432 -0.04148705 0.052911201
v 0.0112432 -0.043411698 0.052911201
v 0.01157071 -0.043411698 0.052725511
v 0.011690036 -0.043411698 0.052615037
v 0.0118677 -0.043411698 0.052400799
v 0.0112432 0.025671301 0.052911201
v 0.010159301 0.025671301 0.052911201
v 0.010159301 0.02374665 0.052911201
v 0.0112432 0.02374665 0.052911201
v 0.0118677 0.025671301 0.052400799
v 0.011690036 0.025671301 0.052615037
v 0.01157071 0.025671301 0.052725511
v 0.0112432 0.025671301 0.052911201
v 0.0112432 0.02374665 0.052911201
v 0.01157071 0.02374665 0.052725511
v 0.011690036 0.02374665 0.052615037
v 0.0118677 0.02374665 0.052400799
v -0.0112432 -0.045021701 0.052911201
v -0.01157071 -0.045021701 0.052725511
v -0.011690036 -0.045021701 0.052615037
v -0.0118677 -0.045021701 0.052400799
v -0.0118677 -0.046946349 0.052400799
v -0.011690036 -0.046946349 0.052615037
v -0.01157071 -0.046946349 0.052725511
v -0.0112432 -0.046946349 0.052911201
v -0.013679055 -0.043411698 0.050415187
v -0.013679055 -0.045021701 0.050415187
v -0.013455532 -0.045021701 0.0503441
v -0.01314401 -0.045021701 0.050328312
v -0.012790861 -0.045021701 0.050322933
v -0.012537 -0.045021701 0.050143399
v -0.012537 -0.043411698 0.050143399
v -0.012790861 -0.043411698 0.050322933
v -0.01314401 -0.043411698 0.050328312
v -0.013455532 -0.043411698 0.0503441
v -0.0099831003 0.04334455 0.045018902
v -0.0099831003 0.04334455 0.052762799
v -0.0099831003 0.041419902 0.052762799
v -0.0099831003 0.041419902 0.045018902
v -0.012537 0.027281301 0.050143399
v -0.012537 0.025671301 0.050143399
v -0.012537 0.025671301 0.046556301
v -0.012537 0.027281301 0.046556301
v -0.010146 0.025671301 0.0443256
v -0.0099759024 0.025671301 0.04459084
v -0.0099831003 0.025671301 0.045018902
v -0.0099831003 0.02374665 0.045018902
v -0.0099753118 0.02374665 0.04459372
v -0.010146 0.02374665 0.0443256
v -0.0099831003 0.039809899 0.045018902
v -0.0099831003 0.039809899 0.052762799
v -0.0099831003 0.037885251 0.052762799
v -0.0099831003 0.037885251 0.045018902
v -0.013279898 0.039809899 0.045254116
v -0.013279898 0.041419902 0.045254116
v -0.013056375 0.041419902 0.045347772
v -0.012576048 0.041419902 0.045439129
v -0.012460285 0.041419902 0.045646539
v -0.01248201 0.041419902 0.045966954
v -0.012537 0.041419902 0.046556301
v -0.012537 0.039809899 0.046556301
v -0.01248201 0.039809899 0.045966954
v -0.012460285 0.039809899 0.045646539
v -0.012576048 0.039809899 0.045439129
v -0.013056375 0.039809899 0.045347772
v -0.013346953 0.029205949 0.070406981
v -0.013346953 0.030815949 0.070406981
v -0.013275433 0.030815949 0.070470557
v -0.013058031 0.030815949 0.070489669
v -0.0124895 0.030815949 0.070624099
v -0.0124895 0.029205949 0.070624099
v -0.013058031 0.029205949 0.070489669
v -0.013275433 0.029205949 0.070470557
v -0.012537 0.044954548 0.050143399
v -0.012537 0.04334455 0.050143399
v -0.012537 0.04334455 0.046556301
v -0.012537 0.044954548 0.046556301
v -0.012537 -0.03987705 0.050143399
v -0.012537 -0.04148705 0.050143399
v -0.012537 -0.04148705 0.046556301
v -0.012537 -0.03987705 0.046556301
v -0.010146 -0.04148705 0.0443256
v -0.0099759024 -0.04148705 0.04459084
v -0.0099831003 -0.04148705 0.045018902
v -0.0099831003 -0.043411698 0.045018902
v -0.0099753118 -0.043411698 0.04459372
v -0.010146 -0.043411698 0.0443256
v -0.013279898 -0.0292731 0.045254116
v -0.0132595 -0.0292731 0.045248799
v -0.010146 -0.0292731 0.0443256
v -0.0099753118 -0.0292731 0.04459372
v -0.0099831003 -0.0292731 0.045018902
v -0.0099831003 -0.0292731 0.052762799
v -0.010004584 -0.0292731 0.052811403
v -0.010032234 -0.0292731 0.052850413
v -0.010066663 -0.0292731 0.052879429
v -0.010109097 -0.0292731 0.052899451
v -0.010159301 -0.0292731 0.052911201
v -0.0112432 -0.0292731 0.052911201
v -0.01157071 -0.0292731 0.052725511
v -0.011690036 -0.0292731 0.052615037
v -0.0118677 -0.0292731 0.052400799
v -0.0136438 -0.0292731 0.050439801
v -0.013679055 -0.0292731 0.050415187
v -0.013455532 -0.0292731 0.0503441
v -0.01314401 -0.0292731 0.050328312
v -0.012790861 -0.0292731 0.050322933
v -0.012537 -0.0292731 0.050143399
v -0.012537 -0.0292731 0.046556301
v -0.01248201 -0.0292731 0.045966954
v -0.012460285 -0.0292731 0.045646539
v -0.012576048 -0.0292731 0.045439129
v -0.013056375 -0.0292731 0.045347772
v -0.010146 -0.0308831 0.0443256
v -0.0099759024 -0.0308831 0.04459084
v -0.0099831003 -0.0308831 0.045018902
v -0.0099831003 -0.032807751 0.045018902
v -0.0099753118 -0.032807751 0.04459372
v -0.010146 -0.032807751 0.0443256
v -0.010159301 -0.0308831 0.052911201
v -0.0112432 -0.0308831 0.052911201
v -0.0112432 -0.032807751 0.052911201
v -0.010159301 -0.032807751 0.052911201
v -0.0100087 0.04334455 0.071480498
v -0.0100087 0.04334455 0.0716045
v -0.0100087 0.041419902 0.0716045
v -0.0100087 0.041419902 0.071480498
v -0.012507082 0.044954548 0.073872852
v -0.012507082 0.04334455 0.073872852
v -0.012516537 0.04334455 0.073522558
v -0.012529178 0.04334455 0.073051796
v -0.0124895 0.04334455 0.072159901
v -0.0124895 0.044954548 0.072159901
v -0.012529178 0.044954548 0.073051796
v -0.012516537 0.044954548 0.073522558
v -0.0112432 0.01506735 0.052911201
v -0.01157071 0.01506735 0.052725511
v -0.011690036 0.01506735 0.052615037
v -0.0118677 0.01506735 0.052400799
v -0.0118677 0.0131427 0.052400799
v -0.011690036 0.0131427 0.052615037
v -0.01157071 0.0131427 0.052725511
v -0.0112432 0.0131427 0.052911201
v -0.011427799 -0.00099590003 0.052648401
v -0.013506233 -0.00099590003 0.050361061
v -0.013000251 -0.00099590003 0.050337563
v -0.012730563 -0.00099590003 0.050304651
v -0.012537 -0.00099590003 0.050143399
v -0.012537 -0.00099590003 0.046556301
v -0.01248201 -0.00099590003 0.045966954
v -0.012460285 -0.00099590003 0.045646539
v -0.012576048 -0.00099590003 0.045439129
v -0.013056375 -0.00099590003 0.045347772
v -0.013279898 -0.00099590003 0.045254116
v -0.0132595 -0.00099590003 0.045248799
v -0.010146 -0.00099590003 0.0443256
v -0.0099753118 -0.00099590003 0.04459372
v -0.0099831003 -0.00099590003 0.045018902
v -0.0099831003 -0.00099590003 0.052762799
v -0.009996503 -0.00099590003 0.052795639
v -0.010037916 -0.00099590003 0.05276598
v -0.010088151 -0.00099590003 0.05275064
v -0.010141007 -0.00099590003 0.052750854
v -0.0101869 -0.00099590003 0.0527597
v -0.01122 -0.00099590003 0.0527597
v -0.013506233 0.00092874996 0.050361061
v -0.013506233 0.00093149997 0.050361061
v -0.011427799 0.00093149997 0.052648401
v -0.011427799 0.00092874996 0.052648401
v -0.0124895 0.020211999 0.072159901
v -0.0124895 0.018602 0.072159901
v -0.0124895 0.018602 0.070624099
v -0.0124895 0.020211999 0.070624099
v -0.0100087 0.018602 0.071480498
v -0.0100087 0.018602 0.0716045
v -0.0100087 0.01667735 0.0716045
v -0.0100087 0.01667735 0.071480498
v -0.0100015 0.02213665 0.069539199
v -0.0100087 0.02213665 0.071480498
v -0.0100087 0.020211999 0.071480498
v -0.0100015 0.020211999 0.069539199
v -0.0100994 0.02213665 0.069446001
v -0.013346953 0.02213665 0.070406981
v -0.013275433 0.02213665 0.070470557
v -0.013058031 0.02213665 0.070489669
v -0.0124895 0.02213665 0.070624099
v -0.0124895 0.02213665 0.072159901
v -0.012529178 0.02213665 0.073051796
v -0.012516537 0.02213665 0.073522558
v -0.012507082 0.02213665 0.073872852
v -0.0100087 0.02213665 0.0716045
v -0.0100087 0.02213665 0.071480498
v -0.0100015 0.02213665 0.069539199
v -0.013346953 0.030815949 0.070406981
v -0.0100994 0.030815949 0.069446001
v -0.0100015 0.030815949 0.069539199
v -0.0100087 0.030815949 0.071480498
v -0.0100087 0.030815949 0.0716045
v -0.012507082 0.030815949 0.073872852
v -0.012516537 0.030815949 0.073522558
v -0.012529178 0.030815949 0.073051796
v -0.0124895 0.030815949 0.072159901
v -0.0124895 0.030815949 0.070624099
v -0.013058031 0.030815949 0.070489669
v -0.013275433 0.030815949 0.070470557
v -0.010024558 0.018602 0.06951725
v -0.0100936 0.018602 0.069606099
v -0.01308709 0.018602 0.070487943
v -0.01289251 0.018602 0.070505438
v -0.012689248 0.018602 0.070548701
v -0.0124895 0.018602 0.070624099
v -0.0124895 0.018602 0.072159901
v -0.012529178 0.018602 0.073051796
v -0.012516537 0.018602 0.073522558
v -0.012507082 0.018602 0.073872852
v -0.0100087 0.018602 0.0716045
v -0.0100087 0.018602 0.071480498
v -0.0100015 0.018602 0.069539199
v -0.01308709 0.01667475 0.070487943
v -0.01308709 0.01667735 0.070487943
v -0.01289251 0.01667735 0.070505438
v -0.012689248 0.01667735 0.070548701
v -0.0124895 0.01667735 0.070624099
v -0.0124895 0.01506735 0.070624099
v -0.013058031 0.01506735 0.070489669
v -0.013275433 0.01506735 0.070470557
v -0.013346953 0.01506735 0.070406981
v -0.013346953 0.01667475 0.070406981
v -0.013269511 0.01667475 0.070471807
v -0.0101869 -0.0167445 0.0527597
v -0.01122 -0.0167445 0.0527597
v -0.01122 -0.01674175 0.0527597
v -0.0101869 -0.01674175 0.0527597
v -0.013506233 -0.00099590003 0.050361061
v -0.013506233 -0.00099849999 0.050361061
v -0.013679055 -0.00099849999 0.050415187
v -0.013679055 -0.0026058999 0.050415187
v -0.013455532 -0.0026058999 0.0503441
v -0.01314401 -0.0026058999 0.050328312
v -0.012790861 -0.0026058999 0.050322933
v -0.012537 -0.0026058999 0.050143399
v -0.012537 -0.00099590003 0.050143399
v -0.012730563 -0.00099590003 0.050304651
v -0.013000251 -0.00099590003 0.050337563
v -0.014615349 -0.00099849999 0.070644507
v -0.014615349 0.00093149997 0.070644507
v -0.0144551 0.00093149997 0.0704321
v -0.0144551 -0.00099849999 0.0704321
v 0.00016759999 0.027246301 0.0196112
v -0.00040560942 0.027246301 0.019570636
v -0.00078882322 0.027246301 0.019425513
v -0.0012416627 0.027246301 0.019078451
v -0.0015484141 0.027246301 0.018635591
v -0.0017099179 0.027246301 0.018018194
v -0.0015623884 0.027246301 0.018085564
v -0.0013489805 0.027246301 0.018055273
v -0.0008783 0.027246301 0.0180231
v 0.0011228 0.027246301 0.0180231
v 0.0012983435 0.027246301 0.01801546
v 0.0014591068 0.027246301 0.018031569
v 0.001600834 0.027246301 0.018055419
v 0.0017134655 0.027246301 0.018048944
v 0.0014943719 0.027246301 0.018742309
v 0.0010458807 0.027246301 0.019259725
v 0.0006170452 0.027246301 0.019503553
v -0.0099831003 -0.045021701 0.045018902
v -0.0099831003 -0.045021701 0.052762799
v -0.0099831003 -0.046946349 0.052762799
v -0.0099831003 -0.046946349 0.045018902
v -0.012537 -0.043411698 0.050143399
v -0.012537 -0.045021701 0.050143399
v -0.012537 -0.045021701 0.046556301
v -0.012537 -0.043411698 0.046556301
v -0.013279898 -0.045021701 0.045254116
v -0.013279898 -0.043411698 0.045254116
v -0.013056375 -0.043411698 0.045347772
v -0.012576048 -0.043411698 0.045439129
v -0.012460285 -0.043411698 0.045646539
v -0.01248201 -0.043411698 0.045966954
v -0.012537 -0.043411698 0.046556301
v -0.012537 -0.045021701 0.046556301
v -0.01248201 -0.045021701 0.045966954
v -0.012460285 -0.045021701 0.045646539
v -0.012576048 -0.045021701 0.045439129
v -0.013056375 -0.045021701 0.045347772
v -0.01308709 -0.01867175 0.070487943
v -0.01308709 -0.01866915 0.070487943
v -0.01289251 -0.01866915 0.070505438
v -0.012689248 -0.01866915 0.070548701
v -0.0124895 -0.01866915 0.070624099
v -0.0124895 -0.02027915 0.070624099
v -0.013058031 -0.02027915 0.070489669
v -0.013275433 -0.02027915 0.070470557
v -0.013346953 -0.02027915 0.070406981
v -0.013346953 -0.01867175 0.070406981
v -0.013269511 -0.01867175 0.070471807
v -0.014519176 -0.01674175 0.050126438
v -0.014519176 -0.01867175 0.050126438
v -0.014436003 -0.01867175 0.050456262
v -0.0144551 -0.01867175 0.0508393
v -0.0144551 -0.01674175 0.0508393
v -0.014436003 -0.01674175 0.050456262
v -0.013679055 -0.01674175 0.050415187
v -0.014180055 -0.01674175 0.050207658
v -0.014519176 -0.01674175 0.050126438
v -0.014436003 -0.01674175 0.050456262
v -0.0144551 -0.01674175 0.0508393
v -0.0144551 -0.01674175 0.0704321
v -0.014615349 -0.01674175 0.070644507
v -0.014423757 -0.01674175 0.070601945
v -0.014227622 -0.01674175 0.070568004
v -0.014022518 -0.01674175 0.07053812
v -0.01380402 -0.01674175 0.070507741
v -0.0135677 -0.01674175 0.070472298
v -0.013346953 -0.01674175 0.070406981
v -0.013264936 -0.01674175 0.070472698
v -0.01308709 -0.01674175 0.070487943
v -0.0100936 -0.01674175 0.069606099
v -0.0099751002 -0.01674175 0.069453602
v -0.0099751002 -0.01674175 0.052818699
v -0.010007933 -0.01674175 0.052785635
v -0.010045217 -0.01674175 0.052762499
v -0.010087583 -0.01674175 0.052750711
v -0.010135024 -0.01674175 0.052750258
v -0.0101869 -0.01674175 0.0527597
v -0.01122 -0.01674175 0.0527597
v -0.011427799 -0.01674175 0.052648401
v -0.013506233 -0.01674175 0.050361061
v -0.0100087 -0.045021701 0.071480498
v -0.0100087 -0.045021701 0.0716045
v -0.0100087 -0.046946349 0.0716045
v -0.0100087 -0.046946349 0.071480498
v -0.0100087 -0.04148705 0.071480498
v -0.0100087 -0.04148705 0.0716045
v -0.0100087 -0.043411698 0.0716045
v -0.0100087 -0.043411698 0.071480498
v -0.0124895 -0.03987705 0.072159901
v -0.0124895 -0.04148705 0.072159901
v -0.0124895 -0.04148705 0.070624099
v -0.0124895 -0.03987705 0.070624099
v -0.012507082 -0.03987705 0.073872852
v -0.012507082 -0.04148705 0.073872852
v -0.012516537 -0.04148705 0.073522558
v -0.012529178 -0.04148705 0.073051796
v -0.0124895 -0.04148705 0.072159901
v -0.0124895 -0.03987705 0.072159901
v -0.012529178 -0.03987705 0.073051796
v -0.012516537 -0.03987705 0.073522558
v -0.0100994 -0.045021701 0.069446001
v -0.0100015 -0.045021701 0.069539199
v -0.0100015 -0.046946349 0.069539199
v -0.0100994 -0.046946349 0.069446001
v 0.012507082 -0.045021701 0.073872852
v 0.012507082 -0.043411698 0.073872852
v 0.012516537 -0.043411698 0.073522558
v 0.012529178 -0.043411698 0.073051796
v 0.0124895 -0.043411698 0.072159901
v 0.0124895 -0.045021701 0.072159901
v 0.012529178 -0.045021701 0.073051796
v 0.012516537 -0.045021701 0.073522558
v -0.0017099179 -0.036377399 0.018018194
v -0.0017099179 -0.037917399 0.018018194
v -0.0015623884 -0.037917399 0.018085564
v -0.0013489805 -0.037917399 0.018055273
v -0.0008783 -0.037917399 0.0180231
v -0.0008783 -0.036377399 0.0180231
v -0.0013489805 -0.036377399 0.018055273
v -0.0015623884 -0.036377399 0.018085564
v 0.00016759999 -0.036377399 0.0196112
v -0.00040560942 -0.036377399 0.019570636
v -0.00078882322 -0.036377399 0.019425513
v -0.0012416627 -0.036377399 0.019078451
v -0.0015484141 -0.036377399 0.018635591
v -0.0017099179 -0.036377399 0.018018194
v -0.0015623884 -0.036377399 0.018085564
v -0.0013489805 -0.036377399 0.018055273
v -0.0008783 -0.036377399 0.0180231
v 0.0011228 -0.036377399 0.0180231
v 0.0012983435 -0.036377399 0.01801546
v 0.0014591068 -0.036377399 0.018031569
v 0.001600834 -0.036377399 0.018055419
v 0.0017134655 -0.036377399 0.018048944
v 0.0014943719 -0.036377399 0.018742309
v 0.0010458807 -0.036377399 0.019259725
v 0.0006170452 -0.036377399 0.019503553
v 0.012537 0.0115327 0.050143399
v 0.012537 0.0131427 0.050143399
v 0.012537 0.0131427 0.046556301
v 0.012537 0.0115327 0.046556301
v 0.0099831003 0.0115327 0.045018902
v 0.0099759024 0.0115327 0.04459084
v 0.010146 0.0115327 0.0443256
v 0.010146 0.00960805 0.0443256
v 0.0099753118 0.00960805 0.04459372
v 0.0099831003 0.00960805 0.045018902
v 0.0100087 0.025671301 0.0716045
v 0.0100087 0.025671301 0.071480498
v 0.0100087 0.02374665 0.071480498
v 0.0100087 0.02374665 0.0716045
v 0.012507082 0.025671301 0.073872852
v 0.012507082 0.027281301 0.073872852
v 0.012516537 0.027281301 0.073522558
v 0.012529178 0.027281301 0.073051796
v 0.0124895 0.027281301 0.072159901
v 0.0124895 0.025671301 0.072159901
v 0.012529178 0.025671301 0.073051796
v 0.012516537 0.025671301 0.073522558
v 0.010146 0.02213665 0.0443256
v 0.0132595 0.02213665 0.045248799
v 0.0132595 0.020211999 0.045248799
v 0.010146 0.020211999 0.0443256
v 0.0112432 0.02213665 0.052911201
v 0.010159301 0.02213665 0.052911201
v 0.010159301 0.020211999 0.052911201
v 0.0112432 0.020211999 0.052911201
v 0.0112432 0.01506735 0.052911201
v 0.010159301 0.01506735 0.052911201
v 0.010159301 0.0131427 0.052911201
v 0.0112432 0.0131427 0.052911201
v 0.0100087 0.01506735 0.0716045
v 0.0100087 0.01506735 0.071480498
v 0.0100087 0.0131427 0.071480498
v 0.0100087 0.0131427 0.0716045
v 0.0100015 0.0115327 0.069539199
v 0.0100994 0.0115327 0.069446001
v 0.0100994 0.00960805 0.069446001
v 0.0100015 0.00960805 0.069539199
v 0.013346953 0.0131427 0.070406981
v 0.013346953 0.0115327 0.070406981
v 0.013275433 0.0115327 0.070470557
v 0.013058031 0.0115327 0.070489669
v 0.0124895 0.0115327 0.070624099
v 0.0124895 0.0131427 0.070624099
v 0.013058031 0.0131427 0.070489669
v 0.013275433 0.0131427 0.070470557
v 0.0100087 0.00092874996 0.0716045
v 0.0100087 0.00092874996 0.071480498
v 0.0100087 -0.00099590003 0.071480498
v 0.0100087 -0.00099590003 0.0716045
v 0.0100087 0.0044633999 0.0716045
v 0.0100087 0.0044633999 0.071480498
v 0.0100087 0.0025387499 0.071480498
v 0.0100087 0.0025387499 0.0716045
v 0.012507082 0.0044633999 0.073872852
v 0.012507082 0.0060733998 0.073872852
v 0.012516537 0.0060733998 0.073522558
v 0.012529178 0.0060733998 0.073051796
v 0.0124895 0.0060733998 0.072159901
v 0.0124895 0.0044633999 0.072159901
v 0.012529178 0.0044633999 0.073051796
v 0.012516537 0.0044633999 0.073522558
v 0.013346953 0.0060733998 0.070406981
v 0.013346953 0.0044633999 0.070406981
v 0.013275433 0.0044633999 0.070470557
v 0.013058031 0.0044633999 0.070489669
v 0.0124895 0.0044633999 0.070624099
v 0.0124895 0.0060733998 0.070624099
v 0.013058031 0.0060733998 0.070489669
v 0.013275433 0.0060733998 0.070470557
v 0.010146 0.00092874996 0.0443256
v 0.0132595 0.00092874996 0.045248799
v 0.0132595 -0.00099590003 0.045248799
v 0.010146 -0.00099590003 0.0443256
v 0.0100936 0.00092874996 0.069606099
v 0.010024558 0.00092874996 0.06951725
v 0.0100015 0.00092874996 0.069539199
v 0.0100087 0.00092874996 0.071480498
v 0.0100087 0.00092874996 0.0716045
v 0.012507082 0.00092874996 0.073872852
v 0.012516537 0.00092874996 0.073522558
v 0.012529178 0.00092874996 0.073051796
v 0.0124895 0.00092874996 0.072159901
v 0.0124895 0.00092874996 0.070624099
v 0.012689248 0.00092874996 0.070548701
v 0.01289251 0.00092874996 0.070505438
v 0.01308709 0.00092874996 0.070487943
v 0.0099751002 0.00093149997 0.052818699
v 0.0099751002 -0.00099849999 0.052818699
v 0.0099751002 -0.00099849999 0.069453602
v 0.0099751002 0.00093149997 0.069453602
v 0.009996503 -0.00099590003 0.052795639
v 0.010037535 -0.00099590003 0.052766175
v 0.010087509 -0.00099590003 0.052750726
v 0.010140328 -0.00099590003 0.052750783
v 0.0101869 -0.00099590003 0.0527597
v 0.0101869 -0.00099849999 0.0527597
v 0.010135024 -0.00099849999 0.052750258
v 0.010087583 -0.00099849999 0.052750711
v 0.010045217 -0.00099849999 0.052762499
v 0.010007933 -0.00099849999 0.052785635
v 0.0099751002 -0.00099849999 0.052818699
v 0.0099751002 0.00093149997 0.052818699
v 0.010007933 0.00093149997 0.052785635
v 0.010045217 0.00093149997 0.052762499
v 0.010087583 0.00093149997 0.052750711
v 0.010135024 0.00093149997 0.052750258
v 0.0101869 0.00093149997 0.0527597
v 0.0101869 0.00092874996 0.0527597
v 0.010141007 0.00092874996 0.052750854
v 0.010088151 0.00092874996 0.05275064
v 0.010037916 0.00092874996 0.05276598
v 0.009996503 0.00092874996 0.052795639
v 0.010146 -0.0026058999 0.0443256
v 0.0132595 -0.0026058999 0.045248799
v 0.0132595 -0.0045305499 0.045248799
v 0.010146 -0.0045305499 0.0443256
v 0.013346953 -0.0026058999 0.070406981
v 0.0100994 -0.0026058999 0.069446001
v 0.0100015 -0.0026058999 0.069539199
v 0.0100087 -0.0026058999 0.071480498
v 0.0100087 -0.0026058999 0.0716045
v 0.012507082 -0.0026058999 0.073872852
v 0.012516537 -0.0026058999 0.073522558
v 0.012529178 -0.0026058999 0.073051796
v 0.0124895 -0.0026058999 0.072159901
v 0.0124895 -0.0026058999 0.070624099
v 0.013058031 -0.0026058999 0.070489669
v 0.013275433 -0.0026058999 0.070470557
v 0.0100087 -0.02027915 0.0716045
v 0.0100087 -0.02027915 0.071480498
v 0.0100087 -0.022203801 0.071480498
v 0.0100087 -0.022203801 0.0716045
v 0.0100015 -0.023813801 0.069539199
v 0.0100994 -0.023813801 0.069446001
v 0.0100994 -0.025738449 0.069446001
v 0.0100015 -0.025738449 0.069539199
v 0.013346953 -0.022203801 0.070406981
v 0.013346953 -0.023813801 0.070406981
v 0.013275433 -0.023813801 0.070470557
v 0.013058031 -0.023813801 0.070489669
v 0.0124895 -0.023813801 0.070624099
v 0.0124895 -0.022203801 0.070624099
v 0.013058031 -0.022203801 0.070489669
v 0.013275433 -0.022203801 0.070470557
v 0.0100087 -0.0308831 0.0716045
v 0.0100087 -0.0308831 0.071480498
v 0.0100087 -0.032807751 0.071480498
v 0.0100087 -0.032807751 0.0716045
v 0.012507082 -0.0308831 0.073872852
v 0.012507082 -0.0292731 0.073872852
v 0.012516537 -0.0292731 0.073522558
v 0.012529178 -0.0292731 0.073051796
v 0.0124895 -0.0292731 0.072159901
v 0.0124895 -0.0308831 0.072159901
v 0.012529178 -0.0308831 0.073051796
v 0.012516537 -0.0308831 0.073522558
v 0.013346953 -0.0292731 0.070406981
v 0.013346953 -0.0308831 0.070406981
v 0.013275433 -0.0308831 0.070470557
v 0.013058031 -0.0308831 0.070489669
v 0.0124895 -0.0308831 0.070624099
v 0.0124895 -0.0292731 0.070624099
v 0.013058031 -0.0292731 0.070489669
v 0.013275433 -0.0292731 0.070470557
v 0.0099831003 -0.02027915 0.052762799
v 0.0099831003 -0.02027915 0.045018902
v 0.0099831003 -0.022203801 0.045018902
v 0.0099831003 -0.022203801 0.052762799
v 0.013279898 -0.02027915 0.045254116
v 0.0132595 -0.02027915 0.045248799
v 0.010146 -0.02027915 0.0443256
v 0.0099759024 -0.02027915 0.04459084
v 0.0099831003 -0.02027915 0.045018902
v 0.0099831003 -0.02027915 0.052762799
v 0.010004275 -0.02027915 0.052810841
v 0.010031542 -0.02027915 0.052849646
v 0.010065874 -0.02027915 0.052878923
v 0.010108644 -0.02027915 0.052899308
v 0.010159301 -0.02027915 0.052911201
v 0.0112432 -0.02027915 0.052911201
v 0.01157071 -0.02027915 0.052725511
v 0.011690036 -0.02027915 0.052615037
v 0.0118677 -0.02027915 0.052400799
v 0.0136438 -0.02027915 0.050439801
v 0.013679055 -0.02027915 0.050415187
v 0.013455532 -0.02027915 0.0503441
v 0.01314401 -0.02027915 0.050328312
v 0.012790861 -0.02027915 0.050322933
v 0.012537 -0.02027915 0.050143399
v 0.012537 -0.02027915 0.046556301
v 0.01248201 -0.02027915 0.045966954
v 0.012460285 -0.02027915 0.045646539
v 0.012576048 -0.02027915 0.045439129
v 0.013056375 -0.02027915 0.045347772
v 0.009996503 -0.01866915 0.052795639
v 0.010037535 -0.01866915 0.052766175
v 0.010087509 -0.01866915 0.052750726
v 0.010140328 -0.01866915 0.052750783
v 0.0101869 -0.01866915 0.0527597
v 0.0101869 -0.01867175 0.0527597
v 0.010135024 -0.01867175 0.052750258
v 0.010087583 -0.01867175 0.052750711
v 0.010045217 -0.01867175 0.052762499
v 0.010007933 -0.01867175 0.052785635
v 0.0099751002 -0.01867175 0.052818699
v 0.0099751002 -0.01674175 0.052818699
v 0.010007933 -0.01674175 0.052785635
v 0.010045217 -0.01674175 0.052762499
v 0.010087583 -0.01674175 0.052750711
v 0.010135024 -0.01674175 0.052750258
v 0.0101869 -0.01674175 0.0527597
v 0.0101869 -0.0167445 0.0527597
v 0.010141007 -0.0167445 0.052750854
v 0.010088151 -0.0167445 0.05275064
v 0.010037916 -0.0167445 0.05276598
v 0.009996503 -0.0167445 0.052795639
v 0.0100936 -0.01866915 0.069606099
v 0.01308709 -0.01866915 0.070487943
v 0.01289251 -0.01866915 0.070505438
v 0.012689248 -0.01866915 0.070548701
v 0.0124895 -0.01866915 0.070624099
v 0.0124895 -0.01866915 0.072159901
v 0.012529178 -0.01866915 0.073051796
v 0.012516537 -0.01866915 0.073522558
v 0.012507082 -0.01866915 0.073872852
v 0.0100087 -0.01866915 0.0716045
v 0.0100087 -0.01866915 0.071480498
v 0.0100015 -0.01866915 0.069539199
v 0.010024558 -0.01866915 0.06951725
v 0.0099751002 -0.01674175 0.052818699
v 0.0099751002 -0.01867175 0.052818699
v 0.0099751002 -0.01867175 0.069453602
v 0.0099751002 -0.01674175 0.069453602
v 0.013506233 -0.01674175 0.050361061
v 0.013679055 -0.01674175 0.050415187
v 0.013679055 -0.0151345 0.050415187
v 0.013455532 -0.0151345 0.0503441
v 0.01314401 -0.0151345 0.050328312
v 0.012790861 -0.0151345 0.050322933
v 0.012537 -0.0151345 0.050143399
v 0.012537 -0.0167445 0.050143399
v 0.012730563 -0.0167445 0.050304651
v 0.013000251 -0.0167445 0.050337563
v 0.013506233 -0.0167445 0.050361061
v 0.0099831003 -0.04148705 0.045018902
v 0.0099759024 -0.04148705 0.04459084
v 0.010146 -0.04148705 0.0443256
v 0.010146 -0.043411698 0.0443256
v 0.0099753118 -0.043411698 0.04459372
v 0.0099831003 -0.043411698 0.045018902
v 0.0099831003 -0.0308831 0.045018902
v 0.0099759024 -0.0308831 0.04459084
v 0.010146 -0.0308831 0.0443256
v 0.010146 -0.032807751 0.0443256
v 0.0099753118 -0.032807751 0.04459372
v 0.0099831003 -0.032807751 0.045018902
v 0.013279898 -0.0308831 0.045254116
v 0.0132595 -0.0308831 0.045248799
v 0.010146 -0.0308831 0.0443256
v 0.0099759024 -0.0308831 0.04459084
v 0.0099831003 -0.0308831 0.045018902
v 0.0099831003 -0.0308831 0.052762799
v 0.010004275 -0.0308831 0.052810841
v 0.010031542 -0.0308831 0.052849646
v 0.010065874 -0.0308831 0.052878923
v 0.010108644 -0.0308831 0.052899308
v 0.010159301 -0.0308831 0.052911201
v 0.0112432 -0.0308831 0.052911201
v 0.01157071 -0.0308831 0.052725511
v 0.011690036 -0.0308831 0.052615037
v 0.0118677 -0.0308831 0.052400799
v 0.0136438 -0.0308831 0.050439801
v 0.013679055 -0.0308831 0.050415187
v 0.013455532 -0.0308831 0.0503441
v 0.01314401 -0.0308831 0.050328312
v 0.012790861 -0.0308831 0.050322933
v 0.012537 -0.0308831 0.050143399
v 0.012537 -0.0308831 0.046556301
v 0.01248201 -0.0308831 0.045966954
v 0.012460285 -0.0308831 0.045646539
v 0.012576048 -0.0308831 0.045439129
v 0.013056375 -0.0308831 0.045347772
v 0.0112432 0.04334455 0.052911201
v 0.010159301 0.04334455 0.052911201
v 0.010159301 0.041419902 0.052911201
v 0.0112432 0.041419902 0.052911201
v 0.010159301 0.025671301 0.052911201
v 0.010108644 0.025671301 0.052899308
v 0.010065874 0.025671301 0.052878923
v 0.010031542 0.025671301 0.052849646
v 0.010004275 0.025671301 0.052810841
v 0.0099831003 0.025671301 0.052762799
v 0.0099831003 0.02374665 0.052762799
v 0.010004584 0.02374665 0.052811403
v 0.010032234 0.02374665 0.052850413
v 0.010066663 0.02374665 0.052879429
v 0.010109097 0.02374665 0.052899451
v 0.010159301 0.02374665 0.052911201
v 0.013279898 0.02374665 0.045254116
v 0.013279898 0.02213665 0.045254116
v 0.013056375 0.02213665 0.045347772
v 0.012576048 0.02213665 0.045439129
v 0.012460285 0.02213665 0.045646539
v 0.01248201 0.02213665 0.045966954
v 0.012537 0.02213665 0.046556301
v 0.012537 0.02374665 0.046556301
v 0.01248201 0.02374665 0.045966954
v 0.012460285 0.02374665 0.045646539
v 0.012576048 0.02374665 0.045439129
v 0.013056375 0.02374665 0.045347772
v 0.0132595 0.02374665 0.045248799
v 0.013279898 0.02374665 0.045254116
v 0.013056375 0.02374665 0.045347772
v 0.012576048 0.02374665 0.045439129
v 0.012460285 0.02374665 0.045646539
v 0.01248201 0.02374665 0.045966954
v 0.012537 0.02374665 0.046556301
v 0.012537 0.02374665 0.050143399
v 0.012790861 0.02374665 0.050322933
v 0.01314401 0.02374665 0.050328312
v 0.013455532 0.02374665 0.0503441
v 0.013679055 0.02374665 0.050415187
v 0.0136438 0.02374665 0.050439801
v 0.0118677 0.02374665 0.052400799
v 0.011690036 0.02374665 0.052615037
v 0.01157071 0.02374665 0.052725511
v 0.0112432 0.02374665 0.052911201
v 0.010159301 0.02374665 0.052911201
v 0.010109097 0.02374665 0.052899451
v 0.010066663 0.02374665 0.052879429
v 0.010032234 0.02374665 0.052850413
v 0.010004584 0.02374665 0.052811403
v 0.0099831003 0.02374665 0.052762799
v 0.0099831003 0.02374665 0.045018902
v 0.0099753118 0.02374665 0.04459372
v 0.010146 0.02374665 0.0443256
v -0.010146 0.04334455 0.0443256
v -0.0099759024 0.04334455 0.04459084
v -0.0099831003 0.04334455 0.045018902
v -0.0099831003 0.041419902 0.045018902
v -0.0099753118 0.041419902 0.04459372
v -0.010146 0.041419902 0.0443256
v -0.010159301 0.029205949 0.052911201
v -0.0112432 0.029205949 0.052911201
v -0.0112432 0.027281301 0.052911201
v -0.010159301 0.027281301 0.052911201
v -0.0112432 0.029205949 0.052911201
v -0.01157071 0.029205949 0.052725511
v -0.011690036 0.029205949 0.052615037
v -0.0118677 0.029205949 0.052400799
v -0.0118677 0.027281301 0.052400799
v -0.011690036 0.027281301 0.052615037
v -0.01157071 0.027281301 0.052725511
v -0.0112432 0.027281301 0.052911201
v -0.0132595 0.025671301 0.045248799
v -0.013279898 0.025671301 0.045254116
v -0.013056375 0.025671301 0.045347772
v -0.012576048 0.025671301 0.045439129
v -0.012460285 0.025671301 0.045646539
v -0.01248201 0.025671301 0.045966954
v -0.012537 0.025671301 0.046556301
v -0.012537 0.025671301 0.050143399
v -0.012790861 0.025671301 0.050322933
v -0.01314401 0.025671301 0.050328312
v -0.013455532 0.025671301 0.0503441
v -0.013679055 0.025671301 0.050415187
v -0.0136438 0.025671301 0.050439801
v -0.0118677 0.025671301 0.052400799
v -0.011690036 0.025671301 0.052615037
v -0.01157071 0.025671301 0.052725511
v -0.0112432 0.025671301 0.052911201
v -0.010159301 0.025671301 0.052911201
v -0.010108644 0.025671301 0.052899308
v -0.010065874 0.025671301 0.052878923
v -0.010031542 0.025671301 0.052849646
v -0.010004275 0.025671301 0.052810841
v -0.0099831003 0.025671301 0.052762799
v -0.0099831003 0.025671301 0.045018902
v -0.0099759024 0.025671301 0.04459084
v -0.010146 0.025671301 0.0443256
v -0.0132595 0.025671301 0.045248799
v -0.010146 0.025671301 0.0443256
v -0.010146 0.02374665 0.0443256
v -0.0132595 0.02374665 0.045248799
v -0.013679055 0.027281301 0.050415187
v -0.013679055 0.025671301 0.050415187
v -0.013455532 0.025671301 0.0503441
v -0.01314401 0.025671301 0.050328312
v -0.012790861 0.025671301 0.050322933
v -0.012537 0.025671301 0.050143399
v -0.012537 0.027281301 0.050143399
v -0.012790861 0.027281301 0.050322933
v -0.01314401 0.027281301 0.050328312
v -0.013455532 0.027281301 0.0503441
v -0.010146 0.039809899 0.0443256
v -0.0099759024 0.039809899 0.04459084
v -0.0099831003 0.039809899 0.045018902
v -0.0099831003 0.037885251 0.045018902
v -0.0099753118 0.037885251 0.04459372
v -0.010146 0.037885251 0.0443256
v -0.0099831003 0.039809899 0.052762799
v -0.010004275 0.039809899 0.052810841
v -0.010031542 0.039809899 0.052849646
v -0.010065874 0.039809899 0.052878923
v -0.010108644 0.039809899 0.052899308
v -0.010159301 0.039809899 0.052911201
v -0.010159301 0.037885251 0.052911201
v -0.010109097 0.037885251 0.052899451
v -0.010066663 0.037885251 0.052879429
v -0.010032234 0.037885251 0.052850413
v -0.010004584 0.037885251 0.052811403
v -0.0099831003 0.037885251 0.052762799
v -0.0118677 0.04334455 0.052400799
v -0.0136438 0.04334455 0.050439801
v -0.0136438 0.041419902 0.050439801
v -0.0118677 0.041419902 0.052400799
v -0.0100087 0.0327406 0.071480498
v -0.0100087 0.0327406 0.0716045
v -0.0100087 0.030815949 0.0716045
v -0.0100087 0.030815949 0.071480498
v -0.0112432 0.046879201 0.052911201
v -0.01157071 0.046879201 0.052725511
v -0.011690036 0.046879201 0.052615037
v -0.0118677 0.046879201 0.052400799
v -0.0118677 0.044954548 0.052400799
v -0.011690036 0.044954548 0.052615037
v -0.01157071 0.044954548 0.052725511
v -0.0112432 0.044954548 0.052911201
v -0.0132595 0.04334455 0.045248799
v -0.013279898 0.04334455 0.045254116
v -0.013056375 0.04334455 0.045347772
v -0.012576048 0.04334455 0.045439129
v -0.012460285 0.04334455 0.045646539
v -0.01248201 0.04334455 0.045966954
v -0.012537 0.04334455 0.046556301
v -0.012537 0.04334455 0.050143399
v -0.012790861 0.04334455 0.050322933
v -0.01314401 0.04334455 0.050328312
v -0.013455532 0.04334455 0.0503441
v -0.013679055 0.04334455 0.050415187
v -0.0136438 0.04334455 0.050439801
v -0.0118677 0.04334455 0.052400799
v -0.011690036 0.04334455 0.052615037
v -0.01157071 0.04334455 0.052725511
v -0.0112432 0.04334455 0.052911201
v -0.010159301 0.04334455 0.052911201
v -0.010108644 0.04334455 0.052899308
v -0.010065874 0.04334455 0.052878923
v -0.010031542 0.04334455 0.052849646
v -0.010004275 0.04334455 0.052810841
v -0.0099831003 0.04334455 0.052762799
v -0.0099831003 0.04334455 0.045018902
v -0.0099759024 0.04334455 0.04459084
v -0.010146 0.04334455 0.0443256
v -0.013679055 0.044954548 0.050415187
v -0.013679055 0.04334455 0.050415187
v -0.013455532 0.04334455 0.0503441
v -0.01314401 0.04334455 0.050328312
v -0.012790861 0.04334455 0.050322933
v -0.012537 0.04334455 0.050143399
v -0.012537 0.044954548 0.050143399
v -0.012790861 0.044954548 0.050322933
v -0.01314401 0.044954548 0.050328312
v -0.013455532 0.044954548 0.0503441
v -0.0132595 -0.04148705 0.045248799
v -0.013279898 -0.04148705 0.045254116
v -0.013056375 -0.04148705 0.045347772
v -0.012576048 -0.04148705 0.045439129
v -0.012460285 -0.04148705 0.045646539
v -0.01248201 -0.04148705 0.045966954
v -0.012537 -0.04148705 0.046556301
v -0.012537 -0.04148705 0.050143399
v -0.012790861 -0.04148705 0.050322933
v -0.01314401 -0.04148705 0.050328312
v -0.013455532 -0.04148705 0.0503441
v -0.013679055 -0.04148705 0.050415187
v -0.0136438 -0.04148705 0.050439801
v -0.0118677 -0.04148705 0.052400799
v -0.011690036 -0.04148705 0.052615037
v -0.01157071 -0.04148705 0.052725511
v -0.0112432 -0.04148705 0.052911201
v -0.010159301 -0.04148705 0.052911201
v -0.010108644 -0.04148705 0.052899308
v -0.010065874 -0.04148705 0.052878923
v -0.010031542 -0.04148705 0.052849646
v -0.010004275 -0.04148705 0.052810841
v -0.0099831003 -0.04148705 0.052762799
v -0.0099831003 -0.04148705 0.045018902
v -0.0099759024 -0.04148705 0.04459084
v -0.010146 -0.04148705 0.0443256
v -0.0132595 -0.04148705 0.045248799
v -0.010146 -0.04148705 0.0443256
v -0.010146 -0.043411698 0.0443256
v -0.0132595 -0.043411698 0.045248799
v -0.013679055 -0.03987705 0.050415187
v -0.013679055 -0.04148705 0.050415187
v -0.013455532 -0.04148705 0.0503441
v -0.01314401 -0.04148705 0.050328312
v -0.012790861 -0.04148705 0.050322933
v -0.012537 -0.04148705 0.050143399
v -0.012537 -0.03987705 0.050143399
v -0.012790861 -0.03987705 0.050322933
v -0.01314401 -0.03987705 0.050328312
v -0.013455532 -0.03987705 0.0503441
v -0.0112432 -0.037952399 0.052911201
v -0.01157071 -0.037952399 0.052725511
v -0.011690036 -0.037952399 0.052615037
v -0.0118677 -0.037952399 0.052400799
v -0.0118677 -0.03987705 0.052400799
v -0.011690036 -0.03987705 0.052615037
v -0.01157071 -0.03987705 0.052725511
v -0.0112432 -0.03987705 0.052911201
v -0.012537 -0.0292731 0.050143399
v -0.012537 -0.0308831 0.050143399
v -0.012537 -0.0308831 0.046556301
v -0.012537 -0.0292731 0.046556301
v -0.013679055 -0.0292731 0.050415187
v -0.013679055 -0.0308831 0.050415187
v -0.013455532 -0.0308831 0.0503441
v -0.01314401 -0.0308831 0.050328312
v -0.012790861 -0.0308831 0.050322933
v -0.012537 -0.0308831 0.050143399
v -0.012537 -0.0292731 0.050143399
v -0.012790861 -0.0292731 0.050322933
v -0.01314401 -0.0292731 0.050328312
v -0.013455532 -0.0292731 0.0503441
v -0.0132595 -0.0308831 0.045248799
v -0.010146 -0.0308831 0.0443256
v -0.010146 -0.032807751 0.0443256
v -0.0132595 -0.032807751 0.045248799
v -0.0112432 -0.0308831 0.052911201
v -0.01157071 -0.0308831 0.052725511
v -0.011690036 -0.0308831 0.052615037
v -0.0118677 -0.0308831 0.052400799
v -0.0118677 -0.032807751 0.052400799
v -0.011690036 -0.032807751 0.052615037
v -0.01157071 -0.032807751 0.052725511
v -0.0112432 -0.032807751 0.052911201
v -0.009996503 -0.034417751 0.052795639
v -0.009996503 -0.036342399 0.052795639
v -0.0099831003 -0.036342399 0.052762799
v -0.0099831003 -0.034417751 0.052762799
v -0.0100015 0.04334455 0.069539199
v -0.0100087 0.04334455 0.071480498
v -0.0100087 0.041419902 0.071480498
v -0.0100015 0.041419902 0.069539199
v -0.0100994 0.04334455 0.069446001
v -0.013346953 0.04334455 0.070406981
v -0.013275433 0.04334455 0.070470557
v -0.013058031 0.04334455 0.070489669
v -0.0124895 0.04334455 0.070624099
v -0.0124895 0.04334455 0.072159901
v -0.012529178 0.04334455 0.073051796
v -0.012516537 0.04334455 0.073522558
v -0.012507082 0.04334455 0.073872852
v -0.0100087 0.04334455 0.0716045
v -0.0100087 0.04334455 0.071480498
v -0.0100015 0.04334455 0.069539199
v -0.010159301 0.01506735 0.052911201
v -0.0112432 0.01506735 0.052911201
v -0.0112432 0.0131427 0.052911201
v -0.010159301 0.0131427 0.052911201
v -0.013346953 0.04334455 0.070406981
v -0.013346953 0.044954548 0.070406981
v -0.013275433 0.044954548 0.070470557
v -0.013058031 0.044954548 0.070489669
v -0.0124895 0.044954548 0.070624099
v -0.0124895 0.04334455 0.070624099
v -0.013058031 0.04334455 0.070489669
v -0.013275433 0.04334455 0.070470557
v -0.013346953 0.044954548 0.070406981
v -0.0100994 0.044954548 0.069446001
v -0.0100015 0.044954548 0.069539199
v -0.0100087 0.044954548 0.071480498
v -0.0100087 0.044954548 0.0716045
v -0.012507082 0.044954548 0.073872852
v -0.012516537 0.044954548 0.073522558
v -0.012529178 0.044954548 0.073051796
v -0.0124895 0.044954548 0.072159901
v -0.0124895 0.044954548 0.070624099
v -0.013058031 0.044954548 0.070489669
v -0.013275433 0.044954548 0.070470557
v -0.011427799 -0.00099590003 0.052648401
v -0.01122 -0.00099590003 0.0527597
v -0.01122 -0.00099849999 0.0527597
v -0.011427799 -0.00099849999 0.052648401
v -0.0100015 0.018602 0.069539199
v -0.0100087 0.018602 0.071480498
v -0.0100087 0.01667735 0.071480498
v -0.0100015 0.01667735 0.069539199
v -0.0100994 0.02213665 0.069446001
v -0.0100015 0.02213665 0.069539199
v -0.0100015 0.020211999 0.069539199
v -0.0100994 0.020211999 0.069446001
v -0.010024558 0.01667735 0.06951725
v -0.010024558 0.018602 0.06951725
v -0.0100015 0.018602 0.069539199
v -0.0100015 0.01667735 0.069539199
v -0.0101869 -0.01866915 0.0527597
v -0.010141007 -0.01866915 0.052750854
v -0.010088151 -0.01866915 0.05275064
v -0.010037916 -0.01866915 0.05276598
v -0.009996503 -0.01866915 0.052795639
v -0.009996503 -0.0167445 0.052795639
v -0.010037535 -0.0167445 0.052766175
v -0.010087509 -0.0167445 0.052750726
v -0.010140328 -0.0167445 0.052750783
v -0.0101869 -0.0167445 0.0527597
v -0.0101869 -0.01674175 0.0527597
v -0.010135024 -0.01674175 0.052750258
v -0.010087583 -0.01674175 0.052750711
v -0.010045217 -0.01674175 0.052762499
v -0.010007933 -0.01674175 0.052785635
v -0.0099751002 -0.01674175 0.052818699
v -0.0099751002 -0.01867175 0.052818699
v -0.010007933 -0.01867175 0.052785635
v -0.010045217 -0.01867175 0.052762499
v -0.010087583 -0.01867175 0.052750711
v -0.010135024 -0.01867175 0.052750258
v -0.0101869 -0.01867175 0.0527597
v -0.013679055 0.00093149997 0.050415187
v -0.014180055 0.00093149997 0.050207658
v -0.014519176 0.00093149997 0.050126438
v -0.014436003 0.00093149997 0.050456262
v -0.0144551 0.00093149997 0.0508393
v -0.0144551 0.00093149997 0.0704321
v -0.014615349 0.00093149997 0.070644507
v -0.014423757 0.00093149997 0.070601945
v -0.014227622 0.00093149997 0.070568004
v -0.014022518 0.00093149997 0.07053812
v -0.01380402 0.00093149997 0.070507741
v -0.0135677 0.00093149997 0.070472298
v -0.013346953 0.00093149997 0.070406981
v -0.013264936 0.00093149997 0.070472698
v -0.01308709 0.00093149997 0.070487943
v -0.0100936 0.00093149997 0.069606099
v -0.0099751002 0.00093149997 0.069453602
v -0.0099751002 0.00093149997 0.052818699
v -0.010007933 0.00093149997 0.052785635
v -0.010045217 0.00093149997 0.052762499
v -0.010087583 0.00093149997 0.052750711
v -0.010135024 0.00093149997 0.052750258
v -0.0101869 0.00093149997 0.0527597
v -0.01122 0.00093149997 0.0527597
v -0.011427799 0.00093149997 0.052648401
v -0.013506233 0.00093149997 0.050361061
v -0.0008783 0.03078095 0.0180231
v -0.0008783 0.029240949 0.0180231
v 0.0011228 0.029240949 0.0180231
v 0.0011228 0.03078095 0.0180231
v -0.0017099179 0.03078095 0.018018194
v -0.0017099179 0.029240949 0.018018194
v -0.0015623884 0.029240949 0.018085564
v -0.0013489805 0.029240949 0.018055273
v -0.0008783 0.029240949 0.0180231
v -0.0008783 0.03078095 0.0180231
v -0.0013489805 0.03078095 0.018055273
v -0.0015623884 0.03078095 0.018085564
v -0.010146 -0.045021701 0.0443256
v -0.0099759024 -0.045021701 0.04459084
v -0.0099831003 -0.045021701 0.045018902
v -0.0099831003 -0.046946349 0.045018902
v -0.0099753118 -0.046946349 0.04459372
v -0.010146 -0.046946349 0.0443256
v -0.0132595 -0.045021701 0.045248799
v -0.013279898 -0.045021701 0.045254116
v -0.013056375 -0.045021701 0.045347772
v -0.012576048 -0.045021701 0.045439129
v -0.012460285 -0.045021701 0.045646539
v -0.01248201 -0.045021701 0.045966954
v -0.012537 -0.045021701 0.046556301
v -0.012537 -0.045021701 0.050143399
v -0.012790861 -0.045021701 0.050322933
v -0.01314401 -0.045021701 0.050328312
v -0.013455532 -0.045021701 0.0503441
v -0.013679055 -0.045021701 0.050415187
v -0.0136438 -0.045021701 0.050439801
v -0.0118677 -0.045021701 0.052400799
v -0.011690036 -0.045021701 0.052615037
v -0.01157071 -0.045021701 0.052725511
v -0.0112432 -0.045021701 0.052911201
v -0.010159301 -0.045021701 0.052911201
v -0.010108644 -0.045021701 0.052899308
v -0.010065874 -0.045021701 0.052878923
v -0.010031542 -0.045021701 0.052849646
v -0.010004275 -0.045021701 0.052810841
v -0.0099831003 -0.045021701 0.052762799
v -0.0099831003 -0.045021701 0.045018902
v -0.0099759024 -0.045021701 0.04459084
v -0.010146 -0.045021701 0.0443256
v -0.0144551 -0.01867175 0.0704321
v -0.0144551 -0.01674175 0.0704321
v -0.0144551 -0.01674175 0.0508393
v -0.0144551 -0.01867175 0.0508393
v -0.014615349 -0.01867175 0.070644507
v -0.014615349 -0.01674175 0.070644507
v -0.0144551 -0.01674175 0.0704321
v -0.0144551 -0.01867175 0.0704321
v -0.0100015 -0.04148705 0.069539199
v -0.0100087 -0.04148705 0.071480498
v -0.0100087 -0.043411698 0.071480498
v -0.0100015 -0.043411698 0.069539199
v -0.0100994 -0.04148705 0.069446001
v -0.013346953 -0.04148705 0.070406981
v -0.013275433 -0.04148705 0.070470557
v -0.013058031 -0.04148705 0.070489669
v -0.0124895 -0.04148705 0.070624099
v -0.0124895 -0.04148705 0.072159901
v -0.012529178 -0.04148705 0.073051796
v -0.012516537 -0.04148705 0.073522558
v -0.012507082 -0.04148705 0.073872852
v -0.0100087 -0.04148705 0.0716045
v -0.0100087 -0.04148705 0.071480498
v -0.0100015 -0.04148705 0.069539199
v -0.0124895 -0.046946349 0.072159901
v -0.0124895 -0.048556352 0.072159901
v -0.0124895 -0.048556352 0.070624099
v -0.0124895 -0.046946349 0.070624099
v -0.013346953 -0.046946349 0.070406981
v -0.0100994 -0.046946349 0.069446001
v -0.0100015 -0.046946349 0.069539199
v -0.0100087 -0.046946349 0.071480498
v -0.0100087 -0.046946349 0.0716045
v -0.012507082 -0.046946349 0.073872852
v -0.012516537 -0.046946349 0.073522558
v -0.012529178 -0.046946349 0.073051796
v -0.0124895 -0.046946349 0.072159901
v -0.0124895 -0.046946349 0.070624099
v -0.013058031 -0.046946349 0.070489669
v -0.013275433 -0.046946349 0.070470557
v 0.0100087 -0.045021701 0.071480498
v 0.0100015 -0.045021701 0.069539199
v 0.0100015 -0.046946349 0.069539199
v 0.0100087 -0.046946349 0.071480498
v 0.013346953 -0.045021701 0.070406981
v 0.0100994 -0.045021701 0.069446001
v 0.0100015 -0.045021701 0.069539199
v 0.0100087 -0.045021701 0.071480498
v 0.0100087 -0.045021701 0.0716045
v 0.012507082 -0.045021701 0.073872852
v 0.012516537 -0.045021701 0.073522558
v 0.012529178 -0.045021701 0.073051796
v 0.0124895 -0.045021701 0.072159901
v 0.0124895 -0.045021701 0.070624099
v 0.013058031 -0.045021701 0.070489669
v 0.013275433 -0.045021701 0.070470557
v -0.0008783 -0.036377399 0.0180231
v -0.0008783 -0.037917399 0.0180231
v 0.0011228 -0.037917399 0.0180231
v 0.0011228 -0.036377399 0.0180231
v 0.0017134655 -0.037917399 0.018048944
v 0.0017134655 -0.036377399 0.018048944
v 0.001600834 -0.036377399 0.018055419
v 0.0014591068 -0.036377399 0.018031569
v 0.0012983435 -0.036377399 0.01801546
v 0.0011228 -0.036377399 0.0180231
v 0.0011228 -0.037917399 0.0180231
v 0.0012983435 -0.037917399 0.01801546
v 0.0014591068 -0.037917399 0.018031569
v 0.001600834 -0.037917399 0.018055419
v 0.0118677 0.01506735 0.052400799
v 0.011690036 0.01506735 0.052615037
v 0.01157071 0.01506735 0.052725511
v 0.0112432 0.01506735 0.052911201
v 0.0112432 0.0131427 0.052911201
v 0.01157071 0.0131427 0.052725511
v 0.011690036 0.0131427 0.052615037
v 0.0118677 0.0131427 0.052400799
v 0.013279898 0.0115327 0.045254116
v 0.0132595 0.0115327 0.045248799
v 0.010146 0.0115327 0.0443256
v 0.0099759024 0.0115327 0.04459084
v 0.0099831003 0.0115327 0.045018902
v 0.0099831003 0.0115327 0.052762799
v 0.010004275 0.0115327 0.052810841
v 0.010031542 0.0115327 0.052849646
v 0.010065874 0.0115327 0.052878923
v 0.010108644 0.0115327 0.052899308
v 0.010159301 0.0115327 0.052911201
v 0.0112432 0.0115327 0.052911201
v 0.01157071 0.0115327 0.052725511
v 0.011690036 0.0115327 0.052615037
v 0.0118677 0.0115327 0.052400799
v 0.0136438 0.0115327 0.050439801
v 0.013679055 0.0115327 0.050415187
v 0.013455532 0.0115327 0.0503441
v 0.01314401 0.0115327 0.050328312
v 0.012790861 0.0115327 0.050322933
v 0.012537 0.0115327 0.050143399
v 0.012537 0.0115327 0.046556301
v 0.01248201 0.0115327 0.045966954
v 0.012460285 0.0115327 0.045646539
v 0.012576048 0.0115327 0.045439129
v 0.013056375 0.0115327 0.045347772
v 0.010146 0.0115327 0.0443256
v 0.0132595 0.0115327 0.045248799
v 0.0132595 0.00960805 0.045248799
v 0.010146 0.00960805 0.0443256
v 0.013679055 0.0115327 0.050415187
v 0.013679055 0.0131427 0.050415187
v 0.013455532 0.0131427 0.0503441
v 0.01314401 0.0131427 0.050328312
v 0.012790861 0.0131427 0.050322933
v 0.012537 0.0131427 0.050143399
v 0.012537 0.0115327 0.050143399
v 0.012790861 0.0115327 0.050322933
v 0.01314401 0.0115327 0.050328312
v 0.013455532 0.0115327 0.0503441
v 0.0100087 0.025671301 0.071480498
v 0.0100015 0.025671301 0.069539199
v 0.0100015 0.02374665 0.069539199
v 0.0100087 0.02374665 0.071480498
v 0.013346953 0.025671301 0.070406981
v 0.0100994 0.025671301 0.069446001
v 0.0100015 0.025671301 0.069539199
v 0.0100087 0.025671301 0.071480498
v 0.0100087 0.025671301 0.0716045
v 0.012507082 0.025671301 0.073872852
v 0.012516537 0.025671301 0.073522558
v 0.012529178 0.025671301 0.073051796
v 0.0124895 0.025671301 0.072159901
v 0.0124895 0.025671301 0.070624099
v 0.013058031 0.025671301 0.070489669
v 0.013275433 0.025671301 0.070470557
v 0.0118677 0.02213665 0.052400799
v 0.011690036 0.02213665 0.052615037
v 0.01157071 0.02213665 0.052725511
v 0.0112432 0.02213665 0.052911201
v 0.0112432 0.020211999 0.052911201
v 0.01157071 0.020211999 0.052725511
v 0.011690036 0.020211999 0.052615037
v 0.0118677 0.020211999 0.052400799
v 0.012537 0.02213665 0.050143399
v 0.012537 0.02374665 0.050143399
v 0.012537 0.02374665 0.046556301
v 0.012537 0.02213665 0.046556301
v 0.013679055 0.02213665 0.050415187
v 0.013679055 0.02374665 0.050415187
v 0.013455532 0.02374665 0.0503441
v 0.01314401 0.02374665 0.050328312
v 0.012790861 0.02374665 0.050322933
v 0.012537 0.02374665 0.050143399
v 0.012537 0.02213665 0.050143399
v 0.012790861 0.02213665 0.050322933
v 0.01314401 0.02213665 0.050328312
v 0.013455532 0.02213665 0.0503441
v 0.010159301 0.01506735 0.052911201
v 0.010108644 0.01506735 0.052899308
v 0.010065874 0.01506735 0.052878923
v 0.010031542 0.01506735 0.052849646
v 0.010004275 0.01506735 0.052810841
v 0.0099831003 0.01506735 0.052762799
v 0.0099831003 0.0131427 0.052762799
v 0.010004584 0.0131427 0.052811403
v 0.010032234 0.0131427 0.052850413
v 0.010066663 0.0131427 0.052879429
v 0.010109097 0.0131427 0.052899451
v 0.010159301 0.0131427 0.052911201
v 0.0100087 0.01506735 0.071480498
v 0.0100015 0.01506735 0.069539199
v 0.0100015 0.0131427 0.069539199
v 0.0100087 0.0131427 0.071480498
v 0.0100994 0.0131427 0.069446001
v 0.013346953 0.0131427 0.070406981
v 0.013275433 0.0131427 0.070470557
v 0.013058031 0.0131427 0.070489669
v 0.0124895 0.0131427 0.070624099
v 0.0124895 0.0131427 0.072159901
v 0.012529178 0.0131427 0.073051796
v 0.012516537 0.0131427 0.073522558
v 0.012507082 0.0131427 0.073872852
v 0.0100087 0.0131427 0.0716045
v 0.0100087 0.0131427 0.071480498
v 0.0100015 0.0131427 0.069539199
v 0.013506233 -0.01674175 0.050361061
v 0.013506233 -0.0167445 0.050361061
v 0.011427799 -0.0167445 0.052648401
v 0.011427799 -0.01674175 0.052648401
v 0.0124895 0.00092874996 0.072159901
v 0.0124895 0.0025387499 0.072159901
v 0.0124895 0.0025387499 0.070624099
v 0.0124895 0.00092874996 0.070624099
v 0.0100087 0.00092874996 0.071480498
v 0.0100015 0.00092874996 0.069539199
v 0.0100015 -0.00099590003 0.069539199
v 0.0100087 -0.00099590003 0.071480498
v 0.0100087 0.0044633999 0.071480498
v 0.0100015 0.0044633999 0.069539199
v 0.0100015 0.0025387499 0.069539199
v 0.0100087 0.0025387499 0.071480498
v 0.013346953 0.0044633999 0.070406981
v 0.0100994 0.0044633999 0.069446001
v 0.0100015 0.0044633999 0.069539199
v 0.0100087 0.0044633999 0.071480498
v 0.0100087 0.0044633999 0.0716045
v 0.012507082 0.0044633999 0.073872852
v 0.012516537 0.0044633999 0.073522558
v 0.012529178 0.0044633999 0.073051796
v 0.0124895 0.0044633999 0.072159901
v 0.0124895 0.0044633999 0.070624099
v 0.013058031 0.0044633999 0.070489669
v 0.013275433 0.0044633999 0.070470557
v 0.0132595 0.0025387499 0.045248799
v 0.013279898 0.0025387499 0.045254116
v 0.013056375 0.0025387499 0.045347772
v 0.012576048 0.0025387499 0.045439129
v 0.012460285 0.0025387499 0.045646539
v 0.01248201 0.0025387499 0.045966954
v 0.012537 0.0025387499 0.046556301
v 0.012537 0.0025387499 0.050143399
v 0.012790861 0.0025387499 0.050322933
v 0.01314401 0.0025387499 0.050328312
v 0.013455532 0.0025387499 0.0503441
v 0.013679055 0.0025387499 0.050415187
v 0.0136438 0.0025387499 0.050439801
v 0.0118677 0.0025387499 0.052400799
v 0.011690036 0.0025387499 0.052615037
v 0.01157071 0.0025387499 0.052725511
v 0.0112432 0.0025387499 0.052911201
v 0.010159301 0.0025387499 0.052911201
v 0.010109097 0.0025387499 0.052899451
v 0.010066663 0.0025387499 0.052879429
v 0.010032234 0.0025387499 0.052850413
v 0.010004584 0.0025387499 0.052811403
v 0.0099831003 0.0025387499 0.052762799
v 0.0099831003 0.0025387499 0.045018902
v 0.0099753118 0.0025387499 0.04459372
v 0.010146 0.0025387499 0.0443256
v 0.0101869 -0.00099590003 0.0527597
v 0.01122 -0.00099590003 0.0527597
v 0.01122 -0.00099849999 0.0527597
v 0.0101869 -0.00099849999 0.0527597
v 0.013506233 -0.00099849999 0.050361061
v 0.013506233 -0.00099590003 0.050361061
v 0.013000251 -0.00099590003 0.050337563
v 0.012730563 -0.00099590003 0.050304651
v 0.012537 -0.00099590003 0.050143399
v 0.012537 -0.0026058999 0.050143399
v 0.012790861 -0.0026058999 0.050322933
v 0.01314401 -0.0026058999 0.050328312
v 0.013455532 -0.0026058999 0.0503441
v 0.013679055 -0.0026058999 0.050415187
v 0.013679055 -0.00099849999 0.050415187
v 0.01308709 -0.00099849999 0.070487943
v 0.013264936 -0.00099849999 0.070472698
v 0.013346953 -0.00099849999 0.070406981
v 0.013346953 -0.0026058999 0.070406981
v 0.013275433 -0.0026058999 0.070470557
v 0.013058031 -0.0026058999 0.070489669
v 0.0124895 -0.0026058999 0.070624099
v 0.0124895 -0.00099590003 0.070624099
v 0.012689248 -0.00099590003 0.070548701
v 0.01289251 -0.00099590003 0.070505438
v 0.01308709 -0.00099590003 0.070487943
v 0.013346953 -0.043411698 0.070406981
v 0.013346953 -0.045021701 0.070406981
v 0.013275433 -0.045021701 0.070470557
v 0.013058031 -0.045021701 0.070489669
v 0.0124895 -0.045021701 0.070624099
v 0.0124895 -0.043411698 0.070624099
v 0.013058031 -0.043411698 0.070489669
v 0.013275433 -0.043411698 0.070470557
v 0.0100994 -0.043411698 0.069446001
v 0.013346953 -0.043411698 0.070406981
v 0.013275433 -0.043411698 0.070470557
v 0.013058031 -0.043411698 0.070489669
v 0.0124895 -0.043411698 0.070624099
v 0.0124895 -0.043411698 0.072159901
v 0.012529178 -0.043411698 0.073051796
v 0.012516537 -0.043411698 0.073522558
v 0.012507082 -0.043411698 0.073872852
v 0.0100087 -0.043411698 0.0716045
v 0.0100087 -0.043411698 0.071480498
v 0.0100015 -0.043411698 0.069539199
v 0.0136438 -0.0308831 0.050439801
v 0.0118677 -0.0308831 0.052400799
v 0.0118677 -0.032807751 0.052400799
v 0.0136438 -0.032807751 0.050439801
v 0.0124895 -0.02027915 0.072159901
v 0.0124895 -0.01866915 0.072159901
v 0.0124895 -0.01866915 0.070624099
v 0.0124895 -0.02027915 0.070624099
v 0.0100087 -0.02027915 0.071480498
v 0.0100015 -0.02027915 0.069539199
v 0.0100015 -0.022203801 0.069539199
v 0.0100087 -0.022203801 0.071480498
v 0.0100994 -0.022203801 0.069446001
v 0.013346953 -0.022203801 0.070406981
v 0.013275433 -0.022203801 0.070470557
v 0.013058031 -0.022203801 0.070489669
v 0.0124895 -0.022203801 0.070624099
v 0.0124895 -0.022203801 0.072159901
v 0.012529178 -0.022203801 0.073051796
v 0.012516537 -0.022203801 0.073522558
v 0.012507082 -0.022203801 0.073872852
v 0.0100087 -0.022203801 0.0716045
v 0.0100087 -0.022203801 0.071480498
v 0.0100015 -0.022203801 0.069539199
v 0.0100087 -0.0308831 0.071480498
v 0.0100015 -0.0308831 0.069539199
v 0.0100015 -0.032807751 0.069539199
v 0.0100087 -0.032807751 0.071480498
v 0.013346953 -0.0308831 0.070406981
v 0.0100994 -0.0308831 0.069446001
v 0.0100015 -0.0308831 0.069539199
v 0.0100087 -0.0308831 0.071480498
v 0.0100087 -0.0308831 0.0716045
v 0.012507082 -0.0308831 0.073872852
v 0.012516537 -0.0308831 0.073522558
v 0.012529178 -0.0308831 0.073051796
v 0.0124895 -0.0308831 0.072159901
v 0.0124895 -0.0308831 0.070624099
v 0.013058031 -0.0308831 0.070489669
v 0.013275433 -0.0308831 0.070470557
v 0.0099831003 -0.02027915 0.045018902
v 0.0099759024 -0.02027915 0.04459084
v 0.010146 -0.02027915 0.0443256
v 0.010146 -0.022203801 0.0443256
v 0.0099753118 -0.022203801 0.04459372
v 0.0099831003 -0.022203801 0.045018902
v 0.011427799 -0.0167445 0.052648401
v 0.01122 -0.0167445 0.0527597
v 0.01122 -0.01674175 0.0527597
v 0.011427799 -0.01674175 0.052648401
v 0.0101869 -0.01866915 0.0527597
v 0.01122 -0.01866915 0.0527597
v 0.01122 -0.01867175 0.0527597
v 0.0101869 -0.01867175 0.0527597
v 0.0100087 -0.045021701 0.0716045
v 0.0100087 -0.045021701 0.071480498
v 0.0100087 -0.046946349 0.071480498
v 0.0100087 -0.046946349 0.0716045
v 0.0100087 -0.034417751 0.0716045
v 0.0100087 -0.034417751 0.071480498
v 0.0100087 -0.036342399 0.071480498
v 0.0100087 -0.036342399 0.0716045
v 0.012537 -0.04148705 0.050143399
v 0.012537 -0.03987705 0.050143399
v 0.012537 -0.03987705 0.046556301
v 0.012537 -0.04148705 0.046556301
v 0.013679055 -0.04148705 0.050415187
v 0.013679055 -0.03987705 0.050415187
v 0.013455532 -0.03987705 0.0503441
v 0.01314401 -0.03987705 0.050328312
v 0.012790861 -0.03987705 0.050322933
v 0.012537 -0.03987705 0.050143399
v 0.012537 -0.04148705 0.050143399
v 0.012790861 -0.04148705 0.050322933
v 0.01314401 -0.04148705 0.050328312
v 0.013455532 -0.04148705 0.0503441
v 0.010146 -0.04148705 0.0443256
v 0.0132595 -0.04148705 0.045248799
v 0.0132595 -0.043411698 0.045248799
v 0.010146 -0.043411698 0.0443256
v 0.010146 -0.0308831 0.0443256
v 0.0132595 -0.0308831 0.045248799
v 0.0132595 -0.032807751 0.045248799
v 0.010146 -0.032807751 0.0443256
v 0.0136438 -0.04148705 0.050439801
v 0.0118677 -0.04148705 0.052400799
v 0.0118677 -0.043411698 0.052400799
v 0.0136438 -0.043411698 0.050439801
v 0.010159301 0.04334455 0.052911201
v 0.010108644 0.04334455 0.052899308
v 0.010065874 0.04334455 0.052878923
v 0.010031542 0.04334455 0.052849646
v 0.010004275 0.04334455 0.052810841
v 0.0099831003 0.04334455 0.052762799
v 0.0099831003 0.041419902 0.052762799
v 0.010004584 0.041419902 0.052811403
v 0.010032234 0.041419902 0.052850413
v 0.010066663 0.041419902 0.052879429
v 0.010109097 0.041419902 0.052899451
v 0.010159301 0.041419902 0.052911201
v 0.010159301 -0.045021701 0.052911201
v 0.010108644 -0.045021701 0.052899308
v 0.010065874 -0.045021701 0.052878923
v 0.010031542 -0.045021701 0.052849646
v 0.010004275 -0.045021701 0.052810841
v 0.0099831003 -0.045021701 0.052762799
v 0.0099831003 -0.046946349 0.052762799
v 0.010004584 -0.046946349 0.052811403
v 0.010032234 -0.046946349 0.052850413
v 0.010066663 -0.046946349 0.052879429
v 0.010109097 -0.046946349 0.052899451
v 0.010159301 -0.046946349 0.052911201
v 0.0118677 0.04334455 0.052400799
v 0.011690036 0.04334455 0.052615037
v 0.01157071 0.04334455 0.052725511
v 0.0112432 0.04334455 0.052911201
v 0.0112432 0.041419902 0.052911201
v 0.01157071 0.041419902 0.052725511
v 0.011690036 0.041419902 0.052615037
v 0.0118677 0.041419902 0.052400799
v 0.0099831003 0.025671301 0.052762799
v 0.0099831003 0.025671301 0.045018902
v 0.0099831003 0.02374665 0.045018902
v 0.0099831003 0.02374665 0.052762799
v 0.0136438 0.025671301 0.050439801
v 0.0118677 0.025671301 0.052400799
v 0.0118677 0.02374665 0.052400799
v 0.0136438 0.02374665 0.050439801
v -0.0118677 -0.045021701 0.052400799
v -0.0136438 -0.045021701 0.050439801
v -0.0136438 -0.046946349 0.050439801
v -0.0118677 -0.046946349 0.052400799
v -0.010159301 0.046879201 0.052911201
v -0.0112432 0.046879201 0.052911201
v -0.0112432 0.044954548 0.052911201
v -0.010159301 0.044954548 0.052911201
v -0.0132595 0.04334455 0.045248799
v -0.010146 0.04334455 0.0443256
v -0.010146 0.041419902 0.0443256
v -0.0132595 0.041419902 0.045248799
v -0.0099831003 0.029205949 0.052762799
v -0.010004275 0.029205949 0.052810841
v -0.010031542 0.029205949 0.052849646
v -0.010065874 0.029205949 0.052878923
v -0.010108644 0.029205949 0.052899308
v -0.010159301 0.029205949 0.052911201
v -0.010159301 0.027281301 0.052911201
v -0.010109097 0.027281301 0.052899451
v -0.010066663 0.027281301 0.052879429
v -0.010032234 0.027281301 0.052850413
v -0.010004584 0.027281301 0.052811403
v -0.0099831003 0.027281301 0.052762799
v -0.013279898 0.025671301 0.045254116
v -0.013279898 0.027281301 0.045254116
v -0.013056375 0.027281301 0.045347772
v -0.012576048 0.027281301 0.045439129
v -0.012460285 0.027281301 0.045646539
v -0.01248201 0.027281301 0.045966954
v -0.012537 0.027281301 0.046556301
v -0.012537 0.025671301 0.046556301
v -0.01248201 0.025671301 0.045966954
v -0.012460285 0.025671301 0.045646539
v -0.012576048 0.025671301 0.045439129
v -0.013056375 0.025671301 0.045347772
v -0.013279898 0.027281301 0.045254116
v -0.0132595 0.027281301 0.045248799
v -0.010146 0.027281301 0.0443256
v -0.0099753118 0.027281301 0.04459372
v -0.0099831003 0.027281301 0.045018902
v -0.0099831003 0.027281301 0.052762799
v -0.010004584 0.027281301 0.052811403
v -0.010032234 0.027281301 0.052850413
v -0.010066663 0.027281301 0.052879429
v -0.010109097 0.027281301 0.052899451
v -0.010159301 0.027281301 0.052911201
v -0.0112432 0.027281301 0.052911201
v -0.01157071 0.027281301 0.052725511
v -0.011690036 0.027281301 0.052615037
v -0.0118677 0.027281301 0.052400799
v -0.0136438 0.027281301 0.050439801
v -0.013679055 0.027281301 0.050415187
v -0.013455532 0.027281301 0.0503441
v -0.01314401 0.027281301 0.050328312
v -0.012790861 0.027281301 0.050322933
v -0.012537 0.027281301 0.050143399
v -0.012537 0.027281301 0.046556301
v -0.01248201 0.027281301 0.045966954
v -0.012460285 0.027281301 0.045646539
v -0.012576048 0.027281301 0.045439129
v -0.013056375 0.027281301 0.045347772
v -0.0132595 0.039809899 0.045248799
v -0.010146 0.039809899 0.0443256
v -0.010146 0.037885251 0.0443256
v -0.0132595 0.037885251 0.045248799
v -0.010159301 0.039809899 0.052911201
v -0.0112432 0.039809899 0.052911201
v -0.0112432 0.037885251 0.052911201
v -0.010159301 0.037885251 0.052911201
v -0.013279898 0.041419902 0.045254116
v -0.0132595 0.041419902 0.045248799
v -0.010146 0.041419902 0.0443256
v -0.0099753118 0.041419902 0.04459372
v -0.0099831003 0.041419902 0.045018902
v -0.0099831003 0.041419902 0.052762799
v -0.010004584 0.041419902 0.052811403
v -0.010032234 0.041419902 0.052850413
v -0.010066663 0.041419902 0.052879429
v -0.010109097 0.041419902 0.052899451
v -0.010159301 0.041419902 0.052911201
v -0.0112432 0.041419902 0.052911201
v -0.01157071 0.041419902 0.052725511
v -0.011690036 0.041419902 0.052615037
v -0.0118677 0.041419902 0.052400799
v -0.0136438 0.041419902 0.050439801
v -0.013679055 0.041419902 0.050415187
v -0.013455532 0.041419902 0.0503441
v -0.01314401 0.041419902 0.050328312
v -0.012790861 0.041419902 0.050322933
v -0.012537 0.041419902 0.050143399
v -0.012537 0.041419902 0.046556301
v -0.01248201 0.041419902 0.045966954
v -0.012460285 0.041419902 0.045646539
v -0.012576048 0.041419902 0.045439129
v -0.013056375 0.041419902 0.045347772
v -0.0100015 0.0327406 0.069539199
v -0.0100087 0.0327406 0.071480498
v -0.0100087 0.030815949 0.071480498
v -0.0100015 0.030815949 0.069539199
v -0.013279898 0.04334455 0.045254116
v -0.013279898 0.044954548 0.045254116
v -0.013056375 0.044954548 0.045347772
v -0.012576048 0.044954548 0.045439129
v -0.012460285 0.044954548 0.045646539
v -0.01248201 0.044954548 0.045966954
v -0.012537 0.044954548 0.046556301
v -0.012537 0.04334455 0.046556301
v -0.01248201 0.04334455 0.045966954
v -0.012460285 0.04334455 0.045646539
v -0.012576048 0.04334455 0.045439129
v -0.013056375 0.04334455 0.045347772
v -0.010159301 -0.037952399 0.052911201
v -0.0112432 -0.037952399 0.052911201
v -0.0112432 -0.03987705 0.052911201
v -0.010159301 -0.03987705 0.052911201
v -0.013279898 -0.04148705 0.045254116
v -0.013279898 -0.03987705 0.045254116
v -0.013056375 -0.03987705 0.045347772
v -0.012576048 -0.03987705 0.045439129
v -0.012460285 -0.03987705 0.045646539
v -0.01248201 -0.03987705 0.045966954
v -0.012537 -0.03987705 0.046556301
v -0.012537 -0.04148705 0.046556301
v -0.01248201 -0.04148705 0.045966954
v -0.012460285 -0.04148705 0.045646539
v -0.012576048 -0.04148705 0.045439129
v -0.013056375 -0.04148705 0.045347772
v -0.013279898 -0.03987705 0.045254116
v -0.0132595 -0.03987705 0.045248799
v -0.010146 -0.03987705 0.0443256
v -0.0099753118 -0.03987705 0.04459372
v -0.0099831003 -0.03987705 0.045018902
v -0.0099831003 -0.03987705 0.052762799
v -0.010004584 -0.03987705 0.052811403
v -0.010032234 -0.03987705 0.052850413
v -0.010066663 -0.03987705 0.052879429
v -0.010109097 -0.03987705 0.052899451
v -0.010159301 -0.03987705 0.052911201
v -0.0112432 -0.03987705 0.052911201
v -0.01157071 -0.03987705 0.052725511
v -0.011690036 -0.03987705 0.052615037
v -0.0118677 -0.03987705 0.052400799
v -0.0136438 -0.03987705 0.050439801
v -0.013679055 -0.03987705 0.050415187
v -0.013455532 -0.03987705 0.0503441
v -0.01314401 -0.03987705 0.050328312
v -0.012790861 -0.03987705 0.050322933
v -0.012537 -0.03987705 0.050143399
v -0.012537 -0.03987705 0.046556301
v -0.01248201 -0.03987705 0.045966954
v -0.012460285 -0.03987705 0.045646539
v -0.012576048 -0.03987705 0.045439129
v -0.013056375 -0.03987705 0.045347772
v -0.0132595 -0.0308831 0.045248799
v -0.013279898 -0.0308831 0.045254116
v -0.013056375 -0.0308831 0.045347772
v -0.012576048 -0.0308831 0.045439129
v -0.012460285 -0.0308831 0.045646539
v -0.01248201 -0.0308831 0.045966954
v -0.012537 -0.0308831 0.046556301
v -0.012537 -0.0308831 0.050143399
v -0.012790861 -0.0308831 0.050322933
v -0.01314401 -0.0308831 0.050328312
v -0.013455532 -0.0308831 0.0503441
v -0.013679055 -0.0308831 0.050415187
v -0.0136438 -0.0308831 0.050439801
v -0.0118677 -0.0308831 0.052400799
v -0.011690036 -0.0308831 0.052615037
v -0.01157071 -0.0308831 0.052725511
v -0.0112432 -0.0308831 0.052911201
v -0.010159301 -0.0308831 0.052911201
v -0.010108644 -0.0308831 0.052899308
v -0.010065874 -0.0308831 0.052878923
v -0.010031542 -0.0308831 0.052849646
v -0.010004275 -0.0308831 0.052810841
v -0.0099831003 -0.0308831 0.052762799
v -0.0099831003 -0.0308831 0.045018902
v -0.0099759024 -0.0308831 0.04459084
v -0.010146 -0.0308831 0.0443256
v -0.0099831003 -0.034417751 0.045018902
v -0.0099831003 -0.034417751 0.052762799
v -0.0099831003 -0.036342399 0.052762799
v -0.0099831003 -0.036342399 0.045018902
v -0.0101869 -0.036342399 0.0527597
v -0.010141007 -0.036342399 0.052750854
v -0.010088151 -0.036342399 0.05275064
v -0.010037916 -0.036342399 0.05276598
v -0.009996503 -0.036342399 0.052795639
v -0.009996503 -0.034417751 0.052795639
v -0.010037535 -0.034417751 0.052766175
v -0.010087509 -0.034417751 0.052750726
v -0.010140328 -0.034417751 0.052750783
v -0.0101869 -0.034417751 0.0527597
v -0.0101869 -0.034414999 0.0527597
v -0.010135024 -0.034414999 0.052750258
v -0.010087583 -0.034414999 0.052750711
v -0.010045217 -0.034414999 0.052762499
v -0.010007933 -0.034414999 0.052785635
v -0.0099751002 -0.034414999 0.052818699
v -0.0099751002 -0.036345 0.052818699
v -0.010007933 -0.036345 0.052785635
v -0.010045217 -0.036345 0.052762499
v -0.010087583 -0.036345 0.052750711
v -0.010135024 -0.036345 0.052750258
v -0.0101869 -0.036345 0.0527597
v -0.013279898 -0.034417751 0.045254116
v -0.013279898 -0.032807751 0.045254116
v -0.013056375 -0.032807751 0.045347772
v -0.012576048 -0.032807751 0.045439129
v -0.012460285 -0.032807751 0.045646539
v -0.01248201 -0.032807751 0.045966954
v -0.012537 -0.032807751 0.046556301
v -0.012537 -0.034417751 0.046556301
v -0.01248201 -0.034417751 0.045966954
v -0.012460285 -0.034417751 0.045646539
v -0.012576048 -0.034417751 0.045439129
v -0.013056375 -0.034417751 0.045347772
v -0.0100994 0.04334455 0.069446001
v -0.0100015 0.04334455 0.069539199
v -0.0100015 0.041419902 0.069539199
v -0.0100994 0.041419902 0.069446001
v -0.0099831003 0.01506735 0.052762799
v -0.010004275 0.01506735 0.052810841
v -0.010031542 0.01506735 0.052849646
v -0.010065874 0.01506735 0.052878923
v -0.010108644 0.01506735 0.052899308
v -0.010159301 0.01506735 0.052911201
v -0.010159301 0.0131427 0.052911201
v -0.010109097 0.0131427 0.052899451
v -0.010066663 0.0131427 0.052879429
v -0.010032234 0.0131427 0.052850413
v -0.010004584 0.0131427 0.052811403
v -0.0099831003 0.0131427 0.052762799
v -0.010146 0.018602 0.0443256
v -0.0099759024 0.018602 0.04459084
v -0.0099831003 0.018602 0.045018902
v -0.0099831003 0.01667735 0.045018902
v -0.0099753118 0.01667735 0.04459372
v -0.010146 0.01667735 0.0443256
v -0.014519176 0.018604749 0.050126438
v -0.014519176 0.01667475 0.050126438
v -0.014436003 0.01667475 0.050456262
v -0.0144551 0.01667475 0.0508393
v -0.0144551 0.018604749 0.0508393
v -0.014436003 0.018604749 0.050456262
v -0.010024558 0.01667735 0.06951725
v -0.0100936 0.01667735 0.069606099
v -0.0100936 0.01667475 0.069606099
v -0.0099751002 0.01667475 0.069453602
v -0.0099751002 0.018604749 0.069453602
v -0.0100936 0.018604749 0.069606099
v -0.0100936 0.018602 0.069606099
v -0.010024558 0.018602 0.06951725
v -0.012537 0.01667735 0.050143399
v -0.012537 0.01506735 0.050143399
v -0.012537 0.01506735 0.046556301
v -0.012537 0.01667735 0.046556301
v -0.0132595 0.018602 0.045248799
v -0.010146 0.018602 0.0443256
v -0.010146 0.01667735 0.0443256
v -0.0132595 0.01667735 0.045248799
v -0.0100087 0.046879201 0.071480498
v -0.0100087 0.046879201 0.0716045
v -0.0100087 0.044954548 0.0716045
v -0.0100087 0.044954548 0.071480498
v -0.01122 0.00092874996 0.0527597
v -0.011427799 0.00092874996 0.052648401
v -0.011427799 0.00093149997 0.052648401
v -0.01122 0.00093149997 0.0527597
v -0.013346953 0.020211999 0.070406981
v -0.0100994 0.020211999 0.069446001
v -0.0100015 0.020211999 0.069539199
v -0.0100087 0.020211999 0.071480498
v -0.0100087 0.020211999 0.0716045
v -0.012507082 0.020211999 0.073872852
v -0.012516537 0.020211999 0.073522558
v -0.012529178 0.020211999 0.073051796
v -0.0124895 0.020211999 0.072159901
v -0.0124895 0.020211999 0.070624099
v -0.013058031 0.020211999 0.070489669
v -0.013275433 0.020211999 0.070470557
v -0.01308709 0.01667735 0.070487943
v -0.0100936 0.01667735 0.069606099
v -0.010024558 0.01667735 0.06951725
v -0.0100015 0.01667735 0.069539199
v -0.0100087 0.01667735 0.071480498
v -0.0100087 0.01667735 0.0716045
v -0.012507082 0.01667735 0.073872852
v -0.012516537 0.01667735 0.073522558
v -0.012529178 0.01667735 0.073051796
v -0.0124895 0.01667735 0.072159901
v -0.0124895 0.01667735 0.070624099
v -0.012689248 0.01667735 0.070548701
v -0.01289251 0.01667735 0.070505438
v -0.0135677 0.01667475 0.070472298
v -0.013346953 0.01667475 0.070406981
v -0.013346953 0.01506735 0.070406981
v -0.0100994 0.01506735 0.069446001
v -0.0100994 0.0131427 0.069446001
v -0.013346953 0.0131427 0.070406981
v -0.013346953 0.0115327 0.070406981
v -0.0100994 0.0115327 0.069446001
v -0.0100994 0.00960805 0.069446001
v -0.013346953 0.00960805 0.070406981
v -0.013346953 0.0079980499 0.070406981
v -0.0100994 0.0079980499 0.069446001
v -0.0100994 0.0060733998 0.069446001
v -0.013346953 0.0060733998 0.070406981
v -0.013346953 0.0044633999 0.070406981
v -0.0100994 0.0044633999 0.069446001
v -0.0100994 0.0025387499 0.069446001
v -0.013346953 0.0025387499 0.070406981
v -0.013346953 0.00093149997 0.070406981
v -0.0135677 0.00093149997 0.070472298
v -0.0017099179 0.029240949 0.018018194
v -0.0015780129 0.029240949 0.018567621
v -0.0012623653 0.029240949 0.019056196
v -0.00067759603 0.029240949 0.019479625
v -0.00033694662 0.029240949 0.019585383
v 0.00016759999 0.029240949 0.0196112
v 0.00087720916 0.029240949 0.019374551
v 0.0011393947 0.029240949 0.019183298
v 0.0014213887 0.029240949 0.018862392
v 0.001617243 0.029240949 0.018463665
v 0.0017134655 0.029240949 0.018048944
v 0.001600834 0.029240949 0.018055419
v 0.0014591068 0.029240949 0.018031569
v 0.0012983435 0.029240949 0.01801546
v 0.0011228 0.029240949 0.0180231
v -0.0008783 0.029240949 0.0180231
v -0.0013489805 0.029240949 0.018055273
v -0.0015623884 0.029240949 0.018085564
v -0.0132595 -0.045021701 0.045248799
v -0.010146 -0.045021701 0.0443256
v -0.010146 -0.046946349 0.0443256
v -0.0132595 -0.046946349 0.045248799
v -0.013679055 -0.01867175 0.050415187
v -0.013506233 -0.01867175 0.050361061
v -0.011427799 -0.01867175 0.052648401
v -0.01122 -0.01867175 0.0527597
v -0.0101869 -0.01867175 0.0527597
v -0.010135024 -0.01867175 0.052750258
v -0.010087583 -0.01867175 0.052750711
v -0.010045217 -0.01867175 0.052762499
v -0.010007933 -0.01867175 0.052785635
v -0.0099751002 -0.01867175 0.052818699
v -0.0099751002 -0.01867175 0.069453602
v -0.0100936 -0.01867175 0.069606099
v -0.01308709 -0.01867175 0.070487943
v -0.013269511 -0.01867175 0.070471807
v -0.013346953 -0.01867175 0.070406981
v -0.0135677 -0.01867175 0.070472298
v -0.01380402 -0.01867175 0.070507741
v -0.014022518 -0.01867175 0.07053812
v -0.014227622 -0.01867175 0.070568004
v -0.014423757 -0.01867175 0.070601945
v -0.014615349 -0.01867175 0.070644507
v -0.0144551 -0.01867175 0.0704321
v -0.0144551 -0.01867175 0.0508393
v -0.014436003 -0.01867175 0.050456262
v -0.014519176 -0.01867175 0.050126438
v -0.014320619 -0.01867175 0.05017879
v -0.01414607 -0.01867175 0.050221028
v -0.013986787 -0.01867175 0.050265965
v -0.013834029 -0.01867175 0.050326414
v -0.0100087 -0.037952399 0.071480498
v -0.0100087 -0.037952399 0.0716045
v -0.0100087 -0.03987705 0.0716045
v -0.0100087 -0.03987705 0.071480498
v -0.0100994 -0.04148705 0.069446001
v -0.0100015 -0.04148705 0.069539199
v -0.0100015 -0.043411698 0.069539199
v -0.0100994 -0.043411698 0.069446001
v -0.013346953 -0.04148705 0.070406981
v -0.013346953 -0.03987705 0.070406981
v -0.013275433 -0.03987705 0.070470557
v -0.013058031 -0.03987705 0.070489669
v -0.0124895 -0.03987705 0.070624099
v -0.0124895 -0.04148705 0.070624099
v -0.013058031 -0.04148705 0.070489669
v -0.013275433 -0.04148705 0.070470557
v -0.012507082 -0.046946349 0.073872852
v -0.012507082 -0.048556352 0.073872852
v -0.012516537 -0.048556352 0.073522558
v -0.012529178 -0.048556352 0.073051796
v -0.0124895 -0.048556352 0.072159901
v -0.0124895 -0.046946349 0.072159901
v -0.012529178 -0.046946349 0.073051796
v -0.012516537 -0.046946349 0.073522558
v -0.013346953 -0.048556352 0.070406981
v -0.013346953 -0.046946349 0.070406981
v -0.013275433 -0.046946349 0.070470557
v -0.013058031 -0.046946349 0.070489669
v -0.0124895 -0.046946349 0.070624099
v -0.0124895 -0.048556352 0.070624099
v -0.013058031 -0.048556352 0.070489669
v -0.013275433 -0.048556352 0.070470557
v 0.0100015 -0.045021701 0.069539199
v 0.0100994 -0.045021701 0.069446001
v 0.0100994 -0.046946349 0.069446001
v 0.0100015 -0.046946349 0.069539199
v -0.0017099179 -0.037917399 0.018018194
v -0.0015780129 -0.037917399 0.018567621
v -0.0012623653 -0.037917399 0.019056196
v -0.00067759603 -0.037917399 0.019479625
v -0.00033694662 -0.037917399 0.019585383
v 0.00016759999 -0.037917399 0.0196112
v 0.00087720916 -0.037917399 0.019374551
v 0.0011393947 -0.037917399 0.019183298
v 0.0014213887 -0.037917399 0.018862392
v 0.001617243 -0.037917399 0.018463665
v 0.0017134655 -0.037917399 0.018048944
v 0.001600834 -0.037917399 0.018055419
v 0.0014591068 -0.037917399 0.018031569
v 0.0012983435 -0.037917399 0.01801546
v 0.0011228 -0.037917399 0.0180231
v -0.0008783 -0.037917399 0.0180231
v -0.0013489805 -0.037917399 0.018055273
v -0.0015623884 -0.037917399 0.018085564
v 0.013346953 0.027281301 0.070406981
v 0.013346953 0.025671301 0.070406981
v 0.013275433 0.025671301 0.070470557
v 0.013058031 0.025671301 0.070489669
v 0.0124895 0.025671301 0.070624099
v 0.0124895 0.027281301 0.070624099
v 0.013058031 0.027281301 0.070489669
v 0.013275433 0.027281301 0.070470557
v 0.0100994 0.027281301 0.069446001
v 0.013346953 0.027281301 0.070406981
v 0.013275433 0.027281301 0.070470557
v 0.013058031 0.027281301 0.070489669
v 0.0124895 0.027281301 0.070624099
v 0.0124895 0.027281301 0.072159901
v 0.012529178 0.027281301 0.073051796
v 0.012516537 0.027281301 0.073522558
v 0.012507082 0.027281301 0.073872852
v 0.0100087 0.027281301 0.0716045
v 0.0100087 0.027281301 0.071480498
v 0.0100015 0.027281301 0.069539199
v 0.013279898 0.0131427 0.045254116
v 0.013279898 0.0115327 0.045254116
v 0.013056375 0.0115327 0.045347772
v 0.012576048 0.0115327 0.045439129
v 0.012460285 0.0115327 0.045646539
v 0.01248201 0.0115327 0.045966954
v 0.012537 0.0115327 0.046556301
v 0.012537 0.0131427 0.046556301
v 0.01248201 0.0131427 0.045966954
v 0.012460285 0.0131427 0.045646539
v 0.012576048 0.0131427 0.045439129
v 0.013056375 0.0131427 0.045347772
v 0.0132595 0.0131427 0.045248799
v 0.013279898 0.0131427 0.045254116
v 0.013056375 0.0131427 0.045347772
v 0.012576048 0.0131427 0.045439129
v 0.012460285 0.0131427 0.045646539
v 0.01248201 0.0131427 0.045966954
v 0.012537 0.0131427 0.046556301
v 0.012537 0.0131427 0.050143399
v 0.012790861 0.0131427 0.050322933
v 0.01314401 0.0131427 0.050328312
v 0.013455532 0.0131427 0.0503441
v 0.013679055 0.0131427 0.050415187
v 0.0136438 0.0131427 0.050439801
v 0.0118677 0.0131427 0.052400799
v 0.011690036 0.0131427 0.052615037
v 0.01157071 0.0131427 0.052725511
v 0.0112432 0.0131427 0.052911201
v 0.010159301 0.0131427 0.052911201
v 0.010109097 0.0131427 0.052899451
v 0.010066663 0.0131427 0.052879429
v 0.010032234 0.0131427 0.052850413
v 0.010004584 0.0131427 0.052811403
v 0.0099831003 0.0131427 0.052762799
v 0.0099831003 0.0131427 0.045018902
v 0.0099753118 0.0131427 0.04459372
v 0.010146 0.0131427 0.0443256
v 0.013279898 0.01667735 0.045254116
v 0.013279898 0.01506735 0.045254116
v 0.013056375 0.01506735 0.045347772
v 0.012576048 0.01506735 0.045439129
v 0.012460285 0.01506735 0.045646539
v 0.01248201 0.01506735 0.045966954
v 0.012537 0.01506735 0.046556301
v 0.012537 0.01667735 0.046556301
v 0.01248201 0.01667735 0.045966954
v 0.012460285 0.01667735 0.045646539
v 0.012576048 0.01667735 0.045439129
v 0.013056375 0.01667735 0.045347772
v 0.0100015 0.025671301 0.069539199
v 0.0100994 0.025671301 0.069446001
v 0.0100994 0.02374665 0.069446001
v 0.0100015 0.02374665 0.069539199
v 0.013279898 0.020211999 0.045254116
v 0.013279898 0.018602 0.045254116
v 0.013056375 0.018602 0.045347772
v 0.012576048 0.018602 0.045439129
v 0.012460285 0.018602 0.045646539
v 0.01248201 0.018602 0.045966954
v 0.012537 0.018602 0.046556301
v 0.012537 0.020211999 0.046556301
v 0.01248201 0.020211999 0.045966954
v 0.012460285 0.020211999 0.045646539
v 0.012576048 0.020211999 0.045439129
v 0.013056375 0.020211999 0.045347772
v 0.013279898 0.02213665 0.045254116
v 0.0132595 0.02213665 0.045248799
v 0.010146 0.02213665 0.0443256
v 0.0099759024 0.02213665 0.04459084
v 0.0099831003 0.02213665 0.045018902
v 0.0099831003 0.02213665 0.052762799
v 0.010004275 0.02213665 0.052810841
v 0.010031542 0.02213665 0.052849646
v 0.010065874 0.02213665 0.052878923
v 0.010108644 0.02213665 0.052899308
v 0.010159301 0.02213665 0.052911201
v 0.0112432 0.02213665 0.052911201
v 0.01157071 0.02213665 0.052725511
v 0.011690036 0.02213665 0.052615037
v 0.0118677 0.02213665 0.052400799
v 0.0136438 0.02213665 0.050439801
v 0.013679055 0.02213665 0.050415187
v 0.013455532 0.02213665 0.0503441
v 0.01314401 0.02213665 0.050328312
v 0.012790861 0.02213665 0.050322933
v 0.012537 0.02213665 0.050143399
v 0.012537 0.02213665 0.046556301
v 0.01248201 0.02213665 0.045966954
v 0.012460285 0.02213665 0.045646539
v 0.012576048 0.02213665 0.045439129
v 0.013056375 0.02213665 0.045347772
v 0.0099831003 0.01506735 0.052762799
v 0.0099831003 0.01506735 0.045018902
v 0.0099831003 0.0131427 0.045018902
v 0.0099831003 0.0131427 0.052762799
v 0.0124895 0.01506735 0.072159901
v 0.0124895 0.01667735 0.072159901
v 0.0124895 0.01667735 0.070624099
v 0.0124895 0.01506735 0.070624099
v 0.0100936 0.01667735 0.069606099
v 0.01308709 0.01667735 0.070487943
v 0.01289251 0.01667735 0.070505438
v 0.012689248 0.01667735 0.070548701
v 0.0124895 0.01667735 0.070624099
v 0.0124895 0.01667735 0.072159901
v 0.012529178 0.01667735 0.073051796
v 0.012516537 0.01667735 0.073522558
v 0.012507082 0.01667735 0.073872852
v 0.0100087 0.01667735 0.0716045
v 0.0100087 0.01667735 0.071480498
v 0.0100015 0.01667735 0.069539199
v 0.010024558 0.01667735 0.06951725
v 0.0100015 0.01506735 0.069539199
v 0.0100994 0.01506735 0.069446001
v 0.0100994 0.0131427 0.069446001
v 0.0100015 0.0131427 0.069539199
v 0.01122 -0.0167445 0.0527597
v 0.0101869 -0.0167445 0.0527597
v 0.0101869 -0.01674175 0.0527597
v 0.01122 -0.01674175 0.0527597
v 0.010024558 0.00092874996 0.06951725
v 0.010024558 -0.00099590003 0.06951725
v 0.0100015 -0.00099590003 0.069539199
v 0.0100015 0.00092874996 0.069539199
v 0.0100015 0.0044633999 0.069539199
v 0.0100994 0.0044633999 0.069446001
v 0.0100994 0.0025387499 0.069446001
v 0.0100015 0.0025387499 0.069539199
v 0.013506233 0.00093149997 0.050361061
v 0.013679055 0.00093149997 0.050415187
v 0.013679055 0.0025387499 0.050415187
v 0.013455532 0.0025387499 0.0503441
v 0.01314401 0.0025387499 0.050328312
v 0.012790861 0.0025387499 0.050322933
v 0.012537 0.0025387499 0.050143399
v 0.012537 0.00092874996 0.050143399
v 0.012730563 0.00092874996 0.050304651
v 0.013000251 0.00092874996 0.050337563
v 0.013506233 0.00092874996 0.050361061
v 0.01122 -0.00099590003 0.0527597
v 0.011427799 -0.00099590003 0.052648401
v 0.011427799 -0.00099849999 0.052648401
v 0.01122 -0.00099849999 0.0527597
v 0.009996503 0.00092874996 0.052795639
v 0.010037916 0.00092874996 0.05276598
v 0.010088151 0.00092874996 0.05275064
v 0.010141007 0.00092874996 0.052750854
v 0.0101869 0.00092874996 0.0527597
v 0.01122 0.00092874996 0.0527597
v 0.011427799 0.00092874996 0.052648401
v 0.013506233 0.00092874996 0.050361061
v 0.013000251 0.00092874996 0.050337563
v 0.012730563 0.00092874996 0.050304651
v 0.012537 0.00092874996 0.050143399
v 0.012537 0.00092874996 0.046556301
v 0.01248201 0.00092874996 0.045966954
v 0.012460285 0.00092874996 0.045646539
v 0.012576048 0.00092874996 0.045439129
v 0.013056375 0.00092874996 0.045347772
v 0.013279898 0.00092874996 0.045254116
v 0.0132595 0.00092874996 0.045248799
v 0.010146 0.00092874996 0.0443256
v 0.0099759024 0.00092874996 0.04459084
v 0.0099831003 0.00092874996 0.045018902
v 0.0099831003 0.00092874996 0.052762799
v 0.0100087 -0.04148705 0.0716045
v 0.0100087 -0.04148705 0.071480498
v 0.0100087 -0.043411698 0.071480498
v 0.0100087 -0.043411698 0.0716045
v 0.0124895 -0.04148705 0.072159901
v 0.0124895 -0.03987705 0.072159901
v 0.0124895 -0.03987705 0.070624099
v 0.0124895 -0.04148705 0.070624099
v 0.012507082 -0.04148705 0.073872852
v 0.012507082 -0.03987705 0.073872852
v 0.012516537 -0.03987705 0.073522558
v 0.012529178 -0.03987705 0.073051796
v 0.0124895 -0.03987705 0.072159901
v 0.0124895 -0.04148705 0.072159901
v 0.012529178 -0.04148705 0.073051796
v 0.012516537 -0.04148705 0.073522558
v 0.0124895 -0.034417751 0.072159901
v 0.0124895 -0.032807751 0.072159901
v 0.0124895 -0.032807751 0.070624099
v 0.0124895 -0.034417751 0.070624099
v 0.012507082 -0.02027915 0.073872852
v 0.012507082 -0.01866915 0.073872852
v 0.012516537 -0.01866915 0.073522558
v 0.012529178 -0.01866915 0.073051796
v 0.0124895 -0.01866915 0.072159901
v 0.0124895 -0.02027915 0.072159901
v 0.012529178 -0.02027915 0.073051796
v 0.012516537 -0.02027915 0.073522558
v 0.0100015 -0.02027915 0.069539199
v 0.0100994 -0.02027915 0.069446001
v 0.0100994 -0.022203801 0.069446001
v 0.0100015 -0.022203801 0.069539199
v 0.0100015 -0.0308831 0.069539199
v 0.0100994 -0.0308831 0.069446001
v 0.0100994 -0.032807751 0.069446001
v 0.0100015 -0.032807751 0.069539199
v 0.010146 -0.02027915 0.0443256
v 0.0132595 -0.02027915 0.045248799
v 0.0132595 -0.022203801 0.045248799
v 0.010146 -0.022203801 0.0443256
v 0.011427799 -0.01866915 0.052648401
v 0.013506233 -0.01866915 0.050361061
v 0.013506233 -0.01867175 0.050361061
v 0.011427799 -0.01867175 0.052648401
v 0.01122 -0.01866915 0.0527597
v 0.011427799 -0.01866915 0.052648401
v 0.011427799 -0.01867175 0.052648401
v 0.01122 -0.01867175 0.0527597
v 0.009996503 -0.0167445 0.052795639
v 0.010037916 -0.0167445 0.05276598
v 0.010088151 -0.0167445 0.05275064
v 0.010141007 -0.0167445 0.052750854
v 0.0101869 -0.0167445 0.0527597
v 0.01122 -0.0167445 0.0527597
v 0.011427799 -0.0167445 0.052648401
v 0.013506233 -0.0167445 0.050361061
v 0.013000251 -0.0167445 0.050337563
v 0.012730563 -0.0167445 0.050304651
v 0.012537 -0.0167445 0.050143399
v 0.012537 -0.0167445 0.046556301
v 0.01248201 -0.0167445 0.045966954
v 0.012460285 -0.0167445 0.045646539
v 0.012576048 -0.0167445 0.045439129
v 0.013056375 -0.0167445 0.045347772
v 0.013279898 -0.0167445 0.045254116
v 0.0132595 -0.0167445 0.045248799
v 0.010146 -0.0167445 0.0443256
v 0.0099759024 -0.0167445 0.04459084
v 0.0099831003 -0.0167445 0.045018902
v 0.0099831003 -0.0167445 0.052762799
v 0.01308709 -0.01867175 0.070487943
v 0.01308709 -0.01866915 0.070487943
v 0.0100936 -0.01866915 0.069606099
v 0.0100936 -0.01867175 0.069606099
v 0.0100087 -0.034417751 0.071480498
v 0.0100015 -0.034417751 0.069539199
v 0.0100015 -0.036342399 0.069539199
v 0.0100087 -0.036342399 0.071480498
v 0.013279898 -0.04148705 0.045254116
v 0.0132595 -0.04148705 0.045248799
v 0.010146 -0.04148705 0.0443256
v 0.0099759024 -0.04148705 0.04459084
v 0.0099831003 -0.04148705 0.045018902
v 0.0099831003 -0.04148705 0.052762799
v 0.010004275 -0.04148705 0.052810841
v 0.010031542 -0.04148705 0.052849646
v 0.010065874 -0.04148705 0.052878923
v 0.010108644 -0.04148705 0.052899308
v 0.010159301 -0.04148705 0.052911201
v 0.0112432 -0.04148705 0.052911201
v 0.01157071 -0.04148705 0.052725511
v 0.011690036 -0.04148705 0.052615037
v 0.0118677 -0.04148705 0.052400799
v 0.0136438 -0.04148705 0.050439801
v 0.013679055 -0.04148705 0.050415187
v 0.013455532 -0.04148705 0.0503441
v 0.01314401 -0.04148705 0.050328312
v 0.012790861 -0.04148705 0.050322933
v 0.012537 -0.04148705 0.050143399
v 0.012537 -0.04148705 0.046556301
v 0.01248201 -0.04148705 0.045966954
v 0.012460285 -0.04148705 0.045646539
v 0.012576048 -0.04148705 0.045439129
v 0.013056375 -0.04148705 0.045347772
v 0.0132595 -0.03987705 0.045248799
v 0.013279898 -0.03987705 0.045254116
v 0.013056375 -0.03987705 0.045347772
v 0.012576048 -0.03987705 0.045439129
v 0.012460285 -0.03987705 0.045646539
v 0.01248201 -0.03987705 0.045966954
v 0.012537 -0.03987705 0.046556301
v 0.012537 -0.03987705 0.050143399
v 0.012790861 -0.03987705 0.050322933
v 0.01314401 -0.03987705 0.050328312
v 0.013455532 -0.03987705 0.0503441
v 0.013679055 -0.03987705 0.050415187
v 0.0136438 -0.03987705 0.050439801
v 0.0118677 -0.03987705 0.052400799
v 0.011690036 -0.03987705 0.052615037
v 0.01157071 -0.03987705 0.052725511
v 0.0112432 -0.03987705 0.052911201
v 0.010159301 -0.03987705 0.052911201
v 0.010109097 -0.03987705 0.052899451
v 0.010066663 -0.03987705 0.052879429
v 0.010032234 -0.03987705 0.052850413
v 0.010004584 -0.03987705 0.052811403
v 0.0099831003 -0.03987705 0.052762799
v 0.0099831003 -0.03987705 0.045018902
v 0.0099753118 -0.03987705 0.04459372
v 0.010146 -0.03987705 0.0443256
v 0.0112432 -0.045021701 0.052911201
v 0.010159301 -0.045021701 0.052911201
v 0.010159301 -0.046946349 0.052911201
v 0.0112432 -0.046946349 0.052911201
v 0.0132595 -0.043411698 0.045248799
v 0.013279898 -0.043411698 0.045254116
v 0.013056375 -0.043411698 0.045347772
v 0.012576048 -0.043411698 0.045439129
v 0.012460285 -0.043411698 0.045646539
v 0.01248201 -0.043411698 0.045966954
v 0.012537 -0.043411698 0.046556301
v 0.012537 -0.043411698 0.050143399
v 0.012790861 -0.043411698 0.050322933
v 0.01314401 -0.043411698 0.050328312
v 0.013455532 -0.043411698 0.0503441
v 0.013679055 -0.043411698 0.050415187
v 0.0136438 -0.043411698 0.050439801
v 0.0118677 -0.043411698 0.052400799
v 0.011690036 -0.043411698 0.052615037
v 0.01157071 -0.043411698 0.052725511
v 0.0112432 -0.043411698 0.052911201
v 0.010159301 -0.043411698 0.052911201
v 0.010109097 -0.043411698 0.052899451
v 0.010066663 -0.043411698 0.052879429
v 0.010032234 -0.043411698 0.052850413
v 0.010004584 -0.043411698 0.052811403
v 0.0099831003 -0.043411698 0.052762799
v 0.0099831003 -0.043411698 0.045018902
v 0.0099753118 -0.043411698 0.04459372
v 0.010146 -0.043411698 0.0443256
v 0.0099831003 0.04334455 0.052762799
v 0.0099831003 0.04334455 0.045018902
v 0.0099831003 0.041419902 0.045018902
v 0.0099831003 0.041419902 0.052762799
v 0.0099831003 -0.045021701 0.052762799
v 0.0099831003 -0.045021701 0.045018902
v 0.0099831003 -0.046946349 0.045018902
v 0.0099831003 -0.046946349 0.052762799
v 0.013279898 -0.043411698 0.045254116
v 0.013279898 -0.045021701 0.045254116
v 0.013056375 -0.045021701 0.045347772
v 0.012576048 -0.045021701 0.045439129
v 0.012460285 -0.045021701 0.045646539
v 0.01248201 -0.045021701 0.045966954
v 0.012537 -0.045021701 0.046556301
v 0.012537 -0.043411698 0.046556301
v 0.01248201 -0.043411698 0.045966954
v 0.012460285 -0.043411698 0.045646539
v 0.012576048 -0.043411698 0.045439129
v 0.013056375 -0.043411698 0.045347772
v 0.0099831003 0.039809899 0.052762799
v 0.0099831003 0.039809899 0.045018902
v 0.0099831003 0.037885251 0.045018902
v 0.0099831003 0.037885251 0.052762799
v 0.013279898 0.041419902 0.045254116
v 0.013279898 0.039809899 0.045254116
v 0.013056375 0.039809899 0.045347772
v 0.012576048 0.039809899 0.045439129
v 0.012460285 0.039809899 0.045646539
v 0.01248201 0.039809899 0.045966954
v 0.012537 0.039809899 0.046556301
v 0.012537 0.041419902 0.046556301
v 0.01248201 0.041419902 0.045966954
v 0.012460285 0.041419902 0.045646539
v 0.012576048 0.041419902 0.045439129
v 0.013056375 0.041419902 0.045347772
v 0.012537 0.025671301 0.050143399
v 0.012537 0.027281301 0.050143399
v 0.012537 0.027281301 0.046556301
v 0.012537 0.025671301 0.046556301
v 0.0099831003 0.025671301 0.045018902
v 0.0099759024 0.025671301 0.04459084
v 0.010146 0.025671301 0.0443256
v 0.010146 0.02374665 0.0443256
v 0.0099753118 0.02374665 0.04459372
v 0.0099831003 0.02374665 0.045018902
v 0.012537 0.04334455 0.050143399
v 0.012537 0.044954548 0.050143399
v 0.012537 0.044954548 0.046556301
v 0.012537 0.04334455 0.046556301
v -0.0099831003 0.046879201 0.052762799
v -0.010004275 0.046879201 0.052810841
v -0.010031542 0.046879201 0.052849646
v -0.010065874 0.046879201 0.052878923
v -0.010108644 0.046879201 0.052899308
v -0.010159301 0.046879201 0.052911201
v -0.010159301 0.044954548 0.052911201
v -0.010109097 0.044954548 0.052899451
v -0.010066663 0.044954548 0.052879429
v -0.010032234 0.044954548 0.052850413
v -0.010004584 0.044954548 0.052811403
v -0.0099831003 0.044954548 0.052762799
v -0.013279898 0.044954548 0.045254116
v -0.0132595 0.044954548 0.045248799
v -0.010146 0.044954548 0.0443256
v -0.0099753118 0.044954548 0.04459372
v -0.0099831003 0.044954548 0.045018902
v -0.0099831003 0.044954548 0.052762799
v -0.010004584 0.044954548 0.052811403
v -0.010032234 0.044954548 0.052850413
v -0.010066663 0.044954548 0.052879429
v -0.010109097 0.044954548 0.052899451
v -0.010159301 0.044954548 0.052911201
v -0.0112432 0.044954548 0.052911201
v -0.01157071 0.044954548 0.052725511
v -0.011690036 0.044954548 0.052615037
v -0.0118677 0.044954548 0.052400799
v -0.0136438 0.044954548 0.050439801
v -0.013679055 0.044954548 0.050415187
v -0.013455532 0.044954548 0.0503441
v -0.01314401 0.044954548 0.050328312
v -0.012790861 0.044954548 0.050322933
v -0.012537 0.044954548 0.050143399
v -0.012537 0.044954548 0.046556301
v -0.01248201 0.044954548 0.045966954
v -0.012460285 0.044954548 0.045646539
v -0.012576048 0.044954548 0.045439129
v -0.013056375 0.044954548 0.045347772
v -0.0099831003 0.029205949 0.045018902
v -0.0099831003 0.029205949 0.052762799
v -0.0099831003 0.027281301 0.052762799
v -0.0099831003 0.027281301 0.045018902
v -0.0118677 0.029205949 0.052400799
v -0.0136438 0.029205949 0.050439801
v -0.0136438 0.027281301 0.050439801
v -0.0118677 0.027281301 0.052400799
v -0.0112432 0.039809899 0.052911201
v -0.01157071 0.039809899 0.052725511
v -0.011690036 0.039809899 0.052615037
v -0.0118677 0.039809899 0.052400799
v -0.0118677 0.037885251 0.052400799
v -0.011690036 0.037885251 0.052615037
v -0.01157071 0.037885251 0.052725511
v -0.0112432 0.037885251 0.052911201
v -0.012537 0.041419902 0.050143399
v -0.012537 0.039809899 0.050143399
v -0.012537 0.039809899 0.046556301
v -0.012537 0.041419902 0.046556301
v -0.013679055 0.041419902 0.050415187
v -0.013679055 0.039809899 0.050415187
v -0.013455532 0.039809899 0.0503441
v -0.01314401 0.039809899 0.050328312
v -0.012790861 0.039809899 0.050322933
v -0.012537 0.039809899 0.050143399
v -0.012537 0.041419902 0.050143399
v -0.012790861 0.041419902 0.050322933
v -0.01314401 0.041419902 0.050328312
v -0.013455532 0.041419902 0.0503441
v -0.0100994 0.0327406 0.069446001
v -0.0100015 0.0327406 0.069539199
v -0.0100015 0.030815949 0.069539199
v -0.0100994 0.030815949 0.069446001
v -0.012507082 0.0343506 0.073872852
v -0.012507082 0.0327406 0.073872852
v -0.012516537 0.0327406 0.073522558
v -0.012529178 0.0327406 0.073051796
v -0.0124895 0.0327406 0.072159901
v -0.0124895 0.0343506 0.072159901
v -0.012529178 0.0343506 0.073051796
v -0.012516537 0.0343506 0.073522558
v -0.0118677 0.046879201 0.052400799
v -0.0136438 0.046879201 0.050439801
v -0.0136438 0.044954548 0.050439801
v -0.0118677 0.044954548 0.052400799
v -0.0099831003 -0.037952399 0.052762799
v -0.010004275 -0.037952399 0.052810841
v -0.010031542 -0.037952399 0.052849646
v -0.010065874 -0.037952399 0.052878923
v -0.010108644 -0.037952399 0.052899308
v -0.010159301 -0.037952399 0.052911201
v -0.010159301 -0.03987705 0.052911201
v -0.010109097 -0.03987705 0.052899451
v -0.010066663 -0.03987705 0.052879429
v -0.010032234 -0.03987705 0.052850413
v -0.010004584 -0.03987705 0.052811403
v -0.0099831003 -0.03987705 0.052762799
v -0.01122 -0.036342399 0.0527597
v -0.0101869 -0.036342399 0.0527597
v -0.0101869 -0.036345 0.0527597
v -0.01122 -0.036345 0.0527597
v -0.0118677 -0.037952399 0.052400799
v -0.0136438 -0.037952399 0.050439801
v -0.0136438 -0.03987705 0.050439801
v -0.0118677 -0.03987705 0.052400799
v -0.01308709 -0.034417751 0.070487943
v -0.01308709 -0.034414999 0.070487943
v -0.013264936 -0.034414999 0.070472698
v -0.013346953 -0.034414999 0.070406981
v -0.013346953 -0.032807751 0.070406981
v -0.013275433 -0.032807751 0.070470557
v -0.013058031 -0.032807751 0.070489669
v -0.0124895 -0.032807751 0.070624099
v -0.0124895 -0.034417751 0.070624099
v -0.012689248 -0.034417751 0.070548701
v -0.01289251 -0.034417751 0.070505438
v -0.0101869 -0.034417751 0.0527597
v -0.01122 -0.034417751 0.0527597
v -0.01122 -0.034414999 0.0527597
v -0.0101869 -0.034414999 0.0527597
v -0.0118677 -0.0308831 0.052400799
v -0.0136438 -0.0308831 0.050439801
v -0.0136438 -0.032807751 0.050439801
v -0.0118677 -0.032807751 0.052400799
v -0.010146 -0.034417751 0.0443256
v -0.0099759024 -0.034417751 0.04459084
v -0.0099831003 -0.034417751 0.045018902
v -0.0099831003 -0.036342399 0.045018902
v -0.0099753118 -0.036342399 0.04459372
v -0.010146 -0.036342399 0.0443256
v -0.012507082 0.037885251 0.073872852
v -0.012507082 0.036275251 0.073872852
v -0.012516537 0.036275251 0.073522558
v -0.012529178 0.036275251 0.073051796
v -0.0124895 0.036275251 0.072159901
v -0.0124895 0.037885251 0.072159901
v -0.012529178 0.037885251 0.073051796
v -0.012516537 0.037885251 0.073522558
v -0.0124895 0.041419902 0.072159901
v -0.0124895 0.039809899 0.072159901
v -0.0124895 0.039809899 0.070624099
v -0.0124895 0.041419902 0.070624099
v -0.013346953 0.041419902 0.070406981
v -0.0100994 0.041419902 0.069446001
v -0.0100015 0.041419902 0.069539199
v -0.0100087 0.041419902 0.071480498
v -0.0100087 0.041419902 0.0716045
v -0.012507082 0.041419902 0.073872852
v -0.012516537 0.041419902 0.073522558
v -0.012529178 0.041419902 0.073051796
v -0.0124895 0.041419902 0.072159901
v -0.0124895 0.041419902 0.070624099
v -0.013058031 0.041419902 0.070489669
v -0.013275433 0.041419902 0.070470557
v -0.013506233 0.01667735 0.050361061
v -0.011427799 0.01667735 0.052648401
v -0.011427799 0.01667475 0.052648401
v -0.013506233 0.01667475 0.050361061
v -0.0099831003 0.01506735 0.045018902
v -0.0099831003 0.01506735 0.052762799
v -0.0099831003 0.0131427 0.052762799
v -0.0099831003 0.0131427 0.045018902
v -0.0099831003 0.018602 0.045018902
v -0.0099831003 0.018602 0.052762799
v -0.0099831003 0.01667735 0.052762799
v -0.0099831003 0.01667735 0.045018902
v -0.0144551 0.01667475 0.0704321
v -0.0144551 0.018604749 0.0704321
v -0.0144551 0.018604749 0.0508393
v -0.0144551 0.01667475 0.0508393
v -0.0099751002 0.01667475 0.052818699
v -0.0099751002 0.018604749 0.052818699
v -0.0099751002 0.018604749 0.069453602
v -0.0099751002 0.01667475 0.069453602
v -0.0132595 0.01506735 0.045248799
v -0.013279898 0.01506735 0.045254116
v -0.013056375 0.01506735 0.045347772
v -0.012576048 0.01506735 0.045439129
v -0.012460285 0.01506735 0.045646539
v -0.01248201 0.01506735 0.045966954
v -0.012537 0.01506735 0.046556301
v -0.012537 0.01506735 0.050143399
v -0.012790861 0.01506735 0.050322933
v -0.01314401 0.01506735 0.050328312
v -0.013455532 0.01506735 0.0503441
v -0.013679055 0.01506735 0.050415187
v -0.0136438 0.01506735 0.050439801
v -0.0118677 0.01506735 0.052400799
v -0.011690036 0.01506735 0.052615037
v -0.01157071 0.01506735 0.052725511
v -0.0112432 0.01506735 0.052911201
v -0.010159301 0.01506735 0.052911201
v -0.010108644 0.01506735 0.052899308
v -0.010065874 0.01506735 0.052878923
v -0.010031542 0.01506735 0.052849646
v -0.010004275 0.01506735 0.052810841
v -0.0099831003 0.01506735 0.052762799
v -0.0099831003 0.01506735 0.045018902
v -0.0099759024 0.01506735 0.04459084
v -0.010146 0.01506735 0.0443256
v -0.013279898 0.020211999 0.045254116
v -0.0132595 0.020211999 0.045248799
v -0.010146 0.020211999 0.0443256
v -0.0099753118 0.020211999 0.04459372
v -0.0099831003 0.020211999 0.045018902
v -0.0099831003 0.020211999 0.052762799
v -0.010004584 0.020211999 0.052811403
v -0.010032234 0.020211999 0.052850413
v -0.010066663 0.020211999 0.052879429
v -0.010109097 0.020211999 0.052899451
v -0.010159301 0.020211999 0.052911201
v -0.0112432 0.020211999 0.052911201
v -0.01157071 0.020211999 0.052725511
v -0.011690036 0.020211999 0.052615037
v -0.0118677 0.020211999 0.052400799
v -0.0136438 0.020211999 0.050439801
v -0.013679055 0.020211999 0.050415187
v -0.013455532 0.020211999 0.0503441
v -0.01314401 0.020211999 0.050328312
v -0.012790861 0.020211999 0.050322933
v -0.012537 0.020211999 0.050143399
v -0.012537 0.020211999 0.046556301
v -0.01248201 0.020211999 0.045966954
v -0.012460285 0.020211999 0.045646539
v -0.012576048 0.020211999 0.045439129
v -0.013056375 0.020211999 0.045347772
v -0.0100015 0.046879201 0.069539199
v -0.0100087 0.046879201 0.071480498
v -0.0100087 0.044954548 0.071480498
v -0.0100015 0.044954548 0.069539199
v -0.01122 -0.00099590003 0.0527597
v -0.0101869 -0.00099590003 0.0527597
v -0.0101869 -0.00099849999 0.0527597
v -0.01122 -0.00099849999 0.0527597
v -0.01308709 0.018602 0.070487943
v -0.01308709 0.018604749 0.070487943
v -0.013264936 0.018604749 0.070472698
v -0.013346953 0.018604749 0.070406981
v -0.013346953 0.020211999 0.070406981
v -0.013275433 0.020211999 0.070470557
v -0.013058031 0.020211999 0.070489669
v -0.0124895 0.020211999 0.070624099
v -0.0124895 0.018602 0.070624099
v -0.012689248 0.018602 0.070548701
v -0.01289251 0.018602 0.070505438
v -0.013679055 0.018604749 0.050415187
v -0.013506233 0.018604749 0.050361061
v -0.013506233 0.018602 0.050361061
v -0.013000251 0.018602 0.050337563
v -0.012730563 0.018602 0.050304651
v -0.012537 0.018602 0.050143399
v -0.012537 0.020211999 0.050143399
v -0.012790861 0.020211999 0.050322933
v -0.01314401 0.020211999 0.050328312
v -0.013455532 0.020211999 0.0503441
v -0.013679055 0.020211999 0.050415187
v 0.0017134655 0.029240949 0.018048944
v 0.0017134655 0.03078095 0.018048944
v 0.001600834 0.03078095 0.018055419
v 0.0014591068 0.03078095 0.018031569
v 0.0012983435 0.03078095 0.01801546
v 0.0011228 0.03078095 0.0180231
v 0.0011228 0.029240949 0.0180231
v 0.0012983435 0.029240949 0.01801546
v 0.0014591068 0.029240949 0.018031569
v 0.001600834 0.029240949 0.018055419
v -0.0136438 -0.046946349 0.050439801
v -0.013679055 -0.046946349 0.050415187
v -0.013455532 -0.046946349 0.0503441
v -0.01314401 -0.046946349 0.050328312
v -0.012790861 -0.046946349 0.050322933
v -0.012537 -0.046946349 0.050143399
v -0.012537 -0.046946349 0.046556301
v -0.01248201 -0.046946349 0.045966954
v -0.012460285 -0.046946349 0.045646539
v -0.012576048 -0.046946349 0.045439129
v -0.013056375 -0.046946349 0.045347772
v -0.013279898 -0.046946349 0.045254116
v -0.0132595 -0.046946349 0.045248799
v -0.010146 -0.046946349 0.0443256
v -0.0099753118 -0.046946349 0.04459372
v -0.0099831003 -0.046946349 0.045018902
v -0.0099831003 -0.046946349 0.052762799
v -0.010004584 -0.046946349 0.052811403
v -0.010032234 -0.046946349 0.052850413
v -0.010066663 -0.046946349 0.052879429
v -0.010109097 -0.046946349 0.052899451
v -0.010159301 -0.046946349 0.052911201
v -0.0112432 -0.046946349 0.052911201
v -0.01157071 -0.046946349 0.052725511
v -0.011690036 -0.046946349 0.052615037
v -0.0118677 -0.046946349 0.052400799
v -0.0099831003 0.0327406 0.052762799
v -0.010004275 0.0327406 0.052810841
v -0.010031542 0.0327406 0.052849646
v -0.010065874 0.0327406 0.052878923
v -0.010108644 0.0327406 0.052899308
v -0.010159301 0.0327406 0.052911201
v -0.010159301 0.030815949 0.052911201
v -0.010109097 0.030815949 0.052899451
v -0.010066663 0.030815949 0.052879429
v -0.010032234 0.030815949 0.052850413
v -0.010004584 0.030815949 0.052811403
v -0.0099831003 0.030815949 0.052762799
v -0.0135677 -0.01867175 0.070472298
v -0.013346953 -0.01867175 0.070406981
v -0.013346953 -0.02027915 0.070406981
v -0.0100994 -0.02027915 0.069446001
v -0.0100994 -0.022203801 0.069446001
v -0.013346953 -0.022203801 0.070406981
v -0.013346953 -0.023813801 0.070406981
v -0.0100994 -0.023813801 0.069446001
v -0.0100994 -0.025738449 0.069446001
v -0.013346953 -0.025738449 0.070406981
v -0.013346953 -0.027348449 0.070406981
v -0.0100994 -0.027348449 0.069446001
v -0.0100994 -0.0292731 0.069446001
v -0.013346953 -0.0292731 0.070406981
v -0.013346953 -0.0308831 0.070406981
v -0.0100994 -0.0308831 0.069446001
v -0.0100994 -0.032807751 0.069446001
v -0.013346953 -0.032807751 0.070406981
v -0.013346953 -0.034414999 0.070406981
v -0.0135677 -0.034414999 0.070472298
v -0.0124895 -0.036342399 0.072159901
v -0.0124895 -0.037952399 0.072159901
v -0.0124895 -0.037952399 0.070624099
v -0.0124895 -0.036342399 0.070624099
v -0.0100015 -0.037952399 0.069539199
v -0.0100087 -0.037952399 0.071480498
v -0.0100087 -0.03987705 0.071480498
v -0.0100015 -0.03987705 0.069539199
v -0.013346953 -0.03987705 0.070406981
v -0.0100994 -0.03987705 0.069446001
v -0.0100015 -0.03987705 0.069539199
v -0.0100087 -0.03987705 0.071480498
v -0.0100087 -0.03987705 0.0716045
v -0.012507082 -0.03987705 0.073872852
v -0.012516537 -0.03987705 0.073522558
v -0.012529178 -0.03987705 0.073051796
v -0.0124895 -0.03987705 0.072159901
v -0.0124895 -0.03987705 0.070624099
v -0.013058031 -0.03987705 0.070489669
v -0.013275433 -0.03987705 0.070470557
v -0.0124895 0.048489199 0.072159901
v -0.0124895 0.046879201 0.072159901
v -0.0124895 0.046879201 0.070624099
v -0.0124895 0.048489199 0.070624099
v -0.0100015 -0.048556352 0.069539199
v -0.0100087 -0.048556352 0.071480498
v -0.0100087 -0.050481 0.071480498
v -0.0100015 -0.050481 0.069539199
v -0.0100994 -0.048556352 0.069446001
v -0.013346953 -0.048556352 0.070406981
v -0.013275433 -0.048556352 0.070470557
v -0.013058031 -0.048556352 0.070489669
v -0.0124895 -0.048556352 0.070624099
v -0.0124895 -0.048556352 0.072159901
v -0.012529178 -0.048556352 0.073051796
v -0.012516537 -0.048556352 0.073522558
v -0.012507082 -0.048556352 0.073872852
v -0.0100087 -0.048556352 0.0716045
v -0.0100087 -0.048556352 0.071480498
v -0.0100015 -0.048556352 0.069539199
v 0.0124895 -0.048556352 0.072159901
v 0.0124895 -0.046946349 0.072159901
v 0.0124895 -0.046946349 0.070624099
v 0.0124895 -0.048556352 0.070624099
v 0.0100994 -0.046946349 0.069446001
v 0.013346953 -0.046946349 0.070406981
v 0.013275433 -0.046946349 0.070470557
v 0.013058031 -0.046946349 0.070489669
v 0.0124895 -0.046946349 0.070624099
v 0.0124895 -0.046946349 0.072159901
v 0.012529178 -0.046946349 0.073051796
v 0.012516537 -0.046946349 0.073522558
v 0.012507082 -0.046946349 0.073872852
v 0.0100087 -0.046946349 0.0716045
v 0.0100087 -0.046946349 0.071480498
v 0.0100015 -0.046946349 0.069539199
v 0.0100087 0.029205949 0.0716045
v 0.0100087 0.029205949 0.071480498
v 0.0100087 0.027281301 0.071480498
v 0.0100087 0.027281301 0.0716045
v 0.0124895 0.029205949 0.072159901
v 0.0124895 0.030815949 0.072159901
v 0.0124895 0.030815949 0.070624099
v 0.0124895 0.029205949 0.070624099
v 0.012507082 0.029205949 0.073872852
v 0.012507082 0.030815949 0.073872852
v 0.012516537 0.030815949 0.073522558
v 0.012529178 0.030815949 0.073051796
v 0.0124895 0.030815949 0.072159901
v 0.0124895 0.029205949 0.072159901
v 0.012529178 0.029205949 0.073051796
v 0.012516537 0.029205949 0.073522558
v 0.012537 0.01506735 0.050143399
v 0.012537 0.01667735 0.050143399
v 0.012537 0.01667735 0.046556301
v 0.012537 0.01506735 0.046556301
v 0.0136438 0.01506735 0.050439801
v 0.0118677 0.01506735 0.052400799
v 0.0118677 0.0131427 0.052400799
v 0.0136438 0.0131427 0.050439801
v 0.0099831003 0.018602 0.052762799
v 0.0099831003 0.018602 0.045018902
v 0.0099831003 0.01667735 0.045018902
v 0.0099831003 0.01667735 0.052762799
v 0.012537 0.018602 0.050143399
v 0.012537 0.020211999 0.050143399
v 0.012537 0.020211999 0.046556301
v 0.012537 0.018602 0.046556301
v 0.0124895 0.04334455 0.072159901
v 0.0124895 0.044954548 0.072159901
v 0.0124895 0.044954548 0.070624099
v 0.0124895 0.04334455 0.070624099
v 0.011427799 0.00092874996 0.052648401
v 0.01122 0.00092874996 0.0527597
v 0.01122 0.00093149997 0.0527597
v 0.011427799 0.00093149997 0.052648401
v 0.0124895 0.02213665 0.072159901
v 0.0124895 0.02374665 0.072159901
v 0.0124895 0.02374665 0.070624099
v 0.0124895 0.02213665 0.070624099
v 0.0100994 0.02374665 0.069446001
v 0.013346953 0.02374665 0.070406981
v 0.013275433 0.02374665 0.070470557
v 0.013058031 0.02374665 0.070489669
v 0.0124895 0.02374665 0.070624099
v 0.0124895 0.02374665 0.072159901
v 0.012529178 0.02374665 0.073051796
v 0.012516537 0.02374665 0.073522558
v 0.012507082 0.02374665 0.073872852
v 0.0100087 0.02374665 0.0716045
v 0.0100087 0.02374665 0.071480498
v 0.0100015 0.02374665 0.069539199
v 0.0136438 0.02213665 0.050439801
v 0.0118677 0.02213665 0.052400799
v 0.0118677 0.020211999 0.052400799
v 0.0136438 0.020211999 0.050439801
v 0.0099831003 0.018602 0.045018902
v 0.0099759024 0.018602 0.04459084
v 0.010146 0.018602 0.0443256
v 0.010146 0.01667735 0.0443256
v 0.0099753118 0.01667735 0.04459372
v 0.0099831003 0.01667735 0.045018902
v 0.012507082 0.018602 0.073872852
v 0.012507082 0.020211999 0.073872852
v 0.012516537 0.020211999 0.073522558
v 0.012529178 0.020211999 0.073051796
v 0.0124895 0.020211999 0.072159901
v 0.0124895 0.018602 0.072159901
v 0.012529178 0.018602 0.073051796
v 0.012516537 0.018602 0.073522558
v 0.0099831003 0.01506735 0.045018902
v 0.0099759024 0.01506735 0.04459084
v 0.010146 0.01506735 0.0443256
v 0.010146 0.0131427 0.0443256
v 0.0099753118 0.0131427 0.04459372
v 0.0099831003 0.0131427 0.045018902
v 0.012507082 0.01506735 0.073872852
v 0.012507082 0.01667735 0.073872852
v 0.012516537 0.01667735 0.073522558
v 0.012529178 0.01667735 0.073051796
v 0.0124895 0.01667735 0.072159901
v 0.0124895 0.01506735 0.072159901
v 0.012529178 0.01506735 0.073051796
v 0.012516537 0.01506735 0.073522558
v 0.014519176 -0.01867175 0.050126438
v 0.014519176 -0.01674175 0.050126438
v 0.014436003 -0.01674175 0.050456262
v 0.0144551 -0.01674175 0.0508393
v 0.0144551 -0.01867175 0.0508393
v 0.014436003 -0.01867175 0.050456262
v 0.0100994 0.0025387499 0.069446001
v 0.013346953 0.0025387499 0.070406981
v 0.013275433 0.0025387499 0.070470557
v 0.013058031 0.0025387499 0.070489669
v 0.0124895 0.0025387499 0.070624099
v 0.0124895 0.0025387499 0.072159901
v 0.012529178 0.0025387499 0.073051796
v 0.012516537 0.0025387499 0.073522558
v 0.012507082 0.0025387499 0.073872852
v 0.0100087 0.0025387499 0.0716045
v 0.0100087 0.0025387499 0.071480498
v 0.0100015 0.0025387499 0.069539199
v 0.0144551 0.00093149997 0.0704321
v 0.0144551 -0.00099849999 0.0704321
v 0.0144551 -0.00099849999 0.0508393
v 0.0144551 0.00093149997 0.0508393
v 0.009996503 -0.00099590003 0.052795639
v 0.009996503 0.00092874996 0.052795639
v 0.0099831003 0.00092874996 0.052762799
v 0.0099831003 -0.00099590003 0.052762799
v 0.0100936 -0.00099590003 0.069606099
v 0.010024558 -0.00099590003 0.06951725
v 0.010024558 0.00092874996 0.06951725
v 0.0100936 0.00092874996 0.069606099
v 0.0100936 0.00093149997 0.069606099
v 0.0099751002 0.00093149997 0.069453602
v 0.0099751002 -0.00099849999 0.069453602
v 0.0100936 -0.00099849999 0.069606099
v 0.0100087 -0.04148705 0.071480498
v 0.0100015 -0.04148705 0.069539199
v 0.0100015 -0.043411698 0.069539199
v 0.0100087 -0.043411698 0.071480498
v 0.013346953 -0.04148705 0.070406981
v 0.0100994 -0.04148705 0.069446001
v 0.0100015 -0.04148705 0.069539199
v 0.0100087 -0.04148705 0.071480498
v 0.0100087 -0.04148705 0.0716045
v 0.012507082 -0.04148705 0.073872852
v 0.012516537 -0.04148705 0.073522558
v 0.012529178 -0.04148705 0.073051796
v 0.0124895 -0.04148705 0.072159901
v 0.0124895 -0.04148705 0.070624099
v 0.013058031 -0.04148705 0.070489669
v 0.013275433 -0.04148705 0.070470557
v 0.012507082 -0.034417751 0.073872852
v 0.012507082 -0.032807751 0.073872852
v 0.012516537 -0.032807751 0.073522558
v 0.012529178 -0.032807751 0.073051796
v 0.0124895 -0.032807751 0.072159901
v 0.0124895 -0.034417751 0.072159901
v 0.012529178 -0.034417751 0.073051796
v 0.012516537 -0.034417751 0.073522558
v 0.013346953 -0.02027915 0.070406981
v 0.0100994 -0.02027915 0.069446001
v 0.0100015 -0.02027915 0.069539199
v 0.0100087 -0.02027915 0.071480498
v 0.0100087 -0.02027915 0.0716045
v 0.012507082 -0.02027915 0.073872852
v 0.012516537 -0.02027915 0.073522558
v 0.012529178 -0.02027915 0.073051796
v 0.0124895 -0.02027915 0.072159901
v 0.0124895 -0.02027915 0.070624099
v 0.013058031 -0.02027915 0.070489669
v 0.013275433 -0.02027915 0.070470557
v 0.0100994 -0.032807751 0.069446001
v 0.013346953 -0.032807751 0.070406981
v 0.013275433 -0.032807751 0.070470557
v 0.013058031 -0.032807751 0.070489669
v 0.0124895 -0.032807751 0.070624099
v 0.0124895 -0.032807751 0.072159901
v 0.012529178 -0.032807751 0.073051796
v 0.012516537 -0.032807751 0.073522558
v 0.012507082 -0.032807751 0.073872852
v 0.0100087 -0.032807751 0.0716045
v 0.0100087 -0.032807751 0.071480498
v 0.0100015 -0.032807751 0.069539199
v 0.013506233 -0.01867175 0.050361061
v 0.013506233 -0.01866915 0.050361061
v 0.013000251 -0.01866915 0.050337563
v 0.012730563 -0.01866915 0.050304651
v 0.012537 -0.01866915 0.050143399
v 0.012537 -0.02027915 0.050143399
v 0.012790861 -0.02027915 0.050322933
v 0.01314401 -0.02027915 0.050328312
v 0.013455532 -0.02027915 0.0503441
v 0.013679055 -0.02027915 0.050415187
v 0.013679055 -0.01867175 0.050415187
v 0.0144551 -0.01674175 0.0704321
v 0.0144551 -0.01867175 0.0704321
v 0.0144551 -0.01867175 0.0508393
v 0.0144551 -0.01674175 0.0508393
v 0.009996503 -0.01866915 0.052795639
v 0.009996503 -0.0167445 0.052795639
v 0.0099831003 -0.0167445 0.052762799
v 0.0099831003 -0.01866915 0.052762799
v 0.0100936 -0.0167445 0.069606099
v 0.01308709 -0.0167445 0.070487943
v 0.01308709 -0.01674175 0.070487943
v 0.0100936 -0.01674175 0.069606099
v 0.013346953 -0.00099849999 0.070406981
v 0.0135677 -0.00099849999 0.070472298
v 0.0135677 -0.01674175 0.070472298
v 0.013346953 -0.01674175 0.070406981
v 0.013346953 -0.0151345 0.070406981
v 0.0100994 -0.0151345 0.069446001
v 0.0100994 -0.01320985 0.069446001
v 0.013346953 -0.01320985 0.070406981
v 0.013346953 -0.011599849 0.070406981
v 0.0100994 -0.011599849 0.069446001
v 0.0100994 -0.0096752 0.069446001
v 0.013346953 -0.0096752 0.070406981
v 0.013346953 -0.0080651999 0.070406981
v 0.0100994 -0.0080651999 0.069446001
v 0.0100994 -0.0061405498 0.069446001
v 0.013346953 -0.0061405498 0.070406981
v 0.013346953 -0.0045305499 0.070406981
v 0.0100994 -0.0045305499 0.069446001
v 0.0100994 -0.0026058999 0.069446001
v 0.013346953 -0.0026058999 0.070406981
v 0.010024558 -0.034417751 0.06951725
v 0.010024558 -0.036342399 0.06951725
v 0.0100015 -0.036342399 0.069539199
v 0.0100015 -0.034417751 0.069539199
v 0.013279898 -0.03987705 0.045254116
v 0.013279898 -0.04148705 0.045254116
v 0.013056375 -0.04148705 0.045347772
v 0.012576048 -0.04148705 0.045439129
v 0.012460285 -0.04148705 0.045646539
v 0.01248201 -0.04148705 0.045966954
v 0.012537 -0.04148705 0.046556301
v 0.012537 -0.03987705 0.046556301
v 0.01248201 -0.03987705 0.045966954
v 0.012460285 -0.03987705 0.045646539
v 0.012576048 -0.03987705 0.045439129
v 0.013056375 -0.03987705 0.045347772
v 0.013279898 -0.032807751 0.045254116
v 0.013279898 -0.034417751 0.045254116
v 0.013056375 -0.034417751 0.045347772
v 0.012576048 -0.034417751 0.045439129
v 0.012460285 -0.034417751 0.045646539
v 0.01248201 -0.034417751 0.045966954
v 0.012537 -0.034417751 0.046556301
v 0.012537 -0.032807751 0.046556301
v 0.01248201 -0.032807751 0.045966954
v 0.012460285 -0.032807751 0.045646539
v 0.012576048 -0.032807751 0.045439129
v 0.013056375 -0.032807751 0.045347772
v 0.0118677 -0.045021701 0.052400799
v 0.011690036 -0.045021701 0.052615037
v 0.01157071 -0.045021701 0.052725511
v 0.0112432 -0.045021701 0.052911201
v 0.0112432 -0.046946349 0.052911201
v 0.01157071 -0.046946349 0.052725511
v 0.011690036 -0.046946349 0.052615037
v 0.0118677 -0.046946349 0.052400799
v 0.012537 -0.045021701 0.050143399
v 0.012537 -0.043411698 0.050143399
v 0.012537 -0.043411698 0.046556301
v 0.012537 -0.045021701 0.046556301
v 0.013679055 -0.045021701 0.050415187
v 0.013679055 -0.043411698 0.050415187
v 0.013455532 -0.043411698 0.0503441
v 0.01314401 -0.043411698 0.050328312
v 0.012790861 -0.043411698 0.050322933
v 0.012537 -0.043411698 0.050143399
v 0.012537 -0.045021701 0.050143399
v 0.012790861 -0.045021701 0.050322933
v 0.01314401 -0.045021701 0.050328312
v 0.013455532 -0.045021701 0.0503441
v 0.0099831003 0.04334455 0.045018902
v 0.0099759024 0.04334455 0.04459084
v 0.010146 0.04334455 0.0443256
v 0.010146 0.041419902 0.0443256
v 0.0099753118 0.041419902 0.04459372
v 0.0099831003 0.041419902 0.045018902
v 0.0099831003 -0.045021701 0.045018902
v 0.0099759024 -0.045021701 0.04459084
v 0.010146 -0.045021701 0.0443256
v 0.010146 -0.046946349 0.0443256
v 0.0099753118 -0.046946349 0.04459372
v 0.0099831003 -0.046946349 0.045018902
v 0.0099831003 0.039809899 0.045018902
v 0.0099759024 0.039809899 0.04459084
v 0.010146 0.039809899 0.0443256
v 0.010146 0.037885251 0.0443256
v 0.0099753118 0.037885251 0.04459372
v 0.0099831003 0.037885251 0.045018902
v 0.010159301 0.039809899 0.052911201
v 0.010108644 0.039809899 0.052899308
v 0.010065874 0.039809899 0.052878923
v 0.010031542 0.039809899 0.052849646
v 0.010004275 0.039809899 0.052810841
v 0.0099831003 0.039809899 0.052762799
v 0.0099831003 0.037885251 0.052762799
v 0.010004584 0.037885251 0.052811403
v 0.010032234 0.037885251 0.052850413
v 0.010066663 0.037885251 0.052879429
v 0.010109097 0.037885251 0.052899451
v 0.010159301 0.037885251 0.052911201
v 0.0136438 0.04334455 0.050439801
v 0.0118677 0.04334455 0.052400799
v 0.0118677 0.041419902 0.052400799
v 0.0136438 0.041419902 0.050439801
v 0.0112432 0.029205949 0.052911201
v 0.010159301 0.029205949 0.052911201
v 0.010159301 0.027281301 0.052911201
v 0.0112432 0.027281301 0.052911201
v 0.0118677 0.029205949 0.052400799
v 0.011690036 0.029205949 0.052615037
v 0.01157071 0.029205949 0.052725511
v 0.0112432 0.029205949 0.052911201
v 0.0112432 0.027281301 0.052911201
v 0.01157071 0.027281301 0.052725511
v 0.011690036 0.027281301 0.052615037
v 0.0118677 0.027281301 0.052400799
v 0.013279898 0.025671301 0.045254116
v 0.0132595 0.025671301 0.045248799
v 0.010146 0.025671301 0.0443256
v 0.0099759024 0.025671301 0.04459084
v 0.0099831003 0.025671301 0.045018902
v 0.0099831003 0.025671301 0.052762799
v 0.010004275 0.025671301 0.052810841
v 0.010031542 0.025671301 0.052849646
v 0.010065874 0.025671301 0.052878923
v 0.010108644 0.025671301 0.052899308
v 0.010159301 0.025671301 0.052911201
v 0.0112432 0.025671301 0.052911201
v 0.01157071 0.025671301 0.052725511
v 0.011690036 0.025671301 0.052615037
v 0.0118677 0.025671301 0.052400799
v 0.0136438 0.025671301 0.050439801
v 0.013679055 0.025671301 0.050415187
v 0.013455532 0.025671301 0.0503441
v 0.01314401 0.025671301 0.050328312
v 0.012790861 0.025671301 0.050322933
v 0.012537 0.025671301 0.050143399
v 0.012537 0.025671301 0.046556301
v 0.01248201 0.025671301 0.045966954
v 0.012460285 0.025671301 0.045646539
v 0.012576048 0.025671301 0.045439129
v 0.013056375 0.025671301 0.045347772
v 0.010146 0.025671301 0.0443256
v 0.0132595 0.025671301 0.045248799
v 0.0132595 0.02374665 0.045248799
v 0.010146 0.02374665 0.0443256
v 0.013679055 0.025671301 0.050415187
v 0.013679055 0.027281301 0.050415187
v 0.013455532 0.027281301 0.0503441
v 0.01314401 0.027281301 0.050328312
v 0.012790861 0.027281301 0.050322933
v 0.012537 0.027281301 0.050143399
v 0.012537 0.025671301 0.050143399
v 0.012790861 0.025671301 0.050322933
v 0.01314401 0.025671301 0.050328312
v 0.013455532 0.025671301 0.0503441
v 0.0118677 0.046879201 0.052400799
v 0.011690036 0.046879201 0.052615037
v 0.01157071 0.046879201 0.052725511
v 0.0112432 0.046879201 0.052911201
v 0.0112432 0.044954548 0.052911201
v 0.01157071 0.044954548 0.052725511
v 0.011690036 0.044954548 0.052615037
v 0.0118677 0.044954548 0.052400799
v 0.013279898 0.04334455 0.045254116
v 0.0132595 0.04334455 0.045248799
v 0.010146 0.04334455 0.0443256
v 0.0099759024 0.04334455 0.04459084
v 0.0099831003 0.04334455 0.045018902
v 0.0099831003 0.04334455 0.052762799
v 0.010004275 0.04334455 0.052810841
v 0.010031542 0.04334455 0.052849646
v 0.010065874 0.04334455 0.052878923
v 0.010108644 0.04334455 0.052899308
v 0.010159301 0.04334455 0.052911201
v 0.0112432 0.04334455 0.052911201
v 0.01157071 0.04334455 0.052725511
v 0.011690036 0.04334455 0.052615037
v 0.0118677 0.04334455 0.052400799
v 0.0136438 0.04334455 0.050439801
v 0.013679055 0.04334455 0.050415187
v 0.013455532 0.04334455 0.0503441
v 0.01314401 0.04334455 0.050328312
v 0.012790861 0.04334455 0.050322933
v 0.012537 0.04334455 0.050143399
v 0.012537 0.04334455 0.046556301
v 0.01248201 0.04334455 0.045966954
v 0.012460285 0.04334455 0.045646539
v 0.012576048 0.04334455 0.045439129
v 0.013056375 0.04334455 0.045347772
v 0.013679055 0.04334455 0.050415187
v 0.013679055 0.044954548 0.050415187
v 0.013455532 0.044954548 0.0503441
v 0.01314401 0.044954548 0.050328312
v 0.012790861 0.044954548 0.050322933
v 0.012537 0.044954548 0.050143399
v 0.012537 0.04334455 0.050143399
v 0.012790861 0.04334455 0.050322933
v 0.01314401 0.04334455 0.050328312
v 0.013455532 0.04334455 0.0503441
v -0.013679055 -0.046946349 0.050415187
v -0.013679055 -0.048556352 0.050415187
v -0.013455532 -0.048556352 0.0503441
v -0.01314401 -0.048556352 0.050328312
v -0.012790861 -0.048556352 0.050322933
v -0.012537 -0.048556352 0.050143399
v -0.012537 -0.046946349 0.050143399
v -0.012790861 -0.046946349 0.050322933
v -0.01314401 -0.046946349 0.050328312
v -0.013455532 -0.046946349 0.0503441
v -0.0099831003 0.046879201 0.045018902
v -0.0099831003 0.046879201 0.052762799
v -0.0099831003 0.044954548 0.052762799
v -0.0099831003 0.044954548 0.045018902
v -0.010159301 0.0327406 0.052911201
v -0.0112432 0.0327406 0.052911201
v -0.0112432 0.030815949 0.052911201
v -0.010159301 0.030815949 0.052911201
v -0.012537 0.030815949 0.050143399
v -0.012537 0.029205949 0.050143399
v -0.012537 0.029205949 0.046556301
v -0.012537 0.030815949 0.046556301
v -0.010146 0.029205949 0.0443256
v -0.0099759024 0.029205949 0.04459084
v -0.0099831003 0.029205949 0.045018902
v -0.0099831003 0.027281301 0.045018902
v -0.0099753118 0.027281301 0.04459372
v -0.010146 0.027281301 0.0443256
v -0.010146 0.036275251 0.0443256
v -0.0099759024 0.036275251 0.04459084
v -0.0099831003 0.036275251 0.045018902
v -0.0099831003 0.0343506 0.045018902
v -0.0099753118 0.0343506 0.04459372
v -0.010146 0.0343506 0.0443256
v -0.013279898 0.036275251 0.045254116
v -0.013279898 0.037885251 0.045254116
v -0.013056375 0.037885251 0.045347772
v -0.012576048 0.037885251 0.045439129
v -0.012460285 0.037885251 0.045646539
v -0.01248201 0.037885251 0.045966954
v -0.012537 0.037885251 0.046556301
v -0.012537 0.036275251 0.046556301
v -0.01248201 0.036275251 0.045966954
v -0.012460285 0.036275251 0.045646539
v -0.012576048 0.036275251 0.045439129
v -0.013056375 0.036275251 0.045347772
v -0.0132595 0.039809899 0.045248799
v -0.013279898 0.039809899 0.045254116
v -0.013056375 0.039809899 0.045347772
v -0.012576048 0.039809899 0.045439129
v -0.012460285 0.039809899 0.045646539
v -0.01248201 0.039809899 0.045966954
v -0.012537 0.039809899 0.046556301
v -0.012537 0.039809899 0.050143399
v -0.012790861 0.039809899 0.050322933
v -0.01314401 0.039809899 0.050328312
v -0.013455532 0.039809899 0.0503441
v -0.013679055 0.039809899 0.050415187
v -0.0136438 0.039809899 0.050439801
v -0.0118677 0.039809899 0.052400799
v -0.011690036 0.039809899 0.052615037
v -0.01157071 0.039809899 0.052725511
v -0.0112432 0.039809899 0.052911201
v -0.010159301 0.039809899 0.052911201
v -0.010108644 0.039809899 0.052899308
v -0.010065874 0.039809899 0.052878923
v -0.010031542 0.039809899 0.052849646
v -0.010004275 0.039809899 0.052810841
v -0.0099831003 0.039809899 0.052762799
v -0.0099831003 0.039809899 0.045018902
v -0.0099759024 0.039809899 0.04459084
v -0.010146 0.039809899 0.0443256
v -0.0100994 0.0327406 0.069446001
v -0.013346953 0.0327406 0.070406981
v -0.013275433 0.0327406 0.070470557
v -0.013058031 0.0327406 0.070489669
v -0.0124895 0.0327406 0.070624099
v -0.0124895 0.0327406 0.072159901
v -0.012529178 0.0327406 0.073051796
v -0.012516537 0.0327406 0.073522558
v -0.012507082 0.0327406 0.073872852
v -0.0100087 0.0327406 0.0716045
v -0.0100087 0.0327406 0.071480498
v -0.0100015 0.0327406 0.069539199
v -0.0124895 0.0343506 0.072159901
v -0.0124895 0.0327406 0.072159901
v -0.0124895 0.0327406 0.070624099
v -0.0124895 0.0343506 0.070624099
v -0.012537 0.048489199 0.050143399
v -0.012537 0.046879201 0.050143399
v -0.012537 0.046879201 0.046556301
v -0.012537 0.048489199 0.046556301
v -0.0099831003 -0.037952399 0.045018902
v -0.0099831003 -0.037952399 0.052762799
v -0.0099831003 -0.03987705 0.052762799
v -0.0099831003 -0.03987705 0.045018902
v -0.013279898 -0.037952399 0.045254116
v -0.013279898 -0.036342399 0.045254116
v -0.013056375 -0.036342399 0.045347772
v -0.012576048 -0.036342399 0.045439129
v -0.012460285 -0.036342399 0.045646539
v -0.01248201 -0.036342399 0.045966954
v -0.012537 -0.036342399 0.046556301
v -0.012537 -0.037952399 0.046556301
v -0.01248201 -0.037952399 0.045966954
v -0.012460285 -0.037952399 0.045646539
v -0.012576048 -0.037952399 0.045439129
v -0.013056375 -0.037952399 0.045347772
v -0.010024558 -0.034417751 0.06951725
v -0.0100936 -0.034417751 0.069606099
v -0.01308709 -0.034417751 0.070487943
v -0.01289251 -0.034417751 0.070505438
v -0.012689248 -0.034417751 0.070548701
v -0.0124895 -0.034417751 0.070624099
v -0.0124895 -0.034417751 0.072159901
v -0.012529178 -0.034417751 0.073051796
v -0.012516537 -0.034417751 0.073522558
v -0.012507082 -0.034417751 0.073872852
v -0.0100087 -0.034417751 0.0716045
v -0.0100087 -0.034417751 0.071480498
v -0.0100015 -0.034417751 0.069539199
v -0.01122 -0.034417751 0.0527597
v -0.011427799 -0.034417751 0.052648401
v -0.011427799 -0.034414999 0.052648401
v -0.01122 -0.034414999 0.0527597
v -0.0132595 -0.034417751 0.045248799
v -0.010146 -0.034417751 0.0443256
v -0.010146 -0.036342399 0.0443256
v -0.0132595 -0.036342399 0.045248799
v -0.012537 -0.032807751 0.050143399
v -0.012537 -0.034417751 0.050143399
v -0.012537 -0.034417751 0.046556301
v -0.012537 -0.032807751 0.046556301
v -0.0100087 0.039809899 0.071480498
v -0.0100087 0.039809899 0.0716045
v -0.0100087 0.037885251 0.0716045
v -0.0100087 0.037885251 0.071480498
v -0.012507082 0.041419902 0.073872852
v -0.012507082 0.039809899 0.073872852
v -0.012516537 0.039809899 0.073522558
v -0.012529178 0.039809899 0.073051796
v -0.0124895 0.039809899 0.072159901
v -0.0124895 0.041419902 0.072159901
v -0.012529178 0.041419902 0.073051796
v -0.012516537 0.041419902 0.073522558
v -0.013346953 0.039809899 0.070406981
v -0.013346953 0.041419902 0.070406981
v -0.013275433 0.041419902 0.070470557
v -0.013058031 0.041419902 0.070489669
v -0.0124895 0.041419902 0.070624099
v -0.0124895 0.039809899 0.070624099
v -0.013058031 0.039809899 0.070489669
v -0.013275433 0.039809899 0.070470557
v -0.010146 0.01506735 0.0443256
v -0.0099759024 0.01506735 0.04459084
v -0.0099831003 0.01506735 0.045018902
v -0.0099831003 0.0131427 0.045018902
v -0.0099753118 0.0131427 0.04459372
v -0.010146 0.0131427 0.0443256
v -0.013679055 0.01667475 0.050415187
v -0.013506233 0.01667475 0.050361061
v -0.011427799 0.01667475 0.052648401
v -0.01122 0.01667475 0.0527597
v -0.0101869 0.01667475 0.0527597
v -0.010135024 0.01667475 0.052750258
v -0.010087583 0.01667475 0.052750711
v -0.010045217 0.01667475 0.052762499
v -0.010007933 0.01667475 0.052785635
v -0.0099751002 0.01667475 0.052818699
v -0.0099751002 0.01667475 0.069453602
v -0.0100936 0.01667475 0.069606099
v -0.01308709 0.01667475 0.070487943
v -0.013269511 0.01667475 0.070471807
v -0.013346953 0.01667475 0.070406981
v -0.0135677 0.01667475 0.070472298
v -0.01380402 0.01667475 0.070507741
v -0.014022518 0.01667475 0.07053812
v -0.014227622 0.01667475 0.070568004
v -0.014423757 0.01667475 0.070601945
v -0.014615349 0.01667475 0.070644507
v -0.0144551 0.01667475 0.0704321
v -0.0144551 0.01667475 0.0508393
v -0.014436003 0.01667475 0.050456262
v -0.014519176 0.01667475 0.050126438
v -0.014320619 0.01667475 0.05017879
v -0.01414607 0.01667475 0.050221028
v -0.013986787 0.01667475 0.050265965
v -0.013834029 0.01667475 0.050326414
v -0.013279898 0.01506735 0.045254116
v -0.013279898 0.01667735 0.045254116
v -0.013056375 0.01667735 0.045347772
v -0.012576048 0.01667735 0.045439129
v -0.012460285 0.01667735 0.045646539
v -0.01248201 0.01667735 0.045966954
v -0.012537 0.01667735 0.046556301
v -0.012537 0.01506735 0.046556301
v -0.01248201 0.01506735 0.045966954
v -0.012460285 0.01506735 0.045646539
v -0.012576048 0.01506735 0.045439129
v -0.013056375 0.01506735 0.045347772
v -0.012537 0.020211999 0.050143399
v -0.012537 0.018602 0.050143399
v -0.012537 0.018602 0.046556301
v -0.012537 0.020211999 0.046556301
v -0.0100936 0.01667735 0.069606099
v -0.01308709 0.01667735 0.070487943
v -0.01308709 0.01667475 0.070487943
v -0.0100936 0.01667475 0.069606099
v -0.0100994 0.046879201 0.069446001
v -0.0100015 0.046879201 0.069539199
v -0.0100015 0.044954548 0.069539199
v -0.0100994 0.044954548 0.069446001
v -0.0101869 0.00092874996 0.0527597
v -0.01122 0.00092874996 0.0527597
v -0.01122 0.00093149997 0.0527597
v -0.0101869 0.00093149997 0.0527597
v -0.013506233 0.01667735 0.050361061
v -0.013506233 0.01667475 0.050361061
v -0.013679055 0.01667475 0.050415187
v -0.013679055 0.01506735 0.050415187
v -0.013455532 0.01506735 0.0503441
v -0.01314401 0.01506735 0.050328312
v -0.012790861 0.01506735 0.050322933
v -0.012537 0.01506735 0.050143399
v -0.012537 0.01667735 0.050143399
v -0.012730563 0.01667735 0.050304651
v -0.013000251 0.01667735 0.050337563
v -0.014615349 0.01667475 0.070644507
v -0.014615349 0.018604749 0.070644507
v -0.0144551 0.018604749 0.0704321
v -0.0144551 0.01667475 0.0704321
v 0.00016759999 0.03078095 0.0196112
v -0.00040560942 0.03078095 0.019570636
v -0.00078882322 0.03078095 0.019425513
v -0.0012416627 0.03078095 0.019078451
v -0.0015484141 0.03078095 0.018635591
v -0.0017099179 0.03078095 0.018018194
v -0.0015623884 0.03078095 0.018085564
v -0.0013489805 0.03078095 0.018055273
v -0.0008783 0.03078095 0.0180231
v 0.0011228 0.03078095 0.0180231
v 0.0012983435 0.03078095 0.01801546
v 0.0014591068 0.03078095 0.018031569
v 0.001600834 0.03078095 0.018055419
v 0.0017134655 0.03078095 0.018048944
v 0.0014943719 0.03078095 0.018742309
v 0.0010458807 0.03078095 0.019259725
v 0.0006170452 0.03078095 0.019503553
v -0.013279898 -0.048556352 0.045254116
v -0.013279898 -0.046946349 0.045254116
v -0.013056375 -0.046946349 0.045347772
v -0.012576048 -0.046946349 0.045439129
v -0.012460285 -0.046946349 0.045646539
v -0.01248201 -0.046946349 0.045966954
v -0.012537 -0.046946349 0.046556301
v -0.012537 -0.048556352 0.046556301
v -0.01248201 -0.048556352 0.045966954
v -0.012460285 -0.048556352 0.045646539
v -0.012576048 -0.048556352 0.045439129
v -0.013056375 -0.048556352 0.045347772
v -0.0099831003 0.0327406 0.045018902
v -0.0099831003 0.0327406 0.052762799
v -0.0099831003 0.030815949 0.052762799
v -0.0099831003 0.030815949 0.045018902
v -0.0099831003 0.036275251 0.045018902
v -0.0099831003 0.036275251 0.052762799
v -0.0099831003 0.0343506 0.052762799
v -0.0099831003 0.0343506 0.045018902
v -0.010146 -0.048556352 0.0443256
v -0.0099759024 -0.048556352 0.04459084
v -0.0099831003 -0.048556352 0.045018902
v -0.0099831003 -0.050481 0.045018902
v -0.0099753118 -0.050481 0.04459372
v -0.010146 -0.050481 0.0443256
v -0.0100087 -0.048556352 0.071480498
v -0.0100087 -0.048556352 0.0716045
v -0.0100087 -0.050481 0.0716045
v -0.0100087 -0.050481 0.071480498
v -0.0100936 -0.036342399 0.069606099
v -0.01308709 -0.036342399 0.070487943
v -0.01308709 -0.036345 0.070487943
v -0.0100936 -0.036345 0.069606099
v -0.012507082 -0.036342399 0.073872852
v -0.012507082 -0.037952399 0.073872852
v -0.012516537 -0.037952399 0.073522558
v -0.012529178 -0.037952399 0.073051796
v -0.0124895 -0.037952399 0.072159901
v -0.0124895 -0.036342399 0.072159901
v -0.012529178 -0.036342399 0.073051796
v -0.012516537 -0.036342399 0.073522558
v -0.0100994 -0.037952399 0.069446001
v -0.0100015 -0.037952399 0.069539199
v -0.0100015 -0.03987705 0.069539199
v -0.0100994 -0.03987705 0.069446001
v -0.012507082 0.048489199 0.073872852
v -0.012507082 0.046879201 0.073872852
v -0.012516537 0.046879201 0.073522558
v -0.012529178 0.046879201 0.073051796
v -0.0124895 0.046879201 0.072159901
v -0.0124895 0.048489199 0.072159901
v -0.012529178 0.048489199 0.073051796
v -0.012516537 0.048489199 0.073522558
v -0.0100994 -0.048556352 0.069446001
v -0.0100015 -0.048556352 0.069539199
v -0.0100015 -0.050481 0.069539199
v -0.0100994 -0.050481 0.069446001
v 0.012507082 -0.048556352 0.073872852
v 0.012507082 -0.046946349 0.073872852
v 0.012516537 -0.046946349 0.073522558
v 0.012529178 -0.046946349 0.073051796
v 0.0124895 -0.046946349 0.072159901
v 0.0124895 -0.048556352 0.072159901
v 0.012529178 -0.048556352 0.073051796
v 0.012516537 -0.048556352 0.073522558
v 0.013346953 -0.046946349 0.070406981
v 0.013346953 -0.048556352 0.070406981
v 0.013275433 -0.048556352 0.070470557
v 0.013058031 -0.048556352 0.070489669
v 0.0124895 -0.048556352 0.070624099
v 0.0124895 -0.046946349 0.070624099
v 0.013058031 -0.046946349 0.070489669
v 0.013275433 -0.046946349 0.070470557
v -0.0017099179 -0.03991205 0.018018194
v -0.0017099179 -0.04145205 0.018018194
v -0.0015623884 -0.04145205 0.018085564
v -0.0013489805 -0.04145205 0.018055273
v -0.0008783 -0.04145205 0.0180231
v -0.0008783 -0.03991205 0.0180231
v -0.0013489805 -0.03991205 0.018055273
v -0.0015623884 -0.03991205 0.018085564
v 0.00016759999 -0.03991205 0.0196112
v -0.00040560942 -0.03991205 0.019570636
v -0.00078882322 -0.03991205 0.019425513
v -0.0012416627 -0.03991205 0.019078451
v -0.0015484141 -0.03991205 0.018635591
v -0.0017099179 -0.03991205 0.018018194
v -0.0015623884 -0.03991205 0.018085564
v -0.0013489805 -0.03991205 0.018055273
v -0.0008783 -0.03991205 0.0180231
v 0.0011228 -0.03991205 0.0180231
v 0.0012983435 -0.03991205 0.01801546
v 0.0014591068 -0.03991205 0.018031569
v 0.001600834 -0.03991205 0.018055419
v 0.0017134655 -0.03991205 0.018048944
v 0.0014943719 -0.03991205 0.018742309
v 0.0010458807 -0.03991205 0.019259725
v 0.0006170452 -0.03991205 0.019503553
v 0.0100087 0.029205949 0.071480498
v 0.0100015 0.029205949 0.069539199
v 0.0100015 0.027281301 0.069539199
v 0.0100087 0.027281301 0.071480498
v 0.013346953 0.029205949 0.070406981
v 0.0100994 0.029205949 0.069446001
v 0.0100015 0.029205949 0.069539199
v 0.0100087 0.029205949 0.071480498
v 0.0100087 0.029205949 0.0716045
v 0.012507082 0.029205949 0.073872852
v 0.012516537 0.029205949 0.073522558
v 0.012529178 0.029205949 0.073051796
v 0.0124895 0.029205949 0.072159901
v 0.0124895 0.029205949 0.070624099
v 0.013058031 0.029205949 0.070489669
v 0.013275433 0.029205949 0.070470557
v 0.013279898 0.01506735 0.045254116
v 0.0132595 0.01506735 0.045248799
v 0.010146 0.01506735 0.0443256
v 0.0099759024 0.01506735 0.04459084
v 0.0099831003 0.01506735 0.045018902
v 0.0099831003 0.01506735 0.052762799
v 0.010004275 0.01506735 0.052810841
v 0.010031542 0.01506735 0.052849646
v 0.010065874 0.01506735 0.052878923
v 0.010108644 0.01506735 0.052899308
v 0.010159301 0.01506735 0.052911201
v 0.0112432 0.01506735 0.052911201
v 0.01157071 0.01506735 0.052725511
v 0.011690036 0.01506735 0.052615037
v 0.0118677 0.01506735 0.052400799
v 0.0136438 0.01506735 0.050439801
v 0.013679055 0.01506735 0.050415187
v 0.013455532 0.01506735 0.0503441
v 0.01314401 0.01506735 0.050328312
v 0.012790861 0.01506735 0.050322933
v 0.012537 0.01506735 0.050143399
v 0.012537 0.01506735 0.046556301
v 0.01248201 0.01506735 0.045966954
v 0.012460285 0.01506735 0.045646539
v 0.012576048 0.01506735 0.045439129
v 0.013056375 0.01506735 0.045347772
v 0.0100087 0.04334455 0.0716045
v 0.0100087 0.04334455 0.071480498
v 0.0100087 0.041419902 0.071480498
v 0.0100087 0.041419902 0.0716045
v 0.012507082 0.04334455 0.073872852
v 0.012507082 0.044954548 0.073872852
v 0.012516537 0.044954548 0.073522558
v 0.012529178 0.044954548 0.073051796
v 0.0124895 0.044954548 0.072159901
v 0.0124895 0.04334455 0.072159901
v 0.012529178 0.04334455 0.073051796
v 0.012516537 0.04334455 0.073522558
v 0.011427799 -0.00099590003 0.052648401
v 0.013506233 -0.00099590003 0.050361061
v 0.013506233 -0.00099849999 0.050361061
v 0.011427799 -0.00099849999 0.052648401
v 0.0100087 0.018602 0.0716045
v 0.0100087 0.018602 0.071480498
v 0.0100087 0.01667735 0.071480498
v 0.0100087 0.01667735 0.0716045
v 0.0100087 0.02213665 0.0716045
v 0.0100087 0.02213665 0.071480498
v 0.0100087 0.020211999 0.071480498
v 0.0100087 0.020211999 0.0716045
v 0.012507082 0.02213665 0.073872852
v 0.012507082 0.02374665 0.073872852
v 0.012516537 0.02374665 0.073522558
v 0.012529178 0.02374665 0.073051796
v 0.0124895 0.02374665 0.072159901
v 0.0124895 0.02213665 0.072159901
v 0.012529178 0.02213665 0.073051796
v 0.012516537 0.02213665 0.073522558
v 0.013346953 0.02374665 0.070406981
v 0.013346953 0.02213665 0.070406981
v 0.013275433 0.02213665 0.070470557
v 0.013058031 0.02213665 0.070489669
v 0.0124895 0.02213665 0.070624099
v 0.0124895 0.02374665 0.070624099
v 0.013058031 0.02374665 0.070489669
v 0.013275433 0.02374665 0.070470557
v 0.010146 0.018602 0.0443256
v 0.0132595 0.018602 0.045248799
v 0.0132595 0.01667735 0.045248799
v 0.010146 0.01667735 0.0443256
v 0.0100936 0.018602 0.069606099
v 0.010024558 0.018602 0.06951725
v 0.0100015 0.018602 0.069539199
v 0.0100087 0.018602 0.071480498
v 0.0100087 0.018602 0.0716045
v 0.012507082 0.018602 0.073872852
v 0.012516537 0.018602 0.073522558
v 0.012529178 0.018602 0.073051796
v 0.0124895 0.018602 0.072159901
v 0.0124895 0.018602 0.070624099
v 0.012689248 0.018602 0.070548701
v 0.01289251 0.018602 0.070505438
v 0.01308709 0.018602 0.070487943
v 0.010146 0.01506735 0.0443256
v 0.0132595 0.01506735 0.045248799
v 0.0132595 0.0131427 0.045248799
v 0.010146 0.0131427 0.0443256
v 0.013346953 0.01506735 0.070406981
v 0.0100994 0.01506735 0.069446001
v 0.0100015 0.01506735 0.069539199
v 0.0100087 0.01506735 0.071480498
v 0.0100087 0.01506735 0.0716045
v 0.012507082 0.01506735 0.073872852
v 0.012516537 0.01506735 0.073522558
v 0.012529178 0.01506735 0.073051796
v 0.0124895 0.01506735 0.072159901
v 0.0124895 0.01506735 0.070624099
v 0.013058031 0.01506735 0.070489669
v 0.013275433 0.01506735 0.070470557
v 0.013346953 0.00093149997 0.070406981
v 0.013269511 0.00093149997 0.070471807
v 0.01308709 0.00093149997 0.070487943
v 0.01308709 0.00092874996 0.070487943
v 0.01289251 0.00092874996 0.070505438
v 0.012689248 0.00092874996 0.070548701
v 0.0124895 0.00092874996 0.070624099
v 0.0124895 0.0025387499 0.070624099
v 0.013058031 0.0025387499 0.070489669
v 0.013275433 0.0025387499 0.070470557
v 0.013346953 0.0025387499 0.070406981
v 0.01308709 -0.00099849999 0.070487943
v 0.01308709 -0.00099590003 0.070487943
v 0.0100936 -0.00099590003 0.069606099
v 0.0100936 -0.00099849999 0.069606099
v 0.013506233 -0.00099590003 0.050361061
v 0.011427799 -0.00099590003 0.052648401
v 0.01122 -0.00099590003 0.0527597
v 0.0101869 -0.00099590003 0.0527597
v 0.010140328 -0.00099590003 0.052750783
v 0.010087509 -0.00099590003 0.052750726
v 0.010037535 -0.00099590003 0.052766175
v 0.009996503 -0.00099590003 0.052795639
v 0.0099831003 -0.00099590003 0.052762799
v 0.0099831003 -0.00099590003 0.045018902
v 0.0099753118 -0.00099590003 0.04459372
v 0.010146 -0.00099590003 0.0443256
v 0.0132595 -0.00099590003 0.045248799
v 0.013279898 -0.00099590003 0.045254116
v 0.013056375 -0.00099590003 0.045347772
v 0.012576048 -0.00099590003 0.045439129
v 0.012460285 -0.00099590003 0.045646539
v 0.01248201 -0.00099590003 0.045966954
v 0.012537 -0.00099590003 0.046556301
v 0.012537 -0.00099590003 0.050143399
v 0.012730563 -0.00099590003 0.050304651
v 0.013000251 -0.00099590003 0.050337563
v 0.013506233 -0.00099849999 0.050361061
v 0.013679055 -0.00099849999 0.050415187
v 0.014180055 -0.00099849999 0.050207658
v 0.014519176 -0.00099849999 0.050126438
v 0.014436003 -0.00099849999 0.050456262
v 0.0144551 -0.00099849999 0.0508393
v 0.0144551 -0.00099849999 0.0704321
v 0.014615349 -0.00099849999 0.070644507
v 0.014423757 -0.00099849999 0.070601945
v 0.014227622 -0.00099849999 0.070568004
v 0.014022518 -0.00099849999 0.07053812
v 0.01380402 -0.00099849999 0.070507741
v 0.0135677 -0.00099849999 0.070472298
v 0.013346953 -0.00099849999 0.070406981
v 0.013264936 -0.00099849999 0.070472698
v 0.01308709 -0.00099849999 0.070487943
v 0.0100936 -0.00099849999 0.069606099
v 0.0099751002 -0.00099849999 0.069453602
v 0.0099751002 -0.00099849999 0.052818699
v 0.010007933 -0.00099849999 0.052785635
v 0.010045217 -0.00099849999 0.052762499
v 0.010087583 -0.00099849999 0.052750711
v 0.010135024 -0.00099849999 0.052750258
v 0.0101869 -0.00099849999 0.0527597
v 0.01122 -0.00099849999 0.0527597
v 0.011427799 -0.00099849999 0.052648401
v 0.0100087 -0.037952399 0.0716045
v 0.0100087 -0.037952399 0.071480498
v 0.0100087 -0.03987705 0.071480498
v 0.0100087 -0.03987705 0.0716045
v 0.0100015 -0.04148705 0.069539199
v 0.0100994 -0.04148705 0.069446001
v 0.0100994 -0.043411698 0.069446001
v 0.0100015 -0.043411698 0.069539199
v 0.013346953 -0.03987705 0.070406981
v 0.013346953 -0.04148705 0.070406981
v 0.013275433 -0.04148705 0.070470557
v 0.013058031 -0.04148705 0.070489669
v 0.0124895 -0.04148705 0.070624099
v 0.0124895 -0.03987705 0.070624099
v 0.013058031 -0.03987705 0.070489669
v 0.013275433 -0.03987705 0.070470557
v 0.0100936 -0.034417751 0.069606099
v 0.010024558 -0.034417751 0.06951725
v 0.0100015 -0.034417751 0.069539199
v 0.0100087 -0.034417751 0.071480498
v 0.0100087 -0.034417751 0.0716045
v 0.012507082 -0.034417751 0.073872852
v 0.012516537 -0.034417751 0.073522558
v 0.012529178 -0.034417751 0.073051796
v 0.0124895 -0.034417751 0.072159901
v 0.0124895 -0.034417751 0.070624099
v 0.012689248 -0.034417751 0.070548701
v 0.01289251 -0.034417751 0.070505438
v 0.01308709 -0.034417751 0.070487943
v 0.01308709 -0.01867175 0.070487943
v 0.013264936 -0.01867175 0.070472698
v 0.013346953 -0.01867175 0.070406981
v 0.013346953 -0.02027915 0.070406981
v 0.013275433 -0.02027915 0.070470557
v 0.013058031 -0.02027915 0.070489669
v 0.0124895 -0.02027915 0.070624099
v 0.0124895 -0.01866915 0.070624099
v 0.012689248 -0.01866915 0.070548701
v 0.01289251 -0.01866915 0.070505438
v 0.01308709 -0.01866915 0.070487943
v 0.013506233 -0.01866915 0.050361061
v 0.011427799 -0.01866915 0.052648401
v 0.01122 -0.01866915 0.0527597
v 0.0101869 -0.01866915 0.0527597
v 0.010140328 -0.01866915 0.052750783
v 0.010087509 -0.01866915 0.052750726
v 0.010037535 -0.01866915 0.052766175
v 0.009996503 -0.01866915 0.052795639
v 0.0099831003 -0.01866915 0.052762799
v 0.0099831003 -0.01866915 0.045018902
v 0.0099753118 -0.01866915 0.04459372
v 0.010146 -0.01866915 0.0443256
v 0.0132595 -0.01866915 0.045248799
v 0.013279898 -0.01866915 0.045254116
v 0.013056375 -0.01866915 0.045347772
v 0.012576048 -0.01866915 0.045439129
v 0.012460285 -0.01866915 0.045646539
v 0.01248201 -0.01866915 0.045966954
v 0.012537 -0.01866915 0.046556301
v 0.012537 -0.01866915 0.050143399
v 0.012730563 -0.01866915 0.050304651
v 0.013000251 -0.01866915 0.050337563
v 0.014519176 -0.01674175 0.050126438
v 0.014320619 -0.01674175 0.05017879
v 0.01414607 -0.01674175 0.050221028
v 0.013986787 -0.01674175 0.050265965
v 0.013834029 -0.01674175 0.050326414
v 0.013679055 -0.01674175 0.050415187
v 0.013506233 -0.01674175 0.050361061
v 0.011427799 -0.01674175 0.052648401
v 0.01122 -0.01674175 0.0527597
v 0.0101869 -0.01674175 0.0527597
v 0.010135024 -0.01674175 0.052750258
v 0.010087583 -0.01674175 0.052750711
v 0.010045217 -0.01674175 0.052762499
v 0.010007933 -0.01674175 0.052785635
v 0.0099751002 -0.01674175 0.052818699
v 0.0099751002 -0.01674175 0.069453602
v 0.0100936 -0.01674175 0.069606099
v 0.01308709 -0.01674175 0.070487943
v 0.013269511 -0.01674175 0.070471807
v 0.013346953 -0.01674175 0.070406981
v 0.0135677 -0.01674175 0.070472298
v 0.01380402 -0.01674175 0.070507741
v 0.014022518 -0.01674175 0.07053812
v 0.014227622 -0.01674175 0.070568004
v 0.014423757 -0.01674175 0.070601945
v 0.014615349 -0.01674175 0.070644507
v 0.0144551 -0.01674175 0.0704321
v 0.0144551 -0.01674175 0.0508393
v 0.014436003 -0.01674175 0.050456262
v 0.0100936 -0.036342399 0.069606099
v 0.01308709 -0.036342399 0.070487943
v 0.01289251 -0.036342399 0.070505438
v 0.012689248 -0.036342399 0.070548701
v 0.0124895 -0.036342399 0.070624099
v 0.0124895 -0.036342399 0.072159901
v 0.012529178 -0.036342399 0.073051796
v 0.012516537 -0.036342399 0.073522558
v 0.012507082 -0.036342399 0.073872852
v 0.0100087 -0.036342399 0.0716045
v 0.0100087 -0.036342399 0.071480498
v 0.0100015 -0.036342399 0.069539199
v 0.010024558 -0.036342399 0.06951725
v 0.0118677 -0.037952399 0.052400799
v 0.011690036 -0.037952399 0.052615037
v 0.01157071 -0.037952399 0.052725511
v 0.0112432 -0.037952399 0.052911201
v 0.0112432 -0.03987705 0.052911201
v 0.01157071 -0.03987705 0.052725511
v 0.011690036 -0.03987705 0.052615037
v 0.0118677 -0.03987705 0.052400799
v 0.0136438 -0.037952399 0.050439801
v 0.0118677 -0.037952399 0.052400799
v 0.0118677 -0.03987705 0.052400799
v 0.0136438 -0.03987705 0.050439801
v 0.0132595 -0.032807751 0.045248799
v 0.013279898 -0.032807751 0.045254116
v 0.013056375 -0.032807751 0.045347772
v 0.012576048 -0.032807751 0.045439129
v 0.012460285 -0.032807751 0.045646539
v 0.01248201 -0.032807751 0.045966954
v 0.012537 -0.032807751 0.046556301
v 0.012537 -0.032807751 0.050143399
v 0.012790861 -0.032807751 0.050322933
v 0.01314401 -0.032807751 0.050328312
v 0.013455532 -0.032807751 0.0503441
v 0.013679055 -0.032807751 0.050415187
v 0.0136438 -0.032807751 0.050439801
v 0.0118677 -0.032807751 0.052400799
v 0.011690036 -0.032807751 0.052615037
v 0.01157071 -0.032807751 0.052725511
v 0.0112432 -0.032807751 0.052911201
v 0.010159301 -0.032807751 0.052911201
v 0.010109097 -0.032807751 0.052899451
v 0.010066663 -0.032807751 0.052879429
v 0.010032234 -0.032807751 0.052850413
v 0.010004584 -0.032807751 0.052811403
v 0.0099831003 -0.032807751 0.052762799
v 0.0099831003 -0.032807751 0.045018902
v 0.0099753118 -0.032807751 0.04459372
v 0.010146 -0.032807751 0.0443256
v 0.012537 -0.034417751 0.050143399
v 0.012537 -0.032807751 0.050143399
v 0.012537 -0.032807751 0.046556301
v 0.012537 -0.034417751 0.046556301
v 0.013346953 0.044954548 0.070406981
v 0.013346953 0.04334455 0.070406981
v 0.013275433 0.04334455 0.070470557
v 0.013058031 0.04334455 0.070489669
v 0.0124895 0.04334455 0.070624099
v 0.0124895 0.044954548 0.070624099
v 0.013058031 0.044954548 0.070489669
v 0.013275433 0.044954548 0.070470557
v 0.0100994 0.044954548 0.069446001
v 0.013346953 0.044954548 0.070406981
v 0.013275433 0.044954548 0.070470557
v 0.013058031 0.044954548 0.070489669
v 0.0124895 0.044954548 0.070624099
v 0.0124895 0.044954548 0.072159901
v 0.012529178 0.044954548 0.073051796
v 0.012516537 0.044954548 0.073522558
v 0.012507082 0.044954548 0.073872852
v 0.0100087 0.044954548 0.0716045
v 0.0100087 0.044954548 0.071480498
v 0.0100015 0.044954548 0.069539199
v 0.013279898 -0.045021701 0.045254116
v 0.0132595 -0.045021701 0.045248799
v 0.010146 -0.045021701 0.0443256
v 0.0099759024 -0.045021701 0.04459084
v 0.0099831003 -0.045021701 0.045018902
v 0.0099831003 -0.045021701 0.052762799
v 0.010004275 -0.045021701 0.052810841
v 0.010031542 -0.045021701 0.052849646
v 0.010065874 -0.045021701 0.052878923
v 0.010108644 -0.045021701 0.052899308
v 0.010159301 -0.045021701 0.052911201
v 0.0112432 -0.045021701 0.052911201
v 0.01157071 -0.045021701 0.052725511
v 0.011690036 -0.045021701 0.052615037
v 0.0118677 -0.045021701 0.052400799
v 0.0136438 -0.045021701 0.050439801
v 0.013679055 -0.045021701 0.050415187
v 0.013455532 -0.045021701 0.0503441
v 0.01314401 -0.045021701 0.050328312
v 0.012790861 -0.045021701 0.050322933
v 0.012537 -0.045021701 0.050143399
v 0.012537 -0.045021701 0.046556301
v 0.01248201 -0.045021701 0.045966954
v 0.012460285 -0.045021701 0.045646539
v 0.012576048 -0.045021701 0.045439129
v 0.013056375 -0.045021701 0.045347772
v 0.0112432 0.046879201 0.052911201
v 0.010159301 0.046879201 0.052911201
v 0.010159301 0.044954548 0.052911201
v 0.0112432 0.044954548 0.052911201
v 0.010146 0.04334455 0.0443256
v 0.0132595 0.04334455 0.045248799
v 0.0132595 0.041419902 0.045248799
v 0.010146 0.041419902 0.0443256
v 0.010146 -0.045021701 0.0443256
v 0.0132595 -0.045021701 0.045248799
v 0.0132595 -0.046946349 0.045248799
v 0.010146 -0.046946349 0.0443256
v 0.010146 0.039809899 0.0443256
v 0.0132595 0.039809899 0.045248799
v 0.0132595 0.037885251 0.045248799
v 0.010146 0.037885251 0.0443256
v 0.0112432 0.039809899 0.052911201
v 0.010159301 0.039809899 0.052911201
v 0.010159301 0.037885251 0.052911201
v 0.0112432 0.037885251 0.052911201
v 0.0132595 0.041419902 0.045248799
v 0.013279898 0.041419902 0.045254116
v 0.013056375 0.041419902 0.045347772
v 0.012576048 0.041419902 0.045439129
v 0.012460285 0.041419902 0.045646539
v 0.01248201 0.041419902 0.045966954
v 0.012537 0.041419902 0.046556301
v 0.012537 0.041419902 0.050143399
v 0.012790861 0.041419902 0.050322933
v 0.01314401 0.041419902 0.050328312
v 0.013455532 0.041419902 0.0503441
v 0.013679055 0.041419902 0.050415187
v 0.0136438 0.041419902 0.050439801
v 0.0118677 0.041419902 0.052400799
v 0.011690036 0.041419902 0.052615037
v 0.01157071 0.041419902 0.052725511
v 0.0112432 0.041419902 0.052911201
v 0.010159301 0.041419902 0.052911201
v 0.010109097 0.041419902 0.052899451
v 0.010066663 0.041419902 0.052879429
v 0.010032234 0.041419902 0.052850413
v 0.010004584 0.041419902 0.052811403
v 0.0099831003 0.041419902 0.052762799
v 0.0099831003 0.041419902 0.045018902
v 0.0099753118 0.041419902 0.04459372
v 0.010146 0.041419902 0.0443256
v 0.010159301 0.029205949 0.052911201
v 0.010108644 0.029205949 0.052899308
v 0.010065874 0.029205949 0.052878923
v 0.010031542 0.029205949 0.052849646
v 0.010004275 0.029205949 0.052810841
v 0.0099831003 0.029205949 0.052762799
v 0.0099831003 0.027281301 0.052762799
v 0.010004584 0.027281301 0.052811403
v 0.010032234 0.027281301 0.052850413
v 0.010066663 0.027281301 0.052879429
v 0.010109097 0.027281301 0.052899451
v 0.010159301 0.027281301 0.052911201
v 0.013279898 0.027281301 0.045254116
v 0.013279898 0.025671301 0.045254116
v 0.013056375 0.025671301 0.045347772
v 0.012576048 0.025671301 0.045439129
v 0.012460285 0.025671301 0.045646539
v 0.01248201 0.025671301 0.045966954
v 0.012537 0.025671301 0.046556301
v 0.012537 0.027281301 0.046556301
v 0.01248201 0.027281301 0.045966954
v 0.012460285 0.027281301 0.045646539
v 0.012576048 0.027281301 0.045439129
v 0.013056375 0.027281301 0.045347772
v 0.0132595 0.027281301 0.045248799
v 0.013279898 0.027281301 0.045254116
v 0.013056375 0.027281301 0.045347772
v 0.012576048 0.027281301 0.045439129
v 0.012460285 0.027281301 0.045646539
v 0.01248201 0.027281301 0.045966954
v 0.012537 0.027281301 0.046556301
v 0.012537 0.027281301 0.050143399
v 0.012790861 0.027281301 0.050322933
v 0.01314401 0.027281301 0.050328312
v 0.013455532 0.027281301 0.0503441
v 0.013679055 0.027281301 0.050415187
v 0.0136438 0.027281301 0.050439801
v 0.0118677 0.027281301 0.052400799
v 0.011690036 0.027281301 0.052615037
v 0.01157071 0.027281301 0.052725511
v 0.0112432 0.027281301 0.052911201
v 0.010159301 0.027281301 0.052911201
v 0.010109097 0.027281301 0.052899451
v 0.010066663 0.027281301 0.052879429
v 0.010032234 0.027281301 0.052850413
v 0.010004584 0.027281301 0.052811403
v 0.0099831003 0.027281301 0.052762799
v 0.0099831003 0.027281301 0.045018902
v 0.0099753118 0.027281301 0.04459372
v 0.010146 0.027281301 0.0443256
v 0.013279898 0.044954548 0.045254116
v 0.013279898 0.04334455 0.045254116
v 0.013056375 0.04334455 0.045347772
v 0.012576048 0.04334455 0.045439129
v 0.012460285 0.04334455 0.045646539
v 0.01248201 0.04334455 0.045966954
v 0.012537 0.04334455 0.046556301
v 0.012537 0.044954548 0.046556301
v 0.01248201 0.044954548 0.045966954
v 0.012460285 0.044954548 0.045646539
v 0.012576048 0.044954548 0.045439129
v 0.013056375 0.044954548 0.045347772
v -0.010146 0.046879201 0.0443256
v -0.0099759024 0.046879201 0.04459084
v -0.0099831003 0.046879201 0.045018902
v -0.0099831003 0.044954548 0.045018902
v -0.0099753118 0.044954548 0.04459372
v -0.010146 0.044954548 0.0443256
v -0.0112432 0.0327406 0.052911201
v -0.01157071 0.0327406 0.052725511
v -0.011690036 0.0327406 0.052615037
v -0.0118677 0.0327406 0.052400799
v -0.0118677 0.030815949 0.052400799
v -0.011690036 0.030815949 0.052615037
v -0.01157071 0.030815949 0.052725511
v -0.0112432 0.030815949 0.052911201
v -0.0132595 0.029205949 0.045248799
v -0.013279898 0.029205949 0.045254116
v -0.013056375 0.029205949 0.045347772
v -0.012576048 0.029205949 0.045439129
v -0.012460285 0.029205949 0.045646539
v -0.01248201 0.029205949 0.045966954
v -0.012537 0.029205949 0.046556301
v -0.012537 0.029205949 0.050143399
v -0.012790861 0.029205949 0.050322933
v -0.01314401 0.029205949 0.050328312
v -0.013455532 0.029205949 0.0503441
v -0.013679055 0.029205949 0.050415187
v -0.0136438 0.029205949 0.050439801
v -0.0118677 0.029205949 0.052400799
v -0.011690036 0.029205949 0.052615037
v -0.01157071 0.029205949 0.052725511
v -0.0112432 0.029205949 0.052911201
v -0.010159301 0.029205949 0.052911201
v -0.010108644 0.029205949 0.052899308
v -0.010065874 0.029205949 0.052878923
v -0.010031542 0.029205949 0.052849646
v -0.010004275 0.029205949 0.052810841
v -0.0099831003 0.029205949 0.052762799
v -0.0099831003 0.029205949 0.045018902
v -0.0099759024 0.029205949 0.04459084
v -0.010146 0.029205949 0.0443256
v -0.0132595 0.029205949 0.045248799
v -0.010146 0.029205949 0.0443256
v -0.010146 0.027281301 0.0443256
v -0.0132595 0.027281301 0.045248799
v -0.013679055 0.030815949 0.050415187
v -0.013679055 0.029205949 0.050415187
v -0.013455532 0.029205949 0.0503441
v -0.01314401 0.029205949 0.050328312
v -0.012790861 0.029205949 0.050322933
v -0.012537 0.029205949 0.050143399
v -0.012537 0.030815949 0.050143399
v -0.012790861 0.030815949 0.050322933
v -0.01314401 0.030815949 0.050328312
v -0.013455532 0.030815949 0.0503441
v -0.0132595 0.036275251 0.045248799
v -0.010146 0.036275251 0.0443256
v -0.010146 0.0343506 0.0443256
v -0.0132595 0.0343506 0.045248799
v -0.0118677 0.039809899 0.052400799
v -0.0136438 0.039809899 0.050439801
v -0.0136438 0.037885251 0.050439801
v -0.0118677 0.037885251 0.052400799
v -0.01308709 0.034347999 0.070487943
v -0.01308709 0.0343506 0.070487943
v -0.01289251 0.0343506 0.070505438
v -0.012689248 0.0343506 0.070548701
v -0.0124895 0.0343506 0.070624099
v -0.0124895 0.0327406 0.070624099
v -0.013058031 0.0327406 0.070489669
v -0.013275433 0.0327406 0.070470557
v -0.013346953 0.0327406 0.070406981
v -0.013346953 0.034347999 0.070406981
v -0.013269511 0.034347999 0.070471807
v -0.0132595 0.046879201 0.045248799
v -0.013279898 0.046879201 0.045254116
v -0.013056375 0.046879201 0.045347772
v -0.012576048 0.046879201 0.045439129
v -0.012460285 0.046879201 0.045646539
v -0.01248201 0.046879201 0.045966954
v -0.012537 0.046879201 0.046556301
v -0.012537 0.046879201 0.050143399
v -0.012790861 0.046879201 0.050322933
v -0.01314401 0.046879201 0.050328312
v -0.013455532 0.046879201 0.0503441
v -0.013679055 0.046879201 0.050415187
v -0.0136438 0.046879201 0.050439801
v -0.0118677 0.046879201 0.052400799
v -0.011690036 0.046879201 0.052615037
v -0.01157071 0.046879201 0.052725511
v -0.0112432 0.046879201 0.052911201
v -0.010159301 0.046879201 0.052911201
v -0.010108644 0.046879201 0.052899308
v -0.010065874 0.046879201 0.052878923
v -0.010031542 0.046879201 0.052849646
v -0.010004275 0.046879201 0.052810841
v -0.0099831003 0.046879201 0.052762799
v -0.0099831003 0.046879201 0.045018902
v -0.0099759024 0.046879201 0.04459084
v -0.010146 0.046879201 0.0443256
v -0.013679055 0.048489199 0.050415187
v -0.013679055 0.046879201 0.050415187
v -0.013455532 0.046879201 0.0503441
v -0.01314401 0.046879201 0.050328312
v -0.012790861 0.046879201 0.050322933
v -0.012537 0.046879201 0.050143399
v -0.012537 0.048489199 0.050143399
v -0.012790861 0.048489199 0.050322933
v -0.01314401 0.048489199 0.050328312
v -0.013455532 0.048489199 0.0503441
v -0.012537 -0.046946349 0.050143399
v -0.012537 -0.048556352 0.050143399
v -0.012537 -0.048556352 0.046556301
v -0.012537 -0.046946349 0.046556301
v -0.011427799 -0.036342399 0.052648401
v -0.01122 -0.036342399 0.0527597
v -0.01122 -0.036345 0.0527597
v -0.011427799 -0.036345 0.052648401
v -0.010146 -0.037952399 0.0443256
v -0.0099759024 -0.037952399 0.04459084
v -0.0099831003 -0.037952399 0.045018902
v -0.0099831003 -0.03987705 0.045018902
v -0.0099753118 -0.03987705 0.04459372
v -0.010146 -0.03987705 0.0443256
v -0.0132595 -0.037952399 0.045248799
v -0.013279898 -0.037952399 0.045254116
v -0.013056375 -0.037952399 0.045347772
v -0.012576048 -0.037952399 0.045439129
v -0.012460285 -0.037952399 0.045646539
v -0.01248201 -0.037952399 0.045966954
v -0.012537 -0.037952399 0.046556301
v -0.012537 -0.037952399 0.050143399
v -0.012790861 -0.037952399 0.050322933
v -0.01314401 -0.037952399 0.050328312
v -0.013455532 -0.037952399 0.0503441
v -0.013679055 -0.037952399 0.050415187
v -0.0136438 -0.037952399 0.050439801
v -0.0118677 -0.037952399 0.052400799
v -0.011690036 -0.037952399 0.052615037
v -0.01157071 -0.037952399 0.052725511
v -0.0112432 -0.037952399 0.052911201
v -0.010159301 -0.037952399 0.052911201
v -0.010108644 -0.037952399 0.052899308
v -0.010065874 -0.037952399 0.052878923
v -0.010031542 -0.037952399 0.052849646
v -0.010004275 -0.037952399 0.052810841
v -0.0099831003 -0.037952399 0.052762799
v -0.0099831003 -0.037952399 0.045018902
v -0.0099759024 -0.037952399 0.04459084
v -0.010146 -0.037952399 0.0443256
v -0.010024558 -0.036342399 0.06951725
v -0.010024558 -0.034417751 0.06951725
v -0.0100015 -0.034417751 0.069539199
v -0.0100015 -0.036342399 0.069539199
v -0.013279898 -0.032807751 0.045254116
v -0.0132595 -0.032807751 0.045248799
v -0.010146 -0.032807751 0.0443256
v -0.0099753118 -0.032807751 0.04459372
v -0.0099831003 -0.032807751 0.045018902
v -0.0099831003 -0.032807751 0.052762799
v -0.010004584 -0.032807751 0.052811403
v -0.010032234 -0.032807751 0.052850413
v -0.010066663 -0.032807751 0.052879429
v -0.010109097 -0.032807751 0.052899451
v -0.010159301 -0.032807751 0.052911201
v -0.0112432 -0.032807751 0.052911201
v -0.01157071 -0.032807751 0.052725511
v -0.011690036 -0.032807751 0.052615037
v -0.0118677 -0.032807751 0.052400799
v -0.0136438 -0.032807751 0.050439801
v -0.013679055 -0.032807751 0.050415187
v -0.013455532 -0.032807751 0.0503441
v -0.01314401 -0.032807751 0.050328312
v -0.012790861 -0.032807751 0.050322933
v -0.012537 -0.032807751 0.050143399
v -0.012537 -0.032807751 0.046556301
v -0.01248201 -0.032807751 0.045966954
v -0.012460285 -0.032807751 0.045646539
v -0.012576048 -0.032807751 0.045439129
v -0.013056375 -0.032807751 0.045347772
v -0.01308709 -0.034417751 0.070487943
v -0.0100936 -0.034417751 0.069606099
v -0.0100936 -0.034414999 0.069606099
v -0.01308709 -0.034414999 0.070487943
v -0.0101869 -0.034417751 0.0527597
v -0.010140328 -0.034417751 0.052750783
v -0.010087509 -0.034417751 0.052750726
v -0.010037535 -0.034417751 0.052766175
v -0.009996503 -0.034417751 0.052795639
v -0.0099831003 -0.034417751 0.052762799
v -0.0099831003 -0.034417751 0.045018902
v -0.0099759024 -0.034417751 0.04459084
v -0.010146 -0.034417751 0.0443256
v -0.0132595 -0.034417751 0.045248799
v -0.013279898 -0.034417751 0.045254116
v -0.013056375 -0.034417751 0.045347772
v -0.012576048 -0.034417751 0.045439129
v -0.012460285 -0.034417751 0.045646539
v -0.01248201 -0.034417751 0.045966954
v -0.012537 -0.034417751 0.046556301
v -0.012537 -0.034417751 0.050143399
v -0.012730563 -0.034417751 0.050304651
v -0.013000251 -0.034417751 0.050337563
v -0.013506233 -0.034417751 0.050361061
v -0.011427799 -0.034417751 0.052648401
v -0.01122 -0.034417751 0.0527597
v -0.0124895 0.037885251 0.072159901
v -0.0124895 0.036275251 0.072159901
v -0.0124895 0.036275251 0.070624099
v -0.0124895 0.037885251 0.070624099
v -0.0100087 0.036275251 0.071480498
v -0.0100087 0.036275251 0.0716045
v -0.0100087 0.0343506 0.0716045
v -0.0100087 0.0343506 0.071480498
v -0.0100015 0.039809899 0.069539199
v -0.0100087 0.039809899 0.071480498
v -0.0100087 0.037885251 0.071480498
v -0.0100015 0.037885251 0.069539199
v -0.0100994 0.039809899 0.069446001
v -0.013346953 0.039809899 0.070406981
v -0.013275433 0.039809899 0.070470557
v -0.013058031 0.039809899 0.070489669
v -0.0124895 0.039809899 0.070624099
v -0.0124895 0.039809899 0.072159901
v -0.012529178 0.039809899 0.073051796
v -0.012516537 0.039809899 0.073522558
v -0.012507082 0.039809899 0.073872852
v -0.0100087 0.039809899 0.0716045
v -0.0100087 0.039809899 0.071480498
v -0.0100015 0.039809899 0.069539199
v -0.0132595 0.01506735 0.045248799
v -0.010146 0.01506735 0.0443256
v -0.010146 0.0131427 0.0443256
v -0.0132595 0.0131427 0.045248799
v -0.009996503 0.018602 0.052795639
v -0.009996503 0.01667735 0.052795639
v -0.0099831003 0.01667735 0.052762799
v -0.0099831003 0.018602 0.052762799
v -0.0101869 0.018602 0.0527597
v -0.010140328 0.018602 0.052750783
v -0.010087509 0.018602 0.052750726
v -0.010037535 0.018602 0.052766175
v -0.009996503 0.018602 0.052795639
v -0.0099831003 0.018602 0.052762799
v -0.0099831003 0.018602 0.045018902
v -0.0099759024 0.018602 0.04459084
v -0.010146 0.018602 0.0443256
v -0.0132595 0.018602 0.045248799
v -0.013279898 0.018602 0.045254116
v -0.013056375 0.018602 0.045347772
v -0.012576048 0.018602 0.045439129
v -0.012460285 0.018602 0.045646539
v -0.01248201 0.018602 0.045966954
v -0.012537 0.018602 0.046556301
v -0.012537 0.018602 0.050143399
v -0.012730563 0.018602 0.050304651
v -0.013000251 0.018602 0.050337563
v -0.013506233 0.018602 0.050361061
v -0.011427799 0.018602 0.052648401
v -0.01122 0.018602 0.0527597
v -0.01308709 0.018602 0.070487943
v -0.0100936 0.018602 0.069606099
v -0.0100936 0.018604749 0.069606099
v -0.01308709 0.018604749 0.070487943
v -0.013346953 0.048489199 0.070406981
v -0.0100994 0.048489199 0.069446001
v -0.0100015 0.048489199 0.069539199
v -0.0100087 0.048489199 0.071480498
v -0.0100087 0.048489199 0.0716045
v -0.012507082 0.048489199 0.073872852
v -0.012516537 0.048489199 0.073522558
v -0.012529178 0.048489199 0.073051796
v -0.0124895 0.048489199 0.072159901
v -0.0124895 0.048489199 0.070624099
v -0.013058031 0.048489199 0.070489669
v -0.013275433 0.048489199 0.070470557
v -0.0101869 -0.00099590003 0.0527597
v -0.010141007 -0.00099590003 0.052750854
v -0.010088151 -0.00099590003 0.05275064
v -0.010037916 -0.00099590003 0.05276598
v -0.009996503 -0.00099590003 0.052795639
v -0.009996503 0.00092874996 0.052795639
v -0.010037535 0.00092874996 0.052766175
v -0.010087509 0.00092874996 0.052750726
v -0.010140328 0.00092874996 0.052750783
v -0.0101869 0.00092874996 0.0527597
v -0.0101869 0.00093149997 0.0527597
v -0.010135024 0.00093149997 0.052750258
v -0.010087583 0.00093149997 0.052750711
v -0.010045217 0.00093149997 0.052762499
v -0.010007933 0.00093149997 0.052785635
v -0.0099751002 0.00093149997 0.052818699
v -0.0099751002 -0.00099849999 0.052818699
v -0.010007933 -0.00099849999 0.052785635
v -0.010045217 -0.00099849999 0.052762499
v -0.010087583 -0.00099849999 0.052750711
v -0.010135024 -0.00099849999 0.052750258
v -0.0101869 -0.00099849999 0.0527597
v -0.013679055 0.018604749 0.050415187
v -0.014180055 0.018604749 0.050207658
v -0.014519176 0.018604749 0.050126438
v -0.014436003 0.018604749 0.050456262
v -0.0144551 0.018604749 0.0508393
v -0.0144551 0.018604749 0.0704321
v -0.014615349 0.018604749 0.070644507
v -0.014423757 0.018604749 0.070601945
v -0.014227622 0.018604749 0.070568004
v -0.014022518 0.018604749 0.07053812
v -0.01380402 0.018604749 0.070507741
v -0.0135677 0.018604749 0.070472298
v -0.013346953 0.018604749 0.070406981
v -0.013264936 0.018604749 0.070472698
v -0.01308709 0.018604749 0.070487943
v -0.0100936 0.018604749 0.069606099
v -0.0099751002 0.018604749 0.069453602
v -0.0099751002 0.018604749 0.052818699
v -0.010007933 0.018604749 0.052785635
v -0.010045217 0.018604749 0.052762499
v -0.010087583 0.018604749 0.052750711
v -0.010135024 0.018604749 0.052750258
v -0.0101869 0.018604749 0.0527597
v -0.01122 0.018604749 0.0527597
v -0.011427799 0.018604749 0.052648401
v -0.013506233 0.018604749 0.050361061
v -0.0008783 0.0343156 0.0180231
v -0.0008783 0.0327756 0.0180231
v 0.0011228 0.0327756 0.0180231
v 0.0011228 0.0343156 0.0180231
v -0.0017099179 0.0343156 0.018018194
v -0.0017099179 0.0327756 0.018018194
v -0.0015623884 0.0327756 0.018085564
v -0.0013489805 0.0327756 0.018055273
v -0.0008783 0.0327756 0.0180231
v -0.0008783 0.0343156 0.0180231
v -0.0013489805 0.0343156 0.018055273
v -0.0015623884 0.0343156 0.018085564
v -0.010146 0.0327406 0.0443256
v -0.0099759024 0.0327406 0.04459084
v -0.0099831003 0.0327406 0.045018902
v -0.0099831003 0.030815949 0.045018902
v -0.0099753118 0.030815949 0.04459372
v -0.010146 0.030815949 0.0443256
v -0.013279898 0.0327406 0.045254116
v -0.013279898 0.0343506 0.045254116
v -0.013056375 0.0343506 0.045347772
v -0.012576048 0.0343506 0.045439129
v -0.012460285 0.0343506 0.045646539
v -0.01248201 0.0343506 0.045966954
v -0.012537 0.0343506 0.046556301
v -0.012537 0.0327406 0.046556301
v -0.01248201 0.0327406 0.045966954
v -0.012460285 0.0327406 0.045646539
v -0.012576048 0.0327406 0.045439129
v -0.013056375 0.0327406 0.045347772
v -0.012537 0.037885251 0.050143399
v -0.012537 0.036275251 0.050143399
v -0.012537 0.036275251 0.046556301
v -0.012537 0.037885251 0.046556301
v -0.014615349 -0.036345 0.070644507
v -0.014615349 -0.034414999 0.070644507
v -0.0144551 -0.034414999 0.0704321
v -0.0144551 -0.036345 0.0704321
v -0.0099831003 -0.048556352 0.045018902
v -0.0099831003 -0.048556352 0.052762799
v -0.0099831003 -0.050481 0.052762799
v -0.0099831003 -0.050481 0.045018902
v -0.014519176 -0.034414999 0.050126438
v -0.014519176 -0.036345 0.050126438
v -0.014436003 -0.036345 0.050456262
v -0.0144551 -0.036345 0.0508393
v -0.0144551 -0.034414999 0.0508393
v -0.014436003 -0.034414999 0.050456262
v -0.0100994 -0.037952399 0.069446001
v -0.013346953 -0.037952399 0.070406981
v -0.013275433 -0.037952399 0.070470557
v -0.013058031 -0.037952399 0.070489669
v -0.0124895 -0.037952399 0.070624099
v -0.0124895 -0.037952399 0.072159901
v -0.012529178 -0.037952399 0.073051796
v -0.012516537 -0.037952399 0.073522558
v -0.012507082 -0.037952399 0.073872852
v -0.0100087 -0.037952399 0.0716045
v -0.0100087 -0.037952399 0.071480498
v -0.0100015 -0.037952399 0.069539199
v -0.0100994 0.046879201 0.069446001
v -0.013346953 0.046879201 0.070406981
v -0.013275433 0.046879201 0.070470557
v -0.013058031 0.046879201 0.070489669
v -0.0124895 0.046879201 0.070624099
v -0.0124895 0.046879201 0.072159901
v -0.012529178 0.046879201 0.073051796
v -0.012516537 0.046879201 0.073522558
v -0.012507082 0.046879201 0.073872852
v -0.0100087 0.046879201 0.0716045
v -0.0100087 0.046879201 0.071480498
v -0.0100015 0.046879201 0.069539199
v -0.0100087 -0.050481 0.0716045
v -0.012507082 -0.050481 0.073872852
v -0.012516537 -0.050481 0.073522558
v -0.012529178 -0.050481 0.073051796
v -0.0124895 -0.050481 0.072159901
v -0.0124895 -0.050481 0.070624099
v -0.013058031 -0.050481 0.070489669
v -0.013275433 -0.050481 0.070470557
v -0.013346953 -0.050481 0.070406981
v -0.0100994 -0.050481 0.069446001
v -0.0100015 -0.050481 0.069539199
v -0.0100087 -0.050481 0.071480498
v 0.0100087 -0.048556352 0.071480498
v 0.0100015 -0.048556352 0.069539199
v 0.0100015 -0.050481 0.069539199
v 0.0100087 -0.050481 0.071480498
v 0.013346953 -0.048556352 0.070406981
v 0.0100994 -0.048556352 0.069446001
v 0.0100015 -0.048556352 0.069539199
v 0.0100087 -0.048556352 0.071480498
v 0.0100087 -0.048556352 0.0716045
v 0.012507082 -0.048556352 0.073872852
v 0.012516537 -0.048556352 0.073522558
v 0.012529178 -0.048556352 0.073051796
v 0.0124895 -0.048556352 0.072159901
v 0.0124895 -0.048556352 0.070624099
v 0.013058031 -0.048556352 0.070489669
v 0.013275433 -0.048556352 0.070470557
v -0.0008783 -0.03991205 0.0180231
v -0.0008783 -0.04145205 0.0180231
v 0.0011228 -0.04145205 0.0180231
v 0.0011228 -0.03991205 0.0180231
v 0.0017134655 -0.04145205 0.018048944
v 0.0017134655 -0.03991205 0.018048944
v 0.001600834 -0.03991205 0.018055419
v 0.0014591068 -0.03991205 0.018031569
v 0.0012983435 -0.03991205 0.01801546
v 0.0011228 -0.03991205 0.0180231
v 0.0011228 -0.04145205 0.0180231
v 0.0012983435 -0.04145205 0.01801546
v 0.0014591068 -0.04145205 0.018031569
v 0.001600834 -0.04145205 0.018055419
v 0.0100087 0.0327406 0.0716045
v 0.0100087 0.0327406 0.071480498
v 0.0100087 0.030815949 0.071480498
v 0.0100087 0.030815949 0.0716045
v 0.0100015 0.029205949 0.069539199
v 0.0100994 0.029205949 0.069446001
v 0.0100994 0.027281301 0.069446001
v 0.0100015 0.027281301 0.069539199
v 0.013346953 0.030815949 0.070406981
v 0.013346953 0.029205949 0.070406981
v 0.013275433 0.029205949 0.070470557
v 0.013058031 0.029205949 0.070489669
v 0.0124895 0.029205949 0.070624099
v 0.0124895 0.030815949 0.070624099
v 0.013058031 0.030815949 0.070489669
v 0.013275433 0.030815949 0.070470557
v 0.0099751002 0.018604749 0.052818699
v 0.0099751002 0.01667475 0.052818699
v 0.0099751002 0.01667475 0.069453602
v 0.0099751002 0.018604749 0.069453602
v 0.0100087 0.04334455 0.071480498
v 0.0100015 0.04334455 0.069539199
v 0.0100015 0.041419902 0.069539199
v 0.0100087 0.041419902 0.071480498
v 0.013346953 0.04334455 0.070406981
v 0.0100994 0.04334455 0.069446001
v 0.0100015 0.04334455 0.069539199
v 0.0100087 0.04334455 0.071480498
v 0.0100087 0.04334455 0.0716045
v 0.012507082 0.04334455 0.073872852
v 0.012516537 0.04334455 0.073522558
v 0.012529178 0.04334455 0.073051796
v 0.0124895 0.04334455 0.072159901
v 0.0124895 0.04334455 0.070624099
v 0.013058031 0.04334455 0.070489669
v 0.013275433 0.04334455 0.070470557
v 0.013506233 0.00093149997 0.050361061
v 0.013506233 0.00092874996 0.050361061
v 0.011427799 0.00092874996 0.052648401
v 0.011427799 0.00093149997 0.052648401
v 0.0124895 0.018602 0.072159901
v 0.0124895 0.020211999 0.072159901
v 0.0124895 0.020211999 0.070624099
v 0.0124895 0.018602 0.070624099
v 0.0100087 0.018602 0.071480498
v 0.0100015 0.018602 0.069539199
v 0.0100015 0.01667735 0.069539199
v 0.0100087 0.01667735 0.071480498
v 0.0100087 0.02213665 0.071480498
v 0.0100015 0.02213665 0.069539199
v 0.0100015 0.020211999 0.069539199
v 0.0100087 0.020211999 0.071480498
v 0.013346953 0.02213665 0.070406981
v 0.0100994 0.02213665 0.069446001
v 0.0100015 0.02213665 0.069539199
v 0.0100087 0.02213665 0.071480498
v 0.0100087 0.02213665 0.0716045
v 0.012507082 0.02213665 0.073872852
v 0.012516537 0.02213665 0.073522558
v 0.012529178 0.02213665 0.073051796
v 0.0124895 0.02213665 0.072159901
v 0.0124895 0.02213665 0.070624099
v 0.013058031 0.02213665 0.070489669
v 0.013275433 0.02213665 0.070470557
v 0.0132595 0.020211999 0.045248799
v 0.013279898 0.020211999 0.045254116
v 0.013056375 0.020211999 0.045347772
v 0.012576048 0.020211999 0.045439129
v 0.012460285 0.020211999 0.045646539
v 0.01248201 0.020211999 0.045966954
v 0.012537 0.020211999 0.046556301
v 0.012537 0.020211999 0.050143399
v 0.012790861 0.020211999 0.050322933
v 0.01314401 0.020211999 0.050328312
v 0.013455532 0.020211999 0.0503441
v 0.013679055 0.020211999 0.050415187
v 0.0136438 0.020211999 0.050439801
v 0.0118677 0.020211999 0.052400799
v 0.011690036 0.020211999 0.052615037
v 0.01157071 0.020211999 0.052725511
v 0.0112432 0.020211999 0.052911201
v 0.010159301 0.020211999 0.052911201
v 0.010109097 0.020211999 0.052899451
v 0.010066663 0.020211999 0.052879429
v 0.010032234 0.020211999 0.052850413
v 0.010004584 0.020211999 0.052811403
v 0.0099831003 0.020211999 0.052762799
v 0.0099831003 0.020211999 0.045018902
v 0.0099753118 0.020211999 0.04459372
v 0.010146 0.020211999 0.0443256
v 0.0101869 0.01667735 0.0527597
v 0.01122 0.01667735 0.0527597
v 0.01122 0.01667475 0.0527597
v 0.0101869 0.01667475 0.0527597
v 0.013506233 0.01667475 0.050361061
v 0.013506233 0.01667735 0.050361061
v 0.013000251 0.01667735 0.050337563
v 0.012730563 0.01667735 0.050304651
v 0.012537 0.01667735 0.050143399
v 0.012537 0.01506735 0.050143399
v 0.012790861 0.01506735 0.050322933
v 0.01314401 0.01506735 0.050328312
v 0.013455532 0.01506735 0.0503441
v 0.013679055 0.01506735 0.050415187
v 0.013679055 0.01667475 0.050415187
v 0.01308709 0.01667475 0.070487943
v 0.013264936 0.01667475 0.070472698
v 0.013346953 0.01667475 0.070406981
v 0.013346953 0.01506735 0.070406981
v 0.013275433 0.01506735 0.070470557
v 0.013058031 0.01506735 0.070489669
v 0.0124895 0.01506735 0.070624099
v 0.0124895 0.01667735 0.070624099
v 0.012689248 0.01667735 0.070548701
v 0.01289251 0.01667735 0.070505438
v 0.01308709 0.01667735 0.070487943
v 0.0100936 0.00092874996 0.069606099
v 0.01308709 0.00092874996 0.070487943
v 0.01308709 0.00093149997 0.070487943
v 0.0100936 0.00093149997 0.069606099
v 0.014615349 0.00093149997 0.070644507
v 0.014615349 -0.00099849999 0.070644507
v 0.0144551 -0.00099849999 0.0704321
v 0.0144551 0.00093149997 0.0704321
v 0.0124895 -0.037952399 0.072159901
v 0.0124895 -0.036342399 0.072159901
v 0.0124895 -0.036342399 0.070624099
v 0.0124895 -0.037952399 0.070624099
v 0.0100087 -0.037952399 0.071480498
v 0.0100015 -0.037952399 0.069539199
v 0.0100015 -0.03987705 0.069539199
v 0.0100087 -0.03987705 0.071480498
v 0.0100994 -0.03987705 0.069446001
v 0.013346953 -0.03987705 0.070406981
v 0.013275433 -0.03987705 0.070470557
v 0.013058031 -0.03987705 0.070489669
v 0.0124895 -0.03987705 0.070624099
v 0.0124895 -0.03987705 0.072159901
v 0.012529178 -0.03987705 0.073051796
v 0.012516537 -0.03987705 0.073522558
v 0.012507082 -0.03987705 0.073872852
v 0.0100087 -0.03987705 0.0716045
v 0.0100087 -0.03987705 0.071480498
v 0.0100015 -0.03987705 0.069539199
v 0.01308709 -0.034414999 0.070487943
v 0.01308709 -0.034417751 0.070487943
v 0.01289251 -0.034417751 0.070505438
v 0.012689248 -0.034417751 0.070548701
v 0.0124895 -0.034417751 0.070624099
v 0.0124895 -0.032807751 0.070624099
v 0.013058031 -0.032807751 0.070489669
v 0.013275433 -0.032807751 0.070470557
v 0.013346953 -0.032807751 0.070406981
v 0.013346953 -0.034414999 0.070406981
v 0.013269511 -0.034414999 0.070471807
v 0.0100936 -0.01866915 0.069606099
v 0.010024558 -0.01866915 0.06951725
v 0.010024558 -0.0167445 0.06951725
v 0.0100936 -0.0167445 0.069606099
v 0.0100936 -0.01674175 0.069606099
v 0.0099751002 -0.01674175 0.069453602
v 0.0099751002 -0.01867175 0.069453602
v 0.0100936 -0.01867175 0.069606099
v 0.014615349 -0.01674175 0.070644507
v 0.014615349 -0.01867175 0.070644507
v 0.0144551 -0.01867175 0.0704321
v 0.0144551 -0.01674175 0.0704321
v 0.0100087 -0.048556352 0.0716045
v 0.0100087 -0.048556352 0.071480498
v 0.0100087 -0.050481 0.071480498
v 0.0100087 -0.050481 0.0716045
v 0.0112432 -0.037952399 0.052911201
v 0.010159301 -0.037952399 0.052911201
v 0.010159301 -0.03987705 0.052911201
v 0.0112432 -0.03987705 0.052911201
v 0.013506233 -0.034414999 0.050361061
v 0.013679055 -0.034414999 0.050415187
v 0.013679055 -0.032807751 0.050415187
v 0.013455532 -0.032807751 0.0503441
v 0.01314401 -0.032807751 0.050328312
v 0.012790861 -0.032807751 0.050322933
v 0.012537 -0.032807751 0.050143399
v 0.012537 -0.034417751 0.050143399
v 0.012730563 -0.034417751 0.050304651
v 0.013000251 -0.034417751 0.050337563
v 0.013506233 -0.034417751 0.050361061
v 0.0100087 0.046879201 0.0716045
v 0.0100087 0.046879201 0.071480498
v 0.0100087 0.044954548 0.071480498
v 0.0100087 0.044954548 0.0716045
v 0.0124895 0.046879201 0.072159901
v 0.0124895 0.048489199 0.072159901
v 0.0124895 0.048489199 0.070624099
v 0.0124895 0.046879201 0.070624099
v 0.0136438 -0.045021701 0.050439801
v 0.0118677 -0.045021701 0.052400799
v 0.0118677 -0.046946349 0.052400799
v 0.0136438 -0.046946349 0.050439801
v 0.010159301 0.046879201 0.052911201
v 0.010108644 0.046879201 0.052899308
v 0.010065874 0.046879201 0.052878923
v 0.010031542 0.046879201 0.052849646
v 0.010004275 0.046879201 0.052810841
v 0.0099831003 0.046879201 0.052762799
v 0.0099831003 0.044954548 0.052762799
v 0.010004584 0.044954548 0.052811403
v 0.010032234 0.044954548 0.052850413
v 0.010066663 0.044954548 0.052879429
v 0.010109097 0.044954548 0.052899451
v 0.010159301 0.044954548 0.052911201
v 0.0132595 0.044954548 0.045248799
v 0.013279898 0.044954548 0.045254116
v 0.013056375 0.044954548 0.045347772
v 0.012576048 0.044954548 0.045439129
v 0.012460285 0.044954548 0.045646539
v 0.01248201 0.044954548 0.045966954
v 0.012537 0.044954548 0.046556301
v 0.012537 0.044954548 0.050143399
v 0.012790861 0.044954548 0.050322933
v 0.01314401 0.044954548 0.050328312
v 0.013455532 0.044954548 0.0503441
v 0.013679055 0.044954548 0.050415187
v 0.0136438 0.044954548 0.050439801
v 0.0118677 0.044954548 0.052400799
v 0.011690036 0.044954548 0.052615037
v 0.01157071 0.044954548 0.052725511
v 0.0112432 0.044954548 0.052911201
v 0.010159301 0.044954548 0.052911201
v 0.010109097 0.044954548 0.052899451
v 0.010066663 0.044954548 0.052879429
v 0.010032234 0.044954548 0.052850413
v 0.010004584 0.044954548 0.052811403
v 0.0099831003 0.044954548 0.052762799
v 0.0099831003 0.044954548 0.045018902
v 0.0099753118 0.044954548 0.04459372
v 0.010146 0.044954548 0.0443256
v 0.0118677 0.039809899 0.052400799
v 0.011690036 0.039809899 0.052615037
v 0.01157071 0.039809899 0.052725511
v 0.0112432 0.039809899 0.052911201
v 0.0112432 0.037885251 0.052911201
v 0.01157071 0.037885251 0.052725511
v 0.011690036 0.037885251 0.052615037
v 0.0118677 0.037885251 0.052400799
v 0.012537 0.039809899 0.050143399
v 0.012537 0.041419902 0.050143399
v 0.012537 0.041419902 0.046556301
v 0.012537 0.039809899 0.046556301
v 0.013679055 0.039809899 0.050415187
v 0.013679055 0.041419902 0.050415187
v 0.013455532 0.041419902 0.0503441
v 0.01314401 0.041419902 0.050328312
v 0.012790861 0.041419902 0.050322933
v 0.012537 0.041419902 0.050143399
v 0.012537 0.039809899 0.050143399
v 0.012790861 0.039809899 0.050322933
v 0.01314401 0.039809899 0.050328312
v 0.013455532 0.039809899 0.0503441
v 0.0099831003 0.029205949 0.052762799
v 0.0099831003 0.029205949 0.045018902
v 0.0099831003 0.027281301 0.045018902
v 0.0099831003 0.027281301 0.052762799
v 0.0136438 0.029205949 0.050439801
v 0.0118677 0.029205949 0.052400799
v 0.0118677 0.027281301 0.052400799
v 0.0136438 0.027281301 0.050439801
v 0.0136438 0.046879201 0.050439801
v 0.0118677 0.046879201 0.052400799
v 0.0118677 0.044954548 0.052400799
v 0.0136438 0.044954548 0.050439801
v -0.0132595 0.046879201 0.045248799
v -0.010146 0.046879201 0.0443256
v -0.010146 0.044954548 0.0443256
v -0.0132595 0.044954548 0.045248799
v -0.013279898 0.029205949 0.045254116
v -0.013279898 0.030815949 0.045254116
v -0.013056375 0.030815949 0.045347772
v -0.012576048 0.030815949 0.045439129
v -0.012460285 0.030815949 0.045646539
v -0.01248201 0.030815949 0.045966954
v -0.012537 0.030815949 0.046556301
v -0.012537 0.029205949 0.046556301
v -0.01248201 0.029205949 0.045966954
v -0.012460285 0.029205949 0.045646539
v -0.012576048 0.029205949 0.045439129
v -0.013056375 0.029205949 0.045347772
v -0.013279898 0.030815949 0.045254116
v -0.0132595 0.030815949 0.045248799
v -0.010146 0.030815949 0.0443256
v -0.0099753118 0.030815949 0.04459372
v -0.0099831003 0.030815949 0.045018902
v -0.0099831003 0.030815949 0.052762799
v -0.010004584 0.030815949 0.052811403
v -0.010032234 0.030815949 0.052850413
v -0.010066663 0.030815949 0.052879429
v -0.010109097 0.030815949 0.052899451
v -0.010159301 0.030815949 0.052911201
v -0.0112432 0.030815949 0.052911201
v -0.01157071 0.030815949 0.052725511
v -0.011690036 0.030815949 0.052615037
v -0.0118677 0.030815949 0.052400799
v -0.0136438 0.030815949 0.050439801
v -0.013679055 0.030815949 0.050415187
v -0.013455532 0.030815949 0.0503441
v -0.01314401 0.030815949 0.050328312
v -0.012790861 0.030815949 0.050322933
v -0.012537 0.030815949 0.050143399
v -0.012537 0.030815949 0.046556301
v -0.01248201 0.030815949 0.045966954
v -0.012460285 0.030815949 0.045646539
v -0.012576048 0.030815949 0.045439129
v -0.013056375 0.030815949 0.045347772
v -0.010024558 0.0343506 0.06951725
v -0.0100936 0.0343506 0.069606099
v -0.0100936 0.034347999 0.069606099
v -0.0099751002 0.034347999 0.069453602
v -0.0099751002 0.036278 0.069453602
v -0.0100936 0.036278 0.069606099
v -0.0100936 0.036275251 0.069606099
v -0.010024558 0.036275251 0.06951725
v -0.013279898 0.037885251 0.045254116
v -0.0132595 0.037885251 0.045248799
v -0.010146 0.037885251 0.0443256
v -0.0099753118 0.037885251 0.04459372
v -0.0099831003 0.037885251 0.045018902
v -0.0099831003 0.037885251 0.052762799
v -0.010004584 0.037885251 0.052811403
v -0.010032234 0.037885251 0.052850413
v -0.010066663 0.037885251 0.052879429
v -0.010109097 0.037885251 0.052899451
v -0.010159301 0.037885251 0.052911201
v -0.0112432 0.037885251 0.052911201
v -0.01157071 0.037885251 0.052725511
v -0.011690036 0.037885251 0.052615037
v -0.0118677 0.037885251 0.052400799
v -0.0136438 0.037885251 0.050439801
v -0.013679055 0.037885251 0.050415187
v -0.013455532 0.037885251 0.0503441
v -0.01314401 0.037885251 0.050328312
v -0.012790861 0.037885251 0.050322933
v -0.012537 0.037885251 0.050143399
v -0.012537 0.037885251 0.046556301
v -0.01248201 0.037885251 0.045966954
v -0.012460285 0.037885251 0.045646539
v -0.012576048 0.037885251 0.045439129
v -0.013056375 0.037885251 0.045347772
v -0.0100936 0.0343506 0.069606099
v -0.01308709 0.0343506 0.070487943
v -0.01308709 0.034347999 0.070487943
v -0.0100936 0.034347999 0.069606099
v -0.013279898 0.046879201 0.045254116
v -0.013279898 0.048489199 0.045254116
v -0.013056375 0.048489199 0.045347772
v -0.012576048 0.048489199 0.045439129
v -0.012460285 0.048489199 0.045646539
v -0.01248201 0.048489199 0.045966954
v -0.012537 0.048489199 0.046556301
v -0.012537 0.046879201 0.046556301
v -0.01248201 0.046879201 0.045966954
v -0.012460285 0.046879201 0.045646539
v -0.012576048 0.046879201 0.045439129
v -0.013056375 0.046879201 0.045347772
v -0.013679055 -0.048556352 0.050415187
v -0.0136438 -0.048556352 0.050439801
v -0.0118677 -0.048556352 0.052400799
v -0.011690036 -0.048556352 0.052615037
v -0.01157071 -0.048556352 0.052725511
v -0.0112432 -0.048556352 0.052911201
v -0.010159301 -0.048556352 0.052911201
v -0.010108644 -0.048556352 0.052899308
v -0.010065874 -0.048556352 0.052878923
v -0.010031542 -0.048556352 0.052849646
v -0.010004275 -0.048556352 0.052810841
v -0.0099831003 -0.048556352 0.052762799
v -0.0099831003 -0.048556352 0.045018902
v -0.0099759024 -0.048556352 0.04459084
v -0.010146 -0.048556352 0.0443256
v -0.0132595 -0.048556352 0.045248799
v -0.013279898 -0.048556352 0.045254116
v -0.013056375 -0.048556352 0.045347772
v -0.012576048 -0.048556352 0.045439129
v -0.012460285 -0.048556352 0.045646539
v -0.01248201 -0.048556352 0.045966954
v -0.012537 -0.048556352 0.046556301
v -0.012537 -0.048556352 0.050143399
v -0.012790861 -0.048556352 0.050322933
v -0.01314401 -0.048556352 0.050328312
v -0.013455532 -0.048556352 0.0503441
v -0.010024558 -0.036342399 0.06951725
v -0.0100936 -0.036342399 0.069606099
v -0.0100936 -0.036345 0.069606099
v -0.0099751002 -0.036345 0.069453602
v -0.0099751002 -0.034414999 0.069453602
v -0.0100936 -0.034414999 0.069606099
v -0.0100936 -0.034417751 0.069606099
v -0.010024558 -0.034417751 0.06951725
v -0.0132595 -0.037952399 0.045248799
v -0.010146 -0.037952399 0.0443256
v -0.010146 -0.03987705 0.0443256
v -0.0132595 -0.03987705 0.045248799
v -0.012537 -0.036342399 0.050143399
v -0.012537 -0.037952399 0.050143399
v -0.012537 -0.037952399 0.046556301
v -0.012537 -0.036342399 0.046556301
v -0.01308709 -0.036342399 0.070487943
v -0.0100936 -0.036342399 0.069606099
v -0.010024558 -0.036342399 0.06951725
v -0.0100015 -0.036342399 0.069539199
v -0.0100087 -0.036342399 0.071480498
v -0.0100087 -0.036342399 0.0716045
v -0.012507082 -0.036342399 0.073872852
v -0.012516537 -0.036342399 0.073522558
v -0.012529178 -0.036342399 0.073051796
v -0.0124895 -0.036342399 0.072159901
v -0.0124895 -0.036342399 0.070624099
v -0.012689248 -0.036342399 0.070548701
v -0.01289251 -0.036342399 0.070505438
v -0.013506233 -0.034417751 0.050361061
v -0.013506233 -0.034414999 0.050361061
v -0.011427799 -0.034414999 0.052648401
v -0.011427799 -0.034417751 0.052648401
v -0.0100015 0.036275251 0.069539199
v -0.0100087 0.036275251 0.071480498
v -0.0100087 0.0343506 0.071480498
v -0.0100015 0.0343506 0.069539199
v -0.0100994 0.039809899 0.069446001
v -0.0100015 0.039809899 0.069539199
v -0.0100015 0.037885251 0.069539199
v -0.0100994 0.037885251 0.069446001
v -0.011427799 0.01667735 0.052648401
v -0.013506233 0.01667735 0.050361061
v -0.013000251 0.01667735 0.050337563
v -0.012730563 0.01667735 0.050304651
v -0.012537 0.01667735 0.050143399
v -0.012537 0.01667735 0.046556301
v -0.01248201 0.01667735 0.045966954
v -0.012460285 0.01667735 0.045646539
v -0.012576048 0.01667735 0.045439129
v -0.013056375 0.01667735 0.045347772
v -0.013279898 0.01667735 0.045254116
v -0.0132595 0.01667735 0.045248799
v -0.010146 0.01667735 0.0443256
v -0.0099753118 0.01667735 0.04459372
v -0.0099831003 0.01667735 0.045018902
v -0.0099831003 0.01667735 0.052762799
v -0.009996503 0.01667735 0.052795639
v -0.010037916 0.01667735 0.05276598
v -0.010088151 0.01667735 0.05275064
v -0.010141007 0.01667735 0.052750854
v -0.0101869 0.01667735 0.0527597
v -0.01122 0.01667735 0.0527597
v -0.013506233 0.018602 0.050361061
v -0.013506233 0.018604749 0.050361061
v -0.011427799 0.018604749 0.052648401
v -0.011427799 0.018602 0.052648401
v -0.0124895 0.052023849 0.072159901
v -0.0124895 0.050413852 0.072159901
v -0.0124895 0.050413852 0.070624099
v -0.0124895 0.052023849 0.070624099
v -0.0135677 0.034347999 0.070472298
v -0.013346953 0.034347999 0.070406981
v -0.013346953 0.0327406 0.070406981
v -0.0100994 0.0327406 0.069446001
v -0.0100994 0.030815949 0.069446001
v -0.013346953 0.030815949 0.070406981
v -0.013346953 0.029205949 0.070406981
v -0.0100994 0.029205949 0.069446001
v -0.0100994 0.027281301 0.069446001
v -0.013346953 0.027281301 0.070406981
v -0.013346953 0.025671301 0.070406981
v -0.0100994 0.025671301 0.069446001
v -0.0100994 0.02374665 0.069446001
v -0.013346953 0.02374665 0.070406981
v -0.013346953 0.02213665 0.070406981
v -0.0100994 0.02213665 0.069446001
v -0.0100994 0.020211999 0.069446001
v -0.013346953 0.020211999 0.070406981
v -0.013346953 0.018604749 0.070406981
v -0.0135677 0.018604749 0.070472298
v -0.014615349 0.034347999 0.070644507
v -0.014615349 0.036278 0.070644507
v -0.0144551 0.036278 0.0704321
v -0.0144551 0.034347999 0.0704321
v -0.0017099179 0.0327756 0.018018194
v -0.0015780129 0.0327756 0.018567621
v -0.0012623653 0.0327756 0.019056196
v -0.00067759603 0.0327756 0.019479625
v -0.00033694662 0.0327756 0.019585383
v 0.00016759999 0.0327756 0.0196112
v 0.00087720916 0.0327756 0.019374551
v 0.0011393947 0.0327756 0.019183298
v 0.0014213887 0.0327756 0.018862392
v 0.001617243 0.0327756 0.018463665
v 0.0017134655 0.0327756 0.018048944
v 0.001600834 0.0327756 0.018055419
v 0.0014591068 0.0327756 0.018031569
v 0.0012983435 0.0327756 0.01801546
v 0.0011228 0.0327756 0.0180231
v -0.0008783 0.0327756 0.0180231
v -0.0013489805 0.0327756 0.018055273
v -0.0015623884 0.0327756 0.018085564
v -0.0132595 0.0327406 0.045248799
v -0.010146 0.0327406 0.0443256
v -0.010146 0.030815949 0.0443256
v -0.0132595 0.030815949 0.045248799
v -0.009996503 0.036275251 0.052795639
v -0.009996503 0.0343506 0.052795639
v -0.0099831003 0.0343506 0.052762799
v -0.0099831003 0.036275251 0.052762799
v -0.0101869 0.036275251 0.0527597
v -0.010140328 0.036275251 0.052750783
v -0.010087509 0.036275251 0.052750726
v -0.010037535 0.036275251 0.052766175
v -0.009996503 0.036275251 0.052795639
v -0.0099831003 0.036275251 0.052762799
v -0.0099831003 0.036275251 0.045018902
v -0.0099759024 0.036275251 0.04459084
v -0.010146 0.036275251 0.0443256
v -0.0132595 0.036275251 0.045248799
v -0.013279898 0.036275251 0.045254116
v -0.013056375 0.036275251 0.045347772
v -0.012576048 0.036275251 0.045439129
v -0.012460285 0.036275251 0.045646539
v -0.01248201 0.036275251 0.045966954
v -0.012537 0.036275251 0.046556301
v -0.012537 0.036275251 0.050143399
v -0.012730563 0.036275251 0.050304651
v -0.013000251 0.036275251 0.050337563
v -0.013506233 0.036275251 0.050361061
v -0.011427799 0.036275251 0.052648401
v -0.01122 0.036275251 0.0527597
v -0.01308709 0.036275251 0.070487943
v -0.0100936 0.036275251 0.069606099
v -0.0100936 0.036278 0.069606099
v -0.01308709 0.036278 0.070487943
v -0.0132595 -0.048556352 0.045248799
v -0.010146 -0.048556352 0.0443256
v -0.010146 -0.050481 0.0443256
v -0.0132595 -0.050481 0.045248799
v -0.012507082 0.052023849 0.073872852
v -0.012507082 0.050413852 0.073872852
v -0.012516537 0.050413852 0.073522558
v -0.012529178 0.050413852 0.073051796
v -0.0124895 0.050413852 0.072159901
v -0.0124895 0.052023849 0.072159901
v -0.012529178 0.052023849 0.073051796
v -0.012516537 0.052023849 0.073522558
v -0.012507082 -0.050481 0.073872852
v -0.012507082 -0.052090998 0.073872852
v -0.012516537 -0.052090998 0.073522558
v -0.012529178 -0.052090998 0.073051796
v -0.0124895 -0.052090998 0.072159901
v -0.0124895 -0.050481 0.072159901
v -0.012529178 -0.050481 0.073051796
v -0.012516537 -0.050481 0.073522558
v -0.0144551 -0.036345 0.0704321
v -0.0144551 -0.034414999 0.0704321
v -0.0144551 -0.034414999 0.0508393
v -0.0144551 -0.036345 0.0508393
v -0.01308709 -0.036345 0.070487943
v -0.01308709 -0.036342399 0.070487943
v -0.01289251 -0.036342399 0.070505438
v -0.012689248 -0.036342399 0.070548701
v -0.0124895 -0.036342399 0.070624099
v -0.0124895 -0.037952399 0.070624099
v -0.013058031 -0.037952399 0.070489669
v -0.013275433 -0.037952399 0.070470557
v -0.013346953 -0.037952399 0.070406981
v -0.013346953 -0.036345 0.070406981
v -0.013269511 -0.036345 0.070471807
v -0.013346953 0.046879201 0.070406981
v -0.013346953 0.048489199 0.070406981
v -0.013275433 0.048489199 0.070470557
v -0.013058031 0.048489199 0.070489669
v -0.0124895 0.048489199 0.070624099
v -0.0124895 0.046879201 0.070624099
v -0.013058031 0.046879201 0.070489669
v -0.013275433 0.046879201 0.070470557
v -0.0124895 -0.050481 0.072159901
v -0.0124895 -0.052090998 0.072159901
v -0.0124895 -0.052090998 0.070624099
v -0.0124895 -0.050481 0.070624099
v -0.013346953 -0.052090998 0.070406981
v -0.013346953 -0.050481 0.070406981
v -0.013275433 -0.050481 0.070470557
v -0.013058031 -0.050481 0.070489669
v -0.0124895 -0.050481 0.070624099
v -0.0124895 -0.052090998 0.070624099
v -0.013058031 -0.052090998 0.070489669
v -0.013275433 -0.052090998 0.070470557
v 0.0100015 -0.048556352 0.069539199
v 0.0100994 -0.048556352 0.069446001
v 0.0100994 -0.050481 0.069446001
v 0.0100015 -0.050481 0.069539199
v -0.0017099179 -0.04145205 0.018018194
v -0.0015780129 -0.04145205 0.018567621
v -0.0012623653 -0.04145205 0.019056196
v -0.00067759603 -0.04145205 0.019479625
v -0.00033694662 -0.04145205 0.019585383
v 0.00016759999 -0.04145205 0.0196112
v 0.00087720916 -0.04145205 0.019374551
v 0.0011393947 -0.04145205 0.019183298
v 0.0014213887 -0.04145205 0.018862392
v 0.001617243 -0.04145205 0.018463665
v 0.0017134655 -0.04145205 0.018048944
v 0.001600834 -0.04145205 0.018055419
v 0.0014591068 -0.04145205 0.018031569
v 0.0012983435 -0.04145205 0.01801546
v 0.0011228 -0.04145205 0.0180231
v -0.0008783 -0.04145205 0.0180231
v -0.0013489805 -0.04145205 0.018055273
v -0.0015623884 -0.04145205 0.018085564
v 0.0100087 0.0327406 0.071480498
v 0.0100015 0.0327406 0.069539199
v 0.0100015 0.030815949 0.069539199
v 0.0100087 0.030815949 0.071480498
v 0.0100994 0.030815949 0.069446001
v 0.013346953 0.030815949 0.070406981
v 0.013275433 0.030815949 0.070470557
v 0.013058031 0.030815949 0.070489669
v 0.0124895 0.030815949 0.070624099
v 0.0124895 0.030815949 0.072159901
v 0.012529178 0.030815949 0.073051796
v 0.012516537 0.030815949 0.073522558
v 0.012507082 0.030815949 0.073872852
v 0.0100087 0.030815949 0.0716045
v 0.0100087 0.030815949 0.071480498
v 0.0100015 0.030815949 0.069539199
v 0.009996503 0.01667735 0.052795639
v 0.010037535 0.01667735 0.052766175
v 0.010087509 0.01667735 0.052750726
v 0.010140328 0.01667735 0.052750783
v 0.0101869 0.01667735 0.0527597
v 0.0101869 0.01667475 0.0527597
v 0.010135024 0.01667475 0.052750258
v 0.010087583 0.01667475 0.052750711
v 0.010045217 0.01667475 0.052762499
v 0.010007933 0.01667475 0.052785635
v 0.0099751002 0.01667475 0.052818699
v 0.0099751002 0.018604749 0.052818699
v 0.010007933 0.018604749 0.052785635
v 0.010045217 0.018604749 0.052762499
v 0.010087583 0.018604749 0.052750711
v 0.010135024 0.018604749 0.052750258
v 0.0101869 0.018604749 0.0527597
v 0.0101869 0.018602 0.0527597
v 0.010141007 0.018602 0.052750854
v 0.010088151 0.018602 0.05275064
v 0.010037916 0.018602 0.05276598
v 0.009996503 0.018602 0.052795639
v 0.0100015 0.04334455 0.069539199
v 0.0100994 0.04334455 0.069446001
v 0.0100994 0.041419902 0.069446001
v 0.0100015 0.041419902 0.069539199
v 0.0124895 0.0327406 0.072159901
v 0.0124895 0.0343506 0.072159901
v 0.0124895 0.0343506 0.070624099
v 0.0124895 0.0327406 0.070624099
v 0.01122 0.00092874996 0.0527597
v 0.0101869 0.00092874996 0.0527597
v 0.0101869 0.00093149997 0.0527597
v 0.01122 0.00093149997 0.0527597
v 0.010024558 0.018602 0.06951725
v 0.010024558 0.01667735 0.06951725
v 0.0100015 0.01667735 0.069539199
v 0.0100015 0.018602 0.069539199
v 0.0100015 0.02213665 0.069539199
v 0.0100994 0.02213665 0.069446001
v 0.0100994 0.020211999 0.069446001
v 0.0100015 0.020211999 0.069539199
v 0.013506233 0.018604749 0.050361061
v 0.013679055 0.018604749 0.050415187
v 0.013679055 0.020211999 0.050415187
v 0.013455532 0.020211999 0.0503441
v 0.01314401 0.020211999 0.050328312
v 0.012790861 0.020211999 0.050322933
v 0.012537 0.020211999 0.050143399
v 0.012537 0.018602 0.050143399
v 0.012730563 0.018602 0.050304651
v 0.013000251 0.018602 0.050337563
v 0.013506233 0.018602 0.050361061
v 0.01122 0.01667735 0.0527597
v 0.011427799 0.01667735 0.052648401
v 0.011427799 0.01667475 0.052648401
v 0.01122 0.01667475 0.0527597
v 0.014519176 0.00093149997 0.050126438
v 0.014320619 0.00093149997 0.05017879
v 0.01414607 0.00093149997 0.050221028
v 0.013986787 0.00093149997 0.050265965
v 0.013834029 0.00093149997 0.050326414
v 0.013679055 0.00093149997 0.050415187
v 0.013506233 0.00093149997 0.050361061
v 0.011427799 0.00093149997 0.052648401
v 0.01122 0.00093149997 0.0527597
v 0.0101869 0.00093149997 0.0527597
v 0.010135024 0.00093149997 0.052750258
v 0.010087583 0.00093149997 0.052750711
v 0.010045217 0.00093149997 0.052762499
v 0.010007933 0.00093149997 0.052785635
v 0.0099751002 0.00093149997 0.052818699
v 0.0099751002 0.00093149997 0.069453602
v 0.0100936 0.00093149997 0.069606099
v 0.01308709 0.00093149997 0.070487943
v 0.013269511 0.00093149997 0.070471807
v 0.013346953 0.00093149997 0.070406981
v 0.0135677 0.00093149997 0.070472298
v 0.01380402 0.00093149997 0.070507741
v 0.014022518 0.00093149997 0.07053812
v 0.014227622 0.00093149997 0.070568004
v 0.014423757 0.00093149997 0.070601945
v 0.014615349 0.00093149997 0.070644507
v 0.0144551 0.00093149997 0.0704321
v 0.0144551 0.00093149997 0.0508393
v 0.014436003 0.00093149997 0.050456262
v -0.0017099179 -0.0045655501 0.018018194
v -0.0017099179 -0.0061055499 0.018018194
v -0.0015623884 -0.0061055499 0.018085564
v -0.0013489805 -0.0061055499 0.018055273
v -0.0008783 -0.0061055499 0.0180231
v -0.0008783 -0.0045655501 0.0180231
v -0.0013489805 -0.0045655501 0.018055273
v -0.0015623884 -0.0045655501 0.018085564
v 0.00016759999 -0.0045655501 0.0196112
v -0.00040560942 -0.0045655501 0.019570636
v -0.00078882322 -0.0045655501 0.019425513
v -0.0012416627 -0.0045655501 0.019078451
v -0.0015484141 -0.0045655501 0.018635591
v -0.0017099179 -0.0045655501 0.018018194
v -0.0015623884 -0.0045655501 0.018085564
v -0.0013489805 -0.0045655501 0.018055273
v -0.0008783 -0.0045655501 0.0180231
v 0.0011228 -0.0045655501 0.0180231
v 0.0012983435 -0.0045655501 0.01801546
v 0.0014591068 -0.0045655501 0.018031569
v 0.001600834 -0.0045655501 0.018055419
v 0.0017134655 -0.0045655501 0.018048944
v 0.0014943719 -0.0045655501 0.018742309
v 0.0010458807 -0.0045655501 0.019259725
v 0.0006170452 -0.0045655501 0.019503553
v -0.0008783 -0.0010309 0.0180231
v -0.0008783 -0.0025709 0.0180231
v 0.0011228 -0.0025709 0.0180231
v 0.0011228 -0.0010309 0.0180231
v -0.0017099179 -0.0010309 0.018018194
v -0.0017099179 -0.0025709 0.018018194
v -0.0015623884 -0.0025709 0.018085564
v -0.0013489805 -0.0025709 0.018055273
v -0.0008783 -0.0025709 0.0180231
v -0.0008783 -0.0010309 0.0180231
v -0.0013489805 -0.0010309 0.018055273
v -0.0015623884 -0.0010309 0.018085564
v -0.0008783 -0.0045655501 0.0180231
v -0.0008783 -0.0061055499 0.0180231
v 0.0011228 -0.0061055499 0.0180231
v 0.0011228 -0.0045655501 0.0180231
v 0.0017134655 -0.0061055499 0.018048944
v 0.0017134655 -0.0045655501 0.018048944
v 0.001600834 -0.0045655501 0.018055419
v 0.0014591068 -0.0045655501 0.018031569
v 0.0012983435 -0.0045655501 0.01801546
v 0.0011228 -0.0045655501 0.0180231
v 0.0011228 -0.0061055499 0.0180231
v 0.0012983435 -0.0061055499 0.01801546
v 0.0014591068 -0.0061055499 0.018031569
v 0.001600834 -0.0061055499 0.018055419
v -0.0017099179 -0.0025709 0.018018194
v -0.0015780129 -0.0025709 0.018567621
v -0.0012623653 -0.0025709 0.019056196
v -0.00067759603 -0.0025709 0.019479625
v -0.00033694662 -0.0025709 0.019585383
v 0.00016759999 -0.0025709 0.0196112
v 0.00087720916 -0.0025709 0.019374551
v 0.0011393947 -0.0025709 0.019183298
v 0.0014213887 -0.0025709 0.018862392
v 0.001617243 -0.0025709 0.018463665
v 0.0017134655 -0.0025709 0.018048944
v 0.001600834 -0.0025709 0.018055419
v 0.0014591068 -0.0025709 0.018031569
v 0.0012983435 -0.0025709 0.01801546
v 0.0011228 -0.0025709 0.0180231
v -0.0008783 -0.0025709 0.0180231
v -0.0013489805 -0.0025709 0.018055273
v -0.0015623884 -0.0025709 0.018085564
v -0.0017099179 -0.0061055499 0.018018194
v -0.0015780129 -0.0061055499 0.018567621
v -0.0012623653 -0.0061055499 0.019056196
v -0.00067759603 -0.0061055499 0.019479625
v -0.00033694662 -0.0061055499 0.019585383
v 0.00016759999 -0.0061055499 0.0196112
v 0.00087720916 -0.0061055499 0.019374551
v 0.0011393947 -0.0061055499 0.019183298
v 0.0014213887 -0.0061055499 0.018862392
v 0.001617243 -0.0061055499 0.018463665
v 0.0017134655 -0.0061055499 0.018048944
v 0.001600834 -0.0061055499 0.018055419
v 0.0014591068 -0.0061055499 0.018031569
v 0.0012983435 -0.0061055499 0.01801546
v 0.0011228 -0.0061055499 0.0180231
v -0.0008783 -0.0061055499 0.0180231
v -0.0013489805 -0.0061055499 0.018055273
v -0.0015623884 -0.0061055499 0.018085564
v 0.0017134655 -0.0025709 0.018048944
v 0.0017134655 -0.0010309 0.018048944
v 0.001600834 -0.0010309 0.018055419
v 0.0014591068 -0.0010309 0.018031569
v 0.0012983435 -0.0010309 0.01801546
v 0.0011228 -0.0010309 0.0180231
v 0.0011228 -0.0025709 0.0180231
v 0.0012983435 -0.0025709 0.01801546
v 0.0014591068 -0.0025709 0.018031569
v 0.001600834 -0.0025709 0.018055419
v 0.00016759999 -0.0010309 0.0196112
v -0.00040560942 -0.0010309 0.019570636
v -0.00078882322 -0.0010309 0.019425513
v -0.0012416627 -0.0010309 0.019078451
v -0.0015484141 -0.0010309 0.018635591
v -0.0017099179 -0.0010309 0.018018194
v -0.0015623884 -0.0010309 0.018085564
v -0.0013489805 -0.0010309 0.018055273
v -0.0008783 -0.0010309 0.0180231
v 0.0011228 -0.0010309 0.0180231
v 0.0012983435 -0.0010309 0.01801546
v 0.0014591068 -0.0010309 0.018031569
v 0.001600834 -0.0010309 0.018055419
v 0.0017134655 -0.0010309 0.018048944
v 0.0014943719 -0.0010309 0.018742309
v 0.0010458807 -0.0010309 0.019259725
v 0.0006170452 -0.0010309 0.019503553
v -0.0017099179 -0.0081002003 0.018018194
v -0.0017099179 -0.0096402001 0.018018194
v -0.0015623884 -0.0096402001 0.018085564
v -0.0013489805 -0.0096402001 0.018055273
v -0.0008783 -0.0096402001 0.0180231
v -0.0008783 -0.0081002003 0.0180231
v -0.0013489805 -0.0081002003 0.018055273
v -0.0015623884 -0.0081002003 0.018085564
v 0.00016759999 -0.0081002003 0.0196112
v -0.00040560942 -0.0081002003 0.019570636
v -0.00078882322 -0.0081002003 0.019425513
v -0.0012416627 -0.0081002003 0.019078451
v -0.0015484141 -0.0081002003 0.018635591
v -0.0017099179 -0.0081002003 0.018018194
v -0.0015623884 -0.0081002003 0.018085564
v -0.0013489805 -0.0081002003 0.018055273
v -0.0008783 -0.0081002003 0.0180231
v 0.0011228 -0.0081002003 0.0180231
v 0.0012983435 -0.0081002003 0.01801546
v 0.0014591068 -0.0081002003 0.018031569
v 0.001600834 -0.0081002003 0.018055419
v 0.0017134655 -0.0081002003 0.018048944
v 0.0014943719 -0.0081002003 0.018742309
v 0.0010458807 -0.0081002003 0.019259725
v 0.0006170452 -0.0081002003 0.019503553
v -0.0008783 0.00250375 0.0180231
v -0.0008783 0.00096375003 0.0180231
v 0.0011228 0.00096375003 0.0180231
v 0.0011228 0.00250375 0.0180231
v -0.0017099179 0.00250375 0.018018194
v -0.0017099179 0.00096375003 0.018018194
v -0.0015623884 0.00096375003 0.018085564
v -0.0013489805 0.00096375003 0.018055273
v -0.0008783 0.00096375003 0.0180231
v -0.0008783 0.00250375 0.0180231
v -0.0013489805 0.00250375 0.018055273
v -0.0015623884 0.00250375 0.018085564
v -0.0008783 -0.0081002003 0.0180231
v -0.0008783 -0.0096402001 0.0180231
v 0.0011228 -0.0096402001 0.0180231
v 0.0011228 -0.0081002003 0.0180231
v 0.0017134655 -0.0096402001 0.018048944
v 0.0017134655 -0.0081002003 0.018048944
v 0.001600834 -0.0081002003 0.018055419
v 0.0014591068 -0.0081002003 0.018031569
v 0.0012983435 -0.0081002003 0.01801546
v 0.0011228 -0.0081002003 0.0180231
v 0.0011228 -0.0096402001 0.0180231
v 0.0012983435 -0.0096402001 0.01801546
v 0.0014591068 -0.0096402001 0.018031569
v 0.001600834 -0.0096402001 0.018055419
v -0.0017099179 0.00096375003 0.018018194
v -0.0015780129 0.00096375003 0.018567621
v -0.0012623653 0.00096375003 0.019056196
v -0.00067759603 0.00096375003 0.019479625
v -0.00033694662 0.00096375003 0.019585383
v 0.00016759999 0.00096375003 0.0196112
v 0.00087720916 0.00096375003 0.019374551
v 0.0011393947 0.00096375003 0.019183298
v 0.0014213887 0.00096375003 0.018862392
v 0.001617243 0.00096375003 0.018463665
v 0.0017134655 0.00096375003 0.018048944
v 0.001600834 0.00096375003 0.018055419
v 0.0014591068 0.00096375003 0.018031569
v 0.0012983435 0.00096375003 0.01801546
v 0.0011228 0.00096375003 0.0180231
v -0.0008783 0.00096375003 0.0180231
v -0.0013489805 0.00096375003 0.018055273
v -0.0015623884 0.00096375003 0.018085564
v -0.0017099179 -0.0096402001 0.018018194
v -0.0015780129 -0.0096402001 0.018567621
v -0.0012623653 -0.0096402001 0.019056196
v -0.00067759603 -0.0096402001 0.019479625
v -0.00033694662 -0.0096402001 0.019585383
v 0.00016759999 -0.0096402001 0.0196112
v 0.00087720916 -0.0096402001 0.019374551
v 0.0011393947 -0.0096402001 0.019183298
v 0.0014213887 -0.0096402001 0.018862392
v 0.001617243 -0.0096402001 0.018463665
v 0.0017134655 -0.0096402001 0.018048944
v 0.001600834 -0.0096402001 0.018055419
v 0.0014591068 -0.0096402001 0.018031569
v 0.0012983435 -0.0096402001 0.01801546
v 0.0011228 -0.0096402001 0.0180231
v -0.0008783 -0.0096402001 0.0180231
v -0.0013489805 -0.0096402001 0.018055273
v -0.0015623884 -0.0096402001 0.018085564
v 0.0017134655 0.00096375003 0.018048944
v 0.0017134655 0.00250375 0.018048944
v 0.001600834 0.00250375 0.018055419
v 0.0014591068 0.00250375 0.018031569
v 0.0012983435 0.00250375 0.01801546
v 0.0011228 0.00250375 0.0180231
v 0.0011228 0.00096375003 0.0180231
v 0.0012983435 0.00096375003 0.01801546
v 0.0014591068 0.00096375003 0.018031569
v 0.001600834 0.00096375003 0.018055419
v 0.00016759999 0.00250375 0.0196112
v -0.00040560942 0.00250375 0.019570636
v -0.00078882322 0.00250375 0.019425513
v -0.0012416627 0.00250375 0.019078451
v -0.0015484141 0.00250375 0.018635591
v -0.0017099179 0.00250375 0.018018194
v -0.0015623884 0.00250375 0.018085564
v -0.0013489805 0.00250375 0.018055273
v -0.0008783 0.00250375 0.0180231
v 0.0011228 0.00250375 0.0180231
v 0.0012983435 0.00250375 0.01801546
v 0.0014591068 0.00250375 0.018031569
v 0.001600834 0.00250375 0.018055419
v 0.0017134655 0.00250375 0.018048944
v 0.0014943719 0.00250375 0.018742309
v 0.0010458807 0.00250375 0.019259725
v 0.0006170452 0.00250375 0.019503553
v -0.0017099179 -0.011634851 0.018018194
v -0.0017099179 -0.01317485 0.018018194
v -0.0015623884 -0.01317485 0.018085564
v -0.0013489805 -0.01317485 0.018055273
v -0.0008783 -0.01317485 0.0180231
v -0.0008783 -0.011634851 0.0180231
v -0.0013489805 -0.011634851 0.018055273
v -0.0015623884 -0.011634851 0.018085564
v 0.00016759999 -0.011634851 0.0196112
v -0.00040560942 -0.011634851 0.019570636
v -0.00078882322 -0.011634851 0.019425513
v -0.0012416627 -0.011634851 0.019078451
v -0.0015484141 -0.011634851 0.018635591
v -0.0017099179 -0.011634851 0.018018194
v -0.0015623884 -0.011634851 0.018085564
v -0.0013489805 -0.011634851 0.018055273
v -0.0008783 -0.011634851 0.0180231
v 0.0011228 -0.011634851 0.0180231
v 0.0012983435 -0.011634851 0.01801546
v 0.0014591068 -0.011634851 0.018031569
v 0.001600834 -0.011634851 0.018055419
v 0.0017134655 -0.011634851 0.018048944
v 0.0014943719 -0.011634851 0.018742309
v 0.0010458807 -0.011634851 0.019259725
v 0.0006170452 -0.011634851 0.019503553
v -0.0008783 0.0060383999 0.0180231
v -0.0008783 0.0044984001 0.0180231
v 0.0011228 0.0044984001 0.0180231
v 0.0011228 0.0060383999 0.0180231
v -0.0017099179 0.0060383999 0.018018194
v -0.0017099179 0.0044984001 0.018018194
v -0.0015623884 0.0044984001 0.018085564
v -0.0013489805 0.0044984001 0.018055273
v -0.0008783 0.0044984001 0.0180231
v -0.0008783 0.0060383999 0.0180231
v -0.0013489805 0.0060383999 0.018055273
v -0.0015623884 0.0060383999 0.018085564
v -0.0008783 -0.011634851 0.0180231
v -0.0008783 -0.01317485 0.0180231
v 0.0011228 -0.01317485 0.0180231
v 0.0011228 -0.011634851 0.0180231
v 0.0017134655 -0.01317485 0.018048944
v 0.0017134655 -0.011634851 0.018048944
v 0.001600834 -0.011634851 0.018055419
v 0.0014591068 -0.011634851 0.018031569
v 0.0012983435 -0.011634851 0.01801546
v 0.0011228 -0.011634851 0.0180231
v 0.0011228 -0.01317485 0.0180231
v 0.0012983435 -0.01317485 0.01801546
v 0.0014591068 -0.01317485 0.018031569
v 0.001600834 -0.01317485 0.018055419
v -0.0017099179 0.0044984001 0.018018194
v -0.0015780129 0.0044984001 0.018567621
v -0.0012623653 0.0044984001 0.019056196
v -0.00067759603 0.0044984001 0.019479625
v -0.00033694662 0.0044984001 0.019585383
v 0.00016759999 0.0044984001 0.0196112
v 0.00087720916 0.0044984001 0.019374551
v 0.0011393947 0.0044984001 0.019183298
v 0.0014213887 0.0044984001 0.018862392
v 0.001617243 0.0044984001 0.018463665
v 0.0017134655 0.0044984001 0.018048944
v 0.001600834 0.0044984001 0.018055419
v 0.0014591068 0.0044984001 0.018031569
v 0.0012983435 0.0044984001 0.01801546
v 0.0011228 0.0044984001 0.0180231
v -0.0008783 0.0044984001 0.0180231
v -0.0013489805 0.0044984001 0.018055273
v -0.0015623884 0.0044984001 0.018085564
v -0.0017099179 -0.01317485 0.018018194
v -0.0015780129 -0.01317485 0.018567621
v -0.0012623653 -0.01317485 0.019056196
v -0.00067759603 -0.01317485 0.019479625
v -0.00033694662 -0.01317485 0.019585383
v 0.00016759999 -0.01317485 0.0196112
v 0.00087720916 -0.01317485 0.019374551
v 0.0011393947 -0.01317485 0.019183298
v 0.0014213887 -0.01317485 0.018862392
v 0.001617243 -0.01317485 0.018463665
v 0.0017134655 -0.01317485 0.018048944
v 0.001600834 -0.01317485 0.018055419
v 0.0014591068 -0.01317485 0.018031569
v 0.0012983435 -0.01317485 0.01801546
v 0.0011228 -0.01317485 0.0180231
v -0.0008783 -0.01317485 0.0180231
v -0.0013489805 -0.01317485 0.018055273
v -0.0015623884 -0.01317485 0.018085564
v 0.0017134655 0.0044984001 0.018048944
v 0.0017134655 0.0060383999 0.018048944
v 0.001600834 0.0060383999 0.018055419
v 0.0014591068 0.0060383999 0.018031569
v 0.0012983435 0.0060383999 0.01801546
v 0.0011228 0.0060383999 0.0180231
v 0.0011228 0.0044984001 0.0180231
v 0.0012983435 0.0044984001 0.01801546
v 0.0014591068 0.0044984001 0.018031569
v 0.001600834 0.0044984001 0.018055419
v 0.00016759999 0.0060383999 0.0196112
v -0.00040560942 0.0060383999 0.019570636
v -0.00078882322 0.0060383999 0.019425513
v -0.0012416627 0.0060383999 0.019078451
v -0.0015484141 0.0060383999 0.018635591
v -0.0017099179 0.0060383999 0.018018194
v -0.0015623884 0.0060383999 0.018085564
v -0.0013489805 0.0060383999 0.018055273
v -0.0008783 0.0060383999 0.0180231
v 0.0011228 0.0060383999 0.0180231
v 0.0012983435 0.0060383999 0.01801546
v 0.0014591068 0.0060383999 0.018031569
v 0.001600834 0.0060383999 0.018055419
v 0.0017134655 0.0060383999 0.018048944
v 0.0014943719 0.0060383999 0.018742309
v 0.0010458807 0.0060383999 0.019259725
v 0.0006170452 0.0060383999 0.019503553
v -0.0017099179 -0.0151695 0.018018194
v -0.0017099179 -0.016709501 0.018018194
v -0.0015623884 -0.016709501 0.018085564
v -0.0013489805 -0.016709501 0.018055273
v -0.0008783 -0.016709501 0.0180231
v -0.0008783 -0.0151695 0.0180231
v -0.0013489805 -0.0151695 0.018055273
v -0.0015623884 -0.0151695 0.018085564
v 0.00016759999 -0.0151695 0.0196112
v -0.00040560942 -0.0151695 0.019570636
v -0.00078882322 -0.0151695 0.019425513
v -0.0012416627 -0.0151695 0.019078451
v -0.0015484141 -0.0151695 0.018635591
v -0.0017099179 -0.0151695 0.018018194
v -0.0015623884 -0.0151695 0.018085564
v -0.0013489805 -0.0151695 0.018055273
v -0.0008783 -0.0151695 0.0180231
v 0.0011228 -0.0151695 0.0180231
v 0.0012983435 -0.0151695 0.01801546
v 0.0014591068 -0.0151695 0.018031569
v 0.001600834 -0.0151695 0.018055419
v 0.0017134655 -0.0151695 0.018048944
v 0.0014943719 -0.0151695 0.018742309
v 0.0010458807 -0.0151695 0.019259725
v 0.0006170452 -0.0151695 0.019503553
v -0.0008783 0.0095730501 0.0180231
v -0.0008783 0.0080330497 0.0180231
v 0.0011228 0.0080330497 0.0180231
v 0.0011228 0.0095730501 0.0180231
v -0.0017099179 0.0095730501 0.018018194
v -0.0017099179 0.0080330497 0.018018194
v -0.0015623884 0.0080330497 0.018085564
v -0.0013489805 0.0080330497 0.018055273
v -0.0008783 0.0080330497 0.0180231
v -0.0008783 0.0095730501 0.0180231
v -0.0013489805 0.0095730501 0.018055273
v -0.0015623884 0.0095730501 0.018085564
v -0.0008783 -0.0151695 0.0180231
v -0.0008783 -0.016709501 0.0180231
v 0.0011228 -0.016709501 0.0180231
v 0.0011228 -0.0151695 0.0180231
v 0.0017134655 -0.016709501 0.018048944
v 0.0017134655 -0.0151695 0.018048944
v 0.001600834 -0.0151695 0.018055419
v 0.0014591068 -0.0151695 0.018031569
v 0.0012983435 -0.0151695 0.01801546
v 0.0011228 -0.0151695 0.0180231
v 0.0011228 -0.016709501 0.0180231
v 0.0012983435 -0.016709501 0.01801546
v 0.0014591068 -0.016709501 0.018031569
v 0.001600834 -0.016709501 0.018055419
v -0.0017099179 0.0080330497 0.018018194
v -0.0015780129 0.0080330497 0.018567621
v -0.0012623653 0.0080330497 0.019056196
v -0.00067759603 0.0080330497 0.019479625
v -0.00033694662 0.0080330497 0.019585383
v 0.00016759999 0.0080330497 0.0196112
v 0.00087720916 0.0080330497 0.019374551
v 0.0011393947 0.0080330497 0.019183298
v 0.0014213887 0.0080330497 0.018862392
v 0.001617243 0.0080330497 0.018463665
v 0.0017134655 0.0080330497 0.018048944
v 0.001600834 0.0080330497 0.018055419
v 0.0014591068 0.0080330497 0.018031569
v 0.0012983435 0.0080330497 0.01801546
v 0.0011228 0.0080330497 0.0180231
v -0.0008783 0.0080330497 0.0180231
v -0.0013489805 0.0080330497 0.018055273
v -0.0015623884 0.0080330497 0.018085564
v -0.0017099179 -0.016709501 0.018018194
v -0.0015780129 -0.016709501 0.018567621
v -0.0012623653 -0.016709501 0.019056196
v -0.00067759603 -0.016709501 0.019479625
v -0.00033694662 -0.016709501 0.019585383
v 0.00016759999 -0.016709501 0.0196112
v 0.00087720916 -0.016709501 0.019374551
v 0.0011393947 -0.016709501 0.019183298
v 0.0014213887 -0.016709501 0.018862392
v 0.001617243 -0.016709501 0.018463665
v 0.0017134655 -0.016709501 0.018048944
v 0.001600834 -0.016709501 0.018055419
v 0.0014591068 -0.016709501 0.018031569
v 0.0012983435 -0.016709501 0.01801546
v 0.0011228 -0.016709501 0.0180231
v -0.0008783 -0.016709501 0.0180231
v -0.0013489805 -0.016709501 0.018055273
v -0.0015623884 -0.016709501 0.018085564
v 0.0017134655 0.0080330497 0.018048944
v 0.0017134655 0.0095730501 0.018048944
v 0.001600834 0.0095730501 0.018055419
v 0.0014591068 0.0095730501 0.018031569
v 0.0012983435 0.0095730501 0.01801546
v 0.0011228 0.0095730501 0.0180231
v 0.0011228 0.0080330497 0.0180231
v 0.0012983435 0.0080330497 0.01801546
v 0.0014591068 0.0080330497 0.018031569
v 0.001600834 0.0080330497 0.018055419
v 0.00016759999 0.0095730501 0.0196112
v -0.00040560942 0.0095730501 0.019570636
v -0.00078882322 0.0095730501 0.019425513
v -0.0012416627 0.0095730501 0.019078451
v -0.0015484141 0.0095730501 0.018635591
v -0.0017099179 0.0095730501 0.018018194
v -0.0015623884 0.0095730501 0.018085564
v -0.0013489805 0.0095730501 0.018055273
v -0.0008783 0.0095730501 0.0180231
v 0.0011228 0.0095730501 0.0180231
v 0.0012983435 0.0095730501 0.01801546
v 0.0014591068 0.0095730501 0.018031569
v 0.001600834 0.0095730501 0.018055419
v 0.0017134655 0.0095730501 0.018048944
v 0.0014943719 0.0095730501 0.018742309
v 0.0010458807 0.0095730501 0.019259725
v 0.0006170452 0.0095730501 0.019503553
v -0.0017099179 -0.01870415 0.018018194
v -0.0017099179 -0.02024415 0.018018194
v -0.0015623884 -0.02024415 0.018085564
v -0.0013489805 -0.02024415 0.018055273
v -0.0008783 -0.02024415 0.0180231
v -0.0008783 -0.01870415 0.0180231
v -0.0013489805 -0.01870415 0.018055273
v -0.0015623884 -0.01870415 0.018085564
v 0.00016759999 -0.01870415 0.0196112
v -0.00040560942 -0.01870415 0.019570636
v -0.00078882322 -0.01870415 0.019425513
v -0.0012416627 -0.01870415 0.019078451
v -0.0015484141 -0.01870415 0.018635591
v -0.0017099179 -0.01870415 0.018018194
v -0.0015623884 -0.01870415 0.018085564
v -0.0013489805 -0.01870415 0.018055273
v -0.0008783 -0.01870415 0.0180231
v 0.0011228 -0.01870415 0.0180231
v 0.0012983435 -0.01870415 0.01801546
v 0.0014591068 -0.01870415 0.018031569
v 0.001600834 -0.01870415 0.018055419
v 0.0017134655 -0.01870415 0.018048944
v 0.0014943719 -0.01870415 0.018742309
v 0.0010458807 -0.01870415 0.019259725
v 0.0006170452 -0.01870415 0.019503553
v -0.0008783 0.0131077 0.0180231
v -0.0008783 0.0115677 0.0180231
v 0.0011228 0.0115677 0.0180231
v 0.0011228 0.0131077 0.0180231
v -0.0017099179 0.0131077 0.018018194
v -0.0017099179 0.0115677 0.018018194
v -0.0015623884 0.0115677 0.018085564
v -0.0013489805 0.0115677 0.018055273
v -0.0008783 0.0115677 0.0180231
v -0.0008783 0.0131077 0.0180231
v -0.0013489805 0.0131077 0.018055273
v -0.0015623884 0.0131077 0.018085564
v -0.0008783 -0.01870415 0.0180231
v -0.0008783 -0.02024415 0.0180231
v 0.0011228 -0.02024415 0.0180231
v 0.0011228 -0.01870415 0.0180231
v 0.0017134655 -0.02024415 0.018048944
v 0.0017134655 -0.01870415 0.018048944
v 0.001600834 -0.01870415 0.018055419
v 0.0014591068 -0.01870415 0.018031569
v 0.0012983435 -0.01870415 0.01801546
v 0.0011228 -0.01870415 0.0180231
v 0.0011228 -0.02024415 0.0180231
v 0.0012983435 -0.02024415 0.01801546
v 0.0014591068 -0.02024415 0.018031569
v 0.001600834 -0.02024415 0.018055419
v -0.0017099179 0.0115677 0.018018194
v -0.0015780129 0.0115677 0.018567621
v -0.0012623653 0.0115677 0.019056196
v -0.00067759603 0.0115677 0.019479625
v -0.00033694662 0.0115677 0.019585383
v 0.00016759999 0.0115677 0.0196112
v 0.00087720916 0.0115677 0.019374551
v 0.0011393947 0.0115677 0.019183298
v 0.0014213887 0.0115677 0.018862392
v 0.001617243 0.0115677 0.018463665
v 0.0017134655 0.0115677 0.018048944
v 0.001600834 0.0115677 0.018055419
v 0.0014591068 0.0115677 0.018031569
v 0.0012983435 0.0115677 0.01801546
v 0.0011228 0.0115677 0.0180231
v -0.0008783 0.0115677 0.0180231
v -0.0013489805 0.0115677 0.018055273
v -0.0015623884 0.0115677 0.018085564
v -0.0017099179 -0.02024415 0.018018194
v -0.0015780129 -0.02024415 0.018567621
v -0.0012623653 -0.02024415 0.019056196
v -0.00067759603 -0.02024415 0.019479625
v -0.00033694662 -0.02024415 0.019585383
v 0.00016759999 -0.02024415 0.0196112
v 0.00087720916 -0.02024415 0.019374551
v 0.0011393947 -0.02024415 0.019183298
v 0.0014213887 -0.02024415 0.018862392
v 0.001617243 -0.02024415 0.018463665
v 0.0017134655 -0.02024415 0.018048944
v 0.001600834 -0.02024415 0.018055419
v 0.0014591068 -0.02024415 0.018031569
v 0.0012983435 -0.02024415 0.01801546
v 0.0011228 -0.02024415 0.0180231
v -0.0008783 -0.02024415 0.0180231
v -0.0013489805 -0.02024415 0.018055273
v -0.0015623884 -0.02024415 0.018085564
v 0.0017134655 0.0115677 0.018048944
v 0.0017134655 0.0131077 0.018048944
v 0.001600834 0.0131077 0.018055419
v 0.0014591068 0.0131077 0.018031569
v 0.0012983435 0.0131077 0.01801546
v 0.0011228 0.0131077 0.0180231
v 0.0011228 0.0115677 0.0180231
v 0.0012983435 0.0115677 0.01801546
v 0.0014591068 0.0115677 0.018031569
v 0.001600834 0.0115677 0.018055419
v 0.00016759999 0.0131077 0.0196112
v -0.00040560942 0.0131077 0.019570636
v -0.00078882322 0.0131077 0.019425513
v -0.0012416627 0.0131077 0.019078451
v -0.0015484141 0.0131077 0.018635591
v -0.0017099179 0.0131077 0.018018194
v -0.0015623884 0.0131077 0.018085564
v -0.0013489805 0.0131077 0.018055273
v -0.0008783 0.0131077 0.0180231
v 0.0011228 0.0131077 0.0180231
v 0.0012983435 0.0131077 0.01801546
v 0.0014591068 0.0131077 0.018031569
v 0.001600834 0.0131077 0.018055419
v 0.0017134655 0.0131077 0.018048944
v 0.0014943719 0.0131077 0.018742309
v 0.0010458807 0.0131077 0.019259725
v 0.0006170452 0.0131077 0.019503553
v -0.0099831003 -0.0096752 0.045018902
v -0.0099831003 -0.0096752 0.052762799
v -0.0099831003 -0.011599849 0.052762799
v -0.0099831003 -0.011599849 0.045018902
v -0.0017099179 -0.022238801 0.018018194
v -0.0017099179 -0.023778801 0.018018194
v -0.0015623884 -0.023778801 0.018085564
v -0.0013489805 -0.023778801 0.018055273
v -0.0008783 -0.023778801 0.0180231
v -0.0008783 -0.022238801 0.0180231
v -0.0013489805 -0.022238801 0.018055273
v -0.0015623884 -0.022238801 0.018085564
v 0.00016759999 -0.022238801 0.0196112
v -0.00040560942 -0.022238801 0.019570636
v -0.00078882322 -0.022238801 0.019425513
v -0.0012416627 -0.022238801 0.019078451
v -0.0015484141 -0.022238801 0.018635591
v -0.0017099179 -0.022238801 0.018018194
v -0.0015623884 -0.022238801 0.018085564
v -0.0013489805 -0.022238801 0.018055273
v -0.0008783 -0.022238801 0.0180231
v 0.0011228 -0.022238801 0.0180231
v 0.0012983435 -0.022238801 0.01801546
v 0.0014591068 -0.022238801 0.018031569
v 0.001600834 -0.022238801 0.018055419
v 0.0017134655 -0.022238801 0.018048944
v 0.0014943719 -0.022238801 0.018742309
v 0.0010458807 -0.022238801 0.019259725
v 0.0006170452 -0.022238801 0.019503553
v -0.0008783 0.01664235 0.0180231
v -0.0008783 0.01510235 0.0180231
v 0.0011228 0.01510235 0.0180231
v 0.0011228 0.01664235 0.0180231
v -0.0017099179 0.01664235 0.018018194
v -0.0017099179 0.01510235 0.018018194
v -0.0015623884 0.01510235 0.018085564
v -0.0013489805 0.01510235 0.018055273
v -0.0008783 0.01510235 0.0180231
v -0.0008783 0.01664235 0.0180231
v -0.0013489805 0.01664235 0.018055273
v -0.0015623884 0.01664235 0.018085564
v -0.010146 -0.0096752 0.0443256
v -0.0099759024 -0.0096752 0.04459084
v -0.0099831003 -0.0096752 0.045018902
v -0.0099831003 -0.011599849 0.045018902
v -0.0099753118 -0.011599849 0.04459372
v -0.010146 -0.011599849 0.0443256
v -0.0099831003 -0.0096752 0.052762799
v -0.010004275 -0.0096752 0.052810841
v -0.010031542 -0.0096752 0.052849646
v -0.010065874 -0.0096752 0.052878923
v -0.010108644 -0.0096752 0.052899308
v -0.010159301 -0.0096752 0.052911201
v -0.010159301 -0.011599849 0.052911201
v -0.010109097 -0.011599849 0.052899451
v -0.010066663 -0.011599849 0.052879429
v -0.010032234 -0.011599849 0.052850413
v -0.010004584 -0.011599849 0.052811403
v -0.0099831003 -0.011599849 0.052762799
v -0.0008783 -0.022238801 0.0180231
v -0.0008783 -0.023778801 0.0180231
v 0.0011228 -0.023778801 0.0180231
v 0.0011228 -0.022238801 0.0180231
v 0.0017134655 -0.023778801 0.018048944
v 0.0017134655 -0.022238801 0.018048944
v 0.001600834 -0.022238801 0.018055419
v 0.0014591068 -0.022238801 0.018031569
v 0.0012983435 -0.022238801 0.01801546
v 0.0011228 -0.022238801 0.0180231
v 0.0011228 -0.023778801 0.0180231
v 0.0012983435 -0.023778801 0.01801546
v 0.0014591068 -0.023778801 0.018031569
v 0.001600834 -0.023778801 0.018055419
v -0.0112432 -0.0061405498 0.052911201
v -0.01157071 -0.0061405498 0.052725511
v -0.011690036 -0.0061405498 0.052615037
v -0.0118677 -0.0061405498 0.052400799
v -0.0118677 -0.0080651999 0.052400799
v -0.011690036 -0.0080651999 0.052615037
v -0.01157071 -0.0080651999 0.052725511
v -0.0112432 -0.0080651999 0.052911201
v -0.0017099179 0.01510235 0.018018194
v -0.0015780129 0.01510235 0.018567621
v -0.0012623653 0.01510235 0.019056196
v -0.00067759603 0.01510235 0.019479625
v -0.00033694662 0.01510235 0.019585383
v 0.00016759999 0.01510235 0.0196112
v 0.00087720916 0.01510235 0.019374551
v 0.0011393947 0.01510235 0.019183298
v 0.0014213887 0.01510235 0.018862392
v 0.001617243 0.01510235 0.018463665
v 0.0017134655 0.01510235 0.018048944
v 0.001600834 0.01510235 0.018055419
v 0.0014591068 0.01510235 0.018031569
v 0.0012983435 0.01510235 0.01801546
v 0.0011228 0.01510235 0.0180231
v -0.0008783 0.01510235 0.0180231
v -0.0013489805 0.01510235 0.018055273
v -0.0015623884 0.01510235 0.018085564
v -0.0132595 -0.0096752 0.045248799
v -0.010146 -0.0096752 0.0443256
v -0.010146 -0.011599849 0.0443256
v -0.0132595 -0.011599849 0.045248799
v -0.010159301 -0.0096752 0.052911201
v -0.0112432 -0.0096752 0.052911201
v -0.0112432 -0.011599849 0.052911201
v -0.010159301 -0.011599849 0.052911201
v -0.0017099179 -0.023778801 0.018018194
v -0.0015780129 -0.023778801 0.018567621
v -0.0012623653 -0.023778801 0.019056196
v -0.00067759603 -0.023778801 0.019479625
v -0.00033694662 -0.023778801 0.019585383
v 0.00016759999 -0.023778801 0.0196112
v 0.00087720916 -0.023778801 0.019374551
v 0.0011393947 -0.023778801 0.019183298
v 0.0014213887 -0.023778801 0.018862392
v 0.001617243 -0.023778801 0.018463665
v 0.0017134655 -0.023778801 0.018048944
v 0.001600834 -0.023778801 0.018055419
v 0.0014591068 -0.023778801 0.018031569
v 0.0012983435 -0.023778801 0.01801546
v 0.0011228 -0.023778801 0.0180231
v -0.0008783 -0.023778801 0.0180231
v -0.0013489805 -0.023778801 0.018055273
v -0.0015623884 -0.023778801 0.018085564
v -0.010159301 -0.0061405498 0.052911201
v -0.0112432 -0.0061405498 0.052911201
v -0.0112432 -0.0080651999 0.052911201
v -0.010159301 -0.0080651999 0.052911201
v -0.013279898 -0.0096752 0.045254116
v -0.013279898 -0.0080651999 0.045254116
v -0.013056375 -0.0080651999 0.045347772
v -0.012576048 -0.0080651999 0.045439129
v -0.012460285 -0.0080651999 0.045646539
v -0.01248201 -0.0080651999 0.045966954
v -0.012537 -0.0080651999 0.046556301
v -0.012537 -0.0096752 0.046556301
v -0.01248201 -0.0096752 0.045966954
v -0.012460285 -0.0096752 0.045646539
v -0.012576048 -0.0096752 0.045439129
v -0.013056375 -0.0096752 0.045347772
v -0.013279898 -0.0080651999 0.045254116
v -0.0132595 -0.0080651999 0.045248799
v -0.010146 -0.0080651999 0.0443256
v -0.0099753118 -0.0080651999 0.04459372
v -0.0099831003 -0.0080651999 0.045018902
v -0.0099831003 -0.0080651999 0.052762799
v -0.010004584 -0.0080651999 0.052811403
v -0.010032234 -0.0080651999 0.052850413
v -0.010066663 -0.0080651999 0.052879429
v -0.010109097 -0.0080651999 0.052899451
v -0.010159301 -0.0080651999 0.052911201
v -0.0112432 -0.0080651999 0.052911201
v -0.01157071 -0.0080651999 0.052725511
v -0.011690036 -0.0080651999 0.052615037
v -0.0118677 -0.0080651999 0.052400799
v -0.0136438 -0.0080651999 0.050439801
v -0.013679055 -0.0080651999 0.050415187
v -0.013455532 -0.0080651999 0.0503441
v -0.01314401 -0.0080651999 0.050328312
v -0.012790861 -0.0080651999 0.050322933
v -0.012537 -0.0080651999 0.050143399
v -0.012537 -0.0080651999 0.046556301
v -0.01248201 -0.0080651999 0.045966954
v -0.012460285 -0.0080651999 0.045646539
v -0.012576048 -0.0080651999 0.045439129
v -0.013056375 -0.0080651999 0.045347772
v 0.0017134655 0.01510235 0.018048944
v 0.0017134655 0.01664235 0.018048944
v 0.001600834 0.01664235 0.018055419
v 0.0014591068 0.01664235 0.018031569
v 0.0012983435 0.01664235 0.01801546
v 0.0011228 0.01664235 0.0180231
v 0.0011228 0.01510235 0.0180231
v 0.0012983435 0.01510235 0.01801546
v 0.0014591068 0.01510235 0.018031569
v 0.001600834 0.01510235 0.018055419
v -0.0112432 -0.0096752 0.052911201
v -0.01157071 -0.0096752 0.052725511
v -0.011690036 -0.0096752 0.052615037
v -0.0118677 -0.0096752 0.052400799
v -0.0118677 -0.011599849 0.052400799
v -0.011690036 -0.011599849 0.052615037
v -0.01157071 -0.011599849 0.052725511
v -0.0112432 -0.011599849 0.052911201
v -0.012537 -0.0080651999 0.050143399
v -0.012537 -0.0096752 0.050143399
v -0.012537 -0.0096752 0.046556301
v -0.012537 -0.0080651999 0.046556301
v -0.013679055 -0.0080651999 0.050415187
v -0.013679055 -0.0096752 0.050415187
v -0.013455532 -0.0096752 0.0503441
v -0.01314401 -0.0096752 0.050328312
v -0.012790861 -0.0096752 0.050322933
v -0.012537 -0.0096752 0.050143399
v -0.012537 -0.0080651999 0.050143399
v -0.012790861 -0.0080651999 0.050322933
v -0.01314401 -0.0080651999 0.050328312
v -0.013455532 -0.0080651999 0.0503441
v -0.0124895 -0.0080651999 0.072159901
v -0.0124895 -0.0096752 0.072159901
v -0.0124895 -0.0096752 0.070624099
v -0.0124895 -0.0080651999 0.070624099
v -0.010159301 0.0079980499 0.052911201
v -0.0112432 0.0079980499 0.052911201
v -0.0112432 0.0060733998 0.052911201
v -0.010159301 0.0060733998 0.052911201
v -0.0099831003 -0.0061405498 0.052762799
v -0.010004275 -0.0061405498 0.052810841
v -0.010031542 -0.0061405498 0.052849646
v -0.010065874 -0.0061405498 0.052878923
v -0.010108644 -0.0061405498 0.052899308
v -0.010159301 -0.0061405498 0.052911201
v -0.010159301 -0.0080651999 0.052911201
v -0.010109097 -0.0080651999 0.052899451
v -0.010066663 -0.0080651999 0.052879429
v -0.010032234 -0.0080651999 0.052850413
v -0.010004584 -0.0080651999 0.052811403
v -0.0099831003 -0.0080651999 0.052762799
v -0.0118677 -0.0061405498 0.052400799
v -0.0136438 -0.0061405498 0.050439801
v -0.0136438 -0.0080651999 0.050439801
v -0.0118677 -0.0080651999 0.052400799
v -0.0112432 0.0079980499 0.052911201
v -0.01157071 0.0079980499 0.052725511
v -0.011690036 0.0079980499 0.052615037
v -0.0118677 0.0079980499 0.052400799
v -0.0118677 0.0060733998 0.052400799
v -0.011690036 0.0060733998 0.052615037
v -0.01157071 0.0060733998 0.052725511
v -0.0112432 0.0060733998 0.052911201
v 0.00016759999 0.01664235 0.0196112
v -0.00040560942 0.01664235 0.019570636
v -0.00078882322 0.01664235 0.019425513
v -0.0012416627 0.01664235 0.019078451
v -0.0015484141 0.01664235 0.018635591
v -0.0017099179 0.01664235 0.018018194
v -0.0015623884 0.01664235 0.018085564
v -0.0013489805 0.01664235 0.018055273
v -0.0008783 0.01664235 0.0180231
v 0.0011228 0.01664235 0.0180231
v 0.0012983435 0.01664235 0.01801546
v 0.0014591068 0.01664235 0.018031569
v 0.001600834 0.01664235 0.018055419
v 0.0017134655 0.01664235 0.018048944
v 0.0014943719 0.01664235 0.018742309
v 0.0010458807 0.01664235 0.019259725
v 0.0006170452 0.01664235 0.019503553
v -0.0099831003 -0.01320985 0.045018902
v -0.0099831003 -0.01320985 0.052762799
v -0.0099831003 -0.0151345 0.052762799
v -0.0099831003 -0.0151345 0.045018902
v -0.013279898 -0.01320985 0.045254116
v -0.013279898 -0.011599849 0.045254116
v -0.013056375 -0.011599849 0.045347772
v -0.012576048 -0.011599849 0.045439129
v -0.012460285 -0.011599849 0.045646539
v -0.01248201 -0.011599849 0.045966954
v -0.012537 -0.011599849 0.046556301
v -0.012537 -0.01320985 0.046556301
v -0.01248201 -0.01320985 0.045966954
v -0.012460285 -0.01320985 0.045646539
v -0.012576048 -0.01320985 0.045439129
v -0.013056375 -0.01320985 0.045347772
v -0.0132595 -0.0096752 0.045248799
v -0.013279898 -0.0096752 0.045254116
v -0.013056375 -0.0096752 0.045347772
v -0.012576048 -0.0096752 0.045439129
v -0.012460285 -0.0096752 0.045646539
v -0.01248201 -0.0096752 0.045966954
v -0.012537 -0.0096752 0.046556301
v -0.012537 -0.0096752 0.050143399
v -0.012790861 -0.0096752 0.050322933
v -0.01314401 -0.0096752 0.050328312
v -0.013455532 -0.0096752 0.0503441
v -0.013679055 -0.0096752 0.050415187
v -0.0136438 -0.0096752 0.050439801
v -0.0118677 -0.0096752 0.052400799
v -0.011690036 -0.0096752 0.052615037
v -0.01157071 -0.0096752 0.052725511
v -0.0112432 -0.0096752 0.052911201
v -0.010159301 -0.0096752 0.052911201
v -0.010108644 -0.0096752 0.052899308
v -0.010065874 -0.0096752 0.052878923
v -0.010031542 -0.0096752 0.052849646
v -0.010004275 -0.0096752 0.052810841
v -0.0099831003 -0.0096752 0.052762799
v -0.0099831003 -0.0096752 0.045018902
v -0.0099759024 -0.0096752 0.04459084
v -0.010146 -0.0096752 0.0443256
v -0.0100087 -0.0096752 0.071480498
v -0.0100087 -0.0096752 0.0716045
v -0.0100087 -0.011599849 0.0716045
v -0.0100087 -0.011599849 0.071480498
v -0.012507082 -0.0080651999 0.073872852
v -0.012507082 -0.0096752 0.073872852
v -0.012516537 -0.0096752 0.073522558
v -0.012529178 -0.0096752 0.073051796
v -0.0124895 -0.0096752 0.072159901
v -0.0124895 -0.0080651999 0.072159901
v -0.012529178 -0.0080651999 0.073051796
v -0.012516537 -0.0080651999 0.073522558
v -0.0017099179 -0.025773449 0.018018194
v -0.0017099179 -0.027313449 0.018018194
v -0.0015623884 -0.027313449 0.018085564
v -0.0013489805 -0.027313449 0.018055273
v -0.0008783 -0.027313449 0.0180231
v -0.0008783 -0.025773449 0.0180231
v -0.0013489805 -0.025773449 0.018055273
v -0.0015623884 -0.025773449 0.018085564
v 0.00016759999 -0.025773449 0.0196112
v -0.00040560942 -0.025773449 0.019570636
v -0.00078882322 -0.025773449 0.019425513
v -0.0012416627 -0.025773449 0.019078451
v -0.0015484141 -0.025773449 0.018635591
v -0.0017099179 -0.025773449 0.018018194
v -0.0015623884 -0.025773449 0.018085564
v -0.0013489805 -0.025773449 0.018055273
v -0.0008783 -0.025773449 0.0180231
v 0.0011228 -0.025773449 0.0180231
v 0.0012983435 -0.025773449 0.01801546
v 0.0014591068 -0.025773449 0.018031569
v 0.001600834 -0.025773449 0.018055419
v 0.0017134655 -0.025773449 0.018048944
v 0.0014943719 -0.025773449 0.018742309
v 0.0010458807 -0.025773449 0.019259725
v 0.0006170452 -0.025773449 0.019503553
v -0.0099831003 0.0079980499 0.052762799
v -0.010004275 0.0079980499 0.052810841
v -0.010031542 0.0079980499 0.052849646
v -0.010065874 0.0079980499 0.052878923
v -0.010108644 0.0079980499 0.052899308
v -0.010159301 0.0079980499 0.052911201
v -0.010159301 0.0060733998 0.052911201
v -0.010109097 0.0060733998 0.052899451
v -0.010066663 0.0060733998 0.052879429
v -0.010032234 0.0060733998 0.052850413
v -0.010004584 0.0060733998 0.052811403
v -0.0099831003 0.0060733998 0.052762799
v -0.0099831003 -0.0061405498 0.045018902
v -0.0099831003 -0.0061405498 0.052762799
v -0.0099831003 -0.0080651999 0.052762799
v -0.0099831003 -0.0080651999 0.045018902
v -0.0099831003 0.0044633999 0.045018902
v -0.0099831003 0.0044633999 0.052762799
v -0.0099831003 0.0025387499 0.052762799
v -0.0099831003 0.0025387499 0.045018902
v -0.013279898 0.0044633999 0.045254116
v -0.013279898 0.0060733998 0.045254116
v -0.013056375 0.0060733998 0.045347772
v -0.012576048 0.0060733998 0.045439129
v -0.012460285 0.0060733998 0.045646539
v -0.01248201 0.0060733998 0.045966954
v -0.012537 0.0060733998 0.046556301
v -0.012537 0.0044633999 0.046556301
v -0.01248201 0.0044633999 0.045966954
v -0.012460285 0.0044633999 0.045646539
v -0.012576048 0.0044633999 0.045439129
v -0.013056375 0.0044633999 0.045347772
v -0.0008783 0.020177 0.0180231
v -0.0008783 0.018637 0.0180231
v 0.0011228 0.018637 0.0180231
v 0.0011228 0.020177 0.0180231
v -0.0017099179 0.020177 0.018018194
v -0.0017099179 0.018637 0.018018194
v -0.0015623884 0.018637 0.018085564
v -0.0013489805 0.018637 0.018055273
v -0.0008783 0.018637 0.0180231
v -0.0008783 0.020177 0.0180231
v -0.0013489805 0.020177 0.018055273
v -0.0015623884 0.020177 0.018085564
v -0.010146 -0.01320985 0.0443256
v -0.0099759024 -0.01320985 0.04459084
v -0.0099831003 -0.01320985 0.045018902
v -0.0099831003 -0.0151345 0.045018902
v -0.0099753118 -0.0151345 0.04459372
v -0.010146 -0.0151345 0.0443256
v -0.0099831003 -0.01320985 0.052762799
v -0.010004275 -0.01320985 0.052810841
v -0.010031542 -0.01320985 0.052849646
v -0.010065874 -0.01320985 0.052878923
v -0.010108644 -0.01320985 0.052899308
v -0.010159301 -0.01320985 0.052911201
v -0.010159301 -0.0151345 0.052911201
v -0.010109097 -0.0151345 0.052899451
v -0.010066663 -0.0151345 0.052879429
v -0.010032234 -0.0151345 0.052850413
v -0.010004584 -0.0151345 0.052811403
v -0.0099831003 -0.0151345 0.052762799
v -0.0118677 -0.0096752 0.052400799
v -0.0136438 -0.0096752 0.050439801
v -0.0136438 -0.011599849 0.050439801
v -0.0118677 -0.011599849 0.052400799
v -0.0100015 -0.0096752 0.069539199
v -0.0100087 -0.0096752 0.071480498
v -0.0100087 -0.011599849 0.071480498
v -0.0100015 -0.011599849 0.069539199
v -0.0100994 -0.0096752 0.069446001
v -0.013346953 -0.0096752 0.070406981
v -0.013275433 -0.0096752 0.070470557
v -0.013058031 -0.0096752 0.070489669
v -0.0124895 -0.0096752 0.070624099
v -0.0124895 -0.0096752 0.072159901
v -0.012529178 -0.0096752 0.073051796
v -0.012516537 -0.0096752 0.073522558
v -0.012507082 -0.0096752 0.073872852
v -0.0100087 -0.0096752 0.0716045
v -0.0100087 -0.0096752 0.071480498
v -0.0100015 -0.0096752 0.069539199
v -0.013346953 -0.0096752 0.070406981
v -0.013346953 -0.0080651999 0.070406981
v -0.013275433 -0.0080651999 0.070470557
v -0.013058031 -0.0080651999 0.070489669
v -0.0124895 -0.0080651999 0.070624099
v -0.0124895 -0.0096752 0.070624099
v -0.013058031 -0.0096752 0.070489669
v -0.013275433 -0.0096752 0.070470557
v -0.013346953 -0.0080651999 0.070406981
v -0.0100994 -0.0080651999 0.069446001
v -0.0100015 -0.0080651999 0.069539199
v -0.0100087 -0.0080651999 0.071480498
v -0.0100087 -0.0080651999 0.0716045
v -0.012507082 -0.0080651999 0.073872852
v -0.012516537 -0.0080651999 0.073522558
v -0.012529178 -0.0080651999 0.073051796
v -0.0124895 -0.0080651999 0.072159901
v -0.0124895 -0.0080651999 0.070624099
v -0.013058031 -0.0080651999 0.070489669
v -0.013275433 -0.0080651999 0.070470557
v -0.0008783 -0.025773449 0.0180231
v -0.0008783 -0.027313449 0.0180231
v 0.0011228 -0.027313449 0.0180231
v 0.0011228 -0.025773449 0.0180231
v 0.0017134655 -0.027313449 0.018048944
v 0.0017134655 -0.025773449 0.018048944
v 0.001600834 -0.025773449 0.018055419
v 0.0014591068 -0.025773449 0.018031569
v 0.0012983435 -0.025773449 0.01801546
v 0.0011228 -0.025773449 0.0180231
v 0.0011228 -0.027313449 0.0180231
v 0.0012983435 -0.027313449 0.01801546
v 0.0014591068 -0.027313449 0.018031569
v 0.001600834 -0.027313449 0.018055419
v 0.0099831003 -0.0096752 0.052762799
v 0.0099831003 -0.0096752 0.045018902
v 0.0099831003 -0.011599849 0.045018902
v 0.0099831003 -0.011599849 0.052762799
v 0.010159301 -0.0096752 0.052911201
v 0.010108644 -0.0096752 0.052899308
v 0.010065874 -0.0096752 0.052878923
v 0.010031542 -0.0096752 0.052849646
v 0.010004275 -0.0096752 0.052810841
v 0.0099831003 -0.0096752 0.052762799
v 0.0099831003 -0.011599849 0.052762799
v 0.010004584 -0.011599849 0.052811403
v 0.010032234 -0.011599849 0.052850413
v 0.010066663 -0.011599849 0.052879429
v 0.010109097 -0.011599849 0.052899451
v 0.010159301 -0.011599849 0.052911201
v -0.0099831003 0.0079980499 0.045018902
v -0.0099831003 0.0079980499 0.052762799
v -0.0099831003 0.0060733998 0.052762799
v -0.0099831003 0.0060733998 0.045018902
v -0.012537 0.00960805 0.050143399
v -0.012537 0.0079980499 0.050143399
v -0.012537 0.0079980499 0.046556301
v -0.012537 0.00960805 0.046556301
v -0.010146 -0.0061405498 0.0443256
v -0.0099759024 -0.0061405498 0.04459084
v -0.0099831003 -0.0061405498 0.045018902
v -0.0099831003 -0.0080651999 0.045018902
v -0.0099753118 -0.0080651999 0.04459372
v -0.010146 -0.0080651999 0.0443256
v -0.012537 -0.0045305499 0.050143399
v -0.012537 -0.0061405498 0.050143399
v -0.012537 -0.0061405498 0.046556301
v -0.012537 -0.0045305499 0.046556301
v -0.013679055 0.00960805 0.050415187
v -0.013679055 0.0079980499 0.050415187
v -0.013455532 0.0079980499 0.0503441
v -0.01314401 0.0079980499 0.050328312
v -0.012790861 0.0079980499 0.050322933
v -0.012537 0.0079980499 0.050143399
v -0.012537 0.00960805 0.050143399
v -0.012790861 0.00960805 0.050322933
v -0.01314401 0.00960805 0.050328312
v -0.013455532 0.00960805 0.0503441
v -0.0124895 0.00960805 0.072159901
v -0.0124895 0.0079980499 0.072159901
v -0.0124895 0.0079980499 0.070624099
v -0.0124895 0.00960805 0.070624099
v -0.013679055 -0.0045305499 0.050415187
v -0.013679055 -0.0061405498 0.050415187
v -0.013455532 -0.0061405498 0.0503441
v -0.01314401 -0.0061405498 0.050328312
v -0.012790861 -0.0061405498 0.050322933
v -0.012537 -0.0061405498 0.050143399
v -0.012537 -0.0045305499 0.050143399
v -0.012790861 -0.0045305499 0.050322933
v -0.01314401 -0.0045305499 0.050328312
v -0.013455532 -0.0045305499 0.0503441
v -0.010146 0.0044633999 0.0443256
v -0.0099759024 0.0044633999 0.04459084
v -0.0099831003 0.0044633999 0.045018902
v -0.0099831003 0.0025387499 0.045018902
v -0.0099753118 0.0025387499 0.04459372
v -0.010146 0.0025387499 0.0443256
v -0.0099831003 0.0044633999 0.052762799
v -0.010004275 0.0044633999 0.052810841
v -0.010031542 0.0044633999 0.052849646
v -0.010065874 0.0044633999 0.052878923
v -0.010108644 0.0044633999 0.052899308
v -0.010159301 0.0044633999 0.052911201
v -0.010159301 0.0025387499 0.052911201
v -0.010109097 0.0025387499 0.052899451
v -0.010066663 0.0025387499 0.052879429
v -0.010032234 0.0025387499 0.052850413
v -0.010004584 0.0025387499 0.052811403
v -0.0099831003 0.0025387499 0.052762799
v -0.0118677 0.0079980499 0.052400799
v -0.0136438 0.0079980499 0.050439801
v -0.0136438 0.0060733998 0.050439801
v -0.0118677 0.0060733998 0.052400799
v -0.0017099179 0.018637 0.018018194
v -0.0015780129 0.018637 0.018567621
v -0.0012623653 0.018637 0.019056196
v -0.00067759603 0.018637 0.019479625
v -0.00033694662 0.018637 0.019585383
v 0.00016759999 0.018637 0.0196112
v 0.00087720916 0.018637 0.019374551
v 0.0011393947 0.018637 0.019183298
v 0.0014213887 0.018637 0.018862392
v 0.001617243 0.018637 0.018463665
v 0.0017134655 0.018637 0.018048944
v 0.001600834 0.018637 0.018055419
v 0.0014591068 0.018637 0.018031569
v 0.0012983435 0.018637 0.01801546
v 0.0011228 0.018637 0.0180231
v -0.0008783 0.018637 0.0180231
v -0.0013489805 0.018637 0.018055273
v -0.0015623884 0.018637 0.018085564
v -0.0099831003 -0.023813801 0.045018902
v -0.0099831003 -0.023813801 0.052762799
v -0.0099831003 -0.025738449 0.052762799
v -0.0099831003 -0.025738449 0.045018902
v -0.0132595 -0.01320985 0.045248799
v -0.010146 -0.01320985 0.0443256
v -0.010146 -0.0151345 0.0443256
v -0.0132595 -0.0151345 0.045248799
v -0.010159301 -0.01320985 0.052911201
v -0.0112432 -0.01320985 0.052911201
v -0.0112432 -0.0151345 0.052911201
v -0.010159301 -0.0151345 0.052911201
v -0.013279898 -0.011599849 0.045254116
v -0.0132595 -0.011599849 0.045248799
v -0.010146 -0.011599849 0.0443256
v -0.0099753118 -0.011599849 0.04459372
v -0.0099831003 -0.011599849 0.045018902
v -0.0099831003 -0.011599849 0.052762799
v -0.010004584 -0.011599849 0.052811403
v -0.010032234 -0.011599849 0.052850413
v -0.010066663 -0.011599849 0.052879429
v -0.010109097 -0.011599849 0.052899451
v -0.010159301 -0.011599849 0.052911201
v -0.0112432 -0.011599849 0.052911201
v -0.01157071 -0.011599849 0.052725511
v -0.011690036 -0.011599849 0.052615037
v -0.0118677 -0.011599849 0.052400799
v -0.0136438 -0.011599849 0.050439801
v -0.013679055 -0.011599849 0.050415187
v -0.013455532 -0.011599849 0.0503441
v -0.01314401 -0.011599849 0.050328312
v -0.012790861 -0.011599849 0.050322933
v -0.012537 -0.011599849 0.050143399
v -0.012537 -0.011599849 0.046556301
v -0.01248201 -0.011599849 0.045966954
v -0.012460285 -0.011599849 0.045646539
v -0.012576048 -0.011599849 0.045439129
v -0.013056375 -0.011599849 0.045347772
v -0.0100994 -0.0096752 0.069446001
v -0.0100015 -0.0096752 0.069539199
v -0.0100015 -0.011599849 0.069539199
v -0.0100994 -0.011599849 0.069446001
v -0.0100087 -0.0061405498 0.071480498
v -0.0100087 -0.0061405498 0.0716045
v -0.0100087 -0.0080651999 0.0716045
v -0.0100087 -0.0080651999 0.071480498
v -0.0124895 -0.0045305499 0.072159901
v -0.0124895 -0.0061405498 0.072159901
v -0.0124895 -0.0061405498 0.070624099
v -0.0124895 -0.0045305499 0.070624099
v -0.012507082 -0.0045305499 0.073872852
v -0.012507082 -0.0061405498 0.073872852
v -0.012516537 -0.0061405498 0.073522558
v -0.012529178 -0.0061405498 0.073051796
v -0.0124895 -0.0061405498 0.072159901
v -0.0124895 -0.0045305499 0.072159901
v -0.012529178 -0.0045305499 0.073051796
v -0.012516537 -0.0045305499 0.073522558
v -0.0017099179 -0.027313449 0.018018194
v -0.0015780129 -0.027313449 0.018567621
v -0.0012623653 -0.027313449 0.019056196
v -0.00067759603 -0.027313449 0.019479625
v -0.00033694662 -0.027313449 0.019585383
v 0.00016759999 -0.027313449 0.0196112
v 0.00087720916 -0.027313449 0.019374551
v 0.0011393947 -0.027313449 0.019183298
v 0.0014213887 -0.027313449 0.018862392
v 0.001617243 -0.027313449 0.018463665
v 0.0017134655 -0.027313449 0.018048944
v 0.001600834 -0.027313449 0.018055419
v 0.0014591068 -0.027313449 0.018031569
v 0.0012983435 -0.027313449 0.01801546
v 0.0011228 -0.027313449 0.0180231
v -0.0008783 -0.027313449 0.0180231
v -0.0013489805 -0.027313449 0.018055273
v -0.0015623884 -0.027313449 0.018085564
v 0.0099831003 -0.0096752 0.045018902
v 0.0099759024 -0.0096752 0.04459084
v 0.010146 -0.0096752 0.0443256
v 0.010146 -0.011599849 0.0443256
v 0.0099753118 -0.011599849 0.04459372
v 0.0099831003 -0.011599849 0.045018902
v 0.0112432 -0.0096752 0.052911201
v 0.010159301 -0.0096752 0.052911201
v 0.010159301 -0.011599849 0.052911201
v 0.0112432 -0.011599849 0.052911201
v -0.0099831003 -0.023813801 0.052762799
v -0.010004275 -0.023813801 0.052810841
v -0.010031542 -0.023813801 0.052849646
v -0.010065874 -0.023813801 0.052878923
v -0.010108644 -0.023813801 0.052899308
v -0.010159301 -0.023813801 0.052911201
v -0.010159301 -0.025738449 0.052911201
v -0.010109097 -0.025738449 0.052899451
v -0.010066663 -0.025738449 0.052879429
v -0.010032234 -0.025738449 0.052850413
v -0.010004584 -0.025738449 0.052811403
v -0.0099831003 -0.025738449 0.052762799
v -0.010146 0.0079980499 0.0443256
v -0.0099759024 0.0079980499 0.04459084
v -0.0099831003 0.0079980499 0.045018902
v -0.0099831003 0.0060733998 0.045018902
v -0.0099753118 0.0060733998 0.04459372
v -0.010146 0.0060733998 0.0443256
v -0.0132595 0.0079980499 0.045248799
v -0.013279898 0.0079980499 0.045254116
v -0.013056375 0.0079980499 0.045347772
v -0.012576048 0.0079980499 0.045439129
v -0.012460285 0.0079980499 0.045646539
v -0.01248201 0.0079980499 0.045966954
v -0.012537 0.0079980499 0.046556301
v -0.012537 0.0079980499 0.050143399
v -0.012790861 0.0079980499 0.050322933
v -0.01314401 0.0079980499 0.050328312
v -0.013455532 0.0079980499 0.0503441
v -0.013679055 0.0079980499 0.050415187
v -0.0136438 0.0079980499 0.050439801
v -0.0118677 0.0079980499 0.052400799
v -0.011690036 0.0079980499 0.052615037
v -0.01157071 0.0079980499 0.052725511
v -0.0112432 0.0079980499 0.052911201
v -0.010159301 0.0079980499 0.052911201
v -0.010108644 0.0079980499 0.052899308
v -0.010065874 0.0079980499 0.052878923
v -0.010031542 0.0079980499 0.052849646
v -0.010004275 0.0079980499 0.052810841
v -0.0099831003 0.0079980499 0.052762799
v -0.0099831003 0.0079980499 0.045018902
v -0.0099759024 0.0079980499 0.04459084
v -0.010146 0.0079980499 0.0443256
v -0.0132595 -0.0061405498 0.045248799
v -0.010146 -0.0061405498 0.0443256
v -0.010146 -0.0080651999 0.0443256
v -0.0132595 -0.0080651999 0.045248799
v -0.0132595 -0.0061405498 0.045248799
v -0.013279898 -0.0061405498 0.045254116
v -0.013056375 -0.0061405498 0.045347772
v -0.012576048 -0.0061405498 0.045439129
v -0.012460285 -0.0061405498 0.045646539
v -0.01248201 -0.0061405498 0.045966954
v -0.012537 -0.0061405498 0.046556301
v -0.012537 -0.0061405498 0.050143399
v -0.012790861 -0.0061405498 0.050322933
v -0.01314401 -0.0061405498 0.050328312
v -0.013455532 -0.0061405498 0.0503441
v -0.013679055 -0.0061405498 0.050415187
v -0.0136438 -0.0061405498 0.050439801
v -0.0118677 -0.0061405498 0.052400799
v -0.011690036 -0.0061405498 0.052615037
v -0.01157071 -0.0061405498 0.052725511
v -0.0112432 -0.0061405498 0.052911201
v -0.010159301 -0.0061405498 0.052911201
v -0.010108644 -0.0061405498 0.052899308
v -0.010065874 -0.0061405498 0.052878923
v -0.010031542 -0.0061405498 0.052849646
v -0.010004275 -0.0061405498 0.052810841
v -0.0099831003 -0.0061405498 0.052762799
v -0.0099831003 -0.0061405498 0.045018902
v -0.0099759024 -0.0061405498 0.04459084
v -0.010146 -0.0061405498 0.0443256
v -0.0100087 0.0079980499 0.071480498
v -0.0100087 0.0079980499 0.0716045
v -0.0100087 0.0060733998 0.0716045
v -0.0100087 0.0060733998 0.071480498
v -0.012507082 0.00960805 0.073872852
v -0.012507082 0.0079980499 0.073872852
v -0.012516537 0.0079980499 0.073522558
v -0.012529178 0.0079980499 0.073051796
v -0.0124895 0.0079980499 0.072159901
v -0.0124895 0.00960805 0.072159901
v -0.012529178 0.00960805 0.073051796
v -0.012516537 0.00960805 0.073522558
v -0.0132595 0.0044633999 0.045248799
v -0.010146 0.0044633999 0.0443256
v -0.010146 0.0025387499 0.0443256
v -0.0132595 0.0025387499 0.045248799
v -0.010159301 0.0044633999 0.052911201
v -0.0112432 0.0044633999 0.052911201
v -0.0112432 0.0025387499 0.052911201
v -0.010159301 0.0025387499 0.052911201
v -0.013279898 0.0060733998 0.045254116
v -0.0132595 0.0060733998 0.045248799
v -0.010146 0.0060733998 0.0443256
v -0.0099753118 0.0060733998 0.04459372
v -0.0099831003 0.0060733998 0.045018902
v -0.0099831003 0.0060733998 0.052762799
v -0.010004584 0.0060733998 0.052811403
v -0.010032234 0.0060733998 0.052850413
v -0.010066663 0.0060733998 0.052879429
v -0.010109097 0.0060733998 0.052899451
v -0.010159301 0.0060733998 0.052911201
v -0.0112432 0.0060733998 0.052911201
v -0.01157071 0.0060733998 0.052725511
v -0.011690036 0.0060733998 0.052615037
v -0.0118677 0.0060733998 0.052400799
v -0.0136438 0.0060733998 0.050439801
v -0.013679055 0.0060733998 0.050415187
v -0.013455532 0.0060733998 0.0503441
v -0.01314401 0.0060733998 0.050328312
v -0.012790861 0.0060733998 0.050322933
v -0.012537 0.0060733998 0.050143399
v -0.012537 0.0060733998 0.046556301
v -0.01248201 0.0060733998 0.045966954
v -0.012460285 0.0060733998 0.045646539
v -0.012576048 0.0060733998 0.045439129
v -0.013056375 0.0060733998 0.045347772
v 0.0017134655 0.018637 0.018048944
v 0.0017134655 0.020177 0.018048944
v 0.001600834 0.020177 0.018055419
v 0.0014591068 0.020177 0.018031569
v 0.0012983435 0.020177 0.01801546
v 0.0011228 0.020177 0.0180231
v 0.0011228 0.018637 0.0180231
v 0.0012983435 0.018637 0.01801546
v 0.0014591068 0.018637 0.018031569
v 0.001600834 0.018637 0.018055419
v -0.0124895 -0.025738449 0.072159901
v -0.0124895 -0.027348449 0.072159901
v -0.0124895 -0.027348449 0.070624099
v -0.0124895 -0.025738449 0.070624099
v -0.010159301 -0.02027915 0.052911201
v -0.0112432 -0.02027915 0.052911201
v -0.0112432 -0.022203801 0.052911201
v -0.010159301 -0.022203801 0.052911201
v -0.010146 -0.023813801 0.0443256
v -0.0099759024 -0.023813801 0.04459084
v -0.0099831003 -0.023813801 0.045018902
v -0.0099831003 -0.025738449 0.045018902
v -0.0099753118 -0.025738449 0.04459372
v -0.010146 -0.025738449 0.0443256
v -0.0112432 -0.01320985 0.052911201
v -0.01157071 -0.01320985 0.052725511
v -0.011690036 -0.01320985 0.052615037
v -0.0118677 -0.01320985 0.052400799
v -0.0118677 -0.0151345 0.052400799
v -0.011690036 -0.0151345 0.052615037
v -0.01157071 -0.0151345 0.052725511
v -0.0112432 -0.0151345 0.052911201
v -0.012537 -0.011599849 0.050143399
v -0.012537 -0.01320985 0.050143399
v -0.012537 -0.01320985 0.046556301
v -0.012537 -0.011599849 0.046556301
v -0.013679055 -0.011599849 0.050415187
v -0.013679055 -0.01320985 0.050415187
v -0.013455532 -0.01320985 0.0503441
v -0.01314401 -0.01320985 0.050328312
v -0.012790861 -0.01320985 0.050322933
v -0.012537 -0.01320985 0.050143399
v -0.012537 -0.011599849 0.050143399
v -0.012790861 -0.011599849 0.050322933
v -0.01314401 -0.011599849 0.050328312
v -0.013455532 -0.011599849 0.0503441
v -0.012507082 -0.0151345 0.073872852
v -0.012507082 -0.0167445 0.073872852
v -0.012516537 -0.0167445 0.073522558
v -0.012529178 -0.0167445 0.073051796
v -0.0124895 -0.0167445 0.072159901
v -0.0124895 -0.0151345 0.072159901
v -0.012529178 -0.0151345 0.073051796
v -0.012516537 -0.0151345 0.073522558
v -0.0124895 -0.011599849 0.072159901
v -0.0124895 -0.01320985 0.072159901
v -0.0124895 -0.01320985 0.070624099
v -0.0124895 -0.011599849 0.070624099
v -0.013346953 -0.011599849 0.070406981
v -0.0100994 -0.011599849 0.069446001
v -0.0100015 -0.011599849 0.069539199
v -0.0100087 -0.011599849 0.071480498
v -0.0100087 -0.011599849 0.0716045
v -0.012507082 -0.011599849 0.073872852
v -0.012516537 -0.011599849 0.073522558
v -0.012529178 -0.011599849 0.073051796
v -0.0124895 -0.011599849 0.072159901
v -0.0124895 -0.011599849 0.070624099
v -0.013058031 -0.011599849 0.070489669
v -0.013275433 -0.011599849 0.070470557
v -0.0100015 -0.0061405498 0.069539199
v -0.0100087 -0.0061405498 0.071480498
v -0.0100087 -0.0080651999 0.071480498
v -0.0100015 -0.0080651999 0.069539199
v -0.0100994 -0.0061405498 0.069446001
v -0.013346953 -0.0061405498 0.070406981
v -0.013275433 -0.0061405498 0.070470557
v -0.013058031 -0.0061405498 0.070489669
v -0.0124895 -0.0061405498 0.070624099
v -0.0124895 -0.0061405498 0.072159901
v -0.012529178 -0.0061405498 0.073051796
v -0.012516537 -0.0061405498 0.073522558
v -0.012507082 -0.0061405498 0.073872852
v -0.0100087 -0.0061405498 0.0716045
v -0.0100087 -0.0061405498 0.071480498
v -0.0100015 -0.0061405498 0.069539199
v 0.0112432 -0.0061405498 0.052911201
v 0.010159301 -0.0061405498 0.052911201
v 0.010159301 -0.0080651999 0.052911201
v 0.0112432 -0.0080651999 0.052911201
v 0.0118677 -0.0061405498 0.052400799
v 0.011690036 -0.0061405498 0.052615037
v 0.01157071 -0.0061405498 0.052725511
v 0.0112432 -0.0061405498 0.052911201
v 0.0112432 -0.0080651999 0.052911201
v 0.01157071 -0.0080651999 0.052725511
v 0.011690036 -0.0080651999 0.052615037
v 0.0118677 -0.0080651999 0.052400799
v 0.010146 -0.0096752 0.0443256
v 0.0132595 -0.0096752 0.045248799
v 0.0132595 -0.011599849 0.045248799
v 0.010146 -0.011599849 0.0443256
v 0.0118677 -0.0096752 0.052400799
v 0.011690036 -0.0096752 0.052615037
v 0.01157071 -0.0096752 0.052725511
v 0.0112432 -0.0096752 0.052911201
v 0.0112432 -0.011599849 0.052911201
v 0.01157071 -0.011599849 0.052725511
v 0.011690036 -0.011599849 0.052615037
v 0.0118677 -0.011599849 0.052400799
v 0.012537 -0.0096752 0.050143399
v 0.012537 -0.0080651999 0.050143399
v 0.012537 -0.0080651999 0.046556301
v 0.012537 -0.0096752 0.046556301
v 0.013679055 -0.0096752 0.050415187
v 0.013679055 -0.0080651999 0.050415187
v 0.013455532 -0.0080651999 0.0503441
v 0.01314401 -0.0080651999 0.050328312
v 0.012790861 -0.0080651999 0.050322933
v 0.012537 -0.0080651999 0.050143399
v 0.012537 -0.0096752 0.050143399
v 0.012790861 -0.0096752 0.050322933
v 0.01314401 -0.0096752 0.050328312
v 0.013455532 -0.0096752 0.0503441
v 0.0124895 -0.0096752 0.072159901
v 0.0124895 -0.0080651999 0.072159901
v 0.0124895 -0.0080651999 0.070624099
v 0.0124895 -0.0096752 0.070624099
v -0.010159301 -0.023813801 0.052911201
v -0.0112432 -0.023813801 0.052911201
v -0.0112432 -0.025738449 0.052911201
v -0.010159301 -0.025738449 0.052911201
v -0.0132595 0.0079980499 0.045248799
v -0.010146 0.0079980499 0.0443256
v -0.010146 0.0060733998 0.0443256
v -0.0132595 0.0060733998 0.045248799
v -0.013279898 0.0079980499 0.045254116
v -0.013279898 0.00960805 0.045254116
v -0.013056375 0.00960805 0.045347772
v -0.012576048 0.00960805 0.045439129
v -0.012460285 0.00960805 0.045646539
v -0.01248201 0.00960805 0.045966954
v -0.012537 0.00960805 0.046556301
v -0.012537 0.0079980499 0.046556301
v -0.01248201 0.0079980499 0.045966954
v -0.012460285 0.0079980499 0.045646539
v -0.012576048 0.0079980499 0.045439129
v -0.013056375 0.0079980499 0.045347772
v -0.0112432 0.0115327 0.052911201
v -0.01157071 0.0115327 0.052725511
v -0.011690036 0.0115327 0.052615037
v -0.0118677 0.0115327 0.052400799
v -0.0118677 0.00960805 0.052400799
v -0.011690036 0.00960805 0.052615037
v -0.01157071 0.00960805 0.052725511
v -0.0112432 0.00960805 0.052911201
v -0.013279898 -0.0045305499 0.045254116
v -0.0132595 -0.0045305499 0.045248799
v -0.010146 -0.0045305499 0.0443256
v -0.0099753118 -0.0045305499 0.04459372
v -0.0099831003 -0.0045305499 0.045018902
v -0.0099831003 -0.0045305499 0.052762799
v -0.010004584 -0.0045305499 0.052811403
v -0.010032234 -0.0045305499 0.052850413
v -0.010066663 -0.0045305499 0.052879429
v -0.010109097 -0.0045305499 0.052899451
v -0.010159301 -0.0045305499 0.052911201
v -0.0112432 -0.0045305499 0.052911201
v -0.01157071 -0.0045305499 0.052725511
v -0.011690036 -0.0045305499 0.052615037
v -0.0118677 -0.0045305499 0.052400799
v -0.0136438 -0.0045305499 0.050439801
v -0.013679055 -0.0045305499 0.050415187
v -0.013455532 -0.0045305499 0.0503441
v -0.01314401 -0.0045305499 0.050328312
v -0.012790861 -0.0045305499 0.050322933
v -0.012537 -0.0045305499 0.050143399
v -0.012537 -0.0045305499 0.046556301
v -0.01248201 -0.0045305499 0.045966954
v -0.012460285 -0.0045305499 0.045646539
v -0.012576048 -0.0045305499 0.045439129
v -0.013056375 -0.0045305499 0.045347772
v -0.013279898 -0.0061405498 0.045254116
v -0.013279898 -0.0045305499 0.045254116
v -0.013056375 -0.0045305499 0.045347772
v -0.012576048 -0.0045305499 0.045439129
v -0.012460285 -0.0045305499 0.045646539
v -0.01248201 -0.0045305499 0.045966954
v -0.012537 -0.0045305499 0.046556301
v -0.012537 -0.0061405498 0.046556301
v -0.01248201 -0.0061405498 0.045966954
v -0.012460285 -0.0061405498 0.045646539
v -0.012576048 -0.0061405498 0.045439129
v -0.013056375 -0.0061405498 0.045347772
v -0.0118677 0.0115327 0.052400799
v -0.0136438 0.0115327 0.050439801
v -0.0136438 0.00960805 0.050439801
v -0.0118677 0.00960805 0.052400799
v -0.0100015 0.0079980499 0.069539199
v -0.0100087 0.0079980499 0.071480498
v -0.0100087 0.0060733998 0.071480498
v -0.0100015 0.0060733998 0.069539199
v -0.0100994 0.0079980499 0.069446001
v -0.013346953 0.0079980499 0.070406981
v -0.013275433 0.0079980499 0.070470557
v -0.013058031 0.0079980499 0.070489669
v -0.0124895 0.0079980499 0.070624099
v -0.0124895 0.0079980499 0.072159901
v -0.012529178 0.0079980499 0.073051796
v -0.012516537 0.0079980499 0.073522558
v -0.012507082 0.0079980499 0.073872852
v -0.0100087 0.0079980499 0.0716045
v -0.0100087 0.0079980499 0.071480498
v -0.0100015 0.0079980499 0.069539199
v -0.013346953 0.0079980499 0.070406981
v -0.013346953 0.00960805 0.070406981
v -0.013275433 0.00960805 0.070470557
v -0.013058031 0.00960805 0.070489669
v -0.0124895 0.00960805 0.070624099
v -0.0124895 0.0079980499 0.070624099
v -0.013058031 0.0079980499 0.070489669
v -0.013275433 0.0079980499 0.070470557
v -0.013346953 0.00960805 0.070406981
v -0.0100994 0.00960805 0.069446001
v -0.0100015 0.00960805 0.069539199
v -0.0100087 0.00960805 0.071480498
v -0.0100087 0.00960805 0.0716045
v -0.012507082 0.00960805 0.073872852
v -0.012516537 0.00960805 0.073522558
v -0.012529178 0.00960805 0.073051796
v -0.0124895 0.00960805 0.072159901
v -0.0124895 0.00960805 0.070624099
v -0.013058031 0.00960805 0.070489669
v -0.013275433 0.00960805 0.070470557
v -0.0112432 0.0044633999 0.052911201
v -0.01157071 0.0044633999 0.052725511
v -0.011690036 0.0044633999 0.052615037
v -0.0118677 0.0044633999 0.052400799
v -0.0118677 0.0025387499 0.052400799
v -0.011690036 0.0025387499 0.052615037
v -0.01157071 0.0025387499 0.052725511
v -0.0112432 0.0025387499 0.052911201
v -0.012537 0.0060733998 0.050143399
v -0.012537 0.0044633999 0.050143399
v -0.012537 0.0044633999 0.046556301
v -0.012537 0.0060733998 0.046556301
v -0.013679055 0.0060733998 0.050415187
v -0.013679055 0.0044633999 0.050415187
v -0.013455532 0.0044633999 0.0503441
v -0.01314401 0.0044633999 0.050328312
v -0.012790861 0.0044633999 0.050322933
v -0.012537 0.0044633999 0.050143399
v -0.012537 0.0060733998 0.050143399
v -0.012790861 0.0060733998 0.050322933
v -0.01314401 0.0060733998 0.050328312
v -0.013455532 0.0060733998 0.0503441
v 0.00016759999 0.020177 0.0196112
v -0.00040560942 0.020177 0.019570636
v -0.00078882322 0.020177 0.019425513
v -0.0012416627 0.020177 0.019078451
v -0.0015484141 0.020177 0.018635591
v -0.0017099179 0.020177 0.018018194
v -0.0015623884 0.020177 0.018085564
v -0.0013489805 0.020177 0.018055273
v -0.0008783 0.020177 0.0180231
v 0.0011228 0.020177 0.0180231
v 0.0012983435 0.020177 0.01801546
v 0.0014591068 0.020177 0.018031569
v 0.001600834 0.020177 0.018055419
v 0.0017134655 0.020177 0.018048944
v 0.0014943719 0.020177 0.018742309
v 0.0010458807 0.020177 0.019259725
v 0.0006170452 0.020177 0.019503553
v -0.0100087 -0.027348449 0.071480498
v -0.0100087 -0.027348449 0.0716045
v -0.0100087 -0.0292731 0.0716045
v -0.0100087 -0.0292731 0.071480498
v -0.012507082 -0.025738449 0.073872852
v -0.012507082 -0.027348449 0.073872852
v -0.012516537 -0.027348449 0.073522558
v -0.012529178 -0.027348449 0.073051796
v -0.0124895 -0.027348449 0.072159901
v -0.0124895 -0.025738449 0.072159901
v -0.012529178 -0.025738449 0.073051796
v -0.012516537 -0.025738449 0.073522558
v -0.0099831003 -0.02027915 0.052762799
v -0.010004275 -0.02027915 0.052810841
v -0.010031542 -0.02027915 0.052849646
v -0.010065874 -0.02027915 0.052878923
v -0.010108644 -0.02027915 0.052899308
v -0.010159301 -0.02027915 0.052911201
v -0.010159301 -0.022203801 0.052911201
v -0.010109097 -0.022203801 0.052899451
v -0.010066663 -0.022203801 0.052879429
v -0.010032234 -0.022203801 0.052850413
v -0.010004584 -0.022203801 0.052811403
v -0.0099831003 -0.022203801 0.052762799
v -0.0112432 -0.02027915 0.052911201
v -0.01157071 -0.02027915 0.052725511
v -0.011690036 -0.02027915 0.052615037
v -0.0118677 -0.02027915 0.052400799
v -0.0118677 -0.022203801 0.052400799
v -0.011690036 -0.022203801 0.052615037
v -0.01157071 -0.022203801 0.052725511
v -0.0112432 -0.022203801 0.052911201
v -0.0132595 -0.023813801 0.045248799
v -0.010146 -0.023813801 0.0443256
v -0.010146 -0.025738449 0.0443256
v -0.0132595 -0.025738449 0.045248799
v -0.010146 -0.0167445 0.0443256
v -0.0099759024 -0.0167445 0.04459084
v -0.0099831003 -0.0167445 0.045018902
v -0.0099831003 -0.01866915 0.045018902
v -0.0099753118 -0.01866915 0.04459372
v -0.010146 -0.01866915 0.0443256
v -0.013279898 -0.0167445 0.045254116
v -0.013279898 -0.0151345 0.045254116
v -0.013056375 -0.0151345 0.045347772
v -0.012576048 -0.0151345 0.045439129
v -0.012460285 -0.0151345 0.045646539
v -0.01248201 -0.0151345 0.045966954
v -0.012537 -0.0151345 0.046556301
v -0.012537 -0.0167445 0.046556301
v -0.01248201 -0.0167445 0.045966954
v -0.012460285 -0.0167445 0.045646539
v -0.012576048 -0.0167445 0.045439129
v -0.013056375 -0.0167445 0.045347772
v -0.0132595 -0.01320985 0.045248799
v -0.013279898 -0.01320985 0.045254116
v -0.013056375 -0.01320985 0.045347772
v -0.012576048 -0.01320985 0.045439129
v -0.012460285 -0.01320985 0.045646539
v -0.01248201 -0.01320985 0.045966954
v -0.012537 -0.01320985 0.046556301
v -0.012537 -0.01320985 0.050143399
v -0.012790861 -0.01320985 0.050322933
v -0.01314401 -0.01320985 0.050328312
v -0.013455532 -0.01320985 0.0503441
v -0.013679055 -0.01320985 0.050415187
v -0.0136438 -0.01320985 0.050439801
v -0.0118677 -0.01320985 0.052400799
v -0.011690036 -0.01320985 0.052615037
v -0.01157071 -0.01320985 0.052725511
v -0.0112432 -0.01320985 0.052911201
v -0.010159301 -0.01320985 0.052911201
v -0.010108644 -0.01320985 0.052899308
v -0.010065874 -0.01320985 0.052878923
v -0.010031542 -0.01320985 0.052849646
v -0.010004275 -0.01320985 0.052810841
v -0.0099831003 -0.01320985 0.052762799
v -0.0099831003 -0.01320985 0.045018902
v -0.0099759024 -0.01320985 0.04459084
v -0.010146 -0.01320985 0.0443256
v -0.0100087 -0.01320985 0.071480498
v -0.0100087 -0.01320985 0.0716045
v -0.0100087 -0.0151345 0.0716045
v -0.0100087 -0.0151345 0.071480498
v -0.012507082 -0.011599849 0.073872852
v -0.012507082 -0.01320985 0.073872852
v -0.012516537 -0.01320985 0.073522558
v -0.012529178 -0.01320985 0.073051796
v -0.0124895 -0.01320985 0.072159901
v -0.0124895 -0.011599849 0.072159901
v -0.012529178 -0.011599849 0.073051796
v -0.012516537 -0.011599849 0.073522558
v -0.013346953 -0.01320985 0.070406981
v -0.013346953 -0.011599849 0.070406981
v -0.013275433 -0.011599849 0.070470557
v -0.013058031 -0.011599849 0.070489669
v -0.0124895 -0.011599849 0.070624099
v -0.0124895 -0.01320985 0.070624099
v -0.013058031 -0.01320985 0.070489669
v -0.013275433 -0.01320985 0.070470557
v -0.0100087 -0.0026058999 0.071480498
v -0.0100087 -0.0026058999 0.0716045
v -0.0100087 -0.0045305499 0.0716045
v -0.0100087 -0.0045305499 0.071480498
v -0.0100994 -0.0061405498 0.069446001
v -0.0100015 -0.0061405498 0.069539199
v -0.0100015 -0.0080651999 0.069539199
v -0.0100994 -0.0080651999 0.069446001
v -0.013346953 -0.0061405498 0.070406981
v -0.013346953 -0.0045305499 0.070406981
v -0.013275433 -0.0045305499 0.070470557
v -0.013058031 -0.0045305499 0.070489669
v -0.0124895 -0.0045305499 0.070624099
v -0.0124895 -0.0061405498 0.070624099
v -0.013058031 -0.0061405498 0.070489669
v -0.013275433 -0.0061405498 0.070470557
v -0.0017099179 -0.0293081 0.018018194
v -0.0017099179 -0.0308481 0.018018194
v -0.0015623884 -0.0308481 0.018085564
v -0.0013489805 -0.0308481 0.018055273
v -0.0008783 -0.0308481 0.0180231
v -0.0008783 -0.0293081 0.0180231
v -0.0013489805 -0.0293081 0.018055273
v -0.0015623884 -0.0293081 0.018085564
v 0.00016759999 -0.0293081 0.0196112
v -0.00040560942 -0.0293081 0.019570636
v -0.00078882322 -0.0293081 0.019425513
v -0.0012416627 -0.0293081 0.019078451
v -0.0015484141 -0.0293081 0.018635591
v -0.0017099179 -0.0293081 0.018018194
v -0.0015623884 -0.0293081 0.018085564
v -0.0013489805 -0.0293081 0.018055273
v -0.0008783 -0.0293081 0.0180231
v 0.0011228 -0.0293081 0.0180231
v 0.0012983435 -0.0293081 0.01801546
v 0.0014591068 -0.0293081 0.018031569
v 0.001600834 -0.0293081 0.018055419
v 0.0017134655 -0.0293081 0.018048944
v 0.0014943719 -0.0293081 0.018742309
v 0.0010458807 -0.0293081 0.019259725
v 0.0006170452 -0.0293081 0.019503553
v 0.010159301 -0.0061405498 0.052911201
v 0.010108644 -0.0061405498 0.052899308
v 0.010065874 -0.0061405498 0.052878923
v 0.010031542 -0.0061405498 0.052849646
v 0.010004275 -0.0061405498 0.052810841
v 0.0099831003 -0.0061405498 0.052762799
v 0.0099831003 -0.0080651999 0.052762799
v 0.010004584 -0.0080651999 0.052811403
v 0.010032234 -0.0080651999 0.052850413
v 0.010066663 -0.0080651999 0.052879429
v 0.010109097 -0.0080651999 0.052899451
v 0.010159301 -0.0080651999 0.052911201
v 0.013279898 -0.0080651999 0.045254116
v 0.013279898 -0.0096752 0.045254116
v 0.013056375 -0.0096752 0.045347772
v 0.012576048 -0.0096752 0.045439129
v 0.012460285 -0.0096752 0.045646539
v 0.01248201 -0.0096752 0.045966954
v 0.012537 -0.0096752 0.046556301
v 0.012537 -0.0080651999 0.046556301
v 0.01248201 -0.0080651999 0.045966954
v 0.012460285 -0.0080651999 0.045646539
v 0.012576048 -0.0080651999 0.045439129
v 0.013056375 -0.0080651999 0.045347772
v 0.0132595 -0.0080651999 0.045248799
v 0.013279898 -0.0080651999 0.045254116
v 0.013056375 -0.0080651999 0.045347772
v 0.012576048 -0.0080651999 0.045439129
v 0.012460285 -0.0080651999 0.045646539
v 0.01248201 -0.0080651999 0.045966954
v 0.012537 -0.0080651999 0.046556301
v 0.012537 -0.0080651999 0.050143399
v 0.012790861 -0.0080651999 0.050322933
v 0.01314401 -0.0080651999 0.050328312
v 0.013455532 -0.0080651999 0.0503441
v 0.013679055 -0.0080651999 0.050415187
v 0.0136438 -0.0080651999 0.050439801
v 0.0118677 -0.0080651999 0.052400799
v 0.011690036 -0.0080651999 0.052615037
v 0.01157071 -0.0080651999 0.052725511
v 0.0112432 -0.0080651999 0.052911201
v 0.010159301 -0.0080651999 0.052911201
v 0.010109097 -0.0080651999 0.052899451
v 0.010066663 -0.0080651999 0.052879429
v 0.010032234 -0.0080651999 0.052850413
v 0.010004584 -0.0080651999 0.052811403
v 0.0099831003 -0.0080651999 0.052762799
v 0.0099831003 -0.0080651999 0.045018902
v 0.0099753118 -0.0080651999 0.04459372
v 0.010146 -0.0080651999 0.0443256
v 0.0112432 -0.023813801 0.052911201
v 0.010159301 -0.023813801 0.052911201
v 0.010159301 -0.025738449 0.052911201
v 0.0112432 -0.025738449 0.052911201
v 0.0118677 -0.023813801 0.052400799
v 0.011690036 -0.023813801 0.052615037
v 0.01157071 -0.023813801 0.052725511
v 0.0112432 -0.023813801 0.052911201
v 0.0112432 -0.025738449 0.052911201
v 0.01157071 -0.025738449 0.052725511
v 0.011690036 -0.025738449 0.052615037
v 0.0118677 -0.025738449 0.052400799
v 0.0099831003 -0.01320985 0.052762799
v 0.0099831003 -0.01320985 0.045018902
v 0.0099831003 -0.0151345 0.045018902
v 0.0099831003 -0.0151345 0.052762799
v 0.013279898 -0.011599849 0.045254116
v 0.013279898 -0.01320985 0.045254116
v 0.013056375 -0.01320985 0.045347772
v 0.012576048 -0.01320985 0.045439129
v 0.012460285 -0.01320985 0.045646539
v 0.01248201 -0.01320985 0.045966954
v 0.012537 -0.01320985 0.046556301
v 0.012537 -0.011599849 0.046556301
v 0.01248201 -0.011599849 0.045966954
v 0.012460285 -0.011599849 0.045646539
v 0.012576048 -0.011599849 0.045439129
v 0.013056375 -0.011599849 0.045347772
v 0.013279898 -0.0096752 0.045254116
v 0.0132595 -0.0096752 0.045248799
v 0.010146 -0.0096752 0.0443256
v 0.0099759024 -0.0096752 0.04459084
v 0.0099831003 -0.0096752 0.045018902
v 0.0099831003 -0.0096752 0.052762799
v 0.010004275 -0.0096752 0.052810841
v 0.010031542 -0.0096752 0.052849646
v 0.010065874 -0.0096752 0.052878923
v 0.010108644 -0.0096752 0.052899308
v 0.010159301 -0.0096752 0.052911201
v 0.0112432 -0.0096752 0.052911201
v 0.01157071 -0.0096752 0.052725511
v 0.011690036 -0.0096752 0.052615037
v 0.0118677 -0.0096752 0.052400799
v 0.0136438 -0.0096752 0.050439801
v 0.013679055 -0.0096752 0.050415187
v 0.013455532 -0.0096752 0.0503441
v 0.01314401 -0.0096752 0.050328312
v 0.012790861 -0.0096752 0.050322933
v 0.012537 -0.0096752 0.050143399
v 0.012537 -0.0096752 0.046556301
v 0.01248201 -0.0096752 0.045966954
v 0.012460285 -0.0096752 0.045646539
v 0.012576048 -0.0096752 0.045439129
v 0.013056375 -0.0096752 0.045347772
v 0.0100087 -0.0096752 0.0716045
v 0.0100087 -0.0096752 0.071480498
v 0.0100087 -0.011599849 0.071480498
v 0.0100087 -0.011599849 0.0716045
v 0.012507082 -0.0096752 0.073872852
v 0.012507082 -0.0080651999 0.073872852
v 0.012516537 -0.0080651999 0.073522558
v 0.012529178 -0.0080651999 0.073051796
v 0.0124895 -0.0080651999 0.072159901
v 0.0124895 -0.0096752 0.072159901
v 0.012529178 -0.0096752 0.073051796
v 0.012516537 -0.0096752 0.073522558
v -0.0112432 -0.023813801 0.052911201
v -0.01157071 -0.023813801 0.052725511
v -0.011690036 -0.023813801 0.052615037
v -0.0118677 -0.023813801 0.052400799
v -0.0118677 -0.025738449 0.052400799
v -0.011690036 -0.025738449 0.052615037
v -0.01157071 -0.025738449 0.052725511
v -0.0112432 -0.025738449 0.052911201
v -0.012537 -0.022203801 0.050143399
v -0.012537 -0.023813801 0.050143399
v -0.012537 -0.023813801 0.046556301
v -0.012537 -0.022203801 0.046556301
v -0.013679055 -0.022203801 0.050415187
v -0.013679055 -0.023813801 0.050415187
v -0.013455532 -0.023813801 0.0503441
v -0.01314401 -0.023813801 0.050328312
v -0.012790861 -0.023813801 0.050322933
v -0.012537 -0.023813801 0.050143399
v -0.012537 -0.022203801 0.050143399
v -0.012790861 -0.022203801 0.050322933
v -0.01314401 -0.022203801 0.050328312
v -0.013455532 -0.022203801 0.0503441
v -0.013279898 0.00960805 0.045254116
v -0.0132595 0.00960805 0.045248799
v -0.010146 0.00960805 0.0443256
v -0.0099753118 0.00960805 0.04459372
v -0.0099831003 0.00960805 0.045018902
v -0.0099831003 0.00960805 0.052762799
v -0.010004584 0.00960805 0.052811403
v -0.010032234 0.00960805 0.052850413
v -0.010066663 0.00960805 0.052879429
v -0.010109097 0.00960805 0.052899451
v -0.010159301 0.00960805 0.052911201
v -0.0112432 0.00960805 0.052911201
v -0.01157071 0.00960805 0.052725511
v -0.011690036 0.00960805 0.052615037
v -0.0118677 0.00960805 0.052400799
v -0.0136438 0.00960805 0.050439801
v -0.013679055 0.00960805 0.050415187
v -0.013455532 0.00960805 0.0503441
v -0.01314401 0.00960805 0.050328312
v -0.012790861 0.00960805 0.050322933
v -0.012537 0.00960805 0.050143399
v -0.012537 0.00960805 0.046556301
v -0.01248201 0.00960805 0.045966954
v -0.012460285 0.00960805 0.045646539
v -0.012576048 0.00960805 0.045439129
v -0.013056375 0.00960805 0.045347772
v -0.010159301 0.0115327 0.052911201
v -0.0112432 0.0115327 0.052911201
v -0.0112432 0.00960805 0.052911201
v -0.010159301 0.00960805 0.052911201
v -0.0118677 -0.0026058999 0.052400799
v -0.0136438 -0.0026058999 0.050439801
v -0.0136438 -0.0045305499 0.050439801
v -0.0118677 -0.0045305499 0.052400799
v -0.0099831003 -0.0167445 0.045018902
v -0.0099831003 -0.0167445 0.052762799
v -0.0099831003 -0.01866915 0.052762799
v -0.0099831003 -0.01866915 0.045018902
v -0.0100994 0.0079980499 0.069446001
v -0.0100015 0.0079980499 0.069539199
v -0.0100015 0.0060733998 0.069539199
v -0.0100994 0.0060733998 0.069446001
v -0.0100087 0.0115327 0.071480498
v -0.0100087 0.0115327 0.0716045
v -0.0100087 0.00960805 0.0716045
v -0.0100087 0.00960805 0.071480498
v -0.0124895 0.0131427 0.072159901
v -0.0124895 0.0115327 0.072159901
v -0.0124895 0.0115327 0.070624099
v -0.0124895 0.0131427 0.070624099
v -0.012507082 0.0131427 0.073872852
v -0.012507082 0.0115327 0.073872852
v -0.012516537 0.0115327 0.073522558
v -0.012529178 0.0115327 0.073051796
v -0.0124895 0.0115327 0.072159901
v -0.0124895 0.0131427 0.072159901
v -0.012529178 0.0131427 0.073051796
v -0.012516537 0.0131427 0.073522558
v -0.013279898 0.00092874996 0.045254116
v -0.013279898 0.0025387499 0.045254116
v -0.013056375 0.0025387499 0.045347772
v -0.012576048 0.0025387499 0.045439129
v -0.012460285 0.0025387499 0.045646539
v -0.01248201 0.0025387499 0.045966954
v -0.012537 0.0025387499 0.046556301
v -0.012537 0.00092874996 0.046556301
v -0.01248201 0.00092874996 0.045966954
v -0.012460285 0.00092874996 0.045646539
v -0.012576048 0.00092874996 0.045439129
v -0.013056375 0.00092874996 0.045347772
v -0.0132595 0.0044633999 0.045248799
v -0.013279898 0.0044633999 0.045254116
v -0.013056375 0.0044633999 0.045347772
v -0.012576048 0.0044633999 0.045439129
v -0.012460285 0.0044633999 0.045646539
v -0.01248201 0.0044633999 0.045966954
v -0.012537 0.0044633999 0.046556301
v -0.012537 0.0044633999 0.050143399
v -0.012790861 0.0044633999 0.050322933
v -0.01314401 0.0044633999 0.050328312
v -0.013455532 0.0044633999 0.0503441
v -0.013679055 0.0044633999 0.050415187
v -0.0136438 0.0044633999 0.050439801
v -0.0118677 0.0044633999 0.052400799
v -0.011690036 0.0044633999 0.052615037
v -0.01157071 0.0044633999 0.052725511
v -0.0112432 0.0044633999 0.052911201
v -0.010159301 0.0044633999 0.052911201
v -0.010108644 0.0044633999 0.052899308
v -0.010065874 0.0044633999 0.052878923
v -0.010031542 0.0044633999 0.052849646
v -0.010004275 0.0044633999 0.052810841
v -0.0099831003 0.0044633999 0.052762799
v -0.0099831003 0.0044633999 0.045018902
v -0.0099759024 0.0044633999 0.04459084
v -0.010146 0.0044633999 0.0443256
v -0.0008783 0.02371165 0.0180231
v -0.0008783 0.02217165 0.0180231
v 0.0011228 0.02217165 0.0180231
v 0.0011228 0.02371165 0.0180231
v -0.0017099179 0.02371165 0.018018194
v -0.0017099179 0.02217165 0.018018194
v -0.0015623884 0.02217165 0.018085564
v -0.0013489805 0.02217165 0.018055273
v -0.0008783 0.02217165 0.0180231
v -0.0008783 0.02371165 0.0180231
v -0.0013489805 0.02371165 0.018055273
v -0.0015623884 0.02371165 0.018085564
v -0.0100015 -0.027348449 0.069539199
v -0.0100087 -0.027348449 0.071480498
v -0.0100087 -0.0292731 0.071480498
v -0.0100015 -0.0292731 0.069539199
v -0.0100994 -0.027348449 0.069446001
v -0.013346953 -0.027348449 0.070406981
v -0.013275433 -0.027348449 0.070470557
v -0.013058031 -0.027348449 0.070489669
v -0.0124895 -0.027348449 0.070624099
v -0.0124895 -0.027348449 0.072159901
v -0.012529178 -0.027348449 0.073051796
v -0.012516537 -0.027348449 0.073522558
v -0.012507082 -0.027348449 0.073872852
v -0.0100087 -0.027348449 0.0716045
v -0.0100087 -0.027348449 0.071480498
v -0.0100015 -0.027348449 0.069539199
v -0.013346953 -0.027348449 0.070406981
v -0.013346953 -0.025738449 0.070406981
v -0.013275433 -0.025738449 0.070470557
v -0.013058031 -0.025738449 0.070489669
v -0.0124895 -0.025738449 0.070624099
v -0.0124895 -0.027348449 0.070624099
v -0.013058031 -0.027348449 0.070489669
v -0.013275433 -0.027348449 0.070470557
v -0.013346953 -0.025738449 0.070406981
v -0.0100994 -0.025738449 0.069446001
v -0.0100015 -0.025738449 0.069539199
v -0.0100087 -0.025738449 0.071480498
v -0.0100087 -0.025738449 0.0716045
v -0.012507082 -0.025738449 0.073872852
v -0.012516537 -0.025738449 0.073522558
v -0.012529178 -0.025738449 0.073051796
v -0.0124895 -0.025738449 0.072159901
v -0.0124895 -0.025738449 0.070624099
v -0.013058031 -0.025738449 0.070489669
v -0.013275433 -0.025738449 0.070470557
v -0.0099831003 -0.02027915 0.045018902
v -0.0099831003 -0.02027915 0.052762799
v -0.0099831003 -0.022203801 0.052762799
v -0.0099831003 -0.022203801 0.045018902
v -0.013279898 -0.023813801 0.045254116
v -0.013279898 -0.022203801 0.045254116
v -0.013056375 -0.022203801 0.045347772
v -0.012576048 -0.022203801 0.045439129
v -0.012460285 -0.022203801 0.045646539
v -0.01248201 -0.022203801 0.045966954
v -0.012537 -0.022203801 0.046556301
v -0.012537 -0.023813801 0.046556301
v -0.01248201 -0.023813801 0.045966954
v -0.012460285 -0.023813801 0.045646539
v -0.012576048 -0.023813801 0.045439129
v -0.013056375 -0.023813801 0.045347772
v -0.013279898 -0.022203801 0.045254116
v -0.0132595 -0.022203801 0.045248799
v -0.010146 -0.022203801 0.0443256
v -0.0099753118 -0.022203801 0.04459372
v -0.0099831003 -0.022203801 0.045018902
v -0.0099831003 -0.022203801 0.052762799
v -0.010004584 -0.022203801 0.052811403
v -0.010032234 -0.022203801 0.052850413
v -0.010066663 -0.022203801 0.052879429
v -0.010109097 -0.022203801 0.052899451
v -0.010159301 -0.022203801 0.052911201
v -0.0112432 -0.022203801 0.052911201
v -0.01157071 -0.022203801 0.052725511
v -0.011690036 -0.022203801 0.052615037
v -0.0118677 -0.022203801 0.052400799
v -0.0136438 -0.022203801 0.050439801
v -0.013679055 -0.022203801 0.050415187
v -0.013455532 -0.022203801 0.0503441
v -0.01314401 -0.022203801 0.050328312
v -0.012790861 -0.022203801 0.050322933
v -0.012537 -0.022203801 0.050143399
v -0.012537 -0.022203801 0.046556301
v -0.01248201 -0.022203801 0.045966954
v -0.012460285 -0.022203801 0.045646539
v -0.012576048 -0.022203801 0.045439129
v -0.013056375 -0.022203801 0.045347772
v -0.0132595 -0.0167445 0.045248799
v -0.010146 -0.0167445 0.0443256
v -0.010146 -0.01866915 0.0443256
v -0.0132595 -0.01866915 0.045248799
v -0.0118677 -0.01320985 0.052400799
v -0.0136438 -0.01320985 0.050439801
v -0.0136438 -0.0151345 0.050439801
v -0.0118677 -0.0151345 0.052400799
v -0.0124895 -0.0151345 0.072159901
v -0.0124895 -0.0167445 0.072159901
v -0.0124895 -0.0167445 0.070624099
v -0.0124895 -0.0151345 0.070624099
v -0.0100087 -0.0167445 0.071480498
v -0.0100087 -0.0167445 0.0716045
v -0.0100087 -0.01866915 0.0716045
v -0.0100087 -0.01866915 0.071480498
v -0.0100015 -0.01320985 0.069539199
v -0.0100087 -0.01320985 0.071480498
v -0.0100087 -0.0151345 0.071480498
v -0.0100015 -0.0151345 0.069539199
v -0.0100994 -0.01320985 0.069446001
v -0.013346953 -0.01320985 0.070406981
v -0.013275433 -0.01320985 0.070470557
v -0.013058031 -0.01320985 0.070489669
v -0.0124895 -0.01320985 0.070624099
v -0.0124895 -0.01320985 0.072159901
v -0.012529178 -0.01320985 0.073051796
v -0.012516537 -0.01320985 0.073522558
v -0.012507082 -0.01320985 0.073872852
v -0.0100087 -0.01320985 0.0716045
v -0.0100087 -0.01320985 0.071480498
v -0.0100015 -0.01320985 0.069539199
v -0.0124895 -0.00099590003 0.072159901
v -0.0124895 -0.0026058999 0.072159901
v -0.0124895 -0.0026058999 0.070624099
v -0.0124895 -0.00099590003 0.070624099
v -0.0100015 -0.0026058999 0.069539199
v -0.0100087 -0.0026058999 0.071480498
v -0.0100087 -0.0045305499 0.071480498
v -0.0100015 -0.0045305499 0.069539199
v -0.013346953 -0.0045305499 0.070406981
v -0.0100994 -0.0045305499 0.069446001
v -0.0100015 -0.0045305499 0.069539199
v -0.0100087 -0.0045305499 0.071480498
v -0.0100087 -0.0045305499 0.0716045
v -0.012507082 -0.0045305499 0.073872852
v -0.012516537 -0.0045305499 0.073522558
v -0.012529178 -0.0045305499 0.073051796
v -0.0124895 -0.0045305499 0.072159901
v -0.0124895 -0.0045305499 0.070624099
v -0.013058031 -0.0045305499 0.070489669
v -0.013275433 -0.0045305499 0.070470557
v -0.0008783 -0.0293081 0.0180231
v -0.0008783 -0.0308481 0.0180231
v 0.0011228 -0.0308481 0.0180231
v 0.0011228 -0.0293081 0.0180231
v 0.0017134655 -0.0308481 0.018048944
v 0.0017134655 -0.0293081 0.018048944
v 0.001600834 -0.0293081 0.018055419
v 0.0014591068 -0.0293081 0.018031569
v 0.0012983435 -0.0293081 0.01801546
v 0.0011228 -0.0293081 0.0180231
v 0.0011228 -0.0308481 0.0180231
v 0.0012983435 -0.0308481 0.01801546
v 0.0014591068 -0.0308481 0.018031569
v 0.001600834 -0.0308481 0.018055419
v 0.0112432 0.0079980499 0.052911201
v 0.010159301 0.0079980499 0.052911201
v 0.010159301 0.0060733998 0.052911201
v 0.0112432 0.0060733998 0.052911201
v 0.0118677 0.0079980499 0.052400799
v 0.011690036 0.0079980499 0.052615037
v 0.01157071 0.0079980499 0.052725511
v 0.0112432 0.0079980499 0.052911201
v 0.0112432 0.0060733998 0.052911201
v 0.01157071 0.0060733998 0.052725511
v 0.011690036 0.0060733998 0.052615037
v 0.0118677 0.0060733998 0.052400799
v 0.0099831003 -0.0061405498 0.052762799
v 0.0099831003 -0.0061405498 0.045018902
v 0.0099831003 -0.0080651999 0.045018902
v 0.0099831003 -0.0080651999 0.052762799
v 0.0136438 -0.0061405498 0.050439801
v 0.0118677 -0.0061405498 0.052400799
v 0.0118677 -0.0080651999 0.052400799
v 0.0136438 -0.0080651999 0.050439801
v 0.010159301 -0.023813801 0.052911201
v 0.010108644 -0.023813801 0.052899308
v 0.010065874 -0.023813801 0.052878923
v 0.010031542 -0.023813801 0.052849646
v 0.010004275 -0.023813801 0.052810841
v 0.0099831003 -0.023813801 0.052762799
v 0.0099831003 -0.025738449 0.052762799
v 0.010004584 -0.025738449 0.052811403
v 0.010032234 -0.025738449 0.052850413
v 0.010066663 -0.025738449 0.052879429
v 0.010109097 -0.025738449 0.052899451
v 0.010159301 -0.025738449 0.052911201
v 0.0099831003 -0.01320985 0.045018902
v 0.0099759024 -0.01320985 0.04459084
v 0.010146 -0.01320985 0.0443256
v 0.010146 -0.0151345 0.0443256
v 0.0099753118 -0.0151345 0.04459372
v 0.0099831003 -0.0151345 0.045018902
v 0.010159301 -0.01320985 0.052911201
v 0.010108644 -0.01320985 0.052899308
v 0.010065874 -0.01320985 0.052878923
v 0.010031542 -0.01320985 0.052849646
v 0.010004275 -0.01320985 0.052810841
v 0.0099831003 -0.01320985 0.052762799
v 0.0099831003 -0.0151345 0.052762799
v 0.010004584 -0.0151345 0.052811403
v 0.010032234 -0.0151345 0.052850413
v 0.010066663 -0.0151345 0.052879429
v 0.010109097 -0.0151345 0.052899451
v 0.010159301 -0.0151345 0.052911201
v 0.0136438 -0.0096752 0.050439801
v 0.0118677 -0.0096752 0.052400799
v 0.0118677 -0.011599849 0.052400799
v 0.0136438 -0.011599849 0.050439801
v 0.013346953 -0.0080651999 0.070406981
v 0.013346953 -0.0096752 0.070406981
v 0.013275433 -0.0096752 0.070470557
v 0.013058031 -0.0096752 0.070489669
v 0.0124895 -0.0096752 0.070624099
v 0.0124895 -0.0080651999 0.070624099
v 0.013058031 -0.0080651999 0.070489669
v 0.013275433 -0.0080651999 0.070470557
v 0.0100994 -0.0080651999 0.069446001
v 0.013346953 -0.0080651999 0.070406981
v 0.013275433 -0.0080651999 0.070470557
v 0.013058031 -0.0080651999 0.070489669
v 0.0124895 -0.0080651999 0.070624099
v 0.0124895 -0.0080651999 0.072159901
v 0.012529178 -0.0080651999 0.073051796
v 0.012516537 -0.0080651999 0.073522558
v 0.012507082 -0.0080651999 0.073872852
v 0.0100087 -0.0080651999 0.0716045
v 0.0100087 -0.0080651999 0.071480498
v 0.0100015 -0.0080651999 0.069539199
v 0.0100087 -0.0096752 0.071480498
v 0.0100015 -0.0096752 0.069539199
v 0.0100015 -0.011599849 0.069539199
v 0.0100087 -0.011599849 0.071480498
v 0.013346953 -0.0096752 0.070406981
v 0.0100994 -0.0096752 0.069446001
v 0.0100015 -0.0096752 0.069539199
v 0.0100087 -0.0096752 0.071480498
v 0.0100087 -0.0096752 0.0716045
v 0.012507082 -0.0096752 0.073872852
v 0.012516537 -0.0096752 0.073522558
v 0.012529178 -0.0096752 0.073051796
v 0.0124895 -0.0096752 0.072159901
v 0.0124895 -0.0096752 0.070624099
v 0.013058031 -0.0096752 0.070489669
v 0.013275433 -0.0096752 0.070470557
v -0.0132595 -0.023813801 0.045248799
v -0.013279898 -0.023813801 0.045254116
v -0.013056375 -0.023813801 0.045347772
v -0.012576048 -0.023813801 0.045439129
v -0.012460285 -0.023813801 0.045646539
v -0.01248201 -0.023813801 0.045966954
v -0.012537 -0.023813801 0.046556301
v -0.012537 -0.023813801 0.050143399
v -0.012790861 -0.023813801 0.050322933
v -0.01314401 -0.023813801 0.050328312
v -0.013455532 -0.023813801 0.0503441
v -0.013679055 -0.023813801 0.050415187
v -0.0136438 -0.023813801 0.050439801
v -0.0118677 -0.023813801 0.052400799
v -0.011690036 -0.023813801 0.052615037
v -0.01157071 -0.023813801 0.052725511
v -0.0112432 -0.023813801 0.052911201
v -0.010159301 -0.023813801 0.052911201
v -0.010108644 -0.023813801 0.052899308
v -0.010065874 -0.023813801 0.052878923
v -0.010031542 -0.023813801 0.052849646
v -0.010004275 -0.023813801 0.052810841
v -0.0099831003 -0.023813801 0.052762799
v -0.0099831003 -0.023813801 0.045018902
v -0.0099759024 -0.023813801 0.04459084
v -0.010146 -0.023813801 0.0443256
v -0.0099831003 -0.027348449 0.045018902
v -0.0099831003 -0.027348449 0.052762799
v -0.0099831003 -0.0292731 0.052762799
v -0.0099831003 -0.0292731 0.045018902
v -0.013279898 -0.027348449 0.045254116
v -0.013279898 -0.025738449 0.045254116
v -0.013056375 -0.025738449 0.045347772
v -0.012576048 -0.025738449 0.045439129
v -0.012460285 -0.025738449 0.045646539
v -0.01248201 -0.025738449 0.045966954
v -0.012537 -0.025738449 0.046556301
v -0.012537 -0.027348449 0.046556301
v -0.01248201 -0.027348449 0.045966954
v -0.012460285 -0.027348449 0.045646539
v -0.012576048 -0.027348449 0.045439129
v -0.013056375 -0.027348449 0.045347772
v -0.0099831003 0.0115327 0.052762799
v -0.010004275 0.0115327 0.052810841
v -0.010031542 0.0115327 0.052849646
v -0.010065874 0.0115327 0.052878923
v -0.010108644 0.0115327 0.052899308
v -0.010159301 0.0115327 0.052911201
v -0.010159301 0.00960805 0.052911201
v -0.010109097 0.00960805 0.052899451
v -0.010066663 0.00960805 0.052879429
v -0.010032234 0.00960805 0.052850413
v -0.010004584 0.00960805 0.052811403
v -0.0099831003 0.00960805 0.052762799
v -0.0112432 -0.0026058999 0.052911201
v -0.01157071 -0.0026058999 0.052725511
v -0.011690036 -0.0026058999 0.052615037
v -0.0118677 -0.0026058999 0.052400799
v -0.0118677 -0.0045305499 0.052400799
v -0.011690036 -0.0045305499 0.052615037
v -0.01157071 -0.0045305499 0.052725511
v -0.0112432 -0.0045305499 0.052911201
v -0.0124895 0.027281301 0.072159901
v -0.0124895 0.025671301 0.072159901
v -0.0124895 0.025671301 0.070624099
v -0.0124895 0.027281301 0.070624099
v -0.0099831003 0.02213665 0.052762799
v -0.010004275 0.02213665 0.052810841
v -0.010031542 0.02213665 0.052849646
v -0.010065874 0.02213665 0.052878923
v -0.010108644 0.02213665 0.052899308
v -0.010159301 0.02213665 0.052911201
v -0.010159301 0.020211999 0.052911201
v -0.010109097 0.020211999 0.052899451
v -0.010066663 0.020211999 0.052879429
v -0.010032234 0.020211999 0.052850413
v -0.010004584 0.020211999 0.052811403
v -0.0099831003 0.020211999 0.052762799
v -0.013279898 -0.02027915 0.045254116
v -0.013279898 -0.01866915 0.045254116
v -0.013056375 -0.01866915 0.045347772
v -0.012576048 -0.01866915 0.045439129
v -0.012460285 -0.01866915 0.045646539
v -0.01248201 -0.01866915 0.045966954
v -0.012537 -0.01866915 0.046556301
v -0.012537 -0.02027915 0.046556301
v -0.01248201 -0.02027915 0.045966954
v -0.012460285 -0.02027915 0.045646539
v -0.012576048 -0.02027915 0.045439129
v -0.013056375 -0.02027915 0.045347772
v -0.012537 -0.0151345 0.050143399
v -0.012537 -0.0167445 0.050143399
v -0.012537 -0.0167445 0.046556301
v -0.012537 -0.0151345 0.046556301
v -0.012507082 0.0025387499 0.073872852
v -0.012507082 0.00092874996 0.073872852
v -0.012516537 0.00092874996 0.073522558
v -0.012529178 0.00092874996 0.073051796
v -0.0124895 0.00092874996 0.072159901
v -0.0124895 0.0025387499 0.072159901
v -0.012529178 0.0025387499 0.073051796
v -0.012516537 0.0025387499 0.073522558
v -0.0124895 0.0060733998 0.072159901
v -0.0124895 0.0044633999 0.072159901
v -0.0124895 0.0044633999 0.070624099
v -0.0124895 0.0060733998 0.070624099
v -0.013346953 0.0060733998 0.070406981
v -0.0100994 0.0060733998 0.069446001
v -0.0100015 0.0060733998 0.069539199
v -0.0100087 0.0060733998 0.071480498
v -0.0100087 0.0060733998 0.0716045
v -0.012507082 0.0060733998 0.073872852
v -0.012516537 0.0060733998 0.073522558
v -0.012529178 0.0060733998 0.073051796
v -0.0124895 0.0060733998 0.072159901
v -0.0124895 0.0060733998 0.070624099
v -0.013058031 0.0060733998 0.070489669
v -0.013275433 0.0060733998 0.070470557
v -0.0100015 0.0115327 0.069539199
v -0.0100087 0.0115327 0.071480498
v -0.0100087 0.00960805 0.071480498
v -0.0100015 0.00960805 0.069539199
v -0.0100994 0.0115327 0.069446001
v -0.013346953 0.0115327 0.070406981
v -0.013275433 0.0115327 0.070470557
v -0.013058031 0.0115327 0.070489669
v -0.0124895 0.0115327 0.070624099
v -0.0124895 0.0115327 0.072159901
v -0.012529178 0.0115327 0.073051796
v -0.012516537 0.0115327 0.073522558
v -0.012507082 0.0115327 0.073872852
v -0.0100087 0.0115327 0.0716045
v -0.0100087 0.0115327 0.071480498
v -0.0100015 0.0115327 0.069539199
v -0.0118677 0.0044633999 0.052400799
v -0.0136438 0.0044633999 0.050439801
v -0.0136438 0.0025387499 0.050439801
v -0.0118677 0.0025387499 0.052400799
v -0.0017099179 0.02217165 0.018018194
v -0.0015780129 0.02217165 0.018567621
v -0.0012623653 0.02217165 0.019056196
v -0.00067759603 0.02217165 0.019479625
v -0.00033694662 0.02217165 0.019585383
v 0.00016759999 0.02217165 0.0196112
v 0.00087720916 0.02217165 0.019374551
v 0.0011393947 0.02217165 0.019183298
v 0.0014213887 0.02217165 0.018862392
v 0.001617243 0.02217165 0.018463665
v 0.0017134655 0.02217165 0.018048944
v 0.001600834 0.02217165 0.018055419
v 0.0014591068 0.02217165 0.018031569
v 0.0012983435 0.02217165 0.01801546
v 0.0011228 0.02217165 0.0180231
v -0.0008783 0.02217165 0.0180231
v -0.0013489805 0.02217165 0.018055273
v -0.0015623884 0.02217165 0.018085564
v -0.0100994 -0.027348449 0.069446001
v -0.0100015 -0.027348449 0.069539199
v -0.0100015 -0.0292731 0.069539199
v -0.0100994 -0.0292731 0.069446001
v -0.0100087 -0.023813801 0.071480498
v -0.0100087 -0.023813801 0.0716045
v -0.0100087 -0.025738449 0.0716045
v -0.0100087 -0.025738449 0.071480498
v -0.0124895 -0.022203801 0.072159901
v -0.0124895 -0.023813801 0.072159901
v -0.0124895 -0.023813801 0.070624099
v -0.0124895 -0.022203801 0.070624099
v -0.012507082 -0.022203801 0.073872852
v -0.012507082 -0.023813801 0.073872852
v -0.012516537 -0.023813801 0.073522558
v -0.012529178 -0.023813801 0.073051796
v -0.0124895 -0.023813801 0.072159901
v -0.0124895 -0.022203801 0.072159901
v -0.012529178 -0.022203801 0.073051796
v -0.012516537 -0.022203801 0.073522558
v -0.010146 -0.02027915 0.0443256
v -0.0099759024 -0.02027915 0.04459084
v -0.0099831003 -0.02027915 0.045018902
v -0.0099831003 -0.022203801 0.045018902
v -0.0099753118 -0.022203801 0.04459372
v -0.010146 -0.022203801 0.0443256
v -0.0118677 -0.02027915 0.052400799
v -0.0136438 -0.02027915 0.050439801
v -0.0136438 -0.022203801 0.050439801
v -0.0118677 -0.022203801 0.052400799
v -0.013279898 -0.0151345 0.045254116
v -0.0132595 -0.0151345 0.045248799
v -0.010146 -0.0151345 0.0443256
v -0.0099753118 -0.0151345 0.04459372
v -0.0099831003 -0.0151345 0.045018902
v -0.0099831003 -0.0151345 0.052762799
v -0.010004584 -0.0151345 0.052811403
v -0.010032234 -0.0151345 0.052850413
v -0.010066663 -0.0151345 0.052879429
v -0.010109097 -0.0151345 0.052899451
v -0.010159301 -0.0151345 0.052911201
v -0.0112432 -0.0151345 0.052911201
v -0.01157071 -0.0151345 0.052725511
v -0.011690036 -0.0151345 0.052615037
v -0.0118677 -0.0151345 0.052400799
v -0.0136438 -0.0151345 0.050439801
v -0.013679055 -0.0151345 0.050415187
v -0.013455532 -0.0151345 0.0503441
v -0.01314401 -0.0151345 0.050328312
v -0.012790861 -0.0151345 0.050322933
v -0.012537 -0.0151345 0.050143399
v -0.012537 -0.0151345 0.046556301
v -0.01248201 -0.0151345 0.045966954
v -0.012460285 -0.0151345 0.045646539
v -0.012576048 -0.0151345 0.045439129
v -0.013056375 -0.0151345 0.045347772
v -0.0100015 -0.0167445 0.069539199
v -0.0100087 -0.0167445 0.071480498
v -0.0100087 -0.01866915 0.071480498
v -0.0100015 -0.01866915 0.069539199
v -0.0100994 -0.01320985 0.069446001
v -0.0100015 -0.01320985 0.069539199
v -0.0100015 -0.0151345 0.069539199
v -0.0100994 -0.0151345 0.069446001
v -0.012507082 -0.00099590003 0.073872852
v -0.012507082 -0.0026058999 0.073872852
v -0.012516537 -0.0026058999 0.073522558
v -0.012529178 -0.0026058999 0.073051796
v -0.0124895 -0.0026058999 0.072159901
v -0.0124895 -0.00099590003 0.072159901
v -0.012529178 -0.00099590003 0.073051796
v -0.012516537 -0.00099590003 0.073522558
v -0.0100994 -0.0026058999 0.069446001
v -0.0100015 -0.0026058999 0.069539199
v -0.0100015 -0.0045305499 0.069539199
v -0.0100994 -0.0045305499 0.069446001
v -0.0017099179 -0.0308481 0.018018194
v -0.0015780129 -0.0308481 0.018567621
v -0.0012623653 -0.0308481 0.019056196
v -0.00067759603 -0.0308481 0.019479625
v -0.00033694662 -0.0308481 0.019585383
v 0.00016759999 -0.0308481 0.0196112
v 0.00087720916 -0.0308481 0.019374551
v 0.0011393947 -0.0308481 0.019183298
v 0.0014213887 -0.0308481 0.018862392
v 0.001617243 -0.0308481 0.018463665
v 0.0017134655 -0.0308481 0.018048944
v 0.001600834 -0.0308481 0.018055419
v 0.0014591068 -0.0308481 0.018031569
v 0.0012983435 -0.0308481 0.01801546
v 0.0011228 -0.0308481 0.0180231
v -0.0008783 -0.0308481 0.0180231
v -0.0013489805 -0.0308481 0.018055273
v -0.0015623884 -0.0308481 0.018085564
v 0.010159301 0.0079980499 0.052911201
v 0.010108644 0.0079980499 0.052899308
v 0.010065874 0.0079980499 0.052878923
v 0.010031542 0.0079980499 0.052849646
v 0.010004275 0.0079980499 0.052810841
v 0.0099831003 0.0079980499 0.052762799
v 0.0099831003 0.0060733998 0.052762799
v 0.010004584 0.0060733998 0.052811403
v 0.010032234 0.0060733998 0.052850413
v 0.010066663 0.0060733998 0.052879429
v 0.010109097 0.0060733998 0.052899451
v 0.010159301 0.0060733998 0.052911201
v 0.0099831003 0.0044633999 0.052762799
v 0.0099831003 0.0044633999 0.045018902
v 0.0099831003 0.0025387499 0.045018902
v 0.0099831003 0.0025387499 0.052762799
v 0.013279898 0.0060733998 0.045254116
v 0.013279898 0.0044633999 0.045254116
v 0.013056375 0.0044633999 0.045347772
v 0.012576048 0.0044633999 0.045439129
v 0.012460285 0.0044633999 0.045646539
v 0.01248201 0.0044633999 0.045966954
v 0.012537 0.0044633999 0.046556301
v 0.012537 0.0060733998 0.046556301
v 0.01248201 0.0060733998 0.045966954
v 0.012460285 0.0060733998 0.045646539
v 0.012576048 0.0060733998 0.045439129
v 0.013056375 0.0060733998 0.045347772
v 0.012537 -0.0061405498 0.050143399
v 0.012537 -0.0045305499 0.050143399
v 0.012537 -0.0045305499 0.046556301
v 0.012537 -0.0061405498 0.046556301
v 0.0099831003 -0.0061405498 0.045018902
v 0.0099759024 -0.0061405498 0.04459084
v 0.010146 -0.0061405498 0.0443256
v 0.010146 -0.0080651999 0.0443256
v 0.0099753118 -0.0080651999 0.04459372
v 0.0099831003 -0.0080651999 0.045018902
v 0.0112432 -0.027348449 0.052911201
v 0.010159301 -0.027348449 0.052911201
v 0.010159301 -0.0292731 0.052911201
v 0.0112432 -0.0292731 0.052911201
v 0.0099831003 -0.023813801 0.052762799
v 0.0099831003 -0.023813801 0.045018902
v 0.0099831003 -0.025738449 0.045018902
v 0.0099831003 -0.025738449 0.052762799
v 0.0136438 -0.023813801 0.050439801
v 0.0118677 -0.023813801 0.052400799
v 0.0118677 -0.025738449 0.052400799
v 0.0136438 -0.025738449 0.050439801
v 0.010146 -0.01320985 0.0443256
v 0.0132595 -0.01320985 0.045248799
v 0.0132595 -0.0151345 0.045248799
v 0.010146 -0.0151345 0.0443256
v 0.0112432 -0.01320985 0.052911201
v 0.010159301 -0.01320985 0.052911201
v 0.010159301 -0.0151345 0.052911201
v 0.0112432 -0.0151345 0.052911201
v 0.0132595 -0.011599849 0.045248799
v 0.013279898 -0.011599849 0.045254116
v 0.013056375 -0.011599849 0.045347772
v 0.012576048 -0.011599849 0.045439129
v 0.012460285 -0.011599849 0.045646539
v 0.01248201 -0.011599849 0.045966954
v 0.012537 -0.011599849 0.046556301
v 0.012537 -0.011599849 0.050143399
v 0.012790861 -0.011599849 0.050322933
v 0.01314401 -0.011599849 0.050328312
v 0.013455532 -0.011599849 0.0503441
v 0.013679055 -0.011599849 0.050415187
v 0.0136438 -0.011599849 0.050439801
v 0.0118677 -0.011599849 0.052400799
v 0.011690036 -0.011599849 0.052615037
v 0.01157071 -0.011599849 0.052725511
v 0.0112432 -0.011599849 0.052911201
v 0.010159301 -0.011599849 0.052911201
v 0.010109097 -0.011599849 0.052899451
v 0.010066663 -0.011599849 0.052879429
v 0.010032234 -0.011599849 0.052850413
v 0.010004584 -0.011599849 0.052811403
v 0.0099831003 -0.011599849 0.052762799
v 0.0099831003 -0.011599849 0.045018902
v 0.0099753118 -0.011599849 0.04459372
v 0.010146 -0.011599849 0.0443256
v 0.0100087 -0.0061405498 0.0716045
v 0.0100087 -0.0061405498 0.071480498
v 0.0100087 -0.0080651999 0.071480498
v 0.0100087 -0.0080651999 0.0716045
v 0.0124895 -0.0061405498 0.072159901
v 0.0124895 -0.0045305499 0.072159901
v 0.0124895 -0.0045305499 0.070624099
v 0.0124895 -0.0061405498 0.070624099
v 0.012507082 -0.0061405498 0.073872852
v 0.012507082 -0.0045305499 0.073872852
v 0.012516537 -0.0045305499 0.073522558
v 0.012529178 -0.0045305499 0.073051796
v 0.0124895 -0.0045305499 0.072159901
v 0.0124895 -0.0061405498 0.072159901
v 0.012529178 -0.0061405498 0.073051796
v 0.012516537 -0.0061405498 0.073522558
v 0.0100015 -0.0096752 0.069539199
v 0.0100994 -0.0096752 0.069446001
v 0.0100994 -0.011599849 0.069446001
v 0.0100015 -0.011599849 0.069539199
v 0.010159301 -0.027348449 0.052911201
v 0.010108644 -0.027348449 0.052899308
v 0.010065874 -0.027348449 0.052878923
v 0.010031542 -0.027348449 0.052849646
v 0.010004275 -0.027348449 0.052810841
v 0.0099831003 -0.027348449 0.052762799
v 0.0099831003 -0.0292731 0.052762799
v 0.010004584 -0.0292731 0.052811403
v 0.010032234 -0.0292731 0.052850413
v 0.010066663 -0.0292731 0.052879429
v 0.010109097 -0.0292731 0.052899451
v 0.010159301 -0.0292731 0.052911201
v 0.0132595 -0.025738449 0.045248799
v 0.013279898 -0.025738449 0.045254116
v 0.013056375 -0.025738449 0.045347772
v 0.012576048 -0.025738449 0.045439129
v 0.012460285 -0.025738449 0.045646539
v 0.01248201 -0.025738449 0.045966954
v 0.012537 -0.025738449 0.046556301
v 0.012537 -0.025738449 0.050143399
v 0.012790861 -0.025738449 0.050322933
v 0.01314401 -0.025738449 0.050328312
v 0.013455532 -0.025738449 0.0503441
v 0.013679055 -0.025738449 0.050415187
v 0.0136438 -0.025738449 0.050439801
v 0.0118677 -0.025738449 0.052400799
v 0.011690036 -0.025738449 0.052615037
v 0.01157071 -0.025738449 0.052725511
v 0.0112432 -0.025738449 0.052911201
v 0.010159301 -0.025738449 0.052911201
v 0.010109097 -0.025738449 0.052899451
v 0.010066663 -0.025738449 0.052879429
v 0.010032234 -0.025738449 0.052850413
v 0.010004584 -0.025738449 0.052811403
v 0.0099831003 -0.025738449 0.052762799
v 0.0099831003 -0.025738449 0.045018902
v 0.0099753118 -0.025738449 0.04459372
v 0.010146 -0.025738449 0.0443256
v -0.0099831003 -0.027348449 0.052762799
v -0.010004275 -0.027348449 0.052810841
v -0.010031542 -0.027348449 0.052849646
v -0.010065874 -0.027348449 0.052878923
v -0.010108644 -0.027348449 0.052899308
v -0.010159301 -0.027348449 0.052911201
v -0.010159301 -0.0292731 0.052911201
v -0.010109097 -0.0292731 0.052899451
v -0.010066663 -0.0292731 0.052879429
v -0.010032234 -0.0292731 0.052850413
v -0.010004584 -0.0292731 0.052811403
v -0.0099831003 -0.0292731 0.052762799
v -0.0118677 -0.023813801 0.052400799
v -0.0136438 -0.023813801 0.050439801
v -0.0136438 -0.025738449 0.050439801
v -0.0118677 -0.025738449 0.052400799
v -0.010146 -0.027348449 0.0443256
v -0.0099759024 -0.027348449 0.04459084
v -0.0099831003 -0.027348449 0.045018902
v -0.0099831003 -0.0292731 0.045018902
v -0.0099753118 -0.0292731 0.04459372
v -0.010146 -0.0292731 0.0443256
v -0.0099831003 0.0115327 0.045018902
v -0.0099831003 0.0115327 0.052762799
v -0.0099831003 0.00960805 0.052762799
v -0.0099831003 0.00960805 0.045018902
v -0.013679055 0.0131427 0.050415187
v -0.013679055 0.0115327 0.050415187
v -0.013455532 0.0115327 0.0503441
v -0.01314401 0.0115327 0.050328312
v -0.012790861 0.0115327 0.050322933
v -0.012537 0.0115327 0.050143399
v -0.012537 0.0131427 0.050143399
v -0.012790861 0.0131427 0.050322933
v -0.01314401 0.0131427 0.050328312
v -0.013455532 0.0131427 0.0503441
v -0.0099831003 0.02213665 0.045018902
v -0.0099831003 0.02213665 0.052762799
v -0.0099831003 0.020211999 0.052762799
v -0.0099831003 0.020211999 0.045018902
v -0.010159301 -0.0026058999 0.052911201
v -0.0112432 -0.0026058999 0.052911201
v -0.0112432 -0.0045305499 0.052911201
v -0.010159301 -0.0045305499 0.052911201
v -0.0100087 0.025671301 0.071480498
v -0.0100087 0.025671301 0.0716045
v -0.0100087 0.02374665 0.0716045
v -0.0100087 0.02374665 0.071480498
v -0.012507082 0.027281301 0.073872852
v -0.012507082 0.025671301 0.073872852
v -0.012516537 0.025671301 0.073522558
v -0.012529178 0.025671301 0.073051796
v -0.0124895 0.025671301 0.072159901
v -0.0124895 0.027281301 0.072159901
v -0.012529178 0.027281301 0.073051796
v -0.012516537 0.027281301 0.073522558
v -0.010159301 0.02213665 0.052911201
v -0.0112432 0.02213665 0.052911201
v -0.0112432 0.020211999 0.052911201
v -0.010159301 0.020211999 0.052911201
v -0.009996503 -0.0167445 0.052795639
v -0.009996503 -0.01866915 0.052795639
v -0.0099831003 -0.01866915 0.052762799
v -0.0099831003 -0.0167445 0.052762799
v -0.0101869 -0.0167445 0.0527597
v -0.010140328 -0.0167445 0.052750783
v -0.010087509 -0.0167445 0.052750726
v -0.010037535 -0.0167445 0.052766175
v -0.009996503 -0.0167445 0.052795639
v -0.0099831003 -0.0167445 0.052762799
v -0.0099831003 -0.0167445 0.045018902
v -0.0099759024 -0.0167445 0.04459084
v -0.010146 -0.0167445 0.0443256
v -0.0132595 -0.0167445 0.045248799
v -0.013279898 -0.0167445 0.045254116
v -0.013056375 -0.0167445 0.045347772
v -0.012576048 -0.0167445 0.045439129
v -0.012460285 -0.0167445 0.045646539
v -0.01248201 -0.0167445 0.045966954
v -0.012537 -0.0167445 0.046556301
v -0.012537 -0.0167445 0.050143399
v -0.012730563 -0.0167445 0.050304651
v -0.013000251 -0.0167445 0.050337563
v -0.013506233 -0.0167445 0.050361061
v -0.011427799 -0.0167445 0.052648401
v -0.01122 -0.0167445 0.0527597
v -0.0100087 0.0044633999 0.071480498
v -0.0100087 0.0044633999 0.0716045
v -0.0100087 0.0025387499 0.0716045
v -0.0100087 0.0025387499 0.071480498
v -0.012507082 0.0060733998 0.073872852
v -0.012507082 0.0044633999 0.073872852
v -0.012516537 0.0044633999 0.073522558
v -0.012529178 0.0044633999 0.073051796
v -0.0124895 0.0044633999 0.072159901
v -0.0124895 0.0060733998 0.072159901
v -0.012529178 0.0060733998 0.073051796
v -0.012516537 0.0060733998 0.073522558
v -0.013346953 0.0044633999 0.070406981
v -0.013346953 0.0060733998 0.070406981
v -0.013275433 0.0060733998 0.070470557
v -0.013058031 0.0060733998 0.070489669
v -0.0124895 0.0060733998 0.070624099
v -0.0124895 0.0044633999 0.070624099
v -0.013058031 0.0044633999 0.070489669
v -0.013275433 0.0044633999 0.070470557
v -0.0100087 0.01506735 0.071480498
v -0.0100087 0.01506735 0.0716045
v -0.0100087 0.0131427 0.0716045
v -0.0100087 0.0131427 0.071480498
v -0.0100994 0.0115327 0.069446001
v -0.0100015 0.0115327 0.069539199
v -0.0100015 0.00960805 0.069539199
v -0.0100994 0.00960805 0.069446001
v -0.013346953 0.0115327 0.070406981
v -0.013346953 0.0131427 0.070406981
v -0.013275433 0.0131427 0.070470557
v -0.013058031 0.0131427 0.070489669
v -0.0124895 0.0131427 0.070624099
v -0.0124895 0.0115327 0.070624099
v -0.013058031 0.0115327 0.070489669
v -0.013275433 0.0115327 0.070470557
v 0.0017134655 0.02217165 0.018048944
v 0.0017134655 0.02371165 0.018048944
v 0.001600834 0.02371165 0.018055419
v 0.0014591068 0.02371165 0.018031569
v 0.0012983435 0.02371165 0.01801546
v 0.0011228 0.02371165 0.0180231
v 0.0011228 0.02217165 0.0180231
v 0.0012983435 0.02217165 0.01801546
v 0.0014591068 0.02217165 0.018031569
v 0.001600834 0.02217165 0.018055419
v -0.0124895 -0.0292731 0.072159901
v -0.0124895 -0.0308831 0.072159901
v -0.0124895 -0.0308831 0.070624099
v -0.0124895 -0.0292731 0.070624099
v -0.013346953 -0.0292731 0.070406981
v -0.0100994 -0.0292731 0.069446001
v -0.0100015 -0.0292731 0.069539199
v -0.0100087 -0.0292731 0.071480498
v -0.0100087 -0.0292731 0.0716045
v -0.012507082 -0.0292731 0.073872852
v -0.012516537 -0.0292731 0.073522558
v -0.012529178 -0.0292731 0.073051796
v -0.0124895 -0.0292731 0.072159901
v -0.0124895 -0.0292731 0.070624099
v -0.013058031 -0.0292731 0.070489669
v -0.013275433 -0.0292731 0.070470557
v -0.0100015 -0.023813801 0.069539199
v -0.0100087 -0.023813801 0.071480498
v -0.0100087 -0.025738449 0.071480498
v -0.0100015 -0.025738449 0.069539199
v -0.0100994 -0.023813801 0.069446001
v -0.013346953 -0.023813801 0.070406981
v -0.013275433 -0.023813801 0.070470557
v -0.013058031 -0.023813801 0.070489669
v -0.0124895 -0.023813801 0.070624099
v -0.0124895 -0.023813801 0.072159901
v -0.012529178 -0.023813801 0.073051796
v -0.012516537 -0.023813801 0.073522558
v -0.012507082 -0.023813801 0.073872852
v -0.0100087 -0.023813801 0.0716045
v -0.0100087 -0.023813801 0.071480498
v -0.0100015 -0.023813801 0.069539199
v -0.0132595 -0.02027915 0.045248799
v -0.010146 -0.02027915 0.0443256
v -0.010146 -0.022203801 0.0443256
v -0.0132595 -0.022203801 0.045248799
v -0.012537 -0.01866915 0.050143399
v -0.012537 -0.02027915 0.050143399
v -0.012537 -0.02027915 0.046556301
v -0.012537 -0.01866915 0.046556301
v -0.010024558 -0.0167445 0.06951725
v -0.0100936 -0.0167445 0.069606099
v -0.01308709 -0.0167445 0.070487943
v -0.01289251 -0.0167445 0.070505438
v -0.012689248 -0.0167445 0.070548701
v -0.0124895 -0.0167445 0.070624099
v -0.0124895 -0.0167445 0.072159901
v -0.012529178 -0.0167445 0.073051796
v -0.012516537 -0.0167445 0.073522558
v -0.012507082 -0.0167445 0.073872852
v -0.0100087 -0.0167445 0.0716045
v -0.0100087 -0.0167445 0.071480498
v -0.0100015 -0.0167445 0.069539199
v -0.013346953 -0.0151345 0.070406981
v -0.0100994 -0.0151345 0.069446001
v -0.0100015 -0.0151345 0.069539199
v -0.0100087 -0.0151345 0.071480498
v -0.0100087 -0.0151345 0.0716045
v -0.012507082 -0.0151345 0.073872852
v -0.012516537 -0.0151345 0.073522558
v -0.012529178 -0.0151345 0.073051796
v -0.0124895 -0.0151345 0.072159901
v -0.0124895 -0.0151345 0.070624099
v -0.013058031 -0.0151345 0.070489669
v -0.013275433 -0.0151345 0.070470557
v -0.0100994 -0.0026058999 0.069446001
v -0.013346953 -0.0026058999 0.070406981
v -0.013275433 -0.0026058999 0.070470557
v -0.013058031 -0.0026058999 0.070489669
v -0.0124895 -0.0026058999 0.070624099
v -0.0124895 -0.0026058999 0.072159901
v -0.012529178 -0.0026058999 0.073051796
v -0.012516537 -0.0026058999 0.073522558
v -0.012507082 -0.0026058999 0.073872852
v -0.0100087 -0.0026058999 0.0716045
v -0.0100087 -0.0026058999 0.071480498
v -0.0100015 -0.0026058999 0.069539199
v 0.0099831003 0.0079980499 0.052762799
v 0.0099831003 0.0079980499 0.045018902
v 0.0099831003 0.0060733998 0.045018902
v 0.0099831003 0.0060733998 0.052762799
v 0.0124895 0.0079980499 0.072159901
v 0.0124895 0.00960805 0.072159901
v 0.0124895 0.00960805 0.070624099
v 0.0124895 0.0079980499 0.070624099
v 0.0099831003 0.0044633999 0.045018902
v 0.0099759024 0.0044633999 0.04459084
v 0.010146 0.0044633999 0.0443256
v 0.010146 0.0025387499 0.0443256
v 0.0099753118 0.0025387499 0.04459372
v 0.0099831003 0.0025387499 0.045018902
v 0.010159301 0.0044633999 0.052911201
v 0.010108644 0.0044633999 0.052899308
v 0.010065874 0.0044633999 0.052878923
v 0.010031542 0.0044633999 0.052849646
v 0.010004275 0.0044633999 0.052810841
v 0.0099831003 0.0044633999 0.052762799
v 0.0099831003 0.0025387499 0.052762799
v 0.010004584 0.0025387499 0.052811403
v 0.010032234 0.0025387499 0.052850413
v 0.010066663 0.0025387499 0.052879429
v 0.010109097 0.0025387499 0.052899451
v 0.010159301 0.0025387499 0.052911201
v 0.0136438 0.0079980499 0.050439801
v 0.0118677 0.0079980499 0.052400799
v 0.0118677 0.0060733998 0.052400799
v 0.0136438 0.0060733998 0.050439801
v 0.013279898 -0.0061405498 0.045254116
v 0.0132595 -0.0061405498 0.045248799
v 0.010146 -0.0061405498 0.0443256
v 0.0099759024 -0.0061405498 0.04459084
v 0.0099831003 -0.0061405498 0.045018902
v 0.0099831003 -0.0061405498 0.052762799
v 0.010004275 -0.0061405498 0.052810841
v 0.010031542 -0.0061405498 0.052849646
v 0.010065874 -0.0061405498 0.052878923
v 0.010108644 -0.0061405498 0.052899308
v 0.010159301 -0.0061405498 0.052911201
v 0.0112432 -0.0061405498 0.052911201
v 0.01157071 -0.0061405498 0.052725511
v 0.011690036 -0.0061405498 0.052615037
v 0.0118677 -0.0061405498 0.052400799
v 0.0136438 -0.0061405498 0.050439801
v 0.013679055 -0.0061405498 0.050415187
v 0.013455532 -0.0061405498 0.0503441
v 0.01314401 -0.0061405498 0.050328312
v 0.012790861 -0.0061405498 0.050322933
v 0.012537 -0.0061405498 0.050143399
v 0.012537 -0.0061405498 0.046556301
v 0.01248201 -0.0061405498 0.045966954
v 0.012460285 -0.0061405498 0.045646539
v 0.012576048 -0.0061405498 0.045439129
v 0.013056375 -0.0061405498 0.045347772
v 0.010146 -0.0061405498 0.0443256
v 0.0132595 -0.0061405498 0.045248799
v 0.0132595 -0.0080651999 0.045248799
v 0.010146 -0.0080651999 0.0443256
v 0.013679055 -0.0061405498 0.050415187
v 0.013679055 -0.0045305499 0.050415187
v 0.013455532 -0.0045305499 0.0503441
v 0.01314401 -0.0045305499 0.050328312
v 0.012790861 -0.0045305499 0.050322933
v 0.012537 -0.0045305499 0.050143399
v 0.012537 -0.0061405498 0.050143399
v 0.012790861 -0.0061405498 0.050322933
v 0.01314401 -0.0061405498 0.050328312
v 0.013455532 -0.0061405498 0.0503441
v 0.0118677 -0.0026058999 0.052400799
v 0.011690036 -0.0026058999 0.052615037
v 0.01157071 -0.0026058999 0.052725511
v 0.0112432 -0.0026058999 0.052911201
v 0.0112432 -0.0045305499 0.052911201
v 0.01157071 -0.0045305499 0.052725511
v 0.011690036 -0.0045305499 0.052615037
v 0.0118677 -0.0045305499 0.052400799
v 0.0118677 -0.027348449 0.052400799
v 0.011690036 -0.027348449 0.052615037
v 0.01157071 -0.027348449 0.052725511
v 0.0112432 -0.027348449 0.052911201
v 0.0112432 -0.0292731 0.052911201
v 0.01157071 -0.0292731 0.052725511
v 0.011690036 -0.0292731 0.052615037
v 0.0118677 -0.0292731 0.052400799
v 0.013679055 -0.027348449 0.050415187
v 0.013679055 -0.025738449 0.050415187
v 0.013455532 -0.025738449 0.0503441
v 0.01314401 -0.025738449 0.050328312
v 0.012790861 -0.025738449 0.050322933
v 0.012537 -0.025738449 0.050143399
v 0.012537 -0.027348449 0.050143399
v 0.012790861 -0.027348449 0.050322933
v 0.01314401 -0.027348449 0.050328312
v 0.013455532 -0.027348449 0.0503441
v 0.0124895 -0.027348449 0.072159901
v 0.0124895 -0.025738449 0.072159901
v 0.0124895 -0.025738449 0.070624099
v 0.0124895 -0.027348449 0.070624099
v 0.012537 -0.023813801 0.050143399
v 0.012537 -0.022203801 0.050143399
v 0.012537 -0.022203801 0.046556301
v 0.012537 -0.023813801 0.046556301
v 0.0099831003 -0.023813801 0.045018902
v 0.0099759024 -0.023813801 0.04459084
v 0.010146 -0.023813801 0.0443256
v 0.010146 -0.025738449 0.0443256
v 0.0099753118 -0.025738449 0.04459372
v 0.0099831003 -0.025738449 0.045018902
v 0.0118677 -0.01320985 0.052400799
v 0.011690036 -0.01320985 0.052615037
v 0.01157071 -0.01320985 0.052725511
v 0.0112432 -0.01320985 0.052911201
v 0.0112432 -0.0151345 0.052911201
v 0.01157071 -0.0151345 0.052725511
v 0.011690036 -0.0151345 0.052615037
v 0.0118677 -0.0151345 0.052400799
v 0.012537 -0.01320985 0.050143399
v 0.012537 -0.011599849 0.050143399
v 0.012537 -0.011599849 0.046556301
v 0.012537 -0.01320985 0.046556301
v 0.013679055 -0.01320985 0.050415187
v 0.013679055 -0.011599849 0.050415187
v 0.013455532 -0.011599849 0.0503441
v 0.01314401 -0.011599849 0.050328312
v 0.012790861 -0.011599849 0.050322933
v 0.012537 -0.011599849 0.050143399
v 0.012537 -0.01320985 0.050143399
v 0.012790861 -0.01320985 0.050322933
v 0.01314401 -0.01320985 0.050328312
v 0.013455532 -0.01320985 0.0503441
v 0.0100087 -0.0061405498 0.071480498
v 0.0100015 -0.0061405498 0.069539199
v 0.0100015 -0.0080651999 0.069539199
v 0.0100087 -0.0080651999 0.071480498
v 0.013346953 -0.0061405498 0.070406981
v 0.0100994 -0.0061405498 0.069446001
v 0.0100015 -0.0061405498 0.069539199
v 0.0100087 -0.0061405498 0.071480498
v 0.0100087 -0.0061405498 0.0716045
v 0.012507082 -0.0061405498 0.073872852
v 0.012516537 -0.0061405498 0.073522558
v 0.012529178 -0.0061405498 0.073051796
v 0.0124895 -0.0061405498 0.072159901
v 0.0124895 -0.0061405498 0.070624099
v 0.013058031 -0.0061405498 0.070489669
v 0.013275433 -0.0061405498 0.070470557
v 0.0124895 -0.01320985 0.072159901
v 0.0124895 -0.011599849 0.072159901
v 0.0124895 -0.011599849 0.070624099
v 0.0124895 -0.01320985 0.070624099
v 0.0100994 -0.011599849 0.069446001
v 0.013346953 -0.011599849 0.070406981
v 0.013275433 -0.011599849 0.070470557
v 0.013058031 -0.011599849 0.070489669
v 0.0124895 -0.011599849 0.070624099
v 0.0124895 -0.011599849 0.072159901
v 0.012529178 -0.011599849 0.073051796
v 0.012516537 -0.011599849 0.073522558
v 0.012507082 -0.011599849 0.073872852
v 0.0100087 -0.011599849 0.0716045
v 0.0100087 -0.011599849 0.071480498
v 0.0100015 -0.011599849 0.069539199
v 0.0099831003 -0.027348449 0.052762799
v 0.0099831003 -0.027348449 0.045018902
v 0.0099831003 -0.0292731 0.045018902
v 0.0099831003 -0.0292731 0.052762799
v 0.012537 -0.027348449 0.050143399
v 0.012537 -0.025738449 0.050143399
v 0.012537 -0.025738449 0.046556301
v 0.012537 -0.027348449 0.046556301
v 0.013279898 -0.025738449 0.045254116
v 0.013279898 -0.027348449 0.045254116
v 0.013056375 -0.027348449 0.045347772
v 0.012576048 -0.027348449 0.045439129
v 0.012460285 -0.027348449 0.045646539
v 0.01248201 -0.027348449 0.045966954
v 0.012537 -0.027348449 0.046556301
v 0.012537 -0.025738449 0.046556301
v 0.01248201 -0.025738449 0.045966954
v 0.012460285 -0.025738449 0.045646539
v 0.012576048 -0.025738449 0.045439129
v 0.013056375 -0.025738449 0.045347772
v -0.010159301 -0.027348449 0.052911201
v -0.0112432 -0.027348449 0.052911201
v -0.0112432 -0.0292731 0.052911201
v -0.010159301 -0.0292731 0.052911201
v -0.013279898 -0.025738449 0.045254116
v -0.0132595 -0.025738449 0.045248799
v -0.010146 -0.025738449 0.0443256
v -0.0099753118 -0.025738449 0.04459372
v -0.0099831003 -0.025738449 0.045018902
v -0.0099831003 -0.025738449 0.052762799
v -0.010004584 -0.025738449 0.052811403
v -0.010032234 -0.025738449 0.052850413
v -0.010066663 -0.025738449 0.052879429
v -0.010109097 -0.025738449 0.052899451
v -0.010159301 -0.025738449 0.052911201
v -0.0112432 -0.025738449 0.052911201
v -0.01157071 -0.025738449 0.052725511
v -0.011690036 -0.025738449 0.052615037
v -0.0118677 -0.025738449 0.052400799
v -0.0136438 -0.025738449 0.050439801
v -0.013679055 -0.025738449 0.050415187
v -0.013455532 -0.025738449 0.0503441
v -0.01314401 -0.025738449 0.050328312
v -0.012790861 -0.025738449 0.050322933
v -0.012537 -0.025738449 0.050143399
v -0.012537 -0.025738449 0.046556301
v -0.01248201 -0.025738449 0.045966954
v -0.012460285 -0.025738449 0.045646539
v -0.012576048 -0.025738449 0.045439129
v -0.013056375 -0.025738449 0.045347772
v -0.0132595 -0.027348449 0.045248799
v -0.010146 -0.027348449 0.0443256
v -0.010146 -0.0292731 0.0443256
v -0.0132595 -0.0292731 0.045248799
v -0.012507082 -0.032807751 0.073872852
v -0.012507082 -0.034417751 0.073872852
v -0.012516537 -0.034417751 0.073522558
v -0.012529178 -0.034417751 0.073051796
v -0.0124895 -0.034417751 0.072159901
v -0.0124895 -0.032807751 0.072159901
v -0.012529178 -0.032807751 0.073051796
v -0.012516537 -0.032807751 0.073522558
v -0.010146 0.0115327 0.0443256
v -0.0099759024 0.0115327 0.04459084
v -0.0099831003 0.0115327 0.045018902
v -0.0099831003 0.00960805 0.045018902
v -0.0099753118 0.00960805 0.04459372
v -0.010146 0.00960805 0.0443256
v -0.012537 0.0131427 0.050143399
v -0.012537 0.0115327 0.050143399
v -0.012537 0.0115327 0.046556301
v -0.012537 0.0131427 0.046556301
v -0.010146 0.02213665 0.0443256
v -0.0099759024 0.02213665 0.04459084
v -0.0099831003 0.02213665 0.045018902
v -0.0099831003 0.020211999 0.045018902
v -0.0099753118 0.020211999 0.04459372
v -0.010146 0.020211999 0.0443256
v -0.0099831003 -0.0026058999 0.052762799
v -0.010004275 -0.0026058999 0.052810841
v -0.010031542 -0.0026058999 0.052849646
v -0.010065874 -0.0026058999 0.052878923
v -0.010108644 -0.0026058999 0.052899308
v -0.010159301 -0.0026058999 0.052911201
v -0.010159301 -0.0045305499 0.052911201
v -0.010109097 -0.0045305499 0.052899451
v -0.010066663 -0.0045305499 0.052879429
v -0.010032234 -0.0045305499 0.052850413
v -0.010004584 -0.0045305499 0.052811403
v -0.0099831003 -0.0045305499 0.052762799
v -0.010146 0.00092874996 0.0443256
v -0.0099759024 0.00092874996 0.04459084
v -0.0099831003 0.00092874996 0.045018902
v -0.0099831003 -0.00099590003 0.045018902
v -0.0099753118 -0.00099590003 0.04459372
v -0.010146 -0.00099590003 0.0443256
v -0.012537 -0.00099590003 0.050143399
v -0.012537 -0.0026058999 0.050143399
v -0.012537 -0.0026058999 0.046556301
v -0.012537 -0.00099590003 0.046556301
v -0.0132595 0.00092874996 0.045248799
v -0.010146 0.00092874996 0.0443256
v -0.010146 -0.00099590003 0.0443256
v -0.0132595 -0.00099590003 0.045248799
v -0.0100015 0.025671301 0.069539199
v -0.0100087 0.025671301 0.071480498
v -0.0100087 0.02374665 0.071480498
v -0.0100015 0.02374665 0.069539199
v -0.0100994 0.025671301 0.069446001
v -0.013346953 0.025671301 0.070406981
v -0.013275433 0.025671301 0.070470557
v -0.013058031 0.025671301 0.070489669
v -0.0124895 0.025671301 0.070624099
v -0.0124895 0.025671301 0.072159901
v -0.012529178 0.025671301 0.073051796
v -0.012516537 0.025671301 0.073522558
v -0.012507082 0.025671301 0.073872852
v -0.0100087 0.025671301 0.0716045
v -0.0100087 0.025671301 0.071480498
v -0.0100015 0.025671301 0.069539199
v -0.013346953 0.025671301 0.070406981
v -0.013346953 0.027281301 0.070406981
v -0.013275433 0.027281301 0.070470557
v -0.013058031 0.027281301 0.070489669
v -0.0124895 0.027281301 0.070624099
v -0.0124895 0.025671301 0.070624099
v -0.013058031 0.025671301 0.070489669
v -0.013275433 0.025671301 0.070470557
v -0.013346953 0.027281301 0.070406981
v -0.0100994 0.027281301 0.069446001
v -0.0100015 0.027281301 0.069539199
v -0.0100087 0.027281301 0.071480498
v -0.0100087 0.027281301 0.0716045
v -0.012507082 0.027281301 0.073872852
v -0.012516537 0.027281301 0.073522558
v -0.012529178 0.027281301 0.073051796
v -0.0124895 0.027281301 0.072159901
v -0.0124895 0.027281301 0.070624099
v -0.013058031 0.027281301 0.070489669
v -0.013275433 0.027281301 0.070470557
v -0.0112432 0.02213665 0.052911201
v -0.01157071 0.02213665 0.052725511
v -0.011690036 0.02213665 0.052615037
v -0.0118677 0.02213665 0.052400799
v -0.0118677 0.020211999 0.052400799
v -0.011690036 0.020211999 0.052615037
v -0.01157071 0.020211999 0.052725511
v -0.0112432 0.020211999 0.052911201
v -0.012537 0.02374665 0.050143399
v -0.012537 0.02213665 0.050143399
v -0.012537 0.02213665 0.046556301
v -0.012537 0.02374665 0.046556301
v -0.0124895 0.0025387499 0.072159901
v -0.0124895 0.00092874996 0.072159901
v -0.0124895 0.00092874996 0.070624099
v -0.0124895 0.0025387499 0.070624099
v -0.0100087 0.00092874996 0.071480498
v -0.0100087 0.00092874996 0.0716045
v -0.0100087 -0.00099590003 0.0716045
v -0.0100087 -0.00099590003 0.071480498
v -0.0100015 0.0044633999 0.069539199
v -0.0100087 0.0044633999 0.071480498
v -0.0100087 0.0025387499 0.071480498
v -0.0100015 0.0025387499 0.069539199
v -0.0100994 0.0044633999 0.069446001
v -0.013346953 0.0044633999 0.070406981
v -0.013275433 0.0044633999 0.070470557
v -0.013058031 0.0044633999 0.070489669
v -0.0124895 0.0044633999 0.070624099
v -0.0124895 0.0044633999 0.072159901
v -0.012529178 0.0044633999 0.073051796
v -0.012516537 0.0044633999 0.073522558
v -0.012507082 0.0044633999 0.073872852
v -0.0100087 0.0044633999 0.0716045
v -0.0100087 0.0044633999 0.071480498
v -0.0100015 0.0044633999 0.069539199
v -0.0100015 0.01506735 0.069539199
v -0.0100087 0.01506735 0.071480498
v -0.0100087 0.0131427 0.071480498
v -0.0100015 0.0131427 0.069539199
v -0.013346953 0.0131427 0.070406981
v -0.0100994 0.0131427 0.069446001
v -0.0100015 0.0131427 0.069539199
v -0.0100087 0.0131427 0.071480498
v -0.0100087 0.0131427 0.0716045
v -0.012507082 0.0131427 0.073872852
v -0.012516537 0.0131427 0.073522558
v -0.012529178 0.0131427 0.073051796
v -0.0124895 0.0131427 0.072159901
v -0.0124895 0.0131427 0.070624099
v -0.013058031 0.0131427 0.070489669
v -0.013275433 0.0131427 0.070470557
v -0.010024558 0.00092874996 0.06951725
v -0.0100936 0.00092874996 0.069606099
v -0.01308709 0.00092874996 0.070487943
v -0.01289251 0.00092874996 0.070505438
v -0.012689248 0.00092874996 0.070548701
v -0.0124895 0.00092874996 0.070624099
v -0.0124895 0.00092874996 0.072159901
v -0.012529178 0.00092874996 0.073051796
v -0.012516537 0.00092874996 0.073522558
v -0.012507082 0.00092874996 0.073872852
v -0.0100087 0.00092874996 0.0716045
v -0.0100087 0.00092874996 0.071480498
v -0.0100015 0.00092874996 0.069539199
v -0.010024558 -0.00099590003 0.06951725
v -0.0100936 -0.00099590003 0.069606099
v -0.0100936 -0.00099849999 0.069606099
v -0.0099751002 -0.00099849999 0.069453602
v -0.0099751002 0.00093149997 0.069453602
v -0.0100936 0.00093149997 0.069606099
v -0.0100936 0.00092874996 0.069606099
v -0.010024558 0.00092874996 0.06951725
v 0.00016759999 0.02371165 0.0196112
v -0.00040560942 0.02371165 0.019570636
v -0.00078882322 0.02371165 0.019425513
v -0.0012416627 0.02371165 0.019078451
v -0.0015484141 0.02371165 0.018635591
v -0.0017099179 0.02371165 0.018018194
v -0.0015623884 0.02371165 0.018085564
v -0.0013489805 0.02371165 0.018055273
v -0.0008783 0.02371165 0.0180231
v 0.0011228 0.02371165 0.0180231
v 0.0012983435 0.02371165 0.01801546
v 0.0014591068 0.02371165 0.018031569
v 0.001600834 0.02371165 0.018055419
v 0.0017134655 0.02371165 0.018048944
v 0.0014943719 0.02371165 0.018742309
v 0.0010458807 0.02371165 0.019259725
v 0.0006170452 0.02371165 0.019503553
v -0.0100087 -0.0308831 0.071480498
v -0.0100087 -0.0308831 0.0716045
v -0.0100087 -0.032807751 0.0716045
v -0.0100087 -0.032807751 0.071480498
v -0.012507082 -0.0292731 0.073872852
v -0.012507082 -0.0308831 0.073872852
v -0.012516537 -0.0308831 0.073522558
v -0.012529178 -0.0308831 0.073051796
v -0.0124895 -0.0308831 0.072159901
v -0.0124895 -0.0292731 0.072159901
v -0.012529178 -0.0292731 0.073051796
v -0.012516537 -0.0292731 0.073522558
v -0.013346953 -0.0308831 0.070406981
v -0.013346953 -0.0292731 0.070406981
v -0.013275433 -0.0292731 0.070470557
v -0.013058031 -0.0292731 0.070489669
v -0.0124895 -0.0292731 0.070624099
v -0.0124895 -0.0308831 0.070624099
v -0.013058031 -0.0308831 0.070489669
v -0.013275433 -0.0308831 0.070470557
v -0.0100087 -0.02027915 0.071480498
v -0.0100087 -0.02027915 0.0716045
v -0.0100087 -0.022203801 0.0716045
v -0.0100087 -0.022203801 0.071480498
v -0.0100994 -0.023813801 0.069446001
v -0.0100015 -0.023813801 0.069539199
v -0.0100015 -0.025738449 0.069539199
v -0.0100994 -0.025738449 0.069446001
v -0.013346953 -0.023813801 0.070406981
v -0.013346953 -0.022203801 0.070406981
v -0.013275433 -0.022203801 0.070470557
v -0.013058031 -0.022203801 0.070489669
v -0.0124895 -0.022203801 0.070624099
v -0.0124895 -0.023813801 0.070624099
v -0.013058031 -0.023813801 0.070489669
v -0.013275433 -0.023813801 0.070470557
v -0.011427799 -0.01866915 0.052648401
v -0.013506233 -0.01866915 0.050361061
v -0.013000251 -0.01866915 0.050337563
v -0.012730563 -0.01866915 0.050304651
v -0.012537 -0.01866915 0.050143399
v -0.012537 -0.01866915 0.046556301
v -0.01248201 -0.01866915 0.045966954
v -0.012460285 -0.01866915 0.045646539
v -0.012576048 -0.01866915 0.045439129
v -0.013056375 -0.01866915 0.045347772
v -0.013279898 -0.01866915 0.045254116
v -0.0132595 -0.01866915 0.045248799
v -0.010146 -0.01866915 0.0443256
v -0.0099753118 -0.01866915 0.04459372
v -0.0099831003 -0.01866915 0.045018902
v -0.0099831003 -0.01866915 0.052762799
v -0.009996503 -0.01866915 0.052795639
v -0.010037916 -0.01866915 0.05276598
v -0.010088151 -0.01866915 0.05275064
v -0.010141007 -0.01866915 0.052750854
v -0.0101869 -0.01866915 0.0527597
v -0.01122 -0.01866915 0.0527597
v -0.0132595 -0.02027915 0.045248799
v -0.013279898 -0.02027915 0.045254116
v -0.013056375 -0.02027915 0.045347772
v -0.012576048 -0.02027915 0.045439129
v -0.012460285 -0.02027915 0.045646539
v -0.01248201 -0.02027915 0.045966954
v -0.012537 -0.02027915 0.046556301
v -0.012537 -0.02027915 0.050143399
v -0.012790861 -0.02027915 0.050322933
v -0.01314401 -0.02027915 0.050328312
v -0.013455532 -0.02027915 0.0503441
v -0.013679055 -0.02027915 0.050415187
v -0.0136438 -0.02027915 0.050439801
v -0.0118677 -0.02027915 0.052400799
v -0.011690036 -0.02027915 0.052615037
v -0.01157071 -0.02027915 0.052725511
v -0.0112432 -0.02027915 0.052911201
v -0.010159301 -0.02027915 0.052911201
v -0.010108644 -0.02027915 0.052899308
v -0.010065874 -0.02027915 0.052878923
v -0.010031542 -0.02027915 0.052849646
v -0.010004275 -0.02027915 0.052810841
v -0.0099831003 -0.02027915 0.052762799
v -0.0099831003 -0.02027915 0.045018902
v -0.0099759024 -0.02027915 0.04459084
v -0.010146 -0.02027915 0.0443256
v -0.013506233 -0.0167445 0.050361061
v -0.013506233 -0.01674175 0.050361061
v -0.011427799 -0.01674175 0.052648401
v -0.011427799 -0.0167445 0.052648401
v -0.010024558 -0.01866915 0.06951725
v -0.010024558 -0.0167445 0.06951725
v -0.0100015 -0.0167445 0.069539199
v -0.0100015 -0.01866915 0.069539199
v -0.01308709 -0.0167445 0.070487943
v -0.0100936 -0.0167445 0.069606099
v -0.0100936 -0.01674175 0.069606099
v -0.01308709 -0.01674175 0.070487943
v -0.01308709 -0.00099849999 0.070487943
v -0.01308709 -0.00099590003 0.070487943
v -0.01289251 -0.00099590003 0.070505438
v -0.012689248 -0.00099590003 0.070548701
v -0.0124895 -0.00099590003 0.070624099
v -0.0124895 -0.0026058999 0.070624099
v -0.013058031 -0.0026058999 0.070489669
v -0.013275433 -0.0026058999 0.070470557
v -0.013346953 -0.0026058999 0.070406981
v -0.013346953 -0.00099849999 0.070406981
v -0.013269511 -0.00099849999 0.070471807
v -0.0017099179 -0.032842751 0.018018194
v -0.0017099179 -0.034382751 0.018018194
v -0.0015623884 -0.034382751 0.018085564
v -0.0013489805 -0.034382751 0.018055273
v -0.0008783 -0.034382751 0.0180231
v -0.0008783 -0.032842751 0.0180231
v -0.0013489805 -0.032842751 0.018055273
v -0.0015623884 -0.032842751 0.018085564
v 0.00016759999 -0.032842751 0.0196112
v -0.00040560942 -0.032842751 0.019570636
v -0.00078882322 -0.032842751 0.019425513
v -0.0012416627 -0.032842751 0.019078451
v -0.0015484141 -0.032842751 0.018635591
v -0.0017099179 -0.032842751 0.018018194
v -0.0015623884 -0.032842751 0.018085564
v -0.0013489805 -0.032842751 0.018055273
v -0.0008783 -0.032842751 0.0180231
v 0.0011228 -0.032842751 0.0180231
v 0.0012983435 -0.032842751 0.01801546
v 0.0014591068 -0.032842751 0.018031569
v 0.001600834 -0.032842751 0.018055419
v 0.0017134655 -0.032842751 0.018048944
v 0.0014943719 -0.032842751 0.018742309
v 0.0010458807 -0.032842751 0.019259725
v 0.0006170452 -0.032842751 0.019503553
v 0.012537 0.0079980499 0.050143399
v 0.012537 0.00960805 0.050143399
v 0.012537 0.00960805 0.046556301
v 0.012537 0.0079980499 0.046556301
v 0.0099831003 0.0079980499 0.045018902
v 0.0099759024 0.0079980499 0.04459084
v 0.010146 0.0079980499 0.0443256
v 0.010146 0.0060733998 0.0443256
v 0.0099753118 0.0060733998 0.04459372
v 0.0099831003 0.0060733998 0.045018902
v 0.0100087 0.0079980499 0.0716045
v 0.0100087 0.0079980499 0.071480498
v 0.0100087 0.0060733998 0.071480498
v 0.0100087 0.0060733998 0.0716045
v 0.012507082 0.0079980499 0.073872852
v 0.012507082 0.00960805 0.073872852
v 0.012516537 0.00960805 0.073522558
v 0.012529178 0.00960805 0.073051796
v 0.0124895 0.00960805 0.072159901
v 0.0124895 0.0079980499 0.072159901
v 0.012529178 0.0079980499 0.073051796
v 0.012516537 0.0079980499 0.073522558
v 0.010146 0.0044633999 0.0443256
v 0.0132595 0.0044633999 0.045248799
v 0.0132595 0.0025387499 0.045248799
v 0.010146 0.0025387499 0.0443256
v 0.0112432 0.0044633999 0.052911201
v 0.010159301 0.0044633999 0.052911201
v 0.010159301 0.0025387499 0.052911201
v 0.0112432 0.0025387499 0.052911201
v 0.0132595 0.0060733998 0.045248799
v 0.013279898 0.0060733998 0.045254116
v 0.013056375 0.0060733998 0.045347772
v 0.012576048 0.0060733998 0.045439129
v 0.012460285 0.0060733998 0.045646539
v 0.01248201 0.0060733998 0.045966954
v 0.012537 0.0060733998 0.046556301
v 0.012537 0.0060733998 0.050143399
v 0.012790861 0.0060733998 0.050322933
v 0.01314401 0.0060733998 0.050328312
v 0.013455532 0.0060733998 0.0503441
v 0.013679055 0.0060733998 0.050415187
v 0.0136438 0.0060733998 0.050439801
v 0.0118677 0.0060733998 0.052400799
v 0.011690036 0.0060733998 0.052615037
v 0.01157071 0.0060733998 0.052725511
v 0.0112432 0.0060733998 0.052911201
v 0.010159301 0.0060733998 0.052911201
v 0.010109097 0.0060733998 0.052899451
v 0.010066663 0.0060733998 0.052879429
v 0.010032234 0.0060733998 0.052850413
v 0.010004584 0.0060733998 0.052811403
v 0.0099831003 0.0060733998 0.052762799
v 0.0099831003 0.0060733998 0.045018902
v 0.0099753118 0.0060733998 0.04459372
v 0.010146 0.0060733998 0.0443256
v 0.013279898 -0.0045305499 0.045254116
v 0.013279898 -0.0061405498 0.045254116
v 0.013056375 -0.0061405498 0.045347772
v 0.012576048 -0.0061405498 0.045439129
v 0.012460285 -0.0061405498 0.045646539
v 0.01248201 -0.0061405498 0.045966954
v 0.012537 -0.0061405498 0.046556301
v 0.012537 -0.0045305499 0.046556301
v 0.01248201 -0.0045305499 0.045966954
v 0.012460285 -0.0045305499 0.045646539
v 0.012576048 -0.0045305499 0.045439129
v 0.013056375 -0.0045305499 0.045347772
v 0.0132595 -0.0045305499 0.045248799
v 0.013279898 -0.0045305499 0.045254116
v 0.013056375 -0.0045305499 0.045347772
v 0.012576048 -0.0045305499 0.045439129
v 0.012460285 -0.0045305499 0.045646539
v 0.01248201 -0.0045305499 0.045966954
v 0.012537 -0.0045305499 0.046556301
v 0.012537 -0.0045305499 0.050143399
v 0.012790861 -0.0045305499 0.050322933
v 0.01314401 -0.0045305499 0.050328312
v 0.013455532 -0.0045305499 0.0503441
v 0.013679055 -0.0045305499 0.050415187
v 0.0136438 -0.0045305499 0.050439801
v 0.0118677 -0.0045305499 0.052400799
v 0.011690036 -0.0045305499 0.052615037
v 0.01157071 -0.0045305499 0.052725511
v 0.0112432 -0.0045305499 0.052911201
v 0.010159301 -0.0045305499 0.052911201
v 0.010109097 -0.0045305499 0.052899451
v 0.010066663 -0.0045305499 0.052879429
v 0.010032234 -0.0045305499 0.052850413
v 0.010004584 -0.0045305499 0.052811403
v 0.0099831003 -0.0045305499 0.052762799
v 0.0099831003 -0.0045305499 0.045018902
v 0.0099753118 -0.0045305499 0.04459372
v 0.010146 -0.0045305499 0.0443256
v 0.0112432 -0.0026058999 0.052911201
v 0.010159301 -0.0026058999 0.052911201
v 0.010159301 -0.0045305499 0.052911201
v 0.0112432 -0.0045305499 0.052911201
v 0.0100087 -0.027348449 0.0716045
v 0.0100087 -0.027348449 0.071480498
v 0.0100087 -0.0292731 0.071480498
v 0.0100087 -0.0292731 0.0716045
v 0.012507082 -0.027348449 0.073872852
v 0.012507082 -0.025738449 0.073872852
v 0.012516537 -0.025738449 0.073522558
v 0.012529178 -0.025738449 0.073051796
v 0.0124895 -0.025738449 0.072159901
v 0.0124895 -0.027348449 0.072159901
v 0.012529178 -0.027348449 0.073051796
v 0.012516537 -0.027348449 0.073522558
v 0.013279898 -0.023813801 0.045254116
v 0.0132595 -0.023813801 0.045248799
v 0.010146 -0.023813801 0.0443256
v 0.0099759024 -0.023813801 0.04459084
v 0.0099831003 -0.023813801 0.045018902
v 0.0099831003 -0.023813801 0.052762799
v 0.010004275 -0.023813801 0.052810841
v 0.010031542 -0.023813801 0.052849646
v 0.010065874 -0.023813801 0.052878923
v 0.010108644 -0.023813801 0.052899308
v 0.010159301 -0.023813801 0.052911201
v 0.0112432 -0.023813801 0.052911201
v 0.01157071 -0.023813801 0.052725511
v 0.011690036 -0.023813801 0.052615037
v 0.0118677 -0.023813801 0.052400799
v 0.0136438 -0.023813801 0.050439801
v 0.013679055 -0.023813801 0.050415187
v 0.013455532 -0.023813801 0.0503441
v 0.01314401 -0.023813801 0.050328312
v 0.012790861 -0.023813801 0.050322933
v 0.012537 -0.023813801 0.050143399
v 0.012537 -0.023813801 0.046556301
v 0.01248201 -0.023813801 0.045966954
v 0.012460285 -0.023813801 0.045646539
v 0.012576048 -0.023813801 0.045439129
v 0.013056375 -0.023813801 0.045347772
v 0.010146 -0.023813801 0.0443256
v 0.0132595 -0.023813801 0.045248799
v 0.0132595 -0.025738449 0.045248799
v 0.010146 -0.025738449 0.0443256
v 0.013679055 -0.023813801 0.050415187
v 0.013679055 -0.022203801 0.050415187
v 0.013455532 -0.022203801 0.0503441
v 0.01314401 -0.022203801 0.050328312
v 0.012790861 -0.022203801 0.050322933
v 0.012537 -0.022203801 0.050143399
v 0.012537 -0.023813801 0.050143399
v 0.012790861 -0.023813801 0.050322933
v 0.01314401 -0.023813801 0.050328312
v 0.013455532 -0.023813801 0.0503441
v 0.013279898 -0.0151345 0.045254116
v 0.013279898 -0.0167445 0.045254116
v 0.013056375 -0.0167445 0.045347772
v 0.012576048 -0.0167445 0.045439129
v 0.012460285 -0.0167445 0.045646539
v 0.01248201 -0.0167445 0.045966954
v 0.012537 -0.0167445 0.046556301
v 0.012537 -0.0151345 0.046556301
v 0.01248201 -0.0151345 0.045966954
v 0.012460285 -0.0151345 0.045646539
v 0.012576048 -0.0151345 0.045439129
v 0.013056375 -0.0151345 0.045347772
v 0.013279898 -0.01320985 0.045254116
v 0.0132595 -0.01320985 0.045248799
v 0.010146 -0.01320985 0.0443256
v 0.0099759024 -0.01320985 0.04459084
v 0.0099831003 -0.01320985 0.045018902
v 0.0099831003 -0.01320985 0.052762799
v 0.010004275 -0.01320985 0.052810841
v 0.010031542 -0.01320985 0.052849646
v 0.010065874 -0.01320985 0.052878923
v 0.010108644 -0.01320985 0.052899308
v 0.010159301 -0.01320985 0.052911201
v 0.0112432 -0.01320985 0.052911201
v 0.01157071 -0.01320985 0.052725511
v 0.011690036 -0.01320985 0.052615037
v 0.0118677 -0.01320985 0.052400799
v 0.0136438 -0.01320985 0.050439801
v 0.013679055 -0.01320985 0.050415187
v 0.013455532 -0.01320985 0.0503441
v 0.01314401 -0.01320985 0.050328312
v 0.012790861 -0.01320985 0.050322933
v 0.012537 -0.01320985 0.050143399
v 0.012537 -0.01320985 0.046556301
v 0.01248201 -0.01320985 0.045966954
v 0.012460285 -0.01320985 0.045646539
v 0.012576048 -0.01320985 0.045439129
v 0.013056375 -0.01320985 0.045347772
v 0.0099831003 -0.0167445 0.052762799
v 0.0099831003 -0.0167445 0.045018902
v 0.0099831003 -0.01866915 0.045018902
v 0.0099831003 -0.01866915 0.052762799
v 0.012537 -0.0167445 0.050143399
v 0.012537 -0.0151345 0.050143399
v 0.012537 -0.0151345 0.046556301
v 0.012537 -0.0167445 0.046556301
v 0.0100087 -0.0026058999 0.0716045
v 0.0100087 -0.0026058999 0.071480498
v 0.0100087 -0.0045305499 0.071480498
v 0.0100087 -0.0045305499 0.0716045
v 0.0100015 -0.0061405498 0.069539199
v 0.0100994 -0.0061405498 0.069446001
v 0.0100994 -0.0080651999 0.069446001
v 0.0100015 -0.0080651999 0.069539199
v 0.013346953 -0.0045305499 0.070406981
v 0.013346953 -0.0061405498 0.070406981
v 0.013275433 -0.0061405498 0.070470557
v 0.013058031 -0.0061405498 0.070489669
v 0.0124895 -0.0061405498 0.070624099
v 0.0124895 -0.0045305499 0.070624099
v 0.013058031 -0.0045305499 0.070489669
v 0.013275433 -0.0045305499 0.070470557
v 0.0100087 -0.01320985 0.0716045
v 0.0100087 -0.01320985 0.071480498
v 0.0100087 -0.0151345 0.071480498
v 0.0100087 -0.0151345 0.0716045
v 0.012507082 -0.01320985 0.073872852
v 0.012507082 -0.011599849 0.073872852
v 0.012516537 -0.011599849 0.073522558
v 0.012529178 -0.011599849 0.073051796
v 0.0124895 -0.011599849 0.072159901
v 0.0124895 -0.01320985 0.072159901
v 0.012529178 -0.01320985 0.073051796
v 0.012516537 -0.01320985 0.073522558
v 0.013346953 -0.011599849 0.070406981
v 0.013346953 -0.01320985 0.070406981
v 0.013275433 -0.01320985 0.070470557
v 0.013058031 -0.01320985 0.070489669
v 0.0124895 -0.01320985 0.070624099
v 0.0124895 -0.011599849 0.070624099
v 0.013058031 -0.011599849 0.070489669
v 0.013275433 -0.011599849 0.070470557
v 0.0099831003 -0.027348449 0.045018902
v 0.0099759024 -0.027348449 0.04459084
v 0.010146 -0.027348449 0.0443256
v 0.010146 -0.0292731 0.0443256
v 0.0099753118 -0.0292731 0.04459372
v 0.0099831003 -0.0292731 0.045018902
v 0.013279898 -0.027348449 0.045254116
v 0.0132595 -0.027348449 0.045248799
v 0.010146 -0.027348449 0.0443256
v 0.0099759024 -0.027348449 0.04459084
v 0.0099831003 -0.027348449 0.045018902
v 0.0099831003 -0.027348449 0.052762799
v 0.010004275 -0.027348449 0.052810841
v 0.010031542 -0.027348449 0.052849646
v 0.010065874 -0.027348449 0.052878923
v 0.010108644 -0.027348449 0.052899308
v 0.010159301 -0.027348449 0.052911201
v 0.0112432 -0.027348449 0.052911201
v 0.01157071 -0.027348449 0.052725511
v 0.011690036 -0.027348449 0.052615037
v 0.0118677 -0.027348449 0.052400799
v 0.0136438 -0.027348449 0.050439801
v 0.013679055 -0.027348449 0.050415187
v 0.013455532 -0.027348449 0.0503441
v 0.01314401 -0.027348449 0.050328312
v 0.012790861 -0.027348449 0.050322933
v 0.012537 -0.027348449 0.050143399
v 0.012537 -0.027348449 0.046556301
v 0.01248201 -0.027348449 0.045966954
v 0.012460285 -0.027348449 0.045646539
v 0.012576048 -0.027348449 0.045439129
v 0.013056375 -0.027348449 0.045347772
v -0.010159301 0.025671301 0.052911201
v -0.0112432 0.025671301 0.052911201
v -0.0112432 0.02374665 0.052911201
v -0.010159301 0.02374665 0.052911201
v -0.0112432 0.025671301 0.052911201
v -0.01157071 0.025671301 0.052725511
v -0.011690036 0.025671301 0.052615037
v -0.0118677 0.025671301 0.052400799
v -0.0118677 0.02374665 0.052400799
v -0.011690036 0.02374665 0.052615037
v -0.01157071 0.02374665 0.052725511
v -0.0112432 0.02374665 0.052911201
v -0.013679055 0.02374665 0.050415187
v -0.013679055 0.02213665 0.050415187
v -0.013455532 0.02213665 0.0503441
v -0.01314401 0.02213665 0.050328312
v -0.012790861 0.02213665 0.050322933
v -0.012537 0.02213665 0.050143399
v -0.012537 0.02374665 0.050143399
v -0.012790861 0.02374665 0.050322933
v -0.01314401 0.02374665 0.050328312
v -0.013455532 0.02374665 0.0503441
v -0.010159301 -0.04148705 0.052911201
v -0.0112432 -0.04148705 0.052911201
v -0.0112432 -0.043411698 0.052911201
v -0.010159301 -0.043411698 0.052911201
v -0.0112432 -0.04148705 0.052911201
v -0.01157071 -0.04148705 0.052725511
v -0.011690036 -0.04148705 0.052615037
v -0.0118677 -0.04148705 0.052400799
v -0.0118677 -0.043411698 0.052400799
v -0.011690036 -0.043411698 0.052615037
v -0.01157071 -0.043411698 0.052725511
v -0.0112432 -0.043411698 0.052911201
v -0.0112432 -0.027348449 0.052911201
v -0.01157071 -0.027348449 0.052725511
v -0.011690036 -0.027348449 0.052615037
v -0.0118677 -0.027348449 0.052400799
v -0.0118677 -0.0292731 0.052400799
v -0.011690036 -0.0292731 0.052615037
v -0.01157071 -0.0292731 0.052725511
v -0.0112432 -0.0292731 0.052911201
v -0.012537 -0.025738449 0.050143399
v -0.012537 -0.027348449 0.050143399
v -0.012537 -0.027348449 0.046556301
v -0.012537 -0.025738449 0.046556301
v -0.013679055 -0.025738449 0.050415187
v -0.013679055 -0.027348449 0.050415187
v -0.013455532 -0.027348449 0.0503441
v -0.01314401 -0.027348449 0.050328312
v -0.012790861 -0.027348449 0.050322933
v -0.012537 -0.027348449 0.050143399
v -0.012537 -0.025738449 0.050143399
v -0.012790861 -0.025738449 0.050322933
v -0.01314401 -0.025738449 0.050328312
v -0.013455532 -0.025738449 0.0503441
v -0.0132595 0.0115327 0.045248799
v -0.010146 0.0115327 0.0443256
v -0.010146 0.00960805 0.0443256
v -0.0132595 0.00960805 0.045248799
v -0.0132595 0.0115327 0.045248799
v -0.013279898 0.0115327 0.045254116
v -0.013056375 0.0115327 0.045347772
v -0.012576048 0.0115327 0.045439129
v -0.012460285 0.0115327 0.045646539
v -0.01248201 0.0115327 0.045966954
v -0.012537 0.0115327 0.046556301
v -0.012537 0.0115327 0.050143399
v -0.012790861 0.0115327 0.050322933
v -0.01314401 0.0115327 0.050328312
v -0.013455532 0.0115327 0.0503441
v -0.013679055 0.0115327 0.050415187
v -0.0136438 0.0115327 0.050439801
v -0.0118677 0.0115327 0.052400799
v -0.011690036 0.0115327 0.052615037
v -0.01157071 0.0115327 0.052725511
v -0.0112432 0.0115327 0.052911201
v -0.010159301 0.0115327 0.052911201
v -0.010108644 0.0115327 0.052899308
v -0.010065874 0.0115327 0.052878923
v -0.010031542 0.0115327 0.052849646
v -0.010004275 0.0115327 0.052810841
v -0.0099831003 0.0115327 0.052762799
v -0.0099831003 0.0115327 0.045018902
v -0.0099759024 0.0115327 0.04459084
v -0.010146 0.0115327 0.0443256
v -0.0132595 0.02213665 0.045248799
v -0.010146 0.02213665 0.0443256
v -0.010146 0.020211999 0.0443256
v -0.0132595 0.020211999 0.045248799
v -0.013506233 -0.00099590003 0.050361061
v -0.011427799 -0.00099590003 0.052648401
v -0.011427799 -0.00099849999 0.052648401
v -0.013506233 -0.00099849999 0.050361061
v -0.0099831003 -0.0026058999 0.045018902
v -0.0099831003 -0.0026058999 0.052762799
v -0.0099831003 -0.0045305499 0.052762799
v -0.0099831003 -0.0045305499 0.045018902
v -0.0099831003 0.00092874996 0.045018902
v -0.0099831003 0.00092874996 0.052762799
v -0.0099831003 -0.00099590003 0.052762799
v -0.0099831003 -0.00099590003 0.045018902
v -0.0099751002 -0.00099849999 0.052818699
v -0.0099751002 0.00093149997 0.052818699
v -0.0099751002 0.00093149997 0.069453602
v -0.0099751002 -0.00099849999 0.069453602
v -0.0132595 -0.0026058999 0.045248799
v -0.013279898 -0.0026058999 0.045254116
v -0.013056375 -0.0026058999 0.045347772
v -0.012576048 -0.0026058999 0.045439129
v -0.012460285 -0.0026058999 0.045646539
v -0.01248201 -0.0026058999 0.045966954
v -0.012537 -0.0026058999 0.046556301
v -0.012537 -0.0026058999 0.050143399
v -0.012790861 -0.0026058999 0.050322933
v -0.01314401 -0.0026058999 0.050328312
v -0.013455532 -0.0026058999 0.0503441
v -0.013679055 -0.0026058999 0.050415187
v -0.0136438 -0.0026058999 0.050439801
v -0.0118677 -0.0026058999 0.052400799
v -0.011690036 -0.0026058999 0.052615037
v -0.01157071 -0.0026058999 0.052725511
v -0.0112432 -0.0026058999 0.052911201
v -0.010159301 -0.0026058999 0.052911201
v -0.010108644 -0.0026058999 0.052899308
v -0.010065874 -0.0026058999 0.052878923
v -0.010031542 -0.0026058999 0.052849646
v -0.010004275 -0.0026058999 0.052810841
v -0.0099831003 -0.0026058999 0.052762799
v -0.0099831003 -0.0026058999 0.045018902
v -0.0099759024 -0.0026058999 0.04459084
v -0.010146 -0.0026058999 0.0443256
v -0.013279898 0.0025387499 0.045254116
v -0.0132595 0.0025387499 0.045248799
v -0.010146 0.0025387499 0.0443256
v -0.0099753118 0.0025387499 0.04459372
v -0.0099831003 0.0025387499 0.045018902
v -0.0099831003 0.0025387499 0.052762799
v -0.010004584 0.0025387499 0.052811403
v -0.010032234 0.0025387499 0.052850413
v -0.010066663 0.0025387499 0.052879429
v -0.010109097 0.0025387499 0.052899451
v -0.010159301 0.0025387499 0.052911201
v -0.0112432 0.0025387499 0.052911201
v -0.01157071 0.0025387499 0.052725511
v -0.011690036 0.0025387499 0.052615037
v -0.0118677 0.0025387499 0.052400799
v -0.0136438 0.0025387499 0.050439801
v -0.013679055 0.0025387499 0.050415187
v -0.013455532 0.0025387499 0.0503441
v -0.01314401 0.0025387499 0.050328312
v -0.012790861 0.0025387499 0.050322933
v -0.012537 0.0025387499 0.050143399
v -0.012537 0.0025387499 0.046556301
v -0.01248201 0.0025387499 0.045966954
v -0.012460285 0.0025387499 0.045646539
v -0.012576048 0.0025387499 0.045439129
v -0.013056375 0.0025387499 0.045347772
v -0.0100994 0.025671301 0.069446001
v -0.0100015 0.025671301 0.069539199
v -0.0100015 0.02374665 0.069539199
v -0.0100994 0.02374665 0.069446001
v -0.0100087 0.029205949 0.071480498
v -0.0100087 0.029205949 0.0716045
v -0.0100087 0.027281301 0.0716045
v -0.0100087 0.027281301 0.071480498
v -0.0124895 0.030815949 0.072159901
v -0.0124895 0.029205949 0.072159901
v -0.0124895 0.029205949 0.070624099
v -0.0124895 0.030815949 0.070624099
v -0.0132595 0.02213665 0.045248799
v -0.013279898 0.02213665 0.045254116
v -0.013056375 0.02213665 0.045347772
v -0.012576048 0.02213665 0.045439129
v -0.012460285 0.02213665 0.045646539
v -0.01248201 0.02213665 0.045966954
v -0.012537 0.02213665 0.046556301
v -0.012537 0.02213665 0.050143399
v -0.012790861 0.02213665 0.050322933
v -0.01314401 0.02213665 0.050328312
v -0.013455532 0.02213665 0.0503441
v -0.013679055 0.02213665 0.050415187
v -0.0136438 0.02213665 0.050439801
v -0.0118677 0.02213665 0.052400799
v -0.011690036 0.02213665 0.052615037
v -0.01157071 0.02213665 0.052725511
v -0.0112432 0.02213665 0.052911201
v -0.010159301 0.02213665 0.052911201
v -0.010108644 0.02213665 0.052899308
v -0.010065874 0.02213665 0.052878923
v -0.010031542 0.02213665 0.052849646
v -0.010004275 0.02213665 0.052810841
v -0.0099831003 0.02213665 0.052762799
v -0.0099831003 0.02213665 0.045018902
v -0.0099759024 0.02213665 0.04459084
v -0.010146 0.02213665 0.0443256
v -0.0124895 0.01667735 0.072159901
v -0.0124895 0.01506735 0.072159901
v -0.0124895 0.01506735 0.070624099
v -0.0124895 0.01667735 0.070624099
v -0.0100015 0.00092874996 0.069539199
v -0.0100087 0.00092874996 0.071480498
v -0.0100087 -0.00099590003 0.071480498
v -0.0100015 -0.00099590003 0.069539199
v -0.0100994 0.0044633999 0.069446001
v -0.0100015 0.0044633999 0.069539199
v -0.0100015 0.0025387499 0.069539199
v -0.0100994 0.0025387499 0.069446001
v -0.0100994 0.01506735 0.069446001
v -0.0100015 0.01506735 0.069539199
v -0.0100015 0.0131427 0.069539199
v -0.0100994 0.0131427 0.069446001
v -0.010024558 -0.00099590003 0.06951725
v -0.010024558 0.00092874996 0.06951725
v -0.0100015 0.00092874996 0.069539199
v -0.0100015 -0.00099590003 0.069539199
v -0.014519176 0.00093149997 0.050126438
v -0.014519176 -0.00099849999 0.050126438
v -0.014436003 -0.00099849999 0.050456262
v -0.0144551 -0.00099849999 0.0508393
v -0.0144551 0.00093149997 0.0508393
v -0.014436003 0.00093149997 0.050456262
v -0.0008783 0.027246301 0.0180231
v -0.0008783 0.025706301 0.0180231
v 0.0011228 0.025706301 0.0180231
v 0.0011228 0.027246301 0.0180231
v -0.0017099179 0.027246301 0.018018194
v -0.0017099179 0.025706301 0.018018194
v -0.0015623884 0.025706301 0.018085564
v -0.0013489805 0.025706301 0.018055273
v -0.0008783 0.025706301 0.0180231
v -0.0008783 0.027246301 0.0180231
v -0.0013489805 0.027246301 0.018055273
v -0.0015623884 0.027246301 0.018085564
v -0.0124895 -0.032807751 0.072159901
v -0.0124895 -0.034417751 0.072159901
v -0.0124895 -0.034417751 0.070624099
v -0.0124895 -0.032807751 0.070624099
v -0.0100015 -0.0308831 0.069539199
v -0.0100087 -0.0308831 0.071480498
v -0.0100087 -0.032807751 0.071480498
v -0.0100015 -0.032807751 0.069539199
v -0.0100994 -0.0308831 0.069446001
v -0.013346953 -0.0308831 0.070406981
v -0.013275433 -0.0308831 0.070470557
v -0.013058031 -0.0308831 0.070489669
v -0.0124895 -0.0308831 0.070624099
v -0.0124895 -0.0308831 0.072159901
v -0.012529178 -0.0308831 0.073051796
v -0.012516537 -0.0308831 0.073522558
v -0.012507082 -0.0308831 0.073872852
v -0.0100087 -0.0308831 0.0716045
v -0.0100087 -0.0308831 0.071480498
v -0.0100015 -0.0308831 0.069539199
v -0.0124895 -0.01866915 0.072159901
v -0.0124895 -0.02027915 0.072159901
v -0.0124895 -0.02027915 0.070624099
v -0.0124895 -0.01866915 0.070624099
v -0.0100015 -0.02027915 0.069539199
v -0.0100087 -0.02027915 0.071480498
v -0.0100087 -0.022203801 0.071480498
v -0.0100015 -0.022203801 0.069539199
v -0.013346953 -0.022203801 0.070406981
v -0.0100994 -0.022203801 0.069446001
v -0.0100015 -0.022203801 0.069539199
v -0.0100087 -0.022203801 0.071480498
v -0.0100087 -0.022203801 0.0716045
v -0.012507082 -0.022203801 0.073872852
v -0.012516537 -0.022203801 0.073522558
v -0.012529178 -0.022203801 0.073051796
v -0.0124895 -0.022203801 0.072159901
v -0.0124895 -0.022203801 0.070624099
v -0.013058031 -0.022203801 0.070489669
v -0.013275433 -0.022203801 0.070470557
v -0.011427799 -0.01866915 0.052648401
v -0.01122 -0.01866915 0.0527597
v -0.01122 -0.01867175 0.0527597
v -0.011427799 -0.01867175 0.052648401
v -0.010024558 -0.01866915 0.06951725
v -0.0100936 -0.01866915 0.069606099
v -0.0100936 -0.01867175 0.069606099
v -0.0099751002 -0.01867175 0.069453602
v -0.0099751002 -0.01674175 0.069453602
v -0.0100936 -0.01674175 0.069606099
v -0.0100936 -0.0167445 0.069606099
v -0.010024558 -0.0167445 0.06951725
f 2 3 1
f 1 3 8
f 8 3 4
f 8 4 7
f 7 4 5
f 7 5 6
f 9 10 12
f 12 10 11
f 14 15 13
f 13 15 18
f 18 15 16
f 18 16 17
f 29 19 28
f 28 19 20
f 28 20 21
f 22 23 21
f 21 23 27
f 21 27 28
f 23 24 27
f 27 24 26
f 26 24 25
f 31 43 30
f 30 43 45
f 30 45 55
f 55 45 46
f 55 46 54
f 54 46 53
f 53 46 47
f 53 47 48
f 32 35 31
f 31 35 41
f 31 41 42
f 33 34 32
f 32 34 35
f 41 35 40
f 40 35 36
f 40 36 39
f 39 36 38
f 38 36 37
f 42 43 31
f 43 44 45
f 49 50 48
f 48 50 51
f 48 51 52
f 52 53 48
f 67 56 66
f 66 56 57
f 66 57 65
f 65 57 58
f 65 58 64
f 64 58 59
f 64 59 63
f 63 59 60
f 63 60 62
f 62 60 61
f 68 69 71
f 71 69 70
f 77 72 76
f 76 72 73
f 76 73 75
f 75 73 74
f 79 80 78
f 78 80 85
f 85 80 81
f 85 81 84
f 84 81 82
f 84 82 83
f 86 87 89
f 89 87 88
f 90 91 115
f 115 91 92
f 115 92 114
f 114 92 113
f 113 92 112
f 112 92 93
f 112 93 94
f 94 95 112
f 112 95 102
f 112 102 111
f 111 102 110
f 110 102 109
f 109 102 104
f 109 104 108
f 108 104 105
f 108 105 107
f 107 105 106
f 95 96 102
f 102 96 101
f 101 96 97
f 101 97 98
f 98 99 101
f 101 99 100
f 102 103 104
f 116 117 119
f 119 117 118
f 125 120 124
f 124 120 121
f 124 121 123
f 123 121 122
f 127 128 126
f 126 128 129
f 126 129 130
f 126 130 136
f 136 130 131
f 136 131 135
f 135 131 132
f 135 132 133
f 133 134 135
f 136 137 126
f 126 137 138
f 140 141 139
f 139 141 150
f 150 141 142
f 150 142 149
f 149 142 143
f 149 143 148
f 148 143 144
f 148 144 147
f 147 144 145
f 147 145 146
f 151 152 176
f 176 152 175
f 175 152 153
f 175 153 174
f 174 153 155
f 174 155 173
f 173 155 172
f 172 155 171
f 171 155 162
f 171 162 163
f 153 154 155
f 162 155 161
f 161 155 156
f 161 156 160
f 160 156 159
f 159 156 158
f 158 156 157
f 163 164 171
f 171 164 165
f 171 165 170
f 170 165 169
f 169 165 168
f 168 165 166
f 168 166 167
f 177 178 180
f 180 178 179
f 182 183 181
f 181 183 192
f 192 183 184
f 192 184 191
f 191 184 185
f 191 185 190
f 190 185 186
f 190 186 189
f 189 186 187
f 189 187 188
f 194 195 193
f 193 195 196
f 202 197 201
f 201 197 198
f 201 198 200
f 200 198 199
f 204 205 203
f 203 205 206
f 208 209 207
f 207 209 218
f 218 209 210
f 218 210 217
f 217 210 211
f 217 211 216
f 216 211 212
f 216 212 215
f 215 212 213
f 215 213 214
f 219 220 244
f 244 220 243
f 243 220 221
f 243 221 242
f 242 221 223
f 242 223 241
f 241 223 240
f 240 223 239
f 239 223 230
f 239 230 231
f 221 222 223
f 230 223 229
f 229 223 224
f 229 224 228
f 228 224 227
f 227 224 226
f 226 224 225
f 231 232 239
f 239 232 233
f 239 233 238
f 238 233 237
f 237 233 236
f 236 233 234
f 236 234 235
f 246 247 245
f 245 247 248
f 249 250 252
f 252 250 251
f 254 255 253
f 253 255 256
f 257 258 260
f 260 258 259
f 262 263 261
f 261 263 264
f 266 267 265
f 265 267 268
f 265 268 269
f 270 279 269
f 269 279 286
f 269 286 265
f 270 271 279
f 279 271 272
f 279 272 277
f 277 272 273
f 277 273 276
f 276 273 274
f 276 274 275
f 277 278 279
f 280 283 279
f 279 283 284
f 279 284 285
f 281 282 280
f 280 282 283
f 285 286 279
f 288 291 287
f 287 291 297
f 287 297 298
f 289 290 288
f 288 290 291
f 297 291 296
f 296 291 292
f 296 292 295
f 295 292 294
f 294 292 293
f 298 299 287
f 287 299 312
f 312 299 301
f 312 301 311
f 311 301 302
f 311 302 310
f 310 302 309
f 309 302 303
f 309 303 304
f 299 300 301
f 305 306 304
f 304 306 307
f 304 307 308
f 308 309 304
f 324 313 323
f 323 313 314
f 323 314 322
f 322 314 316
f 322 316 321
f 321 316 317
f 321 317 320
f 320 317 319
f 319 317 318
f 314 315 316
f 325 326 328
f 328 326 327
f 330 332 329
f 329 332 333
f 329 333 339
f 339 333 334
f 339 334 338
f 338 334 335
f 338 335 336
f 330 331 332
f 336 337 338
f 339 340 329
f 342 343 341
f 341 343 350
f 350 343 344
f 350 344 349
f 349 344 345
f 349 345 348
f 348 345 346
f 348 346 347
f 352 353 351
f 351 353 354
f 351 354 355
f 356 365 355
f 355 365 372
f 355 372 351
f 356 357 365
f 365 357 358
f 365 358 363
f 363 358 359
f 363 359 362
f 362 359 360
f 362 360 361
f 363 364 365
f 366 369 365
f 365 369 370
f 365 370 371
f 367 368 366
f 366 368 369
f 371 372 365
f 374 375 373
f 373 375 376
f 377 378 388
f 388 378 387
f 387 378 379
f 387 379 386
f 386 379 380
f 386 380 385
f 385 380 381
f 385 381 384
f 384 381 382
f 384 382 383
f 390 403 389
f 389 403 404
f 389 404 405
f 403 390 401
f 401 390 391
f 401 391 400
f 400 391 392
f 400 392 393
f 394 398 393
f 393 398 399
f 393 399 400
f 394 395 398
f 398 395 396
f 398 396 397
f 401 402 403
f 389 405 411
f 411 405 406
f 411 406 410
f 410 406 407
f 410 407 408
f 408 409 410
f 412 414 411
f 411 414 415
f 411 415 416
f 412 413 414
f 416 417 411
f 411 417 389
f 418 419 421
f 421 419 420
f 422 423 433
f 433 423 432
f 432 423 431
f 431 423 424
f 431 424 430
f 430 424 426
f 430 426 429
f 429 426 427
f 429 427 428
f 424 425 426
f 434 435 445
f 445 435 444
f 444 435 443
f 443 435 436
f 443 436 442
f 442 436 438
f 442 438 441
f 441 438 439
f 441 439 440
f 436 437 438
f 446 447 449
f 449 447 448
f 455 450 454
f 454 450 451
f 454 451 453
f 453 451 452
f 457 458 456
f 456 458 459
f 460 461 463
f 463 461 462
f 464 465 485
f 485 465 466
f 485 466 484
f 484 466 467
f 484 467 468
f 468 469 484
f 484 469 474
f 484 474 475
f 469 470 474
f 474 470 473
f 473 470 472
f 472 470 471
f 475 476 484
f 484 476 477
f 484 477 482
f 482 477 478
f 482 478 481
f 481 478 479
f 481 479 480
f 482 483 484
f 487 488 486
f 486 488 493
f 493 488 489
f 493 489 492
f 492 489 490
f 492 490 491
f 495 496 494
f 494 496 497
f 499 501 498
f 498 501 502
f 498 502 508
f 508 502 503
f 508 503 507
f 507 503 504
f 507 504 505
f 499 500 501
f 505 506 507
f 508 509 498
f 511 512 510
f 510 512 517
f 517 512 513
f 517 513 516
f 516 513 514
f 516 514 515
f 519 520 518
f 518 520 523
f 523 520 521
f 523 521 522
f 525 527 524
f 524 527 528
f 524 528 534
f 534 528 529
f 534 529 533
f 533 529 530
f 533 530 531
f 525 526 527
f 531 532 533
f 534 535 524
f 537 538 536
f 536 538 539
f 540 541 543
f 543 541 542
f 544 545 551
f 551 545 550
f 550 545 546
f 550 546 549
f 549 546 548
f 548 546 547
f 552 553 571
f 571 553 568
f 571 568 569
f 554 564 553
f 553 564 567
f 553 567 568
f 555 556 554
f 554 556 559
f 554 559 560
f 556 557 559
f 559 557 558
f 554 560 563
f 563 560 561
f 563 561 562
f 563 564 554
f 564 565 567
f 567 565 566
f 569 570 571
f 583 572 582
f 582 572 573
f 582 573 581
f 581 573 575
f 581 575 580
f 580 575 576
f 580 576 579
f 579 576 578
f 578 576 577
f 573 574 575
f 585 586 584
f 584 586 587
f 588 589 607
f 607 589 604
f 607 604 605
f 590 600 589
f 589 600 603
f 589 603 604
f 591 592 590
f 590 592 595
f 590 595 596
f 592 593 595
f 595 593 594
f 590 596 599
f 599 596 597
f 599 597 598
f 599 600 590
f 600 601 603
f 603 601 602
f 605 606 607
f 609 610 608
f 608 610 615
f 615 610 611
f 615 611 614
f 614 611 612
f 614 612 613
f 616 617 619
f 619 617 618
f 620 621 645
f 645 621 644
f 644 621 622
f 644 622 643
f 643 622 624
f 643 624 642
f 642 624 641
f 641 624 640
f 640 624 631
f 640 631 632
f 622 623 624
f 631 624 630
f 630 624 625
f 630 625 629
f 629 625 628
f 628 625 627
f 627 625 626
f 632 633 640
f 640 633 634
f 640 634 639
f 639 634 638
f 638 634 637
f 637 634 635
f 637 635 636
f 647 648 646
f 646 648 649
f 661 650 660
f 660 650 651
f 660 651 659
f 659 651 653
f 659 653 658
f 658 653 654
f 658 654 657
f 657 654 656
f 656 654 655
f 651 652 653
f 662 663 665
f 665 663 664
f 667 668 666
f 666 668 675
f 675 668 669
f 675 669 674
f 674 669 670
f 674 670 673
f 673 670 671
f 673 671 672
f 681 676 680
f 680 676 677
f 680 677 679
f 679 677 678
f 682 683 685
f 685 683 684
f 686 687 689
f 689 687 688
f 701 690 700
f 700 690 691
f 700 691 699
f 699 691 692
f 699 692 698
f 698 692 693
f 698 693 697
f 697 693 694
f 697 694 696
f 696 694 695
f 702 703 709
f 709 703 708
f 708 703 704
f 708 704 707
f 707 704 705
f 707 705 706
f 710 711 735
f 735 711 734
f 734 711 712
f 734 712 733
f 733 712 714
f 733 714 732
f 732 714 731
f 731 714 730
f 730 714 721
f 730 721 722
f 712 713 714
f 721 714 720
f 720 714 715
f 720 715 719
f 719 715 718
f 718 715 717
f 717 715 716
f 722 723 730
f 730 723 724
f 730 724 729
f 729 724 728
f 728 724 727
f 727 724 725
f 727 725 726
f 736 737 739
f 739 737 738
f 741 742 740
f 740 742 749
f 749 742 743
f 749 743 748
f 748 743 744
f 748 744 747
f 747 744 745
f 747 745 746
f 750 751 775
f 775 751 774
f 774 751 752
f 774 752 773
f 773 752 754
f 773 754 772
f 772 754 771
f 771 754 770
f 770 754 761
f 770 761 762
f 752 753 754
f 761 754 760
f 760 754 755
f 760 755 759
f 759 755 758
f 758 755 757
f 757 755 756
f 762 763 770
f 770 763 764
f 770 764 769
f 769 764 768
f 768 764 767
f 767 764 765
f 767 765 766
f 777 778 776
f 776 778 785
f 785 778 779
f 785 779 784
f 784 779 780
f 784 780 783
f 783 780 781
f 783 781 782
f 787 788 786
f 786 788 789
f 790 791 797
f 797 791 796
f 796 791 792
f 796 792 795
f 795 792 793
f 795 793 794
f 799 800 798
f 798 800 801
f 798 801 823
f 823 801 802
f 823 802 821
f 821 802 803
f 821 803 804
f 804 805 821
f 821 805 814
f 821 814 815
f 806 811 805
f 805 811 812
f 805 812 813
f 806 807 811
f 811 807 808
f 811 808 810
f 810 808 809
f 813 814 805
f 821 815 820
f 820 815 816
f 820 816 817
f 817 818 820
f 820 818 819
f 821 822 823
f 824 825 827
f 827 825 826
f 828 829 831
f 831 829 830
f 832 833 842
f 842 833 838
f 842 838 841
f 841 838 839
f 841 839 840
f 833 834 838
f 838 834 837
f 837 834 835
f 837 835 836
f 843 844 846
f 846 844 845
f 848 849 847
f 847 849 854
f 854 849 850
f 854 850 853
f 853 850 851
f 853 851 852
f 855 856 871
f 871 856 857
f 871 857 870
f 870 857 858
f 870 858 869
f 869 858 859
f 869 859 863
f 863 859 862
f 862 859 861
f 861 859 860
f 863 864 869
f 869 864 866
f 869 866 867
f 864 865 866
f 867 868 869
f 872 873 875
f 875 873 874
f 876 877 879
f 879 877 878
f 880 881 883
f 883 881 882
f 885 886 884
f 884 886 887
f 889 890 888
f 888 890 895
f 895 890 891
f 895 891 894
f 894 891 892
f 894 892 893
f 896 897 899
f 899 897 898
f 901 902 900
f 900 902 907
f 907 902 903
f 907 903 906
f 906 903 904
f 906 904 905
f 908 909 924
f 924 909 910
f 924 910 923
f 923 910 911
f 923 911 922
f 922 911 912
f 922 912 916
f 916 912 915
f 915 912 914
f 914 912 913
f 916 917 922
f 922 917 919
f 922 919 920
f 917 918 919
f 920 921 922
f 925 926 928
f 928 926 927
f 930 931 929
f 929 931 932
f 929 932 938
f 938 932 937
f 937 932 933
f 937 933 936
f 936 933 935
f 935 933 934
f 938 939 929
f 929 939 940
f 929 940 941
f 942 943 945
f 945 943 944
f 946 947 949
f 949 947 948
f 951 952 950
f 950 952 957
f 957 952 953
f 957 953 956
f 956 953 954
f 956 954 955
f 959 960 958
f 958 960 965
f 965 960 961
f 965 961 964
f 964 961 962
f 964 962 963
f 977 966 976
f 976 966 967
f 976 967 975
f 975 967 969
f 975 969 974
f 974 969 970
f 974 970 973
f 973 970 972
f 972 970 971
f 967 968 969
f 988 978 987
f 987 978 979
f 987 979 980
f 981 982 980
f 980 982 986
f 980 986 987
f 982 983 986
f 986 983 985
f 985 983 984
f 990 991 989
f 989 991 992
f 993 994 1014
f 1014 994 1013
f 1013 994 1012
f 1012 994 995
f 1012 995 1002
f 1002 995 996
f 1002 996 997
f 997 998 1002
f 1002 998 1001
f 1001 998 999
f 1001 999 1000
f 1003 1004 1002
f 1002 1004 1009
f 1002 1009 1010
f 1009 1004 1008
f 1008 1004 1005
f 1008 1005 1007
f 1007 1005 1006
f 1010 1011 1002
f 1002 1011 1012
f 1016 1028 1015
f 1015 1028 1030
f 1015 1030 1040
f 1040 1030 1031
f 1040 1031 1039
f 1039 1031 1038
f 1038 1031 1032
f 1038 1032 1033
f 1017 1020 1016
f 1016 1020 1026
f 1016 1026 1027
f 1018 1019 1017
f 1017 1019 1020
f 1026 1020 1025
f 1025 1020 1021
f 1025 1021 1024
f 1024 1021 1023
f 1023 1021 1022
f 1027 1028 1016
f 1028 1029 1030
f 1034 1035 1033
f 1033 1035 1036
f 1033 1036 1037
f 1037 1038 1033
f 1041 1042 1051
f 1051 1042 1047
f 1051 1047 1050
f 1050 1047 1048
f 1050 1048 1049
f 1042 1043 1047
f 1047 1043 1046
f 1046 1043 1044
f 1046 1044 1045
f 1052 1053 1080
f 1080 1053 1079
f 1079 1053 1054
f 1079 1054 1055
f 1055 1056 1079
f 1079 1056 1057
f 1079 1057 1073
f 1073 1057 1072
f 1072 1057 1071
f 1071 1057 1058
f 1071 1058 1069
f 1069 1058 1059
f 1069 1059 1068
f 1068 1059 1060
f 1068 1060 1061
f 1062 1066 1061
f 1061 1066 1067
f 1061 1067 1068
f 1062 1063 1066
f 1066 1063 1064
f 1066 1064 1065
f 1069 1070 1071
f 1073 1074 1079
f 1079 1074 1078
f 1078 1074 1075
f 1078 1075 1076
f 1076 1077 1078
f 1082 1083 1081
f 1081 1083 1084
f 1090 1085 1089
f 1089 1085 1086
f 1089 1086 1088
f 1088 1086 1087
f 1092 1093 1091
f 1091 1093 1102
f 1102 1093 1094
f 1102 1094 1101
f 1101 1094 1095
f 1101 1095 1100
f 1100 1095 1096
f 1100 1096 1099
f 1099 1096 1097
f 1099 1097 1098
f 1103 1104 1106
f 1106 1104 1105
f 1107 1108 1110
f 1110 1108 1109
f 1111 1112 1114
f 1114 1112 1113
f 1116 1117 1115
f 1115 1117 1122
f 1122 1117 1118
f 1122 1118 1121
f 1121 1118 1119
f 1121 1119 1120
f 1124 1126 1123
f 1123 1126 1127
f 1123 1127 1133
f 1133 1127 1128
f 1133 1128 1132
f 1132 1128 1129
f 1132 1129 1130
f 1124 1125 1126
f 1130 1131 1132
f 1133 1134 1123
f 1146 1135 1145
f 1145 1135 1136
f 1145 1136 1144
f 1144 1136 1137
f 1144 1137 1143
f 1143 1137 1138
f 1143 1138 1142
f 1142 1138 1139
f 1142 1139 1141
f 1141 1139 1140
f 1147 1148 1150
f 1150 1148 1149
f 1151 1152 1154
f 1154 1152 1153
f 1155 1156 1158
f 1158 1156 1157
f 1160 1161 1159
f 1159 1161 1170
f 1170 1161 1162
f 1170 1162 1169
f 1169 1162 1163
f 1169 1163 1168
f 1168 1163 1164
f 1168 1164 1167
f 1167 1164 1165
f 1167 1165 1166
f 1172 1173 1171
f 1171 1173 1174
f 1171 1174 1196
f 1196 1174 1175
f 1196 1175 1194
f 1194 1175 1176
f 1194 1176 1177
f 1177 1178 1194
f 1194 1178 1187
f 1194 1187 1188
f 1179 1184 1178
f 1178 1184 1185
f 1178 1185 1186
f 1179 1180 1184
f 1184 1180 1181
f 1184 1181 1183
f 1183 1181 1182
f 1186 1187 1178
f 1194 1188 1193
f 1193 1188 1189
f 1193 1189 1190
f 1190 1191 1193
f 1193 1191 1192
f 1194 1195 1196
f 1198 1199 1197
f 1197 1199 1208
f 1208 1199 1200
f 1208 1200 1207
f 1207 1200 1201
f 1207 1201 1206
f 1206 1201 1202
f 1206 1202 1205
f 1205 1202 1203
f 1205 1203 1204
f 1210 1211 1209
f 1209 1211 1234
f 1234 1211 1212
f 1234 1212 1213
f 1213 1214 1234
f 1234 1214 1233
f 1233 1214 1232
f 1232 1214 1231
f 1231 1214 1224
f 1231 1224 1230
f 1230 1224 1225
f 1230 1225 1229
f 1229 1225 1228
f 1228 1225 1227
f 1227 1225 1226
f 1214 1215 1224
f 1224 1215 1216
f 1224 1216 1217
f 1224 1217 1222
f 1222 1217 1218
f 1222 1218 1221
f 1221 1218 1219
f 1221 1219 1220
f 1222 1223 1224
f 1235 1236 1238
f 1238 1236 1237
f 1240 1241 1239
f 1239 1241 1242
f 1253 1243 1248
f 1248 1243 1244
f 1248 1244 1247
f 1247 1244 1246
f 1246 1244 1245
f 1248 1249 1253
f 1253 1249 1252
f 1252 1249 1250
f 1252 1250 1251
f 1255 1256 1254
f 1254 1256 1259
f 1259 1256 1257
f 1259 1257 1258
f 1260 1261 1272
f 1272 1261 1271
f 1271 1261 1265
f 1271 1265 1266
f 1262 1263 1261
f 1261 1263 1264
f 1261 1264 1265
f 1271 1266 1270
f 1270 1266 1267
f 1270 1267 1268
f 1268 1269 1270
f 1274 1275 1273
f 1273 1275 1282
f 1282 1275 1276
f 1282 1276 1281
f 1281 1276 1277
f 1281 1277 1280
f 1280 1277 1278
f 1280 1278 1279
f 1284 1285 1283
f 1283 1285 1286
f 1288 1291 1287
f 1287 1291 1297
f 1287 1297 1298
f 1289 1290 1288
f 1288 1290 1291
f 1297 1291 1296
f 1296 1291 1292
f 1296 1292 1295
f 1295 1292 1294
f 1294 1292 1293
f 1298 1299 1287
f 1287 1299 1312
f 1312 1299 1301
f 1312 1301 1311
f 1311 1301 1302
f 1311 1302 1310
f 1310 1302 1309
f 1309 1302 1303
f 1309 1303 1304
f 1299 1300 1301
f 1305 1306 1304
f 1304 1306 1307
f 1304 1307 1308
f 1308 1309 1304
f 1313 1314 1316
f 1316 1314 1315
f 1328 1317 1327
f 1327 1317 1318
f 1327 1318 1326
f 1326 1318 1320
f 1326 1320 1325
f 1325 1320 1321
f 1325 1321 1324
f 1324 1321 1323
f 1323 1321 1322
f 1318 1319 1320
f 1329 1330 1332
f 1332 1330 1331
f 1334 1335 1333
f 1333 1335 1340
f 1340 1335 1336
f 1340 1336 1339
f 1339 1336 1337
f 1339 1337 1338
f 1342 1343 1341
f 1341 1343 1344
f 1345 1346 1352
f 1352 1346 1351
f 1351 1346 1347
f 1351 1347 1350
f 1350 1347 1348
f 1350 1348 1349
f 1353 1354 1356
f 1356 1354 1355
f 1357 1358 1360
f 1360 1358 1359
f 1361 1362 1367
f 1367 1362 1366
f 1366 1362 1363
f 1366 1363 1365
f 1365 1363 1364
f 1368 1369 1371
f 1371 1369 1370
f 1372 1373 1375
f 1375 1373 1374
f 1377 1378 1376
f 1376 1378 1379
f 1380 1381 1383
f 1383 1381 1382
f 1385 1386 1384
f 1384 1386 1387
f 1384 1387 1388
f 1384 1388 1395
f 1395 1388 1389
f 1395 1389 1393
f 1393 1389 1390
f 1393 1390 1392
f 1392 1390 1391
f 1393 1394 1395
f 1397 1398 1396
f 1396 1398 1399
f 1401 1402 1400
f 1400 1402 1403
f 1400 1403 1425
f 1425 1403 1404
f 1425 1404 1423
f 1423 1404 1405
f 1423 1405 1406
f 1406 1407 1423
f 1423 1407 1416
f 1423 1416 1417
f 1408 1413 1407
f 1407 1413 1414
f 1407 1414 1415
f 1408 1409 1413
f 1413 1409 1410
f 1413 1410 1412
f 1412 1410 1411
f 1415 1416 1407
f 1423 1417 1422
f 1422 1417 1418
f 1422 1418 1419
f 1419 1420 1422
f 1422 1420 1421
f 1423 1424 1425
f 1437 1426 1436
f 1436 1426 1427
f 1436 1427 1435
f 1435 1427 1428
f 1435 1428 1434
f 1434 1428 1429
f 1434 1429 1433
f 1433 1429 1430
f 1433 1430 1431
f 1431 1432 1433
f 1442 1438 1441
f 1441 1438 1439
f 1441 1439 1440
f 1444 1445 1443
f 1443 1445 1446
f 1448 1449 1447
f 1447 1449 1456
f 1456 1449 1450
f 1456 1450 1455
f 1455 1450 1451
f 1455 1451 1454
f 1454 1451 1452
f 1454 1452 1453
f 1458 1459 1457
f 1457 1459 1460
f 1461 1462 1464
f 1464 1462 1463
f 1465 1466 1468
f 1468 1466 1467
f 1470 1471 1469
f 1469 1471 1472
f 1473 1474 1476
f 1476 1474 1475
f 1477 1478 1480
f 1480 1478 1479
f 1492 1481 1491
f 1491 1481 1482
f 1491 1482 1490
f 1490 1482 1484
f 1490 1484 1489
f 1489 1484 1485
f 1489 1485 1488
f 1488 1485 1487
f 1487 1485 1486
f 1482 1483 1484
f 1494 1498 1493
f 1493 1498 1502
f 1493 1502 1503
f 1498 1494 1497
f 1497 1494 1495
f 1497 1495 1496
f 1502 1498 1501
f 1501 1498 1499
f 1501 1499 1500
f 1504 1505 1507
f 1507 1505 1506
f 1509 1510 1508
f 1508 1510 1511
f 1512 1513 1515
f 1515 1513 1514
f 1516 1517 1519
f 1519 1517 1518
f 1521 1522 1520
f 1520 1522 1523
f 1524 1525 1531
f 1531 1525 1530
f 1530 1525 1526
f 1530 1526 1529
f 1529 1526 1528
f 1528 1526 1527
f 1532 1533 1535
f 1535 1533 1534
f 1537 1538 1536
f 1536 1538 1539
f 1540 1541 1543
f 1543 1541 1542
f 1545 1546 1544
f 1544 1546 1547
f 1548 1549 1551
f 1551 1549 1550
f 1553 1554 1552
f 1552 1554 1555
f 1556 1557 1559
f 1559 1557 1558
f 1561 1562 1560
f 1560 1562 1563
f 1560 1563 1585
f 1585 1563 1564
f 1585 1564 1583
f 1583 1564 1565
f 1583 1565 1566
f 1566 1567 1583
f 1583 1567 1576
f 1583 1576 1577
f 1568 1573 1567
f 1567 1573 1574
f 1567 1574 1575
f 1568 1569 1573
f 1573 1569 1570
f 1573 1570 1572
f 1572 1570 1571
f 1575 1576 1567
f 1583 1577 1582
f 1582 1577 1578
f 1582 1578 1579
f 1579 1580 1582
f 1582 1580 1581
f 1583 1584 1585
f 1591 1586 1590
f 1590 1586 1587
f 1590 1587 1589
f 1589 1587 1588
f 1593 1594 1592
f 1592 1594 1595
f 1596 1597 1599
f 1599 1597 1598
f 1600 1601 1603
f 1603 1601 1602
f 1605 1606 1604
f 1604 1606 1615
f 1615 1606 1607
f 1615 1607 1614
f 1614 1607 1608
f 1614 1608 1613
f 1613 1608 1609
f 1613 1609 1612
f 1612 1609 1610
f 1612 1610 1611
f 1616 1617 1619
f 1619 1617 1618
f 1620 1621 1631
f 1631 1621 1630
f 1630 1621 1622
f 1630 1622 1629
f 1629 1622 1623
f 1629 1623 1628
f 1628 1623 1624
f 1628 1624 1627
f 1627 1624 1625
f 1627 1625 1626
f 1633 1646 1632
f 1632 1646 1647
f 1632 1647 1648
f 1646 1633 1644
f 1644 1633 1634
f 1644 1634 1643
f 1643 1634 1635
f 1643 1635 1636
f 1637 1641 1636
f 1636 1641 1642
f 1636 1642 1643
f 1637 1638 1641
f 1641 1638 1639
f 1641 1639 1640
f 1644 1645 1646
f 1632 1648 1654
f 1654 1648 1649
f 1654 1649 1653
f 1653 1649 1650
f 1653 1650 1651
f 1651 1652 1653
f 1655 1657 1654
f 1654 1657 1658
f 1654 1658 1659
f 1655 1656 1657
f 1659 1660 1654
f 1654 1660 1632
f 1662 1663 1661
f 1661 1663 1664
f 1666 1667 1665
f 1665 1667 1668
f 1665 1668 1690
f 1690 1668 1669
f 1690 1669 1688
f 1688 1669 1670
f 1688 1670 1671
f 1671 1672 1688
f 1688 1672 1681
f 1688 1681 1682
f 1673 1678 1672
f 1672 1678 1679
f 1672 1679 1680
f 1673 1674 1678
f 1678 1674 1675
f 1678 1675 1677
f 1677 1675 1676
f 1680 1681 1672
f 1688 1682 1687
f 1687 1682 1683
f 1687 1683 1684
f 1684 1685 1687
f 1687 1685 1686
f 1688 1689 1690
f 1691 1692 1694
f 1694 1692 1693
f 1695 1696 1698
f 1698 1696 1697
f 1699 1700 1702
f 1702 1700 1701
f 1704 1714 1703
f 1703 1714 1759
f 1703 1759 1783
f 1783 1759 1782
f 1782 1759 1760
f 1782 1760 1781
f 1781 1760 1761
f 1781 1761 1780
f 1780 1761 1762
f 1780 1762 1779
f 1779 1762 1763
f 1779 1763 1778
f 1778 1763 1764
f 1778 1764 1777
f 1777 1764 1765
f 1777 1765 1776
f 1776 1765 1766
f 1776 1766 1775
f 1775 1766 1767
f 1775 1767 1774
f 1774 1767 1768
f 1774 1768 1773
f 1773 1768 1769
f 1773 1769 1772
f 1772 1769 1770
f 1772 1770 1771
f 1714 1704 1713
f 1713 1704 1705
f 1713 1705 1712
f 1712 1705 1706
f 1712 1706 1711
f 1711 1706 1707
f 1711 1707 1710
f 1710 1707 1708
f 1710 1708 1709
f 1714 1715 1759
f 1759 1715 1726
f 1759 1726 1727
f 1715 1716 1726
f 1726 1716 1725
f 1725 1716 1724
f 1724 1716 1717
f 1724 1717 1723
f 1723 1717 1718
f 1723 1718 1722
f 1722 1718 1719
f 1722 1719 1720
f 1720 1721 1722
f 1759 1727 1738
f 1738 1727 1728
f 1738 1728 1737
f 1737 1728 1729
f 1737 1729 1736
f 1736 1729 1730
f 1736 1730 1735
f 1735 1730 1731
f 1735 1731 1734
f 1734 1731 1732
f 1734 1732 1733
f 1738 1739 1759
f 1759 1739 1750
f 1759 1750 1758
f 1758 1750 1751
f 1758 1751 1752
f 1739 1740 1750
f 1750 1740 1749
f 1749 1740 1741
f 1749 1741 1748
f 1748 1741 1742
f 1748 1742 1747
f 1747 1742 1743
f 1747 1743 1746
f 1746 1743 1744
f 1746 1744 1745
f 1752 1753 1758
f 1758 1753 1754
f 1758 1754 1757
f 1757 1754 1755
f 1757 1755 1756
f 1784 1788 1783
f 1783 1788 1789
f 1783 1789 1790
f 1785 1786 1784
f 1784 1786 1787
f 1784 1787 1788
f 1790 1703 1783
f 1792 1793 1791
f 1791 1793 1802
f 1802 1793 1794
f 1802 1794 1801
f 1801 1794 1795
f 1801 1795 1800
f 1800 1795 1796
f 1800 1796 1799
f 1799 1796 1797
f 1799 1797 1798
f 1803 1804 1820
f 1820 1804 1819
f 1819 1804 1818
f 1818 1804 1811
f 1818 1811 1812
f 1804 1805 1811
f 1811 1805 1810
f 1810 1805 1809
f 1809 1805 1806
f 1809 1806 1807
f 1807 1808 1809
f 1813 1814 1812
f 1812 1814 1815
f 1812 1815 1816
f 1816 1817 1812
f 1812 1817 1818
f 1821 1822 1824
f 1824 1822 1823
f 1825 1826 1828
f 1828 1826 1827
f 1840 1829 1839
f 1839 1829 1830
f 1839 1830 1831
f 1839 1831 1838
f 1838 1831 1832
f 1838 1832 1837
f 1837 1832 1833
f 1837 1833 1836
f 1836 1833 1834
f 1836 1834 1835
f 1846 1841 1845
f 1845 1841 1842
f 1845 1842 1844
f 1844 1842 1843
f 1848 1850 1847
f 1847 1850 1851
f 1847 1851 1972
f 1972 1851 1969
f 1972 1969 1970
f 1848 1849 1850
f 1852 1916 1851
f 1851 1916 1917
f 1851 1917 1920
f 1920 1917 1918
f 1920 1918 1919
f 1853 1856 1852
f 1852 1856 1857
f 1852 1857 1860
f 1860 1857 1858
f 1860 1858 1859
f 1854 1855 1853
f 1853 1855 1856
f 1860 1861 1852
f 1852 1861 1864
f 1852 1864 1865
f 1861 1862 1864
f 1864 1862 1863
f 1852 1865 1868
f 1868 1865 1866
f 1868 1866 1867
f 1868 1869 1852
f 1852 1869 1872
f 1852 1872 1873
f 1869 1870 1872
f 1872 1870 1871
f 1852 1873 1876
f 1876 1873 1874
f 1876 1874 1875
f 1876 1877 1852
f 1852 1877 1880
f 1852 1880 1881
f 1877 1878 1880
f 1880 1878 1879
f 1852 1881 1884
f 1884 1881 1882
f 1884 1882 1883
f 1884 1885 1852
f 1852 1885 1888
f 1852 1888 1889
f 1885 1886 1888
f 1888 1886 1887
f 1852 1889 1892
f 1892 1889 1890
f 1892 1890 1891
f 1892 1893 1852
f 1852 1893 1896
f 1852 1896 1897
f 1893 1894 1896
f 1896 1894 1895
f 1852 1897 1900
f 1900 1897 1898
f 1900 1898 1899
f 1900 1901 1852
f 1852 1901 1904
f 1852 1904 1905
f 1901 1902 1904
f 1904 1902 1903
f 1852 1905 1908
f 1908 1905 1906
f 1908 1906 1907
f 1908 1909 1852
f 1852 1909 1912
f 1852 1912 1913
f 1909 1910 1912
f 1912 1910 1911
f 1852 1913 1916
f 1916 1913 1914
f 1916 1914 1915
f 1920 1921 1851
f 1851 1921 1924
f 1851 1924 1925
f 1921 1922 1924
f 1924 1922 1923
f 1851 1925 1928
f 1928 1925 1926
f 1928 1926 1927
f 1928 1929 1851
f 1851 1929 1932
f 1851 1932 1933
f 1929 1930 1932
f 1932 1930 1931
f 1851 1933 1936
f 1936 1933 1934
f 1936 1934 1935
f 1936 1937 1851
f 1851 1937 1940
f 1851 1940 1941
f 1937 1938 1940
f 1940 1938 1939
f 1851 1941 1944
f 1944 1941 1942
f 1944 1942 1943
f 1944 1945 1851
f 1851 1945 1948
f 1851 1948 1949
f 1945 1946 1948
f 1948 1946 1947
f 1851 1949 1952
f 1952 1949 1950
f 1952 1950 1951
f 1952 1953 1851
f 1851 1953 1956
f 1851 1956 1957
f 1953 1954 1956
f 1956 1954 1955
f 1851 1957 1960
f 1960 1957 1958
f 1960 1958 1959
f 1960 1961 1851
f 1851 1961 1964
f 1851 1964 1965
f 1961 1962 1964
f 1964 1962 1963
f 1851 1965 1968
f 1968 1965 1966
f 1968 1966 1967
f 1968 1969 1851
f 1970 1971 1972
f 1974 1975 1973
f 1973 1975 1976
f 1978 1979 1977
f 1977 1979 1982
f 1977 1982 1983
f 1979 1980 1982
f 1982 1980 1981
f 1977 1983 1986
f 1986 1983 1984
f 1986 1984 1985
f 1986 1987 1977
f 1977 1987 1999
f 1999 1987 1990
f 1999 1990 1991
f 1987 1988 1990
f 1990 1988 1989
f 1999 1991 1994
f 1994 1991 1992
f 1994 1992 1993
f 1994 1995 1999
f 1999 1995 1998
f 1998 1995 1996
f 1998 1996 1997
f 2001 2002 2000
f 2000 2002 2011
f 2011 2002 2003
f 2011 2003 2010
f 2010 2003 2004
f 2010 2004 2009
f 2009 2004 2005
f 2009 2005 2008
f 2008 2005 2006
f 2008 2006 2007
f 2013 2021 2012
f 2012 2021 2022
f 2012 2022 2033
f 2033 2022 2023
f 2033 2023 2024
f 2021 2013 2020
f 2020 2013 2014
f 2020 2014 2019
f 2019 2014 2018
f 2018 2014 2015
f 2018 2015 2017
f 2017 2015 2016
f 2033 2024 2032
f 2032 2024 2025
f 2032 2025 2031
f 2031 2025 2026
f 2031 2026 2027
f 2031 2027 2030
f 2030 2027 2028
f 2030 2028 2029
f 2035 2036 2034
f 2034 2036 2037
f 2034 2037 2038
f 2034 2038 2043
f 2043 2038 2039
f 2043 2039 2042
f 2042 2039 2040
f 2042 2040 2041
f 2043 2044 2034
f 2045 2046 2048
f 2048 2046 2047
f 2049 2050 2066
f 2066 2050 2065
f 2065 2050 2064
f 2064 2050 2057
f 2064 2057 2058
f 2050 2051 2057
f 2057 2051 2056
f 2056 2051 2055
f 2055 2051 2052
f 2055 2052 2053
f 2053 2054 2055
f 2059 2060 2058
f 2058 2060 2061
f 2058 2061 2062
f 2062 2063 2058
f 2058 2063 2064
f 2068 2069 2067
f 2067 2069 2078
f 2078 2069 2070
f 2078 2070 2077
f 2077 2070 2071
f 2077 2071 2076
f 2076 2071 2072
f 2076 2072 2075
f 2075 2072 2073
f 2075 2073 2074
f 2079 2080 2082
f 2082 2080 2081
f 2084 2085 2083
f 2083 2085 2086
f 2088 2089 2087
f 2087 2089 2090
f 2091 2092 2094
f 2094 2092 2093
f 2095 2096 2123
f 2123 2096 2122
f 2122 2096 2097
f 2122 2097 2098
f 2098 2099 2122
f 2122 2099 2100
f 2122 2100 2116
f 2116 2100 2115
f 2115 2100 2114
f 2114 2100 2101
f 2114 2101 2112
f 2112 2101 2102
f 2112 2102 2111
f 2111 2102 2103
f 2111 2103 2104
f 2105 2109 2104
f 2104 2109 2110
f 2104 2110 2111
f 2105 2106 2109
f 2109 2106 2107
f 2109 2107 2108
f 2112 2113 2114
f 2116 2117 2122
f 2122 2117 2121
f 2121 2117 2118
f 2121 2118 2119
f 2119 2120 2121
f 2124 2125 2145
f 2145 2125 2144
f 2144 2125 2143
f 2143 2125 2126
f 2143 2126 2133
f 2133 2126 2127
f 2133 2127 2128
f 2128 2129 2133
f 2133 2129 2132
f 2132 2129 2130
f 2132 2130 2131
f 2134 2135 2133
f 2133 2135 2140
f 2133 2140 2141
f 2140 2135 2139
f 2139 2135 2136
f 2139 2136 2138
f 2138 2136 2137
f 2141 2142 2133
f 2133 2142 2143
f 2147 2159 2146
f 2146 2159 2161
f 2146 2161 2171
f 2171 2161 2162
f 2171 2162 2170
f 2170 2162 2169
f 2169 2162 2163
f 2169 2163 2164
f 2148 2151 2147
f 2147 2151 2157
f 2147 2157 2158
f 2149 2150 2148
f 2148 2150 2151
f 2157 2151 2156
f 2156 2151 2152
f 2156 2152 2155
f 2155 2152 2154
f 2154 2152 2153
f 2158 2159 2147
f 2159 2160 2161
f 2165 2166 2164
f 2164 2166 2167
f 2164 2167 2168
f 2168 2169 2164
f 2173 2174 2172
f 2172 2174 2179
f 2179 2174 2175
f 2179 2175 2178
f 2178 2175 2176
f 2178 2176 2177
f 2180 2181 2183
f 2183 2181 2182
f 2185 2186 2184
f 2184 2186 2191
f 2184 2191 2192
f 2191 2186 2190
f 2190 2186 2187
f 2190 2187 2189
f 2189 2187 2188
f 2192 2193 2184
f 2184 2193 2194
f 2195 2196 2198
f 2198 2196 2197
f 2200 2208 2199
f 2199 2208 2209
f 2199 2209 2220
f 2220 2209 2210
f 2220 2210 2211
f 2208 2200 2207
f 2207 2200 2201
f 2207 2201 2206
f 2206 2201 2205
f 2205 2201 2202
f 2205 2202 2204
f 2204 2202 2203
f 2220 2211 2219
f 2219 2211 2212
f 2219 2212 2218
f 2218 2212 2213
f 2218 2213 2214
f 2218 2214 2217
f 2217 2214 2215
f 2217 2215 2216
f 2221 2222 2224
f 2224 2222 2223
f 2236 2225 2235
f 2235 2225 2226
f 2235 2226 2234
f 2234 2226 2228
f 2234 2228 2233
f 2233 2228 2229
f 2233 2229 2232
f 2232 2229 2231
f 2231 2229 2230
f 2226 2227 2228
f 2237 2238 2243
f 2243 2238 2242
f 2242 2238 2239
f 2242 2239 2241
f 2241 2239 2240
f 2245 2246 2244
f 2244 2246 2247
f 2249 2250 2248
f 2248 2250 2251
f 2252 2253 2259
f 2259 2253 2258
f 2258 2253 2254
f 2258 2254 2257
f 2257 2254 2255
f 2257 2255 2256
f 2260 2261 2263
f 2263 2261 2262
f 2264 2265 2289
f 2289 2265 2288
f 2288 2265 2266
f 2288 2266 2287
f 2287 2266 2268
f 2287 2268 2286
f 2286 2268 2285
f 2285 2268 2284
f 2284 2268 2275
f 2284 2275 2276
f 2266 2267 2268
f 2275 2268 2274
f 2274 2268 2269
f 2274 2269 2273
f 2273 2269 2272
f 2272 2269 2271
f 2271 2269 2270
f 2276 2277 2284
f 2284 2277 2278
f 2284 2278 2283
f 2283 2278 2282
f 2282 2278 2281
f 2281 2278 2279
f 2281 2279 2280
f 2301 2290 2300
f 2300 2290 2291
f 2300 2291 2299
f 2299 2291 2292
f 2299 2292 2298
f 2298 2292 2293
f 2298 2293 2294
f 2298 2294 2297
f 2297 2294 2295
f 2297 2295 2296
f 2303 2304 2302
f 2302 2304 2305
f 2306 2307 2309
f 2309 2307 2308
f 2310 2311 2322
f 2322 2311 2321
f 2321 2311 2320
f 2320 2311 2314
f 2320 2314 2319
f 2319 2314 2315
f 2319 2315 2318
f 2318 2315 2317
f 2317 2315 2316
f 2312 2313 2311
f 2311 2313 2314
f 2323 2324 2326
f 2326 2324 2325
f 2327 2328 2333
f 2333 2328 2332
f 2332 2328 2329
f 2332 2329 2331
f 2331 2329 2330
f 2335 2336 2334
f 2334 2336 2345
f 2345 2336 2337
f 2345 2337 2344
f 2344 2337 2338
f 2344 2338 2343
f 2343 2338 2339
f 2343 2339 2342
f 2342 2339 2340
f 2342 2340 2341
f 2346 2347 2367
f 2367 2347 2366
f 2366 2347 2348
f 2366 2348 2365
f 2365 2348 2364
f 2364 2348 2349
f 2364 2349 2363
f 2363 2349 2350
f 2363 2350 2362
f 2362 2350 2351
f 2362 2351 2361
f 2361 2351 2360
f 2360 2351 2352
f 2360 2352 2359
f 2359 2352 2353
f 2359 2353 2358
f 2358 2353 2357
f 2357 2353 2354
f 2357 2354 2356
f 2356 2354 2355
f 2368 2369 2371
f 2371 2369 2370
f 2373 2374 2372
f 2372 2374 2375
f 2377 2378 2376
f 2376 2378 2385
f 2385 2378 2379
f 2385 2379 2384
f 2384 2379 2380
f 2384 2380 2383
f 2383 2380 2381
f 2383 2381 2382
f 2386 2387 2389
f 2389 2387 2388
f 2394 2390 2393
f 2393 2390 2391
f 2393 2391 2392
f 2396 2397 2395
f 2395 2397 2406
f 2406 2397 2398
f 2406 2398 2405
f 2405 2398 2399
f 2405 2399 2404
f 2404 2399 2400
f 2404 2400 2403
f 2403 2400 2401
f 2403 2401 2402
f 2408 2409 2407
f 2407 2409 2412
f 2412 2409 2410
f 2412 2410 2411
f 2414 2415 2413
f 2413 2415 2416
f 2418 2419 2417
f 2417 2419 2421
f 2421 2419 2420
f 2422 2423 2443
f 2443 2423 2424
f 2443 2424 2442
f 2442 2424 2425
f 2442 2425 2426
f 2426 2427 2442
f 2442 2427 2432
f 2442 2432 2433
f 2427 2428 2432
f 2432 2428 2431
f 2431 2428 2430
f 2430 2428 2429
f 2433 2434 2442
f 2442 2434 2435
f 2442 2435 2440
f 2440 2435 2436
f 2440 2436 2439
f 2439 2436 2437
f 2439 2437 2438
f 2440 2441 2442
f 2444 2445 2449
f 2449 2445 2448
f 2448 2445 2446
f 2448 2446 2447
f 2451 2452 2450
f 2450 2452 2453
f 2455 2456 2454
f 2454 2456 2457
f 2459 2460 2458
f 2458 2460 2461
f 2463 2465 2462
f 2462 2465 2466
f 2462 2466 2472
f 2472 2466 2467
f 2472 2467 2471
f 2471 2467 2468
f 2471 2468 2469
f 2463 2464 2465
f 2469 2470 2471
f 2472 2473 2462
f 2475 2476 2474
f 2474 2476 2477
f 2478 2479 2481
f 2481 2479 2480
f 2482 2483 2485
f 2485 2483 2484
f 2487 2488 2486
f 2486 2488 2493
f 2493 2488 2489
f 2493 2489 2492
f 2492 2489 2490
f 2492 2490 2491
f 2494 2495 2501
f 2501 2495 2500
f 2500 2495 2496
f 2500 2496 2499
f 2499 2496 2497
f 2499 2497 2498
f 2503 2504 2502
f 2502 2504 2505
f 2507 2508 2506
f 2506 2508 2509
f 2510 2511 2513
f 2513 2511 2512
f 2514 2515 2521
f 2521 2515 2520
f 2520 2515 2516
f 2520 2516 2519
f 2519 2516 2518
f 2518 2516 2517
f 2523 2524 2522
f 2522 2524 2529
f 2522 2529 2530
f 2529 2524 2528
f 2528 2524 2525
f 2528 2525 2527
f 2527 2525 2526
f 2530 2531 2522
f 2522 2531 2532
f 2534 2535 2533
f 2533 2535 2542
f 2542 2535 2536
f 2542 2536 2541
f 2541 2536 2537
f 2541 2537 2540
f 2540 2537 2538
f 2540 2538 2539
f 2547 2543 2546
f 2546 2543 2544
f 2546 2544 2545
f 2548 2549 2573
f 2573 2549 2550
f 2573 2550 2572
f 2572 2550 2571
f 2571 2550 2570
f 2570 2550 2551
f 2570 2551 2552
f 2552 2553 2570
f 2570 2553 2560
f 2570 2560 2569
f 2569 2560 2568
f 2568 2560 2567
f 2567 2560 2562
f 2567 2562 2566
f 2566 2562 2563
f 2566 2563 2565
f 2565 2563 2564
f 2553 2554 2560
f 2560 2554 2559
f 2559 2554 2555
f 2559 2555 2556
f 2556 2557 2559
f 2559 2557 2558
f 2560 2561 2562
f 2574 2575 2599
f 2599 2575 2598
f 2598 2575 2576
f 2598 2576 2597
f 2597 2576 2578
f 2597 2578 2596
f 2596 2578 2595
f 2595 2578 2594
f 2594 2578 2585
f 2594 2585 2586
f 2576 2577 2578
f 2585 2578 2584
f 2584 2578 2579
f 2584 2579 2583
f 2583 2579 2582
f 2582 2579 2581
f 2581 2579 2580
f 2586 2587 2594
f 2594 2587 2588
f 2594 2588 2593
f 2593 2588 2592
f 2592 2588 2591
f 2591 2588 2589
f 2591 2589 2590
f 2600 2601 2605
f 2605 2601 2604
f 2604 2601 2602
f 2604 2602 2603
f 2606 2607 2611
f 2611 2607 2610
f 2610 2607 2608
f 2610 2608 2609
f 2612 2613 2622
f 2622 2613 2621
f 2621 2613 2620
f 2620 2613 2615
f 2620 2615 2619
f 2619 2615 2616
f 2619 2616 2618
f 2618 2616 2617
f 2613 2614 2615
f 2623 2624 2626
f 2626 2624 2625
f 2627 2628 2637
f 2637 2628 2636
f 2636 2628 2635
f 2635 2628 2630
f 2635 2630 2634
f 2634 2630 2631
f 2634 2631 2633
f 2633 2631 2632
f 2628 2629 2630
f 2638 2639 2660
f 2660 2639 2657
f 2660 2657 2658
f 2640 2652 2639
f 2639 2652 2653
f 2639 2653 2656
f 2656 2653 2654
f 2656 2654 2655
f 2641 2644 2640
f 2640 2644 2645
f 2640 2645 2648
f 2648 2645 2646
f 2648 2646 2647
f 2642 2643 2641
f 2641 2643 2644
f 2648 2649 2640
f 2640 2649 2652
f 2649 2650 2652
f 2652 2650 2651
f 2656 2657 2639
f 2658 2659 2660
f 2662 2663 2661
f 2661 2663 2664
f 2665 2666 2681
f 2681 2666 2667
f 2681 2667 2680
f 2680 2667 2668
f 2680 2668 2679
f 2679 2668 2669
f 2679 2669 2673
f 2673 2669 2672
f 2672 2669 2671
f 2671 2669 2670
f 2673 2674 2679
f 2679 2674 2676
f 2679 2676 2677
f 2674 2675 2676
f 2677 2678 2679
f 2683 2684 2682
f 2682 2684 2687
f 2687 2684 2685
f 2687 2685 2686
f 2688 2689 2709
f 2709 2689 2708
f 2708 2689 2690
f 2708 2690 2707
f 2707 2690 2706
f 2706 2690 2691
f 2706 2691 2705
f 2705 2691 2692
f 2705 2692 2704
f 2704 2692 2693
f 2704 2693 2703
f 2703 2693 2702
f 2702 2693 2694
f 2702 2694 2701
f 2701 2694 2695
f 2701 2695 2700
f 2700 2695 2699
f 2699 2695 2696
f 2699 2696 2698
f 2698 2696 2697
f 2711 2712 2710
f 2710 2712 2713
f 2715 2716 2714
f 2714 2716 2717
f 2719 2720 2718
f 2718 2720 2721
f 2722 2723 2744
f 2744 2723 2741
f 2744 2741 2742
f 2724 2736 2723
f 2723 2736 2737
f 2723 2737 2740
f 2740 2737 2738
f 2740 2738 2739
f 2725 2728 2724
f 2724 2728 2729
f 2724 2729 2732
f 2732 2729 2730
f 2732 2730 2731
f 2726 2727 2725
f 2725 2727 2728
f 2732 2733 2724
f 2724 2733 2736
f 2733 2734 2736
f 2736 2734 2735
f 2740 2741 2723
f 2742 2743 2744
f 2746 2747 2745
f 2745 2747 2748
f 2750 2751 2749
f 2749 2751 2759
f 2749 2759 2760
f 2759 2751 2757
f 2757 2751 2752
f 2757 2752 2753
f 2757 2753 2756
f 2756 2753 2754
f 2756 2754 2755
f 2757 2758 2759
f 2762 2763 2761
f 2761 2763 2768
f 2768 2763 2764
f 2768 2764 2767
f 2767 2764 2765
f 2767 2765 2766
f 2769 2770 2785
f 2785 2770 2771
f 2785 2771 2784
f 2784 2771 2772
f 2784 2772 2783
f 2783 2772 2773
f 2783 2773 2777
f 2777 2773 2776
f 2776 2773 2775
f 2775 2773 2774
f 2777 2778 2783
f 2783 2778 2780
f 2783 2780 2781
f 2778 2779 2780
f 2781 2782 2783
f 2787 2788 2786
f 2786 2788 2789
f 2790 2791 2793
f 2793 2791 2792
f 2794 2795 2797
f 2797 2795 2796
f 2798 2799 2801
f 2801 2799 2800
f 2802 2803 2827
f 2827 2803 2826
f 2826 2803 2804
f 2826 2804 2825
f 2825 2804 2806
f 2825 2806 2824
f 2824 2806 2823
f 2823 2806 2822
f 2822 2806 2813
f 2822 2813 2814
f 2804 2805 2806
f 2813 2806 2812
f 2812 2806 2807
f 2812 2807 2811
f 2811 2807 2810
f 2810 2807 2809
f 2809 2807 2808
f 2814 2815 2822
f 2822 2815 2816
f 2822 2816 2821
f 2821 2816 2820
f 2820 2816 2819
f 2819 2816 2817
f 2819 2817 2818
f 2829 2831 2828
f 2828 2831 2832
f 2828 2832 2838
f 2838 2832 2833
f 2838 2833 2837
f 2837 2833 2834
f 2837 2834 2835
f 2829 2830 2831
f 2835 2836 2837
f 2838 2839 2828
f 2840 2841 2843
f 2843 2841 2842
f 2844 2845 2847
f 2847 2845 2846
f 2849 2850 2848
f 2848 2850 2851
f 2853 2854 2852
f 2852 2854 2869
f 2869 2854 2855
f 2869 2855 2868
f 2868 2855 2856
f 2868 2856 2867
f 2867 2856 2857
f 2867 2857 2866
f 2866 2857 2858
f 2866 2858 2865
f 2865 2858 2859
f 2865 2859 2864
f 2864 2859 2860
f 2864 2860 2863
f 2863 2860 2861
f 2863 2861 2862
f 2881 2870 2880
f 2880 2870 2871
f 2880 2871 2879
f 2879 2871 2872
f 2879 2872 2878
f 2878 2872 2873
f 2878 2873 2877
f 2877 2873 2874
f 2877 2874 2876
f 2876 2874 2875
f 2883 2895 2882
f 2882 2895 2897
f 2882 2897 2907
f 2907 2897 2898
f 2907 2898 2906
f 2906 2898 2905
f 2905 2898 2899
f 2905 2899 2900
f 2884 2887 2883
f 2883 2887 2893
f 2883 2893 2894
f 2885 2886 2884
f 2884 2886 2887
f 2893 2887 2892
f 2892 2887 2888
f 2892 2888 2891
f 2891 2888 2890
f 2890 2888 2889
f 2894 2895 2883
f 2895 2896 2897
f 2901 2902 2900
f 2900 2902 2903
f 2900 2903 2904
f 2904 2905 2900
f 2909 2910 2908
f 2908 2910 2933
f 2933 2910 2911
f 2933 2911 2912
f 2912 2913 2933
f 2933 2913 2932
f 2932 2913 2931
f 2931 2913 2930
f 2930 2913 2923
f 2930 2923 2929
f 2929 2923 2924
f 2929 2924 2928
f 2928 2924 2927
f 2927 2924 2926
f 2926 2924 2925
f 2913 2914 2923
f 2923 2914 2915
f 2923 2915 2916
f 2923 2916 2921
f 2921 2916 2917
f 2921 2917 2920
f 2920 2917 2918
f 2920 2918 2919
f 2921 2922 2923
f 2934 2935 2937
f 2937 2935 2936
f 2938 2939 3108
f 3108 2939 3105
f 3108 3105 3106
f 2940 3092 2939
f 2939 3092 3093
f 2939 3093 3096
f 3096 3093 3094
f 3096 3094 3095
f 3092 2940 3091
f 3091 2940 2941
f 3091 2941 2942
f 3091 2942 3090
f 3090 2942 2943
f 3090 2943 2968
f 2968 2943 2944
f 2968 2944 2967
f 2967 2944 2945
f 2967 2945 2966
f 2966 2945 2946
f 2966 2946 2947
f 2966 2947 2950
f 2950 2947 2948
f 2950 2948 2949
f 2950 2951 2966
f 2966 2951 2954
f 2966 2954 2955
f 2951 2952 2954
f 2954 2952 2953
f 2966 2955 2958
f 2958 2955 2956
f 2958 2956 2957
f 2958 2959 2966
f 2966 2959 2962
f 2966 2962 2963
f 2959 2960 2962
f 2962 2960 2961
f 2964 2965 2963
f 2963 2965 2966
f 2969 2987 2968
f 2968 2987 3065
f 2968 3065 3089
f 3089 3065 3088
f 3088 3065 3066
f 3088 3066 3087
f 3087 3066 3086
f 3086 3066 3067
f 3086 3067 3085
f 3085 3067 3068
f 3085 3068 3071
f 3071 3068 3069
f 3071 3069 3070
f 2987 2969 2986
f 2986 2969 2970
f 2986 2970 2985
f 2985 2970 2971
f 2985 2971 2984
f 2984 2971 2972
f 2984 2972 2983
f 2983 2972 2973
f 2983 2973 2982
f 2982 2973 2974
f 2982 2974 2981
f 2981 2974 2975
f 2981 2975 2980
f 2980 2975 2976
f 2980 2976 2979
f 2979 2976 2977
f 2979 2977 2978
f 2988 3014 2987
f 2987 3014 3015
f 2987 3015 3039
f 3039 3015 3038
f 3038 3015 3016
f 3038 3016 3037
f 3037 3016 3036
f 3036 3016 3017
f 3036 3017 3035
f 3035 3017 3018
f 3035 3018 3021
f 3021 3018 3019
f 3021 3019 3020
f 2989 3012 2988
f 2988 3012 3013
f 2988 3013 3014
f 2990 2992 2989
f 2989 2992 3010
f 2989 3010 3011
f 2990 2991 2992
f 2992 2993 3010
f 3010 2993 2996
f 3010 2996 2997
f 2993 2994 2996
f 2996 2994 2995
f 3010 2997 3000
f 3000 2997 2998
f 3000 2998 2999
f 3000 3001 3010
f 3010 3001 3004
f 3010 3004 3005
f 3001 3002 3004
f 3004 3002 3003
f 3010 3005 3008
f 3008 3005 3006
f 3008 3006 3007
f 3008 3009 3010
f 3011 3012 2989
f 3021 3022 3035
f 3035 3022 3025
f 3035 3025 3026
f 3022 3023 3025
f 3025 3023 3024
f 3035 3026 3029
f 3029 3026 3027
f 3029 3027 3028
f 3029 3030 3035
f 3035 3030 3033
f 3035 3033 3034
f 3030 3031 3033
f 3033 3031 3032
f 3039 3040 2987
f 2987 3040 3064
f 2987 3064 3065
f 3064 3040 3063
f 3063 3040 3041
f 3063 3041 3062
f 3062 3041 3061
f 3061 3041 3042
f 3061 3042 3060
f 3060 3042 3043
f 3060 3043 3046
f 3046 3043 3044
f 3046 3044 3045
f 3046 3047 3060
f 3060 3047 3050
f 3060 3050 3051
f 3047 3048 3050
f 3050 3048 3049
f 3060 3051 3054
f 3054 3051 3052
f 3054 3052 3053
f 3054 3055 3060
f 3060 3055 3058
f 3060 3058 3059
f 3055 3056 3058
f 3058 3056 3057
f 3071 3072 3085
f 3085 3072 3075
f 3085 3075 3076
f 3072 3073 3075
f 3075 3073 3074
f 3085 3076 3079
f 3079 3076 3077
f 3079 3077 3078
f 3079 3080 3085
f 3085 3080 3083
f 3085 3083 3084
f 3080 3081 3083
f 3083 3081 3082
f 3089 3090 2968
f 3096 3097 2939
f 2939 3097 3100
f 2939 3100 3101
f 3097 3098 3100
f 3100 3098 3099
f 2939 3101 3104
f 3104 3101 3102
f 3104 3102 3103
f 3104 3105 2939
f 3106 3107 3108
f 3119 3109 3114
f 3114 3109 3110
f 3114 3110 3113
f 3113 3110 3112
f 3112 3110 3111
f 3114 3115 3119
f 3119 3115 3118
f 3118 3115 3116
f 3118 3116 3117
f 3121 3122 3120
f 3120 3122 3123
f 3125 3126 3124
f 3124 3126 3131
f 3131 3126 3127
f 3131 3127 3130
f 3130 3127 3128
f 3130 3128 3129
f 3133 3134 3132
f 3132 3134 3135
f 3137 3138 3136
f 3136 3138 3139
f 3141 3142 3140
f 3140 3142 3151
f 3151 3142 3143
f 3151 3143 3150
f 3150 3143 3144
f 3150 3144 3149
f 3149 3144 3145
f 3149 3145 3148
f 3148 3145 3146
f 3148 3146 3147
f 3153 3154 3152
f 3152 3154 3155
f 3160 3156 3159
f 3159 3156 3157
f 3159 3157 3158
f 3162 3163 3161
f 3161 3163 3171
f 3171 3163 3165
f 3171 3165 3170
f 3170 3165 3169
f 3169 3165 3166
f 3169 3166 3168
f 3168 3166 3167
f 3163 3164 3165
f 3183 3172 3182
f 3182 3172 3173
f 3182 3173 3180
f 3180 3173 3174
f 3180 3174 3175
f 3175 3176 3180
f 3180 3176 3177
f 3180 3177 3179
f 3179 3177 3178
f 3180 3181 3182
f 3185 3186 3184
f 3184 3186 3195
f 3195 3186 3187
f 3195 3187 3194
f 3194 3187 3188
f 3194 3188 3193
f 3193 3188 3189
f 3193 3189 3192
f 3192 3189 3190
f 3192 3190 3191
f 3197 3198 3196
f 3196 3198 3205
f 3205 3198 3199
f 3205 3199 3204
f 3204 3199 3200
f 3204 3200 3203
f 3203 3200 3201
f 3203 3201 3202
f 3207 3208 3206
f 3206 3208 3217
f 3217 3208 3209
f 3217 3209 3216
f 3216 3209 3210
f 3216 3210 3215
f 3215 3210 3211
f 3215 3211 3214
f 3214 3211 3212
f 3214 3212 3213
f 3219 3220 3218
f 3218 3220 3221
f 3223 3224 3222
f 3222 3224 3225
f 3222 3225 3227
f 3227 3225 3226
f 3228 3229 3231
f 3231 3229 3230
f 3236 3232 3235
f 3235 3232 3233
f 3235 3233 3234
f 3238 3239 3237
f 3237 3239 3240
f 3242 3243 3241
f 3241 3243 3250
f 3250 3243 3244
f 3250 3244 3249
f 3249 3244 3245
f 3249 3245 3248
f 3248 3245 3246
f 3248 3246 3247
f 3252 3253 3251
f 3251 3253 3254
f 3256 3257 3255
f 3255 3257 3260
f 3260 3257 3258
f 3260 3258 3259
f 3261 3262 3289
f 3289 3262 3288
f 3288 3262 3263
f 3288 3263 3264
f 3264 3265 3288
f 3288 3265 3266
f 3288 3266 3282
f 3282 3266 3281
f 3281 3266 3280
f 3280 3266 3267
f 3280 3267 3278
f 3278 3267 3268
f 3278 3268 3277
f 3277 3268 3269
f 3277 3269 3270
f 3271 3275 3270
f 3270 3275 3276
f 3270 3276 3277
f 3271 3272 3275
f 3275 3272 3273
f 3275 3273 3274
f 3278 3279 3280
f 3282 3283 3288
f 3288 3283 3287
f 3287 3283 3284
f 3287 3284 3285
f 3285 3286 3287
f 3290 3291 3293
f 3293 3291 3292
f 3295 3296 3294
f 3294 3296 3305
f 3305 3296 3297
f 3305 3297 3304
f 3304 3297 3298
f 3304 3298 3303
f 3303 3298 3299
f 3303 3299 3302
f 3302 3299 3300
f 3302 3300 3301
f 3306 3307 3309
f 3309 3307 3308
f 3310 3311 3313
f 3313 3311 3312
f 3315 3316 3314
f 3314 3316 3325
f 3325 3316 3317
f 3325 3317 3324
f 3324 3317 3318
f 3324 3318 3323
f 3323 3318 3319
f 3323 3319 3322
f 3322 3319 3320
f 3322 3320 3321
f 3327 3328 3326
f 3326 3328 3333
f 3333 3328 3329
f 3333 3329 3332
f 3332 3329 3330
f 3332 3330 3331
f 3335 3336 3334
f 3334 3336 3337
f 3338 3339 3341
f 3341 3339 3340
f 3342 3343 3345
f 3345 3343 3344
f 3347 3348 3346
f 3346 3348 3357
f 3357 3348 3349
f 3357 3349 3356
f 3356 3349 3350
f 3356 3350 3355
f 3355 3350 3351
f 3355 3351 3354
f 3354 3351 3352
f 3354 3352 3353
f 3358 3359 3368
f 3368 3359 3360
f 3368 3360 3366
f 3366 3360 3361
f 3366 3361 3362
f 3366 3362 3365
f 3365 3362 3363
f 3365 3363 3364
f 3366 3367 3368
f 3370 3371 3369
f 3369 3371 3378
f 3378 3371 3372
f 3378 3372 3377
f 3377 3372 3373
f 3377 3373 3376
f 3376 3373 3374
f 3376 3374 3375
f 3379 3380 3502
f 3502 3380 3501
f 3501 3380 3381
f 3501 3381 3384
f 3384 3381 3382
f 3384 3382 3383
f 3384 3385 3501
f 3501 3385 3388
f 3501 3388 3389
f 3385 3386 3388
f 3388 3386 3387
f 3501 3389 3392
f 3392 3389 3390
f 3392 3390 3391
f 3392 3393 3501
f 3501 3393 3396
f 3501 3396 3397
f 3393 3394 3396
f 3396 3394 3395
f 3501 3397 3400
f 3400 3397 3398
f 3400 3398 3399
f 3400 3401 3501
f 3501 3401 3404
f 3501 3404 3405
f 3401 3402 3404
f 3404 3402 3403
f 3501 3405 3408
f 3408 3405 3406
f 3408 3406 3407
f 3408 3409 3501
f 3501 3409 3412
f 3501 3412 3413
f 3409 3410 3412
f 3412 3410 3411
f 3501 3413 3416
f 3416 3413 3414
f 3416 3414 3415
f 3416 3417 3501
f 3501 3417 3420
f 3501 3420 3421
f 3417 3418 3420
f 3420 3418 3419
f 3501 3421 3424
f 3424 3421 3422
f 3424 3422 3423
f 3424 3425 3501
f 3501 3425 3428
f 3501 3428 3429
f 3425 3426 3428
f 3428 3426 3427
f 3501 3429 3432
f 3432 3429 3430
f 3432 3430 3431
f 3432 3433 3501
f 3501 3433 3436
f 3501 3436 3437
f 3433 3434 3436
f 3436 3434 3435
f 3438 3440 3437
f 3437 3440 3500
f 3437 3500 3501
f 3438 3439 3440
f 3440 3441 3500
f 3500 3441 3444
f 3500 3444 3445
f 3441 3442 3444
f 3444 3442 3443
f 3500 3445 3448
f 3448 3445 3446
f 3448 3446 3447
f 3448 3449 3500
f 3500 3449 3452
f 3500 3452 3453
f 3449 3450 3452
f 3452 3450 3451
f 3500 3453 3456
f 3456 3453 3454
f 3456 3454 3455
f 3456 3457 3500
f 3500 3457 3460
f 3500 3460 3461
f 3457 3458 3460
f 3460 3458 3459
f 3500 3461 3464
f 3464 3461 3462
f 3464 3462 3463
f 3464 3465 3500
f 3500 3465 3468
f 3500 3468 3469
f 3465 3466 3468
f 3468 3466 3467
f 3500 3469 3472
f 3472 3469 3470
f 3472 3470 3471
f 3472 3473 3500
f 3500 3473 3476
f 3500 3476 3477
f 3473 3474 3476
f 3476 3474 3475
f 3500 3477 3480
f 3480 3477 3478
f 3480 3478 3479
f 3480 3481 3500
f 3500 3481 3484
f 3500 3484 3485
f 3481 3482 3484
f 3484 3482 3483
f 3500 3485 3488
f 3488 3485 3486
f 3488 3486 3487
f 3488 3489 3500
f 3500 3489 3492
f 3500 3492 3493
f 3489 3490 3492
f 3492 3490 3491
f 3500 3493 3496
f 3496 3493 3494
f 3496 3494 3495
f 3496 3497 3500
f 3500 3497 3499
f 3499 3497 3498
f 3504 3506 3503
f 3503 3506 3508
f 3503 3508 3514
f 3514 3508 3513
f 3513 3508 3512
f 3512 3508 3511
f 3511 3508 3509
f 3511 3509 3510
f 3504 3505 3506
f 3506 3507 3508
f 3516 3517 3515
f 3515 3517 3518
f 3520 3521 3519
f 3519 3521 3522
f 3524 3525 3523
f 3523 3525 3526
f 3528 3529 3527
f 3527 3529 3530
f 3532 3533 3531
f 3531 3533 3534
f 3536 3537 3535
f 3535 3537 3542
f 3542 3537 3538
f 3542 3538 3541
f 3541 3538 3539
f 3541 3539 3540
f 3544 3545 3543
f 3543 3545 3546
f 3548 3549 3547
f 3547 3549 3550
f 3552 3553 3551
f 3551 3553 3554
f 3556 3557 3555
f 3555 3557 3558
f 3559 3560 3562
f 3562 3560 3561
f 3564 3565 3563
f 3563 3565 3567
f 3567 3565 3566
f 3568 3569 3585
f 3585 3569 3584
f 3584 3569 3583
f 3583 3569 3576
f 3583 3576 3577
f 3569 3570 3576
f 3576 3570 3575
f 3575 3570 3574
f 3574 3570 3571
f 3574 3571 3572
f 3572 3573 3574
f 3578 3579 3577
f 3577 3579 3580
f 3577 3580 3581
f 3581 3582 3577
f 3577 3582 3583
f 3596 3586 3595
f 3595 3586 3587
f 3595 3587 3588
f 3589 3590 3588
f 3588 3590 3594
f 3588 3594 3595
f 3590 3591 3594
f 3594 3591 3593
f 3593 3591 3592
f 3722 3597 3721
f 3721 3597 3598
f 3721 3598 3720
f 3720 3598 3599
f 3720 3599 3602
f 3602 3599 3600
f 3602 3600 3601
f 3602 3603 3720
f 3720 3603 3606
f 3720 3606 3607
f 3603 3604 3606
f 3606 3604 3605
f 3720 3607 3610
f 3610 3607 3608
f 3610 3608 3609
f 3610 3611 3720
f 3720 3611 3614
f 3720 3614 3615
f 3611 3612 3614
f 3614 3612 3613
f 3720 3615 3618
f 3618 3615 3616
f 3618 3616 3617
f 3618 3619 3720
f 3720 3619 3622
f 3720 3622 3623
f 3619 3620 3622
f 3622 3620 3621
f 3720 3623 3626
f 3626 3623 3624
f 3626 3624 3625
f 3626 3627 3720
f 3720 3627 3630
f 3720 3630 3631
f 3627 3628 3630
f 3630 3628 3629
f 3720 3631 3634
f 3634 3631 3632
f 3634 3632 3633
f 3634 3635 3720
f 3720 3635 3638
f 3720 3638 3639
f 3635 3636 3638
f 3638 3636 3637
f 3720 3639 3642
f 3642 3639 3640
f 3642 3640 3641
f 3642 3643 3720
f 3720 3643 3646
f 3720 3646 3647
f 3643 3644 3646
f 3646 3644 3645
f 3720 3647 3650
f 3650 3647 3648
f 3650 3648 3649
f 3650 3651 3720
f 3720 3651 3654
f 3720 3654 3655
f 3651 3652 3654
f 3654 3652 3653
f 3656 3658 3655
f 3655 3658 3719
f 3655 3719 3720
f 3656 3657 3658
f 3658 3659 3719
f 3719 3659 3662
f 3719 3662 3663
f 3659 3660 3662
f 3662 3660 3661
f 3719 3663 3666
f 3666 3663 3664
f 3666 3664 3665
f 3666 3667 3719
f 3719 3667 3670
f 3719 3670 3671
f 3667 3668 3670
f 3670 3668 3669
f 3719 3671 3674
f 3674 3671 3672
f 3674 3672 3673
f 3674 3675 3719
f 3719 3675 3678
f 3719 3678 3679
f 3675 3676 3678
f 3678 3676 3677
f 3719 3679 3682
f 3682 3679 3680
f 3682 3680 3681
f 3682 3683 3719
f 3719 3683 3686
f 3719 3686 3687
f 3683 3684 3686
f 3686 3684 3685
f 3719 3687 3690
f 3690 3687 3688
f 3690 3688 3689
f 3690 3691 3719
f 3719 3691 3694
f 3719 3694 3695
f 3691 3692 3694
f 3694 3692 3693
f 3719 3695 3698
f 3698 3695 3696
f 3698 3696 3697
f 3698 3699 3719
f 3719 3699 3702
f 3719 3702 3703
f 3699 3700 3702
f 3702 3700 3701
f 3719 3703 3706
f 3706 3703 3704
f 3706 3704 3705
f 3706 3707 3719
f 3719 3707 3710
f 3719 3710 3711
f 3707 3708 3710
f 3710 3708 3709
f 3719 3711 3714
f 3714 3711 3712
f 3714 3712 3713
f 3714 3715 3719
f 3719 3715 3718
f 3718 3715 3716
f 3718 3716 3717
f 3723 3724 3744
f 3744 3724 3725
f 3744 3725 3743
f 3743 3725 3726
f 3743 3726 3727
f 3727 3728 3743
f 3743 3728 3733
f 3743 3733 3734
f 3728 3729 3733
f 3733 3729 3732
f 3732 3729 3731
f 3731 3729 3730
f 3734 3735 3743
f 3743 3735 3736
f 3743 3736 3741
f 3741 3736 3737
f 3741 3737 3740
f 3740 3737 3738
f 3740 3738 3739
f 3741 3742 3743
f 3745 3746 3749
f 3749 3746 3747
f 3749 3747 3748
f 3750 3751 3753
f 3753 3751 3752
f 3755 3756 3754
f 3754 3756 3757
f 3759 3760 3758
f 3758 3760 3761
f 3763 3764 3762
f 3762 3764 3767
f 3767 3764 3765
f 3767 3765 3766
f 3773 3768 3772
f 3772 3768 3769
f 3772 3769 3771
f 3771 3769 3770
f 3774 3775 3777
f 3777 3775 3776
f 3779 3780 3778
f 3778 3780 3781
f 3786 3782 3785
f 3785 3782 3783
f 3785 3783 3784
f 3787 3788 3791
f 3791 3788 3789
f 3791 3789 3790
f 3792 3793 3809
f 3809 3793 3808
f 3808 3793 3807
f 3807 3793 3800
f 3807 3800 3801
f 3793 3794 3800
f 3800 3794 3799
f 3799 3794 3798
f 3798 3794 3795
f 3798 3795 3796
f 3796 3797 3798
f 3802 3803 3801
f 3801 3803 3804
f 3801 3804 3805
f 3805 3806 3801
f 3801 3806 3807
f 3811 3812 3810
f 3810 3812 3829
f 3829 3812 3813
f 3829 3813 3828
f 3828 3813 3814
f 3828 3814 3827
f 3827 3814 3815
f 3827 3815 3826
f 3826 3815 3816
f 3826 3816 3825
f 3825 3816 3817
f 3825 3817 3824
f 3824 3817 3818
f 3824 3818 3823
f 3823 3818 3819
f 3823 3819 3822
f 3822 3819 3820
f 3822 3820 3821
f 3831 3832 3830
f 3830 3832 3847
f 3847 3832 3833
f 3847 3833 3846
f 3846 3833 3834
f 3846 3834 3845
f 3845 3834 3835
f 3845 3835 3844
f 3844 3835 3836
f 3844 3836 3843
f 3843 3836 3837
f 3843 3837 3842
f 3842 3837 3838
f 3842 3838 3841
f 3841 3838 3839
f 3841 3839 3840
f 3849 3850 3848
f 3848 3850 3851
f 3853 3854 3852
f 3852 3854 3855
f 3857 3858 3856
f 3856 3858 3859
f 3861 3862 3860
f 3860 3862 3863
f 3865 3866 3864
f 3864 3866 3867
f 3869 3870 3868
f 3868 3870 3871
f 3873 3874 3872
f 3872 3874 3875
f 3877 3878 3876
f 3876 3878 3879
f 3880 3881 3899
f 3899 3881 3896
f 3899 3896 3897
f 3882 3892 3881
f 3881 3892 3895
f 3881 3895 3896
f 3883 3884 3882
f 3882 3884 3887
f 3882 3887 3888
f 3884 3885 3887
f 3887 3885 3886
f 3882 3888 3891
f 3891 3888 3889
f 3891 3889 3890
f 3891 3892 3882
f 3892 3893 3895
f 3895 3893 3894
f 3897 3898 3899
f 3900 3901 3987
f 3987 3901 3986
f 3986 3901 3902
f 3986 3902 3985
f 3985 3902 3903
f 3985 3903 3984
f 3984 3903 3904
f 3984 3904 3983
f 3983 3904 3905
f 3983 3905 3982
f 3982 3905 3938
f 3982 3938 3981
f 3981 3938 3970
f 3981 3970 3971
f 3905 3906 3938
f 3938 3906 3914
f 3938 3914 3937
f 3937 3914 3915
f 3937 3915 3936
f 3936 3915 3916
f 3936 3916 3935
f 3935 3916 3917
f 3935 3917 3934
f 3934 3917 3918
f 3934 3918 3933
f 3933 3918 3919
f 3933 3919 3932
f 3932 3919 3920
f 3932 3920 3931
f 3931 3920 3921
f 3931 3921 3930
f 3930 3921 3922
f 3930 3922 3929
f 3929 3922 3923
f 3929 3923 3928
f 3928 3923 3924
f 3928 3924 3927
f 3927 3924 3925
f 3927 3925 3926
f 3914 3906 3913
f 3913 3906 3907
f 3913 3907 3908
f 3908 3909 3913
f 3913 3909 3912
f 3912 3909 3910
f 3912 3910 3911
f 3939 3943 3938
f 3938 3943 3944
f 3938 3944 3945
f 3940 3941 3939
f 3939 3941 3942
f 3939 3942 3943
f 3945 3946 3938
f 3938 3946 3957
f 3938 3957 3958
f 3946 3947 3957
f 3957 3947 3956
f 3956 3947 3948
f 3956 3948 3955
f 3955 3948 3949
f 3955 3949 3954
f 3954 3949 3950
f 3954 3950 3953
f 3953 3950 3951
f 3953 3951 3952
f 3938 3958 3969
f 3969 3958 3959
f 3969 3959 3968
f 3968 3959 3960
f 3968 3960 3967
f 3967 3960 3961
f 3967 3961 3966
f 3966 3961 3962
f 3966 3962 3965
f 3965 3962 3963
f 3965 3963 3964
f 3969 3970 3938
f 3981 3971 3980
f 3980 3971 3972
f 3980 3972 3979
f 3979 3972 3973
f 3979 3973 3978
f 3978 3973 3974
f 3978 3974 3977
f 3977 3974 3975
f 3977 3975 3976
f 3988 3989 3991
f 3991 3989 3990
f 3993 3994 3992
f 3992 3994 4017
f 4017 3994 3995
f 4017 3995 3996
f 3996 3997 4017
f 4017 3997 4016
f 4016 3997 4015
f 4015 3997 4014
f 4014 3997 4007
f 4014 4007 4013
f 4013 4007 4008
f 4013 4008 4012
f 4012 4008 4011
f 4011 4008 4010
f 4010 4008 4009
f 3997 3998 4007
f 4007 3998 3999
f 4007 3999 4000
f 4007 4000 4005
f 4005 4000 4001
f 4005 4001 4004
f 4004 4001 4002
f 4004 4002 4003
f 4005 4006 4007
f 4019 4020 4018
f 4018 4020 4023
f 4023 4020 4021
f 4023 4021 4022
f 4025 4026 4024
f 4024 4026 4035
f 4035 4026 4027
f 4035 4027 4034
f 4034 4027 4028
f 4034 4028 4033
f 4033 4028 4029
f 4033 4029 4032
f 4032 4029 4030
f 4032 4030 4031
f 4037 4038 4036
f 4036 4038 4039
f 4040 4041 4043
f 4043 4041 4042
f 4045 4067 4044
f 4044 4067 4068
f 4044 4068 4187
f 4187 4068 4069
f 4187 4069 4093
f 4093 4069 4092
f 4092 4069 4070
f 4092 4070 4091
f 4091 4070 4090
f 4090 4070 4071
f 4090 4071 4089
f 4089 4071 4072
f 4089 4072 4075
f 4075 4072 4073
f 4075 4073 4074
f 4046 4065 4045
f 4045 4065 4066
f 4045 4066 4067
f 4065 4046 4064
f 4064 4046 4047
f 4064 4047 4050
f 4050 4047 4048
f 4050 4048 4049
f 4050 4051 4064
f 4064 4051 4054
f 4064 4054 4055
f 4051 4052 4054
f 4054 4052 4053
f 4064 4055 4058
f 4058 4055 4056
f 4058 4056 4057
f 4058 4059 4064
f 4064 4059 4062
f 4064 4062 4063
f 4059 4060 4062
f 4062 4060 4061
f 4075 4076 4089
f 4089 4076 4079
f 4089 4079 4080
f 4076 4077 4079
f 4079 4077 4078
f 4089 4080 4083
f 4083 4080 4081
f 4083 4081 4082
f 4083 4084 4089
f 4089 4084 4087
f 4089 4087 4088
f 4084 4085 4087
f 4087 4085 4086
f 4187 4093 4168
f 4168 4093 4094
f 4168 4094 4118
f 4118 4094 4117
f 4117 4094 4095
f 4117 4095 4116
f 4116 4095 4115
f 4115 4095 4096
f 4115 4096 4114
f 4114 4096 4097
f 4114 4097 4100
f 4100 4097 4098
f 4100 4098 4099
f 4100 4101 4114
f 4114 4101 4104
f 4114 4104 4105
f 4101 4102 4104
f 4104 4102 4103
f 4114 4105 4108
f 4108 4105 4106
f 4108 4106 4107
f 4108 4109 4114
f 4114 4109 4112
f 4114 4112 4113
f 4109 4110 4112
f 4112 4110 4111
f 4118 4119 4168
f 4168 4119 4143
f 4168 4143 4144
f 4143 4119 4142
f 4142 4119 4120
f 4142 4120 4141
f 4141 4120 4140
f 4140 4120 4121
f 4140 4121 4139
f 4139 4121 4122
f 4139 4122 4125
f 4125 4122 4123
f 4125 4123 4124
f 4125 4126 4139
f 4139 4126 4129
f 4139 4129 4130
f 4126 4127 4129
f 4129 4127 4128
f 4139 4130 4133
f 4133 4130 4131
f 4133 4131 4132
f 4133 4134 4139
f 4139 4134 4137
f 4139 4137 4138
f 4134 4135 4137
f 4137 4135 4136
f 4168 4144 4167
f 4167 4144 4145
f 4167 4145 4166
f 4166 4145 4146
f 4166 4146 4147
f 4166 4147 4150
f 4150 4147 4148
f 4150 4148 4149
f 4150 4151 4166
f 4166 4151 4154
f 4166 4154 4155
f 4151 4152 4154
f 4154 4152 4153
f 4166 4155 4158
f 4158 4155 4156
f 4158 4156 4157
f 4158 4159 4166
f 4166 4159 4162
f 4166 4162 4163
f 4159 4160 4162
f 4162 4160 4161
f 4164 4165 4163
f 4163 4165 4166
f 4168 4169 4187
f 4187 4169 4186
f 4186 4169 4170
f 4186 4170 4185
f 4185 4170 4171
f 4185 4171 4184
f 4184 4171 4172
f 4184 4172 4183
f 4183 4172 4173
f 4183 4173 4182
f 4182 4173 4174
f 4182 4174 4181
f 4181 4174 4175
f 4181 4175 4180
f 4180 4175 4176
f 4180 4176 4179
f 4179 4176 4177
f 4179 4177 4178
f 4044 4187 4214
f 4214 4187 4188
f 4214 4188 4213
f 4213 4188 4189
f 4213 4189 4212
f 4212 4189 4211
f 4211 4189 4210
f 4210 4189 4192
f 4210 4192 4193
f 4189 4190 4192
f 4192 4190 4191
f 4210 4193 4196
f 4196 4193 4194
f 4196 4194 4195
f 4196 4197 4210
f 4210 4197 4200
f 4210 4200 4201
f 4197 4198 4200
f 4200 4198 4199
f 4210 4201 4204
f 4204 4201 4202
f 4204 4202 4203
f 4204 4205 4210
f 4210 4205 4208
f 4210 4208 4209
f 4205 4206 4208
f 4208 4206 4207
f 4216 4217 4215
f 4215 4217 4218
f 4220 4221 4219
f 4219 4221 4230
f 4230 4221 4222
f 4230 4222 4229
f 4229 4222 4223
f 4229 4223 4228
f 4228 4223 4224
f 4228 4224 4227
f 4227 4224 4225
f 4227 4225 4226
f 4232 4233 4231
f 4231 4233 4240
f 4240 4233 4234
f 4240 4234 4239
f 4239 4234 4235
f 4239 4235 4238
f 4238 4235 4236
f 4238 4236 4237
f 4242 4248 4241
f 4241 4248 4245
f 4241 4245 4244
f 4244 4245 4243
f 4243 4245 4246
f 4243 4246 4242
f 4242 4246 4247
f 4242 4247 4248
f 4250 4251 4249
f 4249 4251 4252
f 4254 4255 4253
f 4253 4255 4264
f 4264 4255 4256
f 4264 4256 4263
f 4263 4256 4257
f 4263 4257 4262
f 4262 4257 4258
f 4262 4258 4261
f 4261 4258 4259
f 4261 4259 4260
f 4266 4267 4265
f 4265 4267 4268
f 4270 4271 4269
f 4269 4271 4272
f 4274 4275 4273
f 4273 4275 4276
f 4278 4279 4277
f 4277 4279 4280
f 4282 4283 4281
f 4281 4283 4284
f 4285 4286 4288
f 4288 4286 4287
f 4290 4291 4289
f 4289 4291 4300
f 4300 4291 4292
f 4300 4292 4299
f 4299 4292 4293
f 4299 4293 4298
f 4298 4293 4294
f 4298 4294 4297
f 4297 4294 4295
f 4297 4295 4296
f 4302 4303 4301
f 4301 4303 4308
f 4308 4303 4304
f 4308 4304 4307
f 4307 4304 4305
f 4307 4305 4306
f 4309 4310 4325
f 4325 4310 4324
f 4324 4310 4322
f 4324 4322 4323
f 4311 4316 4310
f 4310 4316 4317
f 4310 4317 4321
f 4321 4317 4320
f 4320 4317 4319
f 4319 4317 4318
f 4316 4311 4315
f 4315 4311 4312
f 4315 4312 4314
f 4314 4312 4313
f 4321 4322 4310
f 4327 4328 4326
f 4326 4328 4331
f 4326 4331 4332
f 4328 4329 4331
f 4331 4329 4330
f 4326 4332 4335
f 4335 4332 4333
f 4335 4333 4334
f 4335 4336 4326
f 4326 4336 4348
f 4348 4336 4339
f 4348 4339 4340
f 4336 4337 4339
f 4339 4337 4338
f 4348 4340 4343
f 4343 4340 4341
f 4343 4341 4342
f 4343 4344 4348
f 4348 4344 4347
f 4347 4344 4345
f 4347 4345 4346
f 4349 4350 4370
f 4370 4350 4369
f 4369 4350 4368
f 4368 4350 4351
f 4368 4351 4358
f 4358 4351 4352
f 4358 4352 4353
f 4353 4354 4358
f 4358 4354 4357
f 4357 4354 4355
f 4357 4355 4356
f 4359 4360 4358
f 4358 4360 4365
f 4358 4365 4366
f 4365 4360 4364
f 4364 4360 4361
f 4364 4361 4363
f 4363 4361 4362
f 4366 4367 4358
f 4358 4367 4368
f 4371 4372 4377
f 4377 4372 4376
f 4376 4372 4373
f 4376 4373 4375
f 4375 4373 4374
f 4379 4380 4378
f 4378 4380 4381
f 4378 4381 4403
f 4403 4381 4382
f 4403 4382 4401
f 4401 4382 4383
f 4401 4383 4384
f 4384 4385 4401
f 4401 4385 4394
f 4401 4394 4395
f 4386 4391 4385
f 4385 4391 4392
f 4385 4392 4393
f 4386 4387 4391
f 4391 4387 4388
f 4391 4388 4390
f 4390 4388 4389
f 4393 4394 4385
f 4401 4395 4400
f 4400 4395 4396
f 4400 4396 4397
f 4397 4398 4400
f 4400 4398 4399
f 4401 4402 4403
f 4404 4405 4429
f 4429 4405 4406
f 4429 4406 4428
f 4428 4406 4427
f 4427 4406 4426
f 4426 4406 4407
f 4426 4407 4408
f 4408 4409 4426
f 4426 4409 4416
f 4426 4416 4425
f 4425 4416 4424
f 4424 4416 4423
f 4423 4416 4418
f 4423 4418 4422
f 4422 4418 4419
f 4422 4419 4421
f 4421 4419 4420
f 4409 4410 4416
f 4416 4410 4415
f 4415 4410 4411
f 4415 4411 4412
f 4412 4413 4415
f 4415 4413 4414
f 4416 4417 4418
f 4431 4432 4430
f 4430 4432 4433
f 4435 4436 4434
f 4434 4436 4445
f 4445 4436 4437
f 4445 4437 4444
f 4444 4437 4438
f 4444 4438 4443
f 4443 4438 4439
f 4443 4439 4442
f 4442 4439 4440
f 4442 4440 4441
f 4447 4448 4446
f 4446 4448 4449
f 4446 4449 4569
f 4569 4449 4566
f 4569 4566 4567
f 4450 4513 4449
f 4449 4513 4514
f 4449 4514 4517
f 4517 4514 4515
f 4517 4515 4516
f 4451 4453 4450
f 4450 4453 4454
f 4450 4454 4457
f 4457 4454 4455
f 4457 4455 4456
f 4451 4452 4453
f 4457 4458 4450
f 4450 4458 4461
f 4450 4461 4462
f 4458 4459 4461
f 4461 4459 4460
f 4450 4462 4465
f 4465 4462 4463
f 4465 4463 4464
f 4465 4466 4450
f 4450 4466 4469
f 4450 4469 4470
f 4466 4467 4469
f 4469 4467 4468
f 4450 4470 4473
f 4473 4470 4471
f 4473 4471 4472
f 4473 4474 4450
f 4450 4474 4477
f 4450 4477 4478
f 4474 4475 4477
f 4477 4475 4476
f 4450 4478 4481
f 4481 4478 4479
f 4481 4479 4480
f 4481 4482 4450
f 4450 4482 4485
f 4450 4485 4486
f 4482 4483 4485
f 4485 4483 4484
f 4450 4486 4489
f 4489 4486 4487
f 4489 4487 4488
f 4489 4490 4450
f 4450 4490 4493
f 4450 4493 4494
f 4490 4491 4493
f 4493 4491 4492
f 4450 4494 4497
f 4497 4494 4495
f 4497 4495 4496
f 4497 4498 4450
f 4450 4498 4501
f 4450 4501 4502
f 4498 4499 4501
f 4501 4499 4500
f 4450 4502 4505
f 4505 4502 4503
f 4505 4503 4504
f 4505 4506 4450
f 4450 4506 4509
f 4450 4509 4510
f 4506 4507 4509
f 4509 4507 4508
f 4450 4510 4513
f 4513 4510 4511
f 4513 4511 4512
f 4517 4518 4449
f 4449 4518 4521
f 4449 4521 4522
f 4518 4519 4521
f 4521 4519 4520
f 4449 4522 4525
f 4525 4522 4523
f 4525 4523 4524
f 4525 4526 4449
f 4449 4526 4529
f 4449 4529 4530
f 4526 4527 4529
f 4529 4527 4528
f 4449 4530 4533
f 4533 4530 4531
f 4533 4531 4532
f 4533 4534 4449
f 4449 4534 4537
f 4449 4537 4538
f 4534 4535 4537
f 4537 4535 4536
f 4449 4538 4541
f 4541 4538 4539
f 4541 4539 4540
f 4541 4542 4449
f 4449 4542 4545
f 4449 4545 4546
f 4542 4543 4545
f 4545 4543 4544
f 4449 4546 4549
f 4549 4546 4547
f 4549 4547 4548
f 4549 4550 4449
f 4449 4550 4553
f 4449 4553 4554
f 4550 4551 4553
f 4553 4551 4552
f 4449 4554 4557
f 4557 4554 4555
f 4557 4555 4556
f 4557 4558 4449
f 4449 4558 4561
f 4449 4561 4562
f 4558 4559 4561
f 4561 4559 4560
f 4449 4562 4565
f 4565 4562 4563
f 4565 4563 4564
f 4565 4566 4449
f 4567 4568 4569
f 4571 4572 4570
f 4570 4572 4575
f 4575 4572 4573
f 4575 4573 4574
f 4576 4577 4582
f 4582 4577 4581
f 4581 4577 4578
f 4581 4578 4580
f 4580 4578 4579
f 4583 4584 4599
f 4599 4584 4585
f 4599 4585 4598
f 4598 4585 4586
f 4598 4586 4597
f 4597 4586 4587
f 4597 4587 4591
f 4591 4587 4590
f 4590 4587 4589
f 4589 4587 4588
f 4591 4592 4597
f 4597 4592 4594
f 4597 4594 4595
f 4592 4593 4594
f 4595 4596 4597
f 4601 4602 4600
f 4600 4602 4605
f 4605 4602 4603
f 4605 4603 4604
f 4607 4608 4606
f 4606 4608 4609
f 4611 4612 4610
f 4610 4612 4613
f 4615 4616 4614
f 4614 4616 4617
f 4619 4620 4618
f 4618 4620 4621
f 4623 4624 4622
f 4622 4624 4627
f 4627 4624 4625
f 4627 4625 4626
f 4629 4630 4628
f 4628 4630 4633
f 4633 4630 4631
f 4633 4631 4632
f 4635 4636 4634
f 4634 4636 4637
f 4639 4640 4638
f 4638 4640 4641
f 4643 4644 4642
f 4642 4644 4651
f 4651 4644 4645
f 4651 4645 4650
f 4650 4645 4646
f 4650 4646 4649
f 4649 4646 4647
f 4649 4647 4648
f 4653 4654 4652
f 4652 4654 4655
f 4657 4658 4656
f 4656 4658 4663
f 4663 4658 4660
f 4663 4660 4662
f 4662 4660 4661
f 4658 4659 4660
f 4664 4665 4667
f 4667 4665 4666
f 4669 4670 4668
f 4668 4670 4677
f 4677 4670 4671
f 4677 4671 4676
f 4676 4671 4672
f 4676 4672 4675
f 4675 4672 4673
f 4675 4673 4674
f 4683 4678 4682
f 4682 4678 4679
f 4682 4679 4681
f 4681 4679 4680
f 4685 4686 4684
f 4684 4686 4687
f 4689 4690 4688
f 4688 4690 4691
f 4688 4691 4692
f 4693 4720 4692
f 4692 4720 4727
f 4692 4727 4728
f 4694 4718 4693
f 4693 4718 4719
f 4693 4719 4720
f 4694 4695 4718
f 4718 4695 4696
f 4718 4696 4697
f 4697 4698 4718
f 4718 4698 4699
f 4718 4699 4700
f 4700 4701 4718
f 4718 4701 4706
f 4718 4706 4707
f 4702 4703 4701
f 4701 4703 4704
f 4701 4704 4705
f 4705 4706 4701
f 4707 4708 4718
f 4718 4708 4717
f 4717 4708 4709
f 4717 4709 4715
f 4715 4709 4714
f 4714 4709 4713
f 4713 4709 4710
f 4713 4710 4712
f 4712 4710 4711
f 4715 4716 4717
f 4720 4721 4727
f 4727 4721 4722
f 4727 4722 4723
f 4723 4724 4727
f 4727 4724 4725
f 4727 4725 4726
f 4728 4729 4692
f 4692 4729 4688
f 4731 4732 4730
f 4730 4732 4733
f 4735 4736 4734
f 4734 4736 4737
f 4739 4740 4738
f 4738 4740 4741
f 4743 4744 4742
f 4742 4744 4749
f 4749 4744 4745
f 4749 4745 4748
f 4748 4745 4746
f 4748 4746 4747
f 4751 4752 4750
f 4750 4752 4753
f 4755 4756 4754
f 4754 4756 4757
f 4759 4760 4758
f 4758 4760 4761
f 4763 4764 4762
f 4762 4764 4766
f 4766 4764 4765
f 4768 4769 4767
f 4767 4769 4776
f 4776 4769 4770
f 4776 4770 4775
f 4775 4770 4771
f 4775 4771 4774
f 4774 4771 4772
f 4774 4772 4773
f 4778 4779 4777
f 4777 4779 4780
f 4781 4782 4788
f 4788 4782 4783
f 4788 4783 4786
f 4786 4783 4784
f 4786 4784 4785
f 4786 4787 4788
f 4790 4791 4789
f 4789 4791 4792
f 4793 4794 4810
f 4810 4794 4809
f 4809 4794 4808
f 4808 4794 4795
f 4808 4795 4796
f 4797 4803 4796
f 4796 4803 4807
f 4796 4807 4808
f 4798 4799 4797
f 4797 4799 4800
f 4797 4800 4801
f 4801 4802 4797
f 4797 4802 4803
f 4803 4804 4807
f 4807 4804 4805
f 4807 4805 4806
f 4822 4811 4821
f 4821 4811 4812
f 4821 4812 4820
f 4820 4812 4813
f 4820 4813 4814
f 4820 4814 4819
f 4819 4814 4815
f 4819 4815 4818
f 4818 4815 4816
f 4818 4816 4817
f 4827 4823 4826
f 4826 4823 4824
f 4826 4824 4825
f 4829 4830 4828
f 4828 4830 4847
f 4847 4830 4831
f 4847 4831 4846
f 4846 4831 4832
f 4846 4832 4845
f 4845 4832 4833
f 4845 4833 4844
f 4844 4833 4834
f 4844 4834 4843
f 4843 4834 4835
f 4843 4835 4842
f 4842 4835 4836
f 4842 4836 4841
f 4841 4836 4837
f 4841 4837 4840
f 4840 4837 4838
f 4840 4838 4839
f 4848 4849 4851
f 4851 4849 4850
f 4853 4854 4852
f 4852 4854 4857
f 4857 4854 4855
f 4857 4855 4856
f 4859 4860 4858
f 4858 4860 4867
f 4867 4860 4861
f 4867 4861 4866
f 4866 4861 4862
f 4866 4862 4865
f 4865 4862 4863
f 4865 4863 4864
f 4869 4870 4868
f 4868 4870 4875
f 4875 4870 4871
f 4875 4871 4874
f 4874 4871 4872
f 4874 4872 4873
f 4877 4878 4876
f 4876 4878 4879
f 4881 4882 4880
f 4880 4882 4891
f 4891 4882 4883
f 4891 4883 4890
f 4890 4883 4884
f 4890 4884 4889
f 4889 4884 4885
f 4889 4885 4888
f 4888 4885 4886
f 4888 4886 4887
f 4893 4894 4892
f 4892 4894 4895
f 4896 4897 4898
f 4900 4901 4899
f 4899 4901 4904
f 4904 4901 4902
f 4904 4902 4903
f 4906 4907 4905
f 4905 4907 4916
f 4916 4907 4908
f 4916 4908 4915
f 4915 4908 4909
f 4915 4909 4914
f 4914 4909 4910
f 4914 4910 4913
f 4913 4910 4911
f 4913 4911 4912
f 4918 4919 4917
f 4917 4919 4920
f 4922 4923 4921
f 4921 4923 4924
f 4926 4927 4925
f 4925 4927 4928
f 4930 4931 4929
f 4929 4931 4932
f 4937 4933 4936
f 4936 4933 4934
f 4936 4934 4935
f 4938 4939 4942
f 4942 4939 4940
f 4942 4940 4941
f 4944 4949 4943
f 4943 4949 4950
f 4943 4950 4947
f 4949 4944 4948
f 4948 4944 4945
f 4948 4945 4946
f 4948 4946 4947
f 4947 4946 4943
f 4952 4953 4951
f 4951 4953 4954
f 4956 4957 4955
f 4955 4957 4958
f 4960 4961 4959
f 4959 4961 4962
f 4964 4965 4963
f 4963 4965 4966
f 4967 4968 4984
f 4984 4968 4983
f 4983 4968 4982
f 4982 4968 4975
f 4982 4975 4976
f 4968 4969 4975
f 4975 4969 4974
f 4974 4969 4973
f 4973 4969 4970
f 4973 4970 4971
f 4971 4972 4973
f 4977 4978 4976
f 4976 4978 4979
f 4976 4979 4980
f 4980 4981 4976
f 4976 4981 4982
f 4986 4987 4985
f 4985 4987 4988
f 4990 4991 4989
f 4989 4991 4992
f 4993 4994 4996
f 4996 4994 4995
f 4997 4998 5038
f 5038 4998 5037
f 5037 4998 5036
f 5036 4998 4999
f 5036 4999 5000
f 5000 5001 5036
f 5036 5001 5008
f 5036 5008 5035
f 5035 5008 5009
f 5035 5009 5010
f 5002 5003 5001
f 5001 5003 5004
f 5001 5004 5005
f 5005 5006 5001
f 5001 5006 5007
f 5001 5007 5008
f 5011 5020 5010
f 5010 5020 5021
f 5010 5021 5022
f 5012 5013 5011
f 5011 5013 5019
f 5011 5019 5020
f 5013 5014 5019
f 5019 5014 5015
f 5019 5015 5018
f 5018 5015 5016
f 5018 5016 5017
f 5010 5022 5027
f 5027 5022 5023
f 5027 5023 5024
f 5024 5025 5027
f 5027 5025 5026
f 5027 5028 5010
f 5010 5028 5029
f 5010 5029 5030
f 5030 5031 5010
f 5010 5031 5032
f 5010 5032 5033
f 5033 5034 5010
f 5010 5034 5035
f 5040 5041 5039
f 5039 5041 5042
f 5044 5045 5043
f 5043 5045 5046
f 5043 5046 5049
f 5049 5046 5047
f 5049 5047 5048
f 5051 5052 5050
f 5050 5052 5053
f 5055 5056 5054
f 5054 5056 5057
f 5058 5059 5063
f 5063 5059 5062
f 5062 5059 5060
f 5062 5060 5061
f 5064 5065 5105
f 5105 5065 5104
f 5104 5065 5103
f 5103 5065 5066
f 5103 5066 5067
f 5067 5068 5103
f 5103 5068 5075
f 5103 5075 5102
f 5102 5075 5076
f 5102 5076 5077
f 5069 5070 5068
f 5068 5070 5071
f 5068 5071 5072
f 5072 5073 5068
f 5068 5073 5074
f 5068 5074 5075
f 5078 5087 5077
f 5077 5087 5088
f 5077 5088 5089
f 5079 5080 5078
f 5078 5080 5086
f 5078 5086 5087
f 5080 5081 5086
f 5086 5081 5082
f 5086 5082 5085
f 5085 5082 5083
f 5085 5083 5084
f 5077 5089 5094
f 5094 5089 5090
f 5094 5090 5091
f 5091 5092 5094
f 5094 5092 5093
f 5094 5095 5077
f 5077 5095 5096
f 5077 5096 5097
f 5097 5098 5077
f 5077 5098 5099
f 5077 5099 5100
f 5100 5101 5077
f 5077 5101 5102
f 5107 5108 5106
f 5106 5108 5117
f 5117 5108 5109
f 5117 5109 5116
f 5116 5109 5110
f 5116 5110 5115
f 5115 5110 5111
f 5115 5111 5114
f 5114 5111 5112
f 5114 5112 5113
f 5119 5120 5118
f 5118 5120 5121
f 5123 5124 5122
f 5122 5124 5131
f 5131 5124 5125
f 5131 5125 5130
f 5130 5125 5126
f 5130 5126 5129
f 5129 5126 5127
f 5129 5127 5128
f 5133 5134 5132
f 5132 5134 5135
f 5136 5137 5138
f 5140 5141 5139
f 5139 5141 5144
f 5144 5141 5142
f 5144 5142 5143
f 5146 5147 5145
f 5145 5147 5152
f 5152 5147 5148
f 5152 5148 5151
f 5151 5148 5149
f 5151 5149 5150
f 5154 5155 5153
f 5153 5155 5156
f 5158 5159 5157
f 5157 5159 5160
f 5162 5163 5161
f 5161 5163 5164
f 5165 5166 5168
f 5168 5166 5167
f 5170 5171 5169
f 5169 5171 5172
f 5174 5175 5173
f 5173 5175 5176
f 5177 5178 5193
f 5193 5178 5179
f 5193 5179 5192
f 5192 5179 5180
f 5192 5180 5191
f 5191 5180 5181
f 5191 5181 5185
f 5185 5181 5184
f 5184 5181 5183
f 5183 5181 5182
f 5185 5186 5191
f 5191 5186 5188
f 5191 5188 5189
f 5186 5187 5188
f 5189 5190 5191
f 5195 5196 5194
f 5194 5196 5197
f 5199 5200 5198
f 5198 5200 5201
f 5203 5204 5202
f 5202 5204 5205
f 5202 5205 5206
f 5207 5234 5206
f 5206 5234 5241
f 5206 5241 5242
f 5208 5232 5207
f 5207 5232 5233
f 5207 5233 5234
f 5208 5209 5232
f 5232 5209 5210
f 5232 5210 5211
f 5211 5212 5232
f 5232 5212 5213
f 5232 5213 5214
f 5214 5215 5232
f 5232 5215 5220
f 5232 5220 5221
f 5216 5217 5215
f 5215 5217 5218
f 5215 5218 5219
f 5219 5220 5215
f 5221 5222 5232
f 5232 5222 5231
f 5231 5222 5223
f 5231 5223 5229
f 5229 5223 5228
f 5228 5223 5227
f 5227 5223 5224
f 5227 5224 5226
f 5226 5224 5225
f 5229 5230 5231
f 5234 5235 5241
f 5241 5235 5236
f 5241 5236 5237
f 5237 5238 5241
f 5241 5238 5239
f 5241 5239 5240
f 5242 5243 5206
f 5206 5243 5202
f 5245 5246 5244
f 5244 5246 5247
f 5249 5250 5248
f 5248 5250 5251
f 5253 5254 5252
f 5252 5254 5259
f 5259 5254 5255
f 5259 5255 5258
f 5258 5255 5256
f 5258 5256 5257
f 5261 5262 5260
f 5260 5262 5263
f 5265 5266 5264
f 5264 5266 5271
f 5271 5266 5267
f 5271 5267 5270
f 5270 5267 5268
f 5270 5268 5269
f 5273 5274 5272
f 5272 5274 5275
f 5277 5278 5276
f 5276 5278 5279
f 5281 5282 5280
f 5280 5282 5287
f 5287 5282 5283
f 5287 5283 5286
f 5286 5283 5284
f 5286 5284 5285
f 5289 5290 5288
f 5288 5290 5291
f 5292 5293 5479
f 5479 5293 5294
f 5479 5294 5295
f 5295 5296 5479
f 5479 5296 5297
f 5479 5297 5298
f 5479 5298 5306
f 5306 5298 5299
f 5306 5299 5300
f 5306 5300 5305
f 5305 5300 5301
f 5305 5301 5302
f 5302 5303 5305
f 5305 5303 5304
f 5306 5307 5479
f 5479 5307 5478
f 5478 5307 5308
f 5478 5308 5309
f 5310 5476 5309
f 5309 5476 5477
f 5309 5477 5478
f 5310 5311 5476
f 5476 5311 5312
f 5476 5312 5475
f 5475 5312 5313
f 5475 5313 5474
f 5474 5313 5314
f 5474 5314 5473
f 5473 5314 5471
f 5473 5471 5472
f 5314 5315 5471
f 5471 5315 5319
f 5471 5319 5470
f 5470 5319 5320
f 5470 5320 5321
f 5316 5317 5315
f 5315 5317 5318
f 5315 5318 5319
f 5321 5322 5470
f 5470 5322 5323
f 5470 5323 5469
f 5469 5323 5324
f 5469 5324 5325
f 5325 5326 5469
f 5469 5326 5327
f 5469 5327 5338
f 5338 5327 5337
f 5337 5327 5328
f 5337 5328 5329
f 5329 5330 5337
f 5337 5330 5336
f 5336 5330 5331
f 5336 5331 5332
f 5336 5332 5335
f 5335 5332 5333
f 5335 5333 5334
f 5338 5339 5469
f 5469 5339 5468
f 5468 5339 5340
f 5468 5340 5341
f 5341 5342 5468
f 5468 5342 5343
f 5468 5343 5467
f 5467 5343 5344
f 5467 5344 5465
f 5465 5344 5464
f 5464 5344 5463
f 5463 5344 5345
f 5463 5345 5346
f 5346 5347 5463
f 5463 5347 5348
f 5463 5348 5349
f 5463 5349 5462
f 5462 5349 5350
f 5462 5350 5351
f 5351 5352 5462
f 5462 5352 5353
f 5462 5353 5461
f 5461 5353 5354
f 5461 5354 5460
f 5460 5354 5355
f 5460 5355 5356
f 5356 5357 5460
f 5460 5357 5358
f 5460 5358 5359
f 5360 5453 5359
f 5359 5453 5459
f 5359 5459 5460
f 5361 5442 5360
f 5360 5442 5452
f 5360 5452 5453
f 5361 5362 5442
f 5442 5362 5363
f 5442 5363 5364
f 5364 5365 5442
f 5442 5365 5441
f 5441 5365 5366
f 5441 5366 5367
f 5367 5368 5441
f 5441 5368 5440
f 5440 5368 5439
f 5439 5368 5369
f 5439 5369 5370
f 5370 5371 5439
f 5439 5371 5438
f 5438 5371 5372
f 5438 5372 5373
f 5373 5374 5438
f 5438 5374 5375
f 5438 5375 5376
f 5377 5435 5376
f 5376 5435 5436
f 5376 5436 5437
f 5377 5378 5435
f 5435 5378 5434
f 5434 5378 5379
f 5434 5379 5396
f 5396 5379 5395
f 5395 5379 5380
f 5395 5380 5394
f 5394 5380 5381
f 5394 5381 5393
f 5393 5381 5382
f 5393 5382 5383
f 5384 5390 5383
f 5383 5390 5391
f 5383 5391 5392
f 5385 5388 5384
f 5384 5388 5389
f 5384 5389 5390
f 5386 5387 5385
f 5385 5387 5388
f 5392 5393 5383
f 5396 5397 5434
f 5434 5397 5398
f 5434 5398 5399
f 5434 5399 5433
f 5433 5399 5400
f 5433 5400 5401
f 5401 5402 5433
f 5433 5402 5403
f 5433 5403 5432
f 5432 5403 5406
f 5432 5406 5431
f 5431 5406 5430
f 5430 5406 5429
f 5429 5406 5407
f 5429 5407 5408
f 5404 5405 5403
f 5403 5405 5406
f 5408 5409 5429
f 5429 5409 5428
f 5428 5409 5410
f 5428 5410 5427
f 5427 5410 5411
f 5427 5411 5426
f 5426 5411 5412
f 5426 5412 5419
f 5419 5412 5418
f 5418 5412 5417
f 5417 5412 5413
f 5417 5413 5416
f 5416 5413 5415
f 5415 5413 5414
f 5419 5420 5426
f 5426 5420 5421
f 5426 5421 5422
f 5422 5423 5426
f 5426 5423 5424
f 5426 5424 5425
f 5437 5438 5376
f 5442 5443 5452
f 5452 5443 5451
f 5451 5443 5450
f 5450 5443 5449
f 5449 5443 5448
f 5448 5443 5447
f 5447 5443 5446
f 5446 5443 5444
f 5446 5444 5445
f 5459 5453 5458
f 5458 5453 5454
f 5458 5454 5455
f 5455 5456 5458
f 5458 5456 5457
f 5465 5466 5467
f 5481 5482 5480
f 5480 5482 5483
f 5485 5486 5484
f 5484 5486 5487
f 5488 5489 5490
f 5492 5493 5491
f 5491 5493 5494
f 5496 5497 5495
f 5495 5497 5504
f 5504 5497 5498
f 5504 5498 5503
f 5503 5498 5499
f 5503 5499 5502
f 5502 5499 5500
f 5502 5500 5501
f 5506 5507 5505
f 5505 5507 5508
f 5510 5511 5509
f 5509 5511 5512
f 5514 5515 5513
f 5513 5515 5516
f 5518 5519 5517
f 5517 5519 5522
f 5522 5519 5520
f 5522 5520 5521
f 5524 5629 5523
f 5523 5629 5630
f 5523 5630 5631
f 5525 5627 5524
f 5524 5627 5628
f 5524 5628 5629
f 5526 5625 5525
f 5525 5625 5626
f 5525 5626 5627
f 5526 5527 5625
f 5625 5527 5624
f 5624 5527 5623
f 5623 5527 5622
f 5622 5527 5528
f 5622 5528 5621
f 5621 5528 5529
f 5621 5529 5620
f 5620 5529 5530
f 5620 5530 5532
f 5532 5530 5531
f 5620 5532 5619
f 5619 5532 5533
f 5619 5533 5618
f 5618 5533 5534
f 5618 5534 5535
f 5536 5539 5535
f 5535 5539 5540
f 5535 5540 5617
f 5617 5540 5541
f 5617 5541 5616
f 5616 5541 5615
f 5615 5541 5614
f 5614 5541 5613
f 5613 5541 5542
f 5613 5542 5612
f 5612 5542 5543
f 5612 5543 5611
f 5611 5543 5610
f 5610 5543 5609
f 5609 5543 5608
f 5608 5543 5607
f 5607 5543 5638
f 5607 5638 5606
f 5606 5638 5635
f 5606 5635 5605
f 5605 5635 5604
f 5604 5635 5603
f 5603 5635 5561
f 5603 5561 5602
f 5602 5561 5601
f 5601 5561 5562
f 5601 5562 5600
f 5600 5562 5599
f 5599 5562 5598
f 5598 5562 5563
f 5598 5563 5564
f 5537 5538 5536
f 5536 5538 5539
f 5543 5544 5638
f 5638 5544 5545
f 5638 5545 5547
f 5547 5545 5546
f 5547 5548 5638
f 5638 5548 5549
f 5638 5549 5550
f 5551 5636 5550
f 5550 5636 5637
f 5550 5637 5638
f 5552 5560 5551
f 5551 5560 5635
f 5551 5635 5636
f 5552 5553 5560
f 5560 5553 5554
f 5560 5554 5555
f 5555 5556 5560
f 5560 5556 5557
f 5560 5557 5559
f 5559 5557 5558
f 5560 5561 5635
f 5565 5593 5564
f 5564 5593 5594
f 5564 5594 5595
f 5566 5568 5565
f 5565 5568 5591
f 5565 5591 5592
f 5566 5567 5568
f 5568 5569 5591
f 5591 5569 5590
f 5590 5569 5570
f 5590 5570 5571
f 5590 5571 5589
f 5589 5571 5572
f 5589 5572 5573
f 5573 5574 5589
f 5589 5574 5588
f 5588 5574 5587
f 5587 5574 5586
f 5586 5574 5575
f 5586 5575 5585
f 5585 5575 5576
f 5585 5576 5584
f 5584 5576 5577
f 5584 5577 5583
f 5583 5577 5582
f 5582 5577 5578
f 5582 5578 5581
f 5581 5578 5634
f 5634 5578 5579
f 5634 5579 5633
f 5633 5579 5580
f 5633 5580 5523
f 5592 5593 5565
f 5595 5596 5564
f 5564 5596 5597
f 5564 5597 5598
f 5617 5618 5535
f 5631 5632 5523
f 5523 5632 5633
f 5639 5640 5641
f 5643 5644 5642
f 5642 5644 5645
f 5646 5647 5663
f 5663 5647 5662
f 5662 5647 5661
f 5661 5647 5654
f 5661 5654 5655
f 5647 5648 5654
f 5654 5648 5653
f 5653 5648 5652
f 5652 5648 5649
f 5652 5649 5650
f 5650 5651 5652
f 5656 5657 5655
f 5655 5657 5658
f 5655 5658 5659
f 5659 5660 5655
f 5655 5660 5661
f 5665 5666 5664
f 5664 5666 5671
f 5671 5666 5667
f 5671 5667 5670
f 5670 5667 5668
f 5670 5668 5669
f 5672 5673 5683
f 5683 5673 5675
f 5683 5675 5677
f 5677 5675 5676
f 5673 5674 5675
f 5678 5681 5677
f 5677 5681 5682
f 5677 5682 5683
f 5679 5680 5678
f 5678 5680 5681
f 5685 5686 5684
f 5684 5686 5689
f 5689 5686 5687
f 5689 5687 5688
f 5691 5692 5690
f 5690 5692 5699
f 5699 5692 5693
f 5699 5693 5698
f 5698 5693 5694
f 5698 5694 5697
f 5697 5694 5695
f 5697 5695 5696
f 5701 5702 5700
f 5700 5702 5707
f 5707 5702 5703
f 5707 5703 5706
f 5706 5703 5704
f 5706 5704 5705
f 5761 5708 5762
f 5762 5708 5709
f 5762 5709 5819
f 5819 5709 5710
f 5819 5710 5711
f 5819 5711 5818
f 5818 5711 5712
f 5818 5712 5713
f 5714 5816 5713
f 5713 5816 5817
f 5713 5817 5818
f 5714 5715 5816
f 5816 5715 5716
f 5816 5716 5815
f 5815 5716 5717
f 5815 5717 5814
f 5814 5717 5718
f 5814 5718 5813
f 5813 5718 5811
f 5813 5811 5812
f 5718 5719 5811
f 5811 5719 5810
f 5810 5719 5720
f 5810 5720 5809
f 5809 5720 5808
f 5808 5720 5721
f 5808 5721 5803
f 5803 5721 5802
f 5802 5721 5722
f 5802 5722 5723
f 5723 5724 5802
f 5802 5724 5725
f 5802 5725 5801
f 5801 5725 5726
f 5801 5726 5800
f 5800 5726 5727
f 5800 5727 5728
f 5728 5729 5800
f 5800 5729 5730
f 5800 5730 5731
f 5800 5731 5822
f 5822 5731 5732
f 5822 5732 5821
f 5821 5732 5733
f 5821 5733 5734
f 5734 5735 5821
f 5821 5735 5782
f 5821 5782 5783
f 5735 5736 5782
f 5782 5736 5737
f 5782 5737 5781
f 5781 5737 5738
f 5781 5738 5739
f 5739 5740 5781
f 5781 5740 5780
f 5780 5740 5779
f 5779 5740 5741
f 5779 5741 5742
f 5742 5743 5779
f 5779 5743 5744
f 5779 5744 5745
f 5779 5745 5778
f 5778 5745 5746
f 5778 5746 5747
f 5748 5774 5747
f 5747 5774 5775
f 5747 5775 5778
f 5778 5775 5777
f 5777 5775 5776
f 5749 5772 5748
f 5748 5772 5773
f 5748 5773 5774
f 5750 5769 5749
f 5749 5769 5770
f 5749 5770 5771
f 5750 5751 5769
f 5769 5751 5752
f 5769 5752 5768
f 5768 5752 5753
f 5768 5753 5767
f 5767 5753 5754
f 5767 5754 5766
f 5766 5754 5755
f 5766 5755 5756
f 5766 5756 5765
f 5765 5756 5757
f 5765 5757 5758
f 5765 5758 5764
f 5764 5758 5759
f 5764 5759 5763
f 5763 5759 5762
f 5762 5759 5760
f 5762 5760 5761
f 5771 5772 5749
f 5784 5786 5783
f 5783 5786 5787
f 5783 5787 5788
f 5784 5785 5786
f 5788 5789 5783
f 5783 5789 5790
f 5783 5790 5791
f 5791 5792 5783
f 5783 5792 5821
f 5821 5792 5820
f 5820 5792 5793
f 5820 5793 5823
f 5823 5793 5822
f 5822 5793 5794
f 5822 5794 5795
f 5795 5796 5822
f 5822 5796 5798
f 5822 5798 5799
f 5796 5797 5798
f 5799 5800 5822
f 5803 5804 5808
f 5808 5804 5807
f 5807 5804 5805
f 5807 5805 5806
f 5824 5825 6008
f 6008 5825 5826
f 6008 5826 5827
f 5827 5828 6008
f 6008 5828 6007
f 6007 5828 5829
f 6007 5829 5834
f 5834 5829 5830
f 5834 5830 5831
f 5831 5832 5834
f 5834 5832 5833
f 6007 5834 6006
f 6006 5834 5835
f 6006 5835 6005
f 6005 5835 6004
f 6004 5835 5836
f 6004 5836 5837
f 5838 6001 5837
f 5837 6001 6002
f 5837 6002 6003
f 6001 5838 6000
f 6000 5838 5839
f 6000 5839 5999
f 5999 5839 5840
f 5999 5840 5842
f 5842 5840 5841
f 5843 5994 5842
f 5842 5994 5998
f 5842 5998 5999
f 5844 5990 5843
f 5843 5990 5991
f 5843 5991 5992
f 5845 5974 5844
f 5844 5974 5975
f 5844 5975 5986
f 5986 5975 5976
f 5986 5976 5985
f 5985 5976 5984
f 5984 5976 5983
f 5983 5976 5977
f 5983 5977 5982
f 5982 5977 5981
f 5981 5977 5978
f 5981 5978 5980
f 5980 5978 5979
f 5846 5970 5845
f 5845 5970 5971
f 5845 5971 5972
f 5847 5848 5846
f 5846 5848 5969
f 5846 5969 5970
f 5848 5849 5969
f 5969 5849 5850
f 5969 5850 5968
f 5968 5850 5967
f 5967 5850 5966
f 5966 5850 5965
f 5965 5850 5964
f 5964 5850 5851
f 5964 5851 5963
f 5963 5851 5962
f 5962 5851 5961
f 5961 5851 5960
f 5960 5851 5852
f 5960 5852 5959
f 5959 5852 5853
f 5959 5853 5958
f 5958 5853 5957
f 5957 5853 5956
f 5956 5853 5955
f 5955 5853 5954
f 5954 5853 5854
f 5954 5854 5860
f 5860 5854 5855
f 5860 5855 5859
f 5859 5855 5858
f 5858 5855 5857
f 5857 5855 5856
f 5954 5860 5953
f 5953 5860 5861
f 5953 5861 5871
f 5871 5861 5870
f 5870 5861 5862
f 5870 5862 5863
f 5863 5864 5870
f 5870 5864 5865
f 5870 5865 5866
f 5866 5867 5870
f 5870 5867 5869
f 5869 5867 5868
f 5872 5948 5871
f 5871 5948 5949
f 5871 5949 5950
f 5873 5945 5872
f 5872 5945 5946
f 5872 5946 5947
f 5873 5874 5945
f 5945 5874 5944
f 5944 5874 5943
f 5943 5874 5942
f 5942 5874 5875
f 5942 5875 5941
f 5941 5875 5940
f 5940 5875 5939
f 5939 5875 5938
f 5938 5875 5937
f 5937 5875 5876
f 5937 5876 5877
f 5877 5878 5937
f 5937 5878 5936
f 5936 5878 5935
f 5935 5878 5879
f 5935 5879 5934
f 5934 5879 5917
f 5934 5917 5918
f 5880 5914 5879
f 5879 5914 5915
f 5879 5915 5916
f 5881 5910 5880
f 5880 5910 5911
f 5880 5911 5912
f 5910 5881 5907
f 5907 5881 5882
f 5907 5882 5883
f 5883 5884 5907
f 5907 5884 5906
f 5906 5884 5905
f 5905 5884 5904
f 5904 5884 5885
f 5904 5885 5903
f 5903 5885 5886
f 5903 5886 5902
f 5902 5886 5887
f 5902 5887 5901
f 5901 5887 5894
f 5901 5894 5895
f 5888 5889 5887
f 5887 5889 5890
f 5887 5890 5891
f 5891 5892 5887
f 5887 5892 5893
f 5887 5893 5894
f 5895 5896 5901
f 5901 5896 5900
f 5900 5896 5897
f 5900 5897 5898
f 5898 5899 5900
f 5907 5908 5910
f 5910 5908 5909
f 5912 5913 5880
f 5880 5913 5914
f 5916 5917 5879
f 5934 5918 5933
f 5933 5918 5919
f 5933 5919 5932
f 5932 5919 5920
f 5932 5920 5931
f 5931 5920 5930
f 5930 5920 5921
f 5930 5921 5922
f 5922 5923 5930
f 5930 5923 5929
f 5929 5923 5924
f 5929 5924 5925
f 5929 5925 5928
f 5928 5925 5926
f 5928 5926 5927
f 5947 5948 5872
f 5950 5951 5871
f 5871 5951 5952
f 5871 5952 5953
f 5972 5973 5845
f 5845 5973 5974
f 5986 5987 5844
f 5844 5987 5988
f 5844 5988 5989
f 5989 5990 5844
f 5992 5993 5843
f 5843 5993 5994
f 5994 5995 5998
f 5998 5995 5996
f 5998 5996 5997
f 6003 6004 5837
f 6010 6011 6009
f 6009 6011 6012
f 6009 6012 6014
f 6014 6012 6013
f 6014 6015 6009
f 6009 6015 6402
f 6402 6015 6016
f 6402 6016 6401
f 6401 6016 6017
f 6401 6017 6400
f 6400 6017 6018
f 6400 6018 6399
f 6399 6018 6019
f 6399 6019 6398
f 6398 6019 6020
f 6398 6020 6397
f 6397 6020 6396
f 6396 6020 6021
f 6396 6021 6203
f 6203 6021 6202
f 6202 6021 6191
f 6202 6191 6201
f 6201 6191 6192
f 6201 6192 6200
f 6200 6192 6193
f 6200 6193 6194
f 6022 6034 6021
f 6021 6034 6035
f 6021 6035 6046
f 6046 6035 6045
f 6045 6035 6036
f 6045 6036 6044
f 6044 6036 6037
f 6044 6037 6038
f 6034 6022 6033
f 6033 6022 6023
f 6033 6023 6032
f 6032 6023 6024
f 6032 6024 6031
f 6031 6024 6025
f 6031 6025 6026
f 6031 6026 6030
f 6030 6026 6027
f 6030 6027 6029
f 6029 6027 6028
f 6044 6038 6043
f 6043 6038 6039
f 6043 6039 6042
f 6042 6039 6040
f 6042 6040 6041
f 6046 6047 6021
f 6021 6047 6058
f 6021 6058 6059
f 6058 6047 6057
f 6057 6047 6048
f 6057 6048 6056
f 6056 6048 6049
f 6056 6049 6050
f 6056 6050 6055
f 6055 6050 6051
f 6055 6051 6054
f 6054 6051 6052
f 6054 6052 6053
f 6060 6069 6059
f 6059 6069 6070
f 6059 6070 6021
f 6021 6070 6071
f 6021 6071 6082
f 6082 6071 6081
f 6081 6071 6072
f 6081 6072 6080
f 6080 6072 6073
f 6080 6073 6074
f 6069 6060 6068
f 6068 6060 6061
f 6068 6061 6062
f 6068 6062 6067
f 6067 6062 6063
f 6067 6063 6066
f 6066 6063 6064
f 6066 6064 6065
f 6080 6074 6079
f 6079 6074 6075
f 6079 6075 6078
f 6078 6075 6076
f 6078 6076 6077
f 6082 6083 6021
f 6021 6083 6094
f 6021 6094 6095
f 6094 6083 6093
f 6093 6083 6084
f 6093 6084 6092
f 6092 6084 6085
f 6092 6085 6086
f 6092 6086 6091
f 6091 6086 6087
f 6091 6087 6090
f 6090 6087 6088
f 6090 6088 6089
f 6096 6105 6095
f 6095 6105 6106
f 6095 6106 6021
f 6021 6106 6107
f 6021 6107 6118
f 6118 6107 6117
f 6117 6107 6108
f 6117 6108 6116
f 6116 6108 6109
f 6116 6109 6110
f 6105 6096 6104
f 6104 6096 6097
f 6104 6097 6098
f 6104 6098 6103
f 6103 6098 6099
f 6103 6099 6102
f 6102 6099 6100
f 6102 6100 6101
f 6116 6110 6115
f 6115 6110 6111
f 6115 6111 6114
f 6114 6111 6112
f 6114 6112 6113
f 6118 6119 6021
f 6021 6119 6130
f 6021 6130 6131
f 6130 6119 6129
f 6129 6119 6120
f 6129 6120 6128
f 6128 6120 6121
f 6128 6121 6122
f 6128 6122 6127
f 6127 6122 6123
f 6127 6123 6126
f 6126 6123 6124
f 6126 6124 6125
f 6132 6141 6131
f 6131 6141 6142
f 6131 6142 6021
f 6021 6142 6143
f 6021 6143 6154
f 6154 6143 6153
f 6153 6143 6144
f 6153 6144 6152
f 6152 6144 6145
f 6152 6145 6146
f 6141 6132 6140
f 6140 6132 6133
f 6140 6133 6134
f 6140 6134 6139
f 6139 6134 6135
f 6139 6135 6138
f 6138 6135 6136
f 6138 6136 6137
f 6152 6146 6151
f 6151 6146 6147
f 6151 6147 6150
f 6150 6147 6148
f 6150 6148 6149
f 6154 6155 6021
f 6021 6155 6166
f 6021 6166 6167
f 6166 6155 6165
f 6165 6155 6156
f 6165 6156 6164
f 6164 6156 6157
f 6164 6157 6158
f 6164 6158 6163
f 6163 6158 6159
f 6163 6159 6162
f 6162 6159 6160
f 6162 6160 6161
f 6168 6177 6167
f 6167 6177 6178
f 6167 6178 6021
f 6021 6178 6179
f 6021 6179 6190
f 6190 6179 6189
f 6189 6179 6180
f 6189 6180 6188
f 6188 6180 6181
f 6188 6181 6182
f 6177 6168 6176
f 6176 6168 6169
f 6176 6169 6170
f 6176 6170 6175
f 6175 6170 6171
f 6175 6171 6174
f 6174 6171 6172
f 6174 6172 6173
f 6188 6182 6187
f 6187 6182 6183
f 6187 6183 6186
f 6186 6183 6184
f 6186 6184 6185
f 6190 6191 6021
f 6200 6194 6199
f 6199 6194 6195
f 6199 6195 6198
f 6198 6195 6196
f 6198 6196 6197
f 6204 6213 6203
f 6203 6213 6214
f 6203 6214 6396
f 6396 6214 6215
f 6396 6215 6226
f 6226 6215 6225
f 6225 6215 6216
f 6225 6216 6224
f 6224 6216 6217
f 6224 6217 6218
f 6213 6204 6212
f 6212 6204 6205
f 6212 6205 6206
f 6212 6206 6211
f 6211 6206 6207
f 6211 6207 6210
f 6210 6207 6208
f 6210 6208 6209
f 6224 6218 6223
f 6223 6218 6219
f 6223 6219 6222
f 6222 6219 6220
f 6222 6220 6221
f 6226 6227 6396
f 6396 6227 6238
f 6396 6238 6239
f 6238 6227 6237
f 6237 6227 6228
f 6237 6228 6236
f 6236 6228 6229
f 6236 6229 6230
f 6236 6230 6235
f 6235 6230 6231
f 6235 6231 6234
f 6234 6231 6232
f 6234 6232 6233
f 6240 6249 6239
f 6239 6249 6250
f 6239 6250 6396
f 6396 6250 6251
f 6396 6251 6262
f 6262 6251 6261
f 6261 6251 6252
f 6261 6252 6260
f 6260 6252 6253
f 6260 6253 6254
f 6249 6240 6248
f 6248 6240 6241
f 6248 6241 6242
f 6248 6242 6247
f 6247 6242 6243
f 6247 6243 6246
f 6246 6243 6244
f 6246 6244 6245
f 6260 6254 6259
f 6259 6254 6255
f 6259 6255 6258
f 6258 6255 6256
f 6258 6256 6257
f 6262 6263 6396
f 6396 6263 6274
f 6396 6274 6275
f 6274 6263 6273
f 6273 6263 6264
f 6273 6264 6272
f 6272 6264 6265
f 6272 6265 6266
f 6272 6266 6271
f 6271 6266 6267
f 6271 6267 6270
f 6270 6267 6268
f 6270 6268 6269
f 6276 6285 6275
f 6275 6285 6286
f 6275 6286 6396
f 6396 6286 6287
f 6396 6287 6298
f 6298 6287 6297
f 6297 6287 6288
f 6297 6288 6296
f 6296 6288 6289
f 6296 6289 6290
f 6285 6276 6284
f 6284 6276 6277
f 6284 6277 6278
f 6284 6278 6283
f 6283 6278 6279
f 6283 6279 6282
f 6282 6279 6280
f 6282 6280 6281
f 6296 6290 6295
f 6295 6290 6291
f 6295 6291 6294
f 6294 6291 6292
f 6294 6292 6293
f 6298 6299 6396
f 6396 6299 6310
f 6396 6310 6311
f 6310 6299 6309
f 6309 6299 6300
f 6309 6300 6308
f 6308 6300 6301
f 6308 6301 6302
f 6308 6302 6307
f 6307 6302 6303
f 6307 6303 6306
f 6306 6303 6304
f 6306 6304 6305
f 6312 6321 6311
f 6311 6321 6322
f 6311 6322 6396
f 6396 6322 6323
f 6396 6323 6334
f 6334 6323 6333
f 6333 6323 6324
f 6333 6324 6332
f 6332 6324 6325
f 6332 6325 6326
f 6321 6312 6320
f 6320 6312 6313
f 6320 6313 6314
f 6320 6314 6319
f 6319 6314 6315
f 6319 6315 6318
f 6318 6315 6316
f 6318 6316 6317
f 6332 6326 6331
f 6331 6326 6327
f 6331 6327 6330
f 6330 6327 6328
f 6330 6328 6329
f 6334 6335 6396
f 6396 6335 6346
f 6396 6346 6347
f 6346 6335 6345
f 6345 6335 6336
f 6345 6336 6344
f 6344 6336 6337
f 6344 6337 6338
f 6344 6338 6343
f 6343 6338 6339
f 6343 6339 6342
f 6342 6339 6340
f 6342 6340 6341
f 6348 6357 6347
f 6347 6357 6358
f 6347 6358 6396
f 6396 6358 6359
f 6396 6359 6370
f 6370 6359 6369
f 6369 6359 6360
f 6369 6360 6368
f 6368 6360 6361
f 6368 6361 6362
f 6357 6348 6356
f 6356 6348 6349
f 6356 6349 6350
f 6356 6350 6355
f 6355 6350 6351
f 6355 6351 6354
f 6354 6351 6352
f 6354 6352 6353
f 6368 6362 6367
f 6367 6362 6363
f 6367 6363 6366
f 6366 6363 6364
f 6366 6364 6365
f 6370 6371 6396
f 6396 6371 6382
f 6396 6382 6383
f 6382 6371 6381
f 6381 6371 6372
f 6381 6372 6380
f 6380 6372 6373
f 6380 6373 6374
f 6380 6374 6379
f 6379 6374 6375
f 6379 6375 6378
f 6378 6375 6376
f 6378 6376 6377
f 6396 6383 6395
f 6395 6383 6384
f 6395 6384 6394
f 6394 6384 6385
f 6394 6385 6393
f 6393 6385 6386
f 6393 6386 6392
f 6392 6386 6387
f 6392 6387 6391
f 6391 6387 6390
f 6390 6387 6388
f 6390 6388 6389
f 6403 6404 6419
f 6419 6404 6405
f 6419 6405 6418
f 6418 6405 6406
f 6418 6406 6417
f 6417 6406 6407
f 6417 6407 6411
f 6411 6407 6410
f 6410 6407 6409
f 6409 6407 6408
f 6411 6412 6417
f 6417 6412 6414
f 6417 6414 6415
f 6412 6413 6414
f 6415 6416 6417
f 6421 6422 6420
f 6420 6422 6423
f 6425 6426 6424
f 6424 6426 6431
f 6431 6426 6427
f 6431 6427 6430
f 6430 6427 6428
f 6430 6428 6429
f 6433 6434 6432
f 6432 6434 6435
f 6436 6437 6453
f 6453 6437 6452
f 6452 6437 6451
f 6451 6437 6444
f 6451 6444 6445
f 6437 6438 6444
f 6444 6438 6443
f 6443 6438 6442
f 6442 6438 6439
f 6442 6439 6440
f 6440 6441 6442
f 6446 6447 6445
f 6445 6447 6448
f 6445 6448 6449
f 6449 6450 6445
f 6445 6450 6451
f 6455 6456 6454
f 6454 6456 6463
f 6463 6456 6457
f 6463 6457 6462
f 6462 6457 6458
f 6462 6458 6461
f 6461 6458 6459
f 6461 6459 6460
f 6464 6465 6480
f 6480 6465 6466
f 6480 6466 6479
f 6479 6466 6467
f 6479 6467 6478
f 6478 6467 6468
f 6478 6468 6472
f 6472 6468 6471
f 6471 6468 6470
f 6470 6468 6469
f 6472 6473 6478
f 6478 6473 6475
f 6478 6475 6476
f 6473 6474 6475
f 6476 6477 6478
f 6481 6482 6847
f 6847 6482 6844
f 6847 6844 6845
f 6483 6841 6482
f 6482 6841 6842
f 6482 6842 6844
f 6844 6842 6843
f 6841 6483 6840
f 6840 6483 6484
f 6840 6484 6839
f 6839 6484 6485
f 6839 6485 6838
f 6838 6485 6837
f 6837 6485 6486
f 6837 6486 6836
f 6836 6486 6835
f 6835 6486 6487
f 6835 6487 6834
f 6834 6487 6500
f 6834 6500 6501
f 6487 6488 6500
f 6500 6488 6499
f 6499 6488 6489
f 6499 6489 6498
f 6498 6489 6490
f 6498 6490 6491
f 6498 6491 6497
f 6497 6491 6492
f 6497 6492 6493
f 6493 6494 6497
f 6497 6494 6496
f 6496 6494 6495
f 6834 6501 6511
f 6511 6501 6502
f 6511 6502 6510
f 6510 6502 6503
f 6510 6503 6509
f 6509 6503 6504
f 6509 6504 6505
f 6509 6505 6508
f 6508 6505 6506
f 6508 6506 6507
f 6511 6512 6834
f 6834 6512 6522
f 6834 6522 6523
f 6512 6513 6522
f 6522 6513 6521
f 6521 6513 6514
f 6521 6514 6520
f 6520 6514 6515
f 6520 6515 6516
f 6520 6516 6519
f 6519 6516 6517
f 6519 6517 6518
f 6834 6523 6533
f 6533 6523 6524
f 6533 6524 6532
f 6532 6524 6525
f 6532 6525 6531
f 6531 6525 6526
f 6531 6526 6527
f 6531 6527 6530
f 6530 6527 6528
f 6530 6528 6529
f 6533 6534 6834
f 6834 6534 6544
f 6834 6544 6545
f 6534 6535 6544
f 6544 6535 6543
f 6543 6535 6536
f 6543 6536 6542
f 6542 6536 6537
f 6542 6537 6538
f 6542 6538 6541
f 6541 6538 6539
f 6541 6539 6540
f 6834 6545 6555
f 6555 6545 6546
f 6555 6546 6554
f 6554 6546 6547
f 6554 6547 6553
f 6553 6547 6548
f 6553 6548 6549
f 6553 6549 6552
f 6552 6549 6550
f 6552 6550 6551
f 6555 6556 6834
f 6834 6556 6566
f 6834 6566 6567
f 6556 6557 6566
f 6566 6557 6565
f 6565 6557 6558
f 6565 6558 6564
f 6564 6558 6559
f 6564 6559 6560
f 6564 6560 6563
f 6563 6560 6561
f 6563 6561 6562
f 6834 6567 6577
f 6577 6567 6568
f 6577 6568 6576
f 6576 6568 6569
f 6576 6569 6575
f 6575 6569 6570
f 6575 6570 6571
f 6575 6571 6574
f 6574 6571 6572
f 6574 6572 6573
f 6577 6578 6834
f 6834 6578 6588
f 6834 6588 6589
f 6578 6579 6588
f 6588 6579 6587
f 6587 6579 6580
f 6587 6580 6586
f 6586 6580 6581
f 6586 6581 6582
f 6586 6582 6585
f 6585 6582 6583
f 6585 6583 6584
f 6834 6589 6599
f 6599 6589 6590
f 6599 6590 6598
f 6598 6590 6591
f 6598 6591 6597
f 6597 6591 6592
f 6597 6592 6593
f 6597 6593 6596
f 6596 6593 6594
f 6596 6594 6595
f 6599 6600 6834
f 6834 6600 6610
f 6834 6610 6611
f 6600 6601 6610
f 6610 6601 6609
f 6609 6601 6602
f 6609 6602 6608
f 6608 6602 6603
f 6608 6603 6604
f 6608 6604 6607
f 6607 6604 6605
f 6607 6605 6606
f 6834 6611 6621
f 6621 6611 6612
f 6621 6612 6620
f 6620 6612 6613
f 6620 6613 6619
f 6619 6613 6614
f 6619 6614 6615
f 6619 6615 6618
f 6618 6615 6616
f 6618 6616 6617
f 6621 6622 6834
f 6834 6622 6632
f 6834 6632 6633
f 6622 6623 6632
f 6632 6623 6631
f 6631 6623 6624
f 6631 6624 6630
f 6630 6624 6625
f 6630 6625 6626
f 6630 6626 6629
f 6629 6626 6627
f 6629 6627 6628
f 6834 6633 6643
f 6643 6633 6634
f 6643 6634 6642
f 6642 6634 6635
f 6642 6635 6641
f 6641 6635 6636
f 6641 6636 6637
f 6641 6637 6640
f 6640 6637 6638
f 6640 6638 6639
f 6643 6644 6834
f 6834 6644 6654
f 6834 6654 6655
f 6644 6645 6654
f 6654 6645 6653
f 6653 6645 6646
f 6653 6646 6652
f 6652 6646 6647
f 6652 6647 6648
f 6652 6648 6651
f 6651 6648 6649
f 6651 6649 6650
f 6834 6655 6665
f 6665 6655 6656
f 6665 6656 6664
f 6664 6656 6657
f 6664 6657 6663
f 6663 6657 6658
f 6663 6658 6659
f 6663 6659 6662
f 6662 6659 6660
f 6662 6660 6661
f 6665 6666 6834
f 6834 6666 6676
f 6834 6676 6677
f 6666 6667 6676
f 6676 6667 6675
f 6675 6667 6668
f 6675 6668 6674
f 6674 6668 6669
f 6674 6669 6670
f 6674 6670 6673
f 6673 6670 6671
f 6673 6671 6672
f 6834 6677 6687
f 6687 6677 6678
f 6687 6678 6686
f 6686 6678 6679
f 6686 6679 6685
f 6685 6679 6680
f 6685 6680 6681
f 6685 6681 6684
f 6684 6681 6682
f 6684 6682 6683
f 6687 6688 6834
f 6834 6688 6698
f 6834 6698 6699
f 6688 6689 6698
f 6698 6689 6697
f 6697 6689 6690
f 6697 6690 6696
f 6696 6690 6691
f 6696 6691 6692
f 6696 6692 6695
f 6695 6692 6693
f 6695 6693 6694
f 6834 6699 6709
f 6709 6699 6700
f 6709 6700 6708
f 6708 6700 6701
f 6708 6701 6707
f 6707 6701 6702
f 6707 6702 6703
f 6707 6703 6706
f 6706 6703 6704
f 6706 6704 6705
f 6709 6710 6834
f 6834 6710 6720
f 6834 6720 6721
f 6710 6711 6720
f 6720 6711 6719
f 6719 6711 6712
f 6719 6712 6718
f 6718 6712 6713
f 6718 6713 6714
f 6718 6714 6717
f 6717 6714 6715
f 6717 6715 6716
f 6834 6721 6731
f 6731 6721 6722
f 6731 6722 6730
f 6730 6722 6723
f 6730 6723 6729
f 6729 6723 6724
f 6729 6724 6725
f 6729 6725 6728
f 6728 6725 6726
f 6728 6726 6727
f 6731 6732 6834
f 6834 6732 6742
f 6834 6742 6743
f 6732 6733 6742
f 6742 6733 6741
f 6741 6733 6734
f 6741 6734 6740
f 6740 6734 6735
f 6740 6735 6736
f 6740 6736 6739
f 6739 6736 6737
f 6739 6737 6738
f 6834 6743 6753
f 6753 6743 6744
f 6753 6744 6752
f 6752 6744 6745
f 6752 6745 6751
f 6751 6745 6746
f 6751 6746 6747
f 6751 6747 6750
f 6750 6747 6748
f 6750 6748 6749
f 6753 6754 6834
f 6834 6754 6764
f 6834 6764 6765
f 6754 6755 6764
f 6764 6755 6763
f 6763 6755 6756
f 6763 6756 6762
f 6762 6756 6757
f 6762 6757 6758
f 6762 6758 6761
f 6761 6758 6759
f 6761 6759 6760
f 6834 6765 6775
f 6775 6765 6766
f 6775 6766 6774
f 6774 6766 6767
f 6774 6767 6773
f 6773 6767 6768
f 6773 6768 6769
f 6773 6769 6772
f 6772 6769 6770
f 6772 6770 6771
f 6775 6776 6834
f 6834 6776 6786
f 6834 6786 6787
f 6776 6777 6786
f 6786 6777 6785
f 6785 6777 6778
f 6785 6778 6784
f 6784 6778 6779
f 6784 6779 6780
f 6784 6780 6783
f 6783 6780 6781
f 6783 6781 6782
f 6834 6787 6797
f 6797 6787 6788
f 6797 6788 6796
f 6796 6788 6789
f 6796 6789 6795
f 6795 6789 6790
f 6795 6790 6791
f 6795 6791 6794
f 6794 6791 6792
f 6794 6792 6793
f 6797 6798 6834
f 6834 6798 6808
f 6834 6808 6809
f 6798 6799 6808
f 6808 6799 6807
f 6807 6799 6800
f 6807 6800 6806
f 6806 6800 6801
f 6806 6801 6802
f 6806 6802 6805
f 6805 6802 6803
f 6805 6803 6804
f 6834 6809 6819
f 6819 6809 6810
f 6819 6810 6818
f 6818 6810 6811
f 6818 6811 6817
f 6817 6811 6812
f 6817 6812 6813
f 6817 6813 6816
f 6816 6813 6814
f 6816 6814 6815
f 6819 6820 6834
f 6834 6820 6833
f 6833 6820 6821
f 6833 6821 6822
f 6833 6822 6832
f 6832 6822 6823
f 6832 6823 6831
f 6831 6823 6824
f 6831 6824 6830
f 6830 6824 6825
f 6830 6825 6827
f 6827 6825 6826
f 6827 6828 6830
f 6830 6828 6829
f 6845 6846 6847
f 6848 6849 6860
f 6860 6849 6859
f 6859 6849 6858
f 6858 6849 6852
f 6858 6852 6857
f 6857 6852 6853
f 6857 6853 6856
f 6856 6853 6855
f 6855 6853 6854
f 6850 6851 6849
f 6849 6851 6852
f 6861 6862 6871
f 6871 6862 6867
f 6871 6867 6870
f 6870 6867 6868
f 6870 6868 6869
f 6862 6863 6867
f 6867 6863 6866
f 6866 6863 6864
f 6866 6864 6865
f 6872 6873 6875
f 6875 6873 6874
f 6877 6878 6876
f 6876 6878 6879
f 6881 6882 6880
f 6880 6882 6883
f 6885 6886 6884
f 6884 6886 6893
f 6893 6886 6887
f 6893 6887 6892
f 6892 6887 6888
f 6892 6888 6891
f 6891 6888 6889
f 6891 6889 6890
f 6894 6895 6897
f 6897 6895 6896
f 6898 6899 6905
f 6905 6899 6904
f 6904 6899 6900
f 6904 6900 6903
f 6903 6900 6901
f 6903 6901 6902
f 6906 6907 6931
f 6931 6907 6930
f 6930 6907 6908
f 6930 6908 6929
f 6929 6908 6910
f 6929 6910 6928
f 6928 6910 6927
f 6927 6910 6926
f 6926 6910 6917
f 6926 6917 6918
f 6908 6909 6910
f 6917 6910 6916
f 6916 6910 6911
f 6916 6911 6915
f 6915 6911 6914
f 6914 6911 6913
f 6913 6911 6912
f 6918 6919 6926
f 6926 6919 6920
f 6926 6920 6925
f 6925 6920 6924
f 6924 6920 6923
f 6923 6920 6921
f 6923 6921 6922
f 6932 6933 6935
f 6935 6933 6934
f 6937 6938 6936
f 6936 6938 6945
f 6945 6938 6939
f 6945 6939 6944
f 6944 6939 6940
f 6944 6940 6943
f 6943 6940 6941
f 6943 6941 6942
f 6947 6948 6946
f 6946 6948 6953
f 6953 6948 6949
f 6953 6949 6952
f 6952 6949 6950
f 6952 6950 6951
f 6955 6957 6954
f 6954 6957 6958
f 6954 6958 6964
f 6964 6958 6959
f 6964 6959 6963
f 6963 6959 6960
f 6963 6960 6961
f 6955 6956 6957
f 6961 6962 6963
f 6964 6965 6954
f 6966 6967 6969
f 6969 6967 6968
f 6981 6970 6980
f 6980 6970 6971
f 6980 6971 6979
f 6979 6971 6973
f 6979 6973 6978
f 6978 6973 6974
f 6978 6974 6977
f 6977 6974 6976
f 6976 6974 6975
f 6971 6972 6973
f 6982 6983 6989
f 6989 6983 6988
f 6988 6983 6984
f 6988 6984 6987
f 6987 6984 6985
f 6987 6985 6986
f 6991 6992 6990
f 6990 6992 6993
f 6995 6996 6994
f 6994 6996 7003
f 7003 6996 6997
f 7003 6997 7002
f 7002 6997 6998
f 7002 6998 7001
f 7001 6998 6999
f 7001 6999 7000
f 7004 7005 7007
f 7007 7005 7006
f 7009 7010 7008
f 7008 7010 7019
f 7019 7010 7011
f 7019 7011 7018
f 7018 7011 7012
f 7018 7012 7017
f 7017 7012 7013
f 7017 7013 7016
f 7016 7013 7014
f 7016 7014 7015
f 7031 7020 7030
f 7030 7020 7021
f 7030 7021 7029
f 7029 7021 7022
f 7029 7022 7028
f 7028 7022 7023
f 7028 7023 7027
f 7027 7023 7024
f 7027 7024 7026
f 7026 7024 7025
f 7033 7034 7032
f 7032 7034 7035
f 7036 7037 7039
f 7039 7037 7038
f 7041 7042 7040
f 7040 7042 7047
f 7047 7042 7043
f 7047 7043 7046
f 7046 7043 7044
f 7046 7044 7045
f 7049 7051 7048
f 7048 7051 7052
f 7048 7052 7058
f 7058 7052 7053
f 7058 7053 7057
f 7057 7053 7054
f 7057 7054 7055
f 7049 7050 7051
f 7055 7056 7057
f 7058 7059 7048
f 7060 7061 7063
f 7063 7061 7062
f 7075 7064 7074
f 7074 7064 7065
f 7074 7065 7073
f 7073 7065 7067
f 7073 7067 7072
f 7072 7067 7068
f 7072 7068 7071
f 7071 7068 7070
f 7070 7068 7069
f 7065 7066 7067
f 7076 7077 7083
f 7083 7077 7082
f 7082 7077 7078
f 7082 7078 7081
f 7081 7078 7079
f 7081 7079 7080
f 7085 7086 7084
f 7084 7086 7095
f 7095 7086 7087
f 7095 7087 7094
f 7094 7087 7088
f 7094 7088 7093
f 7093 7088 7089
f 7093 7089 7092
f 7092 7089 7090
f 7092 7090 7091
f 7097 7098 7096
f 7096 7098 7107
f 7107 7098 7099
f 7107 7099 7106
f 7106 7099 7100
f 7106 7100 7105
f 7105 7100 7101
f 7105 7101 7104
f 7104 7101 7102
f 7104 7102 7103
f 7109 7110 7108
f 7108 7110 7111
f 7108 7111 7133
f 7133 7111 7112
f 7133 7112 7131
f 7131 7112 7113
f 7131 7113 7114
f 7114 7115 7131
f 7131 7115 7124
f 7131 7124 7125
f 7116 7121 7115
f 7115 7121 7122
f 7115 7122 7123
f 7116 7117 7121
f 7121 7117 7118
f 7121 7118 7120
f 7120 7118 7119
f 7123 7124 7115
f 7131 7125 7130
f 7130 7125 7126
f 7130 7126 7127
f 7127 7128 7130
f 7130 7128 7129
f 7131 7132 7133
f 7134 7135 7137
f 7137 7135 7136
f 7138 7139 7141
f 7141 7139 7140
f 7147 7142 7146
f 7146 7142 7143
f 7146 7143 7145
f 7145 7143 7144
f 7148 7149 7151
f 7151 7149 7150
f 7153 7155 7152
f 7152 7155 7156
f 7152 7156 7162
f 7162 7156 7157
f 7162 7157 7161
f 7161 7157 7158
f 7161 7158 7159
f 7153 7154 7155
f 7159 7160 7161
f 7162 7163 7152
f 7164 7165 7167
f 7167 7165 7166
f 7179 7168 7178
f 7178 7168 7169
f 7178 7169 7177
f 7177 7169 7171
f 7177 7171 7176
f 7176 7171 7172
f 7176 7172 7175
f 7175 7172 7174
f 7174 7172 7173
f 7169 7170 7171
f 7180 7181 7183
f 7183 7181 7182
f 7184 7185 7195
f 7195 7185 7194
f 7194 7185 7186
f 7194 7186 7193
f 7193 7186 7187
f 7193 7187 7192
f 7192 7187 7188
f 7192 7188 7191
f 7191 7188 7189
f 7191 7189 7190
f 7197 7198 7196
f 7196 7198 7207
f 7207 7198 7199
f 7207 7199 7206
f 7206 7199 7200
f 7206 7200 7205
f 7205 7200 7201
f 7205 7201 7204
f 7204 7201 7202
f 7204 7202 7203
f 7208 7209 7233
f 7233 7209 7232
f 7232 7209 7210
f 7232 7210 7231
f 7231 7210 7212
f 7231 7212 7230
f 7230 7212 7229
f 7229 7212 7228
f 7228 7212 7219
f 7228 7219 7220
f 7210 7211 7212
f 7219 7212 7218
f 7218 7212 7213
f 7218 7213 7217
f 7217 7213 7216
f 7216 7213 7215
f 7215 7213 7214
f 7220 7221 7228
f 7228 7221 7222
f 7228 7222 7227
f 7227 7222 7226
f 7226 7222 7225
f 7225 7222 7223
f 7225 7223 7224
f 7234 7235 7237
f 7237 7235 7236
f 7239 7240 7238
f 7238 7240 7245
f 7245 7240 7241
f 7245 7241 7244
f 7244 7241 7242
f 7244 7242 7243
f 7246 7247 7257
f 7257 7247 7256
f 7256 7247 7248
f 7256 7248 7255
f 7255 7248 7249
f 7255 7249 7254
f 7254 7249 7250
f 7254 7250 7253
f 7253 7250 7251
f 7253 7251 7252
f 7259 7260 7258
f 7258 7260 7261
f 7258 7261 7283
f 7283 7261 7262
f 7283 7262 7281
f 7281 7262 7263
f 7281 7263 7264
f 7264 7265 7281
f 7281 7265 7274
f 7281 7274 7275
f 7266 7271 7265
f 7265 7271 7272
f 7265 7272 7273
f 7266 7267 7271
f 7271 7267 7268
f 7271 7268 7270
f 7270 7268 7269
f 7273 7274 7265
f 7281 7275 7280
f 7280 7275 7276
f 7280 7276 7277
f 7277 7278 7280
f 7280 7278 7279
f 7281 7282 7283
f 7285 7286 7284
f 7284 7286 7295
f 7295 7286 7287
f 7295 7287 7294
f 7294 7287 7288
f 7294 7288 7293
f 7293 7288 7289
f 7293 7289 7292
f 7292 7289 7290
f 7292 7290 7291
f 7296 7297 7321
f 7321 7297 7320
f 7320 7297 7298
f 7320 7298 7319
f 7319 7298 7300
f 7319 7300 7318
f 7318 7300 7317
f 7317 7300 7316
f 7316 7300 7307
f 7316 7307 7308
f 7298 7299 7300
f 7307 7300 7306
f 7306 7300 7301
f 7306 7301 7305
f 7305 7301 7304
f 7304 7301 7303
f 7303 7301 7302
f 7308 7309 7316
f 7316 7309 7310
f 7316 7310 7315
f 7315 7310 7314
f 7314 7310 7313
f 7313 7310 7311
f 7313 7311 7312
f 7323 7324 7322
f 7322 7324 7333
f 7333 7324 7325
f 7333 7325 7332
f 7332 7325 7326
f 7332 7326 7331
f 7331 7326 7327
f 7331 7327 7330
f 7330 7327 7328
f 7330 7328 7329
f 7334 7335 7339
f 7339 7335 7338
f 7338 7335 7336
f 7338 7336 7337
f 7341 7342 7340
f 7340 7342 7351
f 7351 7342 7343
f 7351 7343 7350
f 7350 7343 7344
f 7350 7344 7349
f 7349 7344 7345
f 7349 7345 7348
f 7348 7345 7346
f 7348 7346 7347
f 7353 7354 7352
f 7352 7354 7355
f 7356 7357 7359
f 7359 7357 7358
f 7361 7362 7360
f 7360 7362 7367
f 7367 7362 7363
f 7367 7363 7366
f 7366 7363 7364
f 7366 7364 7365
f 7369 7370 7368
f 7368 7370 7371
f 7383 7372 7382
f 7382 7372 7373
f 7382 7373 7381
f 7381 7373 7375
f 7381 7375 7380
f 7380 7375 7376
f 7380 7376 7379
f 7379 7376 7378
f 7378 7376 7377
f 7373 7374 7375
f 7384 7385 7387
f 7387 7385 7386
f 7388 7389 7391
f 7391 7389 7390
f 7393 7394 7392
f 7392 7394 7399
f 7399 7394 7395
f 7399 7395 7398
f 7398 7395 7396
f 7398 7396 7397
f 7400 7401 7403
f 7403 7401 7402
f 7415 7404 7414
f 7414 7404 7405
f 7414 7405 7413
f 7413 7405 7407
f 7413 7407 7412
f 7412 7407 7408
f 7412 7408 7411
f 7411 7408 7410
f 7410 7408 7409
f 7405 7406 7407
f 7416 7417 7428
f 7428 7417 7427
f 7427 7417 7426
f 7426 7417 7420
f 7426 7420 7425
f 7425 7420 7421
f 7425 7421 7424
f 7424 7421 7423
f 7423 7421 7422
f 7418 7419 7417
f 7417 7419 7420
f 7430 7431 7429
f 7429 7431 7432
f 7433 7434 7450
f 7450 7434 7449
f 7449 7434 7448
f 7448 7434 7441
f 7448 7441 7442
f 7434 7435 7441
f 7441 7435 7440
f 7440 7435 7439
f 7439 7435 7436
f 7439 7436 7437
f 7437 7438 7439
f 7443 7444 7442
f 7442 7444 7445
f 7442 7445 7446
f 7446 7447 7442
f 7442 7447 7448
f 7451 7452 7454
f 7454 7452 7453
f 7455 7456 7458
f 7458 7456 7457
f 7460 7461 7459
f 7459 7461 7466
f 7466 7461 7462
f 7466 7462 7465
f 7465 7462 7463
f 7465 7463 7464
f 7467 7468 7470
f 7470 7468 7469
f 7472 7473 7471
f 7471 7473 7474
f 7475 7476 7478
f 7478 7476 7477
f 7479 7480 7489
f 7489 7480 7488
f 7488 7480 7487
f 7487 7480 7482
f 7487 7482 7486
f 7486 7482 7483
f 7486 7483 7485
f 7485 7483 7484
f 7480 7481 7482
f 7491 7492 7490
f 7490 7492 7497
f 7497 7492 7493
f 7497 7493 7496
f 7496 7493 7494
f 7496 7494 7495
f 7498 7499 7515
f 7515 7499 7514
f 7514 7499 7513
f 7513 7499 7506
f 7513 7506 7507
f 7499 7500 7506
f 7506 7500 7505
f 7505 7500 7504
f 7504 7500 7501
f 7504 7501 7502
f 7502 7503 7504
f 7508 7509 7507
f 7507 7509 7510
f 7507 7510 7511
f 7511 7512 7507
f 7507 7512 7513
f 7527 7516 7526
f 7526 7516 7517
f 7526 7517 7525
f 7525 7517 7518
f 7525 7518 7524
f 7524 7518 7519
f 7524 7519 7523
f 7523 7519 7520
f 7523 7520 7522
f 7522 7520 7521
f 7529 7530 7528
f 7528 7530 7539
f 7539 7530 7531
f 7539 7531 7538
f 7538 7531 7532
f 7538 7532 7537
f 7537 7532 7533
f 7537 7533 7536
f 7536 7533 7534
f 7536 7534 7535
f 7541 7542 7540
f 7540 7542 7543
f 7540 7543 7565
f 7565 7543 7544
f 7565 7544 7563
f 7563 7544 7545
f 7563 7545 7546
f 7546 7547 7563
f 7563 7547 7556
f 7563 7556 7557
f 7548 7553 7547
f 7547 7553 7554
f 7547 7554 7555
f 7548 7549 7553
f 7553 7549 7550
f 7553 7550 7552
f 7552 7550 7551
f 7555 7556 7547
f 7563 7557 7562
f 7562 7557 7558
f 7562 7558 7559
f 7559 7560 7562
f 7562 7560 7561
f 7563 7564 7565
f 7566 7567 7569
f 7569 7567 7568
f 7570 7571 7573
f 7573 7571 7572
f 7575 7576 7574
f 7574 7576 7577
f 7579 7580 7578
f 7578 7580 7585
f 7585 7580 7581
f 7585 7581 7584
f 7584 7581 7582
f 7584 7582 7583
f 7586 7587 7589
f 7589 7587 7588
f 7591 7592 7590
f 7590 7592 7601
f 7601 7592 7593
f 7601 7593 7600
f 7600 7593 7594
f 7600 7594 7599
f 7599 7594 7595
f 7599 7595 7598
f 7598 7595 7596
f 7598 7596 7597
f 7602 7603 7627
f 7627 7603 7626
f 7626 7603 7604
f 7626 7604 7625
f 7625 7604 7606
f 7625 7606 7624
f 7624 7606 7623
f 7623 7606 7622
f 7622 7606 7613
f 7622 7613 7614
f 7604 7605 7606
f 7613 7606 7612
f 7612 7606 7607
f 7612 7607 7611
f 7611 7607 7610
f 7610 7607 7609
f 7609 7607 7608
f 7614 7615 7622
f 7622 7615 7616
f 7622 7616 7621
f 7621 7616 7620
f 7620 7616 7619
f 7619 7616 7617
f 7619 7617 7618
f 7628 7629 7631
f 7631 7629 7630
f 7633 7634 7632
f 7632 7634 7635
f 7636 7637 7639
f 7639 7637 7638
f 7640 7641 7665
f 7665 7641 7664
f 7664 7641 7642
f 7664 7642 7663
f 7663 7642 7644
f 7663 7644 7662
f 7662 7644 7661
f 7661 7644 7660
f 7660 7644 7651
f 7660 7651 7652
f 7642 7643 7644
f 7651 7644 7650
f 7650 7644 7645
f 7650 7645 7649
f 7649 7645 7648
f 7648 7645 7647
f 7647 7645 7646
f 7652 7653 7660
f 7660 7653 7654
f 7660 7654 7659
f 7659 7654 7658
f 7658 7654 7657
f 7657 7654 7655
f 7657 7655 7656
f 7667 7668 7666
f 7666 7668 7669
f 7671 7672 7670
f 7670 7672 7673
f 7670 7673 7674
f 7670 7674 7680
f 7680 7674 7675
f 7680 7675 7679
f 7679 7675 7676
f 7679 7676 7677
f 7677 7678 7679
f 7680 7681 7670
f 7670 7681 7682
f 7683 7684 7686
f 7686 7684 7685
f 7688 7689 7687
f 7687 7689 7694
f 7694 7689 7690
f 7694 7690 7693
f 7693 7690 7691
f 7693 7691 7692
f 7696 7697 7695
f 7695 7697 7698
f 7699 7700 7702
f 7702 7700 7701
f 7704 7705 7703
f 7703 7705 7706
f 7708 7709 7707
f 7707 7709 7714
f 7714 7709 7710
f 7714 7710 7713
f 7713 7710 7711
f 7713 7711 7712
f 7715 7716 7718
f 7718 7716 7717
f 7719 7720 7722
f 7722 7720 7721
f 7723 7724 7726
f 7726 7724 7725
f 7727 7728 7730
f 7730 7728 7729
f 7731 7732 7734
f 7734 7732 7733
f 7735 7736 7738
f 7738 7736 7737
f 7739 7740 7742
f 7742 7740 7741
f 7754 7743 7753
f 7753 7743 7744
f 7753 7744 7752
f 7752 7744 7745
f 7752 7745 7751
f 7751 7745 7746
f 7751 7746 7750
f 7750 7746 7747
f 7750 7747 7749
f 7749 7747 7748
f 7766 7755 7765
f 7765 7755 7756
f 7765 7756 7764
f 7764 7756 7757
f 7764 7757 7763
f 7763 7757 7758
f 7763 7758 7762
f 7762 7758 7759
f 7762 7759 7761
f 7761 7759 7760
f 7768 7769 7767
f 7767 7769 7770
f 7767 7770 7792
f 7792 7770 7771
f 7792 7771 7790
f 7790 7771 7772
f 7790 7772 7773
f 7773 7774 7790
f 7790 7774 7783
f 7790 7783 7784
f 7775 7780 7774
f 7774 7780 7781
f 7774 7781 7782
f 7775 7776 7780
f 7780 7776 7777
f 7780 7777 7779
f 7779 7777 7778
f 7782 7783 7774
f 7790 7784 7789
f 7789 7784 7785
f 7789 7785 7786
f 7786 7787 7789
f 7789 7787 7788
f 7790 7791 7792
f 7793 7794 7796
f 7796 7794 7795
f 7797 7798 7800
f 7800 7798 7799
f 7801 7802 7812
f 7812 7802 7811
f 7811 7802 7803
f 7811 7803 7810
f 7810 7803 7804
f 7810 7804 7809
f 7809 7804 7805
f 7809 7805 7808
f 7808 7805 7806
f 7808 7806 7807
f 7813 7814 7816
f 7816 7814 7815
f 7817 7818 7820
f 7820 7818 7819
f 7821 7822 7828
f 7828 7822 7827
f 7827 7822 7823
f 7827 7823 7826
f 7826 7823 7824
f 7826 7824 7825
f 7830 7832 7829
f 7829 7832 7833
f 7829 7833 7839
f 7839 7833 7834
f 7839 7834 7838
f 7838 7834 7835
f 7838 7835 7836
f 7830 7831 7832
f 7836 7837 7838
f 7839 7840 7829
f 7841 7842 7844
f 7844 7842 7843
f 7845 7846 7848
f 7848 7846 7847
f 7849 7850 7852
f 7852 7850 7851
f 7853 7854 7856
f 7856 7854 7855
f 7857 7858 7868
f 7868 7858 7867
f 7867 7858 7859
f 7867 7859 7866
f 7866 7859 7860
f 7866 7860 7865
f 7865 7860 7861
f 7865 7861 7864
f 7864 7861 7862
f 7864 7862 7863
f 7870 7871 7869
f 7869 7871 7872
f 7873 7874 7876
f 7876 7874 7875
f 7878 7879 7877
f 7877 7879 7888
f 7888 7879 7880
f 7888 7880 7887
f 7887 7880 7881
f 7887 7881 7886
f 7886 7881 7882
f 7886 7882 7885
f 7885 7882 7883
f 7885 7883 7884
f 7889 7890 7892
f 7892 7890 7891
f 7893 7894 7896
f 7896 7894 7895
f 7918 7897 7903
f 7903 7897 7898
f 7903 7898 7899
f 7903 7899 7902
f 7902 7899 7900
f 7902 7900 7901
f 7904 7905 7903
f 7903 7905 7910
f 7903 7910 7911
f 7910 7905 7909
f 7909 7905 7906
f 7909 7906 7908
f 7908 7906 7907
f 7911 7912 7903
f 7903 7912 7913
f 7903 7913 7918
f 7918 7913 7917
f 7917 7913 7914
f 7917 7914 7915
f 7915 7916 7917
f 7919 7920 7922
f 7922 7920 7921
f 7923 7924 7926
f 7926 7924 7925
f 7928 7929 7927
f 7927 7929 7934
f 7934 7929 7930
f 7934 7930 7933
f 7933 7930 7931
f 7933 7931 7932
f 7936 7937 7935
f 7935 7937 7942
f 7942 7937 7938
f 7942 7938 7941
f 7941 7938 7939
f 7941 7939 7940
f 7943 7944 7946
f 7946 7944 7945
f 7948 7950 7947
f 7947 7950 7951
f 7947 7951 7957
f 7957 7951 7952
f 7957 7952 7956
f 7956 7952 7953
f 7956 7953 7954
f 7948 7949 7950
f 7954 7955 7956
f 7957 7958 7947
f 7959 7960 7962
f 7962 7960 7961
f 7963 7964 7973
f 7973 7964 7969
f 7973 7969 7972
f 7972 7969 7970
f 7972 7970 7971
f 7964 7965 7969
f 7969 7965 7968
f 7968 7965 7966
f 7968 7966 7967
f 7974 7975 7984
f 7984 7975 7983
f 7983 7975 7982
f 7982 7975 7977
f 7982 7977 7981
f 7981 7977 7978
f 7981 7978 7980
f 7980 7978 7979
f 7975 7976 7977
f 7986 7999 7985
f 7985 7999 8000
f 7985 8000 8001
f 7999 7986 7997
f 7997 7986 7987
f 7997 7987 7996
f 7996 7987 7988
f 7996 7988 7989
f 7990 7994 7989
f 7989 7994 7995
f 7989 7995 7996
f 7990 7991 7994
f 7994 7991 7992
f 7994 7992 7993
f 7997 7998 7999
f 7985 8001 8007
f 8007 8001 8002
f 8007 8002 8006
f 8006 8002 8003
f 8006 8003 8004
f 8004 8005 8006
f 8008 8010 8007
f 8007 8010 8011
f 8007 8011 8012
f 8008 8009 8010
f 8012 8013 8007
f 8007 8013 7985
f 8015 8016 8014
f 8014 8016 8023
f 8023 8016 8017
f 8023 8017 8022
f 8022 8017 8018
f 8022 8018 8021
f 8021 8018 8019
f 8021 8019 8020
f 8024 8025 8035
f 8035 8025 8034
f 8034 8025 8026
f 8034 8026 8033
f 8033 8026 8027
f 8033 8027 8032
f 8032 8027 8028
f 8032 8028 8031
f 8031 8028 8029
f 8031 8029 8030
f 8036 8037 8061
f 8061 8037 8060
f 8060 8037 8038
f 8060 8038 8059
f 8059 8038 8040
f 8059 8040 8058
f 8058 8040 8057
f 8057 8040 8056
f 8056 8040 8047
f 8056 8047 8048
f 8038 8039 8040
f 8047 8040 8046
f 8046 8040 8041
f 8046 8041 8045
f 8045 8041 8044
f 8044 8041 8043
f 8043 8041 8042
f 8048 8049 8056
f 8056 8049 8050
f 8056 8050 8055
f 8055 8050 8054
f 8054 8050 8053
f 8053 8050 8051
f 8053 8051 8052
f 8073 8062 8072
f 8072 8062 8063
f 8072 8063 8071
f 8071 8063 8065
f 8071 8065 8070
f 8070 8065 8066
f 8070 8066 8069
f 8069 8066 8068
f 8068 8066 8067
f 8063 8064 8065
f 8075 8077 8074
f 8074 8077 8078
f 8074 8078 8084
f 8084 8078 8079
f 8084 8079 8083
f 8083 8079 8080
f 8083 8080 8081
f 8075 8076 8077
f 8081 8082 8083
f 8084 8085 8074
f 8086 8087 8089
f 8089 8087 8088
f 8100 8090 8095
f 8095 8090 8091
f 8095 8091 8094
f 8094 8091 8093
f 8093 8091 8092
f 8095 8096 8100
f 8100 8096 8099
f 8099 8096 8097
f 8099 8097 8098
f 8102 8103 8101
f 8101 8103 8106
f 8101 8106 8107
f 8103 8104 8106
f 8106 8104 8105
f 8101 8107 8110
f 8110 8107 8108
f 8110 8108 8109
f 8101 8110 8120
f 8120 8110 8111
f 8120 8111 8114
f 8114 8111 8112
f 8114 8112 8113
f 8114 8115 8120
f 8120 8115 8118
f 8120 8118 8119
f 8115 8116 8118
f 8118 8116 8117
f 8122 8123 8121
f 8121 8123 8128
f 8128 8123 8124
f 8128 8124 8127
f 8127 8124 8125
f 8127 8125 8126
f 8140 8129 8139
f 8139 8129 8130
f 8139 8130 8138
f 8138 8130 8132
f 8138 8132 8137
f 8137 8132 8133
f 8137 8133 8136
f 8136 8133 8135
f 8135 8133 8134
f 8130 8131 8132
f 8141 8142 8144
f 8144 8142 8143
f 8146 8148 8145
f 8145 8148 8149
f 8145 8149 8155
f 8155 8149 8150
f 8155 8150 8154
f 8154 8150 8151
f 8154 8151 8152
f 8146 8147 8148
f 8152 8153 8154
f 8155 8156 8145
f 8158 8159 8157
f 8157 8159 8160
f 8161 8162 8164
f 8164 8162 8163
f 8165 8166 8168
f 8168 8166 8167
f 8170 8171 8169
f 8169 8171 8172
f 8178 8173 8177
f 8177 8173 8174
f 8177 8174 8176
f 8176 8174 8175
f 8190 8179 8189
f 8189 8179 8180
f 8189 8180 8188
f 8188 8180 8181
f 8188 8181 8187
f 8187 8181 8182
f 8187 8182 8186
f 8186 8182 8183
f 8186 8183 8185
f 8185 8183 8184
f 8191 8192 8194
f 8194 8192 8193
f 8206 8195 8205
f 8205 8195 8196
f 8205 8196 8204
f 8204 8196 8198
f 8204 8198 8203
f 8203 8198 8199
f 8203 8199 8202
f 8202 8199 8201
f 8201 8199 8200
f 8196 8197 8198
f 8208 8209 8207
f 8207 8209 8210
f 8212 8214 8211
f 8211 8214 8215
f 8211 8215 8221
f 8221 8215 8216
f 8221 8216 8220
f 8220 8216 8217
f 8220 8217 8218
f 8212 8213 8214
f 8218 8219 8220
f 8221 8222 8211
f 8223 8224 8226
f 8226 8224 8225
f 8232 8227 8231
f 8231 8227 8228
f 8231 8228 8230
f 8230 8228 8229
f 8234 8235 8233
f 8233 8235 8240
f 8240 8235 8236
f 8240 8236 8239
f 8239 8236 8237
f 8239 8237 8238
f 8246 8241 8245
f 8245 8241 8242
f 8245 8242 8244
f 8244 8242 8243
f 8248 8249 8247
f 8247 8249 8254
f 8254 8249 8250
f 8254 8250 8253
f 8253 8250 8251
f 8253 8251 8252
f 8255 8256 8262
f 8262 8256 8261
f 8261 8256 8257
f 8261 8257 8260
f 8260 8257 8258
f 8260 8258 8259
f 8264 8265 8263
f 8263 8265 8272
f 8272 8265 8266
f 8272 8266 8271
f 8271 8266 8267
f 8271 8267 8270
f 8270 8267 8268
f 8270 8268 8269
f 8274 8275 8273
f 8273 8275 8276
f 8273 8276 8282
f 8282 8276 8281
f 8281 8276 8277
f 8281 8277 8280
f 8280 8277 8279
f 8279 8277 8278
f 8282 8283 8273
f 8273 8283 8284
f 8273 8284 8285
f 8286 8287 8289
f 8289 8287 8288
f 8301 8290 8300
f 8300 8290 8291
f 8300 8291 8299
f 8299 8291 8293
f 8299 8293 8298
f 8298 8293 8294
f 8298 8294 8297
f 8297 8294 8296
f 8296 8294 8295
f 8291 8292 8293
f 8303 8304 8302
f 8302 8304 8305
f 8307 8309 8306
f 8306 8309 8310
f 8306 8310 8316
f 8316 8310 8311
f 8316 8311 8315
f 8315 8311 8312
f 8315 8312 8313
f 8307 8308 8309
f 8313 8314 8315
f 8316 8317 8306
f 8329 8318 8328
f 8328 8318 8319
f 8328 8319 8327
f 8327 8319 8320
f 8327 8320 8326
f 8326 8320 8321
f 8326 8321 8325
f 8325 8321 8322
f 8325 8322 8324
f 8324 8322 8323
f 8331 8332 8330
f 8330 8332 8333
f 8335 8336 8334
f 8334 8336 8337
f 8339 8340 8338
f 8338 8340 8341
f 8338 8341 8363
f 8363 8341 8342
f 8363 8342 8361
f 8361 8342 8343
f 8361 8343 8344
f 8344 8345 8361
f 8361 8345 8354
f 8361 8354 8355
f 8346 8351 8345
f 8345 8351 8352
f 8345 8352 8353
f 8346 8347 8351
f 8351 8347 8348
f 8351 8348 8350
f 8350 8348 8349
f 8353 8354 8345
f 8361 8355 8360
f 8360 8355 8356
f 8360 8356 8357
f 8357 8358 8360
f 8360 8358 8359
f 8361 8362 8363
f 8365 8367 8364
f 8364 8367 8368
f 8364 8368 8374
f 8374 8368 8369
f 8374 8369 8373
f 8373 8369 8370
f 8373 8370 8371
f 8365 8366 8367
f 8371 8372 8373
f 8374 8375 8364
f 8376 8377 8379
f 8379 8377 8378
f 8380 8381 8383
f 8383 8381 8382
f 8385 8386 8384
f 8384 8386 8387
f 8389 8390 8388
f 8388 8390 8399
f 8399 8390 8391
f 8399 8391 8398
f 8398 8391 8392
f 8398 8392 8397
f 8397 8392 8393
f 8397 8393 8396
f 8396 8393 8394
f 8396 8394 8395
f 8400 8401 8407
f 8407 8401 8406
f 8406 8401 8402
f 8406 8402 8405
f 8405 8402 8403
f 8405 8403 8404
f 8408 8409 8411
f 8411 8409 8410
f 8412 8413 8419
f 8419 8413 8418
f 8418 8413 8414
f 8418 8414 8417
f 8417 8414 8415
f 8417 8415 8416
f 8420 8421 8427
f 8427 8421 8426
f 8426 8421 8422
f 8426 8422 8425
f 8425 8422 8423
f 8425 8423 8424
f 8429 8430 8428
f 8428 8430 8437
f 8437 8430 8431
f 8437 8431 8436
f 8436 8431 8432
f 8436 8432 8435
f 8435 8432 8433
f 8435 8433 8434
f 8438 8439 8441
f 8441 8439 8440
f 8443 8444 8442
f 8442 8444 8445
f 8446 8447 8451
f 8451 8447 8450
f 8450 8447 8448
f 8450 8448 8449
f 8452 8453 8455
f 8455 8453 8454
f 8457 8458 8456
f 8456 8458 8467
f 8467 8458 8459
f 8467 8459 8466
f 8466 8459 8460
f 8466 8460 8465
f 8465 8460 8461
f 8465 8461 8464
f 8464 8461 8462
f 8464 8462 8463
f 8469 8470 8468
f 8468 8470 8475
f 8475 8470 8471
f 8475 8471 8474
f 8474 8471 8472
f 8474 8472 8473
f 8477 8478 8476
f 8476 8478 8479
f 8481 8482 8480
f 8480 8482 8483
f 8484 8485 8489
f 8489 8485 8488
f 8488 8485 8486
f 8488 8486 8487
f 8490 8491 8515
f 8515 8491 8514
f 8514 8491 8492
f 8514 8492 8513
f 8513 8492 8494
f 8513 8494 8512
f 8512 8494 8511
f 8511 8494 8510
f 8510 8494 8501
f 8510 8501 8502
f 8492 8493 8494
f 8501 8494 8500
f 8500 8494 8495
f 8500 8495 8499
f 8499 8495 8498
f 8498 8495 8497
f 8497 8495 8496
f 8502 8503 8510
f 8510 8503 8504
f 8510 8504 8509
f 8509 8504 8508
f 8508 8504 8507
f 8507 8504 8505
f 8507 8505 8506
f 8516 8517 8521
f 8521 8517 8520
f 8520 8517 8518
f 8520 8518 8519
f 8522 8523 8525
f 8525 8523 8524
f 8526 8527 8529
f 8529 8527 8528
f 8531 8532 8530
f 8530 8532 8537
f 8537 8532 8533
f 8537 8533 8536
f 8536 8533 8534
f 8536 8534 8535
f 8538 8539 8545
f 8545 8539 8544
f 8544 8539 8540
f 8544 8540 8543
f 8543 8540 8541
f 8543 8541 8542
f 8547 8548 8546
f 8546 8548 8549
f 8546 8549 8550
f 8551 8560 8550
f 8550 8560 8567
f 8550 8567 8546
f 8551 8552 8560
f 8560 8552 8553
f 8560 8553 8558
f 8558 8553 8554
f 8558 8554 8557
f 8557 8554 8555
f 8557 8555 8556
f 8558 8559 8560
f 8561 8564 8560
f 8560 8564 8565
f 8560 8565 8566
f 8562 8563 8561
f 8561 8563 8564
f 8566 8567 8560
f 8569 8570 8568
f 8568 8570 8571
f 8573 8574 8572
f 8572 8574 8575
f 8576 8577 8579
f 8579 8577 8578
f 8580 8581 8583
f 8583 8581 8582
f 8585 8587 8584
f 8584 8587 8588
f 8584 8588 8594
f 8594 8588 8589
f 8594 8589 8593
f 8593 8589 8590
f 8593 8590 8591
f 8585 8586 8587
f 8591 8592 8593
f 8594 8595 8584
f 8607 8596 8606
f 8606 8596 8597
f 8606 8597 8605
f 8605 8597 8599
f 8605 8599 8604
f 8604 8599 8600
f 8604 8600 8603
f 8603 8600 8602
f 8602 8600 8601
f 8597 8598 8599
f 8608 8609 8620
f 8620 8609 8619
f 8619 8609 8613
f 8619 8613 8614
f 8610 8611 8609
f 8609 8611 8612
f 8609 8612 8613
f 8619 8614 8618
f 8618 8614 8615
f 8618 8615 8616
f 8616 8617 8618
f 8622 8623 8621
f 8621 8623 8627
f 8621 8627 8628
f 8623 8624 8627
f 8627 8624 8626
f 8626 8624 8625
f 8629 8630 8628
f 8628 8630 8631
f 8628 8631 8621
f 8632 8633 8635
f 8635 8633 8634
f 8646 8636 8641
f 8641 8636 8637
f 8641 8637 8640
f 8640 8637 8639
f 8639 8637 8638
f 8641 8642 8646
f 8646 8642 8645
f 8645 8642 8643
f 8645 8643 8644
f 8648 8649 8647
f 8647 8649 8650
f 8651 8652 8667
f 8667 8652 8653
f 8667 8653 8666
f 8666 8653 8654
f 8666 8654 8665
f 8665 8654 8655
f 8665 8655 8659
f 8659 8655 8658
f 8658 8655 8657
f 8657 8655 8656
f 8659 8660 8665
f 8665 8660 8662
f 8665 8662 8663
f 8660 8661 8662
f 8663 8664 8665
f 8668 8669 8671
f 8671 8669 8670
f 8673 8674 8672
f 8672 8674 8675
f 8677 8678 8676
f 8676 8678 8687
f 8687 8678 8679
f 8687 8679 8686
f 8686 8679 8680
f 8686 8680 8685
f 8685 8680 8681
f 8685 8681 8684
f 8684 8681 8682
f 8684 8682 8683
f 8689 8690 8688
f 8688 8690 8694
f 8688 8694 8695
f 8690 8691 8694
f 8694 8691 8693
f 8693 8691 8692
f 8696 8697 8695
f 8695 8697 8698
f 8695 8698 8688
f 8700 8701 8699
f 8699 8701 8704
f 8704 8701 8702
f 8704 8702 8703
f 8706 8709 8705
f 8705 8709 8715
f 8705 8715 8716
f 8707 8708 8706
f 8706 8708 8709
f 8715 8709 8714
f 8714 8709 8710
f 8714 8710 8713
f 8713 8710 8712
f 8712 8710 8711
f 8716 8717 8705
f 8705 8717 8730
f 8730 8717 8719
f 8730 8719 8729
f 8729 8719 8720
f 8729 8720 8728
f 8728 8720 8727
f 8727 8720 8721
f 8727 8721 8722
f 8717 8718 8719
f 8723 8724 8722
f 8722 8724 8725
f 8722 8725 8726
f 8726 8727 8722
f 8731 8732 8734
f 8734 8732 8733
f 8735 8736 8738
f 8738 8736 8737
f 8740 8741 8739
f 8739 8741 8742
f 8744 8745 8743
f 8743 8745 8750
f 8750 8745 8746
f 8750 8746 8749
f 8749 8746 8747
f 8749 8747 8748
f 8751 8752 8754
f 8754 8752 8753
f 8756 8757 8755
f 8755 8757 8762
f 8762 8757 8758
f 8762 8758 8761
f 8761 8758 8759
f 8761 8759 8760
f 8764 8765 8763
f 8763 8765 8770
f 8770 8765 8766
f 8770 8766 8769
f 8769 8766 8767
f 8769 8767 8768
f 8771 8772 8787
f 8787 8772 8773
f 8787 8773 8786
f 8786 8773 8774
f 8786 8774 8785
f 8785 8774 8775
f 8785 8775 8779
f 8779 8775 8778
f 8778 8775 8777
f 8777 8775 8776
f 8779 8780 8785
f 8785 8780 8782
f 8785 8782 8783
f 8780 8781 8782
f 8783 8784 8785
f 8789 8790 8788
f 8788 8790 8791
f 8797 8792 8796
f 8796 8792 8793
f 8796 8793 8795
f 8795 8793 8794
f 8798 8799 8801
f 8801 8799 8800
f 8803 8804 8802
f 8802 8804 8809
f 8809 8804 8805
f 8809 8805 8808
f 8808 8805 8806
f 8808 8806 8807
f 8810 8811 8813
f 8813 8811 8812
f 8814 8815 8817
f 8817 8815 8816
f 8818 8819 8821
f 8821 8819 8820
f 8822 8823 8825
f 8825 8823 8824
f 8826 8827 8829
f 8829 8827 8828
f 8831 8832 8830
f 8830 8832 8837
f 8837 8832 8833
f 8837 8833 8836
f 8836 8833 8834
f 8836 8834 8835
f 8838 8839 8841
f 8841 8839 8840
f 8842 8843 8845
f 8845 8843 8844
f 8847 8848 8846
f 8846 8848 8853
f 8853 8848 8849
f 8853 8849 8852
f 8852 8849 8850
f 8852 8850 8851
f 8855 8856 8854
f 8854 8856 8861
f 8861 8856 8857
f 8861 8857 8860
f 8860 8857 8858
f 8860 8858 8859
f 8862 8863 8865
f 8865 8863 8864
f 8867 8868 8866
f 8866 8868 8869
f 8866 8869 8875
f 8875 8869 8874
f 8874 8869 8870
f 8874 8870 8873
f 8873 8870 8872
f 8872 8870 8871
f 8875 8876 8866
f 8866 8876 8877
f 8866 8877 8878
f 8880 8881 8879
f 8879 8881 8882
f 8884 8892 8883
f 8883 8892 8893
f 8883 8893 8904
f 8904 8893 8894
f 8904 8894 8895
f 8892 8884 8891
f 8891 8884 8885
f 8891 8885 8890
f 8890 8885 8889
f 8889 8885 8886
f 8889 8886 8888
f 8888 8886 8887
f 8904 8895 8903
f 8903 8895 8896
f 8903 8896 8902
f 8902 8896 8897
f 8902 8897 8898
f 8902 8898 8901
f 8901 8898 8899
f 8901 8899 8900
f 8905 8906 8908
f 8908 8906 8907
f 8920 8909 8919
f 8919 8909 8910
f 8919 8910 8918
f 8918 8910 8912
f 8918 8912 8917
f 8917 8912 8913
f 8917 8913 8916
f 8916 8913 8915
f 8915 8913 8914
f 8910 8911 8912
f 8921 8922 8924
f 8924 8922 8923
f 8925 8926 8928
f 8928 8926 8927
f 8930 8931 8929
f 8929 8931 8936
f 8936 8931 8932
f 8936 8932 8935
f 8935 8932 8933
f 8935 8933 8934
f 8937 8938 8940
f 8940 8938 8939
f 8942 8943 8941
f 8941 8943 8948
f 8948 8943 8944
f 8948 8944 8947
f 8947 8944 8945
f 8947 8945 8946
f 8950 8951 8949
f 8949 8951 8956
f 8956 8951 8952
f 8956 8952 8955
f 8955 8952 8953
f 8955 8953 8954
f 8957 8958 8960
f 8960 8958 8959
f 8961 8962 8986
f 8986 8962 8985
f 8985 8962 8963
f 8985 8963 8984
f 8984 8963 8965
f 8984 8965 8983
f 8983 8965 8982
f 8982 8965 8981
f 8981 8965 8972
f 8981 8972 8973
f 8963 8964 8965
f 8972 8965 8971
f 8971 8965 8966
f 8971 8966 8970
f 8970 8966 8969
f 8969 8966 8968
f 8968 8966 8967
f 8973 8974 8981
f 8981 8974 8975
f 8981 8975 8980
f 8980 8975 8979
f 8979 8975 8978
f 8978 8975 8976
f 8978 8976 8977
f 8988 8996 8987
f 8987 8996 8997
f 8987 8997 9008
f 9008 8997 8998
f 9008 8998 8999
f 8996 8988 8995
f 8995 8988 8989
f 8995 8989 8994
f 8994 8989 8993
f 8993 8989 8990
f 8993 8990 8992
f 8992 8990 8991
f 9008 8999 9007
f 9007 8999 9000
f 9007 9000 9006
f 9006 9000 9001
f 9006 9001 9002
f 9006 9002 9005
f 9005 9002 9003
f 9005 9003 9004
f 9010 9011 9009
f 9009 9011 9012
f 9009 9012 9013
f 9009 9013 9019
f 9019 9013 9014
f 9019 9014 9018
f 9018 9014 9015
f 9018 9015 9016
f 9016 9017 9018
f 9019 9020 9009
f 9009 9020 9021
f 9023 9024 9022
f 9022 9024 9025
f 9027 9028 9026
f 9026 9028 9029
f 9026 9029 9030
f 9026 9030 9035
f 9035 9030 9031
f 9035 9031 9034
f 9034 9031 9032
f 9034 9032 9033
f 9035 9036 9026
f 9042 9037 9041
f 9041 9037 9038
f 9041 9038 9040
f 9040 9038 9039
f 9048 9043 9047
f 9047 9043 9044
f 9047 9044 9046
f 9046 9044 9045
f 9049 9050 9074
f 9074 9050 9073
f 9073 9050 9051
f 9073 9051 9072
f 9072 9051 9053
f 9072 9053 9071
f 9071 9053 9070
f 9070 9053 9069
f 9069 9053 9060
f 9069 9060 9061
f 9051 9052 9053
f 9060 9053 9059
f 9059 9053 9054
f 9059 9054 9058
f 9058 9054 9057
f 9057 9054 9056
f 9056 9054 9055
f 9061 9062 9069
f 9069 9062 9063
f 9069 9063 9068
f 9068 9063 9067
f 9067 9063 9066
f 9066 9063 9064
f 9066 9064 9065
f 9075 9076 9078
f 9078 9076 9077
f 9090 9079 9089
f 9089 9079 9080
f 9089 9080 9088
f 9088 9080 9081
f 9088 9081 9087
f 9087 9081 9082
f 9087 9082 9086
f 9086 9082 9083
f 9086 9083 9085
f 9085 9083 9084
f 9092 9093 9091
f 9091 9093 9102
f 9102 9093 9094
f 9102 9094 9101
f 9101 9094 9095
f 9101 9095 9100
f 9100 9095 9096
f 9100 9096 9099
f 9099 9096 9097
f 9099 9097 9098
f 9104 9105 9103
f 9103 9105 9106
f 9103 9106 9128
f 9128 9106 9107
f 9128 9107 9126
f 9126 9107 9108
f 9126 9108 9109
f 9109 9110 9126
f 9126 9110 9119
f 9126 9119 9120
f 9111 9116 9110
f 9110 9116 9117
f 9110 9117 9118
f 9111 9112 9116
f 9116 9112 9113
f 9116 9113 9115
f 9115 9113 9114
f 9118 9119 9110
f 9126 9120 9125
f 9125 9120 9121
f 9125 9121 9122
f 9122 9123 9125
f 9125 9123 9124
f 9126 9127 9128
f 9129 9130 9134
f 9134 9130 9133
f 9133 9130 9131
f 9133 9131 9132
f 9135 9136 9138
f 9138 9136 9137
f 9139 9140 9146
f 9146 9140 9145
f 9145 9140 9141
f 9145 9141 9144
f 9144 9141 9142
f 9144 9142 9143
f 9148 9149 9147
f 9147 9149 9150
f 9147 9150 9172
f 9172 9150 9151
f 9172 9151 9170
f 9170 9151 9152
f 9170 9152 9153
f 9153 9154 9170
f 9170 9154 9163
f 9170 9163 9164
f 9155 9160 9154
f 9154 9160 9161
f 9154 9161 9162
f 9155 9156 9160
f 9160 9156 9157
f 9160 9157 9159
f 9159 9157 9158
f 9162 9163 9154
f 9170 9164 9169
f 9169 9164 9165
f 9169 9165 9166
f 9166 9167 9169
f 9169 9167 9168
f 9170 9171 9172
f 9173 9174 9176
f 9176 9174 9175
f 9178 9179 9177
f 9177 9179 9186
f 9186 9179 9180
f 9186 9180 9185
f 9185 9180 9181
f 9185 9181 9184
f 9184 9181 9182
f 9184 9182 9183
f 9187 9188 9192
f 9192 9188 9191
f 9191 9188 9189
f 9191 9189 9190
f 9193 9194 9204
f 9204 9194 9203
f 9203 9194 9195
f 9203 9195 9202
f 9202 9195 9196
f 9202 9196 9201
f 9201 9196 9197
f 9201 9197 9200
f 9200 9197 9198
f 9200 9198 9199
f 9205 9206 9208
f 9208 9206 9207
f 9209 9210 9212
f 9212 9210 9211
f 9213 9214 9220
f 9220 9214 9219
f 9219 9214 9215
f 9219 9215 9218
f 9218 9215 9216
f 9218 9216 9217
f 9222 9223 9221
f 9221 9223 9224
f 9221 9224 9246
f 9246 9224 9225
f 9246 9225 9244
f 9244 9225 9226
f 9244 9226 9227
f 9227 9228 9244
f 9244 9228 9237
f 9244 9237 9238
f 9229 9234 9228
f 9228 9234 9235
f 9228 9235 9236
f 9229 9230 9234
f 9234 9230 9231
f 9234 9231 9233
f 9233 9231 9232
f 9236 9237 9228
f 9244 9238 9243
f 9243 9238 9239
f 9243 9239 9240
f 9240 9241 9243
f 9243 9241 9242
f 9244 9245 9246
f 9248 9249 9247
f 9247 9249 9256
f 9256 9249 9250
f 9256 9250 9255
f 9255 9250 9251
f 9255 9251 9254
f 9254 9251 9252
f 9254 9252 9253
f 9258 9259 9257
f 9257 9259 9260
f 9257 9260 9282
f 9282 9260 9261
f 9282 9261 9280
f 9280 9261 9262
f 9280 9262 9263
f 9263 9264 9280
f 9280 9264 9273
f 9280 9273 9274
f 9265 9270 9264
f 9264 9270 9271
f 9264 9271 9272
f 9265 9266 9270
f 9270 9266 9267
f 9270 9267 9269
f 9269 9267 9268
f 9272 9273 9264
f 9280 9274 9279
f 9279 9274 9275
f 9279 9275 9276
f 9276 9277 9279
f 9279 9277 9278
f 9280 9281 9282
f 9283 9284 9286
f 9286 9284 9285
f 9288 9289 9287
f 9287 9289 9296
f 9296 9289 9290
f 9296 9290 9295
f 9295 9290 9291
f 9295 9291 9294
f 9294 9291 9292
f 9294 9292 9293
f 9297 9298 9304
f 9304 9298 9303
f 9303 9298 9299
f 9303 9299 9302
f 9302 9299 9300
f 9302 9300 9301
f 9306 9307 9305
f 9305 9307 9308
f 9310 9311 9309
f 9309 9311 9318
f 9318 9311 9312
f 9318 9312 9317
f 9317 9312 9313
f 9317 9313 9316
f 9316 9313 9314
f 9316 9314 9315
f 9319 9320 9322
f 9322 9320 9321
f 9323 9324 9330
f 9330 9324 9329
f 9329 9324 9325
f 9329 9325 9328
f 9328 9325 9326
f 9328 9326 9327
f 9331 9332 9334
f 9334 9332 9333
f 9335 9336 9338
f 9338 9336 9337
f 9340 9342 9339
f 9339 9342 9343
f 9339 9343 9349
f 9349 9343 9344
f 9349 9344 9348
f 9348 9344 9345
f 9348 9345 9346
f 9340 9341 9342
f 9346 9347 9348
f 9349 9350 9339
f 9351 9352 9354
f 9354 9352 9353
f 9356 9357 9355
f 9355 9357 9362
f 9362 9357 9358
f 9362 9358 9361
f 9361 9358 9359
f 9361 9359 9360
f 9374 9363 9373
f 9373 9363 9364
f 9373 9364 9372
f 9372 9364 9366
f 9372 9366 9371
f 9371 9366 9367
f 9371 9367 9370
f 9370 9367 9369
f 9369 9367 9368
f 9364 9365 9366
f 9375 9376 9378
f 9378 9376 9377
f 9379 9380 9382
f 9382 9380 9381
f 9383 9384 9386
f 9386 9384 9385
f 9388 9389 9387
f 9387 9389 9390
f 9391 9392 9412
f 9412 9392 9411
f 9411 9392 9393
f 9411 9393 9410
f 9410 9393 9409
f 9409 9393 9394
f 9409 9394 9408
f 9408 9394 9395
f 9408 9395 9407
f 9407 9395 9396
f 9407 9396 9406
f 9406 9396 9405
f 9405 9396 9397
f 9405 9397 9404
f 9404 9397 9398
f 9404 9398 9403
f 9403 9398 9402
f 9402 9398 9399
f 9402 9399 9401
f 9401 9399 9400
f 9414 9417 9413
f 9413 9417 9423
f 9413 9423 9424
f 9415 9416 9414
f 9414 9416 9417
f 9423 9417 9422
f 9422 9417 9418
f 9422 9418 9421
f 9421 9418 9420
f 9420 9418 9419
f 9424 9425 9413
f 9413 9425 9438
f 9438 9425 9427
f 9438 9427 9437
f 9437 9427 9428
f 9437 9428 9436
f 9436 9428 9435
f 9435 9428 9429
f 9435 9429 9430
f 9425 9426 9427
f 9431 9432 9430
f 9430 9432 9433
f 9430 9433 9434
f 9434 9435 9430
f 9440 9441 9439
f 9439 9441 9442
f 9444 9445 9443
f 9443 9445 9450
f 9450 9445 9446
f 9450 9446 9449
f 9449 9446 9447
f 9449 9447 9448
f 9451 9452 9456
f 9456 9452 9455
f 9455 9452 9453
f 9455 9453 9454
f 9458 9459 9457
f 9457 9459 9460
f 9457 9460 9482
f 9482 9460 9461
f 9482 9461 9480
f 9480 9461 9462
f 9480 9462 9463
f 9463 9464 9480
f 9480 9464 9473
f 9480 9473 9474
f 9465 9470 9464
f 9464 9470 9471
f 9464 9471 9472
f 9465 9466 9470
f 9470 9466 9467
f 9470 9467 9469
f 9469 9467 9468
f 9472 9473 9464
f 9480 9474 9479
f 9479 9474 9475
f 9479 9475 9476
f 9476 9477 9479
f 9479 9477 9478
f 9480 9481 9482
f 9484 9485 9483
f 9483 9485 9486
f 9488 9489 9487
f 9487 9489 9490
f 9491 9492 9494
f 9494 9492 9493
f 9496 9498 9495
f 9495 9498 9499
f 9495 9499 9505
f 9505 9499 9500
f 9505 9500 9504
f 9504 9500 9501
f 9504 9501 9502
f 9496 9497 9498
f 9502 9503 9504
f 9505 9506 9495
f 9508 9509 9507
f 9507 9509 9510
f 9522 9511 9521
f 9521 9511 9512
f 9521 9512 9520
f 9520 9512 9514
f 9520 9514 9519
f 9519 9514 9515
f 9519 9515 9518
f 9518 9515 9517
f 9517 9515 9516
f 9512 9513 9514
f 9523 9524 9526
f 9526 9524 9525
f 9538 9527 9537
f 9537 9527 9528
f 9537 9528 9536
f 9536 9528 9530
f 9536 9530 9535
f 9535 9530 9531
f 9535 9531 9534
f 9534 9531 9533
f 9533 9531 9532
f 9528 9529 9530
f 9540 9541 9539
f 9539 9541 9542
f 9544 9545 9543
f 9543 9545 9552
f 9552 9545 9546
f 9552 9546 9551
f 9551 9546 9547
f 9551 9547 9550
f 9550 9547 9548
f 9550 9548 9549
f 9553 9554 9560
f 9560 9554 9559
f 9559 9554 9555
f 9559 9555 9558
f 9558 9555 9556
f 9558 9556 9557
f 9561 9562 9586
f 9586 9562 9585
f 9585 9562 9563
f 9585 9563 9584
f 9584 9563 9565
f 9584 9565 9583
f 9583 9565 9582
f 9582 9565 9581
f 9581 9565 9572
f 9581 9572 9573
f 9563 9564 9565
f 9572 9565 9571
f 9571 9565 9566
f 9571 9566 9570
f 9570 9566 9569
f 9569 9566 9568
f 9568 9566 9567
f 9573 9574 9581
f 9581 9574 9575
f 9581 9575 9580
f 9580 9575 9579
f 9579 9575 9578
f 9578 9575 9576
f 9578 9576 9577
f 9587 9588 9590
f 9590 9588 9589
f 9592 9593 9591
f 9591 9593 9600
f 9600 9593 9594
f 9600 9594 9599
f 9599 9594 9595
f 9599 9595 9598
f 9598 9595 9596
f 9598 9596 9597
f 9601 9602 9604
f 9604 9602 9603
f 9616 9605 9615
f 9615 9605 9606
f 9615 9606 9614
f 9614 9606 9608
f 9614 9608 9613
f 9613 9608 9609
f 9613 9609 9612
f 9612 9609 9611
f 9611 9609 9610
f 9606 9607 9608
f 9617 9618 9624
f 9624 9618 9623
f 9623 9618 9619
f 9623 9619 9622
f 9622 9619 9620
f 9622 9620 9621
f 9626 9627 9625
f 9625 9627 9628
f 9630 9631 9629
f 9629 9631 9638
f 9638 9631 9632
f 9638 9632 9637
f 9637 9632 9633
f 9637 9633 9636
f 9636 9633 9634
f 9636 9634 9635
f 9650 9639 9649
f 9649 9639 9640
f 9649 9640 9648
f 9648 9640 9641
f 9648 9641 9647
f 9647 9641 9642
f 9647 9642 9646
f 9646 9642 9643
f 9646 9643 9645
f 9645 9643 9644
f 9651 9652 9654
f 9654 9652 9653
f 9656 9658 9655
f 9655 9658 9659
f 9655 9659 9665
f 9665 9659 9660
f 9665 9660 9664
f 9664 9660 9661
f 9664 9661 9662
f 9656 9657 9658
f 9662 9663 9664
f 9665 9666 9655
f 9668 9669 9667
f 9667 9669 9670
f 9672 9673 9671
f 9671 9673 9674
f 9675 9676 9678
f 9678 9676 9677
f 9679 9680 9682
f 9682 9680 9681
f 9694 9683 9693
f 9693 9683 9684
f 9693 9684 9692
f 9692 9684 9686
f 9692 9686 9691
f 9691 9686 9687
f 9691 9687 9690
f 9690 9687 9689
f 9689 9687 9688
f 9684 9685 9686
f 9696 9697 9695
f 9695 9697 9698
f 9695 9698 9720
f 9720 9698 9699
f 9720 9699 9718
f 9718 9699 9700
f 9718 9700 9701
f 9701 9702 9718
f 9718 9702 9711
f 9718 9711 9712
f 9703 9708 9702
f 9702 9708 9709
f 9702 9709 9710
f 9703 9704 9708
f 9708 9704 9705
f 9708 9705 9707
f 9707 9705 9706
f 9710 9711 9702
f 9718 9712 9717
f 9717 9712 9713
f 9717 9713 9714
f 9714 9715 9717
f 9717 9715 9716
f 9718 9719 9720
f 9721 9722 9724
f 9724 9722 9723
f 9726 9727 9725
f 9725 9727 9732
f 9725 9732 9733
f 9732 9727 9731
f 9731 9727 9728
f 9731 9728 9730
f 9730 9728 9729
f 9733 9734 9725
f 9725 9734 9735
f 9737 9741 9736
f 9736 9741 9745
f 9736 9745 9746
f 9741 9737 9740
f 9740 9737 9738
f 9740 9738 9739
f 9745 9741 9744
f 9744 9741 9742
f 9744 9742 9743
f 9748 9749 9747
f 9747 9749 9754
f 9754 9749 9750
f 9754 9750 9753
f 9753 9750 9751
f 9753 9751 9752
f 9756 9758 9755
f 9755 9758 9759
f 9755 9759 9765
f 9765 9759 9760
f 9765 9760 9764
f 9764 9760 9761
f 9764 9761 9762
f 9756 9757 9758
f 9762 9763 9764
f 9765 9766 9755
f 9767 9768 9770
f 9770 9768 9769
f 9772 9773 9771
f 9771 9773 9774
f 9775 9776 9778
f 9778 9776 9777
f 9780 9782 9779
f 9779 9782 9783
f 9779 9783 9789
f 9789 9783 9784
f 9789 9784 9788
f 9788 9784 9785
f 9788 9785 9786
f 9780 9781 9782
f 9786 9787 9788
f 9789 9790 9779
f 9791 9792 9794
f 9794 9792 9793
f 9806 9795 9805
f 9805 9795 9796
f 9805 9796 9804
f 9804 9796 9798
f 9804 9798 9803
f 9803 9798 9799
f 9803 9799 9802
f 9802 9799 9801
f 9801 9799 9800
f 9796 9797 9798
f 9812 9807 9811
f 9811 9807 9808
f 9811 9808 9810
f 9810 9808 9809
f 9813 9814 9816
f 9816 9814 9815
f 9817 9818 9820
f 9820 9818 9819
f 9821 9822 9824
f 9824 9822 9823
f 9825 9826 9828
f 9828 9826 9827
f 9830 9831 9829
f 9829 9831 9832
f 9834 9835 9833
f 9833 9835 9842
f 9842 9835 9836
f 9842 9836 9841
f 9841 9836 9837
f 9841 9837 9840
f 9840 9837 9838
f 9840 9838 9839
f 9843 9844 9846
f 9846 9844 9845
f 9847 9848 9850
f 9850 9848 9849
f 9851 9852 9854
f 9854 9852 9853
f 9866 9855 9865
f 9865 9855 9856
f 9865 9856 9864
f 9864 9856 9857
f 9864 9857 9863
f 9863 9857 9858
f 9863 9858 9862
f 9862 9858 9859
f 9862 9859 9861
f 9861 9859 9860
f 9878 9867 9877
f 9877 9867 9868
f 9877 9868 9876
f 9876 9868 9869
f 9876 9869 9875
f 9875 9869 9870
f 9875 9870 9874
f 9874 9870 9871
f 9874 9871 9873
f 9873 9871 9872
f 9879 9880 9886
f 9886 9880 9885
f 9885 9880 9881
f 9885 9881 9884
f 9884 9881 9882
f 9884 9882 9883
f 9887 9888 9890
f 9890 9888 9889
f 9891 9892 9894
f 9894 9892 9893
f 9895 9896 9898
f 9898 9896 9897
f 9899 9900 9902
f 9902 9900 9901
f 9903 9904 9906
f 9906 9904 9905
f 9907 9908 9918
f 9918 9908 9917
f 9917 9908 9909
f 9917 9909 9916
f 9916 9909 9910
f 9916 9910 9915
f 9915 9910 9911
f 9915 9911 9914
f 9914 9911 9912
f 9914 9912 9913
f 9920 9921 9919
f 9919 9921 9930
f 9930 9921 9922
f 9930 9922 9929
f 9929 9922 9923
f 9929 9923 9928
f 9928 9923 9924
f 9928 9924 9927
f 9927 9924 9925
f 9927 9925 9926
f 9931 9932 9956
f 9956 9932 9955
f 9955 9932 9933
f 9955 9933 9954
f 9954 9933 9935
f 9954 9935 9953
f 9953 9935 9952
f 9952 9935 9951
f 9951 9935 9942
f 9951 9942 9943
f 9933 9934 9935
f 9942 9935 9941
f 9941 9935 9936
f 9941 9936 9940
f 9940 9936 9939
f 9939 9936 9938
f 9938 9936 9937
f 9943 9944 9951
f 9951 9944 9945
f 9951 9945 9950
f 9950 9945 9949
f 9949 9945 9948
f 9948 9945 9946
f 9948 9946 9947
f 9957 9958 9960
f 9960 9958 9959
f 9961 9962 9964
f 9964 9962 9963
f 9965 9966 9990
f 9990 9966 9989
f 9989 9966 9967
f 9989 9967 9988
f 9988 9967 9969
f 9988 9969 9987
f 9987 9969 9986
f 9986 9969 9985
f 9985 9969 9976
f 9985 9976 9977
f 9967 9968 9969
f 9976 9969 9975
f 9975 9969 9970
f 9975 9970 9974
f 9974 9970 9973
f 9973 9970 9972
f 9972 9970 9971
f 9977 9978 9985
f 9985 9978 9979
f 9985 9979 9984
f 9984 9979 9983
f 9983 9979 9982
f 9982 9979 9980
f 9982 9980 9981
f 9991 9992 9994
f 9994 9992 9993
f 9996 9997 9995
f 9995 9997 10006
f 10006 9997 9998
f 10006 9998 10005
f 10005 9998 9999
f 10005 9999 10004
f 10004 9999 10000
f 10004 10000 10003
f 10003 10000 10001
f 10003 10001 10002
f 10007 10008 10010
f 10010 10008 10009
f 10012 10013 10011
f 10011 10013 10022
f 10022 10013 10014
f 10022 10014 10021
f 10021 10014 10015
f 10021 10015 10020
f 10020 10015 10016
f 10020 10016 10019
f 10019 10016 10017
f 10019 10017 10018
f 10023 10024 10048
f 10048 10024 10047
f 10047 10024 10025
f 10047 10025 10046
f 10046 10025 10027
f 10046 10027 10045
f 10045 10027 10044
f 10044 10027 10043
f 10043 10027 10034
f 10043 10034 10035
f 10025 10026 10027
f 10034 10027 10033
f 10033 10027 10028
f 10033 10028 10032
f 10032 10028 10031
f 10031 10028 10030
f 10030 10028 10029
f 10035 10036 10043
f 10043 10036 10037
f 10043 10037 10042
f 10042 10037 10041
f 10041 10037 10040
f 10040 10037 10038
f 10040 10038 10039
f 10050 10051 10049
f 10049 10051 10052
f 10049 10052 10074
f 10074 10052 10053
f 10074 10053 10072
f 10072 10053 10054
f 10072 10054 10055
f 10055 10056 10072
f 10072 10056 10065
f 10072 10065 10066
f 10057 10062 10056
f 10056 10062 10063
f 10056 10063 10064
f 10057 10058 10062
f 10062 10058 10059
f 10062 10059 10061
f 10061 10059 10060
f 10064 10065 10056
f 10072 10066 10071
f 10071 10066 10067
f 10071 10067 10068
f 10068 10069 10071
f 10071 10069 10070
f 10072 10073 10074
f 10075 10076 10078
f 10078 10076 10077
f 10079 10080 10100
f 10100 10080 10099
f 10099 10080 10081
f 10099 10081 10098
f 10098 10081 10097
f 10097 10081 10082
f 10097 10082 10096
f 10096 10082 10083
f 10096 10083 10095
f 10095 10083 10084
f 10095 10084 10094
f 10094 10084 10093
f 10093 10084 10085
f 10093 10085 10092
f 10092 10085 10086
f 10092 10086 10091
f 10091 10086 10090
f 10090 10086 10087
f 10090 10087 10089
f 10089 10087 10088
f 10102 10103 10101
f 10101 10103 10112
f 10112 10103 10104
f 10112 10104 10111
f 10111 10104 10105
f 10111 10105 10110
f 10110 10105 10106
f 10110 10106 10109
f 10109 10106 10107
f 10109 10107 10108
f 10113 10114 10116
f 10116 10114 10115
f 10117 10118 10128
f 10128 10118 10127
f 10127 10118 10119
f 10127 10119 10126
f 10126 10119 10120
f 10126 10120 10125
f 10125 10120 10121
f 10125 10121 10124
f 10124 10121 10122
f 10124 10122 10123
f 10129 10130 10134
f 10134 10130 10133
f 10133 10130 10131
f 10133 10131 10132
f 10136 10137 10135
f 10135 10137 10140
f 10140 10137 10138
f 10140 10138 10139
f 10142 10143 10141
f 10141 10143 10144
f 10141 10144 10148
f 10148 10144 10145
f 10148 10145 10146
f 10146 10147 10148
f 10150 10151 10149
f 10149 10151 10152
f 10153 10154 10156
f 10156 10154 10155
f 10157 10158 10160
f 10160 10158 10159
f 10161 10162 10164
f 10164 10162 10163
f 10176 10165 10175
f 10175 10165 10166
f 10175 10166 10174
f 10174 10166 10168
f 10174 10168 10173
f 10173 10168 10169
f 10173 10169 10172
f 10172 10169 10171
f 10171 10169 10170
f 10166 10167 10168
f 10177 10178 10189
f 10189 10178 10188
f 10188 10178 10187
f 10187 10178 10181
f 10187 10181 10186
f 10186 10181 10182
f 10186 10182 10185
f 10185 10182 10184
f 10184 10182 10183
f 10179 10180 10178
f 10178 10180 10181
f 10191 10192 10190
f 10190 10192 10195
f 10190 10195 10196
f 10192 10193 10195
f 10195 10193 10194
f 10190 10196 10199
f 10199 10196 10197
f 10199 10197 10198
f 10190 10199 10209
f 10209 10199 10200
f 10209 10200 10203
f 10203 10200 10201
f 10203 10201 10202
f 10203 10204 10209
f 10209 10204 10207
f 10209 10207 10208
f 10204 10205 10207
f 10207 10205 10206
f 10210 10211 10227
f 10227 10211 10226
f 10226 10211 10225
f 10225 10211 10218
f 10225 10218 10219
f 10211 10212 10218
f 10218 10212 10217
f 10217 10212 10216
f 10216 10212 10213
f 10216 10213 10214
f 10214 10215 10216
f 10220 10221 10219
f 10219 10221 10222
f 10219 10222 10223
f 10223 10224 10219
f 10219 10224 10225
f 10228 10229 10231
f 10231 10229 10230
f 10233 10246 10232
f 10232 10246 10247
f 10232 10247 10248
f 10246 10233 10244
f 10244 10233 10234
f 10244 10234 10243
f 10243 10234 10235
f 10243 10235 10236
f 10237 10241 10236
f 10236 10241 10242
f 10236 10242 10243
f 10237 10238 10241
f 10241 10238 10239
f 10241 10239 10240
f 10244 10245 10246
f 10232 10248 10254
f 10254 10248 10249
f 10254 10249 10253
f 10253 10249 10250
f 10253 10250 10251
f 10251 10252 10253
f 10255 10257 10254
f 10254 10257 10258
f 10254 10258 10259
f 10255 10256 10257
f 10259 10260 10254
f 10254 10260 10232
f 10261 10262 10264
f 10264 10262 10263
f 10265 10266 10268
f 10268 10266 10267
f 10270 10271 10269
f 10269 10271 10276
f 10276 10271 10272
f 10276 10272 10275
f 10275 10272 10273
f 10275 10273 10274
f 10278 10279 10277
f 10277 10279 10284
f 10284 10279 10280
f 10284 10280 10283
f 10283 10280 10281
f 10283 10281 10282
f 10286 10287 10285
f 10285 10287 10292
f 10292 10287 10288
f 10292 10288 10291
f 10291 10288 10289
f 10291 10289 10290
f 10293 10294 10296
f 10296 10294 10295
f 10297 10298 10314
f 10314 10298 10313
f 10313 10298 10312
f 10312 10298 10305
f 10312 10305 10306
f 10298 10299 10305
f 10305 10299 10304
f 10304 10299 10303
f 10303 10299 10300
f 10303 10300 10301
f 10301 10302 10303
f 10307 10308 10306
f 10306 10308 10309
f 10306 10309 10310
f 10310 10311 10306
f 10306 10311 10312
f 10316 10317 10315
f 10315 10317 10322
f 10322 10317 10318
f 10322 10318 10321
f 10321 10318 10319
f 10321 10319 10320
f 10324 10326 10323
f 10323 10326 10327
f 10323 10327 10333
f 10333 10327 10328
f 10333 10328 10332
f 10332 10328 10329
f 10332 10329 10330
f 10324 10325 10326
f 10330 10331 10332
f 10333 10334 10323
f 10336 10337 10335
f 10335 10337 10346
f 10346 10337 10338
f 10346 10338 10345
f 10345 10338 10339
f 10345 10339 10344
f 10344 10339 10340
f 10344 10340 10343
f 10343 10340 10341
f 10343 10341 10342
f 10348 10349 10347
f 10347 10349 10350
f 10347 10350 10372
f 10372 10350 10351
f 10372 10351 10370
f 10370 10351 10352
f 10370 10352 10353
f 10353 10354 10370
f 10370 10354 10363
f 10370 10363 10364
f 10355 10360 10354
f 10354 10360 10361
f 10354 10361 10362
f 10355 10356 10360
f 10360 10356 10357
f 10360 10357 10359
f 10359 10357 10358
f 10362 10363 10354
f 10370 10364 10369
f 10369 10364 10365
f 10369 10365 10366
f 10366 10367 10369
f 10369 10367 10368
f 10370 10371 10372
f 10374 10375 10373
f 10373 10375 10384
f 10384 10375 10376
f 10384 10376 10383
f 10383 10376 10377
f 10383 10377 10382
f 10382 10377 10378
f 10382 10378 10381
f 10381 10378 10379
f 10381 10379 10380
f 10385 10386 10388
f 10388 10386 10387
f 10390 10391 10389
f 10389 10391 10400
f 10400 10391 10392
f 10400 10392 10399
f 10399 10392 10393
f 10399 10393 10398
f 10398 10393 10394
f 10398 10394 10397
f 10397 10394 10395
f 10397 10395 10396
f 10401 10402 10426
f 10426 10402 10425
f 10425 10402 10403
f 10425 10403 10424
f 10424 10403 10405
f 10424 10405 10423
f 10423 10405 10422
f 10422 10405 10421
f 10421 10405 10412
f 10421 10412 10413
f 10403 10404 10405
f 10412 10405 10411
f 10411 10405 10406
f 10411 10406 10410
f 10410 10406 10409
f 10409 10406 10408
f 10408 10406 10407
f 10413 10414 10421
f 10421 10414 10415
f 10421 10415 10420
f 10420 10415 10419
f 10419 10415 10418
f 10418 10415 10416
f 10418 10416 10417
f 10427 10428 10430
f 10430 10428 10429
f 10432 10433 10431
f 10431 10433 10434
f 10436 10437 10435
f 10435 10437 10438
f 10435 10438 10439
f 10435 10439 10445
f 10445 10439 10440
f 10445 10440 10444
f 10444 10440 10441
f 10444 10441 10442
f 10442 10443 10444
f 10445 10446 10435
f 10435 10446 10447
f 10448 10449 10451
f 10451 10449 10450
f 10452 10453 10455
f 10455 10453 10454
f 10457 10458 10456
f 10456 10458 10459
f 10460 10461 10463
f 10463 10461 10462
f 10465 10466 10464
f 10464 10466 10467
f 10464 10467 10468
f 10464 10468 10473
f 10473 10468 10469
f 10473 10469 10472
f 10472 10469 10470
f 10472 10470 10471
f 10473 10474 10464
f 10475 10476 10478
f 10478 10476 10477
f 10479 10480 10500
f 10500 10480 10481
f 10500 10481 10499
f 10499 10481 10482
f 10499 10482 10483
f 10483 10484 10499
f 10499 10484 10489
f 10499 10489 10490
f 10484 10485 10489
f 10489 10485 10488
f 10488 10485 10487
f 10487 10485 10486
f 10490 10491 10499
f 10499 10491 10492
f 10499 10492 10497
f 10497 10492 10493
f 10497 10493 10496
f 10496 10493 10494
f 10496 10494 10495
f 10497 10498 10499
f 10501 10502 10504
f 10504 10502 10503
f 10506 10507 10505
f 10505 10507 10508
f 10510 10511 10509
f 10509 10511 10516
f 10516 10511 10512
f 10516 10512 10515
f 10515 10512 10513
f 10515 10513 10514
f 10518 10519 10517
f 10517 10519 10520
f 10522 10523 10521
f 10521 10523 10528
f 10528 10523 10524
f 10528 10524 10527
f 10527 10524 10525
f 10527 10525 10526
f 10529 10530 10532
f 10532 10530 10531
f 10533 10534 10536
f 10536 10534 10535
f 10537 10538 10540
f 10540 10538 10539
f 10541 10542 10544
f 10544 10542 10543
f 10545 10546 10548
f 10548 10546 10547
f 10549 10550 10570
f 10570 10550 10551
f 10570 10551 10569
f 10569 10551 10552
f 10569 10552 10553
f 10553 10554 10569
f 10569 10554 10559
f 10569 10559 10560
f 10554 10555 10559
f 10559 10555 10558
f 10558 10555 10557
f 10557 10555 10556
f 10560 10561 10569
f 10569 10561 10562
f 10569 10562 10567
f 10567 10562 10563
f 10567 10563 10566
f 10566 10563 10564
f 10566 10564 10565
f 10567 10568 10569
f 10572 10573 10571
f 10571 10573 10574
f 10575 10576 10578
f 10578 10576 10577
f 10579 10580 10604
f 10604 10580 10603
f 10603 10580 10581
f 10603 10581 10602
f 10602 10581 10583
f 10602 10583 10601
f 10601 10583 10600
f 10600 10583 10599
f 10599 10583 10590
f 10599 10590 10591
f 10581 10582 10583
f 10590 10583 10589
f 10589 10583 10584
f 10589 10584 10588
f 10588 10584 10587
f 10587 10584 10586
f 10586 10584 10585
f 10591 10592 10599
f 10599 10592 10593
f 10599 10593 10598
f 10598 10593 10597
f 10597 10593 10596
f 10596 10593 10594
f 10596 10594 10595
f 10606 10607 10605
f 10605 10607 10608
f 10605 10608 10630
f 10630 10608 10609
f 10630 10609 10628
f 10628 10609 10610
f 10628 10610 10611
f 10611 10612 10628
f 10628 10612 10621
f 10628 10621 10622
f 10613 10618 10612
f 10612 10618 10619
f 10612 10619 10620
f 10613 10614 10618
f 10618 10614 10615
f 10618 10615 10617
f 10617 10615 10616
f 10620 10621 10612
f 10628 10622 10627
f 10627 10622 10623
f 10627 10623 10624
f 10624 10625 10627
f 10627 10625 10626
f 10628 10629 10630
f 10631 10632 10634
f 10634 10632 10633
f 10636 10637 10635
f 10635 10637 10638
f 10635 10638 10660
f 10660 10638 10639
f 10660 10639 10658
f 10658 10639 10640
f 10658 10640 10641
f 10641 10642 10658
f 10658 10642 10651
f 10658 10651 10652
f 10643 10648 10642
f 10642 10648 10649
f 10642 10649 10650
f 10643 10644 10648
f 10648 10644 10645
f 10648 10645 10647
f 10647 10645 10646
f 10650 10651 10642
f 10658 10652 10657
f 10657 10652 10653
f 10657 10653 10654
f 10654 10655 10657
f 10657 10655 10656
f 10658 10659 10660
f 10661 10662 10664
f 10664 10662 10663
f 10665 10666 10668
f 10668 10666 10667
f 10670 10671 10669
f 10669 10671 10680
f 10680 10671 10672
f 10680 10672 10679
f 10679 10672 10673
f 10679 10673 10678
f 10678 10673 10674
f 10678 10674 10677
f 10677 10674 10675
f 10677 10675 10676
f 10681 10682 10684
f 10684 10682 10683
f 10686 10687 10685
f 10685 10687 10696
f 10696 10687 10688
f 10696 10688 10695
f 10695 10688 10689
f 10695 10689 10694
f 10694 10689 10690
f 10694 10690 10693
f 10693 10690 10691
f 10693 10691 10692
f 10698 10699 10697
f 10697 10699 10700
f 10706 10701 10705
f 10705 10701 10702
f 10705 10702 10704
f 10704 10702 10703
f 10708 10709 10707
f 10707 10709 10710
f 10711 10712 10722
f 10722 10712 10721
f 10721 10712 10713
f 10721 10713 10720
f 10720 10713 10714
f 10720 10714 10719
f 10719 10714 10715
f 10719 10715 10718
f 10718 10715 10716
f 10718 10716 10717
f 10723 10724 10748
f 10748 10724 10747
f 10747 10724 10725
f 10747 10725 10746
f 10746 10725 10727
f 10746 10727 10745
f 10745 10727 10744
f 10744 10727 10743
f 10743 10727 10734
f 10743 10734 10735
f 10725 10726 10727
f 10734 10727 10733
f 10733 10727 10728
f 10733 10728 10732
f 10732 10728 10731
f 10731 10728 10730
f 10730 10728 10729
f 10735 10736 10743
f 10743 10736 10737
f 10743 10737 10742
f 10742 10737 10741
f 10741 10737 10740
f 10740 10737 10738
f 10740 10738 10739
f 10749 10750 10752
f 10752 10750 10751
f 10753 10754 10756
f 10756 10754 10755
f 10757 10758 10764
f 10764 10758 10763
f 10763 10758 10759
f 10763 10759 10762
f 10762 10759 10760
f 10762 10760 10761
f 10766 10767 10765
f 10765 10767 10768
f 10770 10771 10769
f 10769 10771 10778
f 10778 10771 10772
f 10778 10772 10777
f 10777 10772 10773
f 10777 10773 10776
f 10776 10773 10774
f 10776 10774 10775
f 10779 10780 10782
f 10782 10780 10781
f 10784 10785 10783
f 10783 10785 10790
f 10790 10785 10786
f 10790 10786 10789
f 10789 10786 10787
f 10789 10787 10788
f 10791 10792 10794
f 10794 10792 10793
f 10795 10796 10806
f 10806 10796 10805
f 10805 10796 10797
f 10805 10797 10804
f 10804 10797 10798
f 10804 10798 10803
f 10803 10798 10799
f 10803 10799 10802
f 10802 10799 10800
f 10802 10800 10801
f 10807 10808 10810
f 10810 10808 10809
f 10811 10812 10814
f 10814 10812 10813
f 10815 10816 10825
f 10825 10816 10821
f 10825 10821 10824
f 10824 10821 10822
f 10824 10822 10823
f 10816 10817 10821
f 10821 10817 10820
f 10820 10817 10818
f 10820 10818 10819
f 10826 10827 10829
f 10829 10827 10828
f 10830 10831 10833
f 10833 10831 10832
f 10834 10835 10839
f 10839 10835 10838
f 10838 10835 10836
f 10838 10836 10837
f 10841 10842 10840
f 10840 10842 10847
f 10847 10842 10843
f 10847 10843 10846
f 10846 10843 10844
f 10846 10844 10845
f 10849 10850 10848
f 10848 10850 10851
f 10863 10852 10862
f 10862 10852 10853
f 10862 10853 10861
f 10861 10853 10855
f 10861 10855 10860
f 10860 10855 10856
f 10860 10856 10859
f 10859 10856 10858
f 10858 10856 10857
f 10853 10854 10855
f 10864 10865 10867
f 10867 10865 10866
f 10868 10869 10871
f 10871 10869 10870
f 10872 10873 10875
f 10875 10873 10874
f 10877 10878 10876
f 10876 10878 10879
f 10881 10882 10880
f 10880 10882 10883
f 10885 10886 10884
f 10884 10886 10887
f 10884 10887 10909
f 10909 10887 10888
f 10909 10888 10907
f 10907 10888 10889
f 10907 10889 10890
f 10890 10891 10907
f 10907 10891 10900
f 10907 10900 10901
f 10892 10897 10891
f 10891 10897 10898
f 10891 10898 10899
f 10892 10893 10897
f 10897 10893 10894
f 10897 10894 10896
f 10896 10894 10895
f 10899 10900 10891
f 10907 10901 10906
f 10906 10901 10902
f 10906 10902 10903
f 10903 10904 10906
f 10906 10904 10905
f 10907 10908 10909
f 10910 10911 10935
f 10935 10911 10934
f 10934 10911 10912
f 10934 10912 10933
f 10933 10912 10914
f 10933 10914 10932
f 10932 10914 10931
f 10931 10914 10930
f 10930 10914 10921
f 10930 10921 10922
f 10912 10913 10914
f 10921 10914 10920
f 10920 10914 10915
f 10920 10915 10919
f 10919 10915 10918
f 10918 10915 10917
f 10917 10915 10916
f 10922 10923 10930
f 10930 10923 10924
f 10930 10924 10929
f 10929 10924 10928
f 10928 10924 10927
f 10927 10924 10925
f 10927 10925 10926
f 10936 10937 10939
f 10939 10937 10938
f 10940 10941 10943
f 10943 10941 10942
f 10944 10945 10954
f 10954 10945 10950
f 10954 10950 10953
f 10953 10950 10951
f 10953 10951 10952
f 10945 10946 10950
f 10950 10946 10949
f 10949 10946 10947
f 10949 10947 10948
f 10955 10956 10965
f 10965 10956 10964
f 10964 10956 10963
f 10963 10956 10958
f 10963 10958 10962
f 10962 10958 10959
f 10962 10959 10961
f 10961 10959 10960
f 10956 10957 10958
f 10967 10968 10966
f 10966 10968 10975
f 10975 10968 10969
f 10975 10969 10974
f 10974 10969 10970
f 10974 10970 10973
f 10973 10970 10971
f 10973 10971 10972
f 10977 10978 10976
f 10976 10978 11001
f 11001 10978 10979
f 11001 10979 10980
f 10980 10981 11001
f 11001 10981 11000
f 11000 10981 10999
f 10999 10981 10998
f 10998 10981 10991
f 10998 10991 10997
f 10997 10991 10992
f 10997 10992 10996
f 10996 10992 10995
f 10995 10992 10994
f 10994 10992 10993
f 10981 10982 10991
f 10991 10982 10983
f 10991 10983 10984
f 10991 10984 10989
f 10989 10984 10985
f 10989 10985 10988
f 10988 10985 10986
f 10988 10986 10987
f 10989 10990 10991
f 11002 11003 11013
f 11013 11003 11012
f 11012 11003 11004
f 11012 11004 11011
f 11011 11004 11005
f 11011 11005 11010
f 11010 11005 11006
f 11010 11006 11009
f 11009 11006 11007
f 11009 11007 11008
f 11015 11016 11014
f 11014 11016 11019
f 11014 11019 11020
f 11016 11017 11019
f 11019 11017 11018
f 11014 11020 11023
f 11023 11020 11021
f 11023 11021 11022
f 11014 11023 11033
f 11033 11023 11024
f 11033 11024 11027
f 11027 11024 11025
f 11027 11025 11026
f 11027 11028 11033
f 11033 11028 11031
f 11033 11031 11032
f 11028 11029 11031
f 11031 11029 11030
f 11035 11036 11034
f 11034 11036 11037
f 11038 11039 11041
f 11041 11039 11040
f 11053 11042 11052
f 11052 11042 11043
f 11052 11043 11051
f 11051 11043 11045
f 11051 11045 11050
f 11050 11045 11046
f 11050 11046 11049
f 11049 11046 11048
f 11048 11046 11047
f 11043 11044 11045
f 11055 11056 11054
f 11054 11056 11057
f 11058 11059 11061
f 11061 11059 11060
f 11063 11065 11062
f 11062 11065 11066
f 11062 11066 11072
f 11072 11066 11067
f 11072 11067 11071
f 11071 11067 11068
f 11071 11068 11069
f 11063 11064 11065
f 11069 11070 11071
f 11072 11073 11062
f 11075 11076 11074
f 11074 11076 11077
f 11079 11081 11078
f 11078 11081 11082
f 11078 11082 11088
f 11088 11082 11083
f 11088 11083 11087
f 11087 11083 11084
f 11087 11084 11085
f 11079 11080 11081
f 11085 11086 11087
f 11088 11089 11078
f 11090 11091 11093
f 11093 11091 11092
f 11095 11096 11094
f 11094 11096 11097
f 11099 11100 11098
f 11098 11100 11105
f 11105 11100 11101
f 11105 11101 11104
f 11104 11101 11102
f 11104 11102 11103
f 11107 11108 11106
f 11106 11108 11109
f 11110 11111 11113
f 11113 11111 11112
f 11114 11115 11117
f 11117 11115 11116
f 11119 11120 11118
f 11118 11120 11121
f 11123 11124 11122
f 11122 11124 11125
f 11126 11127 11129
f 11129 11127 11128
f 11131 11132 11130
f 11130 11132 11133
f 11135 11137 11134
f 11134 11137 11138
f 11134 11138 11144
f 11144 11138 11139
f 11144 11139 11143
f 11143 11139 11140
f 11143 11140 11141
f 11135 11136 11137
f 11141 11142 11143
f 11144 11145 11134
f 11146 11147 11149
f 11149 11147 11148
f 11155 11150 11154
f 11154 11150 11151
f 11154 11151 11153
f 11153 11151 11152
f 11157 11158 11156
f 11156 11158 11163
f 11163 11158 11159
f 11163 11159 11162
f 11162 11159 11160
f 11162 11160 11161
f 11169 11164 11168
f 11168 11164 11165
f 11168 11165 11167
f 11167 11165 11166
f 11171 11172 11170
f 11170 11172 11177
f 11177 11172 11173
f 11177 11173 11176
f 11176 11173 11174
f 11176 11174 11175
f 11179 11180 11178
f 11178 11180 11183
f 11183 11180 11181
f 11183 11181 11182
f 11185 11187 11184
f 11184 11187 11188
f 11184 11188 11194
f 11194 11188 11189
f 11194 11189 11193
f 11193 11189 11190
f 11193 11190 11191
f 11185 11186 11187
f 11191 11192 11193
f 11194 11195 11184
f 11197 11198 11196
f 11196 11198 11199
f 11200 11201 11203
f 11203 11201 11202
f 11204 11205 11211
f 11211 11205 11210
f 11210 11205 11206
f 11210 11206 11209
f 11209 11206 11208
f 11208 11206 11207
f 11212 11213 11215
f 11215 11213 11214
f 11227 11216 11226
f 11226 11216 11217
f 11226 11217 11225
f 11225 11217 11219
f 11225 11219 11224
f 11224 11219 11220
f 11224 11220 11223
f 11223 11220 11222
f 11222 11220 11221
f 11217 11218 11219
f 11229 11230 11228
f 11228 11230 11235
f 11235 11230 11231
f 11235 11231 11234
f 11234 11231 11232
f 11234 11232 11233
f 11247 11236 11246
f 11246 11236 11237
f 11246 11237 11245
f 11245 11237 11239
f 11245 11239 11244
f 11244 11239 11240
f 11244 11240 11243
f 11243 11240 11242
f 11242 11240 11241
f 11237 11238 11239
f 11249 11251 11248
f 11248 11251 11252
f 11248 11252 11258
f 11258 11252 11253
f 11258 11253 11257
f 11257 11253 11254
f 11257 11254 11255
f 11249 11250 11251
f 11255 11256 11257
f 11258 11259 11248
f 11261 11262 11260
f 11260 11262 11267
f 11260 11267 11268
f 11267 11262 11266
f 11266 11262 11263
f 11266 11263 11265
f 11265 11263 11264
f 11268 11269 11260
f 11260 11269 11270
f 11272 11273 11271
f 11271 11273 11274
f 11275 11276 11278
f 11278 11276 11277
f 11279 11280 11282
f 11282 11280 11281
f 11283 11284 11302
f 11302 11284 11299
f 11302 11299 11300
f 11285 11295 11284
f 11284 11295 11298
f 11284 11298 11299
f 11286 11287 11285
f 11285 11287 11290
f 11285 11290 11291
f 11287 11288 11290
f 11290 11288 11289
f 11285 11291 11294
f 11294 11291 11292
f 11294 11292 11293
f 11294 11295 11285
f 11295 11296 11298
f 11298 11296 11297
f 11300 11301 11302
f 11304 11305 11303
f 11303 11305 11306
f 11308 11309 11307
f 11307 11309 11318
f 11318 11309 11310
f 11318 11310 11317
f 11317 11310 11311
f 11317 11311 11316
f 11316 11311 11312
f 11316 11312 11315
f 11315 11312 11313
f 11315 11313 11314
f 11320 11321 11319
f 11319 11321 11330
f 11330 11321 11322
f 11330 11322 11329
f 11329 11322 11323
f 11329 11323 11328
f 11328 11323 11324
f 11328 11324 11327
f 11327 11324 11325
f 11327 11325 11326
f 11331 11332 11338
f 11338 11332 11337
f 11337 11332 11333
f 11337 11333 11336
f 11336 11333 11334
f 11336 11334 11335
f 11340 11341 11339
f 11339 11341 11342
f 11344 11345 11343
f 11343 11345 11352
f 11352 11345 11346
f 11352 11346 11351
f 11351 11346 11347
f 11351 11347 11350
f 11350 11347 11348
f 11350 11348 11349
f 11358 11353 11357
f 11357 11353 11354
f 11357 11354 11356
f 11356 11354 11355
f 11364 11359 11363
f 11363 11359 11360
f 11363 11360 11362
f 11362 11360 11361
f 11370 11365 11369
f 11369 11365 11366
f 11369 11366 11368
f 11368 11366 11367
f 11382 11371 11381
f 11381 11371 11372
f 11381 11372 11380
f 11380 11372 11373
f 11380 11373 11379
f 11379 11373 11374
f 11379 11374 11378
f 11378 11374 11375
f 11378 11375 11377
f 11377 11375 11376
f 11383 11384 11386
f 11386 11384 11385
f 11387 11388 11390
f 11390 11388 11389
f 11391 11392 11398
f 11398 11392 11397
f 11397 11392 11393
f 11397 11393 11396
f 11396 11393 11394
f 11396 11394 11395
f 11399 11400 11424
f 11424 11400 11423
f 11423 11400 11401
f 11423 11401 11422
f 11422 11401 11403
f 11422 11403 11421
f 11421 11403 11420
f 11420 11403 11419
f 11419 11403 11410
f 11419 11410 11411
f 11401 11402 11403
f 11410 11403 11409
f 11409 11403 11404
f 11409 11404 11408
f 11408 11404 11407
f 11407 11404 11406
f 11406 11404 11405
f 11411 11412 11419
f 11419 11412 11413
f 11419 11413 11418
f 11418 11413 11417
f 11417 11413 11416
f 11416 11413 11414
f 11416 11414 11415
f 11425 11426 11428
f 11428 11426 11427
f 11430 11431 11429
f 11429 11431 11438
f 11438 11431 11432
f 11438 11432 11437
f 11437 11432 11433
f 11437 11433 11436
f 11436 11433 11434
f 11436 11434 11435
f 11439 11440 11446
f 11446 11440 11445
f 11445 11440 11441
f 11445 11441 11444
f 11444 11441 11442
f 11444 11442 11443
f 11447 11448 11472
f 11472 11448 11471
f 11471 11448 11449
f 11471 11449 11470
f 11470 11449 11451
f 11470 11451 11469
f 11469 11451 11468
f 11468 11451 11467
f 11467 11451 11458
f 11467 11458 11459
f 11449 11450 11451
f 11458 11451 11457
f 11457 11451 11452
f 11457 11452 11456
f 11456 11452 11455
f 11455 11452 11454
f 11454 11452 11453
f 11459 11460 11467
f 11467 11460 11461
f 11467 11461 11466
f 11466 11461 11465
f 11465 11461 11464
f 11464 11461 11462
f 11464 11462 11463
f 11474 11475 11473
f 11473 11475 11482
f 11482 11475 11476
f 11482 11476 11481
f 11481 11476 11477
f 11481 11477 11480
f 11480 11477 11478
f 11480 11478 11479
f 11484 11485 11483
f 11483 11485 11492
f 11492 11485 11486
f 11492 11486 11491
f 11491 11486 11487
f 11491 11487 11490
f 11490 11487 11488
f 11490 11488 11489
f 11493 11494 11496
f 11496 11494 11495
f 11497 11498 11500
f 11500 11498 11499
f 11502 11503 11501
f 11501 11503 11504
f 11505 11506 11510
f 11510 11506 11509
f 11509 11506 11507
f 11509 11507 11508
f 11511 11512 11516
f 11516 11512 11515
f 11515 11512 11513
f 11515 11513 11514
f 11518 11519 11517
f 11517 11519 11528
f 11528 11519 11520
f 11528 11520 11527
f 11527 11520 11521
f 11527 11521 11526
f 11526 11521 11522
f 11526 11522 11525
f 11525 11522 11523
f 11525 11523 11524
f 11530 11531 11529
f 11529 11531 11532
f 11529 11532 11554
f 11554 11532 11533
f 11554 11533 11552
f 11552 11533 11534
f 11552 11534 11535
f 11535 11536 11552
f 11552 11536 11545
f 11552 11545 11546
f 11537 11542 11536
f 11536 11542 11543
f 11536 11543 11544
f 11537 11538 11542
f 11542 11538 11539
f 11542 11539 11541
f 11541 11539 11540
f 11544 11545 11536
f 11552 11546 11551
f 11551 11546 11547
f 11551 11547 11548
f 11548 11549 11551
f 11551 11549 11550
f 11552 11553 11554
f 11556 11558 11555
f 11555 11558 11559
f 11555 11559 11565
f 11565 11559 11560
f 11565 11560 11564
f 11564 11560 11561
f 11564 11561 11562
f 11556 11557 11558
f 11562 11563 11564
f 11565 11566 11555
f 11568 11569 11567
f 11567 11569 11570
f 11572 11573 11571
f 11571 11573 11574
f 11575 11576 11578
f 11578 11576 11577
f 11580 11581 11579
f 11579 11581 11590
f 11590 11581 11582
f 11590 11582 11589
f 11589 11582 11583
f 11589 11583 11588
f 11588 11583 11584
f 11588 11584 11587
f 11587 11584 11585
f 11587 11585 11586
f 11591 11592 11603
f 11603 11592 11602
f 11602 11592 11596
f 11602 11596 11597
f 11593 11594 11592
f 11592 11594 11595
f 11592 11595 11596
f 11602 11597 11601
f 11601 11597 11598
f 11601 11598 11599
f 11599 11600 11601
f 11604 11605 11607
f 11607 11605 11606
f 11608 11609 11611
f 11611 11609 11610
f 11613 11614 11612
f 11612 11614 11615
f 11616 11617 11619
f 11619 11617 11618
f 11621 11622 11620
f 11620 11622 11627
f 11627 11622 11623
f 11627 11623 11626
f 11626 11623 11624
f 11626 11624 11625
f 11629 11630 11628
f 11628 11630 11635
f 11635 11630 11631
f 11635 11631 11634
f 11634 11631 11632
f 11634 11632 11633
f 11636 11637 11641
f 11641 11637 11640
f 11640 11637 11638
f 11640 11638 11639
f 11643 11656 11642
f 11642 11656 11657
f 11642 11657 11658
f 11656 11643 11654
f 11654 11643 11644
f 11654 11644 11653
f 11653 11644 11645
f 11653 11645 11646
f 11647 11651 11646
f 11646 11651 11652
f 11646 11652 11653
f 11647 11648 11651
f 11651 11648 11649
f 11651 11649 11650
f 11654 11655 11656
f 11642 11658 11664
f 11664 11658 11659
f 11664 11659 11663
f 11663 11659 11660
f 11663 11660 11661
f 11661 11662 11663
f 11665 11667 11664
f 11664 11667 11668
f 11664 11668 11669
f 11665 11666 11667
f 11669 11670 11664
f 11664 11670 11642
f 11672 11673 11671
f 11671 11673 11682
f 11682 11673 11674
f 11682 11674 11681
f 11681 11674 11675
f 11681 11675 11680
f 11680 11675 11676
f 11680 11676 11679
f 11679 11676 11677
f 11679 11677 11678
f 11684 11685 11683
f 11683 11685 11686
f 11687 11688 11690
f 11690 11688 11689
f 11691 11692 11694
f 11694 11692 11693
f 11695 11696 11698
f 11698 11696 11697
f 11709 11699 11704
f 11704 11699 11700
f 11704 11700 11703
f 11703 11700 11702
f 11702 11700 11701
f 11704 11705 11709
f 11709 11705 11708
f 11708 11705 11706
f 11708 11706 11707
f 11711 11712 11710
f 11710 11712 11713
f 11714 11715 11730
f 11730 11715 11716
f 11730 11716 11729
f 11729 11716 11717
f 11729 11717 11728
f 11728 11717 11718
f 11728 11718 11722
f 11722 11718 11721
f 11721 11718 11720
f 11720 11718 11719
f 11722 11723 11728
f 11728 11723 11725
f 11728 11725 11726
f 11723 11724 11725
f 11726 11727 11728
f 11732 11733 11731
f 11731 11733 11742
f 11742 11733 11734
f 11742 11734 11741
f 11741 11734 11735
f 11741 11735 11740
f 11740 11735 11736
f 11740 11736 11739
f 11739 11736 11737
f 11739 11737 11738
f 11743 11744 11746
f 11746 11744 11745
f 11747 11748 11750
f 11750 11748 11749
f 11751 11752 11756
f 11756 11752 11755
f 11755 11752 11753
f 11755 11753 11754
f 11757 11758 11760
f 11760 11758 11759
f 11761 11762 11764
f 11764 11762 11763
f 11766 11767 11765
f 11765 11767 11772
f 11772 11767 11768
f 11772 11768 11771
f 11771 11768 11769
f 11771 11769 11770
f 11773 11774 11776
f 11776 11774 11775
f 11778 11779 11777
f 11777 11779 11784
f 11784 11779 11780
f 11784 11780 11783
f 11783 11780 11781
f 11783 11781 11782
f 11785 11786 11788
f 11788 11786 11787
f 11790 11791 11789
f 11789 11791 11796
f 11796 11791 11792
f 11796 11792 11795
f 11795 11792 11793
f 11795 11793 11794
f 11798 11799 11797
f 11797 11799 11804
f 11804 11799 11800
f 11804 11800 11803
f 11803 11800 11801
f 11803 11801 11802
f 11806 11807 11805
f 11805 11807 11812
f 11812 11807 11808
f 11812 11808 11811
f 11811 11808 11809
f 11811 11809 11810
f 11813 11814 11829
f 11829 11814 11815
f 11829 11815 11828
f 11828 11815 11816
f 11828 11816 11827
f 11827 11816 11817
f 11827 11817 11821
f 11821 11817 11820
f 11820 11817 11819
f 11819 11817 11818
f 11821 11822 11827
f 11827 11822 11824
f 11827 11824 11825
f 11822 11823 11824
f 11825 11826 11827
f 11830 11831 11833
f 11833 11831 11832
f 11845 11834 11844
f 11844 11834 11835
f 11844 11835 11843
f 11843 11835 11837
f 11843 11837 11842
f 11842 11837 11838
f 11842 11838 11841
f 11841 11838 11840
f 11840 11838 11839
f 11835 11836 11837
f 11846 11847 11871
f 11871 11847 11870
f 11870 11847 11848
f 11870 11848 11869
f 11869 11848 11850
f 11869 11850 11868
f 11868 11850 11867
f 11867 11850 11866
f 11866 11850 11857
f 11866 11857 11858
f 11848 11849 11850
f 11857 11850 11856
f 11856 11850 11851
f 11856 11851 11855
f 11855 11851 11854
f 11854 11851 11853
f 11853 11851 11852
f 11858 11859 11866
f 11866 11859 11860
f 11866 11860 11865
f 11865 11860 11864
f 11864 11860 11863
f 11863 11860 11861
f 11863 11861 11862
f 11872 11873 11875
f 11875 11873 11874
f 11877 11878 11876
f 11876 11878 11883
f 11883 11878 11879
f 11883 11879 11882
f 11882 11879 11880
f 11882 11880 11881
f 11884 11885 11887
f 11887 11885 11886
f 11888 11889 11891
f 11891 11889 11890
f 11892 11893 11895
f 11895 11893 11894
f 11897 11898 11896
f 11896 11898 11903
f 11903 11898 11899
f 11903 11899 11902
f 11902 11899 11900
f 11902 11900 11901
f 11905 11906 11904
f 11904 11906 11911
f 11911 11906 11907
f 11911 11907 11910
f 11910 11907 11908
f 11910 11908 11909
f 11912 11913 11915
f 11915 11913 11914
f 11917 11918 11916
f 11916 11918 11919
f 11916 11919 11925
f 11925 11919 11924
f 11924 11919 11920
f 11924 11920 11923
f 11923 11920 11922
f 11922 11920 11921
f 11925 11926 11916
f 11916 11926 11927
f 11916 11927 11928
f 11929 11930 11932
f 11932 11930 11931
f 11944 11933 11943
f 11943 11933 11934
f 11943 11934 11942
f 11942 11934 11936
f 11942 11936 11941
f 11941 11936 11937
f 11941 11937 11940
f 11940 11937 11939
f 11939 11937 11938
f 11934 11935 11936
f 11955 11945 11954
f 11954 11945 11946
f 11954 11946 11947
f 11948 11949 11947
f 11947 11949 11953
f 11947 11953 11954
f 11949 11950 11953
f 11953 11950 11952
f 11952 11950 11951
f 11957 11958 11956
f 11956 11958 11959
f 11960 11961 11981
f 11981 11961 11980
f 11980 11961 11979
f 11979 11961 11962
f 11979 11962 11969
f 11969 11962 11963
f 11969 11963 11964
f 11964 11965 11969
f 11969 11965 11968
f 11968 11965 11966
f 11968 11966 11967
f 11970 11971 11969
f 11969 11971 11976
f 11969 11976 11977
f 11976 11971 11975
f 11975 11971 11972
f 11975 11972 11974
f 11974 11972 11973
f 11977 11978 11969
f 11969 11978 11979
f 11983 11995 11982
f 11982 11995 11997
f 11982 11997 12007
f 12007 11997 11998
f 12007 11998 12006
f 12006 11998 12005
f 12005 11998 11999
f 12005 11999 12000
f 11984 11987 11983
f 11983 11987 11993
f 11983 11993 11994
f 11985 11986 11984
f 11984 11986 11987
f 11993 11987 11992
f 11992 11987 11988
f 11992 11988 11991
f 11991 11988 11990
f 11990 11988 11989
f 11994 11995 11983
f 11995 11996 11997
f 12001 12002 12000
f 12000 12002 12003
f 12000 12003 12004
f 12004 12005 12000
f 12008 12009 12011
f 12011 12009 12010
f 12012 12013 12015
f 12015 12013 12014
f 12017 12018 12016
f 12016 12018 12023
f 12023 12018 12019
f 12023 12019 12022
f 12022 12019 12020
f 12022 12020 12021
f 12025 12026 12024
f 12024 12026 12027
f 12024 12027 12033
f 12033 12027 12032
f 12032 12027 12028
f 12032 12028 12031
f 12031 12028 12030
f 12030 12028 12029
f 12033 12034 12024
f 12024 12034 12035
f 12024 12035 12036
f 12038 12042 12037
f 12037 12042 12046
f 12037 12046 12047
f 12042 12038 12041
f 12041 12038 12039
f 12041 12039 12040
f 12046 12042 12045
f 12045 12042 12043
f 12045 12043 12044
f 12048 12049 12069
f 12069 12049 12068
f 12068 12049 12067
f 12067 12049 12050
f 12067 12050 12057
f 12057 12050 12051
f 12057 12051 12052
f 12052 12053 12057
f 12057 12053 12056
f 12056 12053 12054
f 12056 12054 12055
f 12058 12059 12057
f 12057 12059 12064
f 12057 12064 12065
f 12064 12059 12063
f 12063 12059 12060
f 12063 12060 12062
f 12062 12060 12061
f 12065 12066 12057
f 12057 12066 12067
f 12070 12071 12098
f 12098 12071 12097
f 12097 12071 12072
f 12097 12072 12073
f 12073 12074 12097
f 12097 12074 12075
f 12097 12075 12091
f 12091 12075 12090
f 12090 12075 12089
f 12089 12075 12076
f 12089 12076 12087
f 12087 12076 12077
f 12087 12077 12086
f 12086 12077 12078
f 12086 12078 12079
f 12080 12084 12079
f 12079 12084 12085
f 12079 12085 12086
f 12080 12081 12084
f 12084 12081 12082
f 12084 12082 12083
f 12087 12088 12089
f 12091 12092 12097
f 12097 12092 12096
f 12096 12092 12093
f 12096 12093 12094
f 12094 12095 12096
f 12100 12101 12099
f 12099 12101 12102
f 12099 12102 12103
f 12099 12103 12109
f 12109 12103 12104
f 12109 12104 12108
f 12108 12104 12105
f 12108 12105 12106
f 12106 12107 12108
f 12109 12110 12099
f 12099 12110 12111
f 12112 12113 12119
f 12119 12113 12118
f 12118 12113 12114
f 12118 12114 12117
f 12117 12114 12115
f 12117 12115 12116
f 12120 12121 12123
f 12123 12121 12122
f 12125 12126 12124
f 12124 12126 12127
f 12124 12127 12149
f 12149 12127 12128
f 12149 12128 12147
f 12147 12128 12129
f 12147 12129 12130
f 12130 12131 12147
f 12147 12131 12140
f 12147 12140 12141
f 12132 12137 12131
f 12131 12137 12138
f 12131 12138 12139
f 12132 12133 12137
f 12137 12133 12134
f 12137 12134 12136
f 12136 12134 12135
f 12139 12140 12131
f 12147 12141 12146
f 12146 12141 12142
f 12146 12142 12143
f 12143 12144 12146
f 12146 12144 12145
f 12147 12148 12149
f 12151 12152 12150
f 12150 12152 12153
f 12155 12156 12154
f 12154 12156 12161
f 12161 12156 12157
f 12161 12157 12160
f 12160 12157 12158
f 12160 12158 12159
f 12163 12165 12162
f 12162 12165 12166
f 12162 12166 12172
f 12172 12166 12167
f 12172 12167 12171
f 12171 12167 12168
f 12171 12168 12169
f 12163 12164 12165
f 12169 12170 12171
f 12172 12173 12162
f 12174 12175 12199
f 12199 12175 12198
f 12198 12175 12176
f 12198 12176 12197
f 12197 12176 12178
f 12197 12178 12196
f 12196 12178 12195
f 12195 12178 12194
f 12194 12178 12185
f 12194 12185 12186
f 12176 12177 12178
f 12185 12178 12184
f 12184 12178 12179
f 12184 12179 12183
f 12183 12179 12182
f 12182 12179 12181
f 12181 12179 12180
f 12186 12187 12194
f 12194 12187 12188
f 12194 12188 12193
f 12193 12188 12192
f 12192 12188 12191
f 12191 12188 12189
f 12191 12189 12190
f 12200 12201 12203
f 12203 12201 12202
f 12204 12205 12207
f 12207 12205 12206
f 12208 12209 12211
f 12211 12209 12210
f 12212 12213 12215
f 12215 12213 12214
f 12216 12217 12219
f 12219 12217 12218
f 12221 12222 12220
f 12220 12222 12223
f 12220 12223 12245
f 12245 12223 12224
f 12245 12224 12243
f 12243 12224 12225
f 12243 12225 12226
f 12226 12227 12243
f 12243 12227 12236
f 12243 12236 12237
f 12228 12233 12227
f 12227 12233 12234
f 12227 12234 12235
f 12228 12229 12233
f 12233 12229 12230
f 12233 12230 12232
f 12232 12230 12231
f 12235 12236 12227
f 12243 12237 12242
f 12242 12237 12238
f 12242 12238 12239
f 12239 12240 12242
f 12242 12240 12241
f 12243 12244 12245
f 12257 12246 12256
f 12256 12246 12247
f 12256 12247 12255
f 12255 12247 12248
f 12255 12248 12254
f 12254 12248 12249
f 12254 12249 12253
f 12253 12249 12250
f 12253 12250 12252
f 12252 12250 12251
f 12259 12260 12258
f 12258 12260 12269
f 12269 12260 12261
f 12269 12261 12268
f 12268 12261 12262
f 12268 12262 12267
f 12267 12262 12263
f 12267 12263 12266
f 12266 12263 12264
f 12266 12264 12265
f 12271 12272 12270
f 12270 12272 12273
f 12270 12273 12295
f 12295 12273 12274
f 12295 12274 12293
f 12293 12274 12275
f 12293 12275 12276
f 12276 12277 12293
f 12293 12277 12286
f 12293 12286 12287
f 12278 12283 12277
f 12277 12283 12284
f 12277 12284 12285
f 12278 12279 12283
f 12283 12279 12280
f 12283 12280 12282
f 12282 12280 12281
f 12285 12286 12277
f 12293 12287 12292
f 12292 12287 12288
f 12292 12288 12289
f 12289 12290 12292
f 12292 12290 12291
f 12293 12294 12295
f 12297 12298 12296
f 12296 12298 12307
f 12307 12298 12299
f 12307 12299 12306
f 12306 12299 12300
f 12306 12300 12305
f 12305 12300 12301
f 12305 12301 12304
f 12304 12301 12302
f 12304 12302 12303
f 12308 12309 12313
f 12313 12309 12312
f 12312 12309 12310
f 12312 12310 12311
f 12314 12315 12321
f 12321 12315 12320
f 12320 12315 12316
f 12320 12316 12319
f 12319 12316 12317
f 12319 12317 12318
f 12323 12324 12322
f 12322 12324 12325
f 12322 12325 12347
f 12347 12325 12326
f 12347 12326 12345
f 12345 12326 12327
f 12345 12327 12328
f 12328 12329 12345
f 12345 12329 12338
f 12345 12338 12339
f 12330 12335 12329
f 12329 12335 12336
f 12329 12336 12337
f 12330 12331 12335
f 12335 12331 12332
f 12335 12332 12334
f 12334 12332 12333
f 12337 12338 12329
f 12345 12339 12344
f 12344 12339 12340
f 12344 12340 12341
f 12341 12342 12344
f 12344 12342 12343
f 12345 12346 12347
f 12348 12349 12351
f 12351 12349 12350
f 12353 12354 12352
f 12352 12354 12361
f 12361 12354 12355
f 12361 12355 12360
f 12360 12355 12356
f 12360 12356 12359
f 12359 12356 12357
f 12359 12357 12358
f 12362 12363 12365
f 12365 12363 12364
f 12366 12367 12369
f 12369 12367 12368
f 12371 12372 12370
f 12370 12372 12376
f 12370 12376 12377
f 12372 12373 12376
f 12376 12373 12375
f 12375 12373 12374
f 12378 12379 12377
f 12377 12379 12380
f 12377 12380 12370
f 12382 12383 12381
f 12381 12383 12384
f 12381 12384 12406
f 12406 12384 12385
f 12406 12385 12404
f 12404 12385 12386
f 12404 12386 12387
f 12387 12388 12404
f 12404 12388 12397
f 12404 12397 12398
f 12389 12394 12388
f 12388 12394 12395
f 12388 12395 12396
f 12389 12390 12394
f 12394 12390 12391
f 12394 12391 12393
f 12393 12391 12392
f 12396 12397 12388
f 12404 12398 12403
f 12403 12398 12399
f 12403 12399 12400
f 12400 12401 12403
f 12403 12401 12402
f 12404 12405 12406
f 12408 12409 12407
f 12407 12409 12416
f 12416 12409 12410
f 12416 12410 12415
f 12415 12410 12411
f 12415 12411 12414
f 12414 12411 12412
f 12414 12412 12413
f 12418 12419 12417
f 12417 12419 12420
f 12421 12422 12424
f 12424 12422 12423
f 12425 12426 12430
f 12430 12426 12429
f 12429 12426 12427
f 12429 12427 12428
f 12432 12433 12431
f 12431 12433 12434
f 12431 12434 12456
f 12456 12434 12435
f 12456 12435 12454
f 12454 12435 12436
f 12454 12436 12437
f 12437 12438 12454
f 12454 12438 12447
f 12454 12447 12448
f 12439 12444 12438
f 12438 12444 12445
f 12438 12445 12446
f 12439 12440 12444
f 12444 12440 12441
f 12444 12441 12443
f 12443 12441 12442
f 12446 12447 12438
f 12454 12448 12453
f 12453 12448 12449
f 12453 12449 12450
f 12450 12451 12453
f 12453 12451 12452
f 12454 12455 12456
f 12458 12459 12457
f 12457 12459 12460
f 12461 12462 12486
f 12486 12462 12485
f 12485 12462 12463
f 12485 12463 12484
f 12484 12463 12465
f 12484 12465 12483
f 12483 12465 12482
f 12482 12465 12481
f 12481 12465 12472
f 12481 12472 12473
f 12463 12464 12465
f 12472 12465 12471
f 12471 12465 12466
f 12471 12466 12470
f 12470 12466 12469
f 12469 12466 12468
f 12468 12466 12467
f 12473 12474 12481
f 12481 12474 12475
f 12481 12475 12480
f 12480 12475 12479
f 12479 12475 12478
f 12478 12475 12476
f 12478 12476 12477
f 12487 12488 12490
f 12490 12488 12489
f 12512 12491 12497
f 12497 12491 12492
f 12497 12492 12493
f 12497 12493 12496
f 12496 12493 12494
f 12496 12494 12495
f 12498 12499 12497
f 12497 12499 12504
f 12497 12504 12505
f 12504 12499 12503
f 12503 12499 12500
f 12503 12500 12502
f 12502 12500 12501
f 12505 12506 12497
f 12497 12506 12507
f 12497 12507 12512
f 12512 12507 12511
f 12511 12507 12508
f 12511 12508 12509
f 12509 12510 12511
f 12514 12515 12513
f 12513 12515 12516
f 12517 12518 12520
f 12520 12518 12519
f 12521 12522 12524
f 12524 12522 12523
f 12526 12528 12525
f 12525 12528 12529
f 12525 12529 12535
f 12535 12529 12530
f 12535 12530 12534
f 12534 12530 12531
f 12534 12531 12532
f 12526 12527 12528
f 12532 12533 12534
f 12535 12536 12525
f 12537 12538 12540
f 12540 12538 12539
f 12541 12542 12544
f 12544 12542 12543
f 12566 12545 12551
f 12551 12545 12546
f 12551 12546 12547
f 12551 12547 12550
f 12550 12547 12548
f 12550 12548 12549
f 12552 12553 12551
f 12551 12553 12558
f 12551 12558 12559
f 12558 12553 12557
f 12557 12553 12554
f 12557 12554 12556
f 12556 12554 12555
f 12559 12560 12551
f 12551 12560 12561
f 12551 12561 12566
f 12566 12561 12565
f 12565 12561 12562
f 12565 12562 12563
f 12563 12564 12565
f 12567 12568 12570
f 12570 12568 12569
f 12582 12571 12581
f 12581 12571 12572
f 12581 12572 12580
f 12580 12572 12574
f 12580 12574 12579
f 12579 12574 12575
f 12579 12575 12578
f 12578 12575 12577
f 12577 12575 12576
f 12572 12573 12574
f 12583 12584 12604
f 12604 12584 12603
f 12603 12584 12585
f 12603 12585 12602
f 12602 12585 12601
f 12601 12585 12586
f 12601 12586 12600
f 12600 12586 12587
f 12600 12587 12599
f 12599 12587 12588
f 12599 12588 12598
f 12598 12588 12597
f 12597 12588 12589
f 12597 12589 12596
f 12596 12589 12590
f 12596 12590 12595
f 12595 12590 12594
f 12594 12590 12591
f 12594 12591 12593
f 12593 12591 12592
f 12606 12609 12605
f 12605 12609 12615
f 12605 12615 12616
f 12607 12608 12606
f 12606 12608 12609
f 12615 12609 12614
f 12614 12609 12610
f 12614 12610 12613
f 12613 12610 12612
f 12612 12610 12611
f 12616 12617 12605
f 12605 12617 12630
f 12630 12617 12619
f 12630 12619 12629
f 12629 12619 12620
f 12629 12620 12628
f 12628 12620 12627
f 12627 12620 12621
f 12627 12621 12622
f 12617 12618 12619
f 12623 12624 12622
f 12622 12624 12625
f 12622 12625 12626
f 12626 12627 12622
f 12632 12633 12631
f 12631 12633 12634
f 12636 12637 12635
f 12635 12637 12642
f 12642 12637 12638
f 12642 12638 12641
f 12641 12638 12639
f 12641 12639 12640
f 12643 12644 12648
f 12648 12644 12647
f 12647 12644 12645
f 12647 12645 12646
f 12650 12651 12649
f 12649 12651 12660
f 12660 12651 12652
f 12660 12652 12659
f 12659 12652 12653
f 12659 12653 12658
f 12658 12653 12654
f 12658 12654 12657
f 12657 12654 12655
f 12657 12655 12656
f 12662 12663 12661
f 12661 12663 12664
f 12666 12667 12665
f 12665 12667 12668
f 12669 12670 12672
f 12672 12670 12671
f 12674 12675 12673
f 12673 12675 12678
f 12678 12675 12676
f 12678 12676 12677
f 12680 12682 12679
f 12679 12682 12683
f 12679 12683 12689
f 12689 12683 12684
f 12689 12684 12688
f 12688 12684 12685
f 12688 12685 12686
f 12680 12681 12682
f 12686 12687 12688
f 12689 12690 12679
f 12692 12694 12691
f 12691 12694 12695
f 12691 12695 12701
f 12701 12695 12696
f 12701 12696 12700
f 12700 12696 12697
f 12700 12697 12698
f 12692 12693 12694
f 12698 12699 12700
f 12701 12702 12691
f 12704 12705 12703
f 12703 12705 12706
f 12703 12706 12707
f 12703 12707 12714
f 12714 12707 12708
f 12714 12708 12712
f 12712 12708 12709
f 12712 12709 12711
f 12711 12709 12710
f 12712 12713 12714
f 12715 12716 12718
f 12718 12716 12717
f 12730 12719 12729
f 12729 12719 12720
f 12729 12720 12728
f 12728 12720 12722
f 12728 12722 12727
f 12727 12722 12723
f 12727 12723 12726
f 12726 12723 12725
f 12725 12723 12724
f 12720 12721 12722
f 12732 12733 12731
f 12731 12733 12734
f 12736 12737 12735
f 12735 12737 12744
f 12744 12737 12738
f 12744 12738 12743
f 12743 12738 12739
f 12743 12739 12742
f 12742 12739 12740
f 12742 12740 12741
f 12745 12746 12748
f 12748 12746 12747
f 12749 12750 12752
f 12752 12750 12751
f 12754 12755 12753
f 12753 12755 12760
f 12760 12755 12756
f 12760 12756 12759
f 12759 12756 12757
f 12759 12757 12758
f 12762 12763 12761
f 12761 12763 12764
f 12765 12766 12768
f 12768 12766 12767
f 12780 12769 12779
f 12779 12769 12770
f 12779 12770 12778
f 12778 12770 12772
f 12778 12772 12777
f 12777 12772 12773
f 12777 12773 12776
f 12776 12773 12775
f 12775 12773 12774
f 12770 12771 12772
f 12782 12783 12781
f 12781 12783 12784
f 12786 12787 12785
f 12785 12787 12788
f 12789 12790 12792
f 12792 12790 12791
f 12793 12794 12796
f 12796 12794 12795
f 12808 12797 12807
f 12807 12797 12798
f 12807 12798 12806
f 12806 12798 12800
f 12806 12800 12805
f 12805 12800 12801
f 12805 12801 12804
f 12804 12801 12803
f 12803 12801 12802
f 12798 12799 12800
f 12810 12811 12809
f 12809 12811 12812
f 12809 12812 12834
f 12834 12812 12813
f 12834 12813 12832
f 12832 12813 12814
f 12832 12814 12815
f 12815 12816 12832
f 12832 12816 12825
f 12832 12825 12826
f 12817 12822 12816
f 12816 12822 12823
f 12816 12823 12824
f 12817 12818 12822
f 12822 12818 12819
f 12822 12819 12821
f 12821 12819 12820
f 12824 12825 12816
f 12832 12826 12831
f 12831 12826 12827
f 12831 12827 12828
f 12828 12829 12831
f 12831 12829 12830
f 12832 12833 12834
f 12835 12836 12838
f 12838 12836 12837
f 12840 12841 12839
f 12839 12841 12846
f 12839 12846 12847
f 12846 12841 12845
f 12845 12841 12842
f 12845 12842 12844
f 12844 12842 12843
f 12847 12848 12839
f 12839 12848 12849
f 12851 12855 12850
f 12850 12855 12859
f 12850 12859 12860
f 12855 12851 12854
f 12854 12851 12852
f 12854 12852 12853
f 12859 12855 12858
f 12858 12855 12856
f 12858 12856 12857
f 12861 12862 12864
f 12864 12862 12863
f 12866 12867 12865
f 12865 12867 12868
f 12870 12871 12869
f 12869 12871 12872
f 12873 12874 12876
f 12876 12874 12875
f 12878 12880 12877
f 12877 12880 12881
f 12877 12881 12887
f 12887 12881 12882
f 12887 12882 12886
f 12886 12882 12883
f 12886 12883 12884
f 12878 12879 12880
f 12884 12885 12886
f 12887 12888 12877
f 12890 12891 12889
f 12889 12891 12895
f 12889 12895 12896
f 12891 12892 12895
f 12895 12892 12894
f 12894 12892 12893
f 12897 12898 12896
f 12896 12898 12899
f 12896 12899 12889
f 12900 12901 12907
f 12907 12901 12906
f 12906 12901 12902
f 12906 12902 12905
f 12905 12902 12904
f 12904 12902 12903
f 12909 12910 12908
f 12908 12910 12911
f 12912 12913 12915
f 12915 12913 12914
f 12916 12917 12919
f 12919 12917 12918
f 12921 12922 12920
f 12920 12922 12923
f 12920 12923 12924
f 12920 12924 12929
f 12929 12924 12925
f 12929 12925 12928
f 12928 12925 12926
f 12928 12926 12927
f 12929 12930 12920
f 12931 12932 12934
f 12934 12932 12933
f 12936 12937 12935
f 12935 12937 12938
f 12939 12940 12942
f 12942 12940 12941
f 12954 12943 12953
f 12953 12943 12944
f 12953 12944 12952
f 12952 12944 12945
f 12952 12945 12951
f 12951 12945 12946
f 12951 12946 12950
f 12950 12946 12947
f 12950 12947 12949
f 12949 12947 12948
f 12956 12957 12955
f 12955 12957 12958
f 12955 12958 12980
f 12980 12958 12959
f 12980 12959 12978
f 12978 12959 12960
f 12978 12960 12961
f 12961 12962 12978
f 12978 12962 12971
f 12978 12971 12972
f 12963 12968 12962
f 12962 12968 12969
f 12962 12969 12970
f 12963 12964 12968
f 12968 12964 12965
f 12968 12965 12967
f 12967 12965 12966
f 12970 12971 12962
f 12978 12972 12977
f 12977 12972 12973
f 12977 12973 12974
f 12974 12975 12977
f 12977 12975 12976
f 12978 12979 12980
f 12981 12982 12988
f 12988 12982 12987
f 12987 12982 12983
f 12987 12983 12986
f 12986 12983 12984
f 12986 12984 12985
f 12990 12991 12989
f 12989 12991 12992
f 12994 12995 12993
f 12993 12995 13002
f 13002 12995 12996
f 13002 12996 13001
f 13001 12996 12997
f 13001 12997 13000
f 13000 12997 12998
f 13000 12998 12999
f 13003 13004 13006
f 13006 13004 13005
f 13007 13008 13010
f 13010 13008 13009
f 13011 13012 13014
f 13014 13012 13013
f 13015 13016 13018
f 13018 13016 13017
f 13020 13021 13019
f 13019 13021 13030
f 13030 13021 13022
f 13030 13022 13029
f 13029 13022 13023
f 13029 13023 13028
f 13028 13023 13024
f 13028 13024 13027
f 13027 13024 13025
f 13027 13025 13026
f 13031 13032 13056
f 13056 13032 13055
f 13055 13032 13033
f 13055 13033 13054
f 13054 13033 13035
f 13054 13035 13053
f 13053 13035 13052
f 13052 13035 13051
f 13051 13035 13042
f 13051 13042 13043
f 13033 13034 13035
f 13042 13035 13041
f 13041 13035 13036
f 13041 13036 13040
f 13040 13036 13039
f 13039 13036 13038
f 13038 13036 13037
f 13043 13044 13051
f 13051 13044 13045
f 13051 13045 13050
f 13050 13045 13049
f 13049 13045 13048
f 13048 13045 13046
f 13048 13046 13047
f 13058 13059 13057
f 13057 13059 13060
f 13057 13060 13064
f 13064 13060 13061
f 13064 13061 13062
f 13062 13063 13064
f 13065 13066 13090
f 13090 13066 13089
f 13089 13066 13067
f 13089 13067 13088
f 13088 13067 13069
f 13088 13069 13087
f 13087 13069 13086
f 13086 13069 13085
f 13085 13069 13076
f 13085 13076 13077
f 13067 13068 13069
f 13076 13069 13075
f 13075 13069 13070
f 13075 13070 13074
f 13074 13070 13073
f 13073 13070 13072
f 13072 13070 13071
f 13077 13078 13085
f 13085 13078 13079
f 13085 13079 13084
f 13084 13079 13083
f 13083 13079 13082
f 13082 13079 13080
f 13082 13080 13081
f 13091 13092 13094
f 13094 13092 13093
f 13096 13097 13095
f 13095 13097 13106
f 13106 13097 13098
f 13106 13098 13105
f 13105 13098 13099
f 13105 13099 13104
f 13104 13099 13100
f 13104 13100 13103
f 13103 13100 13101
f 13103 13101 13102
f 13107 13108 13132
f 13132 13108 13109
f 13132 13109 13131
f 13131 13109 13130
f 13130 13109 13129
f 13129 13109 13110
f 13129 13110 13111
f 13111 13112 13129
f 13129 13112 13119
f 13129 13119 13128
f 13128 13119 13127
f 13127 13119 13126
f 13126 13119 13121
f 13126 13121 13125
f 13125 13121 13122
f 13125 13122 13124
f 13124 13122 13123
f 13112 13113 13119
f 13119 13113 13118
f 13118 13113 13114
f 13118 13114 13115
f 13115 13116 13118
f 13118 13116 13117
f 13119 13120 13121
f 13134 13135 13133
f 13133 13135 13136
f 13133 13136 13140
f 13140 13136 13137
f 13140 13137 13138
f 13138 13139 13140
f 13141 13142 13144
f 13144 13142 13143
f 13146 13147 13145
f 13145 13147 13148
f 13149 13150 13161
f 13161 13150 13160
f 13160 13150 13159
f 13159 13150 13153
f 13159 13153 13158
f 13158 13153 13154
f 13158 13154 13157
f 13157 13154 13156
f 13156 13154 13155
f 13151 13152 13150
f 13150 13152 13153
f 13163 13164 13162
f 13162 13164 13165
f 13166 13167 13169
f 13169 13167 13168
f 13170 13171 13173
f 13173 13171 13172
f 13175 13176 13174
f 13174 13176 13177
f 13174 13177 13178
f 13179 13188 13178
f 13178 13188 13195
f 13178 13195 13174
f 13179 13180 13188
f 13188 13180 13181
f 13188 13181 13186
f 13186 13181 13182
f 13186 13182 13185
f 13185 13182 13183
f 13185 13183 13184
f 13186 13187 13188
f 13189 13192 13188
f 13188 13192 13193
f 13188 13193 13194
f 13190 13191 13189
f 13189 13191 13192
f 13194 13195 13188
f 13197 13198 13196
f 13196 13198 13199
f 13201 13202 13200
f 13200 13202 13203
f 13205 13206 13204
f 13204 13206 13209
f 13204 13209 13210
f 13206 13207 13209
f 13209 13207 13208
f 13204 13210 13213
f 13213 13210 13211
f 13213 13211 13212
f 13204 13213 13223
f 13223 13213 13214
f 13223 13214 13217
f 13217 13214 13215
f 13217 13215 13216
f 13217 13218 13223
f 13223 13218 13221
f 13223 13221 13222
f 13218 13219 13221
f 13221 13219 13220
f 13225 13226 13224
f 13224 13226 13227
f 13228 13229 13245
f 13245 13229 13244
f 13244 13229 13243
f 13243 13229 13236
f 13243 13236 13237
f 13229 13230 13236
f 13236 13230 13235
f 13235 13230 13234
f 13234 13230 13231
f 13234 13231 13232
f 13232 13233 13234
f 13238 13239 13237
f 13237 13239 13240
f 13237 13240 13241
f 13241 13242 13237
f 13237 13242 13243
f 13246 13247 13249
f 13249 13247 13248
f 13250 13251 13253
f 13253 13251 13252
f 13275 13254 13260
f 13260 13254 13255
f 13260 13255 13256
f 13260 13256 13259
f 13259 13256 13257
f 13259 13257 13258
f 13261 13262 13260
f 13260 13262 13267
f 13260 13267 13268
f 13267 13262 13266
f 13266 13262 13263
f 13266 13263 13265
f 13265 13263 13264
f 13268 13269 13260
f 13260 13269 13270
f 13260 13270 13275
f 13275 13270 13274
f 13274 13270 13271
f 13274 13271 13272
f 13272 13273 13274
f 13276 13277 13279
f 13279 13277 13278
f 13280 13281 13283
f 13283 13281 13282
f 13285 13286 13284
f 13284 13286 13291
f 13291 13286 13287
f 13291 13287 13290
f 13290 13287 13288
f 13290 13288 13289
f 13293 13294 13292
f 13292 13294 13299
f 13299 13294 13295
f 13299 13295 13298
f 13298 13295 13296
f 13298 13296 13297
f 13301 13302 13300
f 13300 13302 13303
f 13305 13306 13304
f 13304 13306 13310
f 13304 13310 13311
f 13306 13307 13310
f 13310 13307 13309
f 13309 13307 13308
f 13312 13313 13311
f 13311 13313 13314
f 13311 13314 13304
f 13316 13317 13315
f 13315 13317 13322
f 13322 13317 13318
f 13322 13318 13321
f 13321 13318 13319
f 13321 13319 13320
f 13324 13325 13323
f 13323 13325 13326
f 13328 13329 13327
f 13327 13329 13334
f 13334 13329 13330
f 13334 13330 13333
f 13333 13330 13331
f 13333 13331 13332
f 13335 13336 13338
f 13338 13336 13337
f 13339 13340 13356
f 13356 13340 13355
f 13355 13340 13354
f 13354 13340 13347
f 13354 13347 13348
f 13340 13341 13347
f 13347 13341 13346
f 13346 13341 13345
f 13345 13341 13342
f 13345 13342 13343
f 13343 13344 13345
f 13349 13350 13348
f 13348 13350 13351
f 13348 13351 13352
f 13352 13353 13348
f 13348 13353 13354
f 13357 13358 13360
f 13360 13358 13359
f 13362 13364 13361
f 13361 13364 13365
f 13361 13365 13371
f 13371 13365 13366
f 13371 13366 13370
f 13370 13366 13367
f 13370 13367 13368
f 13362 13363 13364
f 13368 13369 13370
f 13371 13372 13361
f 13374 13382 13373
f 13373 13382 13383
f 13373 13383 13394
f 13394 13383 13384
f 13394 13384 13385
f 13382 13374 13381
f 13381 13374 13375
f 13381 13375 13380
f 13380 13375 13379
f 13379 13375 13376
f 13379 13376 13378
f 13378 13376 13377
f 13394 13385 13393
f 13393 13385 13386
f 13393 13386 13392
f 13392 13386 13387
f 13392 13387 13388
f 13392 13388 13391
f 13391 13388 13389
f 13391 13389 13390
f 13395 13396 13398
f 13398 13396 13397
f 13400 13401 13399
f 13399 13401 13402
f 13403 13404 13406
f 13406 13404 13405
f 13408 13409 13407
f 13407 13409 13410
f 13411 13412 13414
f 13414 13412 13413
f 13416 13417 13415
f 13415 13417 13418
f 13415 13418 13419
f 13415 13419 13424
f 13424 13419 13420
f 13424 13420 13423
f 13423 13420 13421
f 13423 13421 13422
f 13424 13425 13415
f 13426 13427 13429
f 13429 13427 13428
f 13430 13431 13458
f 13458 13431 13457
f 13457 13431 13432
f 13457 13432 13433
f 13433 13434 13457
f 13457 13434 13435
f 13457 13435 13451
f 13451 13435 13450
f 13450 13435 13449
f 13449 13435 13436
f 13449 13436 13447
f 13447 13436 13437
f 13447 13437 13446
f 13446 13437 13438
f 13446 13438 13439
f 13440 13444 13439
f 13439 13444 13445
f 13439 13445 13446
f 13440 13441 13444
f 13444 13441 13442
f 13444 13442 13443
f 13447 13448 13449
f 13451 13452 13457
f 13457 13452 13456
f 13456 13452 13453
f 13456 13453 13454
f 13454 13455 13456
f 13460 13461 13459
f 13459 13461 13466
f 13466 13461 13462
f 13466 13462 13465
f 13465 13462 13463
f 13465 13463 13464
f 13467 13468 13483
f 13483 13468 13469
f 13483 13469 13482
f 13482 13469 13470
f 13482 13470 13481
f 13481 13470 13471
f 13481 13471 13475
f 13475 13471 13474
f 13474 13471 13473
f 13473 13471 13472
f 13475 13476 13481
f 13481 13476 13478
f 13481 13478 13479
f 13476 13477 13478
f 13479 13480 13481
f 13485 13486 13484
f 13484 13486 13487
f 13489 13490 13488
f 13488 13490 13495
f 13495 13490 13491
f 13495 13491 13494
f 13494 13491 13492
f 13494 13492 13493
f 13497 13498 13496
f 13496 13498 13499
f 13501 13502 13500
f 13500 13502 13509
f 13509 13502 13503
f 13509 13503 13508
f 13508 13503 13504
f 13508 13504 13507
f 13507 13504 13505
f 13507 13505 13506
f 13510 13511 13527
f 13527 13511 13526
f 13526 13511 13525
f 13525 13511 13518
f 13525 13518 13519
f 13511 13512 13518
f 13518 13512 13517
f 13517 13512 13516
f 13516 13512 13513
f 13516 13513 13514
f 13514 13515 13516
f 13520 13521 13519
f 13519 13521 13522
f 13519 13522 13523
f 13523 13524 13519
f 13519 13524 13525
f 13528 13529 13545
f 13545 13529 13544
f 13544 13529 13543
f 13543 13529 13536
f 13543 13536 13537
f 13529 13530 13536
f 13536 13530 13535
f 13535 13530 13534
f 13534 13530 13531
f 13534 13531 13532
f 13532 13533 13534
f 13538 13539 13537
f 13537 13539 13540
f 13537 13540 13541
f 13541 13542 13537
f 13537 13542 13543
f 13547 13548 13546
f 13546 13548 13555
f 13555 13548 13549
f 13555 13549 13554
f 13554 13549 13550
f 13554 13550 13553
f 13553 13550 13551
f 13553 13551 13552
f 13556 13557 13572
f 13572 13557 13558
f 13572 13558 13571
f 13571 13558 13559
f 13571 13559 13570
f 13570 13559 13560
f 13570 13560 13564
f 13564 13560 13563
f 13563 13560 13562
f 13562 13560 13561
f 13564 13565 13570
f 13570 13565 13567
f 13570 13567 13568
f 13565 13566 13567
f 13568 13569 13570
f 13574 13575 13573
f 13573 13575 13580
f 13580 13575 13576
f 13580 13576 13579
f 13579 13576 13577
f 13579 13577 13578
f 13581 13582 13597
f 13597 13582 13583
f 13597 13583 13596
f 13596 13583 13584
f 13596 13584 13595
f 13595 13584 13585
f 13595 13585 13589
f 13589 13585 13588
f 13588 13585 13587
f 13587 13585 13586
f 13589 13590 13595
f 13595 13590 13592
f 13595 13592 13593
f 13590 13591 13592
f 13593 13594 13595
f 13599 13600 13598
f 13598 13600 13601
f 13603 13604 13602
f 13602 13604 13609
f 13609 13604 13605
f 13609 13605 13608
f 13608 13605 13606
f 13608 13606 13607
f 13611 13612 13610
f 13610 13612 13613
f 13615 13616 13614
f 13614 13616 13623
f 13623 13616 13617
f 13623 13617 13622
f 13622 13617 13618
f 13622 13618 13621
f 13621 13618 13619
f 13621 13619 13620
f 13624 13625 13641
f 13641 13625 13640
f 13640 13625 13639
f 13639 13625 13632
f 13639 13632 13633
f 13625 13626 13632
f 13632 13626 13631
f 13631 13626 13630
f 13630 13626 13627
f 13630 13627 13628
f 13628 13629 13630
f 13634 13635 13633
f 13633 13635 13636
f 13633 13636 13637
f 13637 13638 13633
f 13633 13638 13639
f 13642 13643 13659
f 13659 13643 13658
f 13658 13643 13657
f 13657 13643 13650
f 13657 13650 13651
f 13643 13644 13650
f 13650 13644 13649
f 13649 13644 13648
f 13648 13644 13645
f 13648 13645 13646
f 13646 13647 13648
f 13652 13653 13651
f 13651 13653 13654
f 13651 13654 13655
f 13655 13656 13651
f 13651 13656 13657
f 13661 13662 13660
f 13660 13662 13669
f 13669 13662 13663
f 13669 13663 13668
f 13668 13663 13664
f 13668 13664 13667
f 13667 13664 13665
f 13667 13665 13666
f 13670 13671 13686
f 13686 13671 13672
f 13686 13672 13685
f 13685 13672 13673
f 13685 13673 13684
f 13684 13673 13674
f 13684 13674 13678
f 13678 13674 13677
f 13677 13674 13676
f 13676 13674 13675
f 13678 13679 13684
f 13684 13679 13681
f 13684 13681 13682
f 13679 13680 13681
f 13682 13683 13684
f 13688 13689 13687
f 13687 13689 13694
f 13694 13689 13690
f 13694 13690 13693
f 13693 13690 13691
f 13693 13691 13692
f 13695 13696 13711
f 13711 13696 13697
f 13711 13697 13710
f 13710 13697 13698
f 13710 13698 13709
f 13709 13698 13699
f 13709 13699 13703
f 13703 13699 13702
f 13702 13699 13701
f 13701 13699 13700
f 13703 13704 13709
f 13709 13704 13706
f 13709 13706 13707
f 13704 13705 13706
f 13707 13708 13709
f 13713 13714 13712
f 13712 13714 13715
f 13717 13718 13716
f 13716 13718 13723
f 13723 13718 13719
f 13723 13719 13722
f 13722 13719 13720
f 13722 13720 13721
f 13725 13726 13724
f 13724 13726 13727
f 13729 13730 13728
f 13728 13730 13737
f 13737 13730 13731
f 13737 13731 13736
f 13736 13731 13732
f 13736 13732 13735
f 13735 13732 13733
f 13735 13733 13734
f 13738 13739 13755
f 13755 13739 13754
f 13754 13739 13753
f 13753 13739 13746
f 13753 13746 13747
f 13739 13740 13746
f 13746 13740 13745
f 13745 13740 13744
f 13744 13740 13741
f 13744 13741 13742
f 13742 13743 13744
f 13748 13749 13747
f 13747 13749 13750
f 13747 13750 13751
f 13751 13752 13747
f 13747 13752 13753
f 13756 13757 13773
f 13773 13757 13772
f 13772 13757 13771
f 13771 13757 13764
f 13771 13764 13765
f 13757 13758 13764
f 13764 13758 13763
f 13763 13758 13762
f 13762 13758 13759
f 13762 13759 13760
f 13760 13761 13762
f 13766 13767 13765
f 13765 13767 13768
f 13765 13768 13769
f 13769 13770 13765
f 13765 13770 13771
f 13775 13776 13774
f 13774 13776 13783
f 13783 13776 13777
f 13783 13777 13782
f 13782 13777 13778
f 13782 13778 13781
f 13781 13778 13779
f 13781 13779 13780
f 13784 13785 13800
f 13800 13785 13786
f 13800 13786 13799
f 13799 13786 13787
f 13799 13787 13798
f 13798 13787 13788
f 13798 13788 13792
f 13792 13788 13791
f 13791 13788 13790
f 13790 13788 13789
f 13792 13793 13798
f 13798 13793 13795
f 13798 13795 13796
f 13793 13794 13795
f 13796 13797 13798
f 13802 13803 13801
f 13801 13803 13808
f 13808 13803 13804
f 13808 13804 13807
f 13807 13804 13805
f 13807 13805 13806
f 13809 13810 13825
f 13825 13810 13811
f 13825 13811 13824
f 13824 13811 13812
f 13824 13812 13823
f 13823 13812 13813
f 13823 13813 13817
f 13817 13813 13816
f 13816 13813 13815
f 13815 13813 13814
f 13817 13818 13823
f 13823 13818 13820
f 13823 13820 13821
f 13818 13819 13820
f 13821 13822 13823
f 13827 13828 13826
f 13826 13828 13829
f 13831 13832 13830
f 13830 13832 13837
f 13837 13832 13833
f 13837 13833 13836
f 13836 13833 13834
f 13836 13834 13835
f 13839 13840 13838
f 13838 13840 13841
f 13843 13844 13842
f 13842 13844 13851
f 13851 13844 13845
f 13851 13845 13850
f 13850 13845 13846
f 13850 13846 13849
f 13849 13846 13847
f 13849 13847 13848
f 13852 13853 13869
f 13869 13853 13868
f 13868 13853 13867
f 13867 13853 13860
f 13867 13860 13861
f 13853 13854 13860
f 13860 13854 13859
f 13859 13854 13858
f 13858 13854 13855
f 13858 13855 13856
f 13856 13857 13858
f 13862 13863 13861
f 13861 13863 13864
f 13861 13864 13865
f 13865 13866 13861
f 13861 13866 13867
f 13870 13871 13887
f 13887 13871 13886
f 13886 13871 13885
f 13885 13871 13878
f 13885 13878 13879
f 13871 13872 13878
f 13878 13872 13877
f 13877 13872 13876
f 13876 13872 13873
f 13876 13873 13874
f 13874 13875 13876
f 13880 13881 13879
f 13879 13881 13882
f 13879 13882 13883
f 13883 13884 13879
f 13879 13884 13885
f 13889 13890 13888
f 13888 13890 13897
f 13897 13890 13891
f 13897 13891 13896
f 13896 13891 13892
f 13896 13892 13895
f 13895 13892 13893
f 13895 13893 13894
f 13898 13899 13914
f 13914 13899 13900
f 13914 13900 13913
f 13913 13900 13901
f 13913 13901 13912
f 13912 13901 13902
f 13912 13902 13906
f 13906 13902 13905
f 13905 13902 13904
f 13904 13902 13903
f 13906 13907 13912
f 13912 13907 13909
f 13912 13909 13910
f 13907 13908 13909
f 13910 13911 13912
f 13916 13917 13915
f 13915 13917 13922
f 13922 13917 13918
f 13922 13918 13921
f 13921 13918 13919
f 13921 13919 13920
f 13923 13924 13939
f 13939 13924 13925
f 13939 13925 13938
f 13938 13925 13926
f 13938 13926 13937
f 13937 13926 13927
f 13937 13927 13931
f 13931 13927 13930
f 13930 13927 13929
f 13929 13927 13928
f 13931 13932 13937
f 13937 13932 13934
f 13937 13934 13935
f 13932 13933 13934
f 13935 13936 13937
f 13941 13942 13940
f 13940 13942 13943
f 13945 13946 13944
f 13944 13946 13951
f 13951 13946 13947
f 13951 13947 13950
f 13950 13947 13948
f 13950 13948 13949
f 13953 13954 13952
f 13952 13954 13955
f 13957 13958 13956
f 13956 13958 13965
f 13965 13958 13959
f 13965 13959 13964
f 13964 13959 13960
f 13964 13960 13963
f 13963 13960 13961
f 13963 13961 13962
f 13966 13967 13983
f 13983 13967 13982
f 13982 13967 13981
f 13981 13967 13974
f 13981 13974 13975
f 13967 13968 13974
f 13974 13968 13973
f 13973 13968 13972
f 13972 13968 13969
f 13972 13969 13970
f 13970 13971 13972
f 13976 13977 13975
f 13975 13977 13978
f 13975 13978 13979
f 13979 13980 13975
f 13975 13980 13981
f 13984 13985 14001
f 14001 13985 14000
f 14000 13985 13999
f 13999 13985 13992
f 13999 13992 13993
f 13985 13986 13992
f 13992 13986 13991
f 13991 13986 13990
f 13990 13986 13987
f 13990 13987 13988
f 13988 13989 13990
f 13994 13995 13993
f 13993 13995 13996
f 13993 13996 13997
f 13997 13998 13993
f 13993 13998 13999
f 14003 14004 14002
f 14002 14004 14011
f 14011 14004 14005
f 14011 14005 14010
f 14010 14005 14006
f 14010 14006 14009
f 14009 14006 14007
f 14009 14007 14008
f 14012 14013 14028
f 14028 14013 14014
f 14028 14014 14027
f 14027 14014 14015
f 14027 14015 14026
f 14026 14015 14016
f 14026 14016 14020
f 14020 14016 14019
f 14019 14016 14018
f 14018 14016 14017
f 14020 14021 14026
f 14026 14021 14023
f 14026 14023 14024
f 14021 14022 14023
f 14024 14025 14026
f 14029 14030 14032
f 14032 14030 14031
f 14034 14035 14033
f 14033 14035 14040
f 14040 14035 14036
f 14040 14036 14039
f 14039 14036 14037
f 14039 14037 14038
f 14041 14042 14057
f 14057 14042 14043
f 14057 14043 14056
f 14056 14043 14044
f 14056 14044 14055
f 14055 14044 14045
f 14055 14045 14049
f 14049 14045 14048
f 14048 14045 14047
f 14047 14045 14046
f 14049 14050 14055
f 14055 14050 14052
f 14055 14052 14053
f 14050 14051 14052
f 14053 14054 14055
f 14059 14060 14058
f 14058 14060 14061
f 14063 14064 14062
f 14062 14064 14069
f 14069 14064 14065
f 14069 14065 14068
f 14068 14065 14066
f 14068 14066 14067
f 14070 14071 14075
f 14075 14071 14074
f 14074 14071 14072
f 14074 14072 14073
f 14076 14077 14087
f 14087 14077 14086
f 14086 14077 14078
f 14086 14078 14085
f 14085 14078 14079
f 14085 14079 14084
f 14084 14079 14080
f 14084 14080 14083
f 14083 14080 14081
f 14083 14081 14082
f 14089 14090 14088
f 14088 14090 14091
f 14093 14094 14092
f 14092 14094 14101
f 14101 14094 14095
f 14101 14095 14100
f 14100 14095 14096
f 14100 14096 14099
f 14099 14096 14097
f 14099 14097 14098
f 14102 14103 14109
f 14109 14103 14108
f 14108 14103 14104
f 14108 14104 14107
f 14107 14104 14105
f 14107 14105 14106
f 14110 14111 14127
f 14127 14111 14126
f 14126 14111 14125
f 14125 14111 14118
f 14125 14118 14119
f 14111 14112 14118
f 14118 14112 14117
f 14117 14112 14116
f 14116 14112 14113
f 14116 14113 14114
f 14114 14115 14116
f 14120 14121 14119
f 14119 14121 14122
f 14119 14122 14123
f 14123 14124 14119
f 14119 14124 14125
f 14128 14129 14131
f 14131 14129 14130
f 14132 14133 14135
f 14135 14133 14134
f 14136 14137 14153
f 14153 14137 14152
f 14152 14137 14151
f 14151 14137 14144
f 14151 14144 14145
f 14137 14138 14144
f 14144 14138 14143
f 14143 14138 14142
f 14142 14138 14139
f 14142 14139 14140
f 14140 14141 14142
f 14146 14147 14145
f 14145 14147 14148
f 14145 14148 14149
f 14149 14150 14145
f 14145 14150 14151
f 14154 14155 14157
f 14157 14155 14156
f 14159 14160 14158
f 14158 14160 14169
f 14169 14160 14161
f 14169 14161 14168
f 14168 14161 14162
f 14168 14162 14167
f 14167 14162 14163
f 14167 14163 14166
f 14166 14163 14164
f 14166 14164 14165
f 14170 14171 14195
f 14195 14171 14194
f 14194 14171 14172
f 14194 14172 14193
f 14193 14172 14174
f 14193 14174 14192
f 14192 14174 14191
f 14191 14174 14190
f 14190 14174 14181
f 14190 14181 14182
f 14172 14173 14174
f 14181 14174 14180
f 14180 14174 14175
f 14180 14175 14179
f 14179 14175 14178
f 14178 14175 14177
f 14177 14175 14176
f 14182 14183 14190
f 14190 14183 14184
f 14190 14184 14189
f 14189 14184 14188
f 14188 14184 14187
f 14187 14184 14185
f 14187 14185 14186
f 14197 14198 14196
f 14196 14198 14205
f 14205 14198 14199
f 14205 14199 14204
f 14204 14199 14200
f 14204 14200 14203
f 14203 14200 14201
f 14203 14201 14202
f 14206 14207 14213
f 14213 14207 14212
f 14212 14207 14208
f 14212 14208 14211
f 14211 14208 14209
f 14211 14209 14210
f 14215 14216 14214
f 14214 14216 14217
f 14219 14220 14218
f 14218 14220 14227
f 14227 14220 14221
f 14227 14221 14226
f 14226 14221 14222
f 14226 14222 14225
f 14225 14222 14223
f 14225 14223 14224
f 14229 14230 14228
f 14228 14230 14231
f 14232 14233 14235
f 14235 14233 14234
f 14236 14237 14247
f 14247 14237 14246
f 14246 14237 14238
f 14246 14238 14245
f 14245 14238 14239
f 14245 14239 14244
f 14244 14239 14240
f 14244 14240 14243
f 14243 14240 14241
f 14243 14241 14242
f 14248 14249 14251
f 14251 14249 14250
f 14252 14253 14259
f 14259 14253 14258
f 14258 14253 14254
f 14258 14254 14257
f 14257 14254 14255
f 14257 14255 14256
f 14260 14261 14276
f 14276 14261 14262
f 14276 14262 14275
f 14275 14262 14263
f 14275 14263 14274
f 14274 14263 14264
f 14274 14264 14268
f 14268 14264 14267
f 14267 14264 14266
f 14266 14264 14265
f 14268 14269 14274
f 14274 14269 14271
f 14274 14271 14272
f 14269 14270 14271
f 14272 14273 14274
f 14277 14278 14280
f 14280 14278 14279
f 14282 14283 14281
f 14281 14283 14292
f 14292 14283 14284
f 14292 14284 14291
f 14291 14284 14285
f 14291 14285 14290
f 14290 14285 14286
f 14290 14286 14289
f 14289 14286 14287
f 14289 14287 14288
f 14294 14295 14293
f 14293 14295 14296
f 14293 14296 14318
f 14318 14296 14297
f 14318 14297 14316
f 14316 14297 14298
f 14316 14298 14299
f 14299 14300 14316
f 14316 14300 14309
f 14316 14309 14310
f 14301 14306 14300
f 14300 14306 14307
f 14300 14307 14308
f 14301 14302 14306
f 14306 14302 14303
f 14306 14303 14305
f 14305 14303 14304
f 14308 14309 14300
f 14316 14310 14315
f 14315 14310 14311
f 14315 14311 14312
f 14312 14313 14315
f 14315 14313 14314
f 14316 14317 14318
f 14319 14320 14322
f 14322 14320 14321
f 14324 14325 14323
f 14323 14325 14330
f 14330 14325 14326
f 14330 14326 14329
f 14329 14326 14327
f 14329 14327 14328
f 14332 14333 14331
f 14331 14333 14338
f 14338 14333 14334
f 14338 14334 14337
f 14337 14334 14335
f 14337 14335 14336
f 14339 14340 14355
f 14355 14340 14341
f 14355 14341 14354
f 14354 14341 14342
f 14354 14342 14353
f 14353 14342 14343
f 14353 14343 14347
f 14347 14343 14346
f 14346 14343 14345
f 14345 14343 14344
f 14347 14348 14353
f 14353 14348 14350
f 14353 14350 14351
f 14348 14349 14350
f 14351 14352 14353
f 14356 14357 14367
f 14367 14357 14366
f 14366 14357 14358
f 14366 14358 14365
f 14365 14358 14359
f 14365 14359 14364
f 14364 14359 14360
f 14364 14360 14363
f 14363 14360 14361
f 14363 14361 14362
f 14368 14369 14371
f 14371 14369 14370
f 14372 14373 14375
f 14375 14373 14374
f 14377 14378 14376
f 14376 14378 14387
f 14387 14378 14379
f 14387 14379 14386
f 14386 14379 14380
f 14386 14380 14385
f 14385 14380 14381
f 14385 14381 14384
f 14384 14381 14382
f 14384 14382 14383
f 14389 14390 14388
f 14388 14390 14391
f 14393 14394 14392
f 14392 14394 14399
f 14399 14394 14395
f 14399 14395 14398
f 14398 14395 14396
f 14398 14396 14397
f 14400 14401 14405
f 14405 14401 14404
f 14404 14401 14402
f 14404 14402 14403
f 14406 14407 14417
f 14417 14407 14416
f 14416 14407 14408
f 14416 14408 14415
f 14415 14408 14409
f 14415 14409 14414
f 14414 14409 14410
f 14414 14410 14413
f 14413 14410 14411
f 14413 14411 14412
f 14418 14419 14421
f 14421 14419 14420
f 14422 14423 14425
f 14425 14423 14424
f 14427 14429 14426
f 14426 14429 14430
f 14426 14430 14436
f 14436 14430 14431
f 14436 14431 14435
f 14435 14431 14432
f 14435 14432 14433
f 14427 14428 14429
f 14433 14434 14435
f 14436 14437 14426
f 14439 14440 14438
f 14438 14440 14445
f 14445 14440 14441
f 14445 14441 14444
f 14444 14441 14442
f 14444 14442 14443
f 14457 14446 14456
f 14456 14446 14447
f 14456 14447 14455
f 14455 14447 14449
f 14455 14449 14454
f 14454 14449 14450
f 14454 14450 14453
f 14453 14450 14452
f 14452 14450 14451
f 14447 14448 14449
f 14459 14460 14458
f 14458 14460 14461
f 14463 14464 14462
f 14462 14464 14471
f 14471 14464 14465
f 14471 14465 14470
f 14470 14465 14466
f 14470 14466 14469
f 14469 14466 14467
f 14469 14467 14468
f 14472 14473 14475
f 14475 14473 14474
f 14487 14476 14486
f 14486 14476 14477
f 14486 14477 14485
f 14485 14477 14478
f 14485 14478 14484
f 14484 14478 14479
f 14484 14479 14483
f 14483 14479 14480
f 14483 14480 14482
f 14482 14480 14481
f 14488 14489 14491
f 14491 14489 14490
f 14493 14494 14492
f 14492 14494 14495
f 14496 14497 14501
f 14501 14497 14500
f 14500 14497 14498
f 14500 14498 14499
f 14503 14504 14502
f 14502 14504 14505
f 14507 14508 14506
f 14506 14508 14515
f 14515 14508 14509
f 14515 14509 14514
f 14514 14509 14510
f 14514 14510 14513
f 14513 14510 14511
f 14513 14511 14512
f 14517 14518 14516
f 14516 14518 14519
f 14521 14522 14520
f 14520 14522 14529
f 14529 14522 14523
f 14529 14523 14528
f 14528 14523 14524
f 14528 14524 14527
f 14527 14524 14525
f 14527 14525 14526
f 14530 14531 14535
f 14535 14531 14534
f 14534 14531 14532
f 14534 14532 14533
f 14536 14537 14547
f 14547 14537 14546
f 14546 14537 14538
f 14546 14538 14545
f 14545 14538 14539
f 14545 14539 14544
f 14544 14539 14540
f 14544 14540 14543
f 14543 14540 14541
f 14543 14541 14542
f 14548 14549 14551
f 14551 14549 14550
f 14552 14553 14569
f 14569 14553 14568
f 14568 14553 14567
f 14567 14553 14560
f 14567 14560 14561
f 14553 14554 14560
f 14560 14554 14559
f 14559 14554 14558
f 14558 14554 14555
f 14558 14555 14556
f 14556 14557 14558
f 14562 14563 14561
f 14561 14563 14564
f 14561 14564 14565
f 14565 14566 14561
f 14561 14566 14567
f 14570 14571 14573
f 14573 14571 14572
f 14574 14575 14577
f 14577 14575 14576
f 14578 14579 14581
f 14581 14579 14580
f 14582 14583 14607
f 14607 14583 14606
f 14606 14583 14584
f 14606 14584 14605
f 14605 14584 14586
f 14605 14586 14604
f 14604 14586 14603
f 14603 14586 14602
f 14602 14586 14593
f 14602 14593 14594
f 14584 14585 14586
f 14593 14586 14592
f 14592 14586 14587
f 14592 14587 14591
f 14591 14587 14590
f 14590 14587 14589
f 14589 14587 14588
f 14594 14595 14602
f 14602 14595 14596
f 14602 14596 14601
f 14601 14596 14600
f 14600 14596 14599
f 14599 14596 14597
f 14599 14597 14598
f 14608 14609 14611
f 14611 14609 14610
f 14612 14613 14615
f 14615 14613 14614
f 14617 14618 14616
f 14616 14618 14619
f 14621 14622 14620
f 14620 14622 14627
f 14627 14622 14623
f 14627 14623 14626
f 14626 14623 14624
f 14626 14624 14625
f 14628 14629 14645
f 14645 14629 14644
f 14644 14629 14643
f 14643 14629 14636
f 14643 14636 14637
f 14629 14630 14636
f 14636 14630 14635
f 14635 14630 14634
f 14634 14630 14631
f 14634 14631 14632
f 14632 14633 14634
f 14638 14639 14637
f 14637 14639 14640
f 14637 14640 14641
f 14641 14642 14637
f 14637 14642 14643
f 14651 14646 14650
f 14650 14646 14647
f 14650 14647 14649
f 14649 14647 14648
f 14652 14653 14655
f 14655 14653 14654
f 14656 14657 14667
f 14667 14657 14666
f 14666 14657 14658
f 14666 14658 14665
f 14665 14658 14659
f 14665 14659 14664
f 14664 14659 14660
f 14664 14660 14663
f 14663 14660 14661
f 14663 14661 14662
f 14668 14669 14673
f 14673 14669 14672
f 14672 14669 14670
f 14672 14670 14671
f 14675 14676 14674
f 14674 14676 14677
f 14674 14677 14699
f 14699 14677 14678
f 14699 14678 14697
f 14697 14678 14679
f 14697 14679 14680
f 14680 14681 14697
f 14697 14681 14690
f 14697 14690 14691
f 14682 14687 14681
f 14681 14687 14688
f 14681 14688 14689
f 14682 14683 14687
f 14687 14683 14684
f 14687 14684 14686
f 14686 14684 14685
f 14689 14690 14681
f 14697 14691 14696
f 14696 14691 14692
f 14696 14692 14693
f 14693 14694 14696
f 14696 14694 14695
f 14697 14698 14699
f 14700 14701 14703
f 14703 14701 14702
f 14705 14706 14704
f 14704 14706 14707
f 14704 14707 14729
f 14729 14707 14708
f 14729 14708 14727
f 14727 14708 14709
f 14727 14709 14710
f 14710 14711 14727
f 14727 14711 14720
f 14727 14720 14721
f 14712 14717 14711
f 14711 14717 14718
f 14711 14718 14719
f 14712 14713 14717
f 14717 14713 14714
f 14717 14714 14716
f 14716 14714 14715
f 14719 14720 14711
f 14727 14721 14726
f 14726 14721 14722
f 14726 14722 14723
f 14723 14724 14726
f 14726 14724 14725
f 14727 14728 14729
f 14730 14731 14733
f 14733 14731 14732
f 14735 14736 14734
f 14734 14736 14741
f 14741 14736 14737
f 14741 14737 14740
f 14740 14737 14738
f 14740 14738 14739
f 14742 14743 14745
f 14745 14743 14744
f 14746 14747 14749
f 14749 14747 14748
f 14750 14751 14775
f 14775 14751 14774
f 14774 14751 14752
f 14774 14752 14773
f 14773 14752 14754
f 14773 14754 14772
f 14772 14754 14771
f 14771 14754 14770
f 14770 14754 14761
f 14770 14761 14762
f 14752 14753 14754
f 14761 14754 14760
f 14760 14754 14755
f 14760 14755 14759
f 14759 14755 14758
f 14758 14755 14757
f 14757 14755 14756
f 14762 14763 14770
f 14770 14763 14764
f 14770 14764 14769
f 14769 14764 14768
f 14768 14764 14767
f 14767 14764 14765
f 14767 14765 14766
f 14777 14778 14776
f 14776 14778 14785
f 14785 14778 14779
f 14785 14779 14784
f 14784 14779 14780
f 14784 14780 14783
f 14783 14780 14781
f 14783 14781 14782
f 14787 14788 14786
f 14786 14788 14789
f 14790 14791 14793
f 14793 14791 14792
f 14794 14795 14799
f 14799 14795 14798
f 14798 14795 14796
f 14798 14796 14797
f 14800 14801 14807
f 14807 14801 14806
f 14806 14801 14802
f 14806 14802 14805
f 14805 14802 14803
f 14805 14803 14804
f 14809 14810 14808
f 14808 14810 14811
f 14813 14814 14812
f 14812 14814 14821
f 14821 14814 14815
f 14821 14815 14820
f 14820 14815 14816
f 14820 14816 14819
f 14819 14816 14817
f 14819 14817 14818
f 14823 14824 14822
f 14822 14824 14829
f 14829 14824 14825
f 14829 14825 14828
f 14828 14825 14826
f 14828 14826 14827
f 14831 14832 14830
f 14830 14832 14833
f 14845 14834 14844
f 14844 14834 14835
f 14844 14835 14843
f 14843 14835 14837
f 14843 14837 14842
f 14842 14837 14838
f 14842 14838 14841
f 14841 14838 14840
f 14840 14838 14839
f 14835 14836 14837
f 14846 14847 14849
f 14849 14847 14848
f 14851 14853 14850
f 14850 14853 14854
f 14850 14854 14860
f 14860 14854 14855
f 14860 14855 14859
f 14859 14855 14856
f 14859 14856 14857
f 14851 14852 14853
f 14857 14858 14859
f 14860 14861 14850
f 14862 14863 14865
f 14865 14863 14864
f 14866 14867 14873
f 14873 14867 14872
f 14872 14867 14868
f 14872 14868 14871
f 14871 14868 14869
f 14871 14869 14870
f 14874 14875 14877
f 14877 14875 14876
f 14878 14879 14885
f 14885 14879 14884
f 14884 14879 14880
f 14884 14880 14883
f 14883 14880 14881
f 14883 14881 14882
f 14887 14888 14886
f 14886 14888 14889
f 14891 14892 14890
f 14890 14892 14899
f 14899 14892 14893
f 14899 14893 14898
f 14898 14893 14894
f 14898 14894 14897
f 14897 14894 14895
f 14897 14895 14896
f 14901 14902 14900
f 14900 14902 14903
f 14904 14905 14907
f 14907 14905 14906
f 14908 14909 14911
f 14911 14909 14910
f 14913 14914 14912
f 14912 14914 14923
f 14923 14914 14915
f 14923 14915 14922
f 14922 14915 14916
f 14922 14916 14921
f 14921 14916 14917
f 14921 14917 14920
f 14920 14917 14918
f 14920 14918 14919
f 14924 14925 14931
f 14931 14925 14930
f 14930 14925 14926
f 14930 14926 14929
f 14929 14926 14927
f 14929 14927 14928
f 14932 14933 14957
f 14957 14933 14956
f 14956 14933 14934
f 14956 14934 14955
f 14955 14934 14936
f 14955 14936 14954
f 14954 14936 14953
f 14953 14936 14952
f 14952 14936 14943
f 14952 14943 14944
f 14934 14935 14936
f 14943 14936 14942
f 14942 14936 14937
f 14942 14937 14941
f 14941 14937 14940
f 14940 14937 14939
f 14939 14937 14938
f 14944 14945 14952
f 14952 14945 14946
f 14952 14946 14951
f 14951 14946 14950
f 14950 14946 14949
f 14949 14946 14947
f 14949 14947 14948
f 14959 14960 14958
f 14958 14960 14969
f 14969 14960 14961
f 14969 14961 14968
f 14968 14961 14962
f 14968 14962 14967
f 14967 14962 14963
f 14967 14963 14966
f 14966 14963 14964
f 14966 14964 14965
f 14970 14971 14973
f 14973 14971 14972
f 14974 14975 14977
f 14977 14975 14976
f 14979 14981 14978
f 14978 14981 14982
f 14978 14982 14988
f 14988 14982 14983
f 14988 14983 14987
f 14987 14983 14984
f 14987 14984 14985
f 14979 14980 14981
f 14985 14986 14987
f 14988 14989 14978
f 14991 14992 14990
f 14990 14992 14997
f 14997 14992 14993
f 14997 14993 14996
f 14996 14993 14994
f 14996 14994 14995
f 15009 14998 15008
f 15008 14998 14999
f 15008 14999 15007
f 15007 14999 15001
f 15007 15001 15006
f 15006 15001 15002
f 15006 15002 15005
f 15005 15002 15004
f 15004 15002 15003
f 14999 15000 15001
f 15010 15011 15017
f 15017 15011 15016
f 15016 15011 15012
f 15016 15012 15015
f 15015 15012 15013
f 15015 15013 15014
f 15019 15020 15018
f 15018 15020 15021
f 15023 15024 15022
f 15022 15024 15031
f 15031 15024 15025
f 15031 15025 15030
f 15030 15025 15026
f 15030 15026 15029
f 15029 15026 15027
f 15029 15027 15028
f 15032 15033 15048
f 15048 15033 15034
f 15048 15034 15047
f 15047 15034 15035
f 15047 15035 15046
f 15046 15035 15036
f 15046 15036 15040
f 15040 15036 15039
f 15039 15036 15038
f 15038 15036 15037
f 15040 15041 15046
f 15046 15041 15043
f 15046 15043 15044
f 15041 15042 15043
f 15044 15045 15046
f 15049 15050 15052
f 15052 15050 15051
f 15054 15055 15053
f 15053 15055 15060
f 15060 15055 15056
f 15060 15056 15059
f 15059 15056 15057
f 15059 15057 15058
f 15061 15062 15072
f 15072 15062 15071
f 15071 15062 15063
f 15071 15063 15070
f 15070 15063 15064
f 15070 15064 15069
f 15069 15064 15065
f 15069 15065 15068
f 15068 15065 15066
f 15068 15066 15067
f 15073 15074 15080
f 15080 15074 15079
f 15079 15074 15075
f 15079 15075 15078
f 15078 15075 15076
f 15078 15076 15077
f 15081 15082 15084
f 15084 15082 15083
f 15085 15086 15090
f 15090 15086 15089
f 15089 15086 15087
f 15089 15087 15088
f 15092 15093 15091
f 15091 15093 15102
f 15102 15093 15094
f 15102 15094 15101
f 15101 15094 15095
f 15101 15095 15100
f 15100 15095 15096
f 15100 15096 15099
f 15099 15096 15097
f 15099 15097 15098
f 15104 15105 15103
f 15103 15105 15106
f 15103 15106 15128
f 15128 15106 15107
f 15128 15107 15126
f 15126 15107 15108
f 15126 15108 15109
f 15109 15110 15126
f 15126 15110 15119
f 15126 15119 15120
f 15111 15116 15110
f 15110 15116 15117
f 15110 15117 15118
f 15111 15112 15116
f 15116 15112 15113
f 15116 15113 15115
f 15115 15113 15114
f 15118 15119 15110
f 15126 15120 15125
f 15125 15120 15121
f 15125 15121 15122
f 15122 15123 15125
f 15125 15123 15124
f 15126 15127 15128
f 15129 15130 15132
f 15132 15130 15131
f 15134 15135 15133
f 15133 15135 15140
f 15140 15135 15136
f 15140 15136 15139
f 15139 15136 15137
f 15139 15137 15138
f 15142 15143 15141
f 15141 15143 15148
f 15148 15143 15144
f 15148 15144 15147
f 15147 15144 15145
f 15147 15145 15146
f 15149 15150 15152
f 15152 15150 15151
f 15153 15154 15156
f 15156 15154 15155
f 15158 15159 15157
f 15157 15159 15164
f 15164 15159 15160
f 15164 15160 15163
f 15163 15160 15161
f 15163 15161 15162
f 15166 15167 15165
f 15165 15167 15172
f 15172 15167 15168
f 15172 15168 15171
f 15171 15168 15169
f 15171 15169 15170
f 15173 15174 15189
f 15189 15174 15175
f 15189 15175 15188
f 15188 15175 15176
f 15188 15176 15187
f 15187 15176 15177
f 15187 15177 15181
f 15181 15177 15180
f 15180 15177 15179
f 15179 15177 15178
f 15181 15182 15187
f 15187 15182 15184
f 15187 15184 15185
f 15182 15183 15184
f 15185 15186 15187
f 15201 15190 15200
f 15200 15190 15191
f 15200 15191 15199
f 15199 15191 15192
f 15199 15192 15198
f 15198 15192 15193
f 15198 15193 15197
f 15197 15193 15194
f 15197 15194 15196
f 15196 15194 15195
f 15203 15204 15202
f 15202 15204 15213
f 15213 15204 15205
f 15213 15205 15212
f 15212 15205 15206
f 15212 15206 15211
f 15211 15206 15207
f 15211 15207 15210
f 15210 15207 15208
f 15210 15208 15209
f 15215 15216 15214
f 15214 15216 15217
f 15214 15217 15239
f 15239 15217 15218
f 15239 15218 15237
f 15237 15218 15219
f 15237 15219 15220
f 15220 15221 15237
f 15237 15221 15230
f 15237 15230 15231
f 15222 15227 15221
f 15221 15227 15228
f 15221 15228 15229
f 15222 15223 15227
f 15227 15223 15224
f 15227 15224 15226
f 15226 15224 15225
f 15229 15230 15221
f 15237 15231 15236
f 15236 15231 15232
f 15236 15232 15233
f 15233 15234 15236
f 15236 15234 15235
f 15237 15238 15239
f 15240 15241 15243
f 15243 15241 15242
f 15244 15245 15251
f 15251 15245 15250
f 15250 15245 15246
f 15250 15246 15249
f 15249 15246 15247
f 15249 15247 15248
f 15252 15253 15255
f 15255 15253 15254
f 15257 15258 15256
f 15256 15258 15267
f 15267 15258 15259
f 15267 15259 15266
f 15266 15259 15260
f 15266 15260 15265
f 15265 15260 15261
f 15265 15261 15264
f 15264 15261 15262
f 15264 15262 15263
f 15268 15269 15293
f 15293 15269 15292
f 15292 15269 15270
f 15292 15270 15291
f 15291 15270 15272
f 15291 15272 15290
f 15290 15272 15289
f 15289 15272 15288
f 15288 15272 15279
f 15288 15279 15280
f 15270 15271 15272
f 15279 15272 15278
f 15278 15272 15273
f 15278 15273 15277
f 15277 15273 15276
f 15276 15273 15275
f 15275 15273 15274
f 15280 15281 15288
f 15288 15281 15282
f 15288 15282 15287
f 15287 15282 15286
f 15286 15282 15285
f 15285 15282 15283
f 15285 15283 15284
f 15294 15295 15297
f 15297 15295 15296
f 15299 15300 15298
f 15298 15300 15305
f 15305 15300 15301
f 15305 15301 15304
f 15304 15301 15302
f 15304 15302 15303
f 15306 15307 15313
f 15313 15307 15312
f 15312 15307 15308
f 15312 15308 15311
f 15311 15308 15309
f 15311 15309 15310
f 15315 15316 15314
f 15314 15316 15317
f 15319 15320 15318
f 15318 15320 15327
f 15327 15320 15321
f 15327 15321 15326
f 15326 15321 15322
f 15326 15322 15325
f 15325 15322 15323
f 15325 15323 15324
f 15328 15329 15353
f 15353 15329 15352
f 15352 15329 15330
f 15352 15330 15351
f 15351 15330 15332
f 15351 15332 15350
f 15350 15332 15349
f 15349 15332 15348
f 15348 15332 15339
f 15348 15339 15340
f 15330 15331 15332
f 15339 15332 15338
f 15338 15332 15333
f 15338 15333 15337
f 15337 15333 15336
f 15336 15333 15335
f 15335 15333 15334
f 15340 15341 15348
f 15348 15341 15342
f 15348 15342 15347
f 15347 15342 15346
f 15346 15342 15345
f 15345 15342 15343
f 15345 15343 15344
f 15354 15355 15357
f 15357 15355 15356
f 15358 15359 15361
f 15361 15359 15360
f 15362 15363 15365
f 15365 15363 15364
f 15366 15367 15369
f 15369 15367 15368
f 15370 15371 15373
f 15373 15371 15372
f 15375 15376 15374
f 15374 15376 15377
f 15379 15380 15378
f 15378 15380 15385
f 15385 15380 15381
f 15385 15381 15384
f 15384 15381 15382
f 15384 15382 15383
f 15387 15388 15386
f 15386 15388 15397
f 15397 15388 15389
f 15397 15389 15396
f 15396 15389 15390
f 15396 15390 15395
f 15395 15390 15391
f 15395 15391 15394
f 15394 15391 15392
f 15394 15392 15393
f 15399 15400 15398
f 15398 15400 15401
f 15398 15401 15423
f 15423 15401 15402
f 15423 15402 15421
f 15421 15402 15403
f 15421 15403 15404
f 15404 15405 15421
f 15421 15405 15414
f 15421 15414 15415
f 15406 15411 15405
f 15405 15411 15412
f 15405 15412 15413
f 15406 15407 15411
f 15411 15407 15408
f 15411 15408 15410
f 15410 15408 15409
f 15413 15414 15405
f 15421 15415 15420
f 15420 15415 15416
f 15420 15416 15417
f 15417 15418 15420
f 15420 15418 15419
f 15421 15422 15423
f 15425 15426 15424
f 15424 15426 15427
f 15429 15430 15428
f 15428 15430 15435
f 15435 15430 15431
f 15435 15431 15434
f 15434 15431 15432
f 15434 15432 15433
f 15436 15437 15439
f 15439 15437 15438
f 15441 15443 15440
f 15440 15443 15444
f 15440 15444 15450
f 15450 15444 15445
f 15450 15445 15449
f 15449 15445 15446
f 15449 15446 15447
f 15441 15442 15443
f 15447 15448 15449
f 15450 15451 15440
f 15453 15454 15452
f 15452 15454 15459
f 15459 15454 15455
f 15459 15455 15458
f 15458 15455 15456
f 15458 15456 15457
f 15471 15460 15470
f 15470 15460 15461
f 15470 15461 15469
f 15469 15461 15463
f 15469 15463 15468
f 15468 15463 15464
f 15468 15464 15467
f 15467 15464 15466
f 15466 15464 15465
f 15461 15462 15463
f 15472 15473 15475
f 15475 15473 15474
f 15477 15478 15476
f 15476 15478 15487
f 15487 15478 15479
f 15487 15479 15486
f 15486 15479 15480
f 15486 15480 15485
f 15485 15480 15481
f 15485 15481 15484
f 15484 15481 15482
f 15484 15482 15483
f 15488 15489 15513
f 15513 15489 15512
f 15512 15489 15490
f 15512 15490 15511
f 15511 15490 15492
f 15511 15492 15510
f 15510 15492 15509
f 15509 15492 15508
f 15508 15492 15499
f 15508 15499 15500
f 15490 15491 15492
f 15499 15492 15498
f 15498 15492 15493
f 15498 15493 15497
f 15497 15493 15496
f 15496 15493 15495
f 15495 15493 15494
f 15500 15501 15508
f 15508 15501 15502
f 15508 15502 15507
f 15507 15502 15506
f 15506 15502 15505
f 15505 15502 15503
f 15505 15503 15504
f 15514 15515 15517
f 15517 15515 15516
f 15518 15519 15521
f 15521 15519 15520
f 15523 15524 15522
f 15522 15524 15525
f 15526 15527 15529
f 15529 15527 15528
f 15530 15531 15533
f 15533 15531 15532
f 15535 15537 15534
f 15534 15537 15538
f 15534 15538 15544
f 15544 15538 15539
f 15544 15539 15543
f 15543 15539 15540
f 15543 15540 15541
f 15535 15536 15537
f 15541 15542 15543
f 15544 15545 15534
f 15547 15548 15546
f 15546 15548 15549
f 15550 15551 15553
f 15553 15551 15552
f 15565 15554 15564
f 15564 15554 15555
f 15564 15555 15563
f 15563 15555 15557
f 15563 15557 15562
f 15562 15557 15558
f 15562 15558 15561
f 15561 15558 15560
f 15560 15558 15559
f 15555 15556 15557
f 15567 15568 15566
f 15566 15568 15569
f 15571 15572 15570
f 15570 15572 15579
f 15579 15572 15573
f 15579 15573 15578
f 15578 15573 15574
f 15578 15574 15577
f 15577 15574 15575
f 15577 15575 15576
f 15580 15581 15583
f 15583 15581 15582
f 15584 15585 15591
f 15591 15585 15590
f 15590 15585 15586
f 15590 15586 15589
f 15589 15586 15587
f 15589 15587 15588
f 15592 15593 15595
f 15595 15593 15594
f 15596 15597 15599
f 15599 15597 15598
f 15611 15600 15610
f 15610 15600 15601
f 15610 15601 15609
f 15609 15601 15602
f 15609 15602 15608
f 15608 15602 15603
f 15608 15603 15607
f 15607 15603 15604
f 15607 15604 15606
f 15606 15604 15605
f 15617 15612 15616
f 15616 15612 15613
f 15616 15613 15615
f 15615 15613 15614
f 15629 15618 15628
f 15628 15618 15619
f 15628 15619 15627
f 15627 15619 15620
f 15627 15620 15626
f 15626 15620 15621
f 15626 15621 15625
f 15625 15621 15622
f 15625 15622 15624
f 15624 15622 15623
f 15630 15631 15633
f 15633 15631 15632
f 15635 15636 15634
f 15634 15636 15641
f 15641 15636 15637
f 15641 15637 15640
f 15640 15637 15638
f 15640 15638 15639
f 15643 15645 15642
f 15642 15645 15646
f 15642 15646 15652
f 15652 15646 15647
f 15652 15647 15651
f 15651 15647 15648
f 15651 15648 15649
f 15643 15644 15645
f 15649 15650 15651
f 15652 15653 15642
f 15654 15655 15657
f 15657 15655 15656
f 15669 15658 15668
f 15668 15658 15659
f 15668 15659 15667
f 15667 15659 15661
f 15667 15661 15666
f 15666 15661 15662
f 15666 15662 15665
f 15665 15662 15664
f 15664 15662 15663
f 15659 15660 15661
f 15671 15672 15670
f 15670 15672 15673
f 15670 15673 15695
f 15695 15673 15674
f 15695 15674 15693
f 15693 15674 15675
f 15693 15675 15676
f 15676 15677 15693
f 15693 15677 15686
f 15693 15686 15687
f 15678 15683 15677
f 15677 15683 15684
f 15677 15684 15685
f 15678 15679 15683
f 15683 15679 15680
f 15683 15680 15682
f 15682 15680 15681
f 15685 15686 15677
f 15693 15687 15692
f 15692 15687 15688
f 15692 15688 15689
f 15689 15690 15692
f 15692 15690 15691
f 15693 15694 15695
f 15696 15697 15699
f 15699 15697 15698
f 15701 15702 15700
f 15700 15702 15711
f 15711 15702 15703
f 15711 15703 15710
f 15710 15703 15704
f 15710 15704 15709
f 15709 15704 15705
f 15709 15705 15708
f 15708 15705 15706
f 15708 15706 15707
f 15712 15713 15723
f 15723 15713 15722
f 15722 15713 15714
f 15722 15714 15721
f 15721 15714 15715
f 15721 15715 15720
f 15720 15715 15716
f 15720 15716 15719
f 15719 15716 15717
f 15719 15717 15718
f 15724 15725 15731
f 15731 15725 15730
f 15730 15725 15726
f 15730 15726 15729
f 15729 15726 15727
f 15729 15727 15728
f 15733 15734 15732
f 15732 15734 15735
f 15736 15737 15747
f 15747 15737 15746
f 15746 15737 15738
f 15746 15738 15745
f 15745 15738 15739
f 15745 15739 15744
f 15744 15739 15740
f 15744 15740 15743
f 15743 15740 15741
f 15743 15741 15742
f 15749 15750 15748
f 15748 15750 15759
f 15759 15750 15751
f 15759 15751 15758
f 15758 15751 15752
f 15758 15752 15757
f 15757 15752 15753
f 15757 15753 15756
f 15756 15753 15754
f 15756 15754 15755
f 15761 15762 15760
f 15760 15762 15763
f 15765 15766 15764
f 15764 15766 15771
f 15771 15766 15767
f 15771 15767 15770
f 15770 15767 15768
f 15770 15768 15769
f 15773 15774 15772
f 15772 15774 15775
f 15787 15776 15786
f 15786 15776 15777
f 15786 15777 15785
f 15785 15777 15779
f 15785 15779 15784
f 15784 15779 15780
f 15784 15780 15783
f 15783 15780 15782
f 15782 15780 15781
f 15777 15778 15779
f 15788 15789 15791
f 15791 15789 15790
f 15793 15795 15792
f 15792 15795 15796
f 15792 15796 15802
f 15802 15796 15797
f 15802 15797 15801
f 15801 15797 15798
f 15801 15798 15799
f 15793 15794 15795
f 15799 15800 15801
f 15802 15803 15792
f 15804 15805 15807
f 15807 15805 15806
f 15808 15809 15825
f 15825 15809 15824
f 15824 15809 15823
f 15823 15809 15816
f 15823 15816 15817
f 15809 15810 15816
f 15816 15810 15815
f 15815 15810 15814
f 15814 15810 15811
f 15814 15811 15812
f 15812 15813 15814
f 15818 15819 15817
f 15817 15819 15820
f 15817 15820 15821
f 15821 15822 15817
f 15817 15822 15823
f 15826 15827 15829
f 15829 15827 15828
f 15830 15831 15833
f 15833 15831 15832
f 15835 15836 15834
f 15834 15836 15837
f 15839 15840 15838
f 15838 15840 15845
f 15845 15840 15841
f 15845 15841 15844
f 15844 15841 15842
f 15844 15842 15843
f 15846 15847 15851
f 15851 15847 15850
f 15850 15847 15848
f 15850 15848 15849
f 15852 15853 15855
f 15855 15853 15854
f 15856 15857 15881
f 15881 15857 15880
f 15880 15857 15858
f 15880 15858 15879
f 15879 15858 15860
f 15879 15860 15878
f 15878 15860 15877
f 15877 15860 15876
f 15876 15860 15867
f 15876 15867 15868
f 15858 15859 15860
f 15867 15860 15866
f 15866 15860 15861
f 15866 15861 15865
f 15865 15861 15864
f 15864 15861 15863
f 15863 15861 15862
f 15868 15869 15876
f 15876 15869 15870
f 15876 15870 15875
f 15875 15870 15874
f 15874 15870 15873
f 15873 15870 15871
f 15873 15871 15872
f 15882 15883 15885
f 15885 15883 15884
f 15886 15887 15889
f 15889 15887 15888
f 15891 15892 15890
f 15890 15892 15897
f 15897 15892 15893
f 15897 15893 15896
f 15896 15893 15894
f 15896 15894 15895
f 15898 15899 15901
f 15901 15899 15900
f 15902 15903 15919
f 15919 15903 15918
f 15918 15903 15917
f 15917 15903 15910
f 15917 15910 15911
f 15903 15904 15910
f 15910 15904 15909
f 15909 15904 15908
f 15908 15904 15905
f 15908 15905 15906
f 15906 15907 15908
f 15912 15913 15911
f 15911 15913 15914
f 15911 15914 15915
f 15915 15916 15911
f 15911 15916 15917
f 15931 15920 15930
f 15930 15920 15921
f 15930 15921 15929
f 15929 15921 15922
f 15929 15922 15928
f 15928 15922 15923
f 15928 15923 15927
f 15927 15923 15924
f 15927 15924 15926
f 15926 15924 15925
f 15932 15933 15935
f 15935 15933 15934
f 15937 15938 15936
f 15936 15938 15947
f 15947 15938 15939
f 15947 15939 15946
f 15946 15939 15940
f 15946 15940 15945
f 15945 15940 15941
f 15945 15941 15944
f 15944 15941 15942
f 15944 15942 15943
f 15949 15950 15948
f 15948 15950 15951
f 15957 15952 15956
f 15956 15952 15953
f 15956 15953 15955
f 15955 15953 15954
f 15958 15959 15961
f 15961 15959 15960
f 15962 15963 15965
f 15965 15963 15964
f 15966 15967 15969
f 15969 15967 15968
f 15970 15971 15973
f 15973 15971 15972
f 15974 15975 15977
f 15977 15975 15976
f 15979 15980 15978
f 15978 15980 15981
f 15978 15981 16003
f 16003 15981 15982
f 16003 15982 16001
f 16001 15982 15983
f 16001 15983 15984
f 15984 15985 16001
f 16001 15985 15994
f 16001 15994 15995
f 15986 15991 15985
f 15985 15991 15992
f 15985 15992 15993
f 15986 15987 15991
f 15991 15987 15988
f 15991 15988 15990
f 15990 15988 15989
f 15993 15994 15985
f 16001 15995 16000
f 16000 15995 15996
f 16000 15996 15997
f 15997 15998 16000
f 16000 15998 15999
f 16001 16002 16003
f 16004 16005 16007
f 16007 16005 16006
f 16009 16010 16008
f 16008 16010 16011
f 16013 16014 16012
f 16012 16014 16019
f 16019 16014 16015
f 16019 16015 16018
f 16018 16015 16016
f 16018 16016 16017
f 16020 16021 16023
f 16023 16021 16022
f 16035 16024 16034
f 16034 16024 16025
f 16034 16025 16033
f 16033 16025 16026
f 16033 16026 16032
f 16032 16026 16027
f 16032 16027 16031
f 16031 16027 16028
f 16031 16028 16030
f 16030 16028 16029
f 16037 16038 16036
f 16036 16038 16039
f 16036 16039 16061
f 16061 16039 16040
f 16061 16040 16059
f 16059 16040 16041
f 16059 16041 16042
f 16042 16043 16059
f 16059 16043 16052
f 16059 16052 16053
f 16044 16049 16043
f 16043 16049 16050
f 16043 16050 16051
f 16044 16045 16049
f 16049 16045 16046
f 16049 16046 16048
f 16048 16046 16047
f 16051 16052 16043
f 16059 16053 16058
f 16058 16053 16054
f 16058 16054 16055
f 16055 16056 16058
f 16058 16056 16057
f 16059 16060 16061
f 16062 16063 16073
f 16073 16063 16072
f 16072 16063 16064
f 16072 16064 16071
f 16071 16064 16065
f 16071 16065 16070
f 16070 16065 16066
f 16070 16066 16069
f 16069 16066 16067
f 16069 16067 16068
f 16074 16075 16077
f 16077 16075 16076
f 16078 16079 16083
f 16083 16079 16082
f 16082 16079 16080
f 16082 16080 16081
f 16084 16085 16087
f 16087 16085 16086
f 16089 16090 16088
f 16088 16090 16097
f 16097 16090 16091
f 16097 16091 16096
f 16096 16091 16092
f 16096 16092 16095
f 16095 16092 16093
f 16095 16093 16094
f 16098 16099 16101
f 16101 16099 16100
f 16102 16103 16105
f 16105 16103 16104
f 16106 16107 16109
f 16109 16107 16108
f 16111 16112 16110
f 16110 16112 16117
f 16117 16112 16113
f 16117 16113 16116
f 16116 16113 16114
f 16116 16114 16115
f 16118 16119 16121
f 16121 16119 16120
f 16122 16123 16125
f 16125 16123 16124
f 16147 16126 16132
f 16132 16126 16127
f 16132 16127 16128
f 16132 16128 16131
f 16131 16128 16129
f 16131 16129 16130
f 16133 16134 16132
f 16132 16134 16139
f 16132 16139 16140
f 16139 16134 16138
f 16138 16134 16135
f 16138 16135 16137
f 16137 16135 16136
f 16140 16141 16132
f 16132 16141 16142
f 16132 16142 16147
f 16147 16142 16146
f 16146 16142 16143
f 16146 16143 16144
f 16144 16145 16146
f 16148 16149 16151
f 16151 16149 16150
f 16153 16154 16152
f 16152 16154 16159
f 16159 16154 16155
f 16159 16155 16158
f 16158 16155 16156
f 16158 16156 16157
f 16161 16162 16160
f 16160 16162 16167
f 16167 16162 16163
f 16167 16163 16166
f 16166 16163 16164
f 16166 16164 16165
f 16168 16169 16171
f 16171 16169 16170
f 16172 16173 16175
f 16175 16173 16174
f 16177 16178 16176
f 16176 16178 16183
f 16183 16178 16179
f 16183 16179 16182
f 16182 16179 16180
f 16182 16180 16181
f 16185 16186 16184
f 16184 16186 16193
f 16193 16186 16187
f 16193 16187 16192
f 16192 16187 16188
f 16192 16188 16191
f 16191 16188 16189
f 16191 16189 16190
f 16195 16196 16194
f 16194 16196 16197
f 16209 16198 16208
f 16208 16198 16199
f 16208 16199 16207
f 16207 16199 16201
f 16207 16201 16206
f 16206 16201 16202
f 16206 16202 16205
f 16205 16202 16204
f 16204 16202 16203
f 16199 16200 16201
f 16210 16211 16213
f 16213 16211 16212
f 16215 16217 16214
f 16214 16217 16218
f 16214 16218 16224
f 16224 16218 16219
f 16224 16219 16223
f 16223 16219 16220
f 16223 16220 16221
f 16215 16216 16217
f 16221 16222 16223
f 16224 16225 16214
f 16226 16227 16229
f 16229 16227 16228
f 16231 16232 16230
f 16230 16232 16233
f 16234 16235 16246
f 16246 16235 16245
f 16245 16235 16239
f 16245 16239 16240
f 16236 16237 16235
f 16235 16237 16238
f 16235 16238 16239
f 16245 16240 16244
f 16244 16240 16241
f 16244 16241 16242
f 16242 16243 16244
f 16258 16247 16257
f 16257 16247 16248
f 16257 16248 16256
f 16256 16248 16250
f 16256 16250 16255
f 16255 16250 16251
f 16255 16251 16254
f 16254 16251 16253
f 16253 16251 16252
f 16248 16249 16250
f 16260 16262 16259
f 16259 16262 16263
f 16259 16263 16269
f 16269 16263 16264
f 16269 16264 16268
f 16268 16264 16265
f 16268 16265 16266
f 16260 16261 16262
f 16266 16267 16268
f 16269 16270 16259
f 16271 16272 16274
f 16274 16272 16273
f 16276 16277 16275
f 16275 16277 16278
f 16284 16279 16283
f 16283 16279 16280
f 16283 16280 16282
f 16282 16280 16281
f 16296 16285 16295
f 16295 16285 16286
f 16295 16286 16294
f 16294 16286 16287
f 16294 16287 16293
f 16293 16287 16288
f 16293 16288 16292
f 16292 16288 16289
f 16292 16289 16291
f 16291 16289 16290
f 16297 16298 16300
f 16300 16298 16299
f 16301 16302 16326
f 16326 16302 16325
f 16325 16302 16303
f 16325 16303 16324
f 16324 16303 16305
f 16324 16305 16323
f 16323 16305 16322
f 16322 16305 16321
f 16321 16305 16312
f 16321 16312 16313
f 16303 16304 16305
f 16312 16305 16311
f 16311 16305 16306
f 16311 16306 16310
f 16310 16306 16309
f 16309 16306 16308
f 16308 16306 16307
f 16313 16314 16321
f 16321 16314 16315
f 16321 16315 16320
f 16320 16315 16319
f 16319 16315 16318
f 16318 16315 16316
f 16318 16316 16317
f 16327 16328 16330
f 16330 16328 16329
f 16332 16333 16331
f 16331 16333 16340
f 16340 16333 16334
f 16340 16334 16339
f 16339 16334 16335
f 16339 16335 16338
f 16338 16335 16336
f 16338 16336 16337
f 16341 16342 16348
f 16348 16342 16347
f 16347 16342 16343
f 16347 16343 16346
f 16346 16343 16344
f 16346 16344 16345
f 16349 16350 16356
f 16356 16350 16355
f 16355 16350 16351
f 16355 16351 16354
f 16354 16351 16352
f 16354 16352 16353
f 16358 16359 16357
f 16357 16359 16366
f 16366 16359 16360
f 16366 16360 16365
f 16365 16360 16361
f 16365 16361 16364
f 16364 16361 16362
f 16364 16362 16363
f 16368 16369 16367
f 16367 16369 16370
f 16372 16373 16371
f 16371 16373 16374
f 16380 16375 16379
f 16379 16375 16376
f 16379 16376 16378
f 16378 16376 16377
f 16381 16382 16388
f 16388 16382 16387
f 16387 16382 16383
f 16387 16383 16386
f 16386 16383 16384
f 16386 16384 16385
f 16390 16391 16389
f 16389 16391 16392
f 16394 16395 16393
f 16393 16395 16402
f 16402 16395 16396
f 16402 16396 16401
f 16401 16396 16397
f 16401 16397 16400
f 16400 16397 16398
f 16400 16398 16399
f 16403 16404 16406
f 16406 16404 16405
f 16418 16407 16417
f 16417 16407 16408
f 16417 16408 16416
f 16416 16408 16410
f 16416 16410 16415
f 16415 16410 16411
f 16415 16411 16414
f 16414 16411 16413
f 16413 16411 16412
f 16408 16409 16410
f 16420 16421 16419
f 16419 16421 16422
f 16424 16426 16423
f 16423 16426 16427
f 16423 16427 16433
f 16433 16427 16428
f 16433 16428 16432
f 16432 16428 16429
f 16432 16429 16430
f 16424 16425 16426
f 16430 16431 16432
f 16433 16434 16423
f 16435 16436 16438
f 16438 16436 16437
f 16440 16441 16439
f 16439 16441 16442
f 16444 16445 16443
f 16443 16445 16454
f 16454 16445 16446
f 16454 16446 16453
f 16453 16446 16447
f 16453 16447 16452
f 16452 16447 16448
f 16452 16448 16451
f 16451 16448 16449
f 16451 16449 16450
f 16455 16456 16458
f 16458 16456 16457
f 16459 16460 16484
f 16484 16460 16483
f 16483 16460 16461
f 16483 16461 16482
f 16482 16461 16463
f 16482 16463 16481
f 16481 16463 16480
f 16480 16463 16479
f 16479 16463 16470
f 16479 16470 16471
f 16461 16462 16463
f 16470 16463 16469
f 16469 16463 16464
f 16469 16464 16468
f 16468 16464 16467
f 16467 16464 16466
f 16466 16464 16465
f 16471 16472 16479
f 16479 16472 16473
f 16479 16473 16478
f 16478 16473 16477
f 16477 16473 16476
f 16476 16473 16474
f 16476 16474 16475
f 16485 16486 16488
f 16488 16486 16487
f 16490 16491 16489
f 16489 16491 16496
f 16496 16491 16492
f 16496 16492 16495
f 16495 16492 16493
f 16495 16493 16494
f 16497 16498 16502
f 16502 16498 16501
f 16501 16498 16499
f 16501 16499 16500
f 16504 16505 16503
f 16503 16505 16506
f 16507 16508 16512
f 16512 16508 16511
f 16511 16508 16509
f 16511 16509 16510
f 16513 16514 16524
f 16524 16514 16523
f 16523 16514 16515
f 16523 16515 16522
f 16522 16515 16516
f 16522 16516 16521
f 16521 16516 16517
f 16521 16517 16520
f 16520 16517 16518
f 16520 16518 16519
f 16525 16526 16530
f 16530 16526 16529
f 16529 16526 16527
f 16529 16527 16528
f 16532 16533 16531
f 16531 16533 16534
f 16535 16536 16538
f 16538 16536 16537
f 16539 16540 16542
f 16542 16540 16541
f 16544 16546 16543
f 16543 16546 16547
f 16543 16547 16553
f 16553 16547 16548
f 16553 16548 16552
f 16552 16548 16549
f 16552 16549 16550
f 16544 16545 16546
f 16550 16551 16552
f 16553 16554 16543
f 16556 16557 16555
f 16555 16557 16562
f 16562 16557 16558
f 16562 16558 16561
f 16561 16558 16559
f 16561 16559 16560
f 16574 16563 16573
f 16573 16563 16564
f 16573 16564 16572
f 16572 16564 16566
f 16572 16566 16571
f 16571 16566 16567
f 16571 16567 16570
f 16570 16567 16569
f 16569 16567 16568
f 16564 16565 16566
f 16575 16576 16582
f 16582 16576 16581
f 16581 16576 16577
f 16581 16577 16580
f 16580 16577 16578
f 16580 16578 16579
f 16584 16585 16583
f 16583 16585 16586
f 16588 16589 16587
f 16587 16589 16590
f 16591 16592 16594
f 16594 16592 16593
f 16595 16596 16598
f 16598 16596 16597
f 16600 16602 16599
f 16599 16602 16603
f 16599 16603 16609
f 16609 16603 16604
f 16609 16604 16608
f 16608 16604 16605
f 16608 16605 16606
f 16600 16601 16602
f 16606 16607 16608
f 16609 16610 16599
f 16611 16612 16614
f 16614 16612 16613
f 16626 16615 16625
f 16625 16615 16616
f 16625 16616 16624
f 16624 16616 16618
f 16624 16618 16623
f 16623 16618 16619
f 16623 16619 16622
f 16622 16619 16621
f 16621 16619 16620
f 16616 16617 16618
f 16627 16628 16639
f 16639 16628 16638
f 16638 16628 16632
f 16638 16632 16633
f 16629 16630 16628
f 16628 16630 16631
f 16628 16631 16632
f 16638 16633 16637
f 16637 16633 16634
f 16637 16634 16635
f 16635 16636 16637
f 16641 16642 16640
f 16640 16642 16643
f 16640 16643 16647
f 16647 16643 16644
f 16647 16644 16645
f 16645 16646 16647
f 16648 16649 16664
f 16664 16649 16650
f 16664 16650 16663
f 16663 16650 16651
f 16663 16651 16662
f 16662 16651 16652
f 16662 16652 16656
f 16656 16652 16655
f 16655 16652 16654
f 16654 16652 16653
f 16656 16657 16662
f 16662 16657 16659
f 16662 16659 16660
f 16657 16658 16659
f 16660 16661 16662
f 16665 16666 16668
f 16668 16666 16667
f 16670 16671 16669
f 16669 16671 16676
f 16676 16671 16672
f 16676 16672 16675
f 16675 16672 16673
f 16675 16673 16674
f 16678 16679 16677
f 16677 16679 16684
f 16684 16679 16680
f 16684 16680 16683
f 16683 16680 16681
f 16683 16681 16682
f 16685 16686 16688
f 16688 16686 16687
f 16689 16690 16692
f 16692 16690 16691
f 16694 16695 16693
f 16693 16695 16700
f 16700 16695 16696
f 16700 16696 16699
f 16699 16696 16697
f 16699 16697 16698
f 16702 16703 16701
f 16701 16703 16704
f 16701 16704 16705
f 16706 16715 16705
f 16705 16715 16722
f 16705 16722 16701
f 16706 16707 16715
f 16715 16707 16708
f 16715 16708 16713
f 16713 16708 16709
f 16713 16709 16712
f 16712 16709 16710
f 16712 16710 16711
f 16713 16714 16715
f 16716 16719 16715
f 16715 16719 16720
f 16715 16720 16721
f 16717 16718 16716
f 16716 16718 16719
f 16721 16722 16715
f 16724 16725 16723
f 16723 16725 16726
f 16723 16726 16748
f 16748 16726 16727
f 16748 16727 16746
f 16746 16727 16728
f 16746 16728 16729
f 16729 16730 16746
f 16746 16730 16739
f 16746 16739 16740
f 16731 16736 16730
f 16730 16736 16737
f 16730 16737 16738
f 16731 16732 16736
f 16736 16732 16733
f 16736 16733 16735
f 16735 16733 16734
f 16738 16739 16730
f 16746 16740 16745
f 16745 16740 16741
f 16745 16741 16742
f 16742 16743 16745
f 16745 16743 16744
f 16746 16747 16748
f 16750 16751 16749
f 16749 16751 16752
f 16754 16755 16753
f 16753 16755 16756
f 16757 16758 16760
f 16760 16758 16759
f 16762 16763 16761
f 16761 16763 16767
f 16761 16767 16768
f 16763 16764 16767
f 16767 16764 16766
f 16766 16764 16765
f 16769 16770 16768
f 16768 16770 16771
f 16768 16771 16761
f 16773 16774 16772
f 16772 16774 16779
f 16779 16774 16775
f 16779 16775 16778
f 16778 16775 16776
f 16778 16776 16777
f 16780 16781 16796
f 16796 16781 16782
f 16796 16782 16795
f 16795 16782 16783
f 16795 16783 16794
f 16794 16783 16784
f 16794 16784 16788
f 16788 16784 16787
f 16787 16784 16786
f 16786 16784 16785
f 16788 16789 16794
f 16794 16789 16791
f 16794 16791 16792
f 16789 16790 16791
f 16792 16793 16794
f 16798 16799 16797
f 16797 16799 16800
f 16806 16801 16805
f 16805 16801 16802
f 16805 16802 16804
f 16804 16802 16803
f 16807 16808 16810
f 16810 16808 16809
f 16812 16813 16811
f 16811 16813 16818
f 16818 16813 16814
f 16818 16814 16817
f 16817 16814 16815
f 16817 16815 16816
f 16819 16820 16822
f 16822 16820 16821
f 16823 16824 16826
f 16826 16824 16825
f 16828 16829 16827
f 16827 16829 16830
f 16827 16830 16852
f 16852 16830 16831
f 16852 16831 16850
f 16850 16831 16832
f 16850 16832 16833
f 16833 16834 16850
f 16850 16834 16843
f 16850 16843 16844
f 16835 16840 16834
f 16834 16840 16841
f 16834 16841 16842
f 16835 16836 16840
f 16840 16836 16837
f 16840 16837 16839
f 16839 16837 16838
f 16842 16843 16834
f 16850 16844 16849
f 16849 16844 16845
f 16849 16845 16846
f 16846 16847 16849
f 16849 16847 16848
f 16850 16851 16852
f 16854 16855 16853
f 16853 16855 16864
f 16864 16855 16856
f 16864 16856 16863
f 16863 16856 16857
f 16863 16857 16862
f 16862 16857 16858
f 16862 16858 16861
f 16861 16858 16859
f 16861 16859 16860
f 16866 16867 16865
f 16865 16867 16868
f 16865 16868 16890
f 16890 16868 16869
f 16890 16869 16888
f 16888 16869 16870
f 16888 16870 16871
f 16871 16872 16888
f 16888 16872 16881
f 16888 16881 16882
f 16873 16878 16872
f 16872 16878 16879
f 16872 16879 16880
f 16873 16874 16878
f 16878 16874 16875
f 16878 16875 16877
f 16877 16875 16876
f 16880 16881 16872
f 16888 16882 16887
f 16887 16882 16883
f 16887 16883 16884
f 16884 16885 16887
f 16887 16885 16886
f 16888 16889 16890
f 16891 16892 16894
f 16894 16892 16893
f 16895 16896 16898
f 16898 16896 16897
f 16900 16901 16899
f 16899 16901 16906
f 16906 16901 16902
f 16906 16902 16905
f 16905 16902 16903
f 16905 16903 16904
f 16907 16908 16932
f 16932 16908 16931
f 16931 16908 16909
f 16931 16909 16930
f 16930 16909 16911
f 16930 16911 16929
f 16929 16911 16928
f 16928 16911 16927
f 16927 16911 16918
f 16927 16918 16919
f 16909 16910 16911
f 16918 16911 16917
f 16917 16911 16912
f 16917 16912 16916
f 16916 16912 16915
f 16915 16912 16914
f 16914 16912 16913
f 16919 16920 16927
f 16927 16920 16921
f 16927 16921 16926
f 16926 16921 16925
f 16925 16921 16924
f 16924 16921 16922
f 16924 16922 16923
f 16933 16934 16936
f 16936 16934 16935
f 16938 16939 16937
f 16937 16939 16946
f 16946 16939 16940
f 16946 16940 16945
f 16945 16940 16941
f 16945 16941 16944
f 16944 16941 16942
f 16944 16942 16943
f 16948 16949 16947
f 16947 16949 16958
f 16958 16949 16950
f 16958 16950 16957
f 16957 16950 16951
f 16957 16951 16956
f 16956 16951 16952
f 16956 16952 16955
f 16955 16952 16953
f 16955 16953 16954
f 16959 16960 16984
f 16984 16960 16983
f 16983 16960 16961
f 16983 16961 16982
f 16982 16961 16963
f 16982 16963 16981
f 16981 16963 16980
f 16980 16963 16979
f 16979 16963 16970
f 16979 16970 16971
f 16961 16962 16963
f 16970 16963 16969
f 16969 16963 16964
f 16969 16964 16968
f 16968 16964 16967
f 16967 16964 16966
f 16966 16964 16965
f 16971 16972 16979
f 16979 16972 16973
f 16979 16973 16978
f 16978 16973 16977
f 16977 16973 16976
f 16976 16973 16974
f 16976 16974 16975
f 16985 16986 16988
f 16988 16986 16987
f 16990 16991 16989
f 16989 16991 16992
f 16993 16994 16996
f 16996 16994 16995
f 16997 16998 17000
f 17000 16998 16999
f 17002 17003 17001
f 17001 17003 17008
f 17008 17003 17004
f 17008 17004 17007
f 17007 17004 17005
f 17007 17005 17006
f 17009 17010 17012
f 17012 17010 17011
f 17014 17015 17013
f 17013 17015 17020
f 17020 17015 17016
f 17020 17016 17019
f 17019 17016 17017
f 17019 17017 17018
f 17022 17023 17021
f 17021 17023 17028
f 17028 17023 17024
f 17028 17024 17027
f 17027 17024 17025
f 17027 17025 17026
f 17034 17029 17033
f 17033 17029 17030
f 17033 17030 17032
f 17032 17030 17031
f 17035 17036 17060
f 17060 17036 17059
f 17059 17036 17037
f 17059 17037 17058
f 17058 17037 17039
f 17058 17039 17057
f 17057 17039 17056
f 17056 17039 17055
f 17055 17039 17046
f 17055 17046 17047
f 17037 17038 17039
f 17046 17039 17045
f 17045 17039 17040
f 17045 17040 17044
f 17044 17040 17043
f 17043 17040 17042
f 17042 17040 17041
f 17047 17048 17055
f 17055 17048 17049
f 17055 17049 17054
f 17054 17049 17053
f 17053 17049 17052
f 17052 17049 17050
f 17052 17050 17051
f 17061 17062 17064
f 17064 17062 17063
f 17065 17066 17072
f 17072 17066 17071
f 17071 17066 17067
f 17071 17067 17070
f 17070 17067 17068
f 17070 17068 17069
f 17074 17075 17073
f 17073 17075 17082
f 17082 17075 17076
f 17082 17076 17081
f 17081 17076 17077
f 17081 17077 17080
f 17080 17077 17078
f 17080 17078 17079
f 17083 17084 17086
f 17086 17084 17085
f 17087 17088 17094
f 17094 17088 17093
f 17093 17088 17089
f 17093 17089 17092
f 17092 17089 17090
f 17092 17090 17091
f 17095 17096 17102
f 17102 17096 17101
f 17101 17096 17097
f 17101 17097 17100
f 17100 17097 17098
f 17100 17098 17099
f 17104 17105 17103
f 17103 17105 17106
f 17108 17109 17107
f 17107 17109 17116
f 17116 17109 17110
f 17116 17110 17115
f 17115 17110 17111
f 17115 17111 17114
f 17114 17111 17112
f 17114 17112 17113
f 17117 17118 17120
f 17120 17118 17119
f 17122 17123 17121
f 17121 17123 17124
f 17121 17124 17146
f 17146 17124 17125
f 17146 17125 17144
f 17144 17125 17126
f 17144 17126 17127
f 17127 17128 17144
f 17144 17128 17137
f 17144 17137 17138
f 17129 17134 17128
f 17128 17134 17135
f 17128 17135 17136
f 17129 17130 17134
f 17134 17130 17131
f 17134 17131 17133
f 17133 17131 17132
f 17136 17137 17128
f 17144 17138 17143
f 17143 17138 17139
f 17143 17139 17140
f 17140 17141 17143
f 17143 17141 17142
f 17144 17145 17146
f 17147 17148 17150
f 17150 17148 17149
f 17151 17152 17154
f 17154 17152 17153
f 17155 17156 17158
f 17158 17156 17157
f 17159 17160 17162
f 17162 17160 17161
f 17164 17165 17163
f 17163 17165 17166
f 17168 17169 17167
f 17167 17169 17170
f 17167 17170 17192
f 17192 17170 17171
f 17192 17171 17190
f 17190 17171 17172
f 17190 17172 17173
f 17173 17174 17190
f 17190 17174 17183
f 17190 17183 17184
f 17175 17180 17174
f 17174 17180 17181
f 17174 17181 17182
f 17175 17176 17180
f 17180 17176 17177
f 17180 17177 17179
f 17179 17177 17178
f 17182 17183 17174
f 17190 17184 17189
f 17189 17184 17185
f 17189 17185 17186
f 17186 17187 17189
f 17189 17187 17188
f 17190 17191 17192
f 17193 17194 17218
f 17218 17194 17217
f 17217 17194 17195
f 17217 17195 17216
f 17216 17195 17197
f 17216 17197 17215
f 17215 17197 17214
f 17214 17197 17213
f 17213 17197 17204
f 17213 17204 17205
f 17195 17196 17197
f 17204 17197 17203
f 17203 17197 17198
f 17203 17198 17202
f 17202 17198 17201
f 17201 17198 17200
f 17200 17198 17199
f 17205 17206 17213
f 17213 17206 17207
f 17213 17207 17212
f 17212 17207 17211
f 17211 17207 17210
f 17210 17207 17208
f 17210 17208 17209
f 17219 17220 17222
f 17222 17220 17221
f 17223 17224 17226
f 17226 17224 17225
f 17228 17229 17227
f 17227 17229 17230
f 17232 17233 17231
f 17231 17233 17234
f 17231 17234 17256
f 17256 17234 17235
f 17256 17235 17254
f 17254 17235 17236
f 17254 17236 17237
f 17237 17238 17254
f 17254 17238 17247
f 17254 17247 17248
f 17239 17244 17238
f 17238 17244 17245
f 17238 17245 17246
f 17239 17240 17244
f 17244 17240 17241
f 17244 17241 17243
f 17243 17241 17242
f 17246 17247 17238
f 17254 17248 17253
f 17253 17248 17249
f 17253 17249 17250
f 17250 17251 17253
f 17253 17251 17252
f 17254 17255 17256
f 17258 17259 17257
f 17257 17259 17260
f 17261 17262 17264
f 17264 17262 17263
f 17265 17266 17268
f 17268 17266 17267
f 17269 17270 17272
f 17272 17270 17271
f 17274 17275 17273
f 17273 17275 17276
f 17278 17279 17277
f 17277 17279 17282
f 17282 17279 17280
f 17282 17280 17281
f 17284 17285 17283
f 17283 17285 17286
f 17288 17289 17287
f 17287 17289 17294
f 17294 17289 17290
f 17294 17290 17293
f 17293 17290 17291
f 17293 17291 17292
f 17296 17297 17295
f 17295 17297 17298
f 17299 17300 17302
f 17302 17300 17301
f 17304 17306 17303
f 17303 17306 17307
f 17303 17307 17313
f 17313 17307 17308
f 17313 17308 17312
f 17312 17308 17309
f 17312 17309 17310
f 17304 17305 17306
f 17310 17311 17312
f 17313 17314 17303
f 17316 17317 17315
f 17315 17317 17318
f 17319 17320 17322
f 17322 17320 17321
f 17334 17323 17333
f 17333 17323 17324
f 17333 17324 17332
f 17332 17324 17326
f 17332 17326 17331
f 17331 17326 17327
f 17331 17327 17330
f 17330 17327 17329
f 17329 17327 17328
f 17324 17325 17326
f 17335 17336 17338
f 17338 17336 17337
f 17340 17341 17339
f 17339 17341 17342
f 17339 17342 17346
f 17346 17342 17343
f 17346 17343 17344
f 17344 17345 17346
