v -0.013679055 0.034347999 0.050415187
v -0.013506233 0.034347999 0.050361061
v -0.011427799 0.034347999 0.052648401
v -0.01122 0.034347999 0.0527597
v -0.0101869 0.034347999 0.0527597
v -0.010135024 0.034347999 0.052750258
v -0.010087583 0.034347999 0.052750711
v -0.010045217 0.034347999 0.052762499
v -0.010007933 0.034347999 0.052785635
v -0.0099751002 0.034347999 0.052818699
v -0.0099751002 0.034347999 0.069453602
v -0.0100936 0.034347999 0.069606099
v -0.01308709 0.034347999 0.070487943
v -0.013269511 0.034347999 0.070471807
v -0.013346953 0.034347999 0.070406981
v -0.0135677 0.034347999 0.070472298
v -0.01380402 0.034347999 0.070507741
v -0.014022518 0.034347999 0.07053812
v -0.014227622 0.034347999 0.070568004
v -0.014423757 0.034347999 0.070601945
v -0.014615349 0.034347999 0.070644507
v -0.0144551 0.034347999 0.0704321
v -0.0144551 0.034347999 0.0508393
v -0.014436003 0.034347999 0.050456262
v -0.014519176 0.034347999 0.050126438
v -0.014320619 0.034347999 0.05017879
v -0.01414607 0.034347999 0.050221028
v -0.013986787 0.034347999 0.050265965
v -0.013834029 0.034347999 0.050326414
v -0.010024558 0.0343506 0.06951725
v -0.010024558 0.036275251 0.06951725
v -0.0100015 0.036275251 0.069539199
v -0.0100015 0.0343506 0.069539199
v -0.0132595 0.050413852 0.045248799
v -0.013279898 0.050413852 0.045254116
v -0.013056375 0.050413852 0.045347772
v -0.012576048 0.050413852 0.045439129
v -0.012460285 0.050413852 0.045646539
v -0.01248201 0.050413852 0.045966954
v -0.012537 0.050413852 0.046556301
v -0.012537 0.050413852 0.050143399
v -0.012790861 0.050413852 0.050322933
v -0.01314401 0.050413852 0.050328312
v -0.013455532 0.050413852 0.0503441
v -0.013679055 0.050413852 0.050415187
v -0.0136438 0.050413852 0.050439801
v -0.0118677 0.050413852 0.052400799
v -0.011690036 0.050413852 0.052615037
v -0.01157071 0.050413852 0.052725511
v -0.0112432 0.050413852 0.052911201
v -0.010159301 0.050413852 0.052911201
v -0.010108644 0.050413852 0.052899308
v -0.010065874 0.050413852 0.052878923
v -0.010031542 0.050413852 0.052849646
v -0.010004275 0.050413852 0.052810841
v -0.0099831003 0.050413852 0.052762799
v -0.0099831003 0.050413852 0.045018902
v -0.0099759024 0.050413852 0.04459084
v -0.010146 0.050413852 0.0443256
v -0.0101869 0.018602 0.0527597
v -0.01122 0.018602 0.0527597
v -0.01122 0.018604749 0.0527597
v -0.0101869 0.018604749 0.0527597
v -0.0100994 -0.052090998 0.069446001
v -0.0100015 -0.052090998 0.069539199
v -0.0100015 -0.054225001 0.069539199
v -0.0100994 -0.054225001 0.069446001
v -0.0100087 0.052023849 0.071480498
v -0.0100015 0.052023849 0.069539199
v -0.0100015 0.054225001 0.069539199
v -0.0100087 0.054225001 0.071480498
v -0.014615349 0.034347999 0.070644507
v -0.014423757 0.034347999 0.070601945
v -0.014227622 0.034347999 0.070568004
v -0.014022518 0.034347999 0.07053812
v -0.01380402 0.034347999 0.070507741
v -0.0135677 0.034347999 0.070472298
v -0.0135677 0.018604749 0.070472298
v -0.01380402 0.018604749 0.070507741
v -0.014022518 0.018604749 0.07053812
v -0.014227622 0.018604749 0.070568004
v -0.014423757 0.018604749 0.070601945
v -0.014615349 0.018604749 0.070644507
v -0.014615349 0.01667475 0.070644507
v -0.014423757 0.01667475 0.070601945
v -0.014227622 0.01667475 0.070568004
v -0.014022518 0.01667475 0.07053812
v -0.01380402 0.01667475 0.070507741
v -0.0135677 0.01667475 0.070472298
v -0.0135677 0.00093149997 0.070472298
v -0.01380402 0.00093149997 0.070507741
v -0.014022518 0.00093149997 0.07053812
v -0.014227622 0.00093149997 0.070568004
v -0.014423757 0.00093149997 0.070601945
v -0.014615349 0.00093149997 0.070644507
v -0.014615349 -0.00099849999 0.070644507
v -0.014423757 -0.00099849999 0.070601945
v -0.014227622 -0.00099849999 0.070568004
v -0.014022518 -0.00099849999 0.07053812
v -0.01380402 -0.00099849999 0.070507741
v -0.0135677 -0.00099849999 0.070472298
v -0.0135677 -0.01674175 0.070472298
v -0.01380402 -0.01674175 0.070507741
v -0.014022518 -0.01674175 0.07053812
v -0.014227622 -0.01674175 0.070568004
v -0.014423757 -0.01674175 0.070601945
v -0.014615349 -0.01674175 0.070644507
v -0.014615349 -0.01867175 0.070644507
v -0.014423757 -0.01867175 0.070601945
v -0.014227622 -0.01867175 0.070568004
v -0.014022518 -0.01867175 0.07053812
v -0.01380402 -0.01867175 0.070507741
v -0.0135677 -0.01867175 0.070472298
v -0.0135677 -0.034414999 0.070472298
v -0.01380402 -0.034414999 0.070507741
v -0.014022518 -0.034414999 0.07053812
v -0.014227622 -0.034414999 0.070568004
v -0.014423757 -0.034414999 0.070601945
v -0.014615349 -0.034414999 0.070644507
v -0.014615349 -0.036345 0.070644507
v -0.014423757 -0.036345 0.070601945
v -0.014227622 -0.036345 0.070568004
v -0.014022518 -0.036345 0.07053812
v -0.01380402 -0.036345 0.070507741
v -0.0135677 -0.036345 0.070472298
v -0.0135677 -0.054225001 0.070472298
v -0.014630979 -0.054225001 0.070648508
v -0.015624025 -0.054225001 0.071059918
v -0.016063013 -0.054225001 0.071361189
v -0.016458967 -0.054225001 0.071769166
v -0.016746892 -0.054225001 0.072227039
v -0.016903446 -0.054225001 0.072730212
v -0.016918681 -0.054225001 0.073267527
v -0.016776227 -0.054225001 0.073785
v -0.016497378 -0.054225001 0.074265704
v -0.016124252 -0.054225001 0.074654503
v -0.01519377 -0.054225001 0.075201068
v -0.014681814 -0.054225001 0.075371222
v -0.0141685 -0.054225001 0.075381298
v -0.0141685 0.054225001 0.075381298
v -0.014681814 0.054225001 0.075371222
v -0.01519377 0.054225001 0.075201068
v -0.016124252 0.054225001 0.074654503
v -0.016497378 0.054225001 0.074265704
v -0.016776227 0.054225001 0.073785
v -0.016918681 0.054225001 0.073267527
v -0.016903446 0.054225001 0.072730212
v -0.016746892 0.054225001 0.072227039
v -0.016458967 0.054225001 0.071769166
v -0.016063013 0.054225001 0.071361189
v -0.015624025 0.054225001 0.071059918
v -0.014630979 0.054225001 0.070648508
v -0.0135677 0.054225001 0.070472298
v -0.0135677 0.036278 0.070472298
v -0.01380402 0.036278 0.070507741
v -0.014022518 0.036278 0.07053812
v -0.014227622 0.036278 0.070568004
v -0.014423757 0.036278 0.070601945
v -0.014615349 0.036278 0.070644507
v -0.0052537 0.054225001 0.077595901
v -0.0052537 0.056725001 0.077595901
v -0.0050906879 0.056725001 0.077641025
v -0.0049233907 0.056725001 0.077672544
v -0.004751201 0.056725001 0.077688532
v -0.0045741314 0.056725001 0.077689033
v -0.0043928 0.056725001 0.077676001
v -0.0043928 0.054225001 0.077676001
v -0.0045741314 0.054225001 0.077689033
v -0.004751201 0.054225001 0.077688532
v -0.0049233907 0.054225001 0.077672544
v -0.0050906879 0.054225001 0.077641025
v -0.0017099179 0.036310251 0.018018194
v -0.0015780129 0.036310251 0.018567621
v -0.0012623653 0.036310251 0.019056196
v -0.00067759603 0.036310251 0.019479625
v -0.00033694662 0.036310251 0.019585383
v 0.00016759999 0.036310251 0.0196112
v 0.00087720916 0.036310251 0.019374551
v 0.0011393947 0.036310251 0.019183298
v 0.0014213887 0.036310251 0.018862392
v 0.001617243 0.036310251 0.018463665
v 0.0017134655 0.036310251 0.018048944
v 0.001600834 0.036310251 0.018055419
v 0.0014591068 0.036310251 0.018031569
v 0.0012983435 0.036310251 0.01801546
v 0.0011228 0.036310251 0.0180231
v -0.0008783 0.036310251 0.0180231
v -0.0013489805 0.036310251 0.018055273
v -0.0015623884 0.036310251 0.018085564
v -0.0118677 -0.052090998 0.052400799
v -0.0136438 -0.052090998 0.050439801
v -0.0136438 -0.054225001 0.050439801
v -0.0118677 -0.054225001 0.052400799
v -0.01122 0.0343506 0.0527597
v -0.0101869 0.0343506 0.0527597
v -0.0101869 0.034347999 0.0527597
v -0.01122 0.034347999 0.0527597
v -0.0099831003 -0.052090998 0.052762799
v -0.010004275 -0.052090998 0.052810841
v -0.010031542 -0.052090998 0.052849646
v -0.010065874 -0.052090998 0.052878923
v -0.010108644 -0.052090998 0.052899308
v -0.010159301 -0.052090998 0.052911201
v -0.010159301 -0.054225001 0.052911201
v -0.010109925 -0.054225001 0.052899714
v -0.010067147 -0.054225001 0.052879734
v -0.010031909 -0.054225001 0.052850051
v -0.010004209 -0.054225001 0.052810669
v -0.0099831003 -0.054225001 0.052762799
v -0.010146 -0.052090998 0.0443256
v -0.0099759024 -0.052090998 0.04459084
v -0.0099831003 -0.052090998 0.045018902
v -0.0099831003 -0.054225001 0.045018902
v -0.0099786162 -0.054225001 0.04457849
v -0.010146 -0.054225001 0.0443256
v -0.012507082 0.052023849 0.073872852
v -0.0100087 0.052023849 0.0716045
v -0.0100087 0.054225001 0.0716045
v -0.010288148 0.054225001 0.07185822
v -0.0141685 0.054225001 0.075381298
v -0.0141685 -0.054225001 0.075381298
v -0.010288148 -0.054225001 0.07185822
v -0.0100087 -0.054225001 0.0716045
v -0.0100087 -0.052090998 0.0716045
v -0.012507082 -0.052090998 0.073872852
v -0.012507082 -0.050481 0.073872852
v -0.0100087 -0.050481 0.0716045
v -0.0100087 -0.048556352 0.0716045
v -0.012507082 -0.048556352 0.073872852
v -0.012507082 -0.046946349 0.073872852
v -0.0100087 -0.046946349 0.0716045
v -0.0100087 -0.045021701 0.0716045
v -0.012507082 -0.045021701 0.073872852
v -0.012507082 -0.043411698 0.073872852
v -0.0100087 -0.043411698 0.0716045
v -0.0100087 -0.04148705 0.0716045
v -0.012507082 -0.04148705 0.073872852
v -0.012507082 -0.03987705 0.073872852
v -0.0100087 -0.03987705 0.0716045
v -0.0100087 -0.037952399 0.0716045
v -0.012507082 -0.037952399 0.073872852
v -0.012507082 -0.036342399 0.073872852
v -0.0100087 -0.036342399 0.0716045
v -0.0100087 -0.034417751 0.0716045
v -0.012507082 -0.034417751 0.073872852
v -0.012507082 -0.032807751 0.073872852
v -0.0100087 -0.032807751 0.0716045
v -0.0100087 -0.0308831 0.0716045
v -0.012507082 -0.0308831 0.073872852
v -0.012507082 -0.0292731 0.073872852
v -0.0100087 -0.0292731 0.0716045
v -0.0100087 -0.027348449 0.0716045
v -0.012507082 -0.027348449 0.073872852
v -0.012507082 -0.025738449 0.073872852
v -0.0100087 -0.025738449 0.0716045
v -0.0100087 -0.023813801 0.0716045
v -0.012507082 -0.023813801 0.073872852
v -0.012507082 -0.022203801 0.073872852
v -0.0100087 -0.022203801 0.0716045
v -0.0100087 -0.02027915 0.0716045
v -0.012507082 -0.02027915 0.073872852
v -0.012507082 -0.01866915 0.073872852
v -0.0100087 -0.01866915 0.0716045
v -0.0100087 -0.0167445 0.0716045
v -0.012507082 -0.0167445 0.073872852
v -0.012507082 -0.0151345 0.073872852
v -0.0100087 -0.0151345 0.0716045
v -0.0100087 -0.01320985 0.0716045
v -0.012507082 -0.01320985 0.073872852
v -0.012507082 -0.011599849 0.073872852
v -0.0100087 -0.011599849 0.0716045
v -0.0100087 -0.0096752 0.0716045
v -0.012507082 -0.0096752 0.073872852
v -0.012507082 -0.0080651999 0.073872852
v -0.0100087 -0.0080651999 0.0716045
v -0.0100087 -0.0061405498 0.0716045
v -0.012507082 -0.0061405498 0.073872852
v -0.012507082 -0.0045305499 0.073872852
v -0.0100087 -0.0045305499 0.0716045
v -0.0100087 -0.0026058999 0.0716045
v -0.012507082 -0.0026058999 0.073872852
v -0.012507082 -0.00099590003 0.073872852
v -0.0100087 -0.00099590003 0.0716045
v -0.0100087 0.00092874996 0.0716045
v -0.012507082 0.00092874996 0.073872852
v -0.012507082 0.0025387499 0.073872852
v -0.0100087 0.0025387499 0.0716045
v -0.0100087 0.0044633999 0.0716045
v -0.012507082 0.0044633999 0.073872852
v -0.012507082 0.0060733998 0.073872852
v -0.0100087 0.0060733998 0.0716045
v -0.0100087 0.0079980499 0.0716045
v -0.012507082 0.0079980499 0.073872852
v -0.012507082 0.00960805 0.073872852
v -0.0100087 0.00960805 0.0716045
v -0.0100087 0.0115327 0.0716045
v -0.012507082 0.0115327 0.073872852
v -0.012507082 0.0131427 0.073872852
v -0.0100087 0.0131427 0.0716045
v -0.0100087 0.01506735 0.0716045
v -0.012507082 0.01506735 0.073872852
v -0.012507082 0.01667735 0.073872852
v -0.0100087 0.01667735 0.0716045
v -0.0100087 0.018602 0.0716045
v -0.012507082 0.018602 0.073872852
v -0.012507082 0.020211999 0.073872852
v -0.0100087 0.020211999 0.0716045
v -0.0100087 0.02213665 0.0716045
v -0.012507082 0.02213665 0.073872852
v -0.012507082 0.02374665 0.073872852
v -0.0100087 0.02374665 0.0716045
v -0.0100087 0.025671301 0.0716045
v -0.012507082 0.025671301 0.073872852
v -0.012507082 0.027281301 0.073872852
v -0.0100087 0.027281301 0.0716045
v -0.0100087 0.029205949 0.0716045
v -0.012507082 0.029205949 0.073872852
v -0.012507082 0.030815949 0.073872852
v -0.0100087 0.030815949 0.0716045
v -0.0100087 0.0327406 0.0716045
v -0.012507082 0.0327406 0.073872852
v -0.012507082 0.0343506 0.073872852
v -0.0100087 0.0343506 0.0716045
v -0.0100087 0.036275251 0.0716045
v -0.012507082 0.036275251 0.073872852
v -0.012507082 0.037885251 0.073872852
v -0.0100087 0.037885251 0.0716045
v -0.0100087 0.039809899 0.0716045
v -0.012507082 0.039809899 0.073872852
v -0.012507082 0.041419902 0.073872852
v -0.0100087 0.041419902 0.0716045
v -0.0100087 0.04334455 0.0716045
v -0.012507082 0.04334455 0.073872852
v -0.012507082 0.044954548 0.073872852
v -0.0100087 0.044954548 0.0716045
v -0.0100087 0.046879201 0.0716045
v -0.012507082 0.046879201 0.073872852
v -0.012507082 0.048489199 0.073872852
v -0.0100087 0.048489199 0.0716045
v -0.0100087 0.050413852 0.0716045
v -0.012507082 0.050413852 0.073872852
v 0.0059065998 -0.056725001 0.0771275
v 0.0059065998 -0.054225001 0.0771275
v 0.0076814002 -0.054225001 0.075618601
v 0.0076814002 -0.056725001 0.075618601
v -0.0135677 -0.036345 0.070472298
v -0.013346953 -0.036345 0.070406981
v -0.013346953 -0.037952399 0.070406981
v -0.0100994 -0.037952399 0.069446001
v -0.0100994 -0.03987705 0.069446001
v -0.013346953 -0.03987705 0.070406981
v -0.013346953 -0.04148705 0.070406981
v -0.0100994 -0.04148705 0.069446001
v -0.0100994 -0.043411698 0.069446001
v -0.013346953 -0.043411698 0.070406981
v -0.013346953 -0.045021701 0.070406981
v -0.0100994 -0.045021701 0.069446001
v -0.0100994 -0.046946349 0.069446001
v -0.013346953 -0.046946349 0.070406981
v -0.013346953 -0.048556352 0.070406981
v -0.0100994 -0.048556352 0.069446001
v -0.0100994 -0.050481 0.069446001
v -0.013346953 -0.050481 0.070406981
v -0.013346953 -0.052090998 0.070406981
v -0.0100994 -0.052090998 0.069446001
v -0.0100994 -0.054225001 0.069446001
v -0.011014992 -0.054225001 0.06971693
v -0.0135677 -0.054225001 0.070472298
v -0.00075000003 -0.083271303 0.1312404
v 0.00075000003 -0.083271303 0.1312404
v 0.00075000003 -0.083205748 0.13147308
v 0.00075000003 -0.083134708 0.13170357
v 0.00075000003 -0.083057413 0.13193152
v 0.00075000003 -0.082973852 0.13215696
v 0.00075000003 -0.082884798 0.1323802
v -0.00075000003 -0.082884798 0.1323802
v -0.00075000003 -0.082973852 0.13215696
v -0.00075000003 -0.083057413 0.13193152
v -0.00075000003 -0.083134708 0.13170357
v -0.00075000003 -0.083205748 0.13147308
v 0.009996503 0.0343506 0.052795639
v 0.010037535 0.0343506 0.052766175
v 0.010087509 0.0343506 0.052750726
v 0.010140328 0.0343506 0.052750783
v 0.0101869 0.0343506 0.0527597
v 0.0101869 0.034347999 0.0527597
v 0.010135024 0.034347999 0.052750258
v 0.010087583 0.034347999 0.052750711
v 0.010045217 0.034347999 0.052762499
v 0.010007933 0.034347999 0.052785635
v 0.0099751002 0.034347999 0.052818699
v 0.0099751002 0.036278 0.052818699
v 0.010007933 0.036278 0.052785635
v 0.010045217 0.036278 0.052762499
v 0.010087583 0.036278 0.052750711
v 0.010135024 0.036278 0.052750258
v 0.0101869 0.036278 0.0527597
v 0.0101869 0.036275251 0.0527597
v 0.010141007 0.036275251 0.052750854
v 0.010088151 0.036275251 0.05275064
v 0.010037916 0.036275251 0.05276598
v 0.009996503 0.036275251 0.052795639
v 0.013506233 0.036278 0.050361061
v 0.013679055 0.036278 0.050415187
v 0.013679055 0.037885251 0.050415187
v 0.013455532 0.037885251 0.0503441
v 0.01314401 0.037885251 0.050328312
v 0.012790861 0.037885251 0.050322933
v 0.012537 0.037885251 0.050143399
v 0.012537 0.036275251 0.050143399
v 0.012730563 0.036275251 0.050304651
v 0.013000251 0.036275251 0.050337563
v 0.013506233 0.036275251 0.050361061
v 0.0099831003 -0.052090998 0.052762799
v 0.0099831003 -0.052090998 0.045018902
v 0.0099831003 -0.054225001 0.045018902
v 0.0099831003 -0.054225001 0.052762799
v -0.0017099179 -0.044986701 0.018018194
v -0.0015780129 -0.044986701 0.018567621
v -0.0012623653 -0.044986701 0.019056196
v -0.00067759603 -0.044986701 0.019479625
v -0.00033694662 -0.044986701 0.019585383
v 0.00016759999 -0.044986701 0.0196112
v 0.00087720916 -0.044986701 0.019374551
v 0.0011393947 -0.044986701 0.019183298
v 0.0014213887 -0.044986701 0.018862392
v 0.001617243 -0.044986701 0.018463665
v 0.0017134655 -0.044986701 0.018048944
v 0.001600834 -0.044986701 0.018055419
v 0.0014591068 -0.044986701 0.018031569
v 0.0012983435 -0.044986701 0.01801546
v 0.0011228 -0.044986701 0.0180231
v -0.0008783 -0.044986701 0.0180231
v -0.0013489805 -0.044986701 0.018055273
v -0.0015623884 -0.044986701 0.018085564
v 0.0050281 0.054225001 0.077676001
v 0.0050281 0.056725001 0.077676001
v 0.00521685 0.056725001 0.077592039
v 0.0053995073 0.056725001 0.077496061
v 0.0055752021 0.056725001 0.077386351
v 0.0057439411 0.056725001 0.077262921
v 0.0059065998 0.056725001 0.0771275
v 0.0059065998 0.054225001 0.0771275
v 0.0057439411 0.054225001 0.077262921
v 0.0055752021 0.054225001 0.077386351
v 0.0053995073 0.054225001 0.077496061
v 0.00521685 0.054225001 0.077592039
v 0.011427799 0.01667735 0.052648401
v 0.013506233 0.01667735 0.050361061
v 0.013506233 0.01667475 0.050361061
v 0.011427799 0.01667475 0.052648401
v 0.0144551 0.036278 0.0704321
v 0.0144551 0.034347999 0.0704321
v 0.0144551 0.034347999 0.0508393
v 0.0144551 0.036278 0.0508393
v 0.010024558 0.036275251 0.06951725
v 0.010024558 0.0343506 0.06951725
v 0.0100015 0.0343506 0.069539199
v 0.0100015 0.036275251 0.069539199
v 0.0100015 0.039809899 0.069539199
v 0.0100994 0.039809899 0.069446001
v 0.0100994 0.037885251 0.069446001
v 0.0100015 0.037885251 0.069539199
v 0.014519176 0.018604749 0.050126438
v 0.014320619 0.018604749 0.05017879
v 0.01414607 0.018604749 0.050221028
v 0.013986787 0.018604749 0.050265965
v 0.013834029 0.018604749 0.050326414
v 0.013679055 0.018604749 0.050415187
v 0.013506233 0.018604749 0.050361061
v 0.011427799 0.018604749 0.052648401
v 0.01122 0.018604749 0.0527597
v 0.0101869 0.018604749 0.0527597
v 0.010135024 0.018604749 0.052750258
v 0.010087583 0.018604749 0.052750711
v 0.010045217 0.018604749 0.052762499
v 0.010007933 0.018604749 0.052785635
v 0.0099751002 0.018604749 0.052818699
v 0.0099751002 0.018604749 0.069453602
v 0.0100936 0.018604749 0.069606099
v 0.01308709 0.018604749 0.070487943
v 0.013269511 0.018604749 0.070471807
v 0.013346953 0.018604749 0.070406981
v 0.0135677 0.018604749 0.070472298
v 0.01380402 0.018604749 0.070507741
v 0.014022518 0.018604749 0.07053812
v 0.014227622 0.018604749 0.070568004
v 0.014423757 0.018604749 0.070601945
v 0.014615349 0.018604749 0.070644507
v 0.0144551 0.018604749 0.0704321
v 0.0144551 0.018604749 0.0508393
v 0.014436003 0.018604749 0.050456262
v 0.013506233 0.0343506 0.050361061
v 0.011427799 0.0343506 0.052648401
v 0.01122 0.0343506 0.0527597
v 0.0101869 0.0343506 0.0527597
v 0.010140328 0.0343506 0.052750783
v 0.010087509 0.0343506 0.052750726
v 0.010037535 0.0343506 0.052766175
v 0.009996503 0.0343506 0.052795639
v 0.0099831003 0.0343506 0.052762799
v 0.0099831003 0.0343506 0.045018902
v 0.0099753118 0.0343506 0.04459372
v 0.010146 0.0343506 0.0443256
v 0.0132595 0.0343506 0.045248799
v 0.013279898 0.0343506 0.045254116
v 0.013056375 0.0343506 0.045347772
v 0.012576048 0.0343506 0.045439129
v 0.012460285 0.0343506 0.045646539
v 0.01248201 0.0343506 0.045966954
v 0.012537 0.0343506 0.046556301
v 0.012537 0.0343506 0.050143399
v 0.012730563 0.0343506 0.050304651
v 0.013000251 0.0343506 0.050337563
v 0.013506233 -0.036345 0.050361061
v 0.013679055 -0.036345 0.050415187
v 0.014180055 -0.036345 0.050207658
v 0.014519176 -0.036345 0.050126438
v 0.014436003 -0.036345 0.050456262
v 0.0144551 -0.036345 0.0508393
v 0.0144551 -0.036345 0.0704321
v 0.014615349 -0.036345 0.070644507
v 0.014423757 -0.036345 0.070601945
v 0.014227622 -0.036345 0.070568004
v 0.014022518 -0.036345 0.07053812
v 0.01380402 -0.036345 0.070507741
v 0.0135677 -0.036345 0.070472298
v 0.013346953 -0.036345 0.070406981
v 0.013264936 -0.036345 0.070472698
v 0.01308709 -0.036345 0.070487943
v 0.0100936 -0.036345 0.069606099
v 0.0099751002 -0.036345 0.069453602
v 0.0099751002 -0.036345 0.052818699
v 0.010007933 -0.036345 0.052785635
v 0.010045217 -0.036345 0.052762499
v 0.010087583 -0.036345 0.052750711
v 0.010135024 -0.036345 0.052750258
v 0.0101869 -0.036345 0.0527597
v 0.01122 -0.036345 0.0527597
v 0.011427799 -0.036345 0.052648401
v 0.012507082 0.050413852 0.073872852
v 0.012507082 0.052023849 0.073872852
v 0.012516537 0.052023849 0.073522558
v 0.012529178 0.052023849 0.073051796
v 0.0124895 0.052023849 0.072159901
v 0.0124895 0.050413852 0.072159901
v 0.012529178 0.050413852 0.073051796
v 0.012516537 0.050413852 0.073522558
v 0.011427799 -0.034417751 0.052648401
v 0.01122 -0.034417751 0.0527597
v 0.01122 -0.034414999 0.0527597
v 0.011427799 -0.034414999 0.052648401
v 0.013506233 -0.036345 0.050361061
v 0.013506233 -0.036342399 0.050361061
v 0.013000251 -0.036342399 0.050337563
v 0.012730563 -0.036342399 0.050304651
v 0.012537 -0.036342399 0.050143399
v 0.012537 -0.037952399 0.050143399
v 0.012790861 -0.037952399 0.050322933
v 0.01314401 -0.037952399 0.050328312
v 0.013455532 -0.037952399 0.0503441
v 0.013679055 -0.037952399 0.050415187
v 0.013679055 -0.036345 0.050415187
v 0.01122 -0.036342399 0.0527597
v 0.011427799 -0.036342399 0.052648401
v 0.011427799 -0.036345 0.052648401
v 0.01122 -0.036345 0.0527597
v 0.009996503 -0.036342399 0.052795639
v 0.010037535 -0.036342399 0.052766175
v 0.010087509 -0.036342399 0.052750726
v 0.010140328 -0.036342399 0.052750783
v 0.0101869 -0.036342399 0.0527597
v 0.0101869 -0.036345 0.0527597
v 0.010135024 -0.036345 0.052750258
v 0.010087583 -0.036345 0.052750711
v 0.010045217 -0.036345 0.052762499
v 0.010007933 -0.036345 0.052785635
v 0.0099751002 -0.036345 0.052818699
v 0.0099751002 -0.034414999 0.052818699
v 0.010007933 -0.034414999 0.052785635
v 0.010045217 -0.034414999 0.052762499
v 0.010087583 -0.034414999 0.052750711
v 0.010135024 -0.034414999 0.052750258
v 0.0101869 -0.034414999 0.0527597
v 0.0101869 -0.034417751 0.0527597
v 0.010141007 -0.034417751 0.052750854
v 0.010088151 -0.034417751 0.05275064
v 0.010037916 -0.034417751 0.05276598
v 0.009996503 -0.034417751 0.052795639
v 0.0100087 0.050413852 0.071480498
v 0.0100015 0.050413852 0.069539199
v 0.0100015 0.048489199 0.069539199
v 0.0100087 0.048489199 0.071480498
v 0.013346953 0.050413852 0.070406981
v 0.0100994 0.050413852 0.069446001
v 0.0100015 0.050413852 0.069539199
v 0.0100087 0.050413852 0.071480498
v 0.0100087 0.050413852 0.0716045
v 0.012507082 0.050413852 0.073872852
v 0.012516537 0.050413852 0.073522558
v 0.012529178 0.050413852 0.073051796
v 0.0124895 0.050413852 0.072159901
v 0.0124895 0.050413852 0.070624099
v 0.013058031 0.050413852 0.070489669
v 0.013275433 0.050413852 0.070470557
v 0.0118677 -0.052090998 0.052400799
v 0.011690036 -0.052090998 0.052615037
v 0.01157071 -0.052090998 0.052725511
v 0.0112432 -0.052090998 0.052911201
v 0.0112432 -0.054225001 0.052911201
v 0.011573906 -0.054225001 0.052722902
v 0.0118677 -0.054225001 0.052400799
v 0.0098855001 -0.056725001 0.086324301
v 0.0098855001 -0.054225001 0.086324301
v 0.0098855001 -0.054225001 0.1130637
v 0.0098855001 -0.056725001 0.1130637
v -0.00075000003 -0.083575497 0.1296665
v 0.00075000003 -0.083575497 0.1296665
v 0.00075000003 -0.083271303 0.1312404
v -0.00075000003 -0.083271303 0.1312404
v 0.0118677 0.050413852 0.052400799
v 0.011690036 0.050413852 0.052615037
v 0.01157071 0.050413852 0.052725511
v 0.0112432 0.050413852 0.052911201
v 0.0112432 0.048489199 0.052911201
v 0.01157071 0.048489199 0.052725511
v 0.011690036 0.048489199 0.052615037
v 0.0118677 0.048489199 0.052400799
v 0.010146 0.0327406 0.0443256
v 0.0132595 0.0327406 0.045248799
v 0.0132595 0.030815949 0.045248799
v 0.010146 0.030815949 0.0443256
v 0.013279898 0.0327406 0.045254116
v 0.0132595 0.0327406 0.045248799
v 0.010146 0.0327406 0.0443256
v 0.0099759024 0.0327406 0.04459084
v 0.0099831003 0.0327406 0.045018902
v 0.0099831003 0.0327406 0.052762799
v 0.010004275 0.0327406 0.052810841
v 0.010031542 0.0327406 0.052849646
v 0.010065874 0.0327406 0.052878923
v 0.010108644 0.0327406 0.052899308
v 0.010159301 0.0327406 0.052911201
v 0.0112432 0.0327406 0.052911201
v 0.01157071 0.0327406 0.052725511
v 0.011690036 0.0327406 0.052615037
v 0.0118677 0.0327406 0.052400799
v 0.0136438 0.0327406 0.050439801
v 0.013679055 0.0327406 0.050415187
v 0.013455532 0.0327406 0.0503441
v 0.01314401 0.0327406 0.050328312
v 0.012790861 0.0327406 0.050322933
v 0.012537 0.0327406 0.050143399
v 0.012537 0.0327406 0.046556301
v 0.01248201 0.0327406 0.045966954
v 0.012460285 0.0327406 0.045646539
v 0.012576048 0.0327406 0.045439129
v 0.013056375 0.0327406 0.045347772
v -0.010159301 0.052023849 0.052911201
v -0.010109097 0.052023849 0.052899451
v -0.010066663 0.052023849 0.052879429
v -0.010032234 0.052023849 0.052850413
v -0.010004584 0.052023849 0.052811403
v -0.0099831003 0.052023849 0.052762799
v -0.0099831003 0.054225001 0.052762799
v -0.010004209 0.054225001 0.052810669
v -0.010031909 0.054225001 0.052850051
v -0.010067147 0.054225001 0.052879734
v -0.010109925 0.054225001 0.052899714
v -0.010159301 0.054225001 0.052911201
v -0.012537 -0.050481 0.050143399
v -0.012537 -0.052090998 0.050143399
v -0.012537 -0.052090998 0.046556301
v -0.012537 -0.050481 0.046556301
v -0.0099831003 0.050413852 0.045018902
v -0.0099831003 0.050413852 0.052762799
v -0.0099831003 0.048489199 0.052762799
v -0.0099831003 0.048489199 0.045018902
v -0.01308709 0.0343506 0.070487943
v -0.0100936 0.0343506 0.069606099
v -0.010024558 0.0343506 0.06951725
v -0.0100015 0.0343506 0.069539199
v -0.0100087 0.0343506 0.071480498
v -0.0100087 0.0343506 0.0716045
v -0.012507082 0.0343506 0.073872852
v -0.012516537 0.0343506 0.073522558
v -0.012529178 0.0343506 0.073051796
v -0.0124895 0.0343506 0.072159901
v -0.0124895 0.0343506 0.070624099
v -0.012689248 0.0343506 0.070548701
v -0.01289251 0.0343506 0.070505438
v -0.0118677 -0.048556352 0.052400799
v -0.0136438 -0.048556352 0.050439801
v -0.0136438 -0.050481 0.050439801
v -0.0118677 -0.050481 0.052400799
v -0.0118677 0.052023849 0.052400799
v -0.011690036 0.052023849 0.052615037
v -0.01157071 0.052023849 0.052725511
v -0.0112432 0.052023849 0.052911201
v -0.0112432 0.054225001 0.052911201
v -0.011573906 0.054225001 0.052722902
v -0.0118677 0.054225001 0.052400799
v -0.013279898 0.050413852 0.045254116
v -0.013279898 0.052023849 0.045254116
v -0.013056375 0.052023849 0.045347772
v -0.012576048 0.052023849 0.045439129
v -0.012460285 0.052023849 0.045646539
v -0.01248201 0.052023849 0.045966954
v -0.012537 0.052023849 0.046556301
v -0.012537 0.050413852 0.046556301
v -0.01248201 0.050413852 0.045966954
v -0.012460285 0.050413852 0.045646539
v -0.012576048 0.050413852 0.045439129
v -0.013056375 0.050413852 0.045347772
v -0.0101869 0.01667735 0.0527597
v -0.010141007 0.01667735 0.052750854
v -0.010088151 0.01667735 0.05275064
v -0.010037916 0.01667735 0.05276598
v -0.009996503 0.01667735 0.052795639
v -0.009996503 0.018602 0.052795639
v -0.010037535 0.018602 0.052766175
v -0.010087509 0.018602 0.052750726
v -0.010140328 0.018602 0.052750783
v -0.0101869 0.018602 0.0527597
v -0.0101869 0.018604749 0.0527597
v -0.010135024 0.018604749 0.052750258
v -0.010087583 0.018604749 0.052750711
v -0.010045217 0.018604749 0.052762499
v -0.010007933 0.018604749 0.052785635
v -0.0099751002 0.018604749 0.052818699
v -0.0099751002 0.01667475 0.052818699
v -0.010007933 0.01667475 0.052785635
v -0.010045217 0.01667475 0.052762499
v -0.010087583 0.01667475 0.052750711
v -0.010135024 0.01667475 0.052750258
v -0.0101869 0.01667475 0.0527597
v -0.0100015 0.052023849 0.069539199
v -0.0100994 0.052023849 0.069446001
v -0.0100994 0.054225001 0.069446001
v -0.0100015 0.054225001 0.069539199
v -0.0069554001 0.054225001 0.076272602
v -0.0069554001 0.056725001 0.076272602
v -0.0052537 0.056725001 0.077595901
v -0.0052537 0.054225001 0.077595901
v 0.0017134655 0.036310251 0.018048944
v 0.0017134655 0.037850249 0.018048944
v 0.001600834 0.037850249 0.018055419
v 0.0014591068 0.037850249 0.018031569
v 0.0012983435 0.037850249 0.01801546
v 0.0011228 0.037850249 0.0180231
v 0.0011228 0.036310251 0.0180231
v 0.0012983435 0.036310251 0.01801546
v 0.0014591068 0.036310251 0.018031569
v 0.001600834 0.036310251 0.018055419
v -0.0101869 0.036275251 0.0527597
v -0.01122 0.036275251 0.0527597
v -0.01122 0.036278 0.0527597
v -0.0101869 0.036278 0.0527597
v -0.010159301 -0.052090998 0.052911201
v -0.0112432 -0.052090998 0.052911201
v -0.0112432 -0.054225001 0.052911201
v -0.0110761 -0.054225001 0.052911201
v -0.010159301 -0.054225001 0.052911201
v 0.0050281 -0.056725001 0.077676001
v 0.0050281 -0.054225001 0.077676001
v 0.00521685 -0.054225001 0.077592039
v 0.0053995073 -0.054225001 0.077496061
v 0.0055752021 -0.054225001 0.077386351
v 0.0057439411 -0.054225001 0.077262921
v 0.0059065998 -0.054225001 0.0771275
v 0.0059065998 -0.056725001 0.0771275
v 0.0057439411 -0.056725001 0.077262921
v 0.0055752021 -0.056725001 0.077386351
v 0.0053995073 -0.056725001 0.077496061
v 0.00521685 -0.056725001 0.077592039
v 0.0100445 -0.056725001 0.085336103
v 0.0100445 -0.054225001 0.085336103
v 0.0099009043 -0.054225001 0.08578186
v 0.0098855001 -0.054225001 0.086324301
v 0.0098855001 -0.056725001 0.086324301
v 0.0099009043 -0.056725001 0.08578186
v -0.00075000003 -0.082884798 0.1323802
v 0.00075000003 -0.082884798 0.1323802
v 0.00075000003 -0.081766396 0.1340169
v -0.00075000003 -0.081766396 0.1340169
v 0.0097749001 -0.056725001 0.072986102
v 0.0097749001 -0.054225001 0.072986102
v 0.010299398 -0.054225001 0.071868434
v 0.0104035 -0.054225001 0.0716466
v 0.0104035 -0.056725001 0.0716466
v 0.009996503 0.036275251 0.052795639
v 0.010037916 0.036275251 0.05276598
v 0.010088151 0.036275251 0.05275064
v 0.010141007 0.036275251 0.052750854
v 0.0101869 0.036275251 0.0527597
v 0.01122 0.036275251 0.0527597
v 0.011427799 0.036275251 0.052648401
v 0.013506233 0.036275251 0.050361061
v 0.013000251 0.036275251 0.050337563
v 0.012730563 0.036275251 0.050304651
v 0.012537 0.036275251 0.050143399
v 0.012537 0.036275251 0.046556301
v 0.01248201 0.036275251 0.045966954
v 0.012460285 0.036275251 0.045646539
v 0.012576048 0.036275251 0.045439129
v 0.013056375 0.036275251 0.045347772
v 0.013279898 0.036275251 0.045254116
v 0.0132595 0.036275251 0.045248799
v 0.010146 0.036275251 0.0443256
v 0.0099759024 0.036275251 0.04459084
v 0.0099831003 0.036275251 0.045018902
v 0.0099831003 0.036275251 0.052762799
v 0.0099831003 -0.052090998 0.045018902
v 0.0099759024 -0.052090998 0.04459084
v 0.010146 -0.052090998 0.0443256
v 0.010146 -0.054225001 0.0443256
v 0.0099786162 -0.054225001 0.04457849
v 0.0099831003 -0.054225001 0.045018902
v 0.0059065998 0.054225001 0.0771275
v 0.0059065998 0.056725001 0.0771275
v 0.0076814002 0.056725001 0.075618601
v 0.0076814002 0.054225001 0.075618601
v 0.013506233 0.018604749 0.050361061
v 0.013506233 0.018602 0.050361061
v 0.011427799 0.018602 0.052648401
v 0.011427799 0.018604749 0.052648401
v 0.01308709 0.034347999 0.070487943
v 0.01308709 0.0343506 0.070487943
v 0.0100936 0.0343506 0.069606099
v 0.0100936 0.034347999 0.069606099
v 0.0100994 0.037885251 0.069446001
v 0.013346953 0.037885251 0.070406981
v 0.013275433 0.037885251 0.070470557
v 0.013058031 0.037885251 0.070489669
v 0.0124895 0.037885251 0.070624099
v 0.0124895 0.037885251 0.072159901
v 0.012529178 0.037885251 0.073051796
v 0.012516537 0.037885251 0.073522558
v 0.012507082 0.037885251 0.073872852
v 0.0100087 0.037885251 0.0716045
v 0.0100087 0.037885251 0.071480498
v 0.0100015 0.037885251 0.069539199
v 0.014615349 0.036278 0.070644507
v 0.014615349 0.034347999 0.070644507
v 0.0144551 0.034347999 0.0704321
v 0.0144551 0.036278 0.0704321
v 0.011427799 -0.036342399 0.052648401
v 0.013506233 -0.036342399 0.050361061
v 0.013506233 -0.036345 0.050361061
v 0.011427799 -0.036345 0.052648401
v 0.0100015 0.050413852 0.069539199
v 0.0100994 0.050413852 0.069446001
v 0.0100994 0.048489199 0.069446001
v 0.0100015 0.048489199 0.069539199
v 0.013346953 0.052023849 0.070406981
v 0.013346953 0.050413852 0.070406981
v 0.013275433 0.050413852 0.070470557
v 0.013058031 0.050413852 0.070489669
v 0.0124895 0.050413852 0.070624099
v 0.0124895 0.052023849 0.070624099
v 0.013058031 0.052023849 0.070489669
v 0.013275433 0.052023849 0.070470557
v 0.0118677 -0.048556352 0.052400799
v 0.011690036 -0.048556352 0.052615037
v 0.01157071 -0.048556352 0.052725511
v 0.0112432 -0.048556352 0.052911201
v 0.0112432 -0.050481 0.052911201
v 0.01157071 -0.050481 0.052725511
v 0.011690036 -0.050481 0.052615037
v 0.0118677 -0.050481 0.052400799
v 0.012537 0.050413852 0.050143399
v 0.012537 0.052023849 0.050143399
v 0.012537 0.052023849 0.046556301
v 0.012537 0.050413852 0.046556301
v -0.00075000003 -0.083968496 0.1179934
v 0.00075000003 -0.083968496 0.1179934
v 0.00075000003 -0.083575497 0.1296665
v -0.00075000003 -0.083575497 0.1296665
v 0.0112432 0.050413852 0.052911201
v 0.010159301 0.050413852 0.052911201
v 0.010159301 0.048489199 0.052911201
v 0.0112432 0.048489199 0.052911201
v 0.0100936 0.0343506 0.069606099
v 0.010024558 0.0343506 0.06951725
v 0.010024558 0.036275251 0.06951725
v 0.0100936 0.036275251 0.069606099
v 0.0100936 0.036278 0.069606099
v 0.0099751002 0.036278 0.069453602
v 0.0099751002 0.034347999 0.069453602
v 0.0100936 0.034347999 0.069606099
v 0.013506233 0.034347999 0.050361061
v 0.013506233 0.0343506 0.050361061
v 0.013000251 0.0343506 0.050337563
v 0.012730563 0.0343506 0.050304651
v 0.012537 0.0343506 0.050143399
v 0.012537 0.0327406 0.050143399
v 0.012790861 0.0327406 0.050322933
v 0.01314401 0.0327406 0.050328312
v 0.013455532 0.0327406 0.0503441
v 0.013679055 0.0327406 0.050415187
v 0.013679055 0.034347999 0.050415187
v 0.013679055 0.050413852 0.050415187
v 0.013679055 0.052023849 0.050415187
v 0.013455532 0.052023849 0.0503441
v 0.01314401 0.052023849 0.050328312
v 0.012790861 0.052023849 0.050322933
v 0.012537 0.052023849 0.050143399
v 0.012537 0.050413852 0.050143399
v 0.012790861 0.050413852 0.050322933
v 0.01314401 0.050413852 0.050328312
v 0.013455532 0.050413852 0.0503441
v -0.0112432 0.052023849 0.052911201
v -0.010159301 0.052023849 0.052911201
v -0.010159301 0.054225001 0.052911201
v -0.0110761 0.054225001 0.052911201
v -0.0112432 0.054225001 0.052911201
v -0.013679055 -0.052090998 0.050415187
v -0.0136438 -0.052090998 0.050439801
v -0.0118677 -0.052090998 0.052400799
v -0.011690036 -0.052090998 0.052615037
v -0.01157071 -0.052090998 0.052725511
v -0.0112432 -0.052090998 0.052911201
v -0.010159301 -0.052090998 0.052911201
v -0.010108644 -0.052090998 0.052899308
v -0.010065874 -0.052090998 0.052878923
v -0.010031542 -0.052090998 0.052849646
v -0.010004275 -0.052090998 0.052810841
v -0.0099831003 -0.052090998 0.052762799
v -0.0099831003 -0.052090998 0.045018902
v -0.0099759024 -0.052090998 0.04459084
v -0.010146 -0.052090998 0.0443256
v -0.0132595 -0.052090998 0.045248799
v -0.013279898 -0.052090998 0.045254116
v -0.013056375 -0.052090998 0.045347772
v -0.012576048 -0.052090998 0.045439129
v -0.012460285 -0.052090998 0.045646539
v -0.01248201 -0.052090998 0.045966954
v -0.012537 -0.052090998 0.046556301
v -0.012537 -0.052090998 0.050143399
v -0.012790861 -0.052090998 0.050322933
v -0.01314401 -0.052090998 0.050328312
v -0.013455532 -0.052090998 0.0503441
v -0.013279898 0.052023849 0.045254116
v -0.0132595 0.052023849 0.045248799
v -0.010146 0.052023849 0.0443256
v -0.0099753118 0.052023849 0.04459372
v -0.0099831003 0.052023849 0.045018902
v -0.0099831003 0.052023849 0.052762799
v -0.010004584 0.052023849 0.052811403
v -0.010032234 0.052023849 0.052850413
v -0.010066663 0.052023849 0.052879429
v -0.010109097 0.052023849 0.052899451
v -0.010159301 0.052023849 0.052911201
v -0.0112432 0.052023849 0.052911201
v -0.01157071 0.052023849 0.052725511
v -0.011690036 0.052023849 0.052615037
v -0.0118677 0.052023849 0.052400799
v -0.0136438 0.052023849 0.050439801
v -0.013679055 0.052023849 0.050415187
v -0.013455532 0.052023849 0.0503441
v -0.01314401 0.052023849 0.050328312
v -0.012790861 0.052023849 0.050322933
v -0.012537 0.052023849 0.050143399
v -0.012537 0.052023849 0.046556301
v -0.01248201 0.052023849 0.045966954
v -0.012460285 0.052023849 0.045646539
v -0.012576048 0.052023849 0.045439129
v -0.013056375 0.052023849 0.045347772
v -0.0099831003 0.052023849 0.045018902
v -0.0099753118 0.052023849 0.04459372
v -0.010146 0.052023849 0.0443256
v -0.010146 0.054225001 0.0443256
v -0.0099786162 0.054225001 0.04457849
v -0.0099831003 0.054225001 0.045018902
v -0.010146 0.050413852 0.0443256
v -0.0099759024 0.050413852 0.04459084
v -0.0099831003 0.050413852 0.045018902
v -0.0099831003 0.048489199 0.045018902
v -0.0099753118 0.048489199 0.04459372
v -0.010146 0.048489199 0.0443256
v -0.013679055 0.036278 0.050415187
v -0.013506233 0.036278 0.050361061
v -0.013506233 0.036275251 0.050361061
v -0.013000251 0.036275251 0.050337563
v -0.012730563 0.036275251 0.050304651
v -0.012537 0.036275251 0.050143399
v -0.012537 0.037885251 0.050143399
v -0.012790861 0.037885251 0.050322933
v -0.01314401 0.037885251 0.050328312
v -0.013455532 0.037885251 0.0503441
v -0.013679055 0.037885251 0.050415187
v -0.0136438 0.052023849 0.050439801
v -0.0118677 0.052023849 0.052400799
v -0.0118677 0.054225001 0.052400799
v -0.0136438 0.054225001 0.050439801
v -0.013679055 -0.034414999 0.050415187
v -0.013506233 -0.034414999 0.050361061
v -0.013506233 -0.034417751 0.050361061
v -0.013000251 -0.034417751 0.050337563
v -0.012730563 -0.034417751 0.050304651
v -0.012537 -0.034417751 0.050143399
v -0.012537 -0.032807751 0.050143399
v -0.012790861 -0.032807751 0.050322933
v -0.01314401 -0.032807751 0.050328312
v -0.013455532 -0.032807751 0.0503441
v -0.013679055 -0.032807751 0.050415187
v -0.013346953 0.036278 0.070406981
v -0.0135677 0.036278 0.070472298
v -0.0135677 0.054225001 0.070472298
v -0.011014992 0.054225001 0.06971693
v -0.0100994 0.054225001 0.069446001
v -0.0100994 0.052023849 0.069446001
v -0.013346953 0.052023849 0.070406981
v -0.013346953 0.050413852 0.070406981
v -0.0100994 0.050413852 0.069446001
v -0.0100994 0.048489199 0.069446001
v -0.013346953 0.048489199 0.070406981
v -0.013346953 0.046879201 0.070406981
v -0.0100994 0.046879201 0.069446001
v -0.0100994 0.044954548 0.069446001
v -0.013346953 0.044954548 0.070406981
v -0.013346953 0.04334455 0.070406981
v -0.0100994 0.04334455 0.069446001
v -0.0100994 0.041419902 0.069446001
v -0.013346953 0.041419902 0.070406981
v -0.013346953 0.039809899 0.070406981
v -0.0100994 0.039809899 0.069446001
v -0.0100994 0.037885251 0.069446001
v -0.013346953 0.037885251 0.070406981
v -0.0082703 0.054225001 0.075009699
v -0.0082703 0.056725001 0.075009699
v -0.0069554001 0.056725001 0.076272602
v -0.0069554001 0.054225001 0.076272602
v 0.00016759999 0.037850249 0.0196112
v -0.00040560942 0.037850249 0.019570636
v -0.00078882322 0.037850249 0.019425513
v -0.0012416627 0.037850249 0.019078451
v -0.0015484141 0.037850249 0.018635591
v -0.0017099179 0.037850249 0.018018194
v -0.0015623884 0.037850249 0.018085564
v -0.0013489805 0.037850249 0.018055273
v -0.0008783 0.037850249 0.0180231
v 0.0011228 0.037850249 0.0180231
v 0.0012983435 0.037850249 0.01801546
v 0.0014591068 0.037850249 0.018031569
v 0.001600834 0.037850249 0.018055419
v 0.0017134655 0.037850249 0.018048944
v 0.0014943719 0.037850249 0.018742309
v 0.0010458807 0.037850249 0.019259725
v 0.0006170452 0.037850249 0.019503553
v -0.0099572003 0.054225001 0.085503302
v -0.0099572003 0.056725001 0.085503302
v -0.010271224 0.056725001 0.085157442
v -0.010698299 0.056725001 0.084871197
v -0.010698299 0.054225001 0.084871197
v -0.010271224 0.054225001 0.085157442
v -0.0101869 0.0343506 0.0527597
v -0.010141007 0.0343506 0.052750854
v -0.010088151 0.0343506 0.05275064
v -0.010037916 0.0343506 0.05276598
v -0.009996503 0.0343506 0.052795639
v -0.009996503 0.036275251 0.052795639
v -0.010037535 0.036275251 0.052766175
v -0.010087509 0.036275251 0.052750726
v -0.010140328 0.036275251 0.052750783
v -0.0101869 0.036275251 0.0527597
v -0.0101869 0.036278 0.0527597
v -0.010135024 0.036278 0.052750258
v -0.010087583 0.036278 0.052750711
v -0.010045217 0.036278 0.052762499
v -0.010007933 0.036278 0.052785635
v -0.0099751002 0.036278 0.052818699
v -0.0099751002 0.034347999 0.052818699
v -0.010007933 0.034347999 0.052785635
v -0.010045217 0.034347999 0.052762499
v -0.010087583 0.034347999 0.052750711
v -0.010135024 0.034347999 0.052750258
v -0.0101869 0.034347999 0.0527597
v -0.0043928 -0.056725001 0.077676001
v -0.0043928 -0.054225001 0.077676001
v 0.0050281 -0.054225001 0.077676001
v 0.0050281 -0.056725001 0.077676001
v 0.0171762 -0.056725001 0.080245104
v 0.0171762 -0.054225001 0.080245104
v 0.0100445 -0.054225001 0.085336103
v 0.0100445 -0.056725001 0.085336103
v -0.00075000003 -0.081766396 0.1340169
v 0.00075000003 -0.081766396 0.1340169
v 0.00075000003 -0.080433798 0.1352352
v -0.00075000003 -0.080433798 0.1352352
v 0.013346953 -0.036345 0.070406981
v 0.0135677 -0.036345 0.070472298
v 0.0135677 -0.054225001 0.070472298
v 0.010995042 -0.054225001 0.069711027
v 0.0100994 -0.054225001 0.069446001
v 0.0100994 -0.052090998 0.069446001
v 0.013346953 -0.052090998 0.070406981
v 0.013346953 -0.050481 0.070406981
v 0.0100994 -0.050481 0.069446001
v 0.0100994 -0.048556352 0.069446001
v 0.013346953 -0.048556352 0.070406981
v 0.013346953 -0.046946349 0.070406981
v 0.0100994 -0.046946349 0.069446001
v 0.0100994 -0.045021701 0.069446001
v 0.013346953 -0.045021701 0.070406981
v 0.013346953 -0.043411698 0.070406981
v 0.0100994 -0.043411698 0.069446001
v 0.0100994 -0.04148705 0.069446001
v 0.013346953 -0.04148705 0.070406981
v 0.013346953 -0.03987705 0.070406981
v 0.0100994 -0.03987705 0.069446001
v 0.0100994 -0.037952399 0.069446001
v 0.013346953 -0.037952399 0.070406981
v 0.0104035 -0.056725001 0.0716466
v 0.0104035 -0.054225001 0.0716466
v 0.0109935 -0.054225001 0.069991202
v 0.0109935 -0.056725001 0.069991202
v 0.0110923 -0.054225001 0.052037101
v 0.01108749 -0.054225001 0.052911201
v 0.010159301 -0.054225001 0.052911201
v 0.010109925 -0.054225001 0.052899714
v 0.010067147 -0.054225001 0.052879734
v 0.010031909 -0.054225001 0.052850051
v 0.010004209 -0.054225001 0.052810669
v 0.0099831003 -0.054225001 0.052762799
v 0.0099831003 -0.054225001 0.045018902
v 0.0099786162 -0.054225001 0.04457849
v 0.010146 -0.054225001 0.0443256
v 0.0110923 -0.054225001 0.044606194
v -0.0017099179 -0.046981349 0.018018194
v -0.0017099179 -0.048521352 0.018018194
v -0.0015623884 -0.048521352 0.018085564
v -0.0013489805 -0.048521352 0.018055273
v -0.0008783 -0.048521352 0.0180231
v -0.0008783 -0.046981349 0.0180231
v -0.0013489805 -0.046981349 0.018055273
v -0.0015623884 -0.046981349 0.018085564
v 0.00016759999 -0.046981349 0.0196112
v -0.00040560942 -0.046981349 0.019570636
v -0.00078882322 -0.046981349 0.019425513
v -0.0012416627 -0.046981349 0.019078451
v -0.0015484141 -0.046981349 0.018635591
v -0.0017099179 -0.046981349 0.018018194
v -0.0015623884 -0.046981349 0.018085564
v -0.0013489805 -0.046981349 0.018055273
v -0.0008783 -0.046981349 0.0180231
v 0.0011228 -0.046981349 0.0180231
v 0.0012983435 -0.046981349 0.01801546
v 0.0014591068 -0.046981349 0.018031569
v 0.001600834 -0.046981349 0.018055419
v 0.0017134655 -0.046981349 0.018048944
v 0.0014943719 -0.046981349 0.018742309
v 0.0010458807 -0.046981349 0.019259725
v 0.0006170452 -0.046981349 0.019503553
v 0.0076814002 0.054225001 0.075618601
v 0.0076814002 0.056725001 0.075618601
v 0.0089046001 0.056725001 0.074275398
v 0.0089046001 0.054225001 0.074275398
v 0.01122 0.018602 0.0527597
v 0.0101869 0.018602 0.0527597
v 0.0101869 0.018604749 0.0527597
v 0.01122 0.018604749 0.0527597
v 0.0100936 0.036275251 0.069606099
v 0.01308709 0.036275251 0.070487943
v 0.01308709 0.036278 0.070487943
v 0.0100936 0.036278 0.069606099
v 0.0100087 -0.052090998 0.0716045
v 0.0100087 -0.052090998 0.071480498
v 0.0100087 -0.054225001 0.071480498
v 0.0100087 -0.054225001 0.0716045
v 0.013279898 0.050413852 0.045254116
v 0.0132595 0.050413852 0.045248799
v 0.010146 0.050413852 0.0443256
v 0.0099759024 0.050413852 0.04459084
v 0.0099831003 0.050413852 0.045018902
v 0.0099831003 0.050413852 0.052762799
v 0.010004275 0.050413852 0.052810841
v 0.010031542 0.050413852 0.052849646
v 0.010065874 0.050413852 0.052878923
v 0.010108644 0.050413852 0.052899308
v 0.010159301 0.050413852 0.052911201
v 0.0112432 0.050413852 0.052911201
v 0.01157071 0.050413852 0.052725511
v 0.011690036 0.050413852 0.052615037
v 0.0118677 0.050413852 0.052400799
v 0.0136438 0.050413852 0.050439801
v 0.013679055 0.050413852 0.050415187
v 0.013455532 0.050413852 0.0503441
v 0.01314401 0.050413852 0.050328312
v 0.012790861 0.050413852 0.050322933
v 0.012537 0.050413852 0.050143399
v 0.012537 0.050413852 0.046556301
v 0.01248201 0.050413852 0.045966954
v 0.012460285 0.050413852 0.045646539
v 0.012576048 0.050413852 0.045439129
v 0.013056375 0.050413852 0.045347772
v 0.0100994 0.052023849 0.069446001
v 0.013346953 0.052023849 0.070406981
v 0.013275433 0.052023849 0.070470557
v 0.013058031 0.052023849 0.070489669
v 0.0124895 0.052023849 0.070624099
v 0.0124895 0.052023849 0.072159901
v 0.012529178 0.052023849 0.073051796
v 0.012516537 0.052023849 0.073522558
v 0.012507082 0.052023849 0.073872852
v 0.0100087 0.052023849 0.0716045
v 0.0100087 0.052023849 0.071480498
v 0.0100015 0.052023849 0.069539199
v 0.0100087 -0.052090998 0.071480498
v 0.0100015 -0.052090998 0.069539199
v 0.0100015 -0.054225001 0.069539199
v 0.0100087 -0.054225001 0.071480498
v 0.0136438 -0.052090998 0.050439801
v 0.0118677 -0.052090998 0.052400799
v 0.0118677 -0.054225001 0.052400799
v 0.0136438 -0.054225001 0.050439801
v 0.0098855001 -0.056725001 0.1130637
v 0.0098855001 -0.054225001 0.1130637
v 0.0049708 -0.054225001 0.1355853
v 0.0049708 -0.056725001 0.1355853
v -0.00075000003 -0.079899998 0.1172009
v 0.00075000003 -0.079899998 0.1172009
v 0.00075000003 -0.080338097 0.11667812
v 0.00075000003 -0.080915785 0.11638033
v 0.00075000003 -0.081563387 0.11624625
v 0.00075000003 -0.082251654 0.11625349
v 0.00075000003 -0.082918482 0.11641708
v 0.00075000003 -0.083441572 0.11679365
v 0.00075000003 -0.083777266 0.11736924
v 0.00075000003 -0.083968496 0.1179934
v -0.00075000003 -0.083968496 0.1179934
v -0.00075000003 -0.083777266 0.11736924
v -0.00075000003 -0.083441572 0.11679365
v -0.00075000003 -0.082918482 0.11641708
v -0.00075000003 -0.082251654 0.11625349
v -0.00075000003 -0.081563387 0.11624625
v -0.00075000003 -0.080915785 0.11638033
v -0.00075000003 -0.080338097 0.11667812
v 0.010159301 0.050413852 0.052911201
v 0.010108644 0.050413852 0.052899308
v 0.010065874 0.050413852 0.052878923
v 0.010031542 0.050413852 0.052849646
v 0.010004275 0.050413852 0.052810841
v 0.0099831003 0.050413852 0.052762799
v 0.0099831003 0.048489199 0.052762799
v 0.010004584 0.048489199 0.052811403
v 0.010032234 0.048489199 0.052850413
v 0.010066663 0.048489199 0.052879429
v 0.010109097 0.048489199 0.052899451
v 0.010159301 0.048489199 0.052911201
v 0.013506233 0.034347999 0.050361061
v 0.013679055 0.034347999 0.050415187
v 0.014180055 0.034347999 0.050207658
v 0.014519176 0.034347999 0.050126438
v 0.014436003 0.034347999 0.050456262
v 0.0144551 0.034347999 0.0508393
v 0.0144551 0.034347999 0.0704321
v 0.014615349 0.034347999 0.070644507
v 0.014423757 0.034347999 0.070601945
v 0.014227622 0.034347999 0.070568004
v 0.014022518 0.034347999 0.07053812
v 0.01380402 0.034347999 0.070507741
v 0.0135677 0.034347999 0.070472298
v 0.013346953 0.034347999 0.070406981
v 0.013264936 0.034347999 0.070472698
v 0.01308709 0.034347999 0.070487943
v 0.0100936 0.034347999 0.069606099
v 0.0099751002 0.034347999 0.069453602
v 0.0099751002 0.034347999 0.052818699
v 0.010007933 0.034347999 0.052785635
v 0.010045217 0.034347999 0.052762499
v 0.010087583 0.034347999 0.052750711
v 0.010135024 0.034347999 0.052750258
v 0.0101869 0.034347999 0.0527597
v 0.01122 0.034347999 0.0527597
v 0.011427799 0.034347999 0.052648401
v -0.0136438 -0.050481 0.050439801
v -0.013679055 -0.050481 0.050415187
v -0.013455532 -0.050481 0.0503441
v -0.01314401 -0.050481 0.050328312
v -0.012790861 -0.050481 0.050322933
v -0.012537 -0.050481 0.050143399
v -0.012537 -0.050481 0.046556301
v -0.01248201 -0.050481 0.045966954
v -0.012460285 -0.050481 0.045646539
v -0.012576048 -0.050481 0.045439129
v -0.013056375 -0.050481 0.045347772
v -0.013279898 -0.050481 0.045254116
v -0.0132595 -0.050481 0.045248799
v -0.010146 -0.050481 0.0443256
v -0.0099753118 -0.050481 0.04459372
v -0.0099831003 -0.050481 0.045018902
v -0.0099831003 -0.050481 0.052762799
v -0.010004584 -0.050481 0.052811403
v -0.010032234 -0.050481 0.052850413
v -0.010066663 -0.050481 0.052879429
v -0.010109097 -0.050481 0.052899451
v -0.010159301 -0.050481 0.052911201
v -0.0112432 -0.050481 0.052911201
v -0.01157071 -0.050481 0.052725511
v -0.011690036 -0.050481 0.052615037
v -0.0118677 -0.050481 0.052400799
v -0.0132595 0.050413852 0.045248799
v -0.010146 0.050413852 0.0443256
v -0.010146 0.048489199 0.0443256
v -0.0132595 0.048489199 0.045248799
v -0.013679055 0.034347999 0.050415187
v -0.013834029 0.034347999 0.050326414
v -0.013986787 0.034347999 0.050265965
v -0.01414607 0.034347999 0.050221028
v -0.014320619 0.034347999 0.05017879
v -0.014519176 0.034347999 0.050126438
v -0.014519176 0.036278 0.050126438
v -0.014180055 0.036278 0.050207658
v -0.013679055 0.036278 0.050415187
v -0.013679055 0.037885251 0.050415187
v -0.0136438 0.037885251 0.050439801
v -0.0136438 0.039809899 0.050439801
v -0.013679055 0.039809899 0.050415187
v -0.013679055 0.041419902 0.050415187
v -0.0136438 0.041419902 0.050439801
v -0.0136438 0.04334455 0.050439801
v -0.013679055 0.04334455 0.050415187
v -0.013679055 0.044954548 0.050415187
v -0.0136438 0.044954548 0.050439801
v -0.0136438 0.046879201 0.050439801
v -0.013679055 0.046879201 0.050415187
v -0.013679055 0.048489199 0.050415187
v -0.0136438 0.048489199 0.050439801
v -0.0136438 0.050413852 0.050439801
v -0.013679055 0.050413852 0.050415187
v -0.013679055 0.052023849 0.050415187
v -0.0136438 0.052023849 0.050439801
v -0.0136438 0.054225001 0.050439801
v -0.014063407 0.054225001 0.050238681
v -0.014518026 0.054225001 0.050126772
v -0.015358541 0.054225001 0.049729142
v -0.016065034 0.054225001 0.04908783
v -0.016306915 0.054225001 0.048686986
v -0.016450388 0.054225001 0.048243794
v -0.016484876 0.054225001 0.047771721
v -0.016395173 0.054225001 0.0473104
v -0.016208613 0.054225001 0.046884494
v -0.015929462 0.054225001 0.046502428
v -0.015194308 0.054225001 0.045901651
v -0.014342099 0.054225001 0.045530901
v -0.014342099 -0.054225001 0.045530901
v -0.015194308 -0.054225001 0.045901651
v -0.015929462 -0.054225001 0.046502428
v -0.016208613 -0.054225001 0.046884494
v -0.016395173 -0.054225001 0.0473104
v -0.016484876 -0.054225001 0.047771721
v -0.016450388 -0.054225001 0.048243794
v -0.016306915 -0.054225001 0.048686986
v -0.016065034 -0.054225001 0.04908783
v -0.015358541 -0.054225001 0.049729142
v -0.014518026 -0.054225001 0.050126772
v -0.014063407 -0.054225001 0.050238681
v -0.0136438 -0.054225001 0.050439801
v -0.0136438 -0.052090998 0.050439801
v -0.013679055 -0.052090998 0.050415187
v -0.013679055 -0.050481 0.050415187
v -0.0136438 -0.050481 0.050439801
v -0.0136438 -0.048556352 0.050439801
v -0.013679055 -0.048556352 0.050415187
v -0.013679055 -0.046946349 0.050415187
v -0.0136438 -0.046946349 0.050439801
v -0.0136438 -0.045021701 0.050439801
v -0.013679055 -0.045021701 0.050415187
v -0.013679055 -0.043411698 0.050415187
v -0.0136438 -0.043411698 0.050439801
v -0.0136438 -0.04148705 0.050439801
v -0.013679055 -0.04148705 0.050415187
v -0.013679055 -0.03987705 0.050415187
v -0.0136438 -0.03987705 0.050439801
v -0.0136438 -0.037952399 0.050439801
v -0.013679055 -0.037952399 0.050415187
v -0.013679055 -0.036345 0.050415187
v -0.013834029 -0.036345 0.050326414
v -0.013986787 -0.036345 0.050265965
v -0.01414607 -0.036345 0.050221028
v -0.014320619 -0.036345 0.05017879
v -0.014519176 -0.036345 0.050126438
v -0.014519176 -0.034414999 0.050126438
v -0.014180055 -0.034414999 0.050207658
v -0.013679055 -0.034414999 0.050415187
v -0.013679055 -0.032807751 0.050415187
v -0.0136438 -0.032807751 0.050439801
v -0.0136438 -0.0308831 0.050439801
v -0.013679055 -0.0308831 0.050415187
v -0.013679055 -0.0292731 0.050415187
v -0.0136438 -0.0292731 0.050439801
v -0.0136438 -0.027348449 0.050439801
v -0.013679055 -0.027348449 0.050415187
v -0.013679055 -0.025738449 0.050415187
v -0.0136438 -0.025738449 0.050439801
v -0.0136438 -0.023813801 0.050439801
v -0.013679055 -0.023813801 0.050415187
v -0.013679055 -0.022203801 0.050415187
v -0.0136438 -0.022203801 0.050439801
v -0.0136438 -0.02027915 0.050439801
v -0.013679055 -0.02027915 0.050415187
v -0.013679055 -0.01867175 0.050415187
v -0.013834029 -0.01867175 0.050326414
v -0.013986787 -0.01867175 0.050265965
v -0.01414607 -0.01867175 0.050221028
v -0.014320619 -0.01867175 0.05017879
v -0.014519176 -0.01867175 0.050126438
v -0.014519176 -0.01674175 0.050126438
v -0.014180055 -0.01674175 0.050207658
v -0.013679055 -0.01674175 0.050415187
v -0.013679055 -0.0151345 0.050415187
v -0.0136438 -0.0151345 0.050439801
v -0.0136438 -0.01320985 0.050439801
v -0.013679055 -0.01320985 0.050415187
v -0.013679055 -0.011599849 0.050415187
v -0.0136438 -0.011599849 0.050439801
v -0.0136438 -0.0096752 0.050439801
v -0.013679055 -0.0096752 0.050415187
v -0.013679055 -0.0080651999 0.050415187
v -0.0136438 -0.0080651999 0.050439801
v -0.0136438 -0.0061405498 0.050439801
v -0.013679055 -0.0061405498 0.050415187
v -0.013679055 -0.0045305499 0.050415187
v -0.0136438 -0.0045305499 0.050439801
v -0.0136438 -0.0026058999 0.050439801
v -0.013679055 -0.0026058999 0.050415187
v -0.013679055 -0.00099849999 0.050415187
v -0.013834029 -0.00099849999 0.050326414
v -0.013986787 -0.00099849999 0.050265965
v -0.01414607 -0.00099849999 0.050221028
v -0.014320619 -0.00099849999 0.05017879
v -0.014519176 -0.00099849999 0.050126438
v -0.014519176 0.00093149997 0.050126438
v -0.014180055 0.00093149997 0.050207658
v -0.013679055 0.00093149997 0.050415187
v -0.013679055 0.0025387499 0.050415187
v -0.0136438 0.0025387499 0.050439801
v -0.0136438 0.0044633999 0.050439801
v -0.013679055 0.0044633999 0.050415187
v -0.013679055 0.0060733998 0.050415187
v -0.0136438 0.0060733998 0.050439801
v -0.0136438 0.0079980499 0.050439801
v -0.013679055 0.0079980499 0.050415187
v -0.013679055 0.00960805 0.050415187
v -0.0136438 0.00960805 0.050439801
v -0.0136438 0.0115327 0.050439801
v -0.013679055 0.0115327 0.050415187
v -0.013679055 0.0131427 0.050415187
v -0.0136438 0.0131427 0.050439801
v -0.0136438 0.01506735 0.050439801
v -0.013679055 0.01506735 0.050415187
v -0.013679055 0.01667475 0.050415187
v -0.013834029 0.01667475 0.050326414
v -0.013986787 0.01667475 0.050265965
v -0.01414607 0.01667475 0.050221028
v -0.014320619 0.01667475 0.05017879
v -0.014519176 0.01667475 0.050126438
v -0.014519176 0.018604749 0.050126438
v -0.014180055 0.018604749 0.050207658
v -0.013679055 0.018604749 0.050415187
v -0.013679055 0.020211999 0.050415187
v -0.0136438 0.020211999 0.050439801
v -0.0136438 0.02213665 0.050439801
v -0.013679055 0.02213665 0.050415187
v -0.013679055 0.02374665 0.050415187
v -0.0136438 0.02374665 0.050439801
v -0.0136438 0.025671301 0.050439801
v -0.013679055 0.025671301 0.050415187
v -0.013679055 0.027281301 0.050415187
v -0.0136438 0.027281301 0.050439801
v -0.0136438 0.029205949 0.050439801
v -0.013679055 0.029205949 0.050415187
v -0.013679055 0.030815949 0.050415187
v -0.0136438 0.030815949 0.050439801
v -0.0136438 0.0327406 0.050439801
v -0.013679055 0.0327406 0.050415187
v -0.013506233 -0.036342399 0.050361061
v -0.013506233 -0.036345 0.050361061
v -0.013679055 -0.036345 0.050415187
v -0.013679055 -0.037952399 0.050415187
v -0.013455532 -0.037952399 0.0503441
v -0.01314401 -0.037952399 0.050328312
v -0.012790861 -0.037952399 0.050322933
v -0.012537 -0.037952399 0.050143399
v -0.012537 -0.036342399 0.050143399
v -0.012730563 -0.036342399 0.050304651
v -0.013000251 -0.036342399 0.050337563
v -0.0092997003 0.054225001 0.0737363
v -0.0092997003 0.056725001 0.0737363
v -0.0082703 0.056725001 0.075009699
v -0.0082703 0.054225001 0.075009699
v -0.0017099179 0.041384902 0.018018194
v -0.0017099179 0.039844899 0.018018194
v -0.0015623884 0.039844899 0.018085564
v -0.0013489805 0.039844899 0.018055273
v -0.0008783 0.039844899 0.0180231
v -0.0008783 0.041384902 0.0180231
v -0.0013489805 0.041384902 0.018055273
v -0.0015623884 0.041384902 0.018085564
v -0.01002 0.054225001 0.089463196
v -0.01002 0.056725001 0.089463196
v -0.0099572003 0.056725001 0.085503302
v -0.0099572003 0.054225001 0.085503302
v 0.00075000003 0.083575497 0.1296665
v -0.00075000003 0.083575497 0.1296665
v -0.00075000003 0.083271303 0.1312404
v 0.00075000003 0.083271303 0.1312404
v 0.00075000003 0.083271303 0.1312404
v -0.00075000003 0.083271303 0.1312404
v -0.00075000003 0.083205748 0.13147308
v -0.00075000003 0.083134708 0.13170357
v -0.00075000003 0.083057413 0.13193152
v -0.00075000003 0.082973852 0.13215696
v -0.00075000003 0.082884798 0.1323802
v 0.00075000003 0.082884798 0.1323802
v 0.00075000003 0.082973852 0.13215696
v 0.00075000003 0.083057413 0.13193152
v 0.00075000003 0.083134708 0.13170357
v 0.00075000003 0.083205748 0.13147308
v -0.010698299 0.054225001 0.084871197
v -0.010698299 0.056725001 0.084871197
v -0.0171583 0.056725001 0.080433197
v -0.0171583 0.054225001 0.080433197
v -0.0132595 -0.052090998 0.045248799
v -0.010146 -0.052090998 0.0443256
v -0.010146 -0.054225001 0.0443256
v -0.011106284 -0.054225001 0.044610338
v -0.0132595 -0.054225001 0.045248799
v -0.0110761 -0.054225001 0.052911201
v -0.011106284 -0.054225001 0.044610338
v -0.010146 -0.054225001 0.0443256
v -0.0099786162 -0.054225001 0.04457849
v -0.0099831003 -0.054225001 0.045018902
v -0.0099831003 -0.054225001 0.052762799
v -0.010004209 -0.054225001 0.052810669
v -0.010031909 -0.054225001 0.052850051
v -0.010067147 -0.054225001 0.052879734
v -0.010109925 -0.054225001 0.052899714
v -0.010159301 -0.054225001 0.052911201
v -0.010288148 -0.054225001 0.07185822
v -0.0107111 -0.054225001 0.070821199
v -0.01078835 -0.054225001 0.07063592
v -0.010857859 -0.054225001 0.070441489
v -0.010918541 -0.054225001 0.070236626
v -0.010970447 -0.054225001 0.070021386
v -0.0110147 -0.054225001 0.069797101
v -0.011014992 -0.054225001 0.06971693
v -0.0100994 -0.054225001 0.069446001
v -0.0100015 -0.054225001 0.069539199
v -0.0100087 -0.054225001 0.071480498
v -0.0100087 -0.054225001 0.0716045
v -0.0052537 -0.056725001 0.077595901
v -0.0052537 -0.054225001 0.077595901
v -0.0050906879 -0.054225001 0.077641025
v -0.0049233907 -0.054225001 0.077672544
v -0.004751201 -0.054225001 0.077688532
v -0.0045741314 -0.054225001 0.077689033
v -0.0043928 -0.054225001 0.077676001
v -0.0043928 -0.056725001 0.077676001
v -0.0045741314 -0.056725001 0.077689033
v -0.004751201 -0.056725001 0.077688532
v -0.0049233907 -0.056725001 0.077672544
v -0.0050906879 -0.056725001 0.077641025
v 0.0183858 -0.056725001 0.078084502
v 0.0183858 -0.054225001 0.078084502
v 0.018261336 -0.054225001 0.078705049
v 0.018027765 -0.054225001 0.079289589
v 0.017666699 -0.054225001 0.079809618
v 0.0171762 -0.054225001 0.080245104
v 0.0171762 -0.056725001 0.080245104
v 0.017666699 -0.056725001 0.079809618
v 0.018027765 -0.056725001 0.079289589
v 0.018261336 -0.056725001 0.078705049
v -0.00075000003 -0.080433798 0.1352352
v 0.00075000003 -0.080433798 0.1352352
v 0.00075000003 -0.08021924 0.13539197
v 0.00075000003 -0.080002146 0.13554316
v 0.00075000003 -0.079782152 0.13568796
v 0.00075000003 -0.079559245 0.13582638
v 0.00075000003 -0.079333801 0.1359592
v -0.00075000003 -0.079333801 0.1359592
v -0.00075000003 -0.079559245 0.13582638
v -0.00075000003 -0.079782152 0.13568796
v -0.00075000003 -0.080002146 0.13554316
v -0.00075000003 -0.08021924 0.13539197
v -0.0184699 -0.056725001 0.077778301
v -0.0184699 -0.054225001 0.077778301
v -0.0184699 -0.054225001 0.043501501
v -0.0184699 -0.056725001 0.043501501
v 0.0109935 -0.056725001 0.069991202
v 0.0109935 -0.054225001 0.069991202
v 0.010995042 -0.054225001 0.069711027
v 0.01108749 -0.054225001 0.052911201
v 0.0110923 -0.054225001 0.052037101
v 0.0110923 -0.056725001 0.052037101
v 0.011427799 0.036275251 0.052648401
v 0.01122 0.036275251 0.0527597
v 0.01122 0.036278 0.0527597
v 0.011427799 0.036278 0.052648401
v 0.010146 -0.052090998 0.0443256
v 0.0132595 -0.052090998 0.045248799
v 0.0132595 -0.054225001 0.045248799
v 0.0110923 -0.054225001 0.044606194
v 0.010146 -0.054225001 0.0443256
v -0.0008783 -0.046981349 0.0180231
v -0.0008783 -0.048521352 0.0180231
v 0.0011228 -0.048521352 0.0180231
v 0.0011228 -0.046981349 0.0180231
v 0.0017134655 -0.048521352 0.018048944
v 0.0017134655 -0.046981349 0.018048944
v 0.001600834 -0.046981349 0.018055419
v 0.0014591068 -0.046981349 0.018031569
v 0.0012983435 -0.046981349 0.01801546
v 0.0011228 -0.046981349 0.0180231
v 0.0011228 -0.048521352 0.0180231
v 0.0012983435 -0.048521352 0.01801546
v 0.0014591068 -0.048521352 0.018031569
v 0.001600834 -0.048521352 0.018055419
v 0.0089046001 0.054225001 0.074275398
v 0.0089046001 0.056725001 0.074275398
v 0.0097749001 0.056725001 0.072986102
v 0.0097749001 0.054225001 0.072986102
v 0.014519176 0.01667475 0.050126438
v 0.014519176 0.018604749 0.050126438
v 0.014436003 0.018604749 0.050456262
v 0.0144551 0.018604749 0.0508393
v 0.0144551 0.01667475 0.0508393
v 0.014436003 0.01667475 0.050456262
v 0.014519176 0.036278 0.050126438
v 0.014320619 0.036278 0.05017879
v 0.01414607 0.036278 0.050221028
v 0.013986787 0.036278 0.050265965
v 0.013834029 0.036278 0.050326414
v 0.013679055 0.036278 0.050415187
v 0.013506233 0.036278 0.050361061
v 0.011427799 0.036278 0.052648401
v 0.01122 0.036278 0.0527597
v 0.0101869 0.036278 0.0527597
v 0.010135024 0.036278 0.052750258
v 0.010087583 0.036278 0.052750711
v 0.010045217 0.036278 0.052762499
v 0.010007933 0.036278 0.052785635
v 0.0099751002 0.036278 0.052818699
v 0.0099751002 0.036278 0.069453602
v 0.0100936 0.036278 0.069606099
v 0.01308709 0.036278 0.070487943
v 0.013269511 0.036278 0.070471807
v 0.013346953 0.036278 0.070406981
v 0.0135677 0.036278 0.070472298
v 0.01380402 0.036278 0.070507741
v 0.014022518 0.036278 0.07053812
v 0.014227622 0.036278 0.070568004
v 0.014423757 0.036278 0.070601945
v 0.014615349 0.036278 0.070644507
v 0.0144551 0.036278 0.0704321
v 0.0144551 0.036278 0.0508393
v 0.014436003 0.036278 0.050456262
v 0.0100087 0.052023849 0.071480498
v 0.0100087 0.052023849 0.0716045
v 0.0100087 0.054225001 0.0716045
v 0.0100087 0.054225001 0.071480498
v 0.013279898 0.052023849 0.045254116
v 0.013279898 0.050413852 0.045254116
v 0.013056375 0.050413852 0.045347772
v 0.012576048 0.050413852 0.045439129
v 0.012460285 0.050413852 0.045646539
v 0.01248201 0.050413852 0.045966954
v 0.012537 0.050413852 0.046556301
v 0.012537 0.052023849 0.046556301
v 0.01248201 0.052023849 0.045966954
v 0.012460285 0.052023849 0.045646539
v 0.012576048 0.052023849 0.045439129
v 0.013056375 0.052023849 0.045347772
v 0.0100015 -0.052090998 0.069539199
v 0.0100994 -0.052090998 0.069446001
v 0.0100994 -0.054225001 0.069446001
v 0.0100015 -0.054225001 0.069539199
v 0.0100015 0.052023849 0.069539199
v 0.0100087 0.052023849 0.071480498
v 0.0100087 0.054225001 0.071480498
v 0.0100015 0.054225001 0.069539199
v 0.013279898 -0.050481 0.045254116
v 0.013279898 -0.052090998 0.045254116
v 0.013056375 -0.052090998 0.045347772
v 0.012576048 -0.052090998 0.045439129
v 0.012460285 -0.052090998 0.045646539
v 0.01248201 -0.052090998 0.045966954
v 0.012537 -0.052090998 0.046556301
v 0.012537 -0.050481 0.046556301
v 0.01248201 -0.050481 0.045966954
v 0.012460285 -0.050481 0.045646539
v 0.012576048 -0.050481 0.045439129
v 0.013056375 -0.050481 0.045347772
v -0.0171583 -0.056725001 0.080433197
v -0.0171583 -0.054225001 0.080433197
v -0.018033984 -0.054225001 0.079202805
v -0.018306849 -0.054225001 0.078511872
v -0.0184699 -0.054225001 0.077778301
v -0.0184699 -0.056725001 0.077778301
v -0.018306849 -0.056725001 0.078511872
v -0.018033984 -0.056725001 0.079202805
v -0.00075000003 -0.074797201 0.1262868
v 0.00075000003 -0.074797201 0.1262868
v 0.00075000003 -0.079899998 0.1172009
v -0.00075000003 -0.079899998 0.1172009
v 0.0099831003 0.050413852 0.052762799
v 0.0099831003 0.050413852 0.045018902
v 0.0099831003 0.048489199 0.045018902
v 0.0099831003 0.048489199 0.052762799
v 0.0136438 -0.048556352 0.050439801
v 0.0118677 -0.048556352 0.052400799
v 0.0118677 -0.050481 0.052400799
v 0.0136438 -0.050481 0.050439801
v 0.0049708 0.054225001 0.1355853
v 0.0049708 0.056725001 0.1355853
v 0.0045021176 0.056725001 0.13632732
v 0.0038143337 0.056725001 0.13685826
v 0.0030416289 0.056725001 0.13721395
v 0.0026076069 0.056725001 0.13729947
v 0.0021513 0.056725001 0.13727
v 0.0021513 0.054225001 0.13727
v 0.0026076069 0.054225001 0.13729947
v 0.0030416289 0.054225001 0.13721395
v 0.0038143337 0.054225001 0.13685826
v 0.0045021176 0.054225001 0.13632732
v -0.011106284 0.054225001 0.044610338
v -0.0110761 0.054225001 0.052911201
v -0.010159301 0.054225001 0.052911201
v -0.010109925 0.054225001 0.052899714
v -0.010067147 0.054225001 0.052879734
v -0.010031909 0.054225001 0.052850051
v -0.010004209 0.054225001 0.052810669
v -0.0099831003 0.054225001 0.052762799
v -0.0099831003 0.054225001 0.045018902
v -0.0099786162 0.054225001 0.04457849
v -0.010146 0.054225001 0.0443256
v -0.013679055 -0.050481 0.050415187
v -0.013679055 -0.052090998 0.050415187
v -0.013455532 -0.052090998 0.0503441
v -0.01314401 -0.052090998 0.050328312
v -0.012790861 -0.052090998 0.050322933
v -0.012537 -0.052090998 0.050143399
v -0.012537 -0.050481 0.050143399
v -0.012790861 -0.050481 0.050322933
v -0.01314401 -0.050481 0.050328312
v -0.013455532 -0.050481 0.0503441
v -0.0132595 0.052023849 0.045248799
v -0.013279898 0.052023849 0.045254116
v -0.013279898 0.050413852 0.045254116
v -0.0132595 0.050413852 0.045248799
v -0.0132595 0.048489199 0.045248799
v -0.013279898 0.048489199 0.045254116
v -0.013279898 0.046879201 0.045254116
v -0.0132595 0.046879201 0.045248799
v -0.0132595 0.044954548 0.045248799
v -0.013279898 0.044954548 0.045254116
v -0.013279898 0.04334455 0.045254116
v -0.0132595 0.04334455 0.045248799
v -0.0132595 0.041419902 0.045248799
v -0.013279898 0.041419902 0.045254116
v -0.013279898 0.039809899 0.045254116
v -0.0132595 0.039809899 0.045248799
v -0.0132595 0.037885251 0.045248799
v -0.013279898 0.037885251 0.045254116
v -0.013279898 0.036275251 0.045254116
v -0.0132595 0.036275251 0.045248799
v -0.0132595 0.0343506 0.045248799
v -0.013279898 0.0343506 0.045254116
v -0.013279898 0.0327406 0.045254116
v -0.0132595 0.0327406 0.045248799
v -0.0132595 0.030815949 0.045248799
v -0.013279898 0.030815949 0.045254116
v -0.013279898 0.029205949 0.045254116
v -0.0132595 0.029205949 0.045248799
v -0.0132595 0.027281301 0.045248799
v -0.013279898 0.027281301 0.045254116
v -0.013279898 0.025671301 0.045254116
v -0.0132595 0.025671301 0.045248799
v -0.0132595 0.02374665 0.045248799
v -0.013279898 0.02374665 0.045254116
v -0.013279898 0.02213665 0.045254116
v -0.0132595 0.02213665 0.045248799
v -0.0132595 0.020211999 0.045248799
v -0.013279898 0.020211999 0.045254116
v -0.013279898 0.018602 0.045254116
v -0.0132595 0.018602 0.045248799
v -0.0132595 0.01667735 0.045248799
v -0.013279898 0.01667735 0.045254116
v -0.013279898 0.01506735 0.045254116
v -0.0132595 0.01506735 0.045248799
v -0.0132595 0.0131427 0.045248799
v -0.013279898 0.0131427 0.045254116
v -0.013279898 0.0115327 0.045254116
v -0.0132595 0.0115327 0.045248799
v -0.0132595 0.00960805 0.045248799
v -0.013279898 0.00960805 0.045254116
v -0.013279898 0.0079980499 0.045254116
v -0.0132595 0.0079980499 0.045248799
v -0.0132595 0.0060733998 0.045248799
v -0.013279898 0.0060733998 0.045254116
v -0.013279898 0.0044633999 0.045254116
v -0.0132595 0.0044633999 0.045248799
v -0.0132595 0.0025387499 0.045248799
v -0.013279898 0.0025387499 0.045254116
v -0.013279898 0.00092874996 0.045254116
v -0.0132595 0.00092874996 0.045248799
v -0.0132595 -0.00099590003 0.045248799
v -0.013279898 -0.00099590003 0.045254116
v -0.013279898 -0.0026058999 0.045254116
v -0.0132595 -0.0026058999 0.045248799
v -0.0132595 -0.0045305499 0.045248799
v -0.013279898 -0.0045305499 0.045254116
v -0.013279898 -0.0061405498 0.045254116
v -0.0132595 -0.0061405498 0.045248799
v -0.0132595 -0.0080651999 0.045248799
v -0.013279898 -0.0080651999 0.045254116
v -0.013279898 -0.0096752 0.045254116
v -0.0132595 -0.0096752 0.045248799
v -0.0132595 -0.011599849 0.045248799
v -0.013279898 -0.011599849 0.045254116
v -0.013279898 -0.01320985 0.045254116
v -0.0132595 -0.01320985 0.045248799
v -0.0132595 -0.0151345 0.045248799
v -0.013279898 -0.0151345 0.045254116
v -0.013279898 -0.0167445 0.045254116
v -0.0132595 -0.0167445 0.045248799
v -0.0132595 -0.01866915 0.045248799
v -0.013279898 -0.01866915 0.045254116
v -0.013279898 -0.02027915 0.045254116
v -0.0132595 -0.02027915 0.045248799
v -0.0132595 -0.022203801 0.045248799
v -0.013279898 -0.022203801 0.045254116
v -0.013279898 -0.023813801 0.045254116
v -0.0132595 -0.023813801 0.045248799
v -0.0132595 -0.025738449 0.045248799
v -0.013279898 -0.025738449 0.045254116
v -0.013279898 -0.027348449 0.045254116
v -0.0132595 -0.027348449 0.045248799
v -0.0132595 -0.0292731 0.045248799
v -0.013279898 -0.0292731 0.045254116
v -0.013279898 -0.0308831 0.045254116
v -0.0132595 -0.0308831 0.045248799
v -0.0132595 -0.032807751 0.045248799
v -0.013279898 -0.032807751 0.045254116
v -0.013279898 -0.034417751 0.045254116
v -0.0132595 -0.034417751 0.045248799
v -0.0132595 -0.036342399 0.045248799
v -0.013279898 -0.036342399 0.045254116
v -0.013279898 -0.037952399 0.045254116
v -0.0132595 -0.037952399 0.045248799
v -0.0132595 -0.03987705 0.045248799
v -0.013279898 -0.03987705 0.045254116
v -0.013279898 -0.04148705 0.045254116
v -0.0132595 -0.04148705 0.045248799
v -0.0132595 -0.043411698 0.045248799
v -0.013279898 -0.043411698 0.045254116
v -0.013279898 -0.045021701 0.045254116
v -0.0132595 -0.045021701 0.045248799
v -0.0132595 -0.046946349 0.045248799
v -0.013279898 -0.046946349 0.045254116
v -0.013279898 -0.048556352 0.045254116
v -0.0132595 -0.048556352 0.045248799
v -0.0132595 -0.050481 0.045248799
v -0.013279898 -0.050481 0.045254116
v -0.013279898 -0.052090998 0.045254116
v -0.0132595 -0.052090998 0.045248799
v -0.0132595 -0.054225001 0.045248799
v -0.014342099 -0.054225001 0.045530901
v -0.014342099 0.054225001 0.045530901
v -0.0132595 0.054225001 0.045248799
v -0.0107111 0.054225001 0.070821199
v -0.010288148 0.054225001 0.07185822
v -0.0100087 0.054225001 0.0716045
v -0.0100087 0.054225001 0.071480498
v -0.0100015 0.054225001 0.069539199
v -0.0100994 0.054225001 0.069446001
v -0.011014992 0.054225001 0.06971693
v -0.0110147 0.054225001 0.069797101
v -0.010970447 0.054225001 0.070021386
v -0.010918541 0.054225001 0.070236626
v -0.010857859 0.054225001 0.070441489
v -0.01078835 0.054225001 0.07063592
v -0.0100308 0.054225001 0.0724892
v -0.0100308 0.056725001 0.0724892
v -0.0092997003 0.056725001 0.0737363
v -0.0092997003 0.054225001 0.0737363
v -0.0008783 0.041384902 0.0180231
v -0.0008783 0.039844899 0.0180231
v 0.0011228 0.039844899 0.0180231
v 0.0011228 0.041384902 0.0180231
v -0.0097799999 0.054225001 0.1316661
v -0.0097799999 0.056725001 0.1316661
v -0.01002 0.056725001 0.089463196
v -0.01002 0.054225001 0.089463196
v 0.00075000003 0.083968496 0.1179934
v -0.00075000003 0.083968496 0.1179934
v -0.00075000003 0.083575497 0.1296665
v 0.00075000003 0.083575497 0.1296665
v 0.00075000003 0.082884798 0.1323802
v -0.00075000003 0.082884798 0.1323802
v -0.00075000003 0.081766396 0.1340169
v 0.00075000003 0.081766396 0.1340169
v -0.0171583 0.054225001 0.080433197
v -0.0171583 0.056725001 0.080433197
v -0.018033984 0.056725001 0.079202805
v -0.018306849 0.056725001 0.078511872
v -0.0184699 0.056725001 0.077778301
v -0.0184699 0.054225001 0.077778301
v -0.018306849 0.054225001 0.078511872
v -0.018033984 0.054225001 0.079202805
v -0.0069554001 -0.056725001 0.076272602
v -0.0069554001 -0.054225001 0.076272602
v -0.0052537 -0.054225001 0.077595901
v -0.0052537 -0.056725001 0.077595901
v 0.0183858 -0.056725001 0.070862398
v 0.0183858 -0.054225001 0.070862398
v 0.0183858 -0.054225001 0.078084502
v 0.0183858 -0.056725001 0.078084502
v -0.00075000003 -0.079333801 0.1359592
v 0.00075000003 -0.079333801 0.1359592
v 0.00075000003 -0.077642698 0.1367049
v -0.00075000003 -0.077642698 0.1367049
v -0.0184699 -0.056725001 0.043501501
v -0.0184699 -0.054225001 0.043501501
v -0.0170152 -0.054225001 0.035004301
v -0.0170152 -0.056725001 0.035004301
v 0.011427799 0.0343506 0.052648401
v 0.013506233 0.0343506 0.050361061
v 0.013506233 0.034347999 0.050361061
v 0.011427799 0.034347999 0.052648401
v 0.0110923 -0.056725001 0.052037101
v 0.0110923 -0.054225001 0.052037101
v 0.0110923 -0.054225001 0.044606194
v 0.0110923 -0.054225001 0.0296123
v 0.0110923 -0.056725001 0.0296123
v -0.0017099179 -0.048521352 0.018018194
v -0.0015780129 -0.048521352 0.018567621
v -0.0012623653 -0.048521352 0.019056196
v -0.00067759603 -0.048521352 0.019479625
v -0.00033694662 -0.048521352 0.019585383
v 0.00016759999 -0.048521352 0.0196112
v 0.00087720916 -0.048521352 0.019374551
v 0.0011393947 -0.048521352 0.019183298
v 0.0014213887 -0.048521352 0.018862392
v 0.001617243 -0.048521352 0.018463665
v 0.0017134655 -0.048521352 0.018048944
v 0.001600834 -0.048521352 0.018055419
v 0.0014591068 -0.048521352 0.018031569
v 0.0012983435 -0.048521352 0.01801546
v 0.0011228 -0.048521352 0.0180231
v -0.0008783 -0.048521352 0.0180231
v -0.0013489805 -0.048521352 0.018055273
v -0.0015623884 -0.048521352 0.018085564
v 0.013346953 0.036278 0.070406981
v 0.013269511 0.036278 0.070471807
v 0.01308709 0.036278 0.070487943
v 0.01308709 0.036275251 0.070487943
v 0.01289251 0.036275251 0.070505438
v 0.012689248 0.036275251 0.070548701
v 0.0124895 0.036275251 0.070624099
v 0.0124895 0.037885251 0.070624099
v 0.013058031 0.037885251 0.070489669
v 0.013275433 0.037885251 0.070470557
v 0.013346953 0.037885251 0.070406981
v 0.0100087 0.052023849 0.0716045
v 0.012507082 0.052023849 0.073872852
v 0.012507082 0.050413852 0.073872852
v 0.0100087 0.050413852 0.0716045
v 0.0100087 0.048489199 0.0716045
v 0.012507082 0.048489199 0.073872852
v 0.012507082 0.046879201 0.073872852
v 0.0100087 0.046879201 0.0716045
v 0.0100087 0.044954548 0.0716045
v 0.012507082 0.044954548 0.073872852
v 0.012507082 0.04334455 0.073872852
v 0.0100087 0.04334455 0.0716045
v 0.0100087 0.041419902 0.0716045
v 0.012507082 0.041419902 0.073872852
v 0.012507082 0.039809899 0.073872852
v 0.0100087 0.039809899 0.0716045
v 0.0100087 0.037885251 0.0716045
v 0.012507082 0.037885251 0.073872852
v 0.012507082 0.036275251 0.073872852
v 0.0100087 0.036275251 0.0716045
v 0.0100087 0.0343506 0.0716045
v 0.012507082 0.0343506 0.073872852
v 0.012507082 0.0327406 0.073872852
v 0.0100087 0.0327406 0.0716045
v 0.0100087 0.030815949 0.0716045
v 0.012507082 0.030815949 0.073872852
v 0.012507082 0.029205949 0.073872852
v 0.0100087 0.029205949 0.0716045
v 0.0100087 0.027281301 0.0716045
v 0.012507082 0.027281301 0.073872852
v 0.012507082 0.025671301 0.073872852
v 0.0100087 0.025671301 0.0716045
v 0.0100087 0.02374665 0.0716045
v 0.012507082 0.02374665 0.073872852
v 0.012507082 0.02213665 0.073872852
v 0.0100087 0.02213665 0.0716045
v 0.0100087 0.020211999 0.0716045
v 0.012507082 0.020211999 0.073872852
v 0.012507082 0.018602 0.073872852
v 0.0100087 0.018602 0.0716045
v 0.0100087 0.01667735 0.0716045
v 0.012507082 0.01667735 0.073872852
v 0.012507082 0.01506735 0.073872852
v 0.0100087 0.01506735 0.0716045
v 0.0100087 0.0131427 0.0716045
v 0.012507082 0.0131427 0.073872852
v 0.012507082 0.0115327 0.073872852
v 0.0100087 0.0115327 0.0716045
v 0.0100087 0.00960805 0.0716045
v 0.012507082 0.00960805 0.073872852
v 0.012507082 0.0079980499 0.073872852
v 0.0100087 0.0079980499 0.0716045
v 0.0100087 0.0060733998 0.0716045
v 0.012507082 0.0060733998 0.073872852
v 0.012507082 0.0044633999 0.073872852
v 0.0100087 0.0044633999 0.0716045
v 0.0100087 0.0025387499 0.0716045
v 0.012507082 0.0025387499 0.073872852
v 0.012507082 0.00092874996 0.073872852
v 0.0100087 0.00092874996 0.0716045
v 0.0100087 -0.00099590003 0.0716045
v 0.012507082 -0.00099590003 0.073872852
v 0.012507082 -0.0026058999 0.073872852
v 0.0100087 -0.0026058999 0.0716045
v 0.0100087 -0.0045305499 0.0716045
v 0.012507082 -0.0045305499 0.073872852
v 0.012507082 -0.0061405498 0.073872852
v 0.0100087 -0.0061405498 0.0716045
v 0.0100087 -0.0080651999 0.0716045
v 0.012507082 -0.0080651999 0.073872852
v 0.012507082 -0.0096752 0.073872852
v 0.0100087 -0.0096752 0.0716045
v 0.0100087 -0.011599849 0.0716045
v 0.012507082 -0.011599849 0.073872852
v 0.012507082 -0.01320985 0.073872852
v 0.0100087 -0.01320985 0.0716045
v 0.0100087 -0.0151345 0.0716045
v 0.012507082 -0.0151345 0.073872852
v 0.012507082 -0.0167445 0.073872852
v 0.0100087 -0.0167445 0.0716045
v 0.0100087 -0.01866915 0.0716045
v 0.012507082 -0.01866915 0.073872852
v 0.012507082 -0.02027915 0.073872852
v 0.0100087 -0.02027915 0.0716045
v 0.0100087 -0.022203801 0.0716045
v 0.012507082 -0.022203801 0.073872852
v 0.012507082 -0.023813801 0.073872852
v 0.0100087 -0.023813801 0.0716045
v 0.0100087 -0.025738449 0.0716045
v 0.012507082 -0.025738449 0.073872852
v 0.012507082 -0.027348449 0.073872852
v 0.0100087 -0.027348449 0.0716045
v 0.0100087 -0.0292731 0.0716045
v 0.012507082 -0.0292731 0.073872852
v 0.012507082 -0.0308831 0.073872852
v 0.0100087 -0.0308831 0.0716045
v 0.0100087 -0.032807751 0.0716045
v 0.012507082 -0.032807751 0.073872852
v 0.012507082 -0.034417751 0.073872852
v 0.0100087 -0.034417751 0.0716045
v 0.0100087 -0.036342399 0.0716045
v 0.012507082 -0.036342399 0.073872852
v 0.012507082 -0.037952399 0.073872852
v 0.0100087 -0.037952399 0.0716045
v 0.0100087 -0.03987705 0.0716045
v 0.012507082 -0.03987705 0.073872852
v 0.012507082 -0.04148705 0.073872852
v 0.0100087 -0.04148705 0.0716045
v 0.0100087 -0.043411698 0.0716045
v 0.012507082 -0.043411698 0.073872852
v 0.012507082 -0.045021701 0.073872852
v 0.0100087 -0.045021701 0.0716045
v 0.0100087 -0.046946349 0.0716045
v 0.012507082 -0.046946349 0.073872852
v 0.012507082 -0.048556352 0.073872852
v 0.0100087 -0.048556352 0.0716045
v 0.0100087 -0.050481 0.0716045
v 0.012507082 -0.050481 0.073872852
v 0.012507082 -0.052090998 0.073872852
v 0.0100087 -0.052090998 0.0716045
v 0.0100087 -0.054225001 0.0716045
v 0.010299398 -0.054225001 0.071868434
v 0.0141685 -0.054225001 0.075381298
v 0.0141685 0.054225001 0.075381298
v 0.010299398 0.054225001 0.071868434
v 0.0100087 0.054225001 0.0716045
v 0.009996503 -0.034417751 0.052795639
v 0.010037916 -0.034417751 0.05276598
v 0.010088151 -0.034417751 0.05275064
v 0.010141007 -0.034417751 0.052750854
v 0.0101869 -0.034417751 0.0527597
v 0.01122 -0.034417751 0.0527597
v 0.011427799 -0.034417751 0.052648401
v 0.013506233 -0.034417751 0.050361061
v 0.013000251 -0.034417751 0.050337563
v 0.012730563 -0.034417751 0.050304651
v 0.012537 -0.034417751 0.050143399
v 0.012537 -0.034417751 0.046556301
v 0.01248201 -0.034417751 0.045966954
v 0.012460285 -0.034417751 0.045646539
v 0.012576048 -0.034417751 0.045439129
v 0.013056375 -0.034417751 0.045347772
v 0.013279898 -0.034417751 0.045254116
v 0.0132595 -0.034417751 0.045248799
v 0.010146 -0.034417751 0.0443256
v 0.0099759024 -0.034417751 0.04459084
v 0.0099831003 -0.034417751 0.045018902
v 0.0099831003 -0.034417751 0.052762799
v 0.0097749001 0.054225001 0.072986102
v 0.0097749001 0.056725001 0.072986102
v 0.0104035 0.056725001 0.0716466
v 0.0104035 0.054225001 0.0716466
v 0.010299398 0.054225001 0.071868434
v 0.0100994 0.052023849 0.069446001
v 0.0100015 0.052023849 0.069539199
v 0.0100015 0.054225001 0.069539199
v 0.0100994 0.054225001 0.069446001
v 0.012537 -0.052090998 0.050143399
v 0.012537 -0.050481 0.050143399
v 0.012537 -0.050481 0.046556301
v 0.012537 -0.052090998 0.046556301
v -0.010698299 -0.056725001 0.084871197
v -0.010698299 -0.054225001 0.084871197
v -0.0171583 -0.054225001 0.080433197
v -0.0171583 -0.056725001 0.080433197
v -0.00075000003 -0.072688799 0.126317
v 0.00075000003 -0.072688799 0.126317
v 0.00075000003 -0.073747478 0.12643677
v 0.00075000003 -0.074797201 0.1262868
v -0.00075000003 -0.074797201 0.1262868
v -0.00075000003 -0.073747478 0.12643677
v 0.0099831003 0.050413852 0.045018902
v 0.0099759024 0.050413852 0.04459084
v 0.010146 0.050413852 0.0443256
v 0.010146 0.048489199 0.0443256
v 0.0099753118 0.048489199 0.04459372
v 0.0099831003 0.048489199 0.045018902
v 0.0118677 0.052023849 0.052400799
v 0.0136438 0.052023849 0.050439801
v 0.0136438 0.054225001 0.050439801
v 0.0118677 0.054225001 0.052400799
v 0.0098855001 0.054225001 0.1130637
v 0.0098855001 0.056725001 0.1130637
v 0.0049708 0.056725001 0.1355853
v 0.0049708 0.054225001 0.1355853
v -0.010146 0.052023849 0.0443256
v -0.0132595 0.052023849 0.045248799
v -0.0132595 0.054225001 0.045248799
v -0.011106284 0.054225001 0.044610338
v -0.010146 0.054225001 0.0443256
v -0.0107111 0.054225001 0.070821199
v -0.0107111 0.056725001 0.070821199
v -0.0100308 0.056725001 0.0724892
v -0.0100308 0.054225001 0.0724892
v -0.010288148 0.054225001 0.07185822
v -0.0017099179 0.039844899 0.018018194
v -0.0015780129 0.039844899 0.018567621
v -0.0012623653 0.039844899 0.019056196
v -0.00067759603 0.039844899 0.019479625
v -0.00033694662 0.039844899 0.019585383
v 0.00016759999 0.039844899 0.0196112
v 0.00087720916 0.039844899 0.019374551
v 0.0011393947 0.039844899 0.019183298
v 0.0014213887 0.039844899 0.018862392
v 0.001617243 0.039844899 0.018463665
v 0.0017134655 0.039844899 0.018048944
v 0.001600834 0.039844899 0.018055419
v 0.0014591068 0.039844899 0.018031569
v 0.0012983435 0.039844899 0.01801546
v 0.0011228 0.039844899 0.0180231
v -0.0008783 0.039844899 0.0180231
v -0.0013489805 0.039844899 0.018055273
v -0.0015623884 0.039844899 0.018085564
v -0.0058077002 0.054225001 0.13717
v -0.0058077002 0.056725001 0.13717
v -0.0062902737 0.056725001 0.13715183
v -0.0067452192 0.056725001 0.13702759
v -0.0075479817 0.056725001 0.13658375
v -0.0082678306 0.056725001 0.1359808
v -0.0088844228 0.056725001 0.13524751
v -0.009341054 0.056725001 0.13443032
v -0.0096399271 0.056725001 0.13356588
v -0.009769662 0.056725001 0.13264239
v -0.0097799999 0.056725001 0.1316661
v -0.0097799999 0.054225001 0.1316661
v -0.009769662 0.054225001 0.13264239
v -0.0096399271 0.054225001 0.13356588
v -0.009341054 0.054225001 0.13443032
v -0.0088844228 0.054225001 0.13524751
v -0.0082678306 0.054225001 0.1359808
v -0.0075479817 0.054225001 0.13658375
v -0.0067452192 0.054225001 0.13702759
v -0.0062902737 0.054225001 0.13715183
v 0.00075000003 0.079899998 0.1172009
v -0.00075000003 0.079899998 0.1172009
v -0.00075000003 0.080338097 0.11667812
v -0.00075000003 0.080915785 0.11638033
v -0.00075000003 0.081563387 0.11624625
v -0.00075000003 0.082251654 0.11625349
v -0.00075000003 0.082918482 0.11641708
v -0.00075000003 0.083441572 0.11679365
v -0.00075000003 0.083777266 0.11736924
v -0.00075000003 0.083968496 0.1179934
v 0.00075000003 0.083968496 0.1179934
v 0.00075000003 0.083777266 0.11736924
v 0.00075000003 0.083441572 0.11679365
v 0.00075000003 0.082918482 0.11641708
v 0.00075000003 0.082251654 0.11625349
v 0.00075000003 0.081563387 0.11624625
v 0.00075000003 0.080915785 0.11638033
v 0.00075000003 0.080338097 0.11667812
v 0.00075000003 0.081766396 0.1340169
v -0.00075000003 0.081766396 0.1340169
v -0.00075000003 0.080433798 0.1352352
v 0.00075000003 0.080433798 0.1352352
v -0.0184699 0.054225001 0.077778301
v -0.0184699 0.056725001 0.077778301
v -0.0184699 0.056725001 0.043501501
v -0.0184699 0.054225001 0.043501501
v -0.0082703 -0.056725001 0.075009699
v -0.0082703 -0.054225001 0.075009699
v -0.0069554001 -0.054225001 0.076272602
v -0.0069554001 -0.056725001 0.076272602
v 0.0185 -0.056725001 0.051476002
v 0.0185 -0.054225001 0.051476002
v 0.0183858 -0.054225001 0.070862398
v 0.0183858 -0.056725001 0.070862398
v -0.00075000003 -0.077642698 0.1367049
v 0.00075000003 -0.077642698 0.1367049
v 0.00075000003 -0.076171098 0.1368771
v -0.00075000003 -0.076171098 0.1368771
v -0.0170152 -0.056725001 0.035004301
v -0.0170152 -0.054225001 0.035004301
v -0.0138911 -0.054225001 0.018097399
v -0.0138911 -0.056725001 0.018097399
v 0.013506233 0.036278 0.050361061
v 0.013506233 0.036275251 0.050361061
v 0.011427799 0.036275251 0.052648401
v 0.011427799 0.036278 0.052648401
v 0.0110923 -0.056725001 0.0296123
v 0.0110923 -0.054225001 0.0296123
v 0.011028 -0.054225001 0.019153399
v 0.011028 -0.056725001 0.019153399
v 0.013346953 0.034347999 0.070406981
v 0.0135677 0.034347999 0.070472298
v 0.0135677 0.018604749 0.070472298
v 0.013346953 0.018604749 0.070406981
v 0.013346953 0.020211999 0.070406981
v 0.0100994 0.020211999 0.069446001
v 0.0100994 0.02213665 0.069446001
v 0.013346953 0.02213665 0.070406981
v 0.013346953 0.02374665 0.070406981
v 0.0100994 0.02374665 0.069446001
v 0.0100994 0.025671301 0.069446001
v 0.013346953 0.025671301 0.070406981
v 0.013346953 0.027281301 0.070406981
v 0.0100994 0.027281301 0.069446001
v 0.0100994 0.029205949 0.069446001
v 0.013346953 0.029205949 0.070406981
v 0.013346953 0.030815949 0.070406981
v 0.0100994 0.030815949 0.069446001
v 0.0100994 0.0327406 0.069446001
v 0.013346953 0.0327406 0.070406981
v 0.0135677 0.034347999 0.070472298
v 0.01380402 0.034347999 0.070507741
v 0.014022518 0.034347999 0.07053812
v 0.014227622 0.034347999 0.070568004
v 0.014423757 0.034347999 0.070601945
v 0.014615349 0.034347999 0.070644507
v 0.014615349 0.036278 0.070644507
v 0.014423757 0.036278 0.070601945
v 0.014227622 0.036278 0.070568004
v 0.014022518 0.036278 0.07053812
v 0.01380402 0.036278 0.070507741
v 0.0135677 0.036278 0.070472298
v 0.0135677 0.054225001 0.070472298
v 0.014630979 0.054225001 0.070648508
v 0.015624025 0.054225001 0.071059918
v 0.016063013 0.054225001 0.071361189
v 0.016458967 0.054225001 0.071769166
v 0.016746892 0.054225001 0.072227039
v 0.016903446 0.054225001 0.072730212
v 0.016918681 0.054225001 0.073267527
v 0.016776227 0.054225001 0.073785
v 0.016497378 0.054225001 0.074265704
v 0.016124252 0.054225001 0.074654503
v 0.01519377 0.054225001 0.075201068
v 0.014681814 0.054225001 0.075371222
v 0.0141685 0.054225001 0.075381298
v 0.0141685 -0.054225001 0.075381298
v 0.014681814 -0.054225001 0.075371222
v 0.01519377 -0.054225001 0.075201068
v 0.016124252 -0.054225001 0.074654503
v 0.016497378 -0.054225001 0.074265704
v 0.016776227 -0.054225001 0.073785
v 0.016918681 -0.054225001 0.073267527
v 0.016903446 -0.054225001 0.072730212
v 0.016746892 -0.054225001 0.072227039
v 0.016458967 -0.054225001 0.071769166
v 0.016063013 -0.054225001 0.071361189
v 0.015624025 -0.054225001 0.071059918
v 0.014630979 -0.054225001 0.070648508
v 0.0135677 -0.054225001 0.070472298
v 0.0135677 -0.036345 0.070472298
v 0.01380402 -0.036345 0.070507741
v 0.014022518 -0.036345 0.07053812
v 0.014227622 -0.036345 0.070568004
v 0.014423757 -0.036345 0.070601945
v 0.014615349 -0.036345 0.070644507
v 0.014615349 -0.034414999 0.070644507
v 0.014423757 -0.034414999 0.070601945
v 0.014227622 -0.034414999 0.070568004
v 0.014022518 -0.034414999 0.07053812
v 0.01380402 -0.034414999 0.070507741
v 0.0135677 -0.034414999 0.070472298
v 0.0135677 -0.01867175 0.070472298
v 0.01380402 -0.01867175 0.070507741
v 0.014022518 -0.01867175 0.07053812
v 0.014227622 -0.01867175 0.070568004
v 0.014423757 -0.01867175 0.070601945
v 0.014615349 -0.01867175 0.070644507
v 0.014615349 -0.01674175 0.070644507
v 0.014423757 -0.01674175 0.070601945
v 0.014227622 -0.01674175 0.070568004
v 0.014022518 -0.01674175 0.07053812
v 0.01380402 -0.01674175 0.070507741
v 0.0135677 -0.01674175 0.070472298
v 0.0135677 -0.00099849999 0.070472298
v 0.01380402 -0.00099849999 0.070507741
v 0.014022518 -0.00099849999 0.07053812
v 0.014227622 -0.00099849999 0.070568004
v 0.014423757 -0.00099849999 0.070601945
v 0.014615349 -0.00099849999 0.070644507
v 0.014615349 0.00093149997 0.070644507
v 0.014423757 0.00093149997 0.070601945
v 0.014227622 0.00093149997 0.070568004
v 0.014022518 0.00093149997 0.07053812
v 0.01380402 0.00093149997 0.070507741
v 0.0135677 0.00093149997 0.070472298
v 0.0135677 0.01667475 0.070472298
v 0.01380402 0.01667475 0.070507741
v 0.014022518 0.01667475 0.07053812
v 0.014227622 0.01667475 0.070568004
v 0.014423757 0.01667475 0.070601945
v 0.014615349 0.01667475 0.070644507
v 0.014615349 0.018604749 0.070644507
v 0.014423757 0.018604749 0.070601945
v 0.014227622 0.018604749 0.070568004
v 0.014022518 0.018604749 0.07053812
v 0.01380402 0.018604749 0.070507741
v 0.0135677 0.018604749 0.070472298
v 0.009996503 -0.036342399 0.052795639
v 0.009996503 -0.034417751 0.052795639
v 0.0099831003 -0.034417751 0.052762799
v 0.0099831003 -0.036342399 0.052762799
v 0.0136438 -0.052090998 0.050439801
v 0.013679055 -0.052090998 0.050415187
v 0.013455532 -0.052090998 0.0503441
v 0.01314401 -0.052090998 0.050328312
v 0.012790861 -0.052090998 0.050322933
v 0.012537 -0.052090998 0.050143399
v 0.012537 -0.052090998 0.046556301
v 0.01248201 -0.052090998 0.045966954
v 0.012460285 -0.052090998 0.045646539
v 0.012576048 -0.052090998 0.045439129
v 0.013056375 -0.052090998 0.045347772
v 0.013279898 -0.052090998 0.045254116
v 0.0132595 -0.052090998 0.045248799
v 0.010146 -0.052090998 0.0443256
v 0.0099759024 -0.052090998 0.04459084
v 0.0099831003 -0.052090998 0.045018902
v 0.0099831003 -0.052090998 0.052762799
v 0.010004275 -0.052090998 0.052810841
v 0.010031542 -0.052090998 0.052849646
v 0.010065874 -0.052090998 0.052878923
v 0.010108644 -0.052090998 0.052899308
v 0.010159301 -0.052090998 0.052911201
v 0.0112432 -0.052090998 0.052911201
v 0.01157071 -0.052090998 0.052725511
v 0.011690036 -0.052090998 0.052615037
v 0.0118677 -0.052090998 0.052400799
v -0.0099572003 -0.056725001 0.085503302
v -0.0099572003 -0.054225001 0.085503302
v -0.010271224 -0.054225001 0.085157442
v -0.010698299 -0.054225001 0.084871197
v -0.010698299 -0.056725001 0.084871197
v -0.010271224 -0.056725001 0.085157442
v 0.0049708 -0.056725001 0.1355853
v 0.0049708 -0.054225001 0.1355853
v 0.0045021176 -0.054225001 0.13632732
v 0.0038143337 -0.054225001 0.13685826
v 0.0030416289 -0.054225001 0.13721395
v 0.0026076069 -0.054225001 0.13729947
v 0.0021513 -0.054225001 0.13727
v 0.0021513 -0.056725001 0.13727
v 0.0026076069 -0.056725001 0.13729947
v 0.0030416289 -0.056725001 0.13721395
v 0.0038143337 -0.056725001 0.13685826
v 0.0045021176 -0.056725001 0.13632732
v -0.00075000003 -0.067543101 0.1168012
v 0.00075000003 -0.067543101 0.1168012
v 0.00075000003 -0.072688799 0.126317
v -0.00075000003 -0.072688799 0.126317
v 0.010146 0.050413852 0.0443256
v 0.0132595 0.050413852 0.045248799
v 0.0132595 0.048489199 0.045248799
v 0.010146 0.048489199 0.0443256
v 0.014519176 0.034347999 0.050126438
v 0.014180055 0.034347999 0.050207658
v 0.013679055 0.034347999 0.050415187
v 0.013679055 0.0327406 0.050415187
v 0.0136438 0.0327406 0.050439801
v 0.0136438 0.030815949 0.050439801
v 0.013679055 0.030815949 0.050415187
v 0.013679055 0.029205949 0.050415187
v 0.0136438 0.029205949 0.050439801
v 0.0136438 0.027281301 0.050439801
v 0.013679055 0.027281301 0.050415187
v 0.013679055 0.025671301 0.050415187
v 0.0136438 0.025671301 0.050439801
v 0.0136438 0.02374665 0.050439801
v 0.013679055 0.02374665 0.050415187
v 0.013679055 0.02213665 0.050415187
v 0.0136438 0.02213665 0.050439801
v 0.0136438 0.020211999 0.050439801
v 0.013679055 0.020211999 0.050415187
v 0.013679055 0.018604749 0.050415187
v 0.013834029 0.018604749 0.050326414
v 0.013986787 0.018604749 0.050265965
v 0.01414607 0.018604749 0.050221028
v 0.014320619 0.018604749 0.05017879
v 0.014519176 0.018604749 0.050126438
v 0.014519176 0.01667475 0.050126438
v 0.014180055 0.01667475 0.050207658
v 0.013679055 0.01667475 0.050415187
v 0.013679055 0.01506735 0.050415187
v 0.0136438 0.01506735 0.050439801
v 0.0136438 0.0131427 0.050439801
v 0.013679055 0.0131427 0.050415187
v 0.013679055 0.0115327 0.050415187
v 0.0136438 0.0115327 0.050439801
v 0.0136438 0.00960805 0.050439801
v 0.013679055 0.00960805 0.050415187
v 0.013679055 0.0079980499 0.050415187
v 0.0136438 0.0079980499 0.050439801
v 0.0136438 0.0060733998 0.050439801
v 0.013679055 0.0060733998 0.050415187
v 0.013679055 0.0044633999 0.050415187
v 0.0136438 0.0044633999 0.050439801
v 0.0136438 0.0025387499 0.050439801
v 0.013679055 0.0025387499 0.050415187
v 0.013679055 0.00093149997 0.050415187
v 0.013834029 0.00093149997 0.050326414
v 0.013986787 0.00093149997 0.050265965
v 0.01414607 0.00093149997 0.050221028
v 0.014320619 0.00093149997 0.05017879
v 0.014519176 0.00093149997 0.050126438
v 0.014519176 -0.00099849999 0.050126438
v 0.014180055 -0.00099849999 0.050207658
v 0.013679055 -0.00099849999 0.050415187
v 0.013679055 -0.0026058999 0.050415187
v 0.0136438 -0.0026058999 0.050439801
v 0.0136438 -0.0045305499 0.050439801
v 0.013679055 -0.0045305499 0.050415187
v 0.013679055 -0.0061405498 0.050415187
v 0.0136438 -0.0061405498 0.050439801
v 0.0136438 -0.0080651999 0.050439801
v 0.013679055 -0.0080651999 0.050415187
v 0.013679055 -0.0096752 0.050415187
v 0.0136438 -0.0096752 0.050439801
v 0.0136438 -0.011599849 0.050439801
v 0.013679055 -0.011599849 0.050415187
v 0.013679055 -0.01320985 0.050415187
v 0.0136438 -0.01320985 0.050439801
v 0.0136438 -0.0151345 0.050439801
v 0.013679055 -0.0151345 0.050415187
v 0.013679055 -0.01674175 0.050415187
v 0.013834029 -0.01674175 0.050326414
v 0.013986787 -0.01674175 0.050265965
v 0.01414607 -0.01674175 0.050221028
v 0.014320619 -0.01674175 0.05017879
v 0.014519176 -0.01674175 0.050126438
v 0.014519176 -0.01867175 0.050126438
v 0.014180055 -0.01867175 0.050207658
v 0.013679055 -0.01867175 0.050415187
v 0.013679055 -0.02027915 0.050415187
v 0.0136438 -0.02027915 0.050439801
v 0.0136438 -0.022203801 0.050439801
v 0.013679055 -0.022203801 0.050415187
v 0.013679055 -0.023813801 0.050415187
v 0.0136438 -0.023813801 0.050439801
v 0.0136438 -0.025738449 0.050439801
v 0.013679055 -0.025738449 0.050415187
v 0.013679055 -0.027348449 0.050415187
v 0.0136438 -0.027348449 0.050439801
v 0.0136438 -0.0292731 0.050439801
v 0.013679055 -0.0292731 0.050415187
v 0.013679055 -0.0308831 0.050415187
v 0.0136438 -0.0308831 0.050439801
v 0.0136438 -0.032807751 0.050439801
v 0.013679055 -0.032807751 0.050415187
v 0.013679055 -0.034414999 0.050415187
v 0.013834029 -0.034414999 0.050326414
v 0.013986787 -0.034414999 0.050265965
v 0.01414607 -0.034414999 0.050221028
v 0.014320619 -0.034414999 0.05017879
v 0.014519176 -0.034414999 0.050126438
v 0.014519176 -0.036345 0.050126438
v 0.014180055 -0.036345 0.050207658
v 0.013679055 -0.036345 0.050415187
v 0.013679055 -0.037952399 0.050415187
v 0.0136438 -0.037952399 0.050439801
v 0.0136438 -0.03987705 0.050439801
v 0.013679055 -0.03987705 0.050415187
v 0.013679055 -0.04148705 0.050415187
v 0.0136438 -0.04148705 0.050439801
v 0.0136438 -0.043411698 0.050439801
v 0.013679055 -0.043411698 0.050415187
v 0.013679055 -0.045021701 0.050415187
v 0.0136438 -0.045021701 0.050439801
v 0.0136438 -0.046946349 0.050439801
v 0.013679055 -0.046946349 0.050415187
v 0.013679055 -0.048556352 0.050415187
v 0.0136438 -0.048556352 0.050439801
v 0.0136438 -0.050481 0.050439801
v 0.013679055 -0.050481 0.050415187
v 0.013679055 -0.052090998 0.050415187
v 0.0136438 -0.052090998 0.050439801
v 0.0136438 -0.054225001 0.050439801
v 0.014063407 -0.054225001 0.050238681
v 0.014518026 -0.054225001 0.050126772
v 0.015358541 -0.054225001 0.049729142
v 0.016065034 -0.054225001 0.04908783
v 0.016306915 -0.054225001 0.048686986
v 0.016450388 -0.054225001 0.048243794
v 0.016484876 -0.054225001 0.047771721
v 0.016395173 -0.054225001 0.0473104
v 0.016208613 -0.054225001 0.046884494
v 0.015929462 -0.054225001 0.046502428
v 0.015194308 -0.054225001 0.045901651
v 0.014342099 -0.054225001 0.045530901
v 0.014342099 0.054225001 0.045530901
v 0.015194308 0.054225001 0.045901651
v 0.015929462 0.054225001 0.046502428
v 0.016208613 0.054225001 0.046884494
v 0.016395173 0.054225001 0.0473104
v 0.016484876 0.054225001 0.047771721
v 0.016450388 0.054225001 0.048243794
v 0.016306915 0.054225001 0.048686986
v 0.016065034 0.054225001 0.04908783
v 0.015358541 0.054225001 0.049729142
v 0.014518026 0.054225001 0.050126772
v 0.014063407 0.054225001 0.050238681
v 0.0136438 0.054225001 0.050439801
v 0.0136438 0.052023849 0.050439801
v 0.013679055 0.052023849 0.050415187
v 0.013679055 0.050413852 0.050415187
v 0.0136438 0.050413852 0.050439801
v 0.0136438 0.048489199 0.050439801
v 0.013679055 0.048489199 0.050415187
v 0.013679055 0.046879201 0.050415187
v 0.0136438 0.046879201 0.050439801
v 0.0136438 0.044954548 0.050439801
v 0.013679055 0.044954548 0.050415187
v 0.013679055 0.04334455 0.050415187
v 0.0136438 0.04334455 0.050439801
v 0.0136438 0.041419902 0.050439801
v 0.013679055 0.041419902 0.050415187
v 0.013679055 0.039809899 0.050415187
v 0.0136438 0.039809899 0.050439801
v 0.0136438 0.037885251 0.050439801
v 0.013679055 0.037885251 0.050415187
v 0.013679055 0.036278 0.050415187
v 0.013834029 0.036278 0.050326414
v 0.013986787 0.036278 0.050265965
v 0.01414607 0.036278 0.050221028
v 0.014320619 0.036278 0.05017879
v 0.014519176 0.036278 0.050126438
v 0.0098855001 0.054225001 0.086324301
v 0.0098855001 0.056725001 0.086324301
v 0.0098855001 0.056725001 0.1130637
v 0.0098855001 0.054225001 0.1130637
v -0.0110147 0.054225001 0.069797101
v -0.0110147 0.056725001 0.069797101
v -0.010970447 0.056725001 0.070021386
v -0.010918541 0.056725001 0.070236626
v -0.010857859 0.056725001 0.070441489
v -0.01078835 0.056725001 0.07063592
v -0.0107111 0.056725001 0.070821199
v -0.0107111 0.054225001 0.070821199
v -0.01078835 0.054225001 0.07063592
v -0.010857859 0.054225001 0.070441489
v -0.010918541 0.054225001 0.070236626
v -0.010970447 0.054225001 0.070021386
v 0.0017134655 0.039844899 0.018048944
v 0.0017134655 0.041384902 0.018048944
v 0.001600834 0.041384902 0.018055419
v 0.0014591068 0.041384902 0.018031569
v 0.0012983435 0.041384902 0.01801546
v 0.0011228 0.041384902 0.0180231
v 0.0011228 0.039844899 0.0180231
v 0.0012983435 0.039844899 0.01801546
v 0.0014591068 0.039844899 0.018031569
v 0.001600834 0.039844899 0.018055419
v -0.00075000003 0.054322014 0.13723354
v -0.00075000003 0.056602626 0.13723354
v 0.00057541799 0.056591001 0.1372502
v 0.00057541799 0.054340701 0.1372502
v 0.0021513 0.054225001 0.13727
v 0.0021513 0.056725001 0.13727
v -0.0058077002 0.056725001 0.13717
v -0.0058077002 0.054225001 0.13717
v 0.00075000003 0.074797201 0.1262868
v -0.00075000003 0.074797201 0.1262868
v -0.00075000003 0.079899998 0.1172009
v 0.00075000003 0.079899998 0.1172009
v 0.00075000003 0.080433798 0.1352352
v -0.00075000003 0.080433798 0.1352352
v -0.00075000003 0.08021924 0.13539197
v -0.00075000003 0.080002146 0.13554316
v -0.00075000003 0.079782152 0.13568796
v -0.00075000003 0.079559245 0.13582638
v -0.00075000003 0.079333801 0.1359592
v 0.00075000003 0.079333801 0.1359592
v 0.00075000003 0.079559245 0.13582638
v 0.00075000003 0.079782152 0.13568796
v 0.00075000003 0.080002146 0.13554316
v 0.00075000003 0.08021924 0.13539197
v -0.0184699 0.054225001 0.043501501
v -0.0184699 0.056725001 0.043501501
v -0.0170152 0.056725001 0.035004301
v -0.0170152 0.054225001 0.035004301
v -0.0092997003 -0.056725001 0.0737363
v -0.0092997003 -0.054225001 0.0737363
v -0.0082703 -0.054225001 0.075009699
v -0.0082703 -0.056725001 0.075009699
v 0.01844 -0.056725001 0.043850498
v 0.01844 -0.054225001 0.043850498
v 0.0185 -0.054225001 0.051476002
v 0.0185 -0.056725001 0.051476002
v -0.00075000003 -0.076171098 0.1368771
v 0.00075000003 -0.076171098 0.1368771
v 0.00075000003 -0.056874199 0.1368771
v -0.00075000003 -0.056874199 0.1368771
v -0.0138911 -0.056725001 0.018097399
v -0.0138911 -0.054225001 0.018097399
v -0.0131107 -0.054225001 0.013520401
v -0.0131107 -0.056725001 0.013520401
v 0.01122 0.036275251 0.0527597
v 0.0101869 0.036275251 0.0527597
v 0.0101869 0.036278 0.0527597
v 0.01122 0.036278 0.0527597
v 0.011028 -0.056725001 0.019153399
v 0.011028 -0.054225001 0.019153399
v 0.010867375 -0.054225001 0.018515166
v 0.010549108 -0.054225001 0.017943106
v 0.010268862 -0.054225001 0.017764521
v 0.0099322325 -0.054225001 0.017669032
v 0.0092409998 -0.054225001 0.017670799
v 0.0092409998 -0.056725001 0.017670799
v 0.0099322325 -0.056725001 0.017669032
v 0.010268862 -0.056725001 0.017764521
v 0.010549108 -0.056725001 0.017943106
v 0.010867375 -0.056725001 0.018515166
v -0.0017099179 -0.050516 0.018018194
v -0.0017099179 -0.052055998 0.018018194
v -0.0015623884 -0.052055998 0.018085564
v -0.0013489805 -0.052055998 0.018055273
v -0.0008783 -0.052055998 0.0180231
v -0.0008783 -0.050516 0.0180231
v -0.0013489805 -0.050516 0.018055273
v -0.0015623884 -0.050516 0.018085564
v 0.0017134655 -0.050516 0.018048944
v 0.0014943719 -0.050516 0.018742309
v 0.0010458807 -0.050516 0.019259725
v 0.0006170452 -0.050516 0.019503553
v 0.00016759999 -0.050516 0.0196112
v -0.00040560942 -0.050516 0.019570636
v -0.00078882322 -0.050516 0.019425513
v -0.0012416627 -0.050516 0.019078451
v -0.0015484141 -0.050516 0.018635591
v -0.0017099179 -0.050516 0.018018194
v -0.0015623884 -0.050516 0.018085564
v -0.0013489805 -0.050516 0.018055273
v -0.0008783 -0.050516 0.0180231
v 0.0011228 -0.050516 0.0180231
v 0.0012983435 -0.050516 0.01801546
v 0.0014591068 -0.050516 0.018031569
v 0.001600834 -0.050516 0.018055419
v 0.0135677 0.036278 0.070472298
v 0.013346953 0.036278 0.070406981
v 0.013346953 0.037885251 0.070406981
v 0.0100994 0.037885251 0.069446001
v 0.0100994 0.039809899 0.069446001
v 0.013346953 0.039809899 0.070406981
v 0.013346953 0.041419902 0.070406981
v 0.0100994 0.041419902 0.069446001
v 0.0100994 0.04334455 0.069446001
v 0.013346953 0.04334455 0.070406981
v 0.013346953 0.044954548 0.070406981
v 0.0100994 0.044954548 0.069446001
v 0.0100994 0.046879201 0.069446001
v 0.013346953 0.046879201 0.070406981
v 0.013346953 0.048489199 0.070406981
v 0.0100994 0.048489199 0.069446001
v 0.0100994 0.050413852 0.069446001
v 0.013346953 0.050413852 0.070406981
v 0.013346953 0.052023849 0.070406981
v 0.0100994 0.052023849 0.069446001
v 0.0100994 0.054225001 0.069446001
v 0.010995042 0.054225001 0.069711027
v 0.0135677 0.054225001 0.070472298
v 0.013506233 -0.036342399 0.050361061
v 0.011427799 -0.036342399 0.052648401
v 0.01122 -0.036342399 0.0527597
v 0.0101869 -0.036342399 0.0527597
v 0.010140328 -0.036342399 0.052750783
v 0.010087509 -0.036342399 0.052750726
v 0.010037535 -0.036342399 0.052766175
v 0.009996503 -0.036342399 0.052795639
v 0.0099831003 -0.036342399 0.052762799
v 0.0099831003 -0.036342399 0.045018902
v 0.0099753118 -0.036342399 0.04459372
v 0.010146 -0.036342399 0.0443256
v 0.0132595 -0.036342399 0.045248799
v 0.013279898 -0.036342399 0.045254116
v 0.013056375 -0.036342399 0.045347772
v 0.012576048 -0.036342399 0.045439129
v 0.012460285 -0.036342399 0.045646539
v 0.01248201 -0.036342399 0.045966954
v 0.012537 -0.036342399 0.046556301
v 0.012537 -0.036342399 0.050143399
v 0.012730563 -0.036342399 0.050304651
v 0.013000251 -0.036342399 0.050337563
v 0.0112432 0.052023849 0.052911201
v 0.01157071 0.052023849 0.052725511
v 0.011690036 0.052023849 0.052615037
v 0.0118677 0.052023849 0.052400799
v 0.0118677 0.054225001 0.052400799
v 0.011573906 0.054225001 0.052722902
v 0.0112432 0.054225001 0.052911201
v 0.0132595 0.052023849 0.045248799
v 0.013279898 0.052023849 0.045254116
v 0.013056375 0.052023849 0.045347772
v 0.012576048 0.052023849 0.045439129
v 0.012460285 0.052023849 0.045646539
v 0.01248201 0.052023849 0.045966954
v 0.012537 0.052023849 0.046556301
v 0.012537 0.052023849 0.050143399
v 0.012790861 0.052023849 0.050322933
v 0.01314401 0.052023849 0.050328312
v 0.013455532 0.052023849 0.0503441
v 0.013679055 0.052023849 0.050415187
v 0.0136438 0.052023849 0.050439801
v 0.0118677 0.052023849 0.052400799
v 0.011690036 0.052023849 0.052615037
v 0.01157071 0.052023849 0.052725511
v 0.0112432 0.052023849 0.052911201
v 0.010159301 0.052023849 0.052911201
v 0.010109097 0.052023849 0.052899451
v 0.010066663 0.052023849 0.052879429
v 0.010032234 0.052023849 0.052850413
v 0.010004584 0.052023849 0.052811403
v 0.0099831003 0.052023849 0.052762799
v 0.0099831003 0.052023849 0.045018902
v 0.0099753118 0.052023849 0.04459372
v 0.010146 0.052023849 0.0443256
v 0.013679055 -0.050481 0.050415187
v 0.0136438 -0.050481 0.050439801
v 0.0118677 -0.050481 0.052400799
v 0.011690036 -0.050481 0.052615037
v 0.01157071 -0.050481 0.052725511
v 0.0112432 -0.050481 0.052911201
v 0.010159301 -0.050481 0.052911201
v 0.010109097 -0.050481 0.052899451
v 0.010066663 -0.050481 0.052879429
v 0.010032234 -0.050481 0.052850413
v 0.010004584 -0.050481 0.052811403
v 0.0099831003 -0.050481 0.052762799
v 0.0099831003 -0.050481 0.045018902
v 0.0099753118 -0.050481 0.04459372
v 0.010146 -0.050481 0.0443256
v 0.0132595 -0.050481 0.045248799
v 0.013279898 -0.050481 0.045254116
v 0.013056375 -0.050481 0.045347772
v 0.012576048 -0.050481 0.045439129
v 0.012460285 -0.050481 0.045646539
v 0.01248201 -0.050481 0.045966954
v 0.012537 -0.050481 0.046556301
v 0.012537 -0.050481 0.050143399
v 0.012790861 -0.050481 0.050322933
v 0.01314401 -0.050481 0.050328312
v 0.013455532 -0.050481 0.0503441
v -0.01002 -0.056725001 0.089463196
v -0.01002 -0.054225001 0.089463196
v -0.0099572003 -0.054225001 0.085503302
v -0.0099572003 -0.056725001 0.085503302
v -0.00075000003 -0.066332598 0.1161069
v 0.00075000003 -0.066332598 0.1161069
v 0.00075000003 -0.066583381 0.11622727
v 0.00075000003 -0.066830106 0.11635627
v 0.00075000003 -0.067072206 0.11649513
v 0.00075000003 -0.067309675 0.11664386
v 0.00075000003 -0.067543101 0.1168012
v -0.00075000003 -0.067543101 0.1168012
v -0.00075000003 -0.067309675 0.11664386
v -0.00075000003 -0.067072206 0.11649513
v -0.00075000003 -0.066830106 0.11635627
v -0.00075000003 -0.066583381 0.11622727
v 0.013279898 0.052023849 0.045254116
v 0.0132595 0.052023849 0.045248799
v 0.0132595 0.054225001 0.045248799
v 0.014342099 0.054225001 0.045530901
v 0.014342099 -0.054225001 0.045530901
v 0.0132595 -0.054225001 0.045248799
v 0.0132595 -0.052090998 0.045248799
v 0.013279898 -0.052090998 0.045254116
v 0.013279898 -0.050481 0.045254116
v 0.0132595 -0.050481 0.045248799
v 0.0132595 -0.048556352 0.045248799
v 0.013279898 -0.048556352 0.045254116
v 0.013279898 -0.046946349 0.045254116
v 0.0132595 -0.046946349 0.045248799
v 0.0132595 -0.045021701 0.045248799
v 0.013279898 -0.045021701 0.045254116
v 0.013279898 -0.043411698 0.045254116
v 0.0132595 -0.043411698 0.045248799
v 0.0132595 -0.04148705 0.045248799
v 0.013279898 -0.04148705 0.045254116
v 0.013279898 -0.03987705 0.045254116
v 0.0132595 -0.03987705 0.045248799
v 0.0132595 -0.037952399 0.045248799
v 0.013279898 -0.037952399 0.045254116
v 0.013279898 -0.036342399 0.045254116
v 0.0132595 -0.036342399 0.045248799
v 0.0132595 -0.034417751 0.045248799
v 0.013279898 -0.034417751 0.045254116
v 0.013279898 -0.032807751 0.045254116
v 0.0132595 -0.032807751 0.045248799
v 0.0132595 -0.0308831 0.045248799
v 0.013279898 -0.0308831 0.045254116
v 0.013279898 -0.0292731 0.045254116
v 0.0132595 -0.0292731 0.045248799
v 0.0132595 -0.027348449 0.045248799
v 0.013279898 -0.027348449 0.045254116
v 0.013279898 -0.025738449 0.045254116
v 0.0132595 -0.025738449 0.045248799
v 0.0132595 -0.023813801 0.045248799
v 0.013279898 -0.023813801 0.045254116
v 0.013279898 -0.022203801 0.045254116
v 0.0132595 -0.022203801 0.045248799
v 0.0132595 -0.02027915 0.045248799
v 0.013279898 -0.02027915 0.045254116
v 0.013279898 -0.01866915 0.045254116
v 0.0132595 -0.01866915 0.045248799
v 0.0132595 -0.0167445 0.045248799
v 0.013279898 -0.0167445 0.045254116
v 0.013279898 -0.0151345 0.045254116
v 0.0132595 -0.0151345 0.045248799
v 0.0132595 -0.01320985 0.045248799
v 0.013279898 -0.01320985 0.045254116
v 0.013279898 -0.011599849 0.045254116
v 0.0132595 -0.011599849 0.045248799
v 0.0132595 -0.0096752 0.045248799
v 0.013279898 -0.0096752 0.045254116
v 0.013279898 -0.0080651999 0.045254116
v 0.0132595 -0.0080651999 0.045248799
v 0.0132595 -0.0061405498 0.045248799
v 0.013279898 -0.0061405498 0.045254116
v 0.013279898 -0.0045305499 0.045254116
v 0.0132595 -0.0045305499 0.045248799
v 0.0132595 -0.0026058999 0.045248799
v 0.013279898 -0.0026058999 0.045254116
v 0.013279898 -0.00099590003 0.045254116
v 0.0132595 -0.00099590003 0.045248799
v 0.0132595 0.00092874996 0.045248799
v 0.013279898 0.00092874996 0.045254116
v 0.013279898 0.0025387499 0.045254116
v 0.0132595 0.0025387499 0.045248799
v 0.0132595 0.0044633999 0.045248799
v 0.013279898 0.0044633999 0.045254116
v 0.013279898 0.0060733998 0.045254116
v 0.0132595 0.0060733998 0.045248799
v 0.0132595 0.0079980499 0.045248799
v 0.013279898 0.0079980499 0.045254116
v 0.013279898 0.00960805 0.045254116
v 0.0132595 0.00960805 0.045248799
v 0.0132595 0.0115327 0.045248799
v 0.013279898 0.0115327 0.045254116
v 0.013279898 0.0131427 0.045254116
v 0.0132595 0.0131427 0.045248799
v 0.0132595 0.01506735 0.045248799
v 0.013279898 0.01506735 0.045254116
v 0.013279898 0.01667735 0.045254116
v 0.0132595 0.01667735 0.045248799
v 0.0132595 0.018602 0.045248799
v 0.013279898 0.018602 0.045254116
v 0.013279898 0.020211999 0.045254116
v 0.0132595 0.020211999 0.045248799
v 0.0132595 0.02213665 0.045248799
v 0.013279898 0.02213665 0.045254116
v 0.013279898 0.02374665 0.045254116
v 0.0132595 0.02374665 0.045248799
v 0.0132595 0.025671301 0.045248799
v 0.013279898 0.025671301 0.045254116
v 0.013279898 0.027281301 0.045254116
v 0.0132595 0.027281301 0.045248799
v 0.0132595 0.029205949 0.045248799
v 0.013279898 0.029205949 0.045254116
v 0.013279898 0.030815949 0.045254116
v 0.0132595 0.030815949 0.045248799
v 0.0132595 0.0327406 0.045248799
v 0.013279898 0.0327406 0.045254116
v 0.013279898 0.0343506 0.045254116
v 0.0132595 0.0343506 0.045248799
v 0.0132595 0.036275251 0.045248799
v 0.013279898 0.036275251 0.045254116
v 0.013279898 0.037885251 0.045254116
v 0.0132595 0.037885251 0.045248799
v 0.0132595 0.039809899 0.045248799
v 0.013279898 0.039809899 0.045254116
v 0.013279898 0.041419902 0.045254116
v 0.0132595 0.041419902 0.045248799
v 0.0132595 0.04334455 0.045248799
v 0.013279898 0.04334455 0.045254116
v 0.013279898 0.044954548 0.045254116
v 0.0132595 0.044954548 0.045248799
v 0.0132595 0.046879201 0.045248799
v 0.013279898 0.046879201 0.045254116
v 0.013279898 0.048489199 0.045254116
v 0.0132595 0.048489199 0.045248799
v 0.0132595 0.050413852 0.045248799
v 0.013279898 0.050413852 0.045254116
v 0.0100445 0.054225001 0.085336103
v 0.0100445 0.056725001 0.085336103
v 0.0099009043 0.056725001 0.08578186
v 0.0098855001 0.056725001 0.086324301
v 0.0098855001 0.054225001 0.086324301
v 0.0099009043 0.054225001 0.08578186
v -0.011108 0.054225001 0.044138298
v -0.011108 0.056725001 0.044138298
v -0.0110147 0.056725001 0.069797101
v -0.0110147 0.054225001 0.069797101
v -0.011014992 0.054225001 0.06971693
v -0.0110761 0.054225001 0.052911201
v -0.011106284 0.054225001 0.044610338
v 0.00016759999 0.041384902 0.0196112
v -0.00040560942 0.041384902 0.019570636
v -0.00078882322 0.041384902 0.019425513
v -0.0012416627 0.041384902 0.019078451
v -0.0015484141 0.041384902 0.018635591
v -0.0017099179 0.041384902 0.018018194
v -0.0015623884 0.041384902 0.018085564
v -0.0013489805 0.041384902 0.018055273
v -0.0008783 0.041384902 0.0180231
v 0.0011228 0.041384902 0.0180231
v 0.0012983435 0.041384902 0.01801546
v 0.0014591068 0.041384902 0.018031569
v 0.001600834 0.041384902 0.018055419
v 0.0017134655 0.041384902 0.018048944
v 0.0014943719 0.041384902 0.018742309
v 0.0010458807 0.041384902 0.019259725
v 0.0006170452 0.041384902 0.019503553
v 0.00075000003 0.072688799 0.126317
v -0.00075000003 0.072688799 0.126317
v -0.00075000003 0.073747478 0.12643677
v -0.00075000003 0.074797201 0.1262868
v 0.00075000003 0.074797201 0.1262868
v 0.00075000003 0.073747478 0.12643677
v 0.00075000003 0.079333801 0.1359592
v -0.00075000003 0.079333801 0.1359592
v -0.00075000003 0.077642698 0.1367049
v 0.00075000003 0.077642698 0.1367049
v -0.0170152 0.054225001 0.035004301
v -0.0170152 0.056725001 0.035004301
v -0.0138911 0.056725001 0.018097399
v -0.0138911 0.054225001 0.018097399
v -0.0100308 -0.056725001 0.0724892
v -0.0100308 -0.054225001 0.0724892
v -0.0092997003 -0.054225001 0.0737363
v -0.0092997003 -0.056725001 0.0737363
v 0.012820899 -0.056725001 0.0139762
v 0.012820899 -0.054225001 0.0139762
v 0.01844 -0.054225001 0.043850498
v 0.01844 -0.056725001 0.043850498
v -0.0131107 -0.056725001 0.013520401
v -0.0131107 -0.054225001 0.013520401
v -0.012476743 -0.054225001 0.01288904
v -0.0116469 -0.054225001 0.0125942
v -0.0116469 -0.056725001 0.0125942
v -0.012476743 -0.056725001 0.01288904
v 0.014519176 0.034347999 0.050126438
v 0.014519176 0.036278 0.050126438
v 0.014436003 0.036278 0.050456262
v 0.0144551 0.036278 0.0508393
v 0.0144551 0.034347999 0.0508393
v 0.014436003 0.034347999 0.050456262
v 0.0092409998 -0.056725001 0.017670799
v 0.0092409998 -0.054225001 0.017670799
v 0.0038694 -0.054225001 0.0176745
v 0.0038694 -0.056725001 0.0176745
v -0.0008783 -0.050516 0.0180231
v -0.0008783 -0.052055998 0.0180231
v 0.0011228 -0.052055998 0.0180231
v 0.0011228 -0.050516 0.0180231
v 0.0017134655 -0.052055998 0.018048944
v 0.0017134655 -0.050516 0.018048944
v 0.001600834 -0.050516 0.018055419
v 0.0014591068 -0.050516 0.018031569
v 0.0012983435 -0.050516 0.01801546
v 0.0011228 -0.050516 0.0180231
v 0.0011228 -0.052055998 0.0180231
v 0.0012983435 -0.052055998 0.01801546
v 0.0014591068 -0.052055998 0.018031569
v 0.001600834 -0.052055998 0.018055419
v 0.0104035 0.054225001 0.0716466
v 0.0104035 0.056725001 0.0716466
v 0.0109935 0.056725001 0.069991202
v 0.0109935 0.054225001 0.069991202
v 0.0109935 0.054225001 0.069991202
v 0.010995042 0.054225001 0.069711027
v 0.0100994 0.054225001 0.069446001
v 0.0100015 0.054225001 0.069539199
v 0.0100087 0.054225001 0.071480498
v 0.0100087 0.054225001 0.0716045
v 0.010299398 0.054225001 0.071868434
v 0.0104035 0.054225001 0.0716466
v 0.0099831003 0.052023849 0.045018902
v 0.0099831003 0.052023849 0.052762799
v 0.0099831003 0.054225001 0.052762799
v 0.0099831003 0.054225001 0.045018902
v 0.013679055 -0.052090998 0.050415187
v 0.013679055 -0.050481 0.050415187
v 0.013455532 -0.050481 0.0503441
v 0.01314401 -0.050481 0.050328312
v 0.012790861 -0.050481 0.050322933
v 0.012537 -0.050481 0.050143399
v 0.012537 -0.052090998 0.050143399
v 0.012790861 -0.052090998 0.050322933
v 0.01314401 -0.052090998 0.050328312
v 0.013455532 -0.052090998 0.0503441
v 0.010146 0.052023849 0.0443256
v 0.0099753118 0.052023849 0.04459372
v 0.0099831003 0.052023849 0.045018902
v 0.0099831003 0.054225001 0.045018902
v 0.0099786162 0.054225001 0.04457849
v 0.010146 0.054225001 0.0443256
v -0.0097799999 -0.056725001 0.1316661
v -0.0097799999 -0.054225001 0.1316661
v -0.01002 -0.054225001 0.089463196
v -0.01002 -0.056725001 0.089463196
v 0.00075000003 -0.056725001 0.10249603
v 0.00075000003 -0.056725001 0.13706384
v 0.00075000003 -0.056777358 0.13699537
v 0.00075000003 -0.056826982 0.13693338
v 0.00075000003 -0.056874199 0.1368771
v 0.00075000003 -0.076171098 0.1368771
v 0.00075000003 -0.077642698 0.1367049
v 0.00075000003 -0.079333801 0.1359592
v 0.00075000003 -0.079559245 0.13582638
v 0.00075000003 -0.079782152 0.13568796
v 0.00075000003 -0.080002146 0.13554316
v 0.00075000003 -0.08021924 0.13539197
v 0.00075000003 -0.080433798 0.1352352
v 0.00075000003 -0.081766396 0.1340169
v 0.00075000003 -0.082884798 0.1323802
v 0.00075000003 -0.082973852 0.13215696
v 0.00075000003 -0.083057413 0.13193152
v 0.00075000003 -0.083134708 0.13170357
v 0.00075000003 -0.083205748 0.13147308
v 0.00075000003 -0.083271303 0.1312404
v 0.00075000003 -0.083575497 0.1296665
v 0.00075000003 -0.083968496 0.1179934
v 0.00075000003 -0.083777266 0.11736924
v 0.00075000003 -0.083441572 0.11679365
v 0.00075000003 -0.082918482 0.11641708
v 0.00075000003 -0.082251654 0.11625349
v 0.00075000003 -0.081563387 0.11624625
v 0.00075000003 -0.080915785 0.11638033
v 0.00075000003 -0.080338097 0.11667812
v 0.00075000003 -0.079899998 0.1172009
v 0.00075000003 -0.074797201 0.1262868
v 0.00075000003 -0.073747478 0.12643677
v 0.00075000003 -0.072688799 0.126317
v 0.00075000003 -0.067543101 0.1168012
v 0.00075000003 -0.067309675 0.11664386
v 0.00075000003 -0.067072206 0.11649513
v 0.00075000003 -0.066830106 0.11635627
v 0.00075000003 -0.066583381 0.11622727
v 0.00075000003 -0.066332598 0.1161069
v 0.00075000003 -0.063006701 0.1162084
v 0.00075000003 -0.062675757 0.11578236
v 0.00075000003 -0.062438002 0.115237
v -0.00075000003 -0.063006701 0.1162084
v 0.00075000003 -0.063006701 0.1162084
v 0.00075000003 -0.066332598 0.1161069
v -0.00075000003 -0.066332598 0.1161069
v 0.0171762 0.054225001 0.080245104
v 0.0171762 0.056725001 0.080245104
v 0.0100445 0.056725001 0.085336103
v 0.0100445 0.054225001 0.085336103
v -0.01104 0.054225001 0.019362
v -0.01104 0.056725001 0.019362
v -0.011108 0.056725001 0.044138298
v -0.011108 0.054225001 0.044138298
v -0.0017099179 0.044919548 0.018018194
v -0.0017099179 0.04337955 0.018018194
v -0.0015623884 0.04337955 0.018085564
v -0.0013489805 0.04337955 0.018055273
v -0.0008783 0.04337955 0.0180231
v -0.0008783 0.044919548 0.0180231
v -0.0013489805 0.044919548 0.018055273
v -0.0015623884 0.044919548 0.018085564
v 0.00075000003 0.067543101 0.1168012
v -0.00075000003 0.067543101 0.1168012
v -0.00075000003 0.072688799 0.126317
v 0.00075000003 0.072688799 0.126317
v 0.00075000003 0.077642698 0.1367049
v -0.00075000003 0.077642698 0.1367049
v -0.00075000003 0.076171098 0.1368771
v 0.00075000003 0.076171098 0.1368771
v -0.0138911 0.054225001 0.018097399
v -0.0138911 0.056725001 0.018097399
v -0.0131107 0.056725001 0.013520401
v -0.0131107 0.054225001 0.013520401
v -0.0107111 -0.056725001 0.070821199
v -0.0107111 -0.054225001 0.070821199
v -0.010288148 -0.054225001 0.07185822
v -0.0100308 -0.054225001 0.0724892
v -0.0100308 -0.056725001 0.0724892
v 0.0115817 -0.056725001 0.012314
v 0.0115817 -0.054225001 0.012314
v 0.012087955 -0.054225001 0.012558894
v 0.01245909 -0.054225001 0.012941687
v 0.012697042 -0.054225001 0.013429556
v 0.012820899 -0.054225001 0.0139762
v 0.012820899 -0.056725001 0.0139762
v 0.012697042 -0.056725001 0.013429556
v 0.01245909 -0.056725001 0.012941687
v 0.012087955 -0.056725001 0.012558894
v -0.0116469 -0.056725001 0.0125942
v -0.0116469 -0.054225001 0.0125942
v -0.0079597998 -0.054225001 0.0135835
v -0.0079597998 -0.056725001 0.0135835
v 0.010995042 -0.054225001 0.069711027
v 0.0109935 -0.054225001 0.069991202
v 0.0104035 -0.054225001 0.0716466
v 0.010299398 -0.054225001 0.071868434
v 0.0100087 -0.054225001 0.0716045
v 0.0100087 -0.054225001 0.071480498
v 0.0100015 -0.054225001 0.069539199
v 0.0100994 -0.054225001 0.069446001
v 0.0038694 -0.056725001 0.0176745
v 0.0038694 -0.054225001 0.0176745
v 0.0037841001 -0.054225001 0.0176745
v 0.0037841001 -0.056725001 0.0176745
v 0.00016759999 -0.052055998 0.0196112
v 0.00087720916 -0.052055998 0.019374551
v 0.0011393947 -0.052055998 0.019183298
v 0.0014213887 -0.052055998 0.018862392
v 0.001617243 -0.052055998 0.018463665
v 0.0017134655 -0.052055998 0.018048944
v 0.001600834 -0.052055998 0.018055419
v 0.0014591068 -0.052055998 0.018031569
v 0.0012983435 -0.052055998 0.01801546
v 0.0011228 -0.052055998 0.0180231
v -0.0008783 -0.052055998 0.0180231
v -0.0013489805 -0.052055998 0.018055273
v -0.0015623884 -0.052055998 0.018085564
v -0.0017099179 -0.052055998 0.018018194
v -0.0015780129 -0.052055998 0.018567621
v -0.0012623653 -0.052055998 0.019056196
v -0.00067759603 -0.052055998 0.019479625
v -0.00033694662 -0.052055998 0.019585383
v 0.0099831003 0.052023849 0.052762799
v 0.010004584 0.052023849 0.052811403
v 0.010032234 0.052023849 0.052850413
v 0.010066663 0.052023849 0.052879429
v 0.010109097 0.052023849 0.052899451
v 0.010159301 0.052023849 0.052911201
v 0.010159301 0.054225001 0.052911201
v 0.010109925 0.054225001 0.052899714
v 0.010067147 0.054225001 0.052879734
v 0.010031909 0.054225001 0.052850051
v 0.010004209 0.054225001 0.052810669
v 0.0099831003 0.054225001 0.052762799
v 0.0132595 0.052023849 0.045248799
v 0.010146 0.052023849 0.0443256
v 0.010146 0.054225001 0.0443256
v 0.0110923 0.054225001 0.044606194
v 0.0132595 0.054225001 0.045248799
v -0.0058077002 -0.056725001 0.13717
v -0.0058077002 -0.054225001 0.13717
v -0.0062902737 -0.054225001 0.13715183
v -0.0067452192 -0.054225001 0.13702759
v -0.0075479817 -0.054225001 0.13658375
v -0.0082678306 -0.054225001 0.1359808
v -0.0088844228 -0.054225001 0.13524751
v -0.009341054 -0.054225001 0.13443032
v -0.0096399271 -0.054225001 0.13356588
v -0.009769662 -0.054225001 0.13264239
v -0.0097799999 -0.054225001 0.1316661
v -0.0097799999 -0.056725001 0.1316661
v -0.009769662 -0.056725001 0.13264239
v -0.0096399271 -0.056725001 0.13356588
v -0.009341054 -0.056725001 0.13443032
v -0.0088844228 -0.056725001 0.13524751
v -0.0082678306 -0.056725001 0.1359808
v -0.0075479817 -0.056725001 0.13658375
v -0.0067452192 -0.056725001 0.13702759
v -0.0062902737 -0.056725001 0.13715183
v 0.00057541799 -0.056591001 0.1372502
v 0.00057541799 -0.054340701 0.1372502
v -0.00075000003 -0.054340701 0.1372502
v -0.00075000003 -0.056591001 0.1372502
v -0.00075000003 -0.062438002 0.115237
v 0.00075000003 -0.062438002 0.115237
v 0.00075000003 -0.062675757 0.11578236
v 0.00075000003 -0.063006701 0.1162084
v -0.00075000003 -0.063006701 0.1162084
v -0.00075000003 -0.062675757 0.11578236
v 0.0183858 0.054225001 0.078084502
v 0.0183858 0.056725001 0.078084502
v 0.018261336 0.056725001 0.078705049
v 0.018027765 0.056725001 0.079289589
v 0.017666699 0.056725001 0.079809618
v 0.0171762 0.056725001 0.080245104
v 0.0171762 0.054225001 0.080245104
v 0.017666699 0.054225001 0.079809618
v 0.018027765 0.054225001 0.079289589
v 0.018261336 0.054225001 0.078705049
v -0.0102344 0.054225001 0.0176623
v -0.0102344 0.056725001 0.0176623
v -0.010594609 0.056725001 0.018023797
v -0.01082971 0.056725001 0.018421828
v -0.01104 0.056725001 0.019362
v -0.01104 0.054225001 0.019362
v -0.01082971 0.054225001 0.018421828
v -0.010594609 0.054225001 0.018023797
v -0.0008783 0.044919548 0.0180231
v -0.0008783 0.04337955 0.0180231
v 0.0011228 0.04337955 0.0180231
v 0.0011228 0.044919548 0.0180231
v 0.00075000003 0.066332598 0.1161069
v -0.00075000003 0.066332598 0.1161069
v -0.00075000003 0.066583381 0.11622727
v -0.00075000003 0.066830106 0.11635627
v -0.00075000003 0.067072206 0.11649513
v -0.00075000003 0.067309675 0.11664386
v -0.00075000003 0.067543101 0.1168012
v 0.00075000003 0.067543101 0.1168012
v 0.00075000003 0.067309675 0.11664386
v 0.00075000003 0.067072206 0.11649513
v 0.00075000003 0.066830106 0.11635627
v 0.00075000003 0.066583381 0.11622727
v 0.00075000003 0.076171098 0.1368771
v -0.00075000003 0.076171098 0.1368771
v -0.00075000003 0.056874199 0.1368771
v 0.00075000003 0.056874199 0.1368771
v -0.00075000003 0.054322014 0.13723354
v 0.00057541799 0.054340701 0.1372502
v -0.00075000003 0.054340701 0.1372502
v -0.0131107 0.054225001 0.013520401
v -0.0131107 0.056725001 0.013520401
v -0.012476743 0.056725001 0.01288904
v -0.0116469 0.056725001 0.0125942
v -0.0116469 0.054225001 0.0125942
v -0.012476743 0.054225001 0.01288904
v -0.0110147 -0.056725001 0.069797101
v -0.0110147 -0.054225001 0.069797101
v -0.010970447 -0.054225001 0.070021386
v -0.010918541 -0.054225001 0.070236626
v -0.010857859 -0.054225001 0.070441489
v -0.01078835 -0.054225001 0.07063592
v -0.0107111 -0.054225001 0.070821199
v -0.0107111 -0.056725001 0.070821199
v -0.01078835 -0.056725001 0.07063592
v -0.010857859 -0.056725001 0.070441489
v -0.010918541 -0.056725001 0.070236626
v -0.010970447 -0.056725001 0.070021386
v -0.0038712001 -0.056725001 0.0176614
v -0.0038712001 -0.054225001 0.0176614
v -0.0044067001 -0.054225001 0.0176614
v -0.0044067001 -0.056725001 0.0176614
v -0.0079597998 -0.056725001 0.0135835
v -0.0079597998 -0.054225001 0.0135835
v -0.0050581002 -0.054225001 0.0141833
v -0.0050581002 -0.056725001 0.0141833
v 0.0099408001 -0.056725001 0.0129399
v 0.0099408001 -0.054225001 0.0129399
v 0.0115817 -0.054225001 0.012314
v 0.0115817 -0.056725001 0.012314
v 0.0037841001 -0.056725001 0.0176745
v 0.0037841001 -0.054225001 0.0176745
v 0.0026267999 -0.054225001 0.0187327
v 0.0026267999 -0.056725001 0.0187327
v 0.010159301 0.052023849 0.052911201
v 0.0112432 0.052023849 0.052911201
v 0.0112432 0.054225001 0.052911201
v 0.01108749 0.054225001 0.052911201
v 0.010159301 0.054225001 0.052911201
v 0.0110923 0.054225001 0.052037101
v 0.0110923 0.056725001 0.052037101
v 0.0110923 0.056725001 0.0296123
v 0.0110923 0.054225001 0.0296123
v 0.0110923 0.054225001 0.044606194
v -0.00075000003 -0.056602626 0.13723354
v -0.00075000003 -0.054322014 0.13723354
v 0.00057541799 -0.054340701 0.1372502
v 0.00057541799 -0.056591001 0.1372502
v 0.0021513 -0.056725001 0.13727
v 0.0021513 -0.054225001 0.13727
v -0.0058077002 -0.054225001 0.13717
v -0.0058077002 -0.056725001 0.13717
v -0.00075000003 -0.056725001 0.10249603
v 0.00075000003 -0.056725001 0.10249603
v 0.00075000003 -0.062438002 0.115237
v -0.00075000003 -0.062438002 0.115237
v 0.0110923 0.054225001 0.0296123
v 0.0110923 0.056725001 0.0296123
v 0.011028 0.056725001 0.019153399
v 0.011028 0.054225001 0.019153399
v 0.0183858 0.054225001 0.070862398
v 0.0183858 0.056725001 0.070862398
v 0.0183858 0.056725001 0.078084502
v 0.0183858 0.054225001 0.078084502
v -0.0044067001 0.054225001 0.0176614
v -0.0044067001 0.056725001 0.0176614
v -0.0102344 0.056725001 0.0176623
v -0.0102344 0.054225001 0.0176623
v -0.0017099179 0.04337955 0.018018194
v -0.0015780129 0.04337955 0.018567621
v -0.0012623653 0.04337955 0.019056196
v -0.00067759603 0.04337955 0.019479625
v -0.00033694662 0.04337955 0.019585383
v 0.00016759999 0.04337955 0.0196112
v 0.00087720916 0.04337955 0.019374551
v 0.0011393947 0.04337955 0.019183298
v 0.0014213887 0.04337955 0.018862392
v 0.001617243 0.04337955 0.018463665
v 0.0017134655 0.04337955 0.018048944
v 0.001600834 0.04337955 0.018055419
v 0.0014591068 0.04337955 0.018031569
v 0.0012983435 0.04337955 0.01801546
v 0.0011228 0.04337955 0.0180231
v -0.0008783 0.04337955 0.0180231
v -0.0013489805 0.04337955 0.018055273
v -0.0015623884 0.04337955 0.018085564
v -0.00075000003 0.056602626 0.13723354
v -0.00075000003 0.054322014 0.13723354
v -0.00075000003 0.054340701 0.1372502
v -0.00075000003 0.056591001 0.1372502
v 0.00075000003 0.063006701 0.1162084
v -0.00075000003 0.063006701 0.1162084
v -0.00075000003 0.066332598 0.1161069
v 0.00075000003 0.066332598 0.1161069
v 0.00057541799 0.054340701 0.1372502
v 0.00057541799 0.056591001 0.1372502
v -0.00075000003 0.056591001 0.1372502
v -0.00075000003 0.054340701 0.1372502
v 0.00075000003 0.056725001 0.13706384
v 0.00075000003 0.056725001 0.10249603
v 0.00075000003 0.062438002 0.115237
v 0.00075000003 0.062675757 0.11578236
v 0.00075000003 0.063006701 0.1162084
v 0.00075000003 0.066332598 0.1161069
v 0.00075000003 0.066583381 0.11622727
v 0.00075000003 0.066830106 0.11635627
v 0.00075000003 0.067072206 0.11649513
v 0.00075000003 0.067309675 0.11664386
v 0.00075000003 0.067543101 0.1168012
v 0.00075000003 0.072688799 0.126317
v 0.00075000003 0.073747478 0.12643677
v 0.00075000003 0.074797201 0.1262868
v 0.00075000003 0.079899998 0.1172009
v 0.00075000003 0.080338097 0.11667812
v 0.00075000003 0.080915785 0.11638033
v 0.00075000003 0.081563387 0.11624625
v 0.00075000003 0.082251654 0.11625349
v 0.00075000003 0.082918482 0.11641708
v 0.00075000003 0.083441572 0.11679365
v 0.00075000003 0.083777266 0.11736924
v 0.00075000003 0.083968496 0.1179934
v 0.00075000003 0.083575497 0.1296665
v 0.00075000003 0.083271303 0.1312404
v 0.00075000003 0.083205748 0.13147308
v 0.00075000003 0.083134708 0.13170357
v 0.00075000003 0.083057413 0.13193152
v 0.00075000003 0.082973852 0.13215696
v 0.00075000003 0.082884798 0.1323802
v 0.00075000003 0.081766396 0.1340169
v 0.00075000003 0.080433798 0.1352352
v 0.00075000003 0.08021924 0.13539197
v 0.00075000003 0.080002146 0.13554316
v 0.00075000003 0.079782152 0.13568796
v 0.00075000003 0.079559245 0.13582638
v 0.00075000003 0.079333801 0.1359592
v 0.00075000003 0.077642698 0.1367049
v 0.00075000003 0.076171098 0.1368771
v 0.00075000003 0.056874199 0.1368771
v 0.00075000003 0.056826982 0.13693338
v 0.00075000003 0.056777358 0.13699537
v -0.0116469 0.054225001 0.0125942
v -0.0116469 0.056725001 0.0125942
v -0.0079597998 0.056725001 0.0135835
v -0.0079597998 0.054225001 0.0135835
v -0.011108 -0.056725001 0.044138298
v -0.011108 -0.054225001 0.044138298
v -0.011106284 -0.054225001 0.044610338
v -0.0110761 -0.054225001 0.052911201
v -0.011014992 -0.054225001 0.06971693
v -0.0110147 -0.054225001 0.069797101
v -0.0110147 -0.056725001 0.069797101
v -0.0050581002 -0.056725001 0.0141833
v -0.0050581002 -0.054225001 0.0141833
v -0.0024366 -0.054225001 0.014493999
v -0.0024366 -0.056725001 0.014493999
v 0.0075427002 -0.056725001 0.0136691
v 0.0075427002 -0.054225001 0.0136691
v 0.0099408001 -0.054225001 0.0129399
v 0.0099408001 -0.056725001 0.0129399
v 0.0109935 0.054225001 0.069991202
v 0.0109935 0.056725001 0.069991202
v 0.0110923 0.056725001 0.052037101
v 0.0110923 0.054225001 0.052037101
v 0.01108749 0.054225001 0.052911201
v 0.010995042 0.054225001 0.069711027
v -0.00075000003 -0.056725001 0.13706384
v -0.00075000003 -0.056725001 0.10249603
v -0.00075000003 -0.062438002 0.115237
v -0.00075000003 -0.062675757 0.11578236
v -0.00075000003 -0.063006701 0.1162084
v -0.00075000003 -0.066332598 0.1161069
v -0.00075000003 -0.066583381 0.11622727
v -0.00075000003 -0.066830106 0.11635627
v -0.00075000003 -0.067072206 0.11649513
v -0.00075000003 -0.067309675 0.11664386
v -0.00075000003 -0.067543101 0.1168012
v -0.00075000003 -0.072688799 0.126317
v -0.00075000003 -0.073747478 0.12643677
v -0.00075000003 -0.074797201 0.1262868
v -0.00075000003 -0.079899998 0.1172009
v -0.00075000003 -0.080338097 0.11667812
v -0.00075000003 -0.080915785 0.11638033
v -0.00075000003 -0.081563387 0.11624625
v -0.00075000003 -0.082251654 0.11625349
v -0.00075000003 -0.082918482 0.11641708
v -0.00075000003 -0.083441572 0.11679365
v -0.00075000003 -0.083777266 0.11736924
v -0.00075000003 -0.083968496 0.1179934
v -0.00075000003 -0.083575497 0.1296665
v -0.00075000003 -0.083271303 0.1312404
v -0.00075000003 -0.083205748 0.13147308
v -0.00075000003 -0.083134708 0.13170357
v -0.00075000003 -0.083057413 0.13193152
v -0.00075000003 -0.082973852 0.13215696
v -0.00075000003 -0.082884798 0.1323802
v -0.00075000003 -0.081766396 0.1340169
v -0.00075000003 -0.080433798 0.1352352
v -0.00075000003 -0.08021924 0.13539197
v -0.00075000003 -0.080002146 0.13554316
v -0.00075000003 -0.079782152 0.13568796
v -0.00075000003 -0.079559245 0.13582638
v -0.00075000003 -0.079333801 0.1359592
v -0.00075000003 -0.077642698 0.1367049
v -0.00075000003 -0.076171098 0.1368771
v -0.00075000003 -0.056874199 0.1368771
v -0.00075000003 -0.056826982 0.13693338
v -0.00075000003 -0.056777358 0.13699537
v 0.011028 0.054225001 0.019153399
v 0.011028 0.056725001 0.019153399
v 0.010867375 0.056725001 0.018515166
v 0.010549108 0.056725001 0.017943106
v 0.010268862 0.056725001 0.017764521
v 0.0099322325 0.056725001 0.017669032
v 0.0092409998 0.056725001 0.017670799
v 0.0092409998 0.054225001 0.017670799
v 0.0099322325 0.054225001 0.017669032
v 0.010268862 0.054225001 0.017764521
v 0.010549108 0.054225001 0.017943106
v 0.010867375 0.054225001 0.018515166
v 0.0185 0.054225001 0.051476002
v 0.0185 0.056725001 0.051476002
v 0.0183858 0.056725001 0.070862398
v 0.0183858 0.054225001 0.070862398
v 0.0017134655 0.04337955 0.018048944
v 0.0017134655 0.044919548 0.018048944
v 0.001600834 0.044919548 0.018055419
v 0.0014591068 0.044919548 0.018031569
v 0.0012983435 0.044919548 0.01801546
v 0.0011228 0.044919548 0.0180231
v 0.0011228 0.04337955 0.0180231
v 0.0012983435 0.04337955 0.01801546
v 0.0014591068 0.04337955 0.018031569
v 0.001600834 0.04337955 0.018055419
v 0.0099408001 0.054225001 0.0129399
v 0.0099408001 0.056725001 0.0129399
v 0.0115817 0.056725001 0.012314
v 0.0115817 0.054225001 0.012314
v 0.00057541799 0.056591001 0.1372502
v -0.00075000003 0.056602626 0.13723354
v -0.00075000003 0.056591001 0.1372502
v 0.00075000003 0.062438002 0.115237
v -0.00075000003 0.062438002 0.115237
v -0.00075000003 0.062675757 0.11578236
v -0.00075000003 0.063006701 0.1162084
v 0.00075000003 0.063006701 0.1162084
v 0.00075000003 0.062675757 0.11578236
v -0.00075000003 0.056725001 0.13706384
v 0.00075000003 0.056725001 0.13706384
v 0.00075000003 0.056777358 0.13699537
v 0.00075000003 0.056826982 0.13693338
v 0.00075000003 0.056874199 0.1368771
v -0.00075000003 0.056874199 0.1368771
v -0.00075000003 0.056826982 0.13693338
v -0.00075000003 0.056777358 0.13699537
v -0.0079597998 0.054225001 0.0135835
v -0.0079597998 0.056725001 0.0135835
v -0.0050581002 0.056725001 0.0141833
v -0.0050581002 0.054225001 0.0141833
v -0.01104 -0.056725001 0.019362
v -0.01104 -0.054225001 0.019362
v -0.011108 -0.054225001 0.044138298
v -0.011108 -0.056725001 0.044138298
v 0.0051494998 -0.056725001 0.0141686
v 0.0051494998 -0.054225001 0.0141686
v 0.0075427002 -0.054225001 0.0136691
v 0.0075427002 -0.056725001 0.0136691
v -0.00075000003 -0.054322014 0.13723354
v -0.00075000003 -0.056602626 0.13723354
v -0.00075000003 -0.056591001 0.1372502
v -0.00075000003 -0.054340701 0.1372502
v 0.0092409998 0.054225001 0.017670799
v 0.0092409998 0.056725001 0.017670799
v 0.0038694 0.056725001 0.0176745
v 0.0038694 0.054225001 0.0176745
v 0.01844 0.054225001 0.043850498
v 0.01844 0.056725001 0.043850498
v 0.0185 0.056725001 0.051476002
v 0.0185 0.054225001 0.051476002
v 0.00016759999 0.044919548 0.0196112
v -0.00040560942 0.044919548 0.019570636
v -0.00078882322 0.044919548 0.019425513
v -0.0012416627 0.044919548 0.019078451
v -0.0015484141 0.044919548 0.018635591
v -0.0017099179 0.044919548 0.018018194
v -0.0015623884 0.044919548 0.018085564
v -0.0013489805 0.044919548 0.018055273
v -0.0008783 0.044919548 0.0180231
v 0.0011228 0.044919548 0.0180231
v 0.0012983435 0.044919548 0.01801546
v 0.0014591068 0.044919548 0.018031569
v 0.001600834 0.044919548 0.018055419
v 0.0017134655 0.044919548 0.018048944
v 0.0014943719 0.044919548 0.018742309
v 0.0010458807 0.044919548 0.019259725
v 0.0006170452 0.044919548 0.019503553
v 0.0075427002 0.054225001 0.0136691
v 0.0075427002 0.056725001 0.0136691
v 0.0099408001 0.056725001 0.0129399
v 0.0099408001 0.054225001 0.0129399
v 0.00075000003 0.056725001 0.10249603
v -0.00075000003 0.056725001 0.10249603
v -0.00075000003 0.062438002 0.115237
v 0.00075000003 0.062438002 0.115237
v -0.00075000003 0.056725001 0.10249603
v -0.00075000003 0.056725001 0.13706384
v -0.00075000003 0.056777358 0.13699537
v -0.00075000003 0.056826982 0.13693338
v -0.00075000003 0.056874199 0.1368771
v -0.00075000003 0.076171098 0.1368771
v -0.00075000003 0.077642698 0.1367049
v -0.00075000003 0.079333801 0.1359592
v -0.00075000003 0.079559245 0.13582638
v -0.00075000003 0.079782152 0.13568796
v -0.00075000003 0.080002146 0.13554316
v -0.00075000003 0.08021924 0.13539197
v -0.00075000003 0.080433798 0.1352352
v -0.00075000003 0.081766396 0.1340169
v -0.00075000003 0.082884798 0.1323802
v -0.00075000003 0.082973852 0.13215696
v -0.00075000003 0.083057413 0.13193152
v -0.00075000003 0.083134708 0.13170357
v -0.00075000003 0.083205748 0.13147308
v -0.00075000003 0.083271303 0.1312404
v -0.00075000003 0.083575497 0.1296665
v -0.00075000003 0.083968496 0.1179934
v -0.00075000003 0.083777266 0.11736924
v -0.00075000003 0.083441572 0.11679365
v -0.00075000003 0.082918482 0.11641708
v -0.00075000003 0.082251654 0.11625349
v -0.00075000003 0.081563387 0.11624625
v -0.00075000003 0.080915785 0.11638033
v -0.00075000003 0.080338097 0.11667812
v -0.00075000003 0.079899998 0.1172009
v -0.00075000003 0.074797201 0.1262868
v -0.00075000003 0.073747478 0.12643677
v -0.00075000003 0.072688799 0.126317
v -0.00075000003 0.067543101 0.1168012
v -0.00075000003 0.067309675 0.11664386
v -0.00075000003 0.067072206 0.11649513
v -0.00075000003 0.066830106 0.11635627
v -0.00075000003 0.066583381 0.11622727
v -0.00075000003 0.066332598 0.1161069
v -0.00075000003 0.063006701 0.1162084
v -0.00075000003 0.062675757 0.11578236
v -0.00075000003 0.062438002 0.115237
v -0.0050581002 0.054225001 0.0141833
v -0.0050581002 0.056725001 0.0141833
v -0.0024366 0.056725001 0.014493999
v -0.0024366 0.054225001 0.014493999
v -0.00022648808 -0.054225001 0.01457852
v -0.00022648808 -0.056725001 0.01457852
v -0.0024366 -0.056725001 0.014493999
v -0.0024366 -0.054225001 0.014493999
v -0.0102344 -0.056725001 0.0176623
v -0.0102344 -0.054225001 0.0176623
v -0.010594609 -0.054225001 0.018023797
v -0.01082971 -0.054225001 0.018421828
v -0.01104 -0.054225001 0.019362
v -0.01104 -0.056725001 0.019362
v -0.01082971 -0.056725001 0.018421828
v -0.010594609 -0.056725001 0.018023797
v 0.0024824999 -0.056725001 0.01449
v 0.0024824999 -0.054225001 0.01449
v 0.0051494998 -0.054225001 0.0141686
v 0.0051494998 -0.056725001 0.0141686
v 0.00075000003 -0.056725001 0.13706384
v -0.00075000003 -0.056725001 0.13706384
v -0.00075000003 -0.056777358 0.13699537
v -0.00075000003 -0.056826982 0.13693338
v -0.00075000003 -0.056874199 0.1368771
v 0.00075000003 -0.056874199 0.1368771
v 0.00075000003 -0.056826982 0.13693338
v 0.00075000003 -0.056777358 0.13699537
v 0.0038694 0.054225001 0.0176745
v 0.0038694 0.056725001 0.0176745
v 0.0037841001 0.056725001 0.0176745
v 0.0037841001 0.054225001 0.0176745
v 0.012820899 0.054225001 0.0139762
v 0.012820899 0.056725001 0.0139762
v 0.01844 0.056725001 0.043850498
v 0.01844 0.054225001 0.043850498
v -0.0017099179 0.048454199 0.018018194
v -0.0017099179 0.046914201 0.018018194
v -0.0015623884 0.046914201 0.018085564
v -0.0013489805 0.046914201 0.018055273
v -0.0008783 0.046914201 0.0180231
v -0.0008783 0.048454199 0.0180231
v -0.0013489805 0.048454199 0.018055273
v -0.0015623884 0.048454199 0.018085564
v 0.0051494998 0.054225001 0.0141686
v 0.0051494998 0.056725001 0.0141686
v 0.0075427002 0.056725001 0.0136691
v 0.0075427002 0.054225001 0.0136691
v 0.00024942048 -0.054225001 0.014582705
v 0.0007705956 -0.054225001 0.014861276
v 0.0011978598 -0.054225001 0.015358177
v 0.0014038475 -0.054225001 0.015750668
v 0.0015983953 -0.054225001 0.016318698
v 0.0016997688 -0.054225001 0.016845267
v 0.0017350599 -0.054225001 0.017249514
v 0.001739115 -0.054225001 0.017660362
v 0.0017211296 -0.054225001 0.01797474
v 0.0016000278 -0.054225001 0.018511634
v 0.0013389449 -0.054225001 0.018974859
v 0.00098455928 -0.054225001 0.019304601
v 0.00067153469 -0.054225001 0.019480938
v 0.0017111088 -0.054225001 0.019212897
v 0.0026267999 -0.054225001 0.0187327
v 0.0037841001 -0.054225001 0.0176745
v 0.0038694 -0.054225001 0.0176745
v 0.0092409998 -0.054225001 0.017670799
v 0.0099322325 -0.054225001 0.017669032
v 0.010268862 -0.054225001 0.017764521
v 0.010549108 -0.054225001 0.017943106
v 0.010867375 -0.054225001 0.018515166
v 0.011028 -0.054225001 0.019153399
v 0.0110923 -0.054225001 0.0296123
v 0.0110923 -0.054225001 0.044606194
v 0.0132595 -0.054225001 0.045248799
v 0.014342099 -0.054225001 0.045530901
v 0.015194308 -0.054225001 0.045901651
v 0.015929462 -0.054225001 0.046502428
v 0.016208613 -0.054225001 0.046884494
v 0.016395173 -0.054225001 0.0473104
v 0.016484876 -0.054225001 0.047771721
v 0.016450388 -0.054225001 0.048243794
v 0.016306915 -0.054225001 0.048686986
v 0.016065034 -0.054225001 0.04908783
v 0.015358541 -0.054225001 0.049729142
v 0.014518026 -0.054225001 0.050126772
v 0.014063407 -0.054225001 0.050238681
v 0.0136438 -0.054225001 0.050439801
v 0.0118677 -0.054225001 0.052400799
v 0.011573906 -0.054225001 0.052722902
v 0.0112432 -0.054225001 0.052911201
v 0.01108749 -0.054225001 0.052911201
v 0.010995042 -0.054225001 0.069711027
v 0.0135677 -0.054225001 0.070472298
v 0.014630979 -0.054225001 0.070648508
v 0.015624025 -0.054225001 0.071059918
v 0.016063013 -0.054225001 0.071361189
v 0.016458967 -0.054225001 0.071769166
v 0.016746892 -0.054225001 0.072227039
v 0.016903446 -0.054225001 0.072730212
v 0.016918681 -0.054225001 0.073267527
v 0.016776227 -0.054225001 0.073785
v 0.016497378 -0.054225001 0.074265704
v 0.016124252 -0.054225001 0.074654503
v 0.01519377 -0.054225001 0.075201068
v 0.014681814 -0.054225001 0.075371222
v 0.0141685 -0.054225001 0.075381298
v 0.010299398 -0.054225001 0.071868434
v 0.0097749001 -0.054225001 0.072986102
v 0.0089046001 -0.054225001 0.074275398
v 0.0076814002 -0.054225001 0.075618601
v 0.0059065998 -0.054225001 0.0771275
v 0.0057439411 -0.054225001 0.077262921
v 0.0055752021 -0.054225001 0.077386351
v 0.0053995073 -0.054225001 0.077496061
v 0.00521685 -0.054225001 0.077592039
v 0.0050281 -0.054225001 0.077676001
v -0.0043928 -0.054225001 0.077676001
v -0.0045741314 -0.054225001 0.077689033
v -0.004751201 -0.054225001 0.077688532
v -0.0049233907 -0.054225001 0.077672544
v -0.0050906879 -0.054225001 0.077641025
v -0.0052537 -0.054225001 0.077595901
v -0.0069554001 -0.054225001 0.076272602
v -0.0082703 -0.054225001 0.075009699
v -0.0092997003 -0.054225001 0.0737363
v -0.0100308 -0.054225001 0.0724892
v -0.010288148 -0.054225001 0.07185822
v -0.0141685 -0.054225001 0.075381298
v -0.014681814 -0.054225001 0.075371222
v -0.01519377 -0.054225001 0.075201068
v -0.016124252 -0.054225001 0.074654503
v -0.016497378 -0.054225001 0.074265704
v -0.016776227 -0.054225001 0.073785
v -0.016918681 -0.054225001 0.073267527
v -0.016903446 -0.054225001 0.072730212
v -0.016746892 -0.054225001 0.072227039
v -0.016458967 -0.054225001 0.071769166
v -0.016063013 -0.054225001 0.071361189
v -0.015624025 -0.054225001 0.071059918
v -0.014630979 -0.054225001 0.070648508
v -0.0135677 -0.054225001 0.070472298
v -0.011014992 -0.054225001 0.06971693
v -0.0110761 -0.054225001 0.052911201
v -0.0112432 -0.054225001 0.052911201
v -0.011573906 -0.054225001 0.052722902
v -0.0118677 -0.054225001 0.052400799
v -0.0136438 -0.054225001 0.050439801
v -0.014063407 -0.054225001 0.050238681
v -0.014518026 -0.054225001 0.050126772
v -0.015358541 -0.054225001 0.049729142
v -0.016065034 -0.054225001 0.04908783
v -0.016306915 -0.054225001 0.048686986
v -0.016450388 -0.054225001 0.048243794
v -0.016484876 -0.054225001 0.047771721
v -0.016395173 -0.054225001 0.0473104
v -0.016208613 -0.054225001 0.046884494
v -0.015929462 -0.054225001 0.046502428
v -0.015194308 -0.054225001 0.045901651
v -0.014342099 -0.054225001 0.045530901
v -0.0132595 -0.054225001 0.045248799
v -0.011106284 -0.054225001 0.044610338
v -0.011108 -0.054225001 0.044138298
v -0.01104 -0.054225001 0.019362
v -0.01082971 -0.054225001 0.018421828
v -0.010594609 -0.054225001 0.018023797
v -0.0102344 -0.054225001 0.0176623
v -0.0044067001 -0.054225001 0.0176614
v -0.0038712001 -0.054225001 0.0176614
v -0.0024130777 -0.054225001 0.018865784
v -0.0015746345 -0.054225001 0.019262682
v -0.00067876376 -0.054225001 0.019478925
v -0.001169356 -0.054225001 0.019150412
v -0.001490646 -0.054225001 0.018746871
v -0.0016798805 -0.054225001 0.018211536
v -0.001732237 -0.054225001 0.01782028
v -0.0017332935 -0.054225001 0.017236639
v -0.0016348022 -0.054225001 0.016506732
v -0.0014757207 -0.054225001 0.015941659
v -0.0012966509 -0.054225001 0.015537332
v -0.0011114347 -0.054225001 0.015236622
v -0.00070855647 -0.054225001 0.014813261
v -0.00022648808 -0.054225001 0.01457852
v -0.0024366 -0.054225001 0.014493999
v -0.0050581002 -0.054225001 0.0141833
v -0.0079597998 -0.054225001 0.0135835
v -0.0116469 -0.054225001 0.0125942
v -0.012476743 -0.054225001 0.01288904
v -0.0131107 -0.054225001 0.013520401
v -0.0138911 -0.054225001 0.018097399
v -0.0170152 -0.054225001 0.035004301
v -0.0184699 -0.054225001 0.043501501
v -0.0184699 -0.054225001 0.077778301
v -0.018306849 -0.054225001 0.078511872
v -0.018033984 -0.054225001 0.079202805
v -0.0171583 -0.054225001 0.080433197
v -0.010698299 -0.054225001 0.084871197
v -0.010271224 -0.054225001 0.085157442
v -0.0099572003 -0.054225001 0.085503302
v -0.01002 -0.054225001 0.089463196
v -0.0097799999 -0.054225001 0.1316661
v -0.009769662 -0.054225001 0.13264239
v -0.0096399271 -0.054225001 0.13356588
v -0.009341054 -0.054225001 0.13443032
v -0.0088844228 -0.054225001 0.13524751
v -0.0082678306 -0.054225001 0.1359808
v -0.0075479817 -0.054225001 0.13658375
v -0.0067452192 -0.054225001 0.13702759
v -0.0062902737 -0.054225001 0.13715183
v -0.0058077002 -0.054225001 0.13717
v 0.0021513 -0.054225001 0.13727
v 0.0026076069 -0.054225001 0.13729947
v 0.0030416289 -0.054225001 0.13721395
v 0.0038143337 -0.054225001 0.13685826
v 0.0045021176 -0.054225001 0.13632732
v 0.0049708 -0.054225001 0.1355853
v 0.0098855001 -0.054225001 0.1130637
v 0.0098855001 -0.054225001 0.086324301
v 0.0099009043 -0.054225001 0.08578186
v 0.0100445 -0.054225001 0.085336103
v 0.0171762 -0.054225001 0.080245104
v 0.017666699 -0.054225001 0.079809618
v 0.018027765 -0.054225001 0.079289589
v 0.018261336 -0.054225001 0.078705049
v 0.0183858 -0.054225001 0.078084502
v 0.0183858 -0.054225001 0.070862398
v 0.0185 -0.054225001 0.051476002
v 0.01844 -0.054225001 0.043850498
v 0.012820899 -0.054225001 0.0139762
v 0.012697042 -0.054225001 0.013429556
v 0.01245909 -0.054225001 0.012941687
v 0.012087955 -0.054225001 0.012558894
v 0.0115817 -0.054225001 0.012314
v 0.0099408001 -0.054225001 0.0129399
v 0.0075427002 -0.054225001 0.0136691
v 0.0051494998 -0.054225001 0.0141686
v 0.0024824999 -0.054225001 0.01449
v -0.0044067001 -0.056725001 0.0176614
v -0.0044067001 -0.054225001 0.0176614
v -0.0102344 -0.054225001 0.0176623
v -0.0102344 -0.056725001 0.0176623
v 0.00024942048 -0.056725001 0.014582705
v 0.00024942048 -0.054225001 0.014582705
v 0.0024824999 -0.054225001 0.01449
v 0.0024824999 -0.056725001 0.01449
v -0.00075000003 -0.056602626 0.13723354
v 0.00057541799 -0.056591001 0.1372502
v -0.00075000003 -0.056591001 0.1372502
v 0.0037841001 0.054225001 0.0176745
v 0.0037841001 0.056725001 0.0176745
v 0.0026267999 0.056725001 0.0187327
v 0.0026267999 0.054225001 0.0187327
v 0.0115817 0.054225001 0.012314
v 0.0115817 0.056725001 0.012314
v 0.012087955 0.056725001 0.012558894
v 0.01245909 0.056725001 0.012941687
v 0.012697042 0.056725001 0.013429556
v 0.012820899 0.056725001 0.0139762
v 0.012820899 0.054225001 0.0139762
v 0.012697042 0.054225001 0.013429556
v 0.01245909 0.054225001 0.012941687
v 0.012087955 0.054225001 0.012558894
v -0.00022648808 0.056725001 0.01457852
v -0.00022648808 0.054225001 0.01457852
v -0.0024366 0.054225001 0.014493999
v -0.0024366 0.056725001 0.014493999
v -0.0008783 0.048454199 0.0180231
v -0.0008783 0.046914201 0.0180231
v 0.0011228 0.046914201 0.0180231
v 0.0011228 0.048454199 0.0180231
v 0.0024824999 0.054225001 0.01449
v 0.0024824999 0.056725001 0.01449
v 0.0051494998 0.056725001 0.0141686
v 0.0051494998 0.054225001 0.0141686
v 0.00067153469 -0.054225001 0.019480938
v 0.00067153469 -0.056725001 0.019480938
v 0.0017111088 -0.056725001 0.019212897
v 0.0026267999 -0.056725001 0.0187327
v 0.0026267999 -0.054225001 0.0187327
v 0.0017111088 -0.054225001 0.019212897
v 0.00024942048 -0.056725001 0.014582705
v 0.0024824999 -0.056725001 0.01449
v 0.0051494998 -0.056725001 0.0141686
v 0.0075427002 -0.056725001 0.0136691
v 0.0099408001 -0.056725001 0.0129399
v 0.0115817 -0.056725001 0.012314
v 0.012087955 -0.056725001 0.012558894
v 0.01245909 -0.056725001 0.012941687
v 0.012697042 -0.056725001 0.013429556
v 0.012820899 -0.056725001 0.0139762
v 0.01844 -0.056725001 0.043850498
v 0.0185 -0.056725001 0.051476002
v 0.0183858 -0.056725001 0.070862398
v 0.0183858 -0.056725001 0.078084502
v 0.018261336 -0.056725001 0.078705049
v 0.018027765 -0.056725001 0.079289589
v 0.017666699 -0.056725001 0.079809618
v 0.0171762 -0.056725001 0.080245104
v 0.0100445 -0.056725001 0.085336103
v 0.0099009043 -0.056725001 0.08578186
v 0.0098855001 -0.056725001 0.086324301
v 0.0098855001 -0.056725001 0.1130637
v 0.0049708 -0.056725001 0.1355853
v 0.0045021176 -0.056725001 0.13632732
v 0.0038143337 -0.056725001 0.13685826
v 0.0030416289 -0.056725001 0.13721395
v 0.0026076069 -0.056725001 0.13729947
v 0.0021513 -0.056725001 0.13727
v -0.0058077002 -0.056725001 0.13717
v -0.0062902737 -0.056725001 0.13715183
v -0.0067452192 -0.056725001 0.13702759
v -0.0075479817 -0.056725001 0.13658375
v -0.0082678306 -0.056725001 0.1359808
v -0.0088844228 -0.056725001 0.13524751
v -0.009341054 -0.056725001 0.13443032
v -0.0096399271 -0.056725001 0.13356588
v -0.009769662 -0.056725001 0.13264239
v -0.0097799999 -0.056725001 0.1316661
v -0.01002 -0.056725001 0.089463196
v -0.0099572003 -0.056725001 0.085503302
v -0.010271224 -0.056725001 0.085157442
v -0.010698299 -0.056725001 0.084871197
v -0.0171583 -0.056725001 0.080433197
v -0.018033984 -0.056725001 0.079202805
v -0.018306849 -0.056725001 0.078511872
v -0.0184699 -0.056725001 0.077778301
v -0.0184699 -0.056725001 0.043501501
v -0.0170152 -0.056725001 0.035004301
v -0.0138911 -0.056725001 0.018097399
v -0.0131107 -0.056725001 0.013520401
v -0.012476743 -0.056725001 0.01288904
v -0.0116469 -0.056725001 0.0125942
v -0.0079597998 -0.056725001 0.0135835
v -0.0050581002 -0.056725001 0.0141833
v -0.0024366 -0.056725001 0.014493999
v -0.00022648808 -0.056725001 0.01457852
v -0.0001453 -0.056725001 0.0145614
v 5.7083536e-05 -0.056725001 0.014554576
v -0.00067876376 -0.056725001 0.019478925
v -0.0015746345 -0.056725001 0.019262682
v -0.0024130777 -0.056725001 0.018865784
v -0.0038712001 -0.056725001 0.0176614
v -0.0044067001 -0.056725001 0.0176614
v -0.0102344 -0.056725001 0.0176623
v -0.010594609 -0.056725001 0.018023797
v -0.01082971 -0.056725001 0.018421828
v -0.01104 -0.056725001 0.019362
v -0.011108 -0.056725001 0.044138298
v -0.0110147 -0.056725001 0.069797101
v -0.010970447 -0.056725001 0.070021386
v -0.010918541 -0.056725001 0.070236626
v -0.010857859 -0.056725001 0.070441489
v -0.01078835 -0.056725001 0.07063592
v -0.0107111 -0.056725001 0.070821199
v -0.0100308 -0.056725001 0.0724892
v -0.0092997003 -0.056725001 0.0737363
v -0.0082703 -0.056725001 0.075009699
v -0.0069554001 -0.056725001 0.076272602
v -0.0052537 -0.056725001 0.077595901
v -0.0050906879 -0.056725001 0.077641025
v -0.0049233907 -0.056725001 0.077672544
v -0.004751201 -0.056725001 0.077688532
v -0.0045741314 -0.056725001 0.077689033
v -0.0043928 -0.056725001 0.077676001
v 0.0050281 -0.056725001 0.077676001
v 0.00521685 -0.056725001 0.077592039
v 0.0053995073 -0.056725001 0.077496061
v 0.0055752021 -0.056725001 0.077386351
v 0.0057439411 -0.056725001 0.077262921
v 0.0059065998 -0.056725001 0.0771275
v 0.0076814002 -0.056725001 0.075618601
v 0.0089046001 -0.056725001 0.074275398
v 0.0097749001 -0.056725001 0.072986102
v 0.0104035 -0.056725001 0.0716466
v 0.0109935 -0.056725001 0.069991202
v 0.0110923 -0.056725001 0.052037101
v 0.0110923 -0.056725001 0.0296123
v 0.011028 -0.056725001 0.019153399
v 0.010867375 -0.056725001 0.018515166
v 0.010549108 -0.056725001 0.017943106
v 0.010268862 -0.056725001 0.017764521
v 0.0099322325 -0.056725001 0.017669032
v 0.0092409998 -0.056725001 0.017670799
v 0.0038694 -0.056725001 0.0176745
v 0.0037841001 -0.056725001 0.0176745
v 0.0026267999 -0.056725001 0.0187327
v 0.0017111088 -0.056725001 0.019212897
v 0.00067153469 -0.056725001 0.019480938
v 0.00051017258 -0.056725001 0.019541519
v 0.00034221906 -0.056725001 0.019585017
v 0.00016759999 -0.056725001 0.0196112
v -0.00028175363 -0.056725001 0.019594907
v -0.00075000003 -0.056725001 0.10249603
v -0.00075000003 -0.056725001 0.13706384
v 0.00075000003 -0.056725001 0.13706384
v 0.00075000003 -0.056725001 0.10249603
v 0.00057541799 -0.054340701 0.1372502
v -0.00075000003 -0.054322014 0.13723354
v -0.00075000003 -0.054340701 0.1372502
v -0.0038712001 0.054225001 0.0176614
v -0.0038712001 0.056725001 0.0176614
v -0.0044067001 0.056725001 0.0176614
v -0.0044067001 0.054225001 0.0176614
v -0.0017099179 0.046914201 0.018018194
v -0.0015780129 0.046914201 0.018567621
v -0.0012623653 0.046914201 0.019056196
v -0.00067759603 0.046914201 0.019479625
v -0.00033694662 0.046914201 0.019585383
v 0.00016759999 0.046914201 0.0196112
v 0.00087720916 0.046914201 0.019374551
v 0.0011393947 0.046914201 0.019183298
v 0.0014213887 0.046914201 0.018862392
v 0.001617243 0.046914201 0.018463665
v 0.0017134655 0.046914201 0.018048944
v 0.001600834 0.046914201 0.018055419
v 0.0014591068 0.046914201 0.018031569
v 0.0012983435 0.046914201 0.01801546
v 0.0011228 0.046914201 0.0180231
v -0.0008783 0.046914201 0.0180231
v -0.0013489805 0.046914201 0.018055273
v -0.0015623884 0.046914201 0.018085564
v -0.00067876376 -0.056725001 0.019478925
v -0.00067876376 -0.054225001 0.019478925
v -0.0015746345 -0.054225001 0.019262682
v -0.0024130777 -0.054225001 0.018865784
v -0.0038712001 -0.054225001 0.0176614
v -0.0038712001 -0.056725001 0.0176614
v -0.0024130777 -0.056725001 0.018865784
v -0.0015746345 -0.056725001 0.019262682
v 0.01108749 0.054225001 0.052911201
v 0.0110923 0.054225001 0.052037101
v 0.0110923 0.054225001 0.044606194
v 0.010146 0.054225001 0.0443256
v 0.0099786162 0.054225001 0.04457849
v 0.0099831003 0.054225001 0.045018902
v 0.0099831003 0.054225001 0.052762799
v 0.010004209 0.054225001 0.052810669
v 0.010031909 0.054225001 0.052850051
v 0.010067147 0.054225001 0.052879734
v 0.010109925 0.054225001 0.052899714
v 0.010159301 0.054225001 0.052911201
v 0.00067153469 0.056725001 0.019480938
v 0.00067153469 0.054225001 0.019480938
v 0.0017111088 0.054225001 0.019212897
v 0.0026267999 0.054225001 0.0187327
v 0.0026267999 0.056725001 0.0187327
v 0.0017111088 0.056725001 0.019212897
v 0.0017134655 0.046914201 0.018048944
v 0.0017134655 0.048454199 0.018048944
v 0.001600834 0.048454199 0.018055419
v 0.0014591068 0.048454199 0.018031569
v 0.0012983435 0.048454199 0.01801546
v 0.0011228 0.048454199 0.0180231
v 0.0011228 0.046914201 0.0180231
v 0.0012983435 0.046914201 0.01801546
v 0.0014591068 0.046914201 0.018031569
v 0.001600834 0.046914201 0.018055419
v -0.00067876376 0.054225001 0.019478925
v -0.00067876376 0.056725001 0.019478925
v -0.0015746345 0.056725001 0.019262682
v -0.0024130777 0.056725001 0.018865784
v -0.0038712001 0.056725001 0.0176614
v -0.0038712001 0.054225001 0.0176614
v -0.0024130777 0.054225001 0.018865784
v -0.0015746345 0.054225001 0.019262682
v 0.00067153469 0.056725001 0.019480938
v 0.0017111088 0.056725001 0.019212897
v 0.0026267999 0.056725001 0.0187327
v 0.0037841001 0.056725001 0.0176745
v 0.0038694 0.056725001 0.0176745
v 0.0092409998 0.056725001 0.017670799
v 0.0099322325 0.056725001 0.017669032
v 0.010268862 0.056725001 0.017764521
v 0.010549108 0.056725001 0.017943106
v 0.010867375 0.056725001 0.018515166
v 0.011028 0.056725001 0.019153399
v 0.0110923 0.056725001 0.0296123
v 0.0110923 0.056725001 0.052037101
v 0.0109935 0.056725001 0.069991202
v 0.0104035 0.056725001 0.0716466
v 0.0097749001 0.056725001 0.072986102
v 0.0089046001 0.056725001 0.074275398
v 0.0076814002 0.056725001 0.075618601
v 0.0059065998 0.056725001 0.0771275
v 0.0057439411 0.056725001 0.077262921
v 0.0055752021 0.056725001 0.077386351
v 0.0053995073 0.056725001 0.077496061
v 0.00521685 0.056725001 0.077592039
v 0.0050281 0.056725001 0.077676001
v -0.0043928 0.056725001 0.077676001
v -0.0045741314 0.056725001 0.077689033
v -0.004751201 0.056725001 0.077688532
v -0.0049233907 0.056725001 0.077672544
v -0.0050906879 0.056725001 0.077641025
v -0.0052537 0.056725001 0.077595901
v -0.0069554001 0.056725001 0.076272602
v -0.0082703 0.056725001 0.075009699
v -0.0092997003 0.056725001 0.0737363
v -0.0100308 0.056725001 0.0724892
v -0.0107111 0.056725001 0.070821199
v -0.01078835 0.056725001 0.07063592
v -0.010857859 0.056725001 0.070441489
v -0.010918541 0.056725001 0.070236626
v -0.010970447 0.056725001 0.070021386
v -0.0110147 0.056725001 0.069797101
v -0.011108 0.056725001 0.044138298
v -0.01104 0.056725001 0.019362
v -0.01082971 0.056725001 0.018421828
v -0.010594609 0.056725001 0.018023797
v -0.0102344 0.056725001 0.0176623
v -0.0044067001 0.056725001 0.0176614
v -0.0038712001 0.056725001 0.0176614
v -0.0024130777 0.056725001 0.018865784
v -0.0015746345 0.056725001 0.019262682
v -0.00067876376 0.056725001 0.019478925
v -0.00028175363 0.056725001 0.019594907
v 0.00016759999 0.056725001 0.0196112
v 0.00034221906 0.056725001 0.019585017
v 0.00051017258 0.056725001 0.019541519
v 0.00024942048 0.056725001 0.014582705
v 5.7083536e-05 0.056725001 0.014554576
v -0.0001453 0.056725001 0.0145614
v -0.00022648808 0.056725001 0.01457852
v -0.0024366 0.056725001 0.014493999
v -0.0050581002 0.056725001 0.0141833
v -0.0079597998 0.056725001 0.0135835
v -0.0116469 0.056725001 0.0125942
v -0.012476743 0.056725001 0.01288904
v -0.0131107 0.056725001 0.013520401
v -0.0138911 0.056725001 0.018097399
v -0.0170152 0.056725001 0.035004301
v -0.0184699 0.056725001 0.043501501
v -0.0184699 0.056725001 0.077778301
v -0.018306849 0.056725001 0.078511872
v -0.018033984 0.056725001 0.079202805
v -0.0171583 0.056725001 0.080433197
v -0.010698299 0.056725001 0.084871197
v -0.010271224 0.056725001 0.085157442
v -0.0099572003 0.056725001 0.085503302
v -0.01002 0.056725001 0.089463196
v -0.0097799999 0.056725001 0.1316661
v -0.009769662 0.056725001 0.13264239
v -0.0096399271 0.056725001 0.13356588
v -0.009341054 0.056725001 0.13443032
v -0.0088844228 0.056725001 0.13524751
v -0.0082678306 0.056725001 0.1359808
v -0.0075479817 0.056725001 0.13658375
v -0.0067452192 0.056725001 0.13702759
v -0.0062902737 0.056725001 0.13715183
v -0.0058077002 0.056725001 0.13717
v 0.0021513 0.056725001 0.13727
v 0.0026076069 0.056725001 0.13729947
v 0.0030416289 0.056725001 0.13721395
v 0.0038143337 0.056725001 0.13685826
v 0.0045021176 0.056725001 0.13632732
v 0.0049708 0.056725001 0.1355853
v 0.0098855001 0.056725001 0.1130637
v 0.0098855001 0.056725001 0.086324301
v 0.0099009043 0.056725001 0.08578186
v 0.0100445 0.056725001 0.085336103
v 0.0171762 0.056725001 0.080245104
v 0.017666699 0.056725001 0.079809618
v 0.018027765 0.056725001 0.079289589
v 0.018261336 0.056725001 0.078705049
v 0.0183858 0.056725001 0.078084502
v 0.0183858 0.056725001 0.070862398
v 0.0185 0.056725001 0.051476002
v 0.01844 0.056725001 0.043850498
v 0.012820899 0.056725001 0.0139762
v 0.012697042 0.056725001 0.013429556
v 0.01245909 0.056725001 0.012941687
v 0.012087955 0.056725001 0.012558894
v 0.0115817 0.056725001 0.012314
v 0.0099408001 0.056725001 0.0129399
v 0.0075427002 0.056725001 0.0136691
v 0.0051494998 0.056725001 0.0141686
v 0.0024824999 0.056725001 0.01449
v -0.00075000003 0.056725001 0.13706384
v -0.00075000003 0.056725001 0.10249603
v 0.00075000003 0.056725001 0.10249603
v 0.00075000003 0.056725001 0.13706384
v 0.00067153469 0.054225001 0.019480938
v 0.0010442656 0.054225001 0.019261267
v 0.0013082419 0.054225001 0.019011989
v 0.0015312436 0.054225001 0.018671424
v 0.0017270912 0.054225001 0.017922783
v 0.0017342143 0.054225001 0.017245129
v 0.0016020384 0.054225001 0.016332988
v 0.0012275533 0.054225001 0.015406518
v 0.00080698557 0.054225001 0.014892813
v 0.00024942048 0.054225001 0.014582705
v 0.0024824999 0.054225001 0.01449
v 0.0051494998 0.054225001 0.0141686
v 0.0075427002 0.054225001 0.0136691
v 0.0099408001 0.054225001 0.0129399
v 0.0115817 0.054225001 0.012314
v 0.012087955 0.054225001 0.012558894
v 0.01245909 0.054225001 0.012941687
v 0.012697042 0.054225001 0.013429556
v 0.012820899 0.054225001 0.0139762
v 0.01844 0.054225001 0.043850498
v 0.0185 0.054225001 0.051476002
v 0.0183858 0.054225001 0.070862398
v 0.0183858 0.054225001 0.078084502
v 0.018261336 0.054225001 0.078705049
v 0.018027765 0.054225001 0.079289589
v 0.017666699 0.054225001 0.079809618
v 0.0171762 0.054225001 0.080245104
v 0.0100445 0.054225001 0.085336103
v 0.0099009043 0.054225001 0.08578186
v 0.0098855001 0.054225001 0.086324301
v 0.0098855001 0.054225001 0.1130637
v 0.0049708 0.054225001 0.1355853
v 0.0045021176 0.054225001 0.13632732
v 0.0038143337 0.054225001 0.13685826
v 0.0030416289 0.054225001 0.13721395
v 0.0026076069 0.054225001 0.13729947
v 0.0021513 0.054225001 0.13727
v -0.0058077002 0.054225001 0.13717
v -0.0062902737 0.054225001 0.13715183
v -0.0067452192 0.054225001 0.13702759
v -0.0075479817 0.054225001 0.13658375
v -0.0082678306 0.054225001 0.1359808
v -0.0088844228 0.054225001 0.13524751
v -0.009341054 0.054225001 0.13443032
v -0.0096399271 0.054225001 0.13356588
v -0.009769662 0.054225001 0.13264239
v -0.0097799999 0.054225001 0.1316661
v -0.01002 0.054225001 0.089463196
v -0.0099572003 0.054225001 0.085503302
v -0.010271224 0.054225001 0.085157442
v -0.010698299 0.054225001 0.084871197
v -0.0171583 0.054225001 0.080433197
v -0.018033984 0.054225001 0.079202805
v -0.018306849 0.054225001 0.078511872
v -0.0184699 0.054225001 0.077778301
v -0.0184699 0.054225001 0.043501501
v -0.0170152 0.054225001 0.035004301
v -0.0138911 0.054225001 0.018097399
v -0.0131107 0.054225001 0.013520401
v -0.012476743 0.054225001 0.01288904
v -0.0116469 0.054225001 0.0125942
v -0.0079597998 0.054225001 0.0135835
v -0.0050581002 0.054225001 0.0141833
v -0.0024366 0.054225001 0.014493999
v -0.00022648808 0.054225001 0.01457852
v -0.0007671316 0.054225001 0.014860034
v -0.0011690486 0.054225001 0.015320866
v -0.0014021406 0.054225001 0.015759752
v -0.0015248644 0.054225001 0.016090599
v -0.0016712353 0.054225001 0.016698006
v -0.0017287347 0.054225001 0.0171742
v -0.0017318815 0.054225001 0.017793007
v -0.0016731228 0.054225001 0.018245828
v -0.0013922928 0.054225001 0.01889805
v -0.001089365 0.054225001 0.019221581
v -0.00067876376 0.054225001 0.019478925
v -0.0015746345 0.054225001 0.019262682
v -0.0024130777 0.054225001 0.018865784
v -0.0038712001 0.054225001 0.0176614
v -0.0044067001 0.054225001 0.0176614
v -0.0102344 0.054225001 0.0176623
v -0.010594609 0.054225001 0.018023797
v -0.01082971 0.054225001 0.018421828
v -0.01104 0.054225001 0.019362
v -0.011108 0.054225001 0.044138298
v -0.011106284 0.054225001 0.044610338
v -0.0132595 0.054225001 0.045248799
v -0.014342099 0.054225001 0.045530901
v -0.015194308 0.054225001 0.045901651
v -0.015929462 0.054225001 0.046502428
v -0.016208613 0.054225001 0.046884494
v -0.016395173 0.054225001 0.0473104
v -0.016484876 0.054225001 0.047771721
v -0.016450388 0.054225001 0.048243794
v -0.016306915 0.054225001 0.048686986
v -0.016065034 0.054225001 0.04908783
v -0.015358541 0.054225001 0.049729142
v -0.014518026 0.054225001 0.050126772
v -0.014063407 0.054225001 0.050238681
v -0.0136438 0.054225001 0.050439801
v -0.0118677 0.054225001 0.052400799
v -0.011573906 0.054225001 0.052722902
v -0.0112432 0.054225001 0.052911201
v -0.0110761 0.054225001 0.052911201
v -0.011014992 0.054225001 0.06971693
v -0.0135677 0.054225001 0.070472298
v -0.014630979 0.054225001 0.070648508
v -0.015624025 0.054225001 0.071059918
v -0.016063013 0.054225001 0.071361189
v -0.016458967 0.054225001 0.071769166
v -0.016746892 0.054225001 0.072227039
v -0.016903446 0.054225001 0.072730212
v -0.016918681 0.054225001 0.073267527
v -0.016776227 0.054225001 0.073785
v -0.016497378 0.054225001 0.074265704
v -0.016124252 0.054225001 0.074654503
v -0.01519377 0.054225001 0.075201068
v -0.014681814 0.054225001 0.075371222
v -0.0141685 0.054225001 0.075381298
v -0.010288148 0.054225001 0.07185822
v -0.0100308 0.054225001 0.0724892
v -0.0092997003 0.054225001 0.0737363
v -0.0082703 0.054225001 0.075009699
v -0.0069554001 0.054225001 0.076272602
v -0.0052537 0.054225001 0.077595901
v -0.0050906879 0.054225001 0.077641025
v -0.0049233907 0.054225001 0.077672544
v -0.004751201 0.054225001 0.077688532
v -0.0045741314 0.054225001 0.077689033
v -0.0043928 0.054225001 0.077676001
v 0.0050281 0.054225001 0.077676001
v 0.00521685 0.054225001 0.077592039
v 0.0053995073 0.054225001 0.077496061
v 0.0055752021 0.054225001 0.077386351
v 0.0057439411 0.054225001 0.077262921
v 0.0059065998 0.054225001 0.0771275
v 0.0076814002 0.054225001 0.075618601
v 0.0089046001 0.054225001 0.074275398
v 0.0097749001 0.054225001 0.072986102
v 0.010299398 0.054225001 0.071868434
v 0.0141685 0.054225001 0.075381298
v 0.014681814 0.054225001 0.075371222
v 0.01519377 0.054225001 0.075201068
v 0.016124252 0.054225001 0.074654503
v 0.016497378 0.054225001 0.074265704
v 0.016776227 0.054225001 0.073785
v 0.016918681 0.054225001 0.073267527
v 0.016903446 0.054225001 0.072730212
v 0.016746892 0.054225001 0.072227039
v 0.016458967 0.054225001 0.071769166
v 0.016063013 0.054225001 0.071361189
v 0.015624025 0.054225001 0.071059918
v 0.014630979 0.054225001 0.070648508
v 0.0135677 0.054225001 0.070472298
v 0.010995042 0.054225001 0.069711027
v 0.01108749 0.054225001 0.052911201
v 0.0112432 0.054225001 0.052911201
v 0.011573906 0.054225001 0.052722902
v 0.0118677 0.054225001 0.052400799
v 0.0136438 0.054225001 0.050439801
v 0.014063407 0.054225001 0.050238681
v 0.014518026 0.054225001 0.050126772
v 0.015358541 0.054225001 0.049729142
v 0.016065034 0.054225001 0.04908783
v 0.016306915 0.054225001 0.048686986
v 0.016450388 0.054225001 0.048243794
v 0.016484876 0.054225001 0.047771721
v 0.016395173 0.054225001 0.0473104
v 0.016208613 0.054225001 0.046884494
v 0.015929462 0.054225001 0.046502428
v 0.015194308 0.054225001 0.045901651
v 0.014342099 0.054225001 0.045530901
v 0.0132595 0.054225001 0.045248799
v 0.0110923 0.054225001 0.044606194
v 0.0110923 0.054225001 0.0296123
v 0.011028 0.054225001 0.019153399
v 0.010867375 0.054225001 0.018515166
v 0.010549108 0.054225001 0.017943106
v 0.010268862 0.054225001 0.017764521
v 0.0099322325 0.054225001 0.017669032
v 0.0092409998 0.054225001 0.017670799
v 0.0038694 0.054225001 0.0176745
v 0.0037841001 0.054225001 0.0176745
v 0.0026267999 0.054225001 0.0187327
v 0.0017111088 0.054225001 0.019212897
v -0.00022648808 0.054225001 0.01457852
v -0.00022648808 0.056725001 0.01457852
v -0.0001453 0.056725001 0.0145614
v -0.0001453 -0.056725001 0.0145614
v -0.00022648808 -0.056725001 0.01457852
v -0.00022648808 -0.054225001 0.01457852
v -0.00070855647 -0.054225001 0.014813261
v -0.0011114347 -0.054225001 0.015236622
v -0.0012966509 -0.054225001 0.015537332
v -0.0014757207 -0.054225001 0.015941659
v -0.0016348022 -0.054225001 0.016506732
v -0.0017332935 -0.054225001 0.017236639
v -0.001732237 -0.054225001 0.01782028
v -0.0016798805 -0.054225001 0.018211536
v -0.001490646 -0.054225001 0.018746871
v -0.001169356 -0.054225001 0.019150412
v -0.00067876376 -0.054225001 0.019478925
v -0.00067876376 -0.056725001 0.019478925
v -0.00028175363 -0.056725001 0.019594907
v 0.00016759999 -0.056725001 0.0196112
v 0.00016759999 -0.052055998 0.0196112
v -0.00033694662 -0.052055998 0.019585383
v -0.00067759603 -0.052055998 0.019479625
v -0.0012623653 -0.052055998 0.019056196
v -0.0015780129 -0.052055998 0.018567621
v -0.0017099179 -0.052055998 0.018018194
v -0.0017099179 -0.050516 0.018018194
v -0.0015484141 -0.050516 0.018635591
v -0.0012416627 -0.050516 0.019078451
v -0.00078882322 -0.050516 0.019425513
v -0.00040560942 -0.050516 0.019570636
v 0.00016759999 -0.050516 0.0196112
v 0.00016759999 -0.048521352 0.0196112
v -0.00033694662 -0.048521352 0.019585383
v -0.00067759603 -0.048521352 0.019479625
v -0.0012623653 -0.048521352 0.019056196
v -0.0015780129 -0.048521352 0.018567621
v -0.0017099179 -0.048521352 0.018018194
v -0.0017099179 -0.046981349 0.018018194
v -0.0015484141 -0.046981349 0.018635591
v -0.0012416627 -0.046981349 0.019078451
v -0.00078882322 -0.046981349 0.019425513
v -0.00040560942 -0.046981349 0.019570636
v 0.00016759999 -0.046981349 0.0196112
v 0.00016759999 -0.044986701 0.0196112
v -0.00033694662 -0.044986701 0.019585383
v -0.00067759603 -0.044986701 0.019479625
v -0.0012623653 -0.044986701 0.019056196
v -0.0015780129 -0.044986701 0.018567621
v -0.0017099179 -0.044986701 0.018018194
v -0.0017099179 -0.043446698 0.018018194
v -0.0015484141 -0.043446698 0.018635591
v -0.0012416627 -0.043446698 0.019078451
v -0.00078882322 -0.043446698 0.019425513
v -0.00040560942 -0.043446698 0.019570636
v 0.00016759999 -0.043446698 0.0196112
v 0.00016759999 -0.04145205 0.0196112
v -0.00033694662 -0.04145205 0.019585383
v -0.00067759603 -0.04145205 0.019479625
v -0.0012623653 -0.04145205 0.019056196
v -0.0015780129 -0.04145205 0.018567621
v -0.0017099179 -0.04145205 0.018018194
v -0.0017099179 -0.03991205 0.018018194
v -0.0015484141 -0.03991205 0.018635591
v -0.0012416627 -0.03991205 0.019078451
v -0.00078882322 -0.03991205 0.019425513
v -0.00040560942 -0.03991205 0.019570636
v 0.00016759999 -0.03991205 0.0196112
v 0.00016759999 -0.037917399 0.0196112
v -0.00033694662 -0.037917399 0.019585383
v -0.00067759603 -0.037917399 0.019479625
v -0.0012623653 -0.037917399 0.019056196
v -0.0015780129 -0.037917399 0.018567621
v -0.0017099179 -0.037917399 0.018018194
v -0.0017099179 -0.036377399 0.018018194
v -0.0015484141 -0.036377399 0.018635591
v -0.0012416627 -0.036377399 0.019078451
v -0.00078882322 -0.036377399 0.019425513
v -0.00040560942 -0.036377399 0.019570636
v 0.00016759999 -0.036377399 0.0196112
v 0.00016759999 -0.034382751 0.0196112
v -0.00033694662 -0.034382751 0.019585383
v -0.00067759603 -0.034382751 0.019479625
v -0.0012623653 -0.034382751 0.019056196
v -0.0015780129 -0.034382751 0.018567621
v -0.0017099179 -0.034382751 0.018018194
v -0.0017099179 -0.032842751 0.018018194
v -0.0015484141 -0.032842751 0.018635591
v -0.0012416627 -0.032842751 0.019078451
v -0.00078882322 -0.032842751 0.019425513
v -0.00040560942 -0.032842751 0.019570636
v 0.00016759999 -0.032842751 0.0196112
v 0.00016759999 -0.0308481 0.0196112
v -0.00033694662 -0.0308481 0.019585383
v -0.00067759603 -0.0308481 0.019479625
v -0.0012623653 -0.0308481 0.019056196
v -0.0015780129 -0.0308481 0.018567621
v -0.0017099179 -0.0308481 0.018018194
v -0.0017099179 -0.0293081 0.018018194
v -0.0015484141 -0.0293081 0.018635591
v -0.0012416627 -0.0293081 0.019078451
v -0.00078882322 -0.0293081 0.019425513
v -0.00040560942 -0.0293081 0.019570636
v 0.00016759999 -0.0293081 0.0196112
v 0.00016759999 -0.027313449 0.0196112
v -0.00033694662 -0.027313449 0.019585383
v -0.00067759603 -0.027313449 0.019479625
v -0.0012623653 -0.027313449 0.019056196
v -0.0015780129 -0.027313449 0.018567621
v -0.0017099179 -0.027313449 0.018018194
v -0.0017099179 -0.025773449 0.018018194
v -0.0015484141 -0.025773449 0.018635591
v -0.0012416627 -0.025773449 0.019078451
v -0.00078882322 -0.025773449 0.019425513
v -0.00040560942 -0.025773449 0.019570636
v 0.00016759999 -0.025773449 0.0196112
v 0.00016759999 -0.023778801 0.0196112
v -0.00033694662 -0.023778801 0.019585383
v -0.00067759603 -0.023778801 0.019479625
v -0.0012623653 -0.023778801 0.019056196
v -0.0015780129 -0.023778801 0.018567621
v -0.0017099179 -0.023778801 0.018018194
v -0.0017099179 -0.022238801 0.018018194
v -0.0015484141 -0.022238801 0.018635591
v -0.0012416627 -0.022238801 0.019078451
v -0.00078882322 -0.022238801 0.019425513
v -0.00040560942 -0.022238801 0.019570636
v 0.00016759999 -0.022238801 0.0196112
v 0.00016759999 -0.02024415 0.0196112
v -0.00033694662 -0.02024415 0.019585383
v -0.00067759603 -0.02024415 0.019479625
v -0.0012623653 -0.02024415 0.019056196
v -0.0015780129 -0.02024415 0.018567621
v -0.0017099179 -0.02024415 0.018018194
v -0.0017099179 -0.01870415 0.018018194
v -0.0015484141 -0.01870415 0.018635591
v -0.0012416627 -0.01870415 0.019078451
v -0.00078882322 -0.01870415 0.019425513
v -0.00040560942 -0.01870415 0.019570636
v 0.00016759999 -0.01870415 0.0196112
v 0.00016759999 -0.016709501 0.0196112
v -0.00033694662 -0.016709501 0.019585383
v -0.00067759603 -0.016709501 0.019479625
v -0.0012623653 -0.016709501 0.019056196
v -0.0015780129 -0.016709501 0.018567621
v -0.0017099179 -0.016709501 0.018018194
v -0.0017099179 -0.0151695 0.018018194
v -0.0015484141 -0.0151695 0.018635591
v -0.0012416627 -0.0151695 0.019078451
v -0.00078882322 -0.0151695 0.019425513
v -0.00040560942 -0.0151695 0.019570636
v 0.00016759999 -0.0151695 0.0196112
v 0.00016759999 -0.01317485 0.0196112
v -0.00033694662 -0.01317485 0.019585383
v -0.00067759603 -0.01317485 0.019479625
v -0.0012623653 -0.01317485 0.019056196
v -0.0015780129 -0.01317485 0.018567621
v -0.0017099179 -0.01317485 0.018018194
v -0.0017099179 -0.011634851 0.018018194
v -0.0015484141 -0.011634851 0.018635591
v -0.0012416627 -0.011634851 0.019078451
v -0.00078882322 -0.011634851 0.019425513
v -0.00040560942 -0.011634851 0.019570636
v 0.00016759999 -0.011634851 0.0196112
v 0.00016759999 -0.0096402001 0.0196112
v -0.00033694662 -0.0096402001 0.019585383
v -0.00067759603 -0.0096402001 0.019479625
v -0.0012623653 -0.0096402001 0.019056196
v -0.0015780129 -0.0096402001 0.018567621
v -0.0017099179 -0.0096402001 0.018018194
v -0.0017099179 -0.0081002003 0.018018194
v -0.0015484141 -0.0081002003 0.018635591
v -0.0012416627 -0.0081002003 0.019078451
v -0.00078882322 -0.0081002003 0.019425513
v -0.00040560942 -0.0081002003 0.019570636
v 0.00016759999 -0.0081002003 0.0196112
v 0.00016759999 -0.0061055499 0.0196112
v -0.00033694662 -0.0061055499 0.019585383
v -0.00067759603 -0.0061055499 0.019479625
v -0.0012623653 -0.0061055499 0.019056196
v -0.0015780129 -0.0061055499 0.018567621
v -0.0017099179 -0.0061055499 0.018018194
v -0.0017099179 -0.0045655501 0.018018194
v -0.0015484141 -0.0045655501 0.018635591
v -0.0012416627 -0.0045655501 0.019078451
v -0.00078882322 -0.0045655501 0.019425513
v -0.00040560942 -0.0045655501 0.019570636
v 0.00016759999 -0.0045655501 0.0196112
v 0.00016759999 -0.0025709 0.0196112
v -0.00033694662 -0.0025709 0.019585383
v -0.00067759603 -0.0025709 0.019479625
v -0.0012623653 -0.0025709 0.019056196
v -0.0015780129 -0.0025709 0.018567621
v -0.0017099179 -0.0025709 0.018018194
v -0.0017099179 -0.0010309 0.018018194
v -0.0015484141 -0.0010309 0.018635591
v -0.0012416627 -0.0010309 0.019078451
v -0.00078882322 -0.0010309 0.019425513
v -0.00040560942 -0.0010309 0.019570636
v 0.00016759999 -0.0010309 0.0196112
v 0.00016759999 0.00096375003 0.0196112
v -0.00033694662 0.00096375003 0.019585383
v -0.00067759603 0.00096375003 0.019479625
v -0.0012623653 0.00096375003 0.019056196
v -0.0015780129 0.00096375003 0.018567621
v -0.0017099179 0.00096375003 0.018018194
v -0.0017099179 0.00250375 0.018018194
v -0.0015484141 0.00250375 0.018635591
v -0.0012416627 0.00250375 0.019078451
v -0.00078882322 0.00250375 0.019425513
v -0.00040560942 0.00250375 0.019570636
v 0.00016759999 0.00250375 0.0196112
v 0.00016759999 0.0044984001 0.0196112
v -0.00033694662 0.0044984001 0.019585383
v -0.00067759603 0.0044984001 0.019479625
v -0.0012623653 0.0044984001 0.019056196
v -0.0015780129 0.0044984001 0.018567621
v -0.0017099179 0.0044984001 0.018018194
v -0.0017099179 0.0060383999 0.018018194
v -0.0015484141 0.0060383999 0.018635591
v -0.0012416627 0.0060383999 0.019078451
v -0.00078882322 0.0060383999 0.019425513
v -0.00040560942 0.0060383999 0.019570636
v 0.00016759999 0.0060383999 0.0196112
v 0.00016759999 0.0080330497 0.0196112
v -0.00033694662 0.0080330497 0.019585383
v -0.00067759603 0.0080330497 0.019479625
v -0.0012623653 0.0080330497 0.019056196
v -0.0015780129 0.0080330497 0.018567621
v -0.0017099179 0.0080330497 0.018018194
v -0.0017099179 0.0095730501 0.018018194
v -0.0015484141 0.0095730501 0.018635591
v -0.0012416627 0.0095730501 0.019078451
v -0.00078882322 0.0095730501 0.019425513
v -0.00040560942 0.0095730501 0.019570636
v 0.00016759999 0.0095730501 0.0196112
v 0.00016759999 0.0115677 0.0196112
v -0.00033694662 0.0115677 0.019585383
v -0.00067759603 0.0115677 0.019479625
v -0.0012623653 0.0115677 0.019056196
v -0.0015780129 0.0115677 0.018567621
v -0.0017099179 0.0115677 0.018018194
v -0.0017099179 0.0131077 0.018018194
v -0.0015484141 0.0131077 0.018635591
v -0.0012416627 0.0131077 0.019078451
v -0.00078882322 0.0131077 0.019425513
v -0.00040560942 0.0131077 0.019570636
v 0.00016759999 0.0131077 0.0196112
v 0.00016759999 0.01510235 0.0196112
v -0.00033694662 0.01510235 0.019585383
v -0.00067759603 0.01510235 0.019479625
v -0.0012623653 0.01510235 0.019056196
v -0.0015780129 0.01510235 0.018567621
v -0.0017099179 0.01510235 0.018018194
v -0.0017099179 0.01664235 0.018018194
v -0.0015484141 0.01664235 0.018635591
v -0.0012416627 0.01664235 0.019078451
v -0.00078882322 0.01664235 0.019425513
v -0.00040560942 0.01664235 0.019570636
v 0.00016759999 0.01664235 0.0196112
v 0.00016759999 0.018637 0.0196112
v -0.00033694662 0.018637 0.019585383
v -0.00067759603 0.018637 0.019479625
v -0.0012623653 0.018637 0.019056196
v -0.0015780129 0.018637 0.018567621
v -0.0017099179 0.018637 0.018018194
v -0.0017099179 0.020177 0.018018194
v -0.0015484141 0.020177 0.018635591
v -0.0012416627 0.020177 0.019078451
v -0.00078882322 0.020177 0.019425513
v -0.00040560942 0.020177 0.019570636
v 0.00016759999 0.020177 0.0196112
v 0.00016759999 0.02217165 0.0196112
v -0.00033694662 0.02217165 0.019585383
v -0.00067759603 0.02217165 0.019479625
v -0.0012623653 0.02217165 0.019056196
v -0.0015780129 0.02217165 0.018567621
v -0.0017099179 0.02217165 0.018018194
v -0.0017099179 0.02371165 0.018018194
v -0.0015484141 0.02371165 0.018635591
v -0.0012416627 0.02371165 0.019078451
v -0.00078882322 0.02371165 0.019425513
v -0.00040560942 0.02371165 0.019570636
v 0.00016759999 0.02371165 0.0196112
v 0.00016759999 0.025706301 0.0196112
v -0.00033694662 0.025706301 0.019585383
v -0.00067759603 0.025706301 0.019479625
v -0.0012623653 0.025706301 0.019056196
v -0.0015780129 0.025706301 0.018567621
v -0.0017099179 0.025706301 0.018018194
v -0.0017099179 0.027246301 0.018018194
v -0.0015484141 0.027246301 0.018635591
v -0.0012416627 0.027246301 0.019078451
v -0.00078882322 0.027246301 0.019425513
v -0.00040560942 0.027246301 0.019570636
v 0.00016759999 0.027246301 0.0196112
v 0.00016759999 0.029240949 0.0196112
v -0.00033694662 0.029240949 0.019585383
v -0.00067759603 0.029240949 0.019479625
v -0.0012623653 0.029240949 0.019056196
v -0.0015780129 0.029240949 0.018567621
v -0.0017099179 0.029240949 0.018018194
v -0.0017099179 0.03078095 0.018018194
v -0.0015484141 0.03078095 0.018635591
v -0.0012416627 0.03078095 0.019078451
v -0.00078882322 0.03078095 0.019425513
v -0.00040560942 0.03078095 0.019570636
v 0.00016759999 0.03078095 0.0196112
v 0.00016759999 0.0327756 0.0196112
v -0.00033694662 0.0327756 0.019585383
v -0.00067759603 0.0327756 0.019479625
v -0.0012623653 0.0327756 0.019056196
v -0.0015780129 0.0327756 0.018567621
v -0.0017099179 0.0327756 0.018018194
v -0.0017099179 0.0343156 0.018018194
v -0.0015484141 0.0343156 0.018635591
v -0.0012416627 0.0343156 0.019078451
v -0.00078882322 0.0343156 0.019425513
v -0.00040560942 0.0343156 0.019570636
v 0.00016759999 0.0343156 0.0196112
v 0.00016759999 0.036310251 0.0196112
v -0.00033694662 0.036310251 0.019585383
v -0.00067759603 0.036310251 0.019479625
v -0.0012623653 0.036310251 0.019056196
v -0.0015780129 0.036310251 0.018567621
v -0.0017099179 0.036310251 0.018018194
v -0.0017099179 0.037850249 0.018018194
v -0.0015484141 0.037850249 0.018635591
v -0.0012416627 0.037850249 0.019078451
v -0.00078882322 0.037850249 0.019425513
v -0.00040560942 0.037850249 0.019570636
v 0.00016759999 0.037850249 0.0196112
v 0.00016759999 0.039844899 0.0196112
v -0.00033694662 0.039844899 0.019585383
v -0.00067759603 0.039844899 0.019479625
v -0.0012623653 0.039844899 0.019056196
v -0.0015780129 0.039844899 0.018567621
v -0.0017099179 0.039844899 0.018018194
v -0.0017099179 0.041384902 0.018018194
v -0.0015484141 0.041384902 0.018635591
v -0.0012416627 0.041384902 0.019078451
v -0.00078882322 0.041384902 0.019425513
v -0.00040560942 0.041384902 0.019570636
v 0.00016759999 0.041384902 0.0196112
v 0.00016759999 0.04337955 0.0196112
v -0.00033694662 0.04337955 0.019585383
v -0.00067759603 0.04337955 0.019479625
v -0.0012623653 0.04337955 0.019056196
v -0.0015780129 0.04337955 0.018567621
v -0.0017099179 0.04337955 0.018018194
v -0.0017099179 0.044919548 0.018018194
v -0.0015484141 0.044919548 0.018635591
v -0.0012416627 0.044919548 0.019078451
v -0.00078882322 0.044919548 0.019425513
v -0.00040560942 0.044919548 0.019570636
v 0.00016759999 0.044919548 0.0196112
v 0.00016759999 0.046914201 0.0196112
v -0.00033694662 0.046914201 0.019585383
v -0.00067759603 0.046914201 0.019479625
v -0.0012623653 0.046914201 0.019056196
v -0.0015780129 0.046914201 0.018567621
v -0.0017099179 0.046914201 0.018018194
v -0.0017099179 0.048454199 0.018018194
v -0.0015484141 0.048454199 0.018635591
v -0.0012416627 0.048454199 0.019078451
v -0.00078882322 0.048454199 0.019425513
v -0.00040560942 0.048454199 0.019570636
v 0.00016759999 0.048454199 0.0196112
v 0.00016759999 0.050448852 0.0196112
v -0.00033694662 0.050448852 0.019585383
v -0.00067759603 0.050448852 0.019479625
v -0.0012623653 0.050448852 0.019056196
v -0.0015780129 0.050448852 0.018567621
v -0.0017099179 0.050448852 0.018018194
v -0.0017099179 0.05198885 0.018018194
v -0.0015484141 0.05198885 0.018635591
v -0.0012416627 0.05198885 0.019078451
v -0.00078882322 0.05198885 0.019425513
v -0.00040560942 0.05198885 0.019570636
v 0.00016759999 0.05198885 0.0196112
v 0.00016759999 0.056725001 0.0196112
v -0.00028175363 0.056725001 0.019594907
v -0.00067876376 0.056725001 0.019478925
v -0.00067876376 0.054225001 0.019478925
v -0.001089365 0.054225001 0.019221581
v -0.0013922928 0.054225001 0.01889805
v -0.0016731228 0.054225001 0.018245828
v -0.0017318815 0.054225001 0.017793007
v -0.0017287347 0.054225001 0.0171742
v -0.0016712353 0.054225001 0.016698006
v -0.0015248644 0.054225001 0.016090599
v -0.0014021406 0.054225001 0.015759752
v -0.0011690486 0.054225001 0.015320866
v -0.0007671316 0.054225001 0.014860034
v 0.00016759999 0.048454199 0.0196112
v -0.00040560942 0.048454199 0.019570636
v -0.00078882322 0.048454199 0.019425513
v -0.0012416627 0.048454199 0.019078451
v -0.0015484141 0.048454199 0.018635591
v -0.0017099179 0.048454199 0.018018194
v -0.0015623884 0.048454199 0.018085564
v -0.0013489805 0.048454199 0.018055273
v -0.0008783 0.048454199 0.0180231
v 0.0011228 0.048454199 0.0180231
v 0.0012983435 0.048454199 0.01801546
v 0.0014591068 0.048454199 0.018031569
v 0.001600834 0.048454199 0.018055419
v 0.0017134655 0.048454199 0.018048944
v 0.0014943719 0.048454199 0.018742309
v 0.0010458807 0.048454199 0.019259725
v 0.0006170452 0.048454199 0.019503553
v 0.00024942048 0.054225001 0.014582705
v 0.00024942048 0.056725001 0.014582705
v 0.0024824999 0.056725001 0.01449
v 0.0024824999 0.054225001 0.01449
v -0.0017099179 0.05198885 0.018018194
v -0.0017099179 0.050448852 0.018018194
v -0.0015623884 0.050448852 0.018085564
v -0.0013489805 0.050448852 0.018055273
v -0.0008783 0.050448852 0.0180231
v -0.0008783 0.05198885 0.0180231
v -0.0013489805 0.05198885 0.018055273
v -0.0015623884 0.05198885 0.018085564
v -0.0008783 0.05198885 0.0180231
v -0.0008783 0.050448852 0.0180231
v 0.0011228 0.050448852 0.0180231
v 0.0011228 0.05198885 0.0180231
v -0.0017099179 0.050448852 0.018018194
v -0.0015780129 0.050448852 0.018567621
v -0.0012623653 0.050448852 0.019056196
v -0.00067759603 0.050448852 0.019479625
v -0.00033694662 0.050448852 0.019585383
v 0.00016759999 0.050448852 0.0196112
v 0.00087720916 0.050448852 0.019374551
v 0.0011393947 0.050448852 0.019183298
v 0.0014213887 0.050448852 0.018862392
v 0.001617243 0.050448852 0.018463665
v 0.0017134655 0.050448852 0.018048944
v 0.001600834 0.050448852 0.018055419
v 0.0014591068 0.050448852 0.018031569
v 0.0012983435 0.050448852 0.01801546
v 0.0011228 0.050448852 0.0180231
v -0.0008783 0.050448852 0.0180231
v -0.0013489805 0.050448852 0.018055273
v -0.0015623884 0.050448852 0.018085564
v 0.0017134655 0.050448852 0.018048944
v 0.0017134655 0.05198885 0.018048944
v 0.001600834 0.05198885 0.018055419
v 0.0014591068 0.05198885 0.018031569
v 0.0012983435 0.05198885 0.01801546
v 0.0011228 0.05198885 0.0180231
v 0.0011228 0.050448852 0.0180231
v 0.0012983435 0.050448852 0.01801546
v 0.0014591068 0.050448852 0.018031569
v 0.001600834 0.050448852 0.018055419
v 0.00016759999 0.05198885 0.0196112
v -0.00040560942 0.05198885 0.019570636
v -0.00078882322 0.05198885 0.019425513
v -0.0012416627 0.05198885 0.019078451
v -0.0015484141 0.05198885 0.018635591
v -0.0017099179 0.05198885 0.018018194
v -0.0015623884 0.05198885 0.018085564
v -0.0013489805 0.05198885 0.018055273
v -0.0008783 0.05198885 0.0180231
v 0.0011228 0.05198885 0.0180231
v 0.0012983435 0.05198885 0.01801546
v 0.0014591068 0.05198885 0.018031569
v 0.001600834 0.05198885 0.018055419
v 0.0017134655 0.05198885 0.018048944
v 0.0014943719 0.05198885 0.018742309
v 0.0010458807 0.05198885 0.019259725
v 0.0006170452 0.05198885 0.019503553
v 0.00024942048 0.056725001 0.014582705
v 0.00024942048 0.054225001 0.014582705
v 0.00080698557 0.054225001 0.014892813
v 0.0012275533 0.054225001 0.015406518
v 0.0016020384 0.054225001 0.016332988
v 0.0017342143 0.054225001 0.017245129
v 0.0017270912 0.054225001 0.017922783
v 0.0015312436 0.054225001 0.018671424
v 0.0013082419 0.054225001 0.019011989
v 0.0010442656 0.054225001 0.019261267
v 0.00067153469 0.054225001 0.019480938
v 0.00067153469 0.056725001 0.019480938
v 0.00051017258 0.056725001 0.019541519
v 0.00034221906 0.056725001 0.019585017
v 0.00016759999 0.056725001 0.0196112
v 0.00016759999 0.05198885 0.0196112
v 0.0006170452 0.05198885 0.019503553
v 0.0010458807 0.05198885 0.019259725
v 0.0014943719 0.05198885 0.018742309
v 0.0017134655 0.05198885 0.018048944
v 0.0017134655 0.050448852 0.018048944
v 0.001617243 0.050448852 0.018463665
v 0.0014213887 0.050448852 0.018862392
v 0.0011393947 0.050448852 0.019183298
v 0.00087720916 0.050448852 0.019374551
v 0.00016759999 0.050448852 0.0196112
v 0.00016759999 0.048454199 0.0196112
v 0.0006170452 0.048454199 0.019503553
v 0.0010458807 0.048454199 0.019259725
v 0.0014943719 0.048454199 0.018742309
v 0.0017134655 0.048454199 0.018048944
v 0.0017134655 0.046914201 0.018048944
v 0.001617243 0.046914201 0.018463665
v 0.0014213887 0.046914201 0.018862392
v 0.0011393947 0.046914201 0.019183298
v 0.00087720916 0.046914201 0.019374551
v 0.00016759999 0.046914201 0.0196112
v 0.00016759999 0.044919548 0.0196112
v 0.0006170452 0.044919548 0.019503553
v 0.0010458807 0.044919548 0.019259725
v 0.0014943719 0.044919548 0.018742309
v 0.0017134655 0.044919548 0.018048944
v 0.0017134655 0.04337955 0.018048944
v 0.001617243 0.04337955 0.018463665
v 0.0014213887 0.04337955 0.018862392
v 0.0011393947 0.04337955 0.019183298
v 0.00087720916 0.04337955 0.019374551
v 0.00016759999 0.04337955 0.0196112
v 0.00016759999 0.041384902 0.0196112
v 0.0006170452 0.041384902 0.019503553
v 0.0010458807 0.041384902 0.019259725
v 0.0014943719 0.041384902 0.018742309
v 0.0017134655 0.041384902 0.018048944
v 0.0017134655 0.039844899 0.018048944
v 0.001617243 0.039844899 0.018463665
v 0.0014213887 0.039844899 0.018862392
v 0.0011393947 0.039844899 0.019183298
v 0.00087720916 0.039844899 0.019374551
v 0.00016759999 0.039844899 0.0196112
v 0.00016759999 0.037850249 0.0196112
v 0.0006170452 0.037850249 0.019503553
v 0.0010458807 0.037850249 0.019259725
v 0.0014943719 0.037850249 0.018742309
v 0.0017134655 0.037850249 0.018048944
v 0.0017134655 0.036310251 0.018048944
v 0.001617243 0.036310251 0.018463665
v 0.0014213887 0.036310251 0.018862392
v 0.0011393947 0.036310251 0.019183298
v 0.00087720916 0.036310251 0.019374551
v 0.00016759999 0.036310251 0.0196112
v 0.00016759999 0.0343156 0.0196112
v 0.0006170452 0.0343156 0.019503553
v 0.0010458807 0.0343156 0.019259725
v 0.0014943719 0.0343156 0.018742309
v 0.0017134655 0.0343156 0.018048944
v 0.0017134655 0.0327756 0.018048944
v 0.001617243 0.0327756 0.018463665
v 0.0014213887 0.0327756 0.018862392
v 0.0011393947 0.0327756 0.019183298
v 0.00087720916 0.0327756 0.019374551
v 0.00016759999 0.0327756 0.0196112
v 0.00016759999 0.03078095 0.0196112
v 0.0006170452 0.03078095 0.019503553
v 0.0010458807 0.03078095 0.019259725
v 0.0014943719 0.03078095 0.018742309
v 0.0017134655 0.03078095 0.018048944
v 0.0017134655 0.029240949 0.018048944
v 0.001617243 0.029240949 0.018463665
v 0.0014213887 0.029240949 0.018862392
v 0.0011393947 0.029240949 0.019183298
v 0.00087720916 0.029240949 0.019374551
v 0.00016759999 0.029240949 0.0196112
v 0.00016759999 0.027246301 0.0196112
v 0.0006170452 0.027246301 0.019503553
v 0.0010458807 0.027246301 0.019259725
v 0.0014943719 0.027246301 0.018742309
v 0.0017134655 0.027246301 0.018048944
v 0.0017134655 0.025706301 0.018048944
v 0.001617243 0.025706301 0.018463665
v 0.0014213887 0.025706301 0.018862392
v 0.0011393947 0.025706301 0.019183298
v 0.00087720916 0.025706301 0.019374551
v 0.00016759999 0.025706301 0.0196112
v 0.00016759999 0.02371165 0.0196112
v 0.0006170452 0.02371165 0.019503553
v 0.0010458807 0.02371165 0.019259725
v 0.0014943719 0.02371165 0.018742309
v 0.0017134655 0.02371165 0.018048944
v 0.0017134655 0.02217165 0.018048944
v 0.001617243 0.02217165 0.018463665
v 0.0014213887 0.02217165 0.018862392
v 0.0011393947 0.02217165 0.019183298
v 0.00087720916 0.02217165 0.019374551
v 0.00016759999 0.02217165 0.0196112
v 0.00016759999 0.020177 0.0196112
v 0.0006170452 0.020177 0.019503553
v 0.0010458807 0.020177 0.019259725
v 0.0014943719 0.020177 0.018742309
v 0.0017134655 0.020177 0.018048944
v 0.0017134655 0.018637 0.018048944
v 0.001617243 0.018637 0.018463665
v 0.0014213887 0.018637 0.018862392
v 0.0011393947 0.018637 0.019183298
v 0.00087720916 0.018637 0.019374551
v 0.00016759999 0.018637 0.0196112
v 0.00016759999 0.01664235 0.0196112
v 0.0006170452 0.01664235 0.019503553
v 0.0010458807 0.01664235 0.019259725
v 0.0014943719 0.01664235 0.018742309
v 0.0017134655 0.01664235 0.018048944
v 0.0017134655 0.01510235 0.018048944
v 0.001617243 0.01510235 0.018463665
v 0.0014213887 0.01510235 0.018862392
v 0.0011393947 0.01510235 0.019183298
v 0.00087720916 0.01510235 0.019374551
v 0.00016759999 0.01510235 0.0196112
v 0.00016759999 0.0131077 0.0196112
v 0.0006170452 0.0131077 0.019503553
v 0.0010458807 0.0131077 0.019259725
v 0.0014943719 0.0131077 0.018742309
v 0.0017134655 0.0131077 0.018048944
v 0.0017134655 0.0115677 0.018048944
v 0.001617243 0.0115677 0.018463665
v 0.0014213887 0.0115677 0.018862392
v 0.0011393947 0.0115677 0.019183298
v 0.00087720916 0.0115677 0.019374551
v 0.00016759999 0.0115677 0.0196112
v 0.00016759999 0.0095730501 0.0196112
v 0.0006170452 0.0095730501 0.019503553
v 0.0010458807 0.0095730501 0.019259725
v 0.0014943719 0.0095730501 0.018742309
v 0.0017134655 0.0095730501 0.018048944
v 0.0017134655 0.0080330497 0.018048944
v 0.001617243 0.0080330497 0.018463665
v 0.0014213887 0.0080330497 0.018862392
v 0.0011393947 0.0080330497 0.019183298
v 0.00087720916 0.0080330497 0.019374551
v 0.00016759999 0.0080330497 0.0196112
v 0.00016759999 0.0060383999 0.0196112
v 0.0006170452 0.0060383999 0.019503553
v 0.0010458807 0.0060383999 0.019259725
v 0.0014943719 0.0060383999 0.018742309
v 0.0017134655 0.0060383999 0.018048944
v 0.0017134655 0.0044984001 0.018048944
v 0.001617243 0.0044984001 0.018463665
v 0.0014213887 0.0044984001 0.018862392
v 0.0011393947 0.0044984001 0.019183298
v 0.00087720916 0.0044984001 0.019374551
v 0.00016759999 0.0044984001 0.0196112
v 0.00016759999 0.00250375 0.0196112
v 0.0006170452 0.00250375 0.019503553
v 0.0010458807 0.00250375 0.019259725
v 0.0014943719 0.00250375 0.018742309
v 0.0017134655 0.00250375 0.018048944
v 0.0017134655 0.00096375003 0.018048944
v 0.001617243 0.00096375003 0.018463665
v 0.0014213887 0.00096375003 0.018862392
v 0.0011393947 0.00096375003 0.019183298
v 0.00087720916 0.00096375003 0.019374551
v 0.00016759999 0.00096375003 0.0196112
v 0.00016759999 -0.0010309 0.0196112
v 0.0006170452 -0.0010309 0.019503553
v 0.0010458807 -0.0010309 0.019259725
v 0.0014943719 -0.0010309 0.018742309
v 0.0017134655 -0.0010309 0.018048944
v 0.0017134655 -0.0025709 0.018048944
v 0.001617243 -0.0025709 0.018463665
v 0.0014213887 -0.0025709 0.018862392
v 0.0011393947 -0.0025709 0.019183298
v 0.00087720916 -0.0025709 0.019374551
v 0.00016759999 -0.0025709 0.0196112
v 0.00016759999 -0.0045655501 0.0196112
v 0.0006170452 -0.0045655501 0.019503553
v 0.0010458807 -0.0045655501 0.019259725
v 0.0014943719 -0.0045655501 0.018742309
v 0.0017134655 -0.0045655501 0.018048944
v 0.0017134655 -0.0061055499 0.018048944
v 0.001617243 -0.0061055499 0.018463665
v 0.0014213887 -0.0061055499 0.018862392
v 0.0011393947 -0.0061055499 0.019183298
v 0.00087720916 -0.0061055499 0.019374551
v 0.00016759999 -0.0061055499 0.0196112
v 0.00016759999 -0.0081002003 0.0196112
v 0.0006170452 -0.0081002003 0.019503553
v 0.0010458807 -0.0081002003 0.019259725
v 0.0014943719 -0.0081002003 0.018742309
v 0.0017134655 -0.0081002003 0.018048944
v 0.0017134655 -0.0096402001 0.018048944
v 0.001617243 -0.0096402001 0.018463665
v 0.0014213887 -0.0096402001 0.018862392
v 0.0011393947 -0.0096402001 0.019183298
v 0.00087720916 -0.0096402001 0.019374551
v 0.00016759999 -0.0096402001 0.0196112
v 0.00016759999 -0.011634851 0.0196112
v 0.0006170452 -0.011634851 0.019503553
v 0.0010458807 -0.011634851 0.019259725
v 0.0014943719 -0.011634851 0.018742309
v 0.0017134655 -0.011634851 0.018048944
v 0.0017134655 -0.01317485 0.018048944
v 0.001617243 -0.01317485 0.018463665
v 0.0014213887 -0.01317485 0.018862392
v 0.0011393947 -0.01317485 0.019183298
v 0.00087720916 -0.01317485 0.019374551
v 0.00016759999 -0.01317485 0.0196112
v 0.00016759999 -0.0151695 0.0196112
v 0.0006170452 -0.0151695 0.019503553
v 0.0010458807 -0.0151695 0.019259725
v 0.0014943719 -0.0151695 0.018742309
v 0.0017134655 -0.0151695 0.018048944
v 0.0017134655 -0.016709501 0.018048944
v 0.001617243 -0.016709501 0.018463665
v 0.0014213887 -0.016709501 0.018862392
v 0.0011393947 -0.016709501 0.019183298
v 0.00087720916 -0.016709501 0.019374551
v 0.00016759999 -0.016709501 0.0196112
v 0.00016759999 -0.01870415 0.0196112
v 0.0006170452 -0.01870415 0.019503553
v 0.0010458807 -0.01870415 0.019259725
v 0.0014943719 -0.01870415 0.018742309
v 0.0017134655 -0.01870415 0.018048944
v 0.0017134655 -0.02024415 0.018048944
v 0.001617243 -0.02024415 0.018463665
v 0.0014213887 -0.02024415 0.018862392
v 0.0011393947 -0.02024415 0.019183298
v 0.00087720916 -0.02024415 0.019374551
v 0.00016759999 -0.02024415 0.0196112
v 0.00016759999 -0.022238801 0.0196112
v 0.0006170452 -0.022238801 0.019503553
v 0.0010458807 -0.022238801 0.019259725
v 0.0014943719 -0.022238801 0.018742309
v 0.0017134655 -0.022238801 0.018048944
v 0.0017134655 -0.023778801 0.018048944
v 0.001617243 -0.023778801 0.018463665
v 0.0014213887 -0.023778801 0.018862392
v 0.0011393947 -0.023778801 0.019183298
v 0.00087720916 -0.023778801 0.019374551
v 0.00016759999 -0.023778801 0.0196112
v 0.00016759999 -0.025773449 0.0196112
v 0.0006170452 -0.025773449 0.019503553
v 0.0010458807 -0.025773449 0.019259725
v 0.0014943719 -0.025773449 0.018742309
v 0.0017134655 -0.025773449 0.018048944
v 0.0017134655 -0.027313449 0.018048944
v 0.001617243 -0.027313449 0.018463665
v 0.0014213887 -0.027313449 0.018862392
v 0.0011393947 -0.027313449 0.019183298
v 0.00087720916 -0.027313449 0.019374551
v 0.00016759999 -0.027313449 0.0196112
v 0.00016759999 -0.0293081 0.0196112
v 0.0006170452 -0.0293081 0.019503553
v 0.0010458807 -0.0293081 0.019259725
v 0.0014943719 -0.0293081 0.018742309
v 0.0017134655 -0.0293081 0.018048944
v 0.0017134655 -0.0308481 0.018048944
v 0.001617243 -0.0308481 0.018463665
v 0.0014213887 -0.0308481 0.018862392
v 0.0011393947 -0.0308481 0.019183298
v 0.00087720916 -0.0308481 0.019374551
v 0.00016759999 -0.0308481 0.0196112
v 0.00016759999 -0.032842751 0.0196112
v 0.0006170452 -0.032842751 0.019503553
v 0.0010458807 -0.032842751 0.019259725
v 0.0014943719 -0.032842751 0.018742309
v 0.0017134655 -0.032842751 0.018048944
v 0.0017134655 -0.034382751 0.018048944
v 0.001617243 -0.034382751 0.018463665
v 0.0014213887 -0.034382751 0.018862392
v 0.0011393947 -0.034382751 0.019183298
v 0.00087720916 -0.034382751 0.019374551
v 0.00016759999 -0.034382751 0.0196112
v 0.00016759999 -0.036377399 0.0196112
v 0.0006170452 -0.036377399 0.019503553
v 0.0010458807 -0.036377399 0.019259725
v 0.0014943719 -0.036377399 0.018742309
v 0.0017134655 -0.036377399 0.018048944
v 0.0017134655 -0.037917399 0.018048944
v 0.001617243 -0.037917399 0.018463665
v 0.0014213887 -0.037917399 0.018862392
v 0.0011393947 -0.037917399 0.019183298
v 0.00087720916 -0.037917399 0.019374551
v 0.00016759999 -0.037917399 0.0196112
v 0.00016759999 -0.03991205 0.0196112
v 0.0006170452 -0.03991205 0.019503553
v 0.0010458807 -0.03991205 0.019259725
v 0.0014943719 -0.03991205 0.018742309
v 0.0017134655 -0.03991205 0.018048944
v 0.0017134655 -0.04145205 0.018048944
v 0.001617243 -0.04145205 0.018463665
v 0.0014213887 -0.04145205 0.018862392
v 0.0011393947 -0.04145205 0.019183298
v 0.00087720916 -0.04145205 0.019374551
v 0.00016759999 -0.04145205 0.0196112
v 0.00016759999 -0.043446698 0.0196112
v 0.0006170452 -0.043446698 0.019503553
v 0.0010458807 -0.043446698 0.019259725
v 0.0014943719 -0.043446698 0.018742309
v 0.0017134655 -0.043446698 0.018048944
v 0.0017134655 -0.044986701 0.018048944
v 0.001617243 -0.044986701 0.018463665
v 0.0014213887 -0.044986701 0.018862392
v 0.0011393947 -0.044986701 0.019183298
v 0.00087720916 -0.044986701 0.019374551
v 0.00016759999 -0.044986701 0.0196112
v 0.00016759999 -0.046981349 0.0196112
v 0.0006170452 -0.046981349 0.019503553
v 0.0010458807 -0.046981349 0.019259725
v 0.0014943719 -0.046981349 0.018742309
v 0.0017134655 -0.046981349 0.018048944
v 0.0017134655 -0.048521352 0.018048944
v 0.001617243 -0.048521352 0.018463665
v 0.0014213887 -0.048521352 0.018862392
v 0.0011393947 -0.048521352 0.019183298
v 0.00087720916 -0.048521352 0.019374551
v 0.00016759999 -0.048521352 0.0196112
v 0.00016759999 -0.050516 0.0196112
v 0.0006170452 -0.050516 0.019503553
v 0.0010458807 -0.050516 0.019259725
v 0.0014943719 -0.050516 0.018742309
v 0.0017134655 -0.050516 0.018048944
v 0.0017134655 -0.052055998 0.018048944
v 0.001617243 -0.052055998 0.018463665
v 0.0014213887 -0.052055998 0.018862392
v 0.0011393947 -0.052055998 0.019183298
v 0.00087720916 -0.052055998 0.019374551
v 0.00016759999 -0.052055998 0.0196112
v 0.00016759999 -0.056725001 0.0196112
v 0.00034221906 -0.056725001 0.019585017
v 0.00051017258 -0.056725001 0.019541519
v 0.00067153469 -0.056725001 0.019480938
v 0.00067153469 -0.054225001 0.019480938
v 0.00098455928 -0.054225001 0.019304601
v 0.0013389449 -0.054225001 0.018974859
v 0.0016000278 -0.054225001 0.018511634
v 0.0017211296 -0.054225001 0.01797474
v 0.001739115 -0.054225001 0.017660362
v 0.0017350599 -0.054225001 0.017249514
v 0.0016997688 -0.054225001 0.016845267
v 0.0015983953 -0.054225001 0.016318698
v 0.0014038475 -0.054225001 0.015750668
v 0.0011978598 -0.054225001 0.015358177
v 0.0007705956 -0.054225001 0.014861276
v 0.00024942048 -0.054225001 0.014582705
v 0.00024942048 -0.056725001 0.014582705
v 5.7083536e-05 -0.056725001 0.014554576
v -0.0001453 -0.056725001 0.0145614
v -0.0001453 0.056725001 0.0145614
v 5.7083536e-05 0.056725001 0.014554576
v -0.0112432 -0.045021701 0.052911201
v -0.01157071 -0.045021701 0.052725511
v -0.011690036 -0.045021701 0.052615037
v -0.0118677 -0.045021701 0.052400799
v -0.0118677 -0.046946349 0.052400799
v -0.011690036 -0.046946349 0.052615037
v -0.01157071 -0.046946349 0.052725511
v -0.0112432 -0.046946349 0.052911201
v -0.013679055 -0.043411698 0.050415187
v -0.013679055 -0.045021701 0.050415187
v -0.013455532 -0.045021701 0.0503441
v -0.01314401 -0.045021701 0.050328312
v -0.012790861 -0.045021701 0.050322933
v -0.012537 -0.045021701 0.050143399
v -0.012537 -0.043411698 0.050143399
v -0.012790861 -0.043411698 0.050322933
v -0.01314401 -0.043411698 0.050328312
v -0.013455532 -0.043411698 0.0503441
v -0.0099831003 0.04334455 0.045018902
v -0.0099831003 0.04334455 0.052762799
v -0.0099831003 0.041419902 0.052762799
v -0.0099831003 0.041419902 0.045018902
v -0.012537 0.027281301 0.050143399
v -0.012537 0.025671301 0.050143399
v -0.012537 0.025671301 0.046556301
v -0.012537 0.027281301 0.046556301
v -0.010146 0.025671301 0.0443256
v -0.0099759024 0.025671301 0.04459084
v -0.0099831003 0.025671301 0.045018902
v -0.0099831003 0.02374665 0.045018902
v -0.0099753118 0.02374665 0.04459372
v -0.010146 0.02374665 0.0443256
v -0.0099831003 0.039809899 0.045018902
v -0.0099831003 0.039809899 0.052762799
v -0.0099831003 0.037885251 0.052762799
v -0.0099831003 0.037885251 0.045018902
v -0.013279898 0.039809899 0.045254116
v -0.013279898 0.041419902 0.045254116
v -0.013056375 0.041419902 0.045347772
v -0.012576048 0.041419902 0.045439129
v -0.012460285 0.041419902 0.045646539
v -0.01248201 0.041419902 0.045966954
v -0.012537 0.041419902 0.046556301
v -0.012537 0.039809899 0.046556301
v -0.01248201 0.039809899 0.045966954
v -0.012460285 0.039809899 0.045646539
v -0.012576048 0.039809899 0.045439129
v -0.013056375 0.039809899 0.045347772
v -0.013346953 0.029205949 0.070406981
v -0.013346953 0.030815949 0.070406981
v -0.013275433 0.030815949 0.070470557
v -0.013058031 0.030815949 0.070489669
v -0.0124895 0.030815949 0.070624099
v -0.0124895 0.029205949 0.070624099
v -0.013058031 0.029205949 0.070489669
v -0.013275433 0.029205949 0.070470557
v -0.012537 0.044954548 0.050143399
v -0.012537 0.04334455 0.050143399
v -0.012537 0.04334455 0.046556301
v -0.012537 0.044954548 0.046556301
v -0.012537 -0.03987705 0.050143399
v -0.012537 -0.04148705 0.050143399
v -0.012537 -0.04148705 0.046556301
v -0.012537 -0.03987705 0.046556301
v -0.010146 -0.04148705 0.0443256
v -0.0099759024 -0.04148705 0.04459084
v -0.0099831003 -0.04148705 0.045018902
v -0.0099831003 -0.043411698 0.045018902
v -0.0099753118 -0.043411698 0.04459372
v -0.010146 -0.043411698 0.0443256
v -0.013279898 -0.0292731 0.045254116
v -0.0132595 -0.0292731 0.045248799
v -0.010146 -0.0292731 0.0443256
v -0.0099753118 -0.0292731 0.04459372
v -0.0099831003 -0.0292731 0.045018902
v -0.0099831003 -0.0292731 0.052762799
v -0.010004584 -0.0292731 0.052811403
v -0.010032234 -0.0292731 0.052850413
v -0.010066663 -0.0292731 0.052879429
v -0.010109097 -0.0292731 0.052899451
v -0.010159301 -0.0292731 0.052911201
v -0.0112432 -0.0292731 0.052911201
v -0.01157071 -0.0292731 0.052725511
v -0.011690036 -0.0292731 0.052615037
v -0.0118677 -0.0292731 0.052400799
v -0.0136438 -0.0292731 0.050439801
v -0.013679055 -0.0292731 0.050415187
v -0.013455532 -0.0292731 0.0503441
v -0.01314401 -0.0292731 0.050328312
v -0.012790861 -0.0292731 0.050322933
v -0.012537 -0.0292731 0.050143399
v -0.012537 -0.0292731 0.046556301
v -0.01248201 -0.0292731 0.045966954
v -0.012460285 -0.0292731 0.045646539
v -0.012576048 -0.0292731 0.045439129
v -0.013056375 -0.0292731 0.045347772
v -0.010146 -0.0308831 0.0443256
v -0.0099759024 -0.0308831 0.04459084
v -0.0099831003 -0.0308831 0.045018902
v -0.0099831003 -0.032807751 0.045018902
v -0.0099753118 -0.032807751 0.04459372
v -0.010146 -0.032807751 0.0443256
v -0.010159301 -0.0308831 0.052911201
v -0.0112432 -0.0308831 0.052911201
v -0.0112432 -0.032807751 0.052911201
v -0.010159301 -0.032807751 0.052911201
v -0.0100087 0.04334455 0.071480498
v -0.0100087 0.04334455 0.0716045
v -0.0100087 0.041419902 0.0716045
v -0.0100087 0.041419902 0.071480498
v -0.012507082 0.044954548 0.073872852
v -0.012507082 0.04334455 0.073872852
v -0.012516537 0.04334455 0.073522558
v -0.012529178 0.04334455 0.073051796
v -0.0124895 0.04334455 0.072159901
v -0.0124895 0.044954548 0.072159901
v -0.012529178 0.044954548 0.073051796
v -0.012516537 0.044954548 0.073522558
v -0.0112432 0.01506735 0.052911201
v -0.01157071 0.01506735 0.052725511
v -0.011690036 0.01506735 0.052615037
v -0.0118677 0.01506735 0.052400799
v -0.0118677 0.0131427 0.052400799
v -0.011690036 0.0131427 0.052615037
v -0.01157071 0.0131427 0.052725511
v -0.0112432 0.0131427 0.052911201
v -0.011427799 -0.00099590003 0.052648401
v -0.013506233 -0.00099590003 0.050361061
v -0.013000251 -0.00099590003 0.050337563
v -0.012730563 -0.00099590003 0.050304651
v -0.012537 -0.00099590003 0.050143399
v -0.012537 -0.00099590003 0.046556301
v -0.01248201 -0.00099590003 0.045966954
v -0.012460285 -0.00099590003 0.045646539
v -0.012576048 -0.00099590003 0.045439129
v -0.013056375 -0.00099590003 0.045347772
v -0.013279898 -0.00099590003 0.045254116
v -0.0132595 -0.00099590003 0.045248799
v -0.010146 -0.00099590003 0.0443256
v -0.0099753118 -0.00099590003 0.04459372
v -0.0099831003 -0.00099590003 0.045018902
v -0.0099831003 -0.00099590003 0.052762799
v -0.009996503 -0.00099590003 0.052795639
v -0.010037916 -0.00099590003 0.05276598
v -0.010088151 -0.00099590003 0.05275064
v -0.010141007 -0.00099590003 0.052750854
v -0.0101869 -0.00099590003 0.0527597
v -0.01122 -0.00099590003 0.0527597
v -0.013506233 0.00092874996 0.050361061
v -0.013506233 0.00093149997 0.050361061
v -0.011427799 0.00093149997 0.052648401
v -0.011427799 0.00092874996 0.052648401
v -0.0124895 0.020211999 0.072159901
v -0.0124895 0.018602 0.072159901
v -0.0124895 0.018602 0.070624099
v -0.0124895 0.020211999 0.070624099
v -0.0100087 0.018602 0.071480498
v -0.0100087 0.018602 0.0716045
v -0.0100087 0.01667735 0.0716045
v -0.0100087 0.01667735 0.071480498
v -0.0100015 0.02213665 0.069539199
v -0.0100087 0.02213665 0.071480498
v -0.0100087 0.020211999 0.071480498
v -0.0100015 0.020211999 0.069539199
v -0.0100994 0.02213665 0.069446001
v -0.013346953 0.02213665 0.070406981
v -0.013275433 0.02213665 0.070470557
v -0.013058031 0.02213665 0.070489669
v -0.0124895 0.02213665 0.070624099
v -0.0124895 0.02213665 0.072159901
v -0.012529178 0.02213665 0.073051796
v -0.012516537 0.02213665 0.073522558
v -0.012507082 0.02213665 0.073872852
v -0.0100087 0.02213665 0.0716045
v -0.0100087 0.02213665 0.071480498
v -0.0100015 0.02213665 0.069539199
v -0.013346953 0.030815949 0.070406981
v -0.0100994 0.030815949 0.069446001
v -0.0100015 0.030815949 0.069539199
v -0.0100087 0.030815949 0.071480498
v -0.0100087 0.030815949 0.0716045
v -0.012507082 0.030815949 0.073872852
v -0.012516537 0.030815949 0.073522558
v -0.012529178 0.030815949 0.073051796
v -0.0124895 0.030815949 0.072159901
v -0.0124895 0.030815949 0.070624099
v -0.013058031 0.030815949 0.070489669
v -0.013275433 0.030815949 0.070470557
v -0.010024558 0.018602 0.06951725
v -0.0100936 0.018602 0.069606099
v -0.01308709 0.018602 0.070487943
v -0.01289251 0.018602 0.070505438
v -0.012689248 0.018602 0.070548701
v -0.0124895 0.018602 0.070624099
v -0.0124895 0.018602 0.072159901
v -0.012529178 0.018602 0.073051796
v -0.012516537 0.018602 0.073522558
v -0.012507082 0.018602 0.073872852
v -0.0100087 0.018602 0.0716045
v -0.0100087 0.018602 0.071480498
v -0.0100015 0.018602 0.069539199
v -0.01308709 0.01667475 0.070487943
v -0.01308709 0.01667735 0.070487943
v -0.01289251 0.01667735 0.070505438
v -0.012689248 0.01667735 0.070548701
v -0.0124895 0.01667735 0.070624099
v -0.0124895 0.01506735 0.070624099
v -0.013058031 0.01506735 0.070489669
v -0.013275433 0.01506735 0.070470557
v -0.013346953 0.01506735 0.070406981
v -0.013346953 0.01667475 0.070406981
v -0.013269511 0.01667475 0.070471807
v -0.0101869 -0.0167445 0.0527597
v -0.01122 -0.0167445 0.0527597
v -0.01122 -0.01674175 0.0527597
v -0.0101869 -0.01674175 0.0527597
v -0.013506233 -0.00099590003 0.050361061
v -0.013506233 -0.00099849999 0.050361061
v -0.013679055 -0.00099849999 0.050415187
v -0.013679055 -0.0026058999 0.050415187
v -0.013455532 -0.0026058999 0.0503441
v -0.01314401 -0.0026058999 0.050328312
v -0.012790861 -0.0026058999 0.050322933
v -0.012537 -0.0026058999 0.050143399
v -0.012537 -0.00099590003 0.050143399
v -0.012730563 -0.00099590003 0.050304651
v -0.013000251 -0.00099590003 0.050337563
v -0.014615349 -0.00099849999 0.070644507
v -0.014615349 0.00093149997 0.070644507
v -0.0144551 0.00093149997 0.0704321
v -0.0144551 -0.00099849999 0.0704321
v 0.00016759999 0.027246301 0.0196112
v -0.00040560942 0.027246301 0.019570636
v -0.00078882322 0.027246301 0.019425513
v -0.0012416627 0.027246301 0.019078451
v -0.0015484141 0.027246301 0.018635591
v -0.0017099179 0.027246301 0.018018194
v -0.0015623884 0.027246301 0.018085564
v -0.0013489805 0.027246301 0.018055273
v -0.0008783 0.027246301 0.0180231
v 0.0011228 0.027246301 0.0180231
v 0.0012983435 0.027246301 0.01801546
v 0.0014591068 0.027246301 0.018031569
v 0.001600834 0.027246301 0.018055419
v 0.0017134655 0.027246301 0.018048944
v 0.0014943719 0.027246301 0.018742309
v 0.0010458807 0.027246301 0.019259725
v 0.0006170452 0.027246301 0.019503553
v -0.0099831003 -0.045021701 0.045018902
v -0.0099831003 -0.045021701 0.052762799
v -0.0099831003 -0.046946349 0.052762799
v -0.0099831003 -0.046946349 0.045018902
v -0.012537 -0.043411698 0.050143399
v -0.012537 -0.045021701 0.050143399
v -0.012537 -0.045021701 0.046556301
v -0.012537 -0.043411698 0.046556301
v -0.013279898 -0.045021701 0.045254116
v -0.013279898 -0.043411698 0.045254116
v -0.013056375 -0.043411698 0.045347772
v -0.012576048 -0.043411698 0.045439129
v -0.012460285 -0.043411698 0.045646539
v -0.01248201 -0.043411698 0.045966954
v -0.012537 -0.043411698 0.046556301
v -0.012537 -0.045021701 0.046556301
v -0.01248201 -0.045021701 0.045966954
v -0.012460285 -0.045021701 0.045646539
v -0.012576048 -0.045021701 0.045439129
v -0.013056375 -0.045021701 0.045347772
v -0.01308709 -0.01867175 0.070487943
v -0.01308709 -0.01866915 0.070487943
v -0.01289251 -0.01866915 0.070505438
v -0.012689248 -0.01866915 0.070548701
v -0.0124895 -0.01866915 0.070624099
v -0.0124895 -0.02027915 0.070624099
v -0.013058031 -0.02027915 0.070489669
v -0.013275433 -0.02027915 0.070470557
v -0.013346953 -0.02027915 0.070406981
v -0.013346953 -0.01867175 0.070406981
v -0.013269511 -0.01867175 0.070471807
v -0.014519176 -0.01674175 0.050126438
v -0.014519176 -0.01867175 0.050126438
v -0.014436003 -0.01867175 0.050456262
v -0.0144551 -0.01867175 0.0508393
v -0.0144551 -0.01674175 0.0508393
v -0.014436003 -0.01674175 0.050456262
v -0.013679055 -0.01674175 0.050415187
v -0.014180055 -0.01674175 0.050207658
v -0.014519176 -0.01674175 0.050126438
v -0.014436003 -0.01674175 0.050456262
v -0.0144551 -0.01674175 0.0508393
v -0.0144551 -0.01674175 0.0704321
v -0.014615349 -0.01674175 0.070644507
v -0.014423757 -0.01674175 0.070601945
v -0.014227622 -0.01674175 0.070568004
v -0.014022518 -0.01674175 0.07053812
v -0.01380402 -0.01674175 0.070507741
v -0.0135677 -0.01674175 0.070472298
v -0.013346953 -0.01674175 0.070406981
v -0.013264936 -0.01674175 0.070472698
v -0.01308709 -0.01674175 0.070487943
v -0.0100936 -0.01674175 0.069606099
v -0.0099751002 -0.01674175 0.069453602
v -0.0099751002 -0.01674175 0.052818699
v -0.010007933 -0.01674175 0.052785635
v -0.010045217 -0.01674175 0.052762499
v -0.010087583 -0.01674175 0.052750711
v -0.010135024 -0.01674175 0.052750258
v -0.0101869 -0.01674175 0.0527597
v -0.01122 -0.01674175 0.0527597
v -0.011427799 -0.01674175 0.052648401
v -0.013506233 -0.01674175 0.050361061
v -0.0100087 -0.045021701 0.071480498
v -0.0100087 -0.045021701 0.0716045
v -0.0100087 -0.046946349 0.0716045
v -0.0100087 -0.046946349 0.071480498
v -0.0100087 -0.04148705 0.071480498
v -0.0100087 -0.04148705 0.0716045
v -0.0100087 -0.043411698 0.0716045
v -0.0100087 -0.043411698 0.071480498
v -0.0124895 -0.03987705 0.072159901
v -0.0124895 -0.04148705 0.072159901
v -0.0124895 -0.04148705 0.070624099
v -0.0124895 -0.03987705 0.070624099
v -0.012507082 -0.03987705 0.073872852
v -0.012507082 -0.04148705 0.073872852
v -0.012516537 -0.04148705 0.073522558
v -0.012529178 -0.04148705 0.073051796
v -0.0124895 -0.04148705 0.072159901
v -0.0124895 -0.03987705 0.072159901
v -0.012529178 -0.03987705 0.073051796
v -0.012516537 -0.03987705 0.073522558
v -0.0100994 -0.045021701 0.069446001
v -0.0100015 -0.045021701 0.069539199
v -0.0100015 -0.046946349 0.069539199
v -0.0100994 -0.046946349 0.069446001
v 0.012507082 -0.045021701 0.073872852
v 0.012507082 -0.043411698 0.073872852
v 0.012516537 -0.043411698 0.073522558
v 0.012529178 -0.043411698 0.073051796
v 0.0124895 -0.043411698 0.072159901
v 0.0124895 -0.045021701 0.072159901
v 0.012529178 -0.045021701 0.073051796
v 0.012516537 -0.045021701 0.073522558
v -0.0017099179 -0.036377399 0.018018194
v -0.0017099179 -0.037917399 0.018018194
v -0.0015623884 -0.037917399 0.018085564
v -0.0013489805 -0.037917399 0.018055273
v -0.0008783 -0.037917399 0.0180231
v -0.0008783 -0.036377399 0.0180231
v -0.0013489805 -0.036377399 0.018055273
v -0.0015623884 -0.036377399 0.018085564
v 0.00016759999 -0.036377399 0.0196112
v -0.00040560942 -0.036377399 0.019570636
v -0.00078882322 -0.036377399 0.019425513
v -0.0012416627 -0.036377399 0.019078451
v -0.0015484141 -0.036377399 0.018635591
v -0.0017099179 -0.036377399 0.018018194
v -0.0015623884 -0.036377399 0.018085564
v -0.0013489805 -0.036377399 0.018055273
v -0.0008783 -0.036377399 0.0180231
v 0.0011228 -0.036377399 0.0180231
v 0.0012983435 -0.036377399 0.01801546
v 0.0014591068 -0.036377399 0.018031569
v 0.001600834 -0.036377399 0.018055419
v 0.0017134655 -0.036377399 0.018048944
v 0.0014943719 -0.036377399 0.018742309
v 0.0010458807 -0.036377399 0.019259725
v 0.0006170452 -0.036377399 0.019503553
v 0.012537 0.0115327 0.050143399
v 0.012537 0.0131427 0.050143399
v 0.012537 0.0131427 0.046556301
v 0.012537 0.0115327 0.046556301
v 0.0099831003 0.0115327 0.045018902
v 0.0099759024 0.0115327 0.04459084
v 0.010146 0.0115327 0.0443256
v 0.010146 0.00960805 0.0443256
v 0.0099753118 0.00960805 0.04459372
v 0.0099831003 0.00960805 0.045018902
v 0.0100087 0.025671301 0.0716045
v 0.0100087 0.025671301 0.071480498
v 0.0100087 0.02374665 0.071480498
v 0.0100087 0.02374665 0.0716045
v 0.012507082 0.025671301 0.073872852
v 0.012507082 0.027281301 0.073872852
v 0.012516537 0.027281301 0.073522558
v 0.012529178 0.027281301 0.073051796
v 0.0124895 0.027281301 0.072159901
v 0.0124895 0.025671301 0.072159901
v 0.012529178 0.025671301 0.073051796
v 0.012516537 0.025671301 0.073522558
v 0.010146 0.02213665 0.0443256
v 0.0132595 0.02213665 0.045248799
v 0.0132595 0.020211999 0.045248799
v 0.010146 0.020211999 0.0443256
v 0.0112432 0.02213665 0.052911201
v 0.010159301 0.02213665 0.052911201
v 0.010159301 0.020211999 0.052911201
v 0.0112432 0.020211999 0.052911201
v 0.0112432 0.01506735 0.052911201
v 0.010159301 0.01506735 0.052911201
v 0.010159301 0.0131427 0.052911201
v 0.0112432 0.0131427 0.052911201
v 0.0100087 0.01506735 0.0716045
v 0.0100087 0.01506735 0.071480498
v 0.0100087 0.0131427 0.071480498
v 0.0100087 0.0131427 0.0716045
v 0.0100015 0.0115327 0.069539199
v 0.0100994 0.0115327 0.069446001
v 0.0100994 0.00960805 0.069446001
v 0.0100015 0.00960805 0.069539199
v 0.013346953 0.0131427 0.070406981
v 0.013346953 0.0115327 0.070406981
v 0.013275433 0.0115327 0.070470557
v 0.013058031 0.0115327 0.070489669
v 0.0124895 0.0115327 0.070624099
v 0.0124895 0.0131427 0.070624099
v 0.013058031 0.0131427 0.070489669
v 0.013275433 0.0131427 0.070470557
v 0.0100087 0.00092874996 0.0716045
v 0.0100087 0.00092874996 0.071480498
v 0.0100087 -0.00099590003 0.071480498
v 0.0100087 -0.00099590003 0.0716045
v 0.0100087 0.0044633999 0.0716045
v 0.0100087 0.0044633999 0.071480498
v 0.0100087 0.0025387499 0.071480498
v 0.0100087 0.0025387499 0.0716045
v 0.012507082 0.0044633999 0.073872852
v 0.012507082 0.0060733998 0.073872852
v 0.012516537 0.0060733998 0.073522558
v 0.012529178 0.0060733998 0.073051796
v 0.0124895 0.0060733998 0.072159901
v 0.0124895 0.0044633999 0.072159901
v 0.012529178 0.0044633999 0.073051796
v 0.012516537 0.0044633999 0.073522558
v 0.013346953 0.0060733998 0.070406981
v 0.013346953 0.0044633999 0.070406981
v 0.013275433 0.0044633999 0.070470557
v 0.013058031 0.0044633999 0.070489669
v 0.0124895 0.0044633999 0.070624099
v 0.0124895 0.0060733998 0.070624099
v 0.013058031 0.0060733998 0.070489669
v 0.013275433 0.0060733998 0.070470557
v 0.010146 0.00092874996 0.0443256
v 0.0132595 0.00092874996 0.045248799
v 0.0132595 -0.00099590003 0.045248799
v 0.010146 -0.00099590003 0.0443256
v 0.0100936 0.00092874996 0.069606099
v 0.010024558 0.00092874996 0.06951725
v 0.0100015 0.00092874996 0.069539199
v 0.0100087 0.00092874996 0.071480498
v 0.0100087 0.00092874996 0.0716045
v 0.012507082 0.00092874996 0.073872852
v 0.012516537 0.00092874996 0.073522558
v 0.012529178 0.00092874996 0.073051796
v 0.0124895 0.00092874996 0.072159901
v 0.0124895 0.00092874996 0.070624099
v 0.012689248 0.00092874996 0.070548701
v 0.01289251 0.00092874996 0.070505438
v 0.01308709 0.00092874996 0.070487943
v 0.0099751002 0.00093149997 0.052818699
v 0.0099751002 -0.00099849999 0.052818699
v 0.0099751002 -0.00099849999 0.069453602
v 0.0099751002 0.00093149997 0.069453602
v 0.009996503 -0.00099590003 0.052795639
v 0.010037535 -0.00099590003 0.052766175
v 0.010087509 -0.00099590003 0.052750726
v 0.010140328 -0.00099590003 0.052750783
v 0.0101869 -0.00099590003 0.0527597
v 0.0101869 -0.00099849999 0.0527597
v 0.010135024 -0.00099849999 0.052750258
v 0.010087583 -0.00099849999 0.052750711
v 0.010045217 -0.00099849999 0.052762499
v 0.010007933 -0.00099849999 0.052785635
v 0.0099751002 -0.00099849999 0.052818699
v 0.0099751002 0.00093149997 0.052818699
v 0.010007933 0.00093149997 0.052785635
v 0.010045217 0.00093149997 0.052762499
v 0.010087583 0.00093149997 0.052750711
v 0.010135024 0.00093149997 0.052750258
v 0.0101869 0.00093149997 0.0527597
v 0.0101869 0.00092874996 0.0527597
v 0.010141007 0.00092874996 0.052750854
v 0.010088151 0.00092874996 0.05275064
v 0.010037916 0.00092874996 0.05276598
v 0.009996503 0.00092874996 0.052795639
v 0.010146 -0.0026058999 0.0443256
v 0.0132595 -0.0026058999 0.045248799
v 0.0132595 -0.0045305499 0.045248799
v 0.010146 -0.0045305499 0.0443256
v 0.013346953 -0.0026058999 0.070406981
v 0.0100994 -0.0026058999 0.069446001
v 0.0100015 -0.0026058999 0.069539199
v 0.0100087 -0.0026058999 0.071480498
v 0.0100087 -0.0026058999 0.0716045
v 0.012507082 -0.0026058999 0.073872852
v 0.012516537 -0.0026058999 0.073522558
v 0.012529178 -0.0026058999 0.073051796
v 0.0124895 -0.0026058999 0.072159901
v 0.0124895 -0.0026058999 0.070624099
v 0.013058031 -0.0026058999 0.070489669
v 0.013275433 -0.0026058999 0.070470557
v 0.0100087 -0.02027915 0.0716045
v 0.0100087 -0.02027915 0.071480498
v 0.0100087 -0.022203801 0.071480498
v 0.0100087 -0.022203801 0.0716045
v 0.0100015 -0.023813801 0.069539199
v 0.0100994 -0.023813801 0.069446001
v 0.0100994 -0.025738449 0.069446001
v 0.0100015 -0.025738449 0.069539199
v 0.013346953 -0.022203801 0.070406981
v 0.013346953 -0.023813801 0.070406981
v 0.013275433 -0.023813801 0.070470557
v 0.013058031 -0.023813801 0.070489669
v 0.0124895 -0.023813801 0.070624099
v 0.0124895 -0.022203801 0.070624099
v 0.013058031 -0.022203801 0.070489669
v 0.013275433 -0.022203801 0.070470557
v 0.0100087 -0.0308831 0.0716045
v 0.0100087 -0.0308831 0.071480498
v 0.0100087 -0.032807751 0.071480498
v 0.0100087 -0.032807751 0.0716045
v 0.012507082 -0.0308831 0.073872852
v 0.012507082 -0.0292731 0.073872852
v 0.012516537 -0.0292731 0.073522558
v 0.012529178 -0.0292731 0.073051796
v 0.0124895 -0.0292731 0.072159901
v 0.0124895 -0.0308831 0.072159901
v 0.012529178 -0.0308831 0.073051796
v 0.012516537 -0.0308831 0.073522558
v 0.013346953 -0.0292731 0.070406981
v 0.013346953 -0.0308831 0.070406981
v 0.013275433 -0.0308831 0.070470557
v 0.013058031 -0.0308831 0.070489669
v 0.0124895 -0.0308831 0.070624099
v 0.0124895 -0.0292731 0.070624099
v 0.013058031 -0.0292731 0.070489669
v 0.013275433 -0.0292731 0.070470557
v 0.0099831003 -0.02027915 0.052762799
v 0.0099831003 -0.02027915 0.045018902
v 0.0099831003 -0.022203801 0.045018902
v 0.0099831003 -0.022203801 0.052762799
v 0.013279898 -0.02027915 0.045254116
v 0.0132595 -0.02027915 0.045248799
v 0.010146 -0.02027915 0.0443256
v 0.0099759024 -0.02027915 0.04459084
v 0.0099831003 -0.02027915 0.045018902
v 0.0099831003 -0.02027915 0.052762799
v 0.010004275 -0.02027915 0.052810841
v 0.010031542 -0.02027915 0.052849646
v 0.010065874 -0.02027915 0.052878923
v 0.010108644 -0.02027915 0.052899308
v 0.010159301 -0.02027915 0.052911201
v 0.0112432 -0.02027915 0.052911201
v 0.01157071 -0.02027915 0.052725511
v 0.011690036 -0.02027915 0.052615037
v 0.0118677 -0.02027915 0.052400799
v 0.0136438 -0.02027915 0.050439801
v 0.013679055 -0.02027915 0.050415187
v 0.013455532 -0.02027915 0.0503441
v 0.01314401 -0.02027915 0.050328312
v 0.012790861 -0.02027915 0.050322933
v 0.012537 -0.02027915 0.050143399
v 0.012537 -0.02027915 0.046556301
v 0.01248201 -0.02027915 0.045966954
v 0.012460285 -0.02027915 0.045646539
v 0.012576048 -0.02027915 0.045439129
v 0.013056375 -0.02027915 0.045347772
v 0.009996503 -0.01866915 0.052795639
v 0.010037535 -0.01866915 0.052766175
v 0.010087509 -0.01866915 0.052750726
v 0.010140328 -0.01866915 0.052750783
v 0.0101869 -0.01866915 0.0527597
v 0.0101869 -0.01867175 0.0527597
v 0.010135024 -0.01867175 0.052750258
v 0.010087583 -0.01867175 0.052750711
v 0.010045217 -0.01867175 0.052762499
v 0.010007933 -0.01867175 0.052785635
v 0.0099751002 -0.01867175 0.052818699
v 0.0099751002 -0.01674175 0.052818699
v 0.010007933 -0.01674175 0.052785635
v 0.010045217 -0.01674175 0.052762499
v 0.010087583 -0.01674175 0.052750711
v 0.010135024 -0.01674175 0.052750258
v 0.0101869 -0.01674175 0.0527597
v 0.0101869 -0.0167445 0.0527597
v 0.010141007 -0.0167445 0.052750854
v 0.010088151 -0.0167445 0.05275064
v 0.010037916 -0.0167445 0.05276598
v 0.009996503 -0.0167445 0.052795639
v 0.0100936 -0.01866915 0.069606099
v 0.01308709 -0.01866915 0.070487943
v 0.01289251 -0.01866915 0.070505438
v 0.012689248 -0.01866915 0.070548701
v 0.0124895 -0.01866915 0.070624099
v 0.0124895 -0.01866915 0.072159901
v 0.012529178 -0.01866915 0.073051796
v 0.012516537 -0.01866915 0.073522558
v 0.012507082 -0.01866915 0.073872852
v 0.0100087 -0.01866915 0.0716045
v 0.0100087 -0.01866915 0.071480498
v 0.0100015 -0.01866915 0.069539199
v 0.010024558 -0.01866915 0.06951725
v 0.0099751002 -0.01674175 0.052818699
v 0.0099751002 -0.01867175 0.052818699
v 0.0099751002 -0.01867175 0.069453602
v 0.0099751002 -0.01674175 0.069453602
v 0.013506233 -0.01674175 0.050361061
v 0.013679055 -0.01674175 0.050415187
v 0.013679055 -0.0151345 0.050415187
v 0.013455532 -0.0151345 0.0503441
v 0.01314401 -0.0151345 0.050328312
v 0.012790861 -0.0151345 0.050322933
v 0.012537 -0.0151345 0.050143399
v 0.012537 -0.0167445 0.050143399
v 0.012730563 -0.0167445 0.050304651
v 0.013000251 -0.0167445 0.050337563
v 0.013506233 -0.0167445 0.050361061
v 0.0099831003 -0.04148705 0.045018902
v 0.0099759024 -0.04148705 0.04459084
v 0.010146 -0.04148705 0.0443256
v 0.010146 -0.043411698 0.0443256
v 0.0099753118 -0.043411698 0.04459372
v 0.0099831003 -0.043411698 0.045018902
v 0.0099831003 -0.0308831 0.045018902
v 0.0099759024 -0.0308831 0.04459084
v 0.010146 -0.0308831 0.0443256
v 0.010146 -0.032807751 0.0443256
v 0.0099753118 -0.032807751 0.04459372
v 0.0099831003 -0.032807751 0.045018902
v 0.013279898 -0.0308831 0.045254116
v 0.0132595 -0.0308831 0.045248799
v 0.010146 -0.0308831 0.0443256
v 0.0099759024 -0.0308831 0.04459084
v 0.0099831003 -0.0308831 0.045018902
v 0.0099831003 -0.0308831 0.052762799
v 0.010004275 -0.0308831 0.052810841
v 0.010031542 -0.0308831 0.052849646
v 0.010065874 -0.0308831 0.052878923
v 0.010108644 -0.0308831 0.052899308
v 0.010159301 -0.0308831 0.052911201
v 0.0112432 -0.0308831 0.052911201
v 0.01157071 -0.0308831 0.052725511
v 0.011690036 -0.0308831 0.052615037
v 0.0118677 -0.0308831 0.052400799
v 0.0136438 -0.0308831 0.050439801
v 0.013679055 -0.0308831 0.050415187
v 0.013455532 -0.0308831 0.0503441
v 0.01314401 -0.0308831 0.050328312
v 0.012790861 -0.0308831 0.050322933
v 0.012537 -0.0308831 0.050143399
v 0.012537 -0.0308831 0.046556301
v 0.01248201 -0.0308831 0.045966954
v 0.012460285 -0.0308831 0.045646539
v 0.012576048 -0.0308831 0.045439129
v 0.013056375 -0.0308831 0.045347772
v 0.0112432 0.04334455 0.052911201
v 0.010159301 0.04334455 0.052911201
v 0.010159301 0.041419902 0.052911201
v 0.0112432 0.041419902 0.052911201
v 0.010159301 0.025671301 0.052911201
v 0.010108644 0.025671301 0.052899308
v 0.010065874 0.025671301 0.052878923
v 0.010031542 0.025671301 0.052849646
v 0.010004275 0.025671301 0.052810841
v 0.0099831003 0.025671301 0.052762799
v 0.0099831003 0.02374665 0.052762799
v 0.010004584 0.02374665 0.052811403
v 0.010032234 0.02374665 0.052850413
v 0.010066663 0.02374665 0.052879429
v 0.010109097 0.02374665 0.052899451
v 0.010159301 0.02374665 0.052911201
v 0.013279898 0.02374665 0.045254116
v 0.013279898 0.02213665 0.045254116
v 0.013056375 0.02213665 0.045347772
v 0.012576048 0.02213665 0.045439129
v 0.012460285 0.02213665 0.045646539
v 0.01248201 0.02213665 0.045966954
v 0.012537 0.02213665 0.046556301
v 0.012537 0.02374665 0.046556301
v 0.01248201 0.02374665 0.045966954
v 0.012460285 0.02374665 0.045646539
v 0.012576048 0.02374665 0.045439129
v 0.013056375 0.02374665 0.045347772
v 0.0132595 0.02374665 0.045248799
v 0.013279898 0.02374665 0.045254116
v 0.013056375 0.02374665 0.045347772
v 0.012576048 0.02374665 0.045439129
v 0.012460285 0.02374665 0.045646539
v 0.01248201 0.02374665 0.045966954
v 0.012537 0.02374665 0.046556301
v 0.012537 0.02374665 0.050143399
v 0.012790861 0.02374665 0.050322933
v 0.01314401 0.02374665 0.050328312
v 0.013455532 0.02374665 0.0503441
v 0.013679055 0.02374665 0.050415187
v 0.0136438 0.02374665 0.050439801
v 0.0118677 0.02374665 0.052400799
v 0.011690036 0.02374665 0.052615037
v 0.01157071 0.02374665 0.052725511
v 0.0112432 0.02374665 0.052911201
v 0.010159301 0.02374665 0.052911201
v 0.010109097 0.02374665 0.052899451
v 0.010066663 0.02374665 0.052879429
v 0.010032234 0.02374665 0.052850413
v 0.010004584 0.02374665 0.052811403
v 0.0099831003 0.02374665 0.052762799
v 0.0099831003 0.02374665 0.045018902
v 0.0099753118 0.02374665 0.04459372
v 0.010146 0.02374665 0.0443256
v -0.010146 0.04334455 0.0443256
v -0.0099759024 0.04334455 0.04459084
v -0.0099831003 0.04334455 0.045018902
v -0.0099831003 0.041419902 0.045018902
v -0.0099753118 0.041419902 0.04459372
v -0.010146 0.041419902 0.0443256
v -0.010159301 0.029205949 0.052911201
v -0.0112432 0.029205949 0.052911201
v -0.0112432 0.027281301 0.052911201
v -0.010159301 0.027281301 0.052911201
v -0.0112432 0.029205949 0.052911201
v -0.01157071 0.029205949 0.052725511
v -0.011690036 0.029205949 0.052615037
v -0.0118677 0.029205949 0.052400799
v -0.0118677 0.027281301 0.052400799
v -0.011690036 0.027281301 0.052615037
v -0.01157071 0.027281301 0.052725511
v -0.0112432 0.027281301 0.052911201
v -0.0132595 0.025671301 0.045248799
v -0.013279898 0.025671301 0.045254116
v -0.013056375 0.025671301 0.045347772
v -0.012576048 0.025671301 0.045439129
v -0.012460285 0.025671301 0.045646539
v -0.01248201 0.025671301 0.045966954
v -0.012537 0.025671301 0.046556301
v -0.012537 0.025671301 0.050143399
v -0.012790861 0.025671301 0.050322933
v -0.01314401 0.025671301 0.050328312
v -0.013455532 0.025671301 0.0503441
v -0.013679055 0.025671301 0.050415187
v -0.0136438 0.025671301 0.050439801
v -0.0118677 0.025671301 0.052400799
v -0.011690036 0.025671301 0.052615037
v -0.01157071 0.025671301 0.052725511
v -0.0112432 0.025671301 0.052911201
v -0.010159301 0.025671301 0.052911201
v -0.010108644 0.025671301 0.052899308
v -0.010065874 0.025671301 0.052878923
v -0.010031542 0.025671301 0.052849646
v -0.010004275 0.025671301 0.052810841
v -0.0099831003 0.025671301 0.052762799
v -0.0099831003 0.025671301 0.045018902
v -0.0099759024 0.025671301 0.04459084
v -0.010146 0.025671301 0.0443256
v -0.0132595 0.025671301 0.045248799
v -0.010146 0.025671301 0.0443256
v -0.010146 0.02374665 0.0443256
v -0.0132595 0.02374665 0.045248799
v -0.013679055 0.027281301 0.050415187
v -0.013679055 0.025671301 0.050415187
v -0.013455532 0.025671301 0.0503441
v -0.01314401 0.025671301 0.050328312
v -0.012790861 0.025671301 0.050322933
v -0.012537 0.025671301 0.050143399
v -0.012537 0.027281301 0.050143399
v -0.012790861 0.027281301 0.050322933
v -0.01314401 0.027281301 0.050328312
v -0.013455532 0.027281301 0.0503441
v -0.010146 0.039809899 0.0443256
v -0.0099759024 0.039809899 0.04459084
v -0.0099831003 0.039809899 0.045018902
v -0.0099831003 0.037885251 0.045018902
v -0.0099753118 0.037885251 0.04459372
v -0.010146 0.037885251 0.0443256
v -0.0099831003 0.039809899 0.052762799
v -0.010004275 0.039809899 0.052810841
v -0.010031542 0.039809899 0.052849646
v -0.010065874 0.039809899 0.052878923
v -0.010108644 0.039809899 0.052899308
v -0.010159301 0.039809899 0.052911201
v -0.010159301 0.037885251 0.052911201
v -0.010109097 0.037885251 0.052899451
v -0.010066663 0.037885251 0.052879429
v -0.010032234 0.037885251 0.052850413
v -0.010004584 0.037885251 0.052811403
v -0.0099831003 0.037885251 0.052762799
v -0.0118677 0.04334455 0.052400799
v -0.0136438 0.04334455 0.050439801
v -0.0136438 0.041419902 0.050439801
v -0.0118677 0.041419902 0.052400799
v -0.0100087 0.0327406 0.071480498
v -0.0100087 0.0327406 0.0716045
v -0.0100087 0.030815949 0.0716045
v -0.0100087 0.030815949 0.071480498
v -0.0112432 0.046879201 0.052911201
v -0.01157071 0.046879201 0.052725511
v -0.011690036 0.046879201 0.052615037
v -0.0118677 0.046879201 0.052400799
v -0.0118677 0.044954548 0.052400799
v -0.011690036 0.044954548 0.052615037
v -0.01157071 0.044954548 0.052725511
v -0.0112432 0.044954548 0.052911201
v -0.0132595 0.04334455 0.045248799
v -0.013279898 0.04334455 0.045254116
v -0.013056375 0.04334455 0.045347772
v -0.012576048 0.04334455 0.045439129
v -0.012460285 0.04334455 0.045646539
v -0.01248201 0.04334455 0.045966954
v -0.012537 0.04334455 0.046556301
v -0.012537 0.04334455 0.050143399
v -0.012790861 0.04334455 0.050322933
v -0.01314401 0.04334455 0.050328312
v -0.013455532 0.04334455 0.0503441
v -0.013679055 0.04334455 0.050415187
v -0.0136438 0.04334455 0.050439801
v -0.0118677 0.04334455 0.052400799
v -0.011690036 0.04334455 0.052615037
v -0.01157071 0.04334455 0.052725511
v -0.0112432 0.04334455 0.052911201
v -0.010159301 0.04334455 0.052911201
v -0.010108644 0.04334455 0.052899308
v -0.010065874 0.04334455 0.052878923
v -0.010031542 0.04334455 0.052849646
v -0.010004275 0.04334455 0.052810841
v -0.0099831003 0.04334455 0.052762799
v -0.0099831003 0.04334455 0.045018902
v -0.0099759024 0.04334455 0.04459084
v -0.010146 0.04334455 0.0443256
v -0.013679055 0.044954548 0.050415187
v -0.013679055 0.04334455 0.050415187
v -0.013455532 0.04334455 0.0503441
v -0.01314401 0.04334455 0.050328312
v -0.012790861 0.04334455 0.050322933
v -0.012537 0.04334455 0.050143399
v -0.012537 0.044954548 0.050143399
v -0.012790861 0.044954548 0.050322933
v -0.01314401 0.044954548 0.050328312
v -0.013455532 0.044954548 0.0503441
v -0.0132595 -0.04148705 0.045248799
v -0.013279898 -0.04148705 0.045254116
v -0.013056375 -0.04148705 0.045347772
v -0.012576048 -0.04148705 0.045439129
v -0.012460285 -0.04148705 0.045646539
v -0.01248201 -0.04148705 0.045966954
v -0.012537 -0.04148705 0.046556301
v -0.012537 -0.04148705 0.050143399
v -0.012790861 -0.04148705 0.050322933
v -0.01314401 -0.04148705 0.050328312
v -0.013455532 -0.04148705 0.0503441
v -0.013679055 -0.04148705 0.050415187
v -0.0136438 -0.04148705 0.050439801
v -0.0118677 -0.04148705 0.052400799
v -0.011690036 -0.04148705 0.052615037
v -0.01157071 -0.04148705 0.052725511
v -0.0112432 -0.04148705 0.052911201
v -0.010159301 -0.04148705 0.052911201
v -0.010108644 -0.04148705 0.052899308
v -0.010065874 -0.04148705 0.052878923
v -0.010031542 -0.04148705 0.052849646
v -0.010004275 -0.04148705 0.052810841
v -0.0099831003 -0.04148705 0.052762799
v -0.0099831003 -0.04148705 0.045018902
v -0.0099759024 -0.04148705 0.04459084
v -0.010146 -0.04148705 0.0443256
v -0.0132595 -0.04148705 0.045248799
v -0.010146 -0.04148705 0.0443256
v -0.010146 -0.043411698 0.0443256
v -0.0132595 -0.043411698 0.045248799
v -0.013679055 -0.03987705 0.050415187
v -0.013679055 -0.04148705 0.050415187
v -0.013455532 -0.04148705 0.0503441
v -0.01314401 -0.04148705 0.050328312
v -0.012790861 -0.04148705 0.050322933
v -0.012537 -0.04148705 0.050143399
v -0.012537 -0.03987705 0.050143399
v -0.012790861 -0.03987705 0.050322933
v -0.01314401 -0.03987705 0.050328312
v -0.013455532 -0.03987705 0.0503441
v -0.0112432 -0.037952399 0.052911201
v -0.01157071 -0.037952399 0.052725511
v -0.011690036 -0.037952399 0.052615037
v -0.0118677 -0.037952399 0.052400799
v -0.0118677 -0.03987705 0.052400799
v -0.011690036 -0.03987705 0.052615037
v -0.01157071 -0.03987705 0.052725511
v -0.0112432 -0.03987705 0.052911201
v -0.012537 -0.0292731 0.050143399
v -0.012537 -0.0308831 0.050143399
v -0.012537 -0.0308831 0.046556301
v -0.012537 -0.0292731 0.046556301
v -0.013679055 -0.0292731 0.050415187
v -0.013679055 -0.0308831 0.050415187
v -0.013455532 -0.0308831 0.0503441
v -0.01314401 -0.0308831 0.050328312
v -0.012790861 -0.0308831 0.050322933
v -0.012537 -0.0308831 0.050143399
v -0.012537 -0.0292731 0.050143399
v -0.012790861 -0.0292731 0.050322933
v -0.01314401 -0.0292731 0.050328312
v -0.013455532 -0.0292731 0.0503441
v -0.0132595 -0.0308831 0.045248799
v -0.010146 -0.0308831 0.0443256
v -0.010146 -0.032807751 0.0443256
v -0.0132595 -0.032807751 0.045248799
v -0.0112432 -0.0308831 0.052911201
v -0.01157071 -0.0308831 0.052725511
v -0.011690036 -0.0308831 0.052615037
v -0.0118677 -0.0308831 0.052400799
v -0.0118677 -0.032807751 0.052400799
v -0.011690036 -0.032807751 0.052615037
v -0.01157071 -0.032807751 0.052725511
v -0.0112432 -0.032807751 0.052911201
v -0.009996503 -0.034417751 0.052795639
v -0.009996503 -0.036342399 0.052795639
v -0.0099831003 -0.036342399 0.052762799
v -0.0099831003 -0.034417751 0.052762799
v -0.0100015 0.04334455 0.069539199
v -0.0100087 0.04334455 0.071480498
v -0.0100087 0.041419902 0.071480498
v -0.0100015 0.041419902 0.069539199
v -0.0100994 0.04334455 0.069446001
v -0.013346953 0.04334455 0.070406981
v -0.013275433 0.04334455 0.070470557
v -0.013058031 0.04334455 0.070489669
v -0.0124895 0.04334455 0.070624099
v -0.0124895 0.04334455 0.072159901
v -0.012529178 0.04334455 0.073051796
v -0.012516537 0.04334455 0.073522558
v -0.012507082 0.04334455 0.073872852
v -0.0100087 0.04334455 0.0716045
v -0.0100087 0.04334455 0.071480498
v -0.0100015 0.04334455 0.069539199
v -0.010159301 0.01506735 0.052911201
v -0.0112432 0.01506735 0.052911201
v -0.0112432 0.0131427 0.052911201
v -0.010159301 0.0131427 0.052911201
v -0.013346953 0.04334455 0.070406981
v -0.013346953 0.044954548 0.070406981
v -0.013275433 0.044954548 0.070470557
v -0.013058031 0.044954548 0.070489669
v -0.0124895 0.044954548 0.070624099
v -0.0124895 0.04334455 0.070624099
v -0.013058031 0.04334455 0.070489669
v -0.013275433 0.04334455 0.070470557
v -0.013346953 0.044954548 0.070406981
v -0.0100994 0.044954548 0.069446001
v -0.0100015 0.044954548 0.069539199
v -0.0100087 0.044954548 0.071480498
v -0.0100087 0.044954548 0.0716045
v -0.012507082 0.044954548 0.073872852
v -0.012516537 0.044954548 0.073522558
v -0.012529178 0.044954548 0.073051796
v -0.0124895 0.044954548 0.072159901
v -0.0124895 0.044954548 0.070624099
v -0.013058031 0.044954548 0.070489669
v -0.013275433 0.044954548 0.070470557
v -0.011427799 -0.00099590003 0.052648401
v -0.01122 -0.00099590003 0.0527597
v -0.01122 -0.00099849999 0.0527597
v -0.011427799 -0.00099849999 0.052648401
v -0.0100015 0.018602 0.069539199
v -0.0100087 0.018602 0.071480498
v -0.0100087 0.01667735 0.071480498
v -0.0100015 0.01667735 0.069539199
v -0.0100994 0.02213665 0.069446001
v -0.0100015 0.02213665 0.069539199
v -0.0100015 0.020211999 0.069539199
v -0.0100994 0.020211999 0.069446001
v -0.010024558 0.01667735 0.06951725
v -0.010024558 0.018602 0.06951725
v -0.0100015 0.018602 0.069539199
v -0.0100015 0.01667735 0.069539199
v -0.0101869 -0.01866915 0.0527597
v -0.010141007 -0.01866915 0.052750854
v -0.010088151 -0.01866915 0.05275064
v -0.010037916 -0.01866915 0.05276598
v -0.009996503 -0.01866915 0.052795639
v -0.009996503 -0.0167445 0.052795639
v -0.010037535 -0.0167445 0.052766175
v -0.010087509 -0.0167445 0.052750726
v -0.010140328 -0.0167445 0.052750783
v -0.0101869 -0.0167445 0.0527597
v -0.0101869 -0.01674175 0.0527597
v -0.010135024 -0.01674175 0.052750258
v -0.010087583 -0.01674175 0.052750711
v -0.010045217 -0.01674175 0.052762499
v -0.010007933 -0.01674175 0.052785635
v -0.0099751002 -0.01674175 0.052818699
v -0.0099751002 -0.01867175 0.052818699
v -0.010007933 -0.01867175 0.052785635
v -0.010045217 -0.01867175 0.052762499
v -0.010087583 -0.01867175 0.052750711
v -0.010135024 -0.01867175 0.052750258
v -0.0101869 -0.01867175 0.0527597
v -0.013679055 0.00093149997 0.050415187
v -0.014180055 0.00093149997 0.050207658
v -0.014519176 0.00093149997 0.050126438
v -0.014436003 0.00093149997 0.050456262
v -0.0144551 0.00093149997 0.0508393
v -0.0144551 0.00093149997 0.0704321
v -0.014615349 0.00093149997 0.070644507
v -0.014423757 0.00093149997 0.070601945
v -0.014227622 0.00093149997 0.070568004
v -0.014022518 0.00093149997 0.07053812
v -0.01380402 0.00093149997 0.070507741
v -0.0135677 0.00093149997 0.070472298
v -0.013346953 0.00093149997 0.070406981
v -0.013264936 0.00093149997 0.070472698
v -0.01308709 0.00093149997 0.070487943
v -0.0100936 0.00093149997 0.069606099
v -0.0099751002 0.00093149997 0.069453602
v -0.0099751002 0.00093149997 0.052818699
v -0.010007933 0.00093149997 0.052785635
v -0.010045217 0.00093149997 0.052762499
v -0.010087583 0.00093149997 0.052750711
v -0.010135024 0.00093149997 0.052750258
v -0.0101869 0.00093149997 0.0527597
v -0.01122 0.00093149997 0.0527597
v -0.011427799 0.00093149997 0.052648401
v -0.013506233 0.00093149997 0.050361061
v -0.0008783 0.03078095 0.0180231
v -0.0008783 0.029240949 0.0180231
v 0.0011228 0.029240949 0.0180231
v 0.0011228 0.03078095 0.0180231
v -0.0017099179 0.03078095 0.018018194
v -0.0017099179 0.029240949 0.018018194
v -0.0015623884 0.029240949 0.018085564
v -0.0013489805 0.029240949 0.018055273
v -0.0008783 0.029240949 0.0180231
v -0.0008783 0.03078095 0.0180231
v -0.0013489805 0.03078095 0.018055273
v -0.0015623884 0.03078095 0.018085564
v -0.010146 -0.045021701 0.0443256
v -0.0099759024 -0.045021701 0.04459084
v -0.0099831003 -0.045021701 0.045018902
v -0.0099831003 -0.046946349 0.045018902
v -0.0099753118 -0.046946349 0.04459372
v -0.010146 -0.046946349 0.0443256
v -0.0132595 -0.045021701 0.045248799
v -0.013279898 -0.045021701 0.045254116
v -0.013056375 -0.045021701 0.045347772
v -0.012576048 -0.045021701 0.045439129
v -0.012460285 -0.045021701 0.045646539
v -0.01248201 -0.045021701 0.045966954
v -0.012537 -0.045021701 0.046556301
v -0.012537 -0.045021701 0.050143399
v -0.012790861 -0.045021701 0.050322933
v -0.01314401 -0.045021701 0.050328312
v -0.013455532 -0.045021701 0.0503441
v -0.013679055 -0.045021701 0.050415187
v -0.0136438 -0.045021701 0.050439801
v -0.0118677 -0.045021701 0.052400799
v -0.011690036 -0.045021701 0.052615037
v -0.01157071 -0.045021701 0.052725511
v -0.0112432 -0.045021701 0.052911201
v -0.010159301 -0.045021701 0.052911201
v -0.010108644 -0.045021701 0.052899308
v -0.010065874 -0.045021701 0.052878923
v -0.010031542 -0.045021701 0.052849646
v -0.010004275 -0.045021701 0.052810841
v -0.0099831003 -0.045021701 0.052762799
v -0.0099831003 -0.045021701 0.045018902
v -0.0099759024 -0.045021701 0.04459084
v -0.010146 -0.045021701 0.0443256
v -0.0144551 -0.01867175 0.0704321
v -0.0144551 -0.01674175 0.0704321
v -0.0144551 -0.01674175 0.0508393
v -0.0144551 -0.01867175 0.0508393
v -0.014615349 -0.01867175 0.070644507
v -0.014615349 -0.01674175 0.070644507
v -0.0144551 -0.01674175 0.0704321
v -0.0144551 -0.01867175 0.0704321
v -0.0100015 -0.04148705 0.069539199
v -0.0100087 -0.04148705 0.071480498
v -0.0100087 -0.043411698 0.071480498
v -0.0100015 -0.043411698 0.069539199
v -0.0100994 -0.04148705 0.069446001
v -0.013346953 -0.04148705 0.070406981
v -0.013275433 -0.04148705 0.070470557
v -0.013058031 -0.04148705 0.070489669
v -0.0124895 -0.04148705 0.070624099
v -0.0124895 -0.04148705 0.072159901
v -0.012529178 -0.04148705 0.073051796
v -0.012516537 -0.04148705 0.073522558
v -0.012507082 -0.04148705 0.073872852
v -0.0100087 -0.04148705 0.0716045
v -0.0100087 -0.04148705 0.071480498
v -0.0100015 -0.04148705 0.069539199
v -0.0124895 -0.046946349 0.072159901
v -0.0124895 -0.048556352 0.072159901
v -0.0124895 -0.048556352 0.070624099
v -0.0124895 -0.046946349 0.070624099
v -0.013346953 -0.046946349 0.070406981
v -0.0100994 -0.046946349 0.069446001
v -0.0100015 -0.046946349 0.069539199
v -0.0100087 -0.046946349 0.071480498
v -0.0100087 -0.046946349 0.0716045
v -0.012507082 -0.046946349 0.073872852
v -0.012516537 -0.046946349 0.073522558
v -0.012529178 -0.046946349 0.073051796
v -0.0124895 -0.046946349 0.072159901
v -0.0124895 -0.046946349 0.070624099
v -0.013058031 -0.046946349 0.070489669
v -0.013275433 -0.046946349 0.070470557
v 0.0100087 -0.045021701 0.071480498
v 0.0100015 -0.045021701 0.069539199
v 0.0100015 -0.046946349 0.069539199
v 0.0100087 -0.046946349 0.071480498
v 0.013346953 -0.045021701 0.070406981
v 0.0100994 -0.045021701 0.069446001
v 0.0100015 -0.045021701 0.069539199
v 0.0100087 -0.045021701 0.071480498
v 0.0100087 -0.045021701 0.0716045
v 0.012507082 -0.045021701 0.073872852
v 0.012516537 -0.045021701 0.073522558
v 0.012529178 -0.045021701 0.073051796
v 0.0124895 -0.045021701 0.072159901
v 0.0124895 -0.045021701 0.070624099
v 0.013058031 -0.045021701 0.070489669
v 0.013275433 -0.045021701 0.070470557
v -0.0008783 -0.036377399 0.0180231
v -0.0008783 -0.037917399 0.0180231
v 0.0011228 -0.037917399 0.0180231
v 0.0011228 -0.036377399 0.0180231
v 0.0017134655 -0.037917399 0.018048944
v 0.0017134655 -0.036377399 0.018048944
v 0.001600834 -0.036377399 0.018055419
v 0.0014591068 -0.036377399 0.018031569
v 0.0012983435 -0.036377399 0.01801546
v 0.0011228 -0.036377399 0.0180231
v 0.0011228 -0.037917399 0.0180231
v 0.0012983435 -0.037917399 0.01801546
v 0.0014591068 -0.037917399 0.018031569
v 0.001600834 -0.037917399 0.018055419
v 0.0118677 0.01506735 0.052400799
v 0.011690036 0.01506735 0.052615037
v 0.01157071 0.01506735 0.052725511
v 0.0112432 0.01506735 0.052911201
v 0.0112432 0.0131427 0.052911201
v 0.01157071 0.0131427 0.052725511
v 0.011690036 0.0131427 0.052615037
v 0.0118677 0.0131427 0.052400799
v 0.013279898 0.0115327 0.045254116
v 0.0132595 0.0115327 0.045248799
v 0.010146 0.0115327 0.0443256
v 0.0099759024 0.0115327 0.04459084
v 0.0099831003 0.0115327 0.045018902
v 0.0099831003 0.0115327 0.052762799
v 0.010004275 0.0115327 0.052810841
v 0.010031542 0.0115327 0.052849646
v 0.010065874 0.0115327 0.052878923
v 0.010108644 0.0115327 0.052899308
v 0.010159301 0.0115327 0.052911201
v 0.0112432 0.0115327 0.052911201
v 0.01157071 0.0115327 0.052725511
v 0.011690036 0.0115327 0.052615037
v 0.0118677 0.0115327 0.052400799
v 0.0136438 0.0115327 0.050439801
v 0.013679055 0.0115327 0.050415187
v 0.013455532 0.0115327 0.0503441
v 0.01314401 0.0115327 0.050328312
v 0.012790861 0.0115327 0.050322933
v 0.012537 0.0115327 0.050143399
v 0.012537 0.0115327 0.046556301
v 0.01248201 0.0115327 0.045966954
v 0.012460285 0.0115327 0.045646539
v 0.012576048 0.0115327 0.045439129
v 0.013056375 0.0115327 0.045347772
v 0.010146 0.0115327 0.0443256
v 0.0132595 0.0115327 0.045248799
v 0.0132595 0.00960805 0.045248799
v 0.010146 0.00960805 0.0443256
v 0.013679055 0.0115327 0.050415187
v 0.013679055 0.0131427 0.050415187
v 0.013455532 0.0131427 0.0503441
v 0.01314401 0.0131427 0.050328312
v 0.012790861 0.0131427 0.050322933
v 0.012537 0.0131427 0.050143399
v 0.012537 0.0115327 0.050143399
v 0.012790861 0.0115327 0.050322933
v 0.01314401 0.0115327 0.050328312
v 0.013455532 0.0115327 0.0503441
v 0.0100087 0.025671301 0.071480498
v 0.0100015 0.025671301 0.069539199
v 0.0100015 0.02374665 0.069539199
v 0.0100087 0.02374665 0.071480498
v 0.013346953 0.025671301 0.070406981
v 0.0100994 0.025671301 0.069446001
v 0.0100015 0.025671301 0.069539199
v 0.0100087 0.025671301 0.071480498
v 0.0100087 0.025671301 0.0716045
v 0.012507082 0.025671301 0.073872852
v 0.012516537 0.025671301 0.073522558
v 0.012529178 0.025671301 0.073051796
v 0.0124895 0.025671301 0.072159901
v 0.0124895 0.025671301 0.070624099
v 0.013058031 0.025671301 0.070489669
v 0.013275433 0.025671301 0.070470557
v 0.0118677 0.02213665 0.052400799
v 0.011690036 0.02213665 0.052615037
v 0.01157071 0.02213665 0.052725511
v 0.0112432 0.02213665 0.052911201
v 0.0112432 0.020211999 0.052911201
v 0.01157071 0.020211999 0.052725511
v 0.011690036 0.020211999 0.052615037
v 0.0118677 0.020211999 0.052400799
v 0.012537 0.02213665 0.050143399
v 0.012537 0.02374665 0.050143399
v 0.012537 0.02374665 0.046556301
v 0.012537 0.02213665 0.046556301
v 0.013679055 0.02213665 0.050415187
v 0.013679055 0.02374665 0.050415187
v 0.013455532 0.02374665 0.0503441
v 0.01314401 0.02374665 0.050328312
v 0.012790861 0.02374665 0.050322933
v 0.012537 0.02374665 0.050143399
v 0.012537 0.02213665 0.050143399
v 0.012790861 0.02213665 0.050322933
v 0.01314401 0.02213665 0.050328312
v 0.013455532 0.02213665 0.0503441
v 0.010159301 0.01506735 0.052911201
v 0.010108644 0.01506735 0.052899308
v 0.010065874 0.01506735 0.052878923
v 0.010031542 0.01506735 0.052849646
v 0.010004275 0.01506735 0.052810841
v 0.0099831003 0.01506735 0.052762799
v 0.0099831003 0.0131427 0.052762799
v 0.010004584 0.0131427 0.052811403
v 0.010032234 0.0131427 0.052850413
v 0.010066663 0.0131427 0.052879429
v 0.010109097 0.0131427 0.052899451
v 0.010159301 0.0131427 0.052911201
v 0.0100087 0.01506735 0.071480498
v 0.0100015 0.01506735 0.069539199
v 0.0100015 0.0131427 0.069539199
v 0.0100087 0.0131427 0.071480498
v 0.0100994 0.0131427 0.069446001
v 0.013346953 0.0131427 0.070406981
v 0.013275433 0.0131427 0.070470557
v 0.013058031 0.0131427 0.070489669
v 0.0124895 0.0131427 0.070624099
v 0.0124895 0.0131427 0.072159901
v 0.012529178 0.0131427 0.073051796
v 0.012516537 0.0131427 0.073522558
v 0.012507082 0.0131427 0.073872852
v 0.0100087 0.0131427 0.0716045
v 0.0100087 0.0131427 0.071480498
v 0.0100015 0.0131427 0.069539199
v 0.013506233 -0.01674175 0.050361061
v 0.013506233 -0.0167445 0.050361061
v 0.011427799 -0.0167445 0.052648401
v 0.011427799 -0.01674175 0.052648401
v 0.0124895 0.00092874996 0.072159901
v 0.0124895 0.0025387499 0.072159901
v 0.0124895 0.0025387499 0.070624099
v 0.0124895 0.00092874996 0.070624099
v 0.0100087 0.00092874996 0.071480498
v 0.0100015 0.00092874996 0.069539199
v 0.0100015 -0.00099590003 0.069539199
v 0.0100087 -0.00099590003 0.071480498
v 0.0100087 0.0044633999 0.071480498
v 0.0100015 0.0044633999 0.069539199
v 0.0100015 0.0025387499 0.069539199
v 0.0100087 0.0025387499 0.071480498
v 0.013346953 0.0044633999 0.070406981
v 0.0100994 0.0044633999 0.069446001
v 0.0100015 0.0044633999 0.069539199
v 0.0100087 0.0044633999 0.071480498
v 0.0100087 0.0044633999 0.0716045
v 0.012507082 0.0044633999 0.073872852
v 0.012516537 0.0044633999 0.073522558
v 0.012529178 0.0044633999 0.073051796
v 0.0124895 0.0044633999 0.072159901
v 0.0124895 0.0044633999 0.070624099
v 0.013058031 0.0044633999 0.070489669
v 0.013275433 0.0044633999 0.070470557
v 0.0132595 0.0025387499 0.045248799
v 0.013279898 0.0025387499 0.045254116
v 0.013056375 0.0025387499 0.045347772
v 0.012576048 0.0025387499 0.045439129
v 0.012460285 0.0025387499 0.045646539
v 0.01248201 0.0025387499 0.045966954
v 0.012537 0.0025387499 0.046556301
v 0.012537 0.0025387499 0.050143399
v 0.012790861 0.0025387499 0.050322933
v 0.01314401 0.0025387499 0.050328312
v 0.013455532 0.0025387499 0.0503441
v 0.013679055 0.0025387499 0.050415187
v 0.0136438 0.0025387499 0.050439801
v 0.0118677 0.0025387499 0.052400799
v 0.011690036 0.0025387499 0.052615037
v 0.01157071 0.0025387499 0.052725511
v 0.0112432 0.0025387499 0.052911201
v 0.010159301 0.0025387499 0.052911201
v 0.010109097 0.0025387499 0.052899451
v 0.010066663 0.0025387499 0.052879429
v 0.010032234 0.0025387499 0.052850413
v 0.010004584 0.0025387499 0.052811403
v 0.0099831003 0.0025387499 0.052762799
v 0.0099831003 0.0025387499 0.045018902
v 0.0099753118 0.0025387499 0.04459372
v 0.010146 0.0025387499 0.0443256
v 0.0101869 -0.00099590003 0.0527597
v 0.01122 -0.00099590003 0.0527597
v 0.01122 -0.00099849999 0.0527597
v 0.0101869 -0.00099849999 0.0527597
v 0.013506233 -0.00099849999 0.050361061
v 0.013506233 -0.00099590003 0.050361061
v 0.013000251 -0.00099590003 0.050337563
v 0.012730563 -0.00099590003 0.050304651
v 0.012537 -0.00099590003 0.050143399
v 0.012537 -0.0026058999 0.050143399
v 0.012790861 -0.0026058999 0.050322933
v 0.01314401 -0.0026058999 0.050328312
v 0.013455532 -0.0026058999 0.0503441
v 0.013679055 -0.0026058999 0.050415187
v 0.013679055 -0.00099849999 0.050415187
v 0.01308709 -0.00099849999 0.070487943
v 0.013264936 -0.00099849999 0.070472698
v 0.013346953 -0.00099849999 0.070406981
v 0.013346953 -0.0026058999 0.070406981
v 0.013275433 -0.0026058999 0.070470557
v 0.013058031 -0.0026058999 0.070489669
v 0.0124895 -0.0026058999 0.070624099
v 0.0124895 -0.00099590003 0.070624099
v 0.012689248 -0.00099590003 0.070548701
v 0.01289251 -0.00099590003 0.070505438
v 0.01308709 -0.00099590003 0.070487943
v 0.013346953 -0.043411698 0.070406981
v 0.013346953 -0.045021701 0.070406981
v 0.013275433 -0.045021701 0.070470557
v 0.013058031 -0.045021701 0.070489669
v 0.0124895 -0.045021701 0.070624099
v 0.0124895 -0.043411698 0.070624099
v 0.013058031 -0.043411698 0.070489669
v 0.013275433 -0.043411698 0.070470557
v 0.0100994 -0.043411698 0.069446001
v 0.013346953 -0.043411698 0.070406981
v 0.013275433 -0.043411698 0.070470557
v 0.013058031 -0.043411698 0.070489669
v 0.0124895 -0.043411698 0.070624099
v 0.0124895 -0.043411698 0.072159901
v 0.012529178 -0.043411698 0.073051796
v 0.012516537 -0.043411698 0.073522558
v 0.012507082 -0.043411698 0.073872852
v 0.0100087 -0.043411698 0.0716045
v 0.0100087 -0.043411698 0.071480498
v 0.0100015 -0.043411698 0.069539199
v 0.0136438 -0.0308831 0.050439801
v 0.0118677 -0.0308831 0.052400799
v 0.0118677 -0.032807751 0.052400799
v 0.0136438 -0.032807751 0.050439801
v 0.0124895 -0.02027915 0.072159901
v 0.0124895 -0.01866915 0.072159901
v 0.0124895 -0.01866915 0.070624099
v 0.0124895 -0.02027915 0.070624099
v 0.0100087 -0.02027915 0.071480498
v 0.0100015 -0.02027915 0.069539199
v 0.0100015 -0.022203801 0.069539199
v 0.0100087 -0.022203801 0.071480498
v 0.0100994 -0.022203801 0.069446001
v 0.013346953 -0.022203801 0.070406981
v 0.013275433 -0.022203801 0.070470557
v 0.013058031 -0.022203801 0.070489669
v 0.0124895 -0.022203801 0.070624099
v 0.0124895 -0.022203801 0.072159901
v 0.012529178 -0.022203801 0.073051796
v 0.012516537 -0.022203801 0.073522558
v 0.012507082 -0.022203801 0.073872852
v 0.0100087 -0.022203801 0.0716045
v 0.0100087 -0.022203801 0.071480498
v 0.0100015 -0.022203801 0.069539199
v 0.0100087 -0.0308831 0.071480498
v 0.0100015 -0.0308831 0.069539199
v 0.0100015 -0.032807751 0.069539199
v 0.0100087 -0.032807751 0.071480498
v 0.013346953 -0.0308831 0.070406981
v 0.0100994 -0.0308831 0.069446001
v 0.0100015 -0.0308831 0.069539199
v 0.0100087 -0.0308831 0.071480498
v 0.0100087 -0.0308831 0.0716045
v 0.012507082 -0.0308831 0.073872852
v 0.012516537 -0.0308831 0.073522558
v 0.012529178 -0.0308831 0.073051796
v 0.0124895 -0.0308831 0.072159901
v 0.0124895 -0.0308831 0.070624099
v 0.013058031 -0.0308831 0.070489669
v 0.013275433 -0.0308831 0.070470557
v 0.0099831003 -0.02027915 0.045018902
v 0.0099759024 -0.02027915 0.04459084
v 0.010146 -0.02027915 0.0443256
v 0.010146 -0.022203801 0.0443256
v 0.0099753118 -0.022203801 0.04459372
v 0.0099831003 -0.022203801 0.045018902
v 0.011427799 -0.0167445 0.052648401
v 0.01122 -0.0167445 0.0527597
v 0.01122 -0.01674175 0.0527597
v 0.011427799 -0.01674175 0.052648401
v 0.0101869 -0.01866915 0.0527597
v 0.01122 -0.01866915 0.0527597
v 0.01122 -0.01867175 0.0527597
v 0.0101869 -0.01867175 0.0527597
v 0.0100087 -0.045021701 0.0716045
v 0.0100087 -0.045021701 0.071480498
v 0.0100087 -0.046946349 0.071480498
v 0.0100087 -0.046946349 0.0716045
v 0.0100087 -0.034417751 0.0716045
v 0.0100087 -0.034417751 0.071480498
v 0.0100087 -0.036342399 0.071480498
v 0.0100087 -0.036342399 0.0716045
v 0.012537 -0.04148705 0.050143399
v 0.012537 -0.03987705 0.050143399
v 0.012537 -0.03987705 0.046556301
v 0.012537 -0.04148705 0.046556301
v 0.013679055 -0.04148705 0.050415187
v 0.013679055 -0.03987705 0.050415187
v 0.013455532 -0.03987705 0.0503441
v 0.01314401 -0.03987705 0.050328312
v 0.012790861 -0.03987705 0.050322933
v 0.012537 -0.03987705 0.050143399
v 0.012537 -0.04148705 0.050143399
v 0.012790861 -0.04148705 0.050322933
v 0.01314401 -0.04148705 0.050328312
v 0.013455532 -0.04148705 0.0503441
v 0.010146 -0.04148705 0.0443256
v 0.0132595 -0.04148705 0.045248799
v 0.0132595 -0.043411698 0.045248799
v 0.010146 -0.043411698 0.0443256
v 0.010146 -0.0308831 0.0443256
v 0.0132595 -0.0308831 0.045248799
v 0.0132595 -0.032807751 0.045248799
v 0.010146 -0.032807751 0.0443256
v 0.0136438 -0.04148705 0.050439801
v 0.0118677 -0.04148705 0.052400799
v 0.0118677 -0.043411698 0.052400799
v 0.0136438 -0.043411698 0.050439801
v 0.010159301 0.04334455 0.052911201
v 0.010108644 0.04334455 0.052899308
v 0.010065874 0.04334455 0.052878923
v 0.010031542 0.04334455 0.052849646
v 0.010004275 0.04334455 0.052810841
v 0.0099831003 0.04334455 0.052762799
v 0.0099831003 0.041419902 0.052762799
v 0.010004584 0.041419902 0.052811403
v 0.010032234 0.041419902 0.052850413
v 0.010066663 0.041419902 0.052879429
v 0.010109097 0.041419902 0.052899451
v 0.010159301 0.041419902 0.052911201
v 0.010159301 -0.045021701 0.052911201
v 0.010108644 -0.045021701 0.052899308
v 0.010065874 -0.045021701 0.052878923
v 0.010031542 -0.045021701 0.052849646
v 0.010004275 -0.045021701 0.052810841
v 0.0099831003 -0.045021701 0.052762799
v 0.0099831003 -0.046946349 0.052762799
v 0.010004584 -0.046946349 0.052811403
v 0.010032234 -0.046946349 0.052850413
v 0.010066663 -0.046946349 0.052879429
v 0.010109097 -0.046946349 0.052899451
v 0.010159301 -0.046946349 0.052911201
v 0.0118677 0.04334455 0.052400799
v 0.011690036 0.04334455 0.052615037
v 0.01157071 0.04334455 0.052725511
v 0.0112432 0.04334455 0.052911201
v 0.0112432 0.041419902 0.052911201
v 0.01157071 0.041419902 0.052725511
v 0.011690036 0.041419902 0.052615037
v 0.0118677 0.041419902 0.052400799
v 0.0099831003 0.025671301 0.052762799
v 0.0099831003 0.025671301 0.045018902
v 0.0099831003 0.02374665 0.045018902
v 0.0099831003 0.02374665 0.052762799
v 0.0136438 0.025671301 0.050439801
v 0.0118677 0.025671301 0.052400799
v 0.0118677 0.02374665 0.052400799
v 0.0136438 0.02374665 0.050439801
v -0.0118677 -0.045021701 0.052400799
v -0.0136438 -0.045021701 0.050439801
v -0.0136438 -0.046946349 0.050439801
v -0.0118677 -0.046946349 0.052400799
v -0.010159301 0.046879201 0.052911201
v -0.0112432 0.046879201 0.052911201
v -0.0112432 0.044954548 0.052911201
v -0.010159301 0.044954548 0.052911201
v -0.0132595 0.04334455 0.045248799
v -0.010146 0.04334455 0.0443256
v -0.010146 0.041419902 0.0443256
v -0.0132595 0.041419902 0.045248799
v -0.0099831003 0.029205949 0.052762799
v -0.010004275 0.029205949 0.052810841
v -0.010031542 0.029205949 0.052849646
v -0.010065874 0.029205949 0.052878923
v -0.010108644 0.029205949 0.052899308
v -0.010159301 0.029205949 0.052911201
v -0.010159301 0.027281301 0.052911201
v -0.010109097 0.027281301 0.052899451
v -0.010066663 0.027281301 0.052879429
v -0.010032234 0.027281301 0.052850413
v -0.010004584 0.027281301 0.052811403
v -0.0099831003 0.027281301 0.052762799
v -0.013279898 0.025671301 0.045254116
v -0.013279898 0.027281301 0.045254116
v -0.013056375 0.027281301 0.045347772
v -0.012576048 0.027281301 0.045439129
v -0.012460285 0.027281301 0.045646539
v -0.01248201 0.027281301 0.045966954
v -0.012537 0.027281301 0.046556301
v -0.012537 0.025671301 0.046556301
v -0.01248201 0.025671301 0.045966954
v -0.012460285 0.025671301 0.045646539
v -0.012576048 0.025671301 0.045439129
v -0.013056375 0.025671301 0.045347772
v -0.013279898 0.027281301 0.045254116
v -0.0132595 0.027281301 0.045248799
v -0.010146 0.027281301 0.0443256
v -0.0099753118 0.027281301 0.04459372
v -0.0099831003 0.027281301 0.045018902
v -0.0099831003 0.027281301 0.052762799
v -0.010004584 0.027281301 0.052811403
v -0.010032234 0.027281301 0.052850413
v -0.010066663 0.027281301 0.052879429
v -0.010109097 0.027281301 0.052899451
v -0.010159301 0.027281301 0.052911201
v -0.0112432 0.027281301 0.052911201
v -0.01157071 0.027281301 0.052725511
v -0.011690036 0.027281301 0.052615037
v -0.0118677 0.027281301 0.052400799
v -0.0136438 0.027281301 0.050439801
v -0.013679055 0.027281301 0.050415187
v -0.013455532 0.027281301 0.0503441
v -0.01314401 0.027281301 0.050328312
v -0.012790861 0.027281301 0.050322933
v -0.012537 0.027281301 0.050143399
v -0.012537 0.027281301 0.046556301
v -0.01248201 0.027281301 0.045966954
v -0.012460285 0.027281301 0.045646539
v -0.012576048 0.027281301 0.045439129
v -0.013056375 0.027281301 0.045347772
v -0.0132595 0.039809899 0.045248799
v -0.010146 0.039809899 0.0443256
v -0.010146 0.037885251 0.0443256
v -0.0132595 0.037885251 0.045248799
v -0.010159301 0.039809899 0.052911201
v -0.0112432 0.039809899 0.052911201
v -0.0112432 0.037885251 0.052911201
v -0.010159301 0.037885251 0.052911201
v -0.013279898 0.041419902 0.045254116
v -0.0132595 0.041419902 0.045248799
v -0.010146 0.041419902 0.0443256
v -0.0099753118 0.041419902 0.04459372
v -0.0099831003 0.041419902 0.045018902
v -0.0099831003 0.041419902 0.052762799
v -0.010004584 0.041419902 0.052811403
v -0.010032234 0.041419902 0.052850413
v -0.010066663 0.041419902 0.052879429
v -0.010109097 0.041419902 0.052899451
v -0.010159301 0.041419902 0.052911201
v -0.0112432 0.041419902 0.052911201
v -0.01157071 0.041419902 0.052725511
v -0.011690036 0.041419902 0.052615037
v -0.0118677 0.041419902 0.052400799
v -0.0136438 0.041419902 0.050439801
v -0.013679055 0.041419902 0.050415187
v -0.013455532 0.041419902 0.0503441
v -0.01314401 0.041419902 0.050328312
v -0.012790861 0.041419902 0.050322933
v -0.012537 0.041419902 0.050143399
v -0.012537 0.041419902 0.046556301
v -0.01248201 0.041419902 0.045966954
v -0.012460285 0.041419902 0.045646539
v -0.012576048 0.041419902 0.045439129
v -0.013056375 0.041419902 0.045347772
v -0.0100015 0.0327406 0.069539199
v -0.0100087 0.0327406 0.071480498
v -0.0100087 0.030815949 0.071480498
v -0.0100015 0.030815949 0.069539199
v -0.013279898 0.04334455 0.045254116
v -0.013279898 0.044954548 0.045254116
v -0.013056375 0.044954548 0.045347772
v -0.012576048 0.044954548 0.045439129
v -0.012460285 0.044954548 0.045646539
v -0.01248201 0.044954548 0.045966954
v -0.012537 0.044954548 0.046556301
v -0.012537 0.04334455 0.046556301
v -0.01248201 0.04334455 0.045966954
v -0.012460285 0.04334455 0.045646539
v -0.012576048 0.04334455 0.045439129
v -0.013056375 0.04334455 0.045347772
v -0.010159301 -0.037952399 0.052911201
v -0.0112432 -0.037952399 0.052911201
v -0.0112432 -0.03987705 0.052911201
v -0.010159301 -0.03987705 0.052911201
v -0.013279898 -0.04148705 0.045254116
v -0.013279898 -0.03987705 0.045254116
v -0.013056375 -0.03987705 0.045347772
v -0.012576048 -0.03987705 0.045439129
v -0.012460285 -0.03987705 0.045646539
v -0.01248201 -0.03987705 0.045966954
v -0.012537 -0.03987705 0.046556301
v -0.012537 -0.04148705 0.046556301
v -0.01248201 -0.04148705 0.045966954
v -0.012460285 -0.04148705 0.045646539
v -0.012576048 -0.04148705 0.045439129
v -0.013056375 -0.04148705 0.045347772
v -0.013279898 -0.03987705 0.045254116
v -0.0132595 -0.03987705 0.045248799
v -0.010146 -0.03987705 0.0443256
v -0.0099753118 -0.03987705 0.04459372
v -0.0099831003 -0.03987705 0.045018902
v -0.0099831003 -0.03987705 0.052762799
v -0.010004584 -0.03987705 0.052811403
v -0.010032234 -0.03987705 0.052850413
v -0.010066663 -0.03987705 0.052879429
v -0.010109097 -0.03987705 0.052899451
v -0.010159301 -0.03987705 0.052911201
v -0.0112432 -0.03987705 0.052911201
v -0.01157071 -0.03987705 0.052725511
v -0.011690036 -0.03987705 0.052615037
v -0.0118677 -0.03987705 0.052400799
v -0.0136438 -0.03987705 0.050439801
v -0.013679055 -0.03987705 0.050415187
v -0.013455532 -0.03987705 0.0503441
v -0.01314401 -0.03987705 0.050328312
v -0.012790861 -0.03987705 0.050322933
v -0.012537 -0.03987705 0.050143399
v -0.012537 -0.03987705 0.046556301
v -0.01248201 -0.03987705 0.045966954
v -0.012460285 -0.03987705 0.045646539
v -0.012576048 -0.03987705 0.045439129
v -0.013056375 -0.03987705 0.045347772
v -0.0132595 -0.0308831 0.045248799
v -0.013279898 -0.0308831 0.045254116
v -0.013056375 -0.0308831 0.045347772
v -0.012576048 -0.0308831 0.045439129
v -0.012460285 -0.0308831 0.045646539
v -0.01248201 -0.0308831 0.045966954
v -0.012537 -0.0308831 0.046556301
v -0.012537 -0.0308831 0.050143399
v -0.012790861 -0.0308831 0.050322933
v -0.01314401 -0.0308831 0.050328312
v -0.013455532 -0.0308831 0.0503441
v -0.013679055 -0.0308831 0.050415187
v -0.0136438 -0.0308831 0.050439801
v -0.0118677 -0.0308831 0.052400799
v -0.011690036 -0.0308831 0.052615037
v -0.01157071 -0.0308831 0.052725511
v -0.0112432 -0.0308831 0.052911201
v -0.010159301 -0.0308831 0.052911201
v -0.010108644 -0.0308831 0.052899308
v -0.010065874 -0.0308831 0.052878923
v -0.010031542 -0.0308831 0.052849646
v -0.010004275 -0.0308831 0.052810841
v -0.0099831003 -0.0308831 0.052762799
v -0.0099831003 -0.0308831 0.045018902
v -0.0099759024 -0.0308831 0.04459084
v -0.010146 -0.0308831 0.0443256
v -0.0099831003 -0.034417751 0.045018902
v -0.0099831003 -0.034417751 0.052762799
v -0.0099831003 -0.036342399 0.052762799
v -0.0099831003 -0.036342399 0.045018902
v -0.0101869 -0.036342399 0.0527597
v -0.010141007 -0.036342399 0.052750854
v -0.010088151 -0.036342399 0.05275064
v -0.010037916 -0.036342399 0.05276598
v -0.009996503 -0.036342399 0.052795639
v -0.009996503 -0.034417751 0.052795639
v -0.010037535 -0.034417751 0.052766175
v -0.010087509 -0.034417751 0.052750726
v -0.010140328 -0.034417751 0.052750783
v -0.0101869 -0.034417751 0.0527597
v -0.0101869 -0.034414999 0.0527597
v -0.010135024 -0.034414999 0.052750258
v -0.010087583 -0.034414999 0.052750711
v -0.010045217 -0.034414999 0.052762499
v -0.010007933 -0.034414999 0.052785635
v -0.0099751002 -0.034414999 0.052818699
v -0.0099751002 -0.036345 0.052818699
v -0.010007933 -0.036345 0.052785635
v -0.010045217 -0.036345 0.052762499
v -0.010087583 -0.036345 0.052750711
v -0.010135024 -0.036345 0.052750258
v -0.0101869 -0.036345 0.0527597
v -0.013279898 -0.034417751 0.045254116
v -0.013279898 -0.032807751 0.045254116
v -0.013056375 -0.032807751 0.045347772
v -0.012576048 -0.032807751 0.045439129
v -0.012460285 -0.032807751 0.045646539
v -0.01248201 -0.032807751 0.045966954
v -0.012537 -0.032807751 0.046556301
v -0.012537 -0.034417751 0.046556301
v -0.01248201 -0.034417751 0.045966954
v -0.012460285 -0.034417751 0.045646539
v -0.012576048 -0.034417751 0.045439129
v -0.013056375 -0.034417751 0.045347772
v -0.0100994 0.04334455 0.069446001
v -0.0100015 0.04334455 0.069539199
v -0.0100015 0.041419902 0.069539199
v -0.0100994 0.041419902 0.069446001
v -0.0099831003 0.01506735 0.052762799
v -0.010004275 0.01506735 0.052810841
v -0.010031542 0.01506735 0.052849646
v -0.010065874 0.01506735 0.052878923
v -0.010108644 0.01506735 0.052899308
v -0.010159301 0.01506735 0.052911201
v -0.010159301 0.0131427 0.052911201
v -0.010109097 0.0131427 0.052899451
v -0.010066663 0.0131427 0.052879429
v -0.010032234 0.0131427 0.052850413
v -0.010004584 0.0131427 0.052811403
v -0.0099831003 0.0131427 0.052762799
v -0.010146 0.018602 0.0443256
v -0.0099759024 0.018602 0.04459084
v -0.0099831003 0.018602 0.045018902
v -0.0099831003 0.01667735 0.045018902
v -0.0099753118 0.01667735 0.04459372
v -0.010146 0.01667735 0.0443256
v -0.014519176 0.018604749 0.050126438
v -0.014519176 0.01667475 0.050126438
v -0.014436003 0.01667475 0.050456262
v -0.0144551 0.01667475 0.0508393
v -0.0144551 0.018604749 0.0508393
v -0.014436003 0.018604749 0.050456262
v -0.010024558 0.01667735 0.06951725
v -0.0100936 0.01667735 0.069606099
v -0.0100936 0.01667475 0.069606099
v -0.0099751002 0.01667475 0.069453602
v -0.0099751002 0.018604749 0.069453602
v -0.0100936 0.018604749 0.069606099
v -0.0100936 0.018602 0.069606099
v -0.010024558 0.018602 0.06951725
v -0.012537 0.01667735 0.050143399
v -0.012537 0.01506735 0.050143399
v -0.012537 0.01506735 0.046556301
v -0.012537 0.01667735 0.046556301
v -0.0132595 0.018602 0.045248799
v -0.010146 0.018602 0.0443256
v -0.010146 0.01667735 0.0443256
v -0.0132595 0.01667735 0.045248799
v -0.0100087 0.046879201 0.071480498
v -0.0100087 0.046879201 0.0716045
v -0.0100087 0.044954548 0.0716045
v -0.0100087 0.044954548 0.071480498
v -0.01122 0.00092874996 0.0527597
v -0.011427799 0.00092874996 0.052648401
v -0.011427799 0.00093149997 0.052648401
v -0.01122 0.00093149997 0.0527597
v -0.013346953 0.020211999 0.070406981
v -0.0100994 0.020211999 0.069446001
v -0.0100015 0.020211999 0.069539199
v -0.0100087 0.020211999 0.071480498
v -0.0100087 0.020211999 0.0716045
v -0.012507082 0.020211999 0.073872852
v -0.012516537 0.020211999 0.073522558
v -0.012529178 0.020211999 0.073051796
v -0.0124895 0.020211999 0.072159901
v -0.0124895 0.020211999 0.070624099
v -0.013058031 0.020211999 0.070489669
v -0.013275433 0.020211999 0.070470557
v -0.01308709 0.01667735 0.070487943
v -0.0100936 0.01667735 0.069606099
v -0.010024558 0.01667735 0.06951725
v -0.0100015 0.01667735 0.069539199
v -0.0100087 0.01667735 0.071480498
v -0.0100087 0.01667735 0.0716045
v -0.012507082 0.01667735 0.073872852
v -0.012516537 0.01667735 0.073522558
v -0.012529178 0.01667735 0.073051796
v -0.0124895 0.01667735 0.072159901
v -0.0124895 0.01667735 0.070624099
v -0.012689248 0.01667735 0.070548701
v -0.01289251 0.01667735 0.070505438
v -0.0135677 0.01667475 0.070472298
v -0.013346953 0.01667475 0.070406981
v -0.013346953 0.01506735 0.070406981
v -0.0100994 0.01506735 0.069446001
v -0.0100994 0.0131427 0.069446001
v -0.013346953 0.0131427 0.070406981
v -0.013346953 0.0115327 0.070406981
v -0.0100994 0.0115327 0.069446001
v -0.0100994 0.00960805 0.069446001
v -0.013346953 0.00960805 0.070406981
v -0.013346953 0.0079980499 0.070406981
v -0.0100994 0.0079980499 0.069446001
v -0.0100994 0.0060733998 0.069446001
v -0.013346953 0.0060733998 0.070406981
v -0.013346953 0.0044633999 0.070406981
v -0.0100994 0.0044633999 0.069446001
v -0.0100994 0.0025387499 0.069446001
v -0.013346953 0.0025387499 0.070406981
v -0.013346953 0.00093149997 0.070406981
v -0.0135677 0.00093149997 0.070472298
v -0.0017099179 0.029240949 0.018018194
v -0.0015780129 0.029240949 0.018567621
v -0.0012623653 0.029240949 0.019056196
v -0.00067759603 0.029240949 0.019479625
v -0.00033694662 0.029240949 0.019585383
v 0.00016759999 0.029240949 0.0196112
v 0.00087720916 0.029240949 0.019374551
v 0.0011393947 0.029240949 0.019183298
v 0.0014213887 0.029240949 0.018862392
v 0.001617243 0.029240949 0.018463665
v 0.0017134655 0.029240949 0.018048944
v 0.001600834 0.029240949 0.018055419
v 0.0014591068 0.029240949 0.018031569
v 0.0012983435 0.029240949 0.01801546
v 0.0011228 0.029240949 0.0180231
v -0.0008783 0.029240949 0.0180231
v -0.0013489805 0.029240949 0.018055273
v -0.0015623884 0.029240949 0.018085564
v -0.0132595 -0.045021701 0.045248799
v -0.010146 -0.045021701 0.0443256
v -0.010146 -0.046946349 0.0443256
v -0.0132595 -0.046946349 0.045248799
v -0.013679055 -0.01867175 0.050415187
v -0.013506233 -0.01867175 0.050361061
v -0.011427799 -0.01867175 0.052648401
v -0.01122 -0.01867175 0.0527597
v -0.0101869 -0.01867175 0.0527597
v -0.010135024 -0.01867175 0.052750258
v -0.010087583 -0.01867175 0.052750711
v -0.010045217 -0.01867175 0.052762499
v -0.010007933 -0.01867175 0.052785635
v -0.0099751002 -0.01867175 0.052818699
v -0.0099751002 -0.01867175 0.069453602
v -0.0100936 -0.01867175 0.069606099
v -0.01308709 -0.01867175 0.070487943
v -0.013269511 -0.01867175 0.070471807
v -0.013346953 -0.01867175 0.070406981
v -0.0135677 -0.01867175 0.070472298
v -0.01380402 -0.01867175 0.070507741
v -0.014022518 -0.01867175 0.07053812
v -0.014227622 -0.01867175 0.070568004
v -0.014423757 -0.01867175 0.070601945
v -0.014615349 -0.01867175 0.070644507
v -0.0144551 -0.01867175 0.0704321
v -0.0144551 -0.01867175 0.0508393
v -0.014436003 -0.01867175 0.050456262
v -0.014519176 -0.01867175 0.050126438
v -0.014320619 -0.01867175 0.05017879
v -0.01414607 -0.01867175 0.050221028
v -0.013986787 -0.01867175 0.050265965
v -0.013834029 -0.01867175 0.050326414
v -0.0100087 -0.037952399 0.071480498
v -0.0100087 -0.037952399 0.0716045
v -0.0100087 -0.03987705 0.0716045
v -0.0100087 -0.03987705 0.071480498
v -0.0100994 -0.04148705 0.069446001
v -0.0100015 -0.04148705 0.069539199
v -0.0100015 -0.043411698 0.069539199
v -0.0100994 -0.043411698 0.069446001
v -0.013346953 -0.04148705 0.070406981
v -0.013346953 -0.03987705 0.070406981
v -0.013275433 -0.03987705 0.070470557
v -0.013058031 -0.03987705 0.070489669
v -0.0124895 -0.03987705 0.070624099
v -0.0124895 -0.04148705 0.070624099
v -0.013058031 -0.04148705 0.070489669
v -0.013275433 -0.04148705 0.070470557
v -0.012507082 -0.046946349 0.073872852
v -0.012507082 -0.048556352 0.073872852
v -0.012516537 -0.048556352 0.073522558
v -0.012529178 -0.048556352 0.073051796
v -0.0124895 -0.048556352 0.072159901
v -0.0124895 -0.046946349 0.072159901
v -0.012529178 -0.046946349 0.073051796
v -0.012516537 -0.046946349 0.073522558
v -0.013346953 -0.048556352 0.070406981
v -0.013346953 -0.046946349 0.070406981
v -0.013275433 -0.046946349 0.070470557
v -0.013058031 -0.046946349 0.070489669
v -0.0124895 -0.046946349 0.070624099
v -0.0124895 -0.048556352 0.070624099
v -0.013058031 -0.048556352 0.070489669
v -0.013275433 -0.048556352 0.070470557
v 0.0100015 -0.045021701 0.069539199
v 0.0100994 -0.045021701 0.069446001
v 0.0100994 -0.046946349 0.069446001
v 0.0100015 -0.046946349 0.069539199
v -0.0017099179 -0.037917399 0.018018194
v -0.0015780129 -0.037917399 0.018567621
v -0.0012623653 -0.037917399 0.019056196
v -0.00067759603 -0.037917399 0.019479625
v -0.00033694662 -0.037917399 0.019585383
v 0.00016759999 -0.037917399 0.0196112
v 0.00087720916 -0.037917399 0.019374551
v 0.0011393947 -0.037917399 0.019183298
v 0.0014213887 -0.037917399 0.018862392
v 0.001617243 -0.037917399 0.018463665
v 0.0017134655 -0.037917399 0.018048944
v 0.001600834 -0.037917399 0.018055419
v 0.0014591068 -0.037917399 0.018031569
v 0.0012983435 -0.037917399 0.01801546
v 0.0011228 -0.037917399 0.0180231
v -0.0008783 -0.037917399 0.0180231
v -0.0013489805 -0.037917399 0.018055273
v -0.0015623884 -0.037917399 0.018085564
v 0.013346953 0.027281301 0.070406981
v 0.013346953 0.025671301 0.070406981
v 0.013275433 0.025671301 0.070470557
v 0.013058031 0.025671301 0.070489669
v 0.0124895 0.025671301 0.070624099
v 0.0124895 0.027281301 0.070624099
v 0.013058031 0.027281301 0.070489669
v 0.013275433 0.027281301 0.070470557
v 0.0100994 0.027281301 0.069446001
v 0.013346953 0.027281301 0.070406981
v 0.013275433 0.027281301 0.070470557
v 0.013058031 0.027281301 0.070489669
v 0.0124895 0.027281301 0.070624099
v 0.0124895 0.027281301 0.072159901
v 0.012529178 0.027281301 0.073051796
v 0.012516537 0.027281301 0.073522558
v 0.012507082 0.027281301 0.073872852
v 0.0100087 0.027281301 0.0716045
v 0.0100087 0.027281301 0.071480498
v 0.0100015 0.027281301 0.069539199
v 0.013279898 0.0131427 0.045254116
v 0.013279898 0.0115327 0.045254116
v 0.013056375 0.0115327 0.045347772
v 0.012576048 0.0115327 0.045439129
v 0.012460285 0.0115327 0.045646539
v 0.01248201 0.0115327 0.045966954
v 0.012537 0.0115327 0.046556301
v 0.012537 0.0131427 0.046556301
v 0.01248201 0.0131427 0.045966954
v 0.012460285 0.0131427 0.045646539
v 0.012576048 0.0131427 0.045439129
v 0.013056375 0.0131427 0.045347772
v 0.0132595 0.0131427 0.045248799
v 0.013279898 0.0131427 0.045254116
v 0.013056375 0.0131427 0.045347772
v 0.012576048 0.0131427 0.045439129
v 0.012460285 0.0131427 0.045646539
v 0.01248201 0.0131427 0.045966954
v 0.012537 0.0131427 0.046556301
v 0.012537 0.0131427 0.050143399
v 0.012790861 0.0131427 0.050322933
v 0.01314401 0.0131427 0.050328312
v 0.013455532 0.0131427 0.0503441
v 0.013679055 0.0131427 0.050415187
v 0.0136438 0.0131427 0.050439801
v 0.0118677 0.0131427 0.052400799
v 0.011690036 0.0131427 0.052615037
v 0.01157071 0.0131427 0.052725511
v 0.0112432 0.0131427 0.052911201
v 0.010159301 0.0131427 0.052911201
v 0.010109097 0.0131427 0.052899451
v 0.010066663 0.0131427 0.052879429
v 0.010032234 0.0131427 0.052850413
v 0.010004584 0.0131427 0.052811403
v 0.0099831003 0.0131427 0.052762799
v 0.0099831003 0.0131427 0.045018902
v 0.0099753118 0.0131427 0.04459372
v 0.010146 0.0131427 0.0443256
v 0.013279898 0.01667735 0.045254116
v 0.013279898 0.01506735 0.045254116
v 0.013056375 0.01506735 0.045347772
v 0.012576048 0.01506735 0.045439129
v 0.012460285 0.01506735 0.045646539
v 0.01248201 0.01506735 0.045966954
v 0.012537 0.01506735 0.046556301
v 0.012537 0.01667735 0.046556301
v 0.01248201 0.01667735 0.045966954
v 0.012460285 0.01667735 0.045646539
v 0.012576048 0.01667735 0.045439129
v 0.013056375 0.01667735 0.045347772
v 0.0100015 0.025671301 0.069539199
v 0.0100994 0.025671301 0.069446001
v 0.0100994 0.02374665 0.069446001
v 0.0100015 0.02374665 0.069539199
v 0.013279898 0.020211999 0.045254116
v 0.013279898 0.018602 0.045254116
v 0.013056375 0.018602 0.045347772
v 0.012576048 0.018602 0.045439129
v 0.012460285 0.018602 0.045646539
v 0.01248201 0.018602 0.045966954
v 0.012537 0.018602 0.046556301
v 0.012537 0.020211999 0.046556301
v 0.01248201 0.020211999 0.045966954
v 0.012460285 0.020211999 0.045646539
v 0.012576048 0.020211999 0.045439129
v 0.013056375 0.020211999 0.045347772
v 0.013279898 0.02213665 0.045254116
v 0.0132595 0.02213665 0.045248799
v 0.010146 0.02213665 0.0443256
v 0.0099759024 0.02213665 0.04459084
v 0.0099831003 0.02213665 0.045018902
v 0.0099831003 0.02213665 0.052762799
v 0.010004275 0.02213665 0.052810841
v 0.010031542 0.02213665 0.052849646
v 0.010065874 0.02213665 0.052878923
v 0.010108644 0.02213665 0.052899308
v 0.010159301 0.02213665 0.052911201
v 0.0112432 0.02213665 0.052911201
v 0.01157071 0.02213665 0.052725511
v 0.011690036 0.02213665 0.052615037
v 0.0118677 0.02213665 0.052400799
v 0.0136438 0.02213665 0.050439801
v 0.013679055 0.02213665 0.050415187
v 0.013455532 0.02213665 0.0503441
v 0.01314401 0.02213665 0.050328312
v 0.012790861 0.02213665 0.050322933
v 0.012537 0.02213665 0.050143399
v 0.012537 0.02213665 0.046556301
v 0.01248201 0.02213665 0.045966954
v 0.012460285 0.02213665 0.045646539
v 0.012576048 0.02213665 0.045439129
v 0.013056375 0.02213665 0.045347772
v 0.0099831003 0.01506735 0.052762799
v 0.0099831003 0.01506735 0.045018902
v 0.0099831003 0.0131427 0.045018902
v 0.0099831003 0.0131427 0.052762799
v 0.0124895 0.01506735 0.072159901
v 0.0124895 0.01667735 0.072159901
v 0.0124895 0.01667735 0.070624099
v 0.0124895 0.01506735 0.070624099
v 0.0100936 0.01667735 0.069606099
v 0.01308709 0.01667735 0.070487943
v 0.01289251 0.01667735 0.070505438
v 0.012689248 0.01667735 0.070548701
v 0.0124895 0.01667735 0.070624099
v 0.0124895 0.01667735 0.072159901
v 0.012529178 0.01667735 0.073051796
v 0.012516537 0.01667735 0.073522558
v 0.012507082 0.01667735 0.073872852
v 0.0100087 0.01667735 0.0716045
v 0.0100087 0.01667735 0.071480498
v 0.0100015 0.01667735 0.069539199
v 0.010024558 0.01667735 0.06951725
v 0.0100015 0.01506735 0.069539199
v 0.0100994 0.01506735 0.069446001
v 0.0100994 0.0131427 0.069446001
v 0.0100015 0.0131427 0.069539199
v 0.01122 -0.0167445 0.0527597
v 0.0101869 -0.0167445 0.0527597
v 0.0101869 -0.01674175 0.0527597
v 0.01122 -0.01674175 0.0527597
v 0.010024558 0.00092874996 0.06951725
v 0.010024558 -0.00099590003 0.06951725
v 0.0100015 -0.00099590003 0.069539199
v 0.0100015 0.00092874996 0.069539199
v 0.0100015 0.0044633999 0.069539199
v 0.0100994 0.0044633999 0.069446001
v 0.0100994 0.0025387499 0.069446001
v 0.0100015 0.0025387499 0.069539199
v 0.013506233 0.00093149997 0.050361061
v 0.013679055 0.00093149997 0.050415187
v 0.013679055 0.0025387499 0.050415187
v 0.013455532 0.0025387499 0.0503441
v 0.01314401 0.0025387499 0.050328312
v 0.012790861 0.0025387499 0.050322933
v 0.012537 0.0025387499 0.050143399
v 0.012537 0.00092874996 0.050143399
v 0.012730563 0.00092874996 0.050304651
v 0.013000251 0.00092874996 0.050337563
v 0.013506233 0.00092874996 0.050361061
v 0.01122 -0.00099590003 0.0527597
v 0.011427799 -0.00099590003 0.052648401
v 0.011427799 -0.00099849999 0.052648401
v 0.01122 -0.00099849999 0.0527597
v 0.009996503 0.00092874996 0.052795639
v 0.010037916 0.00092874996 0.05276598
v 0.010088151 0.00092874996 0.05275064
v 0.010141007 0.00092874996 0.052750854
v 0.0101869 0.00092874996 0.0527597
v 0.01122 0.00092874996 0.0527597
v 0.011427799 0.00092874996 0.052648401
v 0.013506233 0.00092874996 0.050361061
v 0.013000251 0.00092874996 0.050337563
v 0.012730563 0.00092874996 0.050304651
v 0.012537 0.00092874996 0.050143399
v 0.012537 0.00092874996 0.046556301
v 0.01248201 0.00092874996 0.045966954
v 0.012460285 0.00092874996 0.045646539
v 0.012576048 0.00092874996 0.045439129
v 0.013056375 0.00092874996 0.045347772
v 0.013279898 0.00092874996 0.045254116
v 0.0132595 0.00092874996 0.045248799
v 0.010146 0.00092874996 0.0443256
v 0.0099759024 0.00092874996 0.04459084
v 0.0099831003 0.00092874996 0.045018902
v 0.0099831003 0.00092874996 0.052762799
v 0.0100087 -0.04148705 0.0716045
v 0.0100087 -0.04148705 0.071480498
v 0.0100087 -0.043411698 0.071480498
v 0.0100087 -0.043411698 0.0716045
v 0.0124895 -0.04148705 0.072159901
v 0.0124895 -0.03987705 0.072159901
v 0.0124895 -0.03987705 0.070624099
v 0.0124895 -0.04148705 0.070624099
v 0.012507082 -0.04148705 0.073872852
v 0.012507082 -0.03987705 0.073872852
v 0.012516537 -0.03987705 0.073522558
v 0.012529178 -0.03987705 0.073051796
v 0.0124895 -0.03987705 0.072159901
v 0.0124895 -0.04148705 0.072159901
v 0.012529178 -0.04148705 0.073051796
v 0.012516537 -0.04148705 0.073522558
v 0.0124895 -0.034417751 0.072159901
v 0.0124895 -0.032807751 0.072159901
v 0.0124895 -0.032807751 0.070624099
v 0.0124895 -0.034417751 0.070624099
v 0.012507082 -0.02027915 0.073872852
v 0.012507082 -0.01866915 0.073872852
v 0.012516537 -0.01866915 0.073522558
v 0.012529178 -0.01866915 0.073051796
v 0.0124895 -0.01866915 0.072159901
v 0.0124895 -0.02027915 0.072159901
v 0.012529178 -0.02027915 0.073051796
v 0.012516537 -0.02027915 0.073522558
v 0.0100015 -0.02027915 0.069539199
v 0.0100994 -0.02027915 0.069446001
v 0.0100994 -0.022203801 0.069446001
v 0.0100015 -0.022203801 0.069539199
v 0.0100015 -0.0308831 0.069539199
v 0.0100994 -0.0308831 0.069446001
v 0.0100994 -0.032807751 0.069446001
v 0.0100015 -0.032807751 0.069539199
v 0.010146 -0.02027915 0.0443256
v 0.0132595 -0.02027915 0.045248799
v 0.0132595 -0.022203801 0.045248799
v 0.010146 -0.022203801 0.0443256
v 0.011427799 -0.01866915 0.052648401
v 0.013506233 -0.01866915 0.050361061
v 0.013506233 -0.01867175 0.050361061
v 0.011427799 -0.01867175 0.052648401
v 0.01122 -0.01866915 0.0527597
v 0.011427799 -0.01866915 0.052648401
v 0.011427799 -0.01867175 0.052648401
v 0.01122 -0.01867175 0.0527597
v 0.009996503 -0.0167445 0.052795639
v 0.010037916 -0.0167445 0.05276598
v 0.010088151 -0.0167445 0.05275064
v 0.010141007 -0.0167445 0.052750854
v 0.0101869 -0.0167445 0.0527597
v 0.01122 -0.0167445 0.0527597
v 0.011427799 -0.0167445 0.052648401
v 0.013506233 -0.0167445 0.050361061
v 0.013000251 -0.0167445 0.050337563
v 0.012730563 -0.0167445 0.050304651
v 0.012537 -0.0167445 0.050143399
v 0.012537 -0.0167445 0.046556301
v 0.01248201 -0.0167445 0.045966954
v 0.012460285 -0.0167445 0.045646539
v 0.012576048 -0.0167445 0.045439129
v 0.013056375 -0.0167445 0.045347772
v 0.013279898 -0.0167445 0.045254116
v 0.0132595 -0.0167445 0.045248799
v 0.010146 -0.0167445 0.0443256
v 0.0099759024 -0.0167445 0.04459084
v 0.0099831003 -0.0167445 0.045018902
v 0.0099831003 -0.0167445 0.052762799
v 0.01308709 -0.01867175 0.070487943
v 0.01308709 -0.01866915 0.070487943
v 0.0100936 -0.01866915 0.069606099
v 0.0100936 -0.01867175 0.069606099
v 0.0100087 -0.034417751 0.071480498
v 0.0100015 -0.034417751 0.069539199
v 0.0100015 -0.036342399 0.069539199
v 0.0100087 -0.036342399 0.071480498
v 0.013279898 -0.04148705 0.045254116
v 0.0132595 -0.04148705 0.045248799
v 0.010146 -0.04148705 0.0443256
v 0.0099759024 -0.04148705 0.04459084
v 0.0099831003 -0.04148705 0.045018902
v 0.0099831003 -0.04148705 0.052762799
v 0.010004275 -0.04148705 0.052810841
v 0.010031542 -0.04148705 0.052849646
v 0.010065874 -0.04148705 0.052878923
v 0.010108644 -0.04148705 0.052899308
v 0.010159301 -0.04148705 0.052911201
v 0.0112432 -0.04148705 0.052911201
v 0.01157071 -0.04148705 0.052725511
v 0.011690036 -0.04148705 0.052615037
v 0.0118677 -0.04148705 0.052400799
v 0.0136438 -0.04148705 0.050439801
v 0.013679055 -0.04148705 0.050415187
v 0.013455532 -0.04148705 0.0503441
v 0.01314401 -0.04148705 0.050328312
v 0.012790861 -0.04148705 0.050322933
v 0.012537 -0.04148705 0.050143399
v 0.012537 -0.04148705 0.046556301
v 0.01248201 -0.04148705 0.045966954
v 0.012460285 -0.04148705 0.045646539
v 0.012576048 -0.04148705 0.045439129
v 0.013056375 -0.04148705 0.045347772
v 0.0132595 -0.03987705 0.045248799
v 0.013279898 -0.03987705 0.045254116
v 0.013056375 -0.03987705 0.045347772
v 0.012576048 -0.03987705 0.045439129
v 0.012460285 -0.03987705 0.045646539
v 0.01248201 -0.03987705 0.045966954
v 0.012537 -0.03987705 0.046556301
v 0.012537 -0.03987705 0.050143399
v 0.012790861 -0.03987705 0.050322933
v 0.01314401 -0.03987705 0.050328312
v 0.013455532 -0.03987705 0.0503441
v 0.013679055 -0.03987705 0.050415187
v 0.0136438 -0.03987705 0.050439801
v 0.0118677 -0.03987705 0.052400799
v 0.011690036 -0.03987705 0.052615037
v 0.01157071 -0.03987705 0.052725511
v 0.0112432 -0.03987705 0.052911201
v 0.010159301 -0.03987705 0.052911201
v 0.010109097 -0.03987705 0.052899451
v 0.010066663 -0.03987705 0.052879429
v 0.010032234 -0.03987705 0.052850413
v 0.010004584 -0.03987705 0.052811403
v 0.0099831003 -0.03987705 0.052762799
v 0.0099831003 -0.03987705 0.045018902
v 0.0099753118 -0.03987705 0.04459372
v 0.010146 -0.03987705 0.0443256
v 0.0112432 -0.045021701 0.052911201
v 0.010159301 -0.045021701 0.052911201
v 0.010159301 -0.046946349 0.052911201
v 0.0112432 -0.046946349 0.052911201
v 0.0132595 -0.043411698 0.045248799
v 0.013279898 -0.043411698 0.045254116
v 0.013056375 -0.043411698 0.045347772
v 0.012576048 -0.043411698 0.045439129
v 0.012460285 -0.043411698 0.045646539
v 0.01248201 -0.043411698 0.045966954
v 0.012537 -0.043411698 0.046556301
v 0.012537 -0.043411698 0.050143399
v 0.012790861 -0.043411698 0.050322933
v 0.01314401 -0.043411698 0.050328312
v 0.013455532 -0.043411698 0.0503441
v 0.013679055 -0.043411698 0.050415187
v 0.0136438 -0.043411698 0.050439801
v 0.0118677 -0.043411698 0.052400799
v 0.011690036 -0.043411698 0.052615037
v 0.01157071 -0.043411698 0.052725511
v 0.0112432 -0.043411698 0.052911201
v 0.010159301 -0.043411698 0.052911201
v 0.010109097 -0.043411698 0.052899451
v 0.010066663 -0.043411698 0.052879429
v 0.010032234 -0.043411698 0.052850413
v 0.010004584 -0.043411698 0.052811403
v 0.0099831003 -0.043411698 0.052762799
v 0.0099831003 -0.043411698 0.045018902
v 0.0099753118 -0.043411698 0.04459372
v 0.010146 -0.043411698 0.0443256
v 0.0099831003 0.04334455 0.052762799
v 0.0099831003 0.04334455 0.045018902
v 0.0099831003 0.041419902 0.045018902
v 0.0099831003 0.041419902 0.052762799
v 0.0099831003 -0.045021701 0.052762799
v 0.0099831003 -0.045021701 0.045018902
v 0.0099831003 -0.046946349 0.045018902
v 0.0099831003 -0.046946349 0.052762799
v 0.013279898 -0.043411698 0.045254116
v 0.013279898 -0.045021701 0.045254116
v 0.013056375 -0.045021701 0.045347772
v 0.012576048 -0.045021701 0.045439129
v 0.012460285 -0.045021701 0.045646539
v 0.01248201 -0.045021701 0.045966954
v 0.012537 -0.045021701 0.046556301
v 0.012537 -0.043411698 0.046556301
v 0.01248201 -0.043411698 0.045966954
v 0.012460285 -0.043411698 0.045646539
v 0.012576048 -0.043411698 0.045439129
v 0.013056375 -0.043411698 0.045347772
v 0.0099831003 0.039809899 0.052762799
v 0.0099831003 0.039809899 0.045018902
v 0.0099831003 0.037885251 0.045018902
v 0.0099831003 0.037885251 0.052762799
v 0.013279898 0.041419902 0.045254116
v 0.013279898 0.039809899 0.045254116
v 0.013056375 0.039809899 0.045347772
v 0.012576048 0.039809899 0.045439129
v 0.012460285 0.039809899 0.045646539
v 0.01248201 0.039809899 0.045966954
v 0.012537 0.039809899 0.046556301
v 0.012537 0.041419902 0.046556301
v 0.01248201 0.041419902 0.045966954
v 0.012460285 0.041419902 0.045646539
v 0.012576048 0.041419902 0.045439129
v 0.013056375 0.041419902 0.045347772
v 0.012537 0.025671301 0.050143399
v 0.012537 0.027281301 0.050143399
v 0.012537 0.027281301 0.046556301
v 0.012537 0.025671301 0.046556301
v 0.0099831003 0.025671301 0.045018902
v 0.0099759024 0.025671301 0.04459084
v 0.010146 0.025671301 0.0443256
v 0.010146 0.02374665 0.0443256
v 0.0099753118 0.02374665 0.04459372
v 0.0099831003 0.02374665 0.045018902
v 0.012537 0.04334455 0.050143399
v 0.012537 0.044954548 0.050143399
v 0.012537 0.044954548 0.046556301
v 0.012537 0.04334455 0.046556301
v -0.0099831003 0.046879201 0.052762799
v -0.010004275 0.046879201 0.052810841
v -0.010031542 0.046879201 0.052849646
v -0.010065874 0.046879201 0.052878923
v -0.010108644 0.046879201 0.052899308
v -0.010159301 0.046879201 0.052911201
v -0.010159301 0.044954548 0.052911201
v -0.010109097 0.044954548 0.052899451
v -0.010066663 0.044954548 0.052879429
v -0.010032234 0.044954548 0.052850413
v -0.010004584 0.044954548 0.052811403
v -0.0099831003 0.044954548 0.052762799
v -0.013279898 0.044954548 0.045254116
v -0.0132595 0.044954548 0.045248799
v -0.010146 0.044954548 0.0443256
v -0.0099753118 0.044954548 0.04459372
v -0.0099831003 0.044954548 0.045018902
v -0.0099831003 0.044954548 0.052762799
v -0.010004584 0.044954548 0.052811403
v -0.010032234 0.044954548 0.052850413
v -0.010066663 0.044954548 0.052879429
v -0.010109097 0.044954548 0.052899451
v -0.010159301 0.044954548 0.052911201
v -0.0112432 0.044954548 0.052911201
v -0.01157071 0.044954548 0.052725511
v -0.011690036 0.044954548 0.052615037
v -0.0118677 0.044954548 0.052400799
v -0.0136438 0.044954548 0.050439801
v -0.013679055 0.044954548 0.050415187
v -0.013455532 0.044954548 0.0503441
v -0.01314401 0.044954548 0.050328312
v -0.012790861 0.044954548 0.050322933
v -0.012537 0.044954548 0.050143399
v -0.012537 0.044954548 0.046556301
v -0.01248201 0.044954548 0.045966954
v -0.012460285 0.044954548 0.045646539
v -0.012576048 0.044954548 0.045439129
v -0.013056375 0.044954548 0.045347772
v -0.0099831003 0.029205949 0.045018902
v -0.0099831003 0.029205949 0.052762799
v -0.0099831003 0.027281301 0.052762799
v -0.0099831003 0.027281301 0.045018902
v -0.0118677 0.029205949 0.052400799
v -0.0136438 0.029205949 0.050439801
v -0.0136438 0.027281301 0.050439801
v -0.0118677 0.027281301 0.052400799
v -0.0112432 0.039809899 0.052911201
v -0.01157071 0.039809899 0.052725511
v -0.011690036 0.039809899 0.052615037
v -0.0118677 0.039809899 0.052400799
v -0.0118677 0.037885251 0.052400799
v -0.011690036 0.037885251 0.052615037
v -0.01157071 0.037885251 0.052725511
v -0.0112432 0.037885251 0.052911201
v -0.012537 0.041419902 0.050143399
v -0.012537 0.039809899 0.050143399
v -0.012537 0.039809899 0.046556301
v -0.012537 0.041419902 0.046556301
v -0.013679055 0.041419902 0.050415187
v -0.013679055 0.039809899 0.050415187
v -0.013455532 0.039809899 0.0503441
v -0.01314401 0.039809899 0.050328312
v -0.012790861 0.039809899 0.050322933
v -0.012537 0.039809899 0.050143399
v -0.012537 0.041419902 0.050143399
v -0.012790861 0.041419902 0.050322933
v -0.01314401 0.041419902 0.050328312
v -0.013455532 0.041419902 0.0503441
v -0.0100994 0.0327406 0.069446001
v -0.0100015 0.0327406 0.069539199
v -0.0100015 0.030815949 0.069539199
v -0.0100994 0.030815949 0.069446001
v -0.012507082 0.0343506 0.073872852
v -0.012507082 0.0327406 0.073872852
v -0.012516537 0.0327406 0.073522558
v -0.012529178 0.0327406 0.073051796
v -0.0124895 0.0327406 0.072159901
v -0.0124895 0.0343506 0.072159901
v -0.012529178 0.0343506 0.073051796
v -0.012516537 0.0343506 0.073522558
v -0.0118677 0.046879201 0.052400799
v -0.0136438 0.046879201 0.050439801
v -0.0136438 0.044954548 0.050439801
v -0.0118677 0.044954548 0.052400799
v -0.0099831003 -0.037952399 0.052762799
v -0.010004275 -0.037952399 0.052810841
v -0.010031542 -0.037952399 0.052849646
v -0.010065874 -0.037952399 0.052878923
v -0.010108644 -0.037952399 0.052899308
v -0.010159301 -0.037952399 0.052911201
v -0.010159301 -0.03987705 0.052911201
v -0.010109097 -0.03987705 0.052899451
v -0.010066663 -0.03987705 0.052879429
v -0.010032234 -0.03987705 0.052850413
v -0.010004584 -0.03987705 0.052811403
v -0.0099831003 -0.03987705 0.052762799
v -0.01122 -0.036342399 0.0527597
v -0.0101869 -0.036342399 0.0527597
v -0.0101869 -0.036345 0.0527597
v -0.01122 -0.036345 0.0527597
v -0.0118677 -0.037952399 0.052400799
v -0.0136438 -0.037952399 0.050439801
v -0.0136438 -0.03987705 0.050439801
v -0.0118677 -0.03987705 0.052400799
v -0.01308709 -0.034417751 0.070487943
v -0.01308709 -0.034414999 0.070487943
v -0.013264936 -0.034414999 0.070472698
v -0.013346953 -0.034414999 0.070406981
v -0.013346953 -0.032807751 0.070406981
v -0.013275433 -0.032807751 0.070470557
v -0.013058031 -0.032807751 0.070489669
v -0.0124895 -0.032807751 0.070624099
v -0.0124895 -0.034417751 0.070624099
v -0.012689248 -0.034417751 0.070548701
v -0.01289251 -0.034417751 0.070505438
v -0.0101869 -0.034417751 0.0527597
v -0.01122 -0.034417751 0.0527597
v -0.01122 -0.034414999 0.0527597
v -0.0101869 -0.034414999 0.0527597
v -0.0118677 -0.0308831 0.052400799
v -0.0136438 -0.0308831 0.050439801
v -0.0136438 -0.032807751 0.050439801
v -0.0118677 -0.032807751 0.052400799
v -0.010146 -0.034417751 0.0443256
v -0.0099759024 -0.034417751 0.04459084
v -0.0099831003 -0.034417751 0.045018902
v -0.0099831003 -0.036342399 0.045018902
v -0.0099753118 -0.036342399 0.04459372
v -0.010146 -0.036342399 0.0443256
v -0.012507082 0.037885251 0.073872852
v -0.012507082 0.036275251 0.073872852
v -0.012516537 0.036275251 0.073522558
v -0.012529178 0.036275251 0.073051796
v -0.0124895 0.036275251 0.072159901
v -0.0124895 0.037885251 0.072159901
v -0.012529178 0.037885251 0.073051796
v -0.012516537 0.037885251 0.073522558
v -0.0124895 0.041419902 0.072159901
v -0.0124895 0.039809899 0.072159901
v -0.0124895 0.039809899 0.070624099
v -0.0124895 0.041419902 0.070624099
v -0.013346953 0.041419902 0.070406981
v -0.0100994 0.041419902 0.069446001
v -0.0100015 0.041419902 0.069539199
v -0.0100087 0.041419902 0.071480498
v -0.0100087 0.041419902 0.0716045
v -0.012507082 0.041419902 0.073872852
v -0.012516537 0.041419902 0.073522558
v -0.012529178 0.041419902 0.073051796
v -0.0124895 0.041419902 0.072159901
v -0.0124895 0.041419902 0.070624099
v -0.013058031 0.041419902 0.070489669
v -0.013275433 0.041419902 0.070470557
v -0.013506233 0.01667735 0.050361061
v -0.011427799 0.01667735 0.052648401
v -0.011427799 0.01667475 0.052648401
v -0.013506233 0.01667475 0.050361061
v -0.0099831003 0.01506735 0.045018902
v -0.0099831003 0.01506735 0.052762799
v -0.0099831003 0.0131427 0.052762799
v -0.0099831003 0.0131427 0.045018902
v -0.0099831003 0.018602 0.045018902
v -0.0099831003 0.018602 0.052762799
v -0.0099831003 0.01667735 0.052762799
v -0.0099831003 0.01667735 0.045018902
v -0.0144551 0.01667475 0.0704321
v -0.0144551 0.018604749 0.0704321
v -0.0144551 0.018604749 0.0508393
v -0.0144551 0.01667475 0.0508393
v -0.0099751002 0.01667475 0.052818699
v -0.0099751002 0.018604749 0.052818699
v -0.0099751002 0.018604749 0.069453602
v -0.0099751002 0.01667475 0.069453602
v -0.0132595 0.01506735 0.045248799
v -0.013279898 0.01506735 0.045254116
v -0.013056375 0.01506735 0.045347772
v -0.012576048 0.01506735 0.045439129
v -0.012460285 0.01506735 0.045646539
v -0.01248201 0.01506735 0.045966954
v -0.012537 0.01506735 0.046556301
v -0.012537 0.01506735 0.050143399
v -0.012790861 0.01506735 0.050322933
v -0.01314401 0.01506735 0.050328312
v -0.013455532 0.01506735 0.0503441
v -0.013679055 0.01506735 0.050415187
v -0.0136438 0.01506735 0.050439801
v -0.0118677 0.01506735 0.052400799
v -0.011690036 0.01506735 0.052615037
v -0.01157071 0.01506735 0.052725511
v -0.0112432 0.01506735 0.052911201
v -0.010159301 0.01506735 0.052911201
v -0.010108644 0.01506735 0.052899308
v -0.010065874 0.01506735 0.052878923
v -0.010031542 0.01506735 0.052849646
v -0.010004275 0.01506735 0.052810841
v -0.0099831003 0.01506735 0.052762799
v -0.0099831003 0.01506735 0.045018902
v -0.0099759024 0.01506735 0.04459084
v -0.010146 0.01506735 0.0443256
v -0.013279898 0.020211999 0.045254116
v -0.0132595 0.020211999 0.045248799
v -0.010146 0.020211999 0.0443256
v -0.0099753118 0.020211999 0.04459372
v -0.0099831003 0.020211999 0.045018902
v -0.0099831003 0.020211999 0.052762799
v -0.010004584 0.020211999 0.052811403
v -0.010032234 0.020211999 0.052850413
v -0.010066663 0.020211999 0.052879429
v -0.010109097 0.020211999 0.052899451
v -0.010159301 0.020211999 0.052911201
v -0.0112432 0.020211999 0.052911201
v -0.01157071 0.020211999 0.052725511
v -0.011690036 0.020211999 0.052615037
v -0.0118677 0.020211999 0.052400799
v -0.0136438 0.020211999 0.050439801
v -0.013679055 0.020211999 0.050415187
v -0.013455532 0.020211999 0.0503441
v -0.01314401 0.020211999 0.050328312
v -0.012790861 0.020211999 0.050322933
v -0.012537 0.020211999 0.050143399
v -0.012537 0.020211999 0.046556301
v -0.01248201 0.020211999 0.045966954
v -0.012460285 0.020211999 0.045646539
v -0.012576048 0.020211999 0.045439129
v -0.013056375 0.020211999 0.045347772
v -0.0100015 0.046879201 0.069539199
v -0.0100087 0.046879201 0.071480498
v -0.0100087 0.044954548 0.071480498
v -0.0100015 0.044954548 0.069539199
v -0.01122 -0.00099590003 0.0527597
v -0.0101869 -0.00099590003 0.0527597
v -0.0101869 -0.00099849999 0.0527597
v -0.01122 -0.00099849999 0.0527597
v -0.01308709 0.018602 0.070487943
v -0.01308709 0.018604749 0.070487943
v -0.013264936 0.018604749 0.070472698
v -0.013346953 0.018604749 0.070406981
v -0.013346953 0.020211999 0.070406981
v -0.013275433 0.020211999 0.070470557
v -0.013058031 0.020211999 0.070489669
v -0.0124895 0.020211999 0.070624099
v -0.0124895 0.018602 0.070624099
v -0.012689248 0.018602 0.070548701
v -0.01289251 0.018602 0.070505438
v -0.013679055 0.018604749 0.050415187
v -0.013506233 0.018604749 0.050361061
v -0.013506233 0.018602 0.050361061
v -0.013000251 0.018602 0.050337563
v -0.012730563 0.018602 0.050304651
v -0.012537 0.018602 0.050143399
v -0.012537 0.020211999 0.050143399
v -0.012790861 0.020211999 0.050322933
v -0.01314401 0.020211999 0.050328312
v -0.013455532 0.020211999 0.0503441
v -0.013679055 0.020211999 0.050415187
v 0.0017134655 0.029240949 0.018048944
v 0.0017134655 0.03078095 0.018048944
v 0.001600834 0.03078095 0.018055419
v 0.0014591068 0.03078095 0.018031569
v 0.0012983435 0.03078095 0.01801546
v 0.0011228 0.03078095 0.0180231
v 0.0011228 0.029240949 0.0180231
v 0.0012983435 0.029240949 0.01801546
v 0.0014591068 0.029240949 0.018031569
v 0.001600834 0.029240949 0.018055419
v -0.0136438 -0.046946349 0.050439801
v -0.013679055 -0.046946349 0.050415187
v -0.013455532 -0.046946349 0.0503441
v -0.01314401 -0.046946349 0.050328312
v -0.012790861 -0.046946349 0.050322933
v -0.012537 -0.046946349 0.050143399
v -0.012537 -0.046946349 0.046556301
v -0.01248201 -0.046946349 0.045966954
v -0.012460285 -0.046946349 0.045646539
v -0.012576048 -0.046946349 0.045439129
v -0.013056375 -0.046946349 0.045347772
v -0.013279898 -0.046946349 0.045254116
v -0.0132595 -0.046946349 0.045248799
v -0.010146 -0.046946349 0.0443256
v -0.0099753118 -0.046946349 0.04459372
v -0.0099831003 -0.046946349 0.045018902
v -0.0099831003 -0.046946349 0.052762799
v -0.010004584 -0.046946349 0.052811403
v -0.010032234 -0.046946349 0.052850413
v -0.010066663 -0.046946349 0.052879429
v -0.010109097 -0.046946349 0.052899451
v -0.010159301 -0.046946349 0.052911201
v -0.0112432 -0.046946349 0.052911201
v -0.01157071 -0.046946349 0.052725511
v -0.011690036 -0.046946349 0.052615037
v -0.0118677 -0.046946349 0.052400799
v -0.0099831003 0.0327406 0.052762799
v -0.010004275 0.0327406 0.052810841
v -0.010031542 0.0327406 0.052849646
v -0.010065874 0.0327406 0.052878923
v -0.010108644 0.0327406 0.052899308
v -0.010159301 0.0327406 0.052911201
v -0.010159301 0.030815949 0.052911201
v -0.010109097 0.030815949 0.052899451
v -0.010066663 0.030815949 0.052879429
v -0.010032234 0.030815949 0.052850413
v -0.010004584 0.030815949 0.052811403
v -0.0099831003 0.030815949 0.052762799
v -0.0135677 -0.01867175 0.070472298
v -0.013346953 -0.01867175 0.070406981
v -0.013346953 -0.02027915 0.070406981
v -0.0100994 -0.02027915 0.069446001
v -0.0100994 -0.022203801 0.069446001
v -0.013346953 -0.022203801 0.070406981
v -0.013346953 -0.023813801 0.070406981
v -0.0100994 -0.023813801 0.069446001
v -0.0100994 -0.025738449 0.069446001
v -0.013346953 -0.025738449 0.070406981
v -0.013346953 -0.027348449 0.070406981
v -0.0100994 -0.027348449 0.069446001
v -0.0100994 -0.0292731 0.069446001
v -0.013346953 -0.0292731 0.070406981
v -0.013346953 -0.0308831 0.070406981
v -0.0100994 -0.0308831 0.069446001
v -0.0100994 -0.032807751 0.069446001
v -0.013346953 -0.032807751 0.070406981
v -0.013346953 -0.034414999 0.070406981
v -0.0135677 -0.034414999 0.070472298
v -0.0124895 -0.036342399 0.072159901
v -0.0124895 -0.037952399 0.072159901
v -0.0124895 -0.037952399 0.070624099
v -0.0124895 -0.036342399 0.070624099
v -0.0100015 -0.037952399 0.069539199
v -0.0100087 -0.037952399 0.071480498
v -0.0100087 -0.03987705 0.071480498
v -0.0100015 -0.03987705 0.069539199
v -0.013346953 -0.03987705 0.070406981
v -0.0100994 -0.03987705 0.069446001
v -0.0100015 -0.03987705 0.069539199
v -0.0100087 -0.03987705 0.071480498
v -0.0100087 -0.03987705 0.0716045
v -0.012507082 -0.03987705 0.073872852
v -0.012516537 -0.03987705 0.073522558
v -0.012529178 -0.03987705 0.073051796
v -0.0124895 -0.03987705 0.072159901
v -0.0124895 -0.03987705 0.070624099
v -0.013058031 -0.03987705 0.070489669
v -0.013275433 -0.03987705 0.070470557
v -0.0124895 0.048489199 0.072159901
v -0.0124895 0.046879201 0.072159901
v -0.0124895 0.046879201 0.070624099
v -0.0124895 0.048489199 0.070624099
v -0.0100015 -0.048556352 0.069539199
v -0.0100087 -0.048556352 0.071480498
v -0.0100087 -0.050481 0.071480498
v -0.0100015 -0.050481 0.069539199
v -0.0100994 -0.048556352 0.069446001
v -0.013346953 -0.048556352 0.070406981
v -0.013275433 -0.048556352 0.070470557
v -0.013058031 -0.048556352 0.070489669
v -0.0124895 -0.048556352 0.070624099
v -0.0124895 -0.048556352 0.072159901
v -0.012529178 -0.048556352 0.073051796
v -0.012516537 -0.048556352 0.073522558
v -0.012507082 -0.048556352 0.073872852
v -0.0100087 -0.048556352 0.0716045
v -0.0100087 -0.048556352 0.071480498
v -0.0100015 -0.048556352 0.069539199
v 0.0124895 -0.048556352 0.072159901
v 0.0124895 -0.046946349 0.072159901
v 0.0124895 -0.046946349 0.070624099
v 0.0124895 -0.048556352 0.070624099
v 0.0100994 -0.046946349 0.069446001
v 0.013346953 -0.046946349 0.070406981
v 0.013275433 -0.046946349 0.070470557
v 0.013058031 -0.046946349 0.070489669
v 0.0124895 -0.046946349 0.070624099
v 0.0124895 -0.046946349 0.072159901
v 0.012529178 -0.046946349 0.073051796
v 0.012516537 -0.046946349 0.073522558
v 0.012507082 -0.046946349 0.073872852
v 0.0100087 -0.046946349 0.0716045
v 0.0100087 -0.046946349 0.071480498
v 0.0100015 -0.046946349 0.069539199
v 0.0100087 0.029205949 0.0716045
v 0.0100087 0.029205949 0.071480498
v 0.0100087 0.027281301 0.071480498
v 0.0100087 0.027281301 0.0716045
v 0.0124895 0.029205949 0.072159901
v 0.0124895 0.030815949 0.072159901
v 0.0124895 0.030815949 0.070624099
v 0.0124895 0.029205949 0.070624099
v 0.012507082 0.029205949 0.073872852
v 0.012507082 0.030815949 0.073872852
v 0.012516537 0.030815949 0.073522558
v 0.012529178 0.030815949 0.073051796
v 0.0124895 0.030815949 0.072159901
v 0.0124895 0.029205949 0.072159901
v 0.012529178 0.029205949 0.073051796
v 0.012516537 0.029205949 0.073522558
v 0.012537 0.01506735 0.050143399
v 0.012537 0.01667735 0.050143399
v 0.012537 0.01667735 0.046556301
v 0.012537 0.01506735 0.046556301
v 0.0136438 0.01506735 0.050439801
v 0.0118677 0.01506735 0.052400799
v 0.0118677 0.0131427 0.052400799
v 0.0136438 0.0131427 0.050439801
v 0.0099831003 0.018602 0.052762799
v 0.0099831003 0.018602 0.045018902
v 0.0099831003 0.01667735 0.045018902
v 0.0099831003 0.01667735 0.052762799
v 0.012537 0.018602 0.050143399
v 0.012537 0.020211999 0.050143399
v 0.012537 0.020211999 0.046556301
v 0.012537 0.018602 0.046556301
v 0.0124895 0.04334455 0.072159901
v 0.0124895 0.044954548 0.072159901
v 0.0124895 0.044954548 0.070624099
v 0.0124895 0.04334455 0.070624099
v 0.011427799 0.00092874996 0.052648401
v 0.01122 0.00092874996 0.0527597
v 0.01122 0.00093149997 0.0527597
v 0.011427799 0.00093149997 0.052648401
v 0.0124895 0.02213665 0.072159901
v 0.0124895 0.02374665 0.072159901
v 0.0124895 0.02374665 0.070624099
v 0.0124895 0.02213665 0.070624099
v 0.0100994 0.02374665 0.069446001
v 0.013346953 0.02374665 0.070406981
v 0.013275433 0.02374665 0.070470557
v 0.013058031 0.02374665 0.070489669
v 0.0124895 0.02374665 0.070624099
v 0.0124895 0.02374665 0.072159901
v 0.012529178 0.02374665 0.073051796
v 0.012516537 0.02374665 0.073522558
v 0.012507082 0.02374665 0.073872852
v 0.0100087 0.02374665 0.0716045
v 0.0100087 0.02374665 0.071480498
v 0.0100015 0.02374665 0.069539199
v 0.0136438 0.02213665 0.050439801
v 0.0118677 0.02213665 0.052400799
v 0.0118677 0.020211999 0.052400799
v 0.0136438 0.020211999 0.050439801
v 0.0099831003 0.018602 0.045018902
v 0.0099759024 0.018602 0.04459084
v 0.010146 0.018602 0.0443256
v 0.010146 0.01667735 0.0443256
v 0.0099753118 0.01667735 0.04459372
v 0.0099831003 0.01667735 0.045018902
v 0.012507082 0.018602 0.073872852
v 0.012507082 0.020211999 0.073872852
v 0.012516537 0.020211999 0.073522558
v 0.012529178 0.020211999 0.073051796
v 0.0124895 0.020211999 0.072159901
v 0.0124895 0.018602 0.072159901
v 0.012529178 0.018602 0.073051796
v 0.012516537 0.018602 0.073522558
v 0.0099831003 0.01506735 0.045018902
v 0.0099759024 0.01506735 0.04459084
v 0.010146 0.01506735 0.0443256
v 0.010146 0.0131427 0.0443256
v 0.0099753118 0.0131427 0.04459372
v 0.0099831003 0.0131427 0.045018902
v 0.012507082 0.01506735 0.073872852
v 0.012507082 0.01667735 0.073872852
v 0.012516537 0.01667735 0.073522558
v 0.012529178 0.01667735 0.073051796
v 0.0124895 0.01667735 0.072159901
v 0.0124895 0.01506735 0.072159901
v 0.012529178 0.01506735 0.073051796
v 0.012516537 0.01506735 0.073522558
v 0.014519176 -0.01867175 0.050126438
v 0.014519176 -0.01674175 0.050126438
v 0.014436003 -0.01674175 0.050456262
v 0.0144551 -0.01674175 0.0508393
v 0.0144551 -0.01867175 0.0508393
v 0.014436003 -0.01867175 0.050456262
v 0.0100994 0.0025387499 0.069446001
v 0.013346953 0.0025387499 0.070406981
v 0.013275433 0.0025387499 0.070470557
v 0.013058031 0.0025387499 0.070489669
v 0.0124895 0.0025387499 0.070624099
v 0.0124895 0.0025387499 0.072159901
v 0.012529178 0.0025387499 0.073051796
v 0.012516537 0.0025387499 0.073522558
v 0.012507082 0.0025387499 0.073872852
v 0.0100087 0.0025387499 0.0716045
v 0.0100087 0.0025387499 0.071480498
v 0.0100015 0.0025387499 0.069539199
v 0.0144551 0.00093149997 0.0704321
v 0.0144551 -0.00099849999 0.0704321
v 0.0144551 -0.00099849999 0.0508393
v 0.0144551 0.00093149997 0.0508393
v 0.009996503 -0.00099590003 0.052795639
v 0.009996503 0.00092874996 0.052795639
v 0.0099831003 0.00092874996 0.052762799
v 0.0099831003 -0.00099590003 0.052762799
v 0.0100936 -0.00099590003 0.069606099
v 0.010024558 -0.00099590003 0.06951725
v 0.010024558 0.00092874996 0.06951725
v 0.0100936 0.00092874996 0.069606099
v 0.0100936 0.00093149997 0.069606099
v 0.0099751002 0.00093149997 0.069453602
v 0.0099751002 -0.00099849999 0.069453602
v 0.0100936 -0.00099849999 0.069606099
v 0.0100087 -0.04148705 0.071480498
v 0.0100015 -0.04148705 0.069539199
v 0.0100015 -0.043411698 0.069539199
v 0.0100087 -0.043411698 0.071480498
v 0.013346953 -0.04148705 0.070406981
v 0.0100994 -0.04148705 0.069446001
v 0.0100015 -0.04148705 0.069539199
v 0.0100087 -0.04148705 0.071480498
v 0.0100087 -0.04148705 0.0716045
v 0.012507082 -0.04148705 0.073872852
v 0.012516537 -0.04148705 0.073522558
v 0.012529178 -0.04148705 0.073051796
v 0.0124895 -0.04148705 0.072159901
v 0.0124895 -0.04148705 0.070624099
v 0.013058031 -0.04148705 0.070489669
v 0.013275433 -0.04148705 0.070470557
v 0.012507082 -0.034417751 0.073872852
v 0.012507082 -0.032807751 0.073872852
v 0.012516537 -0.032807751 0.073522558
v 0.012529178 -0.032807751 0.073051796
v 0.0124895 -0.032807751 0.072159901
v 0.0124895 -0.034417751 0.072159901
v 0.012529178 -0.034417751 0.073051796
v 0.012516537 -0.034417751 0.073522558
v 0.013346953 -0.02027915 0.070406981
v 0.0100994 -0.02027915 0.069446001
v 0.0100015 -0.02027915 0.069539199
v 0.0100087 -0.02027915 0.071480498
v 0.0100087 -0.02027915 0.0716045
v 0.012507082 -0.02027915 0.073872852
v 0.012516537 -0.02027915 0.073522558
v 0.012529178 -0.02027915 0.073051796
v 0.0124895 -0.02027915 0.072159901
v 0.0124895 -0.02027915 0.070624099
v 0.013058031 -0.02027915 0.070489669
v 0.013275433 -0.02027915 0.070470557
v 0.0100994 -0.032807751 0.069446001
v 0.013346953 -0.032807751 0.070406981
v 0.013275433 -0.032807751 0.070470557
v 0.013058031 -0.032807751 0.070489669
v 0.0124895 -0.032807751 0.070624099
v 0.0124895 -0.032807751 0.072159901
v 0.012529178 -0.032807751 0.073051796
v 0.012516537 -0.032807751 0.073522558
v 0.012507082 -0.032807751 0.073872852
v 0.0100087 -0.032807751 0.0716045
v 0.0100087 -0.032807751 0.071480498
v 0.0100015 -0.032807751 0.069539199
v 0.013506233 -0.01867175 0.050361061
v 0.013506233 -0.01866915 0.050361061
v 0.013000251 -0.01866915 0.050337563
v 0.012730563 -0.01866915 0.050304651
v 0.012537 -0.01866915 0.050143399
v 0.012537 -0.02027915 0.050143399
v 0.012790861 -0.02027915 0.050322933
v 0.01314401 -0.02027915 0.050328312
v 0.013455532 -0.02027915 0.0503441
v 0.013679055 -0.02027915 0.050415187
v 0.013679055 -0.01867175 0.050415187
v 0.0144551 -0.01674175 0.0704321
v 0.0144551 -0.01867175 0.0704321
v 0.0144551 -0.01867175 0.0508393
v 0.0144551 -0.01674175 0.0508393
v 0.009996503 -0.01866915 0.052795639
v 0.009996503 -0.0167445 0.052795639
v 0.0099831003 -0.0167445 0.052762799
v 0.0099831003 -0.01866915 0.052762799
v 0.0100936 -0.0167445 0.069606099
v 0.01308709 -0.0167445 0.070487943
v 0.01308709 -0.01674175 0.070487943
v 0.0100936 -0.01674175 0.069606099
v 0.013346953 -0.00099849999 0.070406981
v 0.0135677 -0.00099849999 0.070472298
v 0.0135677 -0.01674175 0.070472298
v 0.013346953 -0.01674175 0.070406981
v 0.013346953 -0.0151345 0.070406981
v 0.0100994 -0.0151345 0.069446001
v 0.0100994 -0.01320985 0.069446001
v 0.013346953 -0.01320985 0.070406981
v 0.013346953 -0.011599849 0.070406981
v 0.0100994 -0.011599849 0.069446001
v 0.0100994 -0.0096752 0.069446001
v 0.013346953 -0.0096752 0.070406981
v 0.013346953 -0.0080651999 0.070406981
v 0.0100994 -0.0080651999 0.069446001
v 0.0100994 -0.0061405498 0.069446001
v 0.013346953 -0.0061405498 0.070406981
v 0.013346953 -0.0045305499 0.070406981
v 0.0100994 -0.0045305499 0.069446001
v 0.0100994 -0.0026058999 0.069446001
v 0.013346953 -0.0026058999 0.070406981
v 0.010024558 -0.034417751 0.06951725
v 0.010024558 -0.036342399 0.06951725
v 0.0100015 -0.036342399 0.069539199
v 0.0100015 -0.034417751 0.069539199
v 0.013279898 -0.03987705 0.045254116
v 0.013279898 -0.04148705 0.045254116
v 0.013056375 -0.04148705 0.045347772
v 0.012576048 -0.04148705 0.045439129
v 0.012460285 -0.04148705 0.045646539
v 0.01248201 -0.04148705 0.045966954
v 0.012537 -0.04148705 0.046556301
v 0.012537 -0.03987705 0.046556301
v 0.01248201 -0.03987705 0.045966954
v 0.012460285 -0.03987705 0.045646539
v 0.012576048 -0.03987705 0.045439129
v 0.013056375 -0.03987705 0.045347772
v 0.013279898 -0.032807751 0.045254116
v 0.013279898 -0.034417751 0.045254116
v 0.013056375 -0.034417751 0.045347772
v 0.012576048 -0.034417751 0.045439129
v 0.012460285 -0.034417751 0.045646539
v 0.01248201 -0.034417751 0.045966954
v 0.012537 -0.034417751 0.046556301
v 0.012537 -0.032807751 0.046556301
v 0.01248201 -0.032807751 0.045966954
v 0.012460285 -0.032807751 0.045646539
v 0.012576048 -0.032807751 0.045439129
v 0.013056375 -0.032807751 0.045347772
v 0.0118677 -0.045021701 0.052400799
v 0.011690036 -0.045021701 0.052615037
v 0.01157071 -0.045021701 0.052725511
v 0.0112432 -0.045021701 0.052911201
v 0.0112432 -0.046946349 0.052911201
v 0.01157071 -0.046946349 0.052725511
v 0.011690036 -0.046946349 0.052615037
v 0.0118677 -0.046946349 0.052400799
v 0.012537 -0.045021701 0.050143399
v 0.012537 -0.043411698 0.050143399
v 0.012537 -0.043411698 0.046556301
v 0.012537 -0.045021701 0.046556301
v 0.013679055 -0.045021701 0.050415187
v 0.013679055 -0.043411698 0.050415187
v 0.013455532 -0.043411698 0.0503441
v 0.01314401 -0.043411698 0.050328312
v 0.012790861 -0.043411698 0.050322933
v 0.012537 -0.043411698 0.050143399
v 0.012537 -0.045021701 0.050143399
v 0.012790861 -0.045021701 0.050322933
v 0.01314401 -0.045021701 0.050328312
v 0.013455532 -0.045021701 0.0503441
v 0.0099831003 0.04334455 0.045018902
v 0.0099759024 0.04334455 0.04459084
v 0.010146 0.04334455 0.0443256
v 0.010146 0.041419902 0.0443256
v 0.0099753118 0.041419902 0.04459372
v 0.0099831003 0.041419902 0.045018902
v 0.0099831003 -0.045021701 0.045018902
v 0.0099759024 -0.045021701 0.04459084
v 0.010146 -0.045021701 0.0443256
v 0.010146 -0.046946349 0.0443256
v 0.0099753118 -0.046946349 0.04459372
v 0.0099831003 -0.046946349 0.045018902
v 0.0099831003 0.039809899 0.045018902
v 0.0099759024 0.039809899 0.04459084
v 0.010146 0.039809899 0.0443256
v 0.010146 0.037885251 0.0443256
v 0.0099753118 0.037885251 0.04459372
v 0.0099831003 0.037885251 0.045018902
v 0.010159301 0.039809899 0.052911201
v 0.010108644 0.039809899 0.052899308
v 0.010065874 0.039809899 0.052878923
v 0.010031542 0.039809899 0.052849646
v 0.010004275 0.039809899 0.052810841
v 0.0099831003 0.039809899 0.052762799
v 0.0099831003 0.037885251 0.052762799
v 0.010004584 0.037885251 0.052811403
v 0.010032234 0.037885251 0.052850413
v 0.010066663 0.037885251 0.052879429
v 0.010109097 0.037885251 0.052899451
v 0.010159301 0.037885251 0.052911201
v 0.0136438 0.04334455 0.050439801
v 0.0118677 0.04334455 0.052400799
v 0.0118677 0.041419902 0.052400799
v 0.0136438 0.041419902 0.050439801
v 0.0112432 0.029205949 0.052911201
v 0.010159301 0.029205949 0.052911201
v 0.010159301 0.027281301 0.052911201
v 0.0112432 0.027281301 0.052911201
v 0.0118677 0.029205949 0.052400799
v 0.011690036 0.029205949 0.052615037
v 0.01157071 0.029205949 0.052725511
v 0.0112432 0.029205949 0.052911201
v 0.0112432 0.027281301 0.052911201
v 0.01157071 0.027281301 0.052725511
v 0.011690036 0.027281301 0.052615037
v 0.0118677 0.027281301 0.052400799
v 0.013279898 0.025671301 0.045254116
v 0.0132595 0.025671301 0.045248799
v 0.010146 0.025671301 0.0443256
v 0.0099759024 0.025671301 0.04459084
v 0.0099831003 0.025671301 0.045018902
v 0.0099831003 0.025671301 0.052762799
v 0.010004275 0.025671301 0.052810841
v 0.010031542 0.025671301 0.052849646
v 0.010065874 0.025671301 0.052878923
v 0.010108644 0.025671301 0.052899308
v 0.010159301 0.025671301 0.052911201
v 0.0112432 0.025671301 0.052911201
v 0.01157071 0.025671301 0.052725511
v 0.011690036 0.025671301 0.052615037
v 0.0118677 0.025671301 0.052400799
v 0.0136438 0.025671301 0.050439801
v 0.013679055 0.025671301 0.050415187
v 0.013455532 0.025671301 0.0503441
v 0.01314401 0.025671301 0.050328312
v 0.012790861 0.025671301 0.050322933
v 0.012537 0.025671301 0.050143399
v 0.012537 0.025671301 0.046556301
v 0.01248201 0.025671301 0.045966954
v 0.012460285 0.025671301 0.045646539
v 0.012576048 0.025671301 0.045439129
v 0.013056375 0.025671301 0.045347772
v 0.010146 0.025671301 0.0443256
v 0.0132595 0.025671301 0.045248799
v 0.0132595 0.02374665 0.045248799
v 0.010146 0.02374665 0.0443256
v 0.013679055 0.025671301 0.050415187
v 0.013679055 0.027281301 0.050415187
v 0.013455532 0.027281301 0.0503441
v 0.01314401 0.027281301 0.050328312
v 0.012790861 0.027281301 0.050322933
v 0.012537 0.027281301 0.050143399
v 0.012537 0.025671301 0.050143399
v 0.012790861 0.025671301 0.050322933
v 0.01314401 0.025671301 0.050328312
v 0.013455532 0.025671301 0.0503441
v 0.0118677 0.046879201 0.052400799
v 0.011690036 0.046879201 0.052615037
v 0.01157071 0.046879201 0.052725511
v 0.0112432 0.046879201 0.052911201
v 0.0112432 0.044954548 0.052911201
v 0.01157071 0.044954548 0.052725511
v 0.011690036 0.044954548 0.052615037
v 0.0118677 0.044954548 0.052400799
v 0.013279898 0.04334455 0.045254116
v 0.0132595 0.04334455 0.045248799
v 0.010146 0.04334455 0.0443256
v 0.0099759024 0.04334455 0.04459084
v 0.0099831003 0.04334455 0.045018902
v 0.0099831003 0.04334455 0.052762799
v 0.010004275 0.04334455 0.052810841
v 0.010031542 0.04334455 0.052849646
v 0.010065874 0.04334455 0.052878923
v 0.010108644 0.04334455 0.052899308
v 0.010159301 0.04334455 0.052911201
v 0.0112432 0.04334455 0.052911201
v 0.01157071 0.04334455 0.052725511
v 0.011690036 0.04334455 0.052615037
v 0.0118677 0.04334455 0.052400799
v 0.0136438 0.04334455 0.050439801
v 0.013679055 0.04334455 0.050415187
v 0.013455532 0.04334455 0.0503441
v 0.01314401 0.04334455 0.050328312
v 0.012790861 0.04334455 0.050322933
v 0.012537 0.04334455 0.050143399
v 0.012537 0.04334455 0.046556301
v 0.01248201 0.04334455 0.045966954
v 0.012460285 0.04334455 0.045646539
v 0.012576048 0.04334455 0.045439129
v 0.013056375 0.04334455 0.045347772
v 0.013679055 0.04334455 0.050415187
v 0.013679055 0.044954548 0.050415187
v 0.013455532 0.044954548 0.0503441
v 0.01314401 0.044954548 0.050328312
v 0.012790861 0.044954548 0.050322933
v 0.012537 0.044954548 0.050143399
v 0.012537 0.04334455 0.050143399
v 0.012790861 0.04334455 0.050322933
v 0.01314401 0.04334455 0.050328312
v 0.013455532 0.04334455 0.0503441
v -0.013679055 -0.046946349 0.050415187
v -0.013679055 -0.048556352 0.050415187
v -0.013455532 -0.048556352 0.0503441
v -0.01314401 -0.048556352 0.050328312
v -0.012790861 -0.048556352 0.050322933
v -0.012537 -0.048556352 0.050143399
v -0.012537 -0.046946349 0.050143399
v -0.012790861 -0.046946349 0.050322933
v -0.01314401 -0.046946349 0.050328312
v -0.013455532 -0.046946349 0.0503441
v -0.0099831003 0.046879201 0.045018902
v -0.0099831003 0.046879201 0.052762799
v -0.0099831003 0.044954548 0.052762799
v -0.0099831003 0.044954548 0.045018902
v -0.010159301 0.0327406 0.052911201
v -0.0112432 0.0327406 0.052911201
v -0.0112432 0.030815949 0.052911201
v -0.010159301 0.030815949 0.052911201
v -0.012537 0.030815949 0.050143399
v -0.012537 0.029205949 0.050143399
v -0.012537 0.029205949 0.046556301
v -0.012537 0.030815949 0.046556301
v -0.010146 0.029205949 0.0443256
v -0.0099759024 0.029205949 0.04459084
v -0.0099831003 0.029205949 0.045018902
v -0.0099831003 0.027281301 0.045018902
v -0.0099753118 0.027281301 0.04459372
v -0.010146 0.027281301 0.0443256
v -0.010146 0.036275251 0.0443256
v -0.0099759024 0.036275251 0.04459084
v -0.0099831003 0.036275251 0.045018902
v -0.0099831003 0.0343506 0.045018902
v -0.0099753118 0.0343506 0.04459372
v -0.010146 0.0343506 0.0443256
v -0.013279898 0.036275251 0.045254116
v -0.013279898 0.037885251 0.045254116
v -0.013056375 0.037885251 0.045347772
v -0.012576048 0.037885251 0.045439129
v -0.012460285 0.037885251 0.045646539
v -0.01248201 0.037885251 0.045966954
v -0.012537 0.037885251 0.046556301
v -0.012537 0.036275251 0.046556301
v -0.01248201 0.036275251 0.045966954
v -0.012460285 0.036275251 0.045646539
v -0.012576048 0.036275251 0.045439129
v -0.013056375 0.036275251 0.045347772
v -0.0132595 0.039809899 0.045248799
v -0.013279898 0.039809899 0.045254116
v -0.013056375 0.039809899 0.045347772
v -0.012576048 0.039809899 0.045439129
v -0.012460285 0.039809899 0.045646539
v -0.01248201 0.039809899 0.045966954
v -0.012537 0.039809899 0.046556301
v -0.012537 0.039809899 0.050143399
v -0.012790861 0.039809899 0.050322933
v -0.01314401 0.039809899 0.050328312
v -0.013455532 0.039809899 0.0503441
v -0.013679055 0.039809899 0.050415187
v -0.0136438 0.039809899 0.050439801
v -0.0118677 0.039809899 0.052400799
v -0.011690036 0.039809899 0.052615037
v -0.01157071 0.039809899 0.052725511
v -0.0112432 0.039809899 0.052911201
v -0.010159301 0.039809899 0.052911201
v -0.010108644 0.039809899 0.052899308
v -0.010065874 0.039809899 0.052878923
v -0.010031542 0.039809899 0.052849646
v -0.010004275 0.039809899 0.052810841
v -0.0099831003 0.039809899 0.052762799
v -0.0099831003 0.039809899 0.045018902
v -0.0099759024 0.039809899 0.04459084
v -0.010146 0.039809899 0.0443256
v -0.0100994 0.0327406 0.069446001
v -0.013346953 0.0327406 0.070406981
v -0.013275433 0.0327406 0.070470557
v -0.013058031 0.0327406 0.070489669
v -0.0124895 0.0327406 0.070624099
v -0.0124895 0.0327406 0.072159901
v -0.012529178 0.0327406 0.073051796
v -0.012516537 0.0327406 0.073522558
v -0.012507082 0.0327406 0.073872852
v -0.0100087 0.0327406 0.0716045
v -0.0100087 0.0327406 0.071480498
v -0.0100015 0.0327406 0.069539199
v -0.0124895 0.0343506 0.072159901
v -0.0124895 0.0327406 0.072159901
v -0.0124895 0.0327406 0.070624099
v -0.0124895 0.0343506 0.070624099
v -0.012537 0.048489199 0.050143399
v -0.012537 0.046879201 0.050143399
v -0.012537 0.046879201 0.046556301
v -0.012537 0.048489199 0.046556301
v -0.0099831003 -0.037952399 0.045018902
v -0.0099831003 -0.037952399 0.052762799
v -0.0099831003 -0.03987705 0.052762799
v -0.0099831003 -0.03987705 0.045018902
v -0.013279898 -0.037952399 0.045254116
v -0.013279898 -0.036342399 0.045254116
v -0.013056375 -0.036342399 0.045347772
v -0.012576048 -0.036342399 0.045439129
v -0.012460285 -0.036342399 0.045646539
v -0.01248201 -0.036342399 0.045966954
v -0.012537 -0.036342399 0.046556301
v -0.012537 -0.037952399 0.046556301
v -0.01248201 -0.037952399 0.045966954
v -0.012460285 -0.037952399 0.045646539
v -0.012576048 -0.037952399 0.045439129
v -0.013056375 -0.037952399 0.045347772
v -0.010024558 -0.034417751 0.06951725
v -0.0100936 -0.034417751 0.069606099
v -0.01308709 -0.034417751 0.070487943
v -0.01289251 -0.034417751 0.070505438
v -0.012689248 -0.034417751 0.070548701
v -0.0124895 -0.034417751 0.070624099
v -0.0124895 -0.034417751 0.072159901
v -0.012529178 -0.034417751 0.073051796
v -0.012516537 -0.034417751 0.073522558
v -0.012507082 -0.034417751 0.073872852
v -0.0100087 -0.034417751 0.0716045
v -0.0100087 -0.034417751 0.071480498
v -0.0100015 -0.034417751 0.069539199
v -0.01122 -0.034417751 0.0527597
v -0.011427799 -0.034417751 0.052648401
v -0.011427799 -0.034414999 0.052648401
v -0.01122 -0.034414999 0.0527597
v -0.0132595 -0.034417751 0.045248799
v -0.010146 -0.034417751 0.0443256
v -0.010146 -0.036342399 0.0443256
v -0.0132595 -0.036342399 0.045248799
v -0.012537 -0.032807751 0.050143399
v -0.012537 -0.034417751 0.050143399
v -0.012537 -0.034417751 0.046556301
v -0.012537 -0.032807751 0.046556301
v -0.0100087 0.039809899 0.071480498
v -0.0100087 0.039809899 0.0716045
v -0.0100087 0.037885251 0.0716045
v -0.0100087 0.037885251 0.071480498
v -0.012507082 0.041419902 0.073872852
v -0.012507082 0.039809899 0.073872852
v -0.012516537 0.039809899 0.073522558
v -0.012529178 0.039809899 0.073051796
v -0.0124895 0.039809899 0.072159901
v -0.0124895 0.041419902 0.072159901
v -0.012529178 0.041419902 0.073051796
v -0.012516537 0.041419902 0.073522558
v -0.013346953 0.039809899 0.070406981
v -0.013346953 0.041419902 0.070406981
v -0.013275433 0.041419902 0.070470557
v -0.013058031 0.041419902 0.070489669
v -0.0124895 0.041419902 0.070624099
v -0.0124895 0.039809899 0.070624099
v -0.013058031 0.039809899 0.070489669
v -0.013275433 0.039809899 0.070470557
v -0.010146 0.01506735 0.0443256
v -0.0099759024 0.01506735 0.04459084
v -0.0099831003 0.01506735 0.045018902
v -0.0099831003 0.0131427 0.045018902
v -0.0099753118 0.0131427 0.04459372
v -0.010146 0.0131427 0.0443256
v -0.013679055 0.01667475 0.050415187
v -0.013506233 0.01667475 0.050361061
v -0.011427799 0.01667475 0.052648401
v -0.01122 0.01667475 0.0527597
v -0.0101869 0.01667475 0.0527597
v -0.010135024 0.01667475 0.052750258
v -0.010087583 0.01667475 0.052750711
v -0.010045217 0.01667475 0.052762499
v -0.010007933 0.01667475 0.052785635
v -0.0099751002 0.01667475 0.052818699
v -0.0099751002 0.01667475 0.069453602
v -0.0100936 0.01667475 0.069606099
v -0.01308709 0.01667475 0.070487943
v -0.013269511 0.01667475 0.070471807
v -0.013346953 0.01667475 0.070406981
v -0.0135677 0.01667475 0.070472298
v -0.01380402 0.01667475 0.070507741
v -0.014022518 0.01667475 0.07053812
v -0.014227622 0.01667475 0.070568004
v -0.014423757 0.01667475 0.070601945
v -0.014615349 0.01667475 0.070644507
v -0.0144551 0.01667475 0.0704321
v -0.0144551 0.01667475 0.0508393
v -0.014436003 0.01667475 0.050456262
v -0.014519176 0.01667475 0.050126438
v -0.014320619 0.01667475 0.05017879
v -0.01414607 0.01667475 0.050221028
v -0.013986787 0.01667475 0.050265965
v -0.013834029 0.01667475 0.050326414
v -0.013279898 0.01506735 0.045254116
v -0.013279898 0.01667735 0.045254116
v -0.013056375 0.01667735 0.045347772
v -0.012576048 0.01667735 0.045439129
v -0.012460285 0.01667735 0.045646539
v -0.01248201 0.01667735 0.045966954
v -0.012537 0.01667735 0.046556301
v -0.012537 0.01506735 0.046556301
v -0.01248201 0.01506735 0.045966954
v -0.012460285 0.01506735 0.045646539
v -0.012576048 0.01506735 0.045439129
v -0.013056375 0.01506735 0.045347772
v -0.012537 0.020211999 0.050143399
v -0.012537 0.018602 0.050143399
v -0.012537 0.018602 0.046556301
v -0.012537 0.020211999 0.046556301
v -0.0100936 0.01667735 0.069606099
v -0.01308709 0.01667735 0.070487943
v -0.01308709 0.01667475 0.070487943
v -0.0100936 0.01667475 0.069606099
v -0.0100994 0.046879201 0.069446001
v -0.0100015 0.046879201 0.069539199
v -0.0100015 0.044954548 0.069539199
v -0.0100994 0.044954548 0.069446001
v -0.0101869 0.00092874996 0.0527597
v -0.01122 0.00092874996 0.0527597
v -0.01122 0.00093149997 0.0527597
v -0.0101869 0.00093149997 0.0527597
v -0.013506233 0.01667735 0.050361061
v -0.013506233 0.01667475 0.050361061
v -0.013679055 0.01667475 0.050415187
v -0.013679055 0.01506735 0.050415187
v -0.013455532 0.01506735 0.0503441
v -0.01314401 0.01506735 0.050328312
v -0.012790861 0.01506735 0.050322933
v -0.012537 0.01506735 0.050143399
v -0.012537 0.01667735 0.050143399
v -0.012730563 0.01667735 0.050304651
v -0.013000251 0.01667735 0.050337563
v -0.014615349 0.01667475 0.070644507
v -0.014615349 0.018604749 0.070644507
v -0.0144551 0.018604749 0.0704321
v -0.0144551 0.01667475 0.0704321
v 0.00016759999 0.03078095 0.0196112
v -0.00040560942 0.03078095 0.019570636
v -0.00078882322 0.03078095 0.019425513
v -0.0012416627 0.03078095 0.019078451
v -0.0015484141 0.03078095 0.018635591
v -0.0017099179 0.03078095 0.018018194
v -0.0015623884 0.03078095 0.018085564
v -0.0013489805 0.03078095 0.018055273
v -0.0008783 0.03078095 0.0180231
v 0.0011228 0.03078095 0.0180231
v 0.0012983435 0.03078095 0.01801546
v 0.0014591068 0.03078095 0.018031569
v 0.001600834 0.03078095 0.018055419
v 0.0017134655 0.03078095 0.018048944
v 0.0014943719 0.03078095 0.018742309
v 0.0010458807 0.03078095 0.019259725
v 0.0006170452 0.03078095 0.019503553
v -0.013279898 -0.048556352 0.045254116
v -0.013279898 -0.046946349 0.045254116
v -0.013056375 -0.046946349 0.045347772
v -0.012576048 -0.046946349 0.045439129
v -0.012460285 -0.046946349 0.045646539
v -0.01248201 -0.046946349 0.045966954
v -0.012537 -0.046946349 0.046556301
v -0.012537 -0.048556352 0.046556301
v -0.01248201 -0.048556352 0.045966954
v -0.012460285 -0.048556352 0.045646539
v -0.012576048 -0.048556352 0.045439129
v -0.013056375 -0.048556352 0.045347772
v -0.0099831003 0.0327406 0.045018902
v -0.0099831003 0.0327406 0.052762799
v -0.0099831003 0.030815949 0.052762799
v -0.0099831003 0.030815949 0.045018902
v -0.0099831003 0.036275251 0.045018902
v -0.0099831003 0.036275251 0.052762799
v -0.0099831003 0.0343506 0.052762799
v -0.0099831003 0.0343506 0.045018902
v -0.010146 -0.048556352 0.0443256
v -0.0099759024 -0.048556352 0.04459084
v -0.0099831003 -0.048556352 0.045018902
v -0.0099831003 -0.050481 0.045018902
v -0.0099753118 -0.050481 0.04459372
v -0.010146 -0.050481 0.0443256
v -0.0100087 -0.048556352 0.071480498
v -0.0100087 -0.048556352 0.0716045
v -0.0100087 -0.050481 0.0716045
v -0.0100087 -0.050481 0.071480498
v -0.0100936 -0.036342399 0.069606099
v -0.01308709 -0.036342399 0.070487943
v -0.01308709 -0.036345 0.070487943
v -0.0100936 -0.036345 0.069606099
v -0.012507082 -0.036342399 0.073872852
v -0.012507082 -0.037952399 0.073872852
v -0.012516537 -0.037952399 0.073522558
v -0.012529178 -0.037952399 0.073051796
v -0.0124895 -0.037952399 0.072159901
v -0.0124895 -0.036342399 0.072159901
v -0.012529178 -0.036342399 0.073051796
v -0.012516537 -0.036342399 0.073522558
v -0.0100994 -0.037952399 0.069446001
v -0.0100015 -0.037952399 0.069539199
v -0.0100015 -0.03987705 0.069539199
v -0.0100994 -0.03987705 0.069446001
v -0.012507082 0.048489199 0.073872852
v -0.012507082 0.046879201 0.073872852
v -0.012516537 0.046879201 0.073522558
v -0.012529178 0.046879201 0.073051796
v -0.0124895 0.046879201 0.072159901
v -0.0124895 0.048489199 0.072159901
v -0.012529178 0.048489199 0.073051796
v -0.012516537 0.048489199 0.073522558
v -0.0100994 -0.048556352 0.069446001
v -0.0100015 -0.048556352 0.069539199
v -0.0100015 -0.050481 0.069539199
v -0.0100994 -0.050481 0.069446001
v 0.012507082 -0.048556352 0.073872852
v 0.012507082 -0.046946349 0.073872852
v 0.012516537 -0.046946349 0.073522558
v 0.012529178 -0.046946349 0.073051796
v 0.0124895 -0.046946349 0.072159901
v 0.0124895 -0.048556352 0.072159901
v 0.012529178 -0.048556352 0.073051796
v 0.012516537 -0.048556352 0.073522558
v 0.013346953 -0.046946349 0.070406981
v 0.013346953 -0.048556352 0.070406981
v 0.013275433 -0.048556352 0.070470557
v 0.013058031 -0.048556352 0.070489669
v 0.0124895 -0.048556352 0.070624099
v 0.0124895 -0.046946349 0.070624099
v 0.013058031 -0.046946349 0.070489669
v 0.013275433 -0.046946349 0.070470557
v -0.0017099179 -0.03991205 0.018018194
v -0.0017099179 -0.04145205 0.018018194
v -0.0015623884 -0.04145205 0.018085564
v -0.0013489805 -0.04145205 0.018055273
v -0.0008783 -0.04145205 0.0180231
v -0.0008783 -0.03991205 0.0180231
v -0.0013489805 -0.03991205 0.018055273
v -0.0015623884 -0.03991205 0.018085564
v 0.00016759999 -0.03991205 0.0196112
v -0.00040560942 -0.03991205 0.019570636
v -0.00078882322 -0.03991205 0.019425513
v -0.0012416627 -0.03991205 0.019078451
v -0.0015484141 -0.03991205 0.018635591
v -0.0017099179 -0.03991205 0.018018194
v -0.0015623884 -0.03991205 0.018085564
v -0.0013489805 -0.03991205 0.018055273
v -0.0008783 -0.03991205 0.0180231
v 0.0011228 -0.03991205 0.0180231
v 0.0012983435 -0.03991205 0.01801546
v 0.0014591068 -0.03991205 0.018031569
v 0.001600834 -0.03991205 0.018055419
v 0.0017134655 -0.03991205 0.018048944
v 0.0014943719 -0.03991205 0.018742309
v 0.0010458807 -0.03991205 0.019259725
v 0.0006170452 -0.03991205 0.019503553
v 0.0100087 0.029205949 0.071480498
v 0.0100015 0.029205949 0.069539199
v 0.0100015 0.027281301 0.069539199
v 0.0100087 0.027281301 0.071480498
v 0.013346953 0.029205949 0.070406981
v 0.0100994 0.029205949 0.069446001
v 0.0100015 0.029205949 0.069539199
v 0.0100087 0.029205949 0.071480498
v 0.0100087 0.029205949 0.0716045
v 0.012507082 0.029205949 0.073872852
v 0.012516537 0.029205949 0.073522558
v 0.012529178 0.029205949 0.073051796
v 0.0124895 0.029205949 0.072159901
v 0.0124895 0.029205949 0.070624099
v 0.013058031 0.029205949 0.070489669
v 0.013275433 0.029205949 0.070470557
v 0.013279898 0.01506735 0.045254116
v 0.0132595 0.01506735 0.045248799
v 0.010146 0.01506735 0.0443256
v 0.0099759024 0.01506735 0.04459084
v 0.0099831003 0.01506735 0.045018902
v 0.0099831003 0.01506735 0.052762799
v 0.010004275 0.01506735 0.052810841
v 0.010031542 0.01506735 0.052849646
v 0.010065874 0.01506735 0.052878923
v 0.010108644 0.01506735 0.052899308
v 0.010159301 0.01506735 0.052911201
v 0.0112432 0.01506735 0.052911201
v 0.01157071 0.01506735 0.052725511
v 0.011690036 0.01506735 0.052615037
v 0.0118677 0.01506735 0.052400799
v 0.0136438 0.01506735 0.050439801
v 0.013679055 0.01506735 0.050415187
v 0.013455532 0.01506735 0.0503441
v 0.01314401 0.01506735 0.050328312
v 0.012790861 0.01506735 0.050322933
v 0.012537 0.01506735 0.050143399
v 0.012537 0.01506735 0.046556301
v 0.01248201 0.01506735 0.045966954
v 0.012460285 0.01506735 0.045646539
v 0.012576048 0.01506735 0.045439129
v 0.013056375 0.01506735 0.045347772
v 0.0100087 0.04334455 0.0716045
v 0.0100087 0.04334455 0.071480498
v 0.0100087 0.041419902 0.071480498
v 0.0100087 0.041419902 0.0716045
v 0.012507082 0.04334455 0.073872852
v 0.012507082 0.044954548 0.073872852
v 0.012516537 0.044954548 0.073522558
v 0.012529178 0.044954548 0.073051796
v 0.0124895 0.044954548 0.072159901
v 0.0124895 0.04334455 0.072159901
v 0.012529178 0.04334455 0.073051796
v 0.012516537 0.04334455 0.073522558
v 0.011427799 -0.00099590003 0.052648401
v 0.013506233 -0.00099590003 0.050361061
v 0.013506233 -0.00099849999 0.050361061
v 0.011427799 -0.00099849999 0.052648401
v 0.0100087 0.018602 0.0716045
v 0.0100087 0.018602 0.071480498
v 0.0100087 0.01667735 0.071480498
v 0.0100087 0.01667735 0.0716045
v 0.0100087 0.02213665 0.0716045
v 0.0100087 0.02213665 0.071480498
v 0.0100087 0.020211999 0.071480498
v 0.0100087 0.020211999 0.0716045
v 0.012507082 0.02213665 0.073872852
v 0.012507082 0.02374665 0.073872852
v 0.012516537 0.02374665 0.073522558
v 0.012529178 0.02374665 0.073051796
v 0.0124895 0.02374665 0.072159901
v 0.0124895 0.02213665 0.072159901
v 0.012529178 0.02213665 0.073051796
v 0.012516537 0.02213665 0.073522558
v 0.013346953 0.02374665 0.070406981
v 0.013346953 0.02213665 0.070406981
v 0.013275433 0.02213665 0.070470557
v 0.013058031 0.02213665 0.070489669
v 0.0124895 0.02213665 0.070624099
v 0.0124895 0.02374665 0.070624099
v 0.013058031 0.02374665 0.070489669
v 0.013275433 0.02374665 0.070470557
v 0.010146 0.018602 0.0443256
v 0.0132595 0.018602 0.045248799
v 0.0132595 0.01667735 0.045248799
v 0.010146 0.01667735 0.0443256
v 0.0100936 0.018602 0.069606099
v 0.010024558 0.018602 0.06951725
v 0.0100015 0.018602 0.069539199
v 0.0100087 0.018602 0.071480498
v 0.0100087 0.018602 0.0716045
v 0.012507082 0.018602 0.073872852
v 0.012516537 0.018602 0.073522558
v 0.012529178 0.018602 0.073051796
v 0.0124895 0.018602 0.072159901
v 0.0124895 0.018602 0.070624099
v 0.012689248 0.018602 0.070548701
v 0.01289251 0.018602 0.070505438
v 0.01308709 0.018602 0.070487943
v 0.010146 0.01506735 0.0443256
v 0.0132595 0.01506735 0.045248799
v 0.0132595 0.0131427 0.045248799
v 0.010146 0.0131427 0.0443256
v 0.013346953 0.01506735 0.070406981
v 0.0100994 0.01506735 0.069446001
v 0.0100015 0.01506735 0.069539199
v 0.0100087 0.01506735 0.071480498
v 0.0100087 0.01506735 0.0716045
v 0.012507082 0.01506735 0.073872852
v 0.012516537 0.01506735 0.073522558
v 0.012529178 0.01506735 0.073051796
v 0.0124895 0.01506735 0.072159901
v 0.0124895 0.01506735 0.070624099
v 0.013058031 0.01506735 0.070489669
v 0.013275433 0.01506735 0.070470557
v 0.013346953 0.00093149997 0.070406981
v 0.013269511 0.00093149997 0.070471807
v 0.01308709 0.00093149997 0.070487943
v 0.01308709 0.00092874996 0.070487943
v 0.01289251 0.00092874996 0.070505438
v 0.012689248 0.00092874996 0.070548701
v 0.0124895 0.00092874996 0.070624099
v 0.0124895 0.0025387499 0.070624099
v 0.013058031 0.0025387499 0.070489669
v 0.013275433 0.0025387499 0.070470557
v 0.013346953 0.0025387499 0.070406981
v 0.01308709 -0.00099849999 0.070487943
v 0.01308709 -0.00099590003 0.070487943
v 0.0100936 -0.00099590003 0.069606099
v 0.0100936 -0.00099849999 0.069606099
v 0.013506233 -0.00099590003 0.050361061
v 0.011427799 -0.00099590003 0.052648401
v 0.01122 -0.00099590003 0.0527597
v 0.0101869 -0.00099590003 0.0527597
v 0.010140328 -0.00099590003 0.052750783
v 0.010087509 -0.00099590003 0.052750726
v 0.010037535 -0.00099590003 0.052766175
v 0.009996503 -0.00099590003 0.052795639
v 0.0099831003 -0.00099590003 0.052762799
v 0.0099831003 -0.00099590003 0.045018902
v 0.0099753118 -0.00099590003 0.04459372
v 0.010146 -0.00099590003 0.0443256
v 0.0132595 -0.00099590003 0.045248799
v 0.013279898 -0.00099590003 0.045254116
v 0.013056375 -0.00099590003 0.045347772
v 0.012576048 -0.00099590003 0.045439129
v 0.012460285 -0.00099590003 0.045646539
v 0.01248201 -0.00099590003 0.045966954
v 0.012537 -0.00099590003 0.046556301
v 0.012537 -0.00099590003 0.050143399
v 0.012730563 -0.00099590003 0.050304651
v 0.013000251 -0.00099590003 0.050337563
v 0.013506233 -0.00099849999 0.050361061
v 0.013679055 -0.00099849999 0.050415187
v 0.014180055 -0.00099849999 0.050207658
v 0.014519176 -0.00099849999 0.050126438
v 0.014436003 -0.00099849999 0.050456262
v 0.0144551 -0.00099849999 0.0508393
v 0.0144551 -0.00099849999 0.0704321
v 0.014615349 -0.00099849999 0.070644507
v 0.014423757 -0.00099849999 0.070601945
v 0.014227622 -0.00099849999 0.070568004
v 0.014022518 -0.00099849999 0.07053812
v 0.01380402 -0.00099849999 0.070507741
v 0.0135677 -0.00099849999 0.070472298
v 0.013346953 -0.00099849999 0.070406981
v 0.013264936 -0.00099849999 0.070472698
v 0.01308709 -0.00099849999 0.070487943
v 0.0100936 -0.00099849999 0.069606099
v 0.0099751002 -0.00099849999 0.069453602
v 0.0099751002 -0.00099849999 0.052818699
v 0.010007933 -0.00099849999 0.052785635
v 0.010045217 -0.00099849999 0.052762499
v 0.010087583 -0.00099849999 0.052750711
v 0.010135024 -0.00099849999 0.052750258
v 0.0101869 -0.00099849999 0.0527597
v 0.01122 -0.00099849999 0.0527597
v 0.011427799 -0.00099849999 0.052648401
v 0.0100087 -0.037952399 0.0716045
v 0.0100087 -0.037952399 0.071480498
v 0.0100087 -0.03987705 0.071480498
v 0.0100087 -0.03987705 0.0716045
v 0.0100015 -0.04148705 0.069539199
v 0.0100994 -0.04148705 0.069446001
v 0.0100994 -0.043411698 0.069446001
v 0.0100015 -0.043411698 0.069539199
v 0.013346953 -0.03987705 0.070406981
v 0.013346953 -0.04148705 0.070406981
v 0.013275433 -0.04148705 0.070470557
v 0.013058031 -0.04148705 0.070489669
v 0.0124895 -0.04148705 0.070624099
v 0.0124895 -0.03987705 0.070624099
v 0.013058031 -0.03987705 0.070489669
v 0.013275433 -0.03987705 0.070470557
v 0.0100936 -0.034417751 0.069606099
v 0.010024558 -0.034417751 0.06951725
v 0.0100015 -0.034417751 0.069539199
v 0.0100087 -0.034417751 0.071480498
v 0.0100087 -0.034417751 0.0716045
v 0.012507082 -0.034417751 0.073872852
v 0.012516537 -0.034417751 0.073522558
v 0.012529178 -0.034417751 0.073051796
v 0.0124895 -0.034417751 0.072159901
v 0.0124895 -0.034417751 0.070624099
v 0.012689248 -0.034417751 0.070548701
v 0.01289251 -0.034417751 0.070505438
v 0.01308709 -0.034417751 0.070487943
v 0.01308709 -0.01867175 0.070487943
v 0.013264936 -0.01867175 0.070472698
v 0.013346953 -0.01867175 0.070406981
v 0.013346953 -0.02027915 0.070406981
v 0.013275433 -0.02027915 0.070470557
v 0.013058031 -0.02027915 0.070489669
v 0.0124895 -0.02027915 0.070624099
v 0.0124895 -0.01866915 0.070624099
v 0.012689248 -0.01866915 0.070548701
v 0.01289251 -0.01866915 0.070505438
v 0.01308709 -0.01866915 0.070487943
v 0.013506233 -0.01866915 0.050361061
v 0.011427799 -0.01866915 0.052648401
v 0.01122 -0.01866915 0.0527597
v 0.0101869 -0.01866915 0.0527597
v 0.010140328 -0.01866915 0.052750783
v 0.010087509 -0.01866915 0.052750726
v 0.010037535 -0.01866915 0.052766175
v 0.009996503 -0.01866915 0.052795639
v 0.0099831003 -0.01866915 0.052762799
v 0.0099831003 -0.01866915 0.045018902
v 0.0099753118 -0.01866915 0.04459372
v 0.010146 -0.01866915 0.0443256
v 0.0132595 -0.01866915 0.045248799
v 0.013279898 -0.01866915 0.045254116
v 0.013056375 -0.01866915 0.045347772
v 0.012576048 -0.01866915 0.045439129
v 0.012460285 -0.01866915 0.045646539
v 0.01248201 -0.01866915 0.045966954
v 0.012537 -0.01866915 0.046556301
v 0.012537 -0.01866915 0.050143399
v 0.012730563 -0.01866915 0.050304651
v 0.013000251 -0.01866915 0.050337563
v 0.014519176 -0.01674175 0.050126438
v 0.014320619 -0.01674175 0.05017879
v 0.01414607 -0.01674175 0.050221028
v 0.013986787 -0.01674175 0.050265965
v 0.013834029 -0.01674175 0.050326414
v 0.013679055 -0.01674175 0.050415187
v 0.013506233 -0.01674175 0.050361061
v 0.011427799 -0.01674175 0.052648401
v 0.01122 -0.01674175 0.0527597
v 0.0101869 -0.01674175 0.0527597
v 0.010135024 -0.01674175 0.052750258
v 0.010087583 -0.01674175 0.052750711
v 0.010045217 -0.01674175 0.052762499
v 0.010007933 -0.01674175 0.052785635
v 0.0099751002 -0.01674175 0.052818699
v 0.0099751002 -0.01674175 0.069453602
v 0.0100936 -0.01674175 0.069606099
v 0.01308709 -0.01674175 0.070487943
v 0.013269511 -0.01674175 0.070471807
v 0.013346953 -0.01674175 0.070406981
v 0.0135677 -0.01674175 0.070472298
v 0.01380402 -0.01674175 0.070507741
v 0.014022518 -0.01674175 0.07053812
v 0.014227622 -0.01674175 0.070568004
v 0.014423757 -0.01674175 0.070601945
v 0.014615349 -0.01674175 0.070644507
v 0.0144551 -0.01674175 0.0704321
v 0.0144551 -0.01674175 0.0508393
v 0.014436003 -0.01674175 0.050456262
v 0.0100936 -0.036342399 0.069606099
v 0.01308709 -0.036342399 0.070487943
v 0.01289251 -0.036342399 0.070505438
v 0.012689248 -0.036342399 0.070548701
v 0.0124895 -0.036342399 0.070624099
v 0.0124895 -0.036342399 0.072159901
v 0.012529178 -0.036342399 0.073051796
v 0.012516537 -0.036342399 0.073522558
v 0.012507082 -0.036342399 0.073872852
v 0.0100087 -0.036342399 0.0716045
v 0.0100087 -0.036342399 0.071480498
v 0.0100015 -0.036342399 0.069539199
v 0.010024558 -0.036342399 0.06951725
v 0.0118677 -0.037952399 0.052400799
v 0.011690036 -0.037952399 0.052615037
v 0.01157071 -0.037952399 0.052725511
v 0.0112432 -0.037952399 0.052911201
v 0.0112432 -0.03987705 0.052911201
v 0.01157071 -0.03987705 0.052725511
v 0.011690036 -0.03987705 0.052615037
v 0.0118677 -0.03987705 0.052400799
v 0.0136438 -0.037952399 0.050439801
v 0.0118677 -0.037952399 0.052400799
v 0.0118677 -0.03987705 0.052400799
v 0.0136438 -0.03987705 0.050439801
v 0.0132595 -0.032807751 0.045248799
v 0.013279898 -0.032807751 0.045254116
v 0.013056375 -0.032807751 0.045347772
v 0.012576048 -0.032807751 0.045439129
v 0.012460285 -0.032807751 0.045646539
v 0.01248201 -0.032807751 0.045966954
v 0.012537 -0.032807751 0.046556301
v 0.012537 -0.032807751 0.050143399
v 0.012790861 -0.032807751 0.050322933
v 0.01314401 -0.032807751 0.050328312
v 0.013455532 -0.032807751 0.0503441
v 0.013679055 -0.032807751 0.050415187
v 0.0136438 -0.032807751 0.050439801
v 0.0118677 -0.032807751 0.052400799
v 0.011690036 -0.032807751 0.052615037
v 0.01157071 -0.032807751 0.052725511
v 0.0112432 -0.032807751 0.052911201
v 0.010159301 -0.032807751 0.052911201
v 0.010109097 -0.032807751 0.052899451
v 0.010066663 -0.032807751 0.052879429
v 0.010032234 -0.032807751 0.052850413
v 0.010004584 -0.032807751 0.052811403
v 0.0099831003 -0.032807751 0.052762799
v 0.0099831003 -0.032807751 0.045018902
v 0.0099753118 -0.032807751 0.04459372
v 0.010146 -0.032807751 0.0443256
v 0.012537 -0.034417751 0.050143399
v 0.012537 -0.032807751 0.050143399
v 0.012537 -0.032807751 0.046556301
v 0.012537 -0.034417751 0.046556301
v 0.013346953 0.044954548 0.070406981
v 0.013346953 0.04334455 0.070406981
v 0.013275433 0.04334455 0.070470557
v 0.013058031 0.04334455 0.070489669
v 0.0124895 0.04334455 0.070624099
v 0.0124895 0.044954548 0.070624099
v 0.013058031 0.044954548 0.070489669
v 0.013275433 0.044954548 0.070470557
v 0.0100994 0.044954548 0.069446001
v 0.013346953 0.044954548 0.070406981
v 0.013275433 0.044954548 0.070470557
v 0.013058031 0.044954548 0.070489669
v 0.0124895 0.044954548 0.070624099
v 0.0124895 0.044954548 0.072159901
v 0.012529178 0.044954548 0.073051796
v 0.012516537 0.044954548 0.073522558
v 0.012507082 0.044954548 0.073872852
v 0.0100087 0.044954548 0.0716045
v 0.0100087 0.044954548 0.071480498
v 0.0100015 0.044954548 0.069539199
v 0.013279898 -0.045021701 0.045254116
v 0.0132595 -0.045021701 0.045248799
v 0.010146 -0.045021701 0.0443256
v 0.0099759024 -0.045021701 0.04459084
v 0.0099831003 -0.045021701 0.045018902
v 0.0099831003 -0.045021701 0.052762799
v 0.010004275 -0.045021701 0.052810841
v 0.010031542 -0.045021701 0.052849646
v 0.010065874 -0.045021701 0.052878923
v 0.010108644 -0.045021701 0.052899308
v 0.010159301 -0.045021701 0.052911201
v 0.0112432 -0.045021701 0.052911201
v 0.01157071 -0.045021701 0.052725511
v 0.011690036 -0.045021701 0.052615037
v 0.0118677 -0.045021701 0.052400799
v 0.0136438 -0.045021701 0.050439801
v 0.013679055 -0.045021701 0.050415187
v 0.013455532 -0.045021701 0.0503441
v 0.01314401 -0.045021701 0.050328312
v 0.012790861 -0.045021701 0.050322933
v 0.012537 -0.045021701 0.050143399
v 0.012537 -0.045021701 0.046556301
v 0.01248201 -0.045021701 0.045966954
v 0.012460285 -0.045021701 0.045646539
v 0.012576048 -0.045021701 0.045439129
v 0.013056375 -0.045021701 0.045347772
v 0.0112432 0.046879201 0.052911201
v 0.010159301 0.046879201 0.052911201
v 0.010159301 0.044954548 0.052911201
v 0.0112432 0.044954548 0.052911201
v 0.010146 0.04334455 0.0443256
v 0.0132595 0.04334455 0.045248799
v 0.0132595 0.041419902 0.045248799
v 0.010146 0.041419902 0.0443256
v 0.010146 -0.045021701 0.0443256
v 0.0132595 -0.045021701 0.045248799
v 0.0132595 -0.046946349 0.045248799
v 0.010146 -0.046946349 0.0443256
v 0.010146 0.039809899 0.0443256
v 0.0132595 0.039809899 0.045248799
v 0.0132595 0.037885251 0.045248799
v 0.010146 0.037885251 0.0443256
v 0.0112432 0.039809899 0.052911201
v 0.010159301 0.039809899 0.052911201
v 0.010159301 0.037885251 0.052911201
v 0.0112432 0.037885251 0.052911201
v 0.0132595 0.041419902 0.045248799
v 0.013279898 0.041419902 0.045254116
v 0.013056375 0.041419902 0.045347772
v 0.012576048 0.041419902 0.045439129
v 0.012460285 0.041419902 0.045646539
v 0.01248201 0.041419902 0.045966954
v 0.012537 0.041419902 0.046556301
v 0.012537 0.041419902 0.050143399
v 0.012790861 0.041419902 0.050322933
v 0.01314401 0.041419902 0.050328312
v 0.013455532 0.041419902 0.0503441
v 0.013679055 0.041419902 0.050415187
v 0.0136438 0.041419902 0.050439801
v 0.0118677 0.041419902 0.052400799
v 0.011690036 0.041419902 0.052615037
v 0.01157071 0.041419902 0.052725511
v 0.0112432 0.041419902 0.052911201
v 0.010159301 0.041419902 0.052911201
v 0.010109097 0.041419902 0.052899451
v 0.010066663 0.041419902 0.052879429
v 0.010032234 0.041419902 0.052850413
v 0.010004584 0.041419902 0.052811403
v 0.0099831003 0.041419902 0.052762799
v 0.0099831003 0.041419902 0.045018902
v 0.0099753118 0.041419902 0.04459372
v 0.010146 0.041419902 0.0443256
v 0.010159301 0.029205949 0.052911201
v 0.010108644 0.029205949 0.052899308
v 0.010065874 0.029205949 0.052878923
v 0.010031542 0.029205949 0.052849646
v 0.010004275 0.029205949 0.052810841
v 0.0099831003 0.029205949 0.052762799
v 0.0099831003 0.027281301 0.052762799
v 0.010004584 0.027281301 0.052811403
v 0.010032234 0.027281301 0.052850413
v 0.010066663 0.027281301 0.052879429
v 0.010109097 0.027281301 0.052899451
v 0.010159301 0.027281301 0.052911201
v 0.013279898 0.027281301 0.045254116
v 0.013279898 0.025671301 0.045254116
v 0.013056375 0.025671301 0.045347772
v 0.012576048 0.025671301 0.045439129
v 0.012460285 0.025671301 0.045646539
v 0.01248201 0.025671301 0.045966954
v 0.012537 0.025671301 0.046556301
v 0.012537 0.027281301 0.046556301
v 0.01248201 0.027281301 0.045966954
v 0.012460285 0.027281301 0.045646539
v 0.012576048 0.027281301 0.045439129
v 0.013056375 0.027281301 0.045347772
v 0.0132595 0.027281301 0.045248799
v 0.013279898 0.027281301 0.045254116
v 0.013056375 0.027281301 0.045347772
v 0.012576048 0.027281301 0.045439129
v 0.012460285 0.027281301 0.045646539
v 0.01248201 0.027281301 0.045966954
v 0.012537 0.027281301 0.046556301
v 0.012537 0.027281301 0.050143399
v 0.012790861 0.027281301 0.050322933
v 0.01314401 0.027281301 0.050328312
v 0.013455532 0.027281301 0.0503441
v 0.013679055 0.027281301 0.050415187
v 0.0136438 0.027281301 0.050439801
v 0.0118677 0.027281301 0.052400799
v 0.011690036 0.027281301 0.052615037
v 0.01157071 0.027281301 0.052725511
v 0.0112432 0.027281301 0.052911201
v 0.010159301 0.027281301 0.052911201
v 0.010109097 0.027281301 0.052899451
v 0.010066663 0.027281301 0.052879429
v 0.010032234 0.027281301 0.052850413
v 0.010004584 0.027281301 0.052811403
v 0.0099831003 0.027281301 0.052762799
v 0.0099831003 0.027281301 0.045018902
v 0.0099753118 0.027281301 0.04459372
v 0.010146 0.027281301 0.0443256
v 0.013279898 0.044954548 0.045254116
v 0.013279898 0.04334455 0.045254116
v 0.013056375 0.04334455 0.045347772
v 0.012576048 0.04334455 0.045439129
v 0.012460285 0.04334455 0.045646539
v 0.01248201 0.04334455 0.045966954
v 0.012537 0.04334455 0.046556301
v 0.012537 0.044954548 0.046556301
v 0.01248201 0.044954548 0.045966954
v 0.012460285 0.044954548 0.045646539
v 0.012576048 0.044954548 0.045439129
v 0.013056375 0.044954548 0.045347772
v -0.010146 0.046879201 0.0443256
v -0.0099759024 0.046879201 0.04459084
v -0.0099831003 0.046879201 0.045018902
v -0.0099831003 0.044954548 0.045018902
v -0.0099753118 0.044954548 0.04459372
v -0.010146 0.044954548 0.0443256
v -0.0112432 0.0327406 0.052911201
v -0.01157071 0.0327406 0.052725511
v -0.011690036 0.0327406 0.052615037
v -0.0118677 0.0327406 0.052400799
v -0.0118677 0.030815949 0.052400799
v -0.011690036 0.030815949 0.052615037
v -0.01157071 0.030815949 0.052725511
v -0.0112432 0.030815949 0.052911201
v -0.0132595 0.029205949 0.045248799
v -0.013279898 0.029205949 0.045254116
v -0.013056375 0.029205949 0.045347772
v -0.012576048 0.029205949 0.045439129
v -0.012460285 0.029205949 0.045646539
v -0.01248201 0.029205949 0.045966954
v -0.012537 0.029205949 0.046556301
v -0.012537 0.029205949 0.050143399
v -0.012790861 0.029205949 0.050322933
v -0.01314401 0.029205949 0.050328312
v -0.013455532 0.029205949 0.0503441
v -0.013679055 0.029205949 0.050415187
v -0.0136438 0.029205949 0.050439801
v -0.0118677 0.029205949 0.052400799
v -0.011690036 0.029205949 0.052615037
v -0.01157071 0.029205949 0.052725511
v -0.0112432 0.029205949 0.052911201
v -0.010159301 0.029205949 0.052911201
v -0.010108644 0.029205949 0.052899308
v -0.010065874 0.029205949 0.052878923
v -0.010031542 0.029205949 0.052849646
v -0.010004275 0.029205949 0.052810841
v -0.0099831003 0.029205949 0.052762799
v -0.0099831003 0.029205949 0.045018902
v -0.0099759024 0.029205949 0.04459084
v -0.010146 0.029205949 0.0443256
v -0.0132595 0.029205949 0.045248799
v -0.010146 0.029205949 0.0443256
v -0.010146 0.027281301 0.0443256
v -0.0132595 0.027281301 0.045248799
v -0.013679055 0.030815949 0.050415187
v -0.013679055 0.029205949 0.050415187
v -0.013455532 0.029205949 0.0503441
v -0.01314401 0.029205949 0.050328312
v -0.012790861 0.029205949 0.050322933
v -0.012537 0.029205949 0.050143399
v -0.012537 0.030815949 0.050143399
v -0.012790861 0.030815949 0.050322933
v -0.01314401 0.030815949 0.050328312
v -0.013455532 0.030815949 0.0503441
v -0.0132595 0.036275251 0.045248799
v -0.010146 0.036275251 0.0443256
v -0.010146 0.0343506 0.0443256
v -0.0132595 0.0343506 0.045248799
v -0.0118677 0.039809899 0.052400799
v -0.0136438 0.039809899 0.050439801
v -0.0136438 0.037885251 0.050439801
v -0.0118677 0.037885251 0.052400799
v -0.01308709 0.034347999 0.070487943
v -0.01308709 0.0343506 0.070487943
v -0.01289251 0.0343506 0.070505438
v -0.012689248 0.0343506 0.070548701
v -0.0124895 0.0343506 0.070624099
v -0.0124895 0.0327406 0.070624099
v -0.013058031 0.0327406 0.070489669
v -0.013275433 0.0327406 0.070470557
v -0.013346953 0.0327406 0.070406981
v -0.013346953 0.034347999 0.070406981
v -0.013269511 0.034347999 0.070471807
v -0.0132595 0.046879201 0.045248799
v -0.013279898 0.046879201 0.045254116
v -0.013056375 0.046879201 0.045347772
v -0.012576048 0.046879201 0.045439129
v -0.012460285 0.046879201 0.045646539
v -0.01248201 0.046879201 0.045966954
v -0.012537 0.046879201 0.046556301
v -0.012537 0.046879201 0.050143399
v -0.012790861 0.046879201 0.050322933
v -0.01314401 0.046879201 0.050328312
v -0.013455532 0.046879201 0.0503441
v -0.013679055 0.046879201 0.050415187
v -0.0136438 0.046879201 0.050439801
v -0.0118677 0.046879201 0.052400799
v -0.011690036 0.046879201 0.052615037
v -0.01157071 0.046879201 0.052725511
v -0.0112432 0.046879201 0.052911201
v -0.010159301 0.046879201 0.052911201
v -0.010108644 0.046879201 0.052899308
v -0.010065874 0.046879201 0.052878923
v -0.010031542 0.046879201 0.052849646
v -0.010004275 0.046879201 0.052810841
v -0.0099831003 0.046879201 0.052762799
v -0.0099831003 0.046879201 0.045018902
v -0.0099759024 0.046879201 0.04459084
v -0.010146 0.046879201 0.0443256
v -0.013679055 0.048489199 0.050415187
v -0.013679055 0.046879201 0.050415187
v -0.013455532 0.046879201 0.0503441
v -0.01314401 0.046879201 0.050328312
v -0.012790861 0.046879201 0.050322933
v -0.012537 0.046879201 0.050143399
v -0.012537 0.048489199 0.050143399
v -0.012790861 0.048489199 0.050322933
v -0.01314401 0.048489199 0.050328312
v -0.013455532 0.048489199 0.0503441
v -0.012537 -0.046946349 0.050143399
v -0.012537 -0.048556352 0.050143399
v -0.012537 -0.048556352 0.046556301
v -0.012537 -0.046946349 0.046556301
v -0.011427799 -0.036342399 0.052648401
v -0.01122 -0.036342399 0.0527597
v -0.01122 -0.036345 0.0527597
v -0.011427799 -0.036345 0.052648401
v -0.010146 -0.037952399 0.0443256
v -0.0099759024 -0.037952399 0.04459084
v -0.0099831003 -0.037952399 0.045018902
v -0.0099831003 -0.03987705 0.045018902
v -0.0099753118 -0.03987705 0.04459372
v -0.010146 -0.03987705 0.0443256
v -0.0132595 -0.037952399 0.045248799
v -0.013279898 -0.037952399 0.045254116
v -0.013056375 -0.037952399 0.045347772
v -0.012576048 -0.037952399 0.045439129
v -0.012460285 -0.037952399 0.045646539
v -0.01248201 -0.037952399 0.045966954
v -0.012537 -0.037952399 0.046556301
v -0.012537 -0.037952399 0.050143399
v -0.012790861 -0.037952399 0.050322933
v -0.01314401 -0.037952399 0.050328312
v -0.013455532 -0.037952399 0.0503441
v -0.013679055 -0.037952399 0.050415187
v -0.0136438 -0.037952399 0.050439801
v -0.0118677 -0.037952399 0.052400799
v -0.011690036 -0.037952399 0.052615037
v -0.01157071 -0.037952399 0.052725511
v -0.0112432 -0.037952399 0.052911201
v -0.010159301 -0.037952399 0.052911201
v -0.010108644 -0.037952399 0.052899308
v -0.010065874 -0.037952399 0.052878923
v -0.010031542 -0.037952399 0.052849646
v -0.010004275 -0.037952399 0.052810841
v -0.0099831003 -0.037952399 0.052762799
v -0.0099831003 -0.037952399 0.045018902
v -0.0099759024 -0.037952399 0.04459084
v -0.010146 -0.037952399 0.0443256
v -0.010024558 -0.036342399 0.06951725
v -0.010024558 -0.034417751 0.06951725
v -0.0100015 -0.034417751 0.069539199
v -0.0100015 -0.036342399 0.069539199
v -0.013279898 -0.032807751 0.045254116
v -0.0132595 -0.032807751 0.045248799
v -0.010146 -0.032807751 0.0443256
v -0.0099753118 -0.032807751 0.04459372
v -0.0099831003 -0.032807751 0.045018902
v -0.0099831003 -0.032807751 0.052762799
v -0.010004584 -0.032807751 0.052811403
v -0.010032234 -0.032807751 0.052850413
v -0.010066663 -0.032807751 0.052879429
v -0.010109097 -0.032807751 0.052899451
v -0.010159301 -0.032807751 0.052911201
v -0.0112432 -0.032807751 0.052911201
v -0.01157071 -0.032807751 0.052725511
v -0.011690036 -0.032807751 0.052615037
v -0.0118677 -0.032807751 0.052400799
v -0.0136438 -0.032807751 0.050439801
v -0.013679055 -0.032807751 0.050415187
v -0.013455532 -0.032807751 0.0503441
v -0.01314401 -0.032807751 0.050328312
v -0.012790861 -0.032807751 0.050322933
v -0.012537 -0.032807751 0.050143399
v -0.012537 -0.032807751 0.046556301
v -0.01248201 -0.032807751 0.045966954
v -0.012460285 -0.032807751 0.045646539
v -0.012576048 -0.032807751 0.045439129
v -0.013056375 -0.032807751 0.045347772
v -0.01308709 -0.034417751 0.070487943
v -0.0100936 -0.034417751 0.069606099
v -0.0100936 -0.034414999 0.069606099
v -0.01308709 -0.034414999 0.070487943
v -0.0101869 -0.034417751 0.0527597
v -0.010140328 -0.034417751 0.052750783
v -0.010087509 -0.034417751 0.052750726
v -0.010037535 -0.034417751 0.052766175
v -0.009996503 -0.034417751 0.052795639
v -0.0099831003 -0.034417751 0.052762799
v -0.0099831003 -0.034417751 0.045018902
v -0.0099759024 -0.034417751 0.04459084
v -0.010146 -0.034417751 0.0443256
v -0.0132595 -0.034417751 0.045248799
v -0.013279898 -0.034417751 0.045254116
v -0.013056375 -0.034417751 0.045347772
v -0.012576048 -0.034417751 0.045439129
v -0.012460285 -0.034417751 0.045646539
v -0.01248201 -0.034417751 0.045966954
v -0.012537 -0.034417751 0.046556301
v -0.012537 -0.034417751 0.050143399
v -0.012730563 -0.034417751 0.050304651
v -0.013000251 -0.034417751 0.050337563
v -0.013506233 -0.034417751 0.050361061
v -0.011427799 -0.034417751 0.052648401
v -0.01122 -0.034417751 0.0527597
v -0.0124895 0.037885251 0.072159901
v -0.0124895 0.036275251 0.072159901
v -0.0124895 0.036275251 0.070624099
v -0.0124895 0.037885251 0.070624099
v -0.0100087 0.036275251 0.071480498
v -0.0100087 0.036275251 0.0716045
v -0.0100087 0.0343506 0.0716045
v -0.0100087 0.0343506 0.071480498
v -0.0100015 0.039809899 0.069539199
v -0.0100087 0.039809899 0.071480498
v -0.0100087 0.037885251 0.071480498
v -0.0100015 0.037885251 0.069539199
v -0.0100994 0.039809899 0.069446001
v -0.013346953 0.039809899 0.070406981
v -0.013275433 0.039809899 0.070470557
v -0.013058031 0.039809899 0.070489669
v -0.0124895 0.039809899 0.070624099
v -0.0124895 0.039809899 0.072159901
v -0.012529178 0.039809899 0.073051796
v -0.012516537 0.039809899 0.073522558
v -0.012507082 0.039809899 0.073872852
v -0.0100087 0.039809899 0.0716045
v -0.0100087 0.039809899 0.071480498
v -0.0100015 0.039809899 0.069539199
v -0.0132595 0.01506735 0.045248799
v -0.010146 0.01506735 0.0443256
v -0.010146 0.0131427 0.0443256
v -0.0132595 0.0131427 0.045248799
v -0.009996503 0.018602 0.052795639
v -0.009996503 0.01667735 0.052795639
v -0.0099831003 0.01667735 0.052762799
v -0.0099831003 0.018602 0.052762799
v -0.0101869 0.018602 0.0527597
v -0.010140328 0.018602 0.052750783
v -0.010087509 0.018602 0.052750726
v -0.010037535 0.018602 0.052766175
v -0.009996503 0.018602 0.052795639
v -0.0099831003 0.018602 0.052762799
v -0.0099831003 0.018602 0.045018902
v -0.0099759024 0.018602 0.04459084
v -0.010146 0.018602 0.0443256
v -0.0132595 0.018602 0.045248799
v -0.013279898 0.018602 0.045254116
v -0.013056375 0.018602 0.045347772
v -0.012576048 0.018602 0.045439129
v -0.012460285 0.018602 0.045646539
v -0.01248201 0.018602 0.045966954
v -0.012537 0.018602 0.046556301
v -0.012537 0.018602 0.050143399
v -0.012730563 0.018602 0.050304651
v -0.013000251 0.018602 0.050337563
v -0.013506233 0.018602 0.050361061
v -0.011427799 0.018602 0.052648401
v -0.01122 0.018602 0.0527597
v -0.01308709 0.018602 0.070487943
v -0.0100936 0.018602 0.069606099
v -0.0100936 0.018604749 0.069606099
v -0.01308709 0.018604749 0.070487943
v -0.013346953 0.048489199 0.070406981
v -0.0100994 0.048489199 0.069446001
v -0.0100015 0.048489199 0.069539199
v -0.0100087 0.048489199 0.071480498
v -0.0100087 0.048489199 0.0716045
v -0.012507082 0.048489199 0.073872852
v -0.012516537 0.048489199 0.073522558
v -0.012529178 0.048489199 0.073051796
v -0.0124895 0.048489199 0.072159901
v -0.0124895 0.048489199 0.070624099
v -0.013058031 0.048489199 0.070489669
v -0.013275433 0.048489199 0.070470557
v -0.0101869 -0.00099590003 0.0527597
v -0.010141007 -0.00099590003 0.052750854
v -0.010088151 -0.00099590003 0.05275064
v -0.010037916 -0.00099590003 0.05276598
v -0.009996503 -0.00099590003 0.052795639
v -0.009996503 0.00092874996 0.052795639
v -0.010037535 0.00092874996 0.052766175
v -0.010087509 0.00092874996 0.052750726
v -0.010140328 0.00092874996 0.052750783
v -0.0101869 0.00092874996 0.0527597
v -0.0101869 0.00093149997 0.0527597
v -0.010135024 0.00093149997 0.052750258
v -0.010087583 0.00093149997 0.052750711
v -0.010045217 0.00093149997 0.052762499
v -0.010007933 0.00093149997 0.052785635
v -0.0099751002 0.00093149997 0.052818699
v -0.0099751002 -0.00099849999 0.052818699
v -0.010007933 -0.00099849999 0.052785635
v -0.010045217 -0.00099849999 0.052762499
v -0.010087583 -0.00099849999 0.052750711
v -0.010135024 -0.00099849999 0.052750258
v -0.0101869 -0.00099849999 0.0527597
v -0.013679055 0.018604749 0.050415187
v -0.014180055 0.018604749 0.050207658
v -0.014519176 0.018604749 0.050126438
v -0.014436003 0.018604749 0.050456262
v -0.0144551 0.018604749 0.0508393
v -0.0144551 0.018604749 0.0704321
v -0.014615349 0.018604749 0.070644507
v -0.014423757 0.018604749 0.070601945
v -0.014227622 0.018604749 0.070568004
v -0.014022518 0.018604749 0.07053812
v -0.01380402 0.018604749 0.070507741
v -0.0135677 0.018604749 0.070472298
v -0.013346953 0.018604749 0.070406981
v -0.013264936 0.018604749 0.070472698
v -0.01308709 0.018604749 0.070487943
v -0.0100936 0.018604749 0.069606099
v -0.0099751002 0.018604749 0.069453602
v -0.0099751002 0.018604749 0.052818699
v -0.010007933 0.018604749 0.052785635
v -0.010045217 0.018604749 0.052762499
v -0.010087583 0.018604749 0.052750711
v -0.010135024 0.018604749 0.052750258
v -0.0101869 0.018604749 0.0527597
v -0.01122 0.018604749 0.0527597
v -0.011427799 0.018604749 0.052648401
v -0.013506233 0.018604749 0.050361061
v -0.0008783 0.0343156 0.0180231
v -0.0008783 0.0327756 0.0180231
v 0.0011228 0.0327756 0.0180231
v 0.0011228 0.0343156 0.0180231
v -0.0017099179 0.0343156 0.018018194
v -0.0017099179 0.0327756 0.018018194
v -0.0015623884 0.0327756 0.018085564
v -0.0013489805 0.0327756 0.018055273
v -0.0008783 0.0327756 0.0180231
v -0.0008783 0.0343156 0.0180231
v -0.0013489805 0.0343156 0.018055273
v -0.0015623884 0.0343156 0.018085564
v -0.010146 0.0327406 0.0443256
v -0.0099759024 0.0327406 0.04459084
v -0.0099831003 0.0327406 0.045018902
v -0.0099831003 0.030815949 0.045018902
v -0.0099753118 0.030815949 0.04459372
v -0.010146 0.030815949 0.0443256
v -0.013279898 0.0327406 0.045254116
v -0.013279898 0.0343506 0.045254116
v -0.013056375 0.0343506 0.045347772
v -0.012576048 0.0343506 0.045439129
v -0.012460285 0.0343506 0.045646539
v -0.01248201 0.0343506 0.045966954
v -0.012537 0.0343506 0.046556301
v -0.012537 0.0327406 0.046556301
v -0.01248201 0.0327406 0.045966954
v -0.012460285 0.0327406 0.045646539
v -0.012576048 0.0327406 0.045439129
v -0.013056375 0.0327406 0.045347772
v -0.012537 0.037885251 0.050143399
v -0.012537 0.036275251 0.050143399
v -0.012537 0.036275251 0.046556301
v -0.012537 0.037885251 0.046556301
v -0.014615349 -0.036345 0.070644507
v -0.014615349 -0.034414999 0.070644507
v -0.0144551 -0.034414999 0.0704321
v -0.0144551 -0.036345 0.0704321
v -0.0099831003 -0.048556352 0.045018902
v -0.0099831003 -0.048556352 0.052762799
v -0.0099831003 -0.050481 0.052762799
v -0.0099831003 -0.050481 0.045018902
v -0.014519176 -0.034414999 0.050126438
v -0.014519176 -0.036345 0.050126438
v -0.014436003 -0.036345 0.050456262
v -0.0144551 -0.036345 0.0508393
v -0.0144551 -0.034414999 0.0508393
v -0.014436003 -0.034414999 0.050456262
v -0.0100994 -0.037952399 0.069446001
v -0.013346953 -0.037952399 0.070406981
v -0.013275433 -0.037952399 0.070470557
v -0.013058031 -0.037952399 0.070489669
v -0.0124895 -0.037952399 0.070624099
v -0.0124895 -0.037952399 0.072159901
v -0.012529178 -0.037952399 0.073051796
v -0.012516537 -0.037952399 0.073522558
v -0.012507082 -0.037952399 0.073872852
v -0.0100087 -0.037952399 0.0716045
v -0.0100087 -0.037952399 0.071480498
v -0.0100015 -0.037952399 0.069539199
v -0.0100994 0.046879201 0.069446001
v -0.013346953 0.046879201 0.070406981
v -0.013275433 0.046879201 0.070470557
v -0.013058031 0.046879201 0.070489669
v -0.0124895 0.046879201 0.070624099
v -0.0124895 0.046879201 0.072159901
v -0.012529178 0.046879201 0.073051796
v -0.012516537 0.046879201 0.073522558
v -0.012507082 0.046879201 0.073872852
v -0.0100087 0.046879201 0.0716045
v -0.0100087 0.046879201 0.071480498
v -0.0100015 0.046879201 0.069539199
v -0.0100087 -0.050481 0.0716045
v -0.012507082 -0.050481 0.073872852
v -0.012516537 -0.050481 0.073522558
v -0.012529178 -0.050481 0.073051796
v -0.0124895 -0.050481 0.072159901
v -0.0124895 -0.050481 0.070624099
v -0.013058031 -0.050481 0.070489669
v -0.013275433 -0.050481 0.070470557
v -0.013346953 -0.050481 0.070406981
v -0.0100994 -0.050481 0.069446001
v -0.0100015 -0.050481 0.069539199
v -0.0100087 -0.050481 0.071480498
v 0.0100087 -0.048556352 0.071480498
v 0.0100015 -0.048556352 0.069539199
v 0.0100015 -0.050481 0.069539199
v 0.0100087 -0.050481 0.071480498
v 0.013346953 -0.048556352 0.070406981
v 0.0100994 -0.048556352 0.069446001
v 0.0100015 -0.048556352 0.069539199
v 0.0100087 -0.048556352 0.071480498
v 0.0100087 -0.048556352 0.0716045
v 0.012507082 -0.048556352 0.073872852
v 0.012516537 -0.048556352 0.073522558
v 0.012529178 -0.048556352 0.073051796
v 0.0124895 -0.048556352 0.072159901
v 0.0124895 -0.048556352 0.070624099
v 0.013058031 -0.048556352 0.070489669
v 0.013275433 -0.048556352 0.070470557
v -0.0008783 -0.03991205 0.0180231
v -0.0008783 -0.04145205 0.0180231
v 0.0011228 -0.04145205 0.0180231
v 0.0011228 -0.03991205 0.0180231
v 0.0017134655 -0.04145205 0.018048944
v 0.0017134655 -0.03991205 0.018048944
v 0.001600834 -0.03991205 0.018055419
v 0.0014591068 -0.03991205 0.018031569
v 0.0012983435 -0.03991205 0.01801546
v 0.0011228 -0.03991205 0.0180231
v 0.0011228 -0.04145205 0.0180231
v 0.0012983435 -0.04145205 0.01801546
v 0.0014591068 -0.04145205 0.018031569
v 0.001600834 -0.04145205 0.018055419
v 0.0100087 0.0327406 0.0716045
v 0.0100087 0.0327406 0.071480498
v 0.0100087 0.030815949 0.071480498
v 0.0100087 0.030815949 0.0716045
v 0.0100015 0.029205949 0.069539199
v 0.0100994 0.029205949 0.069446001
v 0.0100994 0.027281301 0.069446001
v 0.0100015 0.027281301 0.069539199
v 0.013346953 0.030815949 0.070406981
v 0.013346953 0.029205949 0.070406981
v 0.013275433 0.029205949 0.070470557
v 0.013058031 0.029205949 0.070489669
v 0.0124895 0.029205949 0.070624099
v 0.0124895 0.030815949 0.070624099
v 0.013058031 0.030815949 0.070489669
v 0.013275433 0.030815949 0.070470557
v 0.0099751002 0.018604749 0.052818699
v 0.0099751002 0.01667475 0.052818699
v 0.0099751002 0.01667475 0.069453602
v 0.0099751002 0.018604749 0.069453602
v 0.0100087 0.04334455 0.071480498
v 0.0100015 0.04334455 0.069539199
v 0.0100015 0.041419902 0.069539199
v 0.0100087 0.041419902 0.071480498
v 0.013346953 0.04334455 0.070406981
v 0.0100994 0.04334455 0.069446001
v 0.0100015 0.04334455 0.069539199
v 0.0100087 0.04334455 0.071480498
v 0.0100087 0.04334455 0.0716045
v 0.012507082 0.04334455 0.073872852
v 0.012516537 0.04334455 0.073522558
v 0.012529178 0.04334455 0.073051796
v 0.0124895 0.04334455 0.072159901
v 0.0124895 0.04334455 0.070624099
v 0.013058031 0.04334455 0.070489669
v 0.013275433 0.04334455 0.070470557
v 0.013506233 0.00093149997 0.050361061
v 0.013506233 0.00092874996 0.050361061
v 0.011427799 0.00092874996 0.052648401
v 0.011427799 0.00093149997 0.052648401
v 0.0124895 0.018602 0.072159901
v 0.0124895 0.020211999 0.072159901
v 0.0124895 0.020211999 0.070624099
v 0.0124895 0.018602 0.070624099
v 0.0100087 0.018602 0.071480498
v 0.0100015 0.018602 0.069539199
v 0.0100015 0.01667735 0.069539199
v 0.0100087 0.01667735 0.071480498
v 0.0100087 0.02213665 0.071480498
v 0.0100015 0.02213665 0.069539199
v 0.0100015 0.020211999 0.069539199
v 0.0100087 0.020211999 0.071480498
v 0.013346953 0.02213665 0.070406981
v 0.0100994 0.02213665 0.069446001
v 0.0100015 0.02213665 0.069539199
v 0.0100087 0.02213665 0.071480498
v 0.0100087 0.02213665 0.0716045
v 0.012507082 0.02213665 0.073872852
v 0.012516537 0.02213665 0.073522558
v 0.012529178 0.02213665 0.073051796
v 0.0124895 0.02213665 0.072159901
v 0.0124895 0.02213665 0.070624099
v 0.013058031 0.02213665 0.070489669
v 0.013275433 0.02213665 0.070470557
v 0.0132595 0.020211999 0.045248799
v 0.013279898 0.020211999 0.045254116
v 0.013056375 0.020211999 0.045347772
v 0.012576048 0.020211999 0.045439129
v 0.012460285 0.020211999 0.045646539
v 0.01248201 0.020211999 0.045966954
v 0.012537 0.020211999 0.046556301
v 0.012537 0.020211999 0.050143399
v 0.012790861 0.020211999 0.050322933
v 0.01314401 0.020211999 0.050328312
v 0.013455532 0.020211999 0.0503441
v 0.013679055 0.020211999 0.050415187
v 0.0136438 0.020211999 0.050439801
v 0.0118677 0.020211999 0.052400799
v 0.011690036 0.020211999 0.052615037
v 0.01157071 0.020211999 0.052725511
v 0.0112432 0.020211999 0.052911201
v 0.010159301 0.020211999 0.052911201
v 0.010109097 0.020211999 0.052899451
v 0.010066663 0.020211999 0.052879429
v 0.010032234 0.020211999 0.052850413
v 0.010004584 0.020211999 0.052811403
v 0.0099831003 0.020211999 0.052762799
v 0.0099831003 0.020211999 0.045018902
v 0.0099753118 0.020211999 0.04459372
v 0.010146 0.020211999 0.0443256
v 0.0101869 0.01667735 0.0527597
v 0.01122 0.01667735 0.0527597
v 0.01122 0.01667475 0.0527597
v 0.0101869 0.01667475 0.0527597
v 0.013506233 0.01667475 0.050361061
v 0.013506233 0.01667735 0.050361061
v 0.013000251 0.01667735 0.050337563
v 0.012730563 0.01667735 0.050304651
v 0.012537 0.01667735 0.050143399
v 0.012537 0.01506735 0.050143399
v 0.012790861 0.01506735 0.050322933
v 0.01314401 0.01506735 0.050328312
v 0.013455532 0.01506735 0.0503441
v 0.013679055 0.01506735 0.050415187
v 0.013679055 0.01667475 0.050415187
v 0.01308709 0.01667475 0.070487943
v 0.013264936 0.01667475 0.070472698
v 0.013346953 0.01667475 0.070406981
v 0.013346953 0.01506735 0.070406981
v 0.013275433 0.01506735 0.070470557
v 0.013058031 0.01506735 0.070489669
v 0.0124895 0.01506735 0.070624099
v 0.0124895 0.01667735 0.070624099
v 0.012689248 0.01667735 0.070548701
v 0.01289251 0.01667735 0.070505438
v 0.01308709 0.01667735 0.070487943
v 0.0100936 0.00092874996 0.069606099
v 0.01308709 0.00092874996 0.070487943
v 0.01308709 0.00093149997 0.070487943
v 0.0100936 0.00093149997 0.069606099
v 0.014615349 0.00093149997 0.070644507
v 0.014615349 -0.00099849999 0.070644507
v 0.0144551 -0.00099849999 0.0704321
v 0.0144551 0.00093149997 0.0704321
v 0.0124895 -0.037952399 0.072159901
v 0.0124895 -0.036342399 0.072159901
v 0.0124895 -0.036342399 0.070624099
v 0.0124895 -0.037952399 0.070624099
v 0.0100087 -0.037952399 0.071480498
v 0.0100015 -0.037952399 0.069539199
v 0.0100015 -0.03987705 0.069539199
v 0.0100087 -0.03987705 0.071480498
v 0.0100994 -0.03987705 0.069446001
v 0.013346953 -0.03987705 0.070406981
v 0.013275433 -0.03987705 0.070470557
v 0.013058031 -0.03987705 0.070489669
v 0.0124895 -0.03987705 0.070624099
v 0.0124895 -0.03987705 0.072159901
v 0.012529178 -0.03987705 0.073051796
v 0.012516537 -0.03987705 0.073522558
v 0.012507082 -0.03987705 0.073872852
v 0.0100087 -0.03987705 0.0716045
v 0.0100087 -0.03987705 0.071480498
v 0.0100015 -0.03987705 0.069539199
v 0.01308709 -0.034414999 0.070487943
v 0.01308709 -0.034417751 0.070487943
v 0.01289251 -0.034417751 0.070505438
v 0.012689248 -0.034417751 0.070548701
v 0.0124895 -0.034417751 0.070624099
v 0.0124895 -0.032807751 0.070624099
v 0.013058031 -0.032807751 0.070489669
v 0.013275433 -0.032807751 0.070470557
v 0.013346953 -0.032807751 0.070406981
v 0.013346953 -0.034414999 0.070406981
v 0.013269511 -0.034414999 0.070471807
v 0.0100936 -0.01866915 0.069606099
v 0.010024558 -0.01866915 0.06951725
v 0.010024558 -0.0167445 0.06951725
v 0.0100936 -0.0167445 0.069606099
v 0.0100936 -0.01674175 0.069606099
v 0.0099751002 -0.01674175 0.069453602
v 0.0099751002 -0.01867175 0.069453602
v 0.0100936 -0.01867175 0.069606099
v 0.014615349 -0.01674175 0.070644507
v 0.014615349 -0.01867175 0.070644507
v 0.0144551 -0.01867175 0.0704321
v 0.0144551 -0.01674175 0.0704321
v 0.0100087 -0.048556352 0.0716045
v 0.0100087 -0.048556352 0.071480498
v 0.0100087 -0.050481 0.071480498
v 0.0100087 -0.050481 0.0716045
v 0.0112432 -0.037952399 0.052911201
v 0.010159301 -0.037952399 0.052911201
v 0.010159301 -0.03987705 0.052911201
v 0.0112432 -0.03987705 0.052911201
v 0.013506233 -0.034414999 0.050361061
v 0.013679055 -0.034414999 0.050415187
v 0.013679055 -0.032807751 0.050415187
v 0.013455532 -0.032807751 0.0503441
v 0.01314401 -0.032807751 0.050328312
v 0.012790861 -0.032807751 0.050322933
v 0.012537 -0.032807751 0.050143399
v 0.012537 -0.034417751 0.050143399
v 0.012730563 -0.034417751 0.050304651
v 0.013000251 -0.034417751 0.050337563
v 0.013506233 -0.034417751 0.050361061
v 0.0100087 0.046879201 0.0716045
v 0.0100087 0.046879201 0.071480498
v 0.0100087 0.044954548 0.071480498
v 0.0100087 0.044954548 0.0716045
v 0.0124895 0.046879201 0.072159901
v 0.0124895 0.048489199 0.072159901
v 0.0124895 0.048489199 0.070624099
v 0.0124895 0.046879201 0.070624099
v 0.0136438 -0.045021701 0.050439801
v 0.0118677 -0.045021701 0.052400799
v 0.0118677 -0.046946349 0.052400799
v 0.0136438 -0.046946349 0.050439801
v 0.010159301 0.046879201 0.052911201
v 0.010108644 0.046879201 0.052899308
v 0.010065874 0.046879201 0.052878923
v 0.010031542 0.046879201 0.052849646
v 0.010004275 0.046879201 0.052810841
v 0.0099831003 0.046879201 0.052762799
v 0.0099831003 0.044954548 0.052762799
v 0.010004584 0.044954548 0.052811403
v 0.010032234 0.044954548 0.052850413
v 0.010066663 0.044954548 0.052879429
v 0.010109097 0.044954548 0.052899451
v 0.010159301 0.044954548 0.052911201
v 0.0132595 0.044954548 0.045248799
v 0.013279898 0.044954548 0.045254116
v 0.013056375 0.044954548 0.045347772
v 0.012576048 0.044954548 0.045439129
v 0.012460285 0.044954548 0.045646539
v 0.01248201 0.044954548 0.045966954
v 0.012537 0.044954548 0.046556301
v 0.012537 0.044954548 0.050143399
v 0.012790861 0.044954548 0.050322933
v 0.01314401 0.044954548 0.050328312
v 0.013455532 0.044954548 0.0503441
v 0.013679055 0.044954548 0.050415187
v 0.0136438 0.044954548 0.050439801
v 0.0118677 0.044954548 0.052400799
v 0.011690036 0.044954548 0.052615037
v 0.01157071 0.044954548 0.052725511
v 0.0112432 0.044954548 0.052911201
v 0.010159301 0.044954548 0.052911201
v 0.010109097 0.044954548 0.052899451
v 0.010066663 0.044954548 0.052879429
v 0.010032234 0.044954548 0.052850413
v 0.010004584 0.044954548 0.052811403
v 0.0099831003 0.044954548 0.052762799
v 0.0099831003 0.044954548 0.045018902
v 0.0099753118 0.044954548 0.04459372
v 0.010146 0.044954548 0.0443256
v 0.0118677 0.039809899 0.052400799
v 0.011690036 0.039809899 0.052615037
v 0.01157071 0.039809899 0.052725511
v 0.0112432 0.039809899 0.052911201
v 0.0112432 0.037885251 0.052911201
v 0.01157071 0.037885251 0.052725511
v 0.011690036 0.037885251 0.052615037
v 0.0118677 0.037885251 0.052400799
v 0.012537 0.039809899 0.050143399
v 0.012537 0.041419902 0.050143399
v 0.012537 0.041419902 0.046556301
v 0.012537 0.039809899 0.046556301
v 0.013679055 0.039809899 0.050415187
v 0.013679055 0.041419902 0.050415187
v 0.013455532 0.041419902 0.0503441
v 0.01314401 0.041419902 0.050328312
v 0.012790861 0.041419902 0.050322933
v 0.012537 0.041419902 0.050143399
v 0.012537 0.039809899 0.050143399
v 0.012790861 0.039809899 0.050322933
v 0.01314401 0.039809899 0.050328312
v 0.013455532 0.039809899 0.0503441
v 0.0099831003 0.029205949 0.052762799
v 0.0099831003 0.029205949 0.045018902
v 0.0099831003 0.027281301 0.045018902
v 0.0099831003 0.027281301 0.052762799
v 0.0136438 0.029205949 0.050439801
v 0.0118677 0.029205949 0.052400799
v 0.0118677 0.027281301 0.052400799
v 0.0136438 0.027281301 0.050439801
v 0.0136438 0.046879201 0.050439801
v 0.0118677 0.046879201 0.052400799
v 0.0118677 0.044954548 0.052400799
v 0.0136438 0.044954548 0.050439801
v -0.0132595 0.046879201 0.045248799
v -0.010146 0.046879201 0.0443256
v -0.010146 0.044954548 0.0443256
v -0.0132595 0.044954548 0.045248799
v -0.013279898 0.029205949 0.045254116
v -0.013279898 0.030815949 0.045254116
v -0.013056375 0.030815949 0.045347772
v -0.012576048 0.030815949 0.045439129
v -0.012460285 0.030815949 0.045646539
v -0.01248201 0.030815949 0.045966954
v -0.012537 0.030815949 0.046556301
v -0.012537 0.029205949 0.046556301
v -0.01248201 0.029205949 0.045966954
v -0.012460285 0.029205949 0.045646539
v -0.012576048 0.029205949 0.045439129
v -0.013056375 0.029205949 0.045347772
v -0.013279898 0.030815949 0.045254116
v -0.0132595 0.030815949 0.045248799
v -0.010146 0.030815949 0.0443256
v -0.0099753118 0.030815949 0.04459372
v -0.0099831003 0.030815949 0.045018902
v -0.0099831003 0.030815949 0.052762799
v -0.010004584 0.030815949 0.052811403
v -0.010032234 0.030815949 0.052850413
v -0.010066663 0.030815949 0.052879429
v -0.010109097 0.030815949 0.052899451
v -0.010159301 0.030815949 0.052911201
v -0.0112432 0.030815949 0.052911201
v -0.01157071 0.030815949 0.052725511
v -0.011690036 0.030815949 0.052615037
v -0.0118677 0.030815949 0.052400799
v -0.0136438 0.030815949 0.050439801
v -0.013679055 0.030815949 0.050415187
v -0.013455532 0.030815949 0.0503441
v -0.01314401 0.030815949 0.050328312
v -0.012790861 0.030815949 0.050322933
v -0.012537 0.030815949 0.050143399
v -0.012537 0.030815949 0.046556301
v -0.01248201 0.030815949 0.045966954
v -0.012460285 0.030815949 0.045646539
v -0.012576048 0.030815949 0.045439129
v -0.013056375 0.030815949 0.045347772
v -0.010024558 0.0343506 0.06951725
v -0.0100936 0.0343506 0.069606099
v -0.0100936 0.034347999 0.069606099
v -0.0099751002 0.034347999 0.069453602
v -0.0099751002 0.036278 0.069453602
v -0.0100936 0.036278 0.069606099
v -0.0100936 0.036275251 0.069606099
v -0.010024558 0.036275251 0.06951725
v -0.013279898 0.037885251 0.045254116
v -0.0132595 0.037885251 0.045248799
v -0.010146 0.037885251 0.0443256
v -0.0099753118 0.037885251 0.04459372
v -0.0099831003 0.037885251 0.045018902
v -0.0099831003 0.037885251 0.052762799
v -0.010004584 0.037885251 0.052811403
v -0.010032234 0.037885251 0.052850413
v -0.010066663 0.037885251 0.052879429
v -0.010109097 0.037885251 0.052899451
v -0.010159301 0.037885251 0.052911201
v -0.0112432 0.037885251 0.052911201
v -0.01157071 0.037885251 0.052725511
v -0.011690036 0.037885251 0.052615037
v -0.0118677 0.037885251 0.052400799
v -0.0136438 0.037885251 0.050439801
v -0.013679055 0.037885251 0.050415187
v -0.013455532 0.037885251 0.0503441
v -0.01314401 0.037885251 0.050328312
v -0.012790861 0.037885251 0.050322933
v -0.012537 0.037885251 0.050143399
v -0.012537 0.037885251 0.046556301
v -0.01248201 0.037885251 0.045966954
v -0.012460285 0.037885251 0.045646539
v -0.012576048 0.037885251 0.045439129
v -0.013056375 0.037885251 0.045347772
v -0.0100936 0.0343506 0.069606099
v -0.01308709 0.0343506 0.070487943
v -0.01308709 0.034347999 0.070487943
v -0.0100936 0.034347999 0.069606099
v -0.013279898 0.046879201 0.045254116
v -0.013279898 0.048489199 0.045254116
v -0.013056375 0.048489199 0.045347772
v -0.012576048 0.048489199 0.045439129
v -0.012460285 0.048489199 0.045646539
v -0.01248201 0.048489199 0.045966954
v -0.012537 0.048489199 0.046556301
v -0.012537 0.046879201 0.046556301
v -0.01248201 0.046879201 0.045966954
v -0.012460285 0.046879201 0.045646539
v -0.012576048 0.046879201 0.045439129
v -0.013056375 0.046879201 0.045347772
v -0.013679055 -0.048556352 0.050415187
v -0.0136438 -0.048556352 0.050439801
v -0.0118677 -0.048556352 0.052400799
v -0.011690036 -0.048556352 0.052615037
v -0.01157071 -0.048556352 0.052725511
v -0.0112432 -0.048556352 0.052911201
v -0.010159301 -0.048556352 0.052911201
v -0.010108644 -0.048556352 0.052899308
v -0.010065874 -0.048556352 0.052878923
v -0.010031542 -0.048556352 0.052849646
v -0.010004275 -0.048556352 0.052810841
v -0.0099831003 -0.048556352 0.052762799
v -0.0099831003 -0.048556352 0.045018902
v -0.0099759024 -0.048556352 0.04459084
v -0.010146 -0.048556352 0.0443256
v -0.0132595 -0.048556352 0.045248799
v -0.013279898 -0.048556352 0.045254116
v -0.013056375 -0.048556352 0.045347772
v -0.012576048 -0.048556352 0.045439129
v -0.012460285 -0.048556352 0.045646539
v -0.01248201 -0.048556352 0.045966954
v -0.012537 -0.048556352 0.046556301
v -0.012537 -0.048556352 0.050143399
v -0.012790861 -0.048556352 0.050322933
v -0.01314401 -0.048556352 0.050328312
v -0.013455532 -0.048556352 0.0503441
v -0.010024558 -0.036342399 0.06951725
v -0.0100936 -0.036342399 0.069606099
v -0.0100936 -0.036345 0.069606099
v -0.0099751002 -0.036345 0.069453602
v -0.0099751002 -0.034414999 0.069453602
v -0.0100936 -0.034414999 0.069606099
v -0.0100936 -0.034417751 0.069606099
v -0.010024558 -0.034417751 0.06951725
v -0.0132595 -0.037952399 0.045248799
v -0.010146 -0.037952399 0.0443256
v -0.010146 -0.03987705 0.0443256
v -0.0132595 -0.03987705 0.045248799
v -0.012537 -0.036342399 0.050143399
v -0.012537 -0.037952399 0.050143399
v -0.012537 -0.037952399 0.046556301
v -0.012537 -0.036342399 0.046556301
v -0.01308709 -0.036342399 0.070487943
v -0.0100936 -0.036342399 0.069606099
v -0.010024558 -0.036342399 0.06951725
v -0.0100015 -0.036342399 0.069539199
v -0.0100087 -0.036342399 0.071480498
v -0.0100087 -0.036342399 0.0716045
v -0.012507082 -0.036342399 0.073872852
v -0.012516537 -0.036342399 0.073522558
v -0.012529178 -0.036342399 0.073051796
v -0.0124895 -0.036342399 0.072159901
v -0.0124895 -0.036342399 0.070624099
v -0.012689248 -0.036342399 0.070548701
v -0.01289251 -0.036342399 0.070505438
v -0.013506233 -0.034417751 0.050361061
v -0.013506233 -0.034414999 0.050361061
v -0.011427799 -0.034414999 0.052648401
v -0.011427799 -0.034417751 0.052648401
v -0.0100015 0.036275251 0.069539199
v -0.0100087 0.036275251 0.071480498
v -0.0100087 0.0343506 0.071480498
v -0.0100015 0.0343506 0.069539199
v -0.0100994 0.039809899 0.069446001
v -0.0100015 0.039809899 0.069539199
v -0.0100015 0.037885251 0.069539199
v -0.0100994 0.037885251 0.069446001
v -0.011427799 0.01667735 0.052648401
v -0.013506233 0.01667735 0.050361061
v -0.013000251 0.01667735 0.050337563
v -0.012730563 0.01667735 0.050304651
v -0.012537 0.01667735 0.050143399
v -0.012537 0.01667735 0.046556301
v -0.01248201 0.01667735 0.045966954
v -0.012460285 0.01667735 0.045646539
v -0.012576048 0.01667735 0.045439129
v -0.013056375 0.01667735 0.045347772
v -0.013279898 0.01667735 0.045254116
v -0.0132595 0.01667735 0.045248799
v -0.010146 0.01667735 0.0443256
v -0.0099753118 0.01667735 0.04459372
v -0.0099831003 0.01667735 0.045018902
v -0.0099831003 0.01667735 0.052762799
v -0.009996503 0.01667735 0.052795639
v -0.010037916 0.01667735 0.05276598
v -0.010088151 0.01667735 0.05275064
v -0.010141007 0.01667735 0.052750854
v -0.0101869 0.01667735 0.0527597
v -0.01122 0.01667735 0.0527597
v -0.013506233 0.018602 0.050361061
v -0.013506233 0.018604749 0.050361061
v -0.011427799 0.018604749 0.052648401
v -0.011427799 0.018602 0.052648401
v -0.0124895 0.052023849 0.072159901
v -0.0124895 0.050413852 0.072159901
v -0.0124895 0.050413852 0.070624099
v -0.0124895 0.052023849 0.070624099
v -0.0135677 0.034347999 0.070472298
v -0.013346953 0.034347999 0.070406981
v -0.013346953 0.0327406 0.070406981
v -0.0100994 0.0327406 0.069446001
v -0.0100994 0.030815949 0.069446001
v -0.013346953 0.030815949 0.070406981
v -0.013346953 0.029205949 0.070406981
v -0.0100994 0.029205949 0.069446001
v -0.0100994 0.027281301 0.069446001
v -0.013346953 0.027281301 0.070406981
v -0.013346953 0.025671301 0.070406981
v -0.0100994 0.025671301 0.069446001
v -0.0100994 0.02374665 0.069446001
v -0.013346953 0.02374665 0.070406981
v -0.013346953 0.02213665 0.070406981
v -0.0100994 0.02213665 0.069446001
v -0.0100994 0.020211999 0.069446001
v -0.013346953 0.020211999 0.070406981
v -0.013346953 0.018604749 0.070406981
v -0.0135677 0.018604749 0.070472298
v -0.014615349 0.034347999 0.070644507
v -0.014615349 0.036278 0.070644507
v -0.0144551 0.036278 0.0704321
v -0.0144551 0.034347999 0.0704321
v -0.0017099179 0.0327756 0.018018194
v -0.0015780129 0.0327756 0.018567621
v -0.0012623653 0.0327756 0.019056196
v -0.00067759603 0.0327756 0.019479625
v -0.00033694662 0.0327756 0.019585383
v 0.00016759999 0.0327756 0.0196112
v 0.00087720916 0.0327756 0.019374551
v 0.0011393947 0.0327756 0.019183298
v 0.0014213887 0.0327756 0.018862392
v 0.001617243 0.0327756 0.018463665
v 0.0017134655 0.0327756 0.018048944
v 0.001600834 0.0327756 0.018055419
v 0.0014591068 0.0327756 0.018031569
v 0.0012983435 0.0327756 0.01801546
v 0.0011228 0.0327756 0.0180231
v -0.0008783 0.0327756 0.0180231
v -0.0013489805 0.0327756 0.018055273
v -0.0015623884 0.0327756 0.018085564
v -0.0132595 0.0327406 0.045248799
v -0.010146 0.0327406 0.0443256
v -0.010146 0.030815949 0.0443256
v -0.0132595 0.030815949 0.045248799
v -0.009996503 0.036275251 0.052795639
v -0.009996503 0.0343506 0.052795639
v -0.0099831003 0.0343506 0.052762799
v -0.0099831003 0.036275251 0.052762799
v -0.0101869 0.036275251 0.0527597
v -0.010140328 0.036275251 0.052750783
v -0.010087509 0.036275251 0.052750726
v -0.010037535 0.036275251 0.052766175
v -0.009996503 0.036275251 0.052795639
v -0.0099831003 0.036275251 0.052762799
v -0.0099831003 0.036275251 0.045018902
v -0.0099759024 0.036275251 0.04459084
v -0.010146 0.036275251 0.0443256
v -0.0132595 0.036275251 0.045248799
v -0.013279898 0.036275251 0.045254116
v -0.013056375 0.036275251 0.045347772
v -0.012576048 0.036275251 0.045439129
v -0.012460285 0.036275251 0.045646539
v -0.01248201 0.036275251 0.045966954
v -0.012537 0.036275251 0.046556301
v -0.012537 0.036275251 0.050143399
v -0.012730563 0.036275251 0.050304651
v -0.013000251 0.036275251 0.050337563
v -0.013506233 0.036275251 0.050361061
v -0.011427799 0.036275251 0.052648401
v -0.01122 0.036275251 0.0527597
v -0.01308709 0.036275251 0.070487943
v -0.0100936 0.036275251 0.069606099
v -0.0100936 0.036278 0.069606099
v -0.01308709 0.036278 0.070487943
v -0.0132595 -0.048556352 0.045248799
v -0.010146 -0.048556352 0.0443256
v -0.010146 -0.050481 0.0443256
v -0.0132595 -0.050481 0.045248799
v -0.012507082 0.052023849 0.073872852
v -0.012507082 0.050413852 0.073872852
v -0.012516537 0.050413852 0.073522558
v -0.012529178 0.050413852 0.073051796
v -0.0124895 0.050413852 0.072159901
v -0.0124895 0.052023849 0.072159901
v -0.012529178 0.052023849 0.073051796
v -0.012516537 0.052023849 0.073522558
v -0.012507082 -0.050481 0.073872852
v -0.012507082 -0.052090998 0.073872852
v -0.012516537 -0.052090998 0.073522558
v -0.012529178 -0.052090998 0.073051796
v -0.0124895 -0.052090998 0.072159901
v -0.0124895 -0.050481 0.072159901
v -0.012529178 -0.050481 0.073051796
v -0.012516537 -0.050481 0.073522558
v -0.0144551 -0.036345 0.0704321
v -0.0144551 -0.034414999 0.0704321
v -0.0144551 -0.034414999 0.0508393
v -0.0144551 -0.036345 0.0508393
v -0.01308709 -0.036345 0.070487943
v -0.01308709 -0.036342399 0.070487943
v -0.01289251 -0.036342399 0.070505438
v -0.012689248 -0.036342399 0.070548701
v -0.0124895 -0.036342399 0.070624099
v -0.0124895 -0.037952399 0.070624099
v -0.013058031 -0.037952399 0.070489669
v -0.013275433 -0.037952399 0.070470557
v -0.013346953 -0.037952399 0.070406981
v -0.013346953 -0.036345 0.070406981
v -0.013269511 -0.036345 0.070471807
v -0.013346953 0.046879201 0.070406981
v -0.013346953 0.048489199 0.070406981
v -0.013275433 0.048489199 0.070470557
v -0.013058031 0.048489199 0.070489669
v -0.0124895 0.048489199 0.070624099
v -0.0124895 0.046879201 0.070624099
v -0.013058031 0.046879201 0.070489669
v -0.013275433 0.046879201 0.070470557
v -0.0124895 -0.050481 0.072159901
v -0.0124895 -0.052090998 0.072159901
v -0.0124895 -0.052090998 0.070624099
v -0.0124895 -0.050481 0.070624099
v -0.013346953 -0.052090998 0.070406981
v -0.013346953 -0.050481 0.070406981
v -0.013275433 -0.050481 0.070470557
v -0.013058031 -0.050481 0.070489669
v -0.0124895 -0.050481 0.070624099
v -0.0124895 -0.052090998 0.070624099
v -0.013058031 -0.052090998 0.070489669
v -0.013275433 -0.052090998 0.070470557
v 0.0100015 -0.048556352 0.069539199
v 0.0100994 -0.048556352 0.069446001
v 0.0100994 -0.050481 0.069446001
v 0.0100015 -0.050481 0.069539199
v -0.0017099179 -0.04145205 0.018018194
v -0.0015780129 -0.04145205 0.018567621
v -0.0012623653 -0.04145205 0.019056196
v -0.00067759603 -0.04145205 0.019479625
v -0.00033694662 -0.04145205 0.019585383
v 0.00016759999 -0.04145205 0.0196112
v 0.00087720916 -0.04145205 0.019374551
v 0.0011393947 -0.04145205 0.019183298
v 0.0014213887 -0.04145205 0.018862392
v 0.001617243 -0.04145205 0.018463665
v 0.0017134655 -0.04145205 0.018048944
v 0.001600834 -0.04145205 0.018055419
v 0.0014591068 -0.04145205 0.018031569
v 0.0012983435 -0.04145205 0.01801546
v 0.0011228 -0.04145205 0.0180231
v -0.0008783 -0.04145205 0.0180231
v -0.0013489805 -0.04145205 0.018055273
v -0.0015623884 -0.04145205 0.018085564
v 0.0100087 0.0327406 0.071480498
v 0.0100015 0.0327406 0.069539199
v 0.0100015 0.030815949 0.069539199
v 0.0100087 0.030815949 0.071480498
v 0.0100994 0.030815949 0.069446001
v 0.013346953 0.030815949 0.070406981
v 0.013275433 0.030815949 0.070470557
v 0.013058031 0.030815949 0.070489669
v 0.0124895 0.030815949 0.070624099
v 0.0124895 0.030815949 0.072159901
v 0.012529178 0.030815949 0.073051796
v 0.012516537 0.030815949 0.073522558
v 0.012507082 0.030815949 0.073872852
v 0.0100087 0.030815949 0.0716045
v 0.0100087 0.030815949 0.071480498
v 0.0100015 0.030815949 0.069539199
v 0.009996503 0.01667735 0.052795639
v 0.010037535 0.01667735 0.052766175
v 0.010087509 0.01667735 0.052750726
v 0.010140328 0.01667735 0.052750783
v 0.0101869 0.01667735 0.0527597
v 0.0101869 0.01667475 0.0527597
v 0.010135024 0.01667475 0.052750258
v 0.010087583 0.01667475 0.052750711
v 0.010045217 0.01667475 0.052762499
v 0.010007933 0.01667475 0.052785635
v 0.0099751002 0.01667475 0.052818699
v 0.0099751002 0.018604749 0.052818699
v 0.010007933 0.018604749 0.052785635
v 0.010045217 0.018604749 0.052762499
v 0.010087583 0.018604749 0.052750711
v 0.010135024 0.018604749 0.052750258
v 0.0101869 0.018604749 0.0527597
v 0.0101869 0.018602 0.0527597
v 0.010141007 0.018602 0.052750854
v 0.010088151 0.018602 0.05275064
v 0.010037916 0.018602 0.05276598
v 0.009996503 0.018602 0.052795639
v 0.0100015 0.04334455 0.069539199
v 0.0100994 0.04334455 0.069446001
v 0.0100994 0.041419902 0.069446001
v 0.0100015 0.041419902 0.069539199
v 0.0124895 0.0327406 0.072159901
v 0.0124895 0.0343506 0.072159901
v 0.0124895 0.0343506 0.070624099
v 0.0124895 0.0327406 0.070624099
v 0.01122 0.00092874996 0.0527597
v 0.0101869 0.00092874996 0.0527597
v 0.0101869 0.00093149997 0.0527597
v 0.01122 0.00093149997 0.0527597
v 0.010024558 0.018602 0.06951725
v 0.010024558 0.01667735 0.06951725
v 0.0100015 0.01667735 0.069539199
v 0.0100015 0.018602 0.069539199
v 0.0100015 0.02213665 0.069539199
v 0.0100994 0.02213665 0.069446001
v 0.0100994 0.020211999 0.069446001
v 0.0100015 0.020211999 0.069539199
v 0.013506233 0.018604749 0.050361061
v 0.013679055 0.018604749 0.050415187
v 0.013679055 0.020211999 0.050415187
v 0.013455532 0.020211999 0.0503441
v 0.01314401 0.020211999 0.050328312
v 0.012790861 0.020211999 0.050322933
v 0.012537 0.020211999 0.050143399
v 0.012537 0.018602 0.050143399
v 0.012730563 0.018602 0.050304651
v 0.013000251 0.018602 0.050337563
v 0.013506233 0.018602 0.050361061
v 0.01122 0.01667735 0.0527597
v 0.011427799 0.01667735 0.052648401
v 0.011427799 0.01667475 0.052648401
v 0.01122 0.01667475 0.0527597
v 0.014519176 0.00093149997 0.050126438
v 0.014320619 0.00093149997 0.05017879
v 0.01414607 0.00093149997 0.050221028
v 0.013986787 0.00093149997 0.050265965
v 0.013834029 0.00093149997 0.050326414
v 0.013679055 0.00093149997 0.050415187
v 0.013506233 0.00093149997 0.050361061
v 0.011427799 0.00093149997 0.052648401
v 0.01122 0.00093149997 0.0527597
v 0.0101869 0.00093149997 0.0527597
v 0.010135024 0.00093149997 0.052750258
v 0.010087583 0.00093149997 0.052750711
v 0.010045217 0.00093149997 0.052762499
v 0.010007933 0.00093149997 0.052785635
v 0.0099751002 0.00093149997 0.052818699
v 0.0099751002 0.00093149997 0.069453602
v 0.0100936 0.00093149997 0.069606099
v 0.01308709 0.00093149997 0.070487943
v 0.013269511 0.00093149997 0.070471807
v 0.013346953 0.00093149997 0.070406981
v 0.0135677 0.00093149997 0.070472298
v 0.01380402 0.00093149997 0.070507741
v 0.014022518 0.00093149997 0.07053812
v 0.014227622 0.00093149997 0.070568004
v 0.014423757 0.00093149997 0.070601945
v 0.014615349 0.00093149997 0.070644507
v 0.0144551 0.00093149997 0.0704321
v 0.0144551 0.00093149997 0.0508393
v 0.014436003 0.00093149997 0.050456262
v 0.012507082 -0.037952399 0.073872852
v 0.012507082 -0.036342399 0.073872852
v 0.012516537 -0.036342399 0.073522558
v 0.012529178 -0.036342399 0.073051796
v 0.0124895 -0.036342399 0.072159901
v 0.0124895 -0.037952399 0.072159901
v 0.012529178 -0.037952399 0.073051796
v 0.012516537 -0.037952399 0.073522558
v 0.0100015 -0.037952399 0.069539199
v 0.0100994 -0.037952399 0.069446001
v 0.0100994 -0.03987705 0.069446001
v 0.0100015 -0.03987705 0.069539199
v 0.014519176 -0.036345 0.050126438
v 0.014519176 -0.034414999 0.050126438
v 0.014436003 -0.034414999 0.050456262
v 0.0144551 -0.034414999 0.0508393
v 0.0144551 -0.036345 0.0508393
v 0.014436003 -0.036345 0.050456262
v 0.013346953 -0.01674175 0.070406981
v 0.013269511 -0.01674175 0.070471807
v 0.01308709 -0.01674175 0.070487943
v 0.01308709 -0.0167445 0.070487943
v 0.01289251 -0.0167445 0.070505438
v 0.012689248 -0.0167445 0.070548701
v 0.0124895 -0.0167445 0.070624099
v 0.0124895 -0.0151345 0.070624099
v 0.013058031 -0.0151345 0.070489669
v 0.013275433 -0.0151345 0.070470557
v 0.013346953 -0.0151345 0.070406981
v 0.013506233 -0.01867175 0.050361061
v 0.013679055 -0.01867175 0.050415187
v 0.014180055 -0.01867175 0.050207658
v 0.014519176 -0.01867175 0.050126438
v 0.014436003 -0.01867175 0.050456262
v 0.0144551 -0.01867175 0.0508393
v 0.0144551 -0.01867175 0.0704321
v 0.014615349 -0.01867175 0.070644507
v 0.014423757 -0.01867175 0.070601945
v 0.014227622 -0.01867175 0.070568004
v 0.014022518 -0.01867175 0.07053812
v 0.01380402 -0.01867175 0.070507741
v 0.0135677 -0.01867175 0.070472298
v 0.013346953 -0.01867175 0.070406981
v 0.013264936 -0.01867175 0.070472698
v 0.01308709 -0.01867175 0.070487943
v 0.0100936 -0.01867175 0.069606099
v 0.0099751002 -0.01867175 0.069453602
v 0.0099751002 -0.01867175 0.052818699
v 0.010007933 -0.01867175 0.052785635
v 0.010045217 -0.01867175 0.052762499
v 0.010087583 -0.01867175 0.052750711
v 0.010135024 -0.01867175 0.052750258
v 0.0101869 -0.01867175 0.0527597
v 0.01122 -0.01867175 0.0527597
v 0.011427799 -0.01867175 0.052648401
v 0.010159301 -0.037952399 0.052911201
v 0.010108644 -0.037952399 0.052899308
v 0.010065874 -0.037952399 0.052878923
v 0.010031542 -0.037952399 0.052849646
v 0.010004275 -0.037952399 0.052810841
v 0.0099831003 -0.037952399 0.052762799
v 0.0099831003 -0.03987705 0.052762799
v 0.010004584 -0.03987705 0.052811403
v 0.010032234 -0.03987705 0.052850413
v 0.010066663 -0.03987705 0.052879429
v 0.010109097 -0.03987705 0.052899451
v 0.010159301 -0.03987705 0.052911201
v 0.010146 -0.034417751 0.0443256
v 0.0132595 -0.034417751 0.045248799
v 0.0132595 -0.036342399 0.045248799
v 0.010146 -0.036342399 0.0443256
v 0.0099831003 -0.034417751 0.045018902
v 0.0099759024 -0.034417751 0.04459084
v 0.010146 -0.034417751 0.0443256
v 0.010146 -0.036342399 0.0443256
v 0.0099753118 -0.036342399 0.04459372
v 0.0099831003 -0.036342399 0.045018902
v 0.012507082 0.046879201 0.073872852
v 0.012507082 0.048489199 0.073872852
v 0.012516537 0.048489199 0.073522558
v 0.012529178 0.048489199 0.073051796
v 0.0124895 0.048489199 0.072159901
v 0.0124895 0.046879201 0.072159901
v 0.012529178 0.046879201 0.073051796
v 0.012516537 0.046879201 0.073522558
v 0.0100087 0.046879201 0.071480498
v 0.0100015 0.046879201 0.069539199
v 0.0100015 0.044954548 0.069539199
v 0.0100087 0.044954548 0.071480498
v 0.013679055 -0.046946349 0.050415187
v 0.0136438 -0.046946349 0.050439801
v 0.0118677 -0.046946349 0.052400799
v 0.011690036 -0.046946349 0.052615037
v 0.01157071 -0.046946349 0.052725511
v 0.0112432 -0.046946349 0.052911201
v 0.010159301 -0.046946349 0.052911201
v 0.010109097 -0.046946349 0.052899451
v 0.010066663 -0.046946349 0.052879429
v 0.010032234 -0.046946349 0.052850413
v 0.010004584 -0.046946349 0.052811403
v 0.0099831003 -0.046946349 0.052762799
v 0.0099831003 -0.046946349 0.045018902
v 0.0099753118 -0.046946349 0.04459372
v 0.010146 -0.046946349 0.0443256
v 0.0132595 -0.046946349 0.045248799
v 0.013279898 -0.046946349 0.045254116
v 0.013056375 -0.046946349 0.045347772
v 0.012576048 -0.046946349 0.045439129
v 0.012460285 -0.046946349 0.045646539
v 0.01248201 -0.046946349 0.045966954
v 0.012537 -0.046946349 0.046556301
v 0.012537 -0.046946349 0.050143399
v 0.012790861 -0.046946349 0.050322933
v 0.01314401 -0.046946349 0.050328312
v 0.013455532 -0.046946349 0.0503441
v 0.0099831003 0.046879201 0.052762799
v 0.0099831003 0.046879201 0.045018902
v 0.0099831003 0.044954548 0.045018902
v 0.0099831003 0.044954548 0.052762799
v 0.0099831003 -0.048556352 0.045018902
v 0.0099759024 -0.048556352 0.04459084
v 0.010146 -0.048556352 0.0443256
v 0.010146 -0.050481 0.0443256
v 0.0099753118 -0.050481 0.04459372
v 0.0099831003 -0.050481 0.045018902
v 0.0100936 0.0343506 0.069606099
v 0.01308709 0.0343506 0.070487943
v 0.01289251 0.0343506 0.070505438
v 0.012689248 0.0343506 0.070548701
v 0.0124895 0.0343506 0.070624099
v 0.0124895 0.0343506 0.072159901
v 0.012529178 0.0343506 0.073051796
v 0.012516537 0.0343506 0.073522558
v 0.012507082 0.0343506 0.073872852
v 0.0100087 0.0343506 0.0716045
v 0.0100087 0.0343506 0.071480498
v 0.0100015 0.0343506 0.069539199
v 0.010024558 0.0343506 0.06951725
v 0.013279898 0.037885251 0.045254116
v 0.013279898 0.036275251 0.045254116
v 0.013056375 0.036275251 0.045347772
v 0.012576048 0.036275251 0.045439129
v 0.012460285 0.036275251 0.045646539
v 0.01248201 0.036275251 0.045966954
v 0.012537 0.036275251 0.046556301
v 0.012537 0.037885251 0.046556301
v 0.01248201 0.037885251 0.045966954
v 0.012460285 0.037885251 0.045646539
v 0.012576048 0.037885251 0.045439129
v 0.013056375 0.037885251 0.045347772
v 0.013279898 0.039809899 0.045254116
v 0.0132595 0.039809899 0.045248799
v 0.010146 0.039809899 0.0443256
v 0.0099759024 0.039809899 0.04459084
v 0.0099831003 0.039809899 0.045018902
v 0.0099831003 0.039809899 0.052762799
v 0.010004275 0.039809899 0.052810841
v 0.010031542 0.039809899 0.052849646
v 0.010065874 0.039809899 0.052878923
v 0.010108644 0.039809899 0.052899308
v 0.010159301 0.039809899 0.052911201
v 0.0112432 0.039809899 0.052911201
v 0.01157071 0.039809899 0.052725511
v 0.011690036 0.039809899 0.052615037
v 0.0118677 0.039809899 0.052400799
v 0.0136438 0.039809899 0.050439801
v 0.013679055 0.039809899 0.050415187
v 0.013455532 0.039809899 0.0503441
v 0.01314401 0.039809899 0.050328312
v 0.012790861 0.039809899 0.050322933
v 0.012537 0.039809899 0.050143399
v 0.012537 0.039809899 0.046556301
v 0.01248201 0.039809899 0.045966954
v 0.012460285 0.039809899 0.045646539
v 0.012576048 0.039809899 0.045439129
v 0.013056375 0.039809899 0.045347772
v 0.0112432 0.0327406 0.052911201
v 0.010159301 0.0327406 0.052911201
v 0.010159301 0.030815949 0.052911201
v 0.0112432 0.030815949 0.052911201
v 0.013279898 0.0343506 0.045254116
v 0.013279898 0.0327406 0.045254116
v 0.013056375 0.0327406 0.045347772
v 0.012576048 0.0327406 0.045439129
v 0.012460285 0.0327406 0.045646539
v 0.01248201 0.0327406 0.045966954
v 0.012537 0.0327406 0.046556301
v 0.012537 0.0343506 0.046556301
v 0.01248201 0.0343506 0.045966954
v 0.012460285 0.0343506 0.045646539
v 0.012576048 0.0343506 0.045439129
v 0.013056375 0.0343506 0.045347772
v 0.012537 0.029205949 0.050143399
v 0.012537 0.030815949 0.050143399
v 0.012537 0.030815949 0.046556301
v 0.012537 0.029205949 0.046556301
v 0.0099831003 0.029205949 0.045018902
v 0.0099759024 0.029205949 0.04459084
v 0.010146 0.029205949 0.0443256
v 0.010146 0.027281301 0.0443256
v 0.0099753118 0.027281301 0.04459372
v 0.0099831003 0.027281301 0.045018902
v 0.012537 0.046879201 0.050143399
v 0.012537 0.048489199 0.050143399
v 0.012537 0.048489199 0.046556301
v 0.012537 0.046879201 0.046556301
v 0.013279898 -0.046946349 0.045254116
v 0.013279898 -0.048556352 0.045254116
v 0.013056375 -0.048556352 0.045347772
v 0.012576048 -0.048556352 0.045439129
v 0.012460285 -0.048556352 0.045646539
v 0.01248201 -0.048556352 0.045966954
v 0.012537 -0.048556352 0.046556301
v 0.012537 -0.046946349 0.046556301
v 0.01248201 -0.046946349 0.045966954
v 0.012460285 -0.046946349 0.045646539
v 0.012576048 -0.046946349 0.045439129
v 0.013056375 -0.046946349 0.045347772
v -0.013279898 0.048489199 0.045254116
v -0.0132595 0.048489199 0.045248799
v -0.010146 0.048489199 0.0443256
v -0.0099753118 0.048489199 0.04459372
v -0.0099831003 0.048489199 0.045018902
v -0.0099831003 0.048489199 0.052762799
v -0.010004584 0.048489199 0.052811403
v -0.010032234 0.048489199 0.052850413
v -0.010066663 0.048489199 0.052879429
v -0.010109097 0.048489199 0.052899451
v -0.010159301 0.048489199 0.052911201
v -0.0112432 0.048489199 0.052911201
v -0.01157071 0.048489199 0.052725511
v -0.011690036 0.048489199 0.052615037
v -0.0118677 0.048489199 0.052400799
v -0.0136438 0.048489199 0.050439801
v -0.013679055 0.048489199 0.050415187
v -0.013455532 0.048489199 0.0503441
v -0.01314401 0.048489199 0.050328312
v -0.012790861 0.048489199 0.050322933
v -0.012537 0.048489199 0.050143399
v -0.012537 0.048489199 0.046556301
v -0.01248201 0.048489199 0.045966954
v -0.012460285 0.048489199 0.045646539
v -0.012576048 0.048489199 0.045439129
v -0.013056375 0.048489199 0.045347772
v -0.012537 0.0343506 0.050143399
v -0.012537 0.0327406 0.050143399
v -0.012537 0.0327406 0.046556301
v -0.012537 0.0343506 0.046556301
v -0.0118677 0.0327406 0.052400799
v -0.0136438 0.0327406 0.050439801
v -0.0136438 0.030815949 0.050439801
v -0.0118677 0.030815949 0.052400799
v -0.0099751002 0.034347999 0.052818699
v -0.0099751002 0.036278 0.052818699
v -0.0099751002 0.036278 0.069453602
v -0.0099751002 0.034347999 0.069453602
v -0.0118677 0.050413852 0.052400799
v -0.0136438 0.050413852 0.050439801
v -0.0136438 0.048489199 0.050439801
v -0.0118677 0.048489199 0.052400799
v -0.0099751002 -0.036345 0.052818699
v -0.0099751002 -0.034414999 0.052818699
v -0.0099751002 -0.034414999 0.069453602
v -0.0099751002 -0.036345 0.069453602
v -0.011427799 -0.036342399 0.052648401
v -0.013506233 -0.036342399 0.050361061
v -0.013000251 -0.036342399 0.050337563
v -0.012730563 -0.036342399 0.050304651
v -0.012537 -0.036342399 0.050143399
v -0.012537 -0.036342399 0.046556301
v -0.01248201 -0.036342399 0.045966954
v -0.012460285 -0.036342399 0.045646539
v -0.012576048 -0.036342399 0.045439129
v -0.013056375 -0.036342399 0.045347772
v -0.013279898 -0.036342399 0.045254116
v -0.0132595 -0.036342399 0.045248799
v -0.010146 -0.036342399 0.0443256
v -0.0099753118 -0.036342399 0.04459372
v -0.0099831003 -0.036342399 0.045018902
v -0.0099831003 -0.036342399 0.052762799
v -0.009996503 -0.036342399 0.052795639
v -0.010037916 -0.036342399 0.05276598
v -0.010088151 -0.036342399 0.05275064
v -0.010141007 -0.036342399 0.052750854
v -0.0101869 -0.036342399 0.0527597
v -0.01122 -0.036342399 0.0527597
v -0.013679055 -0.034414999 0.050415187
v -0.014180055 -0.034414999 0.050207658
v -0.014519176 -0.034414999 0.050126438
v -0.014436003 -0.034414999 0.050456262
v -0.0144551 -0.034414999 0.0508393
v -0.0144551 -0.034414999 0.0704321
v -0.014615349 -0.034414999 0.070644507
v -0.014423757 -0.034414999 0.070601945
v -0.014227622 -0.034414999 0.070568004
v -0.014022518 -0.034414999 0.07053812
v -0.01380402 -0.034414999 0.070507741
v -0.0135677 -0.034414999 0.070472298
v -0.013346953 -0.034414999 0.070406981
v -0.013264936 -0.034414999 0.070472698
v -0.01308709 -0.034414999 0.070487943
v -0.0100936 -0.034414999 0.069606099
v -0.0099751002 -0.034414999 0.069453602
v -0.0099751002 -0.034414999 0.052818699
v -0.010007933 -0.034414999 0.052785635
v -0.010045217 -0.034414999 0.052762499
v -0.010087583 -0.034414999 0.052750711
v -0.010135024 -0.034414999 0.052750258
v -0.0101869 -0.034414999 0.0527597
v -0.01122 -0.034414999 0.0527597
v -0.011427799 -0.034414999 0.052648401
v -0.013506233 -0.034414999 0.050361061
v -0.013346953 0.037885251 0.070406981
v -0.0100994 0.037885251 0.069446001
v -0.0100015 0.037885251 0.069539199
v -0.0100087 0.037885251 0.071480498
v -0.0100087 0.037885251 0.0716045
v -0.012507082 0.037885251 0.073872852
v -0.012516537 0.037885251 0.073522558
v -0.012529178 0.037885251 0.073051796
v -0.0124895 0.037885251 0.072159901
v -0.0124895 0.037885251 0.070624099
v -0.013058031 0.037885251 0.070489669
v -0.013275433 0.037885251 0.070470557
v -0.011427799 0.01667735 0.052648401
v -0.01122 0.01667735 0.0527597
v -0.01122 0.01667475 0.0527597
v -0.011427799 0.01667475 0.052648401
v -0.0100994 0.050413852 0.069446001
v -0.013346953 0.050413852 0.070406981
v -0.013275433 0.050413852 0.070470557
v -0.013058031 0.050413852 0.070489669
v -0.0124895 0.050413852 0.070624099
v -0.0124895 0.050413852 0.072159901
v -0.012529178 0.050413852 0.073051796
v -0.012516537 0.050413852 0.073522558
v -0.012507082 0.050413852 0.073872852
v -0.0100087 0.050413852 0.0716045
v -0.0100087 0.050413852 0.071480498
v -0.0100015 0.050413852 0.069539199
v 0.0017134655 0.0327756 0.018048944
v 0.0017134655 0.0343156 0.018048944
v 0.001600834 0.0343156 0.018055419
v 0.0014591068 0.0343156 0.018031569
v 0.0012983435 0.0343156 0.01801546
v 0.0011228 0.0343156 0.0180231
v 0.0011228 0.0327756 0.0180231
v 0.0012983435 0.0327756 0.01801546
v 0.0014591068 0.0327756 0.018031569
v 0.001600834 0.0327756 0.018055419
v -0.011427799 0.0343506 0.052648401
v -0.013506233 0.0343506 0.050361061
v -0.013000251 0.0343506 0.050337563
v -0.012730563 0.0343506 0.050304651
v -0.012537 0.0343506 0.050143399
v -0.012537 0.0343506 0.046556301
v -0.01248201 0.0343506 0.045966954
v -0.012460285 0.0343506 0.045646539
v -0.012576048 0.0343506 0.045439129
v -0.013056375 0.0343506 0.045347772
v -0.013279898 0.0343506 0.045254116
v -0.0132595 0.0343506 0.045248799
v -0.010146 0.0343506 0.0443256
v -0.0099753118 0.0343506 0.04459372
v -0.0099831003 0.0343506 0.045018902
v -0.0099831003 0.0343506 0.052762799
v -0.009996503 0.0343506 0.052795639
v -0.010037916 0.0343506 0.05276598
v -0.010088151 0.0343506 0.05275064
v -0.010141007 0.0343506 0.052750854
v -0.0101869 0.0343506 0.0527597
v -0.01122 0.0343506 0.0527597
v -0.013506233 0.036275251 0.050361061
v -0.013506233 0.036278 0.050361061
v -0.011427799 0.036278 0.052648401
v -0.011427799 0.036275251 0.052648401
v -0.0099831003 -0.048556352 0.052762799
v -0.010004275 -0.048556352 0.052810841
v -0.010031542 -0.048556352 0.052849646
v -0.010065874 -0.048556352 0.052878923
v -0.010108644 -0.048556352 0.052899308
v -0.010159301 -0.048556352 0.052911201
v -0.010159301 -0.050481 0.052911201
v -0.010109097 -0.050481 0.052899451
v -0.010066663 -0.050481 0.052879429
v -0.010032234 -0.050481 0.052850413
v -0.010004584 -0.050481 0.052811403
v -0.0099831003 -0.050481 0.052762799
v -0.013679055 -0.036345 0.050415187
v -0.013506233 -0.036345 0.050361061
v -0.011427799 -0.036345 0.052648401
v -0.01122 -0.036345 0.0527597
v -0.0101869 -0.036345 0.0527597
v -0.010135024 -0.036345 0.052750258
v -0.010087583 -0.036345 0.052750711
v -0.010045217 -0.036345 0.052762499
v -0.010007933 -0.036345 0.052785635
v -0.0099751002 -0.036345 0.052818699
v -0.0099751002 -0.036345 0.069453602
v -0.0100936 -0.036345 0.069606099
v -0.01308709 -0.036345 0.070487943
v -0.013269511 -0.036345 0.070471807
v -0.013346953 -0.036345 0.070406981
v -0.0135677 -0.036345 0.070472298
v -0.01380402 -0.036345 0.070507741
v -0.014022518 -0.036345 0.07053812
v -0.014227622 -0.036345 0.070568004
v -0.014423757 -0.036345 0.070601945
v -0.014615349 -0.036345 0.070644507
v -0.0144551 -0.036345 0.0704321
v -0.0144551 -0.036345 0.0508393
v -0.014436003 -0.036345 0.050456262
v -0.014519176 -0.036345 0.050126438
v -0.014320619 -0.036345 0.05017879
v -0.01414607 -0.036345 0.050221028
v -0.013986787 -0.036345 0.050265965
v -0.013834029 -0.036345 0.050326414
v -0.0100087 0.050413852 0.071480498
v -0.0100087 0.050413852 0.0716045
v -0.0100087 0.048489199 0.0716045
v -0.0100087 0.048489199 0.071480498
v -0.012507082 -0.052090998 0.073872852
v -0.0100087 -0.052090998 0.0716045
v -0.0100087 -0.052090998 0.071480498
v -0.0100015 -0.052090998 0.069539199
v -0.0100994 -0.052090998 0.069446001
v -0.013346953 -0.052090998 0.070406981
v -0.013275433 -0.052090998 0.070470557
v -0.013058031 -0.052090998 0.070489669
v -0.0124895 -0.052090998 0.070624099
v -0.0124895 -0.052090998 0.072159901
v -0.012529178 -0.052090998 0.073051796
v -0.012516537 -0.052090998 0.073522558
v 0.012507082 -0.050481 0.073872852
v 0.0100087 -0.050481 0.0716045
v 0.0100087 -0.050481 0.071480498
v 0.0100015 -0.050481 0.069539199
v 0.0100994 -0.050481 0.069446001
v 0.013346953 -0.050481 0.070406981
v 0.013275433 -0.050481 0.070470557
v 0.013058031 -0.050481 0.070489669
v 0.0124895 -0.050481 0.070624099
v 0.0124895 -0.050481 0.072159901
v 0.012529178 -0.050481 0.073051796
v 0.012516537 -0.050481 0.073522558
v 0.0099831003 0.036275251 0.052762799
v 0.0099831003 0.036275251 0.045018902
v 0.0099831003 0.0343506 0.045018902
v 0.0099831003 0.0343506 0.052762799
v 0.0099831003 0.036275251 0.045018902
v 0.0099759024 0.036275251 0.04459084
v 0.010146 0.036275251 0.0443256
v 0.010146 0.0343506 0.0443256
v 0.0099753118 0.0343506 0.04459372
v 0.0099831003 0.0343506 0.045018902
v 0.012537 0.036275251 0.050143399
v 0.012537 0.037885251 0.050143399
v 0.012537 0.037885251 0.046556301
v 0.012537 0.036275251 0.046556301
v 0.0100015 0.0327406 0.069539199
v 0.0100994 0.0327406 0.069446001
v 0.0100994 0.030815949 0.069446001
v 0.0100015 0.030815949 0.069539199
v 0.009996503 0.018602 0.052795639
v 0.010037916 0.018602 0.05276598
v 0.010088151 0.018602 0.05275064
v 0.010141007 0.018602 0.052750854
v 0.0101869 0.018602 0.0527597
v 0.01122 0.018602 0.0527597
v 0.011427799 0.018602 0.052648401
v 0.013506233 0.018602 0.050361061
v 0.013000251 0.018602 0.050337563
v 0.012730563 0.018602 0.050304651
v 0.012537 0.018602 0.050143399
v 0.012537 0.018602 0.046556301
v 0.01248201 0.018602 0.045966954
v 0.012460285 0.018602 0.045646539
v 0.012576048 0.018602 0.045439129
v 0.013056375 0.018602 0.045347772
v 0.013279898 0.018602 0.045254116
v 0.0132595 0.018602 0.045248799
v 0.010146 0.018602 0.0443256
v 0.0099759024 0.018602 0.04459084
v 0.0099831003 0.018602 0.045018902
v 0.0099831003 0.018602 0.052762799
v 0.012507082 0.036275251 0.073872852
v 0.012507082 0.037885251 0.073872852
v 0.012516537 0.037885251 0.073522558
v 0.012529178 0.037885251 0.073051796
v 0.0124895 0.037885251 0.072159901
v 0.0124895 0.036275251 0.072159901
v 0.012529178 0.036275251 0.073051796
v 0.012516537 0.036275251 0.073522558
v 0.0124895 0.039809899 0.072159901
v 0.0124895 0.041419902 0.072159901
v 0.0124895 0.041419902 0.070624099
v 0.0124895 0.039809899 0.070624099
v 0.0100994 0.041419902 0.069446001
v 0.013346953 0.041419902 0.070406981
v 0.013275433 0.041419902 0.070470557
v 0.013058031 0.041419902 0.070489669
v 0.0124895 0.041419902 0.070624099
v 0.0124895 0.041419902 0.072159901
v 0.012529178 0.041419902 0.073051796
v 0.012516537 0.041419902 0.073522558
v 0.012507082 0.041419902 0.073872852
v 0.0100087 0.041419902 0.0716045
v 0.0100087 0.041419902 0.071480498
v 0.0100015 0.041419902 0.069539199
v 0.012507082 0.0327406 0.073872852
v 0.012507082 0.0343506 0.073872852
v 0.012516537 0.0343506 0.073522558
v 0.012529178 0.0343506 0.073051796
v 0.0124895 0.0343506 0.072159901
v 0.0124895 0.0327406 0.072159901
v 0.012529178 0.0327406 0.073051796
v 0.012516537 0.0327406 0.073522558
v 0.014519176 -0.00099849999 0.050126438
v 0.014519176 0.00093149997 0.050126438
v 0.014436003 0.00093149997 0.050456262
v 0.0144551 0.00093149997 0.0508393
v 0.0144551 -0.00099849999 0.0508393
v 0.014436003 -0.00099849999 0.050456262
v 0.0100994 0.020211999 0.069446001
v 0.013346953 0.020211999 0.070406981
v 0.013275433 0.020211999 0.070470557
v 0.013058031 0.020211999 0.070489669
v 0.0124895 0.020211999 0.070624099
v 0.0124895 0.020211999 0.072159901
v 0.012529178 0.020211999 0.073051796
v 0.012516537 0.020211999 0.073522558
v 0.012507082 0.020211999 0.073872852
v 0.0100087 0.020211999 0.0716045
v 0.0100087 0.020211999 0.071480498
v 0.0100015 0.020211999 0.069539199
v 0.0144551 0.018604749 0.0704321
v 0.0144551 0.01667475 0.0704321
v 0.0144551 0.01667475 0.0508393
v 0.0144551 0.018604749 0.0508393
v 0.009996503 0.01667735 0.052795639
v 0.009996503 0.018602 0.052795639
v 0.0099831003 0.018602 0.052762799
v 0.0099831003 0.01667735 0.052762799
v 0.0100936 0.01667735 0.069606099
v 0.010024558 0.01667735 0.06951725
v 0.010024558 0.018602 0.06951725
v 0.0100936 0.018602 0.069606099
v 0.0100936 0.018604749 0.069606099
v 0.0099751002 0.018604749 0.069453602
v 0.0099751002 0.01667475 0.069453602
v 0.0100936 0.01667475 0.069606099
v 0.013346953 0.01667475 0.070406981
v 0.0135677 0.01667475 0.070472298
v 0.0135677 0.00093149997 0.070472298
v 0.013346953 0.00093149997 0.070406981
v 0.013346953 0.0025387499 0.070406981
v 0.0100994 0.0025387499 0.069446001
v 0.0100994 0.0044633999 0.069446001
v 0.013346953 0.0044633999 0.070406981
v 0.013346953 0.0060733998 0.070406981
v 0.0100994 0.0060733998 0.069446001
v 0.0100994 0.0079980499 0.069446001
v 0.013346953 0.0079980499 0.070406981
v 0.013346953 0.00960805 0.070406981
v 0.0100994 0.00960805 0.069446001
v 0.0100994 0.0115327 0.069446001
v 0.013346953 0.0115327 0.070406981
v 0.013346953 0.0131427 0.070406981
v 0.0100994 0.0131427 0.069446001
v 0.0100994 0.01506735 0.069446001
v 0.013346953 0.01506735 0.070406981
v 0.013346953 -0.037952399 0.070406981
v 0.0100994 -0.037952399 0.069446001
v 0.0100015 -0.037952399 0.069539199
v 0.0100087 -0.037952399 0.071480498
v 0.0100087 -0.037952399 0.0716045
v 0.012507082 -0.037952399 0.073872852
v 0.012516537 -0.037952399 0.073522558
v 0.012529178 -0.037952399 0.073051796
v 0.0124895 -0.037952399 0.072159901
v 0.0124895 -0.037952399 0.070624099
v 0.013058031 -0.037952399 0.070489669
v 0.013275433 -0.037952399 0.070470557
v 0.0144551 -0.034414999 0.0704321
v 0.0144551 -0.036345 0.0704321
v 0.0144551 -0.036345 0.0508393
v 0.0144551 -0.034414999 0.0508393
v 0.013346953 -0.01867175 0.070406981
v 0.0135677 -0.01867175 0.070472298
v 0.0135677 -0.034414999 0.070472298
v 0.013346953 -0.034414999 0.070406981
v 0.013346953 -0.032807751 0.070406981
v 0.0100994 -0.032807751 0.069446001
v 0.0100994 -0.0308831 0.069446001
v 0.013346953 -0.0308831 0.070406981
v 0.013346953 -0.0292731 0.070406981
v 0.0100994 -0.0292731 0.069446001
v 0.0100994 -0.027348449 0.069446001
v 0.013346953 -0.027348449 0.070406981
v 0.013346953 -0.025738449 0.070406981
v 0.0100994 -0.025738449 0.069446001
v 0.0100994 -0.023813801 0.069446001
v 0.013346953 -0.023813801 0.070406981
v 0.013346953 -0.022203801 0.070406981
v 0.0100994 -0.022203801 0.069446001
v 0.0100994 -0.02027915 0.069446001
v 0.013346953 -0.02027915 0.070406981
v 0.012507082 -0.052090998 0.073872852
v 0.012507082 -0.050481 0.073872852
v 0.012516537 -0.050481 0.073522558
v 0.012529178 -0.050481 0.073051796
v 0.0124895 -0.050481 0.072159901
v 0.0124895 -0.052090998 0.072159901
v 0.012529178 -0.052090998 0.073051796
v 0.012516537 -0.052090998 0.073522558
v 0.0099831003 -0.037952399 0.052762799
v 0.0099831003 -0.037952399 0.045018902
v 0.0099831003 -0.03987705 0.045018902
v 0.0099831003 -0.03987705 0.052762799
v 0.013279898 -0.037952399 0.045254116
v 0.0132595 -0.037952399 0.045248799
v 0.010146 -0.037952399 0.0443256
v 0.0099759024 -0.037952399 0.04459084
v 0.0099831003 -0.037952399 0.045018902
v 0.0099831003 -0.037952399 0.052762799
v 0.010004275 -0.037952399 0.052810841
v 0.010031542 -0.037952399 0.052849646
v 0.010065874 -0.037952399 0.052878923
v 0.010108644 -0.037952399 0.052899308
v 0.010159301 -0.037952399 0.052911201
v 0.0112432 -0.037952399 0.052911201
v 0.01157071 -0.037952399 0.052725511
v 0.011690036 -0.037952399 0.052615037
v 0.0118677 -0.037952399 0.052400799
v 0.0136438 -0.037952399 0.050439801
v 0.013679055 -0.037952399 0.050415187
v 0.013455532 -0.037952399 0.0503441
v 0.01314401 -0.037952399 0.050328312
v 0.012790861 -0.037952399 0.050322933
v 0.012537 -0.037952399 0.050143399
v 0.012537 -0.037952399 0.046556301
v 0.01248201 -0.037952399 0.045966954
v 0.012460285 -0.037952399 0.045646539
v 0.012576048 -0.037952399 0.045439129
v 0.013056375 -0.037952399 0.045347772
v 0.013506233 -0.034414999 0.050361061
v 0.013506233 -0.034417751 0.050361061
v 0.011427799 -0.034417751 0.052648401
v 0.011427799 -0.034414999 0.052648401
v 0.013346953 0.046879201 0.070406981
v 0.0100994 0.046879201 0.069446001
v 0.0100015 0.046879201 0.069539199
v 0.0100087 0.046879201 0.071480498
v 0.0100087 0.046879201 0.0716045
v 0.012507082 0.046879201 0.073872852
v 0.012516537 0.046879201 0.073522558
v 0.012529178 0.046879201 0.073051796
v 0.0124895 0.046879201 0.072159901
v 0.0124895 0.046879201 0.070624099
v 0.013058031 0.046879201 0.070489669
v 0.013275433 0.046879201 0.070470557
v 0.0100015 0.046879201 0.069539199
v 0.0100994 0.046879201 0.069446001
v 0.0100994 0.044954548 0.069446001
v 0.0100015 0.044954548 0.069539199
v 0.013679055 -0.048556352 0.050415187
v 0.013679055 -0.046946349 0.050415187
v 0.013455532 -0.046946349 0.0503441
v 0.01314401 -0.046946349 0.050328312
v 0.012790861 -0.046946349 0.050322933
v 0.012537 -0.046946349 0.050143399
v 0.012537 -0.048556352 0.050143399
v 0.012790861 -0.048556352 0.050322933
v 0.01314401 -0.048556352 0.050328312
v 0.013455532 -0.048556352 0.0503441
v 0.0099831003 0.046879201 0.045018902
v 0.0099759024 0.046879201 0.04459084
v 0.010146 0.046879201 0.0443256
v 0.010146 0.044954548 0.0443256
v 0.0099753118 0.044954548 0.04459372
v 0.0099831003 0.044954548 0.045018902
v 0.0099831003 -0.048556352 0.052762799
v 0.0099831003 -0.048556352 0.045018902
v 0.0099831003 -0.050481 0.045018902
v 0.0099831003 -0.050481 0.052762799
v 0.0136438 0.039809899 0.050439801
v 0.0118677 0.039809899 0.052400799
v 0.0118677 0.037885251 0.052400799
v 0.0136438 0.037885251 0.050439801
v 0.010159301 0.0327406 0.052911201
v 0.010108644 0.0327406 0.052899308
v 0.010065874 0.0327406 0.052878923
v 0.010031542 0.0327406 0.052849646
v 0.010004275 0.0327406 0.052810841
v 0.0099831003 0.0327406 0.052762799
v 0.0099831003 0.030815949 0.052762799
v 0.010004584 0.030815949 0.052811403
v 0.010032234 0.030815949 0.052850413
v 0.010066663 0.030815949 0.052879429
v 0.010109097 0.030815949 0.052899451
v 0.010159301 0.030815949 0.052911201
v 0.0118677 0.0327406 0.052400799
v 0.011690036 0.0327406 0.052615037
v 0.01157071 0.0327406 0.052725511
v 0.0112432 0.0327406 0.052911201
v 0.0112432 0.030815949 0.052911201
v 0.01157071 0.030815949 0.052725511
v 0.011690036 0.030815949 0.052615037
v 0.0118677 0.030815949 0.052400799
v 0.013279898 0.029205949 0.045254116
v 0.0132595 0.029205949 0.045248799
v 0.010146 0.029205949 0.0443256
v 0.0099759024 0.029205949 0.04459084
v 0.0099831003 0.029205949 0.045018902
v 0.0099831003 0.029205949 0.052762799
v 0.010004275 0.029205949 0.052810841
v 0.010031542 0.029205949 0.052849646
v 0.010065874 0.029205949 0.052878923
v 0.010108644 0.029205949 0.052899308
v 0.010159301 0.029205949 0.052911201
v 0.0112432 0.029205949 0.052911201
v 0.01157071 0.029205949 0.052725511
v 0.011690036 0.029205949 0.052615037
v 0.0118677 0.029205949 0.052400799
v 0.0136438 0.029205949 0.050439801
v 0.013679055 0.029205949 0.050415187
v 0.013455532 0.029205949 0.0503441
v 0.01314401 0.029205949 0.050328312
v 0.012790861 0.029205949 0.050322933
v 0.012537 0.029205949 0.050143399
v 0.012537 0.029205949 0.046556301
v 0.01248201 0.029205949 0.045966954
v 0.012460285 0.029205949 0.045646539
v 0.012576048 0.029205949 0.045439129
v 0.013056375 0.029205949 0.045347772
v 0.010146 0.029205949 0.0443256
v 0.0132595 0.029205949 0.045248799
v 0.0132595 0.027281301 0.045248799
v 0.010146 0.027281301 0.0443256
v 0.013679055 0.029205949 0.050415187
v 0.013679055 0.030815949 0.050415187
v 0.013455532 0.030815949 0.0503441
v 0.01314401 0.030815949 0.050328312
v 0.012790861 0.030815949 0.050322933
v 0.012537 0.030815949 0.050143399
v 0.012537 0.029205949 0.050143399
v 0.012790861 0.029205949 0.050322933
v 0.01314401 0.029205949 0.050328312
v 0.013455532 0.029205949 0.0503441
v 0.013279898 0.046879201 0.045254116
v 0.0132595 0.046879201 0.045248799
v 0.010146 0.046879201 0.0443256
v 0.0099759024 0.046879201 0.04459084
v 0.0099831003 0.046879201 0.045018902
v 0.0099831003 0.046879201 0.052762799
v 0.010004275 0.046879201 0.052810841
v 0.010031542 0.046879201 0.052849646
v 0.010065874 0.046879201 0.052878923
v 0.010108644 0.046879201 0.052899308
v 0.010159301 0.046879201 0.052911201
v 0.0112432 0.046879201 0.052911201
v 0.01157071 0.046879201 0.052725511
v 0.011690036 0.046879201 0.052615037
v 0.0118677 0.046879201 0.052400799
v 0.0136438 0.046879201 0.050439801
v 0.013679055 0.046879201 0.050415187
v 0.013455532 0.046879201 0.0503441
v 0.01314401 0.046879201 0.050328312
v 0.012790861 0.046879201 0.050322933
v 0.012537 0.046879201 0.050143399
v 0.012537 0.046879201 0.046556301
v 0.01248201 0.046879201 0.045966954
v 0.012460285 0.046879201 0.045646539
v 0.012576048 0.046879201 0.045439129
v 0.013056375 0.046879201 0.045347772
v 0.013679055 0.046879201 0.050415187
v 0.013679055 0.048489199 0.050415187
v 0.013455532 0.048489199 0.0503441
v 0.01314401 0.048489199 0.050328312
v 0.012790861 0.048489199 0.050322933
v 0.012537 0.048489199 0.050143399
v 0.012537 0.046879201 0.050143399
v 0.012790861 0.046879201 0.050322933
v 0.01314401 0.046879201 0.050328312
v 0.013455532 0.046879201 0.0503441
v 0.012537 -0.048556352 0.050143399
v 0.012537 -0.046946349 0.050143399
v 0.012537 -0.046946349 0.046556301
v 0.012537 -0.048556352 0.046556301
v -0.0112432 0.050413852 0.052911201
v -0.01157071 0.050413852 0.052725511
v -0.011690036 0.050413852 0.052615037
v -0.0118677 0.050413852 0.052400799
v -0.0118677 0.048489199 0.052400799
v -0.011690036 0.048489199 0.052615037
v -0.01157071 0.048489199 0.052725511
v -0.0112432 0.048489199 0.052911201
v -0.0132595 0.0327406 0.045248799
v -0.013279898 0.0327406 0.045254116
v -0.013056375 0.0327406 0.045347772
v -0.012576048 0.0327406 0.045439129
v -0.012460285 0.0327406 0.045646539
v -0.01248201 0.0327406 0.045966954
v -0.012537 0.0327406 0.046556301
v -0.012537 0.0327406 0.050143399
v -0.012790861 0.0327406 0.050322933
v -0.01314401 0.0327406 0.050328312
v -0.013455532 0.0327406 0.0503441
v -0.013679055 0.0327406 0.050415187
v -0.0136438 0.0327406 0.050439801
v -0.0118677 0.0327406 0.052400799
v -0.011690036 0.0327406 0.052615037
v -0.01157071 0.0327406 0.052725511
v -0.0112432 0.0327406 0.052911201
v -0.010159301 0.0327406 0.052911201
v -0.010108644 0.0327406 0.052899308
v -0.010065874 0.0327406 0.052878923
v -0.010031542 0.0327406 0.052849646
v -0.010004275 0.0327406 0.052810841
v -0.0099831003 0.0327406 0.052762799
v -0.0099831003 0.0327406 0.045018902
v -0.0099759024 0.0327406 0.04459084
v -0.010146 0.0327406 0.0443256
v -0.013506233 0.0343506 0.050361061
v -0.011427799 0.0343506 0.052648401
v -0.011427799 0.034347999 0.052648401
v -0.013506233 0.034347999 0.050361061
v -0.013506233 -0.036342399 0.050361061
v -0.011427799 -0.036342399 0.052648401
v -0.011427799 -0.036345 0.052648401
v -0.013506233 -0.036345 0.050361061
v -0.01308709 0.036275251 0.070487943
v -0.01308709 0.036278 0.070487943
v -0.013264936 0.036278 0.070472698
v -0.013346953 0.036278 0.070406981
v -0.013346953 0.037885251 0.070406981
v -0.013275433 0.037885251 0.070470557
v -0.013058031 0.037885251 0.070489669
v -0.0124895 0.037885251 0.070624099
v -0.0124895 0.036275251 0.070624099
v -0.012689248 0.036275251 0.070548701
v -0.01289251 0.036275251 0.070505438
v -0.01122 0.018602 0.0527597
v -0.011427799 0.018602 0.052648401
v -0.011427799 0.018604749 0.052648401
v -0.01122 0.018604749 0.0527597
v -0.013346953 0.050413852 0.070406981
v -0.013346953 0.052023849 0.070406981
v -0.013275433 0.052023849 0.070470557
v -0.013058031 0.052023849 0.070489669
v -0.0124895 0.052023849 0.070624099
v -0.0124895 0.050413852 0.070624099
v -0.013058031 0.050413852 0.070489669
v -0.013275433 0.050413852 0.070470557
v 0.00016759999 0.0343156 0.0196112
v -0.00040560942 0.0343156 0.019570636
v -0.00078882322 0.0343156 0.019425513
v -0.0012416627 0.0343156 0.019078451
v -0.0015484141 0.0343156 0.018635591
v -0.0017099179 0.0343156 0.018018194
v -0.0015623884 0.0343156 0.018085564
v -0.0013489805 0.0343156 0.018055273
v -0.0008783 0.0343156 0.0180231
v 0.0011228 0.0343156 0.0180231
v 0.0012983435 0.0343156 0.01801546
v 0.0014591068 0.0343156 0.018031569
v 0.001600834 0.0343156 0.018055419
v 0.0017134655 0.0343156 0.018048944
v 0.0014943719 0.0343156 0.018742309
v 0.0010458807 0.0343156 0.019259725
v 0.0006170452 0.0343156 0.019503553
v -0.011427799 0.0343506 0.052648401
v -0.01122 0.0343506 0.0527597
v -0.01122 0.034347999 0.0527597
v -0.011427799 0.034347999 0.052648401
v -0.010159301 -0.048556352 0.052911201
v -0.0112432 -0.048556352 0.052911201
v -0.0112432 -0.050481 0.052911201
v -0.010159301 -0.050481 0.052911201
v -0.0100015 0.050413852 0.069539199
v -0.0100087 0.050413852 0.071480498
v -0.0100087 0.048489199 0.071480498
v -0.0100015 0.048489199 0.069539199
v 0.0124895 -0.052090998 0.072159901
v 0.0124895 -0.050481 0.072159901
v 0.0124895 -0.050481 0.070624099
v 0.0124895 -0.052090998 0.070624099
v 0.013346953 -0.050481 0.070406981
v 0.013346953 -0.052090998 0.070406981
v 0.013275433 -0.052090998 0.070470557
v 0.013058031 -0.052090998 0.070489669
v 0.0124895 -0.052090998 0.070624099
v 0.0124895 -0.050481 0.070624099
v 0.013058031 -0.050481 0.070489669
v 0.013275433 -0.050481 0.070470557
v 0.010146 0.036275251 0.0443256
v 0.0132595 0.036275251 0.045248799
v 0.0132595 0.0343506 0.045248799
v 0.010146 0.0343506 0.0443256
v -0.0017099179 -0.043446698 0.018018194
v -0.0017099179 -0.044986701 0.018018194
v -0.0015623884 -0.044986701 0.018085564
v -0.0013489805 -0.044986701 0.018055273
v -0.0008783 -0.044986701 0.0180231
v -0.0008783 -0.043446698 0.0180231
v -0.0013489805 -0.043446698 0.018055273
v -0.0015623884 -0.043446698 0.018085564
v 0.00016759999 -0.043446698 0.0196112
v -0.00040560942 -0.043446698 0.019570636
v -0.00078882322 -0.043446698 0.019425513
v -0.0012416627 -0.043446698 0.019078451
v -0.0015484141 -0.043446698 0.018635591
v -0.0017099179 -0.043446698 0.018018194
v -0.0015623884 -0.043446698 0.018085564
v -0.0013489805 -0.043446698 0.018055273
v -0.0008783 -0.043446698 0.0180231
v 0.0011228 -0.043446698 0.0180231
v 0.0012983435 -0.043446698 0.01801546
v 0.0014591068 -0.043446698 0.018031569
v 0.001600834 -0.043446698 0.018055419
v 0.0017134655 -0.043446698 0.018048944
v 0.0014943719 -0.043446698 0.018742309
v 0.0010458807 -0.043446698 0.019259725
v 0.0006170452 -0.043446698 0.019503553
v 0.0101869 0.0343506 0.0527597
v 0.01122 0.0343506 0.0527597
v 0.01122 0.034347999 0.0527597
v 0.0101869 0.034347999 0.0527597
v 0.0100936 0.036275251 0.069606099
v 0.010024558 0.036275251 0.06951725
v 0.0100015 0.036275251 0.069539199
v 0.0100087 0.036275251 0.071480498
v 0.0100087 0.036275251 0.0716045
v 0.012507082 0.036275251 0.073872852
v 0.012516537 0.036275251 0.073522558
v 0.012529178 0.036275251 0.073051796
v 0.0124895 0.036275251 0.072159901
v 0.0124895 0.036275251 0.070624099
v 0.012689248 0.036275251 0.070548701
v 0.01289251 0.036275251 0.070505438
v 0.01308709 0.036275251 0.070487943
v 0.0100087 0.036275251 0.0716045
v 0.0100087 0.036275251 0.071480498
v 0.0100087 0.0343506 0.071480498
v 0.0100087 0.0343506 0.0716045
v 0.0100087 0.039809899 0.0716045
v 0.0100087 0.039809899 0.071480498
v 0.0100087 0.037885251 0.071480498
v 0.0100087 0.037885251 0.0716045
v 0.012507082 0.039809899 0.073872852
v 0.012507082 0.041419902 0.073872852
v 0.012516537 0.041419902 0.073522558
v 0.012529178 0.041419902 0.073051796
v 0.0124895 0.041419902 0.072159901
v 0.0124895 0.039809899 0.072159901
v 0.012529178 0.039809899 0.073051796
v 0.012516537 0.039809899 0.073522558
v 0.013346953 0.041419902 0.070406981
v 0.013346953 0.039809899 0.070406981
v 0.013275433 0.039809899 0.070470557
v 0.013058031 0.039809899 0.070489669
v 0.0124895 0.039809899 0.070624099
v 0.0124895 0.041419902 0.070624099
v 0.013058031 0.041419902 0.070489669
v 0.013275433 0.041419902 0.070470557
v 0.013346953 0.0327406 0.070406981
v 0.0100994 0.0327406 0.069446001
v 0.0100015 0.0327406 0.069539199
v 0.0100087 0.0327406 0.071480498
v 0.0100087 0.0327406 0.0716045
v 0.012507082 0.0327406 0.073872852
v 0.012516537 0.0327406 0.073522558
v 0.012529178 0.0327406 0.073051796
v 0.0124895 0.0327406 0.072159901
v 0.0124895 0.0327406 0.070624099
v 0.013058031 0.0327406 0.070489669
v 0.013275433 0.0327406 0.070470557
v 0.013346953 0.018604749 0.070406981
v 0.013269511 0.018604749 0.070471807
v 0.01308709 0.018604749 0.070487943
v 0.01308709 0.018602 0.070487943
v 0.01289251 0.018602 0.070505438
v 0.012689248 0.018602 0.070548701
v 0.0124895 0.018602 0.070624099
v 0.0124895 0.020211999 0.070624099
v 0.013058031 0.020211999 0.070489669
v 0.013275433 0.020211999 0.070470557
v 0.013346953 0.020211999 0.070406981
v 0.01308709 0.01667475 0.070487943
v 0.01308709 0.01667735 0.070487943
v 0.0100936 0.01667735 0.069606099
v 0.0100936 0.01667475 0.069606099
v 0.013506233 0.01667735 0.050361061
v 0.011427799 0.01667735 0.052648401
v 0.01122 0.01667735 0.0527597
v 0.0101869 0.01667735 0.0527597
v 0.010140328 0.01667735 0.052750783
v 0.010087509 0.01667735 0.052750726
v 0.010037535 0.01667735 0.052766175
v 0.009996503 0.01667735 0.052795639
v 0.0099831003 0.01667735 0.052762799
v 0.0099831003 0.01667735 0.045018902
v 0.0099753118 0.01667735 0.04459372
v 0.010146 0.01667735 0.0443256
v 0.0132595 0.01667735 0.045248799
v 0.013279898 0.01667735 0.045254116
v 0.013056375 0.01667735 0.045347772
v 0.012576048 0.01667735 0.045439129
v 0.012460285 0.01667735 0.045646539
v 0.01248201 0.01667735 0.045966954
v 0.012537 0.01667735 0.046556301
v 0.012537 0.01667735 0.050143399
v 0.012730563 0.01667735 0.050304651
v 0.013000251 0.01667735 0.050337563
v 0.013506233 0.01667475 0.050361061
v 0.013679055 0.01667475 0.050415187
v 0.014180055 0.01667475 0.050207658
v 0.014519176 0.01667475 0.050126438
v 0.014436003 0.01667475 0.050456262
v 0.0144551 0.01667475 0.0508393
v 0.0144551 0.01667475 0.0704321
v 0.014615349 0.01667475 0.070644507
v 0.014423757 0.01667475 0.070601945
v 0.014227622 0.01667475 0.070568004
v 0.014022518 0.01667475 0.07053812
v 0.01380402 0.01667475 0.070507741
v 0.0135677 0.01667475 0.070472298
v 0.013346953 0.01667475 0.070406981
v 0.013264936 0.01667475 0.070472698
v 0.01308709 0.01667475 0.070487943
v 0.0100936 0.01667475 0.069606099
v 0.0099751002 0.01667475 0.069453602
v 0.0099751002 0.01667475 0.052818699
v 0.010007933 0.01667475 0.052785635
v 0.010045217 0.01667475 0.052762499
v 0.010087583 0.01667475 0.052750711
v 0.010135024 0.01667475 0.052750258
v 0.0101869 0.01667475 0.0527597
v 0.01122 0.01667475 0.0527597
v 0.011427799 0.01667475 0.052648401
v 0.01308709 -0.036342399 0.070487943
v 0.01308709 -0.036345 0.070487943
v 0.013264936 -0.036345 0.070472698
v 0.013346953 -0.036345 0.070406981
v 0.013346953 -0.037952399 0.070406981
v 0.013275433 -0.037952399 0.070470557
v 0.013058031 -0.037952399 0.070489669
v 0.0124895 -0.037952399 0.070624099
v 0.0124895 -0.036342399 0.070624099
v 0.012689248 -0.036342399 0.070548701
v 0.01289251 -0.036342399 0.070505438
v 0.014519176 -0.034414999 0.050126438
v 0.014320619 -0.034414999 0.05017879
v 0.01414607 -0.034414999 0.050221028
v 0.013986787 -0.034414999 0.050265965
v 0.013834029 -0.034414999 0.050326414
v 0.013679055 -0.034414999 0.050415187
v 0.013506233 -0.034414999 0.050361061
v 0.011427799 -0.034414999 0.052648401
v 0.01122 -0.034414999 0.0527597
v 0.0101869 -0.034414999 0.0527597
v 0.010135024 -0.034414999 0.052750258
v 0.010087583 -0.034414999 0.052750711
v 0.010045217 -0.034414999 0.052762499
v 0.010007933 -0.034414999 0.052785635
v 0.0099751002 -0.034414999 0.052818699
v 0.0099751002 -0.034414999 0.069453602
v 0.0100936 -0.034414999 0.069606099
v 0.01308709 -0.034414999 0.070487943
v 0.013269511 -0.034414999 0.070471807
v 0.013346953 -0.034414999 0.070406981
v 0.0135677 -0.034414999 0.070472298
v 0.01380402 -0.034414999 0.070507741
v 0.014022518 -0.034414999 0.07053812
v 0.014227622 -0.034414999 0.070568004
v 0.014423757 -0.034414999 0.070601945
v 0.014615349 -0.034414999 0.070644507
v 0.0144551 -0.034414999 0.0704321
v 0.0144551 -0.034414999 0.0508393
v 0.014436003 -0.034414999 0.050456262
v 0.0089046001 -0.056725001 0.074275398
v 0.0089046001 -0.054225001 0.074275398
v 0.0097749001 -0.054225001 0.072986102
v 0.0097749001 -0.056725001 0.072986102
v 0.0099831003 -0.037952399 0.045018902
v 0.0099759024 -0.037952399 0.04459084
v 0.010146 -0.037952399 0.0443256
v 0.010146 -0.03987705 0.0443256
v 0.0099753118 -0.03987705 0.04459372
v 0.0099831003 -0.03987705 0.045018902
v 0.013279898 -0.036342399 0.045254116
v 0.013279898 -0.037952399 0.045254116
v 0.013056375 -0.037952399 0.045347772
v 0.012576048 -0.037952399 0.045439129
v 0.012460285 -0.037952399 0.045646539
v 0.01248201 -0.037952399 0.045966954
v 0.012537 -0.037952399 0.046556301
v 0.012537 -0.036342399 0.046556301
v 0.01248201 -0.036342399 0.045966954
v 0.012460285 -0.036342399 0.045646539
v 0.012576048 -0.036342399 0.045439129
v 0.013056375 -0.036342399 0.045347772
v 0.01308709 -0.036342399 0.070487943
v 0.0100936 -0.036342399 0.069606099
v 0.0100936 -0.036345 0.069606099
v 0.01308709 -0.036345 0.070487943
v 0.0099831003 -0.034417751 0.052762799
v 0.0099831003 -0.034417751 0.045018902
v 0.0099831003 -0.036342399 0.045018902
v 0.0099831003 -0.036342399 0.052762799
v 0.01122 -0.034417751 0.0527597
v 0.0101869 -0.034417751 0.0527597
v 0.0101869 -0.034414999 0.0527597
v 0.01122 -0.034414999 0.0527597
v 0.013346953 0.048489199 0.070406981
v 0.013346953 0.046879201 0.070406981
v 0.013275433 0.046879201 0.070470557
v 0.013058031 0.046879201 0.070489669
v 0.0124895 0.046879201 0.070624099
v 0.0124895 0.048489199 0.070624099
v 0.013058031 0.048489199 0.070489669
v 0.013275433 0.048489199 0.070470557
v 0.0100994 0.048489199 0.069446001
v 0.013346953 0.048489199 0.070406981
v 0.013275433 0.048489199 0.070470557
v 0.013058031 0.048489199 0.070489669
v 0.0124895 0.048489199 0.070624099
v 0.0124895 0.048489199 0.072159901
v 0.012529178 0.048489199 0.073051796
v 0.012516537 0.048489199 0.073522558
v 0.012507082 0.048489199 0.073872852
v 0.0100087 0.048489199 0.0716045
v 0.0100087 0.048489199 0.071480498
v 0.0100015 0.048489199 0.069539199
v 0.010159301 -0.048556352 0.052911201
v 0.010108644 -0.048556352 0.052899308
v 0.010065874 -0.048556352 0.052878923
v 0.010031542 -0.048556352 0.052849646
v 0.010004275 -0.048556352 0.052810841
v 0.0099831003 -0.048556352 0.052762799
v 0.0099831003 -0.050481 0.052762799
v 0.010004584 -0.050481 0.052811403
v 0.010032234 -0.050481 0.052850413
v 0.010066663 -0.050481 0.052879429
v 0.010109097 -0.050481 0.052899451
v 0.010159301 -0.050481 0.052911201
v 0.010146 0.046879201 0.0443256
v 0.0132595 0.046879201 0.045248799
v 0.0132595 0.044954548 0.045248799
v 0.010146 0.044954548 0.0443256
v 0.010146 -0.048556352 0.0443256
v 0.0132595 -0.048556352 0.045248799
v 0.0132595 -0.050481 0.045248799
v 0.010146 -0.050481 0.0443256
v 0.0099831003 0.0327406 0.052762799
v 0.0099831003 0.0327406 0.045018902
v 0.0099831003 0.030815949 0.045018902
v 0.0099831003 0.030815949 0.052762799
v 0.013279898 0.030815949 0.045254116
v 0.013279898 0.029205949 0.045254116
v 0.013056375 0.029205949 0.045347772
v 0.012576048 0.029205949 0.045439129
v 0.012460285 0.029205949 0.045646539
v 0.01248201 0.029205949 0.045966954
v 0.012537 0.029205949 0.046556301
v 0.012537 0.030815949 0.046556301
v 0.01248201 0.030815949 0.045966954
v 0.012460285 0.030815949 0.045646539
v 0.012576048 0.030815949 0.045439129
v 0.013056375 0.030815949 0.045347772
v 0.0132595 0.030815949 0.045248799
v 0.013279898 0.030815949 0.045254116
v 0.013056375 0.030815949 0.045347772
v 0.012576048 0.030815949 0.045439129
v 0.012460285 0.030815949 0.045646539
v 0.01248201 0.030815949 0.045966954
v 0.012537 0.030815949 0.046556301
v 0.012537 0.030815949 0.050143399
v 0.012790861 0.030815949 0.050322933
v 0.01314401 0.030815949 0.050328312
v 0.013455532 0.030815949 0.0503441
v 0.013679055 0.030815949 0.050415187
v 0.0136438 0.030815949 0.050439801
v 0.0118677 0.030815949 0.052400799
v 0.011690036 0.030815949 0.052615037
v 0.01157071 0.030815949 0.052725511
v 0.0112432 0.030815949 0.052911201
v 0.010159301 0.030815949 0.052911201
v 0.010109097 0.030815949 0.052899451
v 0.010066663 0.030815949 0.052879429
v 0.010032234 0.030815949 0.052850413
v 0.010004584 0.030815949 0.052811403
v 0.0099831003 0.030815949 0.052762799
v 0.0099831003 0.030815949 0.045018902
v 0.0099753118 0.030815949 0.04459372
v 0.010146 0.030815949 0.0443256
v 0.013279898 0.048489199 0.045254116
v 0.013279898 0.046879201 0.045254116
v 0.013056375 0.046879201 0.045347772
v 0.012576048 0.046879201 0.045439129
v 0.012460285 0.046879201 0.045646539
v 0.01248201 0.046879201 0.045966954
v 0.012537 0.046879201 0.046556301
v 0.012537 0.048489199 0.046556301
v 0.01248201 0.048489199 0.045966954
v 0.012460285 0.048489199 0.045646539
v 0.012576048 0.048489199 0.045439129
v 0.013056375 0.048489199 0.045347772
v 0.0136438 -0.048556352 0.050439801
v 0.013679055 -0.048556352 0.050415187
v 0.013455532 -0.048556352 0.0503441
v 0.01314401 -0.048556352 0.050328312
v 0.012790861 -0.048556352 0.050322933
v 0.012537 -0.048556352 0.050143399
v 0.012537 -0.048556352 0.046556301
v 0.01248201 -0.048556352 0.045966954
v 0.012460285 -0.048556352 0.045646539
v 0.012576048 -0.048556352 0.045439129
v 0.013056375 -0.048556352 0.045347772
v 0.013279898 -0.048556352 0.045254116
v 0.0132595 -0.048556352 0.045248799
v 0.010146 -0.048556352 0.0443256
v 0.0099759024 -0.048556352 0.04459084
v 0.0099831003 -0.048556352 0.045018902
v 0.0099831003 -0.048556352 0.052762799
v 0.010004275 -0.048556352 0.052810841
v 0.010031542 -0.048556352 0.052849646
v 0.010065874 -0.048556352 0.052878923
v 0.010108644 -0.048556352 0.052899308
v 0.010159301 -0.048556352 0.052911201
v 0.0112432 -0.048556352 0.052911201
v 0.01157071 -0.048556352 0.052725511
v 0.011690036 -0.048556352 0.052615037
v 0.0118677 -0.048556352 0.052400799
v -0.010159301 0.050413852 0.052911201
v -0.0112432 0.050413852 0.052911201
v -0.0112432 0.048489199 0.052911201
v -0.010159301 0.048489199 0.052911201
v -0.0144551 0.034347999 0.0704321
v -0.0144551 0.036278 0.0704321
v -0.0144551 0.036278 0.0508393
v -0.0144551 0.034347999 0.0508393
v -0.013506233 0.0343506 0.050361061
v -0.013506233 0.034347999 0.050361061
v -0.013679055 0.034347999 0.050415187
v -0.013679055 0.0327406 0.050415187
v -0.013455532 0.0327406 0.0503441
v -0.01314401 0.0327406 0.050328312
v -0.012790861 0.0327406 0.050322933
v -0.012537 0.0327406 0.050143399
v -0.012537 0.0343506 0.050143399
v -0.012730563 0.0343506 0.050304651
v -0.013000251 0.0343506 0.050337563
v -0.014519176 0.036278 0.050126438
v -0.014519176 0.034347999 0.050126438
v -0.014436003 0.034347999 0.050456262
v -0.0144551 0.034347999 0.0508393
v -0.0144551 0.036278 0.0508393
v -0.014436003 0.036278 0.050456262
v -0.010024558 0.036275251 0.06951725
v -0.0100936 0.036275251 0.069606099
v -0.01308709 0.036275251 0.070487943
v -0.01289251 0.036275251 0.070505438
v -0.012689248 0.036275251 0.070548701
v -0.0124895 0.036275251 0.070624099
v -0.0124895 0.036275251 0.072159901
v -0.012529178 0.036275251 0.073051796
v -0.012516537 0.036275251 0.073522558
v -0.012507082 0.036275251 0.073872852
v -0.0100087 0.036275251 0.0716045
v -0.0100087 0.036275251 0.071480498
v -0.0100015 0.036275251 0.069539199
v -0.013679055 0.052023849 0.050415187
v -0.013679055 0.050413852 0.050415187
v -0.013455532 0.050413852 0.0503441
v -0.01314401 0.050413852 0.050328312
v -0.012790861 0.050413852 0.050322933
v -0.012537 0.050413852 0.050143399
v -0.012537 0.052023849 0.050143399
v -0.012790861 0.052023849 0.050322933
v -0.01314401 0.052023849 0.050328312
v -0.013455532 0.052023849 0.0503441
v -0.012537 0.052023849 0.050143399
v -0.012537 0.050413852 0.050143399
v -0.012537 0.050413852 0.046556301
v -0.012537 0.052023849 0.046556301
v -0.013679055 0.036278 0.050415187
v -0.014180055 0.036278 0.050207658
v -0.014519176 0.036278 0.050126438
v -0.014436003 0.036278 0.050456262
v -0.0144551 0.036278 0.0508393
v -0.0144551 0.036278 0.0704321
v -0.014615349 0.036278 0.070644507
v -0.014423757 0.036278 0.070601945
v -0.014227622 0.036278 0.070568004
v -0.014022518 0.036278 0.07053812
v -0.01380402 0.036278 0.070507741
v -0.0135677 0.036278 0.070472298
v -0.013346953 0.036278 0.070406981
v -0.013264936 0.036278 0.070472698
v -0.01308709 0.036278 0.070487943
v -0.0100936 0.036278 0.069606099
v -0.0099751002 0.036278 0.069453602
v -0.0099751002 0.036278 0.052818699
v -0.010007933 0.036278 0.052785635
v -0.010045217 0.036278 0.052762499
v -0.010087583 0.036278 0.052750711
v -0.010135024 0.036278 0.052750258
v -0.0101869 0.036278 0.0527597
v -0.01122 0.036278 0.0527597
v -0.011427799 0.036278 0.052648401
v -0.013506233 0.036278 0.050361061
v -0.01122 0.01667735 0.0527597
v -0.0101869 0.01667735 0.0527597
v -0.0101869 0.01667475 0.0527597
v -0.01122 0.01667475 0.0527597
v -0.013346953 0.052023849 0.070406981
v -0.0100994 0.052023849 0.069446001
v -0.0100015 0.052023849 0.069539199
v -0.0100087 0.052023849 0.071480498
v -0.0100087 0.052023849 0.0716045
v -0.012507082 0.052023849 0.073872852
v -0.012516537 0.052023849 0.073522558
v -0.012529178 0.052023849 0.073051796
v -0.0124895 0.052023849 0.072159901
v -0.0124895 0.052023849 0.070624099
v -0.013058031 0.052023849 0.070489669
v -0.013275433 0.052023849 0.070470557
v -0.0100015 -0.052090998 0.069539199
v -0.0100087 -0.052090998 0.071480498
v -0.0100087 -0.054225001 0.071480498
v -0.0100015 -0.054225001 0.069539199
v -0.0017099179 0.037850249 0.018018194
v -0.0017099179 0.036310251 0.018018194
v -0.0015623884 0.036310251 0.018085564
v -0.0013489805 0.036310251 0.018055273
v -0.0008783 0.036310251 0.0180231
v -0.0008783 0.037850249 0.0180231
v -0.0013489805 0.037850249 0.018055273
v -0.0015623884 0.037850249 0.018085564
v -0.0008783 0.037850249 0.0180231
v -0.0008783 0.036310251 0.0180231
v 0.0011228 0.036310251 0.0180231
v 0.0011228 0.037850249 0.0180231
v -0.0112432 -0.048556352 0.052911201
v -0.01157071 -0.048556352 0.052725511
v -0.011690036 -0.048556352 0.052615037
v -0.0118677 -0.048556352 0.052400799
v -0.0118677 -0.050481 0.052400799
v -0.011690036 -0.050481 0.052615037
v -0.01157071 -0.050481 0.052725511
v -0.0112432 -0.050481 0.052911201
v -0.01122 0.036275251 0.0527597
v -0.011427799 0.036275251 0.052648401
v -0.011427799 0.036278 0.052648401
v -0.01122 0.036278 0.0527597
v -0.0099831003 -0.052090998 0.045018902
v -0.0099831003 -0.052090998 0.052762799
v -0.0099831003 -0.054225001 0.052762799
v -0.0099831003 -0.054225001 0.045018902
v -0.0112432 -0.052090998 0.052911201
v -0.01157071 -0.052090998 0.052725511
v -0.011690036 -0.052090998 0.052615037
v -0.0118677 -0.052090998 0.052400799
v -0.0118677 -0.054225001 0.052400799
v -0.011573906 -0.054225001 0.052722902
v -0.0112432 -0.054225001 0.052911201
v -0.0100087 0.052023849 0.0716045
v -0.0100087 0.052023849 0.071480498
v -0.0100087 0.054225001 0.071480498
v -0.0100087 0.054225001 0.0716045
v -0.0100087 -0.052090998 0.071480498
v -0.0100087 -0.052090998 0.0716045
v -0.0100087 -0.054225001 0.0716045
v -0.0100087 -0.054225001 0.071480498
v 0.0076814002 -0.056725001 0.075618601
v 0.0076814002 -0.054225001 0.075618601
v 0.0089046001 -0.054225001 0.074275398
v 0.0089046001 -0.056725001 0.074275398
v -0.0100994 0.050413852 0.069446001
v -0.0100015 0.050413852 0.069539199
v -0.0100015 0.048489199 0.069539199
v -0.0100994 0.048489199 0.069446001
v 0.0100087 -0.052090998 0.0716045
v 0.012507082 -0.052090998 0.073872852
v 0.012516537 -0.052090998 0.073522558
v 0.012529178 -0.052090998 0.073051796
v 0.0124895 -0.052090998 0.072159901
v 0.0124895 -0.052090998 0.070624099
v 0.013058031 -0.052090998 0.070489669
v 0.013275433 -0.052090998 0.070470557
v 0.013346953 -0.052090998 0.070406981
v 0.0100994 -0.052090998 0.069446001
v 0.0100015 -0.052090998 0.069539199
v 0.0100087 -0.052090998 0.071480498
v 0.0099751002 0.036278 0.052818699
v 0.0099751002 0.034347999 0.052818699
v 0.0099751002 0.034347999 0.069453602
v 0.0099751002 0.036278 0.069453602
v 0.0132595 0.037885251 0.045248799
v 0.013279898 0.037885251 0.045254116
v 0.013056375 0.037885251 0.045347772
v 0.012576048 0.037885251 0.045439129
v 0.012460285 0.037885251 0.045646539
v 0.01248201 0.037885251 0.045966954
v 0.012537 0.037885251 0.046556301
v 0.012537 0.037885251 0.050143399
v 0.012790861 0.037885251 0.050322933
v 0.01314401 0.037885251 0.050328312
v 0.013455532 0.037885251 0.0503441
v 0.013679055 0.037885251 0.050415187
v 0.0136438 0.037885251 0.050439801
v 0.0118677 0.037885251 0.052400799
v 0.011690036 0.037885251 0.052615037
v 0.01157071 0.037885251 0.052725511
v 0.0112432 0.037885251 0.052911201
v 0.010159301 0.037885251 0.052911201
v 0.010109097 0.037885251 0.052899451
v 0.010066663 0.037885251 0.052879429
v 0.010032234 0.037885251 0.052850413
v 0.010004584 0.037885251 0.052811403
v 0.0099831003 0.037885251 0.052762799
v 0.0099831003 0.037885251 0.045018902
v 0.0099753118 0.037885251 0.04459372
v 0.010146 0.037885251 0.0443256
v 0.010159301 -0.052090998 0.052911201
v 0.010108644 -0.052090998 0.052899308
v 0.010065874 -0.052090998 0.052878923
v 0.010031542 -0.052090998 0.052849646
v 0.010004275 -0.052090998 0.052810841
v 0.0099831003 -0.052090998 0.052762799
v 0.0099831003 -0.054225001 0.052762799
v 0.010004209 -0.054225001 0.052810669
v 0.010031909 -0.054225001 0.052850051
v 0.010067147 -0.054225001 0.052879734
v 0.010109925 -0.054225001 0.052899714
v 0.010159301 -0.054225001 0.052911201
v 0.0112432 -0.052090998 0.052911201
v 0.010159301 -0.052090998 0.052911201
v 0.010159301 -0.054225001 0.052911201
v 0.01108749 -0.054225001 0.052911201
v 0.0112432 -0.054225001 0.052911201
v -0.0008783 -0.043446698 0.0180231
v -0.0008783 -0.044986701 0.0180231
v 0.0011228 -0.044986701 0.0180231
v 0.0011228 -0.043446698 0.0180231
v 0.0017134655 -0.044986701 0.018048944
v 0.0017134655 -0.043446698 0.018048944
v 0.001600834 -0.043446698 0.018055419
v 0.0014591068 -0.043446698 0.018031569
v 0.0012983435 -0.043446698 0.01801546
v 0.0011228 -0.043446698 0.0180231
v 0.0011228 -0.044986701 0.0180231
v 0.0012983435 -0.044986701 0.01801546
v 0.0014591068 -0.044986701 0.018031569
v 0.001600834 -0.044986701 0.018055419
v -0.0043928 0.054225001 0.077676001
v -0.0043928 0.056725001 0.077676001
v 0.0050281 0.056725001 0.077676001
v 0.0050281 0.054225001 0.077676001
v 0.011427799 0.018602 0.052648401
v 0.01122 0.018602 0.0527597
v 0.01122 0.018604749 0.0527597
v 0.011427799 0.018604749 0.052648401
v 0.01122 0.0343506 0.0527597
v 0.011427799 0.0343506 0.052648401
v 0.011427799 0.034347999 0.052648401
v 0.01122 0.034347999 0.0527597
v 0.0124895 0.036275251 0.072159901
v 0.0124895 0.037885251 0.072159901
v 0.0124895 0.037885251 0.070624099
v 0.0124895 0.036275251 0.070624099
v 0.0100087 0.036275251 0.071480498
v 0.0100015 0.036275251 0.069539199
v 0.0100015 0.0343506 0.069539199
v 0.0100087 0.0343506 0.071480498
v 0.0100087 0.039809899 0.071480498
v 0.0100015 0.039809899 0.069539199
v 0.0100015 0.037885251 0.069539199
v 0.0100087 0.037885251 0.071480498
v 0.013346953 0.039809899 0.070406981
v 0.0100994 0.039809899 0.069446001
v 0.0100015 0.039809899 0.069539199
v 0.0100087 0.039809899 0.071480498
v 0.0100087 0.039809899 0.0716045
v 0.012507082 0.039809899 0.073872852
v 0.012516537 0.039809899 0.073522558
v 0.012529178 0.039809899 0.073051796
v 0.0124895 0.039809899 0.072159901
v 0.0124895 0.039809899 0.070624099
v 0.013058031 0.039809899 0.070489669
v 0.013275433 0.039809899 0.070470557
v 0.01308709 0.034347999 0.070487943
v 0.013264936 0.034347999 0.070472698
v 0.013346953 0.034347999 0.070406981
v 0.013346953 0.0327406 0.070406981
v 0.013275433 0.0327406 0.070470557
v 0.013058031 0.0327406 0.070489669
v 0.0124895 0.0327406 0.070624099
v 0.0124895 0.0343506 0.070624099
v 0.012689248 0.0343506 0.070548701
v 0.01289251 0.0343506 0.070505438
v 0.01308709 0.0343506 0.070487943
v 0.0100936 0.018602 0.069606099
v 0.01308709 0.018602 0.070487943
v 0.01308709 0.018604749 0.070487943
v 0.0100936 0.018604749 0.069606099
v 0.014615349 0.018604749 0.070644507
v 0.014615349 0.01667475 0.070644507
v 0.0144551 0.01667475 0.0704321
v 0.0144551 0.018604749 0.0704321
v 0.009996503 0.0343506 0.052795639
v 0.009996503 0.036275251 0.052795639
v 0.0099831003 0.036275251 0.052762799
v 0.0099831003 0.0343506 0.052762799
v 0.0100936 -0.034417751 0.069606099
v 0.01308709 -0.034417751 0.070487943
v 0.01308709 -0.034414999 0.070487943
v 0.0100936 -0.034414999 0.069606099
v 0.014615349 -0.034414999 0.070644507
v 0.014615349 -0.036345 0.070644507
v 0.0144551 -0.036345 0.0704321
v 0.0144551 -0.034414999 0.0704321
v 0.0100936 -0.036342399 0.069606099
v 0.010024558 -0.036342399 0.06951725
v 0.010024558 -0.034417751 0.06951725
v 0.0100936 -0.034417751 0.069606099
v 0.0100936 -0.034414999 0.069606099
v 0.0099751002 -0.034414999 0.069453602
v 0.0099751002 -0.036345 0.069453602
v 0.0100936 -0.036345 0.069606099
v 0.010146 -0.037952399 0.0443256
v 0.0132595 -0.037952399 0.045248799
v 0.0132595 -0.03987705 0.045248799
v 0.010146 -0.03987705 0.0443256
v 0.012537 -0.037952399 0.050143399
v 0.012537 -0.036342399 0.050143399
v 0.012537 -0.036342399 0.046556301
v 0.012537 -0.037952399 0.046556301
v 0.0101869 -0.036342399 0.0527597
v 0.01122 -0.036342399 0.0527597
v 0.01122 -0.036345 0.0527597
v 0.0101869 -0.036345 0.0527597
v 0.0099751002 -0.034414999 0.052818699
v 0.0099751002 -0.036345 0.052818699
v 0.0099751002 -0.036345 0.069453602
v 0.0099751002 -0.034414999 0.069453602
v 0.0100087 0.050413852 0.0716045
v 0.0100087 0.050413852 0.071480498
v 0.0100087 0.048489199 0.071480498
v 0.0100087 0.048489199 0.0716045
v 0.0124895 0.050413852 0.072159901
v 0.0124895 0.052023849 0.072159901
v 0.0124895 0.052023849 0.070624099
v 0.0124895 0.050413852 0.070624099
v 0.0112432 -0.048556352 0.052911201
v 0.010159301 -0.048556352 0.052911201
v 0.010159301 -0.050481 0.052911201
v 0.0112432 -0.050481 0.052911201
v 0.0132595 0.048489199 0.045248799
v 0.013279898 0.048489199 0.045254116
v 0.013056375 0.048489199 0.045347772
v 0.012576048 0.048489199 0.045439129
v 0.012460285 0.048489199 0.045646539
v 0.01248201 0.048489199 0.045966954
v 0.012537 0.048489199 0.046556301
v 0.012537 0.048489199 0.050143399
v 0.012790861 0.048489199 0.050322933
v 0.01314401 0.048489199 0.050328312
v 0.013455532 0.048489199 0.0503441
v 0.013679055 0.048489199 0.050415187
v 0.0136438 0.048489199 0.050439801
v 0.0118677 0.048489199 0.052400799
v 0.011690036 0.048489199 0.052615037
v 0.01157071 0.048489199 0.052725511
v 0.0112432 0.048489199 0.052911201
v 0.010159301 0.048489199 0.052911201
v 0.010109097 0.048489199 0.052899451
v 0.010066663 0.048489199 0.052879429
v 0.010032234 0.048489199 0.052850413
v 0.010004584 0.048489199 0.052811403
v 0.0099831003 0.048489199 0.052762799
v 0.0099831003 0.048489199 0.045018902
v 0.0099753118 0.048489199 0.04459372
v 0.010146 0.048489199 0.0443256
v 0.0099831003 0.0327406 0.045018902
v 0.0099759024 0.0327406 0.04459084
v 0.010146 0.0327406 0.0443256
v 0.010146 0.030815949 0.0443256
v 0.0099753118 0.030815949 0.04459372
v 0.0099831003 0.030815949 0.045018902
v 0.012537 0.0327406 0.050143399
v 0.012537 0.0343506 0.050143399
v 0.012537 0.0343506 0.046556301
v 0.012537 0.0327406 0.046556301
v 0.0136438 0.0327406 0.050439801
v 0.0118677 0.0327406 0.052400799
v 0.0118677 0.030815949 0.052400799
v 0.0136438 0.030815949 0.050439801
v 0.0136438 0.050413852 0.050439801
v 0.0118677 0.050413852 0.052400799
v 0.0118677 0.048489199 0.052400799
v 0.0136438 0.048489199 0.050439801
v -0.013279898 -0.052090998 0.045254116
v -0.013279898 -0.050481 0.045254116
v -0.013056375 -0.050481 0.045347772
v -0.012576048 -0.050481 0.045439129
v -0.012460285 -0.050481 0.045646539
v -0.01248201 -0.050481 0.045966954
v -0.012537 -0.050481 0.046556301
v -0.012537 -0.052090998 0.046556301
v -0.01248201 -0.052090998 0.045966954
v -0.012460285 -0.052090998 0.045646539
v -0.012576048 -0.052090998 0.045439129
v -0.013056375 -0.052090998 0.045347772
v -0.0099831003 0.052023849 0.052762799
v -0.0099831003 0.052023849 0.045018902
v -0.0099831003 0.054225001 0.045018902
v -0.0099831003 0.054225001 0.052762799
v -0.0099831003 0.050413852 0.052762799
v -0.010004275 0.050413852 0.052810841
v -0.010031542 0.050413852 0.052849646
v -0.010065874 0.050413852 0.052878923
v -0.010108644 0.050413852 0.052899308
v -0.010159301 0.050413852 0.052911201
v -0.010159301 0.048489199 0.052911201
v -0.010109097 0.048489199 0.052899451
v -0.010066663 0.048489199 0.052879429
v -0.010032234 0.048489199 0.052850413
v -0.010004584 0.048489199 0.052811403
v -0.0099831003 0.048489199 0.052762799
v -0.0017099179 -0.0045655501 0.018018194
v -0.0017099179 -0.0061055499 0.018018194
v -0.0015623884 -0.0061055499 0.018085564
v -0.0013489805 -0.0061055499 0.018055273
v -0.0008783 -0.0061055499 0.0180231
v -0.0008783 -0.0045655501 0.0180231
v -0.0013489805 -0.0045655501 0.018055273
v -0.0015623884 -0.0045655501 0.018085564
v 0.00016759999 -0.0045655501 0.0196112
v -0.00040560942 -0.0045655501 0.019570636
v -0.00078882322 -0.0045655501 0.019425513
v -0.0012416627 -0.0045655501 0.019078451
v -0.0015484141 -0.0045655501 0.018635591
v -0.0017099179 -0.0045655501 0.018018194
v -0.0015623884 -0.0045655501 0.018085564
v -0.0013489805 -0.0045655501 0.018055273
v -0.0008783 -0.0045655501 0.0180231
v 0.0011228 -0.0045655501 0.0180231
v 0.0012983435 -0.0045655501 0.01801546
v 0.0014591068 -0.0045655501 0.018031569
v 0.001600834 -0.0045655501 0.018055419
v 0.0017134655 -0.0045655501 0.018048944
v 0.0014943719 -0.0045655501 0.018742309
v 0.0010458807 -0.0045655501 0.019259725
v 0.0006170452 -0.0045655501 0.019503553
v -0.0008783 -0.0010309 0.0180231
v -0.0008783 -0.0025709 0.0180231
v 0.0011228 -0.0025709 0.0180231
v 0.0011228 -0.0010309 0.0180231
v -0.0017099179 -0.0010309 0.018018194
v -0.0017099179 -0.0025709 0.018018194
v -0.0015623884 -0.0025709 0.018085564
v -0.0013489805 -0.0025709 0.018055273
v -0.0008783 -0.0025709 0.0180231
v -0.0008783 -0.0010309 0.0180231
v -0.0013489805 -0.0010309 0.018055273
v -0.0015623884 -0.0010309 0.018085564
v -0.0008783 -0.0045655501 0.0180231
v -0.0008783 -0.0061055499 0.0180231
v 0.0011228 -0.0061055499 0.0180231
v 0.0011228 -0.0045655501 0.0180231
v 0.0017134655 -0.0061055499 0.018048944
v 0.0017134655 -0.0045655501 0.018048944
v 0.001600834 -0.0045655501 0.018055419
v 0.0014591068 -0.0045655501 0.018031569
v 0.0012983435 -0.0045655501 0.01801546
v 0.0011228 -0.0045655501 0.0180231
v 0.0011228 -0.0061055499 0.0180231
v 0.0012983435 -0.0061055499 0.01801546
v 0.0014591068 -0.0061055499 0.018031569
v 0.001600834 -0.0061055499 0.018055419
v -0.0017099179 -0.0025709 0.018018194
v -0.0015780129 -0.0025709 0.018567621
v -0.0012623653 -0.0025709 0.019056196
v -0.00067759603 -0.0025709 0.019479625
v -0.00033694662 -0.0025709 0.019585383
v 0.00016759999 -0.0025709 0.0196112
v 0.00087720916 -0.0025709 0.019374551
v 0.0011393947 -0.0025709 0.019183298
v 0.0014213887 -0.0025709 0.018862392
v 0.001617243 -0.0025709 0.018463665
v 0.0017134655 -0.0025709 0.018048944
v 0.001600834 -0.0025709 0.018055419
v 0.0014591068 -0.0025709 0.018031569
v 0.0012983435 -0.0025709 0.01801546
v 0.0011228 -0.0025709 0.0180231
v -0.0008783 -0.0025709 0.0180231
v -0.0013489805 -0.0025709 0.018055273
v -0.0015623884 -0.0025709 0.018085564
v -0.0017099179 -0.0061055499 0.018018194
v -0.0015780129 -0.0061055499 0.018567621
v -0.0012623653 -0.0061055499 0.019056196
v -0.00067759603 -0.0061055499 0.019479625
v -0.00033694662 -0.0061055499 0.019585383
v 0.00016759999 -0.0061055499 0.0196112
v 0.00087720916 -0.0061055499 0.019374551
v 0.0011393947 -0.0061055499 0.019183298
v 0.0014213887 -0.0061055499 0.018862392
v 0.001617243 -0.0061055499 0.018463665
v 0.0017134655 -0.0061055499 0.018048944
v 0.001600834 -0.0061055499 0.018055419
v 0.0014591068 -0.0061055499 0.018031569
v 0.0012983435 -0.0061055499 0.01801546
v 0.0011228 -0.0061055499 0.0180231
v -0.0008783 -0.0061055499 0.0180231
v -0.0013489805 -0.0061055499 0.018055273
v -0.0015623884 -0.0061055499 0.018085564
v 0.0017134655 -0.0025709 0.018048944
v 0.0017134655 -0.0010309 0.018048944
v 0.001600834 -0.0010309 0.018055419
v 0.0014591068 -0.0010309 0.018031569
v 0.0012983435 -0.0010309 0.01801546
v 0.0011228 -0.0010309 0.0180231
v 0.0011228 -0.0025709 0.0180231
v 0.0012983435 -0.0025709 0.01801546
v 0.0014591068 -0.0025709 0.018031569
v 0.001600834 -0.0025709 0.018055419
v 0.00016759999 -0.0010309 0.0196112
v -0.00040560942 -0.0010309 0.019570636
v -0.00078882322 -0.0010309 0.019425513
v -0.0012416627 -0.0010309 0.019078451
v -0.0015484141 -0.0010309 0.018635591
v -0.0017099179 -0.0010309 0.018018194
v -0.0015623884 -0.0010309 0.018085564
v -0.0013489805 -0.0010309 0.018055273
v -0.0008783 -0.0010309 0.0180231
v 0.0011228 -0.0010309 0.0180231
v 0.0012983435 -0.0010309 0.01801546
v 0.0014591068 -0.0010309 0.018031569
v 0.001600834 -0.0010309 0.018055419
v 0.0017134655 -0.0010309 0.018048944
v 0.0014943719 -0.0010309 0.018742309
v 0.0010458807 -0.0010309 0.019259725
v 0.0006170452 -0.0010309 0.019503553
v -0.0017099179 -0.0081002003 0.018018194
v -0.0017099179 -0.0096402001 0.018018194
v -0.0015623884 -0.0096402001 0.018085564
v -0.0013489805 -0.0096402001 0.018055273
v -0.0008783 -0.0096402001 0.0180231
v -0.0008783 -0.0081002003 0.0180231
v -0.0013489805 -0.0081002003 0.018055273
v -0.0015623884 -0.0081002003 0.018085564
v 0.00016759999 -0.0081002003 0.0196112
v -0.00040560942 -0.0081002003 0.019570636
v -0.00078882322 -0.0081002003 0.019425513
v -0.0012416627 -0.0081002003 0.019078451
v -0.0015484141 -0.0081002003 0.018635591
v -0.0017099179 -0.0081002003 0.018018194
v -0.0015623884 -0.0081002003 0.018085564
v -0.0013489805 -0.0081002003 0.018055273
v -0.0008783 -0.0081002003 0.0180231
v 0.0011228 -0.0081002003 0.0180231
v 0.0012983435 -0.0081002003 0.01801546
v 0.0014591068 -0.0081002003 0.018031569
v 0.001600834 -0.0081002003 0.018055419
v 0.0017134655 -0.0081002003 0.018048944
v 0.0014943719 -0.0081002003 0.018742309
v 0.0010458807 -0.0081002003 0.019259725
v 0.0006170452 -0.0081002003 0.019503553
v -0.0008783 0.00250375 0.0180231
v -0.0008783 0.00096375003 0.0180231
v 0.0011228 0.00096375003 0.0180231
v 0.0011228 0.00250375 0.0180231
v -0.0017099179 0.00250375 0.018018194
v -0.0017099179 0.00096375003 0.018018194
v -0.0015623884 0.00096375003 0.018085564
v -0.0013489805 0.00096375003 0.018055273
v -0.0008783 0.00096375003 0.0180231
v -0.0008783 0.00250375 0.0180231
v -0.0013489805 0.00250375 0.018055273
v -0.0015623884 0.00250375 0.018085564
v -0.0008783 -0.0081002003 0.0180231
v -0.0008783 -0.0096402001 0.0180231
v 0.0011228 -0.0096402001 0.0180231
v 0.0011228 -0.0081002003 0.0180231
v 0.0017134655 -0.0096402001 0.018048944
v 0.0017134655 -0.0081002003 0.018048944
v 0.001600834 -0.0081002003 0.018055419
v 0.0014591068 -0.0081002003 0.018031569
v 0.0012983435 -0.0081002003 0.01801546
v 0.0011228 -0.0081002003 0.0180231
v 0.0011228 -0.0096402001 0.0180231
v 0.0012983435 -0.0096402001 0.01801546
v 0.0014591068 -0.0096402001 0.018031569
v 0.001600834 -0.0096402001 0.018055419
v -0.0017099179 0.00096375003 0.018018194
v -0.0015780129 0.00096375003 0.018567621
v -0.0012623653 0.00096375003 0.019056196
v -0.00067759603 0.00096375003 0.019479625
v -0.00033694662 0.00096375003 0.019585383
v 0.00016759999 0.00096375003 0.0196112
v 0.00087720916 0.00096375003 0.019374551
v 0.0011393947 0.00096375003 0.019183298
v 0.0014213887 0.00096375003 0.018862392
v 0.001617243 0.00096375003 0.018463665
v 0.0017134655 0.00096375003 0.018048944
v 0.001600834 0.00096375003 0.018055419
v 0.0014591068 0.00096375003 0.018031569
v 0.0012983435 0.00096375003 0.01801546
v 0.0011228 0.00096375003 0.0180231
v -0.0008783 0.00096375003 0.0180231
v -0.0013489805 0.00096375003 0.018055273
v -0.0015623884 0.00096375003 0.018085564
v -0.0017099179 -0.0096402001 0.018018194
v -0.0015780129 -0.0096402001 0.018567621
v -0.0012623653 -0.0096402001 0.019056196
v -0.00067759603 -0.0096402001 0.019479625
v -0.00033694662 -0.0096402001 0.019585383
v 0.00016759999 -0.0096402001 0.0196112
v 0.00087720916 -0.0096402001 0.019374551
v 0.0011393947 -0.0096402001 0.019183298
v 0.0014213887 -0.0096402001 0.018862392
v 0.001617243 -0.0096402001 0.018463665
v 0.0017134655 -0.0096402001 0.018048944
v 0.001600834 -0.0096402001 0.018055419
v 0.0014591068 -0.0096402001 0.018031569
v 0.0012983435 -0.0096402001 0.01801546
v 0.0011228 -0.0096402001 0.0180231
v -0.0008783 -0.0096402001 0.0180231
v -0.0013489805 -0.0096402001 0.018055273
v -0.0015623884 -0.0096402001 0.018085564
v 0.0017134655 0.00096375003 0.018048944
v 0.0017134655 0.00250375 0.018048944
v 0.001600834 0.00250375 0.018055419
v 0.0014591068 0.00250375 0.018031569
v 0.0012983435 0.00250375 0.01801546
v 0.0011228 0.00250375 0.0180231
v 0.0011228 0.00096375003 0.0180231
v 0.0012983435 0.00096375003 0.01801546
v 0.0014591068 0.00096375003 0.018031569
v 0.001600834 0.00096375003 0.018055419
v 0.00016759999 0.00250375 0.0196112
v -0.00040560942 0.00250375 0.019570636
v -0.00078882322 0.00250375 0.019425513
v -0.0012416627 0.00250375 0.019078451
v -0.0015484141 0.00250375 0.018635591
v -0.0017099179 0.00250375 0.018018194
v -0.0015623884 0.00250375 0.018085564
v -0.0013489805 0.00250375 0.018055273
v -0.0008783 0.00250375 0.0180231
v 0.0011228 0.00250375 0.0180231
v 0.0012983435 0.00250375 0.01801546
v 0.0014591068 0.00250375 0.018031569
v 0.001600834 0.00250375 0.018055419
v 0.0017134655 0.00250375 0.018048944
v 0.0014943719 0.00250375 0.018742309
v 0.0010458807 0.00250375 0.019259725
v 0.0006170452 0.00250375 0.019503553
v -0.0017099179 -0.011634851 0.018018194
v -0.0017099179 -0.01317485 0.018018194
v -0.0015623884 -0.01317485 0.018085564
v -0.0013489805 -0.01317485 0.018055273
v -0.0008783 -0.01317485 0.0180231
v -0.0008783 -0.011634851 0.0180231
v -0.0013489805 -0.011634851 0.018055273
v -0.0015623884 -0.011634851 0.018085564
v 0.00016759999 -0.011634851 0.0196112
v -0.00040560942 -0.011634851 0.019570636
v -0.00078882322 -0.011634851 0.019425513
v -0.0012416627 -0.011634851 0.019078451
v -0.0015484141 -0.011634851 0.018635591
v -0.0017099179 -0.011634851 0.018018194
v -0.0015623884 -0.011634851 0.018085564
v -0.0013489805 -0.011634851 0.018055273
v -0.0008783 -0.011634851 0.0180231
v 0.0011228 -0.011634851 0.0180231
v 0.0012983435 -0.011634851 0.01801546
v 0.0014591068 -0.011634851 0.018031569
v 0.001600834 -0.011634851 0.018055419
v 0.0017134655 -0.011634851 0.018048944
v 0.0014943719 -0.011634851 0.018742309
v 0.0010458807 -0.011634851 0.019259725
v 0.0006170452 -0.011634851 0.019503553
v -0.0008783 0.0060383999 0.0180231
v -0.0008783 0.0044984001 0.0180231
v 0.0011228 0.0044984001 0.0180231
v 0.0011228 0.0060383999 0.0180231
v -0.0017099179 0.0060383999 0.018018194
v -0.0017099179 0.0044984001 0.018018194
v -0.0015623884 0.0044984001 0.018085564
v -0.0013489805 0.0044984001 0.018055273
v -0.0008783 0.0044984001 0.0180231
v -0.0008783 0.0060383999 0.0180231
v -0.0013489805 0.0060383999 0.018055273
v -0.0015623884 0.0060383999 0.018085564
v -0.0008783 -0.011634851 0.0180231
v -0.0008783 -0.01317485 0.0180231
v 0.0011228 -0.01317485 0.0180231
v 0.0011228 -0.011634851 0.0180231
v 0.0017134655 -0.01317485 0.018048944
v 0.0017134655 -0.011634851 0.018048944
v 0.001600834 -0.011634851 0.018055419
v 0.0014591068 -0.011634851 0.018031569
v 0.0012983435 -0.011634851 0.01801546
v 0.0011228 -0.011634851 0.0180231
v 0.0011228 -0.01317485 0.0180231
v 0.0012983435 -0.01317485 0.01801546
v 0.0014591068 -0.01317485 0.018031569
v 0.001600834 -0.01317485 0.018055419
v -0.0017099179 0.0044984001 0.018018194
v -0.0015780129 0.0044984001 0.018567621
v -0.0012623653 0.0044984001 0.019056196
v -0.00067759603 0.0044984001 0.019479625
v -0.00033694662 0.0044984001 0.019585383
v 0.00016759999 0.0044984001 0.0196112
v 0.00087720916 0.0044984001 0.019374551
v 0.0011393947 0.0044984001 0.019183298
v 0.0014213887 0.0044984001 0.018862392
v 0.001617243 0.0044984001 0.018463665
v 0.0017134655 0.0044984001 0.018048944
v 0.001600834 0.0044984001 0.018055419
v 0.0014591068 0.0044984001 0.018031569
v 0.0012983435 0.0044984001 0.01801546
v 0.0011228 0.0044984001 0.0180231
v -0.0008783 0.0044984001 0.0180231
v -0.0013489805 0.0044984001 0.018055273
v -0.0015623884 0.0044984001 0.018085564
v -0.0017099179 -0.01317485 0.018018194
v -0.0015780129 -0.01317485 0.018567621
v -0.0012623653 -0.01317485 0.019056196
v -0.00067759603 -0.01317485 0.019479625
v -0.00033694662 -0.01317485 0.019585383
v 0.00016759999 -0.01317485 0.0196112
v 0.00087720916 -0.01317485 0.019374551
v 0.0011393947 -0.01317485 0.019183298
v 0.0014213887 -0.01317485 0.018862392
v 0.001617243 -0.01317485 0.018463665
v 0.0017134655 -0.01317485 0.018048944
v 0.001600834 -0.01317485 0.018055419
v 0.0014591068 -0.01317485 0.018031569
v 0.0012983435 -0.01317485 0.01801546
v 0.0011228 -0.01317485 0.0180231
v -0.0008783 -0.01317485 0.0180231
v -0.0013489805 -0.01317485 0.018055273
v -0.0015623884 -0.01317485 0.018085564
v 0.0017134655 0.0044984001 0.018048944
v 0.0017134655 0.0060383999 0.018048944
v 0.001600834 0.0060383999 0.018055419
v 0.0014591068 0.0060383999 0.018031569
v 0.0012983435 0.0060383999 0.01801546
v 0.0011228 0.0060383999 0.0180231
v 0.0011228 0.0044984001 0.0180231
v 0.0012983435 0.0044984001 0.01801546
v 0.0014591068 0.0044984001 0.018031569
v 0.001600834 0.0044984001 0.018055419
v 0.00016759999 0.0060383999 0.0196112
v -0.00040560942 0.0060383999 0.019570636
v -0.00078882322 0.0060383999 0.019425513
v -0.0012416627 0.0060383999 0.019078451
v -0.0015484141 0.0060383999 0.018635591
v -0.0017099179 0.0060383999 0.018018194
v -0.0015623884 0.0060383999 0.018085564
v -0.0013489805 0.0060383999 0.018055273
v -0.0008783 0.0060383999 0.0180231
v 0.0011228 0.0060383999 0.0180231
v 0.0012983435 0.0060383999 0.01801546
v 0.0014591068 0.0060383999 0.018031569
v 0.001600834 0.0060383999 0.018055419
v 0.0017134655 0.0060383999 0.018048944
v 0.0014943719 0.0060383999 0.018742309
v 0.0010458807 0.0060383999 0.019259725
v 0.0006170452 0.0060383999 0.019503553
v -0.0017099179 -0.0151695 0.018018194
v -0.0017099179 -0.016709501 0.018018194
v -0.0015623884 -0.016709501 0.018085564
v -0.0013489805 -0.016709501 0.018055273
v -0.0008783 -0.016709501 0.0180231
v -0.0008783 -0.0151695 0.0180231
v -0.0013489805 -0.0151695 0.018055273
v -0.0015623884 -0.0151695 0.018085564
v 0.00016759999 -0.0151695 0.0196112
v -0.00040560942 -0.0151695 0.019570636
v -0.00078882322 -0.0151695 0.019425513
v -0.0012416627 -0.0151695 0.019078451
v -0.0015484141 -0.0151695 0.018635591
v -0.0017099179 -0.0151695 0.018018194
v -0.0015623884 -0.0151695 0.018085564
v -0.0013489805 -0.0151695 0.018055273
v -0.0008783 -0.0151695 0.0180231
v 0.0011228 -0.0151695 0.0180231
v 0.0012983435 -0.0151695 0.01801546
v 0.0014591068 -0.0151695 0.018031569
v 0.001600834 -0.0151695 0.018055419
v 0.0017134655 -0.0151695 0.018048944
v 0.0014943719 -0.0151695 0.018742309
v 0.0010458807 -0.0151695 0.019259725
v 0.0006170452 -0.0151695 0.019503553
v -0.0008783 0.0095730501 0.0180231
v -0.0008783 0.0080330497 0.0180231
v 0.0011228 0.0080330497 0.0180231
v 0.0011228 0.0095730501 0.0180231
v -0.0017099179 0.0095730501 0.018018194
v -0.0017099179 0.0080330497 0.018018194
v -0.0015623884 0.0080330497 0.018085564
v -0.0013489805 0.0080330497 0.018055273
v -0.0008783 0.0080330497 0.0180231
v -0.0008783 0.0095730501 0.0180231
v -0.0013489805 0.0095730501 0.018055273
v -0.0015623884 0.0095730501 0.018085564
v -0.0008783 -0.0151695 0.0180231
v -0.0008783 -0.016709501 0.0180231
v 0.0011228 -0.016709501 0.0180231
v 0.0011228 -0.0151695 0.0180231
v 0.0017134655 -0.016709501 0.018048944
v 0.0017134655 -0.0151695 0.018048944
v 0.001600834 -0.0151695 0.018055419
v 0.0014591068 -0.0151695 0.018031569
v 0.0012983435 -0.0151695 0.01801546
v 0.0011228 -0.0151695 0.0180231
v 0.0011228 -0.016709501 0.0180231
v 0.0012983435 -0.016709501 0.01801546
v 0.0014591068 -0.016709501 0.018031569
v 0.001600834 -0.016709501 0.018055419
v -0.0017099179 0.0080330497 0.018018194
v -0.0015780129 0.0080330497 0.018567621
v -0.0012623653 0.0080330497 0.019056196
v -0.00067759603 0.0080330497 0.019479625
v -0.00033694662 0.0080330497 0.019585383
v 0.00016759999 0.0080330497 0.0196112
v 0.00087720916 0.0080330497 0.019374551
v 0.0011393947 0.0080330497 0.019183298
v 0.0014213887 0.0080330497 0.018862392
v 0.001617243 0.0080330497 0.018463665
v 0.0017134655 0.0080330497 0.018048944
v 0.001600834 0.0080330497 0.018055419
v 0.0014591068 0.0080330497 0.018031569
v 0.0012983435 0.0080330497 0.01801546
v 0.0011228 0.0080330497 0.0180231
v -0.0008783 0.0080330497 0.0180231
v -0.0013489805 0.0080330497 0.018055273
v -0.0015623884 0.0080330497 0.018085564
v -0.0017099179 -0.016709501 0.018018194
v -0.0015780129 -0.016709501 0.018567621
v -0.0012623653 -0.016709501 0.019056196
v -0.00067759603 -0.016709501 0.019479625
v -0.00033694662 -0.016709501 0.019585383
v 0.00016759999 -0.016709501 0.0196112
v 0.00087720916 -0.016709501 0.019374551
v 0.0011393947 -0.016709501 0.019183298
v 0.0014213887 -0.016709501 0.018862392
v 0.001617243 -0.016709501 0.018463665
v 0.0017134655 -0.016709501 0.018048944
v 0.001600834 -0.016709501 0.018055419
v 0.0014591068 -0.016709501 0.018031569
v 0.0012983435 -0.016709501 0.01801546
v 0.0011228 -0.016709501 0.0180231
v -0.0008783 -0.016709501 0.0180231
v -0.0013489805 -0.016709501 0.018055273
v -0.0015623884 -0.016709501 0.018085564
v 0.0017134655 0.0080330497 0.018048944
v 0.0017134655 0.0095730501 0.018048944
v 0.001600834 0.0095730501 0.018055419
v 0.0014591068 0.0095730501 0.018031569
v 0.0012983435 0.0095730501 0.01801546
v 0.0011228 0.0095730501 0.0180231
v 0.0011228 0.0080330497 0.0180231
v 0.0012983435 0.0080330497 0.01801546
v 0.0014591068 0.0080330497 0.018031569
v 0.001600834 0.0080330497 0.018055419
v 0.00016759999 0.0095730501 0.0196112
v -0.00040560942 0.0095730501 0.019570636
v -0.00078882322 0.0095730501 0.019425513
v -0.0012416627 0.0095730501 0.019078451
v -0.0015484141 0.0095730501 0.018635591
v -0.0017099179 0.0095730501 0.018018194
v -0.0015623884 0.0095730501 0.018085564
v -0.0013489805 0.0095730501 0.018055273
v -0.0008783 0.0095730501 0.0180231
v 0.0011228 0.0095730501 0.0180231
v 0.0012983435 0.0095730501 0.01801546
v 0.0014591068 0.0095730501 0.018031569
v 0.001600834 0.0095730501 0.018055419
v 0.0017134655 0.0095730501 0.018048944
v 0.0014943719 0.0095730501 0.018742309
v 0.0010458807 0.0095730501 0.019259725
v 0.0006170452 0.0095730501 0.019503553
v -0.0017099179 -0.01870415 0.018018194
v -0.0017099179 -0.02024415 0.018018194
v -0.0015623884 -0.02024415 0.018085564
v -0.0013489805 -0.02024415 0.018055273
v -0.0008783 -0.02024415 0.0180231
v -0.0008783 -0.01870415 0.0180231
v -0.0013489805 -0.01870415 0.018055273
v -0.0015623884 -0.01870415 0.018085564
v 0.00016759999 -0.01870415 0.0196112
v -0.00040560942 -0.01870415 0.019570636
v -0.00078882322 -0.01870415 0.019425513
v -0.0012416627 -0.01870415 0.019078451
v -0.0015484141 -0.01870415 0.018635591
v -0.0017099179 -0.01870415 0.018018194
v -0.0015623884 -0.01870415 0.018085564
v -0.0013489805 -0.01870415 0.018055273
v -0.0008783 -0.01870415 0.0180231
v 0.0011228 -0.01870415 0.0180231
v 0.0012983435 -0.01870415 0.01801546
v 0.0014591068 -0.01870415 0.018031569
v 0.001600834 -0.01870415 0.018055419
v 0.0017134655 -0.01870415 0.018048944
v 0.0014943719 -0.01870415 0.018742309
v 0.0010458807 -0.01870415 0.019259725
v 0.0006170452 -0.01870415 0.019503553
v -0.0008783 0.0131077 0.0180231
v -0.0008783 0.0115677 0.0180231
v 0.0011228 0.0115677 0.0180231
v 0.0011228 0.0131077 0.0180231
v -0.0017099179 0.0131077 0.018018194
v -0.0017099179 0.0115677 0.018018194
v -0.0015623884 0.0115677 0.018085564
v -0.0013489805 0.0115677 0.018055273
v -0.0008783 0.0115677 0.0180231
v -0.0008783 0.0131077 0.0180231
v -0.0013489805 0.0131077 0.018055273
v -0.0015623884 0.0131077 0.018085564
v -0.0008783 -0.01870415 0.0180231
v -0.0008783 -0.02024415 0.0180231
v 0.0011228 -0.02024415 0.0180231
v 0.0011228 -0.01870415 0.0180231
v 0.0017134655 -0.02024415 0.018048944
v 0.0017134655 -0.01870415 0.018048944
v 0.001600834 -0.01870415 0.018055419
v 0.0014591068 -0.01870415 0.018031569
v 0.0012983435 -0.01870415 0.01801546
v 0.0011228 -0.01870415 0.0180231
v 0.0011228 -0.02024415 0.0180231
v 0.0012983435 -0.02024415 0.01801546
v 0.0014591068 -0.02024415 0.018031569
v 0.001600834 -0.02024415 0.018055419
v -0.0017099179 0.0115677 0.018018194
v -0.0015780129 0.0115677 0.018567621
v -0.0012623653 0.0115677 0.019056196
v -0.00067759603 0.0115677 0.019479625
v -0.00033694662 0.0115677 0.019585383
v 0.00016759999 0.0115677 0.0196112
v 0.00087720916 0.0115677 0.019374551
v 0.0011393947 0.0115677 0.019183298
v 0.0014213887 0.0115677 0.018862392
v 0.001617243 0.0115677 0.018463665
v 0.0017134655 0.0115677 0.018048944
v 0.001600834 0.0115677 0.018055419
v 0.0014591068 0.0115677 0.018031569
v 0.0012983435 0.0115677 0.01801546
v 0.0011228 0.0115677 0.0180231
v -0.0008783 0.0115677 0.0180231
v -0.0013489805 0.0115677 0.018055273
v -0.0015623884 0.0115677 0.018085564
v -0.0017099179 -0.02024415 0.018018194
v -0.0015780129 -0.02024415 0.018567621
v -0.0012623653 -0.02024415 0.019056196
v -0.00067759603 -0.02024415 0.019479625
v -0.00033694662 -0.02024415 0.019585383
v 0.00016759999 -0.02024415 0.0196112
v 0.00087720916 -0.02024415 0.019374551
v 0.0011393947 -0.02024415 0.019183298
v 0.0014213887 -0.02024415 0.018862392
v 0.001617243 -0.02024415 0.018463665
v 0.0017134655 -0.02024415 0.018048944
v 0.001600834 -0.02024415 0.018055419
v 0.0014591068 -0.02024415 0.018031569
v 0.0012983435 -0.02024415 0.01801546
v 0.0011228 -0.02024415 0.0180231
v -0.0008783 -0.02024415 0.0180231
v -0.0013489805 -0.02024415 0.018055273
v -0.0015623884 -0.02024415 0.018085564
v 0.0017134655 0.0115677 0.018048944
v 0.0017134655 0.0131077 0.018048944
v 0.001600834 0.0131077 0.018055419
v 0.0014591068 0.0131077 0.018031569
v 0.0012983435 0.0131077 0.01801546
v 0.0011228 0.0131077 0.0180231
v 0.0011228 0.0115677 0.0180231
v 0.0012983435 0.0115677 0.01801546
v 0.0014591068 0.0115677 0.018031569
v 0.001600834 0.0115677 0.018055419
v 0.00016759999 0.0131077 0.0196112
v -0.00040560942 0.0131077 0.019570636
v -0.00078882322 0.0131077 0.019425513
v -0.0012416627 0.0131077 0.019078451
v -0.0015484141 0.0131077 0.018635591
v -0.0017099179 0.0131077 0.018018194
v -0.0015623884 0.0131077 0.018085564
v -0.0013489805 0.0131077 0.018055273
v -0.0008783 0.0131077 0.0180231
v 0.0011228 0.0131077 0.0180231
v 0.0012983435 0.0131077 0.01801546
v 0.0014591068 0.0131077 0.018031569
v 0.001600834 0.0131077 0.018055419
v 0.0017134655 0.0131077 0.018048944
v 0.0014943719 0.0131077 0.018742309
v 0.0010458807 0.0131077 0.019259725
v 0.0006170452 0.0131077 0.019503553
v -0.0099831003 -0.0096752 0.045018902
v -0.0099831003 -0.0096752 0.052762799
v -0.0099831003 -0.011599849 0.052762799
v -0.0099831003 -0.011599849 0.045018902
v -0.0017099179 -0.022238801 0.018018194
v -0.0017099179 -0.023778801 0.018018194
v -0.0015623884 -0.023778801 0.018085564
v -0.0013489805 -0.023778801 0.018055273
v -0.0008783 -0.023778801 0.0180231
v -0.0008783 -0.022238801 0.0180231
v -0.0013489805 -0.022238801 0.018055273
v -0.0015623884 -0.022238801 0.018085564
v 0.00016759999 -0.022238801 0.0196112
v -0.00040560942 -0.022238801 0.019570636
v -0.00078882322 -0.022238801 0.019425513
v -0.0012416627 -0.022238801 0.019078451
v -0.0015484141 -0.022238801 0.018635591
v -0.0017099179 -0.022238801 0.018018194
v -0.0015623884 -0.022238801 0.018085564
v -0.0013489805 -0.022238801 0.018055273
v -0.0008783 -0.022238801 0.0180231
v 0.0011228 -0.022238801 0.0180231
v 0.0012983435 -0.022238801 0.01801546
v 0.0014591068 -0.022238801 0.018031569
v 0.001600834 -0.022238801 0.018055419
v 0.0017134655 -0.022238801 0.018048944
v 0.0014943719 -0.022238801 0.018742309
v 0.0010458807 -0.022238801 0.019259725
v 0.0006170452 -0.022238801 0.019503553
v -0.0008783 0.01664235 0.0180231
v -0.0008783 0.01510235 0.0180231
v 0.0011228 0.01510235 0.0180231
v 0.0011228 0.01664235 0.0180231
v -0.0017099179 0.01664235 0.018018194
v -0.0017099179 0.01510235 0.018018194
v -0.0015623884 0.01510235 0.018085564
v -0.0013489805 0.01510235 0.018055273
v -0.0008783 0.01510235 0.0180231
v -0.0008783 0.01664235 0.0180231
v -0.0013489805 0.01664235 0.018055273
v -0.0015623884 0.01664235 0.018085564
v -0.010146 -0.0096752 0.0443256
v -0.0099759024 -0.0096752 0.04459084
v -0.0099831003 -0.0096752 0.045018902
v -0.0099831003 -0.011599849 0.045018902
v -0.0099753118 -0.011599849 0.04459372
v -0.010146 -0.011599849 0.0443256
v -0.0099831003 -0.0096752 0.052762799
v -0.010004275 -0.0096752 0.052810841
v -0.010031542 -0.0096752 0.052849646
v -0.010065874 -0.0096752 0.052878923
v -0.010108644 -0.0096752 0.052899308
v -0.010159301 -0.0096752 0.052911201
v -0.010159301 -0.011599849 0.052911201
v -0.010109097 -0.011599849 0.052899451
v -0.010066663 -0.011599849 0.052879429
v -0.010032234 -0.011599849 0.052850413
v -0.010004584 -0.011599849 0.052811403
v -0.0099831003 -0.011599849 0.052762799
v -0.0008783 -0.022238801 0.0180231
v -0.0008783 -0.023778801 0.0180231
v 0.0011228 -0.023778801 0.0180231
v 0.0011228 -0.022238801 0.0180231
v 0.0017134655 -0.023778801 0.018048944
v 0.0017134655 -0.022238801 0.018048944
v 0.001600834 -0.022238801 0.018055419
v 0.0014591068 -0.022238801 0.018031569
v 0.0012983435 -0.022238801 0.01801546
v 0.0011228 -0.022238801 0.0180231
v 0.0011228 -0.023778801 0.0180231
v 0.0012983435 -0.023778801 0.01801546
v 0.0014591068 -0.023778801 0.018031569
v 0.001600834 -0.023778801 0.018055419
v -0.0112432 -0.0061405498 0.052911201
v -0.01157071 -0.0061405498 0.052725511
v -0.011690036 -0.0061405498 0.052615037
v -0.0118677 -0.0061405498 0.052400799
v -0.0118677 -0.0080651999 0.052400799
v -0.011690036 -0.0080651999 0.052615037
v -0.01157071 -0.0080651999 0.052725511
v -0.0112432 -0.0080651999 0.052911201
v -0.0017099179 0.01510235 0.018018194
v -0.0015780129 0.01510235 0.018567621
v -0.0012623653 0.01510235 0.019056196
v -0.00067759603 0.01510235 0.019479625
v -0.00033694662 0.01510235 0.019585383
v 0.00016759999 0.01510235 0.0196112
v 0.00087720916 0.01510235 0.019374551
v 0.0011393947 0.01510235 0.019183298
v 0.0014213887 0.01510235 0.018862392
v 0.001617243 0.01510235 0.018463665
v 0.0017134655 0.01510235 0.018048944
v 0.001600834 0.01510235 0.018055419
v 0.0014591068 0.01510235 0.018031569
v 0.0012983435 0.01510235 0.01801546
v 0.0011228 0.01510235 0.0180231
v -0.0008783 0.01510235 0.0180231
v -0.0013489805 0.01510235 0.018055273
v -0.0015623884 0.01510235 0.018085564
v -0.0132595 -0.0096752 0.045248799
v -0.010146 -0.0096752 0.0443256
v -0.010146 -0.011599849 0.0443256
v -0.0132595 -0.011599849 0.045248799
v -0.010159301 -0.0096752 0.052911201
v -0.0112432 -0.0096752 0.052911201
v -0.0112432 -0.011599849 0.052911201
v -0.010159301 -0.011599849 0.052911201
v -0.0017099179 -0.023778801 0.018018194
v -0.0015780129 -0.023778801 0.018567621
v -0.0012623653 -0.023778801 0.019056196
v -0.00067759603 -0.023778801 0.019479625
v -0.00033694662 -0.023778801 0.019585383
v 0.00016759999 -0.023778801 0.0196112
v 0.00087720916 -0.023778801 0.019374551
v 0.0011393947 -0.023778801 0.019183298
v 0.0014213887 -0.023778801 0.018862392
v 0.001617243 -0.023778801 0.018463665
v 0.0017134655 -0.023778801 0.018048944
v 0.001600834 -0.023778801 0.018055419
v 0.0014591068 -0.023778801 0.018031569
v 0.0012983435 -0.023778801 0.01801546
v 0.0011228 -0.023778801 0.0180231
v -0.0008783 -0.023778801 0.0180231
v -0.0013489805 -0.023778801 0.018055273
v -0.0015623884 -0.023778801 0.018085564
v -0.010159301 -0.0061405498 0.052911201
v -0.0112432 -0.0061405498 0.052911201
v -0.0112432 -0.0080651999 0.052911201
v -0.010159301 -0.0080651999 0.052911201
v -0.013279898 -0.0096752 0.045254116
v -0.013279898 -0.0080651999 0.045254116
v -0.013056375 -0.0080651999 0.045347772
v -0.012576048 -0.0080651999 0.045439129
v -0.012460285 -0.0080651999 0.045646539
v -0.01248201 -0.0080651999 0.045966954
v -0.012537 -0.0080651999 0.046556301
v -0.012537 -0.0096752 0.046556301
v -0.01248201 -0.0096752 0.045966954
v -0.012460285 -0.0096752 0.045646539
v -0.012576048 -0.0096752 0.045439129
v -0.013056375 -0.0096752 0.045347772
v -0.013279898 -0.0080651999 0.045254116
v -0.0132595 -0.0080651999 0.045248799
v -0.010146 -0.0080651999 0.0443256
v -0.0099753118 -0.0080651999 0.04459372
v -0.0099831003 -0.0080651999 0.045018902
v -0.0099831003 -0.0080651999 0.052762799
v -0.010004584 -0.0080651999 0.052811403
v -0.010032234 -0.0080651999 0.052850413
v -0.010066663 -0.0080651999 0.052879429
v -0.010109097 -0.0080651999 0.052899451
v -0.010159301 -0.0080651999 0.052911201
v -0.0112432 -0.0080651999 0.052911201
v -0.01157071 -0.0080651999 0.052725511
v -0.011690036 -0.0080651999 0.052615037
v -0.0118677 -0.0080651999 0.052400799
v -0.0136438 -0.0080651999 0.050439801
v -0.013679055 -0.0080651999 0.050415187
v -0.013455532 -0.0080651999 0.0503441
v -0.01314401 -0.0080651999 0.050328312
v -0.012790861 -0.0080651999 0.050322933
v -0.012537 -0.0080651999 0.050143399
v -0.012537 -0.0080651999 0.046556301
v -0.01248201 -0.0080651999 0.045966954
v -0.012460285 -0.0080651999 0.045646539
v -0.012576048 -0.0080651999 0.045439129
v -0.013056375 -0.0080651999 0.045347772
v 0.0017134655 0.01510235 0.018048944
v 0.0017134655 0.01664235 0.018048944
v 0.001600834 0.01664235 0.018055419
v 0.0014591068 0.01664235 0.018031569
v 0.0012983435 0.01664235 0.01801546
v 0.0011228 0.01664235 0.0180231
v 0.0011228 0.01510235 0.0180231
v 0.0012983435 0.01510235 0.01801546
v 0.0014591068 0.01510235 0.018031569
v 0.001600834 0.01510235 0.018055419
v -0.0112432 -0.0096752 0.052911201
v -0.01157071 -0.0096752 0.052725511
v -0.011690036 -0.0096752 0.052615037
v -0.0118677 -0.0096752 0.052400799
v -0.0118677 -0.011599849 0.052400799
v -0.011690036 -0.011599849 0.052615037
v -0.01157071 -0.011599849 0.052725511
v -0.0112432 -0.011599849 0.052911201
v -0.012537 -0.0080651999 0.050143399
v -0.012537 -0.0096752 0.050143399
v -0.012537 -0.0096752 0.046556301
v -0.012537 -0.0080651999 0.046556301
v -0.013679055 -0.0080651999 0.050415187
v -0.013679055 -0.0096752 0.050415187
v -0.013455532 -0.0096752 0.0503441
v -0.01314401 -0.0096752 0.050328312
v -0.012790861 -0.0096752 0.050322933
v -0.012537 -0.0096752 0.050143399
v -0.012537 -0.0080651999 0.050143399
v -0.012790861 -0.0080651999 0.050322933
v -0.01314401 -0.0080651999 0.050328312
v -0.013455532 -0.0080651999 0.0503441
v -0.0124895 -0.0080651999 0.072159901
v -0.0124895 -0.0096752 0.072159901
v -0.0124895 -0.0096752 0.070624099
v -0.0124895 -0.0080651999 0.070624099
v -0.010159301 0.0079980499 0.052911201
v -0.0112432 0.0079980499 0.052911201
v -0.0112432 0.0060733998 0.052911201
v -0.010159301 0.0060733998 0.052911201
v -0.0099831003 -0.0061405498 0.052762799
v -0.010004275 -0.0061405498 0.052810841
v -0.010031542 -0.0061405498 0.052849646
v -0.010065874 -0.0061405498 0.052878923
v -0.010108644 -0.0061405498 0.052899308
v -0.010159301 -0.0061405498 0.052911201
v -0.010159301 -0.0080651999 0.052911201
v -0.010109097 -0.0080651999 0.052899451
v -0.010066663 -0.0080651999 0.052879429
v -0.010032234 -0.0080651999 0.052850413
v -0.010004584 -0.0080651999 0.052811403
v -0.0099831003 -0.0080651999 0.052762799
v -0.0118677 -0.0061405498 0.052400799
v -0.0136438 -0.0061405498 0.050439801
v -0.0136438 -0.0080651999 0.050439801
v -0.0118677 -0.0080651999 0.052400799
v -0.0112432 0.0079980499 0.052911201
v -0.01157071 0.0079980499 0.052725511
v -0.011690036 0.0079980499 0.052615037
v -0.0118677 0.0079980499 0.052400799
v -0.0118677 0.0060733998 0.052400799
v -0.011690036 0.0060733998 0.052615037
v -0.01157071 0.0060733998 0.052725511
v -0.0112432 0.0060733998 0.052911201
v 0.00016759999 0.01664235 0.0196112
v -0.00040560942 0.01664235 0.019570636
v -0.00078882322 0.01664235 0.019425513
v -0.0012416627 0.01664235 0.019078451
v -0.0015484141 0.01664235 0.018635591
v -0.0017099179 0.01664235 0.018018194
v -0.0015623884 0.01664235 0.018085564
v -0.0013489805 0.01664235 0.018055273
v -0.0008783 0.01664235 0.0180231
v 0.0011228 0.01664235 0.0180231
v 0.0012983435 0.01664235 0.01801546
v 0.0014591068 0.01664235 0.018031569
v 0.001600834 0.01664235 0.018055419
v 0.0017134655 0.01664235 0.018048944
v 0.0014943719 0.01664235 0.018742309
v 0.0010458807 0.01664235 0.019259725
v 0.0006170452 0.01664235 0.019503553
v -0.0099831003 -0.01320985 0.045018902
v -0.0099831003 -0.01320985 0.052762799
v -0.0099831003 -0.0151345 0.052762799
v -0.0099831003 -0.0151345 0.045018902
v -0.013279898 -0.01320985 0.045254116
v -0.013279898 -0.011599849 0.045254116
v -0.013056375 -0.011599849 0.045347772
v -0.012576048 -0.011599849 0.045439129
v -0.012460285 -0.011599849 0.045646539
v -0.01248201 -0.011599849 0.045966954
v -0.012537 -0.011599849 0.046556301
v -0.012537 -0.01320985 0.046556301
v -0.01248201 -0.01320985 0.045966954
v -0.012460285 -0.01320985 0.045646539
v -0.012576048 -0.01320985 0.045439129
v -0.013056375 -0.01320985 0.045347772
v -0.0132595 -0.0096752 0.045248799
v -0.013279898 -0.0096752 0.045254116
v -0.013056375 -0.0096752 0.045347772
v -0.012576048 -0.0096752 0.045439129
v -0.012460285 -0.0096752 0.045646539
v -0.01248201 -0.0096752 0.045966954
v -0.012537 -0.0096752 0.046556301
v -0.012537 -0.0096752 0.050143399
v -0.012790861 -0.0096752 0.050322933
v -0.01314401 -0.0096752 0.050328312
v -0.013455532 -0.0096752 0.0503441
v -0.013679055 -0.0096752 0.050415187
v -0.0136438 -0.0096752 0.050439801
v -0.0118677 -0.0096752 0.052400799
v -0.011690036 -0.0096752 0.052615037
v -0.01157071 -0.0096752 0.052725511
v -0.0112432 -0.0096752 0.052911201
v -0.010159301 -0.0096752 0.052911201
v -0.010108644 -0.0096752 0.052899308
v -0.010065874 -0.0096752 0.052878923
v -0.010031542 -0.0096752 0.052849646
v -0.010004275 -0.0096752 0.052810841
v -0.0099831003 -0.0096752 0.052762799
v -0.0099831003 -0.0096752 0.045018902
v -0.0099759024 -0.0096752 0.04459084
v -0.010146 -0.0096752 0.0443256
v -0.0100087 -0.0096752 0.071480498
v -0.0100087 -0.0096752 0.0716045
v -0.0100087 -0.011599849 0.0716045
v -0.0100087 -0.011599849 0.071480498
v -0.012507082 -0.0080651999 0.073872852
v -0.012507082 -0.0096752 0.073872852
v -0.012516537 -0.0096752 0.073522558
v -0.012529178 -0.0096752 0.073051796
v -0.0124895 -0.0096752 0.072159901
v -0.0124895 -0.0080651999 0.072159901
v -0.012529178 -0.0080651999 0.073051796
v -0.012516537 -0.0080651999 0.073522558
v -0.0017099179 -0.025773449 0.018018194
v -0.0017099179 -0.027313449 0.018018194
v -0.0015623884 -0.027313449 0.018085564
v -0.0013489805 -0.027313449 0.018055273
v -0.0008783 -0.027313449 0.0180231
v -0.0008783 -0.025773449 0.0180231
v -0.0013489805 -0.025773449 0.018055273
v -0.0015623884 -0.025773449 0.018085564
v 0.00016759999 -0.025773449 0.0196112
v -0.00040560942 -0.025773449 0.019570636
v -0.00078882322 -0.025773449 0.019425513
v -0.0012416627 -0.025773449 0.019078451
v -0.0015484141 -0.025773449 0.018635591
v -0.0017099179 -0.025773449 0.018018194
v -0.0015623884 -0.025773449 0.018085564
v -0.0013489805 -0.025773449 0.018055273
v -0.0008783 -0.025773449 0.0180231
v 0.0011228 -0.025773449 0.0180231
v 0.0012983435 -0.025773449 0.01801546
v 0.0014591068 -0.025773449 0.018031569
v 0.001600834 -0.025773449 0.018055419
v 0.0017134655 -0.025773449 0.018048944
v 0.0014943719 -0.025773449 0.018742309
v 0.0010458807 -0.025773449 0.019259725
v 0.0006170452 -0.025773449 0.019503553
v -0.0099831003 0.0079980499 0.052762799
v -0.010004275 0.0079980499 0.052810841
v -0.010031542 0.0079980499 0.052849646
v -0.010065874 0.0079980499 0.052878923
v -0.010108644 0.0079980499 0.052899308
v -0.010159301 0.0079980499 0.052911201
v -0.010159301 0.0060733998 0.052911201
v -0.010109097 0.0060733998 0.052899451
v -0.010066663 0.0060733998 0.052879429
v -0.010032234 0.0060733998 0.052850413
v -0.010004584 0.0060733998 0.052811403
v -0.0099831003 0.0060733998 0.052762799
v -0.0099831003 -0.0061405498 0.045018902
v -0.0099831003 -0.0061405498 0.052762799
v -0.0099831003 -0.0080651999 0.052762799
v -0.0099831003 -0.0080651999 0.045018902
v -0.0099831003 0.0044633999 0.045018902
v -0.0099831003 0.0044633999 0.052762799
v -0.0099831003 0.0025387499 0.052762799
v -0.0099831003 0.0025387499 0.045018902
v -0.013279898 0.0044633999 0.045254116
v -0.013279898 0.0060733998 0.045254116
v -0.013056375 0.0060733998 0.045347772
v -0.012576048 0.0060733998 0.045439129
v -0.012460285 0.0060733998 0.045646539
v -0.01248201 0.0060733998 0.045966954
v -0.012537 0.0060733998 0.046556301
v -0.012537 0.0044633999 0.046556301
v -0.01248201 0.0044633999 0.045966954
v -0.012460285 0.0044633999 0.045646539
v -0.012576048 0.0044633999 0.045439129
v -0.013056375 0.0044633999 0.045347772
v -0.0008783 0.020177 0.0180231
v -0.0008783 0.018637 0.0180231
v 0.0011228 0.018637 0.0180231
v 0.0011228 0.020177 0.0180231
v -0.0017099179 0.020177 0.018018194
v -0.0017099179 0.018637 0.018018194
v -0.0015623884 0.018637 0.018085564
v -0.0013489805 0.018637 0.018055273
v -0.0008783 0.018637 0.0180231
v -0.0008783 0.020177 0.0180231
v -0.0013489805 0.020177 0.018055273
v -0.0015623884 0.020177 0.018085564
v -0.010146 -0.01320985 0.0443256
v -0.0099759024 -0.01320985 0.04459084
v -0.0099831003 -0.01320985 0.045018902
v -0.0099831003 -0.0151345 0.045018902
v -0.0099753118 -0.0151345 0.04459372
v -0.010146 -0.0151345 0.0443256
v -0.0099831003 -0.01320985 0.052762799
v -0.010004275 -0.01320985 0.052810841
v -0.010031542 -0.01320985 0.052849646
v -0.010065874 -0.01320985 0.052878923
v -0.010108644 -0.01320985 0.052899308
v -0.010159301 -0.01320985 0.052911201
v -0.010159301 -0.0151345 0.052911201
v -0.010109097 -0.0151345 0.052899451
v -0.010066663 -0.0151345 0.052879429
v -0.010032234 -0.0151345 0.052850413
v -0.010004584 -0.0151345 0.052811403
v -0.0099831003 -0.0151345 0.052762799
v -0.0118677 -0.0096752 0.052400799
v -0.0136438 -0.0096752 0.050439801
v -0.0136438 -0.011599849 0.050439801
v -0.0118677 -0.011599849 0.052400799
v -0.0100015 -0.0096752 0.069539199
v -0.0100087 -0.0096752 0.071480498
v -0.0100087 -0.011599849 0.071480498
v -0.0100015 -0.011599849 0.069539199
v -0.0100994 -0.0096752 0.069446001
v -0.013346953 -0.0096752 0.070406981
v -0.013275433 -0.0096752 0.070470557
v -0.013058031 -0.0096752 0.070489669
v -0.0124895 -0.0096752 0.070624099
v -0.0124895 -0.0096752 0.072159901
v -0.012529178 -0.0096752 0.073051796
v -0.012516537 -0.0096752 0.073522558
v -0.012507082 -0.0096752 0.073872852
v -0.0100087 -0.0096752 0.0716045
v -0.0100087 -0.0096752 0.071480498
v -0.0100015 -0.0096752 0.069539199
v -0.013346953 -0.0096752 0.070406981
v -0.013346953 -0.0080651999 0.070406981
v -0.013275433 -0.0080651999 0.070470557
v -0.013058031 -0.0080651999 0.070489669
v -0.0124895 -0.0080651999 0.070624099
v -0.0124895 -0.0096752 0.070624099
v -0.013058031 -0.0096752 0.070489669
v -0.013275433 -0.0096752 0.070470557
v -0.013346953 -0.0080651999 0.070406981
v -0.0100994 -0.0080651999 0.069446001
v -0.0100015 -0.0080651999 0.069539199
v -0.0100087 -0.0080651999 0.071480498
v -0.0100087 -0.0080651999 0.0716045
v -0.012507082 -0.0080651999 0.073872852
v -0.012516537 -0.0080651999 0.073522558
v -0.012529178 -0.0080651999 0.073051796
v -0.0124895 -0.0080651999 0.072159901
v -0.0124895 -0.0080651999 0.070624099
v -0.013058031 -0.0080651999 0.070489669
v -0.013275433 -0.0080651999 0.070470557
v -0.0008783 -0.025773449 0.0180231
v -0.0008783 -0.027313449 0.0180231
v 0.0011228 -0.027313449 0.0180231
v 0.0011228 -0.025773449 0.0180231
v 0.0017134655 -0.027313449 0.018048944
v 0.0017134655 -0.025773449 0.018048944
v 0.001600834 -0.025773449 0.018055419
v 0.0014591068 -0.025773449 0.018031569
v 0.0012983435 -0.025773449 0.01801546
v 0.0011228 -0.025773449 0.0180231
v 0.0011228 -0.027313449 0.0180231
v 0.0012983435 -0.027313449 0.01801546
v 0.0014591068 -0.027313449 0.018031569
v 0.001600834 -0.027313449 0.018055419
v 0.0099831003 -0.0096752 0.052762799
v 0.0099831003 -0.0096752 0.045018902
v 0.0099831003 -0.011599849 0.045018902
v 0.0099831003 -0.011599849 0.052762799
v 0.010159301 -0.0096752 0.052911201
v 0.010108644 -0.0096752 0.052899308
v 0.010065874 -0.0096752 0.052878923
v 0.010031542 -0.0096752 0.052849646
v 0.010004275 -0.0096752 0.052810841
v 0.0099831003 -0.0096752 0.052762799
v 0.0099831003 -0.011599849 0.052762799
v 0.010004584 -0.011599849 0.052811403
v 0.010032234 -0.011599849 0.052850413
v 0.010066663 -0.011599849 0.052879429
v 0.010109097 -0.011599849 0.052899451
v 0.010159301 -0.011599849 0.052911201
v -0.0099831003 0.0079980499 0.045018902
v -0.0099831003 0.0079980499 0.052762799
v -0.0099831003 0.0060733998 0.052762799
v -0.0099831003 0.0060733998 0.045018902
v -0.012537 0.00960805 0.050143399
v -0.012537 0.0079980499 0.050143399
v -0.012537 0.0079980499 0.046556301
v -0.012537 0.00960805 0.046556301
v -0.010146 -0.0061405498 0.0443256
v -0.0099759024 -0.0061405498 0.04459084
v -0.0099831003 -0.0061405498 0.045018902
v -0.0099831003 -0.0080651999 0.045018902
v -0.0099753118 -0.0080651999 0.04459372
v -0.010146 -0.0080651999 0.0443256
v -0.012537 -0.0045305499 0.050143399
v -0.012537 -0.0061405498 0.050143399
v -0.012537 -0.0061405498 0.046556301
v -0.012537 -0.0045305499 0.046556301
v -0.013679055 0.00960805 0.050415187
v -0.013679055 0.0079980499 0.050415187
v -0.013455532 0.0079980499 0.0503441
v -0.01314401 0.0079980499 0.050328312
v -0.012790861 0.0079980499 0.050322933
v -0.012537 0.0079980499 0.050143399
v -0.012537 0.00960805 0.050143399
v -0.012790861 0.00960805 0.050322933
v -0.01314401 0.00960805 0.050328312
v -0.013455532 0.00960805 0.0503441
v -0.0124895 0.00960805 0.072159901
v -0.0124895 0.0079980499 0.072159901
v -0.0124895 0.0079980499 0.070624099
v -0.0124895 0.00960805 0.070624099
v -0.013679055 -0.0045305499 0.050415187
v -0.013679055 -0.0061405498 0.050415187
v -0.013455532 -0.0061405498 0.0503441
v -0.01314401 -0.0061405498 0.050328312
v -0.012790861 -0.0061405498 0.050322933
v -0.012537 -0.0061405498 0.050143399
v -0.012537 -0.0045305499 0.050143399
v -0.012790861 -0.0045305499 0.050322933
v -0.01314401 -0.0045305499 0.050328312
v -0.013455532 -0.0045305499 0.0503441
v -0.010146 0.0044633999 0.0443256
v -0.0099759024 0.0044633999 0.04459084
v -0.0099831003 0.0044633999 0.045018902
v -0.0099831003 0.0025387499 0.045018902
v -0.0099753118 0.0025387499 0.04459372
v -0.010146 0.0025387499 0.0443256
v -0.0099831003 0.0044633999 0.052762799
v -0.010004275 0.0044633999 0.052810841
v -0.010031542 0.0044633999 0.052849646
v -0.010065874 0.0044633999 0.052878923
v -0.010108644 0.0044633999 0.052899308
v -0.010159301 0.0044633999 0.052911201
v -0.010159301 0.0025387499 0.052911201
v -0.010109097 0.0025387499 0.052899451
v -0.010066663 0.0025387499 0.052879429
v -0.010032234 0.0025387499 0.052850413
v -0.010004584 0.0025387499 0.052811403
v -0.0099831003 0.0025387499 0.052762799
v -0.0118677 0.0079980499 0.052400799
v -0.0136438 0.0079980499 0.050439801
v -0.0136438 0.0060733998 0.050439801
v -0.0118677 0.0060733998 0.052400799
v -0.0017099179 0.018637 0.018018194
v -0.0015780129 0.018637 0.018567621
v -0.0012623653 0.018637 0.019056196
v -0.00067759603 0.018637 0.019479625
v -0.00033694662 0.018637 0.019585383
v 0.00016759999 0.018637 0.0196112
v 0.00087720916 0.018637 0.019374551
v 0.0011393947 0.018637 0.019183298
v 0.0014213887 0.018637 0.018862392
v 0.001617243 0.018637 0.018463665
v 0.0017134655 0.018637 0.018048944
v 0.001600834 0.018637 0.018055419
v 0.0014591068 0.018637 0.018031569
v 0.0012983435 0.018637 0.01801546
v 0.0011228 0.018637 0.0180231
v -0.0008783 0.018637 0.0180231
v -0.0013489805 0.018637 0.018055273
v -0.0015623884 0.018637 0.018085564
v -0.0099831003 -0.023813801 0.045018902
v -0.0099831003 -0.023813801 0.052762799
v -0.0099831003 -0.025738449 0.052762799
v -0.0099831003 -0.025738449 0.045018902
v -0.0132595 -0.01320985 0.045248799
v -0.010146 -0.01320985 0.0443256
v -0.010146 -0.0151345 0.0443256
v -0.0132595 -0.0151345 0.045248799
v -0.010159301 -0.01320985 0.052911201
v -0.0112432 -0.01320985 0.052911201
v -0.0112432 -0.0151345 0.052911201
v -0.010159301 -0.0151345 0.052911201
v -0.013279898 -0.011599849 0.045254116
v -0.0132595 -0.011599849 0.045248799
v -0.010146 -0.011599849 0.0443256
v -0.0099753118 -0.011599849 0.04459372
v -0.0099831003 -0.011599849 0.045018902
v -0.0099831003 -0.011599849 0.052762799
v -0.010004584 -0.011599849 0.052811403
v -0.010032234 -0.011599849 0.052850413
v -0.010066663 -0.011599849 0.052879429
v -0.010109097 -0.011599849 0.052899451
v -0.010159301 -0.011599849 0.052911201
v -0.0112432 -0.011599849 0.052911201
v -0.01157071 -0.011599849 0.052725511
v -0.011690036 -0.011599849 0.052615037
v -0.0118677 -0.011599849 0.052400799
v -0.0136438 -0.011599849 0.050439801
v -0.013679055 -0.011599849 0.050415187
v -0.013455532 -0.011599849 0.0503441
v -0.01314401 -0.011599849 0.050328312
v -0.012790861 -0.011599849 0.050322933
v -0.012537 -0.011599849 0.050143399
v -0.012537 -0.011599849 0.046556301
v -0.01248201 -0.011599849 0.045966954
v -0.012460285 -0.011599849 0.045646539
v -0.012576048 -0.011599849 0.045439129
v -0.013056375 -0.011599849 0.045347772
v -0.0100994 -0.0096752 0.069446001
v -0.0100015 -0.0096752 0.069539199
v -0.0100015 -0.011599849 0.069539199
v -0.0100994 -0.011599849 0.069446001
v -0.0100087 -0.0061405498 0.071480498
v -0.0100087 -0.0061405498 0.0716045
v -0.0100087 -0.0080651999 0.0716045
v -0.0100087 -0.0080651999 0.071480498
v -0.0124895 -0.0045305499 0.072159901
v -0.0124895 -0.0061405498 0.072159901
v -0.0124895 -0.0061405498 0.070624099
v -0.0124895 -0.0045305499 0.070624099
v -0.012507082 -0.0045305499 0.073872852
v -0.012507082 -0.0061405498 0.073872852
v -0.012516537 -0.0061405498 0.073522558
v -0.012529178 -0.0061405498 0.073051796
v -0.0124895 -0.0061405498 0.072159901
v -0.0124895 -0.0045305499 0.072159901
v -0.012529178 -0.0045305499 0.073051796
v -0.012516537 -0.0045305499 0.073522558
v -0.0017099179 -0.027313449 0.018018194
v -0.0015780129 -0.027313449 0.018567621
v -0.0012623653 -0.027313449 0.019056196
v -0.00067759603 -0.027313449 0.019479625
v -0.00033694662 -0.027313449 0.019585383
v 0.00016759999 -0.027313449 0.0196112
v 0.00087720916 -0.027313449 0.019374551
v 0.0011393947 -0.027313449 0.019183298
v 0.0014213887 -0.027313449 0.018862392
v 0.001617243 -0.027313449 0.018463665
v 0.0017134655 -0.027313449 0.018048944
v 0.001600834 -0.027313449 0.018055419
v 0.0014591068 -0.027313449 0.018031569
v 0.0012983435 -0.027313449 0.01801546
v 0.0011228 -0.027313449 0.0180231
v -0.0008783 -0.027313449 0.0180231
v -0.0013489805 -0.027313449 0.018055273
v -0.0015623884 -0.027313449 0.018085564
v 0.0099831003 -0.0096752 0.045018902
v 0.0099759024 -0.0096752 0.04459084
v 0.010146 -0.0096752 0.0443256
v 0.010146 -0.011599849 0.0443256
v 0.0099753118 -0.011599849 0.04459372
v 0.0099831003 -0.011599849 0.045018902
v 0.0112432 -0.0096752 0.052911201
v 0.010159301 -0.0096752 0.052911201
v 0.010159301 -0.011599849 0.052911201
v 0.0112432 -0.011599849 0.052911201
v -0.0099831003 -0.023813801 0.052762799
v -0.010004275 -0.023813801 0.052810841
v -0.010031542 -0.023813801 0.052849646
v -0.010065874 -0.023813801 0.052878923
v -0.010108644 -0.023813801 0.052899308
v -0.010159301 -0.023813801 0.052911201
v -0.010159301 -0.025738449 0.052911201
v -0.010109097 -0.025738449 0.052899451
v -0.010066663 -0.025738449 0.052879429
v -0.010032234 -0.025738449 0.052850413
v -0.010004584 -0.025738449 0.052811403
v -0.0099831003 -0.025738449 0.052762799
v -0.010146 0.0079980499 0.0443256
v -0.0099759024 0.0079980499 0.04459084
v -0.0099831003 0.0079980499 0.045018902
v -0.0099831003 0.0060733998 0.045018902
v -0.0099753118 0.0060733998 0.04459372
v -0.010146 0.0060733998 0.0443256
v -0.0132595 0.0079980499 0.045248799
v -0.013279898 0.0079980499 0.045254116
v -0.013056375 0.0079980499 0.045347772
v -0.012576048 0.0079980499 0.045439129
v -0.012460285 0.0079980499 0.045646539
v -0.01248201 0.0079980499 0.045966954
v -0.012537 0.0079980499 0.046556301
v -0.012537 0.0079980499 0.050143399
v -0.012790861 0.0079980499 0.050322933
v -0.01314401 0.0079980499 0.050328312
v -0.013455532 0.0079980499 0.0503441
v -0.013679055 0.0079980499 0.050415187
v -0.0136438 0.0079980499 0.050439801
v -0.0118677 0.0079980499 0.052400799
v -0.011690036 0.0079980499 0.052615037
v -0.01157071 0.0079980499 0.052725511
v -0.0112432 0.0079980499 0.052911201
v -0.010159301 0.0079980499 0.052911201
v -0.010108644 0.0079980499 0.052899308
v -0.010065874 0.0079980499 0.052878923
v -0.010031542 0.0079980499 0.052849646
v -0.010004275 0.0079980499 0.052810841
v -0.0099831003 0.0079980499 0.052762799
v -0.0099831003 0.0079980499 0.045018902
v -0.0099759024 0.0079980499 0.04459084
v -0.010146 0.0079980499 0.0443256
v -0.0132595 -0.0061405498 0.045248799
v -0.010146 -0.0061405498 0.0443256
v -0.010146 -0.0080651999 0.0443256
v -0.0132595 -0.0080651999 0.045248799
v -0.0132595 -0.0061405498 0.045248799
v -0.013279898 -0.0061405498 0.045254116
v -0.013056375 -0.0061405498 0.045347772
v -0.012576048 -0.0061405498 0.045439129
v -0.012460285 -0.0061405498 0.045646539
v -0.01248201 -0.0061405498 0.045966954
v -0.012537 -0.0061405498 0.046556301
v -0.012537 -0.0061405498 0.050143399
v -0.012790861 -0.0061405498 0.050322933
v -0.01314401 -0.0061405498 0.050328312
v -0.013455532 -0.0061405498 0.0503441
v -0.013679055 -0.0061405498 0.050415187
v -0.0136438 -0.0061405498 0.050439801
v -0.0118677 -0.0061405498 0.052400799
v -0.011690036 -0.0061405498 0.052615037
v -0.01157071 -0.0061405498 0.052725511
v -0.0112432 -0.0061405498 0.052911201
v -0.010159301 -0.0061405498 0.052911201
v -0.010108644 -0.0061405498 0.052899308
v -0.010065874 -0.0061405498 0.052878923
v -0.010031542 -0.0061405498 0.052849646
v -0.010004275 -0.0061405498 0.052810841
v -0.0099831003 -0.0061405498 0.052762799
v -0.0099831003 -0.0061405498 0.045018902
v -0.0099759024 -0.0061405498 0.04459084
v -0.010146 -0.0061405498 0.0443256
v -0.0100087 0.0079980499 0.071480498
v -0.0100087 0.0079980499 0.0716045
v -0.0100087 0.0060733998 0.0716045
v -0.0100087 0.0060733998 0.071480498
v -0.012507082 0.00960805 0.073872852
v -0.012507082 0.0079980499 0.073872852
v -0.012516537 0.0079980499 0.073522558
v -0.012529178 0.0079980499 0.073051796
v -0.0124895 0.0079980499 0.072159901
v -0.0124895 0.00960805 0.072159901
v -0.012529178 0.00960805 0.073051796
v -0.012516537 0.00960805 0.073522558
v -0.0132595 0.0044633999 0.045248799
v -0.010146 0.0044633999 0.0443256
v -0.010146 0.0025387499 0.0443256
v -0.0132595 0.0025387499 0.045248799
v -0.010159301 0.0044633999 0.052911201
v -0.0112432 0.0044633999 0.052911201
v -0.0112432 0.0025387499 0.052911201
v -0.010159301 0.0025387499 0.052911201
v -0.013279898 0.0060733998 0.045254116
v -0.0132595 0.0060733998 0.045248799
v -0.010146 0.0060733998 0.0443256
v -0.0099753118 0.0060733998 0.04459372
v -0.0099831003 0.0060733998 0.045018902
v -0.0099831003 0.0060733998 0.052762799
v -0.010004584 0.0060733998 0.052811403
v -0.010032234 0.0060733998 0.052850413
v -0.010066663 0.0060733998 0.052879429
v -0.010109097 0.0060733998 0.052899451
v -0.010159301 0.0060733998 0.052911201
v -0.0112432 0.0060733998 0.052911201
v -0.01157071 0.0060733998 0.052725511
v -0.011690036 0.0060733998 0.052615037
v -0.0118677 0.0060733998 0.052400799
v -0.0136438 0.0060733998 0.050439801
v -0.013679055 0.0060733998 0.050415187
v -0.013455532 0.0060733998 0.0503441
v -0.01314401 0.0060733998 0.050328312
v -0.012790861 0.0060733998 0.050322933
v -0.012537 0.0060733998 0.050143399
v -0.012537 0.0060733998 0.046556301
v -0.01248201 0.0060733998 0.045966954
v -0.012460285 0.0060733998 0.045646539
v -0.012576048 0.0060733998 0.045439129
v -0.013056375 0.0060733998 0.045347772
v 0.0017134655 0.018637 0.018048944
v 0.0017134655 0.020177 0.018048944
v 0.001600834 0.020177 0.018055419
v 0.0014591068 0.020177 0.018031569
v 0.0012983435 0.020177 0.01801546
v 0.0011228 0.020177 0.0180231
v 0.0011228 0.018637 0.0180231
v 0.0012983435 0.018637 0.01801546
v 0.0014591068 0.018637 0.018031569
v 0.001600834 0.018637 0.018055419
v -0.0124895 -0.025738449 0.072159901
v -0.0124895 -0.027348449 0.072159901
v -0.0124895 -0.027348449 0.070624099
v -0.0124895 -0.025738449 0.070624099
v -0.010159301 -0.02027915 0.052911201
v -0.0112432 -0.02027915 0.052911201
v -0.0112432 -0.022203801 0.052911201
v -0.010159301 -0.022203801 0.052911201
v -0.010146 -0.023813801 0.0443256
v -0.0099759024 -0.023813801 0.04459084
v -0.0099831003 -0.023813801 0.045018902
v -0.0099831003 -0.025738449 0.045018902
v -0.0099753118 -0.025738449 0.04459372
v -0.010146 -0.025738449 0.0443256
v -0.0112432 -0.01320985 0.052911201
v -0.01157071 -0.01320985 0.052725511
v -0.011690036 -0.01320985 0.052615037
v -0.0118677 -0.01320985 0.052400799
v -0.0118677 -0.0151345 0.052400799
v -0.011690036 -0.0151345 0.052615037
v -0.01157071 -0.0151345 0.052725511
v -0.0112432 -0.0151345 0.052911201
v -0.012537 -0.011599849 0.050143399
v -0.012537 -0.01320985 0.050143399
v -0.012537 -0.01320985 0.046556301
v -0.012537 -0.011599849 0.046556301
v -0.013679055 -0.011599849 0.050415187
v -0.013679055 -0.01320985 0.050415187
v -0.013455532 -0.01320985 0.0503441
v -0.01314401 -0.01320985 0.050328312
v -0.012790861 -0.01320985 0.050322933
v -0.012537 -0.01320985 0.050143399
v -0.012537 -0.011599849 0.050143399
v -0.012790861 -0.011599849 0.050322933
v -0.01314401 -0.011599849 0.050328312
v -0.013455532 -0.011599849 0.0503441
v -0.012507082 -0.0151345 0.073872852
v -0.012507082 -0.0167445 0.073872852
v -0.012516537 -0.0167445 0.073522558
v -0.012529178 -0.0167445 0.073051796
v -0.0124895 -0.0167445 0.072159901
v -0.0124895 -0.0151345 0.072159901
v -0.012529178 -0.0151345 0.073051796
v -0.012516537 -0.0151345 0.073522558
v -0.0124895 -0.011599849 0.072159901
v -0.0124895 -0.01320985 0.072159901
v -0.0124895 -0.01320985 0.070624099
v -0.0124895 -0.011599849 0.070624099
v -0.013346953 -0.011599849 0.070406981
v -0.0100994 -0.011599849 0.069446001
v -0.0100015 -0.011599849 0.069539199
v -0.0100087 -0.011599849 0.071480498
v -0.0100087 -0.011599849 0.0716045
v -0.012507082 -0.011599849 0.073872852
v -0.012516537 -0.011599849 0.073522558
v -0.012529178 -0.011599849 0.073051796
v -0.0124895 -0.011599849 0.072159901
v -0.0124895 -0.011599849 0.070624099
v -0.013058031 -0.011599849 0.070489669
v -0.013275433 -0.011599849 0.070470557
v -0.0100015 -0.0061405498 0.069539199
v -0.0100087 -0.0061405498 0.071480498
v -0.0100087 -0.0080651999 0.071480498
v -0.0100015 -0.0080651999 0.069539199
v -0.0100994 -0.0061405498 0.069446001
v -0.013346953 -0.0061405498 0.070406981
v -0.013275433 -0.0061405498 0.070470557
v -0.013058031 -0.0061405498 0.070489669
v -0.0124895 -0.0061405498 0.070624099
v -0.0124895 -0.0061405498 0.072159901
v -0.012529178 -0.0061405498 0.073051796
v -0.012516537 -0.0061405498 0.073522558
v -0.012507082 -0.0061405498 0.073872852
v -0.0100087 -0.0061405498 0.0716045
v -0.0100087 -0.0061405498 0.071480498
v -0.0100015 -0.0061405498 0.069539199
v 0.0112432 -0.0061405498 0.052911201
v 0.010159301 -0.0061405498 0.052911201
v 0.010159301 -0.0080651999 0.052911201
v 0.0112432 -0.0080651999 0.052911201
v 0.0118677 -0.0061405498 0.052400799
v 0.011690036 -0.0061405498 0.052615037
v 0.01157071 -0.0061405498 0.052725511
v 0.0112432 -0.0061405498 0.052911201
v 0.0112432 -0.0080651999 0.052911201
v 0.01157071 -0.0080651999 0.052725511
v 0.011690036 -0.0080651999 0.052615037
v 0.0118677 -0.0080651999 0.052400799
v 0.010146 -0.0096752 0.0443256
v 0.0132595 -0.0096752 0.045248799
v 0.0132595 -0.011599849 0.045248799
v 0.010146 -0.011599849 0.0443256
v 0.0118677 -0.0096752 0.052400799
v 0.011690036 -0.0096752 0.052615037
v 0.01157071 -0.0096752 0.052725511
v 0.0112432 -0.0096752 0.052911201
v 0.0112432 -0.011599849 0.052911201
v 0.01157071 -0.011599849 0.052725511
v 0.011690036 -0.011599849 0.052615037
v 0.0118677 -0.011599849 0.052400799
v 0.012537 -0.0096752 0.050143399
v 0.012537 -0.0080651999 0.050143399
v 0.012537 -0.0080651999 0.046556301
v 0.012537 -0.0096752 0.046556301
v 0.013679055 -0.0096752 0.050415187
v 0.013679055 -0.0080651999 0.050415187
v 0.013455532 -0.0080651999 0.0503441
v 0.01314401 -0.0080651999 0.050328312
v 0.012790861 -0.0080651999 0.050322933
v 0.012537 -0.0080651999 0.050143399
v 0.012537 -0.0096752 0.050143399
v 0.012790861 -0.0096752 0.050322933
v 0.01314401 -0.0096752 0.050328312
v 0.013455532 -0.0096752 0.0503441
v 0.0124895 -0.0096752 0.072159901
v 0.0124895 -0.0080651999 0.072159901
v 0.0124895 -0.0080651999 0.070624099
v 0.0124895 -0.0096752 0.070624099
v -0.010159301 -0.023813801 0.052911201
v -0.0112432 -0.023813801 0.052911201
v -0.0112432 -0.025738449 0.052911201
v -0.010159301 -0.025738449 0.052911201
v -0.0132595 0.0079980499 0.045248799
v -0.010146 0.0079980499 0.0443256
v -0.010146 0.0060733998 0.0443256
v -0.0132595 0.0060733998 0.045248799
v -0.013279898 0.0079980499 0.045254116
v -0.013279898 0.00960805 0.045254116
v -0.013056375 0.00960805 0.045347772
v -0.012576048 0.00960805 0.045439129
v -0.012460285 0.00960805 0.045646539
v -0.01248201 0.00960805 0.045966954
v -0.012537 0.00960805 0.046556301
v -0.012537 0.0079980499 0.046556301
v -0.01248201 0.0079980499 0.045966954
v -0.012460285 0.0079980499 0.045646539
v -0.012576048 0.0079980499 0.045439129
v -0.013056375 0.0079980499 0.045347772
v -0.0112432 0.0115327 0.052911201
v -0.01157071 0.0115327 0.052725511
v -0.011690036 0.0115327 0.052615037
v -0.0118677 0.0115327 0.052400799
v -0.0118677 0.00960805 0.052400799
v -0.011690036 0.00960805 0.052615037
v -0.01157071 0.00960805 0.052725511
v -0.0112432 0.00960805 0.052911201
v -0.013279898 -0.0045305499 0.045254116
v -0.0132595 -0.0045305499 0.045248799
v -0.010146 -0.0045305499 0.0443256
v -0.0099753118 -0.0045305499 0.04459372
v -0.0099831003 -0.0045305499 0.045018902
v -0.0099831003 -0.0045305499 0.052762799
v -0.010004584 -0.0045305499 0.052811403
v -0.010032234 -0.0045305499 0.052850413
v -0.010066663 -0.0045305499 0.052879429
v -0.010109097 -0.0045305499 0.052899451
v -0.010159301 -0.0045305499 0.052911201
v -0.0112432 -0.0045305499 0.052911201
v -0.01157071 -0.0045305499 0.052725511
v -0.011690036 -0.0045305499 0.052615037
v -0.0118677 -0.0045305499 0.052400799
v -0.0136438 -0.0045305499 0.050439801
v -0.013679055 -0.0045305499 0.050415187
v -0.013455532 -0.0045305499 0.0503441
v -0.01314401 -0.0045305499 0.050328312
v -0.012790861 -0.0045305499 0.050322933
v -0.012537 -0.0045305499 0.050143399
v -0.012537 -0.0045305499 0.046556301
v -0.01248201 -0.0045305499 0.045966954
v -0.012460285 -0.0045305499 0.045646539
v -0.012576048 -0.0045305499 0.045439129
v -0.013056375 -0.0045305499 0.045347772
v -0.013279898 -0.0061405498 0.045254116
v -0.013279898 -0.0045305499 0.045254116
v -0.013056375 -0.0045305499 0.045347772
v -0.012576048 -0.0045305499 0.045439129
v -0.012460285 -0.0045305499 0.045646539
v -0.01248201 -0.0045305499 0.045966954
v -0.012537 -0.0045305499 0.046556301
v -0.012537 -0.0061405498 0.046556301
v -0.01248201 -0.0061405498 0.045966954
v -0.012460285 -0.0061405498 0.045646539
v -0.012576048 -0.0061405498 0.045439129
v -0.013056375 -0.0061405498 0.045347772
v -0.0118677 0.0115327 0.052400799
v -0.0136438 0.0115327 0.050439801
v -0.0136438 0.00960805 0.050439801
v -0.0118677 0.00960805 0.052400799
v -0.0100015 0.0079980499 0.069539199
v -0.0100087 0.0079980499 0.071480498
v -0.0100087 0.0060733998 0.071480498
v -0.0100015 0.0060733998 0.069539199
v -0.0100994 0.0079980499 0.069446001
v -0.013346953 0.0079980499 0.070406981
v -0.013275433 0.0079980499 0.070470557
v -0.013058031 0.0079980499 0.070489669
v -0.0124895 0.0079980499 0.070624099
v -0.0124895 0.0079980499 0.072159901
v -0.012529178 0.0079980499 0.073051796
v -0.012516537 0.0079980499 0.073522558
v -0.012507082 0.0079980499 0.073872852
v -0.0100087 0.0079980499 0.0716045
v -0.0100087 0.0079980499 0.071480498
v -0.0100015 0.0079980499 0.069539199
v -0.013346953 0.0079980499 0.070406981
v -0.013346953 0.00960805 0.070406981
v -0.013275433 0.00960805 0.070470557
v -0.013058031 0.00960805 0.070489669
v -0.0124895 0.00960805 0.070624099
v -0.0124895 0.0079980499 0.070624099
v -0.013058031 0.0079980499 0.070489669
v -0.013275433 0.0079980499 0.070470557
v -0.013346953 0.00960805 0.070406981
v -0.0100994 0.00960805 0.069446001
v -0.0100015 0.00960805 0.069539199
v -0.0100087 0.00960805 0.071480498
v -0.0100087 0.00960805 0.0716045
v -0.012507082 0.00960805 0.073872852
v -0.012516537 0.00960805 0.073522558
v -0.012529178 0.00960805 0.073051796
v -0.0124895 0.00960805 0.072159901
v -0.0124895 0.00960805 0.070624099
v -0.013058031 0.00960805 0.070489669
v -0.013275433 0.00960805 0.070470557
v -0.0112432 0.0044633999 0.052911201
v -0.01157071 0.0044633999 0.052725511
v -0.011690036 0.0044633999 0.052615037
v -0.0118677 0.0044633999 0.052400799
v -0.0118677 0.0025387499 0.052400799
v -0.011690036 0.0025387499 0.052615037
v -0.01157071 0.0025387499 0.052725511
v -0.0112432 0.0025387499 0.052911201
v -0.012537 0.0060733998 0.050143399
v -0.012537 0.0044633999 0.050143399
v -0.012537 0.0044633999 0.046556301
v -0.012537 0.0060733998 0.046556301
v -0.013679055 0.0060733998 0.050415187
v -0.013679055 0.0044633999 0.050415187
v -0.013455532 0.0044633999 0.0503441
v -0.01314401 0.0044633999 0.050328312
v -0.012790861 0.0044633999 0.050322933
v -0.012537 0.0044633999 0.050143399
v -0.012537 0.0060733998 0.050143399
v -0.012790861 0.0060733998 0.050322933
v -0.01314401 0.0060733998 0.050328312
v -0.013455532 0.0060733998 0.0503441
v 0.00016759999 0.020177 0.0196112
v -0.00040560942 0.020177 0.019570636
v -0.00078882322 0.020177 0.019425513
v -0.0012416627 0.020177 0.019078451
v -0.0015484141 0.020177 0.018635591
v -0.0017099179 0.020177 0.018018194
v -0.0015623884 0.020177 0.018085564
v -0.0013489805 0.020177 0.018055273
v -0.0008783 0.020177 0.0180231
v 0.0011228 0.020177 0.0180231
v 0.0012983435 0.020177 0.01801546
v 0.0014591068 0.020177 0.018031569
v 0.001600834 0.020177 0.018055419
v 0.0017134655 0.020177 0.018048944
v 0.0014943719 0.020177 0.018742309
v 0.0010458807 0.020177 0.019259725
v 0.0006170452 0.020177 0.019503553
v -0.0100087 -0.027348449 0.071480498
v -0.0100087 -0.027348449 0.0716045
v -0.0100087 -0.0292731 0.0716045
v -0.0100087 -0.0292731 0.071480498
v -0.012507082 -0.025738449 0.073872852
v -0.012507082 -0.027348449 0.073872852
v -0.012516537 -0.027348449 0.073522558
v -0.012529178 -0.027348449 0.073051796
v -0.0124895 -0.027348449 0.072159901
v -0.0124895 -0.025738449 0.072159901
v -0.012529178 -0.025738449 0.073051796
v -0.012516537 -0.025738449 0.073522558
v -0.0099831003 -0.02027915 0.052762799
v -0.010004275 -0.02027915 0.052810841
v -0.010031542 -0.02027915 0.052849646
v -0.010065874 -0.02027915 0.052878923
v -0.010108644 -0.02027915 0.052899308
v -0.010159301 -0.02027915 0.052911201
v -0.010159301 -0.022203801 0.052911201
v -0.010109097 -0.022203801 0.052899451
v -0.010066663 -0.022203801 0.052879429
v -0.010032234 -0.022203801 0.052850413
v -0.010004584 -0.022203801 0.052811403
v -0.0099831003 -0.022203801 0.052762799
v -0.0112432 -0.02027915 0.052911201
v -0.01157071 -0.02027915 0.052725511
v -0.011690036 -0.02027915 0.052615037
v -0.0118677 -0.02027915 0.052400799
v -0.0118677 -0.022203801 0.052400799
v -0.011690036 -0.022203801 0.052615037
v -0.01157071 -0.022203801 0.052725511
v -0.0112432 -0.022203801 0.052911201
v -0.0132595 -0.023813801 0.045248799
v -0.010146 -0.023813801 0.0443256
v -0.010146 -0.025738449 0.0443256
v -0.0132595 -0.025738449 0.045248799
v -0.010146 -0.0167445 0.0443256
v -0.0099759024 -0.0167445 0.04459084
v -0.0099831003 -0.0167445 0.045018902
v -0.0099831003 -0.01866915 0.045018902
v -0.0099753118 -0.01866915 0.04459372
v -0.010146 -0.01866915 0.0443256
v -0.013279898 -0.0167445 0.045254116
v -0.013279898 -0.0151345 0.045254116
v -0.013056375 -0.0151345 0.045347772
v -0.012576048 -0.0151345 0.045439129
v -0.012460285 -0.0151345 0.045646539
v -0.01248201 -0.0151345 0.045966954
v -0.012537 -0.0151345 0.046556301
v -0.012537 -0.0167445 0.046556301
v -0.01248201 -0.0167445 0.045966954
v -0.012460285 -0.0167445 0.045646539
v -0.012576048 -0.0167445 0.045439129
v -0.013056375 -0.0167445 0.045347772
v -0.0132595 -0.01320985 0.045248799
v -0.013279898 -0.01320985 0.045254116
v -0.013056375 -0.01320985 0.045347772
v -0.012576048 -0.01320985 0.045439129
v -0.012460285 -0.01320985 0.045646539
v -0.01248201 -0.01320985 0.045966954
v -0.012537 -0.01320985 0.046556301
v -0.012537 -0.01320985 0.050143399
v -0.012790861 -0.01320985 0.050322933
v -0.01314401 -0.01320985 0.050328312
v -0.013455532 -0.01320985 0.0503441
v -0.013679055 -0.01320985 0.050415187
v -0.0136438 -0.01320985 0.050439801
v -0.0118677 -0.01320985 0.052400799
v -0.011690036 -0.01320985 0.052615037
v -0.01157071 -0.01320985 0.052725511
v -0.0112432 -0.01320985 0.052911201
v -0.010159301 -0.01320985 0.052911201
v -0.010108644 -0.01320985 0.052899308
v -0.010065874 -0.01320985 0.052878923
v -0.010031542 -0.01320985 0.052849646
v -0.010004275 -0.01320985 0.052810841
v -0.0099831003 -0.01320985 0.052762799
v -0.0099831003 -0.01320985 0.045018902
v -0.0099759024 -0.01320985 0.04459084
v -0.010146 -0.01320985 0.0443256
v -0.0100087 -0.01320985 0.071480498
v -0.0100087 -0.01320985 0.0716045
v -0.0100087 -0.0151345 0.0716045
v -0.0100087 -0.0151345 0.071480498
v -0.012507082 -0.011599849 0.073872852
v -0.012507082 -0.01320985 0.073872852
v -0.012516537 -0.01320985 0.073522558
v -0.012529178 -0.01320985 0.073051796
v -0.0124895 -0.01320985 0.072159901
v -0.0124895 -0.011599849 0.072159901
v -0.012529178 -0.011599849 0.073051796
v -0.012516537 -0.011599849 0.073522558
v -0.013346953 -0.01320985 0.070406981
v -0.013346953 -0.011599849 0.070406981
v -0.013275433 -0.011599849 0.070470557
v -0.013058031 -0.011599849 0.070489669
v -0.0124895 -0.011599849 0.070624099
v -0.0124895 -0.01320985 0.070624099
v -0.013058031 -0.01320985 0.070489669
v -0.013275433 -0.01320985 0.070470557
v -0.0100087 -0.0026058999 0.071480498
v -0.0100087 -0.0026058999 0.0716045
v -0.0100087 -0.0045305499 0.0716045
v -0.0100087 -0.0045305499 0.071480498
v -0.0100994 -0.0061405498 0.069446001
v -0.0100015 -0.0061405498 0.069539199
v -0.0100015 -0.0080651999 0.069539199
v -0.0100994 -0.0080651999 0.069446001
v -0.013346953 -0.0061405498 0.070406981
v -0.013346953 -0.0045305499 0.070406981
v -0.013275433 -0.0045305499 0.070470557
v -0.013058031 -0.0045305499 0.070489669
v -0.0124895 -0.0045305499 0.070624099
v -0.0124895 -0.0061405498 0.070624099
v -0.013058031 -0.0061405498 0.070489669
v -0.013275433 -0.0061405498 0.070470557
v -0.0017099179 -0.0293081 0.018018194
v -0.0017099179 -0.0308481 0.018018194
v -0.0015623884 -0.0308481 0.018085564
v -0.0013489805 -0.0308481 0.018055273
v -0.0008783 -0.0308481 0.0180231
v -0.0008783 -0.0293081 0.0180231
v -0.0013489805 -0.0293081 0.018055273
v -0.0015623884 -0.0293081 0.018085564
v 0.00016759999 -0.0293081 0.0196112
v -0.00040560942 -0.0293081 0.019570636
v -0.00078882322 -0.0293081 0.019425513
v -0.0012416627 -0.0293081 0.019078451
v -0.0015484141 -0.0293081 0.018635591
v -0.0017099179 -0.0293081 0.018018194
v -0.0015623884 -0.0293081 0.018085564
v -0.0013489805 -0.0293081 0.018055273
v -0.0008783 -0.0293081 0.0180231
v 0.0011228 -0.0293081 0.0180231
v 0.0012983435 -0.0293081 0.01801546
v 0.0014591068 -0.0293081 0.018031569
v 0.001600834 -0.0293081 0.018055419
v 0.0017134655 -0.0293081 0.018048944
v 0.0014943719 -0.0293081 0.018742309
v 0.0010458807 -0.0293081 0.019259725
v 0.0006170452 -0.0293081 0.019503553
v 0.010159301 -0.0061405498 0.052911201
v 0.010108644 -0.0061405498 0.052899308
v 0.010065874 -0.0061405498 0.052878923
v 0.010031542 -0.0061405498 0.052849646
v 0.010004275 -0.0061405498 0.052810841
v 0.0099831003 -0.0061405498 0.052762799
v 0.0099831003 -0.0080651999 0.052762799
v 0.010004584 -0.0080651999 0.052811403
v 0.010032234 -0.0080651999 0.052850413
v 0.010066663 -0.0080651999 0.052879429
v 0.010109097 -0.0080651999 0.052899451
v 0.010159301 -0.0080651999 0.052911201
v 0.013279898 -0.0080651999 0.045254116
v 0.013279898 -0.0096752 0.045254116
v 0.013056375 -0.0096752 0.045347772
v 0.012576048 -0.0096752 0.045439129
v 0.012460285 -0.0096752 0.045646539
v 0.01248201 -0.0096752 0.045966954
v 0.012537 -0.0096752 0.046556301
v 0.012537 -0.0080651999 0.046556301
v 0.01248201 -0.0080651999 0.045966954
v 0.012460285 -0.0080651999 0.045646539
v 0.012576048 -0.0080651999 0.045439129
v 0.013056375 -0.0080651999 0.045347772
v 0.0132595 -0.0080651999 0.045248799
v 0.013279898 -0.0080651999 0.045254116
v 0.013056375 -0.0080651999 0.045347772
v 0.012576048 -0.0080651999 0.045439129
v 0.012460285 -0.0080651999 0.045646539
v 0.01248201 -0.0080651999 0.045966954
v 0.012537 -0.0080651999 0.046556301
v 0.012537 -0.0080651999 0.050143399
v 0.012790861 -0.0080651999 0.050322933
v 0.01314401 -0.0080651999 0.050328312
v 0.013455532 -0.0080651999 0.0503441
v 0.013679055 -0.0080651999 0.050415187
v 0.0136438 -0.0080651999 0.050439801
v 0.0118677 -0.0080651999 0.052400799
v 0.011690036 -0.0080651999 0.052615037
v 0.01157071 -0.0080651999 0.052725511
v 0.0112432 -0.0080651999 0.052911201
v 0.010159301 -0.0080651999 0.052911201
v 0.010109097 -0.0080651999 0.052899451
v 0.010066663 -0.0080651999 0.052879429
v 0.010032234 -0.0080651999 0.052850413
v 0.010004584 -0.0080651999 0.052811403
v 0.0099831003 -0.0080651999 0.052762799
v 0.0099831003 -0.0080651999 0.045018902
v 0.0099753118 -0.0080651999 0.04459372
v 0.010146 -0.0080651999 0.0443256
v 0.0112432 -0.023813801 0.052911201
v 0.010159301 -0.023813801 0.052911201
v 0.010159301 -0.025738449 0.052911201
v 0.0112432 -0.025738449 0.052911201
v 0.0118677 -0.023813801 0.052400799
v 0.011690036 -0.023813801 0.052615037
v 0.01157071 -0.023813801 0.052725511
v 0.0112432 -0.023813801 0.052911201
v 0.0112432 -0.025738449 0.052911201
v 0.01157071 -0.025738449 0.052725511
v 0.011690036 -0.025738449 0.052615037
v 0.0118677 -0.025738449 0.052400799
v 0.0099831003 -0.01320985 0.052762799
v 0.0099831003 -0.01320985 0.045018902
v 0.0099831003 -0.0151345 0.045018902
v 0.0099831003 -0.0151345 0.052762799
v 0.013279898 -0.011599849 0.045254116
v 0.013279898 -0.01320985 0.045254116
v 0.013056375 -0.01320985 0.045347772
v 0.012576048 -0.01320985 0.045439129
v 0.012460285 -0.01320985 0.045646539
v 0.01248201 -0.01320985 0.045966954
v 0.012537 -0.01320985 0.046556301
v 0.012537 -0.011599849 0.046556301
v 0.01248201 -0.011599849 0.045966954
v 0.012460285 -0.011599849 0.045646539
v 0.012576048 -0.011599849 0.045439129
v 0.013056375 -0.011599849 0.045347772
v 0.013279898 -0.0096752 0.045254116
v 0.0132595 -0.0096752 0.045248799
v 0.010146 -0.0096752 0.0443256
v 0.0099759024 -0.0096752 0.04459084
v 0.0099831003 -0.0096752 0.045018902
v 0.0099831003 -0.0096752 0.052762799
v 0.010004275 -0.0096752 0.052810841
v 0.010031542 -0.0096752 0.052849646
v 0.010065874 -0.0096752 0.052878923
v 0.010108644 -0.0096752 0.052899308
v 0.010159301 -0.0096752 0.052911201
v 0.0112432 -0.0096752 0.052911201
v 0.01157071 -0.0096752 0.052725511
v 0.011690036 -0.0096752 0.052615037
v 0.0118677 -0.0096752 0.052400799
v 0.0136438 -0.0096752 0.050439801
v 0.013679055 -0.0096752 0.050415187
v 0.013455532 -0.0096752 0.0503441
v 0.01314401 -0.0096752 0.050328312
v 0.012790861 -0.0096752 0.050322933
v 0.012537 -0.0096752 0.050143399
v 0.012537 -0.0096752 0.046556301
v 0.01248201 -0.0096752 0.045966954
v 0.012460285 -0.0096752 0.045646539
v 0.012576048 -0.0096752 0.045439129
v 0.013056375 -0.0096752 0.045347772
v 0.0100087 -0.0096752 0.0716045
v 0.0100087 -0.0096752 0.071480498
v 0.0100087 -0.011599849 0.071480498
v 0.0100087 -0.011599849 0.0716045
v 0.012507082 -0.0096752 0.073872852
v 0.012507082 -0.0080651999 0.073872852
v 0.012516537 -0.0080651999 0.073522558
v 0.012529178 -0.0080651999 0.073051796
v 0.0124895 -0.0080651999 0.072159901
v 0.0124895 -0.0096752 0.072159901
v 0.012529178 -0.0096752 0.073051796
v 0.012516537 -0.0096752 0.073522558
v -0.0112432 -0.023813801 0.052911201
v -0.01157071 -0.023813801 0.052725511
v -0.011690036 -0.023813801 0.052615037
v -0.0118677 -0.023813801 0.052400799
v -0.0118677 -0.025738449 0.052400799
v -0.011690036 -0.025738449 0.052615037
v -0.01157071 -0.025738449 0.052725511
v -0.0112432 -0.025738449 0.052911201
v -0.012537 -0.022203801 0.050143399
v -0.012537 -0.023813801 0.050143399
v -0.012537 -0.023813801 0.046556301
v -0.012537 -0.022203801 0.046556301
v -0.013679055 -0.022203801 0.050415187
v -0.013679055 -0.023813801 0.050415187
v -0.013455532 -0.023813801 0.0503441
v -0.01314401 -0.023813801 0.050328312
v -0.012790861 -0.023813801 0.050322933
v -0.012537 -0.023813801 0.050143399
v -0.012537 -0.022203801 0.050143399
v -0.012790861 -0.022203801 0.050322933
v -0.01314401 -0.022203801 0.050328312
v -0.013455532 -0.022203801 0.0503441
v -0.013279898 0.00960805 0.045254116
v -0.0132595 0.00960805 0.045248799
v -0.010146 0.00960805 0.0443256
v -0.0099753118 0.00960805 0.04459372
v -0.0099831003 0.00960805 0.045018902
v -0.0099831003 0.00960805 0.052762799
v -0.010004584 0.00960805 0.052811403
v -0.010032234 0.00960805 0.052850413
v -0.010066663 0.00960805 0.052879429
v -0.010109097 0.00960805 0.052899451
v -0.010159301 0.00960805 0.052911201
v -0.0112432 0.00960805 0.052911201
v -0.01157071 0.00960805 0.052725511
v -0.011690036 0.00960805 0.052615037
v -0.0118677 0.00960805 0.052400799
v -0.0136438 0.00960805 0.050439801
v -0.013679055 0.00960805 0.050415187
v -0.013455532 0.00960805 0.0503441
v -0.01314401 0.00960805 0.050328312
v -0.012790861 0.00960805 0.050322933
v -0.012537 0.00960805 0.050143399
v -0.012537 0.00960805 0.046556301
v -0.01248201 0.00960805 0.045966954
v -0.012460285 0.00960805 0.045646539
v -0.012576048 0.00960805 0.045439129
v -0.013056375 0.00960805 0.045347772
v -0.010159301 0.0115327 0.052911201
v -0.0112432 0.0115327 0.052911201
v -0.0112432 0.00960805 0.052911201
v -0.010159301 0.00960805 0.052911201
v -0.0118677 -0.0026058999 0.052400799
v -0.0136438 -0.0026058999 0.050439801
v -0.0136438 -0.0045305499 0.050439801
v -0.0118677 -0.0045305499 0.052400799
v -0.0099831003 -0.0167445 0.045018902
v -0.0099831003 -0.0167445 0.052762799
v -0.0099831003 -0.01866915 0.052762799
v -0.0099831003 -0.01866915 0.045018902
v -0.0100994 0.0079980499 0.069446001
v -0.0100015 0.0079980499 0.069539199
v -0.0100015 0.0060733998 0.069539199
v -0.0100994 0.0060733998 0.069446001
v -0.0100087 0.0115327 0.071480498
v -0.0100087 0.0115327 0.0716045
v -0.0100087 0.00960805 0.0716045
v -0.0100087 0.00960805 0.071480498
v -0.0124895 0.0131427 0.072159901
v -0.0124895 0.0115327 0.072159901
v -0.0124895 0.0115327 0.070624099
v -0.0124895 0.0131427 0.070624099
v -0.012507082 0.0131427 0.073872852
v -0.012507082 0.0115327 0.073872852
v -0.012516537 0.0115327 0.073522558
v -0.012529178 0.0115327 0.073051796
v -0.0124895 0.0115327 0.072159901
v -0.0124895 0.0131427 0.072159901
v -0.012529178 0.0131427 0.073051796
v -0.012516537 0.0131427 0.073522558
v -0.013279898 0.00092874996 0.045254116
v -0.013279898 0.0025387499 0.045254116
v -0.013056375 0.0025387499 0.045347772
v -0.012576048 0.0025387499 0.045439129
v -0.012460285 0.0025387499 0.045646539
v -0.01248201 0.0025387499 0.045966954
v -0.012537 0.0025387499 0.046556301
v -0.012537 0.00092874996 0.046556301
v -0.01248201 0.00092874996 0.045966954
v -0.012460285 0.00092874996 0.045646539
v -0.012576048 0.00092874996 0.045439129
v -0.013056375 0.00092874996 0.045347772
v -0.0132595 0.0044633999 0.045248799
v -0.013279898 0.0044633999 0.045254116
v -0.013056375 0.0044633999 0.045347772
v -0.012576048 0.0044633999 0.045439129
v -0.012460285 0.0044633999 0.045646539
v -0.01248201 0.0044633999 0.045966954
v -0.012537 0.0044633999 0.046556301
v -0.012537 0.0044633999 0.050143399
v -0.012790861 0.0044633999 0.050322933
v -0.01314401 0.0044633999 0.050328312
v -0.013455532 0.0044633999 0.0503441
v -0.013679055 0.0044633999 0.050415187
v -0.0136438 0.0044633999 0.050439801
v -0.0118677 0.0044633999 0.052400799
v -0.011690036 0.0044633999 0.052615037
v -0.01157071 0.0044633999 0.052725511
v -0.0112432 0.0044633999 0.052911201
v -0.010159301 0.0044633999 0.052911201
v -0.010108644 0.0044633999 0.052899308
v -0.010065874 0.0044633999 0.052878923
v -0.010031542 0.0044633999 0.052849646
v -0.010004275 0.0044633999 0.052810841
v -0.0099831003 0.0044633999 0.052762799
v -0.0099831003 0.0044633999 0.045018902
v -0.0099759024 0.0044633999 0.04459084
v -0.010146 0.0044633999 0.0443256
v -0.0008783 0.02371165 0.0180231
v -0.0008783 0.02217165 0.0180231
v 0.0011228 0.02217165 0.0180231
v 0.0011228 0.02371165 0.0180231
v -0.0017099179 0.02371165 0.018018194
v -0.0017099179 0.02217165 0.018018194
v -0.0015623884 0.02217165 0.018085564
v -0.0013489805 0.02217165 0.018055273
v -0.0008783 0.02217165 0.0180231
v -0.0008783 0.02371165 0.0180231
v -0.0013489805 0.02371165 0.018055273
v -0.0015623884 0.02371165 0.018085564
v -0.0100015 -0.027348449 0.069539199
v -0.0100087 -0.027348449 0.071480498
v -0.0100087 -0.0292731 0.071480498
v -0.0100015 -0.0292731 0.069539199
v -0.0100994 -0.027348449 0.069446001
v -0.013346953 -0.027348449 0.070406981
v -0.013275433 -0.027348449 0.070470557
v -0.013058031 -0.027348449 0.070489669
v -0.0124895 -0.027348449 0.070624099
v -0.0124895 -0.027348449 0.072159901
v -0.012529178 -0.027348449 0.073051796
v -0.012516537 -0.027348449 0.073522558
v -0.012507082 -0.027348449 0.073872852
v -0.0100087 -0.027348449 0.0716045
v -0.0100087 -0.027348449 0.071480498
v -0.0100015 -0.027348449 0.069539199
v -0.013346953 -0.027348449 0.070406981
v -0.013346953 -0.025738449 0.070406981
v -0.013275433 -0.025738449 0.070470557
v -0.013058031 -0.025738449 0.070489669
v -0.0124895 -0.025738449 0.070624099
v -0.0124895 -0.027348449 0.070624099
v -0.013058031 -0.027348449 0.070489669
v -0.013275433 -0.027348449 0.070470557
v -0.013346953 -0.025738449 0.070406981
v -0.0100994 -0.025738449 0.069446001
v -0.0100015 -0.025738449 0.069539199
v -0.0100087 -0.025738449 0.071480498
v -0.0100087 -0.025738449 0.0716045
v -0.012507082 -0.025738449 0.073872852
v -0.012516537 -0.025738449 0.073522558
v -0.012529178 -0.025738449 0.073051796
v -0.0124895 -0.025738449 0.072159901
v -0.0124895 -0.025738449 0.070624099
v -0.013058031 -0.025738449 0.070489669
v -0.013275433 -0.025738449 0.070470557
v -0.0099831003 -0.02027915 0.045018902
v -0.0099831003 -0.02027915 0.052762799
v -0.0099831003 -0.022203801 0.052762799
v -0.0099831003 -0.022203801 0.045018902
v -0.013279898 -0.023813801 0.045254116
v -0.013279898 -0.022203801 0.045254116
v -0.013056375 -0.022203801 0.045347772
v -0.012576048 -0.022203801 0.045439129
v -0.012460285 -0.022203801 0.045646539
v -0.01248201 -0.022203801 0.045966954
v -0.012537 -0.022203801 0.046556301
v -0.012537 -0.023813801 0.046556301
v -0.01248201 -0.023813801 0.045966954
v -0.012460285 -0.023813801 0.045646539
v -0.012576048 -0.023813801 0.045439129
v -0.013056375 -0.023813801 0.045347772
v -0.013279898 -0.022203801 0.045254116
v -0.0132595 -0.022203801 0.045248799
v -0.010146 -0.022203801 0.0443256
v -0.0099753118 -0.022203801 0.04459372
v -0.0099831003 -0.022203801 0.045018902
v -0.0099831003 -0.022203801 0.052762799
v -0.010004584 -0.022203801 0.052811403
v -0.010032234 -0.022203801 0.052850413
v -0.010066663 -0.022203801 0.052879429
v -0.010109097 -0.022203801 0.052899451
v -0.010159301 -0.022203801 0.052911201
v -0.0112432 -0.022203801 0.052911201
v -0.01157071 -0.022203801 0.052725511
v -0.011690036 -0.022203801 0.052615037
v -0.0118677 -0.022203801 0.052400799
v -0.0136438 -0.022203801 0.050439801
v -0.013679055 -0.022203801 0.050415187
v -0.013455532 -0.022203801 0.0503441
v -0.01314401 -0.022203801 0.050328312
v -0.012790861 -0.022203801 0.050322933
v -0.012537 -0.022203801 0.050143399
v -0.012537 -0.022203801 0.046556301
v -0.01248201 -0.022203801 0.045966954
v -0.012460285 -0.022203801 0.045646539
v -0.012576048 -0.022203801 0.045439129
v -0.013056375 -0.022203801 0.045347772
v -0.0132595 -0.0167445 0.045248799
v -0.010146 -0.0167445 0.0443256
v -0.010146 -0.01866915 0.0443256
v -0.0132595 -0.01866915 0.045248799
v -0.0118677 -0.01320985 0.052400799
v -0.0136438 -0.01320985 0.050439801
v -0.0136438 -0.0151345 0.050439801
v -0.0118677 -0.0151345 0.052400799
v -0.0124895 -0.0151345 0.072159901
v -0.0124895 -0.0167445 0.072159901
v -0.0124895 -0.0167445 0.070624099
v -0.0124895 -0.0151345 0.070624099
v -0.0100087 -0.0167445 0.071480498
v -0.0100087 -0.0167445 0.0716045
v -0.0100087 -0.01866915 0.0716045
v -0.0100087 -0.01866915 0.071480498
v -0.0100015 -0.01320985 0.069539199
v -0.0100087 -0.01320985 0.071480498
v -0.0100087 -0.0151345 0.071480498
v -0.0100015 -0.0151345 0.069539199
v -0.0100994 -0.01320985 0.069446001
v -0.013346953 -0.01320985 0.070406981
v -0.013275433 -0.01320985 0.070470557
v -0.013058031 -0.01320985 0.070489669
v -0.0124895 -0.01320985 0.070624099
v -0.0124895 -0.01320985 0.072159901
v -0.012529178 -0.01320985 0.073051796
v -0.012516537 -0.01320985 0.073522558
v -0.012507082 -0.01320985 0.073872852
v -0.0100087 -0.01320985 0.0716045
v -0.0100087 -0.01320985 0.071480498
v -0.0100015 -0.01320985 0.069539199
v -0.0124895 -0.00099590003 0.072159901
v -0.0124895 -0.0026058999 0.072159901
v -0.0124895 -0.0026058999 0.070624099
v -0.0124895 -0.00099590003 0.070624099
v -0.0100015 -0.0026058999 0.069539199
v -0.0100087 -0.0026058999 0.071480498
v -0.0100087 -0.0045305499 0.071480498
v -0.0100015 -0.0045305499 0.069539199
v -0.013346953 -0.0045305499 0.070406981
v -0.0100994 -0.0045305499 0.069446001
v -0.0100015 -0.0045305499 0.069539199
v -0.0100087 -0.0045305499 0.071480498
v -0.0100087 -0.0045305499 0.0716045
v -0.012507082 -0.0045305499 0.073872852
v -0.012516537 -0.0045305499 0.073522558
v -0.012529178 -0.0045305499 0.073051796
v -0.0124895 -0.0045305499 0.072159901
v -0.0124895 -0.0045305499 0.070624099
v -0.013058031 -0.0045305499 0.070489669
v -0.013275433 -0.0045305499 0.070470557
v -0.0008783 -0.0293081 0.0180231
v -0.0008783 -0.0308481 0.0180231
v 0.0011228 -0.0308481 0.0180231
v 0.0011228 -0.0293081 0.0180231
v 0.0017134655 -0.0308481 0.018048944
v 0.0017134655 -0.0293081 0.018048944
v 0.001600834 -0.0293081 0.018055419
v 0.0014591068 -0.0293081 0.018031569
v 0.0012983435 -0.0293081 0.01801546
v 0.0011228 -0.0293081 0.0180231
v 0.0011228 -0.0308481 0.0180231
v 0.0012983435 -0.0308481 0.01801546
v 0.0014591068 -0.0308481 0.018031569
v 0.001600834 -0.0308481 0.018055419
v 0.0112432 0.0079980499 0.052911201
v 0.010159301 0.0079980499 0.052911201
v 0.010159301 0.0060733998 0.052911201
v 0.0112432 0.0060733998 0.052911201
v 0.0118677 0.0079980499 0.052400799
v 0.011690036 0.0079980499 0.052615037
v 0.01157071 0.0079980499 0.052725511
v 0.0112432 0.0079980499 0.052911201
v 0.0112432 0.0060733998 0.052911201
v 0.01157071 0.0060733998 0.052725511
v 0.011690036 0.0060733998 0.052615037
v 0.0118677 0.0060733998 0.052400799
v 0.0099831003 -0.0061405498 0.052762799
v 0.0099831003 -0.0061405498 0.045018902
v 0.0099831003 -0.0080651999 0.045018902
v 0.0099831003 -0.0080651999 0.052762799
v 0.0136438 -0.0061405498 0.050439801
v 0.0118677 -0.0061405498 0.052400799
v 0.0118677 -0.0080651999 0.052400799
v 0.0136438 -0.0080651999 0.050439801
v 0.010159301 -0.023813801 0.052911201
v 0.010108644 -0.023813801 0.052899308
v 0.010065874 -0.023813801 0.052878923
v 0.010031542 -0.023813801 0.052849646
v 0.010004275 -0.023813801 0.052810841
v 0.0099831003 -0.023813801 0.052762799
v 0.0099831003 -0.025738449 0.052762799
v 0.010004584 -0.025738449 0.052811403
v 0.010032234 -0.025738449 0.052850413
v 0.010066663 -0.025738449 0.052879429
v 0.010109097 -0.025738449 0.052899451
v 0.010159301 -0.025738449 0.052911201
v 0.0099831003 -0.01320985 0.045018902
v 0.0099759024 -0.01320985 0.04459084
v 0.010146 -0.01320985 0.0443256
v 0.010146 -0.0151345 0.0443256
v 0.0099753118 -0.0151345 0.04459372
v 0.0099831003 -0.0151345 0.045018902
v 0.010159301 -0.01320985 0.052911201
v 0.010108644 -0.01320985 0.052899308
v 0.010065874 -0.01320985 0.052878923
v 0.010031542 -0.01320985 0.052849646
v 0.010004275 -0.01320985 0.052810841
v 0.0099831003 -0.01320985 0.052762799
v 0.0099831003 -0.0151345 0.052762799
v 0.010004584 -0.0151345 0.052811403
v 0.010032234 -0.0151345 0.052850413
v 0.010066663 -0.0151345 0.052879429
v 0.010109097 -0.0151345 0.052899451
v 0.010159301 -0.0151345 0.052911201
v 0.0136438 -0.0096752 0.050439801
v 0.0118677 -0.0096752 0.052400799
v 0.0118677 -0.011599849 0.052400799
v 0.0136438 -0.011599849 0.050439801
v 0.013346953 -0.0080651999 0.070406981
v 0.013346953 -0.0096752 0.070406981
v 0.013275433 -0.0096752 0.070470557
v 0.013058031 -0.0096752 0.070489669
v 0.0124895 -0.0096752 0.070624099
v 0.0124895 -0.0080651999 0.070624099
v 0.013058031 -0.0080651999 0.070489669
v 0.013275433 -0.0080651999 0.070470557
v 0.0100994 -0.0080651999 0.069446001
v 0.013346953 -0.0080651999 0.070406981
v 0.013275433 -0.0080651999 0.070470557
v 0.013058031 -0.0080651999 0.070489669
v 0.0124895 -0.0080651999 0.070624099
v 0.0124895 -0.0080651999 0.072159901
v 0.012529178 -0.0080651999 0.073051796
v 0.012516537 -0.0080651999 0.073522558
v 0.012507082 -0.0080651999 0.073872852
v 0.0100087 -0.0080651999 0.0716045
v 0.0100087 -0.0080651999 0.071480498
v 0.0100015 -0.0080651999 0.069539199
v 0.0100087 -0.0096752 0.071480498
v 0.0100015 -0.0096752 0.069539199
v 0.0100015 -0.011599849 0.069539199
v 0.0100087 -0.011599849 0.071480498
v 0.013346953 -0.0096752 0.070406981
v 0.0100994 -0.0096752 0.069446001
v 0.0100015 -0.0096752 0.069539199
v 0.0100087 -0.0096752 0.071480498
v 0.0100087 -0.0096752 0.0716045
v 0.012507082 -0.0096752 0.073872852
v 0.012516537 -0.0096752 0.073522558
v 0.012529178 -0.0096752 0.073051796
v 0.0124895 -0.0096752 0.072159901
v 0.0124895 -0.0096752 0.070624099
v 0.013058031 -0.0096752 0.070489669
v 0.013275433 -0.0096752 0.070470557
v -0.0132595 -0.023813801 0.045248799
v -0.013279898 -0.023813801 0.045254116
v -0.013056375 -0.023813801 0.045347772
v -0.012576048 -0.023813801 0.045439129
v -0.012460285 -0.023813801 0.045646539
v -0.01248201 -0.023813801 0.045966954
v -0.012537 -0.023813801 0.046556301
v -0.012537 -0.023813801 0.050143399
v -0.012790861 -0.023813801 0.050322933
v -0.01314401 -0.023813801 0.050328312
v -0.013455532 -0.023813801 0.0503441
v -0.013679055 -0.023813801 0.050415187
v -0.0136438 -0.023813801 0.050439801
v -0.0118677 -0.023813801 0.052400799
v -0.011690036 -0.023813801 0.052615037
v -0.01157071 -0.023813801 0.052725511
v -0.0112432 -0.023813801 0.052911201
v -0.010159301 -0.023813801 0.052911201
v -0.010108644 -0.023813801 0.052899308
v -0.010065874 -0.023813801 0.052878923
v -0.010031542 -0.023813801 0.052849646
v -0.010004275 -0.023813801 0.052810841
v -0.0099831003 -0.023813801 0.052762799
v -0.0099831003 -0.023813801 0.045018902
v -0.0099759024 -0.023813801 0.04459084
v -0.010146 -0.023813801 0.0443256
v -0.0099831003 -0.027348449 0.045018902
v -0.0099831003 -0.027348449 0.052762799
v -0.0099831003 -0.0292731 0.052762799
v -0.0099831003 -0.0292731 0.045018902
v -0.013279898 -0.027348449 0.045254116
v -0.013279898 -0.025738449 0.045254116
v -0.013056375 -0.025738449 0.045347772
v -0.012576048 -0.025738449 0.045439129
v -0.012460285 -0.025738449 0.045646539
v -0.01248201 -0.025738449 0.045966954
v -0.012537 -0.025738449 0.046556301
v -0.012537 -0.027348449 0.046556301
v -0.01248201 -0.027348449 0.045966954
v -0.012460285 -0.027348449 0.045646539
v -0.012576048 -0.027348449 0.045439129
v -0.013056375 -0.027348449 0.045347772
v -0.0099831003 0.0115327 0.052762799
v -0.010004275 0.0115327 0.052810841
v -0.010031542 0.0115327 0.052849646
v -0.010065874 0.0115327 0.052878923
v -0.010108644 0.0115327 0.052899308
v -0.010159301 0.0115327 0.052911201
v -0.010159301 0.00960805 0.052911201
v -0.010109097 0.00960805 0.052899451
v -0.010066663 0.00960805 0.052879429
v -0.010032234 0.00960805 0.052850413
v -0.010004584 0.00960805 0.052811403
v -0.0099831003 0.00960805 0.052762799
v -0.0112432 -0.0026058999 0.052911201
v -0.01157071 -0.0026058999 0.052725511
v -0.011690036 -0.0026058999 0.052615037
v -0.0118677 -0.0026058999 0.052400799
v -0.0118677 -0.0045305499 0.052400799
v -0.011690036 -0.0045305499 0.052615037
v -0.01157071 -0.0045305499 0.052725511
v -0.0112432 -0.0045305499 0.052911201
v -0.0124895 0.027281301 0.072159901
v -0.0124895 0.025671301 0.072159901
v -0.0124895 0.025671301 0.070624099
v -0.0124895 0.027281301 0.070624099
v -0.0099831003 0.02213665 0.052762799
v -0.010004275 0.02213665 0.052810841
v -0.010031542 0.02213665 0.052849646
v -0.010065874 0.02213665 0.052878923
v -0.010108644 0.02213665 0.052899308
v -0.010159301 0.02213665 0.052911201
v -0.010159301 0.020211999 0.052911201
v -0.010109097 0.020211999 0.052899451
v -0.010066663 0.020211999 0.052879429
v -0.010032234 0.020211999 0.052850413
v -0.010004584 0.020211999 0.052811403
v -0.0099831003 0.020211999 0.052762799
v -0.013279898 -0.02027915 0.045254116
v -0.013279898 -0.01866915 0.045254116
v -0.013056375 -0.01866915 0.045347772
v -0.012576048 -0.01866915 0.045439129
v -0.012460285 -0.01866915 0.045646539
v -0.01248201 -0.01866915 0.045966954
v -0.012537 -0.01866915 0.046556301
v -0.012537 -0.02027915 0.046556301
v -0.01248201 -0.02027915 0.045966954
v -0.012460285 -0.02027915 0.045646539
v -0.012576048 -0.02027915 0.045439129
v -0.013056375 -0.02027915 0.045347772
v -0.012537 -0.0151345 0.050143399
v -0.012537 -0.0167445 0.050143399
v -0.012537 -0.0167445 0.046556301
v -0.012537 -0.0151345 0.046556301
v -0.012507082 0.0025387499 0.073872852
v -0.012507082 0.00092874996 0.073872852
v -0.012516537 0.00092874996 0.073522558
v -0.012529178 0.00092874996 0.073051796
v -0.0124895 0.00092874996 0.072159901
v -0.0124895 0.0025387499 0.072159901
v -0.012529178 0.0025387499 0.073051796
v -0.012516537 0.0025387499 0.073522558
v -0.0124895 0.0060733998 0.072159901
v -0.0124895 0.0044633999 0.072159901
v -0.0124895 0.0044633999 0.070624099
v -0.0124895 0.0060733998 0.070624099
v -0.013346953 0.0060733998 0.070406981
v -0.0100994 0.0060733998 0.069446001
v -0.0100015 0.0060733998 0.069539199
v -0.0100087 0.0060733998 0.071480498
v -0.0100087 0.0060733998 0.0716045
v -0.012507082 0.0060733998 0.073872852
v -0.012516537 0.0060733998 0.073522558
v -0.012529178 0.0060733998 0.073051796
v -0.0124895 0.0060733998 0.072159901
v -0.0124895 0.0060733998 0.070624099
v -0.013058031 0.0060733998 0.070489669
v -0.013275433 0.0060733998 0.070470557
v -0.0100015 0.0115327 0.069539199
v -0.0100087 0.0115327 0.071480498
v -0.0100087 0.00960805 0.071480498
v -0.0100015 0.00960805 0.069539199
v -0.0100994 0.0115327 0.069446001
v -0.013346953 0.0115327 0.070406981
v -0.013275433 0.0115327 0.070470557
v -0.013058031 0.0115327 0.070489669
v -0.0124895 0.0115327 0.070624099
v -0.0124895 0.0115327 0.072159901
v -0.012529178 0.0115327 0.073051796
v -0.012516537 0.0115327 0.073522558
v -0.012507082 0.0115327 0.073872852
v -0.0100087 0.0115327 0.0716045
v -0.0100087 0.0115327 0.071480498
v -0.0100015 0.0115327 0.069539199
v -0.0118677 0.0044633999 0.052400799
v -0.0136438 0.0044633999 0.050439801
v -0.0136438 0.0025387499 0.050439801
v -0.0118677 0.0025387499 0.052400799
v -0.0017099179 0.02217165 0.018018194
v -0.0015780129 0.02217165 0.018567621
v -0.0012623653 0.02217165 0.019056196
v -0.00067759603 0.02217165 0.019479625
v -0.00033694662 0.02217165 0.019585383
v 0.00016759999 0.02217165 0.0196112
v 0.00087720916 0.02217165 0.019374551
v 0.0011393947 0.02217165 0.019183298
v 0.0014213887 0.02217165 0.018862392
v 0.001617243 0.02217165 0.018463665
v 0.0017134655 0.02217165 0.018048944
v 0.001600834 0.02217165 0.018055419
v 0.0014591068 0.02217165 0.018031569
v 0.0012983435 0.02217165 0.01801546
v 0.0011228 0.02217165 0.0180231
v -0.0008783 0.02217165 0.0180231
v -0.0013489805 0.02217165 0.018055273
v -0.0015623884 0.02217165 0.018085564
v -0.0100994 -0.027348449 0.069446001
v -0.0100015 -0.027348449 0.069539199
v -0.0100015 -0.0292731 0.069539199
v -0.0100994 -0.0292731 0.069446001
v -0.0100087 -0.023813801 0.071480498
v -0.0100087 -0.023813801 0.0716045
v -0.0100087 -0.025738449 0.0716045
v -0.0100087 -0.025738449 0.071480498
v -0.0124895 -0.022203801 0.072159901
v -0.0124895 -0.023813801 0.072159901
v -0.0124895 -0.023813801 0.070624099
v -0.0124895 -0.022203801 0.070624099
v -0.012507082 -0.022203801 0.073872852
v -0.012507082 -0.023813801 0.073872852
v -0.012516537 -0.023813801 0.073522558
v -0.012529178 -0.023813801 0.073051796
v -0.0124895 -0.023813801 0.072159901
v -0.0124895 -0.022203801 0.072159901
v -0.012529178 -0.022203801 0.073051796
v -0.012516537 -0.022203801 0.073522558
v -0.010146 -0.02027915 0.0443256
v -0.0099759024 -0.02027915 0.04459084
v -0.0099831003 -0.02027915 0.045018902
v -0.0099831003 -0.022203801 0.045018902
v -0.0099753118 -0.022203801 0.04459372
v -0.010146 -0.022203801 0.0443256
v -0.0118677 -0.02027915 0.052400799
v -0.0136438 -0.02027915 0.050439801
v -0.0136438 -0.022203801 0.050439801
v -0.0118677 -0.022203801 0.052400799
v -0.013279898 -0.0151345 0.045254116
v -0.0132595 -0.0151345 0.045248799
v -0.010146 -0.0151345 0.0443256
v -0.0099753118 -0.0151345 0.04459372
v -0.0099831003 -0.0151345 0.045018902
v -0.0099831003 -0.0151345 0.052762799
v -0.010004584 -0.0151345 0.052811403
v -0.010032234 -0.0151345 0.052850413
v -0.010066663 -0.0151345 0.052879429
v -0.010109097 -0.0151345 0.052899451
v -0.010159301 -0.0151345 0.052911201
v -0.0112432 -0.0151345 0.052911201
v -0.01157071 -0.0151345 0.052725511
v -0.011690036 -0.0151345 0.052615037
v -0.0118677 -0.0151345 0.052400799
v -0.0136438 -0.0151345 0.050439801
v -0.013679055 -0.0151345 0.050415187
v -0.013455532 -0.0151345 0.0503441
v -0.01314401 -0.0151345 0.050328312
v -0.012790861 -0.0151345 0.050322933
v -0.012537 -0.0151345 0.050143399
v -0.012537 -0.0151345 0.046556301
v -0.01248201 -0.0151345 0.045966954
v -0.012460285 -0.0151345 0.045646539
v -0.012576048 -0.0151345 0.045439129
v -0.013056375 -0.0151345 0.045347772
v -0.0100015 -0.0167445 0.069539199
v -0.0100087 -0.0167445 0.071480498
v -0.0100087 -0.01866915 0.071480498
v -0.0100015 -0.01866915 0.069539199
v -0.0100994 -0.01320985 0.069446001
v -0.0100015 -0.01320985 0.069539199
v -0.0100015 -0.0151345 0.069539199
v -0.0100994 -0.0151345 0.069446001
v -0.012507082 -0.00099590003 0.073872852
v -0.012507082 -0.0026058999 0.073872852
v -0.012516537 -0.0026058999 0.073522558
v -0.012529178 -0.0026058999 0.073051796
v -0.0124895 -0.0026058999 0.072159901
v -0.0124895 -0.00099590003 0.072159901
v -0.012529178 -0.00099590003 0.073051796
v -0.012516537 -0.00099590003 0.073522558
v -0.0100994 -0.0026058999 0.069446001
v -0.0100015 -0.0026058999 0.069539199
v -0.0100015 -0.0045305499 0.069539199
v -0.0100994 -0.0045305499 0.069446001
v -0.0017099179 -0.0308481 0.018018194
v -0.0015780129 -0.0308481 0.018567621
v -0.0012623653 -0.0308481 0.019056196
v -0.00067759603 -0.0308481 0.019479625
v -0.00033694662 -0.0308481 0.019585383
v 0.00016759999 -0.0308481 0.0196112
v 0.00087720916 -0.0308481 0.019374551
v 0.0011393947 -0.0308481 0.019183298
v 0.0014213887 -0.0308481 0.018862392
v 0.001617243 -0.0308481 0.018463665
v 0.0017134655 -0.0308481 0.018048944
v 0.001600834 -0.0308481 0.018055419
v 0.0014591068 -0.0308481 0.018031569
v 0.0012983435 -0.0308481 0.01801546
v 0.0011228 -0.0308481 0.0180231
v -0.0008783 -0.0308481 0.0180231
v -0.0013489805 -0.0308481 0.018055273
v -0.0015623884 -0.0308481 0.018085564
v 0.010159301 0.0079980499 0.052911201
v 0.010108644 0.0079980499 0.052899308
v 0.010065874 0.0079980499 0.052878923
v 0.010031542 0.0079980499 0.052849646
v 0.010004275 0.0079980499 0.052810841
v 0.0099831003 0.0079980499 0.052762799
v 0.0099831003 0.0060733998 0.052762799
v 0.010004584 0.0060733998 0.052811403
v 0.010032234 0.0060733998 0.052850413
v 0.010066663 0.0060733998 0.052879429
v 0.010109097 0.0060733998 0.052899451
v 0.010159301 0.0060733998 0.052911201
v 0.0099831003 0.0044633999 0.052762799
v 0.0099831003 0.0044633999 0.045018902
v 0.0099831003 0.0025387499 0.045018902
v 0.0099831003 0.0025387499 0.052762799
v 0.013279898 0.0060733998 0.045254116
v 0.013279898 0.0044633999 0.045254116
v 0.013056375 0.0044633999 0.045347772
v 0.012576048 0.0044633999 0.045439129
v 0.012460285 0.0044633999 0.045646539
v 0.01248201 0.0044633999 0.045966954
v 0.012537 0.0044633999 0.046556301
v 0.012537 0.0060733998 0.046556301
v 0.01248201 0.0060733998 0.045966954
v 0.012460285 0.0060733998 0.045646539
v 0.012576048 0.0060733998 0.045439129
v 0.013056375 0.0060733998 0.045347772
v 0.012537 -0.0061405498 0.050143399
v 0.012537 -0.0045305499 0.050143399
v 0.012537 -0.0045305499 0.046556301
v 0.012537 -0.0061405498 0.046556301
v 0.0099831003 -0.0061405498 0.045018902
v 0.0099759024 -0.0061405498 0.04459084
v 0.010146 -0.0061405498 0.0443256
v 0.010146 -0.0080651999 0.0443256
v 0.0099753118 -0.0080651999 0.04459372
v 0.0099831003 -0.0080651999 0.045018902
v 0.0112432 -0.027348449 0.052911201
v 0.010159301 -0.027348449 0.052911201
v 0.010159301 -0.0292731 0.052911201
v 0.0112432 -0.0292731 0.052911201
v 0.0099831003 -0.023813801 0.052762799
v 0.0099831003 -0.023813801 0.045018902
v 0.0099831003 -0.025738449 0.045018902
v 0.0099831003 -0.025738449 0.052762799
v 0.0136438 -0.023813801 0.050439801
v 0.0118677 -0.023813801 0.052400799
v 0.0118677 -0.025738449 0.052400799
v 0.0136438 -0.025738449 0.050439801
v 0.010146 -0.01320985 0.0443256
v 0.0132595 -0.01320985 0.045248799
v 0.0132595 -0.0151345 0.045248799
v 0.010146 -0.0151345 0.0443256
v 0.0112432 -0.01320985 0.052911201
v 0.010159301 -0.01320985 0.052911201
v 0.010159301 -0.0151345 0.052911201
v 0.0112432 -0.0151345 0.052911201
v 0.0132595 -0.011599849 0.045248799
v 0.013279898 -0.011599849 0.045254116
v 0.013056375 -0.011599849 0.045347772
v 0.012576048 -0.011599849 0.045439129
v 0.012460285 -0.011599849 0.045646539
v 0.01248201 -0.011599849 0.045966954
v 0.012537 -0.011599849 0.046556301
v 0.012537 -0.011599849 0.050143399
v 0.012790861 -0.011599849 0.050322933
v 0.01314401 -0.011599849 0.050328312
v 0.013455532 -0.011599849 0.0503441
v 0.013679055 -0.011599849 0.050415187
v 0.0136438 -0.011599849 0.050439801
v 0.0118677 -0.011599849 0.052400799
v 0.011690036 -0.011599849 0.052615037
v 0.01157071 -0.011599849 0.052725511
v 0.0112432 -0.011599849 0.052911201
v 0.010159301 -0.011599849 0.052911201
v 0.010109097 -0.011599849 0.052899451
v 0.010066663 -0.011599849 0.052879429
v 0.010032234 -0.011599849 0.052850413
v 0.010004584 -0.011599849 0.052811403
v 0.0099831003 -0.011599849 0.052762799
v 0.0099831003 -0.011599849 0.045018902
v 0.0099753118 -0.011599849 0.04459372
v 0.010146 -0.011599849 0.0443256
v 0.0100087 -0.0061405498 0.0716045
v 0.0100087 -0.0061405498 0.071480498
v 0.0100087 -0.0080651999 0.071480498
v 0.0100087 -0.0080651999 0.0716045
v 0.0124895 -0.0061405498 0.072159901
v 0.0124895 -0.0045305499 0.072159901
v 0.0124895 -0.0045305499 0.070624099
v 0.0124895 -0.0061405498 0.070624099
v 0.012507082 -0.0061405498 0.073872852
v 0.012507082 -0.0045305499 0.073872852
v 0.012516537 -0.0045305499 0.073522558
v 0.012529178 -0.0045305499 0.073051796
v 0.0124895 -0.0045305499 0.072159901
v 0.0124895 -0.0061405498 0.072159901
v 0.012529178 -0.0061405498 0.073051796
v 0.012516537 -0.0061405498 0.073522558
v 0.0100015 -0.0096752 0.069539199
v 0.0100994 -0.0096752 0.069446001
v 0.0100994 -0.011599849 0.069446001
v 0.0100015 -0.011599849 0.069539199
v 0.010159301 -0.027348449 0.052911201
v 0.010108644 -0.027348449 0.052899308
v 0.010065874 -0.027348449 0.052878923
v 0.010031542 -0.027348449 0.052849646
v 0.010004275 -0.027348449 0.052810841
v 0.0099831003 -0.027348449 0.052762799
v 0.0099831003 -0.0292731 0.052762799
v 0.010004584 -0.0292731 0.052811403
v 0.010032234 -0.0292731 0.052850413
v 0.010066663 -0.0292731 0.052879429
v 0.010109097 -0.0292731 0.052899451
v 0.010159301 -0.0292731 0.052911201
v 0.0132595 -0.025738449 0.045248799
v 0.013279898 -0.025738449 0.045254116
v 0.013056375 -0.025738449 0.045347772
v 0.012576048 -0.025738449 0.045439129
v 0.012460285 -0.025738449 0.045646539
v 0.01248201 -0.025738449 0.045966954
v 0.012537 -0.025738449 0.046556301
v 0.012537 -0.025738449 0.050143399
v 0.012790861 -0.025738449 0.050322933
v 0.01314401 -0.025738449 0.050328312
v 0.013455532 -0.025738449 0.0503441
v 0.013679055 -0.025738449 0.050415187
v 0.0136438 -0.025738449 0.050439801
v 0.0118677 -0.025738449 0.052400799
v 0.011690036 -0.025738449 0.052615037
v 0.01157071 -0.025738449 0.052725511
v 0.0112432 -0.025738449 0.052911201
v 0.010159301 -0.025738449 0.052911201
v 0.010109097 -0.025738449 0.052899451
v 0.010066663 -0.025738449 0.052879429
v 0.010032234 -0.025738449 0.052850413
v 0.010004584 -0.025738449 0.052811403
v 0.0099831003 -0.025738449 0.052762799
v 0.0099831003 -0.025738449 0.045018902
v 0.0099753118 -0.025738449 0.04459372
v 0.010146 -0.025738449 0.0443256
v -0.0099831003 -0.027348449 0.052762799
v -0.010004275 -0.027348449 0.052810841
v -0.010031542 -0.027348449 0.052849646
v -0.010065874 -0.027348449 0.052878923
v -0.010108644 -0.027348449 0.052899308
v -0.010159301 -0.027348449 0.052911201
v -0.010159301 -0.0292731 0.052911201
v -0.010109097 -0.0292731 0.052899451
v -0.010066663 -0.0292731 0.052879429
v -0.010032234 -0.0292731 0.052850413
v -0.010004584 -0.0292731 0.052811403
v -0.0099831003 -0.0292731 0.052762799
v -0.0118677 -0.023813801 0.052400799
v -0.0136438 -0.023813801 0.050439801
v -0.0136438 -0.025738449 0.050439801
v -0.0118677 -0.025738449 0.052400799
v -0.010146 -0.027348449 0.0443256
v -0.0099759024 -0.027348449 0.04459084
v -0.0099831003 -0.027348449 0.045018902
v -0.0099831003 -0.0292731 0.045018902
v -0.0099753118 -0.0292731 0.04459372
v -0.010146 -0.0292731 0.0443256
v -0.0099831003 0.0115327 0.045018902
v -0.0099831003 0.0115327 0.052762799
v -0.0099831003 0.00960805 0.052762799
v -0.0099831003 0.00960805 0.045018902
v -0.013679055 0.0131427 0.050415187
v -0.013679055 0.0115327 0.050415187
v -0.013455532 0.0115327 0.0503441
v -0.01314401 0.0115327 0.050328312
v -0.012790861 0.0115327 0.050322933
v -0.012537 0.0115327 0.050143399
v -0.012537 0.0131427 0.050143399
v -0.012790861 0.0131427 0.050322933
v -0.01314401 0.0131427 0.050328312
v -0.013455532 0.0131427 0.0503441
v -0.0099831003 0.02213665 0.045018902
v -0.0099831003 0.02213665 0.052762799
v -0.0099831003 0.020211999 0.052762799
v -0.0099831003 0.020211999 0.045018902
v -0.010159301 -0.0026058999 0.052911201
v -0.0112432 -0.0026058999 0.052911201
v -0.0112432 -0.0045305499 0.052911201
v -0.010159301 -0.0045305499 0.052911201
v -0.0100087 0.025671301 0.071480498
v -0.0100087 0.025671301 0.0716045
v -0.0100087 0.02374665 0.0716045
v -0.0100087 0.02374665 0.071480498
v -0.012507082 0.027281301 0.073872852
v -0.012507082 0.025671301 0.073872852
v -0.012516537 0.025671301 0.073522558
v -0.012529178 0.025671301 0.073051796
v -0.0124895 0.025671301 0.072159901
v -0.0124895 0.027281301 0.072159901
v -0.012529178 0.027281301 0.073051796
v -0.012516537 0.027281301 0.073522558
v -0.010159301 0.02213665 0.052911201
v -0.0112432 0.02213665 0.052911201
v -0.0112432 0.020211999 0.052911201
v -0.010159301 0.020211999 0.052911201
v -0.009996503 -0.0167445 0.052795639
v -0.009996503 -0.01866915 0.052795639
v -0.0099831003 -0.01866915 0.052762799
v -0.0099831003 -0.0167445 0.052762799
v -0.0101869 -0.0167445 0.0527597
v -0.010140328 -0.0167445 0.052750783
v -0.010087509 -0.0167445 0.052750726
v -0.010037535 -0.0167445 0.052766175
v -0.009996503 -0.0167445 0.052795639
v -0.0099831003 -0.0167445 0.052762799
v -0.0099831003 -0.0167445 0.045018902
v -0.0099759024 -0.0167445 0.04459084
v -0.010146 -0.0167445 0.0443256
v -0.0132595 -0.0167445 0.045248799
v -0.013279898 -0.0167445 0.045254116
v -0.013056375 -0.0167445 0.045347772
v -0.012576048 -0.0167445 0.045439129
v -0.012460285 -0.0167445 0.045646539
v -0.01248201 -0.0167445 0.045966954
v -0.012537 -0.0167445 0.046556301
v -0.012537 -0.0167445 0.050143399
v -0.012730563 -0.0167445 0.050304651
v -0.013000251 -0.0167445 0.050337563
v -0.013506233 -0.0167445 0.050361061
v -0.011427799 -0.0167445 0.052648401
v -0.01122 -0.0167445 0.0527597
v -0.0100087 0.0044633999 0.071480498
v -0.0100087 0.0044633999 0.0716045
v -0.0100087 0.0025387499 0.0716045
v -0.0100087 0.0025387499 0.071480498
v -0.012507082 0.0060733998 0.073872852
v -0.012507082 0.0044633999 0.073872852
v -0.012516537 0.0044633999 0.073522558
v -0.012529178 0.0044633999 0.073051796
v -0.0124895 0.0044633999 0.072159901
v -0.0124895 0.0060733998 0.072159901
v -0.012529178 0.0060733998 0.073051796
v -0.012516537 0.0060733998 0.073522558
v -0.013346953 0.0044633999 0.070406981
v -0.013346953 0.0060733998 0.070406981
v -0.013275433 0.0060733998 0.070470557
v -0.013058031 0.0060733998 0.070489669
v -0.0124895 0.0060733998 0.070624099
v -0.0124895 0.0044633999 0.070624099
v -0.013058031 0.0044633999 0.070489669
v -0.013275433 0.0044633999 0.070470557
v -0.0100087 0.01506735 0.071480498
v -0.0100087 0.01506735 0.0716045
v -0.0100087 0.0131427 0.0716045
v -0.0100087 0.0131427 0.071480498
v -0.0100994 0.0115327 0.069446001
v -0.0100015 0.0115327 0.069539199
v -0.0100015 0.00960805 0.069539199
v -0.0100994 0.00960805 0.069446001
v -0.013346953 0.0115327 0.070406981
v -0.013346953 0.0131427 0.070406981
v -0.013275433 0.0131427 0.070470557
v -0.013058031 0.0131427 0.070489669
v -0.0124895 0.0131427 0.070624099
v -0.0124895 0.0115327 0.070624099
v -0.013058031 0.0115327 0.070489669
v -0.013275433 0.0115327 0.070470557
v 0.0017134655 0.02217165 0.018048944
v 0.0017134655 0.02371165 0.018048944
v 0.001600834 0.02371165 0.018055419
v 0.0014591068 0.02371165 0.018031569
v 0.0012983435 0.02371165 0.01801546
v 0.0011228 0.02371165 0.0180231
v 0.0011228 0.02217165 0.0180231
v 0.0012983435 0.02217165 0.01801546
v 0.0014591068 0.02217165 0.018031569
v 0.001600834 0.02217165 0.018055419
v -0.0124895 -0.0292731 0.072159901
v -0.0124895 -0.0308831 0.072159901
v -0.0124895 -0.0308831 0.070624099
v -0.0124895 -0.0292731 0.070624099
v -0.013346953 -0.0292731 0.070406981
v -0.0100994 -0.0292731 0.069446001
v -0.0100015 -0.0292731 0.069539199
v -0.0100087 -0.0292731 0.071480498
v -0.0100087 -0.0292731 0.0716045
v -0.012507082 -0.0292731 0.073872852
v -0.012516537 -0.0292731 0.073522558
v -0.012529178 -0.0292731 0.073051796
v -0.0124895 -0.0292731 0.072159901
v -0.0124895 -0.0292731 0.070624099
v -0.013058031 -0.0292731 0.070489669
v -0.013275433 -0.0292731 0.070470557
v -0.0100015 -0.023813801 0.069539199
v -0.0100087 -0.023813801 0.071480498
v -0.0100087 -0.025738449 0.071480498
v -0.0100015 -0.025738449 0.069539199
v -0.0100994 -0.023813801 0.069446001
v -0.013346953 -0.023813801 0.070406981
v -0.013275433 -0.023813801 0.070470557
v -0.013058031 -0.023813801 0.070489669
v -0.0124895 -0.023813801 0.070624099
v -0.0124895 -0.023813801 0.072159901
v -0.012529178 -0.023813801 0.073051796
v -0.012516537 -0.023813801 0.073522558
v -0.012507082 -0.023813801 0.073872852
v -0.0100087 -0.023813801 0.0716045
v -0.0100087 -0.023813801 0.071480498
v -0.0100015 -0.023813801 0.069539199
v -0.0132595 -0.02027915 0.045248799
v -0.010146 -0.02027915 0.0443256
v -0.010146 -0.022203801 0.0443256
v -0.0132595 -0.022203801 0.045248799
v -0.012537 -0.01866915 0.050143399
v -0.012537 -0.02027915 0.050143399
v -0.012537 -0.02027915 0.046556301
v -0.012537 -0.01866915 0.046556301
v -0.010024558 -0.0167445 0.06951725
v -0.0100936 -0.0167445 0.069606099
v -0.01308709 -0.0167445 0.070487943
v -0.01289251 -0.0167445 0.070505438
v -0.012689248 -0.0167445 0.070548701
v -0.0124895 -0.0167445 0.070624099
v -0.0124895 -0.0167445 0.072159901
v -0.012529178 -0.0167445 0.073051796
v -0.012516537 -0.0167445 0.073522558
v -0.012507082 -0.0167445 0.073872852
v -0.0100087 -0.0167445 0.0716045
v -0.0100087 -0.0167445 0.071480498
v -0.0100015 -0.0167445 0.069539199
v -0.013346953 -0.0151345 0.070406981
v -0.0100994 -0.0151345 0.069446001
v -0.0100015 -0.0151345 0.069539199
v -0.0100087 -0.0151345 0.071480498
v -0.0100087 -0.0151345 0.0716045
v -0.012507082 -0.0151345 0.073872852
v -0.012516537 -0.0151345 0.073522558
v -0.012529178 -0.0151345 0.073051796
v -0.0124895 -0.0151345 0.072159901
v -0.0124895 -0.0151345 0.070624099
v -0.013058031 -0.0151345 0.070489669
v -0.013275433 -0.0151345 0.070470557
v -0.0100994 -0.0026058999 0.069446001
v -0.013346953 -0.0026058999 0.070406981
v -0.013275433 -0.0026058999 0.070470557
v -0.013058031 -0.0026058999 0.070489669
v -0.0124895 -0.0026058999 0.070624099
v -0.0124895 -0.0026058999 0.072159901
v -0.012529178 -0.0026058999 0.073051796
v -0.012516537 -0.0026058999 0.073522558
v -0.012507082 -0.0026058999 0.073872852
v -0.0100087 -0.0026058999 0.0716045
v -0.0100087 -0.0026058999 0.071480498
v -0.0100015 -0.0026058999 0.069539199
v 0.0099831003 0.0079980499 0.052762799
v 0.0099831003 0.0079980499 0.045018902
v 0.0099831003 0.0060733998 0.045018902
v 0.0099831003 0.0060733998 0.052762799
v 0.0124895 0.0079980499 0.072159901
v 0.0124895 0.00960805 0.072159901
v 0.0124895 0.00960805 0.070624099
v 0.0124895 0.0079980499 0.070624099
v 0.0099831003 0.0044633999 0.045018902
v 0.0099759024 0.0044633999 0.04459084
v 0.010146 0.0044633999 0.0443256
v 0.010146 0.0025387499 0.0443256
v 0.0099753118 0.0025387499 0.04459372
v 0.0099831003 0.0025387499 0.045018902
v 0.010159301 0.0044633999 0.052911201
v 0.010108644 0.0044633999 0.052899308
v 0.010065874 0.0044633999 0.052878923
v 0.010031542 0.0044633999 0.052849646
v 0.010004275 0.0044633999 0.052810841
v 0.0099831003 0.0044633999 0.052762799
v 0.0099831003 0.0025387499 0.052762799
v 0.010004584 0.0025387499 0.052811403
v 0.010032234 0.0025387499 0.052850413
v 0.010066663 0.0025387499 0.052879429
v 0.010109097 0.0025387499 0.052899451
v 0.010159301 0.0025387499 0.052911201
v 0.0136438 0.0079980499 0.050439801
v 0.0118677 0.0079980499 0.052400799
v 0.0118677 0.0060733998 0.052400799
v 0.0136438 0.0060733998 0.050439801
v 0.013279898 -0.0061405498 0.045254116
v 0.0132595 -0.0061405498 0.045248799
v 0.010146 -0.0061405498 0.0443256
v 0.0099759024 -0.0061405498 0.04459084
v 0.0099831003 -0.0061405498 0.045018902
v 0.0099831003 -0.0061405498 0.052762799
v 0.010004275 -0.0061405498 0.052810841
v 0.010031542 -0.0061405498 0.052849646
v 0.010065874 -0.0061405498 0.052878923
v 0.010108644 -0.0061405498 0.052899308
v 0.010159301 -0.0061405498 0.052911201
v 0.0112432 -0.0061405498 0.052911201
v 0.01157071 -0.0061405498 0.052725511
v 0.011690036 -0.0061405498 0.052615037
v 0.0118677 -0.0061405498 0.052400799
v 0.0136438 -0.0061405498 0.050439801
v 0.013679055 -0.0061405498 0.050415187
v 0.013455532 -0.0061405498 0.0503441
v 0.01314401 -0.0061405498 0.050328312
v 0.012790861 -0.0061405498 0.050322933
v 0.012537 -0.0061405498 0.050143399
v 0.012537 -0.0061405498 0.046556301
v 0.01248201 -0.0061405498 0.045966954
v 0.012460285 -0.0061405498 0.045646539
v 0.012576048 -0.0061405498 0.045439129
v 0.013056375 -0.0061405498 0.045347772
v 0.010146 -0.0061405498 0.0443256
v 0.0132595 -0.0061405498 0.045248799
v 0.0132595 -0.0080651999 0.045248799
v 0.010146 -0.0080651999 0.0443256
v 0.013679055 -0.0061405498 0.050415187
v 0.013679055 -0.0045305499 0.050415187
v 0.013455532 -0.0045305499 0.0503441
v 0.01314401 -0.0045305499 0.050328312
v 0.012790861 -0.0045305499 0.050322933
v 0.012537 -0.0045305499 0.050143399
v 0.012537 -0.0061405498 0.050143399
v 0.012790861 -0.0061405498 0.050322933
v 0.01314401 -0.0061405498 0.050328312
v 0.013455532 -0.0061405498 0.0503441
v 0.0118677 -0.0026058999 0.052400799
v 0.011690036 -0.0026058999 0.052615037
v 0.01157071 -0.0026058999 0.052725511
v 0.0112432 -0.0026058999 0.052911201
v 0.0112432 -0.0045305499 0.052911201
v 0.01157071 -0.0045305499 0.052725511
v 0.011690036 -0.0045305499 0.052615037
v 0.0118677 -0.0045305499 0.052400799
v 0.0118677 -0.027348449 0.052400799
v 0.011690036 -0.027348449 0.052615037
v 0.01157071 -0.027348449 0.052725511
v 0.0112432 -0.027348449 0.052911201
v 0.0112432 -0.0292731 0.052911201
v 0.01157071 -0.0292731 0.052725511
v 0.011690036 -0.0292731 0.052615037
v 0.0118677 -0.0292731 0.052400799
v 0.013679055 -0.027348449 0.050415187
v 0.013679055 -0.025738449 0.050415187
v 0.013455532 -0.025738449 0.0503441
v 0.01314401 -0.025738449 0.050328312
v 0.012790861 -0.025738449 0.050322933
v 0.012537 -0.025738449 0.050143399
v 0.012537 -0.027348449 0.050143399
v 0.012790861 -0.027348449 0.050322933
v 0.01314401 -0.027348449 0.050328312
v 0.013455532 -0.027348449 0.0503441
v 0.0124895 -0.027348449 0.072159901
v 0.0124895 -0.025738449 0.072159901
v 0.0124895 -0.025738449 0.070624099
v 0.0124895 -0.027348449 0.070624099
v 0.012537 -0.023813801 0.050143399
v 0.012537 -0.022203801 0.050143399
v 0.012537 -0.022203801 0.046556301
v 0.012537 -0.023813801 0.046556301
v 0.0099831003 -0.023813801 0.045018902
v 0.0099759024 -0.023813801 0.04459084
v 0.010146 -0.023813801 0.0443256
v 0.010146 -0.025738449 0.0443256
v 0.0099753118 -0.025738449 0.04459372
v 0.0099831003 -0.025738449 0.045018902
v 0.0118677 -0.01320985 0.052400799
v 0.011690036 -0.01320985 0.052615037
v 0.01157071 -0.01320985 0.052725511
v 0.0112432 -0.01320985 0.052911201
v 0.0112432 -0.0151345 0.052911201
v 0.01157071 -0.0151345 0.052725511
v 0.011690036 -0.0151345 0.052615037
v 0.0118677 -0.0151345 0.052400799
v 0.012537 -0.01320985 0.050143399
v 0.012537 -0.011599849 0.050143399
v 0.012537 -0.011599849 0.046556301
v 0.012537 -0.01320985 0.046556301
v 0.013679055 -0.01320985 0.050415187
v 0.013679055 -0.011599849 0.050415187
v 0.013455532 -0.011599849 0.0503441
v 0.01314401 -0.011599849 0.050328312
v 0.012790861 -0.011599849 0.050322933
v 0.012537 -0.011599849 0.050143399
v 0.012537 -0.01320985 0.050143399
v 0.012790861 -0.01320985 0.050322933
v 0.01314401 -0.01320985 0.050328312
v 0.013455532 -0.01320985 0.0503441
v 0.0100087 -0.0061405498 0.071480498
v 0.0100015 -0.0061405498 0.069539199
v 0.0100015 -0.0080651999 0.069539199
v 0.0100087 -0.0080651999 0.071480498
v 0.013346953 -0.0061405498 0.070406981
v 0.0100994 -0.0061405498 0.069446001
v 0.0100015 -0.0061405498 0.069539199
v 0.0100087 -0.0061405498 0.071480498
v 0.0100087 -0.0061405498 0.0716045
v 0.012507082 -0.0061405498 0.073872852
v 0.012516537 -0.0061405498 0.073522558
v 0.012529178 -0.0061405498 0.073051796
v 0.0124895 -0.0061405498 0.072159901
v 0.0124895 -0.0061405498 0.070624099
v 0.013058031 -0.0061405498 0.070489669
v 0.013275433 -0.0061405498 0.070470557
v 0.0124895 -0.01320985 0.072159901
v 0.0124895 -0.011599849 0.072159901
v 0.0124895 -0.011599849 0.070624099
v 0.0124895 -0.01320985 0.070624099
v 0.0100994 -0.011599849 0.069446001
v 0.013346953 -0.011599849 0.070406981
v 0.013275433 -0.011599849 0.070470557
v 0.013058031 -0.011599849 0.070489669
v 0.0124895 -0.011599849 0.070624099
v 0.0124895 -0.011599849 0.072159901
v 0.012529178 -0.011599849 0.073051796
v 0.012516537 -0.011599849 0.073522558
v 0.012507082 -0.011599849 0.073872852
v 0.0100087 -0.011599849 0.0716045
v 0.0100087 -0.011599849 0.071480498
v 0.0100015 -0.011599849 0.069539199
v 0.0099831003 -0.027348449 0.052762799
v 0.0099831003 -0.027348449 0.045018902
v 0.0099831003 -0.0292731 0.045018902
v 0.0099831003 -0.0292731 0.052762799
v 0.012537 -0.027348449 0.050143399
v 0.012537 -0.025738449 0.050143399
v 0.012537 -0.025738449 0.046556301
v 0.012537 -0.027348449 0.046556301
v 0.013279898 -0.025738449 0.045254116
v 0.013279898 -0.027348449 0.045254116
v 0.013056375 -0.027348449 0.045347772
v 0.012576048 -0.027348449 0.045439129
v 0.012460285 -0.027348449 0.045646539
v 0.01248201 -0.027348449 0.045966954
v 0.012537 -0.027348449 0.046556301
v 0.012537 -0.025738449 0.046556301
v 0.01248201 -0.025738449 0.045966954
v 0.012460285 -0.025738449 0.045646539
v 0.012576048 -0.025738449 0.045439129
v 0.013056375 -0.025738449 0.045347772
v -0.010159301 -0.027348449 0.052911201
v -0.0112432 -0.027348449 0.052911201
v -0.0112432 -0.0292731 0.052911201
v -0.010159301 -0.0292731 0.052911201
v -0.013279898 -0.025738449 0.045254116
v -0.0132595 -0.025738449 0.045248799
v -0.010146 -0.025738449 0.0443256
v -0.0099753118 -0.025738449 0.04459372
v -0.0099831003 -0.025738449 0.045018902
v -0.0099831003 -0.025738449 0.052762799
v -0.010004584 -0.025738449 0.052811403
v -0.010032234 -0.025738449 0.052850413
v -0.010066663 -0.025738449 0.052879429
v -0.010109097 -0.025738449 0.052899451
v -0.010159301 -0.025738449 0.052911201
v -0.0112432 -0.025738449 0.052911201
v -0.01157071 -0.025738449 0.052725511
v -0.011690036 -0.025738449 0.052615037
v -0.0118677 -0.025738449 0.052400799
v -0.0136438 -0.025738449 0.050439801
v -0.013679055 -0.025738449 0.050415187
v -0.013455532 -0.025738449 0.0503441
v -0.01314401 -0.025738449 0.050328312
v -0.012790861 -0.025738449 0.050322933
v -0.012537 -0.025738449 0.050143399
v -0.012537 -0.025738449 0.046556301
v -0.01248201 -0.025738449 0.045966954
v -0.012460285 -0.025738449 0.045646539
v -0.012576048 -0.025738449 0.045439129
v -0.013056375 -0.025738449 0.045347772
v -0.0132595 -0.027348449 0.045248799
v -0.010146 -0.027348449 0.0443256
v -0.010146 -0.0292731 0.0443256
v -0.0132595 -0.0292731 0.045248799
v -0.012507082 -0.032807751 0.073872852
v -0.012507082 -0.034417751 0.073872852
v -0.012516537 -0.034417751 0.073522558
v -0.012529178 -0.034417751 0.073051796
v -0.0124895 -0.034417751 0.072159901
v -0.0124895 -0.032807751 0.072159901
v -0.012529178 -0.032807751 0.073051796
v -0.012516537 -0.032807751 0.073522558
v -0.010146 0.0115327 0.0443256
v -0.0099759024 0.0115327 0.04459084
v -0.0099831003 0.0115327 0.045018902
v -0.0099831003 0.00960805 0.045018902
v -0.0099753118 0.00960805 0.04459372
v -0.010146 0.00960805 0.0443256
v -0.012537 0.0131427 0.050143399
v -0.012537 0.0115327 0.050143399
v -0.012537 0.0115327 0.046556301
v -0.012537 0.0131427 0.046556301
v -0.010146 0.02213665 0.0443256
v -0.0099759024 0.02213665 0.04459084
v -0.0099831003 0.02213665 0.045018902
v -0.0099831003 0.020211999 0.045018902
v -0.0099753118 0.020211999 0.04459372
v -0.010146 0.020211999 0.0443256
v -0.0099831003 -0.0026058999 0.052762799
v -0.010004275 -0.0026058999 0.052810841
v -0.010031542 -0.0026058999 0.052849646
v -0.010065874 -0.0026058999 0.052878923
v -0.010108644 -0.0026058999 0.052899308
v -0.010159301 -0.0026058999 0.052911201
v -0.010159301 -0.0045305499 0.052911201
v -0.010109097 -0.0045305499 0.052899451
v -0.010066663 -0.0045305499 0.052879429
v -0.010032234 -0.0045305499 0.052850413
v -0.010004584 -0.0045305499 0.052811403
v -0.0099831003 -0.0045305499 0.052762799
v -0.010146 0.00092874996 0.0443256
v -0.0099759024 0.00092874996 0.04459084
v -0.0099831003 0.00092874996 0.045018902
v -0.0099831003 -0.00099590003 0.045018902
v -0.0099753118 -0.00099590003 0.04459372
v -0.010146 -0.00099590003 0.0443256
v -0.012537 -0.00099590003 0.050143399
v -0.012537 -0.0026058999 0.050143399
v -0.012537 -0.0026058999 0.046556301
v -0.012537 -0.00099590003 0.046556301
v -0.0132595 0.00092874996 0.045248799
v -0.010146 0.00092874996 0.0443256
v -0.010146 -0.00099590003 0.0443256
v -0.0132595 -0.00099590003 0.045248799
v -0.0100015 0.025671301 0.069539199
v -0.0100087 0.025671301 0.071480498
v -0.0100087 0.02374665 0.071480498
v -0.0100015 0.02374665 0.069539199
v -0.0100994 0.025671301 0.069446001
v -0.013346953 0.025671301 0.070406981
v -0.013275433 0.025671301 0.070470557
v -0.013058031 0.025671301 0.070489669
v -0.0124895 0.025671301 0.070624099
v -0.0124895 0.025671301 0.072159901
v -0.012529178 0.025671301 0.073051796
v -0.012516537 0.025671301 0.073522558
v -0.012507082 0.025671301 0.073872852
v -0.0100087 0.025671301 0.0716045
v -0.0100087 0.025671301 0.071480498
v -0.0100015 0.025671301 0.069539199
v -0.013346953 0.025671301 0.070406981
v -0.013346953 0.027281301 0.070406981
v -0.013275433 0.027281301 0.070470557
v -0.013058031 0.027281301 0.070489669
v -0.0124895 0.027281301 0.070624099
v -0.0124895 0.025671301 0.070624099
v -0.013058031 0.025671301 0.070489669
v -0.013275433 0.025671301 0.070470557
v -0.013346953 0.027281301 0.070406981
v -0.0100994 0.027281301 0.069446001
v -0.0100015 0.027281301 0.069539199
v -0.0100087 0.027281301 0.071480498
v -0.0100087 0.027281301 0.0716045
v -0.012507082 0.027281301 0.073872852
v -0.012516537 0.027281301 0.073522558
v -0.012529178 0.027281301 0.073051796
v -0.0124895 0.027281301 0.072159901
v -0.0124895 0.027281301 0.070624099
v -0.013058031 0.027281301 0.070489669
v -0.013275433 0.027281301 0.070470557
v -0.0112432 0.02213665 0.052911201
v -0.01157071 0.02213665 0.052725511
v -0.011690036 0.02213665 0.052615037
v -0.0118677 0.02213665 0.052400799
v -0.0118677 0.020211999 0.052400799
v -0.011690036 0.020211999 0.052615037
v -0.01157071 0.020211999 0.052725511
v -0.0112432 0.020211999 0.052911201
v -0.012537 0.02374665 0.050143399
v -0.012537 0.02213665 0.050143399
v -0.012537 0.02213665 0.046556301
v -0.012537 0.02374665 0.046556301
v -0.0124895 0.0025387499 0.072159901
v -0.0124895 0.00092874996 0.072159901
v -0.0124895 0.00092874996 0.070624099
v -0.0124895 0.0025387499 0.070624099
v -0.0100087 0.00092874996 0.071480498
v -0.0100087 0.00092874996 0.0716045
v -0.0100087 -0.00099590003 0.0716045
v -0.0100087 -0.00099590003 0.071480498
v -0.0100015 0.0044633999 0.069539199
v -0.0100087 0.0044633999 0.071480498
v -0.0100087 0.0025387499 0.071480498
v -0.0100015 0.0025387499 0.069539199
v -0.0100994 0.0044633999 0.069446001
v -0.013346953 0.0044633999 0.070406981
v -0.013275433 0.0044633999 0.070470557
v -0.013058031 0.0044633999 0.070489669
v -0.0124895 0.0044633999 0.070624099
v -0.0124895 0.0044633999 0.072159901
v -0.012529178 0.0044633999 0.073051796
v -0.012516537 0.0044633999 0.073522558
v -0.012507082 0.0044633999 0.073872852
v -0.0100087 0.0044633999 0.0716045
v -0.0100087 0.0044633999 0.071480498
v -0.0100015 0.0044633999 0.069539199
v -0.0100015 0.01506735 0.069539199
v -0.0100087 0.01506735 0.071480498
v -0.0100087 0.0131427 0.071480498
v -0.0100015 0.0131427 0.069539199
v -0.013346953 0.0131427 0.070406981
v -0.0100994 0.0131427 0.069446001
v -0.0100015 0.0131427 0.069539199
v -0.0100087 0.0131427 0.071480498
v -0.0100087 0.0131427 0.0716045
v -0.012507082 0.0131427 0.073872852
v -0.012516537 0.0131427 0.073522558
v -0.012529178 0.0131427 0.073051796
v -0.0124895 0.0131427 0.072159901
v -0.0124895 0.0131427 0.070624099
v -0.013058031 0.0131427 0.070489669
v -0.013275433 0.0131427 0.070470557
v -0.010024558 0.00092874996 0.06951725
v -0.0100936 0.00092874996 0.069606099
v -0.01308709 0.00092874996 0.070487943
v -0.01289251 0.00092874996 0.070505438
v -0.012689248 0.00092874996 0.070548701
v -0.0124895 0.00092874996 0.070624099
v -0.0124895 0.00092874996 0.072159901
v -0.012529178 0.00092874996 0.073051796
v -0.012516537 0.00092874996 0.073522558
v -0.012507082 0.00092874996 0.073872852
v -0.0100087 0.00092874996 0.0716045
v -0.0100087 0.00092874996 0.071480498
v -0.0100015 0.00092874996 0.069539199
v -0.010024558 -0.00099590003 0.06951725
v -0.0100936 -0.00099590003 0.069606099
v -0.0100936 -0.00099849999 0.069606099
v -0.0099751002 -0.00099849999 0.069453602
v -0.0099751002 0.00093149997 0.069453602
v -0.0100936 0.00093149997 0.069606099
v -0.0100936 0.00092874996 0.069606099
v -0.010024558 0.00092874996 0.06951725
v 0.00016759999 0.02371165 0.0196112
v -0.00040560942 0.02371165 0.019570636
v -0.00078882322 0.02371165 0.019425513
v -0.0012416627 0.02371165 0.019078451
v -0.0015484141 0.02371165 0.018635591
v -0.0017099179 0.02371165 0.018018194
v -0.0015623884 0.02371165 0.018085564
v -0.0013489805 0.02371165 0.018055273
v -0.0008783 0.02371165 0.0180231
v 0.0011228 0.02371165 0.0180231
v 0.0012983435 0.02371165 0.01801546
v 0.0014591068 0.02371165 0.018031569
v 0.001600834 0.02371165 0.018055419
v 0.0017134655 0.02371165 0.018048944
v 0.0014943719 0.02371165 0.018742309
v 0.0010458807 0.02371165 0.019259725
v 0.0006170452 0.02371165 0.019503553
v -0.0100087 -0.0308831 0.071480498
v -0.0100087 -0.0308831 0.0716045
v -0.0100087 -0.032807751 0.0716045
v -0.0100087 -0.032807751 0.071480498
v -0.012507082 -0.0292731 0.073872852
v -0.012507082 -0.0308831 0.073872852
v -0.012516537 -0.0308831 0.073522558
v -0.012529178 -0.0308831 0.073051796
v -0.0124895 -0.0308831 0.072159901
v -0.0124895 -0.0292731 0.072159901
v -0.012529178 -0.0292731 0.073051796
v -0.012516537 -0.0292731 0.073522558
v -0.013346953 -0.0308831 0.070406981
v -0.013346953 -0.0292731 0.070406981
v -0.013275433 -0.0292731 0.070470557
v -0.013058031 -0.0292731 0.070489669
v -0.0124895 -0.0292731 0.070624099
v -0.0124895 -0.0308831 0.070624099
v -0.013058031 -0.0308831 0.070489669
v -0.013275433 -0.0308831 0.070470557
v -0.0100087 -0.02027915 0.071480498
v -0.0100087 -0.02027915 0.0716045
v -0.0100087 -0.022203801 0.0716045
v -0.0100087 -0.022203801 0.071480498
v -0.0100994 -0.023813801 0.069446001
v -0.0100015 -0.023813801 0.069539199
v -0.0100015 -0.025738449 0.069539199
v -0.0100994 -0.025738449 0.069446001
v -0.013346953 -0.023813801 0.070406981
v -0.013346953 -0.022203801 0.070406981
v -0.013275433 -0.022203801 0.070470557
v -0.013058031 -0.022203801 0.070489669
v -0.0124895 -0.022203801 0.070624099
v -0.0124895 -0.023813801 0.070624099
v -0.013058031 -0.023813801 0.070489669
v -0.013275433 -0.023813801 0.070470557
v -0.011427799 -0.01866915 0.052648401
v -0.013506233 -0.01866915 0.050361061
v -0.013000251 -0.01866915 0.050337563
v -0.012730563 -0.01866915 0.050304651
v -0.012537 -0.01866915 0.050143399
v -0.012537 -0.01866915 0.046556301
v -0.01248201 -0.01866915 0.045966954
v -0.012460285 -0.01866915 0.045646539
v -0.012576048 -0.01866915 0.045439129
v -0.013056375 -0.01866915 0.045347772
v -0.013279898 -0.01866915 0.045254116
v -0.0132595 -0.01866915 0.045248799
v -0.010146 -0.01866915 0.0443256
v -0.0099753118 -0.01866915 0.04459372
v -0.0099831003 -0.01866915 0.045018902
v -0.0099831003 -0.01866915 0.052762799
v -0.009996503 -0.01866915 0.052795639
v -0.010037916 -0.01866915 0.05276598
v -0.010088151 -0.01866915 0.05275064
v -0.010141007 -0.01866915 0.052750854
v -0.0101869 -0.01866915 0.0527597
v -0.01122 -0.01866915 0.0527597
v -0.0132595 -0.02027915 0.045248799
v -0.013279898 -0.02027915 0.045254116
v -0.013056375 -0.02027915 0.045347772
v -0.012576048 -0.02027915 0.045439129
v -0.012460285 -0.02027915 0.045646539
v -0.01248201 -0.02027915 0.045966954
v -0.012537 -0.02027915 0.046556301
v -0.012537 -0.02027915 0.050143399
v -0.012790861 -0.02027915 0.050322933
v -0.01314401 -0.02027915 0.050328312
v -0.013455532 -0.02027915 0.0503441
v -0.013679055 -0.02027915 0.050415187
v -0.0136438 -0.02027915 0.050439801
v -0.0118677 -0.02027915 0.052400799
v -0.011690036 -0.02027915 0.052615037
v -0.01157071 -0.02027915 0.052725511
v -0.0112432 -0.02027915 0.052911201
v -0.010159301 -0.02027915 0.052911201
v -0.010108644 -0.02027915 0.052899308
v -0.010065874 -0.02027915 0.052878923
v -0.010031542 -0.02027915 0.052849646
v -0.010004275 -0.02027915 0.052810841
v -0.0099831003 -0.02027915 0.052762799
v -0.0099831003 -0.02027915 0.045018902
v -0.0099759024 -0.02027915 0.04459084
v -0.010146 -0.02027915 0.0443256
v -0.013506233 -0.0167445 0.050361061
v -0.013506233 -0.01674175 0.050361061
v -0.011427799 -0.01674175 0.052648401
v -0.011427799 -0.0167445 0.052648401
v -0.010024558 -0.01866915 0.06951725
v -0.010024558 -0.0167445 0.06951725
v -0.0100015 -0.0167445 0.069539199
v -0.0100015 -0.01866915 0.069539199
v -0.01308709 -0.0167445 0.070487943
v -0.0100936 -0.0167445 0.069606099
v -0.0100936 -0.01674175 0.069606099
v -0.01308709 -0.01674175 0.070487943
v -0.01308709 -0.00099849999 0.070487943
v -0.01308709 -0.00099590003 0.070487943
v -0.01289251 -0.00099590003 0.070505438
v -0.012689248 -0.00099590003 0.070548701
v -0.0124895 -0.00099590003 0.070624099
v -0.0124895 -0.0026058999 0.070624099
v -0.013058031 -0.0026058999 0.070489669
v -0.013275433 -0.0026058999 0.070470557
v -0.013346953 -0.0026058999 0.070406981
v -0.013346953 -0.00099849999 0.070406981
v -0.013269511 -0.00099849999 0.070471807
v -0.0017099179 -0.032842751 0.018018194
v -0.0017099179 -0.034382751 0.018018194
v -0.0015623884 -0.034382751 0.018085564
v -0.0013489805 -0.034382751 0.018055273
v -0.0008783 -0.034382751 0.0180231
v -0.0008783 -0.032842751 0.0180231
v -0.0013489805 -0.032842751 0.018055273
v -0.0015623884 -0.032842751 0.018085564
v 0.00016759999 -0.032842751 0.0196112
v -0.00040560942 -0.032842751 0.019570636
v -0.00078882322 -0.032842751 0.019425513
v -0.0012416627 -0.032842751 0.019078451
v -0.0015484141 -0.032842751 0.018635591
v -0.0017099179 -0.032842751 0.018018194
v -0.0015623884 -0.032842751 0.018085564
v -0.0013489805 -0.032842751 0.018055273
v -0.0008783 -0.032842751 0.0180231
v 0.0011228 -0.032842751 0.0180231
v 0.0012983435 -0.032842751 0.01801546
v 0.0014591068 -0.032842751 0.018031569
v 0.001600834 -0.032842751 0.018055419
v 0.0017134655 -0.032842751 0.018048944
v 0.0014943719 -0.032842751 0.018742309
v 0.0010458807 -0.032842751 0.019259725
v 0.0006170452 -0.032842751 0.019503553
v 0.012537 0.0079980499 0.050143399
v 0.012537 0.00960805 0.050143399
v 0.012537 0.00960805 0.046556301
v 0.012537 0.0079980499 0.046556301
v 0.0099831003 0.0079980499 0.045018902
v 0.0099759024 0.0079980499 0.04459084
v 0.010146 0.0079980499 0.0443256
v 0.010146 0.0060733998 0.0443256
v 0.0099753118 0.0060733998 0.04459372
v 0.0099831003 0.0060733998 0.045018902
v 0.0100087 0.0079980499 0.0716045
v 0.0100087 0.0079980499 0.071480498
v 0.0100087 0.0060733998 0.071480498
v 0.0100087 0.0060733998 0.0716045
v 0.012507082 0.0079980499 0.073872852
v 0.012507082 0.00960805 0.073872852
v 0.012516537 0.00960805 0.073522558
v 0.012529178 0.00960805 0.073051796
v 0.0124895 0.00960805 0.072159901
v 0.0124895 0.0079980499 0.072159901
v 0.012529178 0.0079980499 0.073051796
v 0.012516537 0.0079980499 0.073522558
v 0.010146 0.0044633999 0.0443256
v 0.0132595 0.0044633999 0.045248799
v 0.0132595 0.0025387499 0.045248799
v 0.010146 0.0025387499 0.0443256
v 0.0112432 0.0044633999 0.052911201
v 0.010159301 0.0044633999 0.052911201
v 0.010159301 0.0025387499 0.052911201
v 0.0112432 0.0025387499 0.052911201
v 0.0132595 0.0060733998 0.045248799
v 0.013279898 0.0060733998 0.045254116
v 0.013056375 0.0060733998 0.045347772
v 0.012576048 0.0060733998 0.045439129
v 0.012460285 0.0060733998 0.045646539
v 0.01248201 0.0060733998 0.045966954
v 0.012537 0.0060733998 0.046556301
v 0.012537 0.0060733998 0.050143399
v 0.012790861 0.0060733998 0.050322933
v 0.01314401 0.0060733998 0.050328312
v 0.013455532 0.0060733998 0.0503441
v 0.013679055 0.0060733998 0.050415187
v 0.0136438 0.0060733998 0.050439801
v 0.0118677 0.0060733998 0.052400799
v 0.011690036 0.0060733998 0.052615037
v 0.01157071 0.0060733998 0.052725511
v 0.0112432 0.0060733998 0.052911201
v 0.010159301 0.0060733998 0.052911201
v 0.010109097 0.0060733998 0.052899451
v 0.010066663 0.0060733998 0.052879429
v 0.010032234 0.0060733998 0.052850413
v 0.010004584 0.0060733998 0.052811403
v 0.0099831003 0.0060733998 0.052762799
v 0.0099831003 0.0060733998 0.045018902
v 0.0099753118 0.0060733998 0.04459372
v 0.010146 0.0060733998 0.0443256
v 0.013279898 -0.0045305499 0.045254116
v 0.013279898 -0.0061405498 0.045254116
v 0.013056375 -0.0061405498 0.045347772
v 0.012576048 -0.0061405498 0.045439129
v 0.012460285 -0.0061405498 0.045646539
v 0.01248201 -0.0061405498 0.045966954
v 0.012537 -0.0061405498 0.046556301
v 0.012537 -0.0045305499 0.046556301
v 0.01248201 -0.0045305499 0.045966954
v 0.012460285 -0.0045305499 0.045646539
v 0.012576048 -0.0045305499 0.045439129
v 0.013056375 -0.0045305499 0.045347772
v 0.0132595 -0.0045305499 0.045248799
v 0.013279898 -0.0045305499 0.045254116
v 0.013056375 -0.0045305499 0.045347772
v 0.012576048 -0.0045305499 0.045439129
v 0.012460285 -0.0045305499 0.045646539
v 0.01248201 -0.0045305499 0.045966954
v 0.012537 -0.0045305499 0.046556301
v 0.012537 -0.0045305499 0.050143399
v 0.012790861 -0.0045305499 0.050322933
v 0.01314401 -0.0045305499 0.050328312
v 0.013455532 -0.0045305499 0.0503441
v 0.013679055 -0.0045305499 0.050415187
v 0.0136438 -0.0045305499 0.050439801
v 0.0118677 -0.0045305499 0.052400799
v 0.011690036 -0.0045305499 0.052615037
v 0.01157071 -0.0045305499 0.052725511
v 0.0112432 -0.0045305499 0.052911201
v 0.010159301 -0.0045305499 0.052911201
v 0.010109097 -0.0045305499 0.052899451
v 0.010066663 -0.0045305499 0.052879429
v 0.010032234 -0.0045305499 0.052850413
v 0.010004584 -0.0045305499 0.052811403
v 0.0099831003 -0.0045305499 0.052762799
v 0.0099831003 -0.0045305499 0.045018902
v 0.0099753118 -0.0045305499 0.04459372
v 0.010146 -0.0045305499 0.0443256
v 0.0112432 -0.0026058999 0.052911201
v 0.010159301 -0.0026058999 0.052911201
v 0.010159301 -0.0045305499 0.052911201
v 0.0112432 -0.0045305499 0.052911201
v 0.0100087 -0.027348449 0.0716045
v 0.0100087 -0.027348449 0.071480498
v 0.0100087 -0.0292731 0.071480498
v 0.0100087 -0.0292731 0.0716045
v 0.012507082 -0.027348449 0.073872852
v 0.012507082 -0.025738449 0.073872852
v 0.012516537 -0.025738449 0.073522558
v 0.012529178 -0.025738449 0.073051796
v 0.0124895 -0.025738449 0.072159901
v 0.0124895 -0.027348449 0.072159901
v 0.012529178 -0.027348449 0.073051796
v 0.012516537 -0.027348449 0.073522558
v 0.013279898 -0.023813801 0.045254116
v 0.0132595 -0.023813801 0.045248799
v 0.010146 -0.023813801 0.0443256
v 0.0099759024 -0.023813801 0.04459084
v 0.0099831003 -0.023813801 0.045018902
v 0.0099831003 -0.023813801 0.052762799
v 0.010004275 -0.023813801 0.052810841
v 0.010031542 -0.023813801 0.052849646
v 0.010065874 -0.023813801 0.052878923
v 0.010108644 -0.023813801 0.052899308
v 0.010159301 -0.023813801 0.052911201
v 0.0112432 -0.023813801 0.052911201
v 0.01157071 -0.023813801 0.052725511
v 0.011690036 -0.023813801 0.052615037
v 0.0118677 -0.023813801 0.052400799
v 0.0136438 -0.023813801 0.050439801
v 0.013679055 -0.023813801 0.050415187
v 0.013455532 -0.023813801 0.0503441
v 0.01314401 -0.023813801 0.050328312
v 0.012790861 -0.023813801 0.050322933
v 0.012537 -0.023813801 0.050143399
v 0.012537 -0.023813801 0.046556301
v 0.01248201 -0.023813801 0.045966954
v 0.012460285 -0.023813801 0.045646539
v 0.012576048 -0.023813801 0.045439129
v 0.013056375 -0.023813801 0.045347772
v 0.010146 -0.023813801 0.0443256
v 0.0132595 -0.023813801 0.045248799
v 0.0132595 -0.025738449 0.045248799
v 0.010146 -0.025738449 0.0443256
v 0.013679055 -0.023813801 0.050415187
v 0.013679055 -0.022203801 0.050415187
v 0.013455532 -0.022203801 0.0503441
v 0.01314401 -0.022203801 0.050328312
v 0.012790861 -0.022203801 0.050322933
v 0.012537 -0.022203801 0.050143399
v 0.012537 -0.023813801 0.050143399
v 0.012790861 -0.023813801 0.050322933
v 0.01314401 -0.023813801 0.050328312
v 0.013455532 -0.023813801 0.0503441
v 0.013279898 -0.0151345 0.045254116
v 0.013279898 -0.0167445 0.045254116
v 0.013056375 -0.0167445 0.045347772
v 0.012576048 -0.0167445 0.045439129
v 0.012460285 -0.0167445 0.045646539
v 0.01248201 -0.0167445 0.045966954
v 0.012537 -0.0167445 0.046556301
v 0.012537 -0.0151345 0.046556301
v 0.01248201 -0.0151345 0.045966954
v 0.012460285 -0.0151345 0.045646539
v 0.012576048 -0.0151345 0.045439129
v 0.013056375 -0.0151345 0.045347772
v 0.013279898 -0.01320985 0.045254116
v 0.0132595 -0.01320985 0.045248799
v 0.010146 -0.01320985 0.0443256
v 0.0099759024 -0.01320985 0.04459084
v 0.0099831003 -0.01320985 0.045018902
v 0.0099831003 -0.01320985 0.052762799
v 0.010004275 -0.01320985 0.052810841
v 0.010031542 -0.01320985 0.052849646
v 0.010065874 -0.01320985 0.052878923
v 0.010108644 -0.01320985 0.052899308
v 0.010159301 -0.01320985 0.052911201
v 0.0112432 -0.01320985 0.052911201
v 0.01157071 -0.01320985 0.052725511
v 0.011690036 -0.01320985 0.052615037
v 0.0118677 -0.01320985 0.052400799
v 0.0136438 -0.01320985 0.050439801
v 0.013679055 -0.01320985 0.050415187
v 0.013455532 -0.01320985 0.0503441
v 0.01314401 -0.01320985 0.050328312
v 0.012790861 -0.01320985 0.050322933
v 0.012537 -0.01320985 0.050143399
v 0.012537 -0.01320985 0.046556301
v 0.01248201 -0.01320985 0.045966954
v 0.012460285 -0.01320985 0.045646539
v 0.012576048 -0.01320985 0.045439129
v 0.013056375 -0.01320985 0.045347772
v 0.0099831003 -0.0167445 0.052762799
v 0.0099831003 -0.0167445 0.045018902
v 0.0099831003 -0.01866915 0.045018902
v 0.0099831003 -0.01866915 0.052762799
v 0.012537 -0.0167445 0.050143399
v 0.012537 -0.0151345 0.050143399
v 0.012537 -0.0151345 0.046556301
v 0.012537 -0.0167445 0.046556301
v 0.0100087 -0.0026058999 0.0716045
v 0.0100087 -0.0026058999 0.071480498
v 0.0100087 -0.0045305499 0.071480498
v 0.0100087 -0.0045305499 0.0716045
v 0.0100015 -0.0061405498 0.069539199
v 0.0100994 -0.0061405498 0.069446001
v 0.0100994 -0.0080651999 0.069446001
v 0.0100015 -0.0080651999 0.069539199
v 0.013346953 -0.0045305499 0.070406981
v 0.013346953 -0.0061405498 0.070406981
v 0.013275433 -0.0061405498 0.070470557
v 0.013058031 -0.0061405498 0.070489669
v 0.0124895 -0.0061405498 0.070624099
v 0.0124895 -0.0045305499 0.070624099
v 0.013058031 -0.0045305499 0.070489669
v 0.013275433 -0.0045305499 0.070470557
v 0.0100087 -0.01320985 0.0716045
v 0.0100087 -0.01320985 0.071480498
v 0.0100087 -0.0151345 0.071480498
v 0.0100087 -0.0151345 0.0716045
v 0.012507082 -0.01320985 0.073872852
v 0.012507082 -0.011599849 0.073872852
v 0.012516537 -0.011599849 0.073522558
v 0.012529178 -0.011599849 0.073051796
v 0.0124895 -0.011599849 0.072159901
v 0.0124895 -0.01320985 0.072159901
v 0.012529178 -0.01320985 0.073051796
v 0.012516537 -0.01320985 0.073522558
v 0.013346953 -0.011599849 0.070406981
v 0.013346953 -0.01320985 0.070406981
v 0.013275433 -0.01320985 0.070470557
v 0.013058031 -0.01320985 0.070489669
v 0.0124895 -0.01320985 0.070624099
v 0.0124895 -0.011599849 0.070624099
v 0.013058031 -0.011599849 0.070489669
v 0.013275433 -0.011599849 0.070470557
v 0.0099831003 -0.027348449 0.045018902
v 0.0099759024 -0.027348449 0.04459084
v 0.010146 -0.027348449 0.0443256
v 0.010146 -0.0292731 0.0443256
v 0.0099753118 -0.0292731 0.04459372
v 0.0099831003 -0.0292731 0.045018902
v 0.013279898 -0.027348449 0.045254116
v 0.0132595 -0.027348449 0.045248799
v 0.010146 -0.027348449 0.0443256
v 0.0099759024 -0.027348449 0.04459084
v 0.0099831003 -0.027348449 0.045018902
v 0.0099831003 -0.027348449 0.052762799
v 0.010004275 -0.027348449 0.052810841
v 0.010031542 -0.027348449 0.052849646
v 0.010065874 -0.027348449 0.052878923
v 0.010108644 -0.027348449 0.052899308
v 0.010159301 -0.027348449 0.052911201
v 0.0112432 -0.027348449 0.052911201
v 0.01157071 -0.027348449 0.052725511
v 0.011690036 -0.027348449 0.052615037
v 0.0118677 -0.027348449 0.052400799
v 0.0136438 -0.027348449 0.050439801
v 0.013679055 -0.027348449 0.050415187
v 0.013455532 -0.027348449 0.0503441
v 0.01314401 -0.027348449 0.050328312
v 0.012790861 -0.027348449 0.050322933
v 0.012537 -0.027348449 0.050143399
v 0.012537 -0.027348449 0.046556301
v 0.01248201 -0.027348449 0.045966954
v 0.012460285 -0.027348449 0.045646539
v 0.012576048 -0.027348449 0.045439129
v 0.013056375 -0.027348449 0.045347772
v -0.010159301 0.025671301 0.052911201
v -0.0112432 0.025671301 0.052911201
v -0.0112432 0.02374665 0.052911201
v -0.010159301 0.02374665 0.052911201
v -0.0112432 0.025671301 0.052911201
v -0.01157071 0.025671301 0.052725511
v -0.011690036 0.025671301 0.052615037
v -0.0118677 0.025671301 0.052400799
v -0.0118677 0.02374665 0.052400799
v -0.011690036 0.02374665 0.052615037
v -0.01157071 0.02374665 0.052725511
v -0.0112432 0.02374665 0.052911201
v -0.013679055 0.02374665 0.050415187
v -0.013679055 0.02213665 0.050415187
v -0.013455532 0.02213665 0.0503441
v -0.01314401 0.02213665 0.050328312
v -0.012790861 0.02213665 0.050322933
v -0.012537 0.02213665 0.050143399
v -0.012537 0.02374665 0.050143399
v -0.012790861 0.02374665 0.050322933
v -0.01314401 0.02374665 0.050328312
v -0.013455532 0.02374665 0.0503441
v -0.010159301 -0.04148705 0.052911201
v -0.0112432 -0.04148705 0.052911201
v -0.0112432 -0.043411698 0.052911201
v -0.010159301 -0.043411698 0.052911201
v -0.0112432 -0.04148705 0.052911201
v -0.01157071 -0.04148705 0.052725511
v -0.011690036 -0.04148705 0.052615037
v -0.0118677 -0.04148705 0.052400799
v -0.0118677 -0.043411698 0.052400799
v -0.011690036 -0.043411698 0.052615037
v -0.01157071 -0.043411698 0.052725511
v -0.0112432 -0.043411698 0.052911201
v -0.0112432 -0.027348449 0.052911201
v -0.01157071 -0.027348449 0.052725511
v -0.011690036 -0.027348449 0.052615037
v -0.0118677 -0.027348449 0.052400799
v -0.0118677 -0.0292731 0.052400799
v -0.011690036 -0.0292731 0.052615037
v -0.01157071 -0.0292731 0.052725511
v -0.0112432 -0.0292731 0.052911201
v -0.012537 -0.025738449 0.050143399
v -0.012537 -0.027348449 0.050143399
v -0.012537 -0.027348449 0.046556301
v -0.012537 -0.025738449 0.046556301
v -0.013679055 -0.025738449 0.050415187
v -0.013679055 -0.027348449 0.050415187
v -0.013455532 -0.027348449 0.0503441
v -0.01314401 -0.027348449 0.050328312
v -0.012790861 -0.027348449 0.050322933
v -0.012537 -0.027348449 0.050143399
v -0.012537 -0.025738449 0.050143399
v -0.012790861 -0.025738449 0.050322933
v -0.01314401 -0.025738449 0.050328312
v -0.013455532 -0.025738449 0.0503441
v -0.0132595 0.0115327 0.045248799
v -0.010146 0.0115327 0.0443256
v -0.010146 0.00960805 0.0443256
v -0.0132595 0.00960805 0.045248799
v -0.0132595 0.0115327 0.045248799
v -0.013279898 0.0115327 0.045254116
v -0.013056375 0.0115327 0.045347772
v -0.012576048 0.0115327 0.045439129
v -0.012460285 0.0115327 0.045646539
v -0.01248201 0.0115327 0.045966954
v -0.012537 0.0115327 0.046556301
v -0.012537 0.0115327 0.050143399
v -0.012790861 0.0115327 0.050322933
v -0.01314401 0.0115327 0.050328312
v -0.013455532 0.0115327 0.0503441
v -0.013679055 0.0115327 0.050415187
v -0.0136438 0.0115327 0.050439801
v -0.0118677 0.0115327 0.052400799
v -0.011690036 0.0115327 0.052615037
v -0.01157071 0.0115327 0.052725511
v -0.0112432 0.0115327 0.052911201
v -0.010159301 0.0115327 0.052911201
v -0.010108644 0.0115327 0.052899308
v -0.010065874 0.0115327 0.052878923
v -0.010031542 0.0115327 0.052849646
v -0.010004275 0.0115327 0.052810841
v -0.0099831003 0.0115327 0.052762799
v -0.0099831003 0.0115327 0.045018902
v -0.0099759024 0.0115327 0.04459084
v -0.010146 0.0115327 0.0443256
v -0.0132595 0.02213665 0.045248799
v -0.010146 0.02213665 0.0443256
v -0.010146 0.020211999 0.0443256
v -0.0132595 0.020211999 0.045248799
v -0.013506233 -0.00099590003 0.050361061
v -0.011427799 -0.00099590003 0.052648401
v -0.011427799 -0.00099849999 0.052648401
v -0.013506233 -0.00099849999 0.050361061
v -0.0099831003 -0.0026058999 0.045018902
v -0.0099831003 -0.0026058999 0.052762799
v -0.0099831003 -0.0045305499 0.052762799
v -0.0099831003 -0.0045305499 0.045018902
v -0.0099831003 0.00092874996 0.045018902
v -0.0099831003 0.00092874996 0.052762799
v -0.0099831003 -0.00099590003 0.052762799
v -0.0099831003 -0.00099590003 0.045018902
v -0.0099751002 -0.00099849999 0.052818699
v -0.0099751002 0.00093149997 0.052818699
v -0.0099751002 0.00093149997 0.069453602
v -0.0099751002 -0.00099849999 0.069453602
v -0.0132595 -0.0026058999 0.045248799
v -0.013279898 -0.0026058999 0.045254116
v -0.013056375 -0.0026058999 0.045347772
v -0.012576048 -0.0026058999 0.045439129
v -0.012460285 -0.0026058999 0.045646539
v -0.01248201 -0.0026058999 0.045966954
v -0.012537 -0.0026058999 0.046556301
v -0.012537 -0.0026058999 0.050143399
v -0.012790861 -0.0026058999 0.050322933
v -0.01314401 -0.0026058999 0.050328312
v -0.013455532 -0.0026058999 0.0503441
v -0.013679055 -0.0026058999 0.050415187
v -0.0136438 -0.0026058999 0.050439801
v -0.0118677 -0.0026058999 0.052400799
v -0.011690036 -0.0026058999 0.052615037
v -0.01157071 -0.0026058999 0.052725511
v -0.0112432 -0.0026058999 0.052911201
v -0.010159301 -0.0026058999 0.052911201
v -0.010108644 -0.0026058999 0.052899308
v -0.010065874 -0.0026058999 0.052878923
v -0.010031542 -0.0026058999 0.052849646
v -0.010004275 -0.0026058999 0.052810841
v -0.0099831003 -0.0026058999 0.052762799
v -0.0099831003 -0.0026058999 0.045018902
v -0.0099759024 -0.0026058999 0.04459084
v -0.010146 -0.0026058999 0.0443256
v -0.013279898 0.0025387499 0.045254116
v -0.0132595 0.0025387499 0.045248799
v -0.010146 0.0025387499 0.0443256
v -0.0099753118 0.0025387499 0.04459372
v -0.0099831003 0.0025387499 0.045018902
v -0.0099831003 0.0025387499 0.052762799
v -0.010004584 0.0025387499 0.052811403
v -0.010032234 0.0025387499 0.052850413
v -0.010066663 0.0025387499 0.052879429
v -0.010109097 0.0025387499 0.052899451
v -0.010159301 0.0025387499 0.052911201
v -0.0112432 0.0025387499 0.052911201
v -0.01157071 0.0025387499 0.052725511
v -0.011690036 0.0025387499 0.052615037
v -0.0118677 0.0025387499 0.052400799
v -0.0136438 0.0025387499 0.050439801
v -0.013679055 0.0025387499 0.050415187
v -0.013455532 0.0025387499 0.0503441
v -0.01314401 0.0025387499 0.050328312
v -0.012790861 0.0025387499 0.050322933
v -0.012537 0.0025387499 0.050143399
v -0.012537 0.0025387499 0.046556301
v -0.01248201 0.0025387499 0.045966954
v -0.012460285 0.0025387499 0.045646539
v -0.012576048 0.0025387499 0.045439129
v -0.013056375 0.0025387499 0.045347772
v -0.0100994 0.025671301 0.069446001
v -0.0100015 0.025671301 0.069539199
v -0.0100015 0.02374665 0.069539199
v -0.0100994 0.02374665 0.069446001
v -0.0100087 0.029205949 0.071480498
v -0.0100087 0.029205949 0.0716045
v -0.0100087 0.027281301 0.0716045
v -0.0100087 0.027281301 0.071480498
v -0.0124895 0.030815949 0.072159901
v -0.0124895 0.029205949 0.072159901
v -0.0124895 0.029205949 0.070624099
v -0.0124895 0.030815949 0.070624099
v -0.0132595 0.02213665 0.045248799
v -0.013279898 0.02213665 0.045254116
v -0.013056375 0.02213665 0.045347772
v -0.012576048 0.02213665 0.045439129
v -0.012460285 0.02213665 0.045646539
v -0.01248201 0.02213665 0.045966954
v -0.012537 0.02213665 0.046556301
v -0.012537 0.02213665 0.050143399
v -0.012790861 0.02213665 0.050322933
v -0.01314401 0.02213665 0.050328312
v -0.013455532 0.02213665 0.0503441
v -0.013679055 0.02213665 0.050415187
v -0.0136438 0.02213665 0.050439801
v -0.0118677 0.02213665 0.052400799
v -0.011690036 0.02213665 0.052615037
v -0.01157071 0.02213665 0.052725511
v -0.0112432 0.02213665 0.052911201
v -0.010159301 0.02213665 0.052911201
v -0.010108644 0.02213665 0.052899308
v -0.010065874 0.02213665 0.052878923
v -0.010031542 0.02213665 0.052849646
v -0.010004275 0.02213665 0.052810841
v -0.0099831003 0.02213665 0.052762799
v -0.0099831003 0.02213665 0.045018902
v -0.0099759024 0.02213665 0.04459084
v -0.010146 0.02213665 0.0443256
v -0.0124895 0.01667735 0.072159901
v -0.0124895 0.01506735 0.072159901
v -0.0124895 0.01506735 0.070624099
v -0.0124895 0.01667735 0.070624099
v -0.0100015 0.00092874996 0.069539199
v -0.0100087 0.00092874996 0.071480498
v -0.0100087 -0.00099590003 0.071480498
v -0.0100015 -0.00099590003 0.069539199
v -0.0100994 0.0044633999 0.069446001
v -0.0100015 0.0044633999 0.069539199
v -0.0100015 0.0025387499 0.069539199
v -0.0100994 0.0025387499 0.069446001
v -0.0100994 0.01506735 0.069446001
v -0.0100015 0.01506735 0.069539199
v -0.0100015 0.0131427 0.069539199
v -0.0100994 0.0131427 0.069446001
v -0.010024558 -0.00099590003 0.06951725
v -0.010024558 0.00092874996 0.06951725
v -0.0100015 0.00092874996 0.069539199
v -0.0100015 -0.00099590003 0.069539199
v -0.014519176 0.00093149997 0.050126438
v -0.014519176 -0.00099849999 0.050126438
v -0.014436003 -0.00099849999 0.050456262
v -0.0144551 -0.00099849999 0.0508393
v -0.0144551 0.00093149997 0.0508393
v -0.014436003 0.00093149997 0.050456262
v -0.0008783 0.027246301 0.0180231
v -0.0008783 0.025706301 0.0180231
v 0.0011228 0.025706301 0.0180231
v 0.0011228 0.027246301 0.0180231
v -0.0017099179 0.027246301 0.018018194
v -0.0017099179 0.025706301 0.018018194
v -0.0015623884 0.025706301 0.018085564
v -0.0013489805 0.025706301 0.018055273
v -0.0008783 0.025706301 0.0180231
v -0.0008783 0.027246301 0.0180231
v -0.0013489805 0.027246301 0.018055273
v -0.0015623884 0.027246301 0.018085564
v -0.0124895 -0.032807751 0.072159901
v -0.0124895 -0.034417751 0.072159901
v -0.0124895 -0.034417751 0.070624099
v -0.0124895 -0.032807751 0.070624099
v -0.0100015 -0.0308831 0.069539199
v -0.0100087 -0.0308831 0.071480498
v -0.0100087 -0.032807751 0.071480498
v -0.0100015 -0.032807751 0.069539199
v -0.0100994 -0.0308831 0.069446001
v -0.013346953 -0.0308831 0.070406981
v -0.013275433 -0.0308831 0.070470557
v -0.013058031 -0.0308831 0.070489669
v -0.0124895 -0.0308831 0.070624099
v -0.0124895 -0.0308831 0.072159901
v -0.012529178 -0.0308831 0.073051796
v -0.012516537 -0.0308831 0.073522558
v -0.012507082 -0.0308831 0.073872852
v -0.0100087 -0.0308831 0.0716045
v -0.0100087 -0.0308831 0.071480498
v -0.0100015 -0.0308831 0.069539199
v -0.0124895 -0.01866915 0.072159901
v -0.0124895 -0.02027915 0.072159901
v -0.0124895 -0.02027915 0.070624099
v -0.0124895 -0.01866915 0.070624099
v -0.0100015 -0.02027915 0.069539199
v -0.0100087 -0.02027915 0.071480498
v -0.0100087 -0.022203801 0.071480498
v -0.0100015 -0.022203801 0.069539199
v -0.013346953 -0.022203801 0.070406981
v -0.0100994 -0.022203801 0.069446001
v -0.0100015 -0.022203801 0.069539199
v -0.0100087 -0.022203801 0.071480498
v -0.0100087 -0.022203801 0.0716045
v -0.012507082 -0.022203801 0.073872852
v -0.012516537 -0.022203801 0.073522558
v -0.012529178 -0.022203801 0.073051796
v -0.0124895 -0.022203801 0.072159901
v -0.0124895 -0.022203801 0.070624099
v -0.013058031 -0.022203801 0.070489669
v -0.013275433 -0.022203801 0.070470557
v -0.011427799 -0.01866915 0.052648401
v -0.01122 -0.01866915 0.0527597
v -0.01122 -0.01867175 0.0527597
v -0.011427799 -0.01867175 0.052648401
v -0.010024558 -0.01866915 0.06951725
v -0.0100936 -0.01866915 0.069606099
v -0.0100936 -0.01867175 0.069606099
v -0.0099751002 -0.01867175 0.069453602
v -0.0099751002 -0.01674175 0.069453602
v -0.0100936 -0.01674175 0.069606099
v -0.0100936 -0.0167445 0.069606099
v -0.010024558 -0.0167445 0.06951725
v -0.01308709 -0.01866915 0.070487943
v -0.0100936 -0.01866915 0.069606099
v -0.010024558 -0.01866915 0.06951725
v -0.0100015 -0.01866915 0.069539199
v -0.0100087 -0.01866915 0.071480498
v -0.0100087 -0.01866915 0.0716045
v -0.012507082 -0.01866915 0.073872852
v -0.012516537 -0.01866915 0.073522558
v -0.012529178 -0.01866915 0.073051796
v -0.0124895 -0.01866915 0.072159901
v -0.0124895 -0.01866915 0.070624099
v -0.012689248 -0.01866915 0.070548701
v -0.01289251 -0.01866915 0.070505438
v -0.01308709 -0.0167445 0.070487943
v -0.01308709 -0.01674175 0.070487943
v -0.013264936 -0.01674175 0.070472698
v -0.013346953 -0.01674175 0.070406981
v -0.013346953 -0.0151345 0.070406981
v -0.013275433 -0.0151345 0.070470557
v -0.013058031 -0.0151345 0.070489669
v -0.0124895 -0.0151345 0.070624099
v -0.0124895 -0.0167445 0.070624099
v -0.012689248 -0.0167445 0.070548701
v -0.01289251 -0.0167445 0.070505438
v -0.0100087 -0.034417751 0.071480498
v -0.0100087 -0.034417751 0.0716045
v -0.0100087 -0.036342399 0.0716045
v -0.0100087 -0.036342399 0.071480498
v -0.0124895 -0.043411698 0.072159901
v -0.0124895 -0.045021701 0.072159901
v -0.0124895 -0.045021701 0.070624099
v -0.0124895 -0.043411698 0.070624099
v -0.0008783 -0.032842751 0.0180231
v -0.0008783 -0.034382751 0.0180231
v 0.0011228 -0.034382751 0.0180231
v 0.0011228 -0.032842751 0.0180231
v 0.0017134655 -0.034382751 0.018048944
v 0.0017134655 -0.032842751 0.018048944
v 0.001600834 -0.032842751 0.018055419
v 0.0014591068 -0.032842751 0.018031569
v 0.0012983435 -0.032842751 0.01801546
v 0.0011228 -0.032842751 0.0180231
v 0.0011228 -0.034382751 0.0180231
v 0.0012983435 -0.034382751 0.01801546
v 0.0014591068 -0.034382751 0.018031569
v 0.001600834 -0.034382751 0.018055419
v 0.0112432 0.0115327 0.052911201
v 0.010159301 0.0115327 0.052911201
v 0.010159301 0.00960805 0.052911201
v 0.0112432 0.00960805 0.052911201
v 0.0118677 0.0115327 0.052400799
v 0.011690036 0.0115327 0.052615037
v 0.01157071 0.0115327 0.052725511
v 0.0112432 0.0115327 0.052911201
v 0.0112432 0.00960805 0.052911201
v 0.01157071 0.00960805 0.052725511
v 0.011690036 0.00960805 0.052615037
v 0.0118677 0.00960805 0.052400799
v 0.013279898 0.0079980499 0.045254116
v 0.0132595 0.0079980499 0.045248799
v 0.010146 0.0079980499 0.0443256
v 0.0099759024 0.0079980499 0.04459084
v 0.0099831003 0.0079980499 0.045018902
v 0.0099831003 0.0079980499 0.052762799
v 0.010004275 0.0079980499 0.052810841
v 0.010031542 0.0079980499 0.052849646
v 0.010065874 0.0079980499 0.052878923
v 0.010108644 0.0079980499 0.052899308
v 0.010159301 0.0079980499 0.052911201
v 0.0112432 0.0079980499 0.052911201
v 0.01157071 0.0079980499 0.052725511
v 0.011690036 0.0079980499 0.052615037
v 0.0118677 0.0079980499 0.052400799
v 0.0136438 0.0079980499 0.050439801
v 0.013679055 0.0079980499 0.050415187
v 0.013455532 0.0079980499 0.0503441
v 0.01314401 0.0079980499 0.050328312
v 0.012790861 0.0079980499 0.050322933
v 0.012537 0.0079980499 0.050143399
v 0.012537 0.0079980499 0.046556301
v 0.01248201 0.0079980499 0.045966954
v 0.012460285 0.0079980499 0.045646539
v 0.012576048 0.0079980499 0.045439129
v 0.013056375 0.0079980499 0.045347772
v 0.010146 0.0079980499 0.0443256
v 0.0132595 0.0079980499 0.045248799
v 0.0132595 0.0060733998 0.045248799
v 0.010146 0.0060733998 0.0443256
v 0.013679055 0.0079980499 0.050415187
v 0.013679055 0.00960805 0.050415187
v 0.013455532 0.00960805 0.0503441
v 0.01314401 0.00960805 0.050328312
v 0.012790861 0.00960805 0.050322933
v 0.012537 0.00960805 0.050143399
v 0.012537 0.0079980499 0.050143399
v 0.012790861 0.0079980499 0.050322933
v 0.01314401 0.0079980499 0.050328312
v 0.013455532 0.0079980499 0.0503441
v 0.013346953 0.00960805 0.070406981
v 0.013346953 0.0079980499 0.070406981
v 0.013275433 0.0079980499 0.070470557
v 0.013058031 0.0079980499 0.070489669
v 0.0124895 0.0079980499 0.070624099
v 0.0124895 0.00960805 0.070624099
v 0.013058031 0.00960805 0.070489669
v 0.013275433 0.00960805 0.070470557
v 0.0100994 0.00960805 0.069446001
v 0.013346953 0.00960805 0.070406981
v 0.013275433 0.00960805 0.070470557
v 0.013058031 0.00960805 0.070489669
v 0.0124895 0.00960805 0.070624099
v 0.0124895 0.00960805 0.072159901
v 0.012529178 0.00960805 0.073051796
v 0.012516537 0.00960805 0.073522558
v 0.012507082 0.00960805 0.073872852
v 0.0100087 0.00960805 0.0716045
v 0.0100087 0.00960805 0.071480498
v 0.0100015 0.00960805 0.069539199
v 0.0100087 0.0079980499 0.071480498
v 0.0100015 0.0079980499 0.069539199
v 0.0100015 0.0060733998 0.069539199
v 0.0100087 0.0060733998 0.071480498
v 0.013346953 0.0079980499 0.070406981
v 0.0100994 0.0079980499 0.069446001
v 0.0100015 0.0079980499 0.069539199
v 0.0100087 0.0079980499 0.071480498
v 0.0100087 0.0079980499 0.0716045
v 0.012507082 0.0079980499 0.073872852
v 0.012516537 0.0079980499 0.073522558
v 0.012529178 0.0079980499 0.073051796
v 0.0124895 0.0079980499 0.072159901
v 0.0124895 0.0079980499 0.070624099
v 0.013058031 0.0079980499 0.070489669
v 0.013275433 0.0079980499 0.070470557
v 0.0118677 0.0044633999 0.052400799
v 0.011690036 0.0044633999 0.052615037
v 0.01157071 0.0044633999 0.052725511
v 0.0112432 0.0044633999 0.052911201
v 0.0112432 0.0025387499 0.052911201
v 0.01157071 0.0025387499 0.052725511
v 0.011690036 0.0025387499 0.052615037
v 0.0118677 0.0025387499 0.052400799
v 0.012537 0.0044633999 0.050143399
v 0.012537 0.0060733998 0.050143399
v 0.012537 0.0060733998 0.046556301
v 0.012537 0.0044633999 0.046556301
v 0.013679055 0.0044633999 0.050415187
v 0.013679055 0.0060733998 0.050415187
v 0.013455532 0.0060733998 0.0503441
v 0.01314401 0.0060733998 0.050328312
v 0.012790861 0.0060733998 0.050322933
v 0.012537 0.0060733998 0.050143399
v 0.012537 0.0044633999 0.050143399
v 0.012790861 0.0044633999 0.050322933
v 0.01314401 0.0044633999 0.050328312
v 0.013455532 0.0044633999 0.0503441
v 0.0136438 -0.0026058999 0.050439801
v 0.0118677 -0.0026058999 0.052400799
v 0.0118677 -0.0045305499 0.052400799
v 0.0136438 -0.0045305499 0.050439801
v 0.013279898 -0.00099590003 0.045254116
v 0.013279898 -0.0026058999 0.045254116
v 0.013056375 -0.0026058999 0.045347772
v 0.012576048 -0.0026058999 0.045439129
v 0.012460285 -0.0026058999 0.045646539
v 0.01248201 -0.0026058999 0.045966954
v 0.012537 -0.0026058999 0.046556301
v 0.012537 -0.00099590003 0.046556301
v 0.01248201 -0.00099590003 0.045966954
v 0.012460285 -0.00099590003 0.045646539
v 0.012576048 -0.00099590003 0.045439129
v 0.013056375 -0.00099590003 0.045347772
v 0.010159301 -0.0026058999 0.052911201
v 0.010108644 -0.0026058999 0.052899308
v 0.010065874 -0.0026058999 0.052878923
v 0.010031542 -0.0026058999 0.052849646
v 0.010004275 -0.0026058999 0.052810841
v 0.0099831003 -0.0026058999 0.052762799
v 0.0099831003 -0.0045305499 0.052762799
v 0.010004584 -0.0045305499 0.052811403
v 0.010032234 -0.0045305499 0.052850413
v 0.010066663 -0.0045305499 0.052879429
v 0.010109097 -0.0045305499 0.052899451
v 0.010159301 -0.0045305499 0.052911201
v 0.012537 -0.0026058999 0.050143399
v 0.012537 -0.00099590003 0.050143399
v 0.012537 -0.00099590003 0.046556301
v 0.012537 -0.0026058999 0.046556301
v 0.0136438 -0.027348449 0.050439801
v 0.0118677 -0.027348449 0.052400799
v 0.0118677 -0.0292731 0.052400799
v 0.0136438 -0.0292731 0.050439801
v 0.013346953 -0.025738449 0.070406981
v 0.013346953 -0.027348449 0.070406981
v 0.013275433 -0.027348449 0.070470557
v 0.013058031 -0.027348449 0.070489669
v 0.0124895 -0.027348449 0.070624099
v 0.0124895 -0.025738449 0.070624099
v 0.013058031 -0.025738449 0.070489669
v 0.013275433 -0.025738449 0.070470557
v 0.0100994 -0.025738449 0.069446001
v 0.013346953 -0.025738449 0.070406981
v 0.013275433 -0.025738449 0.070470557
v 0.013058031 -0.025738449 0.070489669
v 0.0124895 -0.025738449 0.070624099
v 0.0124895 -0.025738449 0.072159901
v 0.012529178 -0.025738449 0.073051796
v 0.012516537 -0.025738449 0.073522558
v 0.012507082 -0.025738449 0.073872852
v 0.0100087 -0.025738449 0.0716045
v 0.0100087 -0.025738449 0.071480498
v 0.0100015 -0.025738449 0.069539199
v 0.0100087 -0.027348449 0.071480498
v 0.0100015 -0.027348449 0.069539199
v 0.0100015 -0.0292731 0.069539199
v 0.0100087 -0.0292731 0.071480498
v 0.013346953 -0.027348449 0.070406981
v 0.0100994 -0.027348449 0.069446001
v 0.0100015 -0.027348449 0.069539199
v 0.0100087 -0.027348449 0.071480498
v 0.0100087 -0.027348449 0.0716045
v 0.012507082 -0.027348449 0.073872852
v 0.012516537 -0.027348449 0.073522558
v 0.012529178 -0.027348449 0.073051796
v 0.0124895 -0.027348449 0.072159901
v 0.0124895 -0.027348449 0.070624099
v 0.013058031 -0.027348449 0.070489669
v 0.013275433 -0.027348449 0.070470557
v 0.0118677 -0.02027915 0.052400799
v 0.011690036 -0.02027915 0.052615037
v 0.01157071 -0.02027915 0.052725511
v 0.0112432 -0.02027915 0.052911201
v 0.0112432 -0.022203801 0.052911201
v 0.01157071 -0.022203801 0.052725511
v 0.011690036 -0.022203801 0.052615037
v 0.0118677 -0.022203801 0.052400799
v 0.013279898 -0.01866915 0.045254116
v 0.013279898 -0.02027915 0.045254116
v 0.013056375 -0.02027915 0.045347772
v 0.012576048 -0.02027915 0.045439129
v 0.012460285 -0.02027915 0.045646539
v 0.01248201 -0.02027915 0.045966954
v 0.012537 -0.02027915 0.046556301
v 0.012537 -0.01866915 0.046556301
v 0.01248201 -0.01866915 0.045966954
v 0.012460285 -0.01866915 0.045646539
v 0.012576048 -0.01866915 0.045439129
v 0.013056375 -0.01866915 0.045347772
v 0.013279898 -0.022203801 0.045254116
v 0.013279898 -0.023813801 0.045254116
v 0.013056375 -0.023813801 0.045347772
v 0.012576048 -0.023813801 0.045439129
v 0.012460285 -0.023813801 0.045646539
v 0.01248201 -0.023813801 0.045966954
v 0.012537 -0.023813801 0.046556301
v 0.012537 -0.022203801 0.046556301
v 0.01248201 -0.022203801 0.045966954
v 0.012460285 -0.022203801 0.045646539
v 0.012576048 -0.022203801 0.045439129
v 0.013056375 -0.022203801 0.045347772
v 0.0132595 -0.022203801 0.045248799
v 0.013279898 -0.022203801 0.045254116
v 0.013056375 -0.022203801 0.045347772
v 0.012576048 -0.022203801 0.045439129
v 0.012460285 -0.022203801 0.045646539
v 0.01248201 -0.022203801 0.045966954
v 0.012537 -0.022203801 0.046556301
v 0.012537 -0.022203801 0.050143399
v 0.012790861 -0.022203801 0.050322933
v 0.01314401 -0.022203801 0.050328312
v 0.013455532 -0.022203801 0.0503441
v 0.013679055 -0.022203801 0.050415187
v 0.0136438 -0.022203801 0.050439801
v 0.0118677 -0.022203801 0.052400799
v 0.011690036 -0.022203801 0.052615037
v 0.01157071 -0.022203801 0.052725511
v 0.0112432 -0.022203801 0.052911201
v 0.010159301 -0.022203801 0.052911201
v 0.010109097 -0.022203801 0.052899451
v 0.010066663 -0.022203801 0.052879429
v 0.010032234 -0.022203801 0.052850413
v 0.010004584 -0.022203801 0.052811403
v 0.0099831003 -0.022203801 0.052762799
v 0.0099831003 -0.022203801 0.045018902
v 0.0099753118 -0.022203801 0.04459372
v 0.010146 -0.022203801 0.0443256
v 0.0100087 -0.0167445 0.0716045
v 0.0100087 -0.0167445 0.071480498
v 0.0100087 -0.01866915 0.071480498
v 0.0100087 -0.01866915 0.0716045
v 0.0136438 -0.01320985 0.050439801
v 0.0118677 -0.01320985 0.052400799
v 0.0118677 -0.0151345 0.052400799
v 0.0136438 -0.0151345 0.050439801
v 0.0099831003 -0.0167445 0.045018902
v 0.0099759024 -0.0167445 0.04459084
v 0.010146 -0.0167445 0.0443256
v 0.010146 -0.01866915 0.0443256
v 0.0099753118 -0.01866915 0.04459372
v 0.0099831003 -0.01866915 0.045018902
v 0.0100087 -0.0026058999 0.071480498
v 0.0100015 -0.0026058999 0.069539199
v 0.0100015 -0.0045305499 0.069539199
v 0.0100087 -0.0045305499 0.071480498
v 0.0100994 -0.0045305499 0.069446001
v 0.013346953 -0.0045305499 0.070406981
v 0.013275433 -0.0045305499 0.070470557
v 0.013058031 -0.0045305499 0.070489669
v 0.0124895 -0.0045305499 0.070624099
v 0.0124895 -0.0045305499 0.072159901
v 0.012529178 -0.0045305499 0.073051796
v 0.012516537 -0.0045305499 0.073522558
v 0.012507082 -0.0045305499 0.073872852
v 0.0100087 -0.0045305499 0.0716045
v 0.0100087 -0.0045305499 0.071480498
v 0.0100015 -0.0045305499 0.069539199
v 0.0100087 -0.01320985 0.071480498
v 0.0100015 -0.01320985 0.069539199
v 0.0100015 -0.0151345 0.069539199
v 0.0100087 -0.0151345 0.071480498
v 0.013346953 -0.01320985 0.070406981
v 0.0100994 -0.01320985 0.069446001
v 0.0100015 -0.01320985 0.069539199
v 0.0100087 -0.01320985 0.071480498
v 0.0100087 -0.01320985 0.0716045
v 0.012507082 -0.01320985 0.073872852
v 0.012516537 -0.01320985 0.073522558
v 0.012529178 -0.01320985 0.073051796
v 0.0124895 -0.01320985 0.072159901
v 0.0124895 -0.01320985 0.070624099
v 0.013058031 -0.01320985 0.070489669
v 0.013275433 -0.01320985 0.070470557
v 0.010146 -0.027348449 0.0443256
v 0.0132595 -0.027348449 0.045248799
v 0.0132595 -0.0292731 0.045248799
v 0.010146 -0.0292731 0.0443256
v -0.0099831003 0.025671301 0.052762799
v -0.010004275 0.025671301 0.052810841
v -0.010031542 0.025671301 0.052849646
v -0.010065874 0.025671301 0.052878923
v -0.010108644 0.025671301 0.052899308
v -0.010159301 0.025671301 0.052911201
v -0.010159301 0.02374665 0.052911201
v -0.010109097 0.02374665 0.052899451
v -0.010066663 0.02374665 0.052879429
v -0.010032234 0.02374665 0.052850413
v -0.010004584 0.02374665 0.052811403
v -0.0099831003 0.02374665 0.052762799
v -0.013279898 0.02213665 0.045254116
v -0.013279898 0.02374665 0.045254116
v -0.013056375 0.02374665 0.045347772
v -0.012576048 0.02374665 0.045439129
v -0.012460285 0.02374665 0.045646539
v -0.01248201 0.02374665 0.045966954
v -0.012537 0.02374665 0.046556301
v -0.012537 0.02213665 0.046556301
v -0.01248201 0.02213665 0.045966954
v -0.012460285 0.02213665 0.045646539
v -0.012576048 0.02213665 0.045439129
v -0.013056375 0.02213665 0.045347772
v -0.013279898 0.02374665 0.045254116
v -0.0132595 0.02374665 0.045248799
v -0.010146 0.02374665 0.0443256
v -0.0099753118 0.02374665 0.04459372
v -0.0099831003 0.02374665 0.045018902
v -0.0099831003 0.02374665 0.052762799
v -0.010004584 0.02374665 0.052811403
v -0.010032234 0.02374665 0.052850413
v -0.010066663 0.02374665 0.052879429
v -0.010109097 0.02374665 0.052899451
v -0.010159301 0.02374665 0.052911201
v -0.0112432 0.02374665 0.052911201
v -0.01157071 0.02374665 0.052725511
v -0.011690036 0.02374665 0.052615037
v -0.0118677 0.02374665 0.052400799
v -0.0136438 0.02374665 0.050439801
v -0.013679055 0.02374665 0.050415187
v -0.013455532 0.02374665 0.0503441
v -0.01314401 0.02374665 0.050328312
v -0.012790861 0.02374665 0.050322933
v -0.012537 0.02374665 0.050143399
v -0.012537 0.02374665 0.046556301
v -0.01248201 0.02374665 0.045966954
v -0.012460285 0.02374665 0.045646539
v -0.012576048 0.02374665 0.045439129
v -0.013056375 0.02374665 0.045347772
v -0.010159301 0.04334455 0.052911201
v -0.0112432 0.04334455 0.052911201
v -0.0112432 0.041419902 0.052911201
v -0.010159301 0.041419902 0.052911201
v -0.012507082 0.030815949 0.073872852
v -0.012507082 0.029205949 0.073872852
v -0.012516537 0.029205949 0.073522558
v -0.012529178 0.029205949 0.073051796
v -0.0124895 0.029205949 0.072159901
v -0.0124895 0.030815949 0.072159901
v -0.012529178 0.030815949 0.073051796
v -0.012516537 0.030815949 0.073522558
v -0.0099831003 -0.04148705 0.052762799
v -0.010004275 -0.04148705 0.052810841
v -0.010031542 -0.04148705 0.052849646
v -0.010065874 -0.04148705 0.052878923
v -0.010108644 -0.04148705 0.052899308
v -0.010159301 -0.04148705 0.052911201
v -0.010159301 -0.043411698 0.052911201
v -0.010109097 -0.043411698 0.052899451
v -0.010066663 -0.043411698 0.052879429
v -0.010032234 -0.043411698 0.052850413
v -0.010004584 -0.043411698 0.052811403
v -0.0099831003 -0.043411698 0.052762799
v -0.0132595 -0.027348449 0.045248799
v -0.013279898 -0.027348449 0.045254116
v -0.013056375 -0.027348449 0.045347772
v -0.012576048 -0.027348449 0.045439129
v -0.012460285 -0.027348449 0.045646539
v -0.01248201 -0.027348449 0.045966954
v -0.012537 -0.027348449 0.046556301
v -0.012537 -0.027348449 0.050143399
v -0.012790861 -0.027348449 0.050322933
v -0.01314401 -0.027348449 0.050328312
v -0.013455532 -0.027348449 0.0503441
v -0.013679055 -0.027348449 0.050415187
v -0.0136438 -0.027348449 0.050439801
v -0.0118677 -0.027348449 0.052400799
v -0.011690036 -0.027348449 0.052615037
v -0.01157071 -0.027348449 0.052725511
v -0.0112432 -0.027348449 0.052911201
v -0.010159301 -0.027348449 0.052911201
v -0.010108644 -0.027348449 0.052899308
v -0.010065874 -0.027348449 0.052878923
v -0.010031542 -0.027348449 0.052849646
v -0.010004275 -0.027348449 0.052810841
v -0.0099831003 -0.027348449 0.052762799
v -0.0099831003 -0.027348449 0.045018902
v -0.0099759024 -0.027348449 0.04459084
v -0.010146 -0.027348449 0.0443256
v -0.013279898 -0.0308831 0.045254116
v -0.013279898 -0.0292731 0.045254116
v -0.013056375 -0.0292731 0.045347772
v -0.012576048 -0.0292731 0.045439129
v -0.012460285 -0.0292731 0.045646539
v -0.01248201 -0.0292731 0.045966954
v -0.012537 -0.0292731 0.046556301
v -0.012537 -0.0308831 0.046556301
v -0.01248201 -0.0308831 0.045966954
v -0.012460285 -0.0308831 0.045646539
v -0.012576048 -0.0308831 0.045439129
v -0.013056375 -0.0308831 0.045347772
v -0.013279898 0.0131427 0.045254116
v -0.0132595 0.0131427 0.045248799
v -0.010146 0.0131427 0.0443256
v -0.0099753118 0.0131427 0.04459372
v -0.0099831003 0.0131427 0.045018902
v -0.0099831003 0.0131427 0.052762799
v -0.010004584 0.0131427 0.052811403
v -0.010032234 0.0131427 0.052850413
v -0.010066663 0.0131427 0.052879429
v -0.010109097 0.0131427 0.052899451
v -0.010159301 0.0131427 0.052911201
v -0.0112432 0.0131427 0.052911201
v -0.01157071 0.0131427 0.052725511
v -0.011690036 0.0131427 0.052615037
v -0.0118677 0.0131427 0.052400799
v -0.0136438 0.0131427 0.050439801
v -0.013679055 0.0131427 0.050415187
v -0.013455532 0.0131427 0.0503441
v -0.01314401 0.0131427 0.050328312
v -0.012790861 0.0131427 0.050322933
v -0.012537 0.0131427 0.050143399
v -0.012537 0.0131427 0.046556301
v -0.01248201 0.0131427 0.045966954
v -0.012460285 0.0131427 0.045646539
v -0.012576048 0.0131427 0.045439129
v -0.013056375 0.0131427 0.045347772
v -0.013279898 0.0115327 0.045254116
v -0.013279898 0.0131427 0.045254116
v -0.013056375 0.0131427 0.045347772
v -0.012576048 0.0131427 0.045439129
v -0.012460285 0.0131427 0.045646539
v -0.01248201 0.0131427 0.045966954
v -0.012537 0.0131427 0.046556301
v -0.012537 0.0115327 0.046556301
v -0.01248201 0.0115327 0.045966954
v -0.012460285 0.0115327 0.045646539
v -0.012576048 0.0115327 0.045439129
v -0.013056375 0.0115327 0.045347772
v -0.010146 -0.0026058999 0.0443256
v -0.0099759024 -0.0026058999 0.04459084
v -0.0099831003 -0.0026058999 0.045018902
v -0.0099831003 -0.0045305499 0.045018902
v -0.0099753118 -0.0045305499 0.04459372
v -0.010146 -0.0045305499 0.0443256
v -0.013279898 -0.0026058999 0.045254116
v -0.013279898 -0.00099590003 0.045254116
v -0.013056375 -0.00099590003 0.045347772
v -0.012576048 -0.00099590003 0.045439129
v -0.012460285 -0.00099590003 0.045646539
v -0.01248201 -0.00099590003 0.045966954
v -0.012537 -0.00099590003 0.046556301
v -0.012537 -0.0026058999 0.046556301
v -0.01248201 -0.0026058999 0.045966954
v -0.012460285 -0.0026058999 0.045646539
v -0.012576048 -0.0026058999 0.045439129
v -0.013056375 -0.0026058999 0.045347772
v -0.012537 0.0025387499 0.050143399
v -0.012537 0.00092874996 0.050143399
v -0.012537 0.00092874996 0.046556301
v -0.012537 0.0025387499 0.046556301
v -0.0100936 -0.00099590003 0.069606099
v -0.01308709 -0.00099590003 0.070487943
v -0.01308709 -0.00099849999 0.070487943
v -0.0100936 -0.00099849999 0.069606099
v -0.012507082 0.020211999 0.073872852
v -0.012507082 0.018602 0.073872852
v -0.012516537 0.018602 0.073522558
v -0.012529178 0.018602 0.073051796
v -0.0124895 0.018602 0.072159901
v -0.0124895 0.020211999 0.072159901
v -0.012529178 0.020211999 0.073051796
v -0.012516537 0.020211999 0.073522558
v -0.0124895 0.02374665 0.072159901
v -0.0124895 0.02213665 0.072159901
v -0.0124895 0.02213665 0.070624099
v -0.0124895 0.02374665 0.070624099
v -0.013346953 0.02374665 0.070406981
v -0.0100994 0.02374665 0.069446001
v -0.0100015 0.02374665 0.069539199
v -0.0100087 0.02374665 0.071480498
v -0.0100087 0.02374665 0.0716045
v -0.012507082 0.02374665 0.073872852
v -0.012516537 0.02374665 0.073522558
v -0.012529178 0.02374665 0.073051796
v -0.0124895 0.02374665 0.072159901
v -0.0124895 0.02374665 0.070624099
v -0.013058031 0.02374665 0.070489669
v -0.013275433 0.02374665 0.070470557
v -0.0100015 0.029205949 0.069539199
v -0.0100087 0.029205949 0.071480498
v -0.0100087 0.027281301 0.071480498
v -0.0100015 0.027281301 0.069539199
v -0.0118677 0.02213665 0.052400799
v -0.0136438 0.02213665 0.050439801
v -0.0136438 0.020211999 0.050439801
v -0.0118677 0.020211999 0.052400799
v -0.012507082 0.01667735 0.073872852
v -0.012507082 0.01506735 0.073872852
v -0.012516537 0.01506735 0.073522558
v -0.012529178 0.01506735 0.073051796
v -0.0124895 0.01506735 0.072159901
v -0.0124895 0.01667735 0.072159901
v -0.012529178 0.01667735 0.073051796
v -0.012516537 0.01667735 0.073522558
v -0.01122 -0.0167445 0.0527597
v -0.011427799 -0.0167445 0.052648401
v -0.011427799 -0.01674175 0.052648401
v -0.01122 -0.01674175 0.0527597
v -0.013346953 0.0025387499 0.070406981
v -0.0100994 0.0025387499 0.069446001
v -0.0100015 0.0025387499 0.069539199
v -0.0100087 0.0025387499 0.071480498
v -0.0100087 0.0025387499 0.0716045
v -0.012507082 0.0025387499 0.073872852
v -0.012516537 0.0025387499 0.073522558
v -0.012529178 0.0025387499 0.073051796
v -0.0124895 0.0025387499 0.072159901
v -0.0124895 0.0025387499 0.070624099
v -0.013058031 0.0025387499 0.070489669
v -0.013275433 0.0025387499 0.070470557
v -0.01308709 -0.00099590003 0.070487943
v -0.0100936 -0.00099590003 0.069606099
v -0.010024558 -0.00099590003 0.06951725
v -0.0100015 -0.00099590003 0.069539199
v -0.0100087 -0.00099590003 0.071480498
v -0.0100087 -0.00099590003 0.0716045
v -0.012507082 -0.00099590003 0.073872852
v -0.012516537 -0.00099590003 0.073522558
v -0.012529178 -0.00099590003 0.073051796
v -0.0124895 -0.00099590003 0.072159901
v -0.0124895 -0.00099590003 0.070624099
v -0.012689248 -0.00099590003 0.070548701
v -0.01289251 -0.00099590003 0.070505438
v -0.0144551 -0.00099849999 0.0704321
v -0.0144551 0.00093149997 0.0704321
v -0.0144551 0.00093149997 0.0508393
v -0.0144551 -0.00099849999 0.0508393
v -0.0017099179 0.025706301 0.018018194
v -0.0015780129 0.025706301 0.018567621
v -0.0012623653 0.025706301 0.019056196
v -0.00067759603 0.025706301 0.019479625
v -0.00033694662 0.025706301 0.019585383
v 0.00016759999 0.025706301 0.0196112
v 0.00087720916 0.025706301 0.019374551
v 0.0011393947 0.025706301 0.019183298
v 0.0014213887 0.025706301 0.018862392
v 0.001617243 0.025706301 0.018463665
v 0.0017134655 0.025706301 0.018048944
v 0.001600834 0.025706301 0.018055419
v 0.0014591068 0.025706301 0.018031569
v 0.0012983435 0.025706301 0.01801546
v 0.0011228 0.025706301 0.0180231
v -0.0008783 0.025706301 0.0180231
v -0.0013489805 0.025706301 0.018055273
v -0.0015623884 0.025706301 0.018085564
v -0.0100015 -0.034417751 0.069539199
v -0.0100087 -0.034417751 0.071480498
v -0.0100087 -0.036342399 0.071480498
v -0.0100015 -0.036342399 0.069539199
v -0.0100994 -0.0308831 0.069446001
v -0.0100015 -0.0308831 0.069539199
v -0.0100015 -0.032807751 0.069539199
v -0.0100994 -0.032807751 0.069446001
v -0.012507082 -0.01866915 0.073872852
v -0.012507082 -0.02027915 0.073872852
v -0.012516537 -0.02027915 0.073522558
v -0.012529178 -0.02027915 0.073051796
v -0.0124895 -0.02027915 0.072159901
v -0.0124895 -0.01866915 0.072159901
v -0.012529178 -0.01866915 0.073051796
v -0.012516537 -0.01866915 0.073522558
v -0.0100994 -0.02027915 0.069446001
v -0.0100015 -0.02027915 0.069539199
v -0.0100015 -0.022203801 0.069539199
v -0.0100994 -0.022203801 0.069446001
v -0.0099751002 -0.01867175 0.052818699
v -0.0099751002 -0.01674175 0.052818699
v -0.0099751002 -0.01674175 0.069453602
v -0.0099751002 -0.01867175 0.069453602
v -0.0100936 -0.01866915 0.069606099
v -0.01308709 -0.01866915 0.070487943
v -0.01308709 -0.01867175 0.070487943
v -0.0100936 -0.01867175 0.069606099
v -0.013679055 -0.01674175 0.050415187
v -0.013506233 -0.01674175 0.050361061
v -0.013506233 -0.0167445 0.050361061
v -0.013000251 -0.0167445 0.050337563
v -0.012730563 -0.0167445 0.050304651
v -0.012537 -0.0167445 0.050143399
v -0.012537 -0.0151345 0.050143399
v -0.012790861 -0.0151345 0.050322933
v -0.01314401 -0.0151345 0.050328312
v -0.013455532 -0.0151345 0.0503441
v -0.013679055 -0.0151345 0.050415187
v -0.012507082 -0.043411698 0.073872852
v -0.012507082 -0.045021701 0.073872852
v -0.012516537 -0.045021701 0.073522558
v -0.012529178 -0.045021701 0.073051796
v -0.0124895 -0.045021701 0.072159901
v -0.0124895 -0.043411698 0.072159901
v -0.012529178 -0.043411698 0.073051796
v -0.012516537 -0.043411698 0.073522558
v -0.0017099179 -0.034382751 0.018018194
v -0.0015780129 -0.034382751 0.018567621
v -0.0012623653 -0.034382751 0.019056196
v -0.00067759603 -0.034382751 0.019479625
v -0.00033694662 -0.034382751 0.019585383
v 0.00016759999 -0.034382751 0.0196112
v 0.00087720916 -0.034382751 0.019374551
v 0.0011393947 -0.034382751 0.019183298
v 0.0014213887 -0.034382751 0.018862392
v 0.001617243 -0.034382751 0.018463665
v 0.0017134655 -0.034382751 0.018048944
v 0.001600834 -0.034382751 0.018055419
v 0.0014591068 -0.034382751 0.018031569
v 0.0012983435 -0.034382751 0.01801546
v 0.0011228 -0.034382751 0.0180231
v -0.0008783 -0.034382751 0.0180231
v -0.0013489805 -0.034382751 0.018055273
v -0.0015623884 -0.034382751 0.018085564
v 0.010159301 0.0115327 0.052911201
v 0.010108644 0.0115327 0.052899308
v 0.010065874 0.0115327 0.052878923
v 0.010031542 0.0115327 0.052849646
v 0.010004275 0.0115327 0.052810841
v 0.0099831003 0.0115327 0.052762799
v 0.0099831003 0.00960805 0.052762799
v 0.010004584 0.00960805 0.052811403
v 0.010032234 0.00960805 0.052850413
v 0.010066663 0.00960805 0.052879429
v 0.010109097 0.00960805 0.052899451
v 0.010159301 0.00960805 0.052911201
v 0.013279898 0.00960805 0.045254116
v 0.013279898 0.0079980499 0.045254116
v 0.013056375 0.0079980499 0.045347772
v 0.012576048 0.0079980499 0.045439129
v 0.012460285 0.0079980499 0.045646539
v 0.01248201 0.0079980499 0.045966954
v 0.012537 0.0079980499 0.046556301
v 0.012537 0.00960805 0.046556301
v 0.01248201 0.00960805 0.045966954
v 0.012460285 0.00960805 0.045646539
v 0.012576048 0.00960805 0.045439129
v 0.013056375 0.00960805 0.045347772
v 0.0132595 0.00960805 0.045248799
v 0.013279898 0.00960805 0.045254116
v 0.013056375 0.00960805 0.045347772
v 0.012576048 0.00960805 0.045439129
v 0.012460285 0.00960805 0.045646539
v 0.01248201 0.00960805 0.045966954
v 0.012537 0.00960805 0.046556301
v 0.012537 0.00960805 0.050143399
v 0.012790861 0.00960805 0.050322933
v 0.01314401 0.00960805 0.050328312
v 0.013455532 0.00960805 0.0503441
v 0.013679055 0.00960805 0.050415187
v 0.0136438 0.00960805 0.050439801
v 0.0118677 0.00960805 0.052400799
v 0.011690036 0.00960805 0.052615037
v 0.01157071 0.00960805 0.052725511
v 0.0112432 0.00960805 0.052911201
v 0.010159301 0.00960805 0.052911201
v 0.010109097 0.00960805 0.052899451
v 0.010066663 0.00960805 0.052879429
v 0.010032234 0.00960805 0.052850413
v 0.010004584 0.00960805 0.052811403
v 0.0099831003 0.00960805 0.052762799
v 0.0099831003 0.00960805 0.045018902
v 0.0099753118 0.00960805 0.04459372
v 0.010146 0.00960805 0.0443256
v 0.0099831003 0.02213665 0.052762799
v 0.0099831003 0.02213665 0.045018902
v 0.0099831003 0.020211999 0.045018902
v 0.0099831003 0.020211999 0.052762799
v 0.0100087 0.0115327 0.0716045
v 0.0100087 0.0115327 0.071480498
v 0.0100087 0.00960805 0.071480498
v 0.0100087 0.00960805 0.0716045
v 0.0124895 0.0115327 0.072159901
v 0.0124895 0.0131427 0.072159901
v 0.0124895 0.0131427 0.070624099
v 0.0124895 0.0115327 0.070624099
v 0.012507082 0.0115327 0.073872852
v 0.012507082 0.0131427 0.073872852
v 0.012516537 0.0131427 0.073522558
v 0.012529178 0.0131427 0.073051796
v 0.0124895 0.0131427 0.072159901
v 0.0124895 0.0115327 0.072159901
v 0.012529178 0.0115327 0.073051796
v 0.012516537 0.0115327 0.073522558
v 0.0100015 0.0079980499 0.069539199
v 0.0100994 0.0079980499 0.069446001
v 0.0100994 0.0060733998 0.069446001
v 0.0100015 0.0060733998 0.069539199
v 0.013279898 0.0025387499 0.045254116
v 0.013279898 0.00092874996 0.045254116
v 0.013056375 0.00092874996 0.045347772
v 0.012576048 0.00092874996 0.045439129
v 0.012460285 0.00092874996 0.045646539
v 0.01248201 0.00092874996 0.045966954
v 0.012537 0.00092874996 0.046556301
v 0.012537 0.0025387499 0.046556301
v 0.01248201 0.0025387499 0.045966954
v 0.012460285 0.0025387499 0.045646539
v 0.012576048 0.0025387499 0.045439129
v 0.013056375 0.0025387499 0.045347772
v 0.013279898 0.0044633999 0.045254116
v 0.0132595 0.0044633999 0.045248799
v 0.010146 0.0044633999 0.0443256
v 0.0099759024 0.0044633999 0.04459084
v 0.0099831003 0.0044633999 0.045018902
v 0.0099831003 0.0044633999 0.052762799
v 0.010004275 0.0044633999 0.052810841
v 0.010031542 0.0044633999 0.052849646
v 0.010065874 0.0044633999 0.052878923
v 0.010108644 0.0044633999 0.052899308
v 0.010159301 0.0044633999 0.052911201
v 0.0112432 0.0044633999 0.052911201
v 0.01157071 0.0044633999 0.052725511
v 0.011690036 0.0044633999 0.052615037
v 0.0118677 0.0044633999 0.052400799
v 0.0136438 0.0044633999 0.050439801
v 0.013679055 0.0044633999 0.050415187
v 0.013455532 0.0044633999 0.0503441
v 0.01314401 0.0044633999 0.050328312
v 0.012790861 0.0044633999 0.050322933
v 0.012537 0.0044633999 0.050143399
v 0.012537 0.0044633999 0.046556301
v 0.01248201 0.0044633999 0.045966954
v 0.012460285 0.0044633999 0.045646539
v 0.012576048 0.0044633999 0.045439129
v 0.013056375 0.0044633999 0.045347772
v 0.0099831003 0.00092874996 0.052762799
v 0.0099831003 0.00092874996 0.045018902
v 0.0099831003 -0.00099590003 0.045018902
v 0.0099831003 -0.00099590003 0.052762799
v 0.012537 0.00092874996 0.050143399
v 0.012537 0.0025387499 0.050143399
v 0.012537 0.0025387499 0.046556301
v 0.012537 0.00092874996 0.046556301
v 0.0099831003 -0.0026058999 0.052762799
v 0.0099831003 -0.0026058999 0.045018902
v 0.0099831003 -0.0045305499 0.045018902
v 0.0099831003 -0.0045305499 0.052762799
v 0.013279898 -0.0026058999 0.045254116
v 0.0132595 -0.0026058999 0.045248799
v 0.010146 -0.0026058999 0.0443256
v 0.0099759024 -0.0026058999 0.04459084
v 0.0099831003 -0.0026058999 0.045018902
v 0.0099831003 -0.0026058999 0.052762799
v 0.010004275 -0.0026058999 0.052810841
v 0.010031542 -0.0026058999 0.052849646
v 0.010065874 -0.0026058999 0.052878923
v 0.010108644 -0.0026058999 0.052899308
v 0.010159301 -0.0026058999 0.052911201
v 0.0112432 -0.0026058999 0.052911201
v 0.01157071 -0.0026058999 0.052725511
v 0.011690036 -0.0026058999 0.052615037
v 0.0118677 -0.0026058999 0.052400799
v 0.0136438 -0.0026058999 0.050439801
v 0.013679055 -0.0026058999 0.050415187
v 0.013455532 -0.0026058999 0.0503441
v 0.01314401 -0.0026058999 0.050328312
v 0.012790861 -0.0026058999 0.050322933
v 0.012537 -0.0026058999 0.050143399
v 0.012537 -0.0026058999 0.046556301
v 0.01248201 -0.0026058999 0.045966954
v 0.012460285 -0.0026058999 0.045646539
v 0.012576048 -0.0026058999 0.045439129
v 0.013056375 -0.0026058999 0.045347772
v 0.0124895 -0.0026058999 0.072159901
v 0.0124895 -0.00099590003 0.072159901
v 0.0124895 -0.00099590003 0.070624099
v 0.0124895 -0.0026058999 0.070624099
v 0.0100936 -0.00099590003 0.069606099
v 0.01308709 -0.00099590003 0.070487943
v 0.01289251 -0.00099590003 0.070505438
v 0.012689248 -0.00099590003 0.070548701
v 0.0124895 -0.00099590003 0.070624099
v 0.0124895 -0.00099590003 0.072159901
v 0.012529178 -0.00099590003 0.073051796
v 0.012516537 -0.00099590003 0.073522558
v 0.012507082 -0.00099590003 0.073872852
v 0.0100087 -0.00099590003 0.0716045
v 0.0100087 -0.00099590003 0.071480498
v 0.0100015 -0.00099590003 0.069539199
v 0.010024558 -0.00099590003 0.06951725
v 0.0112432 -0.0308831 0.052911201
v 0.010159301 -0.0308831 0.052911201
v 0.010159301 -0.032807751 0.052911201
v 0.0112432 -0.032807751 0.052911201
v 0.012507082 -0.0167445 0.073872852
v 0.012507082 -0.0151345 0.073872852
v 0.012516537 -0.0151345 0.073522558
v 0.012529178 -0.0151345 0.073051796
v 0.0124895 -0.0151345 0.072159901
v 0.0124895 -0.0167445 0.072159901
v 0.012529178 -0.0167445 0.073051796
v 0.012516537 -0.0167445 0.073522558
v 0.0124895 -0.0167445 0.072159901
v 0.0124895 -0.0151345 0.072159901
v 0.0124895 -0.0151345 0.070624099
v 0.0124895 -0.0167445 0.070624099
v 0.0100087 -0.023813801 0.0716045
v 0.0100087 -0.023813801 0.071480498
v 0.0100087 -0.025738449 0.071480498
v 0.0100087 -0.025738449 0.0716045
v 0.0124895 -0.023813801 0.072159901
v 0.0124895 -0.022203801 0.072159901
v 0.0124895 -0.022203801 0.070624099
v 0.0124895 -0.023813801 0.070624099
v 0.012507082 -0.023813801 0.073872852
v 0.012507082 -0.022203801 0.073872852
v 0.012516537 -0.022203801 0.073522558
v 0.012529178 -0.022203801 0.073051796
v 0.0124895 -0.022203801 0.072159901
v 0.0124895 -0.023813801 0.072159901
v 0.012529178 -0.023813801 0.073051796
v 0.012516537 -0.023813801 0.073522558
v 0.0100015 -0.027348449 0.069539199
v 0.0100994 -0.027348449 0.069446001
v 0.0100994 -0.0292731 0.069446001
v 0.0100015 -0.0292731 0.069539199
v 0.0112432 -0.02027915 0.052911201
v 0.010159301 -0.02027915 0.052911201
v 0.010159301 -0.022203801 0.052911201
v 0.0112432 -0.022203801 0.052911201
v 0.0136438 -0.02027915 0.050439801
v 0.0118677 -0.02027915 0.052400799
v 0.0118677 -0.022203801 0.052400799
v 0.0136438 -0.022203801 0.050439801
v 0.0100087 -0.0167445 0.071480498
v 0.0100015 -0.0167445 0.069539199
v 0.0100015 -0.01866915 0.069539199
v 0.0100087 -0.01866915 0.071480498
v 0.010146 -0.0167445 0.0443256
v 0.0132595 -0.0167445 0.045248799
v 0.0132595 -0.01866915 0.045248799
v 0.010146 -0.01866915 0.0443256
v 0.0100015 -0.0026058999 0.069539199
v 0.0100994 -0.0026058999 0.069446001
v 0.0100994 -0.0045305499 0.069446001
v 0.0100015 -0.0045305499 0.069539199
v 0.0100015 -0.01320985 0.069539199
v 0.0100994 -0.01320985 0.069446001
v 0.0100994 -0.0151345 0.069446001
v 0.0100015 -0.0151345 0.069539199
v 0.010159301 -0.04148705 0.052911201
v 0.010108644 -0.04148705 0.052899308
v 0.010065874 -0.04148705 0.052878923
v 0.010031542 -0.04148705 0.052849646
v 0.010004275 -0.04148705 0.052810841
v 0.0099831003 -0.04148705 0.052762799
v 0.0099831003 -0.043411698 0.052762799
v 0.010004584 -0.043411698 0.052811403
v 0.010032234 -0.043411698 0.052850413
v 0.010066663 -0.043411698 0.052879429
v 0.010109097 -0.043411698 0.052899451
v 0.010159301 -0.043411698 0.052911201
v 0.010159301 -0.0308831 0.052911201
v 0.010108644 -0.0308831 0.052899308
v 0.010065874 -0.0308831 0.052878923
v 0.010031542 -0.0308831 0.052849646
v 0.010004275 -0.0308831 0.052810841
v 0.0099831003 -0.0308831 0.052762799
v 0.0099831003 -0.032807751 0.052762799
v 0.010004584 -0.032807751 0.052811403
v 0.010032234 -0.032807751 0.052850413
v 0.010066663 -0.032807751 0.052879429
v 0.010109097 -0.032807751 0.052899451
v 0.010159301 -0.032807751 0.052911201
v 0.0132595 -0.0292731 0.045248799
v 0.013279898 -0.0292731 0.045254116
v 0.013056375 -0.0292731 0.045347772
v 0.012576048 -0.0292731 0.045439129
v 0.012460285 -0.0292731 0.045646539
v 0.01248201 -0.0292731 0.045966954
v 0.012537 -0.0292731 0.046556301
v 0.012537 -0.0292731 0.050143399
v 0.012790861 -0.0292731 0.050322933
v 0.01314401 -0.0292731 0.050328312
v 0.013455532 -0.0292731 0.0503441
v 0.013679055 -0.0292731 0.050415187
v 0.0136438 -0.0292731 0.050439801
v 0.0118677 -0.0292731 0.052400799
v 0.011690036 -0.0292731 0.052615037
v 0.01157071 -0.0292731 0.052725511
v 0.0112432 -0.0292731 0.052911201
v 0.010159301 -0.0292731 0.052911201
v 0.010109097 -0.0292731 0.052899451
v 0.010066663 -0.0292731 0.052879429
v 0.010032234 -0.0292731 0.052850413
v 0.010004584 -0.0292731 0.052811403
v 0.0099831003 -0.0292731 0.052762799
v 0.0099831003 -0.0292731 0.045018902
v 0.0099753118 -0.0292731 0.04459372
v 0.010146 -0.0292731 0.0443256
v 0.0112432 -0.04148705 0.052911201
v 0.010159301 -0.04148705 0.052911201
v 0.010159301 -0.043411698 0.052911201
v 0.0112432 -0.043411698 0.052911201
v -0.010159301 -0.045021701 0.052911201
v -0.0112432 -0.045021701 0.052911201
v -0.0112432 -0.046946349 0.052911201
v -0.010159301 -0.046946349 0.052911201
v -0.0099831003 0.04334455 0.052762799
v -0.010004275 0.04334455 0.052810841
v -0.010031542 0.04334455 0.052849646
v -0.010065874 0.04334455 0.052878923
v -0.010108644 0.04334455 0.052899308
v -0.010159301 0.04334455 0.052911201
v -0.010159301 0.041419902 0.052911201
v -0.010109097 0.041419902 0.052899451
v -0.010066663 0.041419902 0.052879429
v -0.010032234 0.041419902 0.052850413
v -0.010004584 0.041419902 0.052811403
v -0.0099831003 0.041419902 0.052762799
v -0.0099831003 0.025671301 0.045018902
v -0.0099831003 0.025671301 0.052762799
v -0.0099831003 0.02374665 0.052762799
v -0.0099831003 0.02374665 0.045018902
v -0.0118677 0.025671301 0.052400799
v -0.0136438 0.025671301 0.050439801
v -0.0136438 0.02374665 0.050439801
v -0.0118677 0.02374665 0.052400799
v -0.0112432 0.04334455 0.052911201
v -0.01157071 0.04334455 0.052725511
v -0.011690036 0.04334455 0.052615037
v -0.0118677 0.04334455 0.052400799
v -0.0118677 0.041419902 0.052400799
v -0.011690036 0.041419902 0.052615037
v -0.01157071 0.041419902 0.052725511
v -0.0112432 0.041419902 0.052911201
v -0.0100994 0.029205949 0.069446001
v -0.013346953 0.029205949 0.070406981
v -0.013275433 0.029205949 0.070470557
v -0.013058031 0.029205949 0.070489669
v -0.0124895 0.029205949 0.070624099
v -0.0124895 0.029205949 0.072159901
v -0.012529178 0.029205949 0.073051796
v -0.012516537 0.029205949 0.073522558
v -0.012507082 0.029205949 0.073872852
v -0.0100087 0.029205949 0.0716045
v -0.0100087 0.029205949 0.071480498
v -0.0100015 0.029205949 0.069539199
v -0.0099831003 -0.04148705 0.045018902
v -0.0099831003 -0.04148705 0.052762799
v -0.0099831003 -0.043411698 0.052762799
v -0.0099831003 -0.043411698 0.045018902
v -0.0118677 -0.04148705 0.052400799
v -0.0136438 -0.04148705 0.050439801
v -0.0136438 -0.043411698 0.050439801
v -0.0118677 -0.043411698 0.052400799
v -0.0118677 -0.027348449 0.052400799
v -0.0136438 -0.027348449 0.050439801
v -0.0136438 -0.0292731 0.050439801
v -0.0118677 -0.0292731 0.052400799
v -0.0099831003 -0.0308831 0.045018902
v -0.0099831003 -0.0308831 0.052762799
v -0.0099831003 -0.032807751 0.052762799
v -0.0099831003 -0.032807751 0.045018902
v -0.0099831003 -0.0308831 0.052762799
v -0.010004275 -0.0308831 0.052810841
v -0.010031542 -0.0308831 0.052849646
v -0.010065874 -0.0308831 0.052878923
v -0.010108644 -0.0308831 0.052899308
v -0.010159301 -0.0308831 0.052911201
v -0.010159301 -0.032807751 0.052911201
v -0.010109097 -0.032807751 0.052899451
v -0.010066663 -0.032807751 0.052879429
v -0.010032234 -0.032807751 0.052850413
v -0.010004584 -0.032807751 0.052811403
v -0.0099831003 -0.032807751 0.052762799
v -0.0124895 0.044954548 0.072159901
v -0.0124895 0.04334455 0.072159901
v -0.0124895 0.04334455 0.070624099
v -0.0124895 0.044954548 0.070624099
v -0.0118677 0.01506735 0.052400799
v -0.0136438 0.01506735 0.050439801
v -0.0136438 0.0131427 0.050439801
v -0.0118677 0.0131427 0.052400799
v -0.013279898 0.018602 0.045254116
v -0.013279898 0.020211999 0.045254116
v -0.013056375 0.020211999 0.045347772
v -0.012576048 0.020211999 0.045439129
v -0.012460285 0.020211999 0.045646539
v -0.01248201 0.020211999 0.045966954
v -0.012537 0.020211999 0.046556301
v -0.012537 0.018602 0.046556301
v -0.01248201 0.018602 0.045966954
v -0.012460285 0.018602 0.045646539
v -0.012576048 0.018602 0.045439129
v -0.013056375 0.018602 0.045347772
v -0.0132595 -0.0026058999 0.045248799
v -0.010146 -0.0026058999 0.0443256
v -0.010146 -0.0045305499 0.0443256
v -0.0132595 -0.0045305499 0.045248799
v -0.009996503 0.00092874996 0.052795639
v -0.009996503 -0.00099590003 0.052795639
v -0.0099831003 -0.00099590003 0.052762799
v -0.0099831003 0.00092874996 0.052762799
v -0.0101869 0.00092874996 0.0527597
v -0.010140328 0.00092874996 0.052750783
v -0.010087509 0.00092874996 0.052750726
v -0.010037535 0.00092874996 0.052766175
v -0.009996503 0.00092874996 0.052795639
v -0.0099831003 0.00092874996 0.052762799
v -0.0099831003 0.00092874996 0.045018902
v -0.0099759024 0.00092874996 0.04459084
v -0.010146 0.00092874996 0.0443256
v -0.0132595 0.00092874996 0.045248799
v -0.013279898 0.00092874996 0.045254116
v -0.013056375 0.00092874996 0.045347772
v -0.012576048 0.00092874996 0.045439129
v -0.012460285 0.00092874996 0.045646539
v -0.01248201 0.00092874996 0.045966954
v -0.012537 0.00092874996 0.046556301
v -0.012537 0.00092874996 0.050143399
v -0.012730563 0.00092874996 0.050304651
v -0.013000251 0.00092874996 0.050337563
v -0.013506233 0.00092874996 0.050361061
v -0.011427799 0.00092874996 0.052648401
v -0.01122 0.00092874996 0.0527597
v -0.01308709 0.00092874996 0.070487943
v -0.0100936 0.00092874996 0.069606099
v -0.0100936 0.00093149997 0.069606099
v -0.01308709 0.00093149997 0.070487943
v -0.0100087 0.02213665 0.071480498
v -0.0100087 0.02213665 0.0716045
v -0.0100087 0.020211999 0.0716045
v -0.0100087 0.020211999 0.071480498
v -0.012507082 0.02374665 0.073872852
v -0.012507082 0.02213665 0.073872852
v -0.012516537 0.02213665 0.073522558
v -0.012529178 0.02213665 0.073051796
v -0.0124895 0.02213665 0.072159901
v -0.0124895 0.02374665 0.072159901
v -0.012529178 0.02374665 0.073051796
v -0.012516537 0.02374665 0.073522558
v -0.013346953 0.02213665 0.070406981
v -0.013346953 0.02374665 0.070406981
v -0.013275433 0.02374665 0.070470557
v -0.013058031 0.02374665 0.070489669
v -0.0124895 0.02374665 0.070624099
v -0.0124895 0.02213665 0.070624099
v -0.013058031 0.02213665 0.070489669
v -0.013275433 0.02213665 0.070470557
v -0.0100994 0.029205949 0.069446001
v -0.0100015 0.029205949 0.069539199
v -0.0100015 0.027281301 0.069539199
v -0.0100994 0.027281301 0.069446001
v -0.0100994 0.01506735 0.069446001
v -0.013346953 0.01506735 0.070406981
v -0.013275433 0.01506735 0.070470557
v -0.013058031 0.01506735 0.070489669
v -0.0124895 0.01506735 0.070624099
v -0.0124895 0.01506735 0.072159901
v -0.012529178 0.01506735 0.073051796
v -0.012516537 0.01506735 0.073522558
v -0.012507082 0.01506735 0.073872852
v -0.0100087 0.01506735 0.0716045
v -0.0100087 0.01506735 0.071480498
v -0.0100015 0.01506735 0.069539199
v -0.01122 -0.01866915 0.0527597
v -0.0101869 -0.01866915 0.0527597
v -0.0101869 -0.01867175 0.0527597
v -0.01122 -0.01867175 0.0527597
v -0.01308709 0.00092874996 0.070487943
v -0.01308709 0.00093149997 0.070487943
v -0.013264936 0.00093149997 0.070472698
v -0.013346953 0.00093149997 0.070406981
v -0.013346953 0.0025387499 0.070406981
v -0.013275433 0.0025387499 0.070470557
v -0.013058031 0.0025387499 0.070489669
v -0.0124895 0.0025387499 0.070624099
v -0.0124895 0.00092874996 0.070624099
v -0.012689248 0.00092874996 0.070548701
v -0.01289251 0.00092874996 0.070505438
v -0.013679055 0.00093149997 0.050415187
v -0.013506233 0.00093149997 0.050361061
v -0.013506233 0.00092874996 0.050361061
v -0.013000251 0.00092874996 0.050337563
v -0.012730563 0.00092874996 0.050304651
v -0.012537 0.00092874996 0.050143399
v -0.012537 0.0025387499 0.050143399
v -0.012790861 0.0025387499 0.050322933
v -0.01314401 0.0025387499 0.050328312
v -0.013455532 0.0025387499 0.0503441
v -0.013679055 0.0025387499 0.050415187
v -0.013679055 -0.00099849999 0.050415187
v -0.013506233 -0.00099849999 0.050361061
v -0.011427799 -0.00099849999 0.052648401
v -0.01122 -0.00099849999 0.0527597
v -0.0101869 -0.00099849999 0.0527597
v -0.010135024 -0.00099849999 0.052750258
v -0.010087583 -0.00099849999 0.052750711
v -0.010045217 -0.00099849999 0.052762499
v -0.010007933 -0.00099849999 0.052785635
v -0.0099751002 -0.00099849999 0.052818699
v -0.0099751002 -0.00099849999 0.069453602
v -0.0100936 -0.00099849999 0.069606099
v -0.01308709 -0.00099849999 0.070487943
v -0.013269511 -0.00099849999 0.070471807
v -0.013346953 -0.00099849999 0.070406981
v -0.0135677 -0.00099849999 0.070472298
v -0.01380402 -0.00099849999 0.070507741
v -0.014022518 -0.00099849999 0.07053812
v -0.014227622 -0.00099849999 0.070568004
v -0.014423757 -0.00099849999 0.070601945
v -0.014615349 -0.00099849999 0.070644507
v -0.0144551 -0.00099849999 0.0704321
v -0.0144551 -0.00099849999 0.0508393
v -0.014436003 -0.00099849999 0.050456262
v -0.014519176 -0.00099849999 0.050126438
v -0.014320619 -0.00099849999 0.05017879
v -0.01414607 -0.00099849999 0.050221028
v -0.013986787 -0.00099849999 0.050265965
v -0.013834029 -0.00099849999 0.050326414
v 0.0017134655 0.025706301 0.018048944
v 0.0017134655 0.027246301 0.018048944
v 0.001600834 0.027246301 0.018055419
v 0.0014591068 0.027246301 0.018031569
v 0.0012983435 0.027246301 0.01801546
v 0.0011228 0.027246301 0.0180231
v 0.0011228 0.025706301 0.0180231
v 0.0012983435 0.025706301 0.01801546
v 0.0014591068 0.025706301 0.018031569
v 0.001600834 0.025706301 0.018055419
v -0.0099831003 -0.045021701 0.052762799
v -0.010004275 -0.045021701 0.052810841
v -0.010031542 -0.045021701 0.052849646
v -0.010065874 -0.045021701 0.052878923
v -0.010108644 -0.045021701 0.052899308
v -0.010159301 -0.045021701 0.052911201
v -0.010159301 -0.046946349 0.052911201
v -0.010109097 -0.046946349 0.052899451
v -0.010066663 -0.046946349 0.052879429
v -0.010032234 -0.046946349 0.052850413
v -0.010004584 -0.046946349 0.052811403
v -0.0099831003 -0.046946349 0.052762799
v -0.013279898 -0.043411698 0.045254116
v -0.0132595 -0.043411698 0.045248799
v -0.010146 -0.043411698 0.0443256
v -0.0099753118 -0.043411698 0.04459372
v -0.0099831003 -0.043411698 0.045018902
v -0.0099831003 -0.043411698 0.052762799
v -0.010004584 -0.043411698 0.052811403
v -0.010032234 -0.043411698 0.052850413
v -0.010066663 -0.043411698 0.052879429
v -0.010109097 -0.043411698 0.052899451
v -0.010159301 -0.043411698 0.052911201
v -0.0112432 -0.043411698 0.052911201
v -0.01157071 -0.043411698 0.052725511
v -0.011690036 -0.043411698 0.052615037
v -0.0118677 -0.043411698 0.052400799
v -0.0136438 -0.043411698 0.050439801
v -0.013679055 -0.043411698 0.050415187
v -0.013455532 -0.043411698 0.0503441
v -0.01314401 -0.043411698 0.050328312
v -0.012790861 -0.043411698 0.050322933
v -0.012537 -0.043411698 0.050143399
v -0.012537 -0.043411698 0.046556301
v -0.01248201 -0.043411698 0.045966954
v -0.012460285 -0.043411698 0.045646539
v -0.012576048 -0.043411698 0.045439129
v -0.013056375 -0.043411698 0.045347772
v -0.013346953 -0.032807751 0.070406981
v -0.0100994 -0.032807751 0.069446001
v -0.0100015 -0.032807751 0.069539199
v -0.0100087 -0.032807751 0.071480498
v -0.0100087 -0.032807751 0.0716045
v -0.012507082 -0.032807751 0.073872852
v -0.012516537 -0.032807751 0.073522558
v -0.012529178 -0.032807751 0.073051796
v -0.0124895 -0.032807751 0.072159901
v -0.0124895 -0.032807751 0.070624099
v -0.013058031 -0.032807751 0.070489669
v -0.013275433 -0.032807751 0.070470557
v -0.0100994 -0.02027915 0.069446001
v -0.013346953 -0.02027915 0.070406981
v -0.013275433 -0.02027915 0.070470557
v -0.013058031 -0.02027915 0.070489669
v -0.0124895 -0.02027915 0.070624099
v -0.0124895 -0.02027915 0.072159901
v -0.012529178 -0.02027915 0.073051796
v -0.012516537 -0.02027915 0.073522558
v -0.012507082 -0.02027915 0.073872852
v -0.0100087 -0.02027915 0.0716045
v -0.0100087 -0.02027915 0.071480498
v -0.0100015 -0.02027915 0.069539199
v -0.013506233 -0.01866915 0.050361061
v -0.011427799 -0.01866915 0.052648401
v -0.011427799 -0.01867175 0.052648401
v -0.013506233 -0.01867175 0.050361061
v -0.013506233 -0.01866915 0.050361061
v -0.013506233 -0.01867175 0.050361061
v -0.013679055 -0.01867175 0.050415187
v -0.013679055 -0.02027915 0.050415187
v -0.013455532 -0.02027915 0.0503441
v -0.01314401 -0.02027915 0.050328312
v -0.012790861 -0.02027915 0.050322933
v -0.012537 -0.02027915 0.050143399
v -0.012537 -0.01866915 0.050143399
v -0.012730563 -0.01866915 0.050304651
v -0.013000251 -0.01866915 0.050337563
v -0.0135677 -0.00099849999 0.070472298
v -0.013346953 -0.00099849999 0.070406981
v -0.013346953 -0.0026058999 0.070406981
v -0.0100994 -0.0026058999 0.069446001
v -0.0100994 -0.0045305499 0.069446001
v -0.013346953 -0.0045305499 0.070406981
v -0.013346953 -0.0061405498 0.070406981
v -0.0100994 -0.0061405498 0.069446001
v -0.0100994 -0.0080651999 0.069446001
v -0.013346953 -0.0080651999 0.070406981
v -0.013346953 -0.0096752 0.070406981
v -0.0100994 -0.0096752 0.069446001
v -0.0100994 -0.011599849 0.069446001
v -0.013346953 -0.011599849 0.070406981
v -0.013346953 -0.01320985 0.070406981
v -0.0100994 -0.01320985 0.069446001
v -0.0100994 -0.0151345 0.069446001
v -0.013346953 -0.0151345 0.070406981
v -0.013346953 -0.01674175 0.070406981
v -0.0135677 -0.01674175 0.070472298
v -0.013346953 -0.045021701 0.070406981
v -0.013346953 -0.043411698 0.070406981
v -0.013275433 -0.043411698 0.070470557
v -0.013058031 -0.043411698 0.070489669
v -0.0124895 -0.043411698 0.070624099
v -0.0124895 -0.045021701 0.070624099
v -0.013058031 -0.045021701 0.070489669
v -0.013275433 -0.045021701 0.070470557
v -0.013346953 -0.043411698 0.070406981
v -0.0100994 -0.043411698 0.069446001
v -0.0100015 -0.043411698 0.069539199
v -0.0100087 -0.043411698 0.071480498
v -0.0100087 -0.043411698 0.0716045
v -0.012507082 -0.043411698 0.073872852
v -0.012516537 -0.043411698 0.073522558
v -0.012529178 -0.043411698 0.073051796
v -0.0124895 -0.043411698 0.072159901
v -0.0124895 -0.043411698 0.070624099
v -0.013058031 -0.043411698 0.070489669
v -0.013275433 -0.043411698 0.070470557
v -0.0100015 -0.045021701 0.069539199
v -0.0100087 -0.045021701 0.071480498
v -0.0100087 -0.046946349 0.071480498
v -0.0100015 -0.046946349 0.069539199
v -0.0100994 -0.045021701 0.069446001
v -0.013346953 -0.045021701 0.070406981
v -0.013275433 -0.045021701 0.070470557
v -0.013058031 -0.045021701 0.070489669
v -0.0124895 -0.045021701 0.070624099
v -0.0124895 -0.045021701 0.072159901
v -0.012529178 -0.045021701 0.073051796
v -0.012516537 -0.045021701 0.073522558
v -0.012507082 -0.045021701 0.073872852
v -0.0100087 -0.045021701 0.0716045
v -0.0100087 -0.045021701 0.071480498
v -0.0100015 -0.045021701 0.069539199
v 0.0124895 -0.045021701 0.072159901
v 0.0124895 -0.043411698 0.072159901
v 0.0124895 -0.043411698 0.070624099
v 0.0124895 -0.045021701 0.070624099
v 0.0099831003 0.0115327 0.052762799
v 0.0099831003 0.0115327 0.045018902
v 0.0099831003 0.00960805 0.045018902
v 0.0099831003 0.00960805 0.052762799
v 0.0136438 0.0115327 0.050439801
v 0.0118677 0.0115327 0.052400799
v 0.0118677 0.00960805 0.052400799
v 0.0136438 0.00960805 0.050439801
v 0.0124895 0.025671301 0.072159901
v 0.0124895 0.027281301 0.072159901
v 0.0124895 0.027281301 0.070624099
v 0.0124895 0.025671301 0.070624099
v 0.0099831003 0.02213665 0.045018902
v 0.0099759024 0.02213665 0.04459084
v 0.010146 0.02213665 0.0443256
v 0.010146 0.020211999 0.0443256
v 0.0099753118 0.020211999 0.04459372
v 0.0099831003 0.020211999 0.045018902
v 0.010159301 0.02213665 0.052911201
v 0.010108644 0.02213665 0.052899308
v 0.010065874 0.02213665 0.052878923
v 0.010031542 0.02213665 0.052849646
v 0.010004275 0.02213665 0.052810841
v 0.0099831003 0.02213665 0.052762799
v 0.0099831003 0.020211999 0.052762799
v 0.010004584 0.020211999 0.052811403
v 0.010032234 0.020211999 0.052850413
v 0.010066663 0.020211999 0.052879429
v 0.010109097 0.020211999 0.052899451
v 0.010159301 0.020211999 0.052911201
v 0.0100087 0.0115327 0.071480498
v 0.0100015 0.0115327 0.069539199
v 0.0100015 0.00960805 0.069539199
v 0.0100087 0.00960805 0.071480498
v 0.013346953 0.0115327 0.070406981
v 0.0100994 0.0115327 0.069446001
v 0.0100015 0.0115327 0.069539199
v 0.0100087 0.0115327 0.071480498
v 0.0100087 0.0115327 0.0716045
v 0.012507082 0.0115327 0.073872852
v 0.012516537 0.0115327 0.073522558
v 0.012529178 0.0115327 0.073051796
v 0.0124895 0.0115327 0.072159901
v 0.0124895 0.0115327 0.070624099
v 0.013058031 0.0115327 0.070489669
v 0.013275433 0.0115327 0.070470557
v 0.0124895 0.0044633999 0.072159901
v 0.0124895 0.0060733998 0.072159901
v 0.0124895 0.0060733998 0.070624099
v 0.0124895 0.0044633999 0.070624099
v 0.0100994 0.0060733998 0.069446001
v 0.013346953 0.0060733998 0.070406981
v 0.013275433 0.0060733998 0.070470557
v 0.013058031 0.0060733998 0.070489669
v 0.0124895 0.0060733998 0.070624099
v 0.0124895 0.0060733998 0.072159901
v 0.012529178 0.0060733998 0.073051796
v 0.012516537 0.0060733998 0.073522558
v 0.012507082 0.0060733998 0.073872852
v 0.0100087 0.0060733998 0.0716045
v 0.0100087 0.0060733998 0.071480498
v 0.0100015 0.0060733998 0.069539199
v 0.0136438 0.0044633999 0.050439801
v 0.0118677 0.0044633999 0.052400799
v 0.0118677 0.0025387499 0.052400799
v 0.0136438 0.0025387499 0.050439801
v 0.0099831003 0.00092874996 0.045018902
v 0.0099759024 0.00092874996 0.04459084
v 0.010146 0.00092874996 0.0443256
v 0.010146 -0.00099590003 0.0443256
v 0.0099753118 -0.00099590003 0.04459372
v 0.0099831003 -0.00099590003 0.045018902
v 0.012507082 0.00092874996 0.073872852
v 0.012507082 0.0025387499 0.073872852
v 0.012516537 0.0025387499 0.073522558
v 0.012529178 0.0025387499 0.073051796
v 0.0124895 0.0025387499 0.072159901
v 0.0124895 0.00092874996 0.072159901
v 0.012529178 0.00092874996 0.073051796
v 0.012516537 0.00092874996 0.073522558
v 0.0099831003 -0.0026058999 0.045018902
v 0.0099759024 -0.0026058999 0.04459084
v 0.010146 -0.0026058999 0.0443256
v 0.010146 -0.0045305499 0.0443256
v 0.0099753118 -0.0045305499 0.04459372
v 0.0099831003 -0.0045305499 0.045018902
v 0.012507082 -0.0026058999 0.073872852
v 0.012507082 -0.00099590003 0.073872852
v 0.012516537 -0.00099590003 0.073522558
v 0.012529178 -0.00099590003 0.073051796
v 0.0124895 -0.00099590003 0.072159901
v 0.0124895 -0.0026058999 0.072159901
v 0.012529178 -0.0026058999 0.073051796
v 0.012516537 -0.0026058999 0.073522558
v 0.0118677 -0.0308831 0.052400799
v 0.011690036 -0.0308831 0.052615037
v 0.01157071 -0.0308831 0.052725511
v 0.0112432 -0.0308831 0.052911201
v 0.0112432 -0.032807751 0.052911201
v 0.01157071 -0.032807751 0.052725511
v 0.011690036 -0.032807751 0.052615037
v 0.0118677 -0.032807751 0.052400799
v 0.013679055 -0.0308831 0.050415187
v 0.013679055 -0.0292731 0.050415187
v 0.013455532 -0.0292731 0.0503441
v 0.01314401 -0.0292731 0.050328312
v 0.012790861 -0.0292731 0.050322933
v 0.012537 -0.0292731 0.050143399
v 0.012537 -0.0308831 0.050143399
v 0.012790861 -0.0308831 0.050322933
v 0.01314401 -0.0308831 0.050328312
v 0.013455532 -0.0308831 0.0503441
v 0.0100936 -0.0167445 0.069606099
v 0.010024558 -0.0167445 0.06951725
v 0.0100015 -0.0167445 0.069539199
v 0.0100087 -0.0167445 0.071480498
v 0.0100087 -0.0167445 0.0716045
v 0.012507082 -0.0167445 0.073872852
v 0.012516537 -0.0167445 0.073522558
v 0.012529178 -0.0167445 0.073051796
v 0.0124895 -0.0167445 0.072159901
v 0.0124895 -0.0167445 0.070624099
v 0.012689248 -0.0167445 0.070548701
v 0.01289251 -0.0167445 0.070505438
v 0.01308709 -0.0167445 0.070487943
v 0.0100087 -0.023813801 0.071480498
v 0.0100015 -0.023813801 0.069539199
v 0.0100015 -0.025738449 0.069539199
v 0.0100087 -0.025738449 0.071480498
v 0.013346953 -0.023813801 0.070406981
v 0.0100994 -0.023813801 0.069446001
v 0.0100015 -0.023813801 0.069539199
v 0.0100087 -0.023813801 0.071480498
v 0.0100087 -0.023813801 0.0716045
v 0.012507082 -0.023813801 0.073872852
v 0.012516537 -0.023813801 0.073522558
v 0.012529178 -0.023813801 0.073051796
v 0.0124895 -0.023813801 0.072159901
v 0.0124895 -0.023813801 0.070624099
v 0.013058031 -0.023813801 0.070489669
v 0.013275433 -0.023813801 0.070470557
v 0.0124895 -0.0308831 0.072159901
v 0.0124895 -0.0292731 0.072159901
v 0.0124895 -0.0292731 0.070624099
v 0.0124895 -0.0308831 0.070624099
v 0.0100994 -0.0292731 0.069446001
v 0.013346953 -0.0292731 0.070406981
v 0.013275433 -0.0292731 0.070470557
v 0.013058031 -0.0292731 0.070489669
v 0.0124895 -0.0292731 0.070624099
v 0.0124895 -0.0292731 0.072159901
v 0.012529178 -0.0292731 0.073051796
v 0.012516537 -0.0292731 0.073522558
v 0.012507082 -0.0292731 0.073872852
v 0.0100087 -0.0292731 0.0716045
v 0.0100087 -0.0292731 0.071480498
v 0.0100015 -0.0292731 0.069539199
v 0.010159301 -0.02027915 0.052911201
v 0.010108644 -0.02027915 0.052899308
v 0.010065874 -0.02027915 0.052878923
v 0.010031542 -0.02027915 0.052849646
v 0.010004275 -0.02027915 0.052810841
v 0.0099831003 -0.02027915 0.052762799
v 0.0099831003 -0.022203801 0.052762799
v 0.010004584 -0.022203801 0.052811403
v 0.010032234 -0.022203801 0.052850413
v 0.010066663 -0.022203801 0.052879429
v 0.010109097 -0.022203801 0.052899451
v 0.010159301 -0.022203801 0.052911201
v 0.012537 -0.02027915 0.050143399
v 0.012537 -0.01866915 0.050143399
v 0.012537 -0.01866915 0.046556301
v 0.012537 -0.02027915 0.046556301
v 0.010024558 -0.0167445 0.06951725
v 0.010024558 -0.01866915 0.06951725
v 0.0100015 -0.01866915 0.069539199
v 0.0100015 -0.0167445 0.069539199
v 0.0132595 -0.0151345 0.045248799
v 0.013279898 -0.0151345 0.045254116
v 0.013056375 -0.0151345 0.045347772
v 0.012576048 -0.0151345 0.045439129
v 0.012460285 -0.0151345 0.045646539
v 0.01248201 -0.0151345 0.045966954
v 0.012537 -0.0151345 0.046556301
v 0.012537 -0.0151345 0.050143399
v 0.012790861 -0.0151345 0.050322933
v 0.01314401 -0.0151345 0.050328312
v 0.013455532 -0.0151345 0.0503441
v 0.013679055 -0.0151345 0.050415187
v 0.0136438 -0.0151345 0.050439801
v 0.0118677 -0.0151345 0.052400799
v 0.011690036 -0.0151345 0.052615037
v 0.01157071 -0.0151345 0.052725511
v 0.0112432 -0.0151345 0.052911201
v 0.010159301 -0.0151345 0.052911201
v 0.010109097 -0.0151345 0.052899451
v 0.010066663 -0.0151345 0.052879429
v 0.010032234 -0.0151345 0.052850413
v 0.010004584 -0.0151345 0.052811403
v 0.0099831003 -0.0151345 0.052762799
v 0.0099831003 -0.0151345 0.045018902
v 0.0099753118 -0.0151345 0.04459372
v 0.010146 -0.0151345 0.0443256
v 0.0100994 -0.0151345 0.069446001
v 0.013346953 -0.0151345 0.070406981
v 0.013275433 -0.0151345 0.070470557
v 0.013058031 -0.0151345 0.070489669
v 0.0124895 -0.0151345 0.070624099
v 0.0124895 -0.0151345 0.072159901
v 0.012529178 -0.0151345 0.073051796
v 0.012516537 -0.0151345 0.073522558
v 0.012507082 -0.0151345 0.073872852
v 0.0100087 -0.0151345 0.0716045
v 0.0100087 -0.0151345 0.071480498
v 0.0100015 -0.0151345 0.069539199
v 0.0099831003 -0.04148705 0.052762799
v 0.0099831003 -0.04148705 0.045018902
v 0.0099831003 -0.043411698 0.045018902
v 0.0099831003 -0.043411698 0.052762799
v 0.0099831003 -0.0308831 0.052762799
v 0.0099831003 -0.0308831 0.045018902
v 0.0099831003 -0.032807751 0.045018902
v 0.0099831003 -0.032807751 0.052762799
v 0.012537 -0.0308831 0.050143399
v 0.012537 -0.0292731 0.050143399
v 0.012537 -0.0292731 0.046556301
v 0.012537 -0.0308831 0.046556301
v 0.013279898 -0.0292731 0.045254116
v 0.013279898 -0.0308831 0.045254116
v 0.013056375 -0.0308831 0.045347772
v 0.012576048 -0.0308831 0.045439129
v 0.012460285 -0.0308831 0.045646539
v 0.01248201 -0.0308831 0.045966954
v 0.012537 -0.0308831 0.046556301
v 0.012537 -0.0292731 0.046556301
v 0.01248201 -0.0292731 0.045966954
v 0.012460285 -0.0292731 0.045646539
v 0.012576048 -0.0292731 0.045439129
v 0.013056375 -0.0292731 0.045347772
v 0.0118677 -0.04148705 0.052400799
v 0.011690036 -0.04148705 0.052615037
v 0.01157071 -0.04148705 0.052725511
v 0.0112432 -0.04148705 0.052911201
v 0.0112432 -0.043411698 0.052911201
v 0.01157071 -0.043411698 0.052725511
v 0.011690036 -0.043411698 0.052615037
v 0.0118677 -0.043411698 0.052400799
v 0.0112432 0.025671301 0.052911201
v 0.010159301 0.025671301 0.052911201
v 0.010159301 0.02374665 0.052911201
v 0.0112432 0.02374665 0.052911201
v 0.0118677 0.025671301 0.052400799
v 0.011690036 0.025671301 0.052615037
v 0.01157071 0.025671301 0.052725511
v 0.0112432 0.025671301 0.052911201
v 0.0112432 0.02374665 0.052911201
v 0.01157071 0.02374665 0.052725511
v 0.011690036 0.02374665 0.052615037
v 0.0118677 0.02374665 0.052400799
f 2 15 1
f 1 15 16
f 1 16 17
f 15 2 13
f 13 2 3
f 13 3 12
f 12 3 4
f 12 4 5
f 6 10 5
f 5 10 11
f 5 11 12
f 6 7 10
f 10 7 8
f 10 8 9
f 13 14 15
f 1 17 23
f 23 17 18
f 23 18 22
f 22 18 19
f 22 19 20
f 20 21 22
f 24 26 23
f 23 26 27
f 23 27 28
f 24 25 26
f 28 29 23
f 23 29 1
f 31 32 30
f 30 32 33
f 35 36 34
f 34 36 37
f 34 37 59
f 59 37 38
f 59 38 57
f 57 38 39
f 57 39 40
f 40 41 57
f 57 41 50
f 57 50 51
f 42 47 41
f 41 47 48
f 41 48 49
f 42 43 47
f 47 43 44
f 47 44 46
f 46 44 45
f 49 50 41
f 57 51 56
f 56 51 52
f 56 52 53
f 53 54 56
f 56 54 55
f 57 58 59
f 60 61 63
f 63 61 62
f 64 65 67
f 67 65 66
f 68 69 71
f 71 69 70
f 73 83 72
f 72 83 128
f 72 128 152
f 152 128 151
f 151 128 129
f 151 129 150
f 150 129 130
f 150 130 149
f 149 130 131
f 149 131 148
f 148 131 132
f 148 132 147
f 147 132 133
f 147 133 146
f 146 133 134
f 146 134 145
f 145 134 135
f 145 135 144
f 144 135 136
f 144 136 143
f 143 136 137
f 143 137 142
f 142 137 138
f 142 138 141
f 141 138 139
f 141 139 140
f 83 73 82
f 82 73 74
f 82 74 81
f 81 74 75
f 81 75 80
f 80 75 76
f 80 76 79
f 79 76 77
f 79 77 78
f 83 84 128
f 128 84 95
f 128 95 96
f 84 85 95
f 95 85 94
f 94 85 93
f 93 85 86
f 93 86 92
f 92 86 87
f 92 87 91
f 91 87 88
f 91 88 89
f 89 90 91
f 128 96 107
f 107 96 97
f 107 97 106
f 106 97 98
f 106 98 105
f 105 98 99
f 105 99 104
f 104 99 100
f 104 100 103
f 103 100 101
f 103 101 102
f 107 108 128
f 128 108 119
f 128 119 127
f 127 119 120
f 127 120 121
f 108 109 119
f 119 109 118
f 118 109 110
f 118 110 117
f 117 110 111
f 117 111 116
f 116 111 112
f 116 112 115
f 115 112 113
f 115 113 114
f 121 122 127
f 127 122 123
f 127 123 126
f 126 123 124
f 126 124 125
f 153 157 152
f 152 157 158
f 152 158 159
f 154 155 153
f 153 155 156
f 153 156 157
f 159 72 152
f 161 162 160
f 160 162 171
f 171 162 163
f 171 163 170
f 170 163 164
f 170 164 169
f 169 164 165
f 169 165 168
f 168 165 166
f 168 166 167
f 172 173 189
f 189 173 188
f 188 173 187
f 187 173 180
f 187 180 181
f 173 174 180
f 180 174 179
f 179 174 178
f 178 174 175
f 178 175 176
f 176 177 178
f 182 183 181
f 181 183 184
f 181 184 185
f 185 186 181
f 181 186 187
f 190 191 193
f 193 191 192
f 194 195 197
f 197 195 196
f 209 198 208
f 208 198 199
f 208 199 200
f 208 200 207
f 207 200 201
f 207 201 206
f 206 201 202
f 206 202 205
f 205 202 203
f 205 203 204
f 215 210 214
f 214 210 211
f 214 211 213
f 213 211 212
f 217 219 216
f 216 219 220
f 216 220 341
f 341 220 338
f 341 338 339
f 217 218 219
f 221 285 220
f 220 285 286
f 220 286 289
f 289 286 287
f 289 287 288
f 222 225 221
f 221 225 226
f 221 226 229
f 229 226 227
f 229 227 228
f 223 224 222
f 222 224 225
f 229 230 221
f 221 230 233
f 221 233 234
f 230 231 233
f 233 231 232
f 221 234 237
f 237 234 235
f 237 235 236
f 237 238 221
f 221 238 241
f 221 241 242
f 238 239 241
f 241 239 240
f 221 242 245
f 245 242 243
f 245 243 244
f 245 246 221
f 221 246 249
f 221 249 250
f 246 247 249
f 249 247 248
f 221 250 253
f 253 250 251
f 253 251 252
f 253 254 221
f 221 254 257
f 221 257 258
f 254 255 257
f 257 255 256
f 221 258 261
f 261 258 259
f 261 259 260
f 261 262 221
f 221 262 265
f 221 265 266
f 262 263 265
f 265 263 264
f 221 266 269
f 269 266 267
f 269 267 268
f 269 270 221
f 221 270 273
f 221 273 274
f 270 271 273
f 273 271 272
f 221 274 277
f 277 274 275
f 277 275 276
f 277 278 221
f 221 278 281
f 221 281 282
f 278 279 281
f 281 279 280
f 221 282 285
f 285 282 283
f 285 283 284
f 289 290 220
f 220 290 293
f 220 293 294
f 290 291 293
f 293 291 292
f 220 294 297
f 297 294 295
f 297 295 296
f 297 298 220
f 220 298 301
f 220 301 302
f 298 299 301
f 301 299 300
f 220 302 305
f 305 302 303
f 305 303 304
f 305 306 220
f 220 306 309
f 220 309 310
f 306 307 309
f 309 307 308
f 220 310 313
f 313 310 311
f 313 311 312
f 313 314 220
f 220 314 317
f 220 317 318
f 314 315 317
f 317 315 316
f 220 318 321
f 321 318 319
f 321 319 320
f 321 322 220
f 220 322 325
f 220 325 326
f 322 323 325
f 325 323 324
f 220 326 329
f 329 326 327
f 329 327 328
f 329 330 220
f 220 330 333
f 220 333 334
f 330 331 333
f 333 331 332
f 220 334 337
f 337 334 335
f 337 335 336
f 337 338 220
f 339 340 341
f 343 344 342
f 342 344 345
f 347 348 346
f 346 348 351
f 346 351 352
f 348 349 351
f 351 349 350
f 346 352 355
f 355 352 353
f 355 353 354
f 355 356 346
f 346 356 368
f 368 356 359
f 368 359 360
f 356 357 359
f 359 357 358
f 368 360 363
f 363 360 361
f 363 361 362
f 363 364 368
f 368 364 367
f 367 364 365
f 367 365 366
f 370 371 369
f 369 371 380
f 380 371 372
f 380 372 379
f 379 372 373
f 379 373 378
f 378 373 374
f 378 374 377
f 377 374 375
f 377 375 376
f 382 390 381
f 381 390 391
f 381 391 402
f 402 391 392
f 402 392 393
f 390 382 389
f 389 382 383
f 389 383 388
f 388 383 387
f 387 383 384
f 387 384 386
f 386 384 385
f 402 393 401
f 401 393 394
f 401 394 400
f 400 394 395
f 400 395 396
f 400 396 399
f 399 396 397
f 399 397 398
f 404 405 403
f 403 405 406
f 403 406 407
f 403 407 412
f 412 407 408
f 412 408 411
f 411 408 409
f 411 409 410
f 412 413 403
f 414 415 417
f 417 415 416
f 418 419 435
f 435 419 434
f 434 419 433
f 433 419 426
f 433 426 427
f 419 420 426
f 426 420 425
f 425 420 424
f 424 420 421
f 424 421 422
f 422 423 424
f 428 429 427
f 427 429 430
f 427 430 431
f 431 432 427
f 427 432 433
f 437 438 436
f 436 438 447
f 447 438 439
f 447 439 446
f 446 439 440
f 446 440 445
f 445 440 441
f 445 441 444
f 444 441 442
f 444 442 443
f 448 449 451
f 451 449 450
f 453 454 452
f 452 454 455
f 457 458 456
f 456 458 459
f 460 461 463
f 463 461 462
f 464 465 492
f 492 465 491
f 491 465 466
f 491 466 467
f 467 468 491
f 491 468 469
f 491 469 485
f 485 469 484
f 484 469 483
f 483 469 470
f 483 470 481
f 481 470 471
f 481 471 480
f 480 471 472
f 480 472 473
f 474 478 473
f 473 478 479
f 473 479 480
f 474 475 478
f 478 475 476
f 478 476 477
f 481 482 483
f 485 486 491
f 491 486 490
f 490 486 487
f 490 487 488
f 488 489 490
f 493 494 514
f 514 494 513
f 513 494 512
f 512 494 495
f 512 495 502
f 502 495 496
f 502 496 497
f 497 498 502
f 502 498 501
f 501 498 499
f 501 499 500
f 503 504 502
f 502 504 509
f 502 509 510
f 509 504 508
f 508 504 505
f 508 505 507
f 507 505 506
f 510 511 502
f 502 511 512
f 516 528 515
f 515 528 530
f 515 530 540
f 540 530 531
f 540 531 539
f 539 531 538
f 538 531 532
f 538 532 533
f 517 520 516
f 516 520 526
f 516 526 527
f 518 519 517
f 517 519 520
f 526 520 525
f 525 520 521
f 525 521 524
f 524 521 523
f 523 521 522
f 527 528 516
f 528 529 530
f 534 535 533
f 533 535 536
f 533 536 537
f 537 538 533
f 542 543 541
f 541 543 548
f 548 543 544
f 548 544 547
f 547 544 545
f 547 545 546
f 549 550 552
f 552 550 551
f 554 555 553
f 553 555 560
f 553 560 561
f 560 555 559
f 559 555 556
f 559 556 558
f 558 556 557
f 561 562 553
f 553 562 563
f 564 565 567
f 567 565 566
f 569 577 568
f 568 577 578
f 568 578 589
f 589 578 579
f 589 579 580
f 577 569 576
f 576 569 570
f 576 570 575
f 575 570 574
f 574 570 571
f 574 571 573
f 573 571 572
f 589 580 588
f 588 580 581
f 588 581 587
f 587 581 582
f 587 582 583
f 587 583 586
f 586 583 584
f 586 584 585
f 590 591 593
f 593 591 592
f 605 594 604
f 604 594 595
f 604 595 603
f 603 595 597
f 603 597 602
f 602 597 598
f 602 598 601
f 601 598 600
f 600 598 599
f 595 596 597
f 606 607 612
f 612 607 611
f 611 607 608
f 611 608 610
f 610 608 609
f 614 615 613
f 613 615 616
f 618 619 617
f 617 619 620
f 621 622 628
f 628 622 627
f 627 622 623
f 627 623 626
f 626 623 624
f 626 624 625
f 629 630 632
f 632 630 631
f 633 634 658
f 658 634 657
f 657 634 635
f 657 635 656
f 656 635 637
f 656 637 655
f 655 637 654
f 654 637 653
f 653 637 644
f 653 644 645
f 635 636 637
f 644 637 643
f 643 637 638
f 643 638 642
f 642 638 641
f 641 638 640
f 640 638 639
f 645 646 653
f 653 646 647
f 653 647 652
f 652 647 651
f 651 647 650
f 650 647 648
f 650 648 649
f 670 659 669
f 669 659 660
f 669 660 668
f 668 660 661
f 668 661 667
f 667 661 662
f 667 662 663
f 667 663 666
f 666 663 664
f 666 664 665
f 672 673 671
f 671 673 674
f 675 676 678
f 678 676 677
f 679 680 691
f 691 680 690
f 690 680 689
f 689 680 683
f 689 683 688
f 688 683 684
f 688 684 687
f 687 684 686
f 686 684 685
f 681 682 680
f 680 682 683
f 692 693 695
f 695 693 694
f 696 697 702
f 702 697 701
f 701 697 698
f 701 698 700
f 700 698 699
f 704 705 703
f 703 705 714
f 714 705 706
f 714 706 713
f 713 706 707
f 713 707 712
f 712 707 708
f 712 708 711
f 711 708 709
f 711 709 710
f 715 716 736
f 736 716 735
f 735 716 717
f 735 717 734
f 734 717 733
f 733 717 718
f 733 718 732
f 732 718 719
f 732 719 731
f 731 719 720
f 731 720 730
f 730 720 729
f 729 720 721
f 729 721 728
f 728 721 722
f 728 722 727
f 727 722 726
f 726 722 723
f 726 723 725
f 725 723 724
f 737 738 740
f 740 738 739
f 742 743 741
f 741 743 744
f 746 747 745
f 745 747 754
f 754 747 748
f 754 748 753
f 753 748 749
f 753 749 752
f 752 749 750
f 752 750 751
f 755 756 758
f 758 756 757
f 763 759 762
f 762 759 760
f 762 760 761
f 765 766 764
f 764 766 775
f 775 766 767
f 775 767 774
f 774 767 768
f 774 768 773
f 773 768 769
f 773 769 772
f 772 769 770
f 772 770 771
f 777 778 776
f 776 778 781
f 781 778 779
f 781 779 780
f 783 784 782
f 782 784 785
f 787 788 786
f 786 788 790
f 790 788 789
f 791 792 812
f 812 792 793
f 812 793 811
f 811 793 794
f 811 794 795
f 795 796 811
f 811 796 801
f 811 801 802
f 796 797 801
f 801 797 800
f 800 797 799
f 799 797 798
f 802 803 811
f 811 803 804
f 811 804 809
f 809 804 805
f 809 805 808
f 808 805 806
f 808 806 807
f 809 810 811
f 813 814 818
f 818 814 817
f 817 814 815
f 817 815 816
f 820 821 819
f 819 821 822
f 824 825 823
f 823 825 826
f 828 829 827
f 827 829 830
f 832 834 831
f 831 834 835
f 831 835 841
f 841 835 836
f 841 836 840
f 840 836 837
f 840 837 838
f 832 833 834
f 838 839 840
f 841 842 831
f 844 845 843
f 843 845 846
f 847 848 850
f 850 848 849
f 851 852 854
f 854 852 853
f 856 857 855
f 855 857 862
f 862 857 858
f 862 858 861
f 861 858 859
f 861 859 860
f 863 864 870
f 870 864 869
f 869 864 865
f 869 865 868
f 868 865 866
f 868 866 867
f 872 873 871
f 871 873 874
f 876 877 875
f 875 877 878
f 879 880 882
f 882 880 881
f 883 884 890
f 890 884 889
f 889 884 885
f 889 885 888
f 888 885 887
f 887 885 886
f 892 893 891
f 891 893 898
f 891 898 899
f 898 893 897
f 897 893 894
f 897 894 896
f 896 894 895
f 899 900 891
f 891 900 901
f 903 904 902
f 902 904 911
f 911 904 905
f 911 905 910
f 910 905 906
f 910 906 909
f 909 906 907
f 909 907 908
f 916 912 915
f 915 912 913
f 915 913 914
f 917 918 942
f 942 918 919
f 942 919 941
f 941 919 940
f 940 919 939
f 939 919 920
f 939 920 921
f 921 922 939
f 939 922 929
f 939 929 938
f 938 929 937
f 937 929 936
f 936 929 931
f 936 931 935
f 935 931 932
f 935 932 934
f 934 932 933
f 922 923 929
f 929 923 928
f 928 923 924
f 928 924 925
f 925 926 928
f 928 926 927
f 929 930 931
f 943 944 968
f 968 944 967
f 967 944 945
f 967 945 966
f 966 945 947
f 966 947 965
f 965 947 964
f 964 947 963
f 963 947 954
f 963 954 955
f 945 946 947
f 954 947 953
f 953 947 948
f 953 948 952
f 952 948 951
f 951 948 950
f 950 948 949
f 955 956 963
f 963 956 957
f 963 957 962
f 962 957 961
f 961 957 960
f 960 957 958
f 960 958 959
f 969 970 974
f 974 970 973
f 973 970 971
f 973 971 972
f 975 976 980
f 980 976 979
f 979 976 977
f 979 977 978
f 981 982 991
f 991 982 990
f 990 982 989
f 989 982 984
f 989 984 988
f 988 984 985
f 988 985 987
f 987 985 986
f 982 983 984
f 992 993 995
f 995 993 994
f 996 997 1006
f 1006 997 1005
f 1005 997 1004
f 1004 997 999
f 1004 999 1003
f 1003 999 1000
f 1003 1000 1002
f 1002 1000 1001
f 997 998 999
f 1007 1008 1029
f 1029 1008 1026
f 1029 1026 1027
f 1009 1021 1008
f 1008 1021 1022
f 1008 1022 1025
f 1025 1022 1023
f 1025 1023 1024
f 1010 1013 1009
f 1009 1013 1014
f 1009 1014 1017
f 1017 1014 1015
f 1017 1015 1016
f 1011 1012 1010
f 1010 1012 1013
f 1017 1018 1009
f 1009 1018 1021
f 1018 1019 1021
f 1021 1019 1020
f 1025 1026 1008
f 1027 1028 1029
f 1031 1032 1030
f 1030 1032 1033
f 1034 1035 1050
f 1050 1035 1036
f 1050 1036 1049
f 1049 1036 1037
f 1049 1037 1048
f 1048 1037 1038
f 1048 1038 1042
f 1042 1038 1041
f 1041 1038 1040
f 1040 1038 1039
f 1042 1043 1048
f 1048 1043 1045
f 1048 1045 1046
f 1043 1044 1045
f 1046 1047 1048
f 1052 1053 1051
f 1051 1053 1056
f 1056 1053 1054
f 1056 1054 1055
f 1057 1058 1078
f 1078 1058 1077
f 1077 1058 1059
f 1077 1059 1076
f 1076 1059 1075
f 1075 1059 1060
f 1075 1060 1074
f 1074 1060 1061
f 1074 1061 1073
f 1073 1061 1062
f 1073 1062 1072
f 1072 1062 1071
f 1071 1062 1063
f 1071 1063 1070
f 1070 1063 1064
f 1070 1064 1069
f 1069 1064 1068
f 1068 1064 1065
f 1068 1065 1067
f 1067 1065 1066
f 1080 1081 1079
f 1079 1081 1082
f 1084 1085 1083
f 1083 1085 1086
f 1088 1089 1087
f 1087 1089 1090
f 1091 1092 1113
f 1113 1092 1110
f 1113 1110 1111
f 1093 1105 1092
f 1092 1105 1106
f 1092 1106 1109
f 1109 1106 1107
f 1109 1107 1108
f 1094 1097 1093
f 1093 1097 1098
f 1093 1098 1101
f 1101 1098 1099
f 1101 1099 1100
f 1095 1096 1094
f 1094 1096 1097
f 1101 1102 1093
f 1093 1102 1105
f 1102 1103 1105
f 1105 1103 1104
f 1109 1110 1092
f 1111 1112 1113
f 1115 1116 1114
f 1114 1116 1117
f 1119 1120 1118
f 1118 1120 1128
f 1118 1128 1129
f 1128 1120 1126
f 1126 1120 1121
f 1126 1121 1122
f 1126 1122 1125
f 1125 1122 1123
f 1125 1123 1124
f 1126 1127 1128
f 1131 1132 1130
f 1130 1132 1137
f 1137 1132 1133
f 1137 1133 1136
f 1136 1133 1134
f 1136 1134 1135
f 1138 1139 1154
f 1154 1139 1140
f 1154 1140 1153
f 1153 1140 1141
f 1153 1141 1152
f 1152 1141 1142
f 1152 1142 1146
f 1146 1142 1145
f 1145 1142 1144
f 1144 1142 1143
f 1146 1147 1152
f 1152 1147 1149
f 1152 1149 1150
f 1147 1148 1149
f 1150 1151 1152
f 1156 1157 1155
f 1155 1157 1158
f 1159 1160 1162
f 1162 1160 1161
f 1163 1164 1166
f 1166 1164 1165
f 1167 1168 1170
f 1170 1168 1169
f 1171 1172 1196
f 1196 1172 1195
f 1195 1172 1173
f 1195 1173 1194
f 1194 1173 1175
f 1194 1175 1193
f 1193 1175 1192
f 1192 1175 1191
f 1191 1175 1182
f 1191 1182 1183
f 1173 1174 1175
f 1182 1175 1181
f 1181 1175 1176
f 1181 1176 1180
f 1180 1176 1179
f 1179 1176 1178
f 1178 1176 1177
f 1183 1184 1191
f 1191 1184 1185
f 1191 1185 1190
f 1190 1185 1189
f 1189 1185 1188
f 1188 1185 1186
f 1188 1186 1187
f 1198 1200 1197
f 1197 1200 1201
f 1197 1201 1207
f 1207 1201 1202
f 1207 1202 1206
f 1206 1202 1203
f 1206 1203 1204
f 1198 1199 1200
f 1204 1205 1206
f 1207 1208 1197
f 1209 1210 1212
f 1212 1210 1211
f 1213 1214 1216
f 1216 1214 1215
f 1218 1219 1217
f 1217 1219 1220
f 1222 1223 1221
f 1221 1223 1238
f 1238 1223 1224
f 1238 1224 1237
f 1237 1224 1225
f 1237 1225 1236
f 1236 1225 1226
f 1236 1226 1235
f 1235 1226 1227
f 1235 1227 1234
f 1234 1227 1228
f 1234 1228 1233
f 1233 1228 1229
f 1233 1229 1232
f 1232 1229 1230
f 1232 1230 1231
f 1250 1239 1249
f 1249 1239 1240
f 1249 1240 1248
f 1248 1240 1241
f 1248 1241 1247
f 1247 1241 1242
f 1247 1242 1246
f 1246 1242 1243
f 1246 1243 1245
f 1245 1243 1244
f 1252 1264 1251
f 1251 1264 1266
f 1251 1266 1276
f 1276 1266 1267
f 1276 1267 1275
f 1275 1267 1274
f 1274 1267 1268
f 1274 1268 1269
f 1253 1256 1252
f 1252 1256 1262
f 1252 1262 1263
f 1254 1255 1253
f 1253 1255 1256
f 1262 1256 1261
f 1261 1256 1257
f 1261 1257 1260
f 1260 1257 1259
f 1259 1257 1258
f 1263 1264 1252
f 1264 1265 1266
f 1270 1271 1269
f 1269 1271 1272
f 1269 1272 1273
f 1273 1274 1269
f 1278 1279 1277
f 1277 1279 1302
f 1302 1279 1280
f 1302 1280 1281
f 1281 1282 1302
f 1302 1282 1301
f 1301 1282 1300
f 1300 1282 1299
f 1299 1282 1292
f 1299 1292 1298
f 1298 1292 1293
f 1298 1293 1297
f 1297 1293 1296
f 1296 1293 1295
f 1295 1293 1294
f 1282 1283 1292
f 1292 1283 1284
f 1292 1284 1285
f 1292 1285 1290
f 1290 1285 1286
f 1290 1286 1289
f 1289 1286 1287
f 1289 1287 1288
f 1290 1291 1292
f 1303 1304 1306
f 1306 1304 1305
f 1307 1308 1477
f 1477 1308 1474
f 1477 1474 1475
f 1309 1461 1308
f 1308 1461 1462
f 1308 1462 1465
f 1465 1462 1463
f 1465 1463 1464
f 1461 1309 1460
f 1460 1309 1310
f 1460 1310 1311
f 1460 1311 1459
f 1459 1311 1312
f 1459 1312 1337
f 1337 1312 1313
f 1337 1313 1336
f 1336 1313 1314
f 1336 1314 1335
f 1335 1314 1315
f 1335 1315 1316
f 1335 1316 1319
f 1319 1316 1317
f 1319 1317 1318
f 1319 1320 1335
f 1335 1320 1323
f 1335 1323 1324
f 1320 1321 1323
f 1323 1321 1322
f 1335 1324 1327
f 1327 1324 1325
f 1327 1325 1326
f 1327 1328 1335
f 1335 1328 1331
f 1335 1331 1332
f 1328 1329 1331
f 1331 1329 1330
f 1333 1334 1332
f 1332 1334 1335
f 1338 1356 1337
f 1337 1356 1434
f 1337 1434 1458
f 1458 1434 1457
f 1457 1434 1435
f 1457 1435 1456
f 1456 1435 1455
f 1455 1435 1436
f 1455 1436 1454
f 1454 1436 1437
f 1454 1437 1440
f 1440 1437 1438
f 1440 1438 1439
f 1356 1338 1355
f 1355 1338 1339
f 1355 1339 1354
f 1354 1339 1340
f 1354 1340 1353
f 1353 1340 1341
f 1353 1341 1352
f 1352 1341 1342
f 1352 1342 1351
f 1351 1342 1343
f 1351 1343 1350
f 1350 1343 1344
f 1350 1344 1349
f 1349 1344 1345
f 1349 1345 1348
f 1348 1345 1346
f 1348 1346 1347
f 1357 1383 1356
f 1356 1383 1384
f 1356 1384 1408
f 1408 1384 1407
f 1407 1384 1385
f 1407 1385 1406
f 1406 1385 1405
f 1405 1385 1386
f 1405 1386 1404
f 1404 1386 1387
f 1404 1387 1390
f 1390 1387 1388
f 1390 1388 1389
f 1358 1381 1357
f 1357 1381 1382
f 1357 1382 1383
f 1359 1361 1358
f 1358 1361 1379
f 1358 1379 1380
f 1359 1360 1361
f 1361 1362 1379
f 1379 1362 1365
f 1379 1365 1366
f 1362 1363 1365
f 1365 1363 1364
f 1379 1366 1369
f 1369 1366 1367
f 1369 1367 1368
f 1369 1370 1379
f 1379 1370 1373
f 1379 1373 1374
f 1370 1371 1373
f 1373 1371 1372
f 1379 1374 1377
f 1377 1374 1375
f 1377 1375 1376
f 1377 1378 1379
f 1380 1381 1358
f 1390 1391 1404
f 1404 1391 1394
f 1404 1394 1395
f 1391 1392 1394
f 1394 1392 1393
f 1404 1395 1398
f 1398 1395 1396
f 1398 1396 1397
f 1398 1399 1404
f 1404 1399 1402
f 1404 1402 1403
f 1399 1400 1402
f 1402 1400 1401
f 1408 1409 1356
f 1356 1409 1433
f 1356 1433 1434
f 1433 1409 1432
f 1432 1409 1410
f 1432 1410 1431
f 1431 1410 1430
f 1430 1410 1411
f 1430 1411 1429
f 1429 1411 1412
f 1429 1412 1415
f 1415 1412 1413
f 1415 1413 1414
f 1415 1416 1429
f 1429 1416 1419
f 1429 1419 1420
f 1416 1417 1419
f 1419 1417 1418
f 1429 1420 1423
f 1423 1420 1421
f 1423 1421 1422
f 1423 1424 1429
f 1429 1424 1427
f 1429 1427 1428
f 1424 1425 1427
f 1427 1425 1426
f 1440 1441 1454
f 1454 1441 1444
f 1454 1444 1445
f 1441 1442 1444
f 1444 1442 1443
f 1454 1445 1448
f 1448 1445 1446
f 1448 1446 1447
f 1448 1449 1454
f 1454 1449 1452
f 1454 1452 1453
f 1449 1450 1452
f 1452 1450 1451
f 1458 1459 1337
f 1465 1466 1308
f 1308 1466 1469
f 1308 1469 1470
f 1466 1467 1469
f 1469 1467 1468
f 1308 1470 1473
f 1473 1470 1471
f 1473 1471 1472
f 1473 1474 1308
f 1475 1476 1477
f 1488 1478 1483
f 1483 1478 1479
f 1483 1479 1482
f 1482 1479 1481
f 1481 1479 1480
f 1483 1484 1488
f 1488 1484 1487
f 1487 1484 1485
f 1487 1485 1486
f 1490 1491 1489
f 1489 1491 1492
f 1494 1495 1493
f 1493 1495 1500
f 1500 1495 1496
f 1500 1496 1499
f 1499 1496 1497
f 1499 1497 1498
f 1502 1503 1501
f 1501 1503 1504
f 1506 1507 1505
f 1505 1507 1508
f 1510 1511 1509
f 1509 1511 1520
f 1520 1511 1512
f 1520 1512 1519
f 1519 1512 1513
f 1519 1513 1518
f 1518 1513 1514
f 1518 1514 1517
f 1517 1514 1515
f 1517 1515 1516
f 1522 1523 1521
f 1521 1523 1524
f 1529 1525 1528
f 1528 1525 1526
f 1528 1526 1527
f 1531 1532 1530
f 1530 1532 1540
f 1540 1532 1534
f 1540 1534 1539
f 1539 1534 1538
f 1538 1534 1535
f 1538 1535 1537
f 1537 1535 1536
f 1532 1533 1534
f 1552 1541 1551
f 1551 1541 1542
f 1551 1542 1549
f 1549 1542 1543
f 1549 1543 1544
f 1544 1545 1549
f 1549 1545 1546
f 1549 1546 1548
f 1548 1546 1547
f 1549 1550 1551
f 1554 1555 1553
f 1553 1555 1564
f 1564 1555 1556
f 1564 1556 1563
f 1563 1556 1557
f 1563 1557 1562
f 1562 1557 1558
f 1562 1558 1561
f 1561 1558 1559
f 1561 1559 1560
f 1566 1567 1565
f 1565 1567 1574
f 1574 1567 1568
f 1574 1568 1573
f 1573 1568 1569
f 1573 1569 1572
f 1572 1569 1570
f 1572 1570 1571
f 1576 1577 1575
f 1575 1577 1586
f 1586 1577 1578
f 1586 1578 1585
f 1585 1578 1579
f 1585 1579 1584
f 1584 1579 1580
f 1584 1580 1583
f 1583 1580 1581
f 1583 1581 1582
f 1588 1589 1587
f 1587 1589 1590
f 1592 1593 1591
f 1591 1593 1594
f 1591 1594 1596
f 1596 1594 1595
f 1597 1598 1600
f 1600 1598 1599
f 1605 1601 1604
f 1604 1601 1602
f 1604 1602 1603
f 1607 1608 1606
f 1606 1608 1609
f 1611 1612 1610
f 1610 1612 1619
f 1619 1612 1613
f 1619 1613 1618
f 1618 1613 1614
f 1618 1614 1617
f 1617 1614 1615
f 1617 1615 1616
f 1621 1622 1620
f 1620 1622 1623
f 1625 1626 1624
f 1624 1626 1629
f 1629 1626 1627
f 1629 1627 1628
f 1630 1631 1658
f 1658 1631 1657
f 1657 1631 1632
f 1657 1632 1633
f 1633 1634 1657
f 1657 1634 1635
f 1657 1635 1651
f 1651 1635 1650
f 1650 1635 1649
f 1649 1635 1636
f 1649 1636 1647
f 1647 1636 1637
f 1647 1637 1646
f 1646 1637 1638
f 1646 1638 1639
f 1640 1644 1639
f 1639 1644 1645
f 1639 1645 1646
f 1640 1641 1644
f 1644 1641 1642
f 1644 1642 1643
f 1647 1648 1649
f 1651 1652 1657
f 1657 1652 1656
f 1656 1652 1653
f 1656 1653 1654
f 1654 1655 1656
f 1659 1660 1662
f 1662 1660 1661
f 1664 1665 1663
f 1663 1665 1674
f 1674 1665 1666
f 1674 1666 1673
f 1673 1666 1667
f 1673 1667 1672
f 1672 1667 1668
f 1672 1668 1671
f 1671 1668 1669
f 1671 1669 1670
f 1675 1676 1678
f 1678 1676 1677
f 1679 1680 1682
f 1682 1680 1681
f 1684 1685 1683
f 1683 1685 1694
f 1694 1685 1686
f 1694 1686 1693
f 1693 1686 1687
f 1693 1687 1692
f 1692 1687 1688
f 1692 1688 1691
f 1691 1688 1689
f 1691 1689 1690
f 1696 1697 1695
f 1695 1697 1702
f 1702 1697 1698
f 1702 1698 1701
f 1701 1698 1699
f 1701 1699 1700
f 1704 1705 1703
f 1703 1705 1706
f 1707 1708 1710
f 1710 1708 1709
f 1711 1712 1714
f 1714 1712 1713
f 1716 1717 1715
f 1715 1717 1726
f 1726 1717 1718
f 1726 1718 1725
f 1725 1718 1719
f 1725 1719 1724
f 1724 1719 1720
f 1724 1720 1723
f 1723 1720 1721
f 1723 1721 1722
f 1727 1728 1737
f 1737 1728 1729
f 1737 1729 1735
f 1735 1729 1730
f 1735 1730 1731
f 1735 1731 1734
f 1734 1731 1732
f 1734 1732 1733
f 1735 1736 1737
f 1739 1740 1738
f 1738 1740 1747
f 1747 1740 1741
f 1747 1741 1746
f 1746 1741 1742
f 1746 1742 1745
f 1745 1742 1743
f 1745 1743 1744
f 1748 1749 1871
f 1871 1749 1870
f 1870 1749 1750
f 1870 1750 1753
f 1753 1750 1751
f 1753 1751 1752
f 1753 1754 1870
f 1870 1754 1757
f 1870 1757 1758
f 1754 1755 1757
f 1757 1755 1756
f 1870 1758 1761
f 1761 1758 1759
f 1761 1759 1760
f 1761 1762 1870
f 1870 1762 1765
f 1870 1765 1766
f 1762 1763 1765
f 1765 1763 1764
f 1870 1766 1769
f 1769 1766 1767
f 1769 1767 1768
f 1769 1770 1870
f 1870 1770 1773
f 1870 1773 1774
f 1770 1771 1773
f 1773 1771 1772
f 1870 1774 1777
f 1777 1774 1775
f 1777 1775 1776
f 1777 1778 1870
f 1870 1778 1781
f 1870 1781 1782
f 1778 1779 1781
f 1781 1779 1780
f 1870 1782 1785
f 1785 1782 1783
f 1785 1783 1784
f 1785 1786 1870
f 1870 1786 1789
f 1870 1789 1790
f 1786 1787 1789
f 1789 1787 1788
f 1870 1790 1793
f 1793 1790 1791
f 1793 1791 1792
f 1793 1794 1870
f 1870 1794 1797
f 1870 1797 1798
f 1794 1795 1797
f 1797 1795 1796
f 1870 1798 1801
f 1801 1798 1799
f 1801 1799 1800
f 1801 1802 1870
f 1870 1802 1805
f 1870 1805 1806
f 1802 1803 1805
f 1805 1803 1804
f 1807 1809 1806
f 1806 1809 1869
f 1806 1869 1870
f 1807 1808 1809
f 1809 1810 1869
f 1869 1810 1813
f 1869 1813 1814
f 1810 1811 1813
f 1813 1811 1812
f 1869 1814 1817
f 1817 1814 1815
f 1817 1815 1816
f 1817 1818 1869
f 1869 1818 1821
f 1869 1821 1822
f 1818 1819 1821
f 1821 1819 1820
f 1869 1822 1825
f 1825 1822 1823
f 1825 1823 1824
f 1825 1826 1869
f 1869 1826 1829
f 1869 1829 1830
f 1826 1827 1829
f 1829 1827 1828
f 1869 1830 1833
f 1833 1830 1831
f 1833 1831 1832
f 1833 1834 1869
f 1869 1834 1837
f 1869 1837 1838
f 1834 1835 1837
f 1837 1835 1836
f 1869 1838 1841
f 1841 1838 1839
f 1841 1839 1840
f 1841 1842 1869
f 1869 1842 1845
f 1869 1845 1846
f 1842 1843 1845
f 1845 1843 1844
f 1869 1846 1849
f 1849 1846 1847
f 1849 1847 1848
f 1849 1850 1869
f 1869 1850 1853
f 1869 1853 1854
f 1850 1851 1853
f 1853 1851 1852
f 1869 1854 1857
f 1857 1854 1855
f 1857 1855 1856
f 1857 1858 1869
f 1869 1858 1861
f 1869 1861 1862
f 1858 1859 1861
f 1861 1859 1860
f 1869 1862 1865
f 1865 1862 1863
f 1865 1863 1864
f 1865 1866 1869
f 1869 1866 1868
f 1868 1866 1867
f 1873 1875 1872
f 1872 1875 1877
f 1872 1877 1883
f 1883 1877 1882
f 1882 1877 1881
f 1881 1877 1880
f 1880 1877 1878
f 1880 1878 1879
f 1873 1874 1875
f 1875 1876 1877
f 1885 1886 1884
f 1884 1886 1887
f 1889 1890 1888
f 1888 1890 1891
f 1893 1894 1892
f 1892 1894 1895
f 1897 1898 1896
f 1896 1898 1899
f 1901 1902 1900
f 1900 1902 1903
f 1905 1906 1904
f 1904 1906 1911
f 1911 1906 1907
f 1911 1907 1910
f 1910 1907 1908
f 1910 1908 1909
f 1913 1914 1912
f 1912 1914 1915
f 1917 1918 1916
f 1916 1918 1919
f 1921 1922 1920
f 1920 1922 1923
f 1925 1926 1924
f 1924 1926 1927
f 1928 1929 1931
f 1931 1929 1930
f 1933 1934 1932
f 1932 1934 1936
f 1936 1934 1935
f 1937 1938 1954
f 1954 1938 1953
f 1953 1938 1952
f 1952 1938 1945
f 1952 1945 1946
f 1938 1939 1945
f 1945 1939 1944
f 1944 1939 1943
f 1943 1939 1940
f 1943 1940 1941
f 1941 1942 1943
f 1947 1948 1946
f 1946 1948 1949
f 1946 1949 1950
f 1950 1951 1946
f 1946 1951 1952
f 1965 1955 1964
f 1964 1955 1956
f 1964 1956 1957
f 1958 1959 1957
f 1957 1959 1963
f 1957 1963 1964
f 1959 1960 1963
f 1963 1960 1962
f 1962 1960 1961
f 2091 1966 2090
f 2090 1966 1967
f 2090 1967 2089
f 2089 1967 1968
f 2089 1968 1971
f 1971 1968 1969
f 1971 1969 1970
f 1971 1972 2089
f 2089 1972 1975
f 2089 1975 1976
f 1972 1973 1975
f 1975 1973 1974
f 2089 1976 1979
f 1979 1976 1977
f 1979 1977 1978
f 1979 1980 2089
f 2089 1980 1983
f 2089 1983 1984
f 1980 1981 1983
f 1983 1981 1982
f 2089 1984 1987
f 1987 1984 1985
f 1987 1985 1986
f 1987 1988 2089
f 2089 1988 1991
f 2089 1991 1992
f 1988 1989 1991
f 1991 1989 1990
f 2089 1992 1995
f 1995 1992 1993
f 1995 1993 1994
f 1995 1996 2089
f 2089 1996 1999
f 2089 1999 2000
f 1996 1997 1999
f 1999 1997 1998
f 2089 2000 2003
f 2003 2000 2001
f 2003 2001 2002
f 2003 2004 2089
f 2089 2004 2007
f 2089 2007 2008
f 2004 2005 2007
f 2007 2005 2006
f 2089 2008 2011
f 2011 2008 2009
f 2011 2009 2010
f 2011 2012 2089
f 2089 2012 2015
f 2089 2015 2016
f 2012 2013 2015
f 2015 2013 2014
f 2089 2016 2019
f 2019 2016 2017
f 2019 2017 2018
f 2019 2020 2089
f 2089 2020 2023
f 2089 2023 2024
f 2020 2021 2023
f 2023 2021 2022
f 2025 2027 2024
f 2024 2027 2088
f 2024 2088 2089
f 2025 2026 2027
f 2027 2028 2088
f 2088 2028 2031
f 2088 2031 2032
f 2028 2029 2031
f 2031 2029 2030
f 2088 2032 2035
f 2035 2032 2033
f 2035 2033 2034
f 2035 2036 2088
f 2088 2036 2039
f 2088 2039 2040
f 2036 2037 2039
f 2039 2037 2038
f 2088 2040 2043
f 2043 2040 2041
f 2043 2041 2042
f 2043 2044 2088
f 2088 2044 2047
f 2088 2047 2048
f 2044 2045 2047
f 2047 2045 2046
f 2088 2048 2051
f 2051 2048 2049
f 2051 2049 2050
f 2051 2052 2088
f 2088 2052 2055
f 2088 2055 2056
f 2052 2053 2055
f 2055 2053 2054
f 2088 2056 2059
f 2059 2056 2057
f 2059 2057 2058
f 2059 2060 2088
f 2088 2060 2063
f 2088 2063 2064
f 2060 2061 2063
f 2063 2061 2062
f 2088 2064 2067
f 2067 2064 2065
f 2067 2065 2066
f 2067 2068 2088
f 2088 2068 2071
f 2088 2071 2072
f 2068 2069 2071
f 2071 2069 2070
f 2088 2072 2075
f 2075 2072 2073
f 2075 2073 2074
f 2075 2076 2088
f 2088 2076 2079
f 2088 2079 2080
f 2076 2077 2079
f 2079 2077 2078
f 2088 2080 2083
f 2083 2080 2081
f 2083 2081 2082
f 2083 2084 2088
f 2088 2084 2087
f 2087 2084 2085
f 2087 2085 2086
f 2092 2093 2113
f 2113 2093 2094
f 2113 2094 2112
f 2112 2094 2095
f 2112 2095 2096
f 2096 2097 2112
f 2112 2097 2102
f 2112 2102 2103
f 2097 2098 2102
f 2102 2098 2101
f 2101 2098 2100
f 2100 2098 2099
f 2103 2104 2112
f 2112 2104 2105
f 2112 2105 2110
f 2110 2105 2106
f 2110 2106 2109
f 2109 2106 2107
f 2109 2107 2108
f 2110 2111 2112
f 2114 2115 2118
f 2118 2115 2116
f 2118 2116 2117
f 2119 2120 2122
f 2122 2120 2121
f 2124 2125 2123
f 2123 2125 2126
f 2128 2129 2127
f 2127 2129 2130
f 2132 2133 2131
f 2131 2133 2136
f 2136 2133 2134
f 2136 2134 2135
f 2142 2137 2141
f 2141 2137 2138
f 2141 2138 2140
f 2140 2138 2139
f 2143 2144 2146
f 2146 2144 2145
f 2148 2149 2147
f 2147 2149 2150
f 2155 2151 2154
f 2154 2151 2152
f 2154 2152 2153
f 2156 2157 2160
f 2160 2157 2158
f 2160 2158 2159
f 2161 2162 2178
f 2178 2162 2177
f 2177 2162 2176
f 2176 2162 2169
f 2176 2169 2170
f 2162 2163 2169
f 2169 2163 2168
f 2168 2163 2167
f 2167 2163 2164
f 2167 2164 2165
f 2165 2166 2167
f 2171 2172 2170
f 2170 2172 2173
f 2170 2173 2174
f 2174 2175 2170
f 2170 2175 2176
f 2180 2181 2179
f 2179 2181 2198
f 2198 2181 2182
f 2198 2182 2197
f 2197 2182 2183
f 2197 2183 2196
f 2196 2183 2184
f 2196 2184 2195
f 2195 2184 2185
f 2195 2185 2194
f 2194 2185 2186
f 2194 2186 2193
f 2193 2186 2187
f 2193 2187 2192
f 2192 2187 2188
f 2192 2188 2191
f 2191 2188 2189
f 2191 2189 2190
f 2200 2201 2199
f 2199 2201 2216
f 2216 2201 2202
f 2216 2202 2215
f 2215 2202 2203
f 2215 2203 2214
f 2214 2203 2204
f 2214 2204 2213
f 2213 2204 2205
f 2213 2205 2212
f 2212 2205 2206
f 2212 2206 2211
f 2211 2206 2207
f 2211 2207 2210
f 2210 2207 2208
f 2210 2208 2209
f 2218 2219 2217
f 2217 2219 2220
f 2222 2223 2221
f 2221 2223 2224
f 2226 2227 2225
f 2225 2227 2228
f 2230 2231 2229
f 2229 2231 2232
f 2234 2235 2233
f 2233 2235 2236
f 2238 2239 2237
f 2237 2239 2240
f 2242 2243 2241
f 2241 2243 2244
f 2246 2247 2245
f 2245 2247 2248
f 2249 2250 2268
f 2268 2250 2265
f 2268 2265 2266
f 2251 2261 2250
f 2250 2261 2264
f 2250 2264 2265
f 2252 2253 2251
f 2251 2253 2256
f 2251 2256 2257
f 2253 2254 2256
f 2256 2254 2255
f 2251 2257 2260
f 2260 2257 2258
f 2260 2258 2259
f 2260 2261 2251
f 2261 2262 2264
f 2264 2262 2263
f 2266 2267 2268
f 2269 2270 2356
f 2356 2270 2355
f 2355 2270 2271
f 2355 2271 2354
f 2354 2271 2272
f 2354 2272 2353
f 2353 2272 2273
f 2353 2273 2352
f 2352 2273 2274
f 2352 2274 2351
f 2351 2274 2307
f 2351 2307 2350
f 2350 2307 2339
f 2350 2339 2340
f 2274 2275 2307
f 2307 2275 2283
f 2307 2283 2306
f 2306 2283 2284
f 2306 2284 2305
f 2305 2284 2285
f 2305 2285 2304
f 2304 2285 2286
f 2304 2286 2303
f 2303 2286 2287
f 2303 2287 2302
f 2302 2287 2288
f 2302 2288 2301
f 2301 2288 2289
f 2301 2289 2300
f 2300 2289 2290
f 2300 2290 2299
f 2299 2290 2291
f 2299 2291 2298
f 2298 2291 2292
f 2298 2292 2297
f 2297 2292 2293
f 2297 2293 2296
f 2296 2293 2294
f 2296 2294 2295
f 2283 2275 2282
f 2282 2275 2276
f 2282 2276 2277
f 2277 2278 2282
f 2282 2278 2281
f 2281 2278 2279
f 2281 2279 2280
f 2308 2312 2307
f 2307 2312 2313
f 2307 2313 2314
f 2309 2310 2308
f 2308 2310 2311
f 2308 2311 2312
f 2314 2315 2307
f 2307 2315 2326
f 2307 2326 2327
f 2315 2316 2326
f 2326 2316 2325
f 2325 2316 2317
f 2325 2317 2324
f 2324 2317 2318
f 2324 2318 2323
f 2323 2318 2319
f 2323 2319 2322
f 2322 2319 2320
f 2322 2320 2321
f 2307 2327 2338
f 2338 2327 2328
f 2338 2328 2337
f 2337 2328 2329
f 2337 2329 2336
f 2336 2329 2330
f 2336 2330 2335
f 2335 2330 2331
f 2335 2331 2334
f 2334 2331 2332
f 2334 2332 2333
f 2338 2339 2307
f 2350 2340 2349
f 2349 2340 2341
f 2349 2341 2348
f 2348 2341 2342
f 2348 2342 2347
f 2347 2342 2343
f 2347 2343 2346
f 2346 2343 2344
f 2346 2344 2345
f 2357 2358 2360
f 2360 2358 2359
f 2362 2363 2361
f 2361 2363 2386
f 2386 2363 2364
f 2386 2364 2365
f 2365 2366 2386
f 2386 2366 2385
f 2385 2366 2384
f 2384 2366 2383
f 2383 2366 2376
f 2383 2376 2382
f 2382 2376 2377
f 2382 2377 2381
f 2381 2377 2380
f 2380 2377 2379
f 2379 2377 2378
f 2366 2367 2376
f 2376 2367 2368
f 2376 2368 2369
f 2376 2369 2374
f 2374 2369 2370
f 2374 2370 2373
f 2373 2370 2371
f 2373 2371 2372
f 2374 2375 2376
f 2388 2389 2387
f 2387 2389 2392
f 2392 2389 2390
f 2392 2390 2391
f 2394 2395 2393
f 2393 2395 2404
f 2404 2395 2396
f 2404 2396 2403
f 2403 2396 2397
f 2403 2397 2402
f 2402 2397 2398
f 2402 2398 2401
f 2401 2398 2399
f 2401 2399 2400
f 2406 2407 2405
f 2405 2407 2408
f 2409 2410 2412
f 2412 2410 2411
f 2414 2436 2413
f 2413 2436 2437
f 2413 2437 2556
f 2556 2437 2438
f 2556 2438 2462
f 2462 2438 2461
f 2461 2438 2439
f 2461 2439 2460
f 2460 2439 2459
f 2459 2439 2440
f 2459 2440 2458
f 2458 2440 2441
f 2458 2441 2444
f 2444 2441 2442
f 2444 2442 2443
f 2415 2434 2414
f 2414 2434 2435
f 2414 2435 2436
f 2434 2415 2433
f 2433 2415 2416
f 2433 2416 2419
f 2419 2416 2417
f 2419 2417 2418
f 2419 2420 2433
f 2433 2420 2423
f 2433 2423 2424
f 2420 2421 2423
f 2423 2421 2422
f 2433 2424 2427
f 2427 2424 2425
f 2427 2425 2426
f 2427 2428 2433
f 2433 2428 2431
f 2433 2431 2432
f 2428 2429 2431
f 2431 2429 2430
f 2444 2445 2458
f 2458 2445 2448
f 2458 2448 2449
f 2445 2446 2448
f 2448 2446 2447
f 2458 2449 2452
f 2452 2449 2450
f 2452 2450 2451
f 2452 2453 2458
f 2458 2453 2456
f 2458 2456 2457
f 2453 2454 2456
f 2456 2454 2455
f 2556 2462 2537
f 2537 2462 2463
f 2537 2463 2487
f 2487 2463 2486
f 2486 2463 2464
f 2486 2464 2485
f 2485 2464 2484
f 2484 2464 2465
f 2484 2465 2483
f 2483 2465 2466
f 2483 2466 2469
f 2469 2466 2467
f 2469 2467 2468
f 2469 2470 2483
f 2483 2470 2473
f 2483 2473 2474
f 2470 2471 2473
f 2473 2471 2472
f 2483 2474 2477
f 2477 2474 2475
f 2477 2475 2476
f 2477 2478 2483
f 2483 2478 2481
f 2483 2481 2482
f 2478 2479 2481
f 2481 2479 2480
f 2487 2488 2537
f 2537 2488 2512
f 2537 2512 2513
f 2512 2488 2511
f 2511 2488 2489
f 2511 2489 2510
f 2510 2489 2509
f 2509 2489 2490
f 2509 2490 2508
f 2508 2490 2491
f 2508 2491 2494
f 2494 2491 2492
f 2494 2492 2493
f 2494 2495 2508
f 2508 2495 2498
f 2508 2498 2499
f 2495 2496 2498
f 2498 2496 2497
f 2508 2499 2502
f 2502 2499 2500
f 2502 2500 2501
f 2502 2503 2508
f 2508 2503 2506
f 2508 2506 2507
f 2503 2504 2506
f 2506 2504 2505
f 2537 2513 2536
f 2536 2513 2514
f 2536 2514 2535
f 2535 2514 2515
f 2535 2515 2516
f 2535 2516 2519
f 2519 2516 2517
f 2519 2517 2518
f 2519 2520 2535
f 2535 2520 2523
f 2535 2523 2524
f 2520 2521 2523
f 2523 2521 2522
f 2535 2524 2527
f 2527 2524 2525
f 2527 2525 2526
f 2527 2528 2535
f 2535 2528 2531
f 2535 2531 2532
f 2528 2529 2531
f 2531 2529 2530
f 2533 2534 2532
f 2532 2534 2535
f 2537 2538 2556
f 2556 2538 2555
f 2555 2538 2539
f 2555 2539 2554
f 2554 2539 2540
f 2554 2540 2553
f 2553 2540 2541
f 2553 2541 2552
f 2552 2541 2542
f 2552 2542 2551
f 2551 2542 2543
f 2551 2543 2550
f 2550 2543 2544
f 2550 2544 2549
f 2549 2544 2545
f 2549 2545 2548
f 2548 2545 2546
f 2548 2546 2547
f 2413 2556 2583
f 2583 2556 2557
f 2583 2557 2582
f 2582 2557 2558
f 2582 2558 2581
f 2581 2558 2580
f 2580 2558 2579
f 2579 2558 2561
f 2579 2561 2562
f 2558 2559 2561
f 2561 2559 2560
f 2579 2562 2565
f 2565 2562 2563
f 2565 2563 2564
f 2565 2566 2579
f 2579 2566 2569
f 2579 2569 2570
f 2566 2567 2569
f 2569 2567 2568
f 2579 2570 2573
f 2573 2570 2571
f 2573 2571 2572
f 2573 2574 2579
f 2579 2574 2577
f 2579 2577 2578
f 2574 2575 2577
f 2577 2575 2576
f 2585 2586 2584
f 2584 2586 2587
f 2589 2590 2588
f 2588 2590 2599
f 2599 2590 2591
f 2599 2591 2598
f 2598 2591 2592
f 2598 2592 2597
f 2597 2592 2593
f 2597 2593 2596
f 2596 2593 2594
f 2596 2594 2595
f 2601 2602 2600
f 2600 2602 2609
f 2609 2602 2603
f 2609 2603 2608
f 2608 2603 2604
f 2608 2604 2607
f 2607 2604 2605
f 2607 2605 2606
f 2611 2617 2610
f 2610 2617 2614
f 2610 2614 2613
f 2613 2614 2612
f 2612 2614 2615
f 2612 2615 2611
f 2611 2615 2616
f 2611 2616 2617
f 2619 2620 2618
f 2618 2620 2621
f 2623 2624 2622
f 2622 2624 2633
f 2633 2624 2625
f 2633 2625 2632
f 2632 2625 2626
f 2632 2626 2631
f 2631 2626 2627
f 2631 2627 2630
f 2630 2627 2628
f 2630 2628 2629
f 2635 2636 2634
f 2634 2636 2637
f 2639 2640 2638
f 2638 2640 2641
f 2643 2644 2642
f 2642 2644 2645
f 2647 2648 2646
f 2646 2648 2649
f 2651 2652 2650
f 2650 2652 2653
f 2654 2655 2657
f 2657 2655 2656
f 2659 2660 2658
f 2658 2660 2669
f 2669 2660 2661
f 2669 2661 2668
f 2668 2661 2662
f 2668 2662 2667
f 2667 2662 2663
f 2667 2663 2666
f 2666 2663 2664
f 2666 2664 2665
f 2671 2672 2670
f 2670 2672 2677
f 2677 2672 2673
f 2677 2673 2676
f 2676 2673 2674
f 2676 2674 2675
f 2678 2679 2694
f 2694 2679 2693
f 2693 2679 2691
f 2693 2691 2692
f 2680 2685 2679
f 2679 2685 2686
f 2679 2686 2690
f 2690 2686 2689
f 2689 2686 2688
f 2688 2686 2687
f 2685 2680 2684
f 2684 2680 2681
f 2684 2681 2683
f 2683 2681 2682
f 2690 2691 2679
f 2696 2697 2695
f 2695 2697 2700
f 2695 2700 2701
f 2697 2698 2700
f 2700 2698 2699
f 2695 2701 2704
f 2704 2701 2702
f 2704 2702 2703
f 2704 2705 2695
f 2695 2705 2717
f 2717 2705 2708
f 2717 2708 2709
f 2705 2706 2708
f 2708 2706 2707
f 2717 2709 2712
f 2712 2709 2710
f 2712 2710 2711
f 2712 2713 2717
f 2717 2713 2716
f 2716 2713 2714
f 2716 2714 2715
f 2718 2719 2739
f 2739 2719 2738
f 2738 2719 2737
f 2737 2719 2720
f 2737 2720 2727
f 2727 2720 2721
f 2727 2721 2722
f 2722 2723 2727
f 2727 2723 2726
f 2726 2723 2724
f 2726 2724 2725
f 2728 2729 2727
f 2727 2729 2734
f 2727 2734 2735
f 2734 2729 2733
f 2733 2729 2730
f 2733 2730 2732
f 2732 2730 2731
f 2735 2736 2727
f 2727 2736 2737
f 2740 2741 2746
f 2746 2741 2745
f 2745 2741 2742
f 2745 2742 2744
f 2744 2742 2743
f 2748 2749 2747
f 2747 2749 2750
f 2747 2750 2772
f 2772 2750 2751
f 2772 2751 2770
f 2770 2751 2752
f 2770 2752 2753
f 2753 2754 2770
f 2770 2754 2763
f 2770 2763 2764
f 2755 2760 2754
f 2754 2760 2761
f 2754 2761 2762
f 2755 2756 2760
f 2760 2756 2757
f 2760 2757 2759
f 2759 2757 2758
f 2762 2763 2754
f 2770 2764 2769
f 2769 2764 2765
f 2769 2765 2766
f 2766 2767 2769
f 2769 2767 2768
f 2770 2771 2772
f 2773 2774 2798
f 2798 2774 2775
f 2798 2775 2797
f 2797 2775 2796
f 2796 2775 2795
f 2795 2775 2776
f 2795 2776 2777
f 2777 2778 2795
f 2795 2778 2785
f 2795 2785 2794
f 2794 2785 2793
f 2793 2785 2792
f 2792 2785 2787
f 2792 2787 2791
f 2791 2787 2788
f 2791 2788 2790
f 2790 2788 2789
f 2778 2779 2785
f 2785 2779 2784
f 2784 2779 2780
f 2784 2780 2781
f 2781 2782 2784
f 2784 2782 2783
f 2785 2786 2787
f 2800 2801 2799
f 2799 2801 2802
f 2804 2805 2803
f 2803 2805 2814
f 2814 2805 2806
f 2814 2806 2813
f 2813 2806 2807
f 2813 2807 2812
f 2812 2807 2808
f 2812 2808 2811
f 2811 2808 2809
f 2811 2809 2810
f 2816 2817 2815
f 2815 2817 2818
f 2815 2818 2938
f 2938 2818 2935
f 2938 2935 2936
f 2819 2882 2818
f 2818 2882 2883
f 2818 2883 2886
f 2886 2883 2884
f 2886 2884 2885
f 2820 2822 2819
f 2819 2822 2823
f 2819 2823 2826
f 2826 2823 2824
f 2826 2824 2825
f 2820 2821 2822
f 2826 2827 2819
f 2819 2827 2830
f 2819 2830 2831
f 2827 2828 2830
f 2830 2828 2829
f 2819 2831 2834
f 2834 2831 2832
f 2834 2832 2833
f 2834 2835 2819
f 2819 2835 2838
f 2819 2838 2839
f 2835 2836 2838
f 2838 2836 2837
f 2819 2839 2842
f 2842 2839 2840
f 2842 2840 2841
f 2842 2843 2819
f 2819 2843 2846
f 2819 2846 2847
f 2843 2844 2846
f 2846 2844 2845
f 2819 2847 2850
f 2850 2847 2848
f 2850 2848 2849
f 2850 2851 2819
f 2819 2851 2854
f 2819 2854 2855
f 2851 2852 2854
f 2854 2852 2853
f 2819 2855 2858
f 2858 2855 2856
f 2858 2856 2857
f 2858 2859 2819
f 2819 2859 2862
f 2819 2862 2863
f 2859 2860 2862
f 2862 2860 2861
f 2819 2863 2866
f 2866 2863 2864
f 2866 2864 2865
f 2866 2867 2819
f 2819 2867 2870
f 2819 2870 2871
f 2867 2868 2870
f 2870 2868 2869
f 2819 2871 2874
f 2874 2871 2872
f 2874 2872 2873
f 2874 2875 2819
f 2819 2875 2878
f 2819 2878 2879
f 2875 2876 2878
f 2878 2876 2877
f 2819 2879 2882
f 2882 2879 2880
f 2882 2880 2881
f 2886 2887 2818
f 2818 2887 2890
f 2818 2890 2891
f 2887 2888 2890
f 2890 2888 2889
f 2818 2891 2894
f 2894 2891 2892
f 2894 2892 2893
f 2894 2895 2818
f 2818 2895 2898
f 2818 2898 2899
f 2895 2896 2898
f 2898 2896 2897
f 2818 2899 2902
f 2902 2899 2900
f 2902 2900 2901
f 2902 2903 2818
f 2818 2903 2906
f 2818 2906 2907
f 2903 2904 2906
f 2906 2904 2905
f 2818 2907 2910
f 2910 2907 2908
f 2910 2908 2909
f 2910 2911 2818
f 2818 2911 2914
f 2818 2914 2915
f 2911 2912 2914
f 2914 2912 2913
f 2818 2915 2918
f 2918 2915 2916
f 2918 2916 2917
f 2918 2919 2818
f 2818 2919 2922
f 2818 2922 2923
f 2919 2920 2922
f 2922 2920 2921
f 2818 2923 2926
f 2926 2923 2924
f 2926 2924 2925
f 2926 2927 2818
f 2818 2927 2930
f 2818 2930 2931
f 2927 2928 2930
f 2930 2928 2929
f 2818 2931 2934
f 2934 2931 2932
f 2934 2932 2933
f 2934 2935 2818
f 2936 2937 2938
f 2940 2941 2939
f 2939 2941 2944
f 2944 2941 2942
f 2944 2942 2943
f 2945 2946 2951
f 2951 2946 2950
f 2950 2946 2947
f 2950 2947 2949
f 2949 2947 2948
f 2952 2953 2968
f 2968 2953 2954
f 2968 2954 2967
f 2967 2954 2955
f 2967 2955 2966
f 2966 2955 2956
f 2966 2956 2960
f 2960 2956 2959
f 2959 2956 2958
f 2958 2956 2957
f 2960 2961 2966
f 2966 2961 2963
f 2966 2963 2964
f 2961 2962 2963
f 2964 2965 2966
f 2970 2971 2969
f 2969 2971 2974
f 2974 2971 2972
f 2974 2972 2973
f 2976 2977 2975
f 2975 2977 2978
f 2980 2981 2979
f 2979 2981 2982
f 2984 2985 2983
f 2983 2985 2986
f 2988 2989 2987
f 2987 2989 2990
f 2992 2993 2991
f 2991 2993 2996
f 2996 2993 2994
f 2996 2994 2995
f 2998 2999 2997
f 2997 2999 3002
f 3002 2999 3000
f 3002 3000 3001
f 3004 3005 3003
f 3003 3005 3006
f 3008 3009 3007
f 3007 3009 3010
f 3012 3013 3011
f 3011 3013 3020
f 3020 3013 3014
f 3020 3014 3019
f 3019 3014 3015
f 3019 3015 3018
f 3018 3015 3016
f 3018 3016 3017
f 3022 3023 3021
f 3021 3023 3024
f 3026 3027 3025
f 3025 3027 3032
f 3032 3027 3029
f 3032 3029 3031
f 3031 3029 3030
f 3027 3028 3029
f 3033 3034 3036
f 3036 3034 3035
f 3038 3039 3037
f 3037 3039 3046
f 3046 3039 3040
f 3046 3040 3045
f 3045 3040 3041
f 3045 3041 3044
f 3044 3041 3042
f 3044 3042 3043
f 3052 3047 3051
f 3051 3047 3048
f 3051 3048 3050
f 3050 3048 3049
f 3054 3055 3053
f 3053 3055 3056
f 3058 3059 3057
f 3057 3059 3060
f 3057 3060 3061
f 3062 3089 3061
f 3061 3089 3096
f 3061 3096 3097
f 3063 3087 3062
f 3062 3087 3088
f 3062 3088 3089
f 3063 3064 3087
f 3087 3064 3065
f 3087 3065 3066
f 3066 3067 3087
f 3087 3067 3068
f 3087 3068 3069
f 3069 3070 3087
f 3087 3070 3075
f 3087 3075 3076
f 3071 3072 3070
f 3070 3072 3073
f 3070 3073 3074
f 3074 3075 3070
f 3076 3077 3087
f 3087 3077 3086
f 3086 3077 3078
f 3086 3078 3084
f 3084 3078 3083
f 3083 3078 3082
f 3082 3078 3079
f 3082 3079 3081
f 3081 3079 3080
f 3084 3085 3086
f 3089 3090 3096
f 3096 3090 3091
f 3096 3091 3092
f 3092 3093 3096
f 3096 3093 3094
f 3096 3094 3095
f 3097 3098 3061
f 3061 3098 3057
f 3100 3101 3099
f 3099 3101 3102
f 3104 3105 3103
f 3103 3105 3106
f 3108 3109 3107
f 3107 3109 3110
f 3112 3113 3111
f 3111 3113 3118
f 3118 3113 3114
f 3118 3114 3117
f 3117 3114 3115
f 3117 3115 3116
f 3120 3121 3119
f 3119 3121 3122
f 3124 3125 3123
f 3123 3125 3126
f 3128 3129 3127
f 3127 3129 3130
f 3132 3133 3131
f 3131 3133 3135
f 3135 3133 3134
f 3137 3138 3136
f 3136 3138 3145
f 3145 3138 3139
f 3145 3139 3144
f 3144 3139 3140
f 3144 3140 3143
f 3143 3140 3141
f 3143 3141 3142
f 3147 3148 3146
f 3146 3148 3149
f 3150 3151 3157
f 3157 3151 3152
f 3157 3152 3155
f 3155 3152 3153
f 3155 3153 3154
f 3155 3156 3157
f 3159 3160 3158
f 3158 3160 3161
f 3162 3163 3179
f 3179 3163 3178
f 3178 3163 3177
f 3177 3163 3164
f 3177 3164 3165
f 3166 3172 3165
f 3165 3172 3176
f 3165 3176 3177
f 3167 3168 3166
f 3166 3168 3169
f 3166 3169 3170
f 3170 3171 3166
f 3166 3171 3172
f 3172 3173 3176
f 3176 3173 3174
f 3176 3174 3175
f 3191 3180 3190
f 3190 3180 3181
f 3190 3181 3189
f 3189 3181 3182
f 3189 3182 3183
f 3189 3183 3188
f 3188 3183 3184
f 3188 3184 3187
f 3187 3184 3185
f 3187 3185 3186
f 3196 3192 3195
f 3195 3192 3193
f 3195 3193 3194
f 3198 3199 3197
f 3197 3199 3216
f 3216 3199 3200
f 3216 3200 3215
f 3215 3200 3201
f 3215 3201 3214
f 3214 3201 3202
f 3214 3202 3213
f 3213 3202 3203
f 3213 3203 3212
f 3212 3203 3204
f 3212 3204 3211
f 3211 3204 3205
f 3211 3205 3210
f 3210 3205 3206
f 3210 3206 3209
f 3209 3206 3207
f 3209 3207 3208
f 3217 3218 3220
f 3220 3218 3219
f 3222 3223 3221
f 3221 3223 3226
f 3226 3223 3224
f 3226 3224 3225
f 3228 3229 3227
f 3227 3229 3236
f 3236 3229 3230
f 3236 3230 3235
f 3235 3230 3231
f 3235 3231 3234
f 3234 3231 3232
f 3234 3232 3233
f 3238 3239 3237
f 3237 3239 3244
f 3244 3239 3240
f 3244 3240 3243
f 3243 3240 3241
f 3243 3241 3242
f 3246 3247 3245
f 3245 3247 3248
f 3250 3251 3249
f 3249 3251 3260
f 3260 3251 3252
f 3260 3252 3259
f 3259 3252 3253
f 3259 3253 3258
f 3258 3253 3254
f 3258 3254 3257
f 3257 3254 3255
f 3257 3255 3256
f 3262 3263 3261
f 3261 3263 3264
f 3265 3266 3267
f 3269 3270 3268
f 3268 3270 3273
f 3273 3270 3271
f 3273 3271 3272
f 3275 3276 3274
f 3274 3276 3285
f 3285 3276 3277
f 3285 3277 3284
f 3284 3277 3278
f 3284 3278 3283
f 3283 3278 3279
f 3283 3279 3282
f 3282 3279 3280
f 3282 3280 3281
f 3287 3288 3286
f 3286 3288 3289
f 3291 3292 3290
f 3290 3292 3293
f 3295 3296 3294
f 3294 3296 3297
f 3299 3300 3298
f 3298 3300 3301
f 3306 3302 3305
f 3305 3302 3303
f 3305 3303 3304
f 3307 3308 3311
f 3311 3308 3309
f 3311 3309 3310
f 3313 3318 3312
f 3312 3318 3319
f 3312 3319 3316
f 3318 3313 3317
f 3317 3313 3314
f 3317 3314 3315
f 3317 3315 3316
f 3316 3315 3312
f 3321 3322 3320
f 3320 3322 3323
f 3325 3326 3324
f 3324 3326 3327
f 3329 3330 3328
f 3328 3330 3331
f 3333 3334 3332
f 3332 3334 3335
f 3336 3337 3353
f 3353 3337 3352
f 3352 3337 3351
f 3351 3337 3344
f 3351 3344 3345
f 3337 3338 3344
f 3344 3338 3343
f 3343 3338 3342
f 3342 3338 3339
f 3342 3339 3340
f 3340 3341 3342
f 3346 3347 3345
f 3345 3347 3348
f 3345 3348 3349
f 3349 3350 3345
f 3345 3350 3351
f 3355 3356 3354
f 3354 3356 3357
f 3359 3360 3358
f 3358 3360 3361
f 3362 3363 3365
f 3365 3363 3364
f 3366 3367 3407
f 3407 3367 3406
f 3406 3367 3405
f 3405 3367 3368
f 3405 3368 3369
f 3369 3370 3405
f 3405 3370 3377
f 3405 3377 3404
f 3404 3377 3378
f 3404 3378 3379
f 3371 3372 3370
f 3370 3372 3373
f 3370 3373 3374
f 3374 3375 3370
f 3370 3375 3376
f 3370 3376 3377
f 3380 3389 3379
f 3379 3389 3390
f 3379 3390 3391
f 3381 3382 3380
f 3380 3382 3388
f 3380 3388 3389
f 3382 3383 3388
f 3388 3383 3384
f 3388 3384 3387
f 3387 3384 3385
f 3387 3385 3386
f 3379 3391 3396
f 3396 3391 3392
f 3396 3392 3393
f 3393 3394 3396
f 3396 3394 3395
f 3396 3397 3379
f 3379 3397 3398
f 3379 3398 3399
f 3399 3400 3379
f 3379 3400 3401
f 3379 3401 3402
f 3402 3403 3379
f 3379 3403 3404
f 3409 3410 3408
f 3408 3410 3411
f 3413 3414 3412
f 3412 3414 3415
f 3412 3415 3418
f 3418 3415 3416
f 3418 3416 3417
f 3420 3421 3419
f 3419 3421 3422
f 3424 3425 3423
f 3423 3425 3426
f 3427 3428 3432
f 3432 3428 3431
f 3431 3428 3429
f 3431 3429 3430
f 3433 3434 3474
f 3474 3434 3473
f 3473 3434 3472
f 3472 3434 3435
f 3472 3435 3436
f 3436 3437 3472
f 3472 3437 3444
f 3472 3444 3471
f 3471 3444 3445
f 3471 3445 3446
f 3438 3439 3437
f 3437 3439 3440
f 3437 3440 3441
f 3441 3442 3437
f 3437 3442 3443
f 3437 3443 3444
f 3447 3456 3446
f 3446 3456 3457
f 3446 3457 3458
f 3448 3449 3447
f 3447 3449 3455
f 3447 3455 3456
f 3449 3450 3455
f 3455 3450 3451
f 3455 3451 3454
f 3454 3451 3452
f 3454 3452 3453
f 3446 3458 3463
f 3463 3458 3459
f 3463 3459 3460
f 3460 3461 3463
f 3463 3461 3462
f 3463 3464 3446
f 3446 3464 3465
f 3446 3465 3466
f 3466 3467 3446
f 3446 3467 3468
f 3446 3468 3469
f 3469 3470 3446
f 3446 3470 3471
f 3476 3477 3475
f 3475 3477 3486
f 3486 3477 3478
f 3486 3478 3485
f 3485 3478 3479
f 3485 3479 3484
f 3484 3479 3480
f 3484 3480 3483
f 3483 3480 3481
f 3483 3481 3482
f 3488 3489 3487
f 3487 3489 3490
f 3492 3493 3491
f 3491 3493 3500
f 3500 3493 3494
f 3500 3494 3499
f 3499 3494 3495
f 3499 3495 3498
f 3498 3495 3496
f 3498 3496 3497
f 3502 3503 3501
f 3501 3503 3504
f 3505 3506 3507
f 3509 3510 3508
f 3508 3510 3513
f 3513 3510 3511
f 3513 3511 3512
f 3515 3516 3514
f 3514 3516 3521
f 3521 3516 3517
f 3521 3517 3520
f 3520 3517 3518
f 3520 3518 3519
f 3523 3524 3522
f 3522 3524 3525
f 3527 3528 3526
f 3526 3528 3529
f 3531 3532 3530
f 3530 3532 3533
f 3534 3535 3537
f 3537 3535 3536
f 3539 3540 3538
f 3538 3540 3541
f 3543 3544 3542
f 3542 3544 3545
f 3546 3547 3562
f 3562 3547 3548
f 3562 3548 3561
f 3561 3548 3549
f 3561 3549 3560
f 3560 3549 3550
f 3560 3550 3554
f 3554 3550 3553
f 3553 3550 3552
f 3552 3550 3551
f 3554 3555 3560
f 3560 3555 3557
f 3560 3557 3558
f 3555 3556 3557
f 3558 3559 3560
f 3564 3565 3563
f 3563 3565 3566
f 3568 3569 3567
f 3567 3569 3570
f 3572 3573 3571
f 3571 3573 3574
f 3571 3574 3575
f 3576 3603 3575
f 3575 3603 3610
f 3575 3610 3611
f 3577 3601 3576
f 3576 3601 3602
f 3576 3602 3603
f 3577 3578 3601
f 3601 3578 3579
f 3601 3579 3580
f 3580 3581 3601
f 3601 3581 3582
f 3601 3582 3583
f 3583 3584 3601
f 3601 3584 3589
f 3601 3589 3590
f 3585 3586 3584
f 3584 3586 3587
f 3584 3587 3588
f 3588 3589 3584
f 3590 3591 3601
f 3601 3591 3600
f 3600 3591 3592
f 3600 3592 3598
f 3598 3592 3597
f 3597 3592 3596
f 3596 3592 3593
f 3596 3593 3595
f 3595 3593 3594
f 3598 3599 3600
f 3603 3604 3610
f 3610 3604 3605
f 3610 3605 3606
f 3606 3607 3610
f 3610 3607 3608
f 3610 3608 3609
f 3611 3612 3575
f 3575 3612 3571
f 3614 3615 3613
f 3613 3615 3616
f 3618 3619 3617
f 3617 3619 3620
f 3622 3623 3621
f 3621 3623 3628
f 3628 3623 3624
f 3628 3624 3627
f 3627 3624 3625
f 3627 3625 3626
f 3630 3631 3629
f 3629 3631 3632
f 3634 3635 3633
f 3633 3635 3640
f 3640 3635 3636
f 3640 3636 3639
f 3639 3636 3637
f 3639 3637 3638
f 3642 3643 3641
f 3641 3643 3644
f 3646 3647 3645
f 3645 3647 3648
f 3650 3651 3649
f 3649 3651 3656
f 3656 3651 3652
f 3656 3652 3655
f 3655 3652 3653
f 3655 3653 3654
f 3658 3659 3657
f 3657 3659 3660
f 3661 3662 3848
f 3848 3662 3663
f 3848 3663 3664
f 3664 3665 3848
f 3848 3665 3666
f 3848 3666 3667
f 3848 3667 3675
f 3675 3667 3668
f 3675 3668 3669
f 3675 3669 3674
f 3674 3669 3670
f 3674 3670 3671
f 3671 3672 3674
f 3674 3672 3673
f 3675 3676 3848
f 3848 3676 3847
f 3847 3676 3677
f 3847 3677 3678
f 3679 3845 3678
f 3678 3845 3846
f 3678 3846 3847
f 3679 3680 3845
f 3845 3680 3681
f 3845 3681 3844
f 3844 3681 3682
f 3844 3682 3843
f 3843 3682 3683
f 3843 3683 3842
f 3842 3683 3840
f 3842 3840 3841
f 3683 3684 3840
f 3840 3684 3688
f 3840 3688 3839
f 3839 3688 3689
f 3839 3689 3690
f 3685 3686 3684
f 3684 3686 3687
f 3684 3687 3688
f 3690 3691 3839
f 3839 3691 3692
f 3839 3692 3838
f 3838 3692 3693
f 3838 3693 3694
f 3694 3695 3838
f 3838 3695 3696
f 3838 3696 3707
f 3707 3696 3706
f 3706 3696 3697
f 3706 3697 3698
f 3698 3699 3706
f 3706 3699 3705
f 3705 3699 3700
f 3705 3700 3701
f 3705 3701 3704
f 3704 3701 3702
f 3704 3702 3703
f 3707 3708 3838
f 3838 3708 3837
f 3837 3708 3709
f 3837 3709 3710
f 3710 3711 3837
f 3837 3711 3712
f 3837 3712 3836
f 3836 3712 3713
f 3836 3713 3834
f 3834 3713 3833
f 3833 3713 3832
f 3832 3713 3714
f 3832 3714 3715
f 3715 3716 3832
f 3832 3716 3717
f 3832 3717 3718
f 3832 3718 3831
f 3831 3718 3719
f 3831 3719 3720
f 3720 3721 3831
f 3831 3721 3722
f 3831 3722 3830
f 3830 3722 3723
f 3830 3723 3829
f 3829 3723 3724
f 3829 3724 3725
f 3725 3726 3829
f 3829 3726 3727
f 3829 3727 3728
f 3729 3822 3728
f 3728 3822 3828
f 3728 3828 3829
f 3730 3811 3729
f 3729 3811 3821
f 3729 3821 3822
f 3730 3731 3811
f 3811 3731 3732
f 3811 3732 3733
f 3733 3734 3811
f 3811 3734 3810
f 3810 3734 3735
f 3810 3735 3736
f 3736 3737 3810
f 3810 3737 3809
f 3809 3737 3808
f 3808 3737 3738
f 3808 3738 3739
f 3739 3740 3808
f 3808 3740 3807
f 3807 3740 3741
f 3807 3741 3742
f 3742 3743 3807
f 3807 3743 3744
f 3807 3744 3745
f 3746 3804 3745
f 3745 3804 3805
f 3745 3805 3806
f 3746 3747 3804
f 3804 3747 3803
f 3803 3747 3748
f 3803 3748 3765
f 3765 3748 3764
f 3764 3748 3749
f 3764 3749 3763
f 3763 3749 3750
f 3763 3750 3762
f 3762 3750 3751
f 3762 3751 3752
f 3753 3759 3752
f 3752 3759 3760
f 3752 3760 3761
f 3754 3757 3753
f 3753 3757 3758
f 3753 3758 3759
f 3755 3756 3754
f 3754 3756 3757
f 3761 3762 3752
f 3765 3766 3803
f 3803 3766 3767
f 3803 3767 3768
f 3803 3768 3802
f 3802 3768 3769
f 3802 3769 3770
f 3770 3771 3802
f 3802 3771 3772
f 3802 3772 3801
f 3801 3772 3775
f 3801 3775 3800
f 3800 3775 3799
f 3799 3775 3798
f 3798 3775 3776
f 3798 3776 3777
f 3773 3774 3772
f 3772 3774 3775
f 3777 3778 3798
f 3798 3778 3797
f 3797 3778 3779
f 3797 3779 3796
f 3796 3779 3780
f 3796 3780 3795
f 3795 3780 3781
f 3795 3781 3788
f 3788 3781 3787
f 3787 3781 3786
f 3786 3781 3782
f 3786 3782 3785
f 3785 3782 3784
f 3784 3782 3783
f 3788 3789 3795
f 3795 3789 3790
f 3795 3790 3791
f 3791 3792 3795
f 3795 3792 3793
f 3795 3793 3794
f 3806 3807 3745
f 3811 3812 3821
f 3821 3812 3820
f 3820 3812 3819
f 3819 3812 3818
f 3818 3812 3817
f 3817 3812 3816
f 3816 3812 3815
f 3815 3812 3813
f 3815 3813 3814
f 3828 3822 3827
f 3827 3822 3823
f 3827 3823 3824
f 3824 3825 3827
f 3827 3825 3826
f 3834 3835 3836
f 3850 3851 3849
f 3849 3851 3852
f 3854 3855 3853
f 3853 3855 3856
f 3857 3858 3859
f 3861 3862 3860
f 3860 3862 3863
f 3865 3866 3864
f 3864 3866 3873
f 3873 3866 3867
f 3873 3867 3872
f 3872 3867 3868
f 3872 3868 3871
f 3871 3868 3869
f 3871 3869 3870
f 3875 3876 3874
f 3874 3876 3877
f 3879 3880 3878
f 3878 3880 3881
f 3883 3884 3882
f 3882 3884 3885
f 3887 3888 3886
f 3886 3888 3891
f 3891 3888 3889
f 3891 3889 3890
f 3893 3998 3892
f 3892 3998 3999
f 3892 3999 4000
f 3894 3996 3893
f 3893 3996 3997
f 3893 3997 3998
f 3895 3994 3894
f 3894 3994 3995
f 3894 3995 3996
f 3895 3896 3994
f 3994 3896 3993
f 3993 3896 3992
f 3992 3896 3991
f 3991 3896 3897
f 3991 3897 3990
f 3990 3897 3898
f 3990 3898 3989
f 3989 3898 3899
f 3989 3899 3901
f 3901 3899 3900
f 3989 3901 3988
f 3988 3901 3902
f 3988 3902 3987
f 3987 3902 3903
f 3987 3903 3904
f 3905 3908 3904
f 3904 3908 3909
f 3904 3909 3986
f 3986 3909 3910
f 3986 3910 3985
f 3985 3910 3984
f 3984 3910 3983
f 3983 3910 3982
f 3982 3910 3911
f 3982 3911 3981
f 3981 3911 3912
f 3981 3912 3980
f 3980 3912 3979
f 3979 3912 3978
f 3978 3912 3977
f 3977 3912 3976
f 3976 3912 4007
f 3976 4007 3975
f 3975 4007 4004
f 3975 4004 3974
f 3974 4004 3973
f 3973 4004 3972
f 3972 4004 3930
f 3972 3930 3971
f 3971 3930 3970
f 3970 3930 3931
f 3970 3931 3969
f 3969 3931 3968
f 3968 3931 3967
f 3967 3931 3932
f 3967 3932 3933
f 3906 3907 3905
f 3905 3907 3908
f 3912 3913 4007
f 4007 3913 3914
f 4007 3914 3916
f 3916 3914 3915
f 3916 3917 4007
f 4007 3917 3918
f 4007 3918 3919
f 3920 4005 3919
f 3919 4005 4006
f 3919 4006 4007
f 3921 3929 3920
f 3920 3929 4004
f 3920 4004 4005
f 3921 3922 3929
f 3929 3922 3923
f 3929 3923 3924
f 3924 3925 3929
f 3929 3925 3926
f 3929 3926 3928
f 3928 3926 3927
f 3929 3930 4004
f 3934 3962 3933
f 3933 3962 3963
f 3933 3963 3964
f 3935 3937 3934
f 3934 3937 3960
f 3934 3960 3961
f 3935 3936 3937
f 3937 3938 3960
f 3960 3938 3959
f 3959 3938 3939
f 3959 3939 3940
f 3959 3940 3958
f 3958 3940 3941
f 3958 3941 3942
f 3942 3943 3958
f 3958 3943 3957
f 3957 3943 3956
f 3956 3943 3955
f 3955 3943 3944
f 3955 3944 3954
f 3954 3944 3945
f 3954 3945 3953
f 3953 3945 3946
f 3953 3946 3952
f 3952 3946 3951
f 3951 3946 3947
f 3951 3947 3950
f 3950 3947 4003
f 4003 3947 3948
f 4003 3948 4002
f 4002 3948 3949
f 4002 3949 3892
f 3961 3962 3934
f 3964 3965 3933
f 3933 3965 3966
f 3933 3966 3967
f 3986 3987 3904
f 4000 4001 3892
f 3892 4001 4002
f 4008 4009 4010
f 4012 4013 4011
f 4011 4013 4014
f 4015 4016 4032
f 4032 4016 4031
f 4031 4016 4030
f 4030 4016 4023
f 4030 4023 4024
f 4016 4017 4023
f 4023 4017 4022
f 4022 4017 4021
f 4021 4017 4018
f 4021 4018 4019
f 4019 4020 4021
f 4025 4026 4024
f 4024 4026 4027
f 4024 4027 4028
f 4028 4029 4024
f 4024 4029 4030
f 4034 4035 4033
f 4033 4035 4040
f 4040 4035 4036
f 4040 4036 4039
f 4039 4036 4037
f 4039 4037 4038
f 4041 4042 4052
f 4052 4042 4044
f 4052 4044 4046
f 4046 4044 4045
f 4042 4043 4044
f 4047 4050 4046
f 4046 4050 4051
f 4046 4051 4052
f 4048 4049 4047
f 4047 4049 4050
f 4054 4055 4053
f 4053 4055 4058
f 4058 4055 4056
f 4058 4056 4057
f 4060 4061 4059
f 4059 4061 4068
f 4068 4061 4062
f 4068 4062 4067
f 4067 4062 4063
f 4067 4063 4066
f 4066 4063 4064
f 4066 4064 4065
f 4070 4071 4069
f 4069 4071 4076
f 4076 4071 4072
f 4076 4072 4075
f 4075 4072 4073
f 4075 4073 4074
f 4130 4077 4131
f 4131 4077 4078
f 4131 4078 4188
f 4188 4078 4079
f 4188 4079 4080
f 4188 4080 4187
f 4187 4080 4081
f 4187 4081 4082
f 4083 4185 4082
f 4082 4185 4186
f 4082 4186 4187
f 4083 4084 4185
f 4185 4084 4085
f 4185 4085 4184
f 4184 4085 4086
f 4184 4086 4183
f 4183 4086 4087
f 4183 4087 4182
f 4182 4087 4180
f 4182 4180 4181
f 4087 4088 4180
f 4180 4088 4179
f 4179 4088 4089
f 4179 4089 4178
f 4178 4089 4177
f 4177 4089 4090
f 4177 4090 4172
f 4172 4090 4171
f 4171 4090 4091
f 4171 4091 4092
f 4092 4093 4171
f 4171 4093 4094
f 4171 4094 4170
f 4170 4094 4095
f 4170 4095 4169
f 4169 4095 4096
f 4169 4096 4097
f 4097 4098 4169
f 4169 4098 4099
f 4169 4099 4100
f 4169 4100 4191
f 4191 4100 4101
f 4191 4101 4190
f 4190 4101 4102
f 4190 4102 4103
f 4103 4104 4190
f 4190 4104 4151
f 4190 4151 4152
f 4104 4105 4151
f 4151 4105 4106
f 4151 4106 4150
f 4150 4106 4107
f 4150 4107 4108
f 4108 4109 4150
f 4150 4109 4149
f 4149 4109 4148
f 4148 4109 4110
f 4148 4110 4111
f 4111 4112 4148
f 4148 4112 4113
f 4148 4113 4114
f 4148 4114 4147
f 4147 4114 4115
f 4147 4115 4116
f 4117 4143 4116
f 4116 4143 4144
f 4116 4144 4147
f 4147 4144 4146
f 4146 4144 4145
f 4118 4141 4117
f 4117 4141 4142
f 4117 4142 4143
f 4119 4138 4118
f 4118 4138 4139
f 4118 4139 4140
f 4119 4120 4138
f 4138 4120 4121
f 4138 4121 4137
f 4137 4121 4122
f 4137 4122 4136
f 4136 4122 4123
f 4136 4123 4135
f 4135 4123 4124
f 4135 4124 4125
f 4135 4125 4134
f 4134 4125 4126
f 4134 4126 4127
f 4134 4127 4133
f 4133 4127 4128
f 4133 4128 4132
f 4132 4128 4131
f 4131 4128 4129
f 4131 4129 4130
f 4140 4141 4118
f 4153 4155 4152
f 4152 4155 4156
f 4152 4156 4157
f 4153 4154 4155
f 4157 4158 4152
f 4152 4158 4159
f 4152 4159 4160
f 4160 4161 4152
f 4152 4161 4190
f 4190 4161 4189
f 4189 4161 4162
f 4189 4162 4192
f 4192 4162 4191
f 4191 4162 4163
f 4191 4163 4164
f 4164 4165 4191
f 4191 4165 4167
f 4191 4167 4168
f 4165 4166 4167
f 4168 4169 4191
f 4172 4173 4177
f 4177 4173 4176
f 4176 4173 4174
f 4176 4174 4175
f 4193 4194 4377
f 4377 4194 4195
f 4377 4195 4196
f 4196 4197 4377
f 4377 4197 4376
f 4376 4197 4198
f 4376 4198 4203
f 4203 4198 4199
f 4203 4199 4200
f 4200 4201 4203
f 4203 4201 4202
f 4376 4203 4375
f 4375 4203 4204
f 4375 4204 4374
f 4374 4204 4373
f 4373 4204 4205
f 4373 4205 4206
f 4207 4370 4206
f 4206 4370 4371
f 4206 4371 4372
f 4370 4207 4369
f 4369 4207 4208
f 4369 4208 4368
f 4368 4208 4209
f 4368 4209 4211
f 4211 4209 4210
f 4212 4363 4211
f 4211 4363 4367
f 4211 4367 4368
f 4213 4359 4212
f 4212 4359 4360
f 4212 4360 4361
f 4214 4343 4213
f 4213 4343 4344
f 4213 4344 4355
f 4355 4344 4345
f 4355 4345 4354
f 4354 4345 4353
f 4353 4345 4352
f 4352 4345 4346
f 4352 4346 4351
f 4351 4346 4350
f 4350 4346 4347
f 4350 4347 4349
f 4349 4347 4348
f 4215 4339 4214
f 4214 4339 4340
f 4214 4340 4341
f 4216 4217 4215
f 4215 4217 4338
f 4215 4338 4339
f 4217 4218 4338
f 4338 4218 4219
f 4338 4219 4337
f 4337 4219 4336
f 4336 4219 4335
f 4335 4219 4334
f 4334 4219 4333
f 4333 4219 4220
f 4333 4220 4332
f 4332 4220 4331
f 4331 4220 4330
f 4330 4220 4329
f 4329 4220 4221
f 4329 4221 4328
f 4328 4221 4222
f 4328 4222 4327
f 4327 4222 4326
f 4326 4222 4325
f 4325 4222 4324
f 4324 4222 4323
f 4323 4222 4223
f 4323 4223 4229
f 4229 4223 4224
f 4229 4224 4228
f 4228 4224 4227
f 4227 4224 4226
f 4226 4224 4225
f 4323 4229 4322
f 4322 4229 4230
f 4322 4230 4240
f 4240 4230 4239
f 4239 4230 4231
f 4239 4231 4232
f 4232 4233 4239
f 4239 4233 4234
f 4239 4234 4235
f 4235 4236 4239
f 4239 4236 4238
f 4238 4236 4237
f 4241 4317 4240
f 4240 4317 4318
f 4240 4318 4319
f 4242 4314 4241
f 4241 4314 4315
f 4241 4315 4316
f 4242 4243 4314
f 4314 4243 4313
f 4313 4243 4312
f 4312 4243 4311
f 4311 4243 4244
f 4311 4244 4310
f 4310 4244 4309
f 4309 4244 4308
f 4308 4244 4307
f 4307 4244 4306
f 4306 4244 4245
f 4306 4245 4246
f 4246 4247 4306
f 4306 4247 4305
f 4305 4247 4304
f 4304 4247 4248
f 4304 4248 4303
f 4303 4248 4286
f 4303 4286 4287
f 4249 4283 4248
f 4248 4283 4284
f 4248 4284 4285
f 4250 4279 4249
f 4249 4279 4280
f 4249 4280 4281
f 4279 4250 4276
f 4276 4250 4251
f 4276 4251 4252
f 4252 4253 4276
f 4276 4253 4275
f 4275 4253 4274
f 4274 4253 4273
f 4273 4253 4254
f 4273 4254 4272
f 4272 4254 4255
f 4272 4255 4271
f 4271 4255 4256
f 4271 4256 4270
f 4270 4256 4263
f 4270 4263 4264
f 4257 4258 4256
f 4256 4258 4259
f 4256 4259 4260
f 4260 4261 4256
f 4256 4261 4262
f 4256 4262 4263
f 4264 4265 4270
f 4270 4265 4269
f 4269 4265 4266
f 4269 4266 4267
f 4267 4268 4269
f 4276 4277 4279
f 4279 4277 4278
f 4281 4282 4249
f 4249 4282 4283
f 4285 4286 4248
f 4303 4287 4302
f 4302 4287 4288
f 4302 4288 4301
f 4301 4288 4289
f 4301 4289 4300
f 4300 4289 4299
f 4299 4289 4290
f 4299 4290 4291
f 4291 4292 4299
f 4299 4292 4298
f 4298 4292 4293
f 4298 4293 4294
f 4298 4294 4297
f 4297 4294 4295
f 4297 4295 4296
f 4316 4317 4241
f 4319 4320 4240
f 4240 4320 4321
f 4240 4321 4322
f 4341 4342 4214
f 4214 4342 4343
f 4355 4356 4213
f 4213 4356 4357
f 4213 4357 4358
f 4358 4359 4213
f 4361 4362 4212
f 4212 4362 4363
f 4363 4364 4367
f 4367 4364 4365
f 4367 4365 4366
f 4372 4373 4206
f 4379 4380 4378
f 4378 4380 4381
f 4378 4381 4383
f 4383 4381 4382
f 4383 4384 4378
f 4378 4384 4771
f 4771 4384 4385
f 4771 4385 4770
f 4770 4385 4386
f 4770 4386 4769
f 4769 4386 4387
f 4769 4387 4768
f 4768 4387 4388
f 4768 4388 4767
f 4767 4388 4389
f 4767 4389 4766
f 4766 4389 4765
f 4765 4389 4390
f 4765 4390 4572
f 4572 4390 4571
f 4571 4390 4560
f 4571 4560 4570
f 4570 4560 4561
f 4570 4561 4569
f 4569 4561 4562
f 4569 4562 4563
f 4391 4403 4390
f 4390 4403 4404
f 4390 4404 4415
f 4415 4404 4414
f 4414 4404 4405
f 4414 4405 4413
f 4413 4405 4406
f 4413 4406 4407
f 4403 4391 4402
f 4402 4391 4392
f 4402 4392 4401
f 4401 4392 4393
f 4401 4393 4400
f 4400 4393 4394
f 4400 4394 4395
f 4400 4395 4399
f 4399 4395 4396
f 4399 4396 4398
f 4398 4396 4397
f 4413 4407 4412
f 4412 4407 4408
f 4412 4408 4411
f 4411 4408 4409
f 4411 4409 4410
f 4415 4416 4390
f 4390 4416 4427
f 4390 4427 4428
f 4427 4416 4426
f 4426 4416 4417
f 4426 4417 4425
f 4425 4417 4418
f 4425 4418 4419
f 4425 4419 4424
f 4424 4419 4420
f 4424 4420 4423
f 4423 4420 4421
f 4423 4421 4422
f 4429 4438 4428
f 4428 4438 4439
f 4428 4439 4390
f 4390 4439 4440
f 4390 4440 4451
f 4451 4440 4450
f 4450 4440 4441
f 4450 4441 4449
f 4449 4441 4442
f 4449 4442 4443
f 4438 4429 4437
f 4437 4429 4430
f 4437 4430 4431
f 4437 4431 4436
f 4436 4431 4432
f 4436 4432 4435
f 4435 4432 4433
f 4435 4433 4434
f 4449 4443 4448
f 4448 4443 4444
f 4448 4444 4447
f 4447 4444 4445
f 4447 4445 4446
f 4451 4452 4390
f 4390 4452 4463
f 4390 4463 4464
f 4463 4452 4462
f 4462 4452 4453
f 4462 4453 4461
f 4461 4453 4454
f 4461 4454 4455
f 4461 4455 4460
f 4460 4455 4456
f 4460 4456 4459
f 4459 4456 4457
f 4459 4457 4458
f 4465 4474 4464
f 4464 4474 4475
f 4464 4475 4390
f 4390 4475 4476
f 4390 4476 4487
f 4487 4476 4486
f 4486 4476 4477
f 4486 4477 4485
f 4485 4477 4478
f 4485 4478 4479
f 4474 4465 4473
f 4473 4465 4466
f 4473 4466 4467
f 4473 4467 4472
f 4472 4467 4468
f 4472 4468 4471
f 4471 4468 4469
f 4471 4469 4470
f 4485 4479 4484
f 4484 4479 4480
f 4484 4480 4483
f 4483 4480 4481
f 4483 4481 4482
f 4487 4488 4390
f 4390 4488 4499
f 4390 4499 4500
f 4499 4488 4498
f 4498 4488 4489
f 4498 4489 4497
f 4497 4489 4490
f 4497 4490 4491
f 4497 4491 4496
f 4496 4491 4492
f 4496 4492 4495
f 4495 4492 4493
f 4495 4493 4494
f 4501 4510 4500
f 4500 4510 4511
f 4500 4511 4390
f 4390 4511 4512
f 4390 4512 4523
f 4523 4512 4522
f 4522 4512 4513
f 4522 4513 4521
f 4521 4513 4514
f 4521 4514 4515
f 4510 4501 4509
f 4509 4501 4502
f 4509 4502 4503
f 4509 4503 4508
f 4508 4503 4504
f 4508 4504 4507
f 4507 4504 4505
f 4507 4505 4506
f 4521 4515 4520
f 4520 4515 4516
f 4520 4516 4519
f 4519 4516 4517
f 4519 4517 4518
f 4523 4524 4390
f 4390 4524 4535
f 4390 4535 4536
f 4535 4524 4534
f 4534 4524 4525
f 4534 4525 4533
f 4533 4525 4526
f 4533 4526 4527
f 4533 4527 4532
f 4532 4527 4528
f 4532 4528 4531
f 4531 4528 4529
f 4531 4529 4530
f 4537 4546 4536
f 4536 4546 4547
f 4536 4547 4390
f 4390 4547 4548
f 4390 4548 4559
f 4559 4548 4558
f 4558 4548 4549
f 4558 4549 4557
f 4557 4549 4550
f 4557 4550 4551
f 4546 4537 4545
f 4545 4537 4538
f 4545 4538 4539
f 4545 4539 4544
f 4544 4539 4540
f 4544 4540 4543
f 4543 4540 4541
f 4543 4541 4542
f 4557 4551 4556
f 4556 4551 4552
f 4556 4552 4555
f 4555 4552 4553
f 4555 4553 4554
f 4559 4560 4390
f 4569 4563 4568
f 4568 4563 4564
f 4568 4564 4567
f 4567 4564 4565
f 4567 4565 4566
f 4573 4582 4572
f 4572 4582 4583
f 4572 4583 4765
f 4765 4583 4584
f 4765 4584 4595
f 4595 4584 4594
f 4594 4584 4585
f 4594 4585 4593
f 4593 4585 4586
f 4593 4586 4587
f 4582 4573 4581
f 4581 4573 4574
f 4581 4574 4575
f 4581 4575 4580
f 4580 4575 4576
f 4580 4576 4579
f 4579 4576 4577
f 4579 4577 4578
f 4593 4587 4592
f 4592 4587 4588
f 4592 4588 4591
f 4591 4588 4589
f 4591 4589 4590
f 4595 4596 4765
f 4765 4596 4607
f 4765 4607 4608
f 4607 4596 4606
f 4606 4596 4597
f 4606 4597 4605
f 4605 4597 4598
f 4605 4598 4599
f 4605 4599 4604
f 4604 4599 4600
f 4604 4600 4603
f 4603 4600 4601
f 4603 4601 4602
f 4609 4618 4608
f 4608 4618 4619
f 4608 4619 4765
f 4765 4619 4620
f 4765 4620 4631
f 4631 4620 4630
f 4630 4620 4621
f 4630 4621 4629
f 4629 4621 4622
f 4629 4622 4623
f 4618 4609 4617
f 4617 4609 4610
f 4617 4610 4611
f 4617 4611 4616
f 4616 4611 4612
f 4616 4612 4615
f 4615 4612 4613
f 4615 4613 4614
f 4629 4623 4628
f 4628 4623 4624
f 4628 4624 4627
f 4627 4624 4625
f 4627 4625 4626
f 4631 4632 4765
f 4765 4632 4643
f 4765 4643 4644
f 4643 4632 4642
f 4642 4632 4633
f 4642 4633 4641
f 4641 4633 4634
f 4641 4634 4635
f 4641 4635 4640
f 4640 4635 4636
f 4640 4636 4639
f 4639 4636 4637
f 4639 4637 4638
f 4645 4654 4644
f 4644 4654 4655
f 4644 4655 4765
f 4765 4655 4656
f 4765 4656 4667
f 4667 4656 4666
f 4666 4656 4657
f 4666 4657 4665
f 4665 4657 4658
f 4665 4658 4659
f 4654 4645 4653
f 4653 4645 4646
f 4653 4646 4647
f 4653 4647 4652
f 4652 4647 4648
f 4652 4648 4651
f 4651 4648 4649
f 4651 4649 4650
f 4665 4659 4664
f 4664 4659 4660
f 4664 4660 4663
f 4663 4660 4661
f 4663 4661 4662
f 4667 4668 4765
f 4765 4668 4679
f 4765 4679 4680
f 4679 4668 4678
f 4678 4668 4669
f 4678 4669 4677
f 4677 4669 4670
f 4677 4670 4671
f 4677 4671 4676
f 4676 4671 4672
f 4676 4672 4675
f 4675 4672 4673
f 4675 4673 4674
f 4681 4690 4680
f 4680 4690 4691
f 4680 4691 4765
f 4765 4691 4692
f 4765 4692 4703
f 4703 4692 4702
f 4702 4692 4693
f 4702 4693 4701
f 4701 4693 4694
f 4701 4694 4695
f 4690 4681 4689
f 4689 4681 4682
f 4689 4682 4683
f 4689 4683 4688
f 4688 4683 4684
f 4688 4684 4687
f 4687 4684 4685
f 4687 4685 4686
f 4701 4695 4700
f 4700 4695 4696
f 4700 4696 4699
f 4699 4696 4697
f 4699 4697 4698
f 4703 4704 4765
f 4765 4704 4715
f 4765 4715 4716
f 4715 4704 4714
f 4714 4704 4705
f 4714 4705 4713
f 4713 4705 4706
f 4713 4706 4707
f 4713 4707 4712
f 4712 4707 4708
f 4712 4708 4711
f 4711 4708 4709
f 4711 4709 4710
f 4717 4726 4716
f 4716 4726 4727
f 4716 4727 4765
f 4765 4727 4728
f 4765 4728 4739
f 4739 4728 4738
f 4738 4728 4729
f 4738 4729 4737
f 4737 4729 4730
f 4737 4730 4731
f 4726 4717 4725
f 4725 4717 4718
f 4725 4718 4719
f 4725 4719 4724
f 4724 4719 4720
f 4724 4720 4723
f 4723 4720 4721
f 4723 4721 4722
f 4737 4731 4736
f 4736 4731 4732
f 4736 4732 4735
f 4735 4732 4733
f 4735 4733 4734
f 4739 4740 4765
f 4765 4740 4751
f 4765 4751 4752
f 4751 4740 4750
f 4750 4740 4741
f 4750 4741 4749
f 4749 4741 4742
f 4749 4742 4743
f 4749 4743 4748
f 4748 4743 4744
f 4748 4744 4747
f 4747 4744 4745
f 4747 4745 4746
f 4765 4752 4764
f 4764 4752 4753
f 4764 4753 4763
f 4763 4753 4754
f 4763 4754 4762
f 4762 4754 4755
f 4762 4755 4761
f 4761 4755 4756
f 4761 4756 4760
f 4760 4756 4759
f 4759 4756 4757
f 4759 4757 4758
f 4772 4773 4788
f 4788 4773 4774
f 4788 4774 4787
f 4787 4774 4775
f 4787 4775 4786
f 4786 4775 4776
f 4786 4776 4780
f 4780 4776 4779
f 4779 4776 4778
f 4778 4776 4777
f 4780 4781 4786
f 4786 4781 4783
f 4786 4783 4784
f 4781 4782 4783
f 4784 4785 4786
f 4790 4791 4789
f 4789 4791 4792
f 4794 4795 4793
f 4793 4795 4800
f 4800 4795 4796
f 4800 4796 4799
f 4799 4796 4797
f 4799 4797 4798
f 4802 4803 4801
f 4801 4803 4804
f 4805 4806 4822
f 4822 4806 4821
f 4821 4806 4820
f 4820 4806 4813
f 4820 4813 4814
f 4806 4807 4813
f 4813 4807 4812
f 4812 4807 4811
f 4811 4807 4808
f 4811 4808 4809
f 4809 4810 4811
f 4815 4816 4814
f 4814 4816 4817
f 4814 4817 4818
f 4818 4819 4814
f 4814 4819 4820
f 4824 4825 4823
f 4823 4825 4832
f 4832 4825 4826
f 4832 4826 4831
f 4831 4826 4827
f 4831 4827 4830
f 4830 4827 4828
f 4830 4828 4829
f 4833 4834 4849
f 4849 4834 4835
f 4849 4835 4848
f 4848 4835 4836
f 4848 4836 4847
f 4847 4836 4837
f 4847 4837 4841
f 4841 4837 4840
f 4840 4837 4839
f 4839 4837 4838
f 4841 4842 4847
f 4847 4842 4844
f 4847 4844 4845
f 4842 4843 4844
f 4845 4846 4847
f 4850 4851 5216
f 5216 4851 5213
f 5216 5213 5214
f 4852 5210 4851
f 4851 5210 5211
f 4851 5211 5213
f 5213 5211 5212
f 5210 4852 5209
f 5209 4852 4853
f 5209 4853 5208
f 5208 4853 4854
f 5208 4854 5207
f 5207 4854 5206
f 5206 4854 4855
f 5206 4855 5205
f 5205 4855 5204
f 5204 4855 4856
f 5204 4856 5203
f 5203 4856 4869
f 5203 4869 4870
f 4856 4857 4869
f 4869 4857 4868
f 4868 4857 4858
f 4868 4858 4867
f 4867 4858 4859
f 4867 4859 4860
f 4867 4860 4866
f 4866 4860 4861
f 4866 4861 4862
f 4862 4863 4866
f 4866 4863 4865
f 4865 4863 4864
f 5203 4870 4880
f 4880 4870 4871
f 4880 4871 4879
f 4879 4871 4872
f 4879 4872 4878
f 4878 4872 4873
f 4878 4873 4874
f 4878 4874 4877
f 4877 4874 4875
f 4877 4875 4876
f 4880 4881 5203
f 5203 4881 4891
f 5203 4891 4892
f 4881 4882 4891
f 4891 4882 4890
f 4890 4882 4883
f 4890 4883 4889
f 4889 4883 4884
f 4889 4884 4885
f 4889 4885 4888
f 4888 4885 4886
f 4888 4886 4887
f 5203 4892 4902
f 4902 4892 4893
f 4902 4893 4901
f 4901 4893 4894
f 4901 4894 4900
f 4900 4894 4895
f 4900 4895 4896
f 4900 4896 4899
f 4899 4896 4897
f 4899 4897 4898
f 4902 4903 5203
f 5203 4903 4913
f 5203 4913 4914
f 4903 4904 4913
f 4913 4904 4912
f 4912 4904 4905
f 4912 4905 4911
f 4911 4905 4906
f 4911 4906 4907
f 4911 4907 4910
f 4910 4907 4908
f 4910 4908 4909
f 5203 4914 4924
f 4924 4914 4915
f 4924 4915 4923
f 4923 4915 4916
f 4923 4916 4922
f 4922 4916 4917
f 4922 4917 4918
f 4922 4918 4921
f 4921 4918 4919
f 4921 4919 4920
f 4924 4925 5203
f 5203 4925 4935
f 5203 4935 4936
f 4925 4926 4935
f 4935 4926 4934
f 4934 4926 4927
f 4934 4927 4933
f 4933 4927 4928
f 4933 4928 4929
f 4933 4929 4932
f 4932 4929 4930
f 4932 4930 4931
f 5203 4936 4946
f 4946 4936 4937
f 4946 4937 4945
f 4945 4937 4938
f 4945 4938 4944
f 4944 4938 4939
f 4944 4939 4940
f 4944 4940 4943
f 4943 4940 4941
f 4943 4941 4942
f 4946 4947 5203
f 5203 4947 4957
f 5203 4957 4958
f 4947 4948 4957
f 4957 4948 4956
f 4956 4948 4949
f 4956 4949 4955
f 4955 4949 4950
f 4955 4950 4951
f 4955 4951 4954
f 4954 4951 4952
f 4954 4952 4953
f 5203 4958 4968
f 4968 4958 4959
f 4968 4959 4967
f 4967 4959 4960
f 4967 4960 4966
f 4966 4960 4961
f 4966 4961 4962
f 4966 4962 4965
f 4965 4962 4963
f 4965 4963 4964
f 4968 4969 5203
f 5203 4969 4979
f 5203 4979 4980
f 4969 4970 4979
f 4979 4970 4978
f 4978 4970 4971
f 4978 4971 4977
f 4977 4971 4972
f 4977 4972 4973
f 4977 4973 4976
f 4976 4973 4974
f 4976 4974 4975
f 5203 4980 4990
f 4990 4980 4981
f 4990 4981 4989
f 4989 4981 4982
f 4989 4982 4988
f 4988 4982 4983
f 4988 4983 4984
f 4988 4984 4987
f 4987 4984 4985
f 4987 4985 4986
f 4990 4991 5203
f 5203 4991 5001
f 5203 5001 5002
f 4991 4992 5001
f 5001 4992 5000
f 5000 4992 4993
f 5000 4993 4999
f 4999 4993 4994
f 4999 4994 4995
f 4999 4995 4998
f 4998 4995 4996
f 4998 4996 4997
f 5203 5002 5012
f 5012 5002 5003
f 5012 5003 5011
f 5011 5003 5004
f 5011 5004 5010
f 5010 5004 5005
f 5010 5005 5006
f 5010 5006 5009
f 5009 5006 5007
f 5009 5007 5008
f 5012 5013 5203
f 5203 5013 5023
f 5203 5023 5024
f 5013 5014 5023
f 5023 5014 5022
f 5022 5014 5015
f 5022 5015 5021
f 5021 5015 5016
f 5021 5016 5017
f 5021 5017 5020
f 5020 5017 5018
f 5020 5018 5019
f 5203 5024 5034
f 5034 5024 5025
f 5034 5025 5033
f 5033 5025 5026
f 5033 5026 5032
f 5032 5026 5027
f 5032 5027 5028
f 5032 5028 5031
f 5031 5028 5029
f 5031 5029 5030
f 5034 5035 5203
f 5203 5035 5045
f 5203 5045 5046
f 5035 5036 5045
f 5045 5036 5044
f 5044 5036 5037
f 5044 5037 5043
f 5043 5037 5038
f 5043 5038 5039
f 5043 5039 5042
f 5042 5039 5040
f 5042 5040 5041
f 5203 5046 5056
f 5056 5046 5047
f 5056 5047 5055
f 5055 5047 5048
f 5055 5048 5054
f 5054 5048 5049
f 5054 5049 5050
f 5054 5050 5053
f 5053 5050 5051
f 5053 5051 5052
f 5056 5057 5203
f 5203 5057 5067
f 5203 5067 5068
f 5057 5058 5067
f 5067 5058 5066
f 5066 5058 5059
f 5066 5059 5065
f 5065 5059 5060
f 5065 5060 5061
f 5065 5061 5064
f 5064 5061 5062
f 5064 5062 5063
f 5203 5068 5078
f 5078 5068 5069
f 5078 5069 5077
f 5077 5069 5070
f 5077 5070 5076
f 5076 5070 5071
f 5076 5071 5072
f 5076 5072 5075
f 5075 5072 5073
f 5075 5073 5074
f 5078 5079 5203
f 5203 5079 5089
f 5203 5089 5090
f 5079 5080 5089
f 5089 5080 5088
f 5088 5080 5081
f 5088 5081 5087
f 5087 5081 5082
f 5087 5082 5083
f 5087 5083 5086
f 5086 5083 5084
f 5086 5084 5085
f 5203 5090 5100
f 5100 5090 5091
f 5100 5091 5099
f 5099 5091 5092
f 5099 5092 5098
f 5098 5092 5093
f 5098 5093 5094
f 5098 5094 5097
f 5097 5094 5095
f 5097 5095 5096
f 5100 5101 5203
f 5203 5101 5111
f 5203 5111 5112
f 5101 5102 5111
f 5111 5102 5110
f 5110 5102 5103
f 5110 5103 5109
f 5109 5103 5104
f 5109 5104 5105
f 5109 5105 5108
f 5108 5105 5106
f 5108 5106 5107
f 5203 5112 5122
f 5122 5112 5113
f 5122 5113 5121
f 5121 5113 5114
f 5121 5114 5120
f 5120 5114 5115
f 5120 5115 5116
f 5120 5116 5119
f 5119 5116 5117
f 5119 5117 5118
f 5122 5123 5203
f 5203 5123 5133
f 5203 5133 5134
f 5123 5124 5133
f 5133 5124 5132
f 5132 5124 5125
f 5132 5125 5131
f 5131 5125 5126
f 5131 5126 5127
f 5131 5127 5130
f 5130 5127 5128
f 5130 5128 5129
f 5203 5134 5144
f 5144 5134 5135
f 5144 5135 5143
f 5143 5135 5136
f 5143 5136 5142
f 5142 5136 5137
f 5142 5137 5138
f 5142 5138 5141
f 5141 5138 5139
f 5141 5139 5140
f 5144 5145 5203
f 5203 5145 5155
f 5203 5155 5156
f 5145 5146 5155
f 5155 5146 5154
f 5154 5146 5147
f 5154 5147 5153
f 5153 5147 5148
f 5153 5148 5149
f 5153 5149 5152
f 5152 5149 5150
f 5152 5150 5151
f 5203 5156 5166
f 5166 5156 5157
f 5166 5157 5165
f 5165 5157 5158
f 5165 5158 5164
f 5164 5158 5159
f 5164 5159 5160
f 5164 5160 5163
f 5163 5160 5161
f 5163 5161 5162
f 5166 5167 5203
f 5203 5167 5177
f 5203 5177 5178
f 5167 5168 5177
f 5177 5168 5176
f 5176 5168 5169
f 5176 5169 5175
f 5175 5169 5170
f 5175 5170 5171
f 5175 5171 5174
f 5174 5171 5172
f 5174 5172 5173
f 5203 5178 5188
f 5188 5178 5179
f 5188 5179 5187
f 5187 5179 5180
f 5187 5180 5186
f 5186 5180 5181
f 5186 5181 5182
f 5186 5182 5185
f 5185 5182 5183
f 5185 5183 5184
f 5188 5189 5203
f 5203 5189 5202
f 5202 5189 5190
f 5202 5190 5191
f 5202 5191 5201
f 5201 5191 5192
f 5201 5192 5200
f 5200 5192 5193
f 5200 5193 5199
f 5199 5193 5194
f 5199 5194 5196
f 5196 5194 5195
f 5196 5197 5199
f 5199 5197 5198
f 5214 5215 5216
f 5217 5218 5224
f 5224 5218 5223
f 5223 5218 5219
f 5223 5219 5222
f 5222 5219 5220
f 5222 5220 5221
f 5226 5227 5225
f 5225 5227 5234
f 5234 5227 5228
f 5234 5228 5233
f 5233 5228 5229
f 5233 5229 5232
f 5232 5229 5230
f 5232 5230 5231
f 5235 5236 5238
f 5238 5236 5237
f 5240 5241 5239
f 5239 5241 5242
f 5243 5244 5248
f 5248 5244 5247
f 5247 5244 5245
f 5247 5245 5246
f 5249 5250 5252
f 5252 5250 5251
f 5254 5255 5253
f 5253 5255 5264
f 5264 5255 5256
f 5264 5256 5263
f 5263 5256 5257
f 5263 5257 5262
f 5262 5257 5258
f 5262 5258 5261
f 5261 5258 5259
f 5261 5259 5260
f 5266 5267 5265
f 5265 5267 5272
f 5272 5267 5268
f 5272 5268 5271
f 5271 5268 5269
f 5271 5269 5270
f 5274 5275 5273
f 5273 5275 5276
f 5278 5279 5277
f 5277 5279 5280
f 5281 5282 5286
f 5286 5282 5285
f 5285 5282 5283
f 5285 5283 5284
f 5287 5288 5312
f 5312 5288 5311
f 5311 5288 5289
f 5311 5289 5310
f 5310 5289 5291
f 5310 5291 5309
f 5309 5291 5308
f 5308 5291 5307
f 5307 5291 5298
f 5307 5298 5299
f 5289 5290 5291
f 5298 5291 5297
f 5297 5291 5292
f 5297 5292 5296
f 5296 5292 5295
f 5295 5292 5294
f 5294 5292 5293
f 5299 5300 5307
f 5307 5300 5301
f 5307 5301 5306
f 5306 5301 5305
f 5305 5301 5304
f 5304 5301 5302
f 5304 5302 5303
f 5313 5314 5318
f 5318 5314 5317
f 5317 5314 5315
f 5317 5315 5316
f 5319 5320 5322
f 5322 5320 5321
f 5323 5324 5326
f 5326 5324 5325
f 5328 5329 5327
f 5327 5329 5334
f 5334 5329 5330
f 5334 5330 5333
f 5333 5330 5331
f 5333 5331 5332
f 5335 5336 5342
f 5342 5336 5341
f 5341 5336 5337
f 5341 5337 5340
f 5340 5337 5338
f 5340 5338 5339
f 5344 5345 5343
f 5343 5345 5346
f 5343 5346 5347
f 5348 5357 5347
f 5347 5357 5364
f 5347 5364 5343
f 5348 5349 5357
f 5357 5349 5350
f 5357 5350 5355
f 5355 5350 5351
f 5355 5351 5354
f 5354 5351 5352
f 5354 5352 5353
f 5355 5356 5357
f 5358 5361 5357
f 5357 5361 5362
f 5357 5362 5363
f 5359 5360 5358
f 5358 5360 5361
f 5363 5364 5357
f 5366 5367 5365
f 5365 5367 5368
f 5370 5371 5369
f 5369 5371 5372
f 5373 5374 5376
f 5376 5374 5375
f 5377 5378 5380
f 5380 5378 5379
f 5382 5384 5381
f 5381 5384 5385
f 5381 5385 5391
f 5391 5385 5386
f 5391 5386 5390
f 5390 5386 5387
f 5390 5387 5388
f 5382 5383 5384
f 5388 5389 5390
f 5391 5392 5381
f 5404 5393 5403
f 5403 5393 5394
f 5403 5394 5402
f 5402 5394 5396
f 5402 5396 5401
f 5401 5396 5397
f 5401 5397 5400
f 5400 5397 5399
f 5399 5397 5398
f 5394 5395 5396
f 5405 5406 5417
f 5417 5406 5416
f 5416 5406 5410
f 5416 5410 5411
f 5407 5408 5406
f 5406 5408 5409
f 5406 5409 5410
f 5416 5411 5415
f 5415 5411 5412
f 5415 5412 5413
f 5413 5414 5415
f 5419 5420 5418
f 5418 5420 5424
f 5418 5424 5425
f 5420 5421 5424
f 5424 5421 5423
f 5423 5421 5422
f 5426 5427 5425
f 5425 5427 5428
f 5425 5428 5418
f 5429 5430 5432
f 5432 5430 5431
f 5443 5433 5438
f 5438 5433 5434
f 5438 5434 5437
f 5437 5434 5436
f 5436 5434 5435
f 5438 5439 5443
f 5443 5439 5442
f 5442 5439 5440
f 5442 5440 5441
f 5445 5446 5444
f 5444 5446 5447
f 5448 5449 5464
f 5464 5449 5450
f 5464 5450 5463
f 5463 5450 5451
f 5463 5451 5462
f 5462 5451 5452
f 5462 5452 5456
f 5456 5452 5455
f 5455 5452 5454
f 5454 5452 5453
f 5456 5457 5462
f 5462 5457 5459
f 5462 5459 5460
f 5457 5458 5459
f 5460 5461 5462
f 5465 5466 5468
f 5468 5466 5467
f 5470 5471 5469
f 5469 5471 5472
f 5474 5475 5473
f 5473 5475 5484
f 5484 5475 5476
f 5484 5476 5483
f 5483 5476 5477
f 5483 5477 5482
f 5482 5477 5478
f 5482 5478 5481
f 5481 5478 5479
f 5481 5479 5480
f 5486 5487 5485
f 5485 5487 5491
f 5485 5491 5492
f 5487 5488 5491
f 5491 5488 5490
f 5490 5488 5489
f 5493 5494 5492
f 5492 5494 5495
f 5492 5495 5485
f 5497 5498 5496
f 5496 5498 5501
f 5501 5498 5499
f 5501 5499 5500
f 5503 5506 5502
f 5502 5506 5512
f 5502 5512 5513
f 5504 5505 5503
f 5503 5505 5506
f 5512 5506 5511
f 5511 5506 5507
f 5511 5507 5510
f 5510 5507 5509
f 5509 5507 5508
f 5513 5514 5502
f 5502 5514 5527
f 5527 5514 5516
f 5527 5516 5526
f 5526 5516 5517
f 5526 5517 5525
f 5525 5517 5524
f 5524 5517 5518
f 5524 5518 5519
f 5514 5515 5516
f 5520 5521 5519
f 5519 5521 5522
f 5519 5522 5523
f 5523 5524 5519
f 5528 5529 5531
f 5531 5529 5530
f 5532 5533 5535
f 5535 5533 5534
f 5537 5538 5536
f 5536 5538 5539
f 5541 5542 5540
f 5540 5542 5547
f 5547 5542 5543
f 5547 5543 5546
f 5546 5543 5544
f 5546 5544 5545
f 5548 5549 5551
f 5551 5549 5550
f 5553 5554 5552
f 5552 5554 5559
f 5559 5554 5555
f 5559 5555 5558
f 5558 5555 5556
f 5558 5556 5557
f 5561 5562 5560
f 5560 5562 5567
f 5567 5562 5563
f 5567 5563 5566
f 5566 5563 5564
f 5566 5564 5565
f 5568 5569 5584
f 5584 5569 5570
f 5584 5570 5583
f 5583 5570 5571
f 5583 5571 5582
f 5582 5571 5572
f 5582 5572 5576
f 5576 5572 5575
f 5575 5572 5574
f 5574 5572 5573
f 5576 5577 5582
f 5582 5577 5579
f 5582 5579 5580
f 5577 5578 5579
f 5580 5581 5582
f 5586 5587 5585
f 5585 5587 5588
f 5594 5589 5593
f 5593 5589 5590
f 5593 5590 5592
f 5592 5590 5591
f 5595 5596 5598
f 5598 5596 5597
f 5600 5601 5599
f 5599 5601 5606
f 5606 5601 5602
f 5606 5602 5605
f 5605 5602 5603
f 5605 5603 5604
f 5607 5608 5610
f 5610 5608 5609
f 5611 5612 5614
f 5614 5612 5613
f 5615 5616 5618
f 5618 5616 5617
f 5619 5620 5622
f 5622 5620 5621
f 5623 5624 5626
f 5626 5624 5625
f 5628 5629 5627
f 5627 5629 5634
f 5634 5629 5630
f 5634 5630 5633
f 5633 5630 5631
f 5633 5631 5632
f 5635 5636 5638
f 5638 5636 5637
f 5639 5640 5642
f 5642 5640 5641
f 5644 5645 5643
f 5643 5645 5650
f 5650 5645 5646
f 5650 5646 5649
f 5649 5646 5647
f 5649 5647 5648
f 5652 5653 5651
f 5651 5653 5658
f 5658 5653 5654
f 5658 5654 5657
f 5657 5654 5655
f 5657 5655 5656
f 5659 5660 5662
f 5662 5660 5661
f 5664 5665 5663
f 5663 5665 5666
f 5663 5666 5672
f 5672 5666 5671
f 5671 5666 5667
f 5671 5667 5670
f 5670 5667 5669
f 5669 5667 5668
f 5672 5673 5663
f 5663 5673 5674
f 5663 5674 5675
f 5677 5678 5676
f 5676 5678 5679
f 5681 5689 5680
f 5680 5689 5690
f 5680 5690 5701
f 5701 5690 5691
f 5701 5691 5692
f 5689 5681 5688
f 5688 5681 5682
f 5688 5682 5687
f 5687 5682 5686
f 5686 5682 5683
f 5686 5683 5685
f 5685 5683 5684
f 5701 5692 5700
f 5700 5692 5693
f 5700 5693 5699
f 5699 5693 5694
f 5699 5694 5695
f 5699 5695 5698
f 5698 5695 5696
f 5698 5696 5697
f 5702 5703 5705
f 5705 5703 5704
f 5717 5706 5716
f 5716 5706 5707
f 5716 5707 5715
f 5715 5707 5709
f 5715 5709 5714
f 5714 5709 5710
f 5714 5710 5713
f 5713 5710 5712
f 5712 5710 5711
f 5707 5708 5709
f 5718 5719 5721
f 5721 5719 5720
f 5722 5723 5725
f 5725 5723 5724
f 5727 5728 5726
f 5726 5728 5733
f 5733 5728 5729
f 5733 5729 5732
f 5732 5729 5730
f 5732 5730 5731
f 5734 5735 5737
f 5737 5735 5736
f 5739 5740 5738
f 5738 5740 5745
f 5745 5740 5741
f 5745 5741 5744
f 5744 5741 5742
f 5744 5742 5743
f 5747 5748 5746
f 5746 5748 5753
f 5753 5748 5749
f 5753 5749 5752
f 5752 5749 5750
f 5752 5750 5751
f 5754 5755 5757
f 5757 5755 5756
f 5758 5759 5783
f 5783 5759 5782
f 5782 5759 5760
f 5782 5760 5781
f 5781 5760 5762
f 5781 5762 5780
f 5780 5762 5779
f 5779 5762 5778
f 5778 5762 5769
f 5778 5769 5770
f 5760 5761 5762
f 5769 5762 5768
f 5768 5762 5763
f 5768 5763 5767
f 5767 5763 5766
f 5766 5763 5765
f 5765 5763 5764
f 5770 5771 5778
f 5778 5771 5772
f 5778 5772 5777
f 5777 5772 5776
f 5776 5772 5775
f 5775 5772 5773
f 5775 5773 5774
f 5785 5793 5784
f 5784 5793 5794
f 5784 5794 5805
f 5805 5794 5795
f 5805 5795 5796
f 5793 5785 5792
f 5792 5785 5786
f 5792 5786 5791
f 5791 5786 5790
f 5790 5786 5787
f 5790 5787 5789
f 5789 5787 5788
f 5805 5796 5804
f 5804 5796 5797
f 5804 5797 5803
f 5803 5797 5798
f 5803 5798 5799
f 5803 5799 5802
f 5802 5799 5800
f 5802 5800 5801
f 5807 5808 5806
f 5806 5808 5809
f 5806 5809 5810
f 5806 5810 5816
f 5816 5810 5811
f 5816 5811 5815
f 5815 5811 5812
f 5815 5812 5813
f 5813 5814 5815
f 5816 5817 5806
f 5806 5817 5818
f 5820 5821 5819
f 5819 5821 5822
f 5824 5825 5823
f 5823 5825 5826
f 5823 5826 5827
f 5823 5827 5832
f 5832 5827 5828
f 5832 5828 5831
f 5831 5828 5829
f 5831 5829 5830
f 5832 5833 5823
f 5839 5834 5838
f 5838 5834 5835
f 5838 5835 5837
f 5837 5835 5836
f 5845 5840 5844
f 5844 5840 5841
f 5844 5841 5843
f 5843 5841 5842
f 5846 5847 5871
f 5871 5847 5870
f 5870 5847 5848
f 5870 5848 5869
f 5869 5848 5850
f 5869 5850 5868
f 5868 5850 5867
f 5867 5850 5866
f 5866 5850 5857
f 5866 5857 5858
f 5848 5849 5850
f 5857 5850 5856
f 5856 5850 5851
f 5856 5851 5855
f 5855 5851 5854
f 5854 5851 5853
f 5853 5851 5852
f 5858 5859 5866
f 5866 5859 5860
f 5866 5860 5865
f 5865 5860 5864
f 5864 5860 5863
f 5863 5860 5861
f 5863 5861 5862
f 5872 5873 5875
f 5875 5873 5874
f 5887 5876 5886
f 5886 5876 5877
f 5886 5877 5885
f 5885 5877 5878
f 5885 5878 5884
f 5884 5878 5879
f 5884 5879 5883
f 5883 5879 5880
f 5883 5880 5882
f 5882 5880 5881
f 5889 5890 5888
f 5888 5890 5899
f 5899 5890 5891
f 5899 5891 5898
f 5898 5891 5892
f 5898 5892 5897
f 5897 5892 5893
f 5897 5893 5896
f 5896 5893 5894
f 5896 5894 5895
f 5901 5902 5900
f 5900 5902 5903
f 5900 5903 5925
f 5925 5903 5904
f 5925 5904 5923
f 5923 5904 5905
f 5923 5905 5906
f 5906 5907 5923
f 5923 5907 5916
f 5923 5916 5917
f 5908 5913 5907
f 5907 5913 5914
f 5907 5914 5915
f 5908 5909 5913
f 5913 5909 5910
f 5913 5910 5912
f 5912 5910 5911
f 5915 5916 5907
f 5923 5917 5922
f 5922 5917 5918
f 5922 5918 5919
f 5919 5920 5922
f 5922 5920 5921
f 5923 5924 5925
f 5926 5927 5931
f 5931 5927 5930
f 5930 5927 5928
f 5930 5928 5929
f 5932 5933 5935
f 5935 5933 5934
f 5936 5937 5943
f 5943 5937 5942
f 5942 5937 5938
f 5942 5938 5941
f 5941 5938 5939
f 5941 5939 5940
f 5945 5946 5944
f 5944 5946 5947
f 5944 5947 5969
f 5969 5947 5948
f 5969 5948 5967
f 5967 5948 5949
f 5967 5949 5950
f 5950 5951 5967
f 5967 5951 5960
f 5967 5960 5961
f 5952 5957 5951
f 5951 5957 5958
f 5951 5958 5959
f 5952 5953 5957
f 5957 5953 5954
f 5957 5954 5956
f 5956 5954 5955
f 5959 5960 5951
f 5967 5961 5966
f 5966 5961 5962
f 5966 5962 5963
f 5963 5964 5966
f 5966 5964 5965
f 5967 5968 5969
f 5970 5971 5973
f 5973 5971 5972
f 5975 5976 5974
f 5974 5976 5983
f 5983 5976 5977
f 5983 5977 5982
f 5982 5977 5978
f 5982 5978 5981
f 5981 5978 5979
f 5981 5979 5980
f 5984 5985 5989
f 5989 5985 5988
f 5988 5985 5986
f 5988 5986 5987
f 5990 5991 6001
f 6001 5991 6000
f 6000 5991 5992
f 6000 5992 5999
f 5999 5992 5993
f 5999 5993 5998
f 5998 5993 5994
f 5998 5994 5997
f 5997 5994 5995
f 5997 5995 5996
f 6002 6003 6005
f 6005 6003 6004
f 6006 6007 6009
f 6009 6007 6008
f 6010 6011 6017
f 6017 6011 6016
f 6016 6011 6012
f 6016 6012 6015
f 6015 6012 6013
f 6015 6013 6014
f 6019 6020 6018
f 6018 6020 6021
f 6018 6021 6043
f 6043 6021 6022
f 6043 6022 6041
f 6041 6022 6023
f 6041 6023 6024
f 6024 6025 6041
f 6041 6025 6034
f 6041 6034 6035
f 6026 6031 6025
f 6025 6031 6032
f 6025 6032 6033
f 6026 6027 6031
f 6031 6027 6028
f 6031 6028 6030
f 6030 6028 6029
f 6033 6034 6025
f 6041 6035 6040
f 6040 6035 6036
f 6040 6036 6037
f 6037 6038 6040
f 6040 6038 6039
f 6041 6042 6043
f 6045 6046 6044
f 6044 6046 6053
f 6053 6046 6047
f 6053 6047 6052
f 6052 6047 6048
f 6052 6048 6051
f 6051 6048 6049
f 6051 6049 6050
f 6055 6056 6054
f 6054 6056 6057
f 6054 6057 6079
f 6079 6057 6058
f 6079 6058 6077
f 6077 6058 6059
f 6077 6059 6060
f 6060 6061 6077
f 6077 6061 6070
f 6077 6070 6071
f 6062 6067 6061
f 6061 6067 6068
f 6061 6068 6069
f 6062 6063 6067
f 6067 6063 6064
f 6067 6064 6066
f 6066 6064 6065
f 6069 6070 6061
f 6077 6071 6076
f 6076 6071 6072
f 6076 6072 6073
f 6073 6074 6076
f 6076 6074 6075
f 6077 6078 6079
f 6080 6081 6083
f 6083 6081 6082
f 6085 6086 6084
f 6084 6086 6093
f 6093 6086 6087
f 6093 6087 6092
f 6092 6087 6088
f 6092 6088 6091
f 6091 6088 6089
f 6091 6089 6090
f 6094 6095 6101
f 6101 6095 6100
f 6100 6095 6096
f 6100 6096 6099
f 6099 6096 6097
f 6099 6097 6098
f 6103 6104 6102
f 6102 6104 6105
f 6107 6108 6106
f 6106 6108 6115
f 6115 6108 6109
f 6115 6109 6114
f 6114 6109 6110
f 6114 6110 6113
f 6113 6110 6111
f 6113 6111 6112
f 6116 6117 6119
f 6119 6117 6118
f 6120 6121 6127
f 6127 6121 6126
f 6126 6121 6122
f 6126 6122 6125
f 6125 6122 6123
f 6125 6123 6124
f 6128 6129 6131
f 6131 6129 6130
f 6132 6133 6135
f 6135 6133 6134
f 6137 6139 6136
f 6136 6139 6140
f 6136 6140 6146
f 6146 6140 6141
f 6146 6141 6145
f 6145 6141 6142
f 6145 6142 6143
f 6137 6138 6139
f 6143 6144 6145
f 6146 6147 6136
f 6148 6149 6151
f 6151 6149 6150
f 6153 6154 6152
f 6152 6154 6159
f 6159 6154 6155
f 6159 6155 6158
f 6158 6155 6156
f 6158 6156 6157
f 6171 6160 6170
f 6170 6160 6161
f 6170 6161 6169
f 6169 6161 6163
f 6169 6163 6168
f 6168 6163 6164
f 6168 6164 6167
f 6167 6164 6166
f 6166 6164 6165
f 6161 6162 6163
f 6172 6173 6175
f 6175 6173 6174
f 6176 6177 6179
f 6179 6177 6178
f 6180 6181 6183
f 6183 6181 6182
f 6185 6186 6184
f 6184 6186 6187
f 6188 6189 6209
f 6209 6189 6208
f 6208 6189 6190
f 6208 6190 6207
f 6207 6190 6206
f 6206 6190 6191
f 6206 6191 6205
f 6205 6191 6192
f 6205 6192 6204
f 6204 6192 6193
f 6204 6193 6203
f 6203 6193 6202
f 6202 6193 6194
f 6202 6194 6201
f 6201 6194 6195
f 6201 6195 6200
f 6200 6195 6199
f 6199 6195 6196
f 6199 6196 6198
f 6198 6196 6197
f 6211 6214 6210
f 6210 6214 6220
f 6210 6220 6221
f 6212 6213 6211
f 6211 6213 6214
f 6220 6214 6219
f 6219 6214 6215
f 6219 6215 6218
f 6218 6215 6217
f 6217 6215 6216
f 6221 6222 6210
f 6210 6222 6235
f 6235 6222 6224
f 6235 6224 6234
f 6234 6224 6225
f 6234 6225 6233
f 6233 6225 6232
f 6232 6225 6226
f 6232 6226 6227
f 6222 6223 6224
f 6228 6229 6227
f 6227 6229 6230
f 6227 6230 6231
f 6231 6232 6227
f 6237 6238 6236
f 6236 6238 6239
f 6241 6242 6240
f 6240 6242 6247
f 6247 6242 6243
f 6247 6243 6246
f 6246 6243 6244
f 6246 6244 6245
f 6248 6249 6253
f 6253 6249 6252
f 6252 6249 6250
f 6252 6250 6251
f 6255 6256 6254
f 6254 6256 6257
f 6254 6257 6279
f 6279 6257 6258
f 6279 6258 6277
f 6277 6258 6259
f 6277 6259 6260
f 6260 6261 6277
f 6277 6261 6270
f 6277 6270 6271
f 6262 6267 6261
f 6261 6267 6268
f 6261 6268 6269
f 6262 6263 6267
f 6267 6263 6264
f 6267 6264 6266
f 6266 6264 6265
f 6269 6270 6261
f 6277 6271 6276
f 6276 6271 6272
f 6276 6272 6273
f 6273 6274 6276
f 6276 6274 6275
f 6277 6278 6279
f 6281 6282 6280
f 6280 6282 6283
f 6285 6286 6284
f 6284 6286 6287
f 6288 6289 6291
f 6291 6289 6290
f 6293 6295 6292
f 6292 6295 6296
f 6292 6296 6302
f 6302 6296 6297
f 6302 6297 6301
f 6301 6297 6298
f 6301 6298 6299
f 6293 6294 6295
f 6299 6300 6301
f 6302 6303 6292
f 6305 6306 6304
f 6304 6306 6307
f 6319 6308 6318
f 6318 6308 6309
f 6318 6309 6317
f 6317 6309 6311
f 6317 6311 6316
f 6316 6311 6312
f 6316 6312 6315
f 6315 6312 6314
f 6314 6312 6313
f 6309 6310 6311
f 6320 6321 6323
f 6323 6321 6322
f 6335 6324 6334
f 6334 6324 6325
f 6334 6325 6333
f 6333 6325 6327
f 6333 6327 6332
f 6332 6327 6328
f 6332 6328 6331
f 6331 6328 6330
f 6330 6328 6329
f 6325 6326 6327
f 6337 6338 6336
f 6336 6338 6339
f 6341 6342 6340
f 6340 6342 6349
f 6349 6342 6343
f 6349 6343 6348
f 6348 6343 6344
f 6348 6344 6347
f 6347 6344 6345
f 6347 6345 6346
f 6350 6351 6357
f 6357 6351 6356
f 6356 6351 6352
f 6356 6352 6355
f 6355 6352 6353
f 6355 6353 6354
f 6358 6359 6383
f 6383 6359 6382
f 6382 6359 6360
f 6382 6360 6381
f 6381 6360 6362
f 6381 6362 6380
f 6380 6362 6379
f 6379 6362 6378
f 6378 6362 6369
f 6378 6369 6370
f 6360 6361 6362
f 6369 6362 6368
f 6368 6362 6363
f 6368 6363 6367
f 6367 6363 6366
f 6366 6363 6365
f 6365 6363 6364
f 6370 6371 6378
f 6378 6371 6372
f 6378 6372 6377
f 6377 6372 6376
f 6376 6372 6375
f 6375 6372 6373
f 6375 6373 6374
f 6384 6385 6387
f 6387 6385 6386
f 6389 6390 6388
f 6388 6390 6397
f 6397 6390 6391
f 6397 6391 6396
f 6396 6391 6392
f 6396 6392 6395
f 6395 6392 6393
f 6395 6393 6394
f 6398 6399 6401
f 6401 6399 6400
f 6413 6402 6412
f 6412 6402 6403
f 6412 6403 6411
f 6411 6403 6405
f 6411 6405 6410
f 6410 6405 6406
f 6410 6406 6409
f 6409 6406 6408
f 6408 6406 6407
f 6403 6404 6405
f 6414 6415 6421
f 6421 6415 6420
f 6420 6415 6416
f 6420 6416 6419
f 6419 6416 6417
f 6419 6417 6418
f 6423 6424 6422
f 6422 6424 6425
f 6427 6428 6426
f 6426 6428 6435
f 6435 6428 6429
f 6435 6429 6434
f 6434 6429 6430
f 6434 6430 6433
f 6433 6430 6431
f 6433 6431 6432
f 6447 6436 6446
f 6446 6436 6437
f 6446 6437 6445
f 6445 6437 6438
f 6445 6438 6444
f 6444 6438 6439
f 6444 6439 6443
f 6443 6439 6440
f 6443 6440 6442
f 6442 6440 6441
f 6448 6449 6451
f 6451 6449 6450
f 6453 6455 6452
f 6452 6455 6456
f 6452 6456 6462
f 6462 6456 6457
f 6462 6457 6461
f 6461 6457 6458
f 6461 6458 6459
f 6453 6454 6455
f 6459 6460 6461
f 6462 6463 6452
f 6465 6466 6464
f 6464 6466 6467
f 6469 6470 6468
f 6468 6470 6471
f 6472 6473 6475
f 6475 6473 6474
f 6476 6477 6479
f 6479 6477 6478
f 6491 6480 6490
f 6490 6480 6481
f 6490 6481 6489
f 6489 6481 6483
f 6489 6483 6488
f 6488 6483 6484
f 6488 6484 6487
f 6487 6484 6486
f 6486 6484 6485
f 6481 6482 6483
f 6493 6494 6492
f 6492 6494 6495
f 6492 6495 6517
f 6517 6495 6496
f 6517 6496 6515
f 6515 6496 6497
f 6515 6497 6498
f 6498 6499 6515
f 6515 6499 6508
f 6515 6508 6509
f 6500 6505 6499
f 6499 6505 6506
f 6499 6506 6507
f 6500 6501 6505
f 6505 6501 6502
f 6505 6502 6504
f 6504 6502 6503
f 6507 6508 6499
f 6515 6509 6514
f 6514 6509 6510
f 6514 6510 6511
f 6511 6512 6514
f 6514 6512 6513
f 6515 6516 6517
f 6518 6519 6521
f 6521 6519 6520
f 6523 6524 6522
f 6522 6524 6529
f 6522 6529 6530
f 6529 6524 6528
f 6528 6524 6525
f 6528 6525 6527
f 6527 6525 6526
f 6530 6531 6522
f 6522 6531 6532
f 6534 6538 6533
f 6533 6538 6542
f 6533 6542 6543
f 6538 6534 6537
f 6537 6534 6535
f 6537 6535 6536
f 6542 6538 6541
f 6541 6538 6539
f 6541 6539 6540
f 6545 6546 6544
f 6544 6546 6551
f 6551 6546 6547
f 6551 6547 6550
f 6550 6547 6548
f 6550 6548 6549
f 6553 6555 6552
f 6552 6555 6556
f 6552 6556 6562
f 6562 6556 6557
f 6562 6557 6561
f 6561 6557 6558
f 6561 6558 6559
f 6553 6554 6555
f 6559 6560 6561
f 6562 6563 6552
f 6564 6565 6567
f 6567 6565 6566
f 6569 6570 6568
f 6568 6570 6571
f 6572 6573 6575
f 6575 6573 6574
f 6577 6579 6576
f 6576 6579 6580
f 6576 6580 6586
f 6586 6580 6581
f 6586 6581 6585
f 6585 6581 6582
f 6585 6582 6583
f 6577 6578 6579
f 6583 6584 6585
f 6586 6587 6576
f 6588 6589 6591
f 6591 6589 6590
f 6603 6592 6602
f 6602 6592 6593
f 6602 6593 6601
f 6601 6593 6595
f 6601 6595 6600
f 6600 6595 6596
f 6600 6596 6599
f 6599 6596 6598
f 6598 6596 6597
f 6593 6594 6595
f 6609 6604 6608
f 6608 6604 6605
f 6608 6605 6607
f 6607 6605 6606
f 6610 6611 6613
f 6613 6611 6612
f 6614 6615 6617
f 6617 6615 6616
f 6618 6619 6621
f 6621 6619 6620
f 6622 6623 6625
f 6625 6623 6624
f 6627 6628 6626
f 6626 6628 6629
f 6631 6632 6630
f 6630 6632 6639
f 6639 6632 6633
f 6639 6633 6638
f 6638 6633 6634
f 6638 6634 6637
f 6637 6634 6635
f 6637 6635 6636
f 6640 6641 6643
f 6643 6641 6642
f 6644 6645 6647
f 6647 6645 6646
f 6648 6649 6651
f 6651 6649 6650
f 6663 6652 6662
f 6662 6652 6653
f 6662 6653 6661
f 6661 6653 6654
f 6661 6654 6660
f 6660 6654 6655
f 6660 6655 6659
f 6659 6655 6656
f 6659 6656 6658
f 6658 6656 6657
f 6675 6664 6674
f 6674 6664 6665
f 6674 6665 6673
f 6673 6665 6666
f 6673 6666 6672
f 6672 6666 6667
f 6672 6667 6671
f 6671 6667 6668
f 6671 6668 6670
f 6670 6668 6669
f 6676 6677 6683
f 6683 6677 6682
f 6682 6677 6678
f 6682 6678 6681
f 6681 6678 6679
f 6681 6679 6680
f 6684 6685 6687
f 6687 6685 6686
f 6688 6689 6691
f 6691 6689 6690
f 6692 6693 6695
f 6695 6693 6694
f 6696 6697 6699
f 6699 6697 6698
f 6700 6701 6703
f 6703 6701 6702
f 6704 6705 6715
f 6715 6705 6714
f 6714 6705 6706
f 6714 6706 6713
f 6713 6706 6707
f 6713 6707 6712
f 6712 6707 6708
f 6712 6708 6711
f 6711 6708 6709
f 6711 6709 6710
f 6717 6718 6716
f 6716 6718 6727
f 6727 6718 6719
f 6727 6719 6726
f 6726 6719 6720
f 6726 6720 6725
f 6725 6720 6721
f 6725 6721 6724
f 6724 6721 6722
f 6724 6722 6723
f 6728 6729 6753
f 6753 6729 6752
f 6752 6729 6730
f 6752 6730 6751
f 6751 6730 6732
f 6751 6732 6750
f 6750 6732 6749
f 6749 6732 6748
f 6748 6732 6739
f 6748 6739 6740
f 6730 6731 6732
f 6739 6732 6738
f 6738 6732 6733
f 6738 6733 6737
f 6737 6733 6736
f 6736 6733 6735
f 6735 6733 6734
f 6740 6741 6748
f 6748 6741 6742
f 6748 6742 6747
f 6747 6742 6746
f 6746 6742 6745
f 6745 6742 6743
f 6745 6743 6744
f 6754 6755 6757
f 6757 6755 6756
f 6758 6759 6761
f 6761 6759 6760
f 6762 6763 6787
f 6787 6763 6786
f 6786 6763 6764
f 6786 6764 6785
f 6785 6764 6766
f 6785 6766 6784
f 6784 6766 6783
f 6783 6766 6782
f 6782 6766 6773
f 6782 6773 6774
f 6764 6765 6766
f 6773 6766 6772
f 6772 6766 6767
f 6772 6767 6771
f 6771 6767 6770
f 6770 6767 6769
f 6769 6767 6768
f 6774 6775 6782
f 6782 6775 6776
f 6782 6776 6781
f 6781 6776 6780
f 6780 6776 6779
f 6779 6776 6777
f 6779 6777 6778
f 6788 6789 6791
f 6791 6789 6790
f 6793 6794 6792
f 6792 6794 6803
f 6803 6794 6795
f 6803 6795 6802
f 6802 6795 6796
f 6802 6796 6801
f 6801 6796 6797
f 6801 6797 6800
f 6800 6797 6798
f 6800 6798 6799
f 6804 6805 6807
f 6807 6805 6806
f 6809 6810 6808
f 6808 6810 6819
f 6819 6810 6811
f 6819 6811 6818
f 6818 6811 6812
f 6818 6812 6817
f 6817 6812 6813
f 6817 6813 6816
f 6816 6813 6814
f 6816 6814 6815
f 6820 6821 6845
f 6845 6821 6844
f 6844 6821 6822
f 6844 6822 6843
f 6843 6822 6824
f 6843 6824 6842
f 6842 6824 6841
f 6841 6824 6840
f 6840 6824 6831
f 6840 6831 6832
f 6822 6823 6824
f 6831 6824 6830
f 6830 6824 6825
f 6830 6825 6829
f 6829 6825 6828
f 6828 6825 6827
f 6827 6825 6826
f 6832 6833 6840
f 6840 6833 6834
f 6840 6834 6839
f 6839 6834 6838
f 6838 6834 6837
f 6837 6834 6835
f 6837 6835 6836
f 6847 6848 6846
f 6846 6848 6849
f 6846 6849 6871
f 6871 6849 6850
f 6871 6850 6869
f 6869 6850 6851
f 6869 6851 6852
f 6852 6853 6869
f 6869 6853 6862
f 6869 6862 6863
f 6854 6859 6853
f 6853 6859 6860
f 6853 6860 6861
f 6854 6855 6859
f 6859 6855 6856
f 6859 6856 6858
f 6858 6856 6857
f 6861 6862 6853
f 6869 6863 6868
f 6868 6863 6864
f 6868 6864 6865
f 6865 6866 6868
f 6868 6866 6867
f 6869 6870 6871
f 6872 6873 6875
f 6875 6873 6874
f 6876 6877 6897
f 6897 6877 6896
f 6896 6877 6878
f 6896 6878 6895
f 6895 6878 6894
f 6894 6878 6879
f 6894 6879 6893
f 6893 6879 6880
f 6893 6880 6892
f 6892 6880 6881
f 6892 6881 6891
f 6891 6881 6890
f 6890 6881 6882
f 6890 6882 6889
f 6889 6882 6883
f 6889 6883 6888
f 6888 6883 6887
f 6887 6883 6884
f 6887 6884 6886
f 6886 6884 6885
f 6899 6900 6898
f 6898 6900 6909
f 6909 6900 6901
f 6909 6901 6908
f 6908 6901 6902
f 6908 6902 6907
f 6907 6902 6903
f 6907 6903 6906
f 6906 6903 6904
f 6906 6904 6905
f 6910 6911 6913
f 6913 6911 6912
f 6914 6915 6925
f 6925 6915 6924
f 6924 6915 6916
f 6924 6916 6923
f 6923 6916 6917
f 6923 6917 6922
f 6922 6917 6918
f 6922 6918 6921
f 6921 6918 6919
f 6921 6919 6920
f 6926 6927 6931
f 6931 6927 6930
f 6930 6927 6928
f 6930 6928 6929
f 6933 6934 6932
f 6932 6934 6937
f 6937 6934 6935
f 6937 6935 6936
f 6939 6940 6938
f 6938 6940 6941
f 6938 6941 6945
f 6945 6941 6942
f 6945 6942 6943
f 6943 6944 6945
f 6947 6948 6946
f 6946 6948 6949
f 6950 6951 6953
f 6953 6951 6952
f 6954 6955 6957
f 6957 6955 6956
f 6958 6959 6961
f 6961 6959 6960
f 6973 6962 6972
f 6972 6962 6963
f 6972 6963 6971
f 6971 6963 6965
f 6971 6965 6970
f 6970 6965 6966
f 6970 6966 6969
f 6969 6966 6968
f 6968 6966 6967
f 6963 6964 6965
f 6974 6975 6986
f 6986 6975 6985
f 6985 6975 6984
f 6984 6975 6978
f 6984 6978 6983
f 6983 6978 6979
f 6983 6979 6982
f 6982 6979 6981
f 6981 6979 6980
f 6976 6977 6975
f 6975 6977 6978
f 6988 6989 6987
f 6987 6989 6992
f 6987 6992 6993
f 6989 6990 6992
f 6992 6990 6991
f 6987 6993 6996
f 6996 6993 6994
f 6996 6994 6995
f 6987 6996 7006
f 7006 6996 6997
f 7006 6997 7000
f 7000 6997 6998
f 7000 6998 6999
f 7000 7001 7006
f 7006 7001 7004
f 7006 7004 7005
f 7001 7002 7004
f 7004 7002 7003
f 7007 7008 7024
f 7024 7008 7023
f 7023 7008 7022
f 7022 7008 7015
f 7022 7015 7016
f 7008 7009 7015
f 7015 7009 7014
f 7014 7009 7013
f 7013 7009 7010
f 7013 7010 7011
f 7011 7012 7013
f 7017 7018 7016
f 7016 7018 7019
f 7016 7019 7020
f 7020 7021 7016
f 7016 7021 7022
f 7025 7026 7028
f 7028 7026 7027
f 7030 7043 7029
f 7029 7043 7044
f 7029 7044 7045
f 7043 7030 7041
f 7041 7030 7031
f 7041 7031 7040
f 7040 7031 7032
f 7040 7032 7033
f 7034 7038 7033
f 7033 7038 7039
f 7033 7039 7040
f 7034 7035 7038
f 7038 7035 7036
f 7038 7036 7037
f 7041 7042 7043
f 7029 7045 7051
f 7051 7045 7046
f 7051 7046 7050
f 7050 7046 7047
f 7050 7047 7048
f 7048 7049 7050
f 7052 7054 7051
f 7051 7054 7055
f 7051 7055 7056
f 7052 7053 7054
f 7056 7057 7051
f 7051 7057 7029
f 7058 7059 7061
f 7061 7059 7060
f 7062 7063 7065
f 7065 7063 7064
f 7067 7068 7066
f 7066 7068 7073
f 7073 7068 7069
f 7073 7069 7072
f 7072 7069 7070
f 7072 7070 7071
f 7075 7076 7074
f 7074 7076 7081
f 7081 7076 7077
f 7081 7077 7080
f 7080 7077 7078
f 7080 7078 7079
f 7083 7084 7082
f 7082 7084 7089
f 7089 7084 7085
f 7089 7085 7088
f 7088 7085 7086
f 7088 7086 7087
f 7090 7091 7093
f 7093 7091 7092
f 7094 7095 7111
f 7111 7095 7110
f 7110 7095 7109
f 7109 7095 7102
f 7109 7102 7103
f 7095 7096 7102
f 7102 7096 7101
f 7101 7096 7100
f 7100 7096 7097
f 7100 7097 7098
f 7098 7099 7100
f 7104 7105 7103
f 7103 7105 7106
f 7103 7106 7107
f 7107 7108 7103
f 7103 7108 7109
f 7113 7114 7112
f 7112 7114 7119
f 7119 7114 7115
f 7119 7115 7118
f 7118 7115 7116
f 7118 7116 7117
f 7121 7123 7120
f 7120 7123 7124
f 7120 7124 7130
f 7130 7124 7125
f 7130 7125 7129
f 7129 7125 7126
f 7129 7126 7127
f 7121 7122 7123
f 7127 7128 7129
f 7130 7131 7120
f 7133 7134 7132
f 7132 7134 7143
f 7143 7134 7135
f 7143 7135 7142
f 7142 7135 7136
f 7142 7136 7141
f 7141 7136 7137
f 7141 7137 7140
f 7140 7137 7138
f 7140 7138 7139
f 7145 7146 7144
f 7144 7146 7147
f 7144 7147 7169
f 7169 7147 7148
f 7169 7148 7167
f 7167 7148 7149
f 7167 7149 7150
f 7150 7151 7167
f 7167 7151 7160
f 7167 7160 7161
f 7152 7157 7151
f 7151 7157 7158
f 7151 7158 7159
f 7152 7153 7157
f 7157 7153 7154
f 7157 7154 7156
f 7156 7154 7155
f 7159 7160 7151
f 7167 7161 7166
f 7166 7161 7162
f 7166 7162 7163
f 7163 7164 7166
f 7166 7164 7165
f 7167 7168 7169
f 7171 7172 7170
f 7170 7172 7181
f 7181 7172 7173
f 7181 7173 7180
f 7180 7173 7174
f 7180 7174 7179
f 7179 7174 7175
f 7179 7175 7178
f 7178 7175 7176
f 7178 7176 7177
f 7182 7183 7185
f 7185 7183 7184
f 7187 7188 7186
f 7186 7188 7197
f 7197 7188 7189
f 7197 7189 7196
f 7196 7189 7190
f 7196 7190 7195
f 7195 7190 7191
f 7195 7191 7194
f 7194 7191 7192
f 7194 7192 7193
f 7198 7199 7223
f 7223 7199 7222
f 7222 7199 7200
f 7222 7200 7221
f 7221 7200 7202
f 7221 7202 7220
f 7220 7202 7219
f 7219 7202 7218
f 7218 7202 7209
f 7218 7209 7210
f 7200 7201 7202
f 7209 7202 7208
f 7208 7202 7203
f 7208 7203 7207
f 7207 7203 7206
f 7206 7203 7205
f 7205 7203 7204
f 7210 7211 7218
f 7218 7211 7212
f 7218 7212 7217
f 7217 7212 7216
f 7216 7212 7215
f 7215 7212 7213
f 7215 7213 7214
f 7224 7225 7227
f 7227 7225 7226
f 7229 7230 7228
f 7228 7230 7231
f 7233 7234 7232
f 7232 7234 7235
f 7232 7235 7236
f 7232 7236 7242
f 7242 7236 7237
f 7242 7237 7241
f 7241 7237 7238
f 7241 7238 7239
f 7239 7240 7241
f 7242 7243 7232
f 7232 7243 7244
f 7245 7246 7248
f 7248 7246 7247
f 7249 7250 7252
f 7252 7250 7251
f 7254 7255 7253
f 7253 7255 7256
f 7257 7258 7260
f 7260 7258 7259
f 7262 7263 7261
f 7261 7263 7264
f 7261 7264 7265
f 7261 7265 7270
f 7270 7265 7266
f 7270 7266 7269
f 7269 7266 7267
f 7269 7267 7268
f 7270 7271 7261
f 7272 7273 7275
f 7275 7273 7274
f 7276 7277 7297
f 7297 7277 7278
f 7297 7278 7296
f 7296 7278 7279
f 7296 7279 7280
f 7280 7281 7296
f 7296 7281 7286
f 7296 7286 7287
f 7281 7282 7286
f 7286 7282 7285
f 7285 7282 7284
f 7284 7282 7283
f 7287 7288 7296
f 7296 7288 7289
f 7296 7289 7294
f 7294 7289 7290
f 7294 7290 7293
f 7293 7290 7291
f 7293 7291 7292
f 7294 7295 7296
f 7298 7299 7301
f 7301 7299 7300
f 7303 7304 7302
f 7302 7304 7305
f 7307 7308 7306
f 7306 7308 7313
f 7313 7308 7309
f 7313 7309 7312
f 7312 7309 7310
f 7312 7310 7311
f 7315 7316 7314
f 7314 7316 7317
f 7319 7320 7318
f 7318 7320 7325
f 7325 7320 7321
f 7325 7321 7324
f 7324 7321 7322
f 7324 7322 7323
f 7326 7327 7329
f 7329 7327 7328
f 7330 7331 7333
f 7333 7331 7332
f 7334 7335 7337
f 7337 7335 7336
f 7338 7339 7341
f 7341 7339 7340
f 7342 7343 7345
f 7345 7343 7344
f 7346 7347 7367
f 7367 7347 7348
f 7367 7348 7366
f 7366 7348 7349
f 7366 7349 7350
f 7350 7351 7366
f 7366 7351 7356
f 7366 7356 7357
f 7351 7352 7356
f 7356 7352 7355
f 7355 7352 7354
f 7354 7352 7353
f 7357 7358 7366
f 7366 7358 7359
f 7366 7359 7364
f 7364 7359 7360
f 7364 7360 7363
f 7363 7360 7361
f 7363 7361 7362
f 7364 7365 7366
f 7369 7370 7368
f 7368 7370 7371
f 7372 7373 7375
f 7375 7373 7374
f 7376 7377 7401
f 7401 7377 7400
f 7400 7377 7378
f 7400 7378 7399
f 7399 7378 7380
f 7399 7380 7398
f 7398 7380 7397
f 7397 7380 7396
f 7396 7380 7387
f 7396 7387 7388
f 7378 7379 7380
f 7387 7380 7386
f 7386 7380 7381
f 7386 7381 7385
f 7385 7381 7384
f 7384 7381 7383
f 7383 7381 7382
f 7388 7389 7396
f 7396 7389 7390
f 7396 7390 7395
f 7395 7390 7394
f 7394 7390 7393
f 7393 7390 7391
f 7393 7391 7392
f 7403 7404 7402
f 7402 7404 7405
f 7402 7405 7427
f 7427 7405 7406
f 7427 7406 7425
f 7425 7406 7407
f 7425 7407 7408
f 7408 7409 7425
f 7425 7409 7418
f 7425 7418 7419
f 7410 7415 7409
f 7409 7415 7416
f 7409 7416 7417
f 7410 7411 7415
f 7415 7411 7412
f 7415 7412 7414
f 7414 7412 7413
f 7417 7418 7409
f 7425 7419 7424
f 7424 7419 7420
f 7424 7420 7421
f 7421 7422 7424
f 7424 7422 7423
f 7425 7426 7427
f 7428 7429 7431
f 7431 7429 7430
f 7433 7434 7432
f 7432 7434 7435
f 7432 7435 7457
f 7457 7435 7436
f 7457 7436 7455
f 7455 7436 7437
f 7455 7437 7438
f 7438 7439 7455
f 7455 7439 7448
f 7455 7448 7449
f 7440 7445 7439
f 7439 7445 7446
f 7439 7446 7447
f 7440 7441 7445
f 7445 7441 7442
f 7445 7442 7444
f 7444 7442 7443
f 7447 7448 7439
f 7455 7449 7454
f 7454 7449 7450
f 7454 7450 7451
f 7451 7452 7454
f 7454 7452 7453
f 7455 7456 7457
f 7458 7459 7461
f 7461 7459 7460
f 7462 7463 7465
f 7465 7463 7464
f 7467 7468 7466
f 7466 7468 7477
f 7477 7468 7469
f 7477 7469 7476
f 7476 7469 7470
f 7476 7470 7475
f 7475 7470 7471
f 7475 7471 7474
f 7474 7471 7472
f 7474 7472 7473
f 7478 7479 7481
f 7481 7479 7480
f 7483 7484 7482
f 7482 7484 7493
f 7493 7484 7485
f 7493 7485 7492
f 7492 7485 7486
f 7492 7486 7491
f 7491 7486 7487
f 7491 7487 7490
f 7490 7487 7488
f 7490 7488 7489
f 7495 7496 7494
f 7494 7496 7497
f 7503 7498 7502
f 7502 7498 7499
f 7502 7499 7501
f 7501 7499 7500
f 7505 7506 7504
f 7504 7506 7507
f 7508 7509 7519
f 7519 7509 7518
f 7518 7509 7510
f 7518 7510 7517
f 7517 7510 7511
f 7517 7511 7516
f 7516 7511 7512
f 7516 7512 7515
f 7515 7512 7513
f 7515 7513 7514
f 7520 7521 7545
f 7545 7521 7544
f 7544 7521 7522
f 7544 7522 7543
f 7543 7522 7524
f 7543 7524 7542
f 7542 7524 7541
f 7541 7524 7540
f 7540 7524 7531
f 7540 7531 7532
f 7522 7523 7524
f 7531 7524 7530
f 7530 7524 7525
f 7530 7525 7529
f 7529 7525 7528
f 7528 7525 7527
f 7527 7525 7526
f 7532 7533 7540
f 7540 7533 7534
f 7540 7534 7539
f 7539 7534 7538
f 7538 7534 7537
f 7537 7534 7535
f 7537 7535 7536
f 7546 7547 7549
f 7549 7547 7548
f 7550 7551 7553
f 7553 7551 7552
f 7554 7555 7561
f 7561 7555 7560
f 7560 7555 7556
f 7560 7556 7559
f 7559 7556 7557
f 7559 7557 7558
f 7563 7564 7562
f 7562 7564 7565
f 7567 7568 7566
f 7566 7568 7575
f 7575 7568 7569
f 7575 7569 7574
f 7574 7569 7570
f 7574 7570 7573
f 7573 7570 7571
f 7573 7571 7572
f 7576 7577 7579
f 7579 7577 7578
f 7581 7582 7580
f 7580 7582 7587
f 7587 7582 7583
f 7587 7583 7586
f 7586 7583 7584
f 7586 7584 7585
f 7588 7589 7591
f 7591 7589 7590
f 7592 7593 7603
f 7603 7593 7602
f 7602 7593 7594
f 7602 7594 7601
f 7601 7594 7595
f 7601 7595 7600
f 7600 7595 7596
f 7600 7596 7599
f 7599 7596 7597
f 7599 7597 7598
f 7604 7605 7607
f 7607 7605 7606
f 7608 7609 7611
f 7611 7609 7610
f 7612 7613 7622
f 7622 7613 7618
f 7622 7618 7621
f 7621 7618 7619
f 7621 7619 7620
f 7613 7614 7618
f 7618 7614 7617
f 7617 7614 7615
f 7617 7615 7616
f 7623 7624 7626
f 7626 7624 7625
f 7627 7628 7630
f 7630 7628 7629
f 7631 7632 7636
f 7636 7632 7635
f 7635 7632 7633
f 7635 7633 7634
f 7638 7639 7637
f 7637 7639 7644
f 7644 7639 7640
f 7644 7640 7643
f 7643 7640 7641
f 7643 7641 7642
f 7646 7647 7645
f 7645 7647 7648
f 7660 7649 7659
f 7659 7649 7650
f 7659 7650 7658
f 7658 7650 7652
f 7658 7652 7657
f 7657 7652 7653
f 7657 7653 7656
f 7656 7653 7655
f 7655 7653 7654
f 7650 7651 7652
f 7661 7662 7664
f 7664 7662 7663
f 7665 7666 7668
f 7668 7666 7667
f 7669 7670 7672
f 7672 7670 7671
f 7674 7675 7673
f 7673 7675 7676
f 7678 7679 7677
f 7677 7679 7680
f 7682 7683 7681
f 7681 7683 7684
f 7681 7684 7706
f 7706 7684 7685
f 7706 7685 7704
f 7704 7685 7686
f 7704 7686 7687
f 7687 7688 7704
f 7704 7688 7697
f 7704 7697 7698
f 7689 7694 7688
f 7688 7694 7695
f 7688 7695 7696
f 7689 7690 7694
f 7694 7690 7691
f 7694 7691 7693
f 7693 7691 7692
f 7696 7697 7688
f 7704 7698 7703
f 7703 7698 7699
f 7703 7699 7700
f 7700 7701 7703
f 7703 7701 7702
f 7704 7705 7706
f 7707 7708 7732
f 7732 7708 7731
f 7731 7708 7709
f 7731 7709 7730
f 7730 7709 7711
f 7730 7711 7729
f 7729 7711 7728
f 7728 7711 7727
f 7727 7711 7718
f 7727 7718 7719
f 7709 7710 7711
f 7718 7711 7717
f 7717 7711 7712
f 7717 7712 7716
f 7716 7712 7715
f 7715 7712 7714
f 7714 7712 7713
f 7719 7720 7727
f 7727 7720 7721
f 7727 7721 7726
f 7726 7721 7725
f 7725 7721 7724
f 7724 7721 7722
f 7724 7722 7723
f 7733 7734 7736
f 7736 7734 7735
f 7737 7738 7740
f 7740 7738 7739
f 7741 7742 7751
f 7751 7742 7747
f 7751 7747 7750
f 7750 7747 7748
f 7750 7748 7749
f 7742 7743 7747
f 7747 7743 7746
f 7746 7743 7744
f 7746 7744 7745
f 7752 7753 7762
f 7762 7753 7761
f 7761 7753 7760
f 7760 7753 7755
f 7760 7755 7759
f 7759 7755 7756
f 7759 7756 7758
f 7758 7756 7757
f 7753 7754 7755
f 7764 7765 7763
f 7763 7765 7772
f 7772 7765 7766
f 7772 7766 7771
f 7771 7766 7767
f 7771 7767 7770
f 7770 7767 7768
f 7770 7768 7769
f 7774 7775 7773
f 7773 7775 7798
f 7798 7775 7776
f 7798 7776 7777
f 7777 7778 7798
f 7798 7778 7797
f 7797 7778 7796
f 7796 7778 7795
f 7795 7778 7788
f 7795 7788 7794
f 7794 7788 7789
f 7794 7789 7793
f 7793 7789 7792
f 7792 7789 7791
f 7791 7789 7790
f 7778 7779 7788
f 7788 7779 7780
f 7788 7780 7781
f 7788 7781 7786
f 7786 7781 7782
f 7786 7782 7785
f 7785 7782 7783
f 7785 7783 7784
f 7786 7787 7788
f 7799 7800 7810
f 7810 7800 7809
f 7809 7800 7801
f 7809 7801 7808
f 7808 7801 7802
f 7808 7802 7807
f 7807 7802 7803
f 7807 7803 7806
f 7806 7803 7804
f 7806 7804 7805
f 7812 7813 7811
f 7811 7813 7816
f 7811 7816 7817
f 7813 7814 7816
f 7816 7814 7815
f 7811 7817 7820
f 7820 7817 7818
f 7820 7818 7819
f 7811 7820 7830
f 7830 7820 7821
f 7830 7821 7824
f 7824 7821 7822
f 7824 7822 7823
f 7824 7825 7830
f 7830 7825 7828
f 7830 7828 7829
f 7825 7826 7828
f 7828 7826 7827
f 7832 7833 7831
f 7831 7833 7834
f 7835 7836 7838
f 7838 7836 7837
f 7850 7839 7849
f 7849 7839 7840
f 7849 7840 7848
f 7848 7840 7842
f 7848 7842 7847
f 7847 7842 7843
f 7847 7843 7846
f 7846 7843 7845
f 7845 7843 7844
f 7840 7841 7842
f 7852 7853 7851
f 7851 7853 7854
f 7855 7856 7858
f 7858 7856 7857
f 7860 7862 7859
f 7859 7862 7863
f 7859 7863 7869
f 7869 7863 7864
f 7869 7864 7868
f 7868 7864 7865
f 7868 7865 7866
f 7860 7861 7862
f 7866 7867 7868
f 7869 7870 7859
f 7872 7873 7871
f 7871 7873 7874
f 7876 7878 7875
f 7875 7878 7879
f 7875 7879 7885
f 7885 7879 7880
f 7885 7880 7884
f 7884 7880 7881
f 7884 7881 7882
f 7876 7877 7878
f 7882 7883 7884
f 7885 7886 7875
f 7887 7888 7890
f 7890 7888 7889
f 7892 7893 7891
f 7891 7893 7894
f 7896 7897 7895
f 7895 7897 7902
f 7902 7897 7898
f 7902 7898 7901
f 7901 7898 7899
f 7901 7899 7900
f 7904 7905 7903
f 7903 7905 7906
f 7907 7908 7910
f 7910 7908 7909
f 7911 7912 7914
f 7914 7912 7913
f 7916 7917 7915
f 7915 7917 7918
f 7920 7921 7919
f 7919 7921 7922
f 7923 7924 7926
f 7926 7924 7925
f 7928 7929 7927
f 7927 7929 7930
f 7932 7934 7931
f 7931 7934 7935
f 7931 7935 7941
f 7941 7935 7936
f 7941 7936 7940
f 7940 7936 7937
f 7940 7937 7938
f 7932 7933 7934
f 7938 7939 7940
f 7941 7942 7931
f 7943 7944 7946
f 7946 7944 7945
f 7952 7947 7951
f 7951 7947 7948
f 7951 7948 7950
f 7950 7948 7949
f 7954 7955 7953
f 7953 7955 7960
f 7960 7955 7956
f 7960 7956 7959
f 7959 7956 7957
f 7959 7957 7958
f 7966 7961 7965
f 7965 7961 7962
f 7965 7962 7964
f 7964 7962 7963
f 7968 7969 7967
f 7967 7969 7974
f 7974 7969 7970
f 7974 7970 7973
f 7973 7970 7971
f 7973 7971 7972
f 7976 7977 7975
f 7975 7977 7980
f 7980 7977 7978
f 7980 7978 7979
f 7982 7984 7981
f 7981 7984 7985
f 7981 7985 7991
f 7991 7985 7986
f 7991 7986 7990
f 7990 7986 7987
f 7990 7987 7988
f 7982 7983 7984
f 7988 7989 7990
f 7991 7992 7981
f 7994 7995 7993
f 7993 7995 7996
f 7997 7998 8000
f 8000 7998 7999
f 8001 8002 8008
f 8008 8002 8007
f 8007 8002 8003
f 8007 8003 8006
f 8006 8003 8005
f 8005 8003 8004
f 8009 8010 8012
f 8012 8010 8011
f 8024 8013 8023
f 8023 8013 8014
f 8023 8014 8022
f 8022 8014 8016
f 8022 8016 8021
f 8021 8016 8017
f 8021 8017 8020
f 8020 8017 8019
f 8019 8017 8018
f 8014 8015 8016
f 8026 8027 8025
f 8025 8027 8032
f 8032 8027 8028
f 8032 8028 8031
f 8031 8028 8029
f 8031 8029 8030
f 8044 8033 8043
f 8043 8033 8034
f 8043 8034 8042
f 8042 8034 8036
f 8042 8036 8041
f 8041 8036 8037
f 8041 8037 8040
f 8040 8037 8039
f 8039 8037 8038
f 8034 8035 8036
f 8046 8048 8045
f 8045 8048 8049
f 8045 8049 8055
f 8055 8049 8050
f 8055 8050 8054
f 8054 8050 8051
f 8054 8051 8052
f 8046 8047 8048
f 8052 8053 8054
f 8055 8056 8045
f 8058 8059 8057
f 8057 8059 8064
f 8057 8064 8065
f 8064 8059 8063
f 8063 8059 8060
f 8063 8060 8062
f 8062 8060 8061
f 8065 8066 8057
f 8057 8066 8067
f 8069 8070 8068
f 8068 8070 8071
f 8072 8073 8075
f 8075 8073 8074
f 8076 8077 8079
f 8079 8077 8078
f 8080 8081 8099
f 8099 8081 8096
f 8099 8096 8097
f 8082 8092 8081
f 8081 8092 8095
f 8081 8095 8096
f 8083 8084 8082
f 8082 8084 8087
f 8082 8087 8088
f 8084 8085 8087
f 8087 8085 8086
f 8082 8088 8091
f 8091 8088 8089
f 8091 8089 8090
f 8091 8092 8082
f 8092 8093 8095
f 8095 8093 8094
f 8097 8098 8099
f 8101 8102 8100
f 8100 8102 8103
f 8105 8106 8104
f 8104 8106 8115
f 8115 8106 8107
f 8115 8107 8114
f 8114 8107 8108
f 8114 8108 8113
f 8113 8108 8109
f 8113 8109 8112
f 8112 8109 8110
f 8112 8110 8111
f 8117 8118 8116
f 8116 8118 8127
f 8127 8118 8119
f 8127 8119 8126
f 8126 8119 8120
f 8126 8120 8125
f 8125 8120 8121
f 8125 8121 8124
f 8124 8121 8122
f 8124 8122 8123
f 8128 8129 8135
f 8135 8129 8134
f 8134 8129 8130
f 8134 8130 8133
f 8133 8130 8131
f 8133 8131 8132
f 8137 8138 8136
f 8136 8138 8139
f 8141 8142 8140
f 8140 8142 8149
f 8149 8142 8143
f 8149 8143 8148
f 8148 8143 8144
f 8148 8144 8147
f 8147 8144 8145
f 8147 8145 8146
f 8155 8150 8154
f 8154 8150 8151
f 8154 8151 8153
f 8153 8151 8152
f 8161 8156 8160
f 8160 8156 8157
f 8160 8157 8159
f 8159 8157 8158
f 8167 8162 8166
f 8166 8162 8163
f 8166 8163 8165
f 8165 8163 8164
f 8179 8168 8178
f 8178 8168 8169
f 8178 8169 8177
f 8177 8169 8170
f 8177 8170 8176
f 8176 8170 8171
f 8176 8171 8175
f 8175 8171 8172
f 8175 8172 8174
f 8174 8172 8173
f 8180 8181 8183
f 8183 8181 8182
f 8184 8185 8187
f 8187 8185 8186
f 8188 8189 8195
f 8195 8189 8194
f 8194 8189 8190
f 8194 8190 8193
f 8193 8190 8191
f 8193 8191 8192
f 8196 8197 8221
f 8221 8197 8220
f 8220 8197 8198
f 8220 8198 8219
f 8219 8198 8200
f 8219 8200 8218
f 8218 8200 8217
f 8217 8200 8216
f 8216 8200 8207
f 8216 8207 8208
f 8198 8199 8200
f 8207 8200 8206
f 8206 8200 8201
f 8206 8201 8205
f 8205 8201 8204
f 8204 8201 8203
f 8203 8201 8202
f 8208 8209 8216
f 8216 8209 8210
f 8216 8210 8215
f 8215 8210 8214
f 8214 8210 8213
f 8213 8210 8211
f 8213 8211 8212
f 8222 8223 8225
f 8225 8223 8224
f 8227 8228 8226
f 8226 8228 8235
f 8235 8228 8229
f 8235 8229 8234
f 8234 8229 8230
f 8234 8230 8233
f 8233 8230 8231
f 8233 8231 8232
f 8236 8237 8243
f 8243 8237 8242
f 8242 8237 8238
f 8242 8238 8241
f 8241 8238 8239
f 8241 8239 8240
f 8244 8245 8269
f 8269 8245 8268
f 8268 8245 8246
f 8268 8246 8267
f 8267 8246 8248
f 8267 8248 8266
f 8266 8248 8265
f 8265 8248 8264
f 8264 8248 8255
f 8264 8255 8256
f 8246 8247 8248
f 8255 8248 8254
f 8254 8248 8249
f 8254 8249 8253
f 8253 8249 8252
f 8252 8249 8251
f 8251 8249 8250
f 8256 8257 8264
f 8264 8257 8258
f 8264 8258 8263
f 8263 8258 8262
f 8262 8258 8261
f 8261 8258 8259
f 8261 8259 8260
f 8271 8272 8270
f 8270 8272 8279
f 8279 8272 8273
f 8279 8273 8278
f 8278 8273 8274
f 8278 8274 8277
f 8277 8274 8275
f 8277 8275 8276
f 8281 8282 8280
f 8280 8282 8289
f 8289 8282 8283
f 8289 8283 8288
f 8288 8283 8284
f 8288 8284 8287
f 8287 8284 8285
f 8287 8285 8286
f 8290 8291 8293
f 8293 8291 8292
f 8294 8295 8297
f 8297 8295 8296
f 8299 8300 8298
f 8298 8300 8301
f 8302 8303 8307
f 8307 8303 8306
f 8306 8303 8304
f 8306 8304 8305
f 8308 8309 8313
f 8313 8309 8312
f 8312 8309 8310
f 8312 8310 8311
f 8315 8316 8314
f 8314 8316 8325
f 8325 8316 8317
f 8325 8317 8324
f 8324 8317 8318
f 8324 8318 8323
f 8323 8318 8319
f 8323 8319 8322
f 8322 8319 8320
f 8322 8320 8321
f 8327 8328 8326
f 8326 8328 8329
f 8326 8329 8351
f 8351 8329 8330
f 8351 8330 8349
f 8349 8330 8331
f 8349 8331 8332
f 8332 8333 8349
f 8349 8333 8342
f 8349 8342 8343
f 8334 8339 8333
f 8333 8339 8340
f 8333 8340 8341
f 8334 8335 8339
f 8339 8335 8336
f 8339 8336 8338
f 8338 8336 8337
f 8341 8342 8333
f 8349 8343 8348
f 8348 8343 8344
f 8348 8344 8345
f 8345 8346 8348
f 8348 8346 8347
f 8349 8350 8351
f 8353 8355 8352
f 8352 8355 8356
f 8352 8356 8362
f 8362 8356 8357
f 8362 8357 8361
f 8361 8357 8358
f 8361 8358 8359
f 8353 8354 8355
f 8359 8360 8361
f 8362 8363 8352
f 8365 8366 8364
f 8364 8366 8367
f 8369 8370 8368
f 8368 8370 8371
f 8372 8373 8375
f 8375 8373 8374
f 8377 8378 8376
f 8376 8378 8387
f 8387 8378 8379
f 8387 8379 8386
f 8386 8379 8380
f 8386 8380 8385
f 8385 8380 8381
f 8385 8381 8384
f 8384 8381 8382
f 8384 8382 8383
f 8388 8389 8400
f 8400 8389 8399
f 8399 8389 8393
f 8399 8393 8394
f 8390 8391 8389
f 8389 8391 8392
f 8389 8392 8393
f 8399 8394 8398
f 8398 8394 8395
f 8398 8395 8396
f 8396 8397 8398
f 8401 8402 8404
f 8404 8402 8403
f 8405 8406 8408
f 8408 8406 8407
f 8410 8411 8409
f 8409 8411 8412
f 8413 8414 8416
f 8416 8414 8415
f 8418 8419 8417
f 8417 8419 8424
f 8424 8419 8420
f 8424 8420 8423
f 8423 8420 8421
f 8423 8421 8422
f 8426 8427 8425
f 8425 8427 8432
f 8432 8427 8428
f 8432 8428 8431
f 8431 8428 8429
f 8431 8429 8430
f 8433 8434 8438
f 8438 8434 8437
f 8437 8434 8435
f 8437 8435 8436
f 8440 8453 8439
f 8439 8453 8454
f 8439 8454 8455
f 8453 8440 8451
f 8451 8440 8441
f 8451 8441 8450
f 8450 8441 8442
f 8450 8442 8443
f 8444 8448 8443
f 8443 8448 8449
f 8443 8449 8450
f 8444 8445 8448
f 8448 8445 8446
f 8448 8446 8447
f 8451 8452 8453
f 8439 8455 8461
f 8461 8455 8456
f 8461 8456 8460
f 8460 8456 8457
f 8460 8457 8458
f 8458 8459 8460
f 8462 8464 8461
f 8461 8464 8465
f 8461 8465 8466
f 8462 8463 8464
f 8466 8467 8461
f 8461 8467 8439
f 8469 8470 8468
f 8468 8470 8479
f 8479 8470 8471
f 8479 8471 8478
f 8478 8471 8472
f 8478 8472 8477
f 8477 8472 8473
f 8477 8473 8476
f 8476 8473 8474
f 8476 8474 8475
f 8481 8482 8480
f 8480 8482 8483
f 8484 8485 8487
f 8487 8485 8486
f 8488 8489 8491
f 8491 8489 8490
f 8492 8493 8495
f 8495 8493 8494
f 8506 8496 8501
f 8501 8496 8497
f 8501 8497 8500
f 8500 8497 8499
f 8499 8497 8498
f 8501 8502 8506
f 8506 8502 8505
f 8505 8502 8503
f 8505 8503 8504
f 8508 8509 8507
f 8507 8509 8510
f 8511 8512 8527
f 8527 8512 8513
f 8527 8513 8526
f 8526 8513 8514
f 8526 8514 8525
f 8525 8514 8515
f 8525 8515 8519
f 8519 8515 8518
f 8518 8515 8517
f 8517 8515 8516
f 8519 8520 8525
f 8525 8520 8522
f 8525 8522 8523
f 8520 8521 8522
f 8523 8524 8525
f 8529 8530 8528
f 8528 8530 8539
f 8539 8530 8531
f 8539 8531 8538
f 8538 8531 8532
f 8538 8532 8537
f 8537 8532 8533
f 8537 8533 8536
f 8536 8533 8534
f 8536 8534 8535
f 8540 8541 8543
f 8543 8541 8542
f 8544 8545 8547
f 8547 8545 8546
f 8548 8549 8553
f 8553 8549 8552
f 8552 8549 8550
f 8552 8550 8551
f 8554 8555 8557
f 8557 8555 8556
f 8558 8559 8561
f 8561 8559 8560
f 8563 8564 8562
f 8562 8564 8569
f 8569 8564 8565
f 8569 8565 8568
f 8568 8565 8566
f 8568 8566 8567
f 8570 8571 8573
f 8573 8571 8572
f 8575 8576 8574
f 8574 8576 8581
f 8581 8576 8577
f 8581 8577 8580
f 8580 8577 8578
f 8580 8578 8579
f 8582 8583 8585
f 8585 8583 8584
f 8587 8588 8586
f 8586 8588 8593
f 8593 8588 8589
f 8593 8589 8592
f 8592 8589 8590
f 8592 8590 8591
f 8595 8596 8594
f 8594 8596 8601
f 8601 8596 8597
f 8601 8597 8600
f 8600 8597 8598
f 8600 8598 8599
f 8603 8604 8602
f 8602 8604 8609
f 8609 8604 8605
f 8609 8605 8608
f 8608 8605 8606
f 8608 8606 8607
f 8610 8611 8626
f 8626 8611 8612
f 8626 8612 8625
f 8625 8612 8613
f 8625 8613 8624
f 8624 8613 8614
f 8624 8614 8618
f 8618 8614 8617
f 8617 8614 8616
f 8616 8614 8615
f 8618 8619 8624
f 8624 8619 8621
f 8624 8621 8622
f 8619 8620 8621
f 8622 8623 8624
f 8627 8628 8630
f 8630 8628 8629
f 8642 8631 8641
f 8641 8631 8632
f 8641 8632 8640
f 8640 8632 8634
f 8640 8634 8639
f 8639 8634 8635
f 8639 8635 8638
f 8638 8635 8637
f 8637 8635 8636
f 8632 8633 8634
f 8643 8644 8668
f 8668 8644 8667
f 8667 8644 8645
f 8667 8645 8666
f 8666 8645 8647
f 8666 8647 8665
f 8665 8647 8664
f 8664 8647 8663
f 8663 8647 8654
f 8663 8654 8655
f 8645 8646 8647
f 8654 8647 8653
f 8653 8647 8648
f 8653 8648 8652
f 8652 8648 8651
f 8651 8648 8650
f 8650 8648 8649
f 8655 8656 8663
f 8663 8656 8657
f 8663 8657 8662
f 8662 8657 8661
f 8661 8657 8660
f 8660 8657 8658
f 8660 8658 8659
f 8669 8670 8672
f 8672 8670 8671
f 8674 8675 8673
f 8673 8675 8680
f 8680 8675 8676
f 8680 8676 8679
f 8679 8676 8677
f 8679 8677 8678
f 8681 8682 8684
f 8684 8682 8683
f 8685 8686 8688
f 8688 8686 8687
f 8689 8690 8692
f 8692 8690 8691
f 8694 8695 8693
f 8693 8695 8700
f 8700 8695 8696
f 8700 8696 8699
f 8699 8696 8697
f 8699 8697 8698
f 8702 8703 8701
f 8701 8703 8708
f 8708 8703 8704
f 8708 8704 8707
f 8707 8704 8705
f 8707 8705 8706
f 8709 8710 8712
f 8712 8710 8711
f 8714 8715 8713
f 8713 8715 8716
f 8713 8716 8722
f 8722 8716 8721
f 8721 8716 8717
f 8721 8717 8720
f 8720 8717 8719
f 8719 8717 8718
f 8722 8723 8713
f 8713 8723 8724
f 8713 8724 8725
f 8726 8727 8729
f 8729 8727 8728
f 8741 8730 8740
f 8740 8730 8731
f 8740 8731 8739
f 8739 8731 8733
f 8739 8733 8738
f 8738 8733 8734
f 8738 8734 8737
f 8737 8734 8736
f 8736 8734 8735
f 8731 8732 8733
f 8752 8742 8751
f 8751 8742 8743
f 8751 8743 8744
f 8745 8746 8744
f 8744 8746 8750
f 8744 8750 8751
f 8746 8747 8750
f 8750 8747 8749
f 8749 8747 8748
f 8754 8755 8753
f 8753 8755 8756
f 8757 8758 8778
f 8778 8758 8777
f 8777 8758 8776
f 8776 8758 8759
f 8776 8759 8766
f 8766 8759 8760
f 8766 8760 8761
f 8761 8762 8766
f 8766 8762 8765
f 8765 8762 8763
f 8765 8763 8764
f 8767 8768 8766
f 8766 8768 8773
f 8766 8773 8774
f 8773 8768 8772
f 8772 8768 8769
f 8772 8769 8771
f 8771 8769 8770
f 8774 8775 8766
f 8766 8775 8776
f 8780 8792 8779
f 8779 8792 8794
f 8779 8794 8804
f 8804 8794 8795
f 8804 8795 8803
f 8803 8795 8802
f 8802 8795 8796
f 8802 8796 8797
f 8781 8784 8780
f 8780 8784 8790
f 8780 8790 8791
f 8782 8783 8781
f 8781 8783 8784
f 8790 8784 8789
f 8789 8784 8785
f 8789 8785 8788
f 8788 8785 8787
f 8787 8785 8786
f 8791 8792 8780
f 8792 8793 8794
f 8798 8799 8797
f 8797 8799 8800
f 8797 8800 8801
f 8801 8802 8797
f 8805 8806 8808
f 8808 8806 8807
f 8809 8810 8812
f 8812 8810 8811
f 8814 8815 8813
f 8813 8815 8820
f 8820 8815 8816
f 8820 8816 8819
f 8819 8816 8817
f 8819 8817 8818
f 8822 8823 8821
f 8821 8823 8824
f 8821 8824 8830
f 8830 8824 8829
f 8829 8824 8825
f 8829 8825 8828
f 8828 8825 8827
f 8827 8825 8826
f 8830 8831 8821
f 8821 8831 8832
f 8821 8832 8833
f 8835 8839 8834
f 8834 8839 8843
f 8834 8843 8844
f 8839 8835 8838
f 8838 8835 8836
f 8838 8836 8837
f 8843 8839 8842
f 8842 8839 8840
f 8842 8840 8841
f 8845 8846 8866
f 8866 8846 8865
f 8865 8846 8864
f 8864 8846 8847
f 8864 8847 8854
f 8854 8847 8848
f 8854 8848 8849
f 8849 8850 8854
f 8854 8850 8853
f 8853 8850 8851
f 8853 8851 8852
f 8855 8856 8854
f 8854 8856 8861
f 8854 8861 8862
f 8861 8856 8860
f 8860 8856 8857
f 8860 8857 8859
f 8859 8857 8858
f 8862 8863 8854
f 8854 8863 8864
f 8867 8868 8895
f 8895 8868 8894
f 8894 8868 8869
f 8894 8869 8870
f 8870 8871 8894
f 8894 8871 8872
f 8894 8872 8888
f 8888 8872 8887
f 8887 8872 8886
f 8886 8872 8873
f 8886 8873 8884
f 8884 8873 8874
f 8884 8874 8883
f 8883 8874 8875
f 8883 8875 8876
f 8877 8881 8876
f 8876 8881 8882
f 8876 8882 8883
f 8877 8878 8881
f 8881 8878 8879
f 8881 8879 8880
f 8884 8885 8886
f 8888 8889 8894
f 8894 8889 8893
f 8893 8889 8890
f 8893 8890 8891
f 8891 8892 8893
f 8897 8898 8896
f 8896 8898 8899
f 8896 8899 8900
f 8896 8900 8906
f 8906 8900 8901
f 8906 8901 8905
f 8905 8901 8902
f 8905 8902 8903
f 8903 8904 8905
f 8906 8907 8896
f 8896 8907 8908
f 8909 8910 8916
f 8916 8910 8915
f 8915 8910 8911
f 8915 8911 8914
f 8914 8911 8912
f 8914 8912 8913
f 8917 8918 8920
f 8920 8918 8919
f 8922 8923 8921
f 8921 8923 8924
f 8921 8924 8946
f 8946 8924 8925
f 8946 8925 8944
f 8944 8925 8926
f 8944 8926 8927
f 8927 8928 8944
f 8944 8928 8937
f 8944 8937 8938
f 8929 8934 8928
f 8928 8934 8935
f 8928 8935 8936
f 8929 8930 8934
f 8934 8930 8931
f 8934 8931 8933
f 8933 8931 8932
f 8936 8937 8928
f 8944 8938 8943
f 8943 8938 8939
f 8943 8939 8940
f 8940 8941 8943
f 8943 8941 8942
f 8944 8945 8946
f 8948 8949 8947
f 8947 8949 8950
f 8952 8953 8951
f 8951 8953 8958
f 8958 8953 8954
f 8958 8954 8957
f 8957 8954 8955
f 8957 8955 8956
f 8960 8962 8959
f 8959 8962 8963
f 8959 8963 8969
f 8969 8963 8964
f 8969 8964 8968
f 8968 8964 8965
f 8968 8965 8966
f 8960 8961 8962
f 8966 8967 8968
f 8969 8970 8959
f 8971 8972 8996
f 8996 8972 8995
f 8995 8972 8973
f 8995 8973 8994
f 8994 8973 8975
f 8994 8975 8993
f 8993 8975 8992
f 8992 8975 8991
f 8991 8975 8982
f 8991 8982 8983
f 8973 8974 8975
f 8982 8975 8981
f 8981 8975 8976
f 8981 8976 8980
f 8980 8976 8979
f 8979 8976 8978
f 8978 8976 8977
f 8983 8984 8991
f 8991 8984 8985
f 8991 8985 8990
f 8990 8985 8989
f 8989 8985 8988
f 8988 8985 8986
f 8988 8986 8987
f 8997 8998 9000
f 9000 8998 8999
f 9001 9002 9004
f 9004 9002 9003
f 9005 9006 9008
f 9008 9006 9007
f 9009 9010 9012
f 9012 9010 9011
f 9013 9014 9016
f 9016 9014 9015
f 9018 9019 9017
f 9017 9019 9020
f 9017 9020 9042
f 9042 9020 9021
f 9042 9021 9040
f 9040 9021 9022
f 9040 9022 9023
f 9023 9024 9040
f 9040 9024 9033
f 9040 9033 9034
f 9025 9030 9024
f 9024 9030 9031
f 9024 9031 9032
f 9025 9026 9030
f 9030 9026 9027
f 9030 9027 9029
f 9029 9027 9028
f 9032 9033 9024
f 9040 9034 9039
f 9039 9034 9035
f 9039 9035 9036
f 9036 9037 9039
f 9039 9037 9038
f 9040 9041 9042
f 9054 9043 9053
f 9053 9043 9044
f 9053 9044 9052
f 9052 9044 9045
f 9052 9045 9051
f 9051 9045 9046
f 9051 9046 9050
f 9050 9046 9047
f 9050 9047 9049
f 9049 9047 9048
f 9056 9057 9055
f 9055 9057 9066
f 9066 9057 9058
f 9066 9058 9065
f 9065 9058 9059
f 9065 9059 9064
f 9064 9059 9060
f 9064 9060 9063
f 9063 9060 9061
f 9063 9061 9062
f 9068 9069 9067
f 9067 9069 9070
f 9067 9070 9092
f 9092 9070 9071
f 9092 9071 9090
f 9090 9071 9072
f 9090 9072 9073
f 9073 9074 9090
f 9090 9074 9083
f 9090 9083 9084
f 9075 9080 9074
f 9074 9080 9081
f 9074 9081 9082
f 9075 9076 9080
f 9080 9076 9077
f 9080 9077 9079
f 9079 9077 9078
f 9082 9083 9074
f 9090 9084 9089
f 9089 9084 9085
f 9089 9085 9086
f 9086 9087 9089
f 9089 9087 9088
f 9090 9091 9092
f 9094 9095 9093
f 9093 9095 9104
f 9104 9095 9096
f 9104 9096 9103
f 9103 9096 9097
f 9103 9097 9102
f 9102 9097 9098
f 9102 9098 9101
f 9101 9098 9099
f 9101 9099 9100
f 9105 9106 9110
f 9110 9106 9109
f 9109 9106 9107
f 9109 9107 9108
f 9111 9112 9118
f 9118 9112 9117
f 9117 9112 9113
f 9117 9113 9116
f 9116 9113 9114
f 9116 9114 9115
f 9120 9121 9119
f 9119 9121 9122
f 9119 9122 9144
f 9144 9122 9123
f 9144 9123 9142
f 9142 9123 9124
f 9142 9124 9125
f 9125 9126 9142
f 9142 9126 9135
f 9142 9135 9136
f 9127 9132 9126
f 9126 9132 9133
f 9126 9133 9134
f 9127 9128 9132
f 9132 9128 9129
f 9132 9129 9131
f 9131 9129 9130
f 9134 9135 9126
f 9142 9136 9141
f 9141 9136 9137
f 9141 9137 9138
f 9138 9139 9141
f 9141 9139 9140
f 9142 9143 9144
f 9145 9146 9148
f 9148 9146 9147
f 9150 9151 9149
f 9149 9151 9158
f 9158 9151 9152
f 9158 9152 9157
f 9157 9152 9153
f 9157 9153 9156
f 9156 9153 9154
f 9156 9154 9155
f 9159 9160 9162
f 9162 9160 9161
f 9163 9164 9166
f 9166 9164 9165
f 9168 9169 9167
f 9167 9169 9173
f 9167 9173 9174
f 9169 9170 9173
f 9173 9170 9172
f 9172 9170 9171
f 9175 9176 9174
f 9174 9176 9177
f 9174 9177 9167
f 9179 9180 9178
f 9178 9180 9181
f 9178 9181 9203
f 9203 9181 9182
f 9203 9182 9201
f 9201 9182 9183
f 9201 9183 9184
f 9184 9185 9201
f 9201 9185 9194
f 9201 9194 9195
f 9186 9191 9185
f 9185 9191 9192
f 9185 9192 9193
f 9186 9187 9191
f 9191 9187 9188
f 9191 9188 9190
f 9190 9188 9189
f 9193 9194 9185
f 9201 9195 9200
f 9200 9195 9196
f 9200 9196 9197
f 9197 9198 9200
f 9200 9198 9199
f 9201 9202 9203
f 9205 9206 9204
f 9204 9206 9213
f 9213 9206 9207
f 9213 9207 9212
f 9212 9207 9208
f 9212 9208 9211
f 9211 9208 9209
f 9211 9209 9210
f 9215 9216 9214
f 9214 9216 9217
f 9218 9219 9221
f 9221 9219 9220
f 9222 9223 9227
f 9227 9223 9226
f 9226 9223 9224
f 9226 9224 9225
f 9229 9230 9228
f 9228 9230 9231
f 9228 9231 9253
f 9253 9231 9232
f 9253 9232 9251
f 9251 9232 9233
f 9251 9233 9234
f 9234 9235 9251
f 9251 9235 9244
f 9251 9244 9245
f 9236 9241 9235
f 9235 9241 9242
f 9235 9242 9243
f 9236 9237 9241
f 9241 9237 9238
f 9241 9238 9240
f 9240 9238 9239
f 9243 9244 9235
f 9251 9245 9250
f 9250 9245 9246
f 9250 9246 9247
f 9247 9248 9250
f 9250 9248 9249
f 9251 9252 9253
f 9255 9256 9254
f 9254 9256 9257
f 9258 9259 9283
f 9283 9259 9282
f 9282 9259 9260
f 9282 9260 9281
f 9281 9260 9262
f 9281 9262 9280
f 9280 9262 9279
f 9279 9262 9278
f 9278 9262 9269
f 9278 9269 9270
f 9260 9261 9262
f 9269 9262 9268
f 9268 9262 9263
f 9268 9263 9267
f 9267 9263 9266
f 9266 9263 9265
f 9265 9263 9264
f 9270 9271 9278
f 9278 9271 9272
f 9278 9272 9277
f 9277 9272 9276
f 9276 9272 9275
f 9275 9272 9273
f 9275 9273 9274
f 9284 9285 9287
f 9287 9285 9286
f 9309 9288 9294
f 9294 9288 9289
f 9294 9289 9290
f 9294 9290 9293
f 9293 9290 9291
f 9293 9291 9292
f 9295 9296 9294
f 9294 9296 9301
f 9294 9301 9302
f 9301 9296 9300
f 9300 9296 9297
f 9300 9297 9299
f 9299 9297 9298
f 9302 9303 9294
f 9294 9303 9304
f 9294 9304 9309
f 9309 9304 9308
f 9308 9304 9305
f 9308 9305 9306
f 9306 9307 9308
f 9311 9312 9310
f 9310 9312 9313
f 9314 9315 9317
f 9317 9315 9316
f 9318 9319 9321
f 9321 9319 9320
f 9323 9325 9322
f 9322 9325 9326
f 9322 9326 9332
f 9332 9326 9327
f 9332 9327 9331
f 9331 9327 9328
f 9331 9328 9329
f 9323 9324 9325
f 9329 9330 9331
f 9332 9333 9322
f 9334 9335 9337
f 9337 9335 9336
f 9338 9339 9341
f 9341 9339 9340
f 9363 9342 9348
f 9348 9342 9343
f 9348 9343 9344
f 9348 9344 9347
f 9347 9344 9345
f 9347 9345 9346
f 9349 9350 9348
f 9348 9350 9355
f 9348 9355 9356
f 9355 9350 9354
f 9354 9350 9351
f 9354 9351 9353
f 9353 9351 9352
f 9356 9357 9348
f 9348 9357 9358
f 9348 9358 9363
f 9363 9358 9362
f 9362 9358 9359
f 9362 9359 9360
f 9360 9361 9362
f 9364 9365 9367
f 9367 9365 9366
f 9379 9368 9378
f 9378 9368 9369
f 9378 9369 9377
f 9377 9369 9371
f 9377 9371 9376
f 9376 9371 9372
f 9376 9372 9375
f 9375 9372 9374
f 9374 9372 9373
f 9369 9370 9371
f 9380 9381 9401
f 9401 9381 9400
f 9400 9381 9382
f 9400 9382 9399
f 9399 9382 9398
f 9398 9382 9383
f 9398 9383 9397
f 9397 9383 9384
f 9397 9384 9396
f 9396 9384 9385
f 9396 9385 9395
f 9395 9385 9394
f 9394 9385 9386
f 9394 9386 9393
f 9393 9386 9387
f 9393 9387 9392
f 9392 9387 9391
f 9391 9387 9388
f 9391 9388 9390
f 9390 9388 9389
f 9403 9406 9402
f 9402 9406 9412
f 9402 9412 9413
f 9404 9405 9403
f 9403 9405 9406
f 9412 9406 9411
f 9411 9406 9407
f 9411 9407 9410
f 9410 9407 9409
f 9409 9407 9408
f 9413 9414 9402
f 9402 9414 9427
f 9427 9414 9416
f 9427 9416 9426
f 9426 9416 9417
f 9426 9417 9425
f 9425 9417 9424
f 9424 9417 9418
f 9424 9418 9419
f 9414 9415 9416
f 9420 9421 9419
f 9419 9421 9422
f 9419 9422 9423
f 9423 9424 9419
f 9429 9430 9428
f 9428 9430 9431
f 9433 9434 9432
f 9432 9434 9439
f 9439 9434 9435
f 9439 9435 9438
f 9438 9435 9436
f 9438 9436 9437
f 9440 9441 9445
f 9445 9441 9444
f 9444 9441 9442
f 9444 9442 9443
f 9447 9448 9446
f 9446 9448 9457
f 9457 9448 9449
f 9457 9449 9456
f 9456 9449 9450
f 9456 9450 9455
f 9455 9450 9451
f 9455 9451 9454
f 9454 9451 9452
f 9454 9452 9453
f 9459 9460 9458
f 9458 9460 9461
f 9463 9464 9462
f 9462 9464 9465
f 9466 9467 9469
f 9469 9467 9468
f 9471 9472 9470
f 9470 9472 9475
f 9475 9472 9473
f 9475 9473 9474
f 9477 9479 9476
f 9476 9479 9480
f 9476 9480 9486
f 9486 9480 9481
f 9486 9481 9485
f 9485 9481 9482
f 9485 9482 9483
f 9477 9478 9479
f 9483 9484 9485
f 9486 9487 9476
f 9489 9491 9488
f 9488 9491 9492
f 9488 9492 9498
f 9498 9492 9493
f 9498 9493 9497
f 9497 9493 9494
f 9497 9494 9495
f 9489 9490 9491
f 9495 9496 9497
f 9498 9499 9488
f 9501 9502 9500
f 9500 9502 9503
f 9500 9503 9504
f 9500 9504 9511
f 9511 9504 9505
f 9511 9505 9509
f 9509 9505 9506
f 9509 9506 9508
f 9508 9506 9507
f 9509 9510 9511
f 9512 9513 9515
f 9515 9513 9514
f 9527 9516 9526
f 9526 9516 9517
f 9526 9517 9525
f 9525 9517 9519
f 9525 9519 9524
f 9524 9519 9520
f 9524 9520 9523
f 9523 9520 9522
f 9522 9520 9521
f 9517 9518 9519
f 9529 9530 9528
f 9528 9530 9531
f 9533 9534 9532
f 9532 9534 9541
f 9541 9534 9535
f 9541 9535 9540
f 9540 9535 9536
f 9540 9536 9539
f 9539 9536 9537
f 9539 9537 9538
f 9542 9543 9545
f 9545 9543 9544
f 9546 9547 9549
f 9549 9547 9548
f 9551 9552 9550
f 9550 9552 9557
f 9557 9552 9553
f 9557 9553 9556
f 9556 9553 9554
f 9556 9554 9555
f 9559 9560 9558
f 9558 9560 9561
f 9562 9563 9565
f 9565 9563 9564
f 9577 9566 9576
f 9576 9566 9567
f 9576 9567 9575
f 9575 9567 9569
f 9575 9569 9574
f 9574 9569 9570
f 9574 9570 9573
f 9573 9570 9572
f 9572 9570 9571
f 9567 9568 9569
f 9579 9580 9578
f 9578 9580 9581
f 9583 9584 9582
f 9582 9584 9585
f 9586 9587 9589
f 9589 9587 9588
f 9590 9591 9593
f 9593 9591 9592
f 9605 9594 9604
f 9604 9594 9595
f 9604 9595 9603
f 9603 9595 9597
f 9603 9597 9602
f 9602 9597 9598
f 9602 9598 9601
f 9601 9598 9600
f 9600 9598 9599
f 9595 9596 9597
f 9607 9608 9606
f 9606 9608 9609
f 9606 9609 9631
f 9631 9609 9610
f 9631 9610 9629
f 9629 9610 9611
f 9629 9611 9612
f 9612 9613 9629
f 9629 9613 9622
f 9629 9622 9623
f 9614 9619 9613
f 9613 9619 9620
f 9613 9620 9621
f 9614 9615 9619
f 9619 9615 9616
f 9619 9616 9618
f 9618 9616 9617
f 9621 9622 9613
f 9629 9623 9628
f 9628 9623 9624
f 9628 9624 9625
f 9625 9626 9628
f 9628 9626 9627
f 9629 9630 9631
f 9632 9633 9635
f 9635 9633 9634
f 9637 9638 9636
f 9636 9638 9643
f 9636 9643 9644
f 9643 9638 9642
f 9642 9638 9639
f 9642 9639 9641
f 9641 9639 9640
f 9644 9645 9636
f 9636 9645 9646
f 9648 9652 9647
f 9647 9652 9656
f 9647 9656 9657
f 9652 9648 9651
f 9651 9648 9649
f 9651 9649 9650
f 9656 9652 9655
f 9655 9652 9653
f 9655 9653 9654
f 9658 9659 9661
f 9661 9659 9660
f 9663 9664 9662
f 9662 9664 9665
f 9667 9668 9666
f 9666 9668 9669
f 9670 9671 9673
f 9673 9671 9672
f 9675 9677 9674
f 9674 9677 9678
f 9674 9678 9684
f 9684 9678 9679
f 9684 9679 9683
f 9683 9679 9680
f 9683 9680 9681
f 9675 9676 9677
f 9681 9682 9683
f 9684 9685 9674
f 9687 9688 9686
f 9686 9688 9692
f 9686 9692 9693
f 9688 9689 9692
f 9692 9689 9691
f 9691 9689 9690
f 9694 9695 9693
f 9693 9695 9696
f 9693 9696 9686
f 9697 9698 9704
f 9704 9698 9703
f 9703 9698 9699
f 9703 9699 9702
f 9702 9699 9701
f 9701 9699 9700
f 9706 9707 9705
f 9705 9707 9708
f 9709 9710 9712
f 9712 9710 9711
f 9713 9714 9716
f 9716 9714 9715
f 9718 9719 9717
f 9717 9719 9720
f 9717 9720 9721
f 9717 9721 9726
f 9726 9721 9722
f 9726 9722 9725
f 9725 9722 9723
f 9725 9723 9724
f 9726 9727 9717
f 9728 9729 9731
f 9731 9729 9730
f 9733 9734 9732
f 9732 9734 9735
f 9736 9737 9739
f 9739 9737 9738
f 9751 9740 9750
f 9750 9740 9741
f 9750 9741 9749
f 9749 9741 9742
f 9749 9742 9748
f 9748 9742 9743
f 9748 9743 9747
f 9747 9743 9744
f 9747 9744 9746
f 9746 9744 9745
f 9753 9754 9752
f 9752 9754 9755
f 9752 9755 9777
f 9777 9755 9756
f 9777 9756 9775
f 9775 9756 9757
f 9775 9757 9758
f 9758 9759 9775
f 9775 9759 9768
f 9775 9768 9769
f 9760 9765 9759
f 9759 9765 9766
f 9759 9766 9767
f 9760 9761 9765
f 9765 9761 9762
f 9765 9762 9764
f 9764 9762 9763
f 9767 9768 9759
f 9775 9769 9774
f 9774 9769 9770
f 9774 9770 9771
f 9771 9772 9774
f 9774 9772 9773
f 9775 9776 9777
f 9778 9779 9785
f 9785 9779 9784
f 9784 9779 9780
f 9784 9780 9783
f 9783 9780 9781
f 9783 9781 9782
f 9787 9788 9786
f 9786 9788 9789
f 9791 9792 9790
f 9790 9792 9799
f 9799 9792 9793
f 9799 9793 9798
f 9798 9793 9794
f 9798 9794 9797
f 9797 9794 9795
f 9797 9795 9796
f 9800 9801 9803
f 9803 9801 9802
f 9804 9805 9807
f 9807 9805 9806
f 9808 9809 9811
f 9811 9809 9810
f 9812 9813 9815
f 9815 9813 9814
f 9817 9818 9816
f 9816 9818 9827
f 9827 9818 9819
f 9827 9819 9826
f 9826 9819 9820
f 9826 9820 9825
f 9825 9820 9821
f 9825 9821 9824
f 9824 9821 9822
f 9824 9822 9823
f 9828 9829 9853
f 9853 9829 9852
f 9852 9829 9830
f 9852 9830 9851
f 9851 9830 9832
f 9851 9832 9850
f 9850 9832 9849
f 9849 9832 9848
f 9848 9832 9839
f 9848 9839 9840
f 9830 9831 9832
f 9839 9832 9838
f 9838 9832 9833
f 9838 9833 9837
f 9837 9833 9836
f 9836 9833 9835
f 9835 9833 9834
f 9840 9841 9848
f 9848 9841 9842
f 9848 9842 9847
f 9847 9842 9846
f 9846 9842 9845
f 9845 9842 9843
f 9845 9843 9844
f 9855 9856 9854
f 9854 9856 9857
f 9854 9857 9861
f 9861 9857 9858
f 9861 9858 9859
f 9859 9860 9861
f 9862 9863 9887
f 9887 9863 9886
f 9886 9863 9864
f 9886 9864 9885
f 9885 9864 9866
f 9885 9866 9884
f 9884 9866 9883
f 9883 9866 9882
f 9882 9866 9873
f 9882 9873 9874
f 9864 9865 9866
f 9873 9866 9872
f 9872 9866 9867
f 9872 9867 9871
f 9871 9867 9870
f 9870 9867 9869
f 9869 9867 9868
f 9874 9875 9882
f 9882 9875 9876
f 9882 9876 9881
f 9881 9876 9880
f 9880 9876 9879
f 9879 9876 9877
f 9879 9877 9878
f 9888 9889 9891
f 9891 9889 9890
f 9893 9894 9892
f 9892 9894 9903
f 9903 9894 9895
f 9903 9895 9902
f 9902 9895 9896
f 9902 9896 9901
f 9901 9896 9897
f 9901 9897 9900
f 9900 9897 9898
f 9900 9898 9899
f 9904 9905 9929
f 9929 9905 9906
f 9929 9906 9928
f 9928 9906 9927
f 9927 9906 9926
f 9926 9906 9907
f 9926 9907 9908
f 9908 9909 9926
f 9926 9909 9916
f 9926 9916 9925
f 9925 9916 9924
f 9924 9916 9923
f 9923 9916 9918
f 9923 9918 9922
f 9922 9918 9919
f 9922 9919 9921
f 9921 9919 9920
f 9909 9910 9916
f 9916 9910 9915
f 9915 9910 9911
f 9915 9911 9912
f 9912 9913 9915
f 9915 9913 9914
f 9916 9917 9918
f 9931 9932 9930
f 9930 9932 9933
f 9930 9933 9937
f 9937 9933 9934
f 9937 9934 9935
f 9935 9936 9937
f 9938 9939 9941
f 9941 9939 9940
f 9943 9944 9942
f 9942 9944 9945
f 9946 9947 9958
f 9958 9947 9957
f 9957 9947 9956
f 9956 9947 9950
f 9956 9950 9955
f 9955 9950 9951
f 9955 9951 9954
f 9954 9951 9953
f 9953 9951 9952
f 9948 9949 9947
f 9947 9949 9950
f 9960 9961 9959
f 9959 9961 9962
f 9963 9964 9966
f 9966 9964 9965
f 9967 9968 9970
f 9970 9968 9969
f 9972 9973 9971
f 9971 9973 9974
f 9971 9974 9975
f 9976 9985 9975
f 9975 9985 9992
f 9975 9992 9971
f 9976 9977 9985
f 9985 9977 9978
f 9985 9978 9983
f 9983 9978 9979
f 9983 9979 9982
f 9982 9979 9980
f 9982 9980 9981
f 9983 9984 9985
f 9986 9989 9985
f 9985 9989 9990
f 9985 9990 9991
f 9987 9988 9986
f 9986 9988 9989
f 9991 9992 9985
f 9994 9995 9993
f 9993 9995 9996
f 9998 9999 9997
f 9997 9999 10000
f 10002 10003 10001
f 10001 10003 10006
f 10001 10006 10007
f 10003 10004 10006
f 10006 10004 10005
f 10001 10007 10010
f 10010 10007 10008
f 10010 10008 10009
f 10001 10010 10020
f 10020 10010 10011
f 10020 10011 10014
f 10014 10011 10012
f 10014 10012 10013
f 10014 10015 10020
f 10020 10015 10018
f 10020 10018 10019
f 10015 10016 10018
f 10018 10016 10017
f 10022 10023 10021
f 10021 10023 10024
f 10025 10026 10042
f 10042 10026 10041
f 10041 10026 10040
f 10040 10026 10033
f 10040 10033 10034
f 10026 10027 10033
f 10033 10027 10032
f 10032 10027 10031
f 10031 10027 10028
f 10031 10028 10029
f 10029 10030 10031
f 10035 10036 10034
f 10034 10036 10037
f 10034 10037 10038
f 10038 10039 10034
f 10034 10039 10040
f 10043 10044 10046
f 10046 10044 10045
f 10047 10048 10050
f 10050 10048 10049
f 10072 10051 10057
f 10057 10051 10052
f 10057 10052 10053
f 10057 10053 10056
f 10056 10053 10054
f 10056 10054 10055
f 10058 10059 10057
f 10057 10059 10064
f 10057 10064 10065
f 10064 10059 10063
f 10063 10059 10060
f 10063 10060 10062
f 10062 10060 10061
f 10065 10066 10057
f 10057 10066 10067
f 10057 10067 10072
f 10072 10067 10071
f 10071 10067 10068
f 10071 10068 10069
f 10069 10070 10071
f 10073 10074 10076
f 10076 10074 10075
f 10077 10078 10080
f 10080 10078 10079
f 10082 10083 10081
f 10081 10083 10088
f 10088 10083 10084
f 10088 10084 10087
f 10087 10084 10085
f 10087 10085 10086
f 10090 10091 10089
f 10089 10091 10096
f 10096 10091 10092
f 10096 10092 10095
f 10095 10092 10093
f 10095 10093 10094
f 10098 10099 10097
f 10097 10099 10100
f 10102 10103 10101
f 10101 10103 10107
f 10101 10107 10108
f 10103 10104 10107
f 10107 10104 10106
f 10106 10104 10105
f 10109 10110 10108
f 10108 10110 10111
f 10108 10111 10101
f 10113 10114 10112
f 10112 10114 10119
f 10119 10114 10115
f 10119 10115 10118
f 10118 10115 10116
f 10118 10116 10117
f 10121 10122 10120
f 10120 10122 10123
f 10125 10126 10124
f 10124 10126 10131
f 10131 10126 10127
f 10131 10127 10130
f 10130 10127 10128
f 10130 10128 10129
f 10132 10133 10135
f 10135 10133 10134
f 10136 10137 10153
f 10153 10137 10152
f 10152 10137 10151
f 10151 10137 10144
f 10151 10144 10145
f 10137 10138 10144
f 10144 10138 10143
f 10143 10138 10142
f 10142 10138 10139
f 10142 10139 10140
f 10140 10141 10142
f 10146 10147 10145
f 10145 10147 10148
f 10145 10148 10149
f 10149 10150 10145
f 10145 10150 10151
f 10154 10155 10157
f 10157 10155 10156
f 10159 10161 10158
f 10158 10161 10162
f 10158 10162 10168
f 10168 10162 10163
f 10168 10163 10167
f 10167 10163 10164
f 10167 10164 10165
f 10159 10160 10161
f 10165 10166 10167
f 10168 10169 10158
f 10171 10179 10170
f 10170 10179 10180
f 10170 10180 10191
f 10191 10180 10181
f 10191 10181 10182
f 10179 10171 10178
f 10178 10171 10172
f 10178 10172 10177
f 10177 10172 10176
f 10176 10172 10173
f 10176 10173 10175
f 10175 10173 10174
f 10191 10182 10190
f 10190 10182 10183
f 10190 10183 10189
f 10189 10183 10184
f 10189 10184 10185
f 10189 10185 10188
f 10188 10185 10186
f 10188 10186 10187
f 10192 10193 10195
f 10195 10193 10194
f 10197 10198 10196
f 10196 10198 10199
f 10200 10201 10203
f 10203 10201 10202
f 10205 10206 10204
f 10204 10206 10207
f 10208 10209 10211
f 10211 10209 10210
f 10213 10214 10212
f 10212 10214 10215
f 10212 10215 10216
f 10212 10216 10221
f 10221 10216 10217
f 10221 10217 10220
f 10220 10217 10218
f 10220 10218 10219
f 10221 10222 10212
f 10223 10224 10226
f 10226 10224 10225
f 10227 10228 10255
f 10255 10228 10254
f 10254 10228 10229
f 10254 10229 10230
f 10230 10231 10254
f 10254 10231 10232
f 10254 10232 10248
f 10248 10232 10247
f 10247 10232 10246
f 10246 10232 10233
f 10246 10233 10244
f 10244 10233 10234
f 10244 10234 10243
f 10243 10234 10235
f 10243 10235 10236
f 10237 10241 10236
f 10236 10241 10242
f 10236 10242 10243
f 10237 10238 10241
f 10241 10238 10239
f 10241 10239 10240
f 10244 10245 10246
f 10248 10249 10254
f 10254 10249 10253
f 10253 10249 10250
f 10253 10250 10251
f 10251 10252 10253
f 10257 10258 10256
f 10256 10258 10263
f 10263 10258 10259
f 10263 10259 10262
f 10262 10259 10260
f 10262 10260 10261
f 10264 10265 10267
f 10267 10265 10266
f 10269 10270 10268
f 10268 10270 10273
f 10273 10270 10271
f 10273 10271 10272
f 10284 10274 10283
f 10283 10274 10275
f 10283 10275 10276
f 10277 10278 10276
f 10276 10278 10282
f 10276 10282 10283
f 10278 10279 10282
f 10282 10279 10281
f 10281 10279 10280
f 10286 10298 10285
f 10285 10298 10300
f 10285 10300 10310
f 10310 10300 10301
f 10310 10301 10309
f 10309 10301 10308
f 10308 10301 10302
f 10308 10302 10303
f 10287 10290 10286
f 10286 10290 10296
f 10286 10296 10297
f 10288 10289 10287
f 10287 10289 10290
f 10296 10290 10295
f 10295 10290 10291
f 10295 10291 10294
f 10294 10291 10293
f 10293 10291 10292
f 10297 10298 10286
f 10298 10299 10300
f 10304 10305 10303
f 10303 10305 10306
f 10303 10306 10307
f 10307 10308 10303
f 10322 10311 10321
f 10321 10311 10312
f 10321 10312 10320
f 10320 10312 10313
f 10320 10313 10319
f 10319 10313 10314
f 10319 10314 10318
f 10318 10314 10315
f 10318 10315 10317
f 10317 10315 10316
f 10323 10324 10326
f 10326 10324 10325
f 10332 10327 10331
f 10331 10327 10328
f 10331 10328 10330
f 10330 10328 10329
f 10334 10335 10333
f 10333 10335 10340
f 10340 10335 10336
f 10340 10336 10339
f 10339 10336 10337
f 10339 10337 10338
f 10341 10342 10344
f 10344 10342 10343
f 10345 10346 10370
f 10370 10346 10347
f 10370 10347 10369
f 10369 10347 10368
f 10368 10347 10367
f 10367 10347 10348
f 10367 10348 10349
f 10349 10350 10367
f 10367 10350 10357
f 10367 10357 10366
f 10366 10357 10365
f 10365 10357 10364
f 10364 10357 10359
f 10364 10359 10363
f 10363 10359 10360
f 10363 10360 10362
f 10362 10360 10361
f 10350 10351 10357
f 10357 10351 10356
f 10356 10351 10352
f 10356 10352 10353
f 10353 10354 10356
f 10356 10354 10355
f 10357 10358 10359
f 10371 10372 10374
f 10374 10372 10373
f 10380 10375 10379
f 10379 10375 10376
f 10379 10376 10378
f 10378 10376 10377
f 10382 10383 10381
f 10381 10383 10384
f 10381 10384 10385
f 10381 10385 10391
f 10391 10385 10386
f 10391 10386 10390
f 10390 10386 10387
f 10390 10387 10388
f 10388 10389 10390
f 10391 10392 10381
f 10381 10392 10393
f 10395 10396 10394
f 10394 10396 10405
f 10405 10396 10397
f 10405 10397 10404
f 10404 10397 10398
f 10404 10398 10403
f 10403 10398 10399
f 10403 10399 10402
f 10402 10399 10400
f 10402 10400 10401
f 10406 10407 10431
f 10431 10407 10430
f 10430 10407 10408
f 10430 10408 10429
f 10429 10408 10410
f 10429 10410 10428
f 10428 10410 10427
f 10427 10410 10426
f 10426 10410 10417
f 10426 10417 10418
f 10408 10409 10410
f 10417 10410 10416
f 10416 10410 10411
f 10416 10411 10415
f 10415 10411 10414
f 10414 10411 10413
f 10413 10411 10412
f 10418 10419 10426
f 10426 10419 10420
f 10426 10420 10425
f 10425 10420 10424
f 10424 10420 10423
f 10423 10420 10421
f 10423 10421 10422
f 10432 10433 10435
f 10435 10433 10434
f 10437 10438 10436
f 10436 10438 10447
f 10447 10438 10439
f 10447 10439 10446
f 10446 10439 10440
f 10446 10440 10445
f 10445 10440 10441
f 10445 10441 10444
f 10444 10441 10442
f 10444 10442 10443
f 10449 10450 10448
f 10448 10450 10451
f 10457 10452 10456
f 10456 10452 10453
f 10456 10453 10455
f 10455 10453 10454
f 10459 10460 10458
f 10458 10460 10461
f 10463 10464 10462
f 10462 10464 10473
f 10473 10464 10465
f 10473 10465 10472
f 10472 10465 10466
f 10472 10466 10471
f 10471 10466 10467
f 10471 10467 10470
f 10470 10467 10468
f 10470 10468 10469
f 10474 10475 10499
f 10499 10475 10498
f 10498 10475 10476
f 10498 10476 10497
f 10497 10476 10478
f 10497 10478 10496
f 10496 10478 10495
f 10495 10478 10494
f 10494 10478 10485
f 10494 10485 10486
f 10476 10477 10478
f 10485 10478 10484
f 10484 10478 10479
f 10484 10479 10483
f 10483 10479 10482
f 10482 10479 10481
f 10481 10479 10480
f 10486 10487 10494
f 10494 10487 10488
f 10494 10488 10493
f 10493 10488 10492
f 10492 10488 10491
f 10491 10488 10489
f 10491 10489 10490
f 10501 10502 10500
f 10500 10502 10503
f 10504 10505 10507
f 10507 10505 10506
f 10509 10510 10508
f 10508 10510 10511
f 10512 10513 10515
f 10515 10513 10514
f 10517 10518 10516
f 10516 10518 10519
f 10521 10522 10520
f 10520 10522 10523
f 10520 10523 10524
f 10525 10534 10524
f 10524 10534 10541
f 10524 10541 10520
f 10525 10526 10534
f 10534 10526 10527
f 10534 10527 10532
f 10532 10527 10528
f 10532 10528 10531
f 10531 10528 10529
f 10531 10529 10530
f 10532 10533 10534
f 10535 10538 10534
f 10534 10538 10539
f 10534 10539 10540
f 10536 10537 10535
f 10535 10537 10538
f 10540 10541 10534
f 10543 10546 10542
f 10542 10546 10552
f 10542 10552 10553
f 10544 10545 10543
f 10543 10545 10546
f 10552 10546 10551
f 10551 10546 10547
f 10551 10547 10550
f 10550 10547 10549
f 10549 10547 10548
f 10553 10554 10542
f 10542 10554 10567
f 10567 10554 10556
f 10567 10556 10566
f 10566 10556 10557
f 10566 10557 10565
f 10565 10557 10564
f 10564 10557 10558
f 10564 10558 10559
f 10554 10555 10556
f 10560 10561 10559
f 10559 10561 10562
f 10559 10562 10563
f 10563 10564 10559
f 10579 10568 10578
f 10578 10568 10569
f 10578 10569 10577
f 10577 10569 10571
f 10577 10571 10576
f 10576 10571 10572
f 10576 10572 10575
f 10575 10572 10574
f 10574 10572 10573
f 10569 10570 10571
f 10580 10581 10583
f 10583 10581 10582
f 10585 10587 10584
f 10584 10587 10588
f 10584 10588 10594
f 10594 10588 10589
f 10594 10589 10593
f 10593 10589 10590
f 10593 10590 10591
f 10585 10586 10587
f 10591 10592 10593
f 10594 10595 10584
f 10597 10598 10596
f 10596 10598 10605
f 10605 10598 10599
f 10605 10599 10604
f 10604 10599 10600
f 10604 10600 10603
f 10603 10600 10601
f 10603 10601 10602
f 10607 10608 10606
f 10606 10608 10609
f 10606 10609 10610
f 10611 10620 10610
f 10610 10620 10627
f 10610 10627 10606
f 10611 10612 10620
f 10620 10612 10613
f 10620 10613 10618
f 10618 10613 10614
f 10618 10614 10617
f 10617 10614 10615
f 10617 10615 10616
f 10618 10619 10620
f 10621 10624 10620
f 10620 10624 10625
f 10620 10625 10626
f 10622 10623 10621
f 10621 10623 10624
f 10626 10627 10620
f 10629 10630 10628
f 10628 10630 10631
f 10632 10633 10643
f 10643 10633 10642
f 10642 10633 10634
f 10642 10634 10641
f 10641 10634 10635
f 10641 10635 10640
f 10640 10635 10636
f 10640 10636 10639
f 10639 10636 10637
f 10639 10637 10638
f 10645 10658 10644
f 10644 10658 10659
f 10644 10659 10660
f 10658 10645 10656
f 10656 10645 10646
f 10656 10646 10655
f 10655 10646 10647
f 10655 10647 10648
f 10649 10653 10648
f 10648 10653 10654
f 10648 10654 10655
f 10649 10650 10653
f 10653 10650 10651
f 10653 10651 10652
f 10656 10657 10658
f 10644 10660 10666
f 10666 10660 10661
f 10666 10661 10665
f 10665 10661 10662
f 10665 10662 10663
f 10663 10664 10665
f 10667 10669 10666
f 10666 10669 10670
f 10666 10670 10671
f 10667 10668 10669
f 10671 10672 10666
f 10666 10672 10644
f 10673 10674 10676
f 10676 10674 10675
f 10677 10678 10688
f 10688 10678 10687
f 10687 10678 10686
f 10686 10678 10679
f 10686 10679 10685
f 10685 10679 10681
f 10685 10681 10684
f 10684 10681 10682
f 10684 10682 10683
f 10679 10680 10681
f 10689 10690 10700
f 10700 10690 10699
f 10699 10690 10698
f 10698 10690 10691
f 10698 10691 10697
f 10697 10691 10693
f 10697 10693 10696
f 10696 10693 10694
f 10696 10694 10695
f 10691 10692 10693
f 10701 10702 10704
f 10704 10702 10703
f 10710 10705 10709
f 10709 10705 10706
f 10709 10706 10708
f 10708 10706 10707
f 10712 10713 10711
f 10711 10713 10714
f 10715 10716 10718
f 10718 10716 10717
f 10719 10720 10740
f 10740 10720 10721
f 10740 10721 10739
f 10739 10721 10722
f 10739 10722 10723
f 10723 10724 10739
f 10739 10724 10729
f 10739 10729 10730
f 10724 10725 10729
f 10729 10725 10728
f 10728 10725 10727
f 10727 10725 10726
f 10730 10731 10739
f 10739 10731 10732
f 10739 10732 10737
f 10737 10732 10733
f 10737 10733 10736
f 10736 10733 10734
f 10736 10734 10735
f 10737 10738 10739
f 10742 10743 10741
f 10741 10743 10748
f 10748 10743 10744
f 10748 10744 10747
f 10747 10744 10745
f 10747 10745 10746
f 10750 10751 10749
f 10749 10751 10752
f 10754 10756 10753
f 10753 10756 10757
f 10753 10757 10763
f 10763 10757 10758
f 10763 10758 10762
f 10762 10758 10759
f 10762 10759 10760
f 10754 10755 10756
f 10760 10761 10762
f 10763 10764 10753
f 10766 10767 10765
f 10765 10767 10772
f 10772 10767 10768
f 10772 10768 10771
f 10771 10768 10769
f 10771 10769 10770
f 10774 10775 10773
f 10773 10775 10778
f 10778 10775 10776
f 10778 10776 10777
f 10780 10782 10779
f 10779 10782 10783
f 10779 10783 10789
f 10789 10783 10784
f 10789 10784 10788
f 10788 10784 10785
f 10788 10785 10786
f 10780 10781 10782
f 10786 10787 10788
f 10789 10790 10779
f 10792 10793 10791
f 10791 10793 10794
f 10795 10796 10798
f 10798 10796 10797
f 10799 10800 10806
f 10806 10800 10805
f 10805 10800 10801
f 10805 10801 10804
f 10804 10801 10803
f 10803 10801 10802
f 10807 10808 10826
f 10826 10808 10823
f 10826 10823 10824
f 10809 10819 10808
f 10808 10819 10822
f 10808 10822 10823
f 10810 10811 10809
f 10809 10811 10814
f 10809 10814 10815
f 10811 10812 10814
f 10814 10812 10813
f 10809 10815 10818
f 10818 10815 10816
f 10818 10816 10817
f 10818 10819 10809
f 10819 10820 10822
f 10822 10820 10821
f 10824 10825 10826
f 10838 10827 10837
f 10837 10827 10828
f 10837 10828 10836
f 10836 10828 10830
f 10836 10830 10835
f 10835 10830 10831
f 10835 10831 10834
f 10834 10831 10833
f 10833 10831 10832
f 10828 10829 10830
f 10840 10841 10839
f 10839 10841 10842
f 10843 10844 10862
f 10862 10844 10859
f 10862 10859 10860
f 10845 10855 10844
f 10844 10855 10858
f 10844 10858 10859
f 10846 10847 10845
f 10845 10847 10850
f 10845 10850 10851
f 10847 10848 10850
f 10850 10848 10849
f 10845 10851 10854
f 10854 10851 10852
f 10854 10852 10853
f 10854 10855 10845
f 10855 10856 10858
f 10858 10856 10857
f 10860 10861 10862
f 10864 10865 10863
f 10863 10865 10870
f 10870 10865 10866
f 10870 10866 10869
f 10869 10866 10867
f 10869 10867 10868
f 10871 10872 10874
f 10874 10872 10873
f 10875 10876 10900
f 10900 10876 10899
f 10899 10876 10877
f 10899 10877 10898
f 10898 10877 10879
f 10898 10879 10897
f 10897 10879 10896
f 10896 10879 10895
f 10895 10879 10886
f 10895 10886 10887
f 10877 10878 10879
f 10886 10879 10885
f 10885 10879 10880
f 10885 10880 10884
f 10884 10880 10883
f 10883 10880 10882
f 10882 10880 10881
f 10887 10888 10895
f 10895 10888 10889
f 10895 10889 10894
f 10894 10889 10893
f 10893 10889 10892
f 10892 10889 10890
f 10892 10890 10891
f 10902 10903 10901
f 10901 10903 10904
f 10916 10905 10915
f 10915 10905 10906
f 10915 10906 10914
f 10914 10906 10908
f 10914 10908 10913
f 10913 10908 10909
f 10913 10909 10912
f 10912 10909 10911
f 10911 10909 10910
f 10906 10907 10908
f 10917 10918 10920
f 10920 10918 10919
f 10922 10923 10921
f 10921 10923 10930
f 10930 10923 10924
f 10930 10924 10929
f 10929 10924 10925
f 10929 10925 10928
f 10928 10925 10926
f 10928 10926 10927
f 10936 10931 10935
f 10935 10931 10932
f 10935 10932 10934
f 10934 10932 10933
f 10937 10938 10940
f 10940 10938 10939
f 10941 10942 10944
f 10944 10942 10943
f 10956 10945 10955
f 10955 10945 10946
f 10955 10946 10954
f 10954 10946 10947
f 10954 10947 10953
f 10953 10947 10948
f 10953 10948 10952
f 10952 10948 10949
f 10952 10949 10951
f 10951 10949 10950
f 10957 10958 10964
f 10964 10958 10963
f 10963 10958 10959
f 10963 10959 10962
f 10962 10959 10960
f 10962 10960 10961
f 10965 10966 10990
f 10990 10966 10989
f 10989 10966 10967
f 10989 10967 10988
f 10988 10967 10969
f 10988 10969 10987
f 10987 10969 10986
f 10986 10969 10985
f 10985 10969 10976
f 10985 10976 10977
f 10967 10968 10969
f 10976 10969 10975
f 10975 10969 10970
f 10975 10970 10974
f 10974 10970 10973
f 10973 10970 10972
f 10972 10970 10971
f 10977 10978 10985
f 10985 10978 10979
f 10985 10979 10984
f 10984 10979 10983
f 10983 10979 10982
f 10982 10979 10980
f 10982 10980 10981
f 10991 10992 10994
f 10994 10992 10993
f 10996 10997 10995
f 10995 10997 11004
f 11004 10997 10998
f 11004 10998 11003
f 11003 10998 10999
f 11003 10999 11002
f 11002 10999 11000
f 11002 11000 11001
f 11005 11006 11030
f 11030 11006 11029
f 11029 11006 11007
f 11029 11007 11028
f 11028 11007 11009
f 11028 11009 11027
f 11027 11009 11026
f 11026 11009 11025
f 11025 11009 11016
f 11025 11016 11017
f 11007 11008 11009
f 11016 11009 11015
f 11015 11009 11010
f 11015 11010 11014
f 11014 11010 11013
f 11013 11010 11012
f 11012 11010 11011
f 11017 11018 11025
f 11025 11018 11019
f 11025 11019 11024
f 11024 11019 11023
f 11023 11019 11022
f 11022 11019 11020
f 11022 11020 11021
f 11032 11033 11031
f 11031 11033 11040
f 11040 11033 11034
f 11040 11034 11039
f 11039 11034 11035
f 11039 11035 11038
f 11038 11035 11036
f 11038 11036 11037
f 11042 11043 11041
f 11041 11043 11044
f 11045 11046 11052
f 11052 11046 11051
f 11051 11046 11047
f 11051 11047 11050
f 11050 11047 11048
f 11050 11048 11049
f 11054 11055 11053
f 11053 11055 11056
f 11053 11056 11078
f 11078 11056 11057
f 11078 11057 11076
f 11076 11057 11058
f 11076 11058 11059
f 11059 11060 11076
f 11076 11060 11069
f 11076 11069 11070
f 11061 11066 11060
f 11060 11066 11067
f 11060 11067 11068
f 11061 11062 11066
f 11066 11062 11063
f 11066 11063 11065
f 11065 11063 11064
f 11068 11069 11060
f 11076 11070 11075
f 11075 11070 11071
f 11075 11071 11072
f 11072 11073 11075
f 11075 11073 11074
f 11076 11077 11078
f 11079 11080 11082
f 11082 11080 11081
f 11083 11084 11086
f 11086 11084 11085
f 11087 11088 11097
f 11097 11088 11093
f 11097 11093 11096
f 11096 11093 11094
f 11096 11094 11095
f 11088 11089 11093
f 11093 11089 11092
f 11092 11089 11090
f 11092 11090 11091
f 11098 11099 11101
f 11101 11099 11100
f 11103 11104 11102
f 11102 11104 11109
f 11109 11104 11105
f 11109 11105 11108
f 11108 11105 11106
f 11108 11106 11107
f 11110 11111 11126
f 11126 11111 11112
f 11126 11112 11125
f 11125 11112 11113
f 11125 11113 11124
f 11124 11113 11114
f 11124 11114 11118
f 11118 11114 11117
f 11117 11114 11116
f 11116 11114 11115
f 11118 11119 11124
f 11124 11119 11121
f 11124 11121 11122
f 11119 11120 11121
f 11122 11123 11124
f 11127 11128 11130
f 11130 11128 11129
f 11131 11132 11134
f 11134 11132 11133
f 11135 11136 11138
f 11138 11136 11137
f 11140 11141 11139
f 11139 11141 11142
f 11144 11145 11143
f 11143 11145 11150
f 11150 11145 11146
f 11150 11146 11149
f 11149 11146 11147
f 11149 11147 11148
f 11151 11152 11154
f 11154 11152 11153
f 11156 11157 11155
f 11155 11157 11162
f 11162 11157 11158
f 11162 11158 11161
f 11161 11158 11159
f 11161 11159 11160
f 11163 11164 11179
f 11179 11164 11165
f 11179 11165 11178
f 11178 11165 11166
f 11178 11166 11177
f 11177 11166 11167
f 11177 11167 11171
f 11171 11167 11170
f 11170 11167 11169
f 11169 11167 11168
f 11171 11172 11177
f 11177 11172 11174
f 11177 11174 11175
f 11172 11173 11174
f 11175 11176 11177
f 11180 11181 11183
f 11183 11181 11182
f 11185 11186 11184
f 11184 11186 11187
f 11184 11187 11193
f 11193 11187 11192
f 11192 11187 11188
f 11192 11188 11191
f 11191 11188 11190
f 11190 11188 11189
f 11193 11194 11184
f 11184 11194 11195
f 11184 11195 11196
f 11197 11198 11200
f 11200 11198 11199
f 11201 11202 11204
f 11204 11202 11203
f 11206 11207 11205
f 11205 11207 11212
f 11212 11207 11208
f 11212 11208 11211
f 11211 11208 11209
f 11211 11209 11210
f 11214 11215 11213
f 11213 11215 11220
f 11220 11215 11216
f 11220 11216 11219
f 11219 11216 11217
f 11219 11217 11218
f 11232 11221 11231
f 11231 11221 11222
f 11231 11222 11230
f 11230 11222 11224
f 11230 11224 11229
f 11229 11224 11225
f 11229 11225 11228
f 11228 11225 11227
f 11227 11225 11226
f 11222 11223 11224
f 11243 11233 11242
f 11242 11233 11234
f 11242 11234 11235
f 11236 11237 11235
f 11235 11237 11241
f 11235 11241 11242
f 11237 11238 11241
f 11241 11238 11240
f 11240 11238 11239
f 11245 11246 11244
f 11244 11246 11247
f 11248 11249 11269
f 11269 11249 11268
f 11268 11249 11267
f 11267 11249 11250
f 11267 11250 11257
f 11257 11250 11251
f 11257 11251 11252
f 11252 11253 11257
f 11257 11253 11256
f 11256 11253 11254
f 11256 11254 11255
f 11258 11259 11257
f 11257 11259 11264
f 11257 11264 11265
f 11264 11259 11263
f 11263 11259 11260
f 11263 11260 11262
f 11262 11260 11261
f 11265 11266 11257
f 11257 11266 11267
f 11271 11283 11270
f 11270 11283 11285
f 11270 11285 11295
f 11295 11285 11286
f 11295 11286 11294
f 11294 11286 11293
f 11293 11286 11287
f 11293 11287 11288
f 11272 11275 11271
f 11271 11275 11281
f 11271 11281 11282
f 11273 11274 11272
f 11272 11274 11275
f 11281 11275 11280
f 11280 11275 11276
f 11280 11276 11279
f 11279 11276 11278
f 11278 11276 11277
f 11282 11283 11271
f 11283 11284 11285
f 11289 11290 11288
f 11288 11290 11291
f 11288 11291 11292
f 11292 11293 11288
f 11296 11297 11306
f 11306 11297 11302
f 11306 11302 11305
f 11305 11302 11303
f 11305 11303 11304
f 11297 11298 11302
f 11302 11298 11301
f 11301 11298 11299
f 11301 11299 11300
f 11307 11308 11335
f 11335 11308 11334
f 11334 11308 11309
f 11334 11309 11310
f 11310 11311 11334
f 11334 11311 11312
f 11334 11312 11328
f 11328 11312 11327
f 11327 11312 11326
f 11326 11312 11313
f 11326 11313 11324
f 11324 11313 11314
f 11324 11314 11323
f 11323 11314 11315
f 11323 11315 11316
f 11317 11321 11316
f 11316 11321 11322
f 11316 11322 11323
f 11317 11318 11321
f 11321 11318 11319
f 11321 11319 11320
f 11324 11325 11326
f 11328 11329 11334
f 11334 11329 11333
f 11333 11329 11330
f 11333 11330 11331
f 11331 11332 11333
f 11337 11338 11336
f 11336 11338 11339
f 11345 11340 11344
f 11344 11340 11341
f 11344 11341 11343
f 11343 11341 11342
f 11347 11348 11346
f 11346 11348 11357
f 11357 11348 11349
f 11357 11349 11356
f 11356 11349 11350
f 11356 11350 11355
f 11355 11350 11351
f 11355 11351 11354
f 11354 11351 11352
f 11354 11352 11353
f 11358 11359 11361
f 11361 11359 11360
f 11362 11363 11365
f 11365 11363 11364
f 11366 11367 11369
f 11369 11367 11368
f 11371 11372 11370
f 11370 11372 11377
f 11377 11372 11373
f 11377 11373 11376
f 11376 11373 11374
f 11376 11374 11375
f 11379 11381 11378
f 11378 11381 11382
f 11378 11382 11388
f 11388 11382 11383
f 11388 11383 11387
f 11387 11383 11384
f 11387 11384 11385
f 11379 11380 11381
f 11385 11386 11387
f 11388 11389 11378
f 11401 11390 11400
f 11400 11390 11391
f 11400 11391 11399
f 11399 11391 11392
f 11399 11392 11398
f 11398 11392 11393
f 11398 11393 11397
f 11397 11393 11394
f 11397 11394 11396
f 11396 11394 11395
f 11402 11403 11405
f 11405 11403 11404
f 11406 11407 11409
f 11409 11407 11408
f 11410 11411 11413
f 11413 11411 11412
f 11415 11416 11414
f 11414 11416 11425
f 11425 11416 11417
f 11425 11417 11424
f 11424 11417 11418
f 11424 11418 11423
f 11423 11418 11419
f 11423 11419 11422
f 11422 11419 11420
f 11422 11420 11421
f 11427 11428 11426
f 11426 11428 11429
f 11426 11429 11451
f 11451 11429 11430
f 11451 11430 11449
f 11449 11430 11431
f 11449 11431 11432
f 11432 11433 11449
f 11449 11433 11442
f 11449 11442 11443
f 11434 11439 11433
f 11433 11439 11440
f 11433 11440 11441
f 11434 11435 11439
f 11439 11435 11436
f 11439 11436 11438
f 11438 11436 11437
f 11441 11442 11433
f 11449 11443 11448
f 11448 11443 11444
f 11448 11444 11445
f 11445 11446 11448
f 11448 11446 11447
f 11449 11450 11451
f 11453 11454 11452
f 11452 11454 11463
f 11463 11454 11455
f 11463 11455 11462
f 11462 11455 11456
f 11462 11456 11461
f 11461 11456 11457
f 11461 11457 11460
f 11460 11457 11458
f 11460 11458 11459
f 11465 11466 11464
f 11464 11466 11489
f 11489 11466 11467
f 11489 11467 11468
f 11468 11469 11489
f 11489 11469 11488
f 11488 11469 11487
f 11487 11469 11486
f 11486 11469 11479
f 11486 11479 11485
f 11485 11479 11480
f 11485 11480 11484
f 11484 11480 11483
f 11483 11480 11482
f 11482 11480 11481
f 11469 11470 11479
f 11479 11470 11471
f 11479 11471 11472
f 11479 11472 11477
f 11477 11472 11473
f 11477 11473 11476
f 11476 11473 11474
f 11476 11474 11475
f 11477 11478 11479
f 11490 11491 11493
f 11493 11491 11492
f 11495 11496 11494
f 11494 11496 11497
f 11508 11498 11503
f 11503 11498 11499
f 11503 11499 11502
f 11502 11499 11501
f 11501 11499 11500
f 11503 11504 11508
f 11508 11504 11507
f 11507 11504 11505
f 11507 11505 11506
f 11510 11511 11509
f 11509 11511 11514
f 11514 11511 11512
f 11514 11512 11513
f 11515 11516 11527
f 11527 11516 11526
f 11526 11516 11520
f 11526 11520 11521
f 11517 11518 11516
f 11516 11518 11519
f 11516 11519 11520
f 11526 11521 11525
f 11525 11521 11522
f 11525 11522 11523
f 11523 11524 11525
f 11529 11530 11528
f 11528 11530 11537
f 11537 11530 11531
f 11537 11531 11536
f 11536 11531 11532
f 11536 11532 11535
f 11535 11532 11533
f 11535 11533 11534
f 11539 11540 11538
f 11538 11540 11541
f 11543 11546 11542
f 11542 11546 11552
f 11542 11552 11553
f 11544 11545 11543
f 11543 11545 11546
f 11552 11546 11551
f 11551 11546 11547
f 11551 11547 11550
f 11550 11547 11549
f 11549 11547 11548
f 11553 11554 11542
f 11542 11554 11567
f 11567 11554 11556
f 11567 11556 11566
f 11566 11556 11557
f 11566 11557 11565
f 11565 11557 11564
f 11564 11557 11558
f 11564 11558 11559
f 11554 11555 11556
f 11560 11561 11559
f 11559 11561 11562
f 11559 11562 11563
f 11563 11564 11559
f 11568 11569 11571
f 11571 11569 11570
f 11583 11572 11582
f 11582 11572 11573
f 11582 11573 11581
f 11581 11573 11575
f 11581 11575 11580
f 11580 11575 11576
f 11580 11576 11579
f 11579 11576 11578
f 11578 11576 11577
f 11573 11574 11575
f 11584 11585 11587
f 11587 11585 11586
f 11589 11590 11588
f 11588 11590 11595
f 11595 11590 11591
f 11595 11591 11594
f 11594 11591 11592
f 11594 11592 11593
f 11597 11598 11596
f 11596 11598 11599
f 11600 11601 11607
f 11607 11601 11606
f 11606 11601 11602
f 11606 11602 11605
f 11605 11602 11603
f 11605 11603 11604
f 11608 11609 11611
f 11611 11609 11610
f 11612 11613 11615
f 11615 11613 11614
f 11616 11617 11622
f 11622 11617 11621
f 11621 11617 11618
f 11621 11618 11620
f 11620 11618 11619
f 11623 11624 11626
f 11626 11624 11625
f 11627 11628 11630
f 11630 11628 11629
f 11632 11633 11631
f 11631 11633 11634
f 11635 11636 11638
f 11638 11636 11637
f 11640 11641 11639
f 11639 11641 11642
f 11639 11642 11643
f 11639 11643 11650
f 11650 11643 11644
f 11650 11644 11648
f 11648 11644 11645
f 11648 11645 11647
f 11647 11645 11646
f 11648 11649 11650
f 11652 11653 11651
f 11651 11653 11654
f 11656 11657 11655
f 11655 11657 11658
f 11655 11658 11680
f 11680 11658 11659
f 11680 11659 11678
f 11678 11659 11660
f 11678 11660 11661
f 11661 11662 11678
f 11678 11662 11671
f 11678 11671 11672
f 11663 11668 11662
f 11662 11668 11669
f 11662 11669 11670
f 11663 11664 11668
f 11668 11664 11665
f 11668 11665 11667
f 11667 11665 11666
f 11670 11671 11662
f 11678 11672 11677
f 11677 11672 11673
f 11677 11673 11674
f 11674 11675 11677
f 11677 11675 11676
f 11678 11679 11680
f 11692 11681 11691
f 11691 11681 11682
f 11691 11682 11690
f 11690 11682 11683
f 11690 11683 11689
f 11689 11683 11684
f 11689 11684 11688
f 11688 11684 11685
f 11688 11685 11686
f 11686 11687 11688
f 11697 11693 11696
f 11696 11693 11694
f 11696 11694 11695
f 11699 11700 11698
f 11698 11700 11701
f 11703 11704 11702
f 11702 11704 11711
f 11711 11704 11705
f 11711 11705 11710
f 11710 11705 11706
f 11710 11706 11709
f 11709 11706 11707
f 11709 11707 11708
f 11713 11714 11712
f 11712 11714 11715
f 11716 11717 11719
f 11719 11717 11718
f 11720 11721 11723
f 11723 11721 11722
f 11725 11726 11724
f 11724 11726 11727
f 11728 11729 11731
f 11731 11729 11730
f 11732 11733 11735
f 11735 11733 11734
f 11747 11736 11746
f 11746 11736 11737
f 11746 11737 11745
f 11745 11737 11739
f 11745 11739 11744
f 11744 11739 11740
f 11744 11740 11743
f 11743 11740 11742
f 11742 11740 11741
f 11737 11738 11739
f 11749 11753 11748
f 11748 11753 11757
f 11748 11757 11758
f 11753 11749 11752
f 11752 11749 11750
f 11752 11750 11751
f 11757 11753 11756
f 11756 11753 11754
f 11756 11754 11755
f 11759 11760 11762
f 11762 11760 11761
f 11764 11765 11763
f 11763 11765 11766
f 11767 11768 11770
f 11770 11768 11769
f 11771 11772 11774
f 11774 11772 11773
f 11776 11777 11775
f 11775 11777 11778
f 11779 11780 11786
f 11786 11780 11785
f 11785 11780 11781
f 11785 11781 11784
f 11784 11781 11783
f 11783 11781 11782
f 11787 11788 11790
f 11790 11788 11789
f 11792 11793 11791
f 11791 11793 11794
f 11795 11796 11798
f 11798 11796 11797
f 11800 11801 11799
f 11799 11801 11802
f 11803 11804 11806
f 11806 11804 11805
f 11808 11809 11807
f 11807 11809 11810
f 11811 11812 11814
f 11814 11812 11813
f 11816 11817 11815
f 11815 11817 11818
f 11815 11818 11840
f 11840 11818 11819
f 11840 11819 11838
f 11838 11819 11820
f 11838 11820 11821
f 11821 11822 11838
f 11838 11822 11831
f 11838 11831 11832
f 11823 11828 11822
f 11822 11828 11829
f 11822 11829 11830
f 11823 11824 11828
f 11828 11824 11825
f 11828 11825 11827
f 11827 11825 11826
f 11830 11831 11822
f 11838 11832 11837
f 11837 11832 11833
f 11837 11833 11834
f 11834 11835 11837
f 11837 11835 11836
f 11838 11839 11840
f 11846 11841 11845
f 11845 11841 11842
f 11845 11842 11844
f 11844 11842 11843
f 11848 11849 11847
f 11847 11849 11850
f 11851 11852 11854
f 11854 11852 11853
f 11855 11856 11858
f 11858 11856 11857
f 11860 11861 11859
f 11859 11861 11870
f 11870 11861 11862
f 11870 11862 11869
f 11869 11862 11863
f 11869 11863 11868
f 11868 11863 11864
f 11868 11864 11867
f 11867 11864 11865
f 11867 11865 11866
f 11871 11872 11874
f 11874 11872 11873
f 11875 11876 11886
f 11886 11876 11885
f 11885 11876 11877
f 11885 11877 11884
f 11884 11877 11878
f 11884 11878 11883
f 11883 11878 11879
f 11883 11879 11882
f 11882 11879 11880
f 11882 11880 11881
f 11888 11889 11887
f 11887 11889 11894
f 11894 11889 11890
f 11894 11890 11893
f 11893 11890 11891
f 11893 11891 11892
f 11895 11896 11911
f 11911 11896 11897
f 11911 11897 11910
f 11910 11897 11898
f 11910 11898 11909
f 11909 11898 11899
f 11909 11899 11903
f 11903 11899 11902
f 11902 11899 11901
f 11901 11899 11900
f 11903 11904 11909
f 11909 11904 11906
f 11909 11906 11907
f 11904 11905 11906
f 11907 11908 11909
f 11913 11914 11912
f 11912 11914 11915
f 11917 11918 11916
f 11916 11918 11923
f 11923 11918 11919
f 11923 11919 11922
f 11922 11919 11920
f 11922 11920 11921
f 11925 11926 11924
f 11924 11926 11927
f 11929 11930 11928
f 11928 11930 11937
f 11937 11930 11931
f 11937 11931 11936
f 11936 11931 11932
f 11936 11932 11935
f 11935 11932 11933
f 11935 11933 11934
f 11938 11939 11955
f 11955 11939 11954
f 11954 11939 11953
f 11953 11939 11946
f 11953 11946 11947
f 11939 11940 11946
f 11946 11940 11945
f 11945 11940 11944
f 11944 11940 11941
f 11944 11941 11942
f 11942 11943 11944
f 11948 11949 11947
f 11947 11949 11950
f 11947 11950 11951
f 11951 11952 11947
f 11947 11952 11953
f 11956 11957 11973
f 11973 11957 11972
f 11972 11957 11971
f 11971 11957 11964
f 11971 11964 11965
f 11957 11958 11964
f 11964 11958 11963
f 11963 11958 11962
f 11962 11958 11959
f 11962 11959 11960
f 11960 11961 11962
f 11966 11967 11965
f 11965 11967 11968
f 11965 11968 11969
f 11969 11970 11965
f 11965 11970 11971
f 11975 11976 11974
f 11974 11976 11983
f 11983 11976 11977
f 11983 11977 11982
f 11982 11977 11978
f 11982 11978 11981
f 11981 11978 11979
f 11981 11979 11980
f 11984 11985 12000
f 12000 11985 11986
f 12000 11986 11999
f 11999 11986 11987
f 11999 11987 11998
f 11998 11987 11988
f 11998 11988 11992
f 11992 11988 11991
f 11991 11988 11990
f 11990 11988 11989
f 11992 11993 11998
f 11998 11993 11995
f 11998 11995 11996
f 11993 11994 11995
f 11996 11997 11998
f 12002 12003 12001
f 12001 12003 12008
f 12008 12003 12004
f 12008 12004 12007
f 12007 12004 12005
f 12007 12005 12006
f 12009 12010 12025
f 12025 12010 12011
f 12025 12011 12024
f 12024 12011 12012
f 12024 12012 12023
f 12023 12012 12013
f 12023 12013 12017
f 12017 12013 12016
f 12016 12013 12015
f 12015 12013 12014
f 12017 12018 12023
f 12023 12018 12020
f 12023 12020 12021
f 12018 12019 12020
f 12021 12022 12023
f 12027 12028 12026
f 12026 12028 12029
f 12031 12032 12030
f 12030 12032 12037
f 12037 12032 12033
f 12037 12033 12036
f 12036 12033 12034
f 12036 12034 12035
f 12039 12040 12038
f 12038 12040 12041
f 12043 12044 12042
f 12042 12044 12051
f 12051 12044 12045
f 12051 12045 12050
f 12050 12045 12046
f 12050 12046 12049
f 12049 12046 12047
f 12049 12047 12048
f 12052 12053 12069
f 12069 12053 12068
f 12068 12053 12067
f 12067 12053 12060
f 12067 12060 12061
f 12053 12054 12060
f 12060 12054 12059
f 12059 12054 12058
f 12058 12054 12055
f 12058 12055 12056
f 12056 12057 12058
f 12062 12063 12061
f 12061 12063 12064
f 12061 12064 12065
f 12065 12066 12061
f 12061 12066 12067
f 12070 12071 12087
f 12087 12071 12086
f 12086 12071 12085
f 12085 12071 12078
f 12085 12078 12079
f 12071 12072 12078
f 12078 12072 12077
f 12077 12072 12076
f 12076 12072 12073
f 12076 12073 12074
f 12074 12075 12076
f 12080 12081 12079
f 12079 12081 12082
f 12079 12082 12083
f 12083 12084 12079
f 12079 12084 12085
f 12089 12090 12088
f 12088 12090 12097
f 12097 12090 12091
f 12097 12091 12096
f 12096 12091 12092
f 12096 12092 12095
f 12095 12092 12093
f 12095 12093 12094
f 12098 12099 12114
f 12114 12099 12100
f 12114 12100 12113
f 12113 12100 12101
f 12113 12101 12112
f 12112 12101 12102
f 12112 12102 12106
f 12106 12102 12105
f 12105 12102 12104
f 12104 12102 12103
f 12106 12107 12112
f 12112 12107 12109
f 12112 12109 12110
f 12107 12108 12109
f 12110 12111 12112
f 12116 12117 12115
f 12115 12117 12122
f 12122 12117 12118
f 12122 12118 12121
f 12121 12118 12119
f 12121 12119 12120
f 12123 12124 12139
f 12139 12124 12125
f 12139 12125 12138
f 12138 12125 12126
f 12138 12126 12137
f 12137 12126 12127
f 12137 12127 12131
f 12131 12127 12130
f 12130 12127 12129
f 12129 12127 12128
f 12131 12132 12137
f 12137 12132 12134
f 12137 12134 12135
f 12132 12133 12134
f 12135 12136 12137
f 12141 12142 12140
f 12140 12142 12143
f 12145 12146 12144
f 12144 12146 12151
f 12151 12146 12147
f 12151 12147 12150
f 12150 12147 12148
f 12150 12148 12149
f 12153 12154 12152
f 12152 12154 12155
f 12157 12158 12156
f 12156 12158 12165
f 12165 12158 12159
f 12165 12159 12164
f 12164 12159 12160
f 12164 12160 12163
f 12163 12160 12161
f 12163 12161 12162
f 12166 12167 12183
f 12183 12167 12182
f 12182 12167 12181
f 12181 12167 12174
f 12181 12174 12175
f 12167 12168 12174
f 12174 12168 12173
f 12173 12168 12172
f 12172 12168 12169
f 12172 12169 12170
f 12170 12171 12172
f 12176 12177 12175
f 12175 12177 12178
f 12175 12178 12179
f 12179 12180 12175
f 12175 12180 12181
f 12184 12185 12201
f 12201 12185 12200
f 12200 12185 12199
f 12199 12185 12192
f 12199 12192 12193
f 12185 12186 12192
f 12192 12186 12191
f 12191 12186 12190
f 12190 12186 12187
f 12190 12187 12188
f 12188 12189 12190
f 12194 12195 12193
f 12193 12195 12196
f 12193 12196 12197
f 12197 12198 12193
f 12193 12198 12199
f 12203 12204 12202
f 12202 12204 12211
f 12211 12204 12205
f 12211 12205 12210
f 12210 12205 12206
f 12210 12206 12209
f 12209 12206 12207
f 12209 12207 12208
f 12212 12213 12228
f 12228 12213 12214
f 12228 12214 12227
f 12227 12214 12215
f 12227 12215 12226
f 12226 12215 12216
f 12226 12216 12220
f 12220 12216 12219
f 12219 12216 12218
f 12218 12216 12217
f 12220 12221 12226
f 12226 12221 12223
f 12226 12223 12224
f 12221 12222 12223
f 12224 12225 12226
f 12230 12231 12229
f 12229 12231 12236
f 12236 12231 12232
f 12236 12232 12235
f 12235 12232 12233
f 12235 12233 12234
f 12237 12238 12253
f 12253 12238 12239
f 12253 12239 12252
f 12252 12239 12240
f 12252 12240 12251
f 12251 12240 12241
f 12251 12241 12245
f 12245 12241 12244
f 12244 12241 12243
f 12243 12241 12242
f 12245 12246 12251
f 12251 12246 12248
f 12251 12248 12249
f 12246 12247 12248
f 12249 12250 12251
f 12255 12256 12254
f 12254 12256 12257
f 12259 12260 12258
f 12258 12260 12265
f 12265 12260 12261
f 12265 12261 12264
f 12264 12261 12262
f 12264 12262 12263
f 12267 12268 12266
f 12266 12268 12269
f 12271 12272 12270
f 12270 12272 12279
f 12279 12272 12273
f 12279 12273 12278
f 12278 12273 12274
f 12278 12274 12277
f 12277 12274 12275
f 12277 12275 12276
f 12280 12281 12297
f 12297 12281 12296
f 12296 12281 12295
f 12295 12281 12288
f 12295 12288 12289
f 12281 12282 12288
f 12288 12282 12287
f 12287 12282 12286
f 12286 12282 12283
f 12286 12283 12284
f 12284 12285 12286
f 12290 12291 12289
f 12289 12291 12292
f 12289 12292 12293
f 12293 12294 12289
f 12289 12294 12295
f 12298 12299 12315
f 12315 12299 12314
f 12314 12299 12313
f 12313 12299 12306
f 12313 12306 12307
f 12299 12300 12306
f 12306 12300 12305
f 12305 12300 12304
f 12304 12300 12301
f 12304 12301 12302
f 12302 12303 12304
f 12308 12309 12307
f 12307 12309 12310
f 12307 12310 12311
f 12311 12312 12307
f 12307 12312 12313
f 12317 12318 12316
f 12316 12318 12325
f 12325 12318 12319
f 12325 12319 12324
f 12324 12319 12320
f 12324 12320 12323
f 12323 12320 12321
f 12323 12321 12322
f 12326 12327 12342
f 12342 12327 12328
f 12342 12328 12341
f 12341 12328 12329
f 12341 12329 12340
f 12340 12329 12330
f 12340 12330 12334
f 12334 12330 12333
f 12333 12330 12332
f 12332 12330 12331
f 12334 12335 12340
f 12340 12335 12337
f 12340 12337 12338
f 12335 12336 12337
f 12338 12339 12340
f 12344 12345 12343
f 12343 12345 12350
f 12350 12345 12346
f 12350 12346 12349
f 12349 12346 12347
f 12349 12347 12348
f 12351 12352 12367
f 12367 12352 12353
f 12367 12353 12366
f 12366 12353 12354
f 12366 12354 12365
f 12365 12354 12355
f 12365 12355 12359
f 12359 12355 12358
f 12358 12355 12357
f 12357 12355 12356
f 12359 12360 12365
f 12365 12360 12362
f 12365 12362 12363
f 12360 12361 12362
f 12363 12364 12365
f 12369 12370 12368
f 12368 12370 12371
f 12373 12374 12372
f 12372 12374 12379
f 12379 12374 12375
f 12379 12375 12378
f 12378 12375 12376
f 12378 12376 12377
f 12381 12382 12380
f 12380 12382 12383
f 12385 12386 12384
f 12384 12386 12393
f 12393 12386 12387
f 12393 12387 12392
f 12392 12387 12388
f 12392 12388 12391
f 12391 12388 12389
f 12391 12389 12390
f 12394 12395 12411
f 12411 12395 12410
f 12410 12395 12409
f 12409 12395 12402
f 12409 12402 12403
f 12395 12396 12402
f 12402 12396 12401
f 12401 12396 12400
f 12400 12396 12397
f 12400 12397 12398
f 12398 12399 12400
f 12404 12405 12403
f 12403 12405 12406
f 12403 12406 12407
f 12407 12408 12403
f 12403 12408 12409
f 12412 12413 12429
f 12429 12413 12428
f 12428 12413 12427
f 12427 12413 12420
f 12427 12420 12421
f 12413 12414 12420
f 12420 12414 12419
f 12419 12414 12418
f 12418 12414 12415
f 12418 12415 12416
f 12416 12417 12418
f 12422 12423 12421
f 12421 12423 12424
f 12421 12424 12425
f 12425 12426 12421
f 12421 12426 12427
f 12431 12432 12430
f 12430 12432 12439
f 12439 12432 12433
f 12439 12433 12438
f 12438 12433 12434
f 12438 12434 12437
f 12437 12434 12435
f 12437 12435 12436
f 12440 12441 12456
f 12456 12441 12442
f 12456 12442 12455
f 12455 12442 12443
f 12455 12443 12454
f 12454 12443 12444
f 12454 12444 12448
f 12448 12444 12447
f 12447 12444 12446
f 12446 12444 12445
f 12448 12449 12454
f 12454 12449 12451
f 12454 12451 12452
f 12449 12450 12451
f 12452 12453 12454
f 12457 12458 12460
f 12460 12458 12459
f 12462 12463 12461
f 12461 12463 12468
f 12468 12463 12464
f 12468 12464 12467
f 12467 12464 12465
f 12467 12465 12466
f 12469 12470 12485
f 12485 12470 12471
f 12485 12471 12484
f 12484 12471 12472
f 12484 12472 12483
f 12483 12472 12473
f 12483 12473 12477
f 12477 12473 12476
f 12476 12473 12475
f 12475 12473 12474
f 12477 12478 12483
f 12483 12478 12480
f 12483 12480 12481
f 12478 12479 12480
f 12481 12482 12483
f 12487 12488 12486
f 12486 12488 12489
f 12491 12492 12490
f 12490 12492 12497
f 12497 12492 12493
f 12497 12493 12496
f 12496 12493 12494
f 12496 12494 12495
f 12498 12499 12503
f 12503 12499 12502
f 12502 12499 12500
f 12502 12500 12501
f 12504 12505 12515
f 12515 12505 12514
f 12514 12505 12506
f 12514 12506 12513
f 12513 12506 12507
f 12513 12507 12512
f 12512 12507 12508
f 12512 12508 12511
f 12511 12508 12509
f 12511 12509 12510
f 12517 12518 12516
f 12516 12518 12519
f 12521 12522 12520
f 12520 12522 12529
f 12529 12522 12523
f 12529 12523 12528
f 12528 12523 12524
f 12528 12524 12527
f 12527 12524 12525
f 12527 12525 12526
f 12530 12531 12537
f 12537 12531 12536
f 12536 12531 12532
f 12536 12532 12535
f 12535 12532 12533
f 12535 12533 12534
f 12538 12539 12555
f 12555 12539 12554
f 12554 12539 12553
f 12553 12539 12546
f 12553 12546 12547
f 12539 12540 12546
f 12546 12540 12545
f 12545 12540 12544
f 12544 12540 12541
f 12544 12541 12542
f 12542 12543 12544
f 12548 12549 12547
f 12547 12549 12550
f 12547 12550 12551
f 12551 12552 12547
f 12547 12552 12553
f 12556 12557 12559
f 12559 12557 12558
f 12560 12561 12563
f 12563 12561 12562
f 12564 12565 12581
f 12581 12565 12580
f 12580 12565 12579
f 12579 12565 12572
f 12579 12572 12573
f 12565 12566 12572
f 12572 12566 12571
f 12571 12566 12570
f 12570 12566 12567
f 12570 12567 12568
f 12568 12569 12570
f 12574 12575 12573
f 12573 12575 12576
f 12573 12576 12577
f 12577 12578 12573
f 12573 12578 12579
f 12582 12583 12585
f 12585 12583 12584
f 12587 12588 12586
f 12586 12588 12597
f 12597 12588 12589
f 12597 12589 12596
f 12596 12589 12590
f 12596 12590 12595
f 12595 12590 12591
f 12595 12591 12594
f 12594 12591 12592
f 12594 12592 12593
f 12598 12599 12623
f 12623 12599 12622
f 12622 12599 12600
f 12622 12600 12621
f 12621 12600 12602
f 12621 12602 12620
f 12620 12602 12619
f 12619 12602 12618
f 12618 12602 12609
f 12618 12609 12610
f 12600 12601 12602
f 12609 12602 12608
f 12608 12602 12603
f 12608 12603 12607
f 12607 12603 12606
f 12606 12603 12605
f 12605 12603 12604
f 12610 12611 12618
f 12618 12611 12612
f 12618 12612 12617
f 12617 12612 12616
f 12616 12612 12615
f 12615 12612 12613
f 12615 12613 12614
f 12625 12626 12624
f 12624 12626 12633
f 12633 12626 12627
f 12633 12627 12632
f 12632 12627 12628
f 12632 12628 12631
f 12631 12628 12629
f 12631 12629 12630
f 12634 12635 12641
f 12641 12635 12640
f 12640 12635 12636
f 12640 12636 12639
f 12639 12636 12637
f 12639 12637 12638
f 12643 12644 12642
f 12642 12644 12645
f 12647 12648 12646
f 12646 12648 12655
f 12655 12648 12649
f 12655 12649 12654
f 12654 12649 12650
f 12654 12650 12653
f 12653 12650 12651
f 12653 12651 12652
f 12657 12658 12656
f 12656 12658 12659
f 12660 12661 12663
f 12663 12661 12662
f 12664 12665 12675
f 12675 12665 12674
f 12674 12665 12666
f 12674 12666 12673
f 12673 12666 12667
f 12673 12667 12672
f 12672 12667 12668
f 12672 12668 12671
f 12671 12668 12669
f 12671 12669 12670
f 12676 12677 12679
f 12679 12677 12678
f 12680 12681 12687
f 12687 12681 12686
f 12686 12681 12682
f 12686 12682 12685
f 12685 12682 12683
f 12685 12683 12684
f 12688 12689 12704
f 12704 12689 12690
f 12704 12690 12703
f 12703 12690 12691
f 12703 12691 12702
f 12702 12691 12692
f 12702 12692 12696
f 12696 12692 12695
f 12695 12692 12694
f 12694 12692 12693
f 12696 12697 12702
f 12702 12697 12699
f 12702 12699 12700
f 12697 12698 12699
f 12700 12701 12702
f 12705 12706 12708
f 12708 12706 12707
f 12710 12711 12709
f 12709 12711 12720
f 12720 12711 12712
f 12720 12712 12719
f 12719 12712 12713
f 12719 12713 12718
f 12718 12713 12714
f 12718 12714 12717
f 12717 12714 12715
f 12717 12715 12716
f 12722 12723 12721
f 12721 12723 12724
f 12721 12724 12746
f 12746 12724 12725
f 12746 12725 12744
f 12744 12725 12726
f 12744 12726 12727
f 12727 12728 12744
f 12744 12728 12737
f 12744 12737 12738
f 12729 12734 12728
f 12728 12734 12735
f 12728 12735 12736
f 12729 12730 12734
f 12734 12730 12731
f 12734 12731 12733
f 12733 12731 12732
f 12736 12737 12728
f 12744 12738 12743
f 12743 12738 12739
f 12743 12739 12740
f 12740 12741 12743
f 12743 12741 12742
f 12744 12745 12746
f 12747 12748 12750
f 12750 12748 12749
f 12752 12753 12751
f 12751 12753 12758
f 12758 12753 12754
f 12758 12754 12757
f 12757 12754 12755
f 12757 12755 12756
f 12760 12761 12759
f 12759 12761 12766
f 12766 12761 12762
f 12766 12762 12765
f 12765 12762 12763
f 12765 12763 12764
f 12767 12768 12783
f 12783 12768 12769
f 12783 12769 12782
f 12782 12769 12770
f 12782 12770 12781
f 12781 12770 12771
f 12781 12771 12775
f 12775 12771 12774
f 12774 12771 12773
f 12773 12771 12772
f 12775 12776 12781
f 12781 12776 12778
f 12781 12778 12779
f 12776 12777 12778
f 12779 12780 12781
f 12784 12785 12795
f 12795 12785 12794
f 12794 12785 12786
f 12794 12786 12793
f 12793 12786 12787
f 12793 12787 12792
f 12792 12787 12788
f 12792 12788 12791
f 12791 12788 12789
f 12791 12789 12790
f 12796 12797 12799
f 12799 12797 12798
f 12800 12801 12803
f 12803 12801 12802
f 12805 12806 12804
f 12804 12806 12815
f 12815 12806 12807
f 12815 12807 12814
f 12814 12807 12808
f 12814 12808 12813
f 12813 12808 12809
f 12813 12809 12812
f 12812 12809 12810
f 12812 12810 12811
f 12817 12818 12816
f 12816 12818 12819
f 12821 12822 12820
f 12820 12822 12827
f 12827 12822 12823
f 12827 12823 12826
f 12826 12823 12824
f 12826 12824 12825
f 12828 12829 12833
f 12833 12829 12832
f 12832 12829 12830
f 12832 12830 12831
f 12834 12835 12845
f 12845 12835 12844
f 12844 12835 12836
f 12844 12836 12843
f 12843 12836 12837
f 12843 12837 12842
f 12842 12837 12838
f 12842 12838 12841
f 12841 12838 12839
f 12841 12839 12840
f 12846 12847 12849
f 12849 12847 12848
f 12850 12851 12853
f 12853 12851 12852
f 12855 12857 12854
f 12854 12857 12858
f 12854 12858 12864
f 12864 12858 12859
f 12864 12859 12863
f 12863 12859 12860
f 12863 12860 12861
f 12855 12856 12857
f 12861 12862 12863
f 12864 12865 12854
f 12867 12868 12866
f 12866 12868 12873
f 12873 12868 12869
f 12873 12869 12872
f 12872 12869 12870
f 12872 12870 12871
f 12885 12874 12884
f 12884 12874 12875
f 12884 12875 12883
f 12883 12875 12877
f 12883 12877 12882
f 12882 12877 12878
f 12882 12878 12881
f 12881 12878 12880
f 12880 12878 12879
f 12875 12876 12877
f 12887 12888 12886
f 12886 12888 12889
f 12891 12892 12890
f 12890 12892 12899
f 12899 12892 12893
f 12899 12893 12898
f 12898 12893 12894
f 12898 12894 12897
f 12897 12894 12895
f 12897 12895 12896
f 12900 12901 12903
f 12903 12901 12902
f 12915 12904 12914
f 12914 12904 12905
f 12914 12905 12913
f 12913 12905 12906
f 12913 12906 12912
f 12912 12906 12907
f 12912 12907 12911
f 12911 12907 12908
f 12911 12908 12910
f 12910 12908 12909
f 12916 12917 12919
f 12919 12917 12918
f 12921 12922 12920
f 12920 12922 12923
f 12924 12925 12929
f 12929 12925 12928
f 12928 12925 12926
f 12928 12926 12927
f 12931 12932 12930
f 12930 12932 12933
f 12935 12936 12934
f 12934 12936 12943
f 12943 12936 12937
f 12943 12937 12942
f 12942 12937 12938
f 12942 12938 12941
f 12941 12938 12939
f 12941 12939 12940
f 12945 12946 12944
f 12944 12946 12947
f 12949 12950 12948
f 12948 12950 12957
f 12957 12950 12951
f 12957 12951 12956
f 12956 12951 12952
f 12956 12952 12955
f 12955 12952 12953
f 12955 12953 12954
f 12958 12959 12963
f 12963 12959 12962
f 12962 12959 12960
f 12962 12960 12961
f 12964 12965 12975
f 12975 12965 12974
f 12974 12965 12966
f 12974 12966 12973
f 12973 12966 12967
f 12973 12967 12972
f 12972 12967 12968
f 12972 12968 12971
f 12971 12968 12969
f 12971 12969 12970
f 12976 12977 12979
f 12979 12977 12978
f 12980 12981 12997
f 12997 12981 12996
f 12996 12981 12995
f 12995 12981 12988
f 12995 12988 12989
f 12981 12982 12988
f 12988 12982 12987
f 12987 12982 12986
f 12986 12982 12983
f 12986 12983 12984
f 12984 12985 12986
f 12990 12991 12989
f 12989 12991 12992
f 12989 12992 12993
f 12993 12994 12989
f 12989 12994 12995
f 12998 12999 13001
f 13001 12999 13000
f 13002 13003 13005
f 13005 13003 13004
f 13006 13007 13009
f 13009 13007 13008
f 13010 13011 13035
f 13035 13011 13034
f 13034 13011 13012
f 13034 13012 13033
f 13033 13012 13014
f 13033 13014 13032
f 13032 13014 13031
f 13031 13014 13030
f 13030 13014 13021
f 13030 13021 13022
f 13012 13013 13014
f 13021 13014 13020
f 13020 13014 13015
f 13020 13015 13019
f 13019 13015 13018
f 13018 13015 13017
f 13017 13015 13016
f 13022 13023 13030
f 13030 13023 13024
f 13030 13024 13029
f 13029 13024 13028
f 13028 13024 13027
f 13027 13024 13025
f 13027 13025 13026
f 13036 13037 13039
f 13039 13037 13038
f 13040 13041 13043
f 13043 13041 13042
f 13045 13046 13044
f 13044 13046 13047
f 13049 13050 13048
f 13048 13050 13055
f 13055 13050 13051
f 13055 13051 13054
f 13054 13051 13052
f 13054 13052 13053
f 13056 13057 13073
f 13073 13057 13072
f 13072 13057 13071
f 13071 13057 13064
f 13071 13064 13065
f 13057 13058 13064
f 13064 13058 13063
f 13063 13058 13062
f 13062 13058 13059
f 13062 13059 13060
f 13060 13061 13062
f 13066 13067 13065
f 13065 13067 13068
f 13065 13068 13069
f 13069 13070 13065
f 13065 13070 13071
f 13079 13074 13078
f 13078 13074 13075
f 13078 13075 13077
f 13077 13075 13076
f 13080 13081 13083
f 13083 13081 13082
f 13084 13085 13095
f 13095 13085 13094
f 13094 13085 13086
f 13094 13086 13093
f 13093 13086 13087
f 13093 13087 13092
f 13092 13087 13088
f 13092 13088 13091
f 13091 13088 13089
f 13091 13089 13090
f 13096 13097 13101
f 13101 13097 13100
f 13100 13097 13098
f 13100 13098 13099
f 13103 13104 13102
f 13102 13104 13105
f 13102 13105 13127
f 13127 13105 13106
f 13127 13106 13125
f 13125 13106 13107
f 13125 13107 13108
f 13108 13109 13125
f 13125 13109 13118
f 13125 13118 13119
f 13110 13115 13109
f 13109 13115 13116
f 13109 13116 13117
f 13110 13111 13115
f 13115 13111 13112
f 13115 13112 13114
f 13114 13112 13113
f 13117 13118 13109
f 13125 13119 13124
f 13124 13119 13120
f 13124 13120 13121
f 13121 13122 13124
f 13124 13122 13123
f 13125 13126 13127
f 13128 13129 13131
f 13131 13129 13130
f 13133 13134 13132
f 13132 13134 13135
f 13132 13135 13157
f 13157 13135 13136
f 13157 13136 13155
f 13155 13136 13137
f 13155 13137 13138
f 13138 13139 13155
f 13155 13139 13148
f 13155 13148 13149
f 13140 13145 13139
f 13139 13145 13146
f 13139 13146 13147
f 13140 13141 13145
f 13145 13141 13142
f 13145 13142 13144
f 13144 13142 13143
f 13147 13148 13139
f 13155 13149 13154
f 13154 13149 13150
f 13154 13150 13151
f 13151 13152 13154
f 13154 13152 13153
f 13155 13156 13157
f 13158 13159 13161
f 13161 13159 13160
f 13163 13164 13162
f 13162 13164 13169
f 13169 13164 13165
f 13169 13165 13168
f 13168 13165 13166
f 13168 13166 13167
f 13170 13171 13173
f 13173 13171 13172
f 13174 13175 13177
f 13177 13175 13176
f 13178 13179 13203
f 13203 13179 13202
f 13202 13179 13180
f 13202 13180 13201
f 13201 13180 13182
f 13201 13182 13200
f 13200 13182 13199
f 13199 13182 13198
f 13198 13182 13189
f 13198 13189 13190
f 13180 13181 13182
f 13189 13182 13188
f 13188 13182 13183
f 13188 13183 13187
f 13187 13183 13186
f 13186 13183 13185
f 13185 13183 13184
f 13190 13191 13198
f 13198 13191 13192
f 13198 13192 13197
f 13197 13192 13196
f 13196 13192 13195
f 13195 13192 13193
f 13195 13193 13194
f 13205 13206 13204
f 13204 13206 13213
f 13213 13206 13207
f 13213 13207 13212
f 13212 13207 13208
f 13212 13208 13211
f 13211 13208 13209
f 13211 13209 13210
f 13215 13216 13214
f 13214 13216 13217
f 13218 13219 13221
f 13221 13219 13220
f 13222 13223 13227
f 13227 13223 13226
f 13226 13223 13224
f 13226 13224 13225
f 13228 13229 13235
f 13235 13229 13234
f 13234 13229 13230
f 13234 13230 13233
f 13233 13230 13231
f 13233 13231 13232
f 13237 13238 13236
f 13236 13238 13239
f 13241 13242 13240
f 13240 13242 13249
f 13249 13242 13243
f 13249 13243 13248
f 13248 13243 13244
f 13248 13244 13247
f 13247 13244 13245
f 13247 13245 13246
f 13251 13252 13250
f 13250 13252 13257
f 13257 13252 13253
f 13257 13253 13256
f 13256 13253 13254
f 13256 13254 13255
f 13259 13260 13258
f 13258 13260 13261
f 13273 13262 13272
f 13272 13262 13263
f 13272 13263 13271
f 13271 13263 13265
f 13271 13265 13270
f 13270 13265 13266
f 13270 13266 13269
f 13269 13266 13268
f 13268 13266 13267
f 13263 13264 13265
f 13274 13275 13277
f 13277 13275 13276
f 13279 13281 13278
f 13278 13281 13282
f 13278 13282 13288
f 13288 13282 13283
f 13288 13283 13287
f 13287 13283 13284
f 13287 13284 13285
f 13279 13280 13281
f 13285 13286 13287
f 13288 13289 13278
f 13290 13291 13293
f 13293 13291 13292
f 13294 13295 13301
f 13301 13295 13300
f 13300 13295 13296
f 13300 13296 13299
f 13299 13296 13297
f 13299 13297 13298
f 13302 13303 13305
f 13305 13303 13304
f 13306 13307 13313
f 13313 13307 13312
f 13312 13307 13308
f 13312 13308 13311
f 13311 13308 13309
f 13311 13309 13310
f 13315 13316 13314
f 13314 13316 13317
f 13319 13320 13318
f 13318 13320 13327
f 13327 13320 13321
f 13327 13321 13326
f 13326 13321 13322
f 13326 13322 13325
f 13325 13322 13323
f 13325 13323 13324
f 13329 13330 13328
f 13328 13330 13331
f 13332 13333 13335
f 13335 13333 13334
f 13336 13337 13339
f 13339 13337 13338
f 13341 13342 13340
f 13340 13342 13351
f 13351 13342 13343
f 13351 13343 13350
f 13350 13343 13344
f 13350 13344 13349
f 13349 13344 13345
f 13349 13345 13348
f 13348 13345 13346
f 13348 13346 13347
f 13352 13353 13359
f 13359 13353 13358
f 13358 13353 13354
f 13358 13354 13357
f 13357 13354 13355
f 13357 13355 13356
f 13360 13361 13385
f 13385 13361 13384
f 13384 13361 13362
f 13384 13362 13383
f 13383 13362 13364
f 13383 13364 13382
f 13382 13364 13381
f 13381 13364 13380
f 13380 13364 13371
f 13380 13371 13372
f 13362 13363 13364
f 13371 13364 13370
f 13370 13364 13365
f 13370 13365 13369
f 13369 13365 13368
f 13368 13365 13367
f 13367 13365 13366
f 13372 13373 13380
f 13380 13373 13374
f 13380 13374 13379
f 13379 13374 13378
f 13378 13374 13377
f 13377 13374 13375
f 13377 13375 13376
f 13387 13388 13386
f 13386 13388 13397
f 13397 13388 13389
f 13397 13389 13396
f 13396 13389 13390
f 13396 13390 13395
f 13395 13390 13391
f 13395 13391 13394
f 13394 13391 13392
f 13394 13392 13393
f 13398 13399 13401
f 13401 13399 13400
f 13402 13403 13405
f 13405 13403 13404
f 13407 13409 13406
f 13406 13409 13410
f 13406 13410 13416
f 13416 13410 13411
f 13416 13411 13415
f 13415 13411 13412
f 13415 13412 13413
f 13407 13408 13409
f 13413 13414 13415
f 13416 13417 13406
f 13419 13420 13418
f 13418 13420 13425
f 13425 13420 13421
f 13425 13421 13424
f 13424 13421 13422
f 13424 13422 13423
f 13437 13426 13436
f 13436 13426 13427
f 13436 13427 13435
f 13435 13427 13429
f 13435 13429 13434
f 13434 13429 13430
f 13434 13430 13433
f 13433 13430 13432
f 13432 13430 13431
f 13427 13428 13429
f 13438 13439 13445
f 13445 13439 13444
f 13444 13439 13440
f 13444 13440 13443
f 13443 13440 13441
f 13443 13441 13442
f 13447 13448 13446
f 13446 13448 13449
f 13451 13452 13450
f 13450 13452 13459
f 13459 13452 13453
f 13459 13453 13458
f 13458 13453 13454
f 13458 13454 13457
f 13457 13454 13455
f 13457 13455 13456
f 13460 13461 13476
f 13476 13461 13462
f 13476 13462 13475
f 13475 13462 13463
f 13475 13463 13474
f 13474 13463 13464
f 13474 13464 13468
f 13468 13464 13467
f 13467 13464 13466
f 13466 13464 13465
f 13468 13469 13474
f 13474 13469 13471
f 13474 13471 13472
f 13469 13470 13471
f 13472 13473 13474
f 13477 13478 13480
f 13480 13478 13479
f 13482 13483 13481
f 13481 13483 13488
f 13488 13483 13484
f 13488 13484 13487
f 13487 13484 13485
f 13487 13485 13486
f 13489 13490 13500
f 13500 13490 13499
f 13499 13490 13491
f 13499 13491 13498
f 13498 13491 13492
f 13498 13492 13497
f 13497 13492 13493
f 13497 13493 13496
f 13496 13493 13494
f 13496 13494 13495
f 13501 13502 13508
f 13508 13502 13507
f 13507 13502 13503
f 13507 13503 13506
f 13506 13503 13504
f 13506 13504 13505
f 13509 13510 13512
f 13512 13510 13511
f 13513 13514 13518
f 13518 13514 13517
f 13517 13514 13515
f 13517 13515 13516
f 13520 13521 13519
f 13519 13521 13530
f 13530 13521 13522
f 13530 13522 13529
f 13529 13522 13523
f 13529 13523 13528
f 13528 13523 13524
f 13528 13524 13527
f 13527 13524 13525
f 13527 13525 13526
f 13532 13533 13531
f 13531 13533 13534
f 13531 13534 13556
f 13556 13534 13535
f 13556 13535 13554
f 13554 13535 13536
f 13554 13536 13537
f 13537 13538 13554
f 13554 13538 13547
f 13554 13547 13548
f 13539 13544 13538
f 13538 13544 13545
f 13538 13545 13546
f 13539 13540 13544
f 13544 13540 13541
f 13544 13541 13543
f 13543 13541 13542
f 13546 13547 13538
f 13554 13548 13553
f 13553 13548 13549
f 13553 13549 13550
f 13550 13551 13553
f 13553 13551 13552
f 13554 13555 13556
f 13557 13558 13560
f 13560 13558 13559
f 13562 13563 13561
f 13561 13563 13568
f 13568 13563 13564
f 13568 13564 13567
f 13567 13564 13565
f 13567 13565 13566
f 13570 13571 13569
f 13569 13571 13576
f 13576 13571 13572
f 13576 13572 13575
f 13575 13572 13573
f 13575 13573 13574
f 13577 13578 13580
f 13580 13578 13579
f 13581 13582 13584
f 13584 13582 13583
f 13586 13587 13585
f 13585 13587 13592
f 13592 13587 13588
f 13592 13588 13591
f 13591 13588 13589
f 13591 13589 13590
f 13594 13595 13593
f 13593 13595 13600
f 13600 13595 13596
f 13600 13596 13599
f 13599 13596 13597
f 13599 13597 13598
f 13601 13602 13617
f 13617 13602 13603
f 13617 13603 13616
f 13616 13603 13604
f 13616 13604 13615
f 13615 13604 13605
f 13615 13605 13609
f 13609 13605 13608
f 13608 13605 13607
f 13607 13605 13606
f 13609 13610 13615
f 13615 13610 13612
f 13615 13612 13613
f 13610 13611 13612
f 13613 13614 13615
f 13629 13618 13628
f 13628 13618 13619
f 13628 13619 13627
f 13627 13619 13620
f 13627 13620 13626
f 13626 13620 13621
f 13626 13621 13625
f 13625 13621 13622
f 13625 13622 13624
f 13624 13622 13623
f 13631 13632 13630
f 13630 13632 13641
f 13641 13632 13633
f 13641 13633 13640
f 13640 13633 13634
f 13640 13634 13639
f 13639 13634 13635
f 13639 13635 13638
f 13638 13635 13636
f 13638 13636 13637
f 13643 13644 13642
f 13642 13644 13645
f 13642 13645 13667
f 13667 13645 13646
f 13667 13646 13665
f 13665 13646 13647
f 13665 13647 13648
f 13648 13649 13665
f 13665 13649 13658
f 13665 13658 13659
f 13650 13655 13649
f 13649 13655 13656
f 13649 13656 13657
f 13650 13651 13655
f 13655 13651 13652
f 13655 13652 13654
f 13654 13652 13653
f 13657 13658 13649
f 13665 13659 13664
f 13664 13659 13660
f 13664 13660 13661
f 13661 13662 13664
f 13664 13662 13663
f 13665 13666 13667
f 13668 13669 13671
f 13671 13669 13670
f 13672 13673 13679
f 13679 13673 13678
f 13678 13673 13674
f 13678 13674 13677
f 13677 13674 13675
f 13677 13675 13676
f 13680 13681 13683
f 13683 13681 13682
f 13685 13686 13684
f 13684 13686 13695
f 13695 13686 13687
f 13695 13687 13694
f 13694 13687 13688
f 13694 13688 13693
f 13693 13688 13689
f 13693 13689 13692
f 13692 13689 13690
f 13692 13690 13691
f 13696 13697 13721
f 13721 13697 13720
f 13720 13697 13698
f 13720 13698 13719
f 13719 13698 13700
f 13719 13700 13718
f 13718 13700 13717
f 13717 13700 13716
f 13716 13700 13707
f 13716 13707 13708
f 13698 13699 13700
f 13707 13700 13706
f 13706 13700 13701
f 13706 13701 13705
f 13705 13701 13704
f 13704 13701 13703
f 13703 13701 13702
f 13708 13709 13716
f 13716 13709 13710
f 13716 13710 13715
f 13715 13710 13714
f 13714 13710 13713
f 13713 13710 13711
f 13713 13711 13712
f 13722 13723 13725
f 13725 13723 13724
f 13727 13728 13726
f 13726 13728 13733
f 13733 13728 13729
f 13733 13729 13732
f 13732 13729 13730
f 13732 13730 13731
f 13734 13735 13741
f 13741 13735 13740
f 13740 13735 13736
f 13740 13736 13739
f 13739 13736 13737
f 13739 13737 13738
f 13743 13744 13742
f 13742 13744 13745
f 13747 13748 13746
f 13746 13748 13755
f 13755 13748 13749
f 13755 13749 13754
f 13754 13749 13750
f 13754 13750 13753
f 13753 13750 13751
f 13753 13751 13752
f 13756 13757 13781
f 13781 13757 13780
f 13780 13757 13758
f 13780 13758 13779
f 13779 13758 13760
f 13779 13760 13778
f 13778 13760 13777
f 13777 13760 13776
f 13776 13760 13767
f 13776 13767 13768
f 13758 13759 13760
f 13767 13760 13766
f 13766 13760 13761
f 13766 13761 13765
f 13765 13761 13764
f 13764 13761 13763
f 13763 13761 13762
f 13768 13769 13776
f 13776 13769 13770
f 13776 13770 13775
f 13775 13770 13774
f 13774 13770 13773
f 13773 13770 13771
f 13773 13771 13772
f 13782 13783 13785
f 13785 13783 13784
f 13786 13787 13789
f 13789 13787 13788
f 13790 13791 13793
f 13793 13791 13792
f 13794 13795 13797
f 13797 13795 13796
f 13798 13799 13801
f 13801 13799 13800
f 13803 13804 13802
f 13802 13804 13805
f 13807 13808 13806
f 13806 13808 13813
f 13813 13808 13809
f 13813 13809 13812
f 13812 13809 13810
f 13812 13810 13811
f 13815 13816 13814
f 13814 13816 13825
f 13825 13816 13817
f 13825 13817 13824
f 13824 13817 13818
f 13824 13818 13823
f 13823 13818 13819
f 13823 13819 13822
f 13822 13819 13820
f 13822 13820 13821
f 13827 13828 13826
f 13826 13828 13829
f 13826 13829 13851
f 13851 13829 13830
f 13851 13830 13849
f 13849 13830 13831
f 13849 13831 13832
f 13832 13833 13849
f 13849 13833 13842
f 13849 13842 13843
f 13834 13839 13833
f 13833 13839 13840
f 13833 13840 13841
f 13834 13835 13839
f 13839 13835 13836
f 13839 13836 13838
f 13838 13836 13837
f 13841 13842 13833
f 13849 13843 13848
f 13848 13843 13844
f 13848 13844 13845
f 13845 13846 13848
f 13848 13846 13847
f 13849 13850 13851
f 13853 13854 13852
f 13852 13854 13855
f 13857 13858 13856
f 13856 13858 13863
f 13863 13858 13859
f 13863 13859 13862
f 13862 13859 13860
f 13862 13860 13861
f 13864 13865 13867
f 13867 13865 13866
f 13869 13871 13868
f 13868 13871 13872
f 13868 13872 13878
f 13878 13872 13873
f 13878 13873 13877
f 13877 13873 13874
f 13877 13874 13875
f 13869 13870 13871
f 13875 13876 13877
f 13878 13879 13868
f 13881 13882 13880
f 13880 13882 13887
f 13887 13882 13883
f 13887 13883 13886
f 13886 13883 13884
f 13886 13884 13885
f 13899 13888 13898
f 13898 13888 13889
f 13898 13889 13897
f 13897 13889 13891
f 13897 13891 13896
f 13896 13891 13892
f 13896 13892 13895
f 13895 13892 13894
f 13894 13892 13893
f 13889 13890 13891
f 13900 13901 13903
f 13903 13901 13902
f 13905 13906 13904
f 13904 13906 13915
f 13915 13906 13907
f 13915 13907 13914
f 13914 13907 13908
f 13914 13908 13913
f 13913 13908 13909
f 13913 13909 13912
f 13912 13909 13910
f 13912 13910 13911
f 13916 13917 13941
f 13941 13917 13940
f 13940 13917 13918
f 13940 13918 13939
f 13939 13918 13920
f 13939 13920 13938
f 13938 13920 13937
f 13937 13920 13936
f 13936 13920 13927
f 13936 13927 13928
f 13918 13919 13920
f 13927 13920 13926
f 13926 13920 13921
f 13926 13921 13925
f 13925 13921 13924
f 13924 13921 13923
f 13923 13921 13922
f 13928 13929 13936
f 13936 13929 13930
f 13936 13930 13935
f 13935 13930 13934
f 13934 13930 13933
f 13933 13930 13931
f 13933 13931 13932
f 13942 13943 13945
f 13945 13943 13944
f 13946 13947 13949
f 13949 13947 13948
f 13951 13952 13950
f 13950 13952 13953
f 13954 13955 13957
f 13957 13955 13956
f 13958 13959 13961
f 13961 13959 13960
f 13963 13965 13962
f 13962 13965 13966
f 13962 13966 13972
f 13972 13966 13967
f 13972 13967 13971
f 13971 13967 13968
f 13971 13968 13969
f 13963 13964 13965
f 13969 13970 13971
f 13972 13973 13962
f 13975 13976 13974
f 13974 13976 13977
f 13978 13979 13981
f 13981 13979 13980
f 13993 13982 13992
f 13992 13982 13983
f 13992 13983 13991
f 13991 13983 13985
f 13991 13985 13990
f 13990 13985 13986
f 13990 13986 13989
f 13989 13986 13988
f 13988 13986 13987
f 13983 13984 13985
f 13995 13996 13994
f 13994 13996 13997
f 13999 14000 13998
f 13998 14000 14007
f 14007 14000 14001
f 14007 14001 14006
f 14006 14001 14002
f 14006 14002 14005
f 14005 14002 14003
f 14005 14003 14004
f 14008 14009 14011
f 14011 14009 14010
f 14012 14013 14019
f 14019 14013 14018
f 14018 14013 14014
f 14018 14014 14017
f 14017 14014 14015
f 14017 14015 14016
f 14020 14021 14023
f 14023 14021 14022
f 14024 14025 14027
f 14027 14025 14026
f 14039 14028 14038
f 14038 14028 14029
f 14038 14029 14037
f 14037 14029 14030
f 14037 14030 14036
f 14036 14030 14031
f 14036 14031 14035
f 14035 14031 14032
f 14035 14032 14034
f 14034 14032 14033
f 14045 14040 14044
f 14044 14040 14041
f 14044 14041 14043
f 14043 14041 14042
f 14057 14046 14056
f 14056 14046 14047
f 14056 14047 14055
f 14055 14047 14048
f 14055 14048 14054
f 14054 14048 14049
f 14054 14049 14053
f 14053 14049 14050
f 14053 14050 14052
f 14052 14050 14051
f 14058 14059 14061
f 14061 14059 14060
f 14063 14064 14062
f 14062 14064 14069
f 14069 14064 14065
f 14069 14065 14068
f 14068 14065 14066
f 14068 14066 14067
f 14071 14073 14070
f 14070 14073 14074
f 14070 14074 14080
f 14080 14074 14075
f 14080 14075 14079
f 14079 14075 14076
f 14079 14076 14077
f 14071 14072 14073
f 14077 14078 14079
f 14080 14081 14070
f 14082 14083 14085
f 14085 14083 14084
f 14097 14086 14096
f 14096 14086 14087
f 14096 14087 14095
f 14095 14087 14089
f 14095 14089 14094
f 14094 14089 14090
f 14094 14090 14093
f 14093 14090 14092
f 14092 14090 14091
f 14087 14088 14089
f 14099 14100 14098
f 14098 14100 14101
f 14098 14101 14123
f 14123 14101 14102
f 14123 14102 14121
f 14121 14102 14103
f 14121 14103 14104
f 14104 14105 14121
f 14121 14105 14114
f 14121 14114 14115
f 14106 14111 14105
f 14105 14111 14112
f 14105 14112 14113
f 14106 14107 14111
f 14111 14107 14108
f 14111 14108 14110
f 14110 14108 14109
f 14113 14114 14105
f 14121 14115 14120
f 14120 14115 14116
f 14120 14116 14117
f 14117 14118 14120
f 14120 14118 14119
f 14121 14122 14123
f 14124 14125 14127
f 14127 14125 14126
f 14129 14130 14128
f 14128 14130 14139
f 14139 14130 14131
f 14139 14131 14138
f 14138 14131 14132
f 14138 14132 14137
f 14137 14132 14133
f 14137 14133 14136
f 14136 14133 14134
f 14136 14134 14135
f 14140 14141 14151
f 14151 14141 14150
f 14150 14141 14142
f 14150 14142 14149
f 14149 14142 14143
f 14149 14143 14148
f 14148 14143 14144
f 14148 14144 14147
f 14147 14144 14145
f 14147 14145 14146
f 14152 14153 14159
f 14159 14153 14158
f 14158 14153 14154
f 14158 14154 14157
f 14157 14154 14155
f 14157 14155 14156
f 14161 14162 14160
f 14160 14162 14163
f 14164 14165 14175
f 14175 14165 14174
f 14174 14165 14166
f 14174 14166 14173
f 14173 14166 14167
f 14173 14167 14172
f 14172 14167 14168
f 14172 14168 14171
f 14171 14168 14169
f 14171 14169 14170
f 14177 14178 14176
f 14176 14178 14187
f 14187 14178 14179
f 14187 14179 14186
f 14186 14179 14180
f 14186 14180 14185
f 14185 14180 14181
f 14185 14181 14184
f 14184 14181 14182
f 14184 14182 14183
f 14189 14190 14188
f 14188 14190 14191
f 14193 14194 14192
f 14192 14194 14199
f 14199 14194 14195
f 14199 14195 14198
f 14198 14195 14196
f 14198 14196 14197
f 14201 14202 14200
f 14200 14202 14203
f 14215 14204 14214
f 14214 14204 14205
f 14214 14205 14213
f 14213 14205 14207
f 14213 14207 14212
f 14212 14207 14208
f 14212 14208 14211
f 14211 14208 14210
f 14210 14208 14209
f 14205 14206 14207
f 14216 14217 14219
f 14219 14217 14218
f 14221 14223 14220
f 14220 14223 14224
f 14220 14224 14230
f 14230 14224 14225
f 14230 14225 14229
f 14229 14225 14226
f 14229 14226 14227
f 14221 14222 14223
f 14227 14228 14229
f 14230 14231 14220
f 14232 14233 14235
f 14235 14233 14234
f 14236 14237 14253
f 14253 14237 14252
f 14252 14237 14251
f 14251 14237 14244
f 14251 14244 14245
f 14237 14238 14244
f 14244 14238 14243
f 14243 14238 14242
f 14242 14238 14239
f 14242 14239 14240
f 14240 14241 14242
f 14246 14247 14245
f 14245 14247 14248
f 14245 14248 14249
f 14249 14250 14245
f 14245 14250 14251
f 14254 14255 14257
f 14257 14255 14256
f 14258 14259 14261
f 14261 14259 14260
f 14263 14264 14262
f 14262 14264 14265
f 14267 14268 14266
f 14266 14268 14273
f 14273 14268 14269
f 14273 14269 14272
f 14272 14269 14270
f 14272 14270 14271
f 14274 14275 14279
f 14279 14275 14278
f 14278 14275 14276
f 14278 14276 14277
f 14280 14281 14283
f 14283 14281 14282
f 14284 14285 14309
f 14309 14285 14308
f 14308 14285 14286
f 14308 14286 14307
f 14307 14286 14288
f 14307 14288 14306
f 14306 14288 14305
f 14305 14288 14304
f 14304 14288 14295
f 14304 14295 14296
f 14286 14287 14288
f 14295 14288 14294
f 14294 14288 14289
f 14294 14289 14293
f 14293 14289 14292
f 14292 14289 14291
f 14291 14289 14290
f 14296 14297 14304
f 14304 14297 14298
f 14304 14298 14303
f 14303 14298 14302
f 14302 14298 14301
f 14301 14298 14299
f 14301 14299 14300
f 14310 14311 14313
f 14313 14311 14312
f 14314 14315 14317
f 14317 14315 14316
f 14319 14320 14318
f 14318 14320 14325
f 14325 14320 14321
f 14325 14321 14324
f 14324 14321 14322
f 14324 14322 14323
f 14326 14327 14329
f 14329 14327 14328
f 14330 14331 14347
f 14347 14331 14346
f 14346 14331 14345
f 14345 14331 14338
f 14345 14338 14339
f 14331 14332 14338
f 14338 14332 14337
f 14337 14332 14336
f 14336 14332 14333
f 14336 14333 14334
f 14334 14335 14336
f 14340 14341 14339
f 14339 14341 14342
f 14339 14342 14343
f 14343 14344 14339
f 14339 14344 14345
f 14359 14348 14358
f 14358 14348 14349
f 14358 14349 14357
f 14357 14349 14350
f 14357 14350 14356
f 14356 14350 14351
f 14356 14351 14355
f 14355 14351 14352
f 14355 14352 14354
f 14354 14352 14353
f 14360 14361 14363
f 14363 14361 14362
f 14365 14366 14364
f 14364 14366 14375
f 14375 14366 14367
f 14375 14367 14374
f 14374 14367 14368
f 14374 14368 14373
f 14373 14368 14369
f 14373 14369 14372
f 14372 14369 14370
f 14372 14370 14371
f 14377 14378 14376
f 14376 14378 14379
f 14385 14380 14384
f 14384 14380 14381
f 14384 14381 14383
f 14383 14381 14382
f 14386 14387 14389
f 14389 14387 14388
f 14390 14391 14393
f 14393 14391 14392
f 14394 14395 14397
f 14397 14395 14396
f 14398 14399 14401
f 14401 14399 14400
f 14402 14403 14405
f 14405 14403 14404
f 14407 14408 14406
f 14406 14408 14409
f 14406 14409 14431
f 14431 14409 14410
f 14431 14410 14429
f 14429 14410 14411
f 14429 14411 14412
f 14412 14413 14429
f 14429 14413 14422
f 14429 14422 14423
f 14414 14419 14413
f 14413 14419 14420
f 14413 14420 14421
f 14414 14415 14419
f 14419 14415 14416
f 14419 14416 14418
f 14418 14416 14417
f 14421 14422 14413
f 14429 14423 14428
f 14428 14423 14424
f 14428 14424 14425
f 14425 14426 14428
f 14428 14426 14427
f 14429 14430 14431
f 14432 14433 14435
f 14435 14433 14434
f 14437 14438 14436
f 14436 14438 14439
f 14441 14442 14440
f 14440 14442 14447
f 14447 14442 14443
f 14447 14443 14446
f 14446 14443 14444
f 14446 14444 14445
f 14448 14449 14451
f 14451 14449 14450
f 14463 14452 14462
f 14462 14452 14453
f 14462 14453 14461
f 14461 14453 14454
f 14461 14454 14460
f 14460 14454 14455
f 14460 14455 14459
f 14459 14455 14456
f 14459 14456 14458
f 14458 14456 14457
f 14465 14466 14464
f 14464 14466 14467
f 14464 14467 14489
f 14489 14467 14468
f 14489 14468 14487
f 14487 14468 14469
f 14487 14469 14470
f 14470 14471 14487
f 14487 14471 14480
f 14487 14480 14481
f 14472 14477 14471
f 14471 14477 14478
f 14471 14478 14479
f 14472 14473 14477
f 14477 14473 14474
f 14477 14474 14476
f 14476 14474 14475
f 14479 14480 14471
f 14487 14481 14486
f 14486 14481 14482
f 14486 14482 14483
f 14483 14484 14486
f 14486 14484 14485
f 14487 14488 14489
f 14490 14491 14501
f 14501 14491 14500
f 14500 14491 14492
f 14500 14492 14499
f 14499 14492 14493
f 14499 14493 14498
f 14498 14493 14494
f 14498 14494 14497
f 14497 14494 14495
f 14497 14495 14496
f 14502 14503 14505
f 14505 14503 14504
f 14506 14507 14511
f 14511 14507 14510
f 14510 14507 14508
f 14510 14508 14509
f 14512 14513 14515
f 14515 14513 14514
f 14517 14518 14516
f 14516 14518 14525
f 14525 14518 14519
f 14525 14519 14524
f 14524 14519 14520
f 14524 14520 14523
f 14523 14520 14521
f 14523 14521 14522
f 14526 14527 14529
f 14529 14527 14528
f 14530 14531 14533
f 14533 14531 14532
f 14534 14535 14537
f 14537 14535 14536
f 14539 14540 14538
f 14538 14540 14545
f 14545 14540 14541
f 14545 14541 14544
f 14544 14541 14542
f 14544 14542 14543
f 14546 14547 14549
f 14549 14547 14548
f 14550 14551 14553
f 14553 14551 14552
f 14575 14554 14560
f 14560 14554 14555
f 14560 14555 14556
f 14560 14556 14559
f 14559 14556 14557
f 14559 14557 14558
f 14561 14562 14560
f 14560 14562 14567
f 14560 14567 14568
f 14567 14562 14566
f 14566 14562 14563
f 14566 14563 14565
f 14565 14563 14564
f 14568 14569 14560
f 14560 14569 14570
f 14560 14570 14575
f 14575 14570 14574
f 14574 14570 14571
f 14574 14571 14572
f 14572 14573 14574
f 14576 14577 14579
f 14579 14577 14578
f 14581 14582 14580
f 14580 14582 14587
f 14587 14582 14583
f 14587 14583 14586
f 14586 14583 14584
f 14586 14584 14585
f 14589 14590 14588
f 14588 14590 14595
f 14595 14590 14591
f 14595 14591 14594
f 14594 14591 14592
f 14594 14592 14593
f 14596 14597 14599
f 14599 14597 14598
f 14600 14601 14603
f 14603 14601 14602
f 14605 14606 14604
f 14604 14606 14611
f 14611 14606 14607
f 14611 14607 14610
f 14610 14607 14608
f 14610 14608 14609
f 14613 14614 14612
f 14612 14614 14621
f 14621 14614 14615
f 14621 14615 14620
f 14620 14615 14616
f 14620 14616 14619
f 14619 14616 14617
f 14619 14617 14618
f 14623 14624 14622
f 14622 14624 14625
f 14637 14626 14636
f 14636 14626 14627
f 14636 14627 14635
f 14635 14627 14629
f 14635 14629 14634
f 14634 14629 14630
f 14634 14630 14633
f 14633 14630 14632
f 14632 14630 14631
f 14627 14628 14629
f 14638 14639 14641
f 14641 14639 14640
f 14643 14645 14642
f 14642 14645 14646
f 14642 14646 14652
f 14652 14646 14647
f 14652 14647 14651
f 14651 14647 14648
f 14651 14648 14649
f 14643 14644 14645
f 14649 14650 14651
f 14652 14653 14642
f 14654 14655 14657
f 14657 14655 14656
f 14659 14660 14658
f 14658 14660 14661
f 14662 14663 14674
f 14674 14663 14673
f 14673 14663 14667
f 14673 14667 14668
f 14664 14665 14663
f 14663 14665 14666
f 14663 14666 14667
f 14673 14668 14672
f 14672 14668 14669
f 14672 14669 14670
f 14670 14671 14672
f 14686 14675 14685
f 14685 14675 14676
f 14685 14676 14684
f 14684 14676 14678
f 14684 14678 14683
f 14683 14678 14679
f 14683 14679 14682
f 14682 14679 14681
f 14681 14679 14680
f 14676 14677 14678
f 14688 14690 14687
f 14687 14690 14691
f 14687 14691 14697
f 14697 14691 14692
f 14697 14692 14696
f 14696 14692 14693
f 14696 14693 14694
f 14688 14689 14690
f 14694 14695 14696
f 14697 14698 14687
f 14699 14700 14702
f 14702 14700 14701
f 14704 14705 14703
f 14703 14705 14706
f 14712 14707 14711
f 14711 14707 14708
f 14711 14708 14710
f 14710 14708 14709
f 14724 14713 14723
f 14723 14713 14714
f 14723 14714 14722
f 14722 14714 14715
f 14722 14715 14721
f 14721 14715 14716
f 14721 14716 14720
f 14720 14716 14717
f 14720 14717 14719
f 14719 14717 14718
f 14725 14726 14728
f 14728 14726 14727
f 14729 14730 14754
f 14754 14730 14753
f 14753 14730 14731
f 14753 14731 14752
f 14752 14731 14733
f 14752 14733 14751
f 14751 14733 14750
f 14750 14733 14749
f 14749 14733 14740
f 14749 14740 14741
f 14731 14732 14733
f 14740 14733 14739
f 14739 14733 14734
f 14739 14734 14738
f 14738 14734 14737
f 14737 14734 14736
f 14736 14734 14735
f 14741 14742 14749
f 14749 14742 14743
f 14749 14743 14748
f 14748 14743 14747
f 14747 14743 14746
f 14746 14743 14744
f 14746 14744 14745
f 14755 14756 14758
f 14758 14756 14757
f 14760 14761 14759
f 14759 14761 14768
f 14768 14761 14762
f 14768 14762 14767
f 14767 14762 14763
f 14767 14763 14766
f 14766 14763 14764
f 14766 14764 14765
f 14769 14770 14776
f 14776 14770 14775
f 14775 14770 14771
f 14775 14771 14774
f 14774 14771 14772
f 14774 14772 14773
f 14777 14778 14784
f 14784 14778 14783
f 14783 14778 14779
f 14783 14779 14782
f 14782 14779 14780
f 14782 14780 14781
f 14786 14787 14785
f 14785 14787 14794
f 14794 14787 14788
f 14794 14788 14793
f 14793 14788 14789
f 14793 14789 14792
f 14792 14789 14790
f 14792 14790 14791
f 14796 14797 14795
f 14795 14797 14798
f 14800 14801 14799
f 14799 14801 14802
f 14808 14803 14807
f 14807 14803 14804
f 14807 14804 14806
f 14806 14804 14805
f 14809 14810 14816
f 14816 14810 14815
f 14815 14810 14811
f 14815 14811 14814
f 14814 14811 14812
f 14814 14812 14813
f 14818 14819 14817
f 14817 14819 14820
f 14822 14823 14821
f 14821 14823 14830
f 14830 14823 14824
f 14830 14824 14829
f 14829 14824 14825
f 14829 14825 14828
f 14828 14825 14826
f 14828 14826 14827
f 14831 14832 14834
f 14834 14832 14833
f 14846 14835 14845
f 14845 14835 14836
f 14845 14836 14844
f 14844 14836 14838
f 14844 14838 14843
f 14843 14838 14839
f 14843 14839 14842
f 14842 14839 14841
f 14841 14839 14840
f 14836 14837 14838
f 14848 14849 14847
f 14847 14849 14850
f 14852 14854 14851
f 14851 14854 14855
f 14851 14855 14861
f 14861 14855 14856
f 14861 14856 14860
f 14860 14856 14857
f 14860 14857 14858
f 14852 14853 14854
f 14858 14859 14860
f 14861 14862 14851
f 14863 14864 14866
f 14866 14864 14865
f 14868 14869 14867
f 14867 14869 14870
f 14872 14873 14871
f 14871 14873 14882
f 14882 14873 14874
f 14882 14874 14881
f 14881 14874 14875
f 14881 14875 14880
f 14880 14875 14876
f 14880 14876 14879
f 14879 14876 14877
f 14879 14877 14878
f 14883 14884 14886
f 14886 14884 14885
f 14887 14888 14912
f 14912 14888 14911
f 14911 14888 14889
f 14911 14889 14910
f 14910 14889 14891
f 14910 14891 14909
f 14909 14891 14908
f 14908 14891 14907
f 14907 14891 14898
f 14907 14898 14899
f 14889 14890 14891
f 14898 14891 14897
f 14897 14891 14892
f 14897 14892 14896
f 14896 14892 14895
f 14895 14892 14894
f 14894 14892 14893
f 14899 14900 14907
f 14907 14900 14901
f 14907 14901 14906
f 14906 14901 14905
f 14905 14901 14904
f 14904 14901 14902
f 14904 14902 14903
f 14913 14914 14916
f 14916 14914 14915
f 14918 14919 14917
f 14917 14919 14924
f 14924 14919 14920
f 14924 14920 14923
f 14923 14920 14921
f 14923 14921 14922
f 14925 14926 14930
f 14930 14926 14929
f 14929 14926 14927
f 14929 14927 14928
f 14932 14933 14931
f 14931 14933 14934
f 14935 14936 14940
f 14940 14936 14939
f 14939 14936 14937
f 14939 14937 14938
f 14941 14942 14952
f 14952 14942 14951
f 14951 14942 14943
f 14951 14943 14950
f 14950 14943 14944
f 14950 14944 14949
f 14949 14944 14945
f 14949 14945 14948
f 14948 14945 14946
f 14948 14946 14947
f 14953 14954 14958
f 14958 14954 14957
f 14957 14954 14955
f 14957 14955 14956
f 14960 14961 14959
f 14959 14961 14962
f 14963 14964 14966
f 14966 14964 14965
f 14967 14968 14970
f 14970 14968 14969
f 14972 14974 14971
f 14971 14974 14975
f 14971 14975 14981
f 14981 14975 14976
f 14981 14976 14980
f 14980 14976 14977
f 14980 14977 14978
f 14972 14973 14974
f 14978 14979 14980
f 14981 14982 14971
f 14984 14985 14983
f 14983 14985 14990
f 14990 14985 14986
f 14990 14986 14989
f 14989 14986 14987
f 14989 14987 14988
f 15002 14991 15001
f 15001 14991 14992
f 15001 14992 15000
f 15000 14992 14994
f 15000 14994 14999
f 14999 14994 14995
f 14999 14995 14998
f 14998 14995 14997
f 14997 14995 14996
f 14992 14993 14994
f 15003 15004 15010
f 15010 15004 15009
f 15009 15004 15005
f 15009 15005 15008
f 15008 15005 15006
f 15008 15006 15007
f 15012 15013 15011
f 15011 15013 15014
f 15016 15017 15015
f 15015 15017 15018
f 15019 15020 15022
f 15022 15020 15021
f 15023 15024 15026
f 15026 15024 15025
f 15028 15030 15027
f 15027 15030 15031
f 15027 15031 15037
f 15037 15031 15032
f 15037 15032 15036
f 15036 15032 15033
f 15036 15033 15034
f 15028 15029 15030
f 15034 15035 15036
f 15037 15038 15027
f 15039 15040 15042
f 15042 15040 15041
f 15054 15043 15053
f 15053 15043 15044
f 15053 15044 15052
f 15052 15044 15046
f 15052 15046 15051
f 15051 15046 15047
f 15051 15047 15050
f 15050 15047 15049
f 15049 15047 15048
f 15044 15045 15046
f 15055 15056 15067
f 15067 15056 15066
f 15066 15056 15060
f 15066 15060 15061
f 15057 15058 15056
f 15056 15058 15059
f 15056 15059 15060
f 15066 15061 15065
f 15065 15061 15062
f 15065 15062 15063
f 15063 15064 15065
f 15069 15070 15068
f 15068 15070 15071
f 15068 15071 15075
f 15075 15071 15072
f 15075 15072 15073
f 15073 15074 15075
f 15076 15077 15092
f 15092 15077 15078
f 15092 15078 15091
f 15091 15078 15079
f 15091 15079 15090
f 15090 15079 15080
f 15090 15080 15084
f 15084 15080 15083
f 15083 15080 15082
f 15082 15080 15081
f 15084 15085 15090
f 15090 15085 15087
f 15090 15087 15088
f 15085 15086 15087
f 15088 15089 15090
f 15093 15094 15096
f 15096 15094 15095
f 15098 15099 15097
f 15097 15099 15104
f 15104 15099 15100
f 15104 15100 15103
f 15103 15100 15101
f 15103 15101 15102
f 15106 15107 15105
f 15105 15107 15112
f 15112 15107 15108
f 15112 15108 15111
f 15111 15108 15109
f 15111 15109 15110
f 15113 15114 15116
f 15116 15114 15115
f 15117 15118 15120
f 15120 15118 15119
f 15122 15123 15121
f 15121 15123 15128
f 15128 15123 15124
f 15128 15124 15127
f 15127 15124 15125
f 15127 15125 15126
f 15130 15131 15129
f 15129 15131 15132
f 15129 15132 15133
f 15134 15143 15133
f 15133 15143 15150
f 15133 15150 15129
f 15134 15135 15143
f 15143 15135 15136
f 15143 15136 15141
f 15141 15136 15137
f 15141 15137 15140
f 15140 15137 15138
f 15140 15138 15139
f 15141 15142 15143
f 15144 15147 15143
f 15143 15147 15148
f 15143 15148 15149
f 15145 15146 15144
f 15144 15146 15147
f 15149 15150 15143
f 15152 15153 15151
f 15151 15153 15154
f 15151 15154 15176
f 15176 15154 15155
f 15176 15155 15174
f 15174 15155 15156
f 15174 15156 15157
f 15157 15158 15174
f 15174 15158 15167
f 15174 15167 15168
f 15159 15164 15158
f 15158 15164 15165
f 15158 15165 15166
f 15159 15160 15164
f 15164 15160 15161
f 15164 15161 15163
f 15163 15161 15162
f 15166 15167 15158
f 15174 15168 15173
f 15173 15168 15169
f 15173 15169 15170
f 15170 15171 15173
f 15173 15171 15172
f 15174 15175 15176
f 15178 15179 15177
f 15177 15179 15180
f 15182 15183 15181
f 15181 15183 15184
f 15185 15186 15188
f 15188 15186 15187
f 15190 15191 15189
f 15189 15191 15195
f 15189 15195 15196
f 15191 15192 15195
f 15195 15192 15194
f 15194 15192 15193
f 15197 15198 15196
f 15196 15198 15199
f 15196 15199 15189
f 15201 15202 15200
f 15200 15202 15207
f 15207 15202 15203
f 15207 15203 15206
f 15206 15203 15204
f 15206 15204 15205
f 15208 15209 15224
f 15224 15209 15210
f 15224 15210 15223
f 15223 15210 15211
f 15223 15211 15222
f 15222 15211 15212
f 15222 15212 15216
f 15216 15212 15215
f 15215 15212 15214
f 15214 15212 15213
f 15216 15217 15222
f 15222 15217 15219
f 15222 15219 15220
f 15217 15218 15219
f 15220 15221 15222
f 15226 15227 15225
f 15225 15227 15228
f 15234 15229 15233
f 15233 15229 15230
f 15233 15230 15232
f 15232 15230 15231
f 15235 15236 15238
f 15238 15236 15237
f 15240 15241 15239
f 15239 15241 15246
f 15246 15241 15242
f 15246 15242 15245
f 15245 15242 15243
f 15245 15243 15244
f 15247 15248 15250
f 15250 15248 15249
f 15251 15252 15254
f 15254 15252 15253
f 15256 15257 15255
f 15255 15257 15258
f 15255 15258 15280
f 15280 15258 15259
f 15280 15259 15278
f 15278 15259 15260
f 15278 15260 15261
f 15261 15262 15278
f 15278 15262 15271
f 15278 15271 15272
f 15263 15268 15262
f 15262 15268 15269
f 15262 15269 15270
f 15263 15264 15268
f 15268 15264 15265
f 15268 15265 15267
f 15267 15265 15266
f 15270 15271 15262
f 15278 15272 15277
f 15277 15272 15273
f 15277 15273 15274
f 15274 15275 15277
f 15277 15275 15276
f 15278 15279 15280
f 15282 15283 15281
f 15281 15283 15292
f 15292 15283 15284
f 15292 15284 15291
f 15291 15284 15285
f 15291 15285 15290
f 15290 15285 15286
f 15290 15286 15289
f 15289 15286 15287
f 15289 15287 15288
f 15294 15295 15293
f 15293 15295 15296
f 15293 15296 15318
f 15318 15296 15297
f 15318 15297 15316
f 15316 15297 15298
f 15316 15298 15299
f 15299 15300 15316
f 15316 15300 15309
f 15316 15309 15310
f 15301 15306 15300
f 15300 15306 15307
f 15300 15307 15308
f 15301 15302 15306
f 15306 15302 15303
f 15306 15303 15305
f 15305 15303 15304
f 15308 15309 15300
f 15316 15310 15315
f 15315 15310 15311
f 15315 15311 15312
f 15312 15313 15315
f 15315 15313 15314
f 15316 15317 15318
f 15319 15320 15322
f 15322 15320 15321
f 15323 15324 15326
f 15326 15324 15325
f 15328 15329 15327
f 15327 15329 15334
f 15334 15329 15330
f 15334 15330 15333
f 15333 15330 15331
f 15333 15331 15332
f 15335 15336 15360
f 15360 15336 15359
f 15359 15336 15337
f 15359 15337 15358
f 15358 15337 15339
f 15358 15339 15357
f 15357 15339 15356
f 15356 15339 15355
f 15355 15339 15346
f 15355 15346 15347
f 15337 15338 15339
f 15346 15339 15345
f 15345 15339 15340
f 15345 15340 15344
f 15344 15340 15343
f 15343 15340 15342
f 15342 15340 15341
f 15347 15348 15355
f 15355 15348 15349
f 15355 15349 15354
f 15354 15349 15353
f 15353 15349 15352
f 15352 15349 15350
f 15352 15350 15351
f 15361 15362 15364
f 15364 15362 15363
f 15366 15367 15365
f 15365 15367 15374
f 15374 15367 15368
f 15374 15368 15373
f 15373 15368 15369
f 15373 15369 15372
f 15372 15369 15370
f 15372 15370 15371
f 15376 15377 15375
f 15375 15377 15386
f 15386 15377 15378
f 15386 15378 15385
f 15385 15378 15379
f 15385 15379 15384
f 15384 15379 15380
f 15384 15380 15383
f 15383 15380 15381
f 15383 15381 15382
f 15387 15388 15412
f 15412 15388 15411
f 15411 15388 15389
f 15411 15389 15410
f 15410 15389 15391
f 15410 15391 15409
f 15409 15391 15408
f 15408 15391 15407
f 15407 15391 15398
f 15407 15398 15399
f 15389 15390 15391
f 15398 15391 15397
f 15397 15391 15392
f 15397 15392 15396
f 15396 15392 15395
f 15395 15392 15394
f 15394 15392 15393
f 15399 15400 15407
f 15407 15400 15401
f 15407 15401 15406
f 15406 15401 15405
f 15405 15401 15404
f 15404 15401 15402
f 15404 15402 15403
f 15413 15414 15416
f 15416 15414 15415
f 15418 15419 15417
f 15417 15419 15420
f 15421 15422 15424
f 15424 15422 15423
f 15425 15426 15428
f 15428 15426 15427
f 15430 15431 15429
f 15429 15431 15436
f 15436 15431 15432
f 15436 15432 15435
f 15435 15432 15433
f 15435 15433 15434
f 15437 15438 15440
f 15440 15438 15439
f 15442 15443 15441
f 15441 15443 15448
f 15448 15443 15444
f 15448 15444 15447
f 15447 15444 15445
f 15447 15445 15446
f 15450 15451 15449
f 15449 15451 15456
f 15456 15451 15452
f 15456 15452 15455
f 15455 15452 15453
f 15455 15453 15454
f 15462 15457 15461
f 15461 15457 15458
f 15461 15458 15460
f 15460 15458 15459
f 15463 15464 15488
f 15488 15464 15487
f 15487 15464 15465
f 15487 15465 15486
f 15486 15465 15467
f 15486 15467 15485
f 15485 15467 15484
f 15484 15467 15483
f 15483 15467 15474
f 15483 15474 15475
f 15465 15466 15467
f 15474 15467 15473
f 15473 15467 15468
f 15473 15468 15472
f 15472 15468 15471
f 15471 15468 15470
f 15470 15468 15469
f 15475 15476 15483
f 15483 15476 15477
f 15483 15477 15482
f 15482 15477 15481
f 15481 15477 15480
f 15480 15477 15478
f 15480 15478 15479
f 15489 15490 15492
f 15492 15490 15491
f 15493 15494 15500
f 15500 15494 15499
f 15499 15494 15495
f 15499 15495 15498
f 15498 15495 15496
f 15498 15496 15497
f 15502 15503 15501
f 15501 15503 15510
f 15510 15503 15504
f 15510 15504 15509
f 15509 15504 15505
f 15509 15505 15508
f 15508 15505 15506
f 15508 15506 15507
f 15511 15512 15514
f 15514 15512 15513
f 15515 15516 15522
f 15522 15516 15521
f 15521 15516 15517
f 15521 15517 15520
f 15520 15517 15518
f 15520 15518 15519
f 15523 15524 15530
f 15530 15524 15529
f 15529 15524 15525
f 15529 15525 15528
f 15528 15525 15526
f 15528 15526 15527
f 15532 15533 15531
f 15531 15533 15534
f 15536 15537 15535
f 15535 15537 15544
f 15544 15537 15538
f 15544 15538 15543
f 15543 15538 15539
f 15543 15539 15542
f 15542 15539 15540
f 15542 15540 15541
f 15545 15546 15548
f 15548 15546 15547
f 15550 15551 15549
f 15549 15551 15552
f 15549 15552 15574
f 15574 15552 15553
f 15574 15553 15572
f 15572 15553 15554
f 15572 15554 15555
f 15555 15556 15572
f 15572 15556 15565
f 15572 15565 15566
f 15557 15562 15556
f 15556 15562 15563
f 15556 15563 15564
f 15557 15558 15562
f 15562 15558 15559
f 15562 15559 15561
f 15561 15559 15560
f 15564 15565 15556
f 15572 15566 15571
f 15571 15566 15567
f 15571 15567 15568
f 15568 15569 15571
f 15571 15569 15570
f 15572 15573 15574
f 15575 15576 15578
f 15578 15576 15577
f 15579 15580 15582
f 15582 15580 15581
f 15583 15584 15586
f 15586 15584 15585
f 15587 15588 15590
f 15590 15588 15589
f 15592 15593 15591
f 15591 15593 15594
f 15596 15597 15595
f 15595 15597 15598
f 15595 15598 15620
f 15620 15598 15599
f 15620 15599 15618
f 15618 15599 15600
f 15618 15600 15601
f 15601 15602 15618
f 15618 15602 15611
f 15618 15611 15612
f 15603 15608 15602
f 15602 15608 15609
f 15602 15609 15610
f 15603 15604 15608
f 15608 15604 15605
f 15608 15605 15607
f 15607 15605 15606
f 15610 15611 15602
f 15618 15612 15617
f 15617 15612 15613
f 15617 15613 15614
f 15614 15615 15617
f 15617 15615 15616
f 15618 15619 15620
f 15621 15622 15646
f 15646 15622 15645
f 15645 15622 15623
f 15645 15623 15644
f 15644 15623 15625
f 15644 15625 15643
f 15643 15625 15642
f 15642 15625 15641
f 15641 15625 15632
f 15641 15632 15633
f 15623 15624 15625
f 15632 15625 15631
f 15631 15625 15626
f 15631 15626 15630
f 15630 15626 15629
f 15629 15626 15628
f 15628 15626 15627
f 15633 15634 15641
f 15641 15634 15635
f 15641 15635 15640
f 15640 15635 15639
f 15639 15635 15638
f 15638 15635 15636
f 15638 15636 15637
f 15647 15648 15650
f 15650 15648 15649
f 15651 15652 15654
f 15654 15652 15653
f 15656 15657 15655
f 15655 15657 15658
f 15660 15661 15659
f 15659 15661 15662
f 15659 15662 15684
f 15684 15662 15663
f 15684 15663 15682
f 15682 15663 15664
f 15682 15664 15665
f 15665 15666 15682
f 15682 15666 15675
f 15682 15675 15676
f 15667 15672 15666
f 15666 15672 15673
f 15666 15673 15674
f 15667 15668 15672
f 15672 15668 15669
f 15672 15669 15671
f 15671 15669 15670
f 15674 15675 15666
f 15682 15676 15681
f 15681 15676 15677
f 15681 15677 15678
f 15678 15679 15681
f 15681 15679 15680
f 15682 15683 15684
f 15686 15687 15685
f 15685 15687 15688
f 15689 15690 15692
f 15692 15690 15691
f 15693 15694 15696
f 15696 15694 15695
f 15697 15698 15700
f 15700 15698 15699
f 15702 15703 15701
f 15701 15703 15704
f 15706 15707 15705
f 15705 15707 15710
f 15710 15707 15708
f 15710 15708 15709
f 15712 15713 15711
f 15711 15713 15714
f 15716 15717 15715
f 15715 15717 15722
f 15722 15717 15718
f 15722 15718 15721
f 15721 15718 15719
f 15721 15719 15720
f 15724 15725 15723
f 15723 15725 15726
f 15727 15728 15730
f 15730 15728 15729
f 15732 15734 15731
f 15731 15734 15735
f 15731 15735 15741
f 15741 15735 15736
f 15741 15736 15740
f 15740 15736 15737
f 15740 15737 15738
f 15732 15733 15734
f 15738 15739 15740
f 15741 15742 15731
f 15744 15745 15743
f 15743 15745 15746
f 15747 15748 15750
f 15750 15748 15749
f 15762 15751 15761
f 15761 15751 15752
f 15761 15752 15760
f 15760 15752 15754
f 15760 15754 15759
f 15759 15754 15755
f 15759 15755 15758
f 15758 15755 15757
f 15757 15755 15756
f 15752 15753 15754
f 15763 15764 15766
f 15766 15764 15765
f 15768 15769 15767
f 15767 15769 15770
f 15767 15770 15774
f 15774 15770 15771
f 15774 15771 15772
f 15772 15773 15774
f 15775 15776 15787
f 15787 15776 15786
f 15786 15776 15785
f 15785 15776 15779
f 15785 15779 15784
f 15784 15779 15780
f 15784 15780 15783
f 15783 15780 15782
f 15782 15780 15781
f 15777 15778 15776
f 15776 15778 15779
f 15788 15789 15798
f 15798 15789 15794
f 15798 15794 15797
f 15797 15794 15795
f 15797 15795 15796
f 15789 15790 15794
f 15794 15790 15793
f 15793 15790 15791
f 15793 15791 15792
f 15799 15800 15802
f 15802 15800 15801
f 15804 15805 15803
f 15803 15805 15806
f 15808 15809 15807
f 15807 15809 15810
f 15812 15813 15811
f 15811 15813 15820
f 15820 15813 15814
f 15820 15814 15819
f 15819 15814 15815
f 15819 15815 15818
f 15818 15815 15816
f 15818 15816 15817
f 15821 15822 15824
f 15824 15822 15823
f 15825 15826 15832
f 15832 15826 15831
f 15831 15826 15827
f 15831 15827 15830
f 15830 15827 15828
f 15830 15828 15829
f 15833 15834 15858
f 15858 15834 15857
f 15857 15834 15835
f 15857 15835 15856
f 15856 15835 15837
f 15856 15837 15855
f 15855 15837 15854
f 15854 15837 15853
f 15853 15837 15844
f 15853 15844 15845
f 15835 15836 15837
f 15844 15837 15843
f 15843 15837 15838
f 15843 15838 15842
f 15842 15838 15841
f 15841 15838 15840
f 15840 15838 15839
f 15845 15846 15853
f 15853 15846 15847
f 15853 15847 15852
f 15852 15847 15851
f 15851 15847 15850
f 15850 15847 15848
f 15850 15848 15849
f 15859 15860 15862
f 15862 15860 15861
f 15864 15865 15863
f 15863 15865 15872
f 15872 15865 15866
f 15872 15866 15871
f 15871 15866 15867
f 15871 15867 15870
f 15870 15867 15868
f 15870 15868 15869
f 15874 15875 15873
f 15873 15875 15880
f 15880 15875 15876
f 15880 15876 15879
f 15879 15876 15877
f 15879 15877 15878
f 15882 15884 15881
f 15881 15884 15885
f 15881 15885 15891
f 15891 15885 15886
f 15891 15886 15890
f 15890 15886 15887
f 15890 15887 15888
f 15882 15883 15884
f 15888 15889 15890
f 15891 15892 15881
f 15893 15894 15896
f 15896 15894 15895
f 15908 15897 15907
f 15907 15897 15898
f 15907 15898 15906
f 15906 15898 15900
f 15906 15900 15905
f 15905 15900 15901
f 15905 15901 15904
f 15904 15901 15903
f 15903 15901 15902
f 15898 15899 15900
f 15909 15910 15916
f 15916 15910 15915
f 15915 15910 15911
f 15915 15911 15914
f 15914 15911 15912
f 15914 15912 15913
f 15918 15919 15917
f 15917 15919 15920
f 15922 15923 15921
f 15921 15923 15930
f 15930 15923 15924
f 15930 15924 15929
f 15929 15924 15925
f 15929 15925 15928
f 15928 15925 15926
f 15928 15926 15927
f 15931 15932 15934
f 15934 15932 15933
f 15936 15937 15935
f 15935 15937 15946
f 15946 15937 15938
f 15946 15938 15945
f 15945 15938 15939
f 15945 15939 15944
f 15944 15939 15940
f 15944 15940 15943
f 15943 15940 15941
f 15943 15941 15942
f 15958 15947 15957
f 15957 15947 15948
f 15957 15948 15956
f 15956 15948 15949
f 15956 15949 15955
f 15955 15949 15950
f 15955 15950 15954
f 15954 15950 15951
f 15954 15951 15953
f 15953 15951 15952
f 15960 15961 15959
f 15959 15961 15962
f 15963 15964 15966
f 15966 15964 15965
f 15968 15969 15967
f 15967 15969 15974
f 15974 15969 15970
f 15974 15970 15973
f 15973 15970 15971
f 15973 15971 15972
f 15976 15978 15975
f 15975 15978 15979
f 15975 15979 15985
f 15985 15979 15980
f 15985 15980 15984
f 15984 15980 15981
f 15984 15981 15982
f 15976 15977 15978
f 15982 15983 15984
f 15985 15986 15975
f 15987 15988 15990
f 15990 15988 15989
f 16002 15991 16001
f 16001 15991 15992
f 16001 15992 16000
f 16000 15992 15994
f 16000 15994 15999
f 15999 15994 15995
f 15999 15995 15998
f 15998 15995 15997
f 15997 15995 15996
f 15992 15993 15994
f 16003 16004 16010
f 16010 16004 16009
f 16009 16004 16005
f 16009 16005 16008
f 16008 16005 16006
f 16008 16006 16007
f 16012 16013 16011
f 16011 16013 16022
f 16022 16013 16014
f 16022 16014 16021
f 16021 16014 16015
f 16021 16015 16020
f 16020 16015 16016
f 16020 16016 16019
f 16019 16016 16017
f 16019 16017 16018
f 16024 16025 16023
f 16023 16025 16034
f 16034 16025 16026
f 16034 16026 16033
f 16033 16026 16027
f 16033 16027 16032
f 16032 16027 16028
f 16032 16028 16031
f 16031 16028 16029
f 16031 16029 16030
f 16036 16037 16035
f 16035 16037 16038
f 16035 16038 16060
f 16060 16038 16039
f 16060 16039 16058
f 16058 16039 16040
f 16058 16040 16041
f 16041 16042 16058
f 16058 16042 16051
f 16058 16051 16052
f 16043 16048 16042
f 16042 16048 16049
f 16042 16049 16050
f 16043 16044 16048
f 16048 16044 16045
f 16048 16045 16047
f 16047 16045 16046
f 16050 16051 16042
f 16058 16052 16057
f 16057 16052 16053
f 16057 16053 16054
f 16054 16055 16057
f 16057 16055 16056
f 16058 16059 16060
f 16061 16062 16064
f 16064 16062 16063
f 16065 16066 16068
f 16068 16066 16067
f 16074 16069 16073
f 16073 16069 16070
f 16073 16070 16072
f 16072 16070 16071
f 16075 16076 16078
f 16078 16076 16077
f 16080 16082 16079
f 16079 16082 16083
f 16079 16083 16089
f 16089 16083 16084
f 16089 16084 16088
f 16088 16084 16085
f 16088 16085 16086
f 16080 16081 16082
f 16086 16087 16088
f 16089 16090 16079
f 16091 16092 16094
f 16094 16092 16093
f 16106 16095 16105
f 16105 16095 16096
f 16105 16096 16104
f 16104 16096 16098
f 16104 16098 16103
f 16103 16098 16099
f 16103 16099 16102
f 16102 16099 16101
f 16101 16099 16100
f 16096 16097 16098
f 16107 16108 16110
f 16110 16108 16109
f 16111 16112 16122
f 16122 16112 16121
f 16121 16112 16113
f 16121 16113 16120
f 16120 16113 16114
f 16120 16114 16119
f 16119 16114 16115
f 16119 16115 16118
f 16118 16115 16116
f 16118 16116 16117
f 16124 16125 16123
f 16123 16125 16134
f 16134 16125 16126
f 16134 16126 16133
f 16133 16126 16127
f 16133 16127 16132
f 16132 16127 16128
f 16132 16128 16131
f 16131 16128 16129
f 16131 16129 16130
f 16135 16136 16160
f 16160 16136 16159
f 16159 16136 16137
f 16159 16137 16158
f 16158 16137 16139
f 16158 16139 16157
f 16157 16139 16156
f 16156 16139 16155
f 16155 16139 16146
f 16155 16146 16147
f 16137 16138 16139
f 16146 16139 16145
f 16145 16139 16140
f 16145 16140 16144
f 16144 16140 16143
f 16143 16140 16142
f 16142 16140 16141
f 16147 16148 16155
f 16155 16148 16149
f 16155 16149 16154
f 16154 16149 16153
f 16153 16149 16152
f 16152 16149 16150
f 16152 16150 16151
f 16161 16162 16164
f 16164 16162 16163
f 16166 16167 16165
f 16165 16167 16172
f 16172 16167 16168
f 16172 16168 16171
f 16171 16168 16169
f 16171 16169 16170
f 16173 16174 16184
f 16184 16174 16183
f 16183 16174 16175
f 16183 16175 16182
f 16182 16175 16176
f 16182 16176 16181
f 16181 16176 16177
f 16181 16177 16180
f 16180 16177 16178
f 16180 16178 16179
f 16186 16187 16185
f 16185 16187 16188
f 16185 16188 16210
f 16210 16188 16189
f 16210 16189 16208
f 16208 16189 16190
f 16208 16190 16191
f 16191 16192 16208
f 16208 16192 16201
f 16208 16201 16202
f 16193 16198 16192
f 16192 16198 16199
f 16192 16199 16200
f 16193 16194 16198
f 16198 16194 16195
f 16198 16195 16197
f 16197 16195 16196
f 16200 16201 16192
f 16208 16202 16207
f 16207 16202 16203
f 16207 16203 16204
f 16204 16205 16207
f 16207 16205 16206
f 16208 16209 16210
f 16212 16213 16211
f 16211 16213 16222
f 16222 16213 16214
f 16222 16214 16221
f 16221 16214 16215
f 16221 16215 16220
f 16220 16215 16216
f 16220 16216 16219
f 16219 16216 16217
f 16219 16217 16218
f 16223 16224 16248
f 16248 16224 16247
f 16247 16224 16225
f 16247 16225 16246
f 16246 16225 16227
f 16246 16227 16245
f 16245 16227 16244
f 16244 16227 16243
f 16243 16227 16234
f 16243 16234 16235
f 16225 16226 16227
f 16234 16227 16233
f 16233 16227 16228
f 16233 16228 16232
f 16232 16228 16231
f 16231 16228 16230
f 16230 16228 16229
f 16235 16236 16243
f 16243 16236 16237
f 16243 16237 16242
f 16242 16237 16241
f 16241 16237 16240
f 16240 16237 16238
f 16240 16238 16239
f 16250 16251 16249
f 16249 16251 16260
f 16260 16251 16252
f 16260 16252 16259
f 16259 16252 16253
f 16259 16253 16258
f 16258 16253 16254
f 16258 16254 16257
f 16257 16254 16255
f 16257 16255 16256
f 16261 16262 16266
f 16266 16262 16265
f 16265 16262 16263
f 16265 16263 16264
f 16268 16269 16267
f 16267 16269 16278
f 16278 16269 16270
f 16278 16270 16277
f 16277 16270 16271
f 16277 16271 16276
f 16276 16271 16272
f 16276 16272 16275
f 16275 16272 16273
f 16275 16273 16274
f 16280 16281 16279
f 16279 16281 16282
f 16283 16284 16286
f 16286 16284 16285
f 16288 16289 16287
f 16287 16289 16294
f 16294 16289 16290
f 16294 16290 16293
f 16293 16290 16291
f 16293 16291 16292
f 16296 16297 16295
f 16295 16297 16298
f 16310 16299 16309
f 16309 16299 16300
f 16309 16300 16308
f 16308 16300 16302
f 16308 16302 16307
f 16307 16302 16303
f 16307 16303 16306
f 16306 16303 16305
f 16305 16303 16304
f 16300 16301 16302
f 16311 16312 16314
f 16314 16312 16313
f 16315 16316 16318
f 16318 16316 16317
f 16320 16321 16319
f 16319 16321 16326
f 16326 16321 16322
f 16326 16322 16325
f 16325 16322 16323
f 16325 16323 16324
f 16327 16328 16330
f 16330 16328 16329
f 16342 16331 16341
f 16341 16331 16332
f 16341 16332 16340
f 16340 16332 16334
f 16340 16334 16339
f 16339 16334 16335
f 16339 16335 16338
f 16338 16335 16337
f 16337 16335 16336
f 16332 16333 16334
f 16343 16344 16355
f 16355 16344 16354
f 16354 16344 16353
f 16353 16344 16347
f 16353 16347 16352
f 16352 16347 16348
f 16352 16348 16351
f 16351 16348 16350
f 16350 16348 16349
f 16345 16346 16344
f 16344 16346 16347
f 16357 16358 16356
f 16356 16358 16359
f 16360 16361 16377
f 16377 16361 16376
f 16376 16361 16375
f 16375 16361 16368
f 16375 16368 16369
f 16361 16362 16368
f 16368 16362 16367
f 16367 16362 16366
f 16366 16362 16363
f 16366 16363 16364
f 16364 16365 16366
f 16370 16371 16369
f 16369 16371 16372
f 16369 16372 16373
f 16373 16374 16369
f 16369 16374 16375
f 16378 16379 16381
f 16381 16379 16380
f 16382 16383 16385
f 16385 16383 16384
f 16387 16388 16386
f 16386 16388 16393
f 16393 16388 16389
f 16393 16389 16392
f 16392 16389 16390
f 16392 16390 16391
f 16394 16395 16397
f 16397 16395 16396
f 16399 16400 16398
f 16398 16400 16401
f 16402 16403 16405
f 16405 16403 16404
f 16406 16407 16416
f 16416 16407 16415
f 16415 16407 16414
f 16414 16407 16409
f 16414 16409 16413
f 16413 16409 16410
f 16413 16410 16412
f 16412 16410 16411
f 16407 16408 16409
f 16418 16419 16417
f 16417 16419 16424
f 16424 16419 16420
f 16424 16420 16423
f 16423 16420 16421
f 16423 16421 16422
f 16425 16426 16442
f 16442 16426 16441
f 16441 16426 16440
f 16440 16426 16433
f 16440 16433 16434
f 16426 16427 16433
f 16433 16427 16432
f 16432 16427 16431
f 16431 16427 16428
f 16431 16428 16429
f 16429 16430 16431
f 16435 16436 16434
f 16434 16436 16437
f 16434 16437 16438
f 16438 16439 16434
f 16434 16439 16440
f 16454 16443 16453
f 16453 16443 16444
f 16453 16444 16452
f 16452 16444 16445
f 16452 16445 16451
f 16451 16445 16446
f 16451 16446 16450
f 16450 16446 16447
f 16450 16447 16449
f 16449 16447 16448
f 16456 16457 16455
f 16455 16457 16466
f 16466 16457 16458
f 16466 16458 16465
f 16465 16458 16459
f 16465 16459 16464
f 16464 16459 16460
f 16464 16460 16463
f 16463 16460 16461
f 16463 16461 16462
f 16468 16469 16467
f 16467 16469 16470
f 16467 16470 16492
f 16492 16470 16471
f 16492 16471 16490
f 16490 16471 16472
f 16490 16472 16473
f 16473 16474 16490
f 16490 16474 16483
f 16490 16483 16484
f 16475 16480 16474
f 16474 16480 16481
f 16474 16481 16482
f 16475 16476 16480
f 16480 16476 16477
f 16480 16477 16479
f 16479 16477 16478
f 16482 16483 16474
f 16490 16484 16489
f 16489 16484 16485
f 16489 16485 16486
f 16486 16487 16489
f 16489 16487 16488
f 16490 16491 16492
f 16493 16494 16496
f 16496 16494 16495
f 16497 16498 16500
f 16500 16498 16499
f 16502 16503 16501
f 16501 16503 16504
f 16506 16507 16505
f 16505 16507 16512
f 16512 16507 16508
f 16512 16508 16511
f 16511 16508 16509
f 16511 16509 16510
f 16513 16514 16516
f 16516 16514 16515
f 16518 16519 16517
f 16517 16519 16528
f 16528 16519 16520
f 16528 16520 16527
f 16527 16520 16521
f 16527 16521 16526
f 16526 16521 16522
f 16526 16522 16525
f 16525 16522 16523
f 16525 16523 16524
f 16529 16530 16554
f 16554 16530 16553
f 16553 16530 16531
f 16553 16531 16552
f 16552 16531 16533
f 16552 16533 16551
f 16551 16533 16550
f 16550 16533 16549
f 16549 16533 16540
f 16549 16540 16541
f 16531 16532 16533
f 16540 16533 16539
f 16539 16533 16534
f 16539 16534 16538
f 16538 16534 16537
f 16537 16534 16536
f 16536 16534 16535
f 16541 16542 16549
f 16549 16542 16543
f 16549 16543 16548
f 16548 16543 16547
f 16547 16543 16546
f 16546 16543 16544
f 16546 16544 16545
f 16555 16556 16558
f 16558 16556 16557
f 16560 16561 16559
f 16559 16561 16562
f 16563 16564 16566
f 16566 16564 16565
f 16567 16568 16592
f 16592 16568 16591
f 16591 16568 16569
f 16591 16569 16590
f 16590 16569 16571
f 16590 16571 16589
f 16589 16571 16588
f 16588 16571 16587
f 16587 16571 16578
f 16587 16578 16579
f 16569 16570 16571
f 16578 16571 16577
f 16577 16571 16572
f 16577 16572 16576
f 16576 16572 16575
f 16575 16572 16574
f 16574 16572 16573
f 16579 16580 16587
f 16587 16580 16581
f 16587 16581 16586
f 16586 16581 16585
f 16585 16581 16584
f 16584 16581 16582
f 16584 16582 16583
f 16594 16595 16593
f 16593 16595 16596
f 16598 16599 16597
f 16597 16599 16600
f 16597 16600 16601
f 16597 16601 16607
f 16607 16601 16602
f 16607 16602 16606
f 16606 16602 16603
f 16606 16603 16604
f 16604 16605 16606
f 16607 16608 16597
f 16597 16608 16609
f 16610 16611 16613
f 16613 16611 16612
f 16615 16616 16614
f 16614 16616 16621
f 16621 16616 16617
f 16621 16617 16620
f 16620 16617 16618
f 16620 16618 16619
f 16623 16624 16622
f 16622 16624 16625
f 16626 16627 16629
f 16629 16627 16628
f 16631 16632 16630
f 16630 16632 16633
f 16635 16636 16634
f 16634 16636 16641
f 16641 16636 16637
f 16641 16637 16640
f 16640 16637 16638
f 16640 16638 16639
f 16642 16643 16645
f 16645 16643 16644
f 16646 16647 16649
f 16649 16647 16648
f 16650 16651 16653
f 16653 16651 16652
f 16654 16655 16657
f 16657 16655 16656
f 16658 16659 16661
f 16661 16659 16660
f 16662 16663 16665
f 16665 16663 16664
f 16666 16667 16669
f 16669 16667 16668
f 16681 16670 16680
f 16680 16670 16671
f 16680 16671 16679
f 16679 16671 16672
f 16679 16672 16678
f 16678 16672 16673
f 16678 16673 16677
f 16677 16673 16674
f 16677 16674 16676
f 16676 16674 16675
f 16693 16682 16692
f 16692 16682 16683
f 16692 16683 16691
f 16691 16683 16684
f 16691 16684 16690
f 16690 16684 16685
f 16690 16685 16689
f 16689 16685 16686
f 16689 16686 16688
f 16688 16686 16687
f 16695 16696 16694
f 16694 16696 16697
f 16694 16697 16719
f 16719 16697 16698
f 16719 16698 16717
f 16717 16698 16699
f 16717 16699 16700
f 16700 16701 16717
f 16717 16701 16710
f 16717 16710 16711
f 16702 16707 16701
f 16701 16707 16708
f 16701 16708 16709
f 16702 16703 16707
f 16707 16703 16704
f 16707 16704 16706
f 16706 16704 16705
f 16709 16710 16701
f 16717 16711 16716
f 16716 16711 16712
f 16716 16712 16713
f 16713 16714 16716
f 16716 16714 16715
f 16717 16718 16719
f 16720 16721 16723
f 16723 16721 16722
f 16724 16725 16727
f 16727 16725 16726
f 16728 16729 16739
f 16739 16729 16738
f 16738 16729 16730
f 16738 16730 16737
f 16737 16730 16731
f 16737 16731 16736
f 16736 16731 16732
f 16736 16732 16735
f 16735 16732 16733
f 16735 16733 16734
f 16740 16741 16743
f 16743 16741 16742
f 16744 16745 16747
f 16747 16745 16746
f 16748 16749 16755
f 16755 16749 16754
f 16754 16749 16750
f 16754 16750 16753
f 16753 16750 16751
f 16753 16751 16752
f 16757 16759 16756
f 16756 16759 16760
f 16756 16760 16766
f 16766 16760 16761
f 16766 16761 16765
f 16765 16761 16762
f 16765 16762 16763
f 16757 16758 16759
f 16763 16764 16765
f 16766 16767 16756
f 16768 16769 16771
f 16771 16769 16770
f 16772 16773 16775
f 16775 16773 16774
f 16776 16777 16779
f 16779 16777 16778
f 16780 16781 16783
f 16783 16781 16782
f 16784 16785 16795
f 16795 16785 16794
f 16794 16785 16786
f 16794 16786 16793
f 16793 16786 16787
f 16793 16787 16792
f 16792 16787 16788
f 16792 16788 16791
f 16791 16788 16789
f 16791 16789 16790
f 16797 16798 16796
f 16796 16798 16799
f 16800 16801 16803
f 16803 16801 16802
f 16805 16806 16804
f 16804 16806 16815
f 16815 16806 16807
f 16815 16807 16814
f 16814 16807 16808
f 16814 16808 16813
f 16813 16808 16809
f 16813 16809 16812
f 16812 16809 16810
f 16812 16810 16811
f 16816 16817 16819
f 16819 16817 16818
f 16820 16821 16823
f 16823 16821 16822
f 16845 16824 16830
f 16830 16824 16825
f 16830 16825 16826
f 16830 16826 16829
f 16829 16826 16827
f 16829 16827 16828
f 16831 16832 16830
f 16830 16832 16837
f 16830 16837 16838
f 16837 16832 16836
f 16836 16832 16833
f 16836 16833 16835
f 16835 16833 16834
f 16838 16839 16830
f 16830 16839 16840
f 16830 16840 16845
f 16845 16840 16844
f 16844 16840 16841
f 16844 16841 16842
f 16842 16843 16844
f 16846 16847 16849
f 16849 16847 16848
f 16850 16851 16853
f 16853 16851 16852
f 16855 16856 16854
f 16854 16856 16861
f 16861 16856 16857
f 16861 16857 16860
f 16860 16857 16858
f 16860 16858 16859
f 16863 16864 16862
f 16862 16864 16869
f 16869 16864 16865
f 16869 16865 16868
f 16868 16865 16866
f 16868 16866 16867
f 16870 16871 16873
f 16873 16871 16872
f 16875 16877 16874
f 16874 16877 16878
f 16874 16878 16884
f 16884 16878 16879
f 16884 16879 16883
f 16883 16879 16880
f 16883 16880 16881
f 16875 16876 16877
f 16881 16882 16883
f 16884 16885 16874
f 16886 16887 16889
f 16889 16887 16888
f 16890 16891 16900
f 16900 16891 16896
f 16900 16896 16899
f 16899 16896 16897
f 16899 16897 16898
f 16891 16892 16896
f 16896 16892 16895
f 16895 16892 16893
f 16895 16893 16894
f 16901 16902 16911
f 16911 16902 16910
f 16910 16902 16909
f 16909 16902 16904
f 16909 16904 16908
f 16908 16904 16905
f 16908 16905 16907
f 16907 16905 16906
f 16902 16903 16904
f 16913 16926 16912
f 16912 16926 16927
f 16912 16927 16928
f 16926 16913 16924
f 16924 16913 16914
f 16924 16914 16923
f 16923 16914 16915
f 16923 16915 16916
f 16917 16921 16916
f 16916 16921 16922
f 16916 16922 16923
f 16917 16918 16921
f 16921 16918 16919
f 16921 16919 16920
f 16924 16925 16926
f 16912 16928 16934
f 16934 16928 16929
f 16934 16929 16933
f 16933 16929 16930
f 16933 16930 16931
f 16931 16932 16933
f 16935 16937 16934
f 16934 16937 16938
f 16934 16938 16939
f 16935 16936 16937
f 16939 16940 16934
f 16934 16940 16912
f 16942 16943 16941
f 16941 16943 16950
f 16950 16943 16944
f 16950 16944 16949
f 16949 16944 16945
f 16949 16945 16948
f 16948 16945 16946
f 16948 16946 16947
f 16951 16952 16962
f 16962 16952 16961
f 16961 16952 16953
f 16961 16953 16960
f 16960 16953 16954
f 16960 16954 16959
f 16959 16954 16955
f 16959 16955 16958
f 16958 16955 16956
f 16958 16956 16957
f 16963 16964 16988
f 16988 16964 16987
f 16987 16964 16965
f 16987 16965 16986
f 16986 16965 16967
f 16986 16967 16985
f 16985 16967 16984
f 16984 16967 16983
f 16983 16967 16974
f 16983 16974 16975
f 16965 16966 16967
f 16974 16967 16973
f 16973 16967 16968
f 16973 16968 16972
f 16972 16968 16971
f 16971 16968 16970
f 16970 16968 16969
f 16975 16976 16983
f 16983 16976 16977
f 16983 16977 16982
f 16982 16977 16981
f 16981 16977 16980
f 16980 16977 16978
f 16980 16978 16979
f 17000 16989 16999
f 16999 16989 16990
f 16999 16990 16998
f 16998 16990 16992
f 16998 16992 16997
f 16997 16992 16993
f 16997 16993 16996
f 16996 16993 16995
f 16995 16993 16994
f 16990 16991 16992
f 17002 17004 17001
f 17001 17004 17005
f 17001 17005 17011
f 17011 17005 17006
f 17011 17006 17010
f 17010 17006 17007
f 17010 17007 17008
f 17002 17003 17004
f 17008 17009 17010
f 17011 17012 17001
f 17013 17014 17016
f 17016 17014 17015
f 17027 17017 17022
f 17022 17017 17018
f 17022 17018 17021
f 17021 17018 17020
f 17020 17018 17019
f 17022 17023 17027
f 17027 17023 17026
f 17026 17023 17024
f 17026 17024 17025
f 17029 17030 17028
f 17028 17030 17033
f 17028 17033 17034
f 17030 17031 17033
f 17033 17031 17032
f 17028 17034 17037
f 17037 17034 17035
f 17037 17035 17036
f 17028 17037 17047
f 17047 17037 17038
f 17047 17038 17041
f 17041 17038 17039
f 17041 17039 17040
f 17041 17042 17047
f 17047 17042 17045
f 17047 17045 17046
f 17042 17043 17045
f 17045 17043 17044
f 17049 17050 17048
f 17048 17050 17055
f 17055 17050 17051
f 17055 17051 17054
f 17054 17051 17052
f 17054 17052 17053
f 17067 17056 17066
f 17066 17056 17057
f 17066 17057 17065
f 17065 17057 17059
f 17065 17059 17064
f 17064 17059 17060
f 17064 17060 17063
f 17063 17060 17062
f 17062 17060 17061
f 17057 17058 17059
f 17068 17069 17071
f 17071 17069 17070
f 17073 17075 17072
f 17072 17075 17076
f 17072 17076 17082
f 17082 17076 17077
f 17082 17077 17081
f 17081 17077 17078
f 17081 17078 17079
f 17073 17074 17075
f 17079 17080 17081
f 17082 17083 17072
f 17085 17086 17084
f 17084 17086 17087
f 17088 17089 17091
f 17091 17089 17090
f 17092 17093 17095
f 17095 17093 17094
f 17097 17098 17096
f 17096 17098 17099
f 17105 17100 17104
f 17104 17100 17101
f 17104 17101 17103
f 17103 17101 17102
f 17117 17106 17116
f 17116 17106 17107
f 17116 17107 17115
f 17115 17107 17108
f 17115 17108 17114
f 17114 17108 17109
f 17114 17109 17113
f 17113 17109 17110
f 17113 17110 17112
f 17112 17110 17111
f 17118 17119 17121
f 17121 17119 17120
f 17133 17122 17132
f 17132 17122 17123
f 17132 17123 17131
f 17131 17123 17125
f 17131 17125 17130
f 17130 17125 17126
f 17130 17126 17129
f 17129 17126 17128
f 17128 17126 17127
f 17123 17124 17125
f 17135 17136 17134
f 17134 17136 17137
f 17139 17141 17138
f 17138 17141 17142
f 17138 17142 17148
f 17148 17142 17143
f 17148 17143 17147
f 17147 17143 17144
f 17147 17144 17145
f 17139 17140 17141
f 17145 17146 17147
f 17148 17149 17138
f 17150 17151 17153
f 17153 17151 17152
f 17159 17154 17158
f 17158 17154 17155
f 17158 17155 17157
f 17157 17155 17156
f 17161 17162 17160
f 17160 17162 17167
f 17167 17162 17163
f 17167 17163 17166
f 17166 17163 17164
f 17166 17164 17165
f 17173 17168 17172
f 17172 17168 17169
f 17172 17169 17171
f 17171 17169 17170
f 17175 17176 17174
f 17174 17176 17181
f 17181 17176 17177
f 17181 17177 17180
f 17180 17177 17178
f 17180 17178 17179
f 17182 17183 17189
f 17189 17183 17188
f 17188 17183 17184
f 17188 17184 17187
f 17187 17184 17185
f 17187 17185 17186
f 17191 17192 17190
f 17190 17192 17199
f 17199 17192 17193
f 17199 17193 17198
f 17198 17193 17194
f 17198 17194 17197
f 17197 17194 17195
f 17197 17195 17196
f 17201 17202 17200
f 17200 17202 17203
f 17200 17203 17209
f 17209 17203 17208
f 17208 17203 17204
f 17208 17204 17207
f 17207 17204 17206
f 17206 17204 17205
f 17209 17210 17200
f 17200 17210 17211
f 17200 17211 17212
f 17213 17214 17216
f 17216 17214 17215
f 17228 17217 17227
f 17227 17217 17218
f 17227 17218 17226
f 17226 17218 17220
f 17226 17220 17225
f 17225 17220 17221
f 17225 17221 17224
f 17224 17221 17223
f 17223 17221 17222
f 17218 17219 17220
f 17230 17231 17229
f 17229 17231 17232
f 17234 17236 17233
f 17233 17236 17237
f 17233 17237 17243
f 17243 17237 17238
f 17243 17238 17242
f 17242 17238 17239
f 17242 17239 17240
f 17234 17235 17236
f 17240 17241 17242
f 17243 17244 17233
f 17256 17245 17255
f 17255 17245 17246
f 17255 17246 17254
f 17254 17246 17247
f 17254 17247 17253
f 17253 17247 17248
f 17253 17248 17252
f 17252 17248 17249
f 17252 17249 17251
f 17251 17249 17250
f 17258 17259 17257
f 17257 17259 17260
f 17262 17263 17261
f 17261 17263 17264
f 17266 17267 17265
f 17265 17267 17268
f 17265 17268 17290
f 17290 17268 17269
f 17290 17269 17288
f 17288 17269 17270
f 17288 17270 17271
f 17271 17272 17288
f 17288 17272 17281
f 17288 17281 17282
f 17273 17278 17272
f 17272 17278 17279
f 17272 17279 17280
f 17273 17274 17278
f 17278 17274 17275
f 17278 17275 17277
f 17277 17275 17276
f 17280 17281 17272
f 17288 17282 17287
f 17287 17282 17283
f 17287 17283 17284
f 17284 17285 17287
f 17287 17285 17286
f 17288 17289 17290
f 17292 17294 17291
f 17291 17294 17295
f 17291 17295 17301
f 17301 17295 17296
f 17301 17296 17300
f 17300 17296 17297
f 17300 17297 17298
f 17292 17293 17294
f 17298 17299 17300
f 17301 17302 17291
f 17303 17304 17306
f 17306 17304 17305
f 17307 17308 17310
f 17310 17308 17309
f 17312 17313 17311
f 17311 17313 17314
f 17316 17317 17315
f 17315 17317 17326
f 17326 17317 17318
f 17326 17318 17325
f 17325 17318 17319
f 17325 17319 17324
f 17324 17319 17320
f 17324 17320 17323
f 17323 17320 17321
f 17323 17321 17322
f 17327 17328 17334
f 17334 17328 17333
f 17333 17328 17329
f 17333 17329 17332
f 17332 17329 17330
f 17332 17330 17331
f 17335 17336 17338
f 17338 17336 17337
f 17339 17340 17346
f 17346 17340 17345
f 17345 17340 17341
f 17345 17341 17344
f 17344 17341 17342
f 17344 17342 17343
