v 0.0502508684 -0.208219943 0.0835392957
v 0.0503153058 -0.204495199 0.0798801155
v 0.0583140874 -0.204496423 0.0800197267
v 0.0619414759 -0.208221731 0.0837433443
v 0.0489984503 -0.208887089 0.15528855
v 0.0492205705 -0.196047637 0.142675099
v 0.0652181339 -0.196050085 0.142954322
v 0.0649960137 -0.208889537 0.155567772
v 0.0423644707 -0.185727132 0.163110957
v 0.064861044 -0.185730574 0.163503614
v 0.0648610433 -0.184730612 0.163512417
v 0.04236447 -0.184727171 0.16311976
v 0.0508039606 -0.199248955 0.0519294808
v 0.0508039639 -0.204248761 0.0518854674
v 0.055265972 -0.202204053 0.0519813532
v 0.0555218687 -0.201935191 0.0519881868
v 0.0555218684 -0.201563969 0.0519914547
v 0.0552659714 -0.201295029 0.0519893554
v 0.0428543457 -0.189889702 0.135007945
v 0.0653509189 -0.189893144 0.135400601
v 0.0653675166 -0.189575768 0.134452447
v 0.0428709434 -0.189572326 0.13405979
v 0.0489984503 -0.208887089 0.15528855
v 0.0494427076 -0.208663043 0.129837569
v 0.0492205705 -0.196047637 0.142675099
v 0.0493078308 -0.19600363 0.137676055
v 0.049529968 -0.208619037 0.124838524
v 0.0497520882 -0.195779585 0.112225072
v 0.0491333101 -0.196091644 0.147674144
v 0.0489111814 -0.196203667 0.160399635
v 0.0489111899 -0.208931096 0.160287595
v 0.0500904447 -0.212108312 0.0926964081
v 0.0490696303 -0.212623125 0.15117767
v 0.0489282338 -0.211220259 0.159291026
v 0.0488049616 -0.207048889 0.166390253
v 0.0487156164 -0.200643758 0.171565274
v 0.0486716515 -0.192825962 0.174152684
v 0.0486716515 -0.1928246 0.174152696
v 0.0494426937 -0.192435751 0.129980597
v 0.0500904314 -0.192109087 0.0928724617
v 0.0501491517 -0.192522421 0.0895045612
v 0.050203871 -0.19379348 0.0863583759
v 0.0502508602 -0.195835645 0.083648315
v 0.0503153025 -0.199495393 0.0799241289
v 0.0506643439 -0.199319366 0.0599279544
v 0.0506643472 -0.204319172 0.059883941
v 0.0503153058 -0.204495199 0.0798801155
v 0.0502508684 -0.208219943 0.0835392957
v 0.050203882 -0.210309502 0.086212985
v 0.0501491644 -0.211635751 0.0893363061
v 0.0498393485 -0.195735578 0.10722603
v 0.0496172283 -0.20857503 0.119839479
v 0.0500425111 -0.208360553 0.0954755316
v 0.0499076343 -0.19570114 0.103314019
v 0.0501297714 -0.208316546 0.0904764868
v 0.050129763 -0.195589117 0.0905885266
v 0.0422238166 -0.184798104 0.171177632
v 0.0647203898 -0.184801546 0.171570288
v 0.0646865226 -0.184818626 0.173510505
v 0.0421899493 -0.184815184 0.173117849
v 0.0428709373 -0.180371135 0.134140789
v 0.0653675105 -0.180374577 0.134533445
v 0.0653509124 -0.180073942 0.13548704
v 0.0428543391 -0.1800705 0.135094383
v 0.0428438748 -0.181921316 0.135677698
v 0.0653404481 -0.181924758 0.136070354
v 0.0653349905 -0.18189568 0.136383291
v 0.0653295048 -0.181898446 0.136697563
v 0.0653240472 -0.181933029 0.137009939
v 0.042827474 -0.181929587 0.136617282
v 0.0428329315 -0.181895005 0.136304906
v 0.0428384172 -0.181892238 0.135990634
v 0.0421726417 -0.192824967 0.17403925
v 0.0486716515 -0.192825962 0.174152684
v 0.0487156164 -0.200643758 0.171565274
v 0.0488049616 -0.207048889 0.166390253
v 0.0489282338 -0.211220259 0.159291026
v 0.0490696303 -0.212623125 0.15117767
v 0.0650671937 -0.212625572 0.151456893
v 0.0649135843 -0.210952337 0.160272342
v 0.0647833581 -0.20603243 0.167776542
v 0.0646963411 -0.198614864 0.172827046
v 0.0646657807 -0.189828894 0.17465496
v 0.0421692074 -0.189825453 0.174262303
v 0.0421695899 -0.190828218 0.174231599
v 0.0421707354 -0.191828691 0.174157201
v 0.0647203905 -0.185801507 0.171561485
v 0.0422238172 -0.185798066 0.171168829
v 0.04218995 -0.185815146 0.173109046
v 0.0646865232 -0.185818587 0.173501702
v 0.0498393485 -0.195735578 0.10722603
v 0.0500425111 -0.208360553 0.0954755316
v 0.0660400745 -0.208363 0.0957547541
v 0.065836912 -0.195738025 0.107505252
v 0.0427702081 -0.181679225 0.139900423
v 0.0652667814 -0.181682667 0.14029308
v 0.0652565239 -0.182496826 0.140873631
v 0.0427599506 -0.182493384 0.140480974
v 0.0427976081 -0.182806012 0.138320714
v 0.0652941814 -0.182809454 0.13871337
v 0.0652667814 -0.181682667 0.14029308
v 0.0427702081 -0.181679225 0.139900423
v 0.0508388647 -0.199231352 0.0499298648
v 0.050838868 -0.204231159 0.0498858514
v 0.0508039639 -0.204248761 0.0518854674
v 0.0508039606 -0.199248955 0.0519294808
v 0.0652788569 -0.185519864 0.139567599
v 0.0427822837 -0.185516422 0.139174943
v 0.0427484164 -0.185533502 0.14111516
v 0.0652449897 -0.185536944 0.141507816
v 0.0496172283 -0.20857503 0.119839479
v 0.0498393485 -0.195735578 0.10722603
v 0.065836912 -0.195738025 0.107505252
v 0.0656147918 -0.208577477 0.120118702
v 0.042325534 -0.183853072 0.165358193
v 0.0648221073 -0.183856514 0.165750849
v 0.0648495057 -0.182702091 0.164191221
v 0.0423529325 -0.18269865 0.163798565
v 0.0489111814 -0.196203667 0.160399635
v 0.0491333101 -0.196091644 0.147674144
v 0.0651308735 -0.196094091 0.147953367
v 0.0649087449 -0.196206114 0.160678857
v 0.0492205705 -0.196047637 0.142675099
v 0.0494427076 -0.208663043 0.129837569
v 0.065440271 -0.208665491 0.130116792
v 0.0652181339 -0.196050085 0.142954322
v 0.0428890698 -0.185462568 0.133057288
v 0.0653856431 -0.18546601 0.133449945
v 0.0654195104 -0.18544893 0.131509728
v 0.0429229371 -0.185445489 0.131117071
v 0.055265972 -0.202204053 0.0519813532
v 0.0508039639 -0.204248761 0.0518854674
v 0.0506643472 -0.204319172 0.059883941
v 0.0551263554 -0.202274464 0.0599798268
v 0.042759954 -0.187562023 0.140436355
v 0.0652565272 -0.187565465 0.140829012
v 0.0652667858 -0.188369277 0.140234217
v 0.0427702126 -0.188365835 0.139841561
v 0.0423529325 -0.18269865 0.163798565
v 0.0648495057 -0.182702091 0.164191221
v 0.0648392471 -0.181898279 0.164786016
v 0.0423426738 -0.181894837 0.164393359
v 0.0653570498 -0.187735508 0.135068254
v 0.0428604766 -0.187732067 0.134675597
v 0.0428709434 -0.189572326 0.13405979
v 0.0653675166 -0.189575768 0.134452447
v 0.0612368647 -0.173641194 0.142042668
v 0.0572374738 -0.173640582 0.141972862
v 0.0572531801 -0.172732695 0.141080956
v 0.061252571 -0.172733307 0.141150762
v 0.0429229371 -0.185445489 0.131117071
v 0.0654195104 -0.18544893 0.131509728
v 0.0654195097 -0.184448969 0.131518531
v 0.0429229365 -0.184445527 0.131125874
v 0.0572374764 -0.177540431 0.141938532
v 0.0572374738 -0.173640582 0.141972862
v 0.0612368647 -0.173641194 0.142042668
v 0.0612368673 -0.177541043 0.142008337
v 0.0575017979 -0.178659287 0.155435875
v 0.0576065063 -0.172606711 0.149489838
v 0.0576239584 -0.17259791 0.148490029
v 0.0576239617 -0.177597716 0.148446015
v 0.0576239624 -0.178597678 0.148437213
v 0.0615804485 -0.172519279 0.139558064
v 0.0616677088 -0.172475272 0.134559019
v 0.0573683637 -0.172474614 0.134483978
v 0.0572811033 -0.172518621 0.139483023
v 0.066173257 -0.211115167 0.0881001772
v 0.0661732449 -0.193021141 0.0882594594
v 0.06614562 -0.192508775 0.08984667
v 0.0661170465 -0.192203899 0.0914864121
v 0.0660879949 -0.192111534 0.0931516842
v 0.0654402571 -0.192438199 0.13025982
v 0.0654402466 -0.176627327 0.130399003
v 0.0654317207 -0.17614313 0.130891725
v 0.0652798876 -0.176219701 0.139590064
v 0.0652798885 -0.177519651 0.139578621
v 0.0651228198 -0.177598863 0.148576901
v 0.0651228189 -0.176298914 0.148588344
v 0.0650407942 -0.17634028 0.153287446
v 0.0650006559 -0.178660434 0.155566761
v 0.0647184284 -0.178802766 0.171735244
v 0.0646657754 -0.181846325 0.174725231
v 0.0646657807 -0.189828894 0.17465496
v 0.0646963411 -0.198614864 0.172827046
v 0.0647833581 -0.20603243 0.167776542
v 0.0649135843 -0.210952337 0.160272342
v 0.0650671937 -0.212625572 0.151456893
v 0.0660880082 -0.212110759 0.0929756306
v 0.0661170597 -0.211989093 0.0913122426
v 0.0661456328 -0.211655396 0.0896781219
v 0.0657496516 -0.195782032 0.112504295
v 0.0655275314 -0.208621484 0.125117747
v 0.0653053943 -0.196006078 0.137955277
v 0.0652181339 -0.196050085 0.142954322
v 0.065440271 -0.208665491 0.130116792
v 0.0649960137 -0.208889537 0.155567772
v 0.0656147918 -0.208577477 0.120118702
v 0.065836912 -0.195738025 0.107505252
v 0.0660400745 -0.208363 0.0957547541
v 0.0651308735 -0.196094091 0.147953367
v 0.0649087533 -0.208933543 0.160566817
v 0.0649087449 -0.196206114 0.160678857
v 0.0661273349 -0.208318994 0.0907557093
v 0.0659051978 -0.195703588 0.103593241
v 0.0661273264 -0.195591565 0.0908677491
v 0.0651751843 -0.190071975 0.145467441
v 0.0649308553 -0.190195194 0.159464766
v 0.0648959498 -0.188212874 0.161481989
v 0.0648959458 -0.182213106 0.161534805
v 0.0649308486 -0.180195581 0.159552793
v 0.0651751777 -0.180072362 0.145555467
v 0.0652100832 -0.182054682 0.143538244
v 0.0652100872 -0.18805445 0.143485428
v 0.0648221073 -0.183856514 0.165750849
v 0.0648243223 -0.18414296 0.165621434
v 0.0648260177 -0.184441041 0.165521687
v 0.064827176 -0.184747692 0.165452634
v 0.0648610433 -0.184730612 0.163512417
v 0.064861044 -0.185730574 0.163503614
v 0.0648271767 -0.185747653 0.165443831
v 0.0648260187 -0.186055473 0.165507475
v 0.0648243237 -0.186355263 0.165601959
v 0.0648221091 -0.186643943 0.165726311
v 0.0648495091 -0.18777073 0.164146602
v 0.0648392516 -0.188584889 0.164727154
v 0.0648118516 -0.187458102 0.166306863
v 0.064807763 -0.187669718 0.166539255
v 0.0648033251 -0.187856709 0.166791881
v 0.0647985834 -0.188017152 0.16706214
v 0.0648090502 -0.189857411 0.166446334
v 0.0647924525 -0.190174787 0.167394489
v 0.0647819857 -0.188334527 0.168010294
v 0.0647765282 -0.18836911 0.16832267
v 0.0647710424 -0.188371876 0.168636942
v 0.0647655849 -0.188342798 0.168949879
v 0.0647551205 -0.190193614 0.169533193
v 0.0647385224 -0.18989298 0.170486788
v 0.0647489868 -0.188042164 0.169903474
v 0.0647442449 -0.187886504 0.170176516
v 0.0647398067 -0.18770399 0.170432394
v 0.0647357178 -0.187496498 0.170668477
v 0.0647083194 -0.18865092 0.172228104
v 0.0646980608 -0.187847108 0.1728229
v 0.0647254592 -0.186692685 0.171263271
v 0.0647232442 -0.186406239 0.171392686
v 0.0647215488 -0.186108158 0.171492433
v 0.0647203905 -0.185801507 0.171561485
v 0.0646865232 -0.185818587 0.173501702
v 0.0646865226 -0.184818626 0.173510505
v 0.0647203898 -0.184801546 0.171570288
v 0.0647215478 -0.184493727 0.171506645
v 0.0647232428 -0.184193936 0.171412161
v 0.0647254574 -0.183905256 0.171287809
v 0.0646980574 -0.182778469 0.17286752
v 0.0647083149 -0.18196431 0.172286967
v 0.0647357149 -0.183091097 0.170707258
v 0.0647398035 -0.182879481 0.170474864
v 0.0647442414 -0.182692491 0.170222239
v 0.0647489831 -0.182532048 0.169951979
v 0.0647385163 -0.180691788 0.170567786
v 0.064755114 -0.180374412 0.169619632
v 0.0647655808 -0.182214672 0.169003825
v 0.0647710383 -0.18218009 0.168691449
v 0.0647765241 -0.182177323 0.168377177
v 0.0647819816 -0.182206401 0.168064241
v 0.064792446 -0.180355585 0.167480927
v 0.0648090441 -0.18065622 0.166527332
v 0.0647985798 -0.182507035 0.167110646
v 0.0648033216 -0.182662696 0.166837604
v 0.0648077598 -0.18284521 0.166581726
v 0.0648118487 -0.183052702 0.166345644
v 0.0648392471 -0.181898279 0.164786016
v 0.0648495057 -0.182702091 0.164191221
v 0.0653805737 -0.183574871 0.133756962
v 0.0653827887 -0.183861317 0.133627547
v 0.0653844841 -0.184159398 0.1335278
v 0.0653856424 -0.184466049 0.133458748
v 0.0654195097 -0.184448969 0.131518531
v 0.0654195104 -0.18544893 0.131509728
v 0.0653856431 -0.18546601 0.133449945
v 0.0653844852 -0.185773829 0.133513588
v 0.0653827902 -0.18607362 0.133608072
v 0.0653805756 -0.1863623 0.133732424
v 0.0654079756 -0.187489087 0.132152714
v 0.065397718 -0.188303246 0.132733266
v 0.065370318 -0.187176459 0.134312976
v 0.0653662295 -0.187388075 0.134545369
v 0.0653617915 -0.187575066 0.134797994
v 0.0653570498 -0.187735508 0.135068254
v 0.0653675166 -0.189575768 0.134452447
v 0.0653509189 -0.189893144 0.135400601
v 0.0653404521 -0.188052884 0.136016408
v 0.0653349946 -0.188087467 0.136328784
v 0.0653295089 -0.188090233 0.136643056
v 0.0653240513 -0.188061155 0.136955993
v 0.065313587 -0.189911971 0.137539306
v 0.0652969889 -0.189611336 0.138492901
v 0.0653074532 -0.187760521 0.137909588
v 0.0653027113 -0.187604861 0.138182629
v 0.0652982731 -0.187422346 0.138438507
v 0.0652941843 -0.187214854 0.138674589
v 0.0652667858 -0.188369277 0.140234217
v 0.0652565272 -0.187565465 0.140829012
v 0.0652839257 -0.186411042 0.139269384
v 0.0652817107 -0.186124596 0.139398799
v 0.0652800153 -0.185826515 0.139498546
v 0.0652788569 -0.185519864 0.139567599
v 0.0652449897 -0.185536944 0.141507816
v 0.065244989 -0.184536983 0.141516619
v 0.0652788563 -0.184519903 0.139576402
v 0.0652800142 -0.184212084 0.139512758
v 0.0652817092 -0.183912293 0.139418274
v 0.0652839238 -0.183623613 0.139293922
v 0.0652565239 -0.182496826 0.140873631
v 0.0652667814 -0.181682667 0.14029308
v 0.0652941814 -0.182809454 0.13871337
v 0.0652982699 -0.182597838 0.138480978
v 0.0653027079 -0.182410847 0.138228352
v 0.0653074495 -0.182250405 0.137958093
v 0.0652969828 -0.180410145 0.138573899
v 0.0653135805 -0.180092769 0.137625744
v 0.0653240472 -0.181933029 0.137009939
v 0.0653295048 -0.181898446 0.136697563
v 0.0653349905 -0.18189568 0.136383291
v 0.0653404481 -0.181924758 0.136070354
v 0.0653509124 -0.180073942 0.13548704
v 0.0653675105 -0.180374577 0.134533445
v 0.0653570462 -0.182225392 0.135116759
v 0.0653617881 -0.182381052 0.134843717
v 0.0653662262 -0.182563567 0.13458784
v 0.0653703151 -0.182771058 0.134351756
v 0.0653977136 -0.181616636 0.132792129
v 0.0654079722 -0.182420448 0.132197333
v 0.0612525708 -0.172533315 0.141152522
v 0.0612194119 -0.172550038 0.143052159
v 0.0612194152 -0.177549844 0.143008146
v 0.0612368673 -0.177541043 0.142008337
v 0.0612368647 -0.173641194 0.142042668
v 0.061252571 -0.172733307 0.141150762
v 0.0647357178 -0.187496498 0.170668477
v 0.0422391446 -0.187493056 0.17027582
v 0.0422117461 -0.188647479 0.171835448
v 0.0647083194 -0.18865092 0.172228104
v 0.0422288841 -0.183901814 0.170895152
v 0.0647254574 -0.183905256 0.171287809
v 0.0647232428 -0.184193936 0.171412161
v 0.0647215478 -0.184493727 0.171506645
v 0.0647203898 -0.184801546 0.171570288
v 0.0422238166 -0.184798104 0.171177632
v 0.0422249745 -0.184490285 0.171113989
v 0.0422266695 -0.184190494 0.171019505
v 0.050129763 -0.195589117 0.0905885266
v 0.0501297714 -0.208316546 0.0904764868
v 0.0661273349 -0.208318994 0.0907557093
v 0.0661273264 -0.195591565 0.0908677491
v 0.0423993725 -0.182209665 0.161142148
v 0.0648959458 -0.182213106 0.161534805
v 0.0648959498 -0.188212874 0.161481989
v 0.0423993765 -0.188209433 0.161089332
v 0.0591692358 -0.19906535 0.0310731
v 0.059177962 -0.199194919 0.0305720143
v 0.05918435 -0.199557708 0.030202842
v 0.0591866884 -0.20005651 0.0300644941
v 0.0533693168 -0.200055621 0.0299629573
v 0.0511704542 -0.199064127 0.0309334888
v 0.0428108799 -0.187757079 0.137516931
v 0.0653074532 -0.187760521 0.137909588
v 0.0652969889 -0.189611336 0.138492901
v 0.0428004156 -0.189607895 0.138100244
v 0.0427873524 -0.1864076 0.138876727
v 0.0652839257 -0.186411042 0.139269384
v 0.0652565272 -0.187565465 0.140829012
v 0.042759954 -0.187562023 0.140436355
v 0.0500904314 -0.192109087 0.0928724617
v 0.0494426937 -0.192435751 0.129980597
v 0.0654402571 -0.192438199 0.13025982
v 0.0660879949 -0.192111534 0.0931516842
v 0.0653856424 -0.184466049 0.133458748
v 0.0428890692 -0.184462607 0.133066091
v 0.0429229365 -0.184445527 0.131125874
v 0.0654195097 -0.184448969 0.131518531
v 0.0553008761 -0.20218645 0.0499817372
v 0.0555567728 -0.201917588 0.0499885708
v 0.0555567725 -0.201546366 0.0499918387
v 0.0553008755 -0.201277426 0.0499897394
v 0.0556499171 -0.201101399 0.0299935601
v 0.055905814 -0.201370339 0.0299956594
v 0.0559058143 -0.201741561 0.0299923915
v 0.0556499177 -0.202010423 0.029985558
v 0.0647489831 -0.182532048 0.169951979
v 0.0422524098 -0.182528606 0.169559323
v 0.042241943 -0.180688346 0.17017513
v 0.0647385163 -0.180691788 0.170567786
v 0.0429011447 -0.188299804 0.13234061
v 0.065397718 -0.188303246 0.132733266
v 0.0654079756 -0.187489087 0.132152714
v 0.0429114023 -0.187485646 0.131760057
v 0.0422238172 -0.185798066 0.171168829
v 0.0647203905 -0.185801507 0.171561485
v 0.0647215488 -0.186108158 0.171492433
v 0.0647232442 -0.186406239 0.171392686
v 0.0647254592 -0.186692685 0.171263271
v 0.042228886 -0.186689244 0.170870615
v 0.042226671 -0.186402798 0.17100003
v 0.0422249756 -0.186104717 0.171099777
v 0.049529968 -0.208619037 0.124838524
v 0.0493078308 -0.19600363 0.137676055
v 0.0653053943 -0.196006078 0.137955277
v 0.0655275314 -0.208621484 0.125117747
v 0.0502508602 -0.195835645 0.083648315
v 0.050203871 -0.19379348 0.0863583759
v 0.0501491517 -0.192522421 0.0895045612
v 0.0500904314 -0.192109087 0.0928724617
v 0.0660879949 -0.192111534 0.0931516842
v 0.0661170465 -0.192203899 0.0914864121
v 0.06614562 -0.192508775 0.08984667
v 0.0661732449 -0.193021141 0.0882594594
v 0.0619414676 -0.195837434 0.0838523636
v 0.0653240513 -0.188061155 0.136955993
v 0.042827478 -0.188057713 0.136563336
v 0.0428170137 -0.189908529 0.137146649
v 0.065313587 -0.189911971 0.137539306
v 0.0428737418 -0.182767617 0.1339591
v 0.0653703151 -0.182771058 0.134351756
v 0.0653662262 -0.182563567 0.13458784
v 0.0653617881 -0.182381052 0.134843717
v 0.0653570462 -0.182225392 0.135116759
v 0.0428604729 -0.182221951 0.134724103
v 0.0428652148 -0.182377611 0.13445106
v 0.042869653 -0.182560125 0.134195183
v 0.0428604766 -0.187732067 0.134675597
v 0.0653570498 -0.187735508 0.135068254
v 0.0653617915 -0.187575066 0.134797994
v 0.0653662295 -0.187388075 0.134545369
v 0.065370318 -0.187176459 0.134312976
v 0.0428737448 -0.187173017 0.133920319
v 0.0428696562 -0.187384633 0.134152713
v 0.0428652183 -0.187571624 0.134405337
v 0.0500425111 -0.208360553 0.0954755316
v 0.0496172283 -0.20857503 0.119839479
v 0.0656147918 -0.208577477 0.120118702
v 0.0660400745 -0.208363 0.0957547541
v 0.0508039606 -0.199248955 0.0519294808
v 0.0506643439 -0.199319366 0.0599279544
v 0.0503153025 -0.199495393 0.0799241289
v 0.058314084 -0.199496617 0.0800637401
v 0.0591692358 -0.19906535 0.0310731
v 0.0511704542 -0.199064127 0.0309334888
v 0.0508388647 -0.199231352 0.0499298648
v 0.0499076343 -0.19570114 0.103314019
v 0.050129763 -0.195589117 0.0905885266
v 0.0661273264 -0.195591565 0.0908677491
v 0.0659051978 -0.195703588 0.103593241
v 0.0647819816 -0.182206401 0.168064241
v 0.0422854084 -0.182202959 0.167671584
v 0.0422958727 -0.180352144 0.167088271
v 0.064792446 -0.180355585 0.167480927
v 0.0500904447 -0.212108312 0.0926964081
v 0.0501491644 -0.211635751 0.0893363061
v 0.050203882 -0.210309502 0.086212985
v 0.0502508684 -0.208219943 0.0835392957
v 0.0619414759 -0.208221731 0.0837433443
v 0.066173257 -0.211115167 0.0881001772
v 0.0661456328 -0.211655396 0.0896781219
v 0.0661170597 -0.211989093 0.0913122426
v 0.0660880082 -0.212110759 0.0929756306
v 0.0422690075 -0.182211231 0.168611168
v 0.0647655808 -0.182214672 0.169003825
v 0.064755114 -0.180374412 0.169619632
v 0.0422585407 -0.180370971 0.169226975
v 0.0652798876 -0.176219701 0.139590064
v 0.0615804485 -0.172519279 0.139558064
v 0.0572811033 -0.172518621 0.139483023
v 0.0572811066 -0.177518427 0.139439009
v 0.0652798885 -0.177519651 0.139578621
v 0.0508039606 -0.199248955 0.0519294808
v 0.0552659714 -0.201295029 0.0519893554
v 0.0551263548 -0.20136544 0.059987829
v 0.0506643439 -0.199319366 0.0599279544
v 0.0422419491 -0.189889538 0.170094131
v 0.0647385224 -0.18989298 0.170486788
v 0.0647551205 -0.190193614 0.169533193
v 0.0422585473 -0.190190172 0.169140536
v 0.0422391416 -0.183087656 0.170314601
v 0.0647357149 -0.183091097 0.170707258
v 0.0647083149 -0.18196431 0.172286967
v 0.0422117417 -0.181960869 0.17189431
v 0.042782283 -0.184516461 0.139183745
v 0.0652788563 -0.184519903 0.139576402
v 0.065244989 -0.184536983 0.141516619
v 0.0427484157 -0.184533541 0.141123962
v 0.0422690116 -0.188339357 0.168557222
v 0.0647655849 -0.188342798 0.168949879
v 0.0647710424 -0.188371876 0.168636942
v 0.0647765282 -0.18836911 0.16832267
v 0.0647819857 -0.188334527 0.168010294
v 0.0422854124 -0.188331086 0.167617638
v 0.0422799549 -0.188365668 0.167930014
v 0.0422744692 -0.188368435 0.168244286
v 0.0591866884 -0.20005651 0.0300644941
v 0.0591866904 -0.203056394 0.0300380861
v 0.0533693188 -0.203055504 0.0299365493
v 0.0556499177 -0.202010423 0.029985558
v 0.0559058143 -0.201741561 0.0299923915
v 0.055905814 -0.201370339 0.0299956594
v 0.0556499171 -0.201101399 0.0299935601
v 0.0533693168 -0.200055621 0.0299629573
v 0.0422854084 -0.182202959 0.167671584
v 0.0647819816 -0.182206401 0.168064241
v 0.0647765241 -0.182177323 0.168377177
v 0.0647710383 -0.18218009 0.168691449
v 0.0647655808 -0.182214672 0.169003825
v 0.0422690075 -0.182211231 0.168611168
v 0.0422744651 -0.182176648 0.168298792
v 0.0422799508 -0.182173881 0.16798452
v 0.064827176 -0.184747692 0.165452634
v 0.0423306027 -0.184744251 0.165059977
v 0.04236447 -0.184727171 0.16311976
v 0.0648610433 -0.184730612 0.163512417
v 0.0428737448 -0.187173017 0.133920319
v 0.065370318 -0.187176459 0.134312976
v 0.065397718 -0.188303246 0.132733266
v 0.0429011447 -0.188299804 0.13234061
v 0.0614233798 -0.172598491 0.148556344
v 0.0576239584 -0.17259791 0.148490029
v 0.0576065063 -0.172606711 0.149489838
v 0.0614059277 -0.172607292 0.149556153
v 0.0423020065 -0.182503594 0.166717989
v 0.0647985798 -0.182507035 0.167110646
v 0.0648090441 -0.18065622 0.166527332
v 0.0423124708 -0.180652778 0.166134676
v 0.0503153058 -0.204495199 0.0798801155
v 0.0506643472 -0.204319172 0.059883941
v 0.0508039639 -0.204248761 0.0518854674
v 0.050838868 -0.204231159 0.0498858514
v 0.0511704575 -0.204063933 0.0308894754
v 0.0591692391 -0.204065157 0.0310290866
v 0.0583140874 -0.204496423 0.0800197267
v 0.0648118487 -0.183052702 0.166345644
v 0.0423152754 -0.18304926 0.165952987
v 0.0423426738 -0.181894837 0.164393359
v 0.0648392471 -0.181898279 0.164786016
v 0.061167059 -0.177576248 0.146007573
v 0.0611670564 -0.173676399 0.146041904
v 0.0571676655 -0.173675787 0.145972098
v 0.0571676681 -0.177575636 0.145937767
v 0.0421899493 -0.184815184 0.173117849
v 0.0646865226 -0.184818626 0.173510505
v 0.0646865232 -0.185818587 0.173501702
v 0.04218995 -0.185815146 0.173109046
v 0.0501297714 -0.208316546 0.0904764868
v 0.0499076343 -0.19570114 0.103314019
v 0.0659051978 -0.195703588 0.103593241
v 0.0661273349 -0.208318994 0.0907557093
v 0.0654402571 -0.192438199 0.13025982
v 0.0494426937 -0.192435751 0.129980597
v 0.0429436839 -0.192434757 0.129867163
v 0.0429436765 -0.181423699 0.129964094
v 0.0574414679 -0.181425917 0.130217139
v 0.0574414647 -0.176626103 0.130259392
v 0.0654402466 -0.176627327 0.130399003
v 0.0426786111 -0.190068533 0.145074784
v 0.0651751843 -0.190071975 0.145467441
v 0.0652100872 -0.18805445 0.143485428
v 0.0427135139 -0.188051008 0.143092771
v 0.0648221091 -0.186643943 0.165726311
v 0.0423255359 -0.186640502 0.165333655
v 0.0423529358 -0.187767289 0.163753945
v 0.0648495091 -0.18777073 0.164146602
v 0.0493078308 -0.19600363 0.137676055
v 0.0497520882 -0.195779585 0.112225072
v 0.0657496516 -0.195782032 0.112504295
v 0.0653053943 -0.196006078 0.137955277
v 0.0647985834 -0.188017152 0.16706214
v 0.0423020101 -0.18801371 0.166669483
v 0.0423124769 -0.18985397 0.166053677
v 0.0648090502 -0.189857411 0.166446334
v 0.0611845077 -0.17256764 0.145051777
v 0.0611845111 -0.177567447 0.145007764
v 0.0571851202 -0.177566835 0.144937958
v 0.0571851169 -0.172567029 0.144981972
v 0.042228886 -0.186689244 0.170870615
v 0.0647254592 -0.186692685 0.171263271
v 0.0646980608 -0.187847108 0.1728229
v 0.0422014875 -0.187843667 0.172430244
v 0.0428604729 -0.182221951 0.134724103
v 0.0653570462 -0.182225392 0.135116759
v 0.0653675105 -0.180374577 0.134533445
v 0.0428709373 -0.180371135 0.134140789
v 0.0653703151 -0.182771058 0.134351756
v 0.0428737418 -0.182767617 0.1339591
v 0.0429011403 -0.181613194 0.132399472
v 0.0653977136 -0.181616636 0.132792129
v 0.0490696303 -0.212623125 0.15117767
v 0.0500904447 -0.212108312 0.0926964081
v 0.0660880082 -0.212110759 0.0929756306
v 0.0650671937 -0.212625572 0.151456893
v 0.0647254574 -0.183905256 0.171287809
v 0.0422288841 -0.183901814 0.170895152
v 0.0422014841 -0.182775027 0.172474863
v 0.0646980574 -0.182778469 0.17286752
v 0.0421726417 -0.192823605 0.174039262
v 0.0421726417 -0.192824967 0.17403925
v 0.0421707354 -0.191828691 0.174157201
v 0.0421695899 -0.190828218 0.174231599
v 0.0421692074 -0.189825453 0.174262303
v 0.0421692021 -0.181842884 0.174332574
v 0.0422218551 -0.178799324 0.171342588
v 0.0428915187 -0.178461603 0.132978346
v 0.0429436765 -0.181423699 0.129964094
v 0.0429436839 -0.192434757 0.129867163
v 0.042434282 -0.190191752 0.159072109
v 0.0426786111 -0.190068533 0.145074784
v 0.0427135139 -0.188051008 0.143092771
v 0.0427135099 -0.18205124 0.143145588
v 0.0426786044 -0.180068921 0.145162811
v 0.0424342754 -0.18019214 0.159160136
v 0.0423993725 -0.182209665 0.161142148
v 0.0423993765 -0.188209433 0.161089332
v 0.0423306027 -0.184744251 0.165059977
v 0.0423294444 -0.184437599 0.16512903
v 0.042327749 -0.184139519 0.165228778
v 0.042325534 -0.183853072 0.165358193
v 0.0423529325 -0.18269865 0.163798565
v 0.0423426738 -0.181894837 0.164393359
v 0.0423152754 -0.18304926 0.165952987
v 0.0423111866 -0.182841768 0.166189069
v 0.0423067484 -0.182659254 0.166444948
v 0.0423020065 -0.182503594 0.166717989
v 0.0423124708 -0.180652778 0.166134676
v 0.0422958727 -0.180352144 0.167088271
v 0.0422854084 -0.182202959 0.167671584
v 0.0422799508 -0.182173881 0.16798452
v 0.0422744651 -0.182176648 0.168298792
v 0.0422690075 -0.182211231 0.168611168
v 0.0422585407 -0.180370971 0.169226975
v 0.042241943 -0.180688346 0.17017513
v 0.0422524098 -0.182528606 0.169559323
v 0.0422476682 -0.182689049 0.169829583
v 0.0422432302 -0.18287604 0.170082207
v 0.0422391416 -0.183087656 0.170314601
v 0.0422117417 -0.181960869 0.17189431
v 0.0422014841 -0.182775027 0.172474863
v 0.0422288841 -0.183901814 0.170895152
v 0.0422266695 -0.184190494 0.171019505
v 0.0422249745 -0.184490285 0.171113989
v 0.0422238166 -0.184798104 0.171177632
v 0.0421899493 -0.184815184 0.173117849
v 0.04218995 -0.185815146 0.173109046
v 0.0422238172 -0.185798066 0.171168829
v 0.0422249756 -0.186104717 0.171099777
v 0.042226671 -0.186402798 0.17100003
v 0.042228886 -0.186689244 0.170870615
v 0.0422014875 -0.187843667 0.172430244
v 0.0422117461 -0.188647479 0.171835448
v 0.0422391446 -0.187493056 0.17027582
v 0.0422432334 -0.187700548 0.170039737
v 0.0422476716 -0.187883062 0.169783859
v 0.0422524135 -0.188038722 0.169510817
v 0.0422419491 -0.189889538 0.170094131
v 0.0422585473 -0.190190172 0.169140536
v 0.0422690116 -0.188339357 0.168557222
v 0.0422744692 -0.188368435 0.168244286
v 0.0422799549 -0.188365668 0.167930014
v 0.0422854124 -0.188331086 0.167617638
v 0.0422958792 -0.190171345 0.167001832
v 0.0423124769 -0.18985397 0.166053677
v 0.0423020101 -0.18801371 0.166669483
v 0.0423067518 -0.187853267 0.166399225
v 0.0423111898 -0.187666277 0.166146599
v 0.0423152783 -0.187454661 0.165914206
v 0.0423426783 -0.188581448 0.164334497
v 0.0423529358 -0.187767289 0.163753945
v 0.0423255359 -0.186640502 0.165333655
v 0.0423277505 -0.186351822 0.165209303
v 0.0423294455 -0.186052031 0.165114819
v 0.0423306034 -0.185744212 0.165051174
v 0.0423644707 -0.185727132 0.163110957
v 0.04236447 -0.184727171 0.16311976
v 0.0428890692 -0.184462607 0.133066091
v 0.0428879108 -0.184155956 0.133135143
v 0.0428862155 -0.183857875 0.13323489
v 0.0428840005 -0.183571429 0.133364305
v 0.0429113989 -0.182417006 0.131804676
v 0.0429011403 -0.181613194 0.132399472
v 0.0428737418 -0.182767617 0.1339591
v 0.042869653 -0.182560125 0.134195183
v 0.0428652148 -0.182377611 0.13445106
v 0.0428604729 -0.182221951 0.134724103
v 0.0428709373 -0.180371135 0.134140789
v 0.0428543391 -0.1800705 0.135094383
v 0.0428438748 -0.181921316 0.135677698
v 0.0428384172 -0.181892238 0.135990634
v 0.0428329315 -0.181895005 0.136304906
v 0.042827474 -0.181929587 0.136617282
v 0.0428170072 -0.180089328 0.137233088
v 0.0428004095 -0.180406703 0.138181242
v 0.0428108763 -0.182246963 0.137565437
v 0.0428061346 -0.182407406 0.137835695
v 0.0428016967 -0.182594396 0.138088321
v 0.0427976081 -0.182806012 0.138320714
v 0.0427702081 -0.181679225 0.139900423
v 0.0427599506 -0.182493384 0.140480974
v 0.0427873505 -0.183620171 0.138901265
v 0.0427851359 -0.183908851 0.139025617
v 0.0427834409 -0.184208642 0.139120101
v 0.042782283 -0.184516461 0.139183745
v 0.0427484157 -0.184533541 0.141123962
v 0.0427484164 -0.185533502 0.14111516
v 0.0427822837 -0.185516422 0.139174943
v 0.042783442 -0.185823074 0.139105889
v 0.0427851374 -0.186121154 0.139006142
v 0.0427873524 -0.1864076 0.138876727
v 0.042759954 -0.187562023 0.140436355
v 0.0427702126 -0.188365835 0.139841561
v 0.042797611 -0.187211413 0.138281933
v 0.0428016999 -0.187418905 0.138045851
v 0.0428061381 -0.187601419 0.137789972
v 0.0428108799 -0.187757079 0.137516931
v 0.0428004156 -0.189607895 0.138100244
v 0.0428170137 -0.189908529 0.137146649
v 0.042827478 -0.188057713 0.136563336
v 0.0428329356 -0.188086792 0.1362504
v 0.0428384214 -0.188084025 0.135936128
v 0.0428438789 -0.188049442 0.135623752
v 0.0428543457 -0.189889702 0.135007945
v 0.0428709434 -0.189572326 0.13405979
v 0.0428604766 -0.187732067 0.134675597
v 0.0428652183 -0.187571624 0.134405337
v 0.0428696562 -0.187384633 0.134152713
v 0.0428737448 -0.187173017 0.133920319
v 0.0429011447 -0.188299804 0.13234061
v 0.0429114023 -0.187485646 0.131760057
v 0.0428840023 -0.186358858 0.133339768
v 0.0428862169 -0.186070178 0.133215415
v 0.0428879119 -0.185770388 0.133120931
v 0.0428890698 -0.185462568 0.133057288
v 0.0429229371 -0.185445489 0.131117071
v 0.0429229365 -0.184445527 0.131125874
v 0.0427873505 -0.183620171 0.138901265
v 0.0652839238 -0.183623613 0.139293922
v 0.0652817092 -0.183912293 0.139418274
v 0.0652800142 -0.184212084 0.139512758
v 0.0652788563 -0.184519903 0.139576402
v 0.042782283 -0.184516461 0.139183745
v 0.0427834409 -0.184208642 0.139120101
v 0.0427851359 -0.183908851 0.139025617
v 0.0551263554 -0.202274464 0.0599798268
v 0.0506643472 -0.204319172 0.059883941
v 0.0506643439 -0.199319366 0.0599279544
v 0.0551263548 -0.20136544 0.059987829
v 0.0553822518 -0.20163438 0.0599899283
v 0.055382252 -0.202005602 0.0599866604
v 0.0421726417 -0.192823605 0.174039262
v 0.0429436839 -0.192434757 0.129867163
v 0.0494426937 -0.192435751 0.129980597
v 0.0486716515 -0.1928246 0.174152696
v 0.0619414676 -0.195837434 0.0838523636
v 0.0661732449 -0.193021141 0.0882594594
v 0.066173257 -0.211115167 0.0881001772
v 0.0619414759 -0.208221731 0.0837433443
v 0.0583140874 -0.204496423 0.0800197267
v 0.058314084 -0.199496617 0.0800637401
v 0.0423152754 -0.18304926 0.165952987
v 0.0648118487 -0.183052702 0.166345644
v 0.0648077598 -0.18284521 0.166581726
v 0.0648033216 -0.182662696 0.166837604
v 0.0647985798 -0.182507035 0.167110646
v 0.0423020065 -0.182503594 0.166717989
v 0.0423067484 -0.182659254 0.166444948
v 0.0423111866 -0.182841768 0.166189069
v 0.0423124708 -0.180652778 0.166134676
v 0.0648090441 -0.18065622 0.166527332
v 0.064792446 -0.180355585 0.167480927
v 0.0422958727 -0.180352144 0.167088271
v 0.0422524135 -0.188038722 0.169510817
v 0.0647489868 -0.188042164 0.169903474
v 0.0647385224 -0.18989298 0.170486788
v 0.0422419491 -0.189889538 0.170094131
v 0.057220021 -0.172549426 0.142982354
v 0.0612194119 -0.172550038 0.143052159
v 0.0612525708 -0.172533315 0.141152522
v 0.05725318 -0.172532703 0.141082717
v 0.0422854124 -0.188331086 0.167617638
v 0.0647819857 -0.188334527 0.168010294
v 0.0647924525 -0.190174787 0.167394489
v 0.0422958792 -0.190171345 0.167001832
v 0.0428170072 -0.180089328 0.137233088
v 0.0653135805 -0.180092769 0.137625744
v 0.0652969828 -0.180410145 0.138573899
v 0.0428004095 -0.180406703 0.138181242
v 0.0611845077 -0.17256764 0.145051777
v 0.0571851169 -0.172567029 0.144981972
v 0.0571519579 -0.172583751 0.146881609
v 0.0611513488 -0.172584363 0.146951414
v 0.0421692021 -0.181842884 0.174332574
v 0.0646657754 -0.181846325 0.174725231
v 0.0647184284 -0.178802766 0.171735244
v 0.0422218551 -0.178799324 0.171342588
v 0.0652839238 -0.183623613 0.139293922
v 0.0427873505 -0.183620171 0.138901265
v 0.0427599506 -0.182493384 0.140480974
v 0.0652565239 -0.182496826 0.140873631
v 0.050838868 -0.204231159 0.0498858514
v 0.0553008761 -0.20218645 0.0499817372
v 0.0556499177 -0.202010423 0.029985558
v 0.0533693188 -0.203055504 0.0299365493
v 0.0518217182 -0.203764925 0.0301962387
v 0.0511704575 -0.204063933 0.0308894754
v 0.0427822837 -0.185516422 0.139174943
v 0.0652788569 -0.185519864 0.139567599
v 0.0652800153 -0.185826515 0.139498546
v 0.0652817107 -0.186124596 0.139398799
v 0.0652839257 -0.186411042 0.139269384
v 0.0427873524 -0.1864076 0.138876727
v 0.0427851374 -0.186121154 0.139006142
v 0.042783442 -0.185823074 0.139105889
v 0.0491333101 -0.196091644 0.147674144
v 0.0489111899 -0.208931096 0.160287595
v 0.0649087533 -0.208933543 0.160566817
v 0.0651308735 -0.196094091 0.147953367
v 0.0427484157 -0.184533541 0.141123962
v 0.065244989 -0.184536983 0.141516619
v 0.0652449897 -0.185536944 0.141507816
v 0.0427484164 -0.185533502 0.14111516
v 0.0574414679 -0.181425917 0.130217139
v 0.0429436765 -0.181423699 0.129964094
v 0.0428915187 -0.178461603 0.132978346
v 0.0573893101 -0.17846382 0.133231391
v 0.0423426783 -0.188581448 0.164334497
v 0.0648392516 -0.188584889 0.164727154
v 0.0648495091 -0.18777073 0.164146602
v 0.0423529358 -0.187767289 0.163753945
v 0.0428840023 -0.186358858 0.133339768
v 0.0653805756 -0.1863623 0.133732424
v 0.0653827902 -0.18607362 0.133608072
v 0.0653844852 -0.185773829 0.133513588
v 0.0653856431 -0.18546601 0.133449945
v 0.0428890698 -0.185462568 0.133057288
v 0.0428879119 -0.185770388 0.133120931
v 0.0428862169 -0.186070178 0.133215415
v 0.0611513488 -0.172584363 0.146951414
v 0.0571519579 -0.172583751 0.146881609
v 0.0571519581 -0.172783743 0.146879848
v 0.0611513489 -0.172784355 0.146949654
v 0.0422391446 -0.187493056 0.17027582
v 0.0647357178 -0.187496498 0.170668477
v 0.0647398067 -0.18770399 0.170432394
v 0.0647442449 -0.187886504 0.170176516
v 0.0647489868 -0.188042164 0.169903474
v 0.0422524135 -0.188038722 0.169510817
v 0.0422476716 -0.187883062 0.169783859
v 0.0422432334 -0.187700548 0.170039737
v 0.042434282 -0.190191752 0.159072109
v 0.0649308553 -0.190195194 0.159464766
v 0.0651751843 -0.190071975 0.145467441
v 0.0426786111 -0.190068533 0.145074784
v 0.0428438789 -0.188049442 0.135623752
v 0.0653404521 -0.188052884 0.136016408
v 0.0653509189 -0.189893144 0.135400601
v 0.0428543457 -0.189889702 0.135007945
v 0.0651228198 -0.177598863 0.148576901
v 0.0576239617 -0.177597716 0.148446015
v 0.0576239584 -0.17259791 0.148490029
v 0.0614233798 -0.172598491 0.148556344
v 0.0651228189 -0.176298914 0.148588344
v 0.061167059 -0.177576248 0.146007573
v 0.0611845111 -0.177567447 0.145007764
v 0.0611845077 -0.17256764 0.145051777
v 0.0611513488 -0.172584363 0.146951414
v 0.0611513489 -0.172784355 0.146949654
v 0.0611670564 -0.173676399 0.146041904
v 0.0422014875 -0.187843667 0.172430244
v 0.0646980608 -0.187847108 0.1728229
v 0.0647083194 -0.18865092 0.172228104
v 0.0422117461 -0.188647479 0.171835448
v 0.042827474 -0.181929587 0.136617282
v 0.0653240472 -0.181933029 0.137009939
v 0.0653135805 -0.180092769 0.137625744
v 0.0428170072 -0.180089328 0.137233088
v 0.0576239617 -0.177597716 0.148446015
v 0.057132764 -0.177593239 0.147937385
v 0.0571327646 -0.1785932 0.147928583
v 0.0576239624 -0.178597678 0.148437213
v 0.0421692074 -0.189825453 0.174262303
v 0.0646657807 -0.189828894 0.17465496
v 0.0646657754 -0.181846325 0.174725231
v 0.0421692021 -0.181842884 0.174332574
v 0.0423306034 -0.185744212 0.165051174
v 0.0648271767 -0.185747653 0.165443831
v 0.064861044 -0.185730574 0.163503614
v 0.0423644707 -0.185727132 0.163110957
v 0.0571676681 -0.177575636 0.145937767
v 0.057132764 -0.177593239 0.147937385
v 0.0576239617 -0.177597716 0.148446015
v 0.0651228198 -0.177598863 0.148576901
v 0.0652798885 -0.177519651 0.139578621
v 0.0572811066 -0.177518427 0.139439009
v 0.0572374764 -0.177540431 0.141938532
v 0.0612368673 -0.177541043 0.142008337
v 0.0612194152 -0.177549844 0.143008146
v 0.0572200243 -0.177549232 0.14293834
v 0.0571851202 -0.177566835 0.144937958
v 0.0611845111 -0.177567447 0.145007764
v 0.061167059 -0.177576248 0.146007573
v 0.0494427076 -0.208663043 0.129837569
v 0.0489984503 -0.208887089 0.15528855
v 0.0649960137 -0.208889537 0.155567772
v 0.065440271 -0.208665491 0.130116792
v 0.0652941843 -0.187214854 0.138674589
v 0.042797611 -0.187211413 0.138281933
v 0.0427702126 -0.188365835 0.139841561
v 0.0652667858 -0.188369277 0.140234217
v 0.0652100872 -0.18805445 0.143485428
v 0.0652100832 -0.182054682 0.143538244
v 0.0427135099 -0.18205124 0.143145588
v 0.0427135139 -0.188051008 0.143092771
v 0.0654402466 -0.176627327 0.130399003
v 0.0574414647 -0.176626103 0.130259392
v 0.0573683637 -0.172474614 0.134483978
v 0.0616677088 -0.172475272 0.134559019
v 0.0654317207 -0.17614313 0.130891725
v 0.0651751777 -0.180072362 0.145555467
v 0.0649308486 -0.180195581 0.159552793
v 0.0424342754 -0.18019214 0.159160136
v 0.0426786044 -0.180068921 0.145162811
v 0.0572200243 -0.177549232 0.14293834
v 0.0612194152 -0.177549844 0.143008146
v 0.0612194119 -0.172550038 0.143052159
v 0.057220021 -0.172549426 0.142982354
v 0.0591866904 -0.203056394 0.0300380861
v 0.0591843527 -0.203557554 0.0301676313
v 0.0591779651 -0.203926787 0.0305303596
v 0.0591692391 -0.204065157 0.0310290866
v 0.0511704575 -0.204063933 0.0308894754
v 0.0518217182 -0.203764925 0.0301962387
v 0.0533693188 -0.203055504 0.0299365493
v 0.0423152783 -0.187454661 0.165914206
v 0.0648118516 -0.187458102 0.166306863
v 0.0648392516 -0.188584889 0.164727154
v 0.0423426783 -0.188581448 0.164334497
v 0.0423255359 -0.186640502 0.165333655
v 0.0648221091 -0.186643943 0.165726311
v 0.0648243237 -0.186355263 0.165601959
v 0.0648260187 -0.186055473 0.165507475
v 0.0648271767 -0.185747653 0.165443831
v 0.0423306034 -0.185744212 0.165051174
v 0.0423294455 -0.186052031 0.165114819
v 0.0423277505 -0.186351822 0.165209303
v 0.042827478 -0.188057713 0.136563336
v 0.0653240513 -0.188061155 0.136955993
v 0.0653295089 -0.188090233 0.136643056
v 0.0653349946 -0.188087467 0.136328784
v 0.0653404521 -0.188052884 0.136016408
v 0.0428438789 -0.188049442 0.135623752
v 0.0428384214 -0.188084025 0.135936128
v 0.0428329356 -0.188086792 0.1362504
v 0.042797611 -0.187211413 0.138281933
v 0.0652941843 -0.187214854 0.138674589
v 0.0652982731 -0.187422346 0.138438507
v 0.0653027113 -0.187604861 0.138182629
v 0.0653074532 -0.187760521 0.137909588
v 0.0428108799 -0.187757079 0.137516931
v 0.0428061381 -0.187601419 0.137789972
v 0.0428016999 -0.187418905 0.138045851
v 0.0423020101 -0.18801371 0.166669483
v 0.0647985834 -0.188017152 0.16706214
v 0.0648033251 -0.187856709 0.166791881
v 0.064807763 -0.187669718 0.166539255
v 0.0648118516 -0.187458102 0.166306863
v 0.0423152783 -0.187454661 0.165914206
v 0.0423111898 -0.187666277 0.166146599
v 0.0423067518 -0.187853267 0.166399225
v 0.0503153025 -0.199495393 0.0799241289
v 0.0502508602 -0.195835645 0.083648315
v 0.0619414676 -0.195837434 0.0838523636
v 0.058314084 -0.199496617 0.0800637401
v 0.0422524098 -0.182528606 0.169559323
v 0.0647489831 -0.182532048 0.169951979
v 0.0647442414 -0.182692491 0.170222239
v 0.0647398035 -0.182879481 0.170474864
v 0.0647357149 -0.183091097 0.170707258
v 0.0422391416 -0.183087656 0.170314601
v 0.0422432302 -0.18287604 0.170082207
v 0.0422476682 -0.182689049 0.169829583
v 0.0653074495 -0.182250405 0.137958093
v 0.0428108763 -0.182246963 0.137565437
v 0.0428004095 -0.180406703 0.138181242
v 0.0652969828 -0.180410145 0.138573899
v 0.061252571 -0.172733307 0.141150762
v 0.0572531801 -0.172732695 0.141080956
v 0.05725318 -0.172532703 0.141082717
v 0.0612525708 -0.172533315 0.141152522
v 0.0422585407 -0.180370971 0.169226975
v 0.064755114 -0.180374412 0.169619632
v 0.0647385163 -0.180691788 0.170567786
v 0.042241943 -0.180688346 0.17017513
v 0.0650006559 -0.178660434 0.155566761
v 0.0575017979 -0.178659287 0.155435875
v 0.0576239624 -0.178597678 0.148437213
v 0.0571327646 -0.1785932 0.147928583
v 0.0573893101 -0.17846382 0.133231391
v 0.0428915187 -0.178461603 0.132978346
v 0.0422218551 -0.178799324 0.171342588
v 0.0647184284 -0.178802766 0.171735244
v 0.0489111899 -0.208931096 0.160287595
v 0.0489111814 -0.196203667 0.160399635
v 0.0649087449 -0.196206114 0.160678857
v 0.0649087533 -0.208933543 0.160566817
v 0.0423306027 -0.184744251 0.165059977
v 0.064827176 -0.184747692 0.165452634
v 0.0648260177 -0.184441041 0.165521687
v 0.0648243223 -0.18414296 0.165621434
v 0.0648221073 -0.183856514 0.165750849
v 0.042325534 -0.183853072 0.165358193
v 0.042327749 -0.184139519 0.165228778
v 0.0423294444 -0.184437599 0.16512903
v 0.050838868 -0.204231159 0.0498858514
v 0.0508388647 -0.199231352 0.0499298648
v 0.0553008755 -0.201277426 0.0499897394
v 0.0555567725 -0.201546366 0.0499918387
v 0.0555567728 -0.201917588 0.0499885708
v 0.0553008761 -0.20218645 0.0499817372
v 0.0428108763 -0.182246963 0.137565437
v 0.0653074495 -0.182250405 0.137958093
v 0.0653027079 -0.182410847 0.138228352
v 0.0652982699 -0.182597838 0.138480978
v 0.0652941814 -0.182809454 0.13871337
v 0.0427976081 -0.182806012 0.138320714
v 0.0428016967 -0.182594396 0.138088321
v 0.0428061346 -0.182407406 0.137835695
v 0.0428004156 -0.189607895 0.138100244
v 0.0652969889 -0.189611336 0.138492901
v 0.065313587 -0.189911971 0.137539306
v 0.0428170137 -0.189908529 0.137146649
v 0.0647655849 -0.188342798 0.168949879
v 0.0422690116 -0.188339357 0.168557222
v 0.0422585473 -0.190190172 0.169140536
v 0.0647551205 -0.190193614 0.169533193
v 0.0574414647 -0.176626103 0.130259392
v 0.0574414679 -0.181425917 0.130217139
v 0.0573893101 -0.17846382 0.133231391
v 0.0571327646 -0.1785932 0.147928583
v 0.057132764 -0.177593239 0.147937385
v 0.0571676681 -0.177575636 0.145937767
v 0.0571676655 -0.173675787 0.145972098
v 0.0571519581 -0.172783743 0.146879848
v 0.0571519579 -0.172583751 0.146881609
v 0.0571851169 -0.172567029 0.144981972
v 0.0571851202 -0.177566835 0.144937958
v 0.0572200243 -0.177549232 0.14293834
v 0.057220021 -0.172549426 0.142982354
v 0.05725318 -0.172532703 0.141082717
v 0.0572531801 -0.172732695 0.141080956
v 0.0572374738 -0.173640582 0.141972862
v 0.0572374764 -0.177540431 0.141938532
v 0.0572811066 -0.177518427 0.139439009
v 0.0572811033 -0.172518621 0.139483023
v 0.0573683637 -0.172474614 0.134483978
v 0.0424342754 -0.18019214 0.159160136
v 0.0649308486 -0.180195581 0.159552793
v 0.0648959458 -0.182213106 0.161534805
v 0.0423993725 -0.182209665 0.161142148
v 0.0611513489 -0.172784355 0.146949654
v 0.0571519581 -0.172783743 0.146879848
v 0.0571676655 -0.173675787 0.145972098
v 0.0611670564 -0.173676399 0.146041904
v 0.0428840005 -0.183571429 0.133364305
v 0.0653805737 -0.183574871 0.133756962
v 0.0654079722 -0.182420448 0.132197333
v 0.0429113989 -0.182417006 0.131804676
v 0.0422117417 -0.181960869 0.17189431
v 0.0647083149 -0.18196431 0.172286967
v 0.0646980574 -0.182778469 0.17286752
v 0.0422014841 -0.182775027 0.172474863
v 0.0429113989 -0.182417006 0.131804676
v 0.0654079722 -0.182420448 0.132197333
v 0.0653977136 -0.181616636 0.132792129
v 0.0429011403 -0.181613194 0.132399472
v 0.0497520882 -0.195779585 0.112225072
v 0.049529968 -0.208619037 0.124838524
v 0.0655275314 -0.208621484 0.125117747
v 0.0657496516 -0.195782032 0.112504295
v 0.0615804485 -0.172519279 0.139558064
v 0.0652798876 -0.176219701 0.139590064
v 0.0654317207 -0.17614313 0.130891725
v 0.0616677088 -0.172475272 0.134559019
v 0.0653805756 -0.1863623 0.133732424
v 0.0428840023 -0.186358858 0.133339768
v 0.0429114023 -0.187485646 0.131760057
v 0.0654079756 -0.187489087 0.132152714
v 0.0651228189 -0.176298914 0.148588344
v 0.0614233798 -0.172598491 0.148556344
v 0.0614059277 -0.172607292 0.149556153
v 0.0650407942 -0.17634028 0.153287446
v 0.0591692391 -0.204065157 0.0310290866
v 0.0591779651 -0.203926787 0.0305303596
v 0.0591843527 -0.203557554 0.0301676313
v 0.0591866904 -0.203056394 0.0300380861
v 0.0591866884 -0.20005651 0.0300644941
v 0.05918435 -0.199557708 0.030202842
v 0.059177962 -0.199194919 0.0305720143
v 0.0591692358 -0.19906535 0.0310731
v 0.058314084 -0.199496617 0.0800637401
v 0.0583140874 -0.204496423 0.0800197267
v 0.0423993765 -0.188209433 0.161089332
v 0.0648959498 -0.188212874 0.161481989
v 0.0649308553 -0.190195194 0.159464766
v 0.042434282 -0.190191752 0.159072109
v 0.0428890692 -0.184462607 0.133066091
v 0.0653856424 -0.184466049 0.133458748
v 0.0653844841 -0.184159398 0.1335278
v 0.0653827887 -0.183861317 0.133627547
v 0.0653805737 -0.183574871 0.133756962
v 0.0428840005 -0.183571429 0.133364305
v 0.0428862155 -0.183857875 0.13323489
v 0.0428879108 -0.184155956 0.133135143
v 0.0422958792 -0.190171345 0.167001832
v 0.0647924525 -0.190174787 0.167394489
v 0.0648090502 -0.189857411 0.166446334
v 0.0423124769 -0.18985397 0.166053677
v 0.0653404481 -0.181924758 0.136070354
v 0.0428438748 -0.181921316 0.135677698
v 0.0428543391 -0.1800705 0.135094383
v 0.0653509124 -0.180073942 0.13548704
v 0.0427135099 -0.18205124 0.143145588
v 0.0652100832 -0.182054682 0.143538244
v 0.0651751777 -0.180072362 0.145555467
v 0.0426786044 -0.180068921 0.145162811
v 0.0552659714 -0.201295029 0.0519893554
v 0.0555218684 -0.201563969 0.0519914547
v 0.0555218687 -0.201935191 0.0519881868
v 0.055265972 -0.202204053 0.0519813532
v 0.0551263554 -0.202274464 0.0599798268
v 0.055382252 -0.202005602 0.0599866604
v 0.0553822518 -0.20163438 0.0599899283
v 0.0551263548 -0.20136544 0.059987829
v 0.0553008755 -0.201277426 0.0499897394
v 0.0508388647 -0.199231352 0.0499298648
v 0.0511704542 -0.199064127 0.0309334888
v 0.0533693168 -0.200055621 0.0299629573
v 0.0556499171 -0.201101399 0.0299935601
v 0.0486716515 -0.192825962 0.174152684
v 0.0421726417 -0.192824967 0.17403925
v 0.0421726417 -0.192823605 0.174039262
v 0.0486716515 -0.1928246 0.174152696
v 0.0576065063 -0.172606711 0.149489838
v 0.0575017979 -0.178659287 0.155435875
v 0.0650006559 -0.178660434 0.155566761
v 0.0650407942 -0.17634028 0.153287446
v 0.0614059277 -0.172607292 0.149556153
f 2 3 1
f 1 3 4
f 5 6 8
f 8 6 7
f 9 10 12
f 12 10 11
f 14 15 13
f 13 15 18
f 18 15 17
f 17 15 16
f 20 21 19
f 19 21 22
f 24 33 23
f 23 33 34
f 23 34 31
f 31 34 35
f 31 35 30
f 30 35 36
f 30 36 37
f 25 26 24
f 24 26 27
f 24 27 33
f 33 27 52
f 33 52 32
f 32 52 53
f 32 53 50
f 50 53 49
f 49 53 55
f 49 55 48
f 48 55 47
f 47 55 44
f 47 44 46
f 46 44 45
f 23 29 25
f 25 29 39
f 25 39 26
f 26 39 28
f 28 39 40
f 28 40 51
f 51 40 54
f 51 54 53
f 53 54 55
f 52 27 28
f 30 37 29
f 29 37 38
f 29 38 39
f 23 31 29
f 40 41 54
f 54 41 42
f 54 42 56
f 56 42 43
f 56 43 44
f 51 52 28
f 44 55 56
f 58 59 57
f 57 59 60
f 62 63 61
f 61 63 64
f 65 66 72
f 72 66 67
f 72 67 71
f 71 67 68
f 71 68 70
f 70 68 69
f 73 74 86
f 86 74 85
f 85 74 84
f 84 74 83
f 83 74 82
f 82 74 75
f 82 75 81
f 81 75 76
f 81 76 80
f 80 76 77
f 80 77 79
f 79 77 78
f 88 89 87
f 87 89 90
f 91 92 94
f 94 92 93
f 96 97 95
f 95 97 98
f 100 101 99
f 99 101 102
f 103 104 106
f 106 104 105
f 108 109 107
f 107 109 110
f 111 112 114
f 114 112 113
f 116 117 115
f 115 117 118
f 119 120 122
f 122 120 121
f 123 124 126
f 126 124 125
f 128 129 127
f 127 129 130
f 131 132 134
f 134 132 133
f 136 137 135
f 135 137 138
f 140 141 139
f 139 141 142
f 144 145 143
f 143 145 146
f 148 149 147
f 147 149 150
f 151 152 154
f 154 152 153
f 156 157 155
f 155 157 158
f 163 159 162
f 162 159 160
f 162 160 161
f 165 166 164
f 164 166 167
f 191 168 204
f 204 168 169
f 204 169 206
f 206 169 170
f 206 170 171
f 171 172 206
f 206 172 205
f 205 172 199
f 205 199 200
f 199 172 192
f 192 172 173
f 192 173 194
f 194 173 297
f 194 297 195
f 195 297 207
f 195 207 201
f 201 207 208
f 201 208 203
f 203 208 232
f 203 232 237
f 237 232 235
f 237 235 236
f 174 279 173
f 173 279 280
f 173 280 285
f 285 280 284
f 284 280 283
f 283 280 282
f 282 280 281
f 175 177 174
f 174 177 327
f 174 327 328
f 175 176 177
f 178 212 177
f 177 212 321
f 177 321 322
f 179 180 178
f 178 180 181
f 178 181 212
f 212 181 211
f 211 181 182
f 211 182 267
f 267 182 262
f 267 262 265
f 265 262 264
f 264 262 263
f 262 182 261
f 261 182 183
f 261 183 256
f 256 183 255
f 255 183 250
f 255 250 254
f 254 250 253
f 253 250 252
f 252 250 251
f 250 183 249
f 249 183 184
f 249 184 244
f 244 184 243
f 243 184 238
f 243 238 239
f 238 184 237
f 237 184 185
f 237 185 203
f 203 185 186
f 203 186 202
f 202 186 187
f 202 187 197
f 197 187 188
f 197 188 196
f 196 188 193
f 196 193 194
f 193 188 198
f 198 188 189
f 198 189 200
f 200 189 204
f 200 204 205
f 189 190 204
f 204 190 191
f 199 192 198
f 198 192 193
f 195 196 194
f 202 197 201
f 201 197 195
f 209 226 208
f 208 226 231
f 208 231 232
f 210 220 209
f 209 220 225
f 209 225 226
f 211 273 210
f 210 273 274
f 210 274 219
f 219 274 215
f 219 215 216
f 321 212 316
f 316 212 213
f 316 213 315
f 315 213 310
f 315 310 314
f 314 310 313
f 313 310 312
f 312 310 311
f 310 213 309
f 309 213 214
f 309 214 304
f 304 214 303
f 303 214 207
f 303 207 298
f 298 207 297
f 216 217 219
f 219 217 218
f 219 220 210
f 221 222 220
f 220 222 223
f 220 223 224
f 224 225 220
f 227 228 226
f 226 228 229
f 226 229 230
f 230 231 226
f 233 234 232
f 232 234 235
f 239 240 243
f 243 240 241
f 243 241 242
f 244 245 249
f 249 245 246
f 249 246 247
f 247 248 249
f 257 258 256
f 256 258 259
f 256 259 260
f 260 261 256
f 265 266 267
f 267 268 211
f 211 268 273
f 268 269 273
f 273 269 270
f 273 270 271
f 271 272 273
f 334 275 279
f 279 275 276
f 279 276 277
f 277 278 279
f 285 286 173
f 173 286 291
f 173 291 292
f 287 288 286
f 286 288 289
f 286 289 290
f 290 291 286
f 293 294 292
f 292 294 295
f 292 295 297
f 297 295 296
f 298 299 303
f 303 299 300
f 303 300 301
f 301 302 303
f 304 305 309
f 309 305 306
f 309 306 307
f 307 308 309
f 317 318 316
f 316 318 319
f 316 319 320
f 320 321 316
f 323 324 322
f 322 324 325
f 322 325 327
f 327 325 326
f 174 328 333
f 333 328 329
f 333 329 330
f 330 331 333
f 333 331 332
f 333 334 174
f 174 334 279
f 177 322 327
f 292 297 173
f 340 335 339
f 339 335 336
f 339 336 337
f 337 338 339
f 342 343 341
f 341 343 344
f 345 346 352
f 352 346 347
f 352 347 351
f 351 347 348
f 351 348 350
f 350 348 349
f 353 354 356
f 356 354 355
f 357 358 360
f 360 358 359
f 361 362 366
f 366 362 365
f 365 362 363
f 365 363 364
f 368 369 367
f 367 369 370
f 372 373 371
f 371 373 374
f 375 376 378
f 378 376 377
f 380 381 379
f 379 381 382
f 390 383 389
f 389 383 384
f 389 384 385
f 386 387 385
f 385 387 388
f 385 388 389
f 392 393 391
f 391 393 394
f 396 397 395
f 395 397 398
f 399 400 406
f 406 400 401
f 406 401 405
f 405 401 402
f 405 402 404
f 404 402 403
f 407 408 410
f 410 408 409
f 411 412 419
f 419 412 418
f 418 412 413
f 418 413 417
f 417 413 416
f 416 413 414
f 416 414 415
f 421 422 420
f 420 422 423
f 424 425 431
f 431 425 426
f 431 426 430
f 430 426 427
f 430 427 429
f 429 427 428
f 432 433 439
f 439 433 434
f 439 434 438
f 438 434 435
f 438 435 437
f 437 435 436
f 440 441 443
f 443 441 442
f 445 447 444
f 444 447 448
f 444 448 450
f 450 448 449
f 445 446 447
f 451 452 454
f 454 452 453
f 456 457 455
f 455 457 458
f 467 459 466
f 466 459 460
f 466 460 465
f 465 460 464
f 464 460 461
f 464 461 463
f 463 461 462
f 469 470 468
f 468 470 471
f 476 472 475
f 475 472 473
f 475 473 474
f 477 478 480
f 480 478 479
f 482 483 481
f 481 483 484
f 486 487 485
f 485 487 488
f 490 491 489
f 489 491 492
f 493 494 500
f 500 494 495
f 500 495 499
f 499 495 496
f 499 496 498
f 498 496 497
f 502 506 501
f 501 506 507
f 501 507 508
f 503 504 502
f 502 504 505
f 502 505 506
f 509 510 516
f 516 510 511
f 516 511 515
f 515 511 512
f 515 512 514
f 514 512 513
f 518 519 517
f 517 519 520
f 522 523 521
f 521 523 524
f 525 526 528
f 528 526 527
f 530 531 529
f 529 531 532
f 533 534 539
f 539 534 535
f 539 535 538
f 538 535 536
f 538 536 537
f 541 542 540
f 540 542 543
f 545 546 544
f 544 546 547
f 548 549 551
f 551 549 550
f 552 553 555
f 555 553 554
f 562 556 560
f 560 556 557
f 560 557 559
f 559 557 558
f 560 561 562
f 563 564 566
f 566 564 565
f 568 569 567
f 567 569 570
f 571 572 574
f 574 572 573
f 576 577 575
f 575 577 578
f 580 581 579
f 579 581 582
f 584 585 583
f 583 585 586
f 588 589 587
f 587 589 590
f 592 593 591
f 591 593 594
f 596 597 595
f 595 597 598
f 600 601 599
f 599 601 602
f 604 605 603
f 603 605 662
f 603 662 667
f 667 662 665
f 667 665 666
f 605 606 662
f 662 606 661
f 661 606 607
f 661 607 656
f 656 607 655
f 655 607 650
f 655 650 654
f 654 650 653
f 653 650 652
f 652 650 651
f 607 608 650
f 650 608 649
f 649 608 644
f 649 644 645
f 609 638 608
f 608 638 643
f 608 643 644
f 610 617 609
f 609 617 618
f 609 618 632
f 632 618 631
f 631 618 626
f 631 626 630
f 630 626 629
f 629 626 628
f 628 626 627
f 611 691 610
f 610 691 692
f 610 692 697
f 697 692 695
f 697 695 696
f 612 739 611
f 611 739 740
f 611 740 685
f 685 740 684
f 684 740 683
f 683 740 682
f 682 740 681
f 603 614 612
f 612 614 722
f 612 722 727
f 727 722 725
f 727 725 726
f 614 603 613
f 613 603 667
f 613 667 668
f 615 716 614
f 614 716 721
f 614 721 722
f 616 710 615
f 615 710 715
f 615 715 716
f 617 703 616
f 616 703 704
f 616 704 709
f 709 704 705
f 709 705 706
f 618 619 626
f 626 619 625
f 625 619 680
f 625 680 624
f 624 680 623
f 623 680 622
f 622 680 621
f 680 619 679
f 679 619 620
f 679 620 674
f 674 620 673
f 673 620 613
f 673 613 668
f 633 634 632
f 632 634 635
f 632 635 637
f 637 635 636
f 632 637 609
f 609 637 638
f 638 639 643
f 643 639 640
f 643 640 641
f 641 642 643
f 645 646 649
f 649 646 647
f 649 647 648
f 657 658 656
f 656 658 659
f 656 659 660
f 660 661 656
f 663 664 662
f 662 664 665
f 668 669 673
f 673 669 670
f 673 670 671
f 671 672 673
f 674 675 679
f 679 675 676
f 679 676 677
f 677 678 679
f 685 686 611
f 611 686 691
f 687 688 686
f 686 688 689
f 686 689 690
f 690 691 686
f 693 694 692
f 692 694 695
f 610 697 617
f 617 697 698
f 617 698 703
f 703 698 699
f 703 699 700
f 700 701 703
f 703 701 702
f 706 707 709
f 709 707 708
f 709 710 616
f 711 712 710
f 710 712 713
f 710 713 714
f 714 715 710
f 717 718 716
f 716 718 719
f 716 719 720
f 720 721 716
f 723 724 722
f 722 724 725
f 727 728 612
f 612 728 733
f 612 733 734
f 728 729 733
f 733 729 730
f 733 730 731
f 731 732 733
f 612 734 739
f 739 734 735
f 739 735 736
f 736 737 739
f 739 737 738
f 741 742 748
f 748 742 743
f 748 743 747
f 747 743 744
f 747 744 746
f 746 744 745
f 750 751 749
f 749 751 752
f 749 752 753
f 753 754 749
f 755 756 758
f 758 756 757
f 764 759 762
f 762 759 760
f 762 760 761
f 762 763 764
f 765 766 772
f 772 766 767
f 772 767 771
f 771 767 768
f 771 768 770
f 770 768 769
f 774 775 773
f 773 775 776
f 778 779 777
f 777 779 780
f 781 782 784
f 784 782 783
f 786 787 785
f 785 787 788
f 790 791 789
f 789 791 792
f 793 794 796
f 796 794 795
f 797 798 800
f 800 798 799
f 802 803 801
f 801 803 804
f 806 808 805
f 805 808 809
f 805 809 810
f 806 807 808
f 811 812 818
f 818 812 813
f 818 813 817
f 817 813 814
f 817 814 816
f 816 814 815
f 819 820 822
f 822 820 821
f 823 824 826
f 826 824 825
f 827 828 830
f 830 828 829
f 832 833 831
f 831 833 834
f 835 836 842
f 842 836 837
f 842 837 841
f 841 837 838
f 841 838 840
f 840 838 839
f 844 845 843
f 843 845 846
f 847 848 854
f 854 848 849
f 854 849 853
f 853 849 850
f 853 850 852
f 852 850 851
f 855 856 858
f 858 856 857
f 860 861 859
f 859 861 862
f 863 864 867
f 867 864 866
f 866 864 865
f 868 869 873
f 873 869 870
f 873 870 871
f 871 872 873
f 875 876 874
f 874 876 877
f 879 880 878
f 878 880 881
f 883 884 882
f 882 884 885
f 887 888 886
f 886 888 889
f 891 892 890
f 890 892 893
f 895 896 894
f 894 896 906
f 906 896 897
f 906 897 905
f 905 897 902
f 905 902 903
f 897 898 902
f 902 898 901
f 901 898 899
f 901 899 900
f 903 904 905
f 907 908 910
f 910 908 909
f 912 913 911
f 911 913 914
f 916 917 915
f 915 917 918
f 919 920 923
f 923 920 922
f 922 920 921
f 925 926 924
f 924 926 927
f 928 929 931
f 931 929 930
f 932 933 938
f 938 933 937
f 937 933 934
f 937 934 936
f 936 934 935
f 940 941 939
f 939 941 942
f 943 944 950
f 950 944 945
f 950 945 949
f 949 945 946
f 949 946 948
f 948 946 947
f 951 952 958
f 958 952 953
f 958 953 957
f 957 953 954
f 957 954 956
f 956 954 955
f 959 960 966
f 966 960 961
f 966 961 965
f 965 961 962
f 965 962 964
f 964 962 963
f 967 968 974
f 974 968 969
f 974 969 973
f 973 969 970
f 973 970 972
f 972 970 971
f 975 976 978
f 978 976 977
f 979 980 986
f 986 980 981
f 986 981 985
f 985 981 982
f 985 982 984
f 984 982 983
f 988 989 987
f 987 989 990
f 992 993 991
f 991 993 994
f 996 997 995
f 995 997 998
f 999 1000 1006
f 1006 1000 1005
f 1005 1000 1002
f 1005 1002 1004
f 1004 1002 1003
f 1000 1001 1002
f 1007 1008 1010
f 1010 1008 1009
f 1011 1012 1018
f 1018 1012 1013
f 1018 1013 1017
f 1017 1013 1014
f 1017 1014 1016
f 1016 1014 1015
f 1019 1020 1024
f 1024 1020 1021
f 1024 1021 1022
f 1022 1023 1024
f 1025 1026 1032
f 1032 1026 1027
f 1032 1027 1031
f 1031 1027 1028
f 1031 1028 1030
f 1030 1028 1029
f 1034 1035 1033
f 1033 1035 1036
f 1038 1039 1037
f 1037 1039 1040
f 1042 1043 1041
f 1041 1043 1058
f 1041 1058 1060
f 1060 1058 1059
f 1043 1044 1058
f 1058 1044 1057
f 1057 1044 1052
f 1057 1052 1056
f 1056 1052 1053
f 1056 1053 1055
f 1055 1053 1054
f 1045 1046 1044
f 1044 1046 1051
f 1044 1051 1052
f 1046 1047 1051
f 1051 1047 1050
f 1050 1047 1048
f 1050 1048 1049
f 1061 1062 1064
f 1064 1062 1063
f 1066 1067 1065
f 1065 1067 1068
f 1070 1071 1069
f 1069 1071 1072
f 1074 1075 1073
f 1073 1075 1076
f 1078 1079 1077
f 1077 1079 1080
f 1081 1082 1084
f 1084 1082 1083
f 1085 1086 1088
f 1088 1086 1087
f 1090 1091 1089
f 1089 1091 1092
f 1094 1095 1093
f 1093 1095 1096
f 1098 1099 1097
f 1097 1099 1106
f 1106 1099 1100
f 1106 1100 1105
f 1105 1100 1101
f 1105 1101 1102
f 1103 1104 1102
f 1102 1104 1105
f 1107 1108 1110
f 1110 1108 1109
f 1111 1112 1118
f 1118 1112 1113
f 1118 1113 1117
f 1117 1113 1114
f 1117 1114 1116
f 1116 1114 1115
f 1120 1121 1119
f 1119 1121 1122
f 1124 1125 1123
f 1123 1125 1126
f 1127 1128 1130
f 1130 1128 1129
f 1138 1131 1137
f 1137 1131 1132
f 1137 1132 1133
f 1134 1135 1133
f 1133 1135 1136
f 1133 1136 1137
f 1143 1139 1142
f 1142 1139 1140
f 1142 1140 1141
f 1144 1145 1147
f 1147 1145 1146
f 1148 1149 1152
f 1152 1149 1151
f 1151 1149 1150
v -0.0287472442 -0.180677486 0.16893608
v -0.0512438175 -0.180674045 0.168543423
v -0.0512272198 -0.180356669 0.167595269
v -0.0287306465 -0.180360111 0.167987925
v -0.0287367774 -0.182517746 0.168320273
v -0.0512333507 -0.182514304 0.167927616
v -0.0512438175 -0.180674045 0.168543423
v -0.0287472442 -0.180677486 0.16893608
v -0.0287037789 -0.182192099 0.166432534
v -0.0512003521 -0.182188658 0.166039877
v -0.0511898878 -0.180337842 0.165456564
v -0.0286933145 -0.180341284 0.165849221
v -0.0287877031 -0.182764167 0.171235813
v -0.0512842764 -0.182760726 0.170843156
v -0.0512740188 -0.181946567 0.170262604
v -0.0287774456 -0.181950008 0.17065526
v -0.0286933145 -0.180341284 0.165849221
v -0.0511898878 -0.180337842 0.165456564
v -0.0511732897 -0.180638476 0.164502969
v -0.0286767164 -0.180641918 0.164895626
v -0.0287992373 -0.185804285 0.171869996
v -0.0512958106 -0.185800844 0.171477339
v -0.0512958112 -0.184800882 0.171486142
v -0.028799238 -0.184804324 0.171878799
v -0.0287603031 -0.183890954 0.169656103
v -0.0512568764 -0.183887513 0.169263446
v -0.0512842764 -0.182760726 0.170843156
v -0.0287877031 -0.182764167 0.171235813
v -0.02876537 -0.185787205 0.169929779
v -0.0512619433 -0.185783764 0.169537122
v -0.0512958106 -0.185800844 0.171477339
v -0.0287992373 -0.185804285 0.171869996
v -0.0471288881 -0.172917458 0.162061654
v -0.0431294973 -0.17291807 0.16213146
v -0.0431294974 -0.172718078 0.16213322
v -0.0471288883 -0.172717466 0.162063415
v -0.0282189747 -0.188354975 0.138602511
v -0.050715548 -0.188351534 0.138209854
v -0.0507258066 -0.187547721 0.138804649
v -0.0282292333 -0.187551163 0.139197305
v -0.051216753 -0.182196929 0.166979462
v -0.0287201797 -0.18220037 0.167372118
v -0.0287306465 -0.180360111 0.167987925
v -0.0512272198 -0.180356669 0.167595269
v -0.0287774411 -0.188636619 0.170596398
v -0.0512740144 -0.188633177 0.170203741
v -0.051284273 -0.187829365 0.170798537
v -0.0287876998 -0.187832806 0.171191194
v -0.0287037748 -0.188320225 0.166378588
v -0.0512003481 -0.188316784 0.165985931
v -0.0512058056 -0.188351366 0.166298307
v -0.0512112913 -0.188354133 0.166612579
v -0.0512167489 -0.188325055 0.166925516
v -0.0287201756 -0.188328497 0.167318172
v -0.0287147181 -0.188357575 0.167005236
v -0.0287092323 -0.188354808 0.166690964
v -0.051183754 -0.182489292 0.165086282
v -0.0286871808 -0.182492734 0.165478939
v -0.0286767164 -0.180641918 0.164895626
v -0.0511732897 -0.180638476 0.164502969
v -0.0287367737 -0.188027862 0.168271767
v -0.051233347 -0.188024421 0.167879111
v -0.0512380889 -0.18786876 0.168152153
v -0.0512425271 -0.187686246 0.16840803
v -0.051246616 -0.187478754 0.168644114
v -0.0287500427 -0.187482196 0.16903677
v -0.0287459538 -0.187689688 0.168800687
v -0.0287415156 -0.187872202 0.16854481
v -0.0281915762 -0.187200553 0.137042883
v -0.0506881495 -0.187197111 0.136650226
v -0.050715548 -0.188351534 0.138209854
v -0.0282189747 -0.188354975 0.138602511
v -0.0471131807 -0.173809503 0.161153903
v -0.0431137898 -0.173810114 0.161223709
v -0.0431294973 -0.17291807 0.16213146
v -0.0471288881 -0.172917458 0.162061654
v -0.0470276662 -0.172666418 0.156264523
v -0.0430282754 -0.17266703 0.156334328
v -0.0430282752 -0.172867022 0.156332568
v -0.0470276661 -0.17286641 0.156262762
v -0.0430963351 -0.177701162 0.16018957
v -0.047095726 -0.17770055 0.160119764
v -0.0470957293 -0.172700744 0.160163778
v -0.0430963385 -0.172701355 0.160233583
v -0.0512466189 -0.183073354 0.168682894
v -0.0287500456 -0.183076795 0.169075551
v -0.0287774456 -0.181950008 0.17065526
v -0.0512740188 -0.181946567 0.170262604
v -0.0286739118 -0.1830384 0.164713937
v -0.0511704851 -0.183034958 0.164321281
v -0.0511430867 -0.181880536 0.162761653
v -0.0286465134 -0.181883977 0.163154309
v -0.0287500427 -0.187482196 0.16903677
v -0.051246616 -0.187478754 0.168644114
v -0.0512740144 -0.188633177 0.170203741
v -0.0287774411 -0.188636619 0.170596398
v -0.0287603013 -0.186678384 0.169631565
v -0.0512568746 -0.186674942 0.169238908
v -0.0512590896 -0.186388496 0.169368323
v -0.0512607849 -0.186090415 0.16946807
v -0.0512619433 -0.185783764 0.169537122
v -0.02876537 -0.185787205 0.169929779
v -0.0287642117 -0.186093857 0.169860727
v -0.0287625163 -0.186391938 0.16976098
v -0.0281721735 -0.189897669 0.135907599
v -0.0506687468 -0.189894227 0.135514943
v -0.0506853449 -0.189593593 0.136468538
v -0.0281887716 -0.189597035 0.136861194
v -0.0431137872 -0.177709963 0.161189378
v -0.0431137898 -0.173810114 0.161223709
v -0.0471131807 -0.173809503 0.161153903
v -0.0471131781 -0.177709351 0.161119573
v -0.0470276661 -0.17286641 0.156262762
v -0.0430282752 -0.172867022 0.156332568
v -0.0430439815 -0.173774909 0.157224473
v -0.0470433724 -0.173774297 0.157154668
v -0.0470608252 -0.172683141 0.15816416
v -0.0470608219 -0.177682947 0.158120146
v -0.043061431 -0.177683559 0.158189952
v -0.0430614343 -0.172683753 0.158233965
v -0.0512619439 -0.184783803 0.169545925
v -0.0287653707 -0.184787244 0.169938582
v -0.028799238 -0.184804324 0.171878799
v -0.0512958112 -0.184800882 0.171486142
v -0.0286465134 -0.181883977 0.163154309
v -0.0511430867 -0.181880536 0.162761653
v -0.0511328281 -0.182684348 0.162166858
v -0.0286362548 -0.182687789 0.162559515
v -0.02873064 -0.190179312 0.167901487
v -0.0512272133 -0.190175871 0.16750883
v -0.0512438114 -0.189875236 0.168462425
v -0.0287472381 -0.189878678 0.168855082
v -0.0287653707 -0.184787244 0.169938582
v -0.0512619439 -0.184783803 0.169545925
v -0.051260786 -0.184475983 0.169482282
v -0.051259091 -0.184176193 0.169387798
v -0.0512568764 -0.183887513 0.169263446
v -0.0287603031 -0.183890954 0.169656103
v -0.0287625178 -0.184179634 0.169780455
v -0.0287642127 -0.184479425 0.169874939
v -0.0281617092 -0.188046853 0.135324286
v -0.0506582825 -0.188043412 0.13493163
v -0.0506687468 -0.189894227 0.135514943
v -0.0281721735 -0.189897669 0.135907599
v -0.0470433698 -0.177674146 0.157120337
v -0.0470433724 -0.173774297 0.157154668
v -0.0430439815 -0.173774909 0.157224473
v -0.0430439789 -0.177674758 0.157190143
v -0.0471288883 -0.172717466 0.162063415
v -0.0470957293 -0.172700744 0.160163778
v -0.047095726 -0.17770055 0.160119764
v -0.0471131781 -0.177709351 0.161119573
v -0.0471131807 -0.173809503 0.161153903
v -0.0471288881 -0.172917458 0.162061654
v -0.0281887778 -0.180395843 0.136942193
v -0.050685351 -0.180392401 0.136549536
v -0.0506687533 -0.180075026 0.135601381
v -0.0281721801 -0.180078467 0.135994038
v -0.028178311 -0.182236103 0.136326387
v -0.0506748842 -0.182232661 0.13593373
v -0.050685351 -0.180392401 0.136549536
v -0.0281887778 -0.180395843 0.136942193
v -0.0282292367 -0.182482524 0.139241925
v -0.0507258099 -0.182479082 0.138849268
v -0.0507155524 -0.181664923 0.138268717
v -0.0282189791 -0.181668365 0.138661373
v -0.0506984081 -0.186393299 0.137245021
v -0.0282018348 -0.18639674 0.137637677
v -0.0282292333 -0.187551163 0.139197305
v -0.0507258066 -0.187547721 0.138804649
v -0.0512568746 -0.186674942 0.169238908
v -0.0287603013 -0.186678384 0.169631565
v -0.0287876998 -0.187832806 0.171191194
v -0.051284273 -0.187829365 0.170798537
v -0.0511602265 -0.183838771 0.163726486
v -0.0286636532 -0.183842212 0.164119143
v -0.0286362548 -0.182687789 0.162559515
v -0.0511328281 -0.182684348 0.162166858
v -0.0287201756 -0.188328497 0.167318172
v -0.0512167489 -0.188325055 0.166925516
v -0.0512272133 -0.190175871 0.16750883
v -0.02873064 -0.190179312 0.167901487
v -0.0287500456 -0.183076795 0.169075551
v -0.0512466189 -0.183073354 0.168682894
v -0.0512425303 -0.182861738 0.168450501
v -0.0512380924 -0.182674747 0.168197876
v -0.0512333507 -0.182514304 0.167927616
v -0.0287367774 -0.182517746 0.168320273
v -0.0287415191 -0.182678189 0.168590533
v -0.028745957 -0.182865179 0.168843157
v -0.0281182439 -0.189561466 0.13282074
v -0.0506148171 -0.189558025 0.132428084
v -0.0506314148 -0.1898754 0.133376238
v -0.0281348416 -0.189878842 0.133768895
v -0.0430963385 -0.172701355 0.160233583
v -0.0470957293 -0.172700744 0.160163778
v -0.0471288883 -0.172717466 0.162063415
v -0.0431294974 -0.172718078 0.16213322
v -0.0281348481 -0.18005964 0.133855334
v -0.0506314214 -0.180056199 0.133462677
v -0.0506148232 -0.180356833 0.132509082
v -0.02811825 -0.180360275 0.132901739
v -0.0281453124 -0.181910456 0.134438648
v -0.0506418857 -0.181907014 0.134045991
v -0.0506314214 -0.180056199 0.133462677
v -0.0281348481 -0.18005964 0.133855334
v -0.0507034775 -0.184502159 0.137552039
v -0.0282069042 -0.184505601 0.137944696
v -0.0282407715 -0.184522681 0.139884913
v -0.0507373448 -0.184519239 0.139492256
v -0.0282018367 -0.183609311 0.137662215
v -0.05069841 -0.183605869 0.137269559
v -0.0507258099 -0.182479082 0.138849268
v -0.0282292367 -0.182482524 0.139241925
v -0.0506748806 -0.187742777 0.135885225
v -0.0281783073 -0.187746219 0.136277881
v -0.0281887716 -0.189597035 0.136861194
v -0.0506853449 -0.189593593 0.136468538
v -0.051233347 -0.188024421 0.167879111
v -0.0287367737 -0.188027862 0.168271767
v -0.0287472381 -0.189878678 0.168855082
v -0.0512438114 -0.189875236 0.168462425
v -0.0286767103 -0.18984311 0.164814628
v -0.0511732836 -0.189839668 0.164421971
v -0.0511898813 -0.190157044 0.165370126
v -0.028693308 -0.190160485 0.165762782
v -0.0286739089 -0.1874438 0.164675156
v -0.0511704822 -0.187440359 0.1642825
v -0.0511745708 -0.187651975 0.164514892
v -0.0511790087 -0.187838965 0.164767518
v -0.0511837504 -0.187999408 0.165037777
v -0.0286871771 -0.18800285 0.165430433
v -0.0286824354 -0.187842407 0.165160175
v -0.0286779975 -0.187655416 0.164907549
v -0.0287201797 -0.18220037 0.167372118
v -0.051216753 -0.182196929 0.166979462
v -0.0512112955 -0.182162346 0.166667086
v -0.0512058097 -0.18215958 0.166352814
v -0.0512003521 -0.182188658 0.166039877
v -0.0287037789 -0.182192099 0.166432534
v -0.0287092364 -0.182163021 0.16674547
v -0.0287147222 -0.182165788 0.167059742
v -0.0281287107 -0.187721206 0.133436547
v -0.0506252839 -0.187717765 0.133043891
v -0.0506148171 -0.189558025 0.132428084
v -0.0281182439 -0.189561466 0.13282074
v -0.0474567659 -0.172731502 0.163657873
v -0.0475440263 -0.172775509 0.168656918
v -0.0432446811 -0.172776167 0.168731959
v -0.0431574207 -0.17273216 0.163732914
v -0.0474567659 -0.172731502 0.163657873
v -0.0511562001 -0.176430793 0.163560733
v -0.0513080332 -0.176507365 0.172259072
v -0.0475440263 -0.172775509 0.168656918
v -0.0280880469 -0.181602334 0.131160422
v -0.0505846202 -0.181598892 0.130767766
v -0.0505743616 -0.182402704 0.13017297
v -0.0280777883 -0.182406146 0.130565627
v -0.0281154454 -0.182756757 0.13272005
v -0.0506120187 -0.182753315 0.132327393
v -0.0505846202 -0.181598892 0.130767766
v -0.0280880469 -0.181602334 0.131160422
v -0.0506881524 -0.18279171 0.136689007
v -0.0281915792 -0.182795152 0.137081664
v -0.0282189791 -0.181668365 0.138661373
v -0.0507155524 -0.181664923 0.138268717
v -0.0281154425 -0.187162157 0.132681269
v -0.0506120157 -0.187158716 0.132288612
v -0.0506161043 -0.187370331 0.132521006
v -0.0506205423 -0.187557322 0.132773631
v -0.0506252839 -0.187717765 0.133043891
v -0.0281287107 -0.187721206 0.133436547
v -0.028123969 -0.187560764 0.133166288
v -0.0281195311 -0.187373773 0.132913663
v -0.0511562001 -0.176430793 0.163560733
v -0.0474567659 -0.172731502 0.163657873
v -0.0431574207 -0.17273216 0.163732914
v -0.0431574174 -0.177731966 0.163688901
v -0.0511561993 -0.177730743 0.16354929
v -0.0509991315 -0.176351581 0.154562453
v -0.0472996972 -0.17265229 0.154659593
v -0.0472822452 -0.172643489 0.153659784
v -0.0509171067 -0.176310215 0.149863351
v -0.0282407709 -0.185522642 0.13987611
v -0.0507373441 -0.1855192 0.139483453
v -0.0507373448 -0.184519239 0.139492256
v -0.0282407715 -0.184522681 0.139884913
v -0.0506418816 -0.18803514 0.133992045
v -0.0281453084 -0.188038582 0.134384702
v -0.0281348416 -0.189878842 0.133768895
v -0.0506314148 -0.1898754 0.133376238
v -0.0512003481 -0.188316784 0.165985931
v -0.0287037748 -0.188320225 0.166378588
v -0.028693308 -0.190160485 0.165762782
v -0.0511898813 -0.190157044 0.165370126
v -0.0286585845 -0.18473339 0.163820927
v -0.0511551578 -0.184729949 0.163428271
v -0.0511212905 -0.184712869 0.161488054
v -0.0286247172 -0.184716311 0.16188071
v -0.0286871771 -0.18800285 0.165430433
v -0.0511837504 -0.187999408 0.165037777
v -0.0511732836 -0.189839668 0.164421971
v -0.0286767103 -0.18984311 0.164814628
v -0.0286871808 -0.182492734 0.165478939
v -0.051183754 -0.182489292 0.165086282
v -0.0511790122 -0.182644952 0.164813241
v -0.051174574 -0.182827466 0.164557363
v -0.0511704851 -0.183034958 0.164321281
v -0.0286739118 -0.1830384 0.164713937
v -0.0286780007 -0.182830908 0.164950019
v -0.0286824389 -0.182648394 0.165205898
v -0.0280662508 -0.184434667 0.129886824
v -0.0505628241 -0.184431226 0.129494168
v -0.0505628234 -0.185431187 0.129485365
v -0.0280662501 -0.185434628 0.129878022
v -0.0280777849 -0.187474785 0.130521007
v -0.0505743582 -0.187471344 0.130128351
v -0.0505846158 -0.188285503 0.130708903
v -0.0280880425 -0.188288944 0.13110156
v -0.0281001181 -0.184451747 0.131827041
v -0.0505966913 -0.184448305 0.131434385
v -0.0505628241 -0.184431226 0.129494168
v -0.0280662508 -0.184434667 0.129886824
v -0.0506582865 -0.181915286 0.134985576
v -0.0281617133 -0.181918727 0.135378232
v -0.0281721801 -0.180078467 0.135994038
v -0.0506687533 -0.180075026 0.135601381
v -0.0281453084 -0.188038582 0.134384702
v -0.0506418816 -0.18803514 0.133992045
v -0.0506473392 -0.188069723 0.134304421
v -0.0506528249 -0.18807249 0.134618693
v -0.0506582825 -0.188043412 0.13493163
v -0.0281617092 -0.188046853 0.135324286
v -0.0281562516 -0.188075931 0.13501135
v -0.0281507659 -0.188073165 0.134697078
v -0.0470433698 -0.177674146 0.157120337
v -0.0470608219 -0.177682947 0.158120146
v -0.0470608252 -0.172683141 0.15816416
v -0.0470276662 -0.172666418 0.156264523
v -0.0470276661 -0.17286641 0.156262762
v -0.0470433724 -0.173774297 0.157154668
v -0.0282069036 -0.185505562 0.137935893
v -0.0507034768 -0.185502121 0.137543236
v -0.0507373441 -0.1855192 0.139483453
v -0.0282407709 -0.185522642 0.13987611
v -0.0283105828 -0.180058061 0.143923761
v -0.0508071561 -0.180054619 0.143531104
v -0.0507722506 -0.182036939 0.141513881
v -0.0282756773 -0.18204038 0.141906538
v -0.0506120157 -0.187158716 0.132288612
v -0.0281154425 -0.187162157 0.132681269
v -0.0280880425 -0.188288944 0.13110156
v -0.0505846158 -0.188285503 0.130708903
v -0.0511704822 -0.187440359 0.1642825
v -0.0286739089 -0.1874438 0.164675156
v -0.0286465089 -0.188570587 0.163095447
v -0.0511430822 -0.188567146 0.16270279
v -0.0286247172 -0.184716311 0.16188071
v -0.0511212905 -0.184712869 0.161488054
v -0.0511212898 -0.18571283 0.161479251
v -0.0286247165 -0.185716272 0.161871908
v -0.0286362514 -0.187756429 0.162514896
v -0.0511328247 -0.187752987 0.162122239
v -0.0511430822 -0.188567146 0.16270279
v -0.0286465089 -0.188570587 0.163095447
v -0.0286636532 -0.183842212 0.164119143
v -0.0511602265 -0.183838771 0.163726486
v -0.0511580115 -0.184125217 0.163597071
v -0.0511563161 -0.184423298 0.163497324
v -0.0511551578 -0.184729949 0.163428271
v -0.0286585845 -0.18473339 0.163820927
v -0.0286597428 -0.184426739 0.163889981
v -0.0286614382 -0.184128658 0.163989728
v -0.0281051849 -0.186347998 0.132100718
v -0.0506017582 -0.186344557 0.131708061
v -0.0505743582 -0.187471344 0.130128351
v -0.0280777849 -0.187474785 0.130521007
v -0.0513165585 -0.177000161 0.172743194
v -0.0433177766 -0.177001385 0.172882805
v -0.0432446811 -0.172776167 0.168731959
v -0.0475440263 -0.172775509 0.168656918
v -0.0513080332 -0.176507365 0.172259072
v -0.0331830539 -0.204235911 0.0504193714
v -0.0376450653 -0.202189837 0.0503594968
v -0.037784682 -0.202260248 0.0583579704
v -0.0333226705 -0.204306322 0.058417845
v -0.0506252876 -0.182207649 0.133092396
v -0.0281287143 -0.18221109 0.133485053
v -0.02811825 -0.180360275 0.132901739
v -0.0506148232 -0.180356833 0.132509082
v -0.0281783073 -0.187746219 0.136277881
v -0.0506748806 -0.187742777 0.135885225
v -0.0506796225 -0.187587117 0.136158266
v -0.0506840607 -0.187404603 0.136414144
v -0.0506881495 -0.187197111 0.136650226
v -0.0281915762 -0.187200553 0.137042883
v -0.0281874874 -0.187408045 0.136806801
v -0.0281830492 -0.187590559 0.136550922
v -0.0470608252 -0.172683141 0.15816416
v -0.0430614343 -0.172683753 0.158233965
v -0.0430282754 -0.17266703 0.156334328
v -0.0470276662 -0.172666418 0.156264523
v -0.0333226739 -0.199306516 0.0584618584
v -0.0333226705 -0.204306322 0.058417845
v -0.037784682 -0.202260248 0.0583579704
v -0.038040579 -0.201991308 0.0583558711
v -0.0380405792 -0.201620086 0.058359139
v -0.0377846826 -0.201351224 0.0583659726
v -0.0510514852 -0.180177838 0.15752843
v -0.0508071561 -0.180054619 0.143531104
v -0.0283105828 -0.180058061 0.143923761
v -0.0285549119 -0.180181279 0.157921086
v -0.0285898147 -0.182198805 0.159903099
v -0.051086388 -0.182195363 0.159510442
v -0.0510514852 -0.180177838 0.15752843
v -0.0285549119 -0.180181279 0.157921086
v -0.051086384 -0.188195131 0.159457626
v -0.051086388 -0.182195363 0.159510442
v -0.0285898147 -0.182198805 0.159903099
v -0.0285898107 -0.188198572 0.159850282
v -0.0505966907 -0.185448267 0.131425582
v -0.0281001174 -0.185451708 0.131818239
v -0.0280662501 -0.185434628 0.129878022
v -0.0505628234 -0.185431187 0.129485365
v -0.0511551571 -0.18572991 0.163419468
v -0.0286585838 -0.185733352 0.163812125
v -0.0286247165 -0.185716272 0.161871908
v -0.0511212898 -0.18571283 0.161479251
v -0.0286636514 -0.186629642 0.164094605
v -0.0511602247 -0.1866262 0.163701948
v -0.0511328247 -0.187752987 0.162122239
v -0.0286362514 -0.187756429 0.162514896
v -0.0281001174 -0.185451708 0.131818239
v -0.0505966907 -0.185448267 0.131425582
v -0.0505978486 -0.185756086 0.131489225
v -0.0505995436 -0.186055877 0.131583709
v -0.0506017582 -0.186344557 0.131708061
v -0.0281051849 -0.186347998 0.132100718
v -0.0281029703 -0.186059318 0.131976366
v -0.0281012753 -0.185759528 0.131881882
v -0.0435002725 -0.177652678 0.154681895
v -0.0430090748 -0.177657155 0.155190525
v -0.0430090741 -0.178657116 0.155181722
v -0.0435002719 -0.178652639 0.154673092
v -0.0376101618 -0.201263211 0.0483678829
v -0.0378660585 -0.201532072 0.0483610494
v -0.0378660582 -0.201903295 0.0483577815
v -0.0376101612 -0.202172235 0.0483598808
v -0.0372611197 -0.201996207 0.0283637015
v -0.0375170167 -0.201727268 0.0283616022
v -0.0375170169 -0.201356045 0.0283648701
v -0.0372611203 -0.201087184 0.0283717037
v -0.0407980784 -0.200041213 0.0283191724
v -0.0408004168 -0.199542411 0.0284575203
v -0.0408068051 -0.199179621 0.0288267021
v -0.0408155311 -0.199050053 0.0293277783
v -0.0328165635 -0.199051276 0.0294673928
v -0.0334431435 -0.199337837 0.028746696
v -0.0349805214 -0.200042103 0.0284207124
v -0.0343697926 -0.208562181 0.118373565
v -0.0339445099 -0.208347704 0.0940096167
v -0.0499422593 -0.208345257 0.093730391
v -0.050367542 -0.208559734 0.118094339
v -0.0341476724 -0.195722729 0.105760115
v -0.0343697926 -0.208562181 0.118373565
v -0.050367542 -0.208559734 0.118094339
v -0.0501454218 -0.195720282 0.105480889
v -0.0506017601 -0.183557127 0.131732599
v -0.0281051868 -0.183560569 0.132125255
v -0.0280777883 -0.182406146 0.130565627
v -0.0505743616 -0.182402704 0.13017297
v -0.0282018348 -0.18639674 0.137637677
v -0.0506984081 -0.186393299 0.137245021
v -0.0507006231 -0.186106853 0.137374436
v -0.0507023185 -0.185808772 0.137474183
v -0.0507034768 -0.185502121 0.137543236
v -0.0282069036 -0.185505562 0.137935893
v -0.0282057452 -0.185812213 0.13786684
v -0.0282040498 -0.186110294 0.137767092
v -0.0430439789 -0.177674758 0.157190143
v -0.0430090748 -0.177657155 0.155190525
v -0.0435002725 -0.177652678 0.154681895
v -0.0509991306 -0.177651531 0.154551009
v -0.0511561993 -0.177730743 0.16354929
v -0.0431574174 -0.177731966 0.163688901
v -0.0431137872 -0.177709963 0.161189378
v -0.0471131781 -0.177709351 0.161119573
v -0.047095726 -0.17770055 0.160119764
v -0.0430963351 -0.177701162 0.16018957
v -0.043061431 -0.177683559 0.158189952
v -0.0470608219 -0.177682947 0.158120146
v -0.0470433698 -0.177674146 0.157120337
v -0.0434828238 -0.17264407 0.1537261
v -0.0433781073 -0.17859103 0.147674429
v -0.0508769654 -0.178589883 0.147543544
v -0.0509171067 -0.176310215 0.149863351
v -0.0472822452 -0.172643489 0.153659784
v -0.0454269428 -0.208205304 0.0818691478
v -0.0498090737 -0.211097422 0.086075633
v -0.0498090857 -0.193003396 0.0862349151
v -0.045426951 -0.195821007 0.0819781671
v -0.0416706828 -0.199481319 0.0783184184
v -0.0416706795 -0.204481125 0.078274405
v -0.033671712 -0.204482349 0.0784140195
v -0.0337361494 -0.208207092 0.0820731997
v -0.0454269428 -0.208205304 0.0818691478
v -0.0416706795 -0.204481125 0.078274405
v -0.0282756773 -0.18204038 0.141906538
v -0.0507722506 -0.182036939 0.141513881
v -0.0507722466 -0.188036706 0.141461065
v -0.0282756734 -0.188040148 0.141853722
v -0.0282756734 -0.188040148 0.141853722
v -0.0507722466 -0.188036706 0.141461065
v -0.0508071495 -0.190054231 0.143443077
v -0.0283105762 -0.190057673 0.143835734
v -0.0285549052 -0.190180892 0.157833059
v -0.0510514785 -0.19017745 0.157440403
v -0.051086384 -0.188195131 0.159457626
v -0.0285898107 -0.188198572 0.159850282
v -0.0286585838 -0.185733352 0.163812125
v -0.0511551571 -0.18572991 0.163419468
v -0.051156315 -0.186037729 0.163483112
v -0.05115801 -0.18633752 0.163577596
v -0.0511602247 -0.1866262 0.163701948
v -0.0286636514 -0.186629642 0.164094605
v -0.0286614368 -0.186340962 0.163970253
v -0.0286597418 -0.186041171 0.163875769
v -0.0433781073 -0.17859103 0.147674429
v -0.0434828238 -0.17264407 0.1537261
v -0.0435002759 -0.172652872 0.154725908
v -0.0435002725 -0.177652678 0.154681895
v -0.0435002719 -0.178652639 0.154673092
v -0.0331481531 -0.199218502 0.0484637688
v -0.0376101618 -0.201263211 0.0483678829
v -0.0372611203 -0.201087184 0.0283717037
v -0.0349805214 -0.200042103 0.0284207124
v -0.0334431435 -0.199337837 0.028746696
v -0.0328165635 -0.199051276 0.0294673928
v -0.0376450653 -0.202189837 0.0503594968
v -0.0379009623 -0.201920897 0.0503573975
v -0.0379009626 -0.201549675 0.0503606654
v -0.037645066 -0.201280813 0.050367499
v -0.0377846826 -0.201351224 0.0583659726
v -0.0380405792 -0.201620086 0.058359139
v -0.038040579 -0.201991308 0.0583558711
v -0.037784682 -0.202260248 0.0583579704
v -0.0407980764 -0.203041096 0.0282927643
v -0.0407980784 -0.200041213 0.0283191724
v -0.0349805214 -0.200042103 0.0284207124
v -0.0372611203 -0.201087184 0.0283717037
v -0.0375170169 -0.201356045 0.0283648701
v -0.0375170167 -0.201727268 0.0283616022
v -0.0372611197 -0.201996207 0.0283637015
v -0.0349805194 -0.203041986 0.0283943043
v -0.0345443134 -0.208650195 0.128371654
v -0.0347664505 -0.196034788 0.141209184
v -0.0507641999 -0.196032341 0.140929958
v -0.0505420628 -0.208647747 0.128092429
v -0.0282069042 -0.184505601 0.137944696
v -0.0507034775 -0.184502159 0.137552039
v -0.0507023196 -0.18419434 0.137488395
v -0.0507006246 -0.183894549 0.137393911
v -0.05069841 -0.183605869 0.137269559
v -0.0282018367 -0.183609311 0.137662215
v -0.0282040513 -0.183897991 0.137786567
v -0.0282057463 -0.184197782 0.137881051
v -0.0433177766 -0.177001385 0.172882805
v -0.0433177734 -0.181801199 0.172840552
v -0.0432656196 -0.178786496 0.169878914
v -0.0430090741 -0.178657116 0.155181722
v -0.0430090748 -0.177657155 0.155190525
v -0.0430439789 -0.177674758 0.157190143
v -0.0430439815 -0.173774909 0.157224473
v -0.0430282752 -0.172867022 0.156332568
v -0.0430282754 -0.17266703 0.156334328
v -0.0430614343 -0.172683753 0.158233965
v -0.043061431 -0.177683559 0.158189952
v -0.0430963351 -0.177701162 0.16018957
v -0.0430963385 -0.172701355 0.160233583
v -0.0431294974 -0.172718078 0.16213322
v -0.0431294973 -0.17291807 0.16213146
v -0.0431137898 -0.173810114 0.161223709
v -0.0431137872 -0.177709963 0.161189378
v -0.0431574174 -0.177731966 0.163688901
v -0.0431574207 -0.17273216 0.163732914
v -0.0432446811 -0.172776167 0.168731959
v -0.0472996972 -0.17265229 0.154659593
v -0.0435002759 -0.172652872 0.154725908
v -0.0434828238 -0.17264407 0.1537261
v -0.0472822452 -0.172643489 0.153659784
v -0.0337361494 -0.208207092 0.0820731997
v -0.0337831358 -0.210296651 0.084746889
v -0.0338378533 -0.211622901 0.0878702101
v -0.0338965731 -0.212095462 0.0912303169
v -0.0498943225 -0.212093014 0.0909510911
v -0.049865271 -0.211971348 0.0892876984
v -0.0498366979 -0.211637651 0.0876535776
v -0.0498090737 -0.211097422 0.086075633
v -0.0454269428 -0.208205304 0.0818691478
v -0.0283105762 -0.190057673 0.143835734
v -0.0508071495 -0.190054231 0.143443077
v -0.0510514785 -0.19017745 0.157440403
v -0.0285549052 -0.190180892 0.157833059
v -0.0336717153 -0.199482543 0.0784580329
v -0.0333226739 -0.199306516 0.0584618584
v -0.0331830572 -0.199236105 0.0504633848
v -0.0331481531 -0.199218502 0.0484637688
v -0.0328165635 -0.199051276 0.0294673928
v -0.0408155311 -0.199050053 0.0293277783
v -0.0416706828 -0.199481319 0.0783184184
v -0.0433177734 -0.181801199 0.172840552
v -0.028819982 -0.181803417 0.173093597
v -0.0287678282 -0.178788714 0.170131959
v -0.0432656196 -0.178786496 0.169878914
v -0.037645066 -0.201280813 0.050367499
v -0.0379009626 -0.201549675 0.0503606654
v -0.0379009623 -0.201920897 0.0503573975
v -0.0376450653 -0.202189837 0.0503594968
v -0.0331830539 -0.204235911 0.0504193714
v -0.0331830572 -0.199236105 0.0504633848
v -0.0376101612 -0.202172235 0.0483598808
v -0.0331481498 -0.204218308 0.0484197554
v -0.0328165602 -0.204051083 0.0294233794
v -0.0334431405 -0.203751879 0.0287078391
v -0.0349805194 -0.203041986 0.0283943043
v -0.0372611197 -0.201996207 0.0283637015
v -0.0408155277 -0.204049859 0.0292837649
v -0.0408068019 -0.203911489 0.0287850474
v -0.0408004142 -0.203542257 0.0284223095
v -0.0407980764 -0.203041096 0.0282927643
v -0.0349805194 -0.203041986 0.0283943043
v -0.0334431405 -0.203751879 0.0287078391
v -0.0328165602 -0.204051083 0.0294233794
v -0.0347664505 -0.196034788 0.141209184
v -0.0349885707 -0.20887424 0.153822635
v -0.0509863201 -0.208871793 0.153543409
v -0.0507641999 -0.196032341 0.140929958
v -0.0281915792 -0.182795152 0.137081664
v -0.0506881524 -0.18279171 0.136689007
v -0.0506840639 -0.182580095 0.136456615
v -0.0506796259 -0.182393104 0.136203989
v -0.0506748842 -0.182232661 0.13593373
v -0.028178311 -0.182236103 0.136326387
v -0.0281830526 -0.182396545 0.136596645
v -0.0281874906 -0.182583536 0.136849271
v -0.0508769654 -0.178589883 0.147543544
v -0.0433781073 -0.17859103 0.147674429
v -0.0435002719 -0.178652639 0.154673092
v -0.0430090741 -0.178657116 0.155181722
v -0.0432656196 -0.178786496 0.169878914
v -0.0287678282 -0.178788714 0.170131959
v -0.0280981646 -0.178450993 0.131767717
v -0.0505947379 -0.178447551 0.13137506
v -0.0509991306 -0.177651531 0.154551009
v -0.0435002725 -0.177652678 0.154681895
v -0.0435002759 -0.172652872 0.154725908
v -0.0472996972 -0.17265229 0.154659593
v -0.0509991315 -0.176351581 0.154562453
v -0.0338965731 -0.212095462 0.0912303169
v -0.0349173876 -0.212610274 0.149711576
v -0.0509151369 -0.212607827 0.14943235
v -0.0498943225 -0.212093014 0.0909510911
v -0.05131655 -0.189811149 0.172630418
v -0.0288199767 -0.189814591 0.173023075
v -0.028819982 -0.181803417 0.173093597
v -0.0433177734 -0.181801199 0.172840552
v -0.0433177766 -0.177001385 0.172882805
v -0.0513165585 -0.177000161 0.172743194
v -0.0376101612 -0.202172235 0.0483598808
v -0.0378660582 -0.201903295 0.0483577815
v -0.0378660585 -0.201532072 0.0483610494
v -0.0376101618 -0.201263211 0.0483678829
v -0.0331481531 -0.199218502 0.0484637688
v -0.0331481498 -0.204218308 0.0484197554
v -0.0331830539 -0.204235911 0.0504193714
v -0.0333226705 -0.204306322 0.058417845
v -0.033671712 -0.204482349 0.0784140195
v -0.0416706795 -0.204481125 0.078274405
v -0.0408155277 -0.204049859 0.0292837649
v -0.0328165602 -0.204051083 0.0294233794
v -0.0331481498 -0.204218308 0.0484197554
v -0.0416706795 -0.204481125 0.078274405
v -0.0416706828 -0.199481319 0.0783184184
v -0.0408155311 -0.199050053 0.0293277783
v -0.0408068051 -0.199179621 0.0288267021
v -0.0408004168 -0.199542411 0.0284575203
v -0.0407980784 -0.200041213 0.0283191724
v -0.0407980764 -0.203041096 0.0282927643
v -0.0408004142 -0.203542257 0.0284223095
v -0.0408068019 -0.203911489 0.0287850474
v -0.0408155277 -0.204049859 0.0292837649
v -0.0346791901 -0.195990782 0.13621014
v -0.034457053 -0.208606188 0.123372609
v -0.0504548024 -0.20860374 0.123093384
v -0.0506769395 -0.195988334 0.135930914
v -0.0281617133 -0.181918727 0.135378232
v -0.0506582865 -0.181915286 0.134985576
v -0.050652829 -0.181880703 0.1346732
v -0.0506473433 -0.181877936 0.134358928
v -0.0506418857 -0.181907014 0.134045991
v -0.0281453124 -0.181910456 0.134438648
v -0.02815077 -0.181881378 0.134751584
v -0.0281562558 -0.181884144 0.135065856
v -0.0280455076 -0.181441442 0.128724613
v -0.0505420808 -0.181438001 0.128331957
v -0.0505947379 -0.178447551 0.13137506
v -0.0280981646 -0.178450993 0.131767717
v -0.0505420735 -0.192419748 0.128235284
v -0.0505418876 -0.192420454 0.128235281
v -0.0505420767 -0.192420455 0.128235457
v -0.0331481498 -0.204218308 0.0484197554
v -0.0331481531 -0.199218502 0.0484637688
v -0.0331830572 -0.199236105 0.0504633848
v -0.0331830539 -0.204235911 0.0504193714
v -0.037645066 -0.201280813 0.050367499
v -0.0331830572 -0.199236105 0.0504633848
v -0.0333226739 -0.199306516 0.0584618584
v -0.0377846826 -0.201351224 0.0583659726
v -0.0498090857 -0.193003396 0.0862349151
v -0.0498090737 -0.211097422 0.086075633
v -0.0498366979 -0.211637651 0.0876535776
v -0.049865271 -0.211971348 0.0892876984
v -0.0498943225 -0.212093014 0.0909510911
v -0.0509151369 -0.212607827 0.14943235
v -0.0510687464 -0.210934592 0.158247799
v -0.0511989725 -0.206014685 0.165751999
v -0.0512859895 -0.198597118 0.170802502
v -0.05131655 -0.189811149 0.172630418
v -0.0513165585 -0.177000161 0.172743194
v -0.0513080332 -0.176507365 0.172259072
v -0.0511562001 -0.176430793 0.163560733
v -0.0511561993 -0.177730743 0.16354929
v -0.0509991306 -0.177651531 0.154551009
v -0.0509991315 -0.176351581 0.154562453
v -0.0509171067 -0.176310215 0.149863351
v -0.0508769654 -0.178589883 0.147543544
v -0.0505947379 -0.178447551 0.13137506
v -0.0505420808 -0.181438001 0.128331957
v -0.0505420735 -0.192419748 0.128235284
v -0.0505420767 -0.192420455 0.128235457
v -0.0498943358 -0.192093789 0.0911271448
v -0.0498652841 -0.192186154 0.0894618679
v -0.0498367106 -0.19249103 0.0878221257
v -0.0505420628 -0.208647747 0.128092429
v -0.0507641999 -0.196032341 0.140929958
v -0.0509863201 -0.208871793 0.153543409
v -0.0498550073 -0.195573821 0.088843386
v -0.050077136 -0.195685844 0.101568878
v -0.0498549989 -0.20830125 0.0887313462
v -0.0499422593 -0.208345257 0.093730391
v -0.0501454218 -0.195720282 0.105480889
v -0.050367542 -0.208559734 0.118094339
v -0.0510735889 -0.196188371 0.158654494
v -0.0510735805 -0.2089158 0.158542454
v -0.0508514603 -0.196076348 0.145929004
v -0.0510514785 -0.19017745 0.157440403
v -0.0508071495 -0.190054231 0.143443077
v -0.0507722466 -0.188036706 0.141461065
v -0.0507722506 -0.182036939 0.141513881
v -0.0508071561 -0.180054619 0.143531104
v -0.0510514852 -0.180177838 0.15752843
v -0.051086388 -0.182195363 0.159510442
v -0.051086384 -0.188195131 0.159457626
v -0.0506017582 -0.186344557 0.131708061
v -0.0505995436 -0.186055877 0.131583709
v -0.0505978486 -0.185756086 0.131489225
v -0.0505966907 -0.185448267 0.131425582
v -0.0505628234 -0.185431187 0.129485365
v -0.0505628241 -0.184431226 0.129494168
v -0.0505966913 -0.184448305 0.131434385
v -0.0505978497 -0.184141654 0.131503437
v -0.0505995451 -0.183843573 0.131603184
v -0.0506017601 -0.183557127 0.131732599
v -0.0505743616 -0.182402704 0.13017297
v -0.0505846202 -0.181598892 0.130767766
v -0.0506120187 -0.182753315 0.132327393
v -0.0506161075 -0.182545823 0.132563476
v -0.0506205457 -0.182363309 0.132819354
v -0.0506252876 -0.182207649 0.133092396
v -0.0506148232 -0.180356833 0.132509082
v -0.0506314214 -0.180056199 0.133462677
v -0.0506418857 -0.181907014 0.134045991
v -0.0506473433 -0.181877936 0.134358928
v -0.050652829 -0.181880703 0.1346732
v -0.0506582865 -0.181915286 0.134985576
v -0.0506687533 -0.180075026 0.135601381
v -0.050685351 -0.180392401 0.136549536
v -0.0506748842 -0.182232661 0.13593373
v -0.0506796259 -0.182393104 0.136203989
v -0.0506840639 -0.182580095 0.136456615
v -0.0506881524 -0.18279171 0.136689007
v -0.0507155524 -0.181664923 0.138268717
v -0.0507258099 -0.182479082 0.138849268
v -0.05069841 -0.183605869 0.137269559
v -0.0507006246 -0.183894549 0.137393911
v -0.0507023196 -0.18419434 0.137488395
v -0.0507034775 -0.184502159 0.137552039
v -0.0507373448 -0.184519239 0.139492256
v -0.0507373441 -0.1855192 0.139483453
v -0.0507034768 -0.185502121 0.137543236
v -0.0507023185 -0.185808772 0.137474183
v -0.0507006231 -0.186106853 0.137374436
v -0.0506984081 -0.186393299 0.137245021
v -0.0507258066 -0.187547721 0.138804649
v -0.050715548 -0.188351534 0.138209854
v -0.0506881495 -0.187197111 0.136650226
v -0.0506840607 -0.187404603 0.136414144
v -0.0506796225 -0.187587117 0.136158266
v -0.0506748806 -0.187742777 0.135885225
v -0.0506853449 -0.189593593 0.136468538
v -0.0506687468 -0.189894227 0.135514943
v -0.0506582825 -0.188043412 0.13493163
v -0.0506528249 -0.18807249 0.134618693
v -0.0506473392 -0.188069723 0.134304421
v -0.0506418816 -0.18803514 0.133992045
v -0.0506314148 -0.1898754 0.133376238
v -0.0506148171 -0.189558025 0.132428084
v -0.0506252839 -0.187717765 0.133043891
v -0.0506205423 -0.187557322 0.132773631
v -0.0506161043 -0.187370331 0.132521006
v -0.0506120157 -0.187158716 0.132288612
v -0.0505846158 -0.188285503 0.130708903
v -0.0505743582 -0.187471344 0.130128351
v -0.0511602247 -0.1866262 0.163701948
v -0.05115801 -0.18633752 0.163577596
v -0.051156315 -0.186037729 0.163483112
v -0.0511551571 -0.18572991 0.163419468
v -0.0511212898 -0.18571283 0.161479251
v -0.0511212905 -0.184712869 0.161488054
v -0.0511551578 -0.184729949 0.163428271
v -0.0511563161 -0.184423298 0.163497324
v -0.0511580115 -0.184125217 0.163597071
v -0.0511602265 -0.183838771 0.163726486
v -0.0511328281 -0.182684348 0.162166858
v -0.0511430867 -0.181880536 0.162761653
v -0.0511704851 -0.183034958 0.164321281
v -0.051174574 -0.182827466 0.164557363
v -0.0511790122 -0.182644952 0.164813241
v -0.051183754 -0.182489292 0.165086282
v -0.0511732897 -0.180638476 0.164502969
v -0.0511898878 -0.180337842 0.165456564
v -0.0512003521 -0.182188658 0.166039877
v -0.0512058097 -0.18215958 0.166352814
v -0.0512112955 -0.182162346 0.166667086
v -0.051216753 -0.182196929 0.166979462
v -0.0512272198 -0.180356669 0.167595269
v -0.0512438175 -0.180674045 0.168543423
v -0.0512333507 -0.182514304 0.167927616
v -0.0512380924 -0.182674747 0.168197876
v -0.0512425303 -0.182861738 0.168450501
v -0.0512466189 -0.183073354 0.168682894
v -0.0512740188 -0.181946567 0.170262604
v -0.0512842764 -0.182760726 0.170843156
v -0.0512568764 -0.183887513 0.169263446
v -0.051259091 -0.184176193 0.169387798
v -0.051260786 -0.184475983 0.169482282
v -0.0512619439 -0.184783803 0.169545925
v -0.0512958112 -0.184800882 0.171486142
v -0.0512958106 -0.185800844 0.171477339
v -0.0512619433 -0.185783764 0.169537122
v -0.0512607849 -0.186090415 0.16946807
v -0.0512590896 -0.186388496 0.169368323
v -0.0512568746 -0.186674942 0.169238908
v -0.051284273 -0.187829365 0.170798537
v -0.0512740144 -0.188633177 0.170203741
v -0.051246616 -0.187478754 0.168644114
v -0.0512425271 -0.187686246 0.16840803
v -0.0512380889 -0.18786876 0.168152153
v -0.051233347 -0.188024421 0.167879111
v -0.0512438114 -0.189875236 0.168462425
v -0.0512272133 -0.190175871 0.16750883
v -0.0512167489 -0.188325055 0.166925516
v -0.0512112913 -0.188354133 0.166612579
v -0.0512058056 -0.188351366 0.166298307
v -0.0512003481 -0.188316784 0.165985931
v -0.0511898813 -0.190157044 0.165370126
v -0.0511732836 -0.189839668 0.164421971
v -0.0511837504 -0.187999408 0.165037777
v -0.0511790087 -0.187838965 0.164767518
v -0.0511745708 -0.187651975 0.164514892
v -0.0511704822 -0.187440359 0.1642825
v -0.0511430822 -0.188567146 0.16270279
v -0.0511328247 -0.187752987 0.162122239
v -0.0502326821 -0.195764288 0.110479932
v -0.0506769395 -0.195988334 0.135930914
v -0.0504548024 -0.20860374 0.123093384
v -0.0338572495 -0.208303698 0.0890105719
v -0.033857258 -0.195576269 0.0891226118
v -0.0498550073 -0.195573821 0.088843386
v -0.0498549989 -0.20830125 0.0887313462
v -0.0340793866 -0.195688292 0.101848104
v -0.0338572495 -0.208303698 0.0890105719
v -0.0498549989 -0.20830125 0.0887313462
v -0.050077136 -0.195685844 0.101568878
v -0.0281287143 -0.18221109 0.133485053
v -0.0506252876 -0.182207649 0.133092396
v -0.0506205457 -0.182363309 0.132819354
v -0.0506161075 -0.182545823 0.132563476
v -0.0506120187 -0.182753315 0.132327393
v -0.0281154454 -0.182756757 0.13272005
v -0.0281195343 -0.182549265 0.132956133
v -0.0281239724 -0.18236675 0.133212011
v -0.0345443241 -0.192422901 0.128514504
v -0.0338965864 -0.192096237 0.0914063705
v -0.0498943358 -0.192093789 0.0911271448
v -0.0505420767 -0.192420455 0.128235457
v -0.0505418876 -0.192420454 0.128235281
v -0.0338965864 -0.192096237 0.0914063705
v -0.033837866 -0.192509571 0.0880384652
v -0.0337831468 -0.19378063 0.0848922799
v -0.0337361576 -0.195822795 0.082182219
v -0.045426951 -0.195821007 0.0819781671
v -0.0498090857 -0.193003396 0.0862349151
v -0.0498367106 -0.19249103 0.0878221257
v -0.0498652841 -0.192186154 0.0894618679
v -0.0498943358 -0.192093789 0.0911271448
v -0.0337361576 -0.195822795 0.082182219
v -0.0336717153 -0.199482543 0.0784580329
v -0.0416706828 -0.199481319 0.0783184184
v -0.045426951 -0.195821007 0.0819781671
v -0.0350758311 -0.208918247 0.15882168
v -0.0348537109 -0.196078795 0.146208229
v -0.0508514603 -0.196076348 0.145929004
v -0.0510735805 -0.2089158 0.158542454
v -0.0350758395 -0.196190818 0.15893372
v -0.0350758311 -0.208918247 0.15882168
v -0.0510735805 -0.2089158 0.158542454
v -0.0510735889 -0.196188371 0.158654494
v -0.0349885707 -0.20887424 0.153822635
v -0.0345443134 -0.208650195 0.128371654
v -0.0505420628 -0.208647747 0.128092429
v -0.0509863201 -0.208871793 0.153543409
v -0.0281051868 -0.183560569 0.132125255
v -0.0506017601 -0.183557127 0.131732599
v -0.0505995451 -0.183843573 0.131603184
v -0.0505978497 -0.184141654 0.131503437
v -0.0505966913 -0.184448305 0.131434385
v -0.0281001181 -0.184451747 0.131827041
v -0.0281012764 -0.184145096 0.131896093
v -0.0281029718 -0.183847015 0.13199584
v -0.0288165455 -0.192812745 0.172800212
v -0.0280455003 -0.192423895 0.128627934
v -0.0280455076 -0.181441442 0.128724613
v -0.0280981646 -0.178450993 0.131767717
v -0.0287678282 -0.178788714 0.170131959
v -0.028819982 -0.181803417 0.173093597
v -0.0288199767 -0.189814591 0.173023075
v -0.0288195945 -0.190816899 0.172992393
v -0.0288184501 -0.191816918 0.172918059
v -0.0283105762 -0.190057673 0.143835734
v -0.0285549052 -0.190180892 0.157833059
v -0.0285898107 -0.188198572 0.159850282
v -0.0285898147 -0.182198805 0.159903099
v -0.0285549119 -0.180181279 0.157921086
v -0.0283105828 -0.180058061 0.143923761
v -0.0282756773 -0.18204038 0.141906538
v -0.0282756734 -0.188040148 0.141853722
v -0.0286585838 -0.185733352 0.163812125
v -0.0286597418 -0.186041171 0.163875769
v -0.0286614368 -0.186340962 0.163970253
v -0.0286636514 -0.186629642 0.164094605
v -0.0286362514 -0.187756429 0.162514896
v -0.0286465089 -0.188570587 0.163095447
v -0.0286739089 -0.1874438 0.164675156
v -0.0286779975 -0.187655416 0.164907549
v -0.0286824354 -0.187842407 0.165160175
v -0.0286871771 -0.18800285 0.165430433
v -0.0286767103 -0.18984311 0.164814628
v -0.028693308 -0.190160485 0.165762782
v -0.0287037748 -0.188320225 0.166378588
v -0.0287092323 -0.188354808 0.166690964
v -0.0287147181 -0.188357575 0.167005236
v -0.0287201756 -0.188328497 0.167318172
v -0.02873064 -0.190179312 0.167901487
v -0.0287472381 -0.189878678 0.168855082
v -0.0287367737 -0.188027862 0.168271767
v -0.0287415156 -0.187872202 0.16854481
v -0.0287459538 -0.187689688 0.168800687
v -0.0287500427 -0.187482196 0.16903677
v -0.0287774411 -0.188636619 0.170596398
v -0.0287876998 -0.187832806 0.171191194
v -0.0287603013 -0.186678384 0.169631565
v -0.0287625163 -0.186391938 0.16976098
v -0.0287642117 -0.186093857 0.169860727
v -0.02876537 -0.185787205 0.169929779
v -0.0287992373 -0.185804285 0.171869996
v -0.028799238 -0.184804324 0.171878799
v -0.0287653707 -0.184787244 0.169938582
v -0.0287642127 -0.184479425 0.169874939
v -0.0287625178 -0.184179634 0.169780455
v -0.0287603031 -0.183890954 0.169656103
v -0.0287877031 -0.182764167 0.171235813
v -0.0287774456 -0.181950008 0.17065526
v -0.0287500456 -0.183076795 0.169075551
v -0.028745957 -0.182865179 0.168843157
v -0.0287415191 -0.182678189 0.168590533
v -0.0287367774 -0.182517746 0.168320273
v -0.0287472442 -0.180677486 0.16893608
v -0.0287306465 -0.180360111 0.167987925
v -0.0287201797 -0.18220037 0.167372118
v -0.0287147222 -0.182165788 0.167059742
v -0.0287092364 -0.182163021 0.16674547
v -0.0287037789 -0.182192099 0.166432534
v -0.0286933145 -0.180341284 0.165849221
v -0.0286767164 -0.180641918 0.164895626
v -0.0286871808 -0.182492734 0.165478939
v -0.0286824389 -0.182648394 0.165205898
v -0.0286780007 -0.182830908 0.164950019
v -0.0286739118 -0.1830384 0.164713937
v -0.0286465134 -0.181883977 0.163154309
v -0.0286362548 -0.182687789 0.162559515
v -0.0286636532 -0.183842212 0.164119143
v -0.0286614382 -0.184128658 0.163989728
v -0.0286597428 -0.184426739 0.163889981
v -0.0286585845 -0.18473339 0.163820927
v -0.0286247172 -0.184716311 0.16188071
v -0.0286247165 -0.185716272 0.161871908
v -0.0281001174 -0.185451708 0.131818239
v -0.0281012753 -0.185759528 0.131881882
v -0.0281029703 -0.186059318 0.131976366
v -0.0281051849 -0.186347998 0.132100718
v -0.0280777849 -0.187474785 0.130521007
v -0.0280880425 -0.188288944 0.13110156
v -0.0281154425 -0.187162157 0.132681269
v -0.0281195311 -0.187373773 0.132913663
v -0.028123969 -0.187560764 0.133166288
v -0.0281287107 -0.187721206 0.133436547
v -0.0281182439 -0.189561466 0.13282074
v -0.0281348416 -0.189878842 0.133768895
v -0.0281453084 -0.188038582 0.134384702
v -0.0281507659 -0.188073165 0.134697078
v -0.0281562516 -0.188075931 0.13501135
v -0.0281617092 -0.188046853 0.135324286
v -0.0281721735 -0.189897669 0.135907599
v -0.0281887716 -0.189597035 0.136861194
v -0.0281783073 -0.187746219 0.136277881
v -0.0281830492 -0.187590559 0.136550922
v -0.0281874874 -0.187408045 0.136806801
v -0.0281915762 -0.187200553 0.137042883
v -0.0282189747 -0.188354975 0.138602511
v -0.0282292333 -0.187551163 0.139197305
v -0.0282018348 -0.18639674 0.137637677
v -0.0282040498 -0.186110294 0.137767092
v -0.0282057452 -0.185812213 0.13786684
v -0.0282069036 -0.185505562 0.137935893
v -0.0282407709 -0.185522642 0.13987611
v -0.0282407715 -0.184522681 0.139884913
v -0.0282069042 -0.184505601 0.137944696
v -0.0282057463 -0.184197782 0.137881051
v -0.0282040513 -0.183897991 0.137786567
v -0.0282018367 -0.183609311 0.137662215
v -0.0282292367 -0.182482524 0.139241925
v -0.0282189791 -0.181668365 0.138661373
v -0.0281915792 -0.182795152 0.137081664
v -0.0281874906 -0.182583536 0.136849271
v -0.0281830526 -0.182396545 0.136596645
v -0.028178311 -0.182236103 0.136326387
v -0.0281887778 -0.180395843 0.136942193
v -0.0281721801 -0.180078467 0.135994038
v -0.0281617133 -0.181918727 0.135378232
v -0.0281562558 -0.181884144 0.135065856
v -0.02815077 -0.181881378 0.134751584
v -0.0281453124 -0.181910456 0.134438648
v -0.0281348481 -0.18005964 0.133855334
v -0.02811825 -0.180360275 0.132901739
v -0.0281287143 -0.18221109 0.133485053
v -0.0281239724 -0.18236675 0.133212011
v -0.0281195343 -0.182549265 0.132956133
v -0.0281154454 -0.182756757 0.13272005
v -0.0280880469 -0.181602334 0.131160422
v -0.0280777883 -0.182406146 0.130565627
v -0.0281051868 -0.183560569 0.132125255
v -0.0281029718 -0.183847015 0.13199584
v -0.0281012764 -0.184145096 0.131896093
v -0.0281001181 -0.184451747 0.131827041
v -0.0280662508 -0.184434667 0.129886824
v -0.0280662501 -0.185434628 0.129878022
v -0.0342349327 -0.195766736 0.110759157
v -0.034457053 -0.208606188 0.123372609
v -0.0346791901 -0.195990782 0.13621014
v -0.0341476724 -0.195722729 0.105760115
v -0.0339445099 -0.208347704 0.0940096167
v -0.0343697926 -0.208562181 0.118373565
v -0.0347664505 -0.196034788 0.141209184
v -0.0345443134 -0.208650195 0.128371654
v -0.0349885707 -0.20887424 0.153822635
v -0.0348537109 -0.196078795 0.146208229
v -0.0350758311 -0.208918247 0.15882168
v -0.0350758395 -0.196190818 0.15893372
v -0.0340793866 -0.195688292 0.101848104
v -0.033857258 -0.195576269 0.0891226118
v -0.0338572495 -0.208303698 0.0890105719
v -0.0337361576 -0.195822795 0.082182219
v -0.0337831468 -0.19378063 0.0848922799
v -0.033837866 -0.192509571 0.0880384652
v -0.0338965864 -0.192096237 0.0914063705
v -0.0345443241 -0.192422901 0.128514504
v -0.0353153694 -0.192811751 0.172686781
v -0.0352714099 -0.200630003 0.170099673
v -0.0351820652 -0.20703559 0.164924678
v -0.0350587896 -0.211207293 0.157825254
v -0.0349173876 -0.212610274 0.149711576
v -0.0338965731 -0.212095462 0.0912303169
v -0.0338378533 -0.211622901 0.0878702101
v -0.0337831358 -0.210296651 0.084746889
v -0.0337361494 -0.208207092 0.0820731997
v -0.033671712 -0.204482349 0.0784140195
v -0.0333226705 -0.204306322 0.058417845
v -0.0333226739 -0.199306516 0.0584618584
v -0.0336717153 -0.199482543 0.0784580329
v -0.0339445099 -0.208347704 0.0940096167
v -0.0341476724 -0.195722729 0.105760115
v -0.0501454218 -0.195720282 0.105480889
v -0.0499422593 -0.208345257 0.093730391
v -0.0280455003 -0.192423895 0.128627934
v -0.0345443241 -0.192422901 0.128514504
v -0.0505418876 -0.192420454 0.128235281
v -0.0505420735 -0.192419748 0.128235284
v -0.0505420808 -0.181438001 0.128331957
v -0.0280455076 -0.181441442 0.128724613
v -0.034457053 -0.208606188 0.123372609
v -0.0342349327 -0.195766736 0.110759157
v -0.0502326821 -0.195764288 0.110479932
v -0.0504548024 -0.20860374 0.123093384
v -0.0349173876 -0.212610274 0.149711576
v -0.0350587896 -0.211207293 0.157825254
v -0.0351820652 -0.20703559 0.164924678
v -0.0352714099 -0.200630003 0.170099673
v -0.0353153694 -0.192811751 0.172686781
v -0.0288165455 -0.192812745 0.172800212
v -0.0288184501 -0.191816918 0.172918059
v -0.0288195945 -0.190816899 0.172992393
v -0.0288199767 -0.189814591 0.173023075
v -0.05131655 -0.189811149 0.172630418
v -0.0512859895 -0.198597118 0.170802502
v -0.0511989725 -0.206014685 0.165751999
v -0.0510687464 -0.210934592 0.158247799
v -0.0509151369 -0.212607827 0.14943235
v -0.0342349327 -0.195766736 0.110759157
v -0.0346791901 -0.195990782 0.13621014
v -0.0506769395 -0.195988334 0.135930914
v -0.0502326821 -0.195764288 0.110479932
v -0.033857258 -0.195576269 0.0891226118
v -0.0340793866 -0.195688292 0.101848104
v -0.050077136 -0.195685844 0.101568878
v -0.0498550073 -0.195573821 0.088843386
v -0.0348537109 -0.196078795 0.146208229
v -0.0350758395 -0.196190818 0.15893372
v -0.0510735889 -0.196188371 0.158654494
v -0.0508514603 -0.196076348 0.145929004
v -0.0345443241 -0.192422901 0.128514504
v -0.0280455003 -0.192423895 0.128627934
v -0.0288165455 -0.192812745 0.172800212
v -0.0353153694 -0.192811751 0.172686781
f 1154 1155 1153
f 1153 1155 1156
f 1158 1159 1157
f 1157 1159 1160
f 1162 1163 1161
f 1161 1163 1164
f 1166 1167 1165
f 1165 1167 1168
f 1170 1171 1169
f 1169 1171 1172
f 1173 1174 1176
f 1176 1174 1175
f 1178 1179 1177
f 1177 1179 1180
f 1182 1183 1181
f 1181 1183 1184
f 1186 1187 1185
f 1185 1187 1188
f 1190 1191 1189
f 1189 1191 1192
f 1194 1195 1193
f 1193 1195 1196
f 1198 1199 1197
f 1197 1199 1200
f 1201 1202 1208
f 1208 1202 1203
f 1208 1203 1207
f 1207 1203 1204
f 1207 1204 1206
f 1206 1204 1205
f 1210 1211 1209
f 1209 1211 1212
f 1213 1214 1220
f 1220 1214 1215
f 1220 1215 1219
f 1219 1215 1216
f 1219 1216 1218
f 1218 1216 1217
f 1222 1223 1221
f 1221 1223 1224
f 1226 1227 1225
f 1225 1227 1228
f 1230 1231 1229
f 1229 1231 1232
f 1233 1234 1236
f 1236 1234 1235
f 1238 1239 1237
f 1237 1239 1240
f 1242 1243 1241
f 1241 1243 1244
f 1246 1247 1245
f 1245 1247 1248
f 1249 1250 1256
f 1256 1250 1251
f 1256 1251 1255
f 1255 1251 1252
f 1255 1252 1254
f 1254 1252 1253
f 1258 1259 1257
f 1257 1259 1260
f 1262 1263 1261
f 1261 1263 1264
f 1266 1267 1265
f 1265 1267 1268
f 1270 1271 1269
f 1269 1271 1272
f 1274 1275 1273
f 1273 1275 1276
f 1278 1279 1277
f 1277 1279 1280
f 1282 1283 1281
f 1281 1283 1284
f 1285 1286 1292
f 1292 1286 1287
f 1292 1287 1291
f 1291 1287 1288
f 1291 1288 1290
f 1290 1288 1289
f 1294 1295 1293
f 1293 1295 1296
f 1298 1299 1297
f 1297 1299 1300
f 1306 1301 1305
f 1305 1301 1302
f 1305 1302 1303
f 1303 1304 1305
f 1308 1309 1307
f 1307 1309 1310
f 1312 1313 1311
f 1311 1313 1314
f 1316 1317 1315
f 1315 1317 1318
f 1320 1321 1319
f 1319 1321 1322
f 1324 1325 1323
f 1323 1325 1326
f 1328 1329 1327
f 1327 1329 1330
f 1332 1333 1331
f 1331 1333 1334
f 1335 1336 1342
f 1342 1336 1337
f 1342 1337 1341
f 1341 1337 1338
f 1341 1338 1340
f 1340 1338 1339
f 1344 1345 1343
f 1343 1345 1346
f 1347 1348 1350
f 1350 1348 1349
f 1352 1353 1351
f 1351 1353 1354
f 1356 1357 1355
f 1355 1357 1358
f 1360 1361 1359
f 1359 1361 1362
f 1364 1365 1363
f 1363 1365 1366
f 1368 1369 1367
f 1367 1369 1370
f 1372 1373 1371
f 1371 1373 1374
f 1376 1377 1375
f 1375 1377 1378
f 1379 1380 1386
f 1386 1380 1381
f 1386 1381 1385
f 1385 1381 1382
f 1385 1382 1384
f 1384 1382 1383
f 1387 1388 1394
f 1394 1388 1389
f 1394 1389 1393
f 1393 1389 1390
f 1393 1390 1392
f 1392 1390 1391
f 1396 1397 1395
f 1395 1397 1398
f 1400 1401 1399
f 1399 1401 1402
f 1403 1404 1406
f 1406 1404 1405
f 1408 1409 1407
f 1407 1409 1410
f 1412 1413 1411
f 1411 1413 1414
f 1416 1417 1415
f 1415 1417 1418
f 1419 1420 1426
f 1426 1420 1421
f 1426 1421 1425
f 1425 1421 1422
f 1425 1422 1424
f 1424 1422 1423
f 1431 1427 1430
f 1430 1427 1428
f 1430 1428 1429
f 1433 1434 1432
f 1432 1434 1435
f 1436 1437 1439
f 1439 1437 1438
f 1441 1442 1440
f 1440 1442 1443
f 1445 1446 1444
f 1444 1446 1447
f 1449 1450 1448
f 1448 1450 1451
f 1453 1454 1452
f 1452 1454 1455
f 1456 1457 1463
f 1463 1457 1458
f 1463 1458 1462
f 1462 1458 1459
f 1462 1459 1461
f 1461 1459 1460
f 1464 1465 1467
f 1467 1465 1466
f 1469 1470 1468
f 1468 1470 1471
f 1473 1474 1472
f 1472 1474 1475
f 1477 1478 1476
f 1476 1478 1479
f 1480 1481 1487
f 1487 1481 1482
f 1487 1482 1486
f 1486 1482 1483
f 1486 1483 1485
f 1485 1483 1484
f 1488 1489 1493
f 1493 1489 1490
f 1493 1490 1491
f 1491 1492 1493
f 1495 1496 1494
f 1494 1496 1497
f 1498 1499 1501
f 1501 1499 1500
f 1503 1504 1502
f 1502 1504 1505
f 1507 1508 1506
f 1506 1508 1509
f 1510 1511 1513
f 1513 1511 1512
f 1515 1516 1514
f 1514 1516 1517
f 1518 1519 1525
f 1525 1519 1520
f 1525 1520 1524
f 1524 1520 1521
f 1524 1521 1523
f 1523 1521 1522
f 1527 1528 1526
f 1526 1528 1529
f 1530 1531 1534
f 1534 1531 1533
f 1533 1531 1532
f 1535 1536 1538
f 1538 1536 1537
f 1540 1541 1539
f 1539 1541 1542
f 1543 1544 1550
f 1550 1544 1545
f 1550 1545 1549
f 1549 1545 1546
f 1549 1546 1548
f 1548 1546 1547
f 1551 1552 1554
f 1554 1552 1553
f 1556 1557 1555
f 1555 1557 1560
f 1560 1557 1559
f 1559 1557 1558
f 1562 1563 1561
f 1561 1563 1564
f 1565 1566 1568
f 1568 1566 1567
f 1570 1571 1569
f 1569 1571 1572
f 1574 1575 1573
f 1573 1575 1576
f 1578 1579 1577
f 1577 1579 1580
f 1582 1583 1581
f 1581 1583 1584
f 1585 1586 1592
f 1592 1586 1587
f 1592 1587 1591
f 1591 1587 1588
f 1591 1588 1590
f 1590 1588 1589
f 1594 1595 1593
f 1593 1595 1596
f 1604 1597 1603
f 1603 1597 1598
f 1603 1598 1599
f 1600 1601 1599
f 1599 1601 1602
f 1599 1602 1603
f 1605 1606 1611
f 1611 1606 1610
f 1610 1606 1607
f 1610 1607 1609
f 1609 1607 1608
f 1612 1613 1615
f 1615 1613 1614
f 1616 1617 1619
f 1619 1617 1618
f 1621 1622 1620
f 1620 1622 1623
f 1624 1625 1631
f 1631 1625 1626
f 1631 1626 1630
f 1630 1626 1627
f 1630 1627 1629
f 1629 1627 1628
f 1633 1634 1632
f 1632 1634 1644
f 1644 1634 1635
f 1644 1635 1643
f 1643 1635 1640
f 1643 1640 1641
f 1635 1636 1640
f 1640 1636 1639
f 1639 1636 1637
f 1639 1637 1638
f 1641 1642 1643
f 1645 1646 1649
f 1649 1646 1648
f 1648 1646 1647
f 1651 1652 1650
f 1650 1652 1653
f 1650 1653 1654
f 1654 1655 1650
f 1656 1657 1659
f 1659 1657 1658
f 1660 1661 1663
f 1663 1661 1662
f 1664 1665 1667
f 1667 1665 1666
f 1668 1669 1671
f 1671 1669 1670
f 1672 1673 1679
f 1679 1673 1674
f 1679 1674 1678
f 1678 1674 1675
f 1678 1675 1677
f 1677 1675 1676
f 1684 1680 1683
f 1683 1680 1681
f 1683 1681 1682
f 1686 1688 1685
f 1685 1688 1689
f 1685 1689 1690
f 1686 1687 1688
f 1698 1691 1697
f 1697 1691 1692
f 1697 1692 1693
f 1694 1695 1693
f 1693 1695 1696
f 1693 1696 1697
f 1700 1704 1699
f 1699 1704 1705
f 1699 1705 1706
f 1701 1702 1700
f 1700 1702 1703
f 1700 1703 1704
f 1707 1708 1710
f 1710 1708 1709
f 1711 1712 1718
f 1718 1712 1713
f 1718 1713 1717
f 1717 1713 1714
f 1717 1714 1716
f 1716 1714 1715
f 1720 1721 1719
f 1719 1721 1736
f 1719 1736 1738
f 1738 1736 1737
f 1721 1722 1736
f 1736 1722 1735
f 1735 1722 1730
f 1735 1730 1734
f 1734 1730 1731
f 1734 1731 1733
f 1733 1731 1732
f 1723 1724 1722
f 1722 1724 1729
f 1722 1729 1730
f 1724 1725 1729
f 1729 1725 1728
f 1728 1725 1726
f 1728 1726 1727
f 1739 1740 1742
f 1742 1740 1741
f 1743 1744 1751
f 1751 1744 1750
f 1750 1744 1745
f 1750 1745 1749
f 1749 1745 1748
f 1748 1745 1746
f 1748 1746 1747
f 1752 1753 1755
f 1755 1753 1754
f 1756 1757 1762
f 1762 1757 1758
f 1762 1758 1761
f 1761 1758 1759
f 1761 1759 1760
f 1763 1764 1766
f 1766 1764 1765
f 1772 1767 1770
f 1770 1767 1768
f 1770 1768 1769
f 1770 1771 1772
f 1778 1773 1777
f 1777 1773 1774
f 1777 1774 1776
f 1776 1774 1775
f 1779 1780 1785
f 1785 1780 1784
f 1784 1780 1781
f 1784 1781 1783
f 1783 1781 1782
f 1786 1787 1789
f 1789 1787 1788
f 1790 1791 1797
f 1797 1791 1792
f 1797 1792 1796
f 1796 1792 1793
f 1796 1793 1795
f 1795 1793 1794
f 1798 1799 1805
f 1805 1799 1804
f 1804 1799 1801
f 1804 1801 1803
f 1803 1801 1802
f 1799 1800 1801
f 1806 1807 1810
f 1810 1807 1809
f 1809 1807 1808
f 1812 1813 1811
f 1811 1813 1814
f 1820 1815 1818
f 1818 1815 1816
f 1818 1816 1817
f 1818 1819 1820
f 1822 1823 1821
f 1821 1823 1824
f 1821 1824 1825
f 1825 1826 1821
f 1828 1830 1827
f 1827 1830 1831
f 1827 1831 1833
f 1833 1831 1832
f 1828 1829 1830
f 1835 1840 1834
f 1834 1840 1841
f 1834 1841 1843
f 1843 1841 1842
f 1836 1838 1835
f 1835 1838 1839
f 1835 1839 1840
f 1836 1837 1838
f 1844 1845 1847
f 1847 1845 1846
f 1848 1849 1855
f 1855 1849 1850
f 1855 1850 1854
f 1854 1850 1851
f 1854 1851 1853
f 1853 1851 1852
f 1856 1857 1859
f 1859 1857 1858
f 1860 1861 1862
f 1863 1864 1866
f 1866 1864 1865
f 1867 1868 1870
f 1870 1868 1869
f 1872 1901 1871
f 1871 1901 1899
f 1871 1899 1895
f 1895 1899 1894
f 1894 1899 1893
f 1893 1899 1900
f 1893 1900 1903
f 1903 1900 1902
f 1902 1900 1901
f 1902 1901 1875
f 1875 1901 1874
f 1874 1901 1873
f 1873 1901 1872
f 1902 1875 1904
f 1904 1875 1876
f 1904 1876 2038
f 2038 1876 1896
f 2038 1896 2037
f 2037 1896 1897
f 2037 1897 1963
f 1963 1897 1909
f 1963 1909 1962
f 1962 1909 1957
f 1962 1957 1961
f 1961 1957 1960
f 1960 1957 1959
f 1959 1957 1958
f 1896 1876 1898
f 1898 1876 1877
f 1898 1877 1906
f 1906 1877 1878
f 1906 1878 1905
f 1905 1878 1879
f 1905 1879 2023
f 2023 1879 1880
f 2023 1880 2022
f 2022 1880 2017
f 2022 2017 2021
f 2021 2017 2020
f 2020 2017 2019
f 2019 2017 2018
f 1881 2010 1880
f 1880 2010 2011
f 1880 2011 2016
f 2016 2011 2015
f 2015 2011 2014
f 2014 2011 2013
f 2013 2011 2012
f 1882 1884 1881
f 1881 1884 1998
f 1881 1998 1999
f 1882 1883 1884
f 1885 1913 1884
f 1884 1913 1992
f 1884 1992 1993
f 1886 1887 1885
f 1885 1887 1888
f 1885 1888 1913
f 1913 1888 1912
f 1912 1888 1889
f 1912 1889 1938
f 1938 1889 1933
f 1938 1933 1936
f 1936 1933 1935
f 1935 1933 1934
f 1933 1889 1932
f 1932 1889 1890
f 1932 1890 1927
f 1927 1890 1926
f 1926 1890 1921
f 1926 1921 1925
f 1925 1921 1924
f 1924 1921 1923
f 1923 1921 1922
f 1921 1890 1920
f 1920 1890 1891
f 1920 1891 1975
f 1975 1891 1974
f 1974 1891 1969
f 1974 1969 1970
f 1969 1891 1968
f 1968 1891 1892
f 1968 1892 1963
f 1963 1892 2037
f 2037 1892 2036
f 2036 1892 1893
f 2036 1893 1903
f 1909 1897 1907
f 1907 1897 1898
f 1907 1898 1906
f 2036 1903 1904
f 1909 1907 1908
f 1908 1907 1905
f 1908 1905 2028
f 2028 1905 2023
f 2028 2023 2026
f 2026 2023 2025
f 2025 2023 2024
f 1909 1910 1957
f 1957 1910 1956
f 1956 1910 1951
f 1956 1951 1955
f 1955 1951 1954
f 1954 1951 1953
f 1953 1951 1952
f 1910 1911 1951
f 1951 1911 1950
f 1950 1911 1945
f 1950 1945 1946
f 1945 1911 1944
f 1944 1911 1912
f 1944 1912 1939
f 1939 1912 1938
f 1992 1913 1987
f 1987 1913 1914
f 1987 1914 1986
f 1986 1914 1981
f 1986 1981 1985
f 1985 1981 1984
f 1984 1981 1983
f 1983 1981 1982
f 1981 1914 1980
f 1980 1914 1915
f 1980 1915 2035
f 2035 1915 2034
f 2034 1915 1908
f 2034 1908 2029
f 2029 1908 2028
f 1975 1916 1920
f 1920 1916 1917
f 1920 1917 1918
f 1918 1919 1920
f 1928 1929 1927
f 1927 1929 1930
f 1927 1930 1931
f 1931 1932 1927
f 1936 1937 1938
f 1939 1940 1944
f 1944 1940 1941
f 1944 1941 1942
f 1942 1943 1944
f 1946 1947 1950
f 1950 1947 1948
f 1950 1948 1949
f 1964 1965 1963
f 1963 1965 1966
f 1963 1966 1968
f 1968 1966 1967
f 1970 1971 1974
f 1974 1971 1972
f 1974 1972 1973
f 2035 1976 1980
f 1980 1976 1977
f 1980 1977 1978
f 1978 1979 1980
f 1988 1989 1987
f 1987 1989 1990
f 1987 1990 1991
f 1991 1992 1987
f 1994 1995 1993
f 1993 1995 1996
f 1993 1996 1998
f 1998 1996 1997
f 1881 1999 2004
f 2004 1999 2000
f 2004 2000 2001
f 2001 2002 2004
f 2004 2002 2003
f 2004 2005 1881
f 1881 2005 2010
f 2005 2006 2010
f 2010 2006 2007
f 2010 2007 2008
f 2008 2009 2010
f 2016 2017 1880
f 2026 2027 2028
f 2029 2030 2034
f 2034 2030 2031
f 2034 2031 2032
f 2032 2033 2034
f 1904 2038 2036
f 1884 1993 1998
f 2039 2040 2042
f 2042 2040 2041
f 2043 2044 2046
f 2046 2044 2045
f 2047 2048 2054
f 2054 2048 2049
f 2054 2049 2053
f 2053 2049 2050
f 2053 2050 2052
f 2052 2050 2051
f 2055 2056 2059
f 2059 2056 2057
f 2059 2057 2058
f 2068 2060 2067
f 2067 2060 2061
f 2067 2061 2066
f 2066 2061 2065
f 2065 2061 2062
f 2065 2062 2064
f 2064 2062 2063
f 2070 2071 2069
f 2069 2071 2072
f 2073 2074 2076
f 2076 2074 2075
f 2077 2078 2080
f 2080 2078 2079
f 2081 2082 2084
f 2084 2082 2083
f 2085 2086 2092
f 2092 2086 2087
f 2092 2087 2091
f 2091 2087 2088
f 2091 2088 2090
f 2090 2088 2089
f 2094 2102 2093
f 2093 2102 2103
f 2093 2103 2121
f 2121 2103 2120
f 2120 2103 2115
f 2120 2115 2119
f 2119 2115 2118
f 2118 2115 2117
f 2117 2115 2116
f 2095 2229 2094
f 2094 2229 2174
f 2094 2174 2175
f 2096 2217 2095
f 2095 2217 2222
f 2095 2222 2223
f 2097 2106 2096
f 2096 2106 2107
f 2096 2107 2211
f 2211 2107 2210
f 2210 2107 2205
f 2210 2205 2209
f 2209 2205 2208
f 2208 2205 2207
f 2207 2205 2206
f 2098 2150 2097
f 2097 2150 2151
f 2097 2151 2156
f 2156 2151 2154
f 2156 2154 2155
f 2099 2138 2098
f 2098 2138 2139
f 2098 2139 2144
f 2144 2139 2143
f 2143 2139 2142
f 2142 2139 2141
f 2141 2139 2140
f 2100 2127 2099
f 2099 2127 2132
f 2099 2132 2133
f 2127 2100 2126
f 2126 2100 2101
f 2126 2101 2093
f 2103 2104 2115
f 2115 2104 2114
f 2114 2104 2169
f 2114 2169 2113
f 2113 2169 2112
f 2112 2169 2111
f 2111 2169 2110
f 2104 2105 2169
f 2169 2105 2168
f 2168 2105 2163
f 2168 2163 2164
f 2163 2105 2162
f 2162 2105 2106
f 2162 2106 2157
f 2157 2106 2156
f 2156 2106 2097
f 2107 2108 2205
f 2205 2108 2204
f 2204 2108 2199
f 2204 2199 2203
f 2203 2199 2202
f 2202 2199 2201
f 2201 2199 2200
f 2199 2108 2198
f 2198 2108 2109
f 2198 2109 2193
f 2193 2109 2192
f 2192 2109 2102
f 2192 2102 2187
f 2187 2102 2186
f 2186 2102 2094
f 2186 2094 2181
f 2181 2094 2180
f 2180 2094 2175
f 2180 2175 2179
f 2179 2175 2178
f 2178 2175 2177
f 2177 2175 2176
f 2122 2123 2121
f 2121 2123 2124
f 2121 2124 2126
f 2126 2124 2125
f 2127 2128 2132
f 2132 2128 2129
f 2132 2129 2130
f 2130 2131 2132
f 2099 2133 2138
f 2138 2133 2134
f 2138 2134 2135
f 2135 2136 2138
f 2138 2136 2137
f 2144 2145 2098
f 2098 2145 2150
f 2146 2147 2145
f 2145 2147 2148
f 2145 2148 2149
f 2149 2150 2145
f 2152 2153 2151
f 2151 2153 2154
f 2157 2158 2162
f 2162 2158 2159
f 2162 2159 2160
f 2160 2161 2162
f 2164 2165 2168
f 2168 2165 2166
f 2168 2166 2167
f 2170 2171 2229
f 2229 2171 2172
f 2229 2172 2173
f 2173 2174 2229
f 2182 2183 2181
f 2181 2183 2184
f 2181 2184 2186
f 2186 2184 2185
f 2187 2188 2192
f 2192 2188 2189
f 2192 2189 2190
f 2190 2191 2192
f 2193 2194 2198
f 2198 2194 2195
f 2198 2195 2196
f 2196 2197 2198
f 2212 2213 2211
f 2211 2213 2214
f 2211 2214 2216
f 2216 2214 2215
f 2211 2216 2096
f 2096 2216 2217
f 2217 2218 2222
f 2222 2218 2219
f 2222 2219 2220
f 2220 2221 2222
f 2095 2223 2228
f 2228 2223 2224
f 2228 2224 2225
f 2225 2226 2228
f 2228 2226 2227
f 2228 2229 2095
f 2126 2093 2121
f 2231 2235 2230
f 2230 2235 2233
f 2230 2233 2248
f 2248 2233 2242
f 2248 2242 2247
f 2247 2242 2246
f 2246 2242 2243
f 2246 2243 2245
f 2245 2243 2262
f 2262 2243 2244
f 2262 2244 2259
f 2259 2244 2258
f 2258 2244 2257
f 2257 2244 2234
f 2257 2234 2256
f 2256 2234 2255
f 2255 2234 2235
f 2255 2235 2254
f 2254 2235 2231
f 2254 2231 2237
f 2237 2231 2232
f 2237 2232 2236
f 2236 2232 2249
f 2236 2249 2239
f 2239 2249 2250
f 2239 2250 2241
f 2241 2250 2251
f 2241 2251 2252
f 2249 2232 2230
f 2233 2234 2242
f 2242 2234 2244
f 2254 2237 2238
f 2236 2239 2238
f 2238 2239 2240
f 2238 2240 2253
f 2253 2240 2252
f 2252 2240 2241
f 2248 2249 2230
f 2253 2254 2238
f 2260 2261 2259
f 2259 2261 2262
f 2263 2264 2266
f 2266 2264 2265
f 2267 2268 2272
f 2272 2268 2271
f 2271 2268 2270
f 2270 2268 2269
f 2273 2274 2276
f 2276 2274 2275
f 2277 2278 2290
f 2290 2278 2289
f 2289 2278 2279
f 2289 2279 2288
f 2288 2279 2280
f 2288 2280 2287
f 2287 2280 2281
f 2287 2281 2286
f 2286 2281 2284
f 2286 2284 2285
f 2282 2283 2281
f 2281 2283 2284
f 2291 2292 2294
f 2294 2292 2293
f 2295 2296 2298
f 2298 2296 2297
f 2299 2300 2302
f 2302 2300 2301
f 2304 2305 2303
f 2303 2305 2306
