v 1.16685 -0.07710875 0.41071563
v 1.16685 -0.092088338 0.400735049
v 1.33085 -0.092088338 0.400735049
v 1.33085 -0.07710875 0.41071563
v 1.16685 -0.0770865709 0.410682342
v 1.16685 -0.0920661589 0.400701761
v 1.16685 -0.092088338 0.400735049
v 1.16685 -0.07710875 0.41071563
v 1.16685 -0.0920661589 0.400701761
v 1.33085 -0.0920661589 0.400701761
v 1.33085 -0.092088338 0.400735049
v 1.16685 -0.092088338 0.400735049
v 1.16685 -0.0920661589 0.400701761
v 1.16685 -0.0770865709 0.410682342
v 1.33085 -0.0770865709 0.410682342
v 1.33085 -0.0920661589 0.400701761
v 1.33085 -0.0920661589 0.400701761
v 1.33085 -0.0770865709 0.410682342
v 1.33085 -0.07710875 0.41071563
v 1.33085 -0.092088338 0.400735049
v 1.33085 -0.0770865709 0.410682342
v 1.16685 -0.0770865709 0.410682342
v 1.16685 -0.07710875 0.41071563
v 1.33085 -0.07710875 0.41071563
f 2 3 1
f 1 3 4
f 5 6 8
f 8 6 7
f 9 10 12
f 12 10 11
f 14 15 13
f 13 15 16
f 17 18 20
f 20 18 19
f 21 22 24
f 24 22 23
v 1.17775975 -0.0998142589 0.395599448
v 1.17775975 -0.0987680496 0.396296515
v 1.17775975 -0.0987819115 0.39631732
v 1.17775975 -0.0998281209 0.395620253
v 1.17775975 -0.0987680496 0.396296515
v 1.17896248 -0.0987680496 0.396296515
v 1.17896248 -0.0987819115 0.39631732
v 1.17775975 -0.0987819115 0.39631732
v 1.1795807 -0.0989125807 0.396200217
v 1.17972747 -0.0990770561 0.39609063
v 1.1797764 -0.099281444 0.395954451
v 1.1797764 -0.0992953059 0.395975256
v 1.17972747 -0.099090918 0.396111435
v 1.1795807 -0.0989264426 0.396221022
v 1.1797764 -0.099281444 0.395954451
v 1.17975113 -0.0994289433 0.395856175
v 1.17967531 -0.0995651093 0.395765451
v 1.17967531 -0.0995789713 0.395786256
v 1.17975113 -0.0994428052 0.39587698
v 1.1797764 -0.0992953059 0.395975256
v 1.17967531 -0.0995651093 0.395765451
v 1.17955089 -0.0996778231 0.395690352
v 1.17937981 -0.0997549338 0.395638975
v 1.17937981 -0.0997687958 0.39565978
v 1.17955089 -0.099691685 0.395711157
v 1.17967531 -0.0995789713 0.395786256
v 1.17775975 -0.101580949 0.394422339
v 1.17725689 -0.101580949 0.394422339
v 1.17725689 -0.0984185909 0.396529352
v 1.17894175 -0.0984185909 0.396529352
v 1.17938888 -0.0984398924 0.396515159
v 1.17971419 -0.0985037969 0.396472581
v 1.17995201 -0.0986216376 0.396394066
v 1.1801367 -0.098804724 0.396272079
v 1.18025529 -0.0990317626 0.396120808
v 1.18029482 -0.099281444 0.395954451
v 1.18022937 -0.0995915378 0.395747842
v 1.18003301 -0.0998487747 0.395576451
v 1.17988429 -0.0999536631 0.395506566
v 1.17969993 -0.10003752 0.395450694
v 1.17947993 -0.100100345 0.395408835
v 1.17922428 -0.100142146 0.395380983
v 1.1793999 -0.100221416 0.395328168
v 1.17952756 -0.100299614 0.395276066
v 1.17974205 -0.100488899 0.395149949
v 1.17994488 -0.100720255 0.394995802
v 1.18060587 -0.101580949 0.394422339
v 1.1799734 -0.101580949 0.394422339
v 1.17947053 -0.100923024 0.394860701
v 1.17926965 -0.100671715 0.395028143
v 1.17910764 -0.100487288 0.395151023
v 1.17897253 -0.100358939 0.395236539
v 1.17885232 -0.100275884 0.395291877
v 1.17862292 -0.100191757 0.395347929
v 1.17851016 -0.100180432 0.395355474
v 1.17834297 -0.100176654 0.395357991
v 1.17775975 -0.100176654 0.395357991
v 1.17775975 -0.0987680496 0.396296515
v 1.17775975 -0.0998142589 0.395599448
v 1.17884065 -0.0998142589 0.395599448
v 1.17914782 -0.0997994257 0.395609331
v 1.17937981 -0.0997549338 0.395638975
v 1.17955089 -0.0996778231 0.395690352
v 1.17967531 -0.0995651093 0.395765451
v 1.17975113 -0.0994289433 0.395856175
v 1.1797764 -0.099281444 0.395954451
v 1.17972747 -0.0990770561 0.39609063
v 1.1795807 -0.0989125807 0.396200217
v 1.17932829 -0.0988041844 0.396272439
v 1.17896248 -0.0987680496 0.396296515
v 1.17896248 -0.0987680496 0.396296515
v 1.17932829 -0.0988041844 0.396272439
v 1.1795807 -0.0989125807 0.396200217
v 1.1795807 -0.0989264426 0.396221022
v 1.17932829 -0.0988180463 0.396293244
v 1.17896248 -0.0987819115 0.39631732
v 1.17937981 -0.0997549338 0.395638975
v 1.17914782 -0.0997994257 0.395609331
v 1.17884065 -0.0998142589 0.395599448
v 1.17884065 -0.0998281209 0.395620253
v 1.17914782 -0.0998132876 0.395630136
v 1.17937981 -0.0997687958 0.39565978
v 1.17884065 -0.0998142589 0.395599448
v 1.17775975 -0.0998142589 0.395599448
v 1.17775975 -0.0998281209 0.395620253
v 1.17884065 -0.0998281209 0.395620253
v 1.17725689 -0.0984185909 0.396529352
v 1.17725689 -0.101580949 0.394422339
v 1.17725689 -0.101594811 0.394443144
v 1.17725689 -0.0984324529 0.396550157
v 1.17725689 -0.101594811 0.394443144
v 1.17775975 -0.101594811 0.394443144
v 1.17775975 -0.100190516 0.395378796
v 1.17834297 -0.100190516 0.395378796
v 1.17851016 -0.100194294 0.395376279
v 1.17862292 -0.100205619 0.395368734
v 1.17885232 -0.100289746 0.395312682
v 1.17897253 -0.100372801 0.395257344
v 1.17910764 -0.100501149 0.395171828
v 1.17926965 -0.100685577 0.395048948
v 1.17947053 -0.100936885 0.394881506
v 1.1799734 -0.101594811 0.394443144
v 1.18060587 -0.101594811 0.394443144
v 1.17994488 -0.100734117 0.395016607
v 1.17974205 -0.100502761 0.395170754
v 1.17952756 -0.100313476 0.395296871
v 1.1793999 -0.100235278 0.395348973
v 1.17922428 -0.100156008 0.395401788
v 1.17947993 -0.100114207 0.39542964
v 1.17969993 -0.100051382 0.395471499
v 1.17988429 -0.099967525 0.395527371
v 1.18003301 -0.0998626366 0.395597255
v 1.18022937 -0.0996053997 0.395768647
v 1.18029482 -0.0992953059 0.395975256
v 1.18025529 -0.0990456246 0.396141613
v 1.1801367 -0.098818586 0.396292884
v 1.17995201 -0.0986354995 0.396414871
v 1.17971419 -0.0985176588 0.396493386
v 1.17938888 -0.0984537543 0.396535964
v 1.17894175 -0.0984324529 0.396550157
v 1.17725689 -0.0984324529 0.396550157
v 1.17775975 -0.0998281209 0.395620253
v 1.17775975 -0.0987819115 0.39631732
v 1.17896248 -0.0987819115 0.39631732
v 1.17932829 -0.0988180463 0.396293244
v 1.1795807 -0.0989264426 0.396221022
v 1.17972747 -0.099090918 0.396111435
v 1.1797764 -0.0992953059 0.395975256
v 1.17975113 -0.0994428052 0.39587698
v 1.17967531 -0.0995789713 0.395786256
v 1.17955089 -0.099691685 0.395711157
v 1.17937981 -0.0997687958 0.39565978
v 1.17914782 -0.0998132876 0.395630136
v 1.17884065 -0.0998281209 0.395620253
v 1.17894175 -0.0984185909 0.396529352
v 1.17725689 -0.0984185909 0.396529352
v 1.17725689 -0.0984324529 0.396550157
v 1.17894175 -0.0984324529 0.396550157
v 1.17971419 -0.0985037969 0.396472581
v 1.17938888 -0.0984398924 0.396515159
v 1.17894175 -0.0984185909 0.396529352
v 1.17894175 -0.0984324529 0.396550157
v 1.17938888 -0.0984537543 0.396535964
v 1.17971419 -0.0985176588 0.396493386
v 1.17725689 -0.101580949 0.394422339
v 1.17775975 -0.101580949 0.394422339
v 1.17775975 -0.101594811 0.394443144
v 1.17725689 -0.101594811 0.394443144
v 1.1801367 -0.098804724 0.396272079
v 1.17995201 -0.0986216376 0.396394066
v 1.17971419 -0.0985037969 0.396472581
v 1.17971419 -0.0985176588 0.396493386
v 1.17995201 -0.0986354995 0.396414871
v 1.1801367 -0.098818586 0.396292884
v 1.17775975 -0.101580949 0.394422339
v 1.17775975 -0.100176654 0.395357991
v 1.17775975 -0.100190516 0.395378796
v 1.17775975 -0.101594811 0.394443144
v 1.18029482 -0.099281444 0.395954451
v 1.18025529 -0.0990317626 0.396120808
v 1.1801367 -0.098804724 0.396272079
v 1.1801367 -0.098818586 0.396292884
v 1.18025529 -0.0990456246 0.396141613
v 1.18029482 -0.0992953059 0.395975256
v 1.17775975 -0.100176654 0.395357991
v 1.17834297 -0.100176654 0.395357991
v 1.17834297 -0.100190516 0.395378796
v 1.17775975 -0.100190516 0.395378796
v 1.18003301 -0.0998487747 0.395576451
v 1.18022937 -0.0995915378 0.395747842
v 1.18029482 -0.099281444 0.395954451
v 1.18029482 -0.0992953059 0.395975256
v 1.18022937 -0.0996053997 0.395768647
v 1.18003301 -0.0998626366 0.395597255
v 1.17834297 -0.100176654 0.395357991
v 1.17851016 -0.100180432 0.395355474
v 1.17862292 -0.100191757 0.395347929
v 1.17862292 -0.100205619 0.395368734
v 1.17851016 -0.100194294 0.395376279
v 1.17834297 -0.100190516 0.395378796
v 1.17922428 -0.100142146 0.395380983
v 1.17947993 -0.100100345 0.395408835
v 1.17969993 -0.10003752 0.395450694
v 1.17988429 -0.0999536631 0.395506566
v 1.18003301 -0.0998487747 0.395576451
v 1.18003301 -0.0998626366 0.395597255
v 1.17988429 -0.099967525 0.395527371
v 1.17969993 -0.100051382 0.395471499
v 1.17947993 -0.100114207 0.39542964
v 1.17922428 -0.100156008 0.395401788
v 1.17862292 -0.100191757 0.395347929
v 1.17885232 -0.100275884 0.395291877
v 1.17885232 -0.100289746 0.395312682
v 1.17862292 -0.100205619 0.395368734
v 1.17952756 -0.100299614 0.395276066
v 1.1793999 -0.100221416 0.395328168
v 1.17922428 -0.100142146 0.395380983
v 1.17922428 -0.100156008 0.395401788
v 1.1793999 -0.100235278 0.395348973
v 1.17952756 -0.100313476 0.395296871
v 1.17885232 -0.100275884 0.395291877
v 1.17897253 -0.100358939 0.395236539
v 1.17910764 -0.100487288 0.395151023
v 1.17910764 -0.100501149 0.395171828
v 1.17897253 -0.100372801 0.395257344
v 1.17885232 -0.100289746 0.395312682
v 1.17994488 -0.100720255 0.394995802
v 1.17974205 -0.100488899 0.395149949
v 1.17952756 -0.100299614 0.395276066
v 1.17952756 -0.100313476 0.395296871
v 1.17974205 -0.100502761 0.395170754
v 1.17994488 -0.100734117 0.395016607
v 1.17910764 -0.100487288 0.395151023
v 1.17926965 -0.100671715 0.395028143
v 1.17947053 -0.100923024 0.394860701
v 1.17947053 -0.100936885 0.394881506
v 1.17926965 -0.100685577 0.395048948
v 1.17910764 -0.100501149 0.395171828
v 1.18060587 -0.101580949 0.394422339
v 1.17994488 -0.100720255 0.394995802
v 1.17994488 -0.100734117 0.395016607
v 1.18060587 -0.101594811 0.394443144
v 1.17947053 -0.100923024 0.394860701
v 1.1799734 -0.101580949 0.394422339
v 1.1799734 -0.101594811 0.394443144
v 1.17947053 -0.100936885 0.394881506
v 1.1799734 -0.101580949 0.394422339
v 1.18060587 -0.101580949 0.394422339
v 1.18060587 -0.101594811 0.394443144
v 1.1799734 -0.101594811 0.394443144
f 25 26 28
f 28 26 27
f 29 30 32
f 32 30 31
f 33 34 38
f 38 34 37
f 37 34 35
f 37 35 36
f 39 40 44
f 44 40 43
f 43 40 41
f 43 41 42
f 45 46 50
f 50 46 49
f 49 46 47
f 49 47 48
f 51 52 81
f 81 52 53
f 81 53 83
f 83 53 82
f 82 53 54
f 82 54 94
f 94 54 55
f 94 55 93
f 93 55 56
f 93 56 92
f 92 56 57
f 92 57 91
f 91 57 58
f 91 58 59
f 91 59 90
f 90 59 60
f 90 60 61
f 90 61 89
f 89 61 62
f 89 62 88
f 88 62 63
f 88 63 87
f 87 63 64
f 87 64 86
f 86 64 65
f 86 65 66
f 67 75 66
f 66 75 76
f 66 76 77
f 67 68 75
f 75 68 74
f 74 68 69
f 74 69 73
f 73 69 70
f 73 70 72
f 72 70 71
f 66 77 84
f 84 77 78
f 84 78 79
f 79 80 84
f 84 80 83
f 83 80 81
f 84 85 66
f 66 85 86
f 95 96 100
f 100 96 99
f 99 96 97
f 99 97 98
f 101 102 106
f 106 102 105
f 105 102 103
f 105 103 104
f 107 108 110
f 110 108 109
f 111 112 114
f 114 112 113
f 116 117 115
f 115 117 145
f 145 117 146
f 145 146 147
f 117 118 146
f 146 118 158
f 158 118 119
f 158 119 120
f 120 121 158
f 158 121 132
f 158 132 157
f 157 132 156
f 156 132 133
f 156 133 134
f 121 122 132
f 132 122 123
f 132 123 131
f 131 123 130
f 130 123 124
f 130 124 129
f 129 124 125
f 129 125 128
f 128 125 126
f 128 126 127
f 156 134 155
f 155 134 135
f 155 135 154
f 154 135 136
f 154 136 153
f 153 136 137
f 153 137 152
f 152 137 138
f 152 138 139
f 152 139 151
f 151 139 140
f 151 140 141
f 151 141 150
f 150 141 142
f 150 142 149
f 149 142 143
f 149 143 148
f 148 143 144
f 148 144 147
f 147 144 145
f 159 160 162
f 162 160 161
f 163 164 168
f 168 164 167
f 167 164 165
f 167 165 166
f 169 170 172
f 172 170 171
f 173 174 178
f 178 174 177
f 177 174 175
f 177 175 176
f 179 180 182
f 182 180 181
f 183 184 188
f 188 184 187
f 187 184 185
f 187 185 186
f 189 190 192
f 192 190 191
f 193 194 198
f 198 194 197
f 197 194 195
f 197 195 196
f 199 200 204
f 204 200 203
f 203 200 201
f 203 201 202
f 205 206 214
f 214 206 213
f 213 206 207
f 213 207 212
f 212 207 208
f 212 208 211
f 211 208 209
f 211 209 210
f 215 216 218
f 218 216 217
f 219 220 224
f 224 220 223
f 223 220 221
f 223 221 222
f 225 226 230
f 230 226 229
f 229 226 227
f 229 227 228
f 231 232 236
f 236 232 235
f 235 232 233
f 235 233 234
f 237 238 242
f 242 238 241
f 241 238 239
f 241 239 240
f 243 244 246
f 246 244 245
f 247 248 250
f 250 248 249
f 251 252 254
f 254 252 253
v 1.18699018 -0.100340598 0.395248759
v 1.18810737 -0.100340598 0.395248759
v 1.18810737 -0.10035446 0.395269564
v 1.18699018 -0.10035446 0.395269564
v 1.18531828 -0.10085831 0.394903819
v 1.18560762 -0.101191316 0.394681944
v 1.18600907 -0.101435347 0.394519351
v 1.18600907 -0.101449208 0.394540156
v 1.18560762 -0.101205178 0.394702749
v 1.18531828 -0.100872171 0.394924624
v 1.18702647 -0.101634877 0.394386408
v 1.18743602 -0.10160387 0.394407068
v 1.1878352 -0.101510846 0.394469048
v 1.1878352 -0.101524708 0.394489852
v 1.18743602 -0.101617731 0.394427873
v 1.18702647 -0.101648739 0.394407213
v 1.1878352 -0.101510846 0.394469048
v 1.18822336 -0.101356339 0.394571992
v 1.18859986 -0.101140896 0.394715538
v 1.18859986 -0.101154757 0.394736343
v 1.18822336 -0.101370201 0.394592797
v 1.1878352 -0.101524708 0.394489852
v 1.18859986 -0.101140896 0.394715538
v 1.18859986 -0.099967417 0.395497402
v 1.18859986 -0.0999812789 0.395518207
v 1.18859986 -0.101154757 0.394736343
v 1.18810737 -0.100340598 0.395248759
v 1.18699018 -0.100340598 0.395248759
v 1.18699018 -0.0999695757 0.395495963
v 1.18859986 -0.099967417 0.395497402
v 1.18859986 -0.101140896 0.394715538
v 1.18822336 -0.101356339 0.394571992
v 1.1878352 -0.101510846 0.394469048
v 1.18743602 -0.10160387 0.394407068
v 1.18702647 -0.101634877 0.394386408
v 1.18649217 -0.101584997 0.394419643
v 1.18600907 -0.101435347 0.394519351
v 1.18560762 -0.101191316 0.394681944
v 1.18531828 -0.10085831 0.394903819
v 1.18514332 -0.1004587 0.39517007
v 1.18508499 -0.100014869 0.395465785
v 1.18514299 -0.0995686173 0.395763113
v 1.18531699 -0.0991530954 0.396039967
v 1.18559985 -0.0988044542 0.396272259
v 1.18598445 -0.0985588046 0.39643593
v 1.18645297 -0.0984132021 0.396532942
v 1.18698759 -0.0983646626 0.396565283
v 1.18737996 -0.0983924403 0.396546775
v 1.18773281 -0.0984757573 0.396491263
v 1.18802993 -0.0986086932 0.39640269
v 1.18825512 -0.0987853035 0.396285019
v 1.18842166 -0.0990139611 0.396132669
v 1.18854284 -0.0993030153 0.395940078
v 1.18808922 -0.0994065625 0.395871087
v 1.18799331 -0.0991908492 0.396014812
v 1.18787667 -0.0990269055 0.396124044
v 1.18772244 -0.0989025966 0.396206869
v 1.18751378 -0.0988057955 0.396271365
v 1.18726494 -0.09874351 0.396312865
v 1.18699018 -0.0987227482 0.396326698
v 1.18666876 -0.0987445894 0.396312146
v 1.186394 -0.0988101129 0.396268489
v 1.18616687 -0.0989112315 0.396201116
v 1.18598834 -0.0990398499 0.39611542
v 1.18574857 -0.0993526341 0.395907018
v 1.1856397 -0.0996584025 0.395703291
v 1.18560341 -0.0999889883 0.395483029
v 1.18564715 -0.100377272 0.395224324
v 1.18577838 -0.100696525 0.395011613
v 1.1859932 -0.100944595 0.394846329
v 1.18628772 -0.101119324 0.39472991
v 1.18663247 -0.101222863 0.394660924
v 1.18699795 -0.101257379 0.394637927
v 1.18732067 -0.101231228 0.394655351
v 1.18763561 -0.101152761 0.394707632
v 1.18790907 -0.101044634 0.394779675
v 1.18810737 -0.1009295 0.394856386
v 1.18600907 -0.101435347 0.394519351
v 1.18649217 -0.101584997 0.394419643
v 1.18702647 -0.101634877 0.394386408
v 1.18702647 -0.101648739 0.394407213
v 1.18649217 -0.101598859 0.394440448
v 1.18600907 -0.101449208 0.394540156
v 1.18859986 -0.099967417 0.395497402
v 1.18699018 -0.0999695757 0.395495963
v 1.18699018 -0.0999834376 0.395516768
v 1.18859986 -0.0999812789 0.395518207
v 1.18699018 -0.0999695757 0.395495963
v 1.18699018 -0.100340598 0.395248759
v 1.18699018 -0.10035446 0.395269564
v 1.18699018 -0.0999834376 0.395516768
v 1.18699018 -0.10035446 0.395269564
v 1.18810737 -0.10035446 0.395269564
v 1.18810737 -0.100943362 0.394877191
v 1.18790907 -0.101058496 0.39480048
v 1.18763561 -0.101166622 0.394728437
v 1.18732067 -0.10124509 0.394676156
v 1.18699795 -0.101271241 0.394658732
v 1.18663247 -0.101236725 0.394681729
v 1.18628772 -0.101133186 0.394750715
v 1.1859932 -0.100958457 0.394867134
v 1.18577838 -0.100710387 0.395032418
v 1.18564715 -0.100391134 0.395245129
v 1.18560341 -0.10000285 0.395503834
v 1.1856397 -0.0996722645 0.395724096
v 1.18574857 -0.0993664961 0.395927823
v 1.18598834 -0.0990537118 0.396136225
v 1.18616687 -0.0989250934 0.396221921
v 1.186394 -0.0988239748 0.396289294
v 1.18666876 -0.0987584513 0.396332951
v 1.18699018 -0.0987366102 0.396347503
v 1.18726494 -0.098757372 0.39633367
v 1.18751378 -0.0988196574 0.39629217
v 1.18772244 -0.0989164585 0.396227674
v 1.18787667 -0.0990407674 0.396144849
v 1.18799331 -0.0992047111 0.396035617
v 1.18808922 -0.0994204244 0.395891892
v 1.18854284 -0.0993168773 0.395960883
v 1.18842166 -0.0990278231 0.396153474
v 1.18825512 -0.0987991654 0.396305824
v 1.18802993 -0.0986225551 0.396423495
v 1.18773281 -0.0984896193 0.396512068
v 1.18737996 -0.0984063022 0.39656758
v 1.18698759 -0.0983785245 0.396586088
v 1.18645297 -0.098427064 0.396553747
v 1.18598445 -0.0985726665 0.396456735
v 1.18559985 -0.0988183161 0.396293064
v 1.18531699 -0.0991669573 0.396060772
v 1.18514299 -0.0995824792 0.395783918
v 1.18508499 -0.100028731 0.39548659
v 1.18514332 -0.100472562 0.395190875
v 1.18531828 -0.100872171 0.394924624
v 1.18560762 -0.101205178 0.394702749
v 1.18600907 -0.101449208 0.394540156
v 1.18649217 -0.101598859 0.394440448
v 1.18702647 -0.101648739 0.394407213
v 1.18743602 -0.101617731 0.394427873
v 1.1878352 -0.101524708 0.394489852
v 1.18822336 -0.101370201 0.394592797
v 1.18859986 -0.101154757 0.394736343
v 1.18859986 -0.0999812789 0.395518207
v 1.18699018 -0.0999834376 0.395516768
v 1.18508499 -0.100014869 0.395465785
v 1.18514332 -0.1004587 0.39517007
v 1.18531828 -0.10085831 0.394903819
v 1.18531828 -0.100872171 0.394924624
v 1.18514332 -0.100472562 0.395190875
v 1.18508499 -0.100028731 0.39548659
v 1.18810737 -0.100340598 0.395248759
v 1.18810737 -0.1009295 0.394856386
v 1.18810737 -0.100943362 0.394877191
v 1.18810737 -0.10035446 0.395269564
v 1.18531699 -0.0991530954 0.396039967
v 1.18514299 -0.0995686173 0.395763113
v 1.18508499 -0.100014869 0.395465785
v 1.18508499 -0.100028731 0.39548659
v 1.18514299 -0.0995824792 0.395783918
v 1.18531699 -0.0991669573 0.396060772
v 1.18810737 -0.1009295 0.394856386
v 1.18790907 -0.101044634 0.394779675
v 1.18763561 -0.101152761 0.394707632
v 1.18763561 -0.101166622 0.394728437
v 1.18790907 -0.101058496 0.39480048
v 1.18810737 -0.100943362 0.394877191
v 1.18598445 -0.0985588046 0.39643593
v 1.18559985 -0.0988044542 0.396272259
v 1.18531699 -0.0991530954 0.396039967
v 1.18531699 -0.0991669573 0.396060772
v 1.18559985 -0.0988183161 0.396293064
v 1.18598445 -0.0985726665 0.396456735
v 1.18763561 -0.101152761 0.394707632
v 1.18732067 -0.101231228 0.394655351
v 1.18699795 -0.101257379 0.394637927
v 1.18699795 -0.101271241 0.394658732
v 1.18732067 -0.10124509 0.394676156
v 1.18763561 -0.101166622 0.394728437
v 1.18698759 -0.0983646626 0.396565283
v 1.18645297 -0.0984132021 0.396532942
v 1.18598445 -0.0985588046 0.39643593
v 1.18598445 -0.0985726665 0.396456735
v 1.18645297 -0.098427064 0.396553747
v 1.18698759 -0.0983785245 0.396586088
v 1.18699795 -0.101257379 0.394637927
v 1.18663247 -0.101222863 0.394660924
v 1.18628772 -0.101119324 0.39472991
v 1.18628772 -0.101133186 0.394750715
v 1.18663247 -0.101236725 0.394681729
v 1.18699795 -0.101271241 0.394658732
v 1.18773281 -0.0984757573 0.396491263
v 1.18737996 -0.0983924403 0.396546775
v 1.18698759 -0.0983646626 0.396565283
v 1.18698759 -0.0983785245 0.396586088
v 1.18737996 -0.0984063022 0.39656758
v 1.18773281 -0.0984896193 0.396512068
v 1.18628772 -0.101119324 0.39472991
v 1.1859932 -0.100944595 0.394846329
v 1.18577838 -0.100696525 0.395011613
v 1.18577838 -0.100710387 0.395032418
v 1.1859932 -0.100958457 0.394867134
v 1.18628772 -0.101133186 0.394750715
v 1.18825512 -0.0987853035 0.396285019
v 1.18802993 -0.0986086932 0.39640269
v 1.18773281 -0.0984757573 0.396491263
v 1.18773281 -0.0984896193 0.396512068
v 1.18802993 -0.0986225551 0.396423495
v 1.18825512 -0.0987991654 0.396305824
v 1.18577838 -0.100696525 0.395011613
v 1.18564715 -0.100377272 0.395224324
v 1.18560341 -0.0999889883 0.395483029
v 1.18560341 -0.10000285 0.395503834
v 1.18564715 -0.100391134 0.395245129
v 1.18577838 -0.100710387 0.395032418
v 1.18854284 -0.0993030153 0.395940078
v 1.18842166 -0.0990139611 0.396132669
v 1.18825512 -0.0987853035 0.396285019
v 1.18825512 -0.0987991654 0.396305824
v 1.18842166 -0.0990278231 0.396153474
v 1.18854284 -0.0993168773 0.395960883
v 1.18560341 -0.0999889883 0.395483029
v 1.1856397 -0.0996584025 0.395703291
v 1.18574857 -0.0993526341 0.395907018
v 1.18574857 -0.0993664961 0.395927823
v 1.1856397 -0.0996722645 0.395724096
v 1.18560341 -0.10000285 0.395503834
v 1.18808922 -0.0994065625 0.395871087
v 1.18854284 -0.0993030153 0.395940078
v 1.18854284 -0.0993168773 0.395960883
v 1.18808922 -0.0994204244 0.395891892
v 1.18787667 -0.0990269055 0.396124044
v 1.18799331 -0.0991908492 0.396014812
v 1.18808922 -0.0994065625 0.395871087
v 1.18808922 -0.0994204244 0.395891892
v 1.18799331 -0.0992047111 0.396035617
v 1.18787667 -0.0990407674 0.396144849
v 1.18598834 -0.0990398499 0.39611542
v 1.18616687 -0.0989112315 0.396201116
v 1.186394 -0.0988101129 0.396268489
v 1.186394 -0.0988239748 0.396289294
v 1.18616687 -0.0989250934 0.396221921
v 1.18598834 -0.0990537118 0.396136225
v 1.18751378 -0.0988057955 0.396271365
v 1.18772244 -0.0989025966 0.396206869
v 1.18787667 -0.0990269055 0.396124044
v 1.18787667 -0.0990407674 0.396144849
v 1.18772244 -0.0989164585 0.396227674
v 1.18751378 -0.0988196574 0.39629217
v 1.18574857 -0.0993526341 0.395907018
v 1.18598834 -0.0990398499 0.39611542
v 1.18598834 -0.0990537118 0.396136225
v 1.18574857 -0.0993664961 0.395927823
v 1.186394 -0.0988101129 0.396268489
v 1.18666876 -0.0987445894 0.396312146
v 1.18699018 -0.0987227482 0.396326698
v 1.18699018 -0.0987366102 0.396347503
v 1.18666876 -0.0987584513 0.396332951
v 1.186394 -0.0988239748 0.396289294
v 1.18699018 -0.0987227482 0.396326698
v 1.18726494 -0.09874351 0.396312865
v 1.18751378 -0.0988057955 0.396271365
v 1.18751378 -0.0988196574 0.39629217
v 1.18726494 -0.098757372 0.39633367
v 1.18699018 -0.0987366102 0.396347503
f 255 256 258
f 258 256 257
f 259 260 264
f 264 260 263
f 263 260 261
f 263 261 262
f 265 266 270
f 270 266 269
f 269 266 267
f 269 267 268
f 271 272 276
f 276 272 275
f 275 272 273
f 275 273 274
f 277 278 280
f 280 278 279
f 282 283 281
f 281 283 284
f 281 284 285
f 281 285 331
f 331 285 286
f 331 286 330
f 330 286 287
f 330 287 329
f 329 287 288
f 329 288 328
f 328 288 289
f 328 289 327
f 327 289 326
f 326 289 290
f 326 290 325
f 325 290 291
f 325 291 324
f 324 291 292
f 324 292 323
f 323 292 293
f 323 293 322
f 322 293 294
f 322 294 295
f 322 295 321
f 321 295 296
f 321 296 320
f 320 296 297
f 320 297 319
f 319 297 298
f 319 298 318
f 318 298 299
f 318 299 317
f 317 299 316
f 316 299 300
f 316 300 315
f 315 300 301
f 315 301 314
f 314 301 313
f 313 301 302
f 313 302 312
f 312 302 303
f 312 303 311
f 311 303 304
f 311 304 310
f 310 304 305
f 310 305 309
f 309 305 306
f 309 306 308
f 308 306 307
f 332 333 337
f 337 333 336
f 336 333 334
f 336 334 335
f 338 339 341
f 341 339 340
f 342 343 345
f 345 343 344
f 346 347 396
f 396 347 395
f 395 347 394
f 394 347 348
f 394 348 393
f 393 348 349
f 393 349 392
f 392 349 350
f 392 350 391
f 391 350 351
f 391 351 390
f 390 351 352
f 390 352 353
f 390 353 389
f 389 353 354
f 389 354 388
f 388 354 355
f 388 355 387
f 387 355 356
f 387 356 386
f 386 356 357
f 386 357 385
f 385 357 384
f 384 357 358
f 384 358 383
f 383 358 359
f 383 359 382
f 382 359 360
f 382 360 381
f 381 360 361
f 381 361 380
f 380 361 362
f 380 362 363
f 380 363 379
f 379 363 364
f 379 364 378
f 378 364 365
f 378 365 366
f 378 366 377
f 377 366 367
f 377 367 376
f 376 367 368
f 376 368 375
f 375 368 369
f 375 369 374
f 374 369 370
f 374 370 373
f 373 370 371
f 373 371 372
f 397 398 402
f 402 398 401
f 401 398 399
f 401 399 400
f 403 404 406
f 406 404 405
f 407 408 412
f 412 408 411
f 411 408 409
f 411 409 410
f 413 414 418
f 418 414 417
f 417 414 415
f 417 415 416
f 419 420 424
f 424 420 423
f 423 420 421
f 423 421 422
f 425 426 430
f 430 426 429
f 429 426 427
f 429 427 428
f 431 432 436
f 436 432 435
f 435 432 433
f 435 433 434
f 437 438 442
f 442 438 441
f 441 438 439
f 441 439 440
f 443 444 448
f 448 444 447
f 447 444 445
f 447 445 446
f 449 450 454
f 454 450 453
f 453 450 451
f 453 451 452
f 455 456 460
f 460 456 459
f 459 456 457
f 459 457 458
f 461 462 466
f 466 462 465
f 465 462 463
f 465 463 464
f 467 468 472
f 472 468 471
f 471 468 469
f 471 469 470
f 473 474 478
f 478 474 477
f 477 474 475
f 477 475 476
f 479 480 482
f 482 480 481
f 483 484 488
f 488 484 487
f 487 484 485
f 487 485 486
f 489 490 494
f 494 490 493
f 493 490 491
f 493 491 492
f 495 496 500
f 500 496 499
f 499 496 497
f 499 497 498
f 501 502 504
f 504 502 503
f 505 506 510
f 510 506 509
f 509 506 507
f 509 507 508
f 511 512 516
f 516 512 515
f 515 512 513
f 515 513 514
v 1.18985184 -0.0998142589 0.395599448
v 1.18985184 -0.0987680496 0.396296515
v 1.18985184 -0.0987819115 0.39631732
v 1.18985184 -0.0998281209 0.395620253
v 1.18985184 -0.0987680496 0.396296515
v 1.19105457 -0.0987680496 0.396296515
v 1.19105457 -0.0987819115 0.39631732
v 1.18985184 -0.0987819115 0.39631732
v 1.19167278 -0.0989125807 0.396200217
v 1.19181956 -0.0990770561 0.39609063
v 1.19186849 -0.099281444 0.395954451
v 1.19186849 -0.0992953059 0.395975256
v 1.19181956 -0.099090918 0.396111435
v 1.19167278 -0.0989264426 0.396221022
v 1.19186849 -0.099281444 0.395954451
v 1.19184321 -0.0994289433 0.395856175
v 1.1917674 -0.0995651093 0.395765451
v 1.1917674 -0.0995789713 0.395786256
v 1.19184321 -0.0994428052 0.39587698
v 1.19186849 -0.0992953059 0.395975256
v 1.1917674 -0.0995651093 0.395765451
v 1.19164297 -0.0996778231 0.395690352
v 1.1914719 -0.0997549338 0.395638975
v 1.1914719 -0.0997687958 0.39565978
v 1.19164297 -0.099691685 0.395711157
v 1.1917674 -0.0995789713 0.395786256
v 1.18985184 -0.101580949 0.394422339
v 1.18934898 -0.101580949 0.394422339
v 1.18934898 -0.0984185909 0.396529352
v 1.19103383 -0.0984185909 0.396529352
v 1.19148097 -0.0984398924 0.396515159
v 1.19180628 -0.0985037969 0.396472581
v 1.1920441 -0.0986216376 0.396394066
v 1.19222879 -0.098804724 0.396272079
v 1.19234737 -0.0990317626 0.396120808
v 1.1923869 -0.099281444 0.395954451
v 1.19232145 -0.0995915378 0.395747842
v 1.1921251 -0.0998487747 0.395576451
v 1.19197638 -0.0999536631 0.395506566
v 1.19179202 -0.10003752 0.395450694
v 1.19157202 -0.100100345 0.395408835
v 1.19131637 -0.100142146 0.395380983
v 1.19149198 -0.100221416 0.395328168
v 1.19161964 -0.100299614 0.395276066
v 1.19183414 -0.100488899 0.395149949
v 1.19203697 -0.100720255 0.394995802
v 1.19269795 -0.101580949 0.394422339
v 1.19206548 -0.101580949 0.394422339
v 1.19156262 -0.100923024 0.394860701
v 1.19136173 -0.100671715 0.395028143
v 1.19119973 -0.100487288 0.395151023
v 1.19106461 -0.100358939 0.395236539
v 1.19094441 -0.100275884 0.395291877
v 1.19071501 -0.100191757 0.395347929
v 1.19060225 -0.100180432 0.395355474
v 1.19043506 -0.100176654 0.395357991
v 1.18985184 -0.100176654 0.395357991
v 1.18985184 -0.0987680496 0.396296515
v 1.18985184 -0.0998142589 0.395599448
v 1.19093274 -0.0998142589 0.395599448
v 1.1912399 -0.0997994257 0.395609331
v 1.1914719 -0.0997549338 0.395638975
v 1.19164297 -0.0996778231 0.395690352
v 1.1917674 -0.0995651093 0.395765451
v 1.19184321 -0.0994289433 0.395856175
v 1.19186849 -0.099281444 0.395954451
v 1.19181956 -0.0990770561 0.39609063
v 1.19167278 -0.0989125807 0.396200217
v 1.19142038 -0.0988041844 0.396272439
v 1.19105457 -0.0987680496 0.396296515
v 1.19105457 -0.0987680496 0.396296515
v 1.19142038 -0.0988041844 0.396272439
v 1.19167278 -0.0989125807 0.396200217
v 1.19167278 -0.0989264426 0.396221022
v 1.19142038 -0.0988180463 0.396293244
v 1.19105457 -0.0987819115 0.39631732
v 1.1914719 -0.0997549338 0.395638975
v 1.1912399 -0.0997994257 0.395609331
v 1.19093274 -0.0998142589 0.395599448
v 1.19093274 -0.0998281209 0.395620253
v 1.1912399 -0.0998132876 0.395630136
v 1.1914719 -0.0997687958 0.39565978
v 1.19093274 -0.0998142589 0.395599448
v 1.18985184 -0.0998142589 0.395599448
v 1.18985184 -0.0998281209 0.395620253
v 1.19093274 -0.0998281209 0.395620253
v 1.18934898 -0.0984185909 0.396529352
v 1.18934898 -0.101580949 0.394422339
v 1.18934898 -0.101594811 0.394443144
v 1.18934898 -0.0984324529 0.396550157
v 1.18934898 -0.101594811 0.394443144
v 1.18985184 -0.101594811 0.394443144
v 1.18985184 -0.100190516 0.395378796
v 1.19043506 -0.100190516 0.395378796
v 1.19060225 -0.100194294 0.395376279
v 1.19071501 -0.100205619 0.395368734
v 1.19094441 -0.100289746 0.395312682
v 1.19106461 -0.100372801 0.395257344
v 1.19119973 -0.100501149 0.395171828
v 1.19136173 -0.100685577 0.395048948
v 1.19156262 -0.100936885 0.394881506
v 1.19206548 -0.101594811 0.394443144
v 1.19269795 -0.101594811 0.394443144
v 1.19203697 -0.100734117 0.395016607
v 1.19183414 -0.100502761 0.395170754
v 1.19161964 -0.100313476 0.395296871
v 1.19149198 -0.100235278 0.395348973
v 1.19131637 -0.100156008 0.395401788
v 1.19157202 -0.100114207 0.39542964
v 1.19179202 -0.100051382 0.395471499
v 1.19197638 -0.099967525 0.395527371
v 1.1921251 -0.0998626366 0.395597255
v 1.19232145 -0.0996053997 0.395768647
v 1.1923869 -0.0992953059 0.395975256
v 1.19234737 -0.0990456246 0.396141613
v 1.19222879 -0.098818586 0.396292884
v 1.1920441 -0.0986354995 0.396414871
v 1.19180628 -0.0985176588 0.396493386
v 1.19148097 -0.0984537543 0.396535964
v 1.19103383 -0.0984324529 0.396550157
v 1.18934898 -0.0984324529 0.396550157
v 1.18985184 -0.0998281209 0.395620253
v 1.18985184 -0.0987819115 0.39631732
v 1.19105457 -0.0987819115 0.39631732
v 1.19142038 -0.0988180463 0.396293244
v 1.19167278 -0.0989264426 0.396221022
v 1.19181956 -0.099090918 0.396111435
v 1.19186849 -0.0992953059 0.395975256
v 1.19184321 -0.0994428052 0.39587698
v 1.1917674 -0.0995789713 0.395786256
v 1.19164297 -0.099691685 0.395711157
v 1.1914719 -0.0997687958 0.39565978
v 1.1912399 -0.0998132876 0.395630136
v 1.19093274 -0.0998281209 0.395620253
v 1.19103383 -0.0984185909 0.396529352
v 1.18934898 -0.0984185909 0.396529352
v 1.18934898 -0.0984324529 0.396550157
v 1.19103383 -0.0984324529 0.396550157
v 1.19180628 -0.0985037969 0.396472581
v 1.19148097 -0.0984398924 0.396515159
v 1.19103383 -0.0984185909 0.396529352
v 1.19103383 -0.0984324529 0.396550157
v 1.19148097 -0.0984537543 0.396535964
v 1.19180628 -0.0985176588 0.396493386
v 1.18934898 -0.101580949 0.394422339
v 1.18985184 -0.101580949 0.394422339
v 1.18985184 -0.101594811 0.394443144
v 1.18934898 -0.101594811 0.394443144
v 1.19222879 -0.098804724 0.396272079
v 1.1920441 -0.0986216376 0.396394066
v 1.19180628 -0.0985037969 0.396472581
v 1.19180628 -0.0985176588 0.396493386
v 1.1920441 -0.0986354995 0.396414871
v 1.19222879 -0.098818586 0.396292884
v 1.18985184 -0.101580949 0.394422339
v 1.18985184 -0.100176654 0.395357991
v 1.18985184 -0.100190516 0.395378796
v 1.18985184 -0.101594811 0.394443144
v 1.1923869 -0.099281444 0.395954451
v 1.19234737 -0.0990317626 0.396120808
v 1.19222879 -0.098804724 0.396272079
v 1.19222879 -0.098818586 0.396292884
v 1.19234737 -0.0990456246 0.396141613
v 1.1923869 -0.0992953059 0.395975256
v 1.18985184 -0.100176654 0.395357991
v 1.19043506 -0.100176654 0.395357991
v 1.19043506 -0.100190516 0.395378796
v 1.18985184 -0.100190516 0.395378796
v 1.1921251 -0.0998487747 0.395576451
v 1.19232145 -0.0995915378 0.395747842
v 1.1923869 -0.099281444 0.395954451
v 1.1923869 -0.0992953059 0.395975256
v 1.19232145 -0.0996053997 0.395768647
v 1.1921251 -0.0998626366 0.395597255
v 1.19043506 -0.100176654 0.395357991
v 1.19060225 -0.100180432 0.395355474
v 1.19071501 -0.100191757 0.395347929
v 1.19071501 -0.100205619 0.395368734
v 1.19060225 -0.100194294 0.395376279
v 1.19043506 -0.100190516 0.395378796
v 1.19131637 -0.100142146 0.395380983
v 1.19157202 -0.100100345 0.395408835
v 1.19179202 -0.10003752 0.395450694
v 1.19197638 -0.0999536631 0.395506566
v 1.1921251 -0.0998487747 0.395576451
v 1.1921251 -0.0998626366 0.395597255
v 1.19197638 -0.099967525 0.395527371
v 1.19179202 -0.100051382 0.395471499
v 1.19157202 -0.100114207 0.39542964
v 1.19131637 -0.100156008 0.395401788
v 1.19071501 -0.100191757 0.395347929
v 1.19094441 -0.100275884 0.395291877
v 1.19094441 -0.100289746 0.395312682
v 1.19071501 -0.100205619 0.395368734
v 1.19161964 -0.100299614 0.395276066
v 1.19149198 -0.100221416 0.395328168
v 1.19131637 -0.100142146 0.395380983
v 1.19131637 -0.100156008 0.395401788
v 1.19149198 -0.100235278 0.395348973
v 1.19161964 -0.100313476 0.395296871
v 1.19119973 -0.100487288 0.395151023
v 1.19136173 -0.100671715 0.395028143
v 1.19156262 -0.100923024 0.394860701
v 1.19156262 -0.100936885 0.394881506
v 1.19136173 -0.100685577 0.395048948
v 1.19119973 -0.100501149 0.395171828
v 1.19269795 -0.101580949 0.394422339
v 1.19203697 -0.100720255 0.394995802
v 1.19203697 -0.100734117 0.395016607
v 1.19269795 -0.101594811 0.394443144
v 1.19094441 -0.100275884 0.395291877
v 1.19106461 -0.100358939 0.395236539
v 1.19119973 -0.100487288 0.395151023
v 1.19119973 -0.100501149 0.395171828
v 1.19106461 -0.100372801 0.395257344
v 1.19094441 -0.100289746 0.395312682
v 1.19203697 -0.100720255 0.394995802
v 1.19183414 -0.100488899 0.395149949
v 1.19161964 -0.100299614 0.395276066
v 1.19161964 -0.100313476 0.395296871
v 1.19183414 -0.100502761 0.395170754
v 1.19203697 -0.100734117 0.395016607
v 1.19156262 -0.100923024 0.394860701
v 1.19206548 -0.101580949 0.394422339
v 1.19206548 -0.101594811 0.394443144
v 1.19156262 -0.100936885 0.394881506
v 1.19206548 -0.101580949 0.394422339
v 1.19269795 -0.101580949 0.394422339
v 1.19269795 -0.101594811 0.394443144
v 1.19206548 -0.101594811 0.394443144
f 517 518 520
f 520 518 519
f 521 522 524
f 524 522 523
f 525 526 530
f 530 526 529
f 529 526 527
f 529 527 528
f 531 532 536
f 536 532 535
f 535 532 533
f 535 533 534
f 537 538 542
f 542 538 541
f 541 538 539
f 541 539 540
f 543 544 573
f 573 544 545
f 573 545 575
f 575 545 574
f 574 545 546
f 574 546 586
f 586 546 547
f 586 547 585
f 585 547 548
f 585 548 584
f 584 548 549
f 584 549 583
f 583 549 550
f 583 550 551
f 583 551 582
f 582 551 552
f 582 552 553
f 582 553 581
f 581 553 554
f 581 554 580
f 580 554 555
f 580 555 579
f 579 555 556
f 579 556 578
f 578 556 557
f 578 557 558
f 559 567 558
f 558 567 568
f 558 568 569
f 559 560 567
f 567 560 566
f 566 560 561
f 566 561 565
f 565 561 562
f 565 562 564
f 564 562 563
f 558 569 576
f 576 569 570
f 576 570 571
f 571 572 576
f 576 572 575
f 575 572 573
f 576 577 558
f 558 577 578
f 587 588 592
f 592 588 591
f 591 588 589
f 591 589 590
f 593 594 598
f 598 594 597
f 597 594 595
f 597 595 596
f 599 600 602
f 602 600 601
f 603 604 606
f 606 604 605
f 608 609 607
f 607 609 637
f 637 609 638
f 637 638 639
f 609 610 638
f 638 610 650
f 650 610 611
f 650 611 612
f 612 613 650
f 650 613 624
f 650 624 649
f 649 624 648
f 648 624 625
f 648 625 626
f 613 614 624
f 624 614 615
f 624 615 623
f 623 615 622
f 622 615 616
f 622 616 621
f 621 616 617
f 621 617 620
f 620 617 618
f 620 618 619
f 648 626 647
f 647 626 627
f 647 627 646
f 646 627 628
f 646 628 645
f 645 628 629
f 645 629 644
f 644 629 630
f 644 630 631
f 644 631 643
f 643 631 632
f 643 632 633
f 643 633 642
f 642 633 634
f 642 634 641
f 641 634 635
f 641 635 640
f 640 635 636
f 640 636 639
f 639 636 637
f 651 652 654
f 654 652 653
f 655 656 660
f 660 656 659
f 659 656 657
f 659 657 658
f 661 662 664
f 664 662 663
f 665 666 670
f 670 666 669
f 669 666 667
f 669 667 668
f 671 672 674
f 674 672 673
f 675 676 680
f 680 676 679
f 679 676 677
f 679 677 678
f 681 682 684
f 684 682 683
f 685 686 690
f 690 686 689
f 689 686 687
f 689 687 688
f 691 692 696
f 696 692 695
f 695 692 693
f 695 693 694
f 697 698 706
f 706 698 705
f 705 698 699
f 705 699 704
f 704 699 700
f 704 700 703
f 703 700 701
f 703 701 702
f 707 708 710
f 710 708 709
f 711 712 716
f 716 712 715
f 715 712 713
f 715 713 714
f 717 718 722
f 722 718 721
f 721 718 719
f 721 719 720
f 723 724 726
f 726 724 725
f 727 728 732
f 732 728 731
f 731 728 729
f 731 729 730
f 733 734 738
f 738 734 737
f 737 734 735
f 737 735 736
f 739 740 742
f 742 740 741
f 743 744 746
f 746 744 745
v 1.19670013 -0.101580949 0.394422339
v 1.19718485 -0.101580949 0.394422339
v 1.19718485 -0.101594811 0.394443144
v 1.19670013 -0.101594811 0.394443144
v 1.20032647 -0.0984185909 0.396529352
v 1.19964993 -0.0984185909 0.396529352
v 1.19964993 -0.0984324529 0.396550157
v 1.20032647 -0.0984324529 0.396550157
v 1.19874011 -0.100618866 0.395063355
v 1.19862087 -0.100912778 0.394867528
v 1.19853793 -0.101125792 0.394725601
v 1.19853793 -0.101139654 0.394746406
v 1.19862087 -0.100926639 0.394888333
v 1.19874011 -0.100632728 0.39508416
v 1.19853793 -0.101125792 0.394725601
v 1.19846405 -0.100931111 0.394855313
v 1.19835648 -0.100657699 0.395037481
v 1.19835648 -0.100671561 0.395058286
v 1.19846405 -0.100944973 0.394876118
v 1.19853793 -0.101139654 0.394746406
v 1.19835648 -0.100657699 0.395037481
v 1.19745702 -0.0984185909 0.396529352
v 1.19745702 -0.0984324529 0.396550157
v 1.19835648 -0.100671561 0.395058286
v 1.19718485 -0.101580949 0.394422339
v 1.19670013 -0.101580949 0.394422339
v 1.19670013 -0.0984185909 0.396529352
v 1.19745702 -0.0984185909 0.396529352
v 1.19835648 -0.100657699 0.395037481
v 1.19846405 -0.100931111 0.394855313
v 1.19853793 -0.101125792 0.394725601
v 1.19862087 -0.100912778 0.394867528
v 1.19874011 -0.100618866 0.395063355
v 1.19964993 -0.0984185909 0.396529352
v 1.20032647 -0.0984185909 0.396529352
v 1.20032647 -0.101580949 0.394422339
v 1.19984175 -0.101580949 0.394422339
v 1.19984175 -0.098934152 0.396185844
v 1.19873752 -0.101580949 0.394422339
v 1.1982839 -0.101580949 0.394422339
v 1.19718485 -0.0988888506 0.396216028
v 1.19964993 -0.0984185909 0.396529352
v 1.19874011 -0.100618866 0.395063355
v 1.19874011 -0.100632728 0.39508416
v 1.19964993 -0.0984324529 0.396550157
v 1.19745702 -0.0984185909 0.396529352
v 1.19670013 -0.0984185909 0.396529352
v 1.19670013 -0.0984324529 0.396550157
v 1.19745702 -0.0984324529 0.396550157
v 1.19670013 -0.0984185909 0.396529352
v 1.19670013 -0.101580949 0.394422339
v 1.19670013 -0.101594811 0.394443144
v 1.19670013 -0.0984324529 0.396550157
v 1.19670013 -0.101594811 0.394443144
v 1.19718485 -0.101594811 0.394443144
v 1.19718485 -0.0989027125 0.396236833
v 1.1982839 -0.101594811 0.394443144
v 1.19873752 -0.101594811 0.394443144
v 1.19984175 -0.0989480139 0.396206649
v 1.19984175 -0.101594811 0.394443144
v 1.20032647 -0.101594811 0.394443144
v 1.20032647 -0.0984324529 0.396550157
v 1.19964993 -0.0984324529 0.396550157
v 1.19874011 -0.100632728 0.39508416
v 1.19862087 -0.100926639 0.394888333
v 1.19853793 -0.101139654 0.394746406
v 1.19846405 -0.100944973 0.394876118
v 1.19835648 -0.100671561 0.395058286
v 1.19745702 -0.0984324529 0.396550157
v 1.19670013 -0.0984324529 0.396550157
v 1.20032647 -0.101580949 0.394422339
v 1.20032647 -0.0984185909 0.396529352
v 1.20032647 -0.0984324529 0.396550157
v 1.20032647 -0.101594811 0.394443144
v 1.19718485 -0.101580949 0.394422339
v 1.19718485 -0.0988888506 0.396216028
v 1.19718485 -0.0989027125 0.396236833
v 1.19718485 -0.101594811 0.394443144
v 1.19984175 -0.101580949 0.394422339
v 1.20032647 -0.101580949 0.394422339
v 1.20032647 -0.101594811 0.394443144
v 1.19984175 -0.101594811 0.394443144
v 1.19718485 -0.0988888506 0.396216028
v 1.1982839 -0.101580949 0.394422339
v 1.1982839 -0.101594811 0.394443144
v 1.19718485 -0.0989027125 0.396236833
v 1.19984175 -0.098934152 0.396185844
v 1.19984175 -0.101580949 0.394422339
v 1.19984175 -0.101594811 0.394443144
v 1.19984175 -0.0989480139 0.396206649
v 1.1982839 -0.101580949 0.394422339
v 1.19873752 -0.101580949 0.394422339
v 1.19873752 -0.101594811 0.394443144
v 1.1982839 -0.101594811 0.394443144
v 1.19873752 -0.101580949 0.394422339
v 1.19984175 -0.098934152 0.396185844
v 1.19984175 -0.0989480139 0.396206649
v 1.19873752 -0.101594811 0.394443144
f 747 748 750
f 750 748 749
f 751 752 754
f 754 752 753
f 755 756 760
f 760 756 759
f 759 756 757
f 759 757 758
f 761 762 766
f 766 762 765
f 765 762 763
f 765 763 764
f 767 768 770
f 770 768 769
f 771 772 787
f 787 772 773
f 787 773 774
f 774 775 787
f 787 775 786
f 786 775 776
f 786 776 777
f 786 777 785
f 785 777 778
f 785 778 779
f 785 779 784
f 784 779 780
f 784 780 781
f 781 782 784
f 784 782 783
f 788 789 791
f 791 789 790
f 792 793 795
f 795 793 794
f 796 797 799
f 799 797 798
f 801 802 800
f 800 802 816
f 816 802 815
f 815 802 814
f 814 802 803
f 814 803 813
f 813 803 812
f 812 803 804
f 812 804 811
f 811 804 810
f 810 804 805
f 810 805 809
f 809 805 808
f 808 805 807
f 807 805 806
f 817 818 820
f 820 818 819
f 821 822 824
f 824 822 823
f 825 826 828
f 828 826 827
f 829 830 832
f 832 830 831
f 833 834 836
f 836 834 835
f 837 838 840
f 840 838 839
f 841 842 844
f 844 842 843
v 1.19475866 -0.0984185909 0.396529352
v 1.19421692 -0.0984185909 0.396529352
v 1.19421692 -0.0984324529 0.396550157
v 1.19475866 -0.0984324529 0.396550157
v 1.19385403 -0.10028236 0.395287562
v 1.19427135 -0.0993547929 0.39590558
v 1.19427135 -0.0993686548 0.395926385
v 1.19385403 -0.100296222 0.395308367
v 1.19427135 -0.0993547929 0.39590558
v 1.19447613 -0.0987507957 0.396308011
v 1.19447613 -0.0987646576 0.396328816
v 1.19427135 -0.0993686548 0.395926385
v 1.19447613 -0.0987507957 0.396308011
v 1.19458759 -0.0990430801 0.396113268
v 1.1947457 -0.0994065625 0.395871087
v 1.1947457 -0.0994204244 0.395891892
v 1.19458759 -0.099056942 0.396134073
v 1.19447613 -0.0987646576 0.396328816
v 1.19329154 -0.101580949 0.394422339
v 1.19275757 -0.101580949 0.394422339
v 1.19421692 -0.0984185909 0.396529352
v 1.19475866 -0.0984185909 0.396529352
v 1.19631392 -0.101580949 0.394422339
v 1.19574106 -0.101580949 0.394422339
v 1.19529782 -0.100623184 0.395060478
v 1.19370887 -0.100623184 0.395060478
v 1.19427135 -0.0993547929 0.39590558
v 1.19385403 -0.10028236 0.395287562
v 1.19514229 -0.10028236 0.395287562
v 1.1947457 -0.0994065625 0.395871087
v 1.19458759 -0.0990430801 0.396113268
v 1.19447613 -0.0987507957 0.396308011
v 1.19421692 -0.0984185909 0.396529352
v 1.19275757 -0.101580949 0.394422339
v 1.19275757 -0.101594811 0.394443144
v 1.19421692 -0.0984324529 0.396550157
v 1.1947457 -0.0994065625 0.395871087
v 1.19514229 -0.10028236 0.395287562
v 1.19514229 -0.100296222 0.395308367
v 1.1947457 -0.0994204244 0.395891892
v 1.19514229 -0.10028236 0.395287562
v 1.19385403 -0.10028236 0.395287562
v 1.19385403 -0.100296222 0.395308367
v 1.19514229 -0.100296222 0.395308367
v 1.19275757 -0.101594811 0.394443144
v 1.19329154 -0.101594811 0.394443144
v 1.19370887 -0.100637046 0.395081283
v 1.19529782 -0.100637046 0.395081283
v 1.19574106 -0.101594811 0.394443144
v 1.19631392 -0.101594811 0.394443144
v 1.19475866 -0.0984324529 0.396550157
v 1.19421692 -0.0984324529 0.396550157
v 1.19385403 -0.100296222 0.395308367
v 1.19427135 -0.0993686548 0.395926385
v 1.19447613 -0.0987646576 0.396328816
v 1.19458759 -0.099056942 0.396134073
v 1.1947457 -0.0994204244 0.395891892
v 1.19514229 -0.100296222 0.395308367
v 1.19631392 -0.101580949 0.394422339
v 1.19475866 -0.0984185909 0.396529352
v 1.19475866 -0.0984324529 0.396550157
v 1.19631392 -0.101594811 0.394443144
v 1.19574106 -0.101580949 0.394422339
v 1.19631392 -0.101580949 0.394422339
v 1.19631392 -0.101594811 0.394443144
v 1.19574106 -0.101594811 0.394443144
v 1.19529782 -0.100623184 0.395060478
v 1.19574106 -0.101580949 0.394422339
v 1.19574106 -0.101594811 0.394443144
v 1.19529782 -0.100637046 0.395081283
v 1.19275757 -0.101580949 0.394422339
v 1.19329154 -0.101580949 0.394422339
v 1.19329154 -0.101594811 0.394443144
v 1.19275757 -0.101594811 0.394443144
v 1.19370887 -0.100623184 0.395060478
v 1.19529782 -0.100623184 0.395060478
v 1.19529782 -0.100637046 0.395081283
v 1.19370887 -0.100637046 0.395081283
v 1.19329154 -0.101580949 0.394422339
v 1.19370887 -0.100623184 0.395060478
v 1.19370887 -0.100637046 0.395081283
v 1.19329154 -0.101594811 0.394443144
f 845 846 848
f 848 846 847
f 849 850 852
f 852 850 851
f 853 854 856
f 856 854 855
f 857 858 862
f 862 858 861
f 861 858 859
f 861 859 860
f 863 864 870
f 870 864 872
f 870 872 873
f 864 865 872
f 872 865 871
f 871 865 876
f 876 865 866
f 876 866 875
f 875 866 874
f 874 866 873
f 873 866 867
f 873 867 869
f 869 867 868
f 869 870 873
f 877 878 880
f 880 878 879
f 881 882 884
f 884 882 883
f 885 886 888
f 888 886 887
f 890 891 889
f 889 891 897
f 889 897 896
f 896 897 898
f 896 898 899
f 897 891 902
f 902 891 892
f 902 892 894
f 894 892 893
f 894 895 902
f 902 895 901
f 901 895 900
f 900 895 899
f 899 895 896
f 903 904 906
f 906 904 905
f 907 908 910
f 910 908 909
f 911 912 914
f 914 912 913
f 915 916 918
f 918 916 917
f 919 920 922
f 922 920 921
f 923 924 926
f 926 924 925
v 1.20096671 -0.100564938 0.395099286
v 1.20102406 -0.100865595 0.394898965
v 1.20117538 -0.101133348 0.394720567
v 1.20117538 -0.10114721 0.394741372
v 1.20102406 -0.100879457 0.394919769
v 1.20096671 -0.1005788 0.395120091
v 1.20350696 -0.100722413 0.394994364
v 1.20348006 -0.100863437 0.394900403
v 1.20339938 -0.100993134 0.394813988
v 1.20339938 -0.101006996 0.394834793
v 1.20348006 -0.100877298 0.394921208
v 1.20350696 -0.100736275 0.395015169
v 1.20307149 -0.101188356 0.394683916
v 1.20283431 -0.101241744 0.394648344
v 1.20256343 -0.101259538 0.394636489
v 1.20256343 -0.1012734 0.394657294
v 1.20283431 -0.101255606 0.394669149
v 1.20307149 -0.101202218 0.394704721
v 1.20256343 -0.101259538 0.394636489
v 1.20225562 -0.101236078 0.39465212
v 1.20198021 -0.101165705 0.394699008
v 1.20198021 -0.101179567 0.394719813
v 1.20225562 -0.10124994 0.394672925
v 1.20256343 -0.1012734 0.394657294
v 1.20198021 -0.101165705 0.394699008
v 1.20175503 -0.101057309 0.39477123
v 1.20159788 -0.100919785 0.394862859
v 1.20159788 -0.100933647 0.394883664
v 1.20175503 -0.101071171 0.394792035
v 1.20198021 -0.101179567 0.394719813
v 1.20117538 -0.101133348 0.394720567
v 1.20102406 -0.100865595 0.394898965
v 1.20096671 -0.100564938 0.395099286
v 1.20144106 -0.10053043 0.395122278
v 1.20149711 -0.100746413 0.394978373
v 1.20159788 -0.100919785 0.394862859
v 1.20175503 -0.101057309 0.39477123
v 1.20198021 -0.101165705 0.394699008
v 1.20225562 -0.101236078 0.39465212
v 1.20256343 -0.101259538 0.394636489
v 1.20283431 -0.101241744 0.394648344
v 1.20307149 -0.101188356 0.394683916
v 1.20326362 -0.101103951 0.394740153
v 1.20339938 -0.100993134 0.394813988
v 1.20348006 -0.100863437 0.394900403
v 1.20350696 -0.100722413 0.394994364
v 1.20348104 -0.100583009 0.395087246
v 1.20340327 -0.100462478 0.395167553
v 1.20326589 -0.10036028 0.395235645
v 1.20306112 -0.100275884 0.395291877
v 1.20296148 -0.100247638 0.395310696
v 1.20281552 -0.100212519 0.395334095
v 1.20262322 -0.100170519 0.395362079
v 1.20238458 -0.100121646 0.395394642
v 1.20214238 -0.100070083 0.395428997
v 1.20193939 -0.100019996 0.395462369
v 1.2017756 -0.0999713931 0.395494752
v 1.20165102 -0.0999242743 0.395526147
v 1.20141352 -0.0997913384 0.395614719
v 1.20124536 -0.0996298233 0.395722333
v 1.20114524 -0.0994434988 0.395846477
v 1.20111187 -0.0992361506 0.395984629
v 1.20115269 -0.0990045247 0.396138956
v 1.20127517 -0.0987885416 0.396282861
v 1.20147605 -0.0986054551 0.396404848
v 1.20175211 -0.0984725193 0.39649342
v 1.20208325 -0.0983916308 0.396547315
v 1.20244938 -0.0983646626 0.396565283
v 1.20284694 -0.09839298 0.396546416
v 1.20319461 -0.0984779161 0.396489825
v 1.20348006 -0.0986178598 0.396396583
v 1.20369099 -0.0988111923 0.39626777
v 1.20382449 -0.0990457785 0.39611147
v 1.20387763 -0.0993094915 0.395935763
v 1.2033955 -0.0993396898 0.395915643
v 1.20331028 -0.0990765164 0.39609099
v 1.2031324 -0.0988866919 0.396217466
v 1.20285472 -0.0987718274 0.396293998
v 1.20247012 -0.0987335339 0.396319512
v 1.2020758 -0.0987683194 0.396296335
v 1.20180525 -0.0988726682 0.39622681
v 1.20164875 -0.099026096 0.396124584
v 1.20159659 -0.0992081031 0.396003316
v 1.20163353 -0.0993634198 0.395899832
v 1.20174434 -0.0994885303 0.395816474
v 1.20184616 -0.0995438793 0.395779596
v 1.20200646 -0.0995998949 0.395742274
v 1.20222525 -0.0996565851 0.395704502
v 1.20250252 -0.0997139499 0.395666281
v 1.20278498 -0.0997698385 0.395629044
v 1.20301932 -0.0998220764 0.395594239
v 1.20320554 -0.0998706793 0.395561856
v 1.20334365 -0.0999156474 0.395531895
v 1.20363202 -0.100059901 0.395435782
v 1.20383356 -0.100238138 0.395317026
v 1.20395215 -0.100448185 0.395177076
v 1.20399168 -0.100687898 0.395017361
v 1.20394826 -0.100933 0.394854054
v 1.20381801 -0.101163546 0.394700446
v 1.20360643 -0.101362006 0.394568217
v 1.20331903 -0.101510846 0.394469048
v 1.20297331 -0.10160387 0.394407068
v 1.20258677 -0.101634877 0.394386408
v 1.20211273 -0.1016036 0.394407248
v 1.2017223 -0.101509767 0.394469767
v 1.20141125 -0.101353101 0.39457415
v 1.20339938 -0.100993134 0.394813988
v 1.20326362 -0.101103951 0.394740153
v 1.20307149 -0.101188356 0.394683916
v 1.20307149 -0.101202218 0.394704721
v 1.20326362 -0.101117813 0.394760958
v 1.20339938 -0.101006996 0.394834793
v 1.20159788 -0.100919785 0.394862859
v 1.20149711 -0.100746413 0.394978373
v 1.20144106 -0.10053043 0.395122278
v 1.20144106 -0.100544292 0.395143083
v 1.20149711 -0.100760275 0.394999178
v 1.20159788 -0.100933647 0.394883664
v 1.20144106 -0.10053043 0.395122278
v 1.20096671 -0.100564938 0.395099286
v 1.20096671 -0.1005788 0.395120091
v 1.20144106 -0.100544292 0.395143083
v 1.20096671 -0.1005788 0.395120091
v 1.20102406 -0.100879457 0.394919769
v 1.20117538 -0.10114721 0.394741372
v 1.20141125 -0.101366963 0.394594955
v 1.2017223 -0.101523629 0.394490572
v 1.20211273 -0.101617462 0.394428053
v 1.20258677 -0.101648739 0.394407213
v 1.20297331 -0.101617731 0.394427873
v 1.20331903 -0.101524708 0.394489852
v 1.20360643 -0.101375868 0.394589022
v 1.20381801 -0.101177408 0.394721251
v 1.20394826 -0.100946862 0.394874859
v 1.20399168 -0.10070176 0.395038166
v 1.20395215 -0.100462046 0.395197881
v 1.20383356 -0.100252 0.395337831
v 1.20363202 -0.100073763 0.395456587
v 1.20334365 -0.0999295093 0.3955527
v 1.20320554 -0.0998845412 0.395582661
v 1.20301932 -0.0998359383 0.395615044
v 1.20278498 -0.0997837004 0.395649849
v 1.20250252 -0.0997278118 0.395687086
v 1.20222525 -0.099670447 0.395725307
v 1.20200646 -0.0996137568 0.395763079
v 1.20184616 -0.0995577412 0.395800401
v 1.20174434 -0.0995023922 0.395837279
v 1.20163353 -0.0993772817 0.395920637
v 1.20159659 -0.099221965 0.396024121
v 1.20164875 -0.0990399579 0.396145389
v 1.20180525 -0.0988865301 0.396247615
v 1.2020758 -0.0987821814 0.39631714
v 1.20247012 -0.0987473958 0.396340317
v 1.20285472 -0.0987856893 0.396314803
v 1.2031324 -0.0989005538 0.396238271
v 1.20331028 -0.0990903783 0.396111795
v 1.2033955 -0.0993535517 0.395936448
v 1.20387763 -0.0993233534 0.395956568
v 1.20382449 -0.0990596404 0.396132275
v 1.20369099 -0.0988250542 0.396288575
v 1.20348006 -0.0986317218 0.396417388
v 1.20319461 -0.098491778 0.39651063
v 1.20284694 -0.0984068419 0.396567221
v 1.20244938 -0.0983785245 0.396586088
v 1.20208325 -0.0984054927 0.39656812
v 1.20175211 -0.0984863812 0.396514225
v 1.20147605 -0.0986193171 0.396425653
v 1.20127517 -0.0988024035 0.396303666
v 1.20115269 -0.0990183866 0.396159761
v 1.20111187 -0.0992500125 0.396005434
v 1.20114524 -0.0994573607 0.395867282
v 1.20124536 -0.0996436852 0.395743138
v 1.20141352 -0.0998052003 0.395635524
v 1.20165102 -0.0999381362 0.395546952
v 1.2017756 -0.099985255 0.395515557
v 1.20193939 -0.100033858 0.395483174
v 1.20214238 -0.100083945 0.395449802
v 1.20238458 -0.100135508 0.395415447
v 1.20262322 -0.100184381 0.395382884
v 1.20281552 -0.100226381 0.3953549
v 1.20296148 -0.1002615 0.395331501
v 1.20306112 -0.100289746 0.395312682
v 1.20326589 -0.100374142 0.39525645
v 1.20340327 -0.10047634 0.395188358
v 1.20348104 -0.100596871 0.395108051
v 1.20350696 -0.100736275 0.395015169
v 1.20348006 -0.100877298 0.394921208
v 1.20339938 -0.101006996 0.394834793
v 1.20326362 -0.101117813 0.394760958
v 1.20307149 -0.101202218 0.394704721
v 1.20283431 -0.101255606 0.394669149
v 1.20256343 -0.1012734 0.394657294
v 1.20225562 -0.10124994 0.394672925
v 1.20198021 -0.101179567 0.394719813
v 1.20175503 -0.101071171 0.394792035
v 1.20159788 -0.100933647 0.394883664
v 1.20149711 -0.100760275 0.394999178
v 1.20144106 -0.100544292 0.395143083
v 1.20340327 -0.100462478 0.395167553
v 1.20348104 -0.100583009 0.395087246
v 1.20350696 -0.100722413 0.394994364
v 1.20350696 -0.100736275 0.395015169
v 1.20348104 -0.100596871 0.395108051
v 1.20340327 -0.10047634 0.395188358
v 1.20117538 -0.101133348 0.394720567
v 1.20141125 -0.101353101 0.39457415
v 1.2017223 -0.101509767 0.394469767
v 1.2017223 -0.101523629 0.394490572
v 1.20141125 -0.101366963 0.394594955
v 1.20117538 -0.10114721 0.394741372
v 1.20306112 -0.100275884 0.395291877
v 1.20326589 -0.10036028 0.395235645
v 1.20340327 -0.100462478 0.395167553
v 1.20340327 -0.10047634 0.395188358
v 1.20326589 -0.100374142 0.39525645
v 1.20306112 -0.100289746 0.395312682
v 1.2017223 -0.101509767 0.394469767
v 1.20211273 -0.1016036 0.394407248
v 1.20258677 -0.101634877 0.394386408
v 1.20258677 -0.101648739 0.394407213
v 1.20211273 -0.101617462 0.394428053
v 1.2017223 -0.101523629 0.394490572
v 1.20238458 -0.100121646 0.395394642
v 1.20262322 -0.100170519 0.395362079
v 1.20281552 -0.100212519 0.395334095
v 1.20296148 -0.100247638 0.395310696
v 1.20306112 -0.100275884 0.395291877
v 1.20306112 -0.100289746 0.395312682
v 1.20296148 -0.1002615 0.395331501
v 1.20281552 -0.100226381 0.3953549
v 1.20262322 -0.100184381 0.395382884
v 1.20238458 -0.100135508 0.395415447
v 1.20165102 -0.0999242743 0.395526147
v 1.2017756 -0.0999713931 0.395494752
v 1.20193939 -0.100019996 0.395462369
v 1.20214238 -0.100070083 0.395428997
v 1.20238458 -0.100121646 0.395394642
v 1.20238458 -0.100135508 0.395415447
v 1.20214238 -0.100083945 0.395449802
v 1.20193939 -0.100033858 0.395483174
v 1.2017756 -0.099985255 0.395515557
v 1.20165102 -0.0999381362 0.395546952
v 1.20258677 -0.101634877 0.394386408
v 1.20297331 -0.10160387 0.394407068
v 1.20331903 -0.101510846 0.394469048
v 1.20331903 -0.101524708 0.394489852
v 1.20297331 -0.101617731 0.394427873
v 1.20258677 -0.101648739 0.394407213
v 1.20331903 -0.101510846 0.394469048
v 1.20360643 -0.101362006 0.394568217
v 1.20381801 -0.101163546 0.394700446
v 1.20381801 -0.101177408 0.394721251
v 1.20360643 -0.101375868 0.394589022
v 1.20331903 -0.101524708 0.394489852
v 1.20124536 -0.0996298233 0.395722333
v 1.20141352 -0.0997913384 0.395614719
v 1.20165102 -0.0999242743 0.395526147
v 1.20165102 -0.0999381362 0.395546952
v 1.20141352 -0.0998052003 0.395635524
v 1.20124536 -0.0996436852 0.395743138
v 1.20381801 -0.101163546 0.394700446
v 1.20394826 -0.100933 0.394854054
v 1.20399168 -0.100687898 0.395017361
v 1.20399168 -0.10070176 0.395038166
v 1.20394826 -0.100946862 0.394874859
v 1.20381801 -0.101177408 0.394721251
v 1.20111187 -0.0992361506 0.395984629
v 1.20114524 -0.0994434988 0.395846477
v 1.20124536 -0.0996298233 0.395722333
v 1.20124536 -0.0996436852 0.395743138
v 1.20114524 -0.0994573607 0.395867282
v 1.20111187 -0.0992500125 0.396005434
v 1.20399168 -0.100687898 0.395017361
v 1.20395215 -0.100448185 0.395177076
v 1.20383356 -0.100238138 0.395317026
v 1.20383356 -0.100252 0.395337831
v 1.20395215 -0.100462046 0.395197881
v 1.20399168 -0.10070176 0.395038166
v 1.20127517 -0.0987885416 0.396282861
v 1.20115269 -0.0990045247 0.396138956
v 1.20111187 -0.0992361506 0.395984629
v 1.20111187 -0.0992500125 0.396005434
v 1.20115269 -0.0990183866 0.396159761
v 1.20127517 -0.0988024035 0.396303666
v 1.20383356 -0.100238138 0.395317026
v 1.20363202 -0.100059901 0.395435782
v 1.20334365 -0.0999156474 0.395531895
v 1.20334365 -0.0999295093 0.3955527
v 1.20363202 -0.100073763 0.395456587
v 1.20383356 -0.100252 0.395337831
v 1.20175211 -0.0984725193 0.39649342
v 1.20147605 -0.0986054551 0.396404848
v 1.20127517 -0.0987885416 0.396282861
v 1.20127517 -0.0988024035 0.396303666
v 1.20147605 -0.0986193171 0.396425653
v 1.20175211 -0.0984863812 0.396514225
v 1.20250252 -0.0997139499 0.395666281
v 1.20222525 -0.0996565851 0.395704502
v 1.20200646 -0.0995998949 0.395742274
v 1.20184616 -0.0995438793 0.395779596
v 1.20174434 -0.0994885303 0.395816474
v 1.20174434 -0.0995023922 0.395837279
v 1.20184616 -0.0995577412 0.395800401
v 1.20200646 -0.0996137568 0.395763079
v 1.20222525 -0.099670447 0.395725307
v 1.20250252 -0.0997278118 0.395687086
v 1.20319461 -0.0984779161 0.396489825
v 1.20284694 -0.09839298 0.396546416
v 1.20244938 -0.0983646626 0.396565283
v 1.20244938 -0.0983785245 0.396586088
v 1.20284694 -0.0984068419 0.396567221
v 1.20319461 -0.098491778 0.39651063
v 1.20334365 -0.0999156474 0.395531895
v 1.20320554 -0.0998706793 0.395561856
v 1.20301932 -0.0998220764 0.395594239
v 1.20278498 -0.0997698385 0.395629044
v 1.20250252 -0.0997139499 0.395666281
v 1.20250252 -0.0997278118 0.395687086
v 1.20278498 -0.0997837004 0.395649849
v 1.20301932 -0.0998359383 0.395615044
v 1.20320554 -0.0998845412 0.395582661
v 1.20334365 -0.0999295093 0.3955527
v 1.20244938 -0.0983646626 0.396565283
v 1.20208325 -0.0983916308 0.396547315
v 1.20175211 -0.0984725193 0.39649342
v 1.20175211 -0.0984863812 0.396514225
v 1.20208325 -0.0984054927 0.39656812
v 1.20244938 -0.0983785245 0.396586088
v 1.20174434 -0.0994885303 0.395816474
v 1.20163353 -0.0993634198 0.395899832
v 1.20159659 -0.0992081031 0.396003316
v 1.20159659 -0.099221965 0.396024121
v 1.20163353 -0.0993772817 0.395920637
v 1.20174434 -0.0995023922 0.395837279
v 1.20369099 -0.0988111923 0.39626777
v 1.20348006 -0.0986178598 0.396396583
v 1.20319461 -0.0984779161 0.396489825
v 1.20319461 -0.098491778 0.39651063
v 1.20348006 -0.0986317218 0.396417388
v 1.20369099 -0.0988250542 0.396288575
v 1.20180525 -0.0988726682 0.39622681
v 1.2020758 -0.0987683194 0.396296335
v 1.20247012 -0.0987335339 0.396319512
v 1.20247012 -0.0987473958 0.396340317
v 1.2020758 -0.0987821814 0.39631714
v 1.20180525 -0.0988865301 0.396247615
v 1.2033955 -0.0993396898 0.395915643
v 1.20387763 -0.0993094915 0.395935763
v 1.20387763 -0.0993233534 0.395956568
v 1.2033955 -0.0993535517 0.395936448
v 1.20159659 -0.0992081031 0.396003316
v 1.20164875 -0.099026096 0.396124584
v 1.20180525 -0.0988726682 0.39622681
v 1.20180525 -0.0988865301 0.396247615
v 1.20164875 -0.0990399579 0.396145389
v 1.20159659 -0.099221965 0.396024121
v 1.20387763 -0.0993094915 0.395935763
v 1.20382449 -0.0990457785 0.39611147
v 1.20369099 -0.0988111923 0.39626777
v 1.20369099 -0.0988250542 0.396288575
v 1.20382449 -0.0990596404 0.396132275
v 1.20387763 -0.0993233534 0.395956568
v 1.20247012 -0.0987335339 0.396319512
v 1.20285472 -0.0987718274 0.396293998
v 1.2031324 -0.0988866919 0.396217466
v 1.2031324 -0.0989005538 0.396238271
v 1.20285472 -0.0987856893 0.396314803
v 1.20247012 -0.0987473958 0.396340317
v 1.2031324 -0.0988866919 0.396217466
v 1.20331028 -0.0990765164 0.39609099
v 1.2033955 -0.0993396898 0.395915643
v 1.2033955 -0.0993535517 0.395936448
v 1.20331028 -0.0990903783 0.396111795
v 1.2031324 -0.0989005538 0.396238271
f 927 928 932
f 932 928 931
f 931 928 929
f 931 929 930
f 933 934 938
f 938 934 937
f 937 934 935
f 937 935 936
f 939 940 944
f 944 940 943
f 943 940 941
f 943 941 942
f 945 946 950
f 950 946 949
f 949 946 947
f 949 947 948
f 951 952 956
f 956 952 955
f 955 952 953
f 955 953 954
f 958 961 957
f 957 961 962
f 957 962 1032
f 1032 962 963
f 1032 963 1031
f 1031 963 964
f 1031 964 1030
f 1030 964 965
f 1030 965 1029
f 1029 965 966
f 1029 966 967
f 959 960 958
f 958 960 961
f 1029 967 1028
f 1028 967 968
f 1028 968 1027
f 1027 968 969
f 1027 969 1026
f 1026 969 970
f 1026 970 1025
f 1025 970 971
f 1025 971 1024
f 1024 971 972
f 1024 972 1023
f 1023 972 1022
f 1022 972 973
f 1022 973 1021
f 1021 973 974
f 1021 974 1020
f 1020 974 975
f 1020 975 1019
f 1019 975 976
f 1019 976 1018
f 1018 976 1017
f 1017 976 977
f 1017 977 978
f 1017 978 1016
f 1016 978 979
f 1016 979 1015
f 1015 979 980
f 1015 980 1014
f 1014 980 981
f 1014 981 982
f 1014 982 1013
f 1013 982 983
f 1013 983 1012
f 1012 983 984
f 1012 984 1011
f 1011 984 985
f 1011 985 1010
f 1010 985 986
f 1010 986 987
f 1010 987 1009
f 1009 987 988
f 1009 988 989
f 1009 989 1008
f 1008 989 990
f 1008 990 991
f 1008 991 1007
f 1007 991 992
f 1007 992 1006
f 1006 992 993
f 1006 993 1005
f 1005 993 994
f 1005 994 995
f 1005 995 1004
f 1004 995 996
f 1004 996 1003
f 1003 996 997
f 1003 997 1002
f 1002 997 998
f 1002 998 999
f 1000 1001 999
f 999 1001 1002
f 1033 1034 1038
f 1038 1034 1037
f 1037 1034 1035
f 1037 1035 1036
f 1039 1040 1044
f 1044 1040 1043
f 1043 1040 1041
f 1043 1041 1042
f 1045 1046 1048
f 1048 1046 1047
f 1049 1050 1124
f 1124 1050 1123
f 1123 1050 1051
f 1123 1051 1122
f 1122 1051 1052
f 1122 1052 1121
f 1121 1052 1053
f 1121 1053 1120
f 1120 1053 1054
f 1120 1054 1119
f 1119 1054 1055
f 1119 1055 1118
f 1118 1055 1117
f 1117 1055 1056
f 1117 1056 1116
f 1116 1056 1057
f 1116 1057 1115
f 1115 1057 1058
f 1115 1058 1114
f 1114 1058 1059
f 1114 1059 1113
f 1113 1059 1060
f 1113 1060 1112
f 1112 1060 1061
f 1112 1061 1062
f 1112 1062 1111
f 1111 1062 1063
f 1111 1063 1110
f 1110 1063 1064
f 1110 1064 1109
f 1109 1064 1065
f 1109 1065 1108
f 1108 1065 1066
f 1108 1066 1067
f 1068 1106 1067
f 1067 1106 1107
f 1067 1107 1108
f 1106 1068 1105
f 1105 1068 1069
f 1105 1069 1104
f 1104 1069 1070
f 1104 1070 1103
f 1103 1070 1102
f 1102 1070 1071
f 1102 1071 1101
f 1101 1071 1072
f 1101 1072 1100
f 1100 1072 1073
f 1100 1073 1099
f 1099 1073 1074
f 1099 1074 1098
f 1098 1074 1097
f 1097 1074 1075
f 1097 1075 1096
f 1096 1075 1095
f 1095 1075 1076
f 1095 1076 1094
f 1094 1076 1093
f 1093 1076 1077
f 1093 1077 1092
f 1092 1077 1078
f 1092 1078 1091
f 1091 1078 1079
f 1091 1079 1090
f 1090 1079 1089
f 1089 1079 1080
f 1089 1080 1088
f 1088 1080 1081
f 1088 1081 1087
f 1087 1081 1082
f 1087 1082 1086
f 1086 1082 1085
f 1085 1082 1083
f 1085 1083 1084
f 1125 1126 1130
f 1130 1126 1129
f 1129 1126 1127
f 1129 1127 1128
f 1131 1132 1136
f 1136 1132 1135
f 1135 1132 1133
f 1135 1133 1134
f 1137 1138 1142
f 1142 1138 1141
f 1141 1138 1139
f 1141 1139 1140
f 1143 1144 1148
f 1148 1144 1147
f 1147 1144 1145
f 1147 1145 1146
f 1149 1150 1158
f 1158 1150 1157
f 1157 1150 1151
f 1157 1151 1156
f 1156 1151 1152
f 1156 1152 1155
f 1155 1152 1153
f 1155 1153 1154
f 1159 1160 1168
f 1168 1160 1167
f 1167 1160 1161
f 1167 1161 1166
f 1166 1161 1162
f 1166 1162 1165
f 1165 1162 1163
f 1165 1163 1164
f 1169 1170 1174
f 1174 1170 1173
f 1173 1170 1171
f 1173 1171 1172
f 1175 1176 1180
f 1180 1176 1179
f 1179 1176 1177
f 1179 1177 1178
f 1181 1182 1186
f 1186 1182 1185
f 1185 1182 1183
f 1185 1183 1184
f 1187 1188 1192
f 1192 1188 1191
f 1191 1188 1189
f 1191 1189 1190
f 1193 1194 1198
f 1198 1194 1197
f 1197 1194 1195
f 1197 1195 1196
f 1199 1200 1204
f 1204 1200 1203
f 1203 1200 1201
f 1203 1201 1202
f 1205 1206 1210
f 1210 1206 1209
f 1209 1206 1207
f 1209 1207 1208
f 1211 1212 1216
f 1216 1212 1215
f 1215 1212 1213
f 1215 1213 1214
f 1217 1218 1222
f 1222 1218 1221
f 1221 1218 1219
f 1221 1219 1220
f 1223 1224 1232
f 1232 1224 1231
f 1231 1224 1225
f 1231 1225 1230
f 1230 1225 1226
f 1230 1226 1229
f 1229 1226 1227
f 1229 1227 1228
f 1233 1234 1238
f 1238 1234 1237
f 1237 1234 1235
f 1237 1235 1236
f 1239 1240 1248
f 1248 1240 1247
f 1247 1240 1241
f 1247 1241 1246
f 1246 1241 1242
f 1246 1242 1245
f 1245 1242 1243
f 1245 1243 1244
f 1249 1250 1254
f 1254 1250 1253
f 1253 1250 1251
f 1253 1251 1252
f 1255 1256 1260
f 1260 1256 1259
f 1259 1256 1257
f 1259 1257 1258
f 1261 1262 1266
f 1266 1262 1265
f 1265 1262 1263
f 1265 1263 1264
f 1267 1268 1272
f 1272 1268 1271
f 1271 1268 1269
f 1271 1269 1270
f 1273 1274 1276
f 1276 1274 1275
f 1277 1278 1282
f 1282 1278 1281
f 1281 1278 1279
f 1281 1279 1280
f 1283 1284 1288
f 1288 1284 1287
f 1287 1284 1285
f 1287 1285 1286
f 1289 1290 1294
f 1294 1290 1293
f 1293 1290 1291
f 1293 1291 1292
f 1295 1296 1300
f 1300 1296 1299
f 1299 1296 1297
f 1299 1297 1298
v 1.18144829 -0.100047226 0.395444227
v 1.18147235 -0.0997157753 0.395665065
v 1.18154453 -0.0994354115 0.395851866
v 1.18166481 -0.0992061507 0.396004617
v 1.18183322 -0.0990279849 0.396123325
v 1.18183322 -0.0990418468 0.39614413
v 1.18166481 -0.0992200126 0.396025422
v 1.18154453 -0.0994492735 0.395872671
v 1.18147235 -0.0997296372 0.39568587
v 1.18144829 -0.100061088 0.395465032
v 1.18275211 -0.0987227482 0.396326698
v 1.1831095 -0.098762383 0.39630029
v 1.18342995 -0.0988812951 0.396221062
v 1.18342995 -0.098895157 0.396241867
v 1.1831095 -0.0987762449 0.396321095
v 1.18275211 -0.0987366102 0.396347503
v 1.18388874 -0.0993278247 0.395923548
v 1.18400636 -0.0996403391 0.395715327
v 1.18404557 -0.100001933 0.395474405
v 1.18404557 -0.100015795 0.39549521
v 1.18400636 -0.0996542011 0.395736132
v 1.18388874 -0.0993416867 0.395944353
v 1.18404557 -0.100001933 0.395474405
v 1.18402264 -0.100289773 0.395282623
v 1.18395387 -0.100542827 0.395114018
v 1.18383925 -0.100761104 0.394968585
v 1.18367878 -0.100944595 0.394846329
v 1.18367878 -0.100958457 0.394867134
v 1.18383925 -0.100774966 0.39498939
v 1.18395387 -0.100556689 0.395134823
v 1.18402264 -0.100303634 0.395303428
v 1.18404557 -0.100015795 0.39549521
v 1.18367878 -0.100944595 0.394846329
v 1.18348284 -0.101089935 0.394749491
v 1.18326178 -0.101193744 0.394680326
v 1.18301562 -0.10125603 0.394638826
v 1.18274434 -0.101276792 0.394624993
v 1.18274434 -0.101290654 0.394645798
v 1.18301562 -0.101269892 0.394659631
v 1.18326178 -0.101207606 0.394701131
v 1.18348284 -0.101103797 0.394770296
v 1.18367878 -0.100958457 0.394867134
v 1.18114761 -0.10083027 0.394922501
v 1.18098431 -0.100446296 0.395178335
v 1.18092988 -0.100040758 0.395448536
v 1.18096163 -0.0996684501 0.395696597
v 1.18105689 -0.0993388802 0.395916182
v 1.18121566 -0.0990520483 0.396107292
v 1.18143793 -0.0988079542 0.396269927
v 1.18171042 -0.0986130741 0.396399772
v 1.18201985 -0.0984738685 0.396492521
v 1.18236622 -0.098390345 0.396548171
v 1.18274952 -0.0983625118 0.396566716
v 1.18324979 -0.0984148211 0.396531863
v 1.18369823 -0.0985717489 0.396427306
v 1.18407052 -0.0988222478 0.396260404
v 1.18434236 -0.0991552541 0.396038529
v 1.18450858 -0.0995545935 0.395772457
v 1.18456398 -0.100004083 0.395472972
v 1.18450566 -0.10045978 0.395169351
v 1.1843307 -0.100864786 0.394899504
v 1.18404881 -0.101198332 0.394677269
v 1.18366971 -0.101439656 0.39451648
v 1.18322517 -0.101586076 0.394418923
v 1.18274693 -0.101634877 0.394386408
v 1.18223888 -0.101580949 0.394422339
v 1.18178786 -0.101419164 0.394530133
v 1.18141654 -0.101164086 0.394700087
v 1.18183322 -0.0990279849 0.396123325
v 1.18166481 -0.0992061507 0.396004617
v 1.18154453 -0.0994354115 0.395851866
v 1.18147235 -0.0997157753 0.395665065
v 1.18144829 -0.100047226 0.395444227
v 1.18147138 -0.100317884 0.395263893
v 1.18154064 -0.1005582 0.395103776
v 1.18165607 -0.100768183 0.394963868
v 1.18181767 -0.100947833 0.394844171
v 1.1820141 -0.101091753 0.39474828
v 1.18223402 -0.101194554 0.394679786
v 1.18247743 -0.101256236 0.394638689
v 1.18274434 -0.101276792 0.394624993
v 1.18301562 -0.10125603 0.394638826
v 1.18326178 -0.101193744 0.394680326
v 1.18348284 -0.101089935 0.394749491
v 1.18367878 -0.100944595 0.394846329
v 1.18383925 -0.100761104 0.394968585
v 1.18395387 -0.100542827 0.395114018
v 1.18402264 -0.100289773 0.395282623
v 1.18404557 -0.100001933 0.395474405
v 1.18400636 -0.0996403391 0.395715327
v 1.18388874 -0.0993278247 0.395923548
v 1.18369563 -0.0990722069 0.396093861
v 1.18342995 -0.0988812951 0.396221062
v 1.1831095 -0.098762383 0.39630029
v 1.18275211 -0.0987227482 0.396326698
v 1.18249444 -0.0987418275 0.396313986
v 1.1822554 -0.0987990574 0.396275855
v 1.182035 -0.0988944458 0.3962123
v 1.18342995 -0.0988812951 0.396221062
v 1.18369563 -0.0990722069 0.396093861
v 1.18388874 -0.0993278247 0.395923548
v 1.18388874 -0.0993416867 0.395944353
v 1.18369563 -0.0990860688 0.396114666
v 1.18342995 -0.098895157 0.396241867
v 1.18274434 -0.101276792 0.394624993
v 1.18247743 -0.101256236 0.394638689
v 1.18223402 -0.101194554 0.394679786
v 1.1820141 -0.101091753 0.39474828
v 1.18181767 -0.100947833 0.394844171
v 1.18181767 -0.100961695 0.394864976
v 1.1820141 -0.101105615 0.394769085
v 1.18223402 -0.101208416 0.394700591
v 1.18247743 -0.101270098 0.394659494
v 1.18274434 -0.101290654 0.394645798
v 1.18181767 -0.100947833 0.394844171
v 1.18165607 -0.100768183 0.394963868
v 1.18154064 -0.1005582 0.395103776
v 1.18147138 -0.100317884 0.395263893
v 1.18144829 -0.100047226 0.395444227
v 1.18144829 -0.100061088 0.395465032
v 1.18147138 -0.100331745 0.395284698
v 1.18154064 -0.100572062 0.395124581
v 1.18165607 -0.100782045 0.394984673
v 1.18181767 -0.100961695 0.394864976
v 1.18143793 -0.0988079542 0.396269927
v 1.18121566 -0.0990520483 0.396107292
v 1.18105689 -0.0993388802 0.395916182
v 1.18096163 -0.0996684501 0.395696597
v 1.18092988 -0.100040758 0.395448536
v 1.18092988 -0.10005462 0.395469341
v 1.18096163 -0.099682312 0.395717402
v 1.18105689 -0.0993527422 0.395936987
v 1.18121566 -0.0990659102 0.396128097
v 1.18143793 -0.0988218161 0.396290732
v 1.18092988 -0.10005462 0.395469341
v 1.18098431 -0.100460158 0.39519914
v 1.18114761 -0.100844132 0.394943306
v 1.18141654 -0.101177948 0.394720891
v 1.18178786 -0.101433026 0.394550938
v 1.18223888 -0.101594811 0.394443144
v 1.18274693 -0.101648739 0.394407213
v 1.18322517 -0.101599938 0.394439728
v 1.18366971 -0.101453518 0.394537285
v 1.18404881 -0.101212194 0.394698074
v 1.1843307 -0.100878648 0.394920309
v 1.18450566 -0.100473642 0.395190156
v 1.18456398 -0.100017945 0.395493777
v 1.18450858 -0.0995684554 0.395793262
v 1.18434236 -0.099169116 0.396059334
v 1.18407052 -0.0988361097 0.396281209
v 1.18369823 -0.0985856109 0.396448111
v 1.18324979 -0.098428683 0.396552668
v 1.18274952 -0.0983763738 0.396587521
v 1.18236622 -0.098404207 0.396568976
v 1.18201985 -0.0984877304 0.396513326
v 1.18171042 -0.0986269361 0.396420577
v 1.18143793 -0.0988218161 0.396290732
v 1.18121566 -0.0990659102 0.396128097
v 1.18105689 -0.0993527422 0.395936987
v 1.18096163 -0.099682312 0.395717402
v 1.18144829 -0.100061088 0.395465032
v 1.18147235 -0.0997296372 0.39568587
v 1.18154453 -0.0994492735 0.395872671
v 1.18166481 -0.0992200126 0.396025422
v 1.18183322 -0.0990418468 0.39614413
v 1.182035 -0.0989083078 0.396233105
v 1.1822554 -0.0988129193 0.39629666
v 1.18249444 -0.0987556894 0.396334791
v 1.18275211 -0.0987366102 0.396347503
v 1.1831095 -0.0987762449 0.396321095
v 1.18342995 -0.098895157 0.396241867
v 1.18369563 -0.0990860688 0.396114666
v 1.18388874 -0.0993416867 0.395944353
v 1.18400636 -0.0996542011 0.395736132
v 1.18404557 -0.100015795 0.39549521
v 1.18402264 -0.100303634 0.395303428
v 1.18395387 -0.100556689 0.395134823
v 1.18383925 -0.100774966 0.39498939
v 1.18367878 -0.100958457 0.394867134
v 1.18348284 -0.101103797 0.394770296
v 1.18326178 -0.101207606 0.394701131
v 1.18301562 -0.101269892 0.394659631
v 1.18274434 -0.101290654 0.394645798
v 1.18247743 -0.101270098 0.394659494
v 1.18223402 -0.101208416 0.394700591
v 1.1820141 -0.101105615 0.394769085
v 1.18181767 -0.100961695 0.394864976
v 1.18165607 -0.100782045 0.394984673
v 1.18154064 -0.100572062 0.395124581
v 1.18147138 -0.100331745 0.395284698
v 1.18183322 -0.0990279849 0.396123325
v 1.182035 -0.0988944458 0.3962123
v 1.1822554 -0.0987990574 0.396275855
v 1.18249444 -0.0987418275 0.396313986
v 1.18275211 -0.0987227482 0.396326698
v 1.18275211 -0.0987366102 0.396347503
v 1.18249444 -0.0987556894 0.396334791
v 1.1822554 -0.0988129193 0.39629666
v 1.182035 -0.0989083078 0.396233105
v 1.18183322 -0.0990418468 0.39614413
v 1.18274952 -0.0983625118 0.396566716
v 1.18236622 -0.098390345 0.396548171
v 1.18201985 -0.0984738685 0.396492521
v 1.18171042 -0.0986130741 0.396399772
v 1.18143793 -0.0988079542 0.396269927
v 1.18143793 -0.0988218161 0.396290732
v 1.18171042 -0.0986269361 0.396420577
v 1.18201985 -0.0984877304 0.396513326
v 1.18236622 -0.098404207 0.396568976
v 1.18274952 -0.0983763738 0.396587521
v 1.18369823 -0.0985717489 0.396427306
v 1.18324979 -0.0984148211 0.396531863
v 1.18274952 -0.0983625118 0.396566716
v 1.18274952 -0.0983763738 0.396587521
v 1.18324979 -0.098428683 0.396552668
v 1.18369823 -0.0985856109 0.396448111
v 1.18092988 -0.100040758 0.395448536
v 1.18098431 -0.100446296 0.395178335
v 1.18114761 -0.10083027 0.394922501
v 1.18114761 -0.100844132 0.394943306
v 1.18098431 -0.100460158 0.39519914
v 1.18092988 -0.10005462 0.395469341
v 1.18434236 -0.0991552541 0.396038529
v 1.18407052 -0.0988222478 0.396260404
v 1.18369823 -0.0985717489 0.396427306
v 1.18369823 -0.0985856109 0.396448111
v 1.18407052 -0.0988361097 0.396281209
v 1.18434236 -0.099169116 0.396059334
v 1.18114761 -0.10083027 0.394922501
v 1.18141654 -0.101164086 0.394700087
v 1.18178786 -0.101419164 0.394530133
v 1.18178786 -0.101433026 0.394550938
v 1.18141654 -0.101177948 0.394720891
v 1.18114761 -0.100844132 0.394943306
v 1.18456398 -0.100004083 0.395472972
v 1.18450858 -0.0995545935 0.395772457
v 1.18434236 -0.0991552541 0.396038529
v 1.18434236 -0.099169116 0.396059334
v 1.18450858 -0.0995684554 0.395793262
v 1.18456398 -0.100017945 0.395493777
v 1.18178786 -0.101419164 0.394530133
v 1.18223888 -0.101580949 0.394422339
v 1.18274693 -0.101634877 0.394386408
v 1.18274693 -0.101648739 0.394407213
v 1.18223888 -0.101594811 0.394443144
v 1.18178786 -0.101433026 0.394550938
v 1.1843307 -0.100864786 0.394899504
v 1.18450566 -0.10045978 0.395169351
v 1.18456398 -0.100004083 0.395472972
v 1.18456398 -0.100017945 0.395493777
v 1.18450566 -0.100473642 0.395190156
v 1.1843307 -0.100878648 0.394920309
v 1.18274693 -0.101634877 0.394386408
v 1.18322517 -0.101586076 0.394418923
v 1.18366971 -0.101439656 0.39451648
v 1.18366971 -0.101453518 0.394537285
v 1.18322517 -0.101599938 0.394439728
v 1.18274693 -0.101648739 0.394407213
v 1.18366971 -0.101439656 0.39451648
v 1.18404881 -0.101198332 0.394677269
v 1.1843307 -0.100864786 0.394899504
v 1.1843307 -0.100878648 0.394920309
v 1.18404881 -0.101212194 0.394698074
v 1.18366971 -0.101453518 0.394537285
f 1301 1302 1310
f 1310 1302 1309
f 1309 1302 1303
f 1309 1303 1308
f 1308 1303 1304
f 1308 1304 1307
f 1307 1304 1305
f 1307 1305 1306
f 1311 1312 1316
f 1316 1312 1315
f 1315 1312 1313
f 1315 1313 1314
f 1317 1318 1322
f 1322 1318 1321
f 1321 1318 1319
f 1321 1319 1320
f 1323 1324 1332
f 1332 1324 1331
f 1331 1324 1325
f 1331 1325 1330
f 1330 1325 1326
f 1330 1326 1329
f 1329 1326 1327
f 1329 1327 1328
f 1333 1334 1342
f 1342 1334 1341
f 1341 1334 1335
f 1341 1335 1340
f 1340 1335 1336
f 1340 1336 1339
f 1339 1336 1337
f 1339 1337 1338
f 1344 1375 1343
f 1343 1375 1376
f 1343 1376 1368
f 1368 1376 1377
f 1368 1377 1367
f 1367 1377 1378
f 1367 1378 1379
f 1375 1344 1374
f 1374 1344 1345
f 1374 1345 1373
f 1373 1345 1346
f 1373 1346 1372
f 1372 1346 1347
f 1372 1347 1371
f 1371 1347 1348
f 1371 1348 1370
f 1370 1348 1349
f 1370 1349 1369
f 1369 1349 1350
f 1369 1350 1398
f 1398 1350 1351
f 1398 1351 1397
f 1397 1351 1352
f 1397 1352 1396
f 1396 1352 1353
f 1396 1353 1395
f 1395 1353 1394
f 1394 1353 1354
f 1394 1354 1393
f 1393 1354 1355
f 1393 1355 1392
f 1392 1355 1356
f 1392 1356 1391
f 1391 1356 1357
f 1391 1357 1390
f 1390 1357 1358
f 1390 1358 1389
f 1389 1358 1359
f 1389 1359 1388
f 1388 1359 1360
f 1388 1360 1387
f 1387 1360 1361
f 1387 1361 1386
f 1386 1361 1362
f 1386 1362 1385
f 1385 1362 1363
f 1385 1363 1384
f 1384 1363 1383
f 1383 1363 1364
f 1383 1364 1382
f 1382 1364 1365
f 1382 1365 1381
f 1381 1365 1380
f 1380 1365 1366
f 1380 1366 1379
f 1379 1366 1367
f 1399 1400 1404
f 1404 1400 1403
f 1403 1400 1401
f 1403 1401 1402
f 1405 1406 1414
f 1414 1406 1413
f 1413 1406 1407
f 1413 1407 1412
f 1412 1407 1408
f 1412 1408 1411
f 1411 1408 1409
f 1411 1409 1410
f 1415 1416 1424
f 1424 1416 1423
f 1423 1416 1417
f 1423 1417 1422
f 1422 1417 1418
f 1422 1418 1421
f 1421 1418 1419
f 1421 1419 1420
f 1425 1426 1434
f 1434 1426 1433
f 1433 1426 1427
f 1433 1427 1432
f 1432 1427 1428
f 1432 1428 1431
f 1431 1428 1429
f 1431 1429 1430
f 1436 1490 1435
f 1435 1490 1461
f 1435 1461 1460
f 1460 1461 1462
f 1460 1462 1459
f 1459 1462 1463
f 1459 1463 1458
f 1458 1463 1464
f 1458 1464 1457
f 1457 1464 1465
f 1457 1465 1456
f 1456 1465 1466
f 1456 1466 1455
f 1455 1466 1467
f 1455 1467 1454
f 1454 1467 1468
f 1454 1468 1453
f 1453 1468 1469
f 1453 1469 1470
f 1490 1436 1489
f 1489 1436 1437
f 1489 1437 1488
f 1488 1437 1438
f 1488 1438 1487
f 1487 1438 1439
f 1487 1439 1486
f 1486 1439 1485
f 1485 1439 1440
f 1485 1440 1484
f 1484 1440 1441
f 1484 1441 1483
f 1483 1441 1482
f 1482 1441 1442
f 1482 1442 1481
f 1481 1442 1443
f 1481 1443 1480
f 1480 1443 1479
f 1479 1443 1444
f 1479 1444 1478
f 1478 1444 1445
f 1478 1445 1477
f 1477 1445 1446
f 1477 1446 1476
f 1476 1446 1447
f 1476 1447 1475
f 1475 1447 1448
f 1475 1448 1474
f 1474 1448 1449
f 1474 1449 1473
f 1473 1449 1450
f 1473 1450 1472
f 1472 1450 1451
f 1472 1451 1471
f 1471 1451 1452
f 1471 1452 1470
f 1470 1452 1453
f 1491 1492 1500
f 1500 1492 1499
f 1499 1492 1493
f 1499 1493 1498
f 1498 1493 1494
f 1498 1494 1497
f 1497 1494 1495
f 1497 1495 1496
f 1501 1502 1510
f 1510 1502 1509
f 1509 1502 1503
f 1509 1503 1508
f 1508 1503 1504
f 1508 1504 1507
f 1507 1504 1505
f 1507 1505 1506
f 1511 1512 1516
f 1516 1512 1515
f 1515 1512 1513
f 1515 1513 1514
f 1517 1518 1522
f 1522 1518 1521
f 1521 1518 1519
f 1521 1519 1520
f 1523 1524 1528
f 1528 1524 1527
f 1527 1524 1525
f 1527 1525 1526
f 1529 1530 1534
f 1534 1530 1533
f 1533 1530 1531
f 1533 1531 1532
f 1535 1536 1540
f 1540 1536 1539
f 1539 1536 1537
f 1539 1537 1538
f 1541 1542 1546
f 1546 1542 1545
f 1545 1542 1543
f 1545 1543 1544
f 1547 1548 1552
f 1552 1548 1551
f 1551 1548 1549
f 1551 1549 1550
f 1553 1554 1558
f 1558 1554 1557
f 1557 1554 1555
f 1557 1555 1556
f 1559 1560 1564
f 1564 1560 1563
f 1563 1560 1561
f 1563 1561 1562
v 1.17421119 -0.0999221156 0.395527585
v 1.17421119 -0.0987917797 0.396280704
v 1.17421119 -0.0988056416 0.396301509
v 1.17421119 -0.0999359775 0.39554839
v 1.17421119 -0.0987917797 0.396280704
v 1.17518322 -0.0987917797 0.396280704
v 1.17518322 -0.0988056416 0.396301509
v 1.17421119 -0.0988056416 0.396301509
v 1.17565239 -0.0988198192 0.396262022
v 1.17583027 -0.0988891205 0.396215848
v 1.17596992 -0.0990064136 0.396137698
v 1.17596992 -0.0990202755 0.396158503
v 1.17583027 -0.0989029824 0.396236653
v 1.17565239 -0.0988336811 0.396282827
v 1.17596992 -0.0990064136 0.396137698
v 1.17606032 -0.0991619922 0.396034039
v 1.17609045 -0.099346158 0.395911333
v 1.17609045 -0.0993600199 0.395932138
v 1.17606032 -0.0991758541 0.396054844
v 1.17596992 -0.0990202755 0.396158503
v 1.17609045 -0.099346158 0.395911333
v 1.17603926 -0.0995893791 0.39574928
v 1.17588567 -0.0997711163 0.395628193
v 1.17588567 -0.0997849782 0.395648998
v 1.17603926 -0.099603241 0.395770085
v 1.17609045 -0.0993600199 0.395932138
v 1.17421119 -0.101580949 0.394422339
v 1.17370832 -0.101580949 0.394422339
v 1.17370832 -0.0984185909 0.396529352
v 1.17514175 -0.0984185909 0.396529352
v 1.17547548 -0.0984261465 0.396524318
v 1.17571978 -0.0984487971 0.396509226
v 1.17597705 -0.0985051461 0.396471682
v 1.17618895 -0.0985965584 0.396410776
v 1.1763597 -0.0987273355 0.396323642
v 1.17649352 -0.098901795 0.396207403
v 1.17658003 -0.099107794 0.39607015
v 1.17660887 -0.0993332215 0.395919953
v 1.17658959 -0.0995271571 0.395790737
v 1.17653175 -0.0997055928 0.39567185
v 1.17643536 -0.0998685206 0.395563294
v 1.17630041 -0.100015948 0.395465066
v 1.17611508 -0.100138162 0.395383638
v 1.17586753 -0.100225463 0.395325471
v 1.17555778 -0.100277844 0.395290571
v 1.17518581 -0.100295296 0.395278943
v 1.17421119 -0.100295296 0.395278943
v 1.17421119 -0.0987917797 0.396280704
v 1.17421119 -0.0999221156 0.395527585
v 1.17519359 -0.0999221156 0.395527585
v 1.17541959 -0.0999126791 0.395533872
v 1.17561027 -0.0998843618 0.39555274
v 1.17576563 -0.0998371795 0.395584176
v 1.17588567 -0.0997711163 0.395628193
v 1.17603926 -0.0995893791 0.39574928
v 1.17609045 -0.099346158 0.395911333
v 1.17606032 -0.0991619922 0.396034039
v 1.17596992 -0.0990064136 0.396137698
v 1.17583027 -0.0988891205 0.396215848
v 1.17565239 -0.0988198192 0.396262022
v 1.17547159 -0.0987987876 0.396276035
v 1.17518322 -0.0987917797 0.396280704
v 1.17518322 -0.0987917797 0.396280704
v 1.17547159 -0.0987987876 0.396276035
v 1.17565239 -0.0988198192 0.396262022
v 1.17565239 -0.0988336811 0.396282827
v 1.17547159 -0.0988126495 0.39629684
v 1.17518322 -0.0988056416 0.396301509
v 1.17588567 -0.0997711163 0.395628193
v 1.17576563 -0.0998371795 0.395584176
v 1.17561027 -0.0998843618 0.39555274
v 1.17541959 -0.0999126791 0.395533872
v 1.17519359 -0.0999221156 0.395527585
v 1.17519359 -0.0999359775 0.39554839
v 1.17541959 -0.099926541 0.395554677
v 1.17561027 -0.0998982237 0.395573545
v 1.17576563 -0.0998510414 0.395604981
v 1.17588567 -0.0997849782 0.395648998
v 1.17519359 -0.0999221156 0.395527585
v 1.17421119 -0.0999221156 0.395527585
v 1.17421119 -0.0999359775 0.39554839
v 1.17519359 -0.0999359775 0.39554839
v 1.17370832 -0.0984185909 0.396529352
v 1.17370832 -0.101580949 0.394422339
v 1.17370832 -0.101594811 0.394443144
v 1.17370832 -0.0984324529 0.396550157
v 1.17370832 -0.101594811 0.394443144
v 1.17421119 -0.101594811 0.394443144
v 1.17421119 -0.100309158 0.395299748
v 1.17518581 -0.100309158 0.395299748
v 1.17555778 -0.100291706 0.395311376
v 1.17586753 -0.100239325 0.395346276
v 1.17611508 -0.100152024 0.395404443
v 1.17630041 -0.10002981 0.395485871
v 1.17643536 -0.0998823825 0.395584099
v 1.17653175 -0.0997194547 0.395692655
v 1.17658959 -0.0995410191 0.395811542
v 1.17660887 -0.0993470835 0.395940758
v 1.17658003 -0.099121656 0.396090955
v 1.17649352 -0.0989156569 0.396228208
v 1.1763597 -0.0987411974 0.396344447
v 1.17618895 -0.0986104203 0.396431581
v 1.17597705 -0.098519008 0.396492487
v 1.17571978 -0.0984626591 0.396530031
v 1.17547548 -0.0984400084 0.396545122
v 1.17514175 -0.0984324529 0.396550157
v 1.17370832 -0.0984324529 0.396550157
v 1.17421119 -0.0999359775 0.39554839
v 1.17421119 -0.0988056416 0.396301509
v 1.17518322 -0.0988056416 0.396301509
v 1.17547159 -0.0988126495 0.39629684
v 1.17565239 -0.0988336811 0.396282827
v 1.17583027 -0.0989029824 0.396236653
v 1.17596992 -0.0990202755 0.396158503
v 1.17606032 -0.0991758541 0.396054844
v 1.17609045 -0.0993600199 0.395932138
v 1.17603926 -0.099603241 0.395770085
v 1.17588567 -0.0997849782 0.395648998
v 1.17576563 -0.0998510414 0.395604981
v 1.17561027 -0.0998982237 0.395573545
v 1.17541959 -0.099926541 0.395554677
v 1.17519359 -0.0999359775 0.39554839
v 1.17514175 -0.0984185909 0.396529352
v 1.17370832 -0.0984185909 0.396529352
v 1.17370832 -0.0984324529 0.396550157
v 1.17514175 -0.0984324529 0.396550157
v 1.17571978 -0.0984487971 0.396509226
v 1.17547548 -0.0984261465 0.396524318
v 1.17514175 -0.0984185909 0.396529352
v 1.17514175 -0.0984324529 0.396550157
v 1.17547548 -0.0984400084 0.396545122
v 1.17571978 -0.0984626591 0.396530031
v 1.17370832 -0.101580949 0.394422339
v 1.17421119 -0.101580949 0.394422339
v 1.17421119 -0.101594811 0.394443144
v 1.17370832 -0.101594811 0.394443144
v 1.17618895 -0.0985965584 0.396410776
v 1.17597705 -0.0985051461 0.396471682
v 1.17571978 -0.0984487971 0.396509226
v 1.17571978 -0.0984626591 0.396530031
v 1.17597705 -0.098519008 0.396492487
v 1.17618895 -0.0986104203 0.396431581
v 1.17421119 -0.101580949 0.394422339
v 1.17421119 -0.100295296 0.395278943
v 1.17421119 -0.100309158 0.395299748
v 1.17421119 -0.101594811 0.394443144
v 1.17649352 -0.098901795 0.396207403
v 1.1763597 -0.0987273355 0.396323642
v 1.17618895 -0.0985965584 0.396410776
v 1.17618895 -0.0986104203 0.396431581
v 1.1763597 -0.0987411974 0.396344447
v 1.17649352 -0.0989156569 0.396228208
v 1.17421119 -0.100295296 0.395278943
v 1.17518581 -0.100295296 0.395278943
v 1.17518581 -0.100309158 0.395299748
v 1.17421119 -0.100309158 0.395299748
v 1.17660887 -0.0993332215 0.395919953
v 1.17658003 -0.099107794 0.39607015
v 1.17649352 -0.098901795 0.396207403
v 1.17649352 -0.0989156569 0.396228208
v 1.17658003 -0.099121656 0.396090955
v 1.17660887 -0.0993470835 0.395940758
v 1.17518581 -0.100295296 0.395278943
v 1.17555778 -0.100277844 0.395290571
v 1.17586753 -0.100225463 0.395325471
v 1.17611508 -0.100138162 0.395383638
v 1.17630041 -0.100015948 0.395465066
v 1.17630041 -0.10002981 0.395485871
v 1.17611508 -0.100152024 0.395404443
v 1.17586753 -0.100239325 0.395346276
v 1.17555778 -0.100291706 0.395311376
v 1.17518581 -0.100309158 0.395299748
v 1.17630041 -0.100015948 0.395465066
v 1.17643536 -0.0998685206 0.395563294
v 1.17653175 -0.0997055928 0.39567185
v 1.17658959 -0.0995271571 0.395790737
v 1.17660887 -0.0993332215 0.395919953
v 1.17660887 -0.0993470835 0.395940758
v 1.17658959 -0.0995410191 0.395811542
v 1.17653175 -0.0997194547 0.395692655
v 1.17643536 -0.0998823825 0.395584099
v 1.17630041 -0.10002981 0.395485871
f 1565 1566 1568
f 1568 1566 1567
f 1569 1570 1572
f 1572 1570 1571
f 1573 1574 1578
f 1578 1574 1577
f 1577 1574 1575
f 1577 1575 1576
f 1579 1580 1584
f 1584 1580 1583
f 1583 1580 1581
f 1583 1581 1582
f 1585 1586 1590
f 1590 1586 1589
f 1589 1586 1587
f 1589 1587 1588
f 1591 1592 1611
f 1611 1592 1613
f 1611 1613 1610
f 1610 1613 1614
f 1610 1614 1615
f 1592 1593 1613
f 1613 1593 1612
f 1612 1593 1594
f 1612 1594 1626
f 1626 1594 1595
f 1626 1595 1625
f 1625 1595 1624
f 1624 1595 1596
f 1624 1596 1623
f 1623 1596 1597
f 1623 1597 1598
f 1623 1598 1622
f 1622 1598 1599
f 1622 1599 1621
f 1621 1599 1600
f 1621 1600 1601
f 1621 1601 1620
f 1620 1601 1602
f 1620 1602 1603
f 1603 1604 1620
f 1620 1604 1619
f 1619 1604 1605
f 1619 1605 1606
f 1619 1606 1618
f 1618 1606 1607
f 1618 1607 1608
f 1609 1616 1608
f 1608 1616 1617
f 1608 1617 1618
f 1616 1609 1615
f 1615 1609 1610
f 1627 1628 1632
f 1632 1628 1631
f 1631 1628 1629
f 1631 1629 1630
f 1633 1634 1642
f 1642 1634 1641
f 1641 1634 1635
f 1641 1635 1640
f 1640 1635 1636
f 1640 1636 1639
f 1639 1636 1637
f 1639 1637 1638
f 1643 1644 1646
f 1646 1644 1645
f 1647 1648 1650
f 1650 1648 1649
f 1652 1653 1651
f 1651 1653 1672
f 1651 1672 1671
f 1671 1672 1673
f 1671 1673 1670
f 1670 1673 1674
f 1670 1674 1669
f 1669 1674 1675
f 1669 1675 1676
f 1653 1654 1672
f 1672 1654 1686
f 1686 1654 1685
f 1685 1654 1655
f 1685 1655 1684
f 1684 1655 1656
f 1684 1656 1683
f 1683 1656 1682
f 1682 1656 1657
f 1682 1657 1658
f 1682 1658 1681
f 1681 1658 1659
f 1681 1659 1660
f 1681 1660 1680
f 1680 1660 1661
f 1680 1661 1662
f 1662 1663 1680
f 1680 1663 1679
f 1679 1663 1664
f 1679 1664 1665
f 1679 1665 1678
f 1678 1665 1666
f 1678 1666 1677
f 1677 1666 1667
f 1677 1667 1668
f 1677 1668 1676
f 1676 1668 1669
f 1687 1688 1690
f 1690 1688 1689
f 1691 1692 1696
f 1696 1692 1695
f 1695 1692 1693
f 1695 1693 1694
f 1697 1698 1700
f 1700 1698 1699
f 1701 1702 1706
f 1706 1702 1705
f 1705 1702 1703
f 1705 1703 1704
f 1707 1708 1710
f 1710 1708 1709
f 1711 1712 1716
f 1716 1712 1715
f 1715 1712 1713
f 1715 1713 1714
f 1717 1718 1720
f 1720 1718 1719
f 1721 1722 1726
f 1726 1722 1725
f 1725 1722 1723
f 1725 1723 1724
f 1727 1728 1736
f 1736 1728 1735
f 1735 1728 1729
f 1735 1729 1734
f 1734 1729 1730
f 1734 1730 1733
f 1733 1730 1731
f 1733 1731 1732
f 1737 1738 1746
f 1746 1738 1745
f 1745 1738 1739
f 1745 1739 1744
f 1744 1739 1740
f 1744 1740 1743
f 1743 1740 1741
f 1743 1741 1742
v 1.2184324 -0.101580949 0.394422339
v 1.22126814 -0.101580949 0.394422339
v 1.22126814 -0.101594811 0.394443144
v 1.2184324 -0.101594811 0.394443144
v 1.22103745 -0.100131361 0.395388169
v 1.22103745 -0.0997603306 0.395635379
v 1.22103745 -0.0997741926 0.395656184
v 1.22103745 -0.100145223 0.395408974
v 1.21893527 -0.0997603306 0.395635379
v 1.21893527 -0.0987917797 0.396280704
v 1.21893527 -0.0988056416 0.396301509
v 1.21893527 -0.0997741926 0.395656184
v 1.21893527 -0.0987917797 0.396280704
v 1.22118002 -0.0987917797 0.396280704
v 1.22118002 -0.0988056416 0.396301509
v 1.21893527 -0.0988056416 0.396301509
v 1.22118002 -0.0987917797 0.396280704
v 1.22118002 -0.0984185909 0.396529352
v 1.22118002 -0.0984324529 0.396550157
v 1.22118002 -0.0988056416 0.396301509
v 1.22126814 -0.101580949 0.394422339
v 1.2184324 -0.101580949 0.394422339
v 1.2184324 -0.0984185909 0.396529352
v 1.22118002 -0.0984185909 0.396529352
v 1.22118002 -0.0987917797 0.396280704
v 1.21893527 -0.0987917797 0.396280704
v 1.21893527 -0.0997603306 0.395635379
v 1.22103745 -0.0997603306 0.395635379
v 1.22103745 -0.100131361 0.395388169
v 1.21893527 -0.100131361 0.395388169
v 1.21893527 -0.101207768 0.394670982
v 1.22126814 -0.101207768 0.394670982
v 1.22103745 -0.0997603306 0.395635379
v 1.21893527 -0.0997603306 0.395635379
v 1.21893527 -0.0997741926 0.395656184
v 1.22103745 -0.0997741926 0.395656184
v 1.22118002 -0.0984185909 0.396529352
v 1.2184324 -0.0984185909 0.396529352
v 1.2184324 -0.0984324529 0.396550157
v 1.22118002 -0.0984324529 0.396550157
v 1.2184324 -0.0984185909 0.396529352
v 1.2184324 -0.101580949 0.394422339
v 1.2184324 -0.101594811 0.394443144
v 1.2184324 -0.0984324529 0.396550157
v 1.2184324 -0.101594811 0.394443144
v 1.22126814 -0.101594811 0.394443144
v 1.22126814 -0.10122163 0.394691787
v 1.21893527 -0.10122163 0.394691787
v 1.21893527 -0.100145223 0.395408974
v 1.22103745 -0.100145223 0.395408974
v 1.22103745 -0.0997741926 0.395656184
v 1.21893527 -0.0997741926 0.395656184
v 1.21893527 -0.0988056416 0.396301509
v 1.22118002 -0.0988056416 0.396301509
v 1.22118002 -0.0984324529 0.396550157
v 1.2184324 -0.0984324529 0.396550157
v 1.21893527 -0.100131361 0.395388169
v 1.22103745 -0.100131361 0.395388169
v 1.22103745 -0.100145223 0.395408974
v 1.21893527 -0.100145223 0.395408974
v 1.22126814 -0.101580949 0.394422339
v 1.22126814 -0.101207768 0.394670982
v 1.22126814 -0.10122163 0.394691787
v 1.22126814 -0.101594811 0.394443144
v 1.21893527 -0.101207768 0.394670982
v 1.21893527 -0.100131361 0.395388169
v 1.21893527 -0.100145223 0.395408974
v 1.21893527 -0.10122163 0.394691787
v 1.22126814 -0.101207768 0.394670982
v 1.21893527 -0.101207768 0.394670982
v 1.21893527 -0.10122163 0.394691787
v 1.22126814 -0.10122163 0.394691787
f 1747 1748 1750
f 1750 1748 1749
f 1751 1752 1754
f 1754 1752 1753
f 1755 1756 1758
f 1758 1756 1757
f 1759 1760 1762
f 1762 1760 1761
f 1763 1764 1766
f 1766 1764 1765
f 1778 1767 1777
f 1777 1767 1768
f 1777 1768 1776
f 1776 1768 1769
f 1776 1769 1773
f 1773 1769 1772
f 1772 1769 1770
f 1772 1770 1771
f 1773 1774 1776
f 1776 1774 1775
f 1779 1780 1782
f 1782 1780 1781
f 1783 1784 1786
f 1786 1784 1785
f 1787 1788 1790
f 1790 1788 1789
f 1792 1794 1791
f 1791 1794 1795
f 1791 1795 1802
f 1802 1795 1798
f 1802 1798 1799
f 1792 1793 1794
f 1795 1796 1798
f 1798 1796 1797
f 1800 1801 1799
f 1799 1801 1802
f 1803 1804 1806
f 1806 1804 1805
f 1807 1808 1810
f 1810 1808 1809
f 1811 1812 1814
f 1814 1812 1813
f 1815 1816 1818
f 1818 1816 1817
v 1.22728179 -0.100340598 0.395248759
v 1.22839898 -0.100340598 0.395248759
v 1.22839898 -0.10035446 0.395269564
v 1.22728179 -0.10035446 0.395269564
v 1.22560989 -0.10085831 0.394903819
v 1.22589923 -0.101191316 0.394681944
v 1.22630068 -0.101435347 0.394519351
v 1.22630068 -0.101449208 0.394540156
v 1.22589923 -0.101205178 0.394702749
v 1.22560989 -0.100872171 0.394924624
v 1.22731808 -0.101634877 0.394386408
v 1.22772763 -0.10160387 0.394407068
v 1.22812681 -0.101510846 0.394469048
v 1.22812681 -0.101524708 0.394489852
v 1.22772763 -0.101617731 0.394427873
v 1.22731808 -0.101648739 0.394407213
v 1.22812681 -0.101510846 0.394469048
v 1.22851497 -0.101356339 0.394571992
v 1.22889147 -0.101140896 0.394715538
v 1.22889147 -0.101154757 0.394736343
v 1.22851497 -0.101370201 0.394592797
v 1.22812681 -0.101524708 0.394489852
v 1.22889147 -0.101140896 0.394715538
v 1.22889147 -0.099967417 0.395497402
v 1.22889147 -0.0999812789 0.395518207
v 1.22889147 -0.101154757 0.394736343
v 1.22839898 -0.100340598 0.395248759
v 1.22728179 -0.100340598 0.395248759
v 1.22728179 -0.0999695757 0.395495963
v 1.22889147 -0.099967417 0.395497402
v 1.22889147 -0.101140896 0.394715538
v 1.22851497 -0.101356339 0.394571992
v 1.22812681 -0.101510846 0.394469048
v 1.22772763 -0.10160387 0.394407068
v 1.22731808 -0.101634877 0.394386408
v 1.22678378 -0.101584997 0.394419643
v 1.22630068 -0.101435347 0.394519351
v 1.22589923 -0.101191316 0.394681944
v 1.22560989 -0.10085831 0.394903819
v 1.22543492 -0.1004587 0.39517007
v 1.2253766 -0.100014869 0.395465785
v 1.2254346 -0.0995686173 0.395763113
v 1.2256086 -0.0991530954 0.396039967
v 1.22589146 -0.0988044542 0.396272259
v 1.22627606 -0.0985588046 0.39643593
v 1.22674458 -0.0984132021 0.396532942
v 1.2272792 -0.0983646626 0.396565283
v 1.22767157 -0.0983924403 0.396546775
v 1.22802442 -0.0984757573 0.396491263
v 1.22832154 -0.0986086932 0.39640269
v 1.22854672 -0.0987853035 0.396285019
v 1.22871327 -0.0990139611 0.396132669
v 1.22883445 -0.0993030153 0.395940078
v 1.22838083 -0.0994065625 0.395871087
v 1.22828493 -0.0991908492 0.396014812
v 1.22816828 -0.0990269055 0.396124044
v 1.22801405 -0.0989025966 0.396206869
v 1.22780539 -0.0988057955 0.396271365
v 1.22755655 -0.09874351 0.396312865
v 1.22728179 -0.0987227482 0.396326698
v 1.22696037 -0.0987445894 0.396312146
v 1.22668561 -0.0988101129 0.396268489
v 1.22645848 -0.0989112315 0.396201116
v 1.22627995 -0.0990398499 0.39611542
v 1.22604018 -0.0993526341 0.395907018
v 1.22593131 -0.0996584025 0.395703291
v 1.22589502 -0.0999889883 0.395483029
v 1.22593876 -0.100377272 0.395224324
v 1.22606999 -0.100696525 0.395011613
v 1.2262848 -0.100944595 0.394846329
v 1.22657933 -0.101119324 0.39472991
v 1.22692408 -0.101222863 0.394660924
v 1.22728956 -0.101257379 0.394637927
v 1.22761228 -0.101231228 0.394655351
v 1.22792722 -0.101152761 0.394707632
v 1.22820068 -0.101044634 0.394779675
v 1.22839898 -0.1009295 0.394856386
v 1.22630068 -0.101435347 0.394519351
v 1.22678378 -0.101584997 0.394419643
v 1.22731808 -0.101634877 0.394386408
v 1.22731808 -0.101648739 0.394407213
v 1.22678378 -0.101598859 0.394440448
v 1.22630068 -0.101449208 0.394540156
v 1.22889147 -0.099967417 0.395497402
v 1.22728179 -0.0999695757 0.395495963
v 1.22728179 -0.0999834376 0.395516768
v 1.22889147 -0.0999812789 0.395518207
v 1.22728179 -0.0999695757 0.395495963
v 1.22728179 -0.100340598 0.395248759
v 1.22728179 -0.10035446 0.395269564
v 1.22728179 -0.0999834376 0.395516768
v 1.22728179 -0.10035446 0.395269564
v 1.22839898 -0.10035446 0.395269564
v 1.22839898 -0.100943362 0.394877191
v 1.22820068 -0.101058496 0.39480048
v 1.22792722 -0.101166622 0.394728437
v 1.22761228 -0.10124509 0.394676156
v 1.22728956 -0.101271241 0.394658732
v 1.22692408 -0.101236725 0.394681729
v 1.22657933 -0.101133186 0.394750715
v 1.2262848 -0.100958457 0.394867134
v 1.22606999 -0.100710387 0.395032418
v 1.22593876 -0.100391134 0.395245129
v 1.22589502 -0.10000285 0.395503834
v 1.22593131 -0.0996722645 0.395724096
v 1.22604018 -0.0993664961 0.395927823
v 1.22627995 -0.0990537118 0.396136225
v 1.22645848 -0.0989250934 0.396221921
v 1.22668561 -0.0988239748 0.396289294
v 1.22696037 -0.0987584513 0.396332951
v 1.22728179 -0.0987366102 0.396347503
v 1.22755655 -0.098757372 0.39633367
v 1.22780539 -0.0988196574 0.39629217
v 1.22801405 -0.0989164585 0.396227674
v 1.22816828 -0.0990407674 0.396144849
v 1.22828493 -0.0992047111 0.396035617
v 1.22838083 -0.0994204244 0.395891892
v 1.22883445 -0.0993168773 0.395960883
v 1.22871327 -0.0990278231 0.396153474
v 1.22854672 -0.0987991654 0.396305824
v 1.22832154 -0.0986225551 0.396423495
v 1.22802442 -0.0984896193 0.396512068
v 1.22767157 -0.0984063022 0.39656758
v 1.2272792 -0.0983785245 0.396586088
v 1.22674458 -0.098427064 0.396553747
v 1.22627606 -0.0985726665 0.396456735
v 1.22589146 -0.0988183161 0.396293064
v 1.2256086 -0.0991669573 0.396060772
v 1.2254346 -0.0995824792 0.395783918
v 1.2253766 -0.100028731 0.39548659
v 1.22543492 -0.100472562 0.395190875
v 1.22560989 -0.100872171 0.394924624
v 1.22589923 -0.101205178 0.394702749
v 1.22630068 -0.101449208 0.394540156
v 1.22678378 -0.101598859 0.394440448
v 1.22731808 -0.101648739 0.394407213
v 1.22772763 -0.101617731 0.394427873
v 1.22812681 -0.101524708 0.394489852
v 1.22851497 -0.101370201 0.394592797
v 1.22889147 -0.101154757 0.394736343
v 1.22889147 -0.0999812789 0.395518207
v 1.22728179 -0.0999834376 0.395516768
v 1.2253766 -0.100014869 0.395465785
v 1.22543492 -0.1004587 0.39517007
v 1.22560989 -0.10085831 0.394903819
v 1.22560989 -0.100872171 0.394924624
v 1.22543492 -0.100472562 0.395190875
v 1.2253766 -0.100028731 0.39548659
v 1.22839898 -0.100340598 0.395248759
v 1.22839898 -0.1009295 0.394856386
v 1.22839898 -0.100943362 0.394877191
v 1.22839898 -0.10035446 0.395269564
v 1.2256086 -0.0991530954 0.396039967
v 1.2254346 -0.0995686173 0.395763113
v 1.2253766 -0.100014869 0.395465785
v 1.2253766 -0.100028731 0.39548659
v 1.2254346 -0.0995824792 0.395783918
v 1.2256086 -0.0991669573 0.396060772
v 1.22839898 -0.1009295 0.394856386
v 1.22820068 -0.101044634 0.394779675
v 1.22792722 -0.101152761 0.394707632
v 1.22792722 -0.101166622 0.394728437
v 1.22820068 -0.101058496 0.39480048
v 1.22839898 -0.100943362 0.394877191
v 1.22627606 -0.0985588046 0.39643593
v 1.22589146 -0.0988044542 0.396272259
v 1.2256086 -0.0991530954 0.396039967
v 1.2256086 -0.0991669573 0.396060772
v 1.22589146 -0.0988183161 0.396293064
v 1.22627606 -0.0985726665 0.396456735
v 1.22792722 -0.101152761 0.394707632
v 1.22761228 -0.101231228 0.394655351
v 1.22728956 -0.101257379 0.394637927
v 1.22728956 -0.101271241 0.394658732
v 1.22761228 -0.10124509 0.394676156
v 1.22792722 -0.101166622 0.394728437
v 1.2272792 -0.0983646626 0.396565283
v 1.22674458 -0.0984132021 0.396532942
v 1.22627606 -0.0985588046 0.39643593
v 1.22627606 -0.0985726665 0.396456735
v 1.22674458 -0.098427064 0.396553747
v 1.2272792 -0.0983785245 0.396586088
v 1.22728956 -0.101257379 0.394637927
v 1.22692408 -0.101222863 0.394660924
v 1.22657933 -0.101119324 0.39472991
v 1.22657933 -0.101133186 0.394750715
v 1.22692408 -0.101236725 0.394681729
v 1.22728956 -0.101271241 0.394658732
v 1.22802442 -0.0984757573 0.396491263
v 1.22767157 -0.0983924403 0.396546775
v 1.2272792 -0.0983646626 0.396565283
v 1.2272792 -0.0983785245 0.396586088
v 1.22767157 -0.0984063022 0.39656758
v 1.22802442 -0.0984896193 0.396512068
v 1.22657933 -0.101119324 0.39472991
v 1.2262848 -0.100944595 0.394846329
v 1.22606999 -0.100696525 0.395011613
v 1.22606999 -0.100710387 0.395032418
v 1.2262848 -0.100958457 0.394867134
v 1.22657933 -0.101133186 0.394750715
v 1.22854672 -0.0987853035 0.396285019
v 1.22832154 -0.0986086932 0.39640269
v 1.22802442 -0.0984757573 0.396491263
v 1.22802442 -0.0984896193 0.396512068
v 1.22832154 -0.0986225551 0.396423495
v 1.22854672 -0.0987991654 0.396305824
v 1.22606999 -0.100696525 0.395011613
v 1.22593876 -0.100377272 0.395224324
v 1.22589502 -0.0999889883 0.395483029
v 1.22589502 -0.10000285 0.395503834
v 1.22593876 -0.100391134 0.395245129
v 1.22606999 -0.100710387 0.395032418
v 1.22883445 -0.0993030153 0.395940078
v 1.22871327 -0.0990139611 0.396132669
v 1.22854672 -0.0987853035 0.396285019
v 1.22854672 -0.0987991654 0.396305824
v 1.22871327 -0.0990278231 0.396153474
v 1.22883445 -0.0993168773 0.395960883
v 1.22589502 -0.0999889883 0.395483029
v 1.22593131 -0.0996584025 0.395703291
v 1.22604018 -0.0993526341 0.395907018
v 1.22604018 -0.0993664961 0.395927823
v 1.22593131 -0.0996722645 0.395724096
v 1.22589502 -0.10000285 0.395503834
v 1.22838083 -0.0994065625 0.395871087
v 1.22883445 -0.0993030153 0.395940078
v 1.22883445 -0.0993168773 0.395960883
v 1.22838083 -0.0994204244 0.395891892
v 1.22627995 -0.0990398499 0.39611542
v 1.22645848 -0.0989112315 0.396201116
v 1.22668561 -0.0988101129 0.396268489
v 1.22668561 -0.0988239748 0.396289294
v 1.22645848 -0.0989250934 0.396221921
v 1.22627995 -0.0990537118 0.396136225
v 1.22780539 -0.0988057955 0.396271365
v 1.22801405 -0.0989025966 0.396206869
v 1.22816828 -0.0990269055 0.396124044
v 1.22816828 -0.0990407674 0.396144849
v 1.22801405 -0.0989164585 0.396227674
v 1.22780539 -0.0988196574 0.39629217
v 1.22604018 -0.0993526341 0.395907018
v 1.22627995 -0.0990398499 0.39611542
v 1.22627995 -0.0990537118 0.396136225
v 1.22604018 -0.0993664961 0.395927823
v 1.22816828 -0.0990269055 0.396124044
v 1.22828493 -0.0991908492 0.396014812
v 1.22838083 -0.0994065625 0.395871087
v 1.22838083 -0.0994204244 0.395891892
v 1.22828493 -0.0992047111 0.396035617
v 1.22816828 -0.0990407674 0.396144849
v 1.22668561 -0.0988101129 0.396268489
v 1.22696037 -0.0987445894 0.396312146
v 1.22728179 -0.0987227482 0.396326698
v 1.22728179 -0.0987366102 0.396347503
v 1.22696037 -0.0987584513 0.396332951
v 1.22668561 -0.0988239748 0.396289294
v 1.22728179 -0.0987227482 0.396326698
v 1.22755655 -0.09874351 0.396312865
v 1.22780539 -0.0988057955 0.396271365
v 1.22780539 -0.0988196574 0.39629217
v 1.22755655 -0.098757372 0.39633367
v 1.22728179 -0.0987366102 0.396347503
f 1819 1820 1822
f 1822 1820 1821
f 1823 1824 1828
f 1828 1824 1827
f 1827 1824 1825
f 1827 1825 1826
f 1829 1830 1834
f 1834 1830 1833
f 1833 1830 1831
f 1833 1831 1832
f 1835 1836 1840
f 1840 1836 1839
f 1839 1836 1837
f 1839 1837 1838
f 1841 1842 1844
f 1844 1842 1843
f 1846 1847 1845
f 1845 1847 1848
f 1845 1848 1849
f 1845 1849 1895
f 1895 1849 1850
f 1895 1850 1894
f 1894 1850 1851
f 1894 1851 1893
f 1893 1851 1852
f 1893 1852 1892
f 1892 1852 1853
f 1892 1853 1891
f 1891 1853 1890
f 1890 1853 1854
f 1890 1854 1889
f 1889 1854 1855
f 1889 1855 1888
f 1888 1855 1856
f 1888 1856 1887
f 1887 1856 1857
f 1887 1857 1886
f 1886 1857 1858
f 1886 1858 1859
f 1886 1859 1885
f 1885 1859 1860
f 1885 1860 1884
f 1884 1860 1861
f 1884 1861 1883
f 1883 1861 1862
f 1883 1862 1882
f 1882 1862 1863
f 1882 1863 1881
f 1881 1863 1880
f 1880 1863 1864
f 1880 1864 1879
f 1879 1864 1865
f 1879 1865 1878
f 1878 1865 1877
f 1877 1865 1866
f 1877 1866 1876
f 1876 1866 1867
f 1876 1867 1875
f 1875 1867 1868
f 1875 1868 1874
f 1874 1868 1869
f 1874 1869 1873
f 1873 1869 1870
f 1873 1870 1872
f 1872 1870 1871
f 1896 1897 1901
f 1901 1897 1900
f 1900 1897 1898
f 1900 1898 1899
f 1902 1903 1905
f 1905 1903 1904
f 1906 1907 1909
f 1909 1907 1908
f 1910 1911 1960
f 1960 1911 1959
f 1959 1911 1958
f 1958 1911 1912
f 1958 1912 1957
f 1957 1912 1913
f 1957 1913 1956
f 1956 1913 1914
f 1956 1914 1955
f 1955 1914 1915
f 1955 1915 1954
f 1954 1915 1916
f 1954 1916 1917
f 1954 1917 1953
f 1953 1917 1918
f 1953 1918 1952
f 1952 1918 1919
f 1952 1919 1951
f 1951 1919 1920
f 1951 1920 1950
f 1950 1920 1921
f 1950 1921 1949
f 1949 1921 1948
f 1948 1921 1922
f 1948 1922 1947
f 1947 1922 1923
f 1947 1923 1946
f 1946 1923 1924
f 1946 1924 1945
f 1945 1924 1925
f 1945 1925 1944
f 1944 1925 1926
f 1944 1926 1927
f 1944 1927 1943
f 1943 1927 1928
f 1943 1928 1942
f 1942 1928 1929
f 1942 1929 1930
f 1942 1930 1941
f 1941 1930 1931
f 1941 1931 1940
f 1940 1931 1932
f 1940 1932 1939
f 1939 1932 1933
f 1939 1933 1938
f 1938 1933 1934
f 1938 1934 1937
f 1937 1934 1935
f 1937 1935 1936
f 1961 1962 1966
f 1966 1962 1965
f 1965 1962 1963
f 1965 1963 1964
f 1967 1968 1970
f 1970 1968 1969
f 1971 1972 1976
f 1976 1972 1975
f 1975 1972 1973
f 1975 1973 1974
f 1977 1978 1982
f 1982 1978 1981
f 1981 1978 1979
f 1981 1979 1980
f 1983 1984 1988
f 1988 1984 1987
f 1987 1984 1985
f 1987 1985 1986
f 1989 1990 1994
f 1994 1990 1993
f 1993 1990 1991
f 1993 1991 1992
f 1995 1996 2000
f 2000 1996 1999
f 1999 1996 1997
f 1999 1997 1998
f 2001 2002 2006
f 2006 2002 2005
f 2005 2002 2003
f 2005 2003 2004
f 2007 2008 2012
f 2012 2008 2011
f 2011 2008 2009
f 2011 2009 2010
f 2013 2014 2018
f 2018 2014 2017
f 2017 2014 2015
f 2017 2015 2016
f 2019 2020 2024
f 2024 2020 2023
f 2023 2020 2021
f 2023 2021 2022
f 2025 2026 2030
f 2030 2026 2029
f 2029 2026 2027
f 2029 2027 2028
f 2031 2032 2036
f 2036 2032 2035
f 2035 2032 2033
f 2035 2033 2034
f 2037 2038 2042
f 2042 2038 2041
f 2041 2038 2039
f 2041 2039 2040
f 2043 2044 2046
f 2046 2044 2045
f 2047 2048 2052
f 2052 2048 2051
f 2051 2048 2049
f 2051 2049 2050
f 2053 2054 2058
f 2058 2054 2057
f 2057 2054 2055
f 2057 2055 2056
f 2059 2060 2062
f 2062 2060 2061
f 2063 2064 2068
f 2068 2064 2067
f 2067 2064 2065
f 2067 2065 2066
f 2069 2070 2074
f 2074 2070 2073
f 2073 2070 2071
f 2073 2071 2072
f 2075 2076 2080
f 2080 2076 2079
f 2079 2076 2077
f 2079 2077 2078
v 1.22964318 -0.101580949 0.394422339
v 1.23247892 -0.101580949 0.394422339
v 1.23247892 -0.101594811 0.394443144
v 1.22964318 -0.101594811 0.394443144
v 1.23224823 -0.100131361 0.395388169
v 1.23224823 -0.0997603306 0.395635379
v 1.23224823 -0.0997741926 0.395656184
v 1.23224823 -0.100145223 0.395408974
v 1.23014605 -0.0997603306 0.395635379
v 1.23014605 -0.0987917797 0.396280704
v 1.23014605 -0.0988056416 0.396301509
v 1.23014605 -0.0997741926 0.395656184
v 1.23014605 -0.0987917797 0.396280704
v 1.23239079 -0.0987917797 0.396280704
v 1.23239079 -0.0988056416 0.396301509
v 1.23014605 -0.0988056416 0.396301509
v 1.23239079 -0.0987917797 0.396280704
v 1.23239079 -0.0984185909 0.396529352
v 1.23239079 -0.0984324529 0.396550157
v 1.23239079 -0.0988056416 0.396301509
v 1.23247892 -0.101580949 0.394422339
v 1.22964318 -0.101580949 0.394422339
v 1.22964318 -0.0984185909 0.396529352
v 1.23239079 -0.0984185909 0.396529352
v 1.23239079 -0.0987917797 0.396280704
v 1.23014605 -0.0987917797 0.396280704
v 1.23014605 -0.0997603306 0.395635379
v 1.23224823 -0.0997603306 0.395635379
v 1.23224823 -0.100131361 0.395388169
v 1.23014605 -0.100131361 0.395388169
v 1.23014605 -0.101207768 0.394670982
v 1.23247892 -0.101207768 0.394670982
v 1.23224823 -0.0997603306 0.395635379
v 1.23014605 -0.0997603306 0.395635379
v 1.23014605 -0.0997741926 0.395656184
v 1.23224823 -0.0997741926 0.395656184
v 1.23239079 -0.0984185909 0.396529352
v 1.22964318 -0.0984185909 0.396529352
v 1.22964318 -0.0984324529 0.396550157
v 1.23239079 -0.0984324529 0.396550157
v 1.22964318 -0.0984185909 0.396529352
v 1.22964318 -0.101580949 0.394422339
v 1.22964318 -0.101594811 0.394443144
v 1.22964318 -0.0984324529 0.396550157
v 1.22964318 -0.101594811 0.394443144
v 1.23247892 -0.101594811 0.394443144
v 1.23247892 -0.10122163 0.394691787
v 1.23014605 -0.10122163 0.394691787
v 1.23014605 -0.100145223 0.395408974
v 1.23224823 -0.100145223 0.395408974
v 1.23224823 -0.0997741926 0.395656184
v 1.23014605 -0.0997741926 0.395656184
v 1.23014605 -0.0988056416 0.396301509
v 1.23239079 -0.0988056416 0.396301509
v 1.23239079 -0.0984324529 0.396550157
v 1.22964318 -0.0984324529 0.396550157
v 1.23014605 -0.100131361 0.395388169
v 1.23224823 -0.100131361 0.395388169
v 1.23224823 -0.100145223 0.395408974
v 1.23014605 -0.100145223 0.395408974
v 1.23247892 -0.101580949 0.394422339
v 1.23247892 -0.101207768 0.394670982
v 1.23247892 -0.10122163 0.394691787
v 1.23247892 -0.101594811 0.394443144
v 1.23014605 -0.101207768 0.394670982
v 1.23014605 -0.100131361 0.395388169
v 1.23014605 -0.100145223 0.395408974
v 1.23014605 -0.10122163 0.394691787
v 1.23247892 -0.101207768 0.394670982
v 1.23014605 -0.101207768 0.394670982
v 1.23014605 -0.10122163 0.394691787
v 1.23247892 -0.10122163 0.394691787
f 2081 2082 2084
f 2084 2082 2083
f 2085 2086 2088
f 2088 2086 2087
f 2089 2090 2092
f 2092 2090 2091
f 2093 2094 2096
f 2096 2094 2095
f 2097 2098 2100
f 2100 2098 2099
f 2112 2101 2111
f 2111 2101 2102
f 2111 2102 2110
f 2110 2102 2103
f 2110 2103 2107
f 2107 2103 2106
f 2106 2103 2104
f 2106 2104 2105
f 2107 2108 2110
f 2110 2108 2109
f 2113 2114 2116
f 2116 2114 2115
f 2117 2118 2120
f 2120 2118 2119
f 2121 2122 2124
f 2124 2122 2123
f 2126 2128 2125
f 2125 2128 2129
f 2125 2129 2136
f 2136 2129 2132
f 2136 2132 2133
f 2126 2127 2128
f 2129 2130 2132
f 2132 2130 2131
f 2134 2135 2133
f 2133 2135 2136
f 2137 2138 2140
f 2140 2138 2139
f 2141 2142 2144
f 2144 2142 2143
f 2145 2146 2148
f 2148 2146 2147
f 2149 2150 2152
f 2152 2150 2151
v 1.23797415 -0.101580949 0.394422339
v 1.23847701 -0.101580949 0.394422339
v 1.23847701 -0.101594811 0.394443144
v 1.23797415 -0.101594811 0.394443144
v 1.23847701 -0.101580949 0.394422339
v 1.23847701 -0.0987917797 0.396280704
v 1.23847701 -0.0988056416 0.396301509
v 1.23847701 -0.101594811 0.394443144
v 1.23973417 -0.0987917797 0.396280704
v 1.23973417 -0.0984185909 0.396529352
v 1.23973417 -0.0984324529 0.396550157
v 1.23973417 -0.0988056416 0.396301509
v 1.23973417 -0.0984185909 0.396529352
v 1.23672217 -0.0984185909 0.396529352
v 1.23672217 -0.0984324529 0.396550157
v 1.23973417 -0.0984324529 0.396550157
v 1.23672217 -0.0984185909 0.396529352
v 1.23672217 -0.0987917797 0.396280704
v 1.23672217 -0.0988056416 0.396301509
v 1.23672217 -0.0984324529 0.396550157
v 1.23847701 -0.101580949 0.394422339
v 1.23797415 -0.101580949 0.394422339
v 1.23797415 -0.0987917797 0.396280704
v 1.23672217 -0.0987917797 0.396280704
v 1.23672217 -0.0984185909 0.396529352
v 1.23973417 -0.0984185909 0.396529352
v 1.23973417 -0.0987917797 0.396280704
v 1.23847701 -0.0987917797 0.396280704
v 1.23847701 -0.0987917797 0.396280704
v 1.23973417 -0.0987917797 0.396280704
v 1.23973417 -0.0988056416 0.396301509
v 1.23847701 -0.0988056416 0.396301509
v 1.23672217 -0.0987917797 0.396280704
v 1.23797415 -0.0987917797 0.396280704
v 1.23797415 -0.0988056416 0.396301509
v 1.23672217 -0.0988056416 0.396301509
v 1.23797415 -0.0987917797 0.396280704
v 1.23797415 -0.101580949 0.394422339
v 1.23797415 -0.101594811 0.394443144
v 1.23797415 -0.0988056416 0.396301509
v 1.23797415 -0.101594811 0.394443144
v 1.23847701 -0.101594811 0.394443144
v 1.23847701 -0.0988056416 0.396301509
v 1.23973417 -0.0988056416 0.396301509
v 1.23973417 -0.0984324529 0.396550157
v 1.23672217 -0.0984324529 0.396550157
v 1.23672217 -0.0988056416 0.396301509
v 1.23797415 -0.0988056416 0.396301509
f 2153 2154 2156
f 2156 2154 2155
f 2157 2158 2160
f 2160 2158 2159
f 2161 2162 2164
f 2164 2162 2163
f 2165 2166 2168
f 2168 2166 2167
f 2169 2170 2172
f 2172 2170 2171
f 2173 2174 2180
f 2180 2174 2175
f 2180 2175 2177
f 2177 2175 2176
f 2177 2178 2180
f 2180 2178 2179
f 2181 2182 2184
f 2184 2182 2183
f 2185 2186 2188
f 2188 2186 2187
f 2189 2190 2192
f 2192 2190 2191
f 2193 2194 2200
f 2200 2194 2195
f 2200 2195 2198
f 2198 2195 2197
f 2197 2195 2196
f 2198 2199 2200
v 1.23316842 -0.101580949 0.394422339
v 1.23365055 -0.101580949 0.394422339
v 1.23365055 -0.101594811 0.394443144
v 1.23316842 -0.101594811 0.394443144
v 1.23564645 -0.101580949 0.394422339
v 1.23616228 -0.101580949 0.394422339
v 1.23616228 -0.101594811 0.394443144
v 1.23564645 -0.101594811 0.394443144
v 1.23616228 -0.0984185909 0.396529352
v 1.23568015 -0.0984185909 0.396529352
v 1.23568015 -0.0984324529 0.396550157
v 1.23616228 -0.0984324529 0.396550157
v 1.23568015 -0.0984185909 0.396529352
v 1.23568015 -0.100901452 0.394875074
v 1.23568015 -0.100915314 0.394895879
v 1.23568015 -0.0984324529 0.396550157
v 1.23568015 -0.100901452 0.394875074
v 1.23368424 -0.0984185909 0.396529352
v 1.23368424 -0.0984324529 0.396550157
v 1.23568015 -0.100915314 0.394895879
v 1.23365055 -0.101580949 0.394422339
v 1.23316842 -0.101580949 0.394422339
v 1.23316842 -0.0984185909 0.396529352
v 1.23368424 -0.0984185909 0.396529352
v 1.23568015 -0.100901452 0.394875074
v 1.23568015 -0.0984185909 0.396529352
v 1.23616228 -0.0984185909 0.396529352
v 1.23616228 -0.101580949 0.394422339
v 1.23564645 -0.101580949 0.394422339
v 1.23365055 -0.0990959369 0.39607805
v 1.23616228 -0.101580949 0.394422339
v 1.23616228 -0.0984185909 0.396529352
v 1.23616228 -0.0984324529 0.396550157
v 1.23616228 -0.101594811 0.394443144
v 1.23368424 -0.0984185909 0.396529352
v 1.23316842 -0.0984185909 0.396529352
v 1.23316842 -0.0984324529 0.396550157
v 1.23368424 -0.0984324529 0.396550157
v 1.23316842 -0.0984185909 0.396529352
v 1.23316842 -0.101580949 0.394422339
v 1.23316842 -0.101594811 0.394443144
v 1.23316842 -0.0984324529 0.396550157
v 1.23316842 -0.101594811 0.394443144
v 1.23365055 -0.101594811 0.394443144
v 1.23365055 -0.0991097989 0.396098855
v 1.23564645 -0.101594811 0.394443144
v 1.23616228 -0.101594811 0.394443144
v 1.23616228 -0.0984324529 0.396550157
v 1.23568015 -0.0984324529 0.396550157
v 1.23568015 -0.100915314 0.394895879
v 1.23368424 -0.0984324529 0.396550157
v 1.23316842 -0.0984324529 0.396550157
v 1.23365055 -0.0990959369 0.39607805
v 1.23564645 -0.101580949 0.394422339
v 1.23564645 -0.101594811 0.394443144
v 1.23365055 -0.0991097989 0.396098855
v 1.23365055 -0.101580949 0.394422339
v 1.23365055 -0.0990959369 0.39607805
v 1.23365055 -0.0991097989 0.396098855
v 1.23365055 -0.101594811 0.394443144
f 2201 2202 2204
f 2204 2202 2203
f 2205 2206 2208
f 2208 2206 2207
f 2209 2210 2212
f 2212 2210 2211
f 2213 2214 2216
f 2216 2214 2215
f 2217 2218 2220
f 2220 2218 2219
f 2221 2222 2230
f 2230 2222 2223
f 2230 2223 2224
f 2224 2225 2230
f 2230 2225 2229
f 2229 2225 2228
f 2228 2225 2227
f 2227 2225 2226
f 2231 2232 2234
f 2234 2232 2233
f 2235 2236 2238
f 2238 2236 2237
f 2239 2240 2242
f 2242 2240 2241
f 2244 2245 2243
f 2243 2245 2252
f 2252 2245 2251
f 2251 2245 2250
f 2250 2245 2246
f 2250 2246 2247
f 2247 2248 2250
f 2250 2248 2249
f 2253 2254 2256
f 2256 2254 2255
f 2257 2258 2260
f 2260 2258 2259
v 1.24007892 -0.100564938 0.395099286
v 1.24013627 -0.100865595 0.394898965
v 1.24028759 -0.101133348 0.394720567
v 1.24028759 -0.10114721 0.394741372
v 1.24013627 -0.100879457 0.394919769
v 1.24007892 -0.1005788 0.395120091
v 1.24261917 -0.100722413 0.394994364
v 1.24259227 -0.100863437 0.394900403
v 1.24251159 -0.100993134 0.394813988
v 1.24251159 -0.101006996 0.394834793
v 1.24259227 -0.100877298 0.394921208
v 1.24261917 -0.100736275 0.395015169
v 1.2421837 -0.101188356 0.394683916
v 1.24194652 -0.101241744 0.394648344
v 1.24167564 -0.101259538 0.394636489
v 1.24167564 -0.1012734 0.394657294
v 1.24194652 -0.101255606 0.394669149
v 1.2421837 -0.101202218 0.394704721
v 1.24167564 -0.101259538 0.394636489
v 1.24136784 -0.101236078 0.39465212
v 1.24109242 -0.101165705 0.394699008
v 1.24109242 -0.101179567 0.394719813
v 1.24136784 -0.10124994 0.394672925
v 1.24167564 -0.1012734 0.394657294
v 1.24109242 -0.101165705 0.394699008
v 1.24086724 -0.101057309 0.39477123
v 1.24071009 -0.100919785 0.394862859
v 1.24071009 -0.100933647 0.394883664
v 1.24086724 -0.101071171 0.394792035
v 1.24109242 -0.101179567 0.394719813
v 1.24028759 -0.101133348 0.394720567
v 1.24013627 -0.100865595 0.394898965
v 1.24007892 -0.100564938 0.395099286
v 1.24055327 -0.10053043 0.395122278
v 1.24060933 -0.100746413 0.394978373
v 1.24071009 -0.100919785 0.394862859
v 1.24086724 -0.101057309 0.39477123
v 1.24109242 -0.101165705 0.394699008
v 1.24136784 -0.101236078 0.39465212
v 1.24167564 -0.101259538 0.394636489
v 1.24194652 -0.101241744 0.394648344
v 1.2421837 -0.101188356 0.394683916
v 1.24237584 -0.101103951 0.394740153
v 1.24251159 -0.100993134 0.394813988
v 1.24259227 -0.100863437 0.394900403
v 1.24261917 -0.100722413 0.394994364
v 1.24259325 -0.100583009 0.395087246
v 1.24251548 -0.100462478 0.395167553
v 1.2423781 -0.10036028 0.395235645
v 1.24217333 -0.100275884 0.395291877
v 1.24207369 -0.100247638 0.395310696
v 1.24192773 -0.100212519 0.395334095
v 1.24173543 -0.100170519 0.395362079
v 1.24149679 -0.100121646 0.395394642
v 1.24125459 -0.100070083 0.395428997
v 1.2410516 -0.100019996 0.395462369
v 1.24088781 -0.0999713931 0.395494752
v 1.24076323 -0.0999242743 0.395526147
v 1.24052573 -0.0997913384 0.395614719
v 1.24035757 -0.0996298233 0.395722333
v 1.24025745 -0.0994434988 0.395846477
v 1.24022408 -0.0992361506 0.395984629
v 1.2402649 -0.0990045247 0.396138956
v 1.24038738 -0.0987885416 0.396282861
v 1.24058827 -0.0986054551 0.396404848
v 1.24086433 -0.0984725193 0.39649342
v 1.24119546 -0.0983916308 0.396547315
v 1.24156159 -0.0983646626 0.396565283
v 1.24195916 -0.09839298 0.396546416
v 1.24230682 -0.0984779161 0.396489825
v 1.24259227 -0.0986178598 0.396396583
v 1.2428032 -0.0988111923 0.39626777
v 1.2429367 -0.0990457785 0.39611147
v 1.24298984 -0.0993094915 0.395935763
v 1.24250771 -0.0993396898 0.395915643
v 1.2424225 -0.0990765164 0.39609099
v 1.24224461 -0.0988866919 0.396217466
v 1.24196693 -0.0987718274 0.396293998
v 1.24158233 -0.0987335339 0.396319512
v 1.24118801 -0.0987683194 0.396296335
v 1.24091746 -0.0988726682 0.39622681
v 1.24076097 -0.099026096 0.396124584
v 1.2407088 -0.0992081031 0.396003316
v 1.24074574 -0.0993634198 0.395899832
v 1.24085655 -0.0994885303 0.395816474
v 1.24095837 -0.0995438793 0.395779596
v 1.24111867 -0.0995998949 0.395742274
v 1.24133746 -0.0996565851 0.395704502
v 1.24161473 -0.0997139499 0.395666281
v 1.24189719 -0.0997698385 0.395629044
v 1.24213153 -0.0998220764 0.395594239
v 1.24231776 -0.0998706793 0.395561856
v 1.24245586 -0.0999156474 0.395531895
v 1.24274424 -0.100059901 0.395435782
v 1.24294577 -0.100238138 0.395317026
v 1.24306436 -0.100448185 0.395177076
v 1.24310389 -0.100687898 0.395017361
v 1.24306047 -0.100933 0.394854054
v 1.24293022 -0.101163546 0.394700446
v 1.24271864 -0.101362006 0.394568217
v 1.24243124 -0.101510846 0.394469048
v 1.24208552 -0.10160387 0.394407068
v 1.24169898 -0.101634877 0.394386408
v 1.24122495 -0.1016036 0.394407248
v 1.24083451 -0.101509767 0.394469767
v 1.24052346 -0.101353101 0.39457415
v 1.24251159 -0.100993134 0.394813988
v 1.24237584 -0.101103951 0.394740153
v 1.2421837 -0.101188356 0.394683916
v 1.2421837 -0.101202218 0.394704721
v 1.24237584 -0.101117813 0.394760958
v 1.24251159 -0.101006996 0.394834793
v 1.24071009 -0.100919785 0.394862859
v 1.24060933 -0.100746413 0.394978373
v 1.24055327 -0.10053043 0.395122278
v 1.24055327 -0.100544292 0.395143083
v 1.24060933 -0.100760275 0.394999178
v 1.24071009 -0.100933647 0.394883664
v 1.24055327 -0.10053043 0.395122278
v 1.24007892 -0.100564938 0.395099286
v 1.24007892 -0.1005788 0.395120091
v 1.24055327 -0.100544292 0.395143083
v 1.24007892 -0.1005788 0.395120091
v 1.24013627 -0.100879457 0.394919769
v 1.24028759 -0.10114721 0.394741372
v 1.24052346 -0.101366963 0.394594955
v 1.24083451 -0.101523629 0.394490572
v 1.24122495 -0.101617462 0.394428053
v 1.24169898 -0.101648739 0.394407213
v 1.24208552 -0.101617731 0.394427873
v 1.24243124 -0.101524708 0.394489852
v 1.24271864 -0.101375868 0.394589022
v 1.24293022 -0.101177408 0.394721251
v 1.24306047 -0.100946862 0.394874859
v 1.24310389 -0.10070176 0.395038166
v 1.24306436 -0.100462046 0.395197881
v 1.24294577 -0.100252 0.395337831
v 1.24274424 -0.100073763 0.395456587
v 1.24245586 -0.0999295093 0.3955527
v 1.24231776 -0.0998845412 0.395582661
v 1.24213153 -0.0998359383 0.395615044
v 1.24189719 -0.0997837004 0.395649849
v 1.24161473 -0.0997278118 0.395687086
v 1.24133746 -0.099670447 0.395725307
v 1.24111867 -0.0996137568 0.395763079
v 1.24095837 -0.0995577412 0.395800401
v 1.24085655 -0.0995023922 0.395837279
v 1.24074574 -0.0993772817 0.395920637
v 1.2407088 -0.099221965 0.396024121
v 1.24076097 -0.0990399579 0.396145389
v 1.24091746 -0.0988865301 0.396247615
v 1.24118801 -0.0987821814 0.39631714
v 1.24158233 -0.0987473958 0.396340317
v 1.24196693 -0.0987856893 0.396314803
v 1.24224461 -0.0989005538 0.396238271
v 1.2424225 -0.0990903783 0.396111795
v 1.24250771 -0.0993535517 0.395936448
v 1.24298984 -0.0993233534 0.395956568
v 1.2429367 -0.0990596404 0.396132275
v 1.2428032 -0.0988250542 0.396288575
v 1.24259227 -0.0986317218 0.396417388
v 1.24230682 -0.098491778 0.39651063
v 1.24195916 -0.0984068419 0.396567221
v 1.24156159 -0.0983785245 0.396586088
v 1.24119546 -0.0984054927 0.39656812
v 1.24086433 -0.0984863812 0.396514225
v 1.24058827 -0.0986193171 0.396425653
v 1.24038738 -0.0988024035 0.396303666
v 1.2402649 -0.0990183866 0.396159761
v 1.24022408 -0.0992500125 0.396005434
v 1.24025745 -0.0994573607 0.395867282
v 1.24035757 -0.0996436852 0.395743138
v 1.24052573 -0.0998052003 0.395635524
v 1.24076323 -0.0999381362 0.395546952
v 1.24088781 -0.099985255 0.395515557
v 1.2410516 -0.100033858 0.395483174
v 1.24125459 -0.100083945 0.395449802
v 1.24149679 -0.100135508 0.395415447
v 1.24173543 -0.100184381 0.395382884
v 1.24192773 -0.100226381 0.3953549
v 1.24207369 -0.1002615 0.395331501
v 1.24217333 -0.100289746 0.395312682
v 1.2423781 -0.100374142 0.39525645
v 1.24251548 -0.10047634 0.395188358
v 1.24259325 -0.100596871 0.395108051
v 1.24261917 -0.100736275 0.395015169
v 1.24259227 -0.100877298 0.394921208
v 1.24251159 -0.101006996 0.394834793
v 1.24237584 -0.101117813 0.394760958
v 1.2421837 -0.101202218 0.394704721
v 1.24194652 -0.101255606 0.394669149
v 1.24167564 -0.1012734 0.394657294
v 1.24136784 -0.10124994 0.394672925
v 1.24109242 -0.101179567 0.394719813
v 1.24086724 -0.101071171 0.394792035
v 1.24071009 -0.100933647 0.394883664
v 1.24060933 -0.100760275 0.394999178
v 1.24055327 -0.100544292 0.395143083
v 1.24251548 -0.100462478 0.395167553
v 1.24259325 -0.100583009 0.395087246
v 1.24261917 -0.100722413 0.394994364
v 1.24261917 -0.100736275 0.395015169
v 1.24259325 -0.100596871 0.395108051
v 1.24251548 -0.10047634 0.395188358
v 1.24028759 -0.101133348 0.394720567
v 1.24052346 -0.101353101 0.39457415
v 1.24083451 -0.101509767 0.394469767
v 1.24083451 -0.101523629 0.394490572
v 1.24052346 -0.101366963 0.394594955
v 1.24028759 -0.10114721 0.394741372
v 1.24217333 -0.100275884 0.395291877
v 1.2423781 -0.10036028 0.395235645
v 1.24251548 -0.100462478 0.395167553
v 1.24251548 -0.10047634 0.395188358
v 1.2423781 -0.100374142 0.39525645
v 1.24217333 -0.100289746 0.395312682
v 1.24083451 -0.101509767 0.394469767
v 1.24122495 -0.1016036 0.394407248
v 1.24169898 -0.101634877 0.394386408
v 1.24169898 -0.101648739 0.394407213
v 1.24122495 -0.101617462 0.394428053
v 1.24083451 -0.101523629 0.394490572
v 1.24149679 -0.100121646 0.395394642
v 1.24173543 -0.100170519 0.395362079
v 1.24192773 -0.100212519 0.395334095
v 1.24207369 -0.100247638 0.395310696
v 1.24217333 -0.100275884 0.395291877
v 1.24217333 -0.100289746 0.395312682
v 1.24207369 -0.1002615 0.395331501
v 1.24192773 -0.100226381 0.3953549
v 1.24173543 -0.100184381 0.395382884
v 1.24149679 -0.100135508 0.395415447
v 1.24169898 -0.101634877 0.394386408
v 1.24208552 -0.10160387 0.394407068
v 1.24243124 -0.101510846 0.394469048
v 1.24243124 -0.101524708 0.394489852
v 1.24208552 -0.101617731 0.394427873
v 1.24169898 -0.101648739 0.394407213
v 1.24076323 -0.0999242743 0.395526147
v 1.24088781 -0.0999713931 0.395494752
v 1.2410516 -0.100019996 0.395462369
v 1.24125459 -0.100070083 0.395428997
v 1.24149679 -0.100121646 0.395394642
v 1.24149679 -0.100135508 0.395415447
v 1.24125459 -0.100083945 0.395449802
v 1.2410516 -0.100033858 0.395483174
v 1.24088781 -0.099985255 0.395515557
v 1.24076323 -0.0999381362 0.395546952
v 1.24243124 -0.101510846 0.394469048
v 1.24271864 -0.101362006 0.394568217
v 1.24293022 -0.101163546 0.394700446
v 1.24293022 -0.101177408 0.394721251
v 1.24271864 -0.101375868 0.394589022
v 1.24243124 -0.101524708 0.394489852
v 1.24035757 -0.0996298233 0.395722333
v 1.24052573 -0.0997913384 0.395614719
v 1.24076323 -0.0999242743 0.395526147
v 1.24076323 -0.0999381362 0.395546952
v 1.24052573 -0.0998052003 0.395635524
v 1.24035757 -0.0996436852 0.395743138
v 1.24293022 -0.101163546 0.394700446
v 1.24306047 -0.100933 0.394854054
v 1.24310389 -0.100687898 0.395017361
v 1.24310389 -0.10070176 0.395038166
v 1.24306047 -0.100946862 0.394874859
v 1.24293022 -0.101177408 0.394721251
v 1.24022408 -0.0992361506 0.395984629
v 1.24025745 -0.0994434988 0.395846477
v 1.24035757 -0.0996298233 0.395722333
v 1.24035757 -0.0996436852 0.395743138
v 1.24025745 -0.0994573607 0.395867282
v 1.24022408 -0.0992500125 0.396005434
v 1.24310389 -0.100687898 0.395017361
v 1.24306436 -0.100448185 0.395177076
v 1.24294577 -0.100238138 0.395317026
v 1.24294577 -0.100252 0.395337831
v 1.24306436 -0.100462046 0.395197881
v 1.24310389 -0.10070176 0.395038166
v 1.24038738 -0.0987885416 0.396282861
v 1.2402649 -0.0990045247 0.396138956
v 1.24022408 -0.0992361506 0.395984629
v 1.24022408 -0.0992500125 0.396005434
v 1.2402649 -0.0990183866 0.396159761
v 1.24038738 -0.0988024035 0.396303666
v 1.24294577 -0.100238138 0.395317026
v 1.24274424 -0.100059901 0.395435782
v 1.24245586 -0.0999156474 0.395531895
v 1.24245586 -0.0999295093 0.3955527
v 1.24274424 -0.100073763 0.395456587
v 1.24294577 -0.100252 0.395337831
v 1.24086433 -0.0984725193 0.39649342
v 1.24058827 -0.0986054551 0.396404848
v 1.24038738 -0.0987885416 0.396282861
v 1.24038738 -0.0988024035 0.396303666
v 1.24058827 -0.0986193171 0.396425653
v 1.24086433 -0.0984863812 0.396514225
v 1.24230682 -0.0984779161 0.396489825
v 1.24195916 -0.09839298 0.396546416
v 1.24156159 -0.0983646626 0.396565283
v 1.24156159 -0.0983785245 0.396586088
v 1.24195916 -0.0984068419 0.396567221
v 1.24230682 -0.098491778 0.39651063
v 1.24245586 -0.0999156474 0.395531895
v 1.24231776 -0.0998706793 0.395561856
v 1.24213153 -0.0998220764 0.395594239
v 1.24189719 -0.0997698385 0.395629044
v 1.24161473 -0.0997139499 0.395666281
v 1.24161473 -0.0997278118 0.395687086
v 1.24189719 -0.0997837004 0.395649849
v 1.24213153 -0.0998359383 0.395615044
v 1.24231776 -0.0998845412 0.395582661
v 1.24245586 -0.0999295093 0.3955527
v 1.24156159 -0.0983646626 0.396565283
v 1.24119546 -0.0983916308 0.396547315
v 1.24086433 -0.0984725193 0.39649342
v 1.24086433 -0.0984863812 0.396514225
v 1.24119546 -0.0984054927 0.39656812
v 1.24156159 -0.0983785245 0.396586088
v 1.24085655 -0.0994885303 0.395816474
v 1.24074574 -0.0993634198 0.395899832
v 1.2407088 -0.0992081031 0.396003316
v 1.2407088 -0.099221965 0.396024121
v 1.24074574 -0.0993772817 0.395920637
v 1.24085655 -0.0995023922 0.395837279
v 1.2428032 -0.0988111923 0.39626777
v 1.24259227 -0.0986178598 0.396396583
v 1.24230682 -0.0984779161 0.396489825
v 1.24230682 -0.098491778 0.39651063
v 1.24259227 -0.0986317218 0.396417388
v 1.2428032 -0.0988250542 0.396288575
v 1.24161473 -0.0997139499 0.395666281
v 1.24133746 -0.0996565851 0.395704502
v 1.24111867 -0.0995998949 0.395742274
v 1.24095837 -0.0995438793 0.395779596
v 1.24085655 -0.0994885303 0.395816474
v 1.24085655 -0.0995023922 0.395837279
v 1.24095837 -0.0995577412 0.395800401
v 1.24111867 -0.0996137568 0.395763079
v 1.24133746 -0.099670447 0.395725307
v 1.24161473 -0.0997278118 0.395687086
v 1.24091746 -0.0988726682 0.39622681
v 1.24118801 -0.0987683194 0.396296335
v 1.24158233 -0.0987335339 0.396319512
v 1.24158233 -0.0987473958 0.396340317
v 1.24118801 -0.0987821814 0.39631714
v 1.24091746 -0.0988865301 0.396247615
v 1.24250771 -0.0993396898 0.395915643
v 1.24298984 -0.0993094915 0.395935763
v 1.24298984 -0.0993233534 0.395956568
v 1.24250771 -0.0993535517 0.395936448
v 1.2407088 -0.0992081031 0.396003316
v 1.24076097 -0.099026096 0.396124584
v 1.24091746 -0.0988726682 0.39622681
v 1.24091746 -0.0988865301 0.396247615
v 1.24076097 -0.0990399579 0.396145389
v 1.2407088 -0.099221965 0.396024121
v 1.24298984 -0.0993094915 0.395935763
v 1.2429367 -0.0990457785 0.39611147
v 1.2428032 -0.0988111923 0.39626777
v 1.2428032 -0.0988250542 0.396288575
v 1.2429367 -0.0990596404 0.396132275
v 1.24298984 -0.0993233534 0.395956568
v 1.24158233 -0.0987335339 0.396319512
v 1.24196693 -0.0987718274 0.396293998
v 1.24224461 -0.0988866919 0.396217466
v 1.24224461 -0.0989005538 0.396238271
v 1.24196693 -0.0987856893 0.396314803
v 1.24158233 -0.0987473958 0.396340317
v 1.24224461 -0.0988866919 0.396217466
v 1.2424225 -0.0990765164 0.39609099
v 1.24250771 -0.0993396898 0.395915643
v 1.24250771 -0.0993535517 0.395936448
v 1.2424225 -0.0990903783 0.396111795
v 1.24224461 -0.0989005538 0.396238271
f 2261 2262 2266
f 2266 2262 2265
f 2265 2262 2263
f 2265 2263 2264
f 2267 2268 2272
f 2272 2268 2271
f 2271 2268 2269
f 2271 2269 2270
f 2273 2274 2278
f 2278 2274 2277
f 2277 2274 2275
f 2277 2275 2276
f 2279 2280 2284
f 2284 2280 2283
f 2283 2280 2281
f 2283 2281 2282
f 2285 2286 2290
f 2290 2286 2289
f 2289 2286 2287
f 2289 2287 2288
f 2292 2295 2291
f 2291 2295 2296
f 2291 2296 2366
f 2366 2296 2297
f 2366 2297 2365
f 2365 2297 2298
f 2365 2298 2364
f 2364 2298 2299
f 2364 2299 2363
f 2363 2299 2300
f 2363 2300 2301
f 2293 2294 2292
f 2292 2294 2295
f 2363 2301 2362
f 2362 2301 2302
f 2362 2302 2361
f 2361 2302 2303
f 2361 2303 2360
f 2360 2303 2304
f 2360 2304 2359
f 2359 2304 2305
f 2359 2305 2358
f 2358 2305 2306
f 2358 2306 2357
f 2357 2306 2356
f 2356 2306 2307
f 2356 2307 2355
f 2355 2307 2308
f 2355 2308 2354
f 2354 2308 2309
f 2354 2309 2353
f 2353 2309 2310
f 2353 2310 2352
f 2352 2310 2351
f 2351 2310 2311
f 2351 2311 2312
f 2351 2312 2350
f 2350 2312 2313
f 2350 2313 2349
f 2349 2313 2314
f 2349 2314 2348
f 2348 2314 2315
f 2348 2315 2316
f 2348 2316 2347
f 2347 2316 2317
f 2347 2317 2346
f 2346 2317 2318
f 2346 2318 2345
f 2345 2318 2319
f 2345 2319 2344
f 2344 2319 2320
f 2344 2320 2321
f 2344 2321 2343
f 2343 2321 2322
f 2343 2322 2323
f 2343 2323 2342
f 2342 2323 2324
f 2342 2324 2325
f 2342 2325 2341
f 2341 2325 2326
f 2341 2326 2340
f 2340 2326 2327
f 2340 2327 2339
f 2339 2327 2328
f 2339 2328 2329
f 2339 2329 2338
f 2338 2329 2330
f 2338 2330 2337
f 2337 2330 2331
f 2337 2331 2336
f 2336 2331 2332
f 2336 2332 2333
f 2334 2335 2333
f 2333 2335 2336
f 2367 2368 2372
f 2372 2368 2371
f 2371 2368 2369
f 2371 2369 2370
f 2373 2374 2378
f 2378 2374 2377
f 2377 2374 2375
f 2377 2375 2376
f 2379 2380 2382
f 2382 2380 2381
f 2383 2384 2458
f 2458 2384 2457
f 2457 2384 2385
f 2457 2385 2456
f 2456 2385 2386
f 2456 2386 2455
f 2455 2386 2387
f 2455 2387 2454
f 2454 2387 2388
f 2454 2388 2453
f 2453 2388 2389
f 2453 2389 2452
f 2452 2389 2451
f 2451 2389 2390
f 2451 2390 2450
f 2450 2390 2391
f 2450 2391 2449
f 2449 2391 2392
f 2449 2392 2448
f 2448 2392 2393
f 2448 2393 2447
f 2447 2393 2394
f 2447 2394 2446
f 2446 2394 2395
f 2446 2395 2396
f 2446 2396 2445
f 2445 2396 2397
f 2445 2397 2444
f 2444 2397 2398
f 2444 2398 2443
f 2443 2398 2399
f 2443 2399 2442
f 2442 2399 2400
f 2442 2400 2401
f 2402 2440 2401
f 2401 2440 2441
f 2401 2441 2442
f 2440 2402 2439
f 2439 2402 2403
f 2439 2403 2438
f 2438 2403 2404
f 2438 2404 2437
f 2437 2404 2436
f 2436 2404 2405
f 2436 2405 2435
f 2435 2405 2406
f 2435 2406 2434
f 2434 2406 2407
f 2434 2407 2433
f 2433 2407 2408
f 2433 2408 2432
f 2432 2408 2431
f 2431 2408 2409
f 2431 2409 2430
f 2430 2409 2429
f 2429 2409 2410
f 2429 2410 2428
f 2428 2410 2427
f 2427 2410 2411
f 2427 2411 2426
f 2426 2411 2412
f 2426 2412 2425
f 2425 2412 2413
f 2425 2413 2424
f 2424 2413 2423
f 2423 2413 2414
f 2423 2414 2422
f 2422 2414 2415
f 2422 2415 2421
f 2421 2415 2416
f 2421 2416 2420
f 2420 2416 2419
f 2419 2416 2417
f 2419 2417 2418
f 2459 2460 2464
f 2464 2460 2463
f 2463 2460 2461
f 2463 2461 2462
f 2465 2466 2470
f 2470 2466 2469
f 2469 2466 2467
f 2469 2467 2468
f 2471 2472 2476
f 2476 2472 2475
f 2475 2472 2473
f 2475 2473 2474
f 2477 2478 2482
f 2482 2478 2481
f 2481 2478 2479
f 2481 2479 2480
f 2483 2484 2492
f 2492 2484 2491
f 2491 2484 2485
f 2491 2485 2490
f 2490 2485 2486
f 2490 2486 2489
f 2489 2486 2487
f 2489 2487 2488
f 2493 2494 2498
f 2498 2494 2497
f 2497 2494 2495
f 2497 2495 2496
f 2499 2500 2508
f 2508 2500 2507
f 2507 2500 2501
f 2507 2501 2506
f 2506 2501 2502
f 2506 2502 2505
f 2505 2502 2503
f 2505 2503 2504
f 2509 2510 2514
f 2514 2510 2513
f 2513 2510 2511
f 2513 2511 2512
f 2515 2516 2520
f 2520 2516 2519
f 2519 2516 2517
f 2519 2517 2518
f 2521 2522 2526
f 2526 2522 2525
f 2525 2522 2523
f 2525 2523 2524
f 2527 2528 2532
f 2532 2528 2531
f 2531 2528 2529
f 2531 2529 2530
f 2533 2534 2538
f 2538 2534 2537
f 2537 2534 2535
f 2537 2535 2536
f 2539 2540 2544
f 2544 2540 2543
f 2543 2540 2541
f 2543 2541 2542
f 2545 2546 2550
f 2550 2546 2549
f 2549 2546 2547
f 2549 2547 2548
f 2551 2552 2556
f 2556 2552 2555
f 2555 2552 2553
f 2555 2553 2554
f 2557 2558 2562
f 2562 2558 2561
f 2561 2558 2559
f 2561 2559 2560
f 2563 2564 2572
f 2572 2564 2571
f 2571 2564 2565
f 2571 2565 2570
f 2570 2565 2566
f 2570 2566 2569
f 2569 2566 2567
f 2569 2567 2568
f 2573 2574 2578
f 2578 2574 2577
f 2577 2574 2575
f 2577 2575 2576
f 2579 2580 2584
f 2584 2580 2583
f 2583 2580 2581
f 2583 2581 2582
f 2585 2586 2590
f 2590 2586 2589
f 2589 2586 2587
f 2589 2587 2588
f 2591 2592 2600
f 2600 2592 2599
f 2599 2592 2593
f 2599 2593 2598
f 2598 2593 2594
f 2598 2594 2597
f 2597 2594 2595
f 2597 2595 2596
f 2601 2602 2606
f 2606 2602 2605
f 2605 2602 2603
f 2605 2603 2604
f 2607 2608 2610
f 2610 2608 2609
f 2611 2612 2616
f 2616 2612 2615
f 2615 2612 2613
f 2615 2613 2614
f 2617 2618 2622
f 2622 2618 2621
f 2621 2618 2619
f 2621 2619 2620
f 2623 2624 2628
f 2628 2624 2627
f 2627 2624 2625
f 2627 2625 2626
f 2629 2630 2634
f 2634 2630 2633
f 2633 2630 2631
f 2633 2631 2632
v 1.22354659 -0.0984185909 0.396529352
v 1.22300484 -0.0984185909 0.396529352
v 1.22300484 -0.0984324529 0.396550157
v 1.22354659 -0.0984324529 0.396550157
v 1.22264195 -0.10028236 0.395287562
v 1.22305928 -0.0993547929 0.39590558
v 1.22305928 -0.0993686548 0.395926385
v 1.22264195 -0.100296222 0.395308367
v 1.22305928 -0.0993547929 0.39590558
v 1.22326405 -0.0987507957 0.396308011
v 1.22326405 -0.0987646576 0.396328816
v 1.22305928 -0.0993686548 0.395926385
v 1.22326405 -0.0987507957 0.396308011
v 1.22337551 -0.0990430801 0.396113268
v 1.22353363 -0.0994065625 0.395871087
v 1.22353363 -0.0994204244 0.395891892
v 1.22337551 -0.099056942 0.396134073
v 1.22326405 -0.0987646576 0.396328816
v 1.22207947 -0.101580949 0.394422339
v 1.2215455 -0.101580949 0.394422339
v 1.22300484 -0.0984185909 0.396529352
v 1.22354659 -0.0984185909 0.396529352
v 1.22510184 -0.101580949 0.394422339
v 1.22452899 -0.101580949 0.394422339
v 1.22408574 -0.100623184 0.395060478
v 1.2224968 -0.100623184 0.395060478
v 1.22305928 -0.0993547929 0.39590558
v 1.22264195 -0.10028236 0.395287562
v 1.22393022 -0.10028236 0.395287562
v 1.22353363 -0.0994065625 0.395871087
v 1.22337551 -0.0990430801 0.396113268
v 1.22326405 -0.0987507957 0.396308011
v 1.22300484 -0.0984185909 0.396529352
v 1.2215455 -0.101580949 0.394422339
v 1.2215455 -0.101594811 0.394443144
v 1.22300484 -0.0984324529 0.396550157
v 1.22353363 -0.0994065625 0.395871087
v 1.22393022 -0.10028236 0.395287562
v 1.22393022 -0.100296222 0.395308367
v 1.22353363 -0.0994204244 0.395891892
v 1.22393022 -0.10028236 0.395287562
v 1.22264195 -0.10028236 0.395287562
v 1.22264195 -0.100296222 0.395308367
v 1.22393022 -0.100296222 0.395308367
v 1.2215455 -0.101594811 0.394443144
v 1.22207947 -0.101594811 0.394443144
v 1.2224968 -0.100637046 0.395081283
v 1.22408574 -0.100637046 0.395081283
v 1.22452899 -0.101594811 0.394443144
v 1.22510184 -0.101594811 0.394443144
v 1.22354659 -0.0984324529 0.396550157
v 1.22300484 -0.0984324529 0.396550157
v 1.22264195 -0.100296222 0.395308367
v 1.22305928 -0.0993686548 0.395926385
v 1.22326405 -0.0987646576 0.396328816
v 1.22337551 -0.099056942 0.396134073
v 1.22353363 -0.0994204244 0.395891892
v 1.22393022 -0.100296222 0.395308367
v 1.22510184 -0.101580949 0.394422339
v 1.22354659 -0.0984185909 0.396529352
v 1.22354659 -0.0984324529 0.396550157
v 1.22510184 -0.101594811 0.394443144
v 1.22452899 -0.101580949 0.394422339
v 1.22510184 -0.101580949 0.394422339
v 1.22510184 -0.101594811 0.394443144
v 1.22452899 -0.101594811 0.394443144
v 1.22408574 -0.100623184 0.395060478
v 1.22452899 -0.101580949 0.394422339
v 1.22452899 -0.101594811 0.394443144
v 1.22408574 -0.100637046 0.395081283
v 1.2215455 -0.101580949 0.394422339
v 1.22207947 -0.101580949 0.394422339
v 1.22207947 -0.101594811 0.394443144
v 1.2215455 -0.101594811 0.394443144
v 1.2224968 -0.100623184 0.395060478
v 1.22408574 -0.100623184 0.395060478
v 1.22408574 -0.100637046 0.395081283
v 1.2224968 -0.100637046 0.395081283
v 1.22207947 -0.101580949 0.394422339
v 1.2224968 -0.100623184 0.395060478
v 1.2224968 -0.100637046 0.395081283
v 1.22207947 -0.101594811 0.394443144
f 2635 2636 2638
f 2638 2636 2637
f 2639 2640 2642
f 2642 2640 2641
f 2643 2644 2646
f 2646 2644 2645
f 2647 2648 2652
f 2652 2648 2651
f 2651 2648 2649
f 2651 2649 2650
f 2653 2654 2660
f 2660 2654 2662
f 2660 2662 2663
f 2654 2655 2662
f 2662 2655 2661
f 2661 2655 2666
f 2666 2655 2656
f 2666 2656 2665
f 2665 2656 2664
f 2664 2656 2663
f 2663 2656 2657
f 2663 2657 2659
f 2659 2657 2658
f 2659 2660 2663
f 2667 2668 2670
f 2670 2668 2669
f 2671 2672 2674
f 2674 2672 2673
f 2675 2676 2678
f 2678 2676 2677
f 2680 2681 2679
f 2679 2681 2687
f 2679 2687 2686
f 2686 2687 2688
f 2686 2688 2689
f 2687 2681 2692
f 2692 2681 2682
f 2692 2682 2684
f 2684 2682 2683
f 2684 2685 2692
f 2692 2685 2691
f 2691 2685 2690
f 2690 2685 2689
f 2689 2685 2686
f 2693 2694 2696
f 2696 2694 2695
f 2697 2698 2700
f 2700 2698 2699
f 2701 2702 2704
f 2704 2702 2703
f 2705 2706 2708
f 2708 2706 2707
f 2709 2710 2712
f 2712 2710 2711
f 2713 2714 2716
f 2716 2714 2715
v 1.21509898 -0.0998142589 0.395599448
v 1.21509898 -0.0987680496 0.396296515
v 1.21509898 -0.0987819115 0.39631732
v 1.21509898 -0.0998281209 0.395620253
v 1.21509898 -0.0987680496 0.396296515
v 1.2163017 -0.0987680496 0.396296515
v 1.2163017 -0.0987819115 0.39631732
v 1.21509898 -0.0987819115 0.39631732
v 1.21691992 -0.0989125807 0.396200217
v 1.2170667 -0.0990770561 0.39609063
v 1.21711562 -0.099281444 0.395954451
v 1.21711562 -0.0992953059 0.395975256
v 1.2170667 -0.099090918 0.396111435
v 1.21691992 -0.0989264426 0.396221022
v 1.21711562 -0.099281444 0.395954451
v 1.21709035 -0.0994289433 0.395856175
v 1.21701453 -0.0995651093 0.395765451
v 1.21701453 -0.0995789713 0.395786256
v 1.21709035 -0.0994428052 0.39587698
v 1.21711562 -0.0992953059 0.395975256
v 1.21701453 -0.0995651093 0.395765451
v 1.21689011 -0.0996778231 0.395690352
v 1.21671903 -0.0997549338 0.395638975
v 1.21671903 -0.0997687958 0.39565978
v 1.21689011 -0.099691685 0.395711157
v 1.21701453 -0.0995789713 0.395786256
v 1.21509898 -0.101580949 0.394422339
v 1.21459611 -0.101580949 0.394422339
v 1.21459611 -0.0984185909 0.396529352
v 1.21628097 -0.0984185909 0.396529352
v 1.21672811 -0.0984398924 0.396515159
v 1.21705341 -0.0985037969 0.396472581
v 1.21729124 -0.0986216376 0.396394066
v 1.21747592 -0.098804724 0.396272079
v 1.21759451 -0.0990317626 0.396120808
v 1.21763404 -0.099281444 0.395954451
v 1.21756859 -0.0995915378 0.395747842
v 1.21737224 -0.0998487747 0.395576451
v 1.21722352 -0.0999536631 0.395506566
v 1.21703916 -0.10003752 0.395450694
v 1.21681915 -0.100100345 0.395408835
v 1.21656351 -0.100142146 0.395380983
v 1.21673912 -0.100221416 0.395328168
v 1.21686678 -0.100299614 0.395276066
v 1.21708128 -0.100488899 0.395149949
v 1.21728411 -0.100720255 0.394995802
v 1.21794509 -0.101580949 0.394422339
v 1.21731262 -0.101580949 0.394422339
v 1.21680975 -0.100923024 0.394860701
v 1.21660887 -0.100671715 0.395028143
v 1.21644686 -0.100487288 0.395151023
v 1.21631175 -0.100358939 0.395236539
v 1.21619154 -0.100275884 0.395291877
v 1.21596214 -0.100191757 0.395347929
v 1.21584939 -0.100180432 0.395355474
v 1.2156822 -0.100176654 0.395357991
v 1.21509898 -0.100176654 0.395357991
v 1.21509898 -0.0987680496 0.396296515
v 1.21509898 -0.0998142589 0.395599448
v 1.21617988 -0.0998142589 0.395599448
v 1.21648704 -0.0997994257 0.395609331
v 1.21671903 -0.0997549338 0.395638975
v 1.21689011 -0.0996778231 0.395690352
v 1.21701453 -0.0995651093 0.395765451
v 1.21709035 -0.0994289433 0.395856175
v 1.21711562 -0.099281444 0.395954451
v 1.2170667 -0.0990770561 0.39609063
v 1.21691992 -0.0989125807 0.396200217
v 1.21666751 -0.0988041844 0.396272439
v 1.2163017 -0.0987680496 0.396296515
v 1.2163017 -0.0987680496 0.396296515
v 1.21666751 -0.0988041844 0.396272439
v 1.21691992 -0.0989125807 0.396200217
v 1.21691992 -0.0989264426 0.396221022
v 1.21666751 -0.0988180463 0.396293244
v 1.2163017 -0.0987819115 0.39631732
v 1.21671903 -0.0997549338 0.395638975
v 1.21648704 -0.0997994257 0.395609331
v 1.21617988 -0.0998142589 0.395599448
v 1.21617988 -0.0998281209 0.395620253
v 1.21648704 -0.0998132876 0.395630136
v 1.21671903 -0.0997687958 0.39565978
v 1.21617988 -0.0998142589 0.395599448
v 1.21509898 -0.0998142589 0.395599448
v 1.21509898 -0.0998281209 0.395620253
v 1.21617988 -0.0998281209 0.395620253
v 1.21459611 -0.0984185909 0.396529352
v 1.21459611 -0.101580949 0.394422339
v 1.21459611 -0.101594811 0.394443144
v 1.21459611 -0.0984324529 0.396550157
v 1.21459611 -0.101594811 0.394443144
v 1.21509898 -0.101594811 0.394443144
v 1.21509898 -0.100190516 0.395378796
v 1.2156822 -0.100190516 0.395378796
v 1.21584939 -0.100194294 0.395376279
v 1.21596214 -0.100205619 0.395368734
v 1.21619154 -0.100289746 0.395312682
v 1.21631175 -0.100372801 0.395257344
v 1.21644686 -0.100501149 0.395171828
v 1.21660887 -0.100685577 0.395048948
v 1.21680975 -0.100936885 0.394881506
v 1.21731262 -0.101594811 0.394443144
v 1.21794509 -0.101594811 0.394443144
v 1.21728411 -0.100734117 0.395016607
v 1.21708128 -0.100502761 0.395170754
v 1.21686678 -0.100313476 0.395296871
v 1.21673912 -0.100235278 0.395348973
v 1.21656351 -0.100156008 0.395401788
v 1.21681915 -0.100114207 0.39542964
v 1.21703916 -0.100051382 0.395471499
v 1.21722352 -0.099967525 0.395527371
v 1.21737224 -0.0998626366 0.395597255
v 1.21756859 -0.0996053997 0.395768647
v 1.21763404 -0.0992953059 0.395975256
v 1.21759451 -0.0990456246 0.396141613
v 1.21747592 -0.098818586 0.396292884
v 1.21729124 -0.0986354995 0.396414871
v 1.21705341 -0.0985176588 0.396493386
v 1.21672811 -0.0984537543 0.396535964
v 1.21628097 -0.0984324529 0.396550157
v 1.21459611 -0.0984324529 0.396550157
v 1.21509898 -0.0998281209 0.395620253
v 1.21509898 -0.0987819115 0.39631732
v 1.2163017 -0.0987819115 0.39631732
v 1.21666751 -0.0988180463 0.396293244
v 1.21691992 -0.0989264426 0.396221022
v 1.2170667 -0.099090918 0.396111435
v 1.21711562 -0.0992953059 0.395975256
v 1.21709035 -0.0994428052 0.39587698
v 1.21701453 -0.0995789713 0.395786256
v 1.21689011 -0.099691685 0.395711157
v 1.21671903 -0.0997687958 0.39565978
v 1.21648704 -0.0998132876 0.395630136
v 1.21617988 -0.0998281209 0.395620253
v 1.21628097 -0.0984185909 0.396529352
v 1.21459611 -0.0984185909 0.396529352
v 1.21459611 -0.0984324529 0.396550157
v 1.21628097 -0.0984324529 0.396550157
v 1.21705341 -0.0985037969 0.396472581
v 1.21672811 -0.0984398924 0.396515159
v 1.21628097 -0.0984185909 0.396529352
v 1.21628097 -0.0984324529 0.396550157
v 1.21672811 -0.0984537543 0.396535964
v 1.21705341 -0.0985176588 0.396493386
v 1.21459611 -0.101580949 0.394422339
v 1.21509898 -0.101580949 0.394422339
v 1.21509898 -0.101594811 0.394443144
v 1.21459611 -0.101594811 0.394443144
v 1.21747592 -0.098804724 0.396272079
v 1.21729124 -0.0986216376 0.396394066
v 1.21705341 -0.0985037969 0.396472581
v 1.21705341 -0.0985176588 0.396493386
v 1.21729124 -0.0986354995 0.396414871
v 1.21747592 -0.098818586 0.396292884
v 1.21509898 -0.101580949 0.394422339
v 1.21509898 -0.100176654 0.395357991
v 1.21509898 -0.100190516 0.395378796
v 1.21509898 -0.101594811 0.394443144
v 1.21763404 -0.099281444 0.395954451
v 1.21759451 -0.0990317626 0.396120808
v 1.21747592 -0.098804724 0.396272079
v 1.21747592 -0.098818586 0.396292884
v 1.21759451 -0.0990456246 0.396141613
v 1.21763404 -0.0992953059 0.395975256
v 1.21509898 -0.100176654 0.395357991
v 1.2156822 -0.100176654 0.395357991
v 1.2156822 -0.100190516 0.395378796
v 1.21509898 -0.100190516 0.395378796
v 1.21737224 -0.0998487747 0.395576451
v 1.21756859 -0.0995915378 0.395747842
v 1.21763404 -0.099281444 0.395954451
v 1.21763404 -0.0992953059 0.395975256
v 1.21756859 -0.0996053997 0.395768647
v 1.21737224 -0.0998626366 0.395597255
v 1.2156822 -0.100176654 0.395357991
v 1.21584939 -0.100180432 0.395355474
v 1.21596214 -0.100191757 0.395347929
v 1.21596214 -0.100205619 0.395368734
v 1.21584939 -0.100194294 0.395376279
v 1.2156822 -0.100190516 0.395378796
v 1.21656351 -0.100142146 0.395380983
v 1.21681915 -0.100100345 0.395408835
v 1.21703916 -0.10003752 0.395450694
v 1.21722352 -0.0999536631 0.395506566
v 1.21737224 -0.0998487747 0.395576451
v 1.21737224 -0.0998626366 0.395597255
v 1.21722352 -0.099967525 0.395527371
v 1.21703916 -0.100051382 0.395471499
v 1.21681915 -0.100114207 0.39542964
v 1.21656351 -0.100156008 0.395401788
v 1.21596214 -0.100191757 0.395347929
v 1.21619154 -0.100275884 0.395291877
v 1.21619154 -0.100289746 0.395312682
v 1.21596214 -0.100205619 0.395368734
v 1.21686678 -0.100299614 0.395276066
v 1.21673912 -0.100221416 0.395328168
v 1.21656351 -0.100142146 0.395380983
v 1.21656351 -0.100156008 0.395401788
v 1.21673912 -0.100235278 0.395348973
v 1.21686678 -0.100313476 0.395296871
v 1.21619154 -0.100275884 0.395291877
v 1.21631175 -0.100358939 0.395236539
v 1.21644686 -0.100487288 0.395151023
v 1.21644686 -0.100501149 0.395171828
v 1.21631175 -0.100372801 0.395257344
v 1.21619154 -0.100289746 0.395312682
v 1.21728411 -0.100720255 0.394995802
v 1.21708128 -0.100488899 0.395149949
v 1.21686678 -0.100299614 0.395276066
v 1.21686678 -0.100313476 0.395296871
v 1.21708128 -0.100502761 0.395170754
v 1.21728411 -0.100734117 0.395016607
v 1.21680975 -0.100923024 0.394860701
v 1.21731262 -0.101580949 0.394422339
v 1.21731262 -0.101594811 0.394443144
v 1.21680975 -0.100936885 0.394881506
v 1.21731262 -0.101580949 0.394422339
v 1.21794509 -0.101580949 0.394422339
v 1.21794509 -0.101594811 0.394443144
v 1.21731262 -0.101594811 0.394443144
v 1.21644686 -0.100487288 0.395151023
v 1.21660887 -0.100671715 0.395028143
v 1.21680975 -0.100923024 0.394860701
v 1.21680975 -0.100936885 0.394881506
v 1.21660887 -0.100685577 0.395048948
v 1.21644686 -0.100501149 0.395171828
v 1.21794509 -0.101580949 0.394422339
v 1.21728411 -0.100720255 0.394995802
v 1.21728411 -0.100734117 0.395016607
v 1.21794509 -0.101594811 0.394443144
f 2717 2718 2720
f 2720 2718 2719
f 2721 2722 2724
f 2724 2722 2723
f 2725 2726 2730
f 2730 2726 2729
f 2729 2726 2727
f 2729 2727 2728
f 2731 2732 2736
f 2736 2732 2735
f 2735 2732 2733
f 2735 2733 2734
f 2737 2738 2742
f 2742 2738 2741
f 2741 2738 2739
f 2741 2739 2740
f 2743 2744 2773
f 2773 2744 2745
f 2773 2745 2775
f 2775 2745 2774
f 2774 2745 2746
f 2774 2746 2786
f 2786 2746 2747
f 2786 2747 2785
f 2785 2747 2748
f 2785 2748 2784
f 2784 2748 2749
f 2784 2749 2783
f 2783 2749 2750
f 2783 2750 2751
f 2783 2751 2782
f 2782 2751 2752
f 2782 2752 2753
f 2782 2753 2781
f 2781 2753 2754
f 2781 2754 2780
f 2780 2754 2755
f 2780 2755 2779
f 2779 2755 2756
f 2779 2756 2778
f 2778 2756 2757
f 2778 2757 2758
f 2759 2767 2758
f 2758 2767 2768
f 2758 2768 2769
f 2759 2760 2767
f 2767 2760 2766
f 2766 2760 2761
f 2766 2761 2765
f 2765 2761 2762
f 2765 2762 2764
f 2764 2762 2763
f 2758 2769 2776
f 2776 2769 2770
f 2776 2770 2771
f 2771 2772 2776
f 2776 2772 2775
f 2775 2772 2773
f 2776 2777 2758
f 2758 2777 2778
f 2787 2788 2792
f 2792 2788 2791
f 2791 2788 2789
f 2791 2789 2790
f 2793 2794 2798
f 2798 2794 2797
f 2797 2794 2795
f 2797 2795 2796
f 2799 2800 2802
f 2802 2800 2801
f 2803 2804 2806
f 2806 2804 2805
f 2808 2809 2807
f 2807 2809 2837
f 2837 2809 2838
f 2837 2838 2839
f 2809 2810 2838
f 2838 2810 2850
f 2850 2810 2811
f 2850 2811 2812
f 2812 2813 2850
f 2850 2813 2824
f 2850 2824 2849
f 2849 2824 2848
f 2848 2824 2825
f 2848 2825 2826
f 2813 2814 2824
f 2824 2814 2815
f 2824 2815 2823
f 2823 2815 2822
f 2822 2815 2816
f 2822 2816 2821
f 2821 2816 2817
f 2821 2817 2820
f 2820 2817 2818
f 2820 2818 2819
f 2848 2826 2847
f 2847 2826 2827
f 2847 2827 2846
f 2846 2827 2828
f 2846 2828 2845
f 2845 2828 2829
f 2845 2829 2844
f 2844 2829 2830
f 2844 2830 2831
f 2844 2831 2843
f 2843 2831 2832
f 2843 2832 2833
f 2843 2833 2842
f 2842 2833 2834
f 2842 2834 2841
f 2841 2834 2835
f 2841 2835 2840
f 2840 2835 2836
f 2840 2836 2839
f 2839 2836 2837
f 2851 2852 2854
f 2854 2852 2853
f 2855 2856 2860
f 2860 2856 2859
f 2859 2856 2857
f 2859 2857 2858
f 2861 2862 2864
f 2864 2862 2863
f 2865 2866 2870
f 2870 2866 2869
f 2869 2866 2867
f 2869 2867 2868
f 2871 2872 2874
f 2874 2872 2873
f 2875 2876 2880
f 2880 2876 2879
f 2879 2876 2877
f 2879 2877 2878
f 2881 2882 2884
f 2884 2882 2883
f 2885 2886 2890
f 2890 2886 2889
f 2889 2886 2887
f 2889 2887 2888
f 2891 2892 2896
f 2896 2892 2895
f 2895 2892 2893
f 2895 2893 2894
f 2897 2898 2906
f 2906 2898 2905
f 2905 2898 2899
f 2905 2899 2904
f 2904 2899 2900
f 2904 2900 2903
f 2903 2900 2901
f 2903 2901 2902
f 2907 2908 2910
f 2910 2908 2909
f 2911 2912 2916
f 2916 2912 2915
f 2915 2912 2913
f 2915 2913 2914
f 2917 2918 2922
f 2922 2918 2921
f 2921 2918 2919
f 2921 2919 2920
f 2923 2924 2928
f 2928 2924 2927
f 2927 2924 2925
f 2927 2925 2926
f 2929 2930 2932
f 2932 2930 2931
f 2933 2934 2936
f 2936 2934 2935
f 2937 2938 2942
f 2942 2938 2941
f 2941 2938 2939
f 2941 2939 2940
f 2943 2944 2946
f 2946 2944 2945
v 1.26195634 -0.0999221156 0.395527585
v 1.26195634 -0.0987917797 0.396280704
v 1.26195634 -0.0988056416 0.396301509
v 1.26195634 -0.0999359775 0.39554839
v 1.26195634 -0.0987917797 0.396280704
v 1.26292838 -0.0987917797 0.396280704
v 1.26292838 -0.0988056416 0.396301509
v 1.26195634 -0.0988056416 0.396301509
v 1.26339755 -0.0988198192 0.396262022
v 1.26357543 -0.0988891205 0.396215848
v 1.26371507 -0.0990064136 0.396137698
v 1.26371507 -0.0990202755 0.396158503
v 1.26357543 -0.0989029824 0.396236653
v 1.26339755 -0.0988336811 0.396282827
v 1.26371507 -0.0990064136 0.396137698
v 1.26380547 -0.0991619922 0.396034039
v 1.26383561 -0.099346158 0.395911333
v 1.26383561 -0.0993600199 0.395932138
v 1.26380547 -0.0991758541 0.396054844
v 1.26371507 -0.0990202755 0.396158503
v 1.26383561 -0.099346158 0.395911333
v 1.26378441 -0.0995893791 0.39574928
v 1.26363083 -0.0997711163 0.395628193
v 1.26363083 -0.0997849782 0.395648998
v 1.26378441 -0.099603241 0.395770085
v 1.26383561 -0.0993600199 0.395932138
v 1.26195634 -0.101580949 0.394422339
v 1.26145348 -0.101580949 0.394422339
v 1.26145348 -0.0984185909 0.396529352
v 1.2628869 -0.0984185909 0.396529352
v 1.26322063 -0.0984261465 0.396524318
v 1.26346494 -0.0984487971 0.396509226
v 1.26372221 -0.0985051461 0.396471682
v 1.2639341 -0.0985965584 0.396410776
v 1.26410486 -0.0987273355 0.396323642
v 1.26423868 -0.098901795 0.396207403
v 1.26432519 -0.099107794 0.39607015
v 1.26435402 -0.0993332215 0.395919953
v 1.26433474 -0.0995271571 0.395790737
v 1.26427691 -0.0997055928 0.39567185
v 1.26418051 -0.0998685206 0.395563294
v 1.26404557 -0.100015948 0.395465066
v 1.26386023 -0.100138162 0.395383638
v 1.26361269 -0.100225463 0.395325471
v 1.26330293 -0.100277844 0.395290571
v 1.26293097 -0.100295296 0.395278943
v 1.26195634 -0.100295296 0.395278943
v 1.26195634 -0.0987917797 0.396280704
v 1.26195634 -0.0999221156 0.395527585
v 1.26293874 -0.0999221156 0.395527585
v 1.26316474 -0.0999126791 0.395533872
v 1.26335542 -0.0998843618 0.39555274
v 1.26351079 -0.0998371795 0.395584176
v 1.26363083 -0.0997711163 0.395628193
v 1.26378441 -0.0995893791 0.39574928
v 1.26383561 -0.099346158 0.395911333
v 1.26380547 -0.0991619922 0.396034039
v 1.26371507 -0.0990064136 0.396137698
v 1.26357543 -0.0988891205 0.396215848
v 1.26339755 -0.0988198192 0.396262022
v 1.26321675 -0.0987987876 0.396276035
v 1.26292838 -0.0987917797 0.396280704
v 1.26292838 -0.0987917797 0.396280704
v 1.26321675 -0.0987987876 0.396276035
v 1.26339755 -0.0988198192 0.396262022
v 1.26339755 -0.0988336811 0.396282827
v 1.26321675 -0.0988126495 0.39629684
v 1.26292838 -0.0988056416 0.396301509
v 1.26363083 -0.0997711163 0.395628193
v 1.26351079 -0.0998371795 0.395584176
v 1.26335542 -0.0998843618 0.39555274
v 1.26316474 -0.0999126791 0.395533872
v 1.26293874 -0.0999221156 0.395527585
v 1.26293874 -0.0999359775 0.39554839
v 1.26316474 -0.099926541 0.395554677
v 1.26335542 -0.0998982237 0.395573545
v 1.26351079 -0.0998510414 0.395604981
v 1.26363083 -0.0997849782 0.395648998
v 1.26293874 -0.0999221156 0.395527585
v 1.26195634 -0.0999221156 0.395527585
v 1.26195634 -0.0999359775 0.39554839
v 1.26293874 -0.0999359775 0.39554839
v 1.26145348 -0.0984185909 0.396529352
v 1.26145348 -0.101580949 0.394422339
v 1.26145348 -0.101594811 0.394443144
v 1.26145348 -0.0984324529 0.396550157
v 1.26145348 -0.101594811 0.394443144
v 1.26195634 -0.101594811 0.394443144
v 1.26195634 -0.100309158 0.395299748
v 1.26293097 -0.100309158 0.395299748
v 1.26330293 -0.100291706 0.395311376
v 1.26361269 -0.100239325 0.395346276
v 1.26386023 -0.100152024 0.395404443
v 1.26404557 -0.10002981 0.395485871
v 1.26418051 -0.0998823825 0.395584099
v 1.26427691 -0.0997194547 0.395692655
v 1.26433474 -0.0995410191 0.395811542
v 1.26435402 -0.0993470835 0.395940758
v 1.26432519 -0.099121656 0.396090955
v 1.26423868 -0.0989156569 0.396228208
v 1.26410486 -0.0987411974 0.396344447
v 1.2639341 -0.0986104203 0.396431581
v 1.26372221 -0.098519008 0.396492487
v 1.26346494 -0.0984626591 0.396530031
v 1.26322063 -0.0984400084 0.396545122
v 1.2628869 -0.0984324529 0.396550157
v 1.26145348 -0.0984324529 0.396550157
v 1.26195634 -0.0999359775 0.39554839
v 1.26195634 -0.0988056416 0.396301509
v 1.26292838 -0.0988056416 0.396301509
v 1.26321675 -0.0988126495 0.39629684
v 1.26339755 -0.0988336811 0.396282827
v 1.26357543 -0.0989029824 0.396236653
v 1.26371507 -0.0990202755 0.396158503
v 1.26380547 -0.0991758541 0.396054844
v 1.26383561 -0.0993600199 0.395932138
v 1.26378441 -0.099603241 0.395770085
v 1.26363083 -0.0997849782 0.395648998
v 1.26351079 -0.0998510414 0.395604981
v 1.26335542 -0.0998982237 0.395573545
v 1.26316474 -0.099926541 0.395554677
v 1.26293874 -0.0999359775 0.39554839
v 1.2628869 -0.0984185909 0.396529352
v 1.26145348 -0.0984185909 0.396529352
v 1.26145348 -0.0984324529 0.396550157
v 1.2628869 -0.0984324529 0.396550157
v 1.26346494 -0.0984487971 0.396509226
v 1.26322063 -0.0984261465 0.396524318
v 1.2628869 -0.0984185909 0.396529352
v 1.2628869 -0.0984324529 0.396550157
v 1.26322063 -0.0984400084 0.396545122
v 1.26346494 -0.0984626591 0.396530031
v 1.26145348 -0.101580949 0.394422339
v 1.26195634 -0.101580949 0.394422339
v 1.26195634 -0.101594811 0.394443144
v 1.26145348 -0.101594811 0.394443144
v 1.2639341 -0.0985965584 0.396410776
v 1.26372221 -0.0985051461 0.396471682
v 1.26346494 -0.0984487971 0.396509226
v 1.26346494 -0.0984626591 0.396530031
v 1.26372221 -0.098519008 0.396492487
v 1.2639341 -0.0986104203 0.396431581
v 1.26195634 -0.101580949 0.394422339
v 1.26195634 -0.100295296 0.395278943
v 1.26195634 -0.100309158 0.395299748
v 1.26195634 -0.101594811 0.394443144
v 1.26423868 -0.098901795 0.396207403
v 1.26410486 -0.0987273355 0.396323642
v 1.2639341 -0.0985965584 0.396410776
v 1.2639341 -0.0986104203 0.396431581
v 1.26410486 -0.0987411974 0.396344447
v 1.26423868 -0.0989156569 0.396228208
v 1.26195634 -0.100295296 0.395278943
v 1.26293097 -0.100295296 0.395278943
v 1.26293097 -0.100309158 0.395299748
v 1.26195634 -0.100309158 0.395299748
v 1.26435402 -0.0993332215 0.395919953
v 1.26432519 -0.099107794 0.39607015
v 1.26423868 -0.098901795 0.396207403
v 1.26423868 -0.0989156569 0.396228208
v 1.26432519 -0.099121656 0.396090955
v 1.26435402 -0.0993470835 0.395940758
v 1.26293097 -0.100295296 0.395278943
v 1.26330293 -0.100277844 0.395290571
v 1.26361269 -0.100225463 0.395325471
v 1.26386023 -0.100138162 0.395383638
v 1.26404557 -0.100015948 0.395465066
v 1.26404557 -0.10002981 0.395485871
v 1.26386023 -0.100152024 0.395404443
v 1.26361269 -0.100239325 0.395346276
v 1.26330293 -0.100291706 0.395311376
v 1.26293097 -0.100309158 0.395299748
v 1.26404557 -0.100015948 0.395465066
v 1.26418051 -0.0998685206 0.395563294
v 1.26427691 -0.0997055928 0.39567185
v 1.26433474 -0.0995271571 0.395790737
v 1.26435402 -0.0993332215 0.395919953
v 1.26435402 -0.0993470835 0.395940758
v 1.26433474 -0.0995410191 0.395811542
v 1.26427691 -0.0997194547 0.395692655
v 1.26418051 -0.0998823825 0.395584099
v 1.26404557 -0.10002981 0.395485871
f 2947 2948 2950
f 2950 2948 2949
f 2951 2952 2954
f 2954 2952 2953
f 2955 2956 2960
f 2960 2956 2959
f 2959 2956 2957
f 2959 2957 2958
f 2961 2962 2966
f 2966 2962 2965
f 2965 2962 2963
f 2965 2963 2964
f 2967 2968 2972
f 2972 2968 2971
f 2971 2968 2969
f 2971 2969 2970
f 2973 2974 2993
f 2993 2974 2995
f 2993 2995 2992
f 2992 2995 2996
f 2992 2996 2997
f 2974 2975 2995
f 2995 2975 2994
f 2994 2975 2976
f 2994 2976 3008
f 3008 2976 2977
f 3008 2977 3007
f 3007 2977 3006
f 3006 2977 2978
f 3006 2978 3005
f 3005 2978 2979
f 3005 2979 2980
f 3005 2980 3004
f 3004 2980 2981
f 3004 2981 3003
f 3003 2981 2982
f 3003 2982 2983
f 3003 2983 3002
f 3002 2983 2984
f 3002 2984 2985
f 2985 2986 3002
f 3002 2986 3001
f 3001 2986 2987
f 3001 2987 2988
f 3001 2988 3000
f 3000 2988 2989
f 3000 2989 2990
f 2991 2998 2990
f 2990 2998 2999
f 2990 2999 3000
f 2998 2991 2997
f 2997 2991 2992
f 3009 3010 3014
f 3014 3010 3013
f 3013 3010 3011
f 3013 3011 3012
f 3015 3016 3024
f 3024 3016 3023
f 3023 3016 3017
f 3023 3017 3022
f 3022 3017 3018
f 3022 3018 3021
f 3021 3018 3019
f 3021 3019 3020
f 3025 3026 3028
f 3028 3026 3027
f 3029 3030 3032
f 3032 3030 3031
f 3034 3035 3033
f 3033 3035 3054
f 3033 3054 3053
f 3053 3054 3055
f 3053 3055 3052
f 3052 3055 3056
f 3052 3056 3051
f 3051 3056 3057
f 3051 3057 3058
f 3035 3036 3054
f 3054 3036 3068
f 3068 3036 3067
f 3067 3036 3037
f 3067 3037 3066
f 3066 3037 3038
f 3066 3038 3065
f 3065 3038 3064
f 3064 3038 3039
f 3064 3039 3040
f 3064 3040 3063
f 3063 3040 3041
f 3063 3041 3042
f 3063 3042 3062
f 3062 3042 3043
f 3062 3043 3044
f 3044 3045 3062
f 3062 3045 3061
f 3061 3045 3046
f 3061 3046 3047
f 3061 3047 3060
f 3060 3047 3048
f 3060 3048 3059
f 3059 3048 3049
f 3059 3049 3050
f 3059 3050 3058
f 3058 3050 3051
f 3069 3070 3072
f 3072 3070 3071
f 3073 3074 3078
f 3078 3074 3077
f 3077 3074 3075
f 3077 3075 3076
f 3079 3080 3082
f 3082 3080 3081
f 3083 3084 3088
f 3088 3084 3087
f 3087 3084 3085
f 3087 3085 3086
f 3089 3090 3092
f 3092 3090 3091
f 3093 3094 3098
f 3098 3094 3097
f 3097 3094 3095
f 3097 3095 3096
f 3099 3100 3102
f 3102 3100 3101
f 3103 3104 3108
f 3108 3104 3107
f 3107 3104 3105
f 3107 3105 3106
f 3109 3110 3118
f 3118 3110 3117
f 3117 3110 3111
f 3117 3111 3116
f 3116 3111 3112
f 3116 3112 3115
f 3115 3112 3113
f 3115 3113 3114
f 3119 3120 3128
f 3128 3120 3127
f 3127 3120 3121
f 3127 3121 3126
f 3126 3121 3122
f 3126 3122 3125
f 3125 3122 3123
f 3125 3123 3124
v 1.27750369 -0.100564938 0.395099286
v 1.27756103 -0.100865595 0.394898965
v 1.27771235 -0.101133348 0.394720567
v 1.27771235 -0.10114721 0.394741372
v 1.27756103 -0.100879457 0.394919769
v 1.27750369 -0.1005788 0.395120091
v 1.28004393 -0.100722413 0.394994364
v 1.28001704 -0.100863437 0.394900403
v 1.27993636 -0.100993134 0.394813988
v 1.27993636 -0.101006996 0.394834793
v 1.28001704 -0.100877298 0.394921208
v 1.28004393 -0.100736275 0.395015169
v 1.27960846 -0.101188356 0.394683916
v 1.27937129 -0.101241744 0.394648344
v 1.2791004 -0.101259538 0.394636489
v 1.2791004 -0.1012734 0.394657294
v 1.27937129 -0.101255606 0.394669149
v 1.27960846 -0.101202218 0.394704721
v 1.2791004 -0.101259538 0.394636489
v 1.2787926 -0.101236078 0.39465212
v 1.27851718 -0.101165705 0.394699008
v 1.27851718 -0.101179567 0.394719813
v 1.2787926 -0.10124994 0.394672925
v 1.2791004 -0.1012734 0.394657294
v 1.27851718 -0.101165705 0.394699008
v 1.278292 -0.101057309 0.39477123
v 1.27813486 -0.100919785 0.394862859
v 1.27813486 -0.100933647 0.394883664
v 1.278292 -0.101071171 0.394792035
v 1.27851718 -0.101179567 0.394719813
v 1.27771235 -0.101133348 0.394720567
v 1.27756103 -0.100865595 0.394898965
v 1.27750369 -0.100564938 0.395099286
v 1.27797803 -0.10053043 0.395122278
v 1.27803409 -0.100746413 0.394978373
v 1.27813486 -0.100919785 0.394862859
v 1.278292 -0.101057309 0.39477123
v 1.27851718 -0.101165705 0.394699008
v 1.2787926 -0.101236078 0.39465212
v 1.2791004 -0.101259538 0.394636489
v 1.27937129 -0.101241744 0.394648344
v 1.27960846 -0.101188356 0.394683916
v 1.27980059 -0.101103951 0.394740153
v 1.27993636 -0.100993134 0.394813988
v 1.28001704 -0.100863437 0.394900403
v 1.28004393 -0.100722413 0.394994364
v 1.28001801 -0.100583009 0.395087246
v 1.27994025 -0.100462478 0.395167553
v 1.27980286 -0.10036028 0.395235645
v 1.27959809 -0.100275884 0.395291877
v 1.27949846 -0.100247638 0.395310696
v 1.27935249 -0.100212519 0.395334095
v 1.27916019 -0.100170519 0.395362079
v 1.27892155 -0.100121646 0.395394642
v 1.27867936 -0.100070083 0.395428997
v 1.27847637 -0.100019996 0.395462369
v 1.27831257 -0.0999713931 0.395494752
v 1.278188 -0.0999242743 0.395526147
v 1.27795049 -0.0997913384 0.395614719
v 1.27778233 -0.0996298233 0.395722333
v 1.27768221 -0.0994434988 0.395846477
v 1.27764884 -0.0992361506 0.395984629
v 1.27768966 -0.0990045247 0.396138956
v 1.27781214 -0.0987885416 0.396282861
v 1.27801302 -0.0986054551 0.396404848
v 1.27828909 -0.0984725193 0.39649342
v 1.27862023 -0.0983916308 0.396547315
v 1.27898635 -0.0983646626 0.396565283
v 1.27938392 -0.09839298 0.396546416
v 1.27973158 -0.0984779161 0.396489825
v 1.28001704 -0.0986178598 0.396396583
v 1.28022796 -0.0988111923 0.39626777
v 1.28036146 -0.0990457785 0.39611147
v 1.2804146 -0.0993094915 0.395935763
v 1.27993247 -0.0993396898 0.395915643
v 1.27984726 -0.0990765164 0.39609099
v 1.27966938 -0.0988866919 0.396217466
v 1.27939169 -0.0987718274 0.396293998
v 1.2790071 -0.0987335339 0.396319512
v 1.27861277 -0.0987683194 0.396296335
v 1.27834222 -0.0988726682 0.39622681
v 1.27818573 -0.099026096 0.396124584
v 1.27813356 -0.0992081031 0.396003316
v 1.2781705 -0.0993634198 0.395899832
v 1.27828131 -0.0994885303 0.395816474
v 1.27838313 -0.0995438793 0.395779596
v 1.27854343 -0.0995998949 0.395742274
v 1.27876222 -0.0996565851 0.395704502
v 1.27903949 -0.0997139499 0.395666281
v 1.27932195 -0.0997698385 0.395629044
v 1.27955629 -0.0998220764 0.395594239
v 1.27974251 -0.0998706793 0.395561856
v 1.27988062 -0.0999156474 0.395531895
v 1.280169 -0.100059901 0.395435782
v 1.28037053 -0.100238138 0.395317026
v 1.28048912 -0.100448185 0.395177076
v 1.28052865 -0.100687898 0.395017361
v 1.28048523 -0.100933 0.394854054
v 1.28035498 -0.101163546 0.394700446
v 1.2801434 -0.101362006 0.394568217
v 1.279856 -0.101510846 0.394469048
v 1.27951028 -0.10160387 0.394407068
v 1.27912374 -0.101634877 0.394386408
v 1.27864971 -0.1016036 0.394407248
v 1.27825927 -0.101509767 0.394469767
v 1.27794822 -0.101353101 0.39457415
v 1.27993636 -0.100993134 0.394813988
v 1.27980059 -0.101103951 0.394740153
v 1.27960846 -0.101188356 0.394683916
v 1.27960846 -0.101202218 0.394704721
v 1.27980059 -0.101117813 0.394760958
v 1.27993636 -0.101006996 0.394834793
v 1.27813486 -0.100919785 0.394862859
v 1.27803409 -0.100746413 0.394978373
v 1.27797803 -0.10053043 0.395122278
v 1.27797803 -0.100544292 0.395143083
v 1.27803409 -0.100760275 0.394999178
v 1.27813486 -0.100933647 0.394883664
v 1.27797803 -0.10053043 0.395122278
v 1.27750369 -0.100564938 0.395099286
v 1.27750369 -0.1005788 0.395120091
v 1.27797803 -0.100544292 0.395143083
v 1.27750369 -0.1005788 0.395120091
v 1.27756103 -0.100879457 0.394919769
v 1.27771235 -0.10114721 0.394741372
v 1.27794822 -0.101366963 0.394594955
v 1.27825927 -0.101523629 0.394490572
v 1.27864971 -0.101617462 0.394428053
v 1.27912374 -0.101648739 0.394407213
v 1.27951028 -0.101617731 0.394427873
v 1.279856 -0.101524708 0.394489852
v 1.2801434 -0.101375868 0.394589022
v 1.28035498 -0.101177408 0.394721251
v 1.28048523 -0.100946862 0.394874859
v 1.28052865 -0.10070176 0.395038166
v 1.28048912 -0.100462046 0.395197881
v 1.28037053 -0.100252 0.395337831
v 1.280169 -0.100073763 0.395456587
v 1.27988062 -0.0999295093 0.3955527
v 1.27974251 -0.0998845412 0.395582661
v 1.27955629 -0.0998359383 0.395615044
v 1.27932195 -0.0997837004 0.395649849
v 1.27903949 -0.0997278118 0.395687086
v 1.27876222 -0.099670447 0.395725307
v 1.27854343 -0.0996137568 0.395763079
v 1.27838313 -0.0995577412 0.395800401
v 1.27828131 -0.0995023922 0.395837279
v 1.2781705 -0.0993772817 0.395920637
v 1.27813356 -0.099221965 0.396024121
v 1.27818573 -0.0990399579 0.396145389
v 1.27834222 -0.0988865301 0.396247615
v 1.27861277 -0.0987821814 0.39631714
v 1.2790071 -0.0987473958 0.396340317
v 1.27939169 -0.0987856893 0.396314803
v 1.27966938 -0.0989005538 0.396238271
v 1.27984726 -0.0990903783 0.396111795
v 1.27993247 -0.0993535517 0.395936448
v 1.2804146 -0.0993233534 0.395956568
v 1.28036146 -0.0990596404 0.396132275
v 1.28022796 -0.0988250542 0.396288575
v 1.28001704 -0.0986317218 0.396417388
v 1.27973158 -0.098491778 0.39651063
v 1.27938392 -0.0984068419 0.396567221
v 1.27898635 -0.0983785245 0.396586088
v 1.27862023 -0.0984054927 0.39656812
v 1.27828909 -0.0984863812 0.396514225
v 1.27801302 -0.0986193171 0.396425653
v 1.27781214 -0.0988024035 0.396303666
v 1.27768966 -0.0990183866 0.396159761
v 1.27764884 -0.0992500125 0.396005434
v 1.27768221 -0.0994573607 0.395867282
v 1.27778233 -0.0996436852 0.395743138
v 1.27795049 -0.0998052003 0.395635524
v 1.278188 -0.0999381362 0.395546952
v 1.27831257 -0.099985255 0.395515557
v 1.27847637 -0.100033858 0.395483174
v 1.27867936 -0.100083945 0.395449802
v 1.27892155 -0.100135508 0.395415447
v 1.27916019 -0.100184381 0.395382884
v 1.27935249 -0.100226381 0.3953549
v 1.27949846 -0.1002615 0.395331501
v 1.27959809 -0.100289746 0.395312682
v 1.27980286 -0.100374142 0.39525645
v 1.27994025 -0.10047634 0.395188358
v 1.28001801 -0.100596871 0.395108051
v 1.28004393 -0.100736275 0.395015169
v 1.28001704 -0.100877298 0.394921208
v 1.27993636 -0.101006996 0.394834793
v 1.27980059 -0.101117813 0.394760958
v 1.27960846 -0.101202218 0.394704721
v 1.27937129 -0.101255606 0.394669149
v 1.2791004 -0.1012734 0.394657294
v 1.2787926 -0.10124994 0.394672925
v 1.27851718 -0.101179567 0.394719813
v 1.278292 -0.101071171 0.394792035
v 1.27813486 -0.100933647 0.394883664
v 1.27803409 -0.100760275 0.394999178
v 1.27797803 -0.100544292 0.395143083
v 1.27994025 -0.100462478 0.395167553
v 1.28001801 -0.100583009 0.395087246
v 1.28004393 -0.100722413 0.394994364
v 1.28004393 -0.100736275 0.395015169
v 1.28001801 -0.100596871 0.395108051
v 1.27994025 -0.10047634 0.395188358
v 1.27771235 -0.101133348 0.394720567
v 1.27794822 -0.101353101 0.39457415
v 1.27825927 -0.101509767 0.394469767
v 1.27825927 -0.101523629 0.394490572
v 1.27794822 -0.101366963 0.394594955
v 1.27771235 -0.10114721 0.394741372
v 1.27959809 -0.100275884 0.395291877
v 1.27980286 -0.10036028 0.395235645
v 1.27994025 -0.100462478 0.395167553
v 1.27994025 -0.10047634 0.395188358
v 1.27980286 -0.100374142 0.39525645
v 1.27959809 -0.100289746 0.395312682
v 1.27825927 -0.101509767 0.394469767
v 1.27864971 -0.1016036 0.394407248
v 1.27912374 -0.101634877 0.394386408
v 1.27912374 -0.101648739 0.394407213
v 1.27864971 -0.101617462 0.394428053
v 1.27825927 -0.101523629 0.394490572
v 1.27892155 -0.100121646 0.395394642
v 1.27916019 -0.100170519 0.395362079
v 1.27935249 -0.100212519 0.395334095
v 1.27949846 -0.100247638 0.395310696
v 1.27959809 -0.100275884 0.395291877
v 1.27959809 -0.100289746 0.395312682
v 1.27949846 -0.1002615 0.395331501
v 1.27935249 -0.100226381 0.3953549
v 1.27916019 -0.100184381 0.395382884
v 1.27892155 -0.100135508 0.395415447
v 1.27912374 -0.101634877 0.394386408
v 1.27951028 -0.10160387 0.394407068
v 1.279856 -0.101510846 0.394469048
v 1.279856 -0.101524708 0.394489852
v 1.27951028 -0.101617731 0.394427873
v 1.27912374 -0.101648739 0.394407213
v 1.278188 -0.0999242743 0.395526147
v 1.27831257 -0.0999713931 0.395494752
v 1.27847637 -0.100019996 0.395462369
v 1.27867936 -0.100070083 0.395428997
v 1.27892155 -0.100121646 0.395394642
v 1.27892155 -0.100135508 0.395415447
v 1.27867936 -0.100083945 0.395449802
v 1.27847637 -0.100033858 0.395483174
v 1.27831257 -0.099985255 0.395515557
v 1.278188 -0.0999381362 0.395546952
v 1.279856 -0.101510846 0.394469048
v 1.2801434 -0.101362006 0.394568217
v 1.28035498 -0.101163546 0.394700446
v 1.28035498 -0.101177408 0.394721251
v 1.2801434 -0.101375868 0.394589022
v 1.279856 -0.101524708 0.394489852
v 1.27778233 -0.0996298233 0.395722333
v 1.27795049 -0.0997913384 0.395614719
v 1.278188 -0.0999242743 0.395526147
v 1.278188 -0.0999381362 0.395546952
v 1.27795049 -0.0998052003 0.395635524
v 1.27778233 -0.0996436852 0.395743138
v 1.28035498 -0.101163546 0.394700446
v 1.28048523 -0.100933 0.394854054
v 1.28052865 -0.100687898 0.395017361
v 1.28052865 -0.10070176 0.395038166
v 1.28048523 -0.100946862 0.394874859
v 1.28035498 -0.101177408 0.394721251
v 1.27764884 -0.0992361506 0.395984629
v 1.27768221 -0.0994434988 0.395846477
v 1.27778233 -0.0996298233 0.395722333
v 1.27778233 -0.0996436852 0.395743138
v 1.27768221 -0.0994573607 0.395867282
v 1.27764884 -0.0992500125 0.396005434
v 1.28052865 -0.100687898 0.395017361
v 1.28048912 -0.100448185 0.395177076
v 1.28037053 -0.100238138 0.395317026
v 1.28037053 -0.100252 0.395337831
v 1.28048912 -0.100462046 0.395197881
v 1.28052865 -0.10070176 0.395038166
v 1.27781214 -0.0987885416 0.396282861
v 1.27768966 -0.0990045247 0.396138956
v 1.27764884 -0.0992361506 0.395984629
v 1.27764884 -0.0992500125 0.396005434
v 1.27768966 -0.0990183866 0.396159761
v 1.27781214 -0.0988024035 0.396303666
v 1.28037053 -0.100238138 0.395317026
v 1.280169 -0.100059901 0.395435782
v 1.27988062 -0.0999156474 0.395531895
v 1.27988062 -0.0999295093 0.3955527
v 1.280169 -0.100073763 0.395456587
v 1.28037053 -0.100252 0.395337831
v 1.27828909 -0.0984725193 0.39649342
v 1.27801302 -0.0986054551 0.396404848
v 1.27781214 -0.0987885416 0.396282861
v 1.27781214 -0.0988024035 0.396303666
v 1.27801302 -0.0986193171 0.396425653
v 1.27828909 -0.0984863812 0.396514225
v 1.27988062 -0.0999156474 0.395531895
v 1.27974251 -0.0998706793 0.395561856
v 1.27955629 -0.0998220764 0.395594239
v 1.27932195 -0.0997698385 0.395629044
v 1.27903949 -0.0997139499 0.395666281
v 1.27903949 -0.0997278118 0.395687086
v 1.27932195 -0.0997837004 0.395649849
v 1.27955629 -0.0998359383 0.395615044
v 1.27974251 -0.0998845412 0.395582661
v 1.27988062 -0.0999295093 0.3955527
v 1.27898635 -0.0983646626 0.396565283
v 1.27862023 -0.0983916308 0.396547315
v 1.27828909 -0.0984725193 0.39649342
v 1.27828909 -0.0984863812 0.396514225
v 1.27862023 -0.0984054927 0.39656812
v 1.27898635 -0.0983785245 0.396586088
v 1.27828131 -0.0994885303 0.395816474
v 1.2781705 -0.0993634198 0.395899832
v 1.27813356 -0.0992081031 0.396003316
v 1.27813356 -0.099221965 0.396024121
v 1.2781705 -0.0993772817 0.395920637
v 1.27828131 -0.0995023922 0.395837279
v 1.28022796 -0.0988111923 0.39626777
v 1.28001704 -0.0986178598 0.396396583
v 1.27973158 -0.0984779161 0.396489825
v 1.27973158 -0.098491778 0.39651063
v 1.28001704 -0.0986317218 0.396417388
v 1.28022796 -0.0988250542 0.396288575
v 1.27903949 -0.0997139499 0.395666281
v 1.27876222 -0.0996565851 0.395704502
v 1.27854343 -0.0995998949 0.395742274
v 1.27838313 -0.0995438793 0.395779596
v 1.27828131 -0.0994885303 0.395816474
v 1.27828131 -0.0995023922 0.395837279
v 1.27838313 -0.0995577412 0.395800401
v 1.27854343 -0.0996137568 0.395763079
v 1.27876222 -0.099670447 0.395725307
v 1.27903949 -0.0997278118 0.395687086
v 1.27973158 -0.0984779161 0.396489825
v 1.27938392 -0.09839298 0.396546416
v 1.27898635 -0.0983646626 0.396565283
v 1.27898635 -0.0983785245 0.396586088
v 1.27938392 -0.0984068419 0.396567221
v 1.27973158 -0.098491778 0.39651063
v 1.27834222 -0.0988726682 0.39622681
v 1.27861277 -0.0987683194 0.396296335
v 1.2790071 -0.0987335339 0.396319512
v 1.2790071 -0.0987473958 0.396340317
v 1.27861277 -0.0987821814 0.39631714
v 1.27834222 -0.0988865301 0.396247615
v 1.27993247 -0.0993396898 0.395915643
v 1.2804146 -0.0993094915 0.395935763
v 1.2804146 -0.0993233534 0.395956568
v 1.27993247 -0.0993535517 0.395936448
v 1.27813356 -0.0992081031 0.396003316
v 1.27818573 -0.099026096 0.396124584
v 1.27834222 -0.0988726682 0.39622681
v 1.27834222 -0.0988865301 0.396247615
v 1.27818573 -0.0990399579 0.396145389
v 1.27813356 -0.099221965 0.396024121
v 1.2804146 -0.0993094915 0.395935763
v 1.28036146 -0.0990457785 0.39611147
v 1.28022796 -0.0988111923 0.39626777
v 1.28022796 -0.0988250542 0.396288575
v 1.28036146 -0.0990596404 0.396132275
v 1.2804146 -0.0993233534 0.395956568
v 1.2790071 -0.0987335339 0.396319512
v 1.27939169 -0.0987718274 0.396293998
v 1.27966938 -0.0988866919 0.396217466
v 1.27966938 -0.0989005538 0.396238271
v 1.27939169 -0.0987856893 0.396314803
v 1.2790071 -0.0987473958 0.396340317
v 1.27966938 -0.0988866919 0.396217466
v 1.27984726 -0.0990765164 0.39609099
v 1.27993247 -0.0993396898 0.395915643
v 1.27993247 -0.0993535517 0.395936448
v 1.27984726 -0.0990903783 0.396111795
v 1.27966938 -0.0989005538 0.396238271
f 3129 3130 3134
f 3134 3130 3133
f 3133 3130 3131
f 3133 3131 3132
f 3135 3136 3140
f 3140 3136 3139
f 3139 3136 3137
f 3139 3137 3138
f 3141 3142 3146
f 3146 3142 3145
f 3145 3142 3143
f 3145 3143 3144
f 3147 3148 3152
f 3152 3148 3151
f 3151 3148 3149
f 3151 3149 3150
f 3153 3154 3158
f 3158 3154 3157
f 3157 3154 3155
f 3157 3155 3156
f 3160 3163 3159
f 3159 3163 3164
f 3159 3164 3234
f 3234 3164 3165
f 3234 3165 3233
f 3233 3165 3166
f 3233 3166 3232
f 3232 3166 3167
f 3232 3167 3231
f 3231 3167 3168
f 3231 3168 3169
f 3161 3162 3160
f 3160 3162 3163
f 3231 3169 3230
f 3230 3169 3170
f 3230 3170 3229
f 3229 3170 3171
f 3229 3171 3228
f 3228 3171 3172
f 3228 3172 3227
f 3227 3172 3173
f 3227 3173 3226
f 3226 3173 3174
f 3226 3174 3225
f 3225 3174 3224
f 3224 3174 3175
f 3224 3175 3223
f 3223 3175 3176
f 3223 3176 3222
f 3222 3176 3177
f 3222 3177 3221
f 3221 3177 3178
f 3221 3178 3220
f 3220 3178 3219
f 3219 3178 3179
f 3219 3179 3180
f 3219 3180 3218
f 3218 3180 3181
f 3218 3181 3217
f 3217 3181 3182
f 3217 3182 3216
f 3216 3182 3183
f 3216 3183 3184
f 3216 3184 3215
f 3215 3184 3185
f 3215 3185 3214
f 3214 3185 3186
f 3214 3186 3213
f 3213 3186 3187
f 3213 3187 3212
f 3212 3187 3188
f 3212 3188 3189
f 3212 3189 3211
f 3211 3189 3190
f 3211 3190 3191
f 3211 3191 3210
f 3210 3191 3192
f 3210 3192 3193
f 3210 3193 3209
f 3209 3193 3194
f 3209 3194 3208
f 3208 3194 3195
f 3208 3195 3207
f 3207 3195 3196
f 3207 3196 3197
f 3207 3197 3206
f 3206 3197 3198
f 3206 3198 3205
f 3205 3198 3199
f 3205 3199 3204
f 3204 3199 3200
f 3204 3200 3201
f 3202 3203 3201
f 3201 3203 3204
f 3235 3236 3240
f 3240 3236 3239
f 3239 3236 3237
f 3239 3237 3238
f 3241 3242 3246
f 3246 3242 3245
f 3245 3242 3243
f 3245 3243 3244
f 3247 3248 3250
f 3250 3248 3249
f 3251 3252 3326
f 3326 3252 3325
f 3325 3252 3253
f 3325 3253 3324
f 3324 3253 3254
f 3324 3254 3323
f 3323 3254 3255
f 3323 3255 3322
f 3322 3255 3256
f 3322 3256 3321
f 3321 3256 3257
f 3321 3257 3320
f 3320 3257 3319
f 3319 3257 3258
f 3319 3258 3318
f 3318 3258 3259
f 3318 3259 3317
f 3317 3259 3260
f 3317 3260 3316
f 3316 3260 3261
f 3316 3261 3315
f 3315 3261 3262
f 3315 3262 3314
f 3314 3262 3263
f 3314 3263 3264
f 3314 3264 3313
f 3313 3264 3265
f 3313 3265 3312
f 3312 3265 3266
f 3312 3266 3311
f 3311 3266 3267
f 3311 3267 3310
f 3310 3267 3268
f 3310 3268 3269
f 3270 3308 3269
f 3269 3308 3309
f 3269 3309 3310
f 3308 3270 3307
f 3307 3270 3271
f 3307 3271 3306
f 3306 3271 3272
f 3306 3272 3305
f 3305 3272 3304
f 3304 3272 3273
f 3304 3273 3303
f 3303 3273 3274
f 3303 3274 3302
f 3302 3274 3275
f 3302 3275 3301
f 3301 3275 3276
f 3301 3276 3300
f 3300 3276 3299
f 3299 3276 3277
f 3299 3277 3298
f 3298 3277 3297
f 3297 3277 3278
f 3297 3278 3296
f 3296 3278 3295
f 3295 3278 3279
f 3295 3279 3294
f 3294 3279 3280
f 3294 3280 3293
f 3293 3280 3281
f 3293 3281 3292
f 3292 3281 3291
f 3291 3281 3282
f 3291 3282 3290
f 3290 3282 3283
f 3290 3283 3289
f 3289 3283 3284
f 3289 3284 3288
f 3288 3284 3287
f 3287 3284 3285
f 3287 3285 3286
f 3327 3328 3332
f 3332 3328 3331
f 3331 3328 3329
f 3331 3329 3330
f 3333 3334 3338
f 3338 3334 3337
f 3337 3334 3335
f 3337 3335 3336
f 3339 3340 3344
f 3344 3340 3343
f 3343 3340 3341
f 3343 3341 3342
f 3345 3346 3350
f 3350 3346 3349
f 3349 3346 3347
f 3349 3347 3348
f 3351 3352 3360
f 3360 3352 3359
f 3359 3352 3353
f 3359 3353 3358
f 3358 3353 3354
f 3358 3354 3357
f 3357 3354 3355
f 3357 3355 3356
f 3361 3362 3366
f 3366 3362 3365
f 3365 3362 3363
f 3365 3363 3364
f 3367 3368 3376
f 3376 3368 3375
f 3375 3368 3369
f 3375 3369 3374
f 3374 3369 3370
f 3374 3370 3373
f 3373 3370 3371
f 3373 3371 3372
f 3377 3378 3382
f 3382 3378 3381
f 3381 3378 3379
f 3381 3379 3380
f 3383 3384 3388
f 3388 3384 3387
f 3387 3384 3385
f 3387 3385 3386
f 3389 3390 3394
f 3394 3390 3393
f 3393 3390 3391
f 3393 3391 3392
f 3395 3396 3400
f 3400 3396 3399
f 3399 3396 3397
f 3399 3397 3398
f 3401 3402 3406
f 3406 3402 3405
f 3405 3402 3403
f 3405 3403 3404
f 3407 3408 3412
f 3412 3408 3411
f 3411 3408 3409
f 3411 3409 3410
f 3413 3414 3418
f 3418 3414 3417
f 3417 3414 3415
f 3417 3415 3416
f 3419 3420 3424
f 3424 3420 3423
f 3423 3420 3421
f 3423 3421 3422
f 3425 3426 3434
f 3434 3426 3433
f 3433 3426 3427
f 3433 3427 3432
f 3432 3427 3428
f 3432 3428 3431
f 3431 3428 3429
f 3431 3429 3430
f 3435 3436 3440
f 3440 3436 3439
f 3439 3436 3437
f 3439 3437 3438
f 3441 3442 3446
f 3446 3442 3445
f 3445 3442 3443
f 3445 3443 3444
f 3447 3448 3452
f 3452 3448 3451
f 3451 3448 3449
f 3451 3449 3450
f 3453 3454 3462
f 3462 3454 3461
f 3461 3454 3455
f 3461 3455 3460
f 3460 3455 3456
f 3460 3456 3459
f 3459 3456 3457
f 3459 3457 3458
f 3463 3464 3468
f 3468 3464 3467
f 3467 3464 3465
f 3467 3465 3466
f 3469 3470 3474
f 3474 3470 3473
f 3473 3470 3471
f 3473 3471 3472
f 3475 3476 3478
f 3478 3476 3477
f 3479 3480 3484
f 3484 3480 3483
f 3483 3480 3481
f 3483 3481 3482
f 3485 3486 3490
f 3490 3486 3489
f 3489 3486 3487
f 3489 3487 3488
f 3491 3492 3496
f 3496 3492 3495
f 3495 3492 3493
f 3495 3493 3494
f 3497 3498 3502
f 3502 3498 3501
f 3501 3498 3499
f 3501 3499 3500
v 1.27007736 -0.100047226 0.395444227
v 1.27010141 -0.0997157753 0.395665065
v 1.27017358 -0.0994354115 0.395851866
v 1.27029387 -0.0992061507 0.396004617
v 1.27046228 -0.0990279849 0.396123325
v 1.27046228 -0.0990418468 0.39614413
v 1.27029387 -0.0992200126 0.396025422
v 1.27017358 -0.0994492735 0.395872671
v 1.27010141 -0.0997296372 0.39568587
v 1.27007736 -0.100061088 0.395465032
v 1.27138117 -0.0987227482 0.396326698
v 1.27173855 -0.098762383 0.39630029
v 1.27205901 -0.0988812951 0.396221062
v 1.27205901 -0.098895157 0.396241867
v 1.27173855 -0.0987762449 0.396321095
v 1.27138117 -0.0987366102 0.396347503
v 1.2725178 -0.0993278247 0.395923548
v 1.27263542 -0.0996403391 0.395715327
v 1.27267462 -0.100001933 0.395474405
v 1.27267462 -0.100015795 0.39549521
v 1.27263542 -0.0996542011 0.395736132
v 1.2725178 -0.0993416867 0.395944353
v 1.27267462 -0.100001933 0.395474405
v 1.2726517 -0.100289773 0.395282623
v 1.27258293 -0.100542827 0.395114018
v 1.27246831 -0.100761104 0.394968585
v 1.27230784 -0.100944595 0.394846329
v 1.27230784 -0.100958457 0.394867134
v 1.27246831 -0.100774966 0.39498939
v 1.27258293 -0.100556689 0.395134823
v 1.2726517 -0.100303634 0.395303428
v 1.27267462 -0.100015795 0.39549521
v 1.27230784 -0.100944595 0.394846329
v 1.2721119 -0.101089935 0.394749491
v 1.27189085 -0.101193744 0.394680326
v 1.27164467 -0.10125603 0.394638826
v 1.2713734 -0.101276792 0.394624993
v 1.2713734 -0.101290654 0.394645798
v 1.27164467 -0.101269892 0.394659631
v 1.27189085 -0.101207606 0.394701131
v 1.2721119 -0.101103797 0.394770296
v 1.27230784 -0.100958457 0.394867134
v 1.26977667 -0.10083027 0.394922501
v 1.26961337 -0.100446296 0.395178335
v 1.26955893 -0.100040758 0.395448536
v 1.26959069 -0.0996684501 0.395696597
v 1.26968595 -0.0993388802 0.395916182
v 1.26984471 -0.0990520483 0.396107292
v 1.27006698 -0.0988079542 0.396269927
v 1.27033948 -0.0986130741 0.396399772
v 1.2706489 -0.0984738685 0.396492521
v 1.27099528 -0.098390345 0.396548171
v 1.27137858 -0.0983625118 0.396566716
v 1.27187886 -0.0984148211 0.396531863
v 1.27232729 -0.0985717489 0.396427306
v 1.27269957 -0.0988222478 0.396260404
v 1.27297142 -0.0991552541 0.396038529
v 1.27313763 -0.0995545935 0.395772457
v 1.27319304 -0.100004083 0.395472972
v 1.27313472 -0.10045978 0.395169351
v 1.27295975 -0.100864786 0.394899504
v 1.27267787 -0.101198332 0.394677269
v 1.27229877 -0.101439656 0.39451648
v 1.27185422 -0.101586076 0.394418923
v 1.27137599 -0.101634877 0.394386408
v 1.27086793 -0.101580949 0.394422339
v 1.27041691 -0.101419164 0.394530133
v 1.2700456 -0.101164086 0.394700087
v 1.27046228 -0.0990279849 0.396123325
v 1.27029387 -0.0992061507 0.396004617
v 1.27017358 -0.0994354115 0.395851866
v 1.27010141 -0.0997157753 0.395665065
v 1.27007736 -0.100047226 0.395444227
v 1.27010044 -0.100317884 0.395263893
v 1.27016969 -0.1005582 0.395103776
v 1.27028513 -0.100768183 0.394963868
v 1.27044673 -0.100947833 0.394844171
v 1.27064315 -0.101091753 0.39474828
v 1.27086308 -0.101194554 0.394679786
v 1.2711065 -0.101256236 0.394638689
v 1.2713734 -0.101276792 0.394624993
v 1.27164467 -0.10125603 0.394638826
v 1.27189085 -0.101193744 0.394680326
v 1.2721119 -0.101089935 0.394749491
v 1.27230784 -0.100944595 0.394846329
v 1.27246831 -0.100761104 0.394968585
v 1.27258293 -0.100542827 0.395114018
v 1.2726517 -0.100289773 0.395282623
v 1.27267462 -0.100001933 0.395474405
v 1.27263542 -0.0996403391 0.395715327
v 1.2725178 -0.0993278247 0.395923548
v 1.27232469 -0.0990722069 0.396093861
v 1.27205901 -0.0988812951 0.396221062
v 1.27173855 -0.098762383 0.39630029
v 1.27138117 -0.0987227482 0.396326698
v 1.2711235 -0.0987418275 0.396313986
v 1.27088446 -0.0987990574 0.396275855
v 1.27066406 -0.0988944458 0.3962123
v 1.27205901 -0.0988812951 0.396221062
v 1.27232469 -0.0990722069 0.396093861
v 1.2725178 -0.0993278247 0.395923548
v 1.2725178 -0.0993416867 0.395944353
v 1.27232469 -0.0990860688 0.396114666
v 1.27205901 -0.098895157 0.396241867
v 1.2713734 -0.101276792 0.394624993
v 1.2711065 -0.101256236 0.394638689
v 1.27086308 -0.101194554 0.394679786
v 1.27064315 -0.101091753 0.39474828
v 1.27044673 -0.100947833 0.394844171
v 1.27044673 -0.100961695 0.394864976
v 1.27064315 -0.101105615 0.394769085
v 1.27086308 -0.101208416 0.394700591
v 1.2711065 -0.101270098 0.394659494
v 1.2713734 -0.101290654 0.394645798
v 1.27044673 -0.100947833 0.394844171
v 1.27028513 -0.100768183 0.394963868
v 1.27016969 -0.1005582 0.395103776
v 1.27010044 -0.100317884 0.395263893
v 1.27007736 -0.100047226 0.395444227
v 1.27007736 -0.100061088 0.395465032
v 1.27010044 -0.100331745 0.395284698
v 1.27016969 -0.100572062 0.395124581
v 1.27028513 -0.100782045 0.394984673
v 1.27044673 -0.100961695 0.394864976
v 1.27006698 -0.0988079542 0.396269927
v 1.26984471 -0.0990520483 0.396107292
v 1.26968595 -0.0993388802 0.395916182
v 1.26959069 -0.0996684501 0.395696597
v 1.26955893 -0.100040758 0.395448536
v 1.26955893 -0.10005462 0.395469341
v 1.26959069 -0.099682312 0.395717402
v 1.26968595 -0.0993527422 0.395936987
v 1.26984471 -0.0990659102 0.396128097
v 1.27006698 -0.0988218161 0.396290732
v 1.26955893 -0.10005462 0.395469341
v 1.26961337 -0.100460158 0.39519914
v 1.26977667 -0.100844132 0.394943306
v 1.2700456 -0.101177948 0.394720891
v 1.27041691 -0.101433026 0.394550938
v 1.27086793 -0.101594811 0.394443144
v 1.27137599 -0.101648739 0.394407213
v 1.27185422 -0.101599938 0.394439728
v 1.27229877 -0.101453518 0.394537285
v 1.27267787 -0.101212194 0.394698074
v 1.27295975 -0.100878648 0.394920309
v 1.27313472 -0.100473642 0.395190156
v 1.27319304 -0.100017945 0.395493777
v 1.27313763 -0.0995684554 0.395793262
v 1.27297142 -0.099169116 0.396059334
v 1.27269957 -0.0988361097 0.396281209
v 1.27232729 -0.0985856109 0.396448111
v 1.27187886 -0.098428683 0.396552668
v 1.27137858 -0.0983763738 0.396587521
v 1.27099528 -0.098404207 0.396568976
v 1.2706489 -0.0984877304 0.396513326
v 1.27033948 -0.0986269361 0.396420577
v 1.27006698 -0.0988218161 0.396290732
v 1.26984471 -0.0990659102 0.396128097
v 1.26968595 -0.0993527422 0.395936987
v 1.26959069 -0.099682312 0.395717402
v 1.27007736 -0.100061088 0.395465032
v 1.27010141 -0.0997296372 0.39568587
v 1.27017358 -0.0994492735 0.395872671
v 1.27029387 -0.0992200126 0.396025422
v 1.27046228 -0.0990418468 0.39614413
v 1.27066406 -0.0989083078 0.396233105
v 1.27088446 -0.0988129193 0.39629666
v 1.2711235 -0.0987556894 0.396334791
v 1.27138117 -0.0987366102 0.396347503
v 1.27173855 -0.0987762449 0.396321095
v 1.27205901 -0.098895157 0.396241867
v 1.27232469 -0.0990860688 0.396114666
v 1.2725178 -0.0993416867 0.395944353
v 1.27263542 -0.0996542011 0.395736132
v 1.27267462 -0.100015795 0.39549521
v 1.2726517 -0.100303634 0.395303428
v 1.27258293 -0.100556689 0.395134823
v 1.27246831 -0.100774966 0.39498939
v 1.27230784 -0.100958457 0.394867134
v 1.2721119 -0.101103797 0.394770296
v 1.27189085 -0.101207606 0.394701131
v 1.27164467 -0.101269892 0.394659631
v 1.2713734 -0.101290654 0.394645798
v 1.2711065 -0.101270098 0.394659494
v 1.27086308 -0.101208416 0.394700591
v 1.27064315 -0.101105615 0.394769085
v 1.27044673 -0.100961695 0.394864976
v 1.27028513 -0.100782045 0.394984673
v 1.27016969 -0.100572062 0.395124581
v 1.27010044 -0.100331745 0.395284698
v 1.27046228 -0.0990279849 0.396123325
v 1.27066406 -0.0988944458 0.3962123
v 1.27088446 -0.0987990574 0.396275855
v 1.2711235 -0.0987418275 0.396313986
v 1.27138117 -0.0987227482 0.396326698
v 1.27138117 -0.0987366102 0.396347503
v 1.2711235 -0.0987556894 0.396334791
v 1.27088446 -0.0988129193 0.39629666
v 1.27066406 -0.0989083078 0.396233105
v 1.27046228 -0.0990418468 0.39614413
v 1.27137858 -0.0983625118 0.396566716
v 1.27099528 -0.098390345 0.396548171
v 1.2706489 -0.0984738685 0.396492521
v 1.27033948 -0.0986130741 0.396399772
v 1.27006698 -0.0988079542 0.396269927
v 1.27006698 -0.0988218161 0.396290732
v 1.27033948 -0.0986269361 0.396420577
v 1.2706489 -0.0984877304 0.396513326
v 1.27099528 -0.098404207 0.396568976
v 1.27137858 -0.0983763738 0.396587521
v 1.27232729 -0.0985717489 0.396427306
v 1.27187886 -0.0984148211 0.396531863
v 1.27137858 -0.0983625118 0.396566716
v 1.27137858 -0.0983763738 0.396587521
v 1.27187886 -0.098428683 0.396552668
v 1.27232729 -0.0985856109 0.396448111
v 1.26955893 -0.100040758 0.395448536
v 1.26961337 -0.100446296 0.395178335
v 1.26977667 -0.10083027 0.394922501
v 1.26977667 -0.100844132 0.394943306
v 1.26961337 -0.100460158 0.39519914
v 1.26955893 -0.10005462 0.395469341
v 1.27297142 -0.0991552541 0.396038529
v 1.27269957 -0.0988222478 0.396260404
v 1.27232729 -0.0985717489 0.396427306
v 1.27232729 -0.0985856109 0.396448111
v 1.27269957 -0.0988361097 0.396281209
v 1.27297142 -0.099169116 0.396059334
v 1.26977667 -0.10083027 0.394922501
v 1.2700456 -0.101164086 0.394700087
v 1.27041691 -0.101419164 0.394530133
v 1.27041691 -0.101433026 0.394550938
v 1.2700456 -0.101177948 0.394720891
v 1.26977667 -0.100844132 0.394943306
v 1.27319304 -0.100004083 0.395472972
v 1.27313763 -0.0995545935 0.395772457
v 1.27297142 -0.0991552541 0.396038529
v 1.27297142 -0.099169116 0.396059334
v 1.27313763 -0.0995684554 0.395793262
v 1.27319304 -0.100017945 0.395493777
v 1.27041691 -0.101419164 0.394530133
v 1.27086793 -0.101580949 0.394422339
v 1.27137599 -0.101634877 0.394386408
v 1.27137599 -0.101648739 0.394407213
v 1.27086793 -0.101594811 0.394443144
v 1.27041691 -0.101433026 0.394550938
v 1.27295975 -0.100864786 0.394899504
v 1.27313472 -0.10045978 0.395169351
v 1.27319304 -0.100004083 0.395472972
v 1.27319304 -0.100017945 0.395493777
v 1.27313472 -0.100473642 0.395190156
v 1.27295975 -0.100878648 0.394920309
v 1.27137599 -0.101634877 0.394386408
v 1.27185422 -0.101586076 0.394418923
v 1.27229877 -0.101439656 0.39451648
v 1.27229877 -0.101453518 0.394537285
v 1.27185422 -0.101599938 0.394439728
v 1.27137599 -0.101648739 0.394407213
v 1.27229877 -0.101439656 0.39451648
v 1.27267787 -0.101198332 0.394677269
v 1.27295975 -0.100864786 0.394899504
v 1.27295975 -0.100878648 0.394920309
v 1.27267787 -0.101212194 0.394698074
v 1.27229877 -0.101453518 0.394537285
f 3503 3504 3512
f 3512 3504 3511
f 3511 3504 3505
f 3511 3505 3510
f 3510 3505 3506
f 3510 3506 3509
f 3509 3506 3507
f 3509 3507 3508
f 3513 3514 3518
f 3518 3514 3517
f 3517 3514 3515
f 3517 3515 3516
f 3519 3520 3524
f 3524 3520 3523
f 3523 3520 3521
f 3523 3521 3522
f 3525 3526 3534
f 3534 3526 3533
f 3533 3526 3527
f 3533 3527 3532
f 3532 3527 3528
f 3532 3528 3531
f 3531 3528 3529
f 3531 3529 3530
f 3535 3536 3544
f 3544 3536 3543
f 3543 3536 3537
f 3543 3537 3542
f 3542 3537 3538
f 3542 3538 3541
f 3541 3538 3539
f 3541 3539 3540
f 3546 3577 3545
f 3545 3577 3578
f 3545 3578 3570
f 3570 3578 3579
f 3570 3579 3569
f 3569 3579 3580
f 3569 3580 3581
f 3577 3546 3576
f 3576 3546 3547
f 3576 3547 3575
f 3575 3547 3548
f 3575 3548 3574
f 3574 3548 3549
f 3574 3549 3573
f 3573 3549 3550
f 3573 3550 3572
f 3572 3550 3551
f 3572 3551 3571
f 3571 3551 3552
f 3571 3552 3600
f 3600 3552 3553
f 3600 3553 3599
f 3599 3553 3554
f 3599 3554 3598
f 3598 3554 3555
f 3598 3555 3597
f 3597 3555 3596
f 3596 3555 3556
f 3596 3556 3595
f 3595 3556 3557
f 3595 3557 3594
f 3594 3557 3558
f 3594 3558 3593
f 3593 3558 3559
f 3593 3559 3592
f 3592 3559 3560
f 3592 3560 3591
f 3591 3560 3561
f 3591 3561 3590
f 3590 3561 3562
f 3590 3562 3589
f 3589 3562 3563
f 3589 3563 3588
f 3588 3563 3564
f 3588 3564 3587
f 3587 3564 3565
f 3587 3565 3586
f 3586 3565 3585
f 3585 3565 3566
f 3585 3566 3584
f 3584 3566 3567
f 3584 3567 3583
f 3583 3567 3582
f 3582 3567 3568
f 3582 3568 3581
f 3581 3568 3569
f 3601 3602 3606
f 3606 3602 3605
f 3605 3602 3603
f 3605 3603 3604
f 3607 3608 3616
f 3616 3608 3615
f 3615 3608 3609
f 3615 3609 3614
f 3614 3609 3610
f 3614 3610 3613
f 3613 3610 3611
f 3613 3611 3612
f 3617 3618 3626
f 3626 3618 3625
f 3625 3618 3619
f 3625 3619 3624
f 3624 3619 3620
f 3624 3620 3623
f 3623 3620 3621
f 3623 3621 3622
f 3627 3628 3636
f 3636 3628 3635
f 3635 3628 3629
f 3635 3629 3634
f 3634 3629 3630
f 3634 3630 3633
f 3633 3630 3631
f 3633 3631 3632
f 3638 3692 3637
f 3637 3692 3663
f 3637 3663 3662
f 3662 3663 3664
f 3662 3664 3661
f 3661 3664 3665
f 3661 3665 3660
f 3660 3665 3666
f 3660 3666 3659
f 3659 3666 3667
f 3659 3667 3658
f 3658 3667 3668
f 3658 3668 3657
f 3657 3668 3669
f 3657 3669 3656
f 3656 3669 3670
f 3656 3670 3655
f 3655 3670 3671
f 3655 3671 3672
f 3692 3638 3691
f 3691 3638 3639
f 3691 3639 3690
f 3690 3639 3640
f 3690 3640 3689
f 3689 3640 3641
f 3689 3641 3688
f 3688 3641 3687
f 3687 3641 3642
f 3687 3642 3686
f 3686 3642 3643
f 3686 3643 3685
f 3685 3643 3684
f 3684 3643 3644
f 3684 3644 3683
f 3683 3644 3645
f 3683 3645 3682
f 3682 3645 3681
f 3681 3645 3646
f 3681 3646 3680
f 3680 3646 3647
f 3680 3647 3679
f 3679 3647 3648
f 3679 3648 3678
f 3678 3648 3649
f 3678 3649 3677
f 3677 3649 3650
f 3677 3650 3676
f 3676 3650 3651
f 3676 3651 3675
f 3675 3651 3652
f 3675 3652 3674
f 3674 3652 3653
f 3674 3653 3673
f 3673 3653 3654
f 3673 3654 3672
f 3672 3654 3655
f 3693 3694 3702
f 3702 3694 3701
f 3701 3694 3695
f 3701 3695 3700
f 3700 3695 3696
f 3700 3696 3699
f 3699 3696 3697
f 3699 3697 3698
f 3703 3704 3712
f 3712 3704 3711
f 3711 3704 3705
f 3711 3705 3710
f 3710 3705 3706
f 3710 3706 3709
f 3709 3706 3707
f 3709 3707 3708
f 3713 3714 3718
f 3718 3714 3717
f 3717 3714 3715
f 3717 3715 3716
f 3719 3720 3724
f 3724 3720 3723
f 3723 3720 3721
f 3723 3721 3722
f 3725 3726 3730
f 3730 3726 3729
f 3729 3726 3727
f 3729 3727 3728
f 3731 3732 3736
f 3736 3732 3735
f 3735 3732 3733
f 3735 3733 3734
f 3737 3738 3742
f 3742 3738 3741
f 3741 3738 3739
f 3741 3739 3740
f 3743 3744 3748
f 3748 3744 3747
f 3747 3744 3745
f 3747 3745 3746
f 3749 3750 3754
f 3754 3750 3753
f 3753 3750 3751
f 3753 3751 3752
f 3755 3756 3760
f 3760 3756 3759
f 3759 3756 3757
f 3759 3757 3758
f 3761 3762 3766
f 3766 3762 3765
f 3765 3762 3763
f 3765 3763 3764
v 1.27383588 -0.101580949 0.394422339
v 1.274318 -0.101580949 0.394422339
v 1.274318 -0.101594811 0.394443144
v 1.27383588 -0.101594811 0.394443144
v 1.27631391 -0.101580949 0.394422339
v 1.27682974 -0.101580949 0.394422339
v 1.27682974 -0.101594811 0.394443144
v 1.27631391 -0.101594811 0.394443144
v 1.27682974 -0.0984185909 0.396529352
v 1.27634761 -0.0984185909 0.396529352
v 1.27634761 -0.0984324529 0.396550157
v 1.27682974 -0.0984324529 0.396550157
v 1.27634761 -0.0984185909 0.396529352
v 1.27634761 -0.100901452 0.394875074
v 1.27634761 -0.100915314 0.394895879
v 1.27634761 -0.0984324529 0.396550157
v 1.27634761 -0.100901452 0.394875074
v 1.27435171 -0.0984185909 0.396529352
v 1.27435171 -0.0984324529 0.396550157
v 1.27634761 -0.100915314 0.394895879
v 1.274318 -0.101580949 0.394422339
v 1.27383588 -0.101580949 0.394422339
v 1.27383588 -0.0984185909 0.396529352
v 1.27435171 -0.0984185909 0.396529352
v 1.27634761 -0.100901452 0.394875074
v 1.27634761 -0.0984185909 0.396529352
v 1.27682974 -0.0984185909 0.396529352
v 1.27682974 -0.101580949 0.394422339
v 1.27631391 -0.101580949 0.394422339
v 1.274318 -0.0990959369 0.39607805
v 1.27682974 -0.101580949 0.394422339
v 1.27682974 -0.0984185909 0.396529352
v 1.27682974 -0.0984324529 0.396550157
v 1.27682974 -0.101594811 0.394443144
v 1.27435171 -0.0984185909 0.396529352
v 1.27383588 -0.0984185909 0.396529352
v 1.27383588 -0.0984324529 0.396550157
v 1.27435171 -0.0984324529 0.396550157
v 1.27383588 -0.0984185909 0.396529352
v 1.27383588 -0.101580949 0.394422339
v 1.27383588 -0.101594811 0.394443144
v 1.27383588 -0.0984324529 0.396550157
v 1.27383588 -0.101594811 0.394443144
v 1.274318 -0.101594811 0.394443144
v 1.274318 -0.0991097989 0.396098855
v 1.27631391 -0.101594811 0.394443144
v 1.27682974 -0.101594811 0.394443144
v 1.27682974 -0.0984324529 0.396550157
v 1.27634761 -0.0984324529 0.396550157
v 1.27634761 -0.100915314 0.394895879
v 1.27435171 -0.0984324529 0.396550157
v 1.27383588 -0.0984324529 0.396550157
v 1.274318 -0.0990959369 0.39607805
v 1.27631391 -0.101580949 0.394422339
v 1.27631391 -0.101594811 0.394443144
v 1.274318 -0.0991097989 0.396098855
v 1.274318 -0.101580949 0.394422339
v 1.274318 -0.0990959369 0.39607805
v 1.274318 -0.0991097989 0.396098855
v 1.274318 -0.101594811 0.394443144
f 3767 3768 3770
f 3770 3768 3769
f 3771 3772 3774
f 3774 3772 3773
f 3775 3776 3778
f 3778 3776 3777
f 3779 3780 3782
f 3782 3780 3781
f 3783 3784 3786
f 3786 3784 3785
f 3787 3788 3796
f 3796 3788 3789
f 3796 3789 3790
f 3790 3791 3796
f 3796 3791 3795
f 3795 3791 3794
f 3794 3791 3793
f 3793 3791 3792
f 3797 3798 3800
f 3800 3798 3799
f 3801 3802 3804
f 3804 3802 3803
f 3805 3806 3808
f 3808 3806 3807
f 3810 3811 3809
f 3809 3811 3818
f 3818 3811 3817
f 3817 3811 3816
f 3816 3811 3812
f 3816 3812 3813
f 3813 3814 3816
f 3816 3814 3815
f 3819 3820 3822
f 3822 3820 3821
f 3823 3824 3826
f 3826 3824 3825
v 1.26832251 -0.101594811 0.394443144
v 1.26882537 -0.101594811 0.394443144
v 1.26882537 -0.0984324529 0.396550157
v 1.26832251 -0.0984324529 0.396550157
v 1.26832251 -0.101580949 0.394422339
v 1.26882537 -0.101580949 0.394422339
v 1.26882537 -0.101594811 0.394443144
v 1.26832251 -0.101594811 0.394443144
v 1.26882537 -0.101580949 0.394422339
v 1.26882537 -0.0984185909 0.396529352
v 1.26882537 -0.0984324529 0.396550157
v 1.26882537 -0.101594811 0.394443144
v 1.26882537 -0.101580949 0.394422339
v 1.26832251 -0.101580949 0.394422339
v 1.26832251 -0.0984185909 0.396529352
v 1.26882537 -0.0984185909 0.396529352
v 1.26882537 -0.0984185909 0.396529352
v 1.26832251 -0.0984185909 0.396529352
v 1.26832251 -0.0984324529 0.396550157
v 1.26882537 -0.0984324529 0.396550157
v 1.26832251 -0.0984185909 0.396529352
v 1.26832251 -0.101580949 0.394422339
v 1.26832251 -0.101594811 0.394443144
v 1.26832251 -0.0984324529 0.396550157
f 3827 3828 3830
f 3830 3828 3829
f 3831 3832 3834
f 3834 3832 3833
f 3835 3836 3838
f 3838 3836 3837
f 3839 3840 3842
f 3842 3840 3841
f 3843 3844 3846
f 3846 3844 3845
f 3847 3848 3850
f 3850 3848 3849
v 1.26596112 -0.101580949 0.394422339
v 1.26646398 -0.101580949 0.394422339
v 1.26646398 -0.101594811 0.394443144
v 1.26596112 -0.101594811 0.394443144
v 1.26646398 -0.101580949 0.394422339
v 1.26646398 -0.0987917797 0.396280704
v 1.26646398 -0.0988056416 0.396301509
v 1.26646398 -0.101594811 0.394443144
v 1.26772114 -0.0987917797 0.396280704
v 1.26772114 -0.0984185909 0.396529352
v 1.26772114 -0.0984324529 0.396550157
v 1.26772114 -0.0988056416 0.396301509
v 1.26772114 -0.0984185909 0.396529352
v 1.26470914 -0.0984185909 0.396529352
v 1.26470914 -0.0984324529 0.396550157
v 1.26772114 -0.0984324529 0.396550157
v 1.26470914 -0.0984185909 0.396529352
v 1.26470914 -0.0987917797 0.396280704
v 1.26470914 -0.0988056416 0.396301509
v 1.26470914 -0.0984324529 0.396550157
v 1.26646398 -0.101580949 0.394422339
v 1.26596112 -0.101580949 0.394422339
v 1.26596112 -0.0987917797 0.396280704
v 1.26470914 -0.0987917797 0.396280704
v 1.26470914 -0.0984185909 0.396529352
v 1.26772114 -0.0984185909 0.396529352
v 1.26772114 -0.0987917797 0.396280704
v 1.26646398 -0.0987917797 0.396280704
v 1.26646398 -0.0987917797 0.396280704
v 1.26772114 -0.0987917797 0.396280704
v 1.26772114 -0.0988056416 0.396301509
v 1.26646398 -0.0988056416 0.396301509
v 1.26470914 -0.0987917797 0.396280704
v 1.26596112 -0.0987917797 0.396280704
v 1.26596112 -0.0988056416 0.396301509
v 1.26470914 -0.0988056416 0.396301509
v 1.26596112 -0.0987917797 0.396280704
v 1.26596112 -0.101580949 0.394422339
v 1.26596112 -0.101594811 0.394443144
v 1.26596112 -0.0988056416 0.396301509
v 1.26596112 -0.101594811 0.394443144
v 1.26646398 -0.101594811 0.394443144
v 1.26646398 -0.0988056416 0.396301509
v 1.26772114 -0.0988056416 0.396301509
v 1.26772114 -0.0984324529 0.396550157
v 1.26470914 -0.0984324529 0.396550157
v 1.26470914 -0.0988056416 0.396301509
v 1.26596112 -0.0988056416 0.396301509
f 3851 3852 3854
f 3854 3852 3853
f 3855 3856 3858
f 3858 3856 3857
f 3859 3860 3862
f 3862 3860 3861
f 3863 3864 3866
f 3866 3864 3865
f 3867 3868 3870
f 3870 3868 3869
f 3871 3872 3878
f 3878 3872 3873
f 3878 3873 3875
f 3875 3873 3874
f 3875 3876 3878
f 3878 3876 3877
f 3879 3880 3882
f 3882 3880 3881
f 3883 3884 3886
f 3886 3884 3885
f 3887 3888 3890
f 3890 3888 3889
f 3891 3892 3898
f 3898 3892 3893
f 3898 3893 3896
f 3896 3893 3895
f 3895 3893 3894
f 3896 3897 3898
v 1.25768977 -0.100047226 0.395444227
v 1.25771383 -0.0997157753 0.395665065
v 1.257786 -0.0994354115 0.395851866
v 1.25790629 -0.0992061507 0.396004617
v 1.25807469 -0.0990279849 0.396123325
v 1.25807469 -0.0990418468 0.39614413
v 1.25790629 -0.0992200126 0.396025422
v 1.257786 -0.0994492735 0.395872671
v 1.25771383 -0.0997296372 0.39568587
v 1.25768977 -0.100061088 0.395465032
v 1.25899358 -0.0987227482 0.396326698
v 1.25935097 -0.098762383 0.39630029
v 1.25967142 -0.0988812951 0.396221062
v 1.25967142 -0.098895157 0.396241867
v 1.25935097 -0.0987762449 0.396321095
v 1.25899358 -0.0987366102 0.396347503
v 1.26013022 -0.0993278247 0.395923548
v 1.26024784 -0.0996403391 0.395715327
v 1.26028704 -0.100001933 0.395474405
v 1.26028704 -0.100015795 0.39549521
v 1.26024784 -0.0996542011 0.395736132
v 1.26013022 -0.0993416867 0.395944353
v 1.26028704 -0.100001933 0.395474405
v 1.26026412 -0.100289773 0.395282623
v 1.26019535 -0.100542827 0.395114018
v 1.26008072 -0.100761104 0.394968585
v 1.25992026 -0.100944595 0.394846329
v 1.25992026 -0.100958457 0.394867134
v 1.26008072 -0.100774966 0.39498939
v 1.26019535 -0.100556689 0.395134823
v 1.26026412 -0.100303634 0.395303428
v 1.26028704 -0.100015795 0.39549521
v 1.25992026 -0.100944595 0.394846329
v 1.25972432 -0.101089935 0.394749491
v 1.25950326 -0.101193744 0.394680326
v 1.25925709 -0.10125603 0.394638826
v 1.25898581 -0.101276792 0.394624993
v 1.25898581 -0.101290654 0.394645798
v 1.25925709 -0.101269892 0.394659631
v 1.25950326 -0.101207606 0.394701131
v 1.25972432 -0.101103797 0.394770296
v 1.25992026 -0.100958457 0.394867134
v 1.25738908 -0.10083027 0.394922501
v 1.25722579 -0.100446296 0.395178335
v 1.25717135 -0.100040758 0.395448536
v 1.25720311 -0.0996684501 0.395696597
v 1.25729836 -0.0993388802 0.395916182
v 1.25745713 -0.0990520483 0.396107292
v 1.2576794 -0.0988079542 0.396269927
v 1.25795189 -0.0986130741 0.396399772
v 1.25826132 -0.0984738685 0.396492521
v 1.25860769 -0.098390345 0.396548171
v 1.258991 -0.0983625118 0.396566716
v 1.25949127 -0.0984148211 0.396531863
v 1.25993969 -0.0985717489 0.396427306
v 1.26031199 -0.0988222478 0.396260404
v 1.26058384 -0.0991552541 0.396038529
v 1.26075005 -0.0995545935 0.395772457
v 1.26080546 -0.100004083 0.395472972
v 1.26074713 -0.10045978 0.395169351
v 1.26057217 -0.100864786 0.394899504
v 1.26029028 -0.101198332 0.394677269
v 1.25991119 -0.101439656 0.39451648
v 1.25946664 -0.101586076 0.394418923
v 1.2589884 -0.101634877 0.394386408
v 1.25848035 -0.101580949 0.394422339
v 1.25802933 -0.101419164 0.394530133
v 1.25765802 -0.101164086 0.394700087
v 1.25807469 -0.0990279849 0.396123325
v 1.25790629 -0.0992061507 0.396004617
v 1.257786 -0.0994354115 0.395851866
v 1.25771383 -0.0997157753 0.395665065
v 1.25768977 -0.100047226 0.395444227
v 1.25771286 -0.100317884 0.395263893
v 1.25778211 -0.1005582 0.395103776
v 1.25789754 -0.100768183 0.394963868
v 1.25805914 -0.100947833 0.394844171
v 1.25825557 -0.101091753 0.39474828
v 1.25847549 -0.101194554 0.394679786
v 1.25871891 -0.101256236 0.394638689
v 1.25898581 -0.101276792 0.394624993
v 1.25925709 -0.10125603 0.394638826
v 1.25950326 -0.101193744 0.394680326
v 1.25972432 -0.101089935 0.394749491
v 1.25992026 -0.100944595 0.394846329
v 1.26008072 -0.100761104 0.394968585
v 1.26019535 -0.100542827 0.395114018
v 1.26026412 -0.100289773 0.395282623
v 1.26028704 -0.100001933 0.395474405
v 1.26024784 -0.0996403391 0.395715327
v 1.26013022 -0.0993278247 0.395923548
v 1.25993711 -0.0990722069 0.396093861
v 1.25967142 -0.0988812951 0.396221062
v 1.25935097 -0.098762383 0.39630029
v 1.25899358 -0.0987227482 0.396326698
v 1.25873592 -0.0987418275 0.396313986
v 1.25849688 -0.0987990574 0.396275855
v 1.25827647 -0.0988944458 0.3962123
v 1.25967142 -0.0988812951 0.396221062
v 1.25993711 -0.0990722069 0.396093861
v 1.26013022 -0.0993278247 0.395923548
v 1.26013022 -0.0993416867 0.395944353
v 1.25993711 -0.0990860688 0.396114666
v 1.25967142 -0.098895157 0.396241867
v 1.25898581 -0.101276792 0.394624993
v 1.25871891 -0.101256236 0.394638689
v 1.25847549 -0.101194554 0.394679786
v 1.25825557 -0.101091753 0.39474828
v 1.25805914 -0.100947833 0.394844171
v 1.25805914 -0.100961695 0.394864976
v 1.25825557 -0.101105615 0.394769085
v 1.25847549 -0.101208416 0.394700591
v 1.25871891 -0.101270098 0.394659494
v 1.25898581 -0.101290654 0.394645798
v 1.25805914 -0.100947833 0.394844171
v 1.25789754 -0.100768183 0.394963868
v 1.25778211 -0.1005582 0.395103776
v 1.25771286 -0.100317884 0.395263893
v 1.25768977 -0.100047226 0.395444227
v 1.25768977 -0.100061088 0.395465032
v 1.25771286 -0.100331745 0.395284698
v 1.25778211 -0.100572062 0.395124581
v 1.25789754 -0.100782045 0.394984673
v 1.25805914 -0.100961695 0.394864976
v 1.2576794 -0.0988079542 0.396269927
v 1.25745713 -0.0990520483 0.396107292
v 1.25729836 -0.0993388802 0.395916182
v 1.25720311 -0.0996684501 0.395696597
v 1.25717135 -0.100040758 0.395448536
v 1.25717135 -0.10005462 0.395469341
v 1.25720311 -0.099682312 0.395717402
v 1.25729836 -0.0993527422 0.395936987
v 1.25745713 -0.0990659102 0.396128097
v 1.2576794 -0.0988218161 0.396290732
v 1.25717135 -0.10005462 0.395469341
v 1.25722579 -0.100460158 0.39519914
v 1.25738908 -0.100844132 0.394943306
v 1.25765802 -0.101177948 0.394720891
v 1.25802933 -0.101433026 0.394550938
v 1.25848035 -0.101594811 0.394443144
v 1.2589884 -0.101648739 0.394407213
v 1.25946664 -0.101599938 0.394439728
v 1.25991119 -0.101453518 0.394537285
v 1.26029028 -0.101212194 0.394698074
v 1.26057217 -0.100878648 0.394920309
v 1.26074713 -0.100473642 0.395190156
v 1.26080546 -0.100017945 0.395493777
v 1.26075005 -0.0995684554 0.395793262
v 1.26058384 -0.099169116 0.396059334
v 1.26031199 -0.0988361097 0.396281209
v 1.25993969 -0.0985856109 0.396448111
v 1.25949127 -0.098428683 0.396552668
v 1.258991 -0.0983763738 0.396587521
v 1.25860769 -0.098404207 0.396568976
v 1.25826132 -0.0984877304 0.396513326
v 1.25795189 -0.0986269361 0.396420577
v 1.2576794 -0.0988218161 0.396290732
v 1.25745713 -0.0990659102 0.396128097
v 1.25729836 -0.0993527422 0.395936987
v 1.25720311 -0.099682312 0.395717402
v 1.25768977 -0.100061088 0.395465032
v 1.25771383 -0.0997296372 0.39568587
v 1.257786 -0.0994492735 0.395872671
v 1.25790629 -0.0992200126 0.396025422
v 1.25807469 -0.0990418468 0.39614413
v 1.25827647 -0.0989083078 0.396233105
v 1.25849688 -0.0988129193 0.39629666
v 1.25873592 -0.0987556894 0.396334791
v 1.25899358 -0.0987366102 0.396347503
v 1.25935097 -0.0987762449 0.396321095
v 1.25967142 -0.098895157 0.396241867
v 1.25993711 -0.0990860688 0.396114666
v 1.26013022 -0.0993416867 0.395944353
v 1.26024784 -0.0996542011 0.395736132
v 1.26028704 -0.100015795 0.39549521
v 1.26026412 -0.100303634 0.395303428
v 1.26019535 -0.100556689 0.395134823
v 1.26008072 -0.100774966 0.39498939
v 1.25992026 -0.100958457 0.394867134
v 1.25972432 -0.101103797 0.394770296
v 1.25950326 -0.101207606 0.394701131
v 1.25925709 -0.101269892 0.394659631
v 1.25898581 -0.101290654 0.394645798
v 1.25871891 -0.101270098 0.394659494
v 1.25847549 -0.101208416 0.394700591
v 1.25825557 -0.101105615 0.394769085
v 1.25805914 -0.100961695 0.394864976
v 1.25789754 -0.100782045 0.394984673
v 1.25778211 -0.100572062 0.395124581
v 1.25771286 -0.100331745 0.395284698
v 1.25807469 -0.0990279849 0.396123325
v 1.25827647 -0.0988944458 0.3962123
v 1.25849688 -0.0987990574 0.396275855
v 1.25873592 -0.0987418275 0.396313986
v 1.25899358 -0.0987227482 0.396326698
v 1.25899358 -0.0987366102 0.396347503
v 1.25873592 -0.0987556894 0.396334791
v 1.25849688 -0.0988129193 0.39629666
v 1.25827647 -0.0989083078 0.396233105
v 1.25807469 -0.0990418468 0.39614413
v 1.258991 -0.0983625118 0.396566716
v 1.25860769 -0.098390345 0.396548171
v 1.25826132 -0.0984738685 0.396492521
v 1.25795189 -0.0986130741 0.396399772
v 1.2576794 -0.0988079542 0.396269927
v 1.2576794 -0.0988218161 0.396290732
v 1.25795189 -0.0986269361 0.396420577
v 1.25826132 -0.0984877304 0.396513326
v 1.25860769 -0.098404207 0.396568976
v 1.258991 -0.0983763738 0.396587521
v 1.25993969 -0.0985717489 0.396427306
v 1.25949127 -0.0984148211 0.396531863
v 1.258991 -0.0983625118 0.396566716
v 1.258991 -0.0983763738 0.396587521
v 1.25949127 -0.098428683 0.396552668
v 1.25993969 -0.0985856109 0.396448111
v 1.25717135 -0.100040758 0.395448536
v 1.25722579 -0.100446296 0.395178335
v 1.25738908 -0.10083027 0.394922501
v 1.25738908 -0.100844132 0.394943306
v 1.25722579 -0.100460158 0.39519914
v 1.25717135 -0.10005462 0.395469341
v 1.26058384 -0.0991552541 0.396038529
v 1.26031199 -0.0988222478 0.396260404
v 1.25993969 -0.0985717489 0.396427306
v 1.25993969 -0.0985856109 0.396448111
v 1.26031199 -0.0988361097 0.396281209
v 1.26058384 -0.099169116 0.396059334
v 1.25738908 -0.10083027 0.394922501
v 1.25765802 -0.101164086 0.394700087
v 1.25802933 -0.101419164 0.394530133
v 1.25802933 -0.101433026 0.394550938
v 1.25765802 -0.101177948 0.394720891
v 1.25738908 -0.100844132 0.394943306
v 1.26080546 -0.100004083 0.395472972
v 1.26075005 -0.0995545935 0.395772457
v 1.26058384 -0.0991552541 0.396038529
v 1.26058384 -0.099169116 0.396059334
v 1.26075005 -0.0995684554 0.395793262
v 1.26080546 -0.100017945 0.395493777
v 1.25802933 -0.101419164 0.394530133
v 1.25848035 -0.101580949 0.394422339
v 1.2589884 -0.101634877 0.394386408
v 1.2589884 -0.101648739 0.394407213
v 1.25848035 -0.101594811 0.394443144
v 1.25802933 -0.101433026 0.394550938
v 1.26057217 -0.100864786 0.394899504
v 1.26074713 -0.10045978 0.395169351
v 1.26080546 -0.100004083 0.395472972
v 1.26080546 -0.100017945 0.395493777
v 1.26074713 -0.100473642 0.395190156
v 1.26057217 -0.100878648 0.394920309
v 1.2589884 -0.101634877 0.394386408
v 1.25946664 -0.101586076 0.394418923
v 1.25991119 -0.101439656 0.39451648
v 1.25991119 -0.101453518 0.394537285
v 1.25946664 -0.101599938 0.394439728
v 1.2589884 -0.101648739 0.394407213
v 1.25991119 -0.101439656 0.39451648
v 1.26029028 -0.101198332 0.394677269
v 1.26057217 -0.100864786 0.394899504
v 1.26057217 -0.100878648 0.394920309
v 1.26029028 -0.101212194 0.394698074
v 1.25991119 -0.101453518 0.394537285
f 3899 3900 3908
f 3908 3900 3907
f 3907 3900 3901
f 3907 3901 3906
f 3906 3901 3902
f 3906 3902 3905
f 3905 3902 3903
f 3905 3903 3904
f 3909 3910 3914
f 3914 3910 3913
f 3913 3910 3911
f 3913 3911 3912
f 3915 3916 3920
f 3920 3916 3919
f 3919 3916 3917
f 3919 3917 3918
f 3921 3922 3930
f 3930 3922 3929
f 3929 3922 3923
f 3929 3923 3928
f 3928 3923 3924
f 3928 3924 3927
f 3927 3924 3925
f 3927 3925 3926
f 3931 3932 3940
f 3940 3932 3939
f 3939 3932 3933
f 3939 3933 3938
f 3938 3933 3934
f 3938 3934 3937
f 3937 3934 3935
f 3937 3935 3936
f 3942 3973 3941
f 3941 3973 3974
f 3941 3974 3966
f 3966 3974 3975
f 3966 3975 3965
f 3965 3975 3976
f 3965 3976 3977
f 3973 3942 3972
f 3972 3942 3943
f 3972 3943 3971
f 3971 3943 3944
f 3971 3944 3970
f 3970 3944 3945
f 3970 3945 3969
f 3969 3945 3946
f 3969 3946 3968
f 3968 3946 3947
f 3968 3947 3967
f 3967 3947 3948
f 3967 3948 3996
f 3996 3948 3949
f 3996 3949 3995
f 3995 3949 3950
f 3995 3950 3994
f 3994 3950 3951
f 3994 3951 3993
f 3993 3951 3992
f 3992 3951 3952
f 3992 3952 3991
f 3991 3952 3953
f 3991 3953 3990
f 3990 3953 3954
f 3990 3954 3989
f 3989 3954 3955
f 3989 3955 3988
f 3988 3955 3956
f 3988 3956 3987
f 3987 3956 3957
f 3987 3957 3986
f 3986 3957 3958
f 3986 3958 3985
f 3985 3958 3959
f 3985 3959 3984
f 3984 3959 3960
f 3984 3960 3983
f 3983 3960 3961
f 3983 3961 3982
f 3982 3961 3981
f 3981 3961 3962
f 3981 3962 3980
f 3980 3962 3963
f 3980 3963 3979
f 3979 3963 3978
f 3978 3963 3964
f 3978 3964 3977
f 3977 3964 3965
f 3997 3998 4002
f 4002 3998 4001
f 4001 3998 3999
f 4001 3999 4000
f 4003 4004 4012
f 4012 4004 4011
f 4011 4004 4005
f 4011 4005 4010
f 4010 4005 4006
f 4010 4006 4009
f 4009 4006 4007
f 4009 4007 4008
f 4013 4014 4022
f 4022 4014 4021
f 4021 4014 4015
f 4021 4015 4020
f 4020 4015 4016
f 4020 4016 4019
f 4019 4016 4017
f 4019 4017 4018
f 4023 4024 4032
f 4032 4024 4031
f 4031 4024 4025
f 4031 4025 4030
f 4030 4025 4026
f 4030 4026 4029
f 4029 4026 4027
f 4029 4027 4028
f 4034 4088 4033
f 4033 4088 4059
f 4033 4059 4058
f 4058 4059 4060
f 4058 4060 4057
f 4057 4060 4061
f 4057 4061 4056
f 4056 4061 4062
f 4056 4062 4055
f 4055 4062 4063
f 4055 4063 4054
f 4054 4063 4064
f 4054 4064 4053
f 4053 4064 4065
f 4053 4065 4052
f 4052 4065 4066
f 4052 4066 4051
f 4051 4066 4067
f 4051 4067 4068
f 4088 4034 4087
f 4087 4034 4035
f 4087 4035 4086
f 4086 4035 4036
f 4086 4036 4085
f 4085 4036 4037
f 4085 4037 4084
f 4084 4037 4083
f 4083 4037 4038
f 4083 4038 4082
f 4082 4038 4039
f 4082 4039 4081
f 4081 4039 4080
f 4080 4039 4040
f 4080 4040 4079
f 4079 4040 4041
f 4079 4041 4078
f 4078 4041 4077
f 4077 4041 4042
f 4077 4042 4076
f 4076 4042 4043
f 4076 4043 4075
f 4075 4043 4044
f 4075 4044 4074
f 4074 4044 4045
f 4074 4045 4073
f 4073 4045 4046
f 4073 4046 4072
f 4072 4046 4047
f 4072 4047 4071
f 4071 4047 4048
f 4071 4048 4070
f 4070 4048 4049
f 4070 4049 4069
f 4069 4049 4050
f 4069 4050 4068
f 4068 4050 4051
f 4089 4090 4098
f 4098 4090 4097
f 4097 4090 4091
f 4097 4091 4096
f 4096 4091 4092
f 4096 4092 4095
f 4095 4092 4093
f 4095 4093 4094
f 4099 4100 4108
f 4108 4100 4107
f 4107 4100 4101
f 4107 4101 4106
f 4106 4101 4102
f 4106 4102 4105
f 4105 4102 4103
f 4105 4103 4104
f 4109 4110 4114
f 4114 4110 4113
f 4113 4110 4111
f 4113 4111 4112
f 4115 4116 4120
f 4120 4116 4119
f 4119 4116 4117
f 4119 4117 4118
f 4121 4122 4126
f 4126 4122 4125
f 4125 4122 4123
f 4125 4123 4124
f 4127 4128 4132
f 4132 4128 4131
f 4131 4128 4129
f 4131 4129 4130
f 4133 4134 4138
f 4138 4134 4137
f 4137 4134 4135
f 4137 4135 4136
f 4139 4140 4144
f 4144 4140 4143
f 4143 4140 4141
f 4143 4141 4142
f 4145 4146 4150
f 4150 4146 4149
f 4149 4146 4147
f 4149 4147 4148
f 4151 4152 4156
f 4156 4152 4155
f 4155 4152 4153
f 4155 4153 4154
f 4157 4158 4162
f 4162 4158 4161
f 4161 4158 4159
f 4161 4159 4160
v 1.30607257 -0.101580949 0.394422339
v 1.30890832 -0.101580949 0.394422339
v 1.30890832 -0.101594811 0.394443144
v 1.30607257 -0.101594811 0.394443144
v 1.30867763 -0.100131361 0.395388169
v 1.30867763 -0.0997603306 0.395635379
v 1.30867763 -0.0997741926 0.395656184
v 1.30867763 -0.100145223 0.395408974
v 1.30657545 -0.0997603306 0.395635379
v 1.30657545 -0.0987917797 0.396280704
v 1.30657545 -0.0988056416 0.396301509
v 1.30657545 -0.0997741926 0.395656184
v 1.30657545 -0.0987917797 0.396280704
v 1.3088202 -0.0987917797 0.396280704
v 1.3088202 -0.0988056416 0.396301509
v 1.30657545 -0.0988056416 0.396301509
v 1.3088202 -0.0987917797 0.396280704
v 1.3088202 -0.0984185909 0.396529352
v 1.3088202 -0.0984324529 0.396550157
v 1.3088202 -0.0988056416 0.396301509
v 1.30890832 -0.101580949 0.394422339
v 1.30607257 -0.101580949 0.394422339
v 1.30607257 -0.0984185909 0.396529352
v 1.3088202 -0.0984185909 0.396529352
v 1.3088202 -0.0987917797 0.396280704
v 1.30657545 -0.0987917797 0.396280704
v 1.30657545 -0.0997603306 0.395635379
v 1.30867763 -0.0997603306 0.395635379
v 1.30867763 -0.100131361 0.395388169
v 1.30657545 -0.100131361 0.395388169
v 1.30657545 -0.101207768 0.394670982
v 1.30890832 -0.101207768 0.394670982
v 1.30867763 -0.0997603306 0.395635379
v 1.30657545 -0.0997603306 0.395635379
v 1.30657545 -0.0997741926 0.395656184
v 1.30867763 -0.0997741926 0.395656184
v 1.3088202 -0.0984185909 0.396529352
v 1.30607257 -0.0984185909 0.396529352
v 1.30607257 -0.0984324529 0.396550157
v 1.3088202 -0.0984324529 0.396550157
v 1.30607257 -0.0984185909 0.396529352
v 1.30607257 -0.101580949 0.394422339
v 1.30607257 -0.101594811 0.394443144
v 1.30607257 -0.0984324529 0.396550157
v 1.30607257 -0.101594811 0.394443144
v 1.30890832 -0.101594811 0.394443144
v 1.30890832 -0.10122163 0.394691787
v 1.30657545 -0.10122163 0.394691787
v 1.30657545 -0.100145223 0.395408974
v 1.30867763 -0.100145223 0.395408974
v 1.30867763 -0.0997741926 0.395656184
v 1.30657545 -0.0997741926 0.395656184
v 1.30657545 -0.0988056416 0.396301509
v 1.3088202 -0.0988056416 0.396301509
v 1.3088202 -0.0984324529 0.396550157
v 1.30607257 -0.0984324529 0.396550157
v 1.30657545 -0.100131361 0.395388169
v 1.30867763 -0.100131361 0.395388169
v 1.30867763 -0.100145223 0.395408974
v 1.30657545 -0.100145223 0.395408974
v 1.30890832 -0.101580949 0.394422339
v 1.30890832 -0.101207768 0.394670982
v 1.30890832 -0.10122163 0.394691787
v 1.30890832 -0.101594811 0.394443144
v 1.30657545 -0.101207768 0.394670982
v 1.30657545 -0.100131361 0.395388169
v 1.30657545 -0.100145223 0.395408974
v 1.30657545 -0.10122163 0.394691787
v 1.30890832 -0.101207768 0.394670982
v 1.30657545 -0.101207768 0.394670982
v 1.30657545 -0.10122163 0.394691787
v 1.30890832 -0.10122163 0.394691787
f 4163 4164 4166
f 4166 4164 4165
f 4167 4168 4170
f 4170 4168 4169
f 4171 4172 4174
f 4174 4172 4173
f 4175 4176 4178
f 4178 4176 4177
f 4179 4180 4182
f 4182 4180 4181
f 4194 4183 4193
f 4193 4183 4184
f 4193 4184 4192
f 4192 4184 4185
f 4192 4185 4189
f 4189 4185 4188
f 4188 4185 4186
f 4188 4186 4187
f 4189 4190 4192
f 4192 4190 4191
f 4195 4196 4198
f 4198 4196 4197
f 4199 4200 4202
f 4202 4200 4201
f 4203 4204 4206
f 4206 4204 4205
f 4208 4210 4207
f 4207 4210 4211
f 4207 4211 4218
f 4218 4211 4214
f 4218 4214 4215
f 4208 4209 4210
f 4211 4212 4214
f 4214 4212 4213
f 4216 4217 4215
f 4215 4217 4218
f 4219 4220 4222
f 4222 4220 4221
f 4223 4224 4226
f 4226 4224 4225
f 4227 4228 4230
f 4230 4228 4229
f 4231 4232 4234
f 4234 4232 4233
v 1.30958227 -0.101594811 0.394443144
v 1.31195662 -0.101594811 0.394443144
v 1.31195662 -0.10122163 0.394691787
v 1.31008513 -0.10122163 0.394691787
v 1.31008513 -0.0984324529 0.396550157
v 1.30958227 -0.0984324529 0.396550157
v 1.31195662 -0.101580949 0.394422339
v 1.31195662 -0.101207768 0.394670982
v 1.31195662 -0.10122163 0.394691787
v 1.31195662 -0.101594811 0.394443144
v 1.31195662 -0.101207768 0.394670982
v 1.31008513 -0.101207768 0.394670982
v 1.31008513 -0.10122163 0.394691787
v 1.31195662 -0.10122163 0.394691787
v 1.31008513 -0.101207768 0.394670982
v 1.31008513 -0.0984185909 0.396529352
v 1.31008513 -0.0984324529 0.396550157
v 1.31008513 -0.10122163 0.394691787
v 1.31195662 -0.101580949 0.394422339
v 1.30958227 -0.101580949 0.394422339
v 1.30958227 -0.0984185909 0.396529352
v 1.31008513 -0.0984185909 0.396529352
v 1.31008513 -0.101207768 0.394670982
v 1.31195662 -0.101207768 0.394670982
v 1.30958227 -0.101580949 0.394422339
v 1.31195662 -0.101580949 0.394422339
v 1.31195662 -0.101594811 0.394443144
v 1.30958227 -0.101594811 0.394443144
v 1.31008513 -0.0984185909 0.396529352
v 1.30958227 -0.0984185909 0.396529352
v 1.30958227 -0.0984324529 0.396550157
v 1.31008513 -0.0984324529 0.396550157
v 1.30958227 -0.0984185909 0.396529352
v 1.30958227 -0.101580949 0.394422339
v 1.30958227 -0.101594811 0.394443144
v 1.30958227 -0.0984324529 0.396550157
f 4240 4235 4238
f 4238 4235 4236
f 4238 4236 4237
f 4238 4239 4240
f 4241 4242 4244
f 4244 4242 4243
f 4245 4246 4248
f 4248 4246 4247
f 4249 4250 4252
f 4252 4250 4251
f 4258 4253 4257
f 4257 4253 4254
f 4257 4254 4255
f 4255 4256 4257
f 4259 4260 4262
f 4262 4260 4261
f 4263 4264 4266
f 4266 4264 4265
f 4267 4268 4270
f 4270 4268 4269
v 1.31305826 -0.0999221156 0.395527585
v 1.31305826 -0.0987917797 0.396280704
v 1.31305826 -0.0988056416 0.396301509
v 1.31305826 -0.0999359775 0.39554839
v 1.31305826 -0.0987917797 0.396280704
v 1.31403029 -0.0987917797 0.396280704
v 1.31403029 -0.0988056416 0.396301509
v 1.31305826 -0.0988056416 0.396301509
v 1.31449945 -0.0988198192 0.396262022
v 1.31467734 -0.0988891205 0.396215848
v 1.31481699 -0.0990064136 0.396137698
v 1.31481699 -0.0990202755 0.396158503
v 1.31467734 -0.0989029824 0.396236653
v 1.31449945 -0.0988336811 0.396282827
v 1.31481699 -0.0990064136 0.396137698
v 1.31490738 -0.0991619922 0.396034039
v 1.31493752 -0.099346158 0.395911333
v 1.31493752 -0.0993600199 0.395932138
v 1.31490738 -0.0991758541 0.396054844
v 1.31481699 -0.0990202755 0.396158503
v 1.31493752 -0.099346158 0.395911333
v 1.31488633 -0.0995893791 0.39574928
v 1.31473274 -0.0997711163 0.395628193
v 1.31473274 -0.0997849782 0.395648998
v 1.31488633 -0.099603241 0.395770085
v 1.31493752 -0.0993600199 0.395932138
v 1.31305826 -0.101580949 0.394422339
v 1.31255539 -0.101580949 0.394422339
v 1.31255539 -0.0984185909 0.396529352
v 1.31398881 -0.0984185909 0.396529352
v 1.31432254 -0.0984261465 0.396524318
v 1.31456685 -0.0984487971 0.396509226
v 1.31482411 -0.0985051461 0.396471682
v 1.31503602 -0.0985965584 0.396410776
v 1.31520677 -0.0987273355 0.396323642
v 1.31534059 -0.098901795 0.396207403
v 1.3154271 -0.099107794 0.39607015
v 1.31545594 -0.0993332215 0.395919953
v 1.31543665 -0.0995271571 0.395790737
v 1.31537882 -0.0997055928 0.39567185
v 1.31528243 -0.0998685206 0.395563294
v 1.31514747 -0.100015948 0.395465066
v 1.31496214 -0.100138162 0.395383638
v 1.3147146 -0.100225463 0.395325471
v 1.31440485 -0.100277844 0.395290571
v 1.31403287 -0.100295296 0.395278943
v 1.31305826 -0.100295296 0.395278943
v 1.31305826 -0.0987917797 0.396280704
v 1.31305826 -0.0999221156 0.395527585
v 1.31404066 -0.0999221156 0.395527585
v 1.31426665 -0.0999126791 0.395533872
v 1.31445734 -0.0998843618 0.39555274
v 1.3146127 -0.0998371795 0.395584176
v 1.31473274 -0.0997711163 0.395628193
v 1.31488633 -0.0995893791 0.39574928
v 1.31493752 -0.099346158 0.395911333
v 1.31490738 -0.0991619922 0.396034039
v 1.31481699 -0.0990064136 0.396137698
v 1.31467734 -0.0988891205 0.396215848
v 1.31449945 -0.0988198192 0.396262022
v 1.31431865 -0.0987987876 0.396276035
v 1.31403029 -0.0987917797 0.396280704
v 1.31403029 -0.0987917797 0.396280704
v 1.31431865 -0.0987987876 0.396276035
v 1.31449945 -0.0988198192 0.396262022
v 1.31449945 -0.0988336811 0.396282827
v 1.31431865 -0.0988126495 0.39629684
v 1.31403029 -0.0988056416 0.396301509
v 1.31473274 -0.0997711163 0.395628193
v 1.3146127 -0.0998371795 0.395584176
v 1.31445734 -0.0998843618 0.39555274
v 1.31426665 -0.0999126791 0.395533872
v 1.31404066 -0.0999221156 0.395527585
v 1.31404066 -0.0999359775 0.39554839
v 1.31426665 -0.099926541 0.395554677
v 1.31445734 -0.0998982237 0.395573545
v 1.3146127 -0.0998510414 0.395604981
v 1.31473274 -0.0997849782 0.395648998
v 1.31404066 -0.0999221156 0.395527585
v 1.31305826 -0.0999221156 0.395527585
v 1.31305826 -0.0999359775 0.39554839
v 1.31404066 -0.0999359775 0.39554839
v 1.31255539 -0.0984185909 0.396529352
v 1.31255539 -0.101580949 0.394422339
v 1.31255539 -0.101594811 0.394443144
v 1.31255539 -0.0984324529 0.396550157
v 1.31255539 -0.101594811 0.394443144
v 1.31305826 -0.101594811 0.394443144
v 1.31305826 -0.100309158 0.395299748
v 1.31403287 -0.100309158 0.395299748
v 1.31440485 -0.100291706 0.395311376
v 1.3147146 -0.100239325 0.395346276
v 1.31496214 -0.100152024 0.395404443
v 1.31514747 -0.10002981 0.395485871
v 1.31528243 -0.0998823825 0.395584099
v 1.31537882 -0.0997194547 0.395692655
v 1.31543665 -0.0995410191 0.395811542
v 1.31545594 -0.0993470835 0.395940758
v 1.3154271 -0.099121656 0.396090955
v 1.31534059 -0.0989156569 0.396228208
v 1.31520677 -0.0987411974 0.396344447
v 1.31503602 -0.0986104203 0.396431581
v 1.31482411 -0.098519008 0.396492487
v 1.31456685 -0.0984626591 0.396530031
v 1.31432254 -0.0984400084 0.396545122
v 1.31398881 -0.0984324529 0.396550157
v 1.31255539 -0.0984324529 0.396550157
v 1.31305826 -0.0999359775 0.39554839
v 1.31305826 -0.0988056416 0.396301509
v 1.31403029 -0.0988056416 0.396301509
v 1.31431865 -0.0988126495 0.39629684
v 1.31449945 -0.0988336811 0.396282827
v 1.31467734 -0.0989029824 0.396236653
v 1.31481699 -0.0990202755 0.396158503
v 1.31490738 -0.0991758541 0.396054844
v 1.31493752 -0.0993600199 0.395932138
v 1.31488633 -0.099603241 0.395770085
v 1.31473274 -0.0997849782 0.395648998
v 1.3146127 -0.0998510414 0.395604981
v 1.31445734 -0.0998982237 0.395573545
v 1.31426665 -0.099926541 0.395554677
v 1.31404066 -0.0999359775 0.39554839
v 1.31398881 -0.0984185909 0.396529352
v 1.31255539 -0.0984185909 0.396529352
v 1.31255539 -0.0984324529 0.396550157
v 1.31398881 -0.0984324529 0.396550157
v 1.31456685 -0.0984487971 0.396509226
v 1.31432254 -0.0984261465 0.396524318
v 1.31398881 -0.0984185909 0.396529352
v 1.31398881 -0.0984324529 0.396550157
v 1.31432254 -0.0984400084 0.396545122
v 1.31456685 -0.0984626591 0.396530031
v 1.31255539 -0.101580949 0.394422339
v 1.31305826 -0.101580949 0.394422339
v 1.31305826 -0.101594811 0.394443144
v 1.31255539 -0.101594811 0.394443144
v 1.31503602 -0.0985965584 0.396410776
v 1.31482411 -0.0985051461 0.396471682
v 1.31456685 -0.0984487971 0.396509226
v 1.31456685 -0.0984626591 0.396530031
v 1.31482411 -0.098519008 0.396492487
v 1.31503602 -0.0986104203 0.396431581
v 1.31305826 -0.101580949 0.394422339
v 1.31305826 -0.100295296 0.395278943
v 1.31305826 -0.100309158 0.395299748
v 1.31305826 -0.101594811 0.394443144
v 1.31534059 -0.098901795 0.396207403
v 1.31520677 -0.0987273355 0.396323642
v 1.31503602 -0.0985965584 0.396410776
v 1.31503602 -0.0986104203 0.396431581
v 1.31520677 -0.0987411974 0.396344447
v 1.31534059 -0.0989156569 0.396228208
v 1.31305826 -0.100295296 0.395278943
v 1.31403287 -0.100295296 0.395278943
v 1.31403287 -0.100309158 0.395299748
v 1.31305826 -0.100309158 0.395299748
v 1.31545594 -0.0993332215 0.395919953
v 1.3154271 -0.099107794 0.39607015
v 1.31534059 -0.098901795 0.396207403
v 1.31534059 -0.0989156569 0.396228208
v 1.3154271 -0.099121656 0.396090955
v 1.31545594 -0.0993470835 0.395940758
v 1.31403287 -0.100295296 0.395278943
v 1.31440485 -0.100277844 0.395290571
v 1.3147146 -0.100225463 0.395325471
v 1.31496214 -0.100138162 0.395383638
v 1.31514747 -0.100015948 0.395465066
v 1.31514747 -0.10002981 0.395485871
v 1.31496214 -0.100152024 0.395404443
v 1.3147146 -0.100239325 0.395346276
v 1.31440485 -0.100291706 0.395311376
v 1.31403287 -0.100309158 0.395299748
v 1.31514747 -0.100015948 0.395465066
v 1.31528243 -0.0998685206 0.395563294
v 1.31537882 -0.0997055928 0.39567185
v 1.31543665 -0.0995271571 0.395790737
v 1.31545594 -0.0993332215 0.395919953
v 1.31545594 -0.0993470835 0.395940758
v 1.31543665 -0.0995410191 0.395811542
v 1.31537882 -0.0997194547 0.395692655
v 1.31528243 -0.0998823825 0.395584099
v 1.31514747 -0.10002981 0.395485871
f 4271 4272 4274
f 4274 4272 4273
f 4275 4276 4278
f 4278 4276 4277
f 4279 4280 4284
f 4284 4280 4283
f 4283 4280 4281
f 4283 4281 4282
f 4285 4286 4290
f 4290 4286 4289
f 4289 4286 4287
f 4289 4287 4288
f 4291 4292 4296
f 4296 4292 4295
f 4295 4292 4293
f 4295 4293 4294
f 4297 4298 4317
f 4317 4298 4319
f 4317 4319 4316
f 4316 4319 4320
f 4316 4320 4321
f 4298 4299 4319
f 4319 4299 4318
f 4318 4299 4300
f 4318 4300 4332
f 4332 4300 4301
f 4332 4301 4331
f 4331 4301 4330
f 4330 4301 4302
f 4330 4302 4329
f 4329 4302 4303
f 4329 4303 4304
f 4329 4304 4328
f 4328 4304 4305
f 4328 4305 4327
f 4327 4305 4306
f 4327 4306 4307
f 4327 4307 4326
f 4326 4307 4308
f 4326 4308 4309
f 4309 4310 4326
f 4326 4310 4325
f 4325 4310 4311
f 4325 4311 4312
f 4325 4312 4324
f 4324 4312 4313
f 4324 4313 4314
f 4315 4322 4314
f 4314 4322 4323
f 4314 4323 4324
f 4322 4315 4321
f 4321 4315 4316
f 4333 4334 4338
f 4338 4334 4337
f 4337 4334 4335
f 4337 4335 4336
f 4339 4340 4348
f 4348 4340 4347
f 4347 4340 4341
f 4347 4341 4346
f 4346 4341 4342
f 4346 4342 4345
f 4345 4342 4343
f 4345 4343 4344
f 4349 4350 4352
f 4352 4350 4351
f 4353 4354 4356
f 4356 4354 4355
f 4358 4359 4357
f 4357 4359 4378
f 4357 4378 4377
f 4377 4378 4379
f 4377 4379 4376
f 4376 4379 4380
f 4376 4380 4375
f 4375 4380 4381
f 4375 4381 4382
f 4359 4360 4378
f 4378 4360 4392
f 4392 4360 4391
f 4391 4360 4361
f 4391 4361 4390
f 4390 4361 4362
f 4390 4362 4389
f 4389 4362 4388
f 4388 4362 4363
f 4388 4363 4364
f 4388 4364 4387
f 4387 4364 4365
f 4387 4365 4366
f 4387 4366 4386
f 4386 4366 4367
f 4386 4367 4368
f 4368 4369 4386
f 4386 4369 4385
f 4385 4369 4370
f 4385 4370 4371
f 4385 4371 4384
f 4384 4371 4372
f 4384 4372 4383
f 4383 4372 4373
f 4383 4373 4374
f 4383 4374 4382
f 4382 4374 4375
f 4393 4394 4396
f 4396 4394 4395
f 4397 4398 4402
f 4402 4398 4401
f 4401 4398 4399
f 4401 4399 4400
f 4403 4404 4406
f 4406 4404 4405
f 4407 4408 4412
f 4412 4408 4411
f 4411 4408 4409
f 4411 4409 4410
f 4413 4414 4416
f 4416 4414 4415
f 4417 4418 4422
f 4422 4418 4421
f 4421 4418 4419
f 4421 4419 4420
f 4423 4424 4426
f 4426 4424 4425
f 4427 4428 4432
f 4432 4428 4431
f 4431 4428 4429
f 4431 4429 4430
f 4433 4434 4442
f 4442 4434 4441
f 4441 4434 4435
f 4441 4435 4440
f 4440 4435 4436
f 4440 4436 4439
f 4439 4436 4437
f 4439 4437 4438
f 4443 4444 4452
f 4452 4444 4451
f 4451 4444 4445
f 4451 4445 4450
f 4450 4445 4446
f 4450 4446 4449
f 4449 4446 4447
f 4449 4447 4448
v 1.30224407 -0.101580949 0.394422339
v 1.30274693 -0.101580949 0.394422339
v 1.30274693 -0.101594811 0.394443144
v 1.30224407 -0.101594811 0.394443144
v 1.30522497 -0.101580949 0.394422339
v 1.30522497 -0.0984185909 0.396529352
v 1.30522497 -0.0984324529 0.396550157
v 1.30522497 -0.101594811 0.394443144
v 1.3047221 -0.0984185909 0.396529352
v 1.3047221 -0.099717188 0.395664124
v 1.3047221 -0.0997310499 0.395684929
v 1.3047221 -0.0984324529 0.396550157
v 1.3047221 -0.099717188 0.395664124
v 1.30274693 -0.099717188 0.395664124
v 1.30274693 -0.0997310499 0.395684929
v 1.3047221 -0.0997310499 0.395684929
v 1.30274693 -0.099717188 0.395664124
v 1.30274693 -0.0984185909 0.396529352
v 1.30274693 -0.0984324529 0.396550157
v 1.30274693 -0.0997310499 0.395684929
v 1.30274693 -0.101580949 0.394422339
v 1.30224407 -0.101580949 0.394422339
v 1.30224407 -0.0984185909 0.396529352
v 1.30274693 -0.0984185909 0.396529352
v 1.30274693 -0.099717188 0.395664124
v 1.3047221 -0.099717188 0.395664124
v 1.3047221 -0.0984185909 0.396529352
v 1.30522497 -0.0984185909 0.396529352
v 1.30522497 -0.101580949 0.394422339
v 1.3047221 -0.101580949 0.394422339
v 1.3047221 -0.100090369 0.395415481
v 1.30274693 -0.100090369 0.395415481
v 1.30522497 -0.0984185909 0.396529352
v 1.3047221 -0.0984185909 0.396529352
v 1.3047221 -0.0984324529 0.396550157
v 1.30522497 -0.0984324529 0.396550157
v 1.30274693 -0.0984185909 0.396529352
v 1.30224407 -0.0984185909 0.396529352
v 1.30224407 -0.0984324529 0.396550157
v 1.30274693 -0.0984324529 0.396550157
v 1.30224407 -0.0984185909 0.396529352
v 1.30224407 -0.101580949 0.394422339
v 1.30224407 -0.101594811 0.394443144
v 1.30224407 -0.0984324529 0.396550157
v 1.30224407 -0.101594811 0.394443144
v 1.30274693 -0.101594811 0.394443144
v 1.30274693 -0.100104231 0.395436286
v 1.3047221 -0.100104231 0.395436286
v 1.3047221 -0.101594811 0.394443144
v 1.30522497 -0.101594811 0.394443144
v 1.30522497 -0.0984324529 0.396550157
v 1.3047221 -0.0984324529 0.396550157
v 1.3047221 -0.0997310499 0.395684929
v 1.30274693 -0.0997310499 0.395684929
v 1.30274693 -0.0984324529 0.396550157
v 1.30224407 -0.0984324529 0.396550157
v 1.3047221 -0.101580949 0.394422339
v 1.30522497 -0.101580949 0.394422339
v 1.30522497 -0.101594811 0.394443144
v 1.3047221 -0.101594811 0.394443144
v 1.30274693 -0.101580949 0.394422339
v 1.30274693 -0.100090369 0.395415481
v 1.30274693 -0.100104231 0.395436286
v 1.30274693 -0.101594811 0.394443144
v 1.3047221 -0.100090369 0.395415481
v 1.3047221 -0.101580949 0.394422339
v 1.3047221 -0.101594811 0.394443144
v 1.3047221 -0.100104231 0.395436286
v 1.30274693 -0.100090369 0.395415481
v 1.3047221 -0.100090369 0.395415481
v 1.3047221 -0.100104231 0.395436286
v 1.30274693 -0.100104231 0.395436286
f 4453 4454 4456
f 4456 4454 4455
f 4457 4458 4460
f 4460 4458 4459
f 4461 4462 4464
f 4464 4462 4463
f 4465 4466 4468
f 4468 4466 4467
f 4469 4470 4472
f 4472 4470 4471
f 4473 4474 4484
f 4484 4474 4475
f 4484 4475 4477
f 4477 4475 4476
f 4477 4478 4484
f 4484 4478 4483
f 4483 4478 4480
f 4483 4480 4481
f 4478 4479 4480
f 4481 4482 4483
f 4485 4486 4488
f 4488 4486 4487
f 4489 4490 4492
f 4492 4490 4491
f 4493 4494 4496
f 4496 4494 4495
f 4498 4499 4497
f 4497 4499 4508
f 4508 4499 4506
f 4508 4506 4507
f 4499 4500 4506
f 4506 4500 4505
f 4505 4500 4503
f 4505 4503 4504
f 4501 4502 4500
f 4500 4502 4503
f 4509 4510 4512
f 4512 4510 4511
f 4513 4514 4516
f 4516 4514 4515
f 4517 4518 4520
f 4520 4518 4519
f 4521 4522 4524
f 4524 4522 4523
v 1.19123513 -0.195341536 0.331951649
v 1.19126298 -0.194957744 0.332207361
v 1.19134656 -0.194633117 0.332423653
v 1.19148584 -0.194367654 0.332600525
v 1.19168083 -0.194161357 0.332737977
v 1.19168083 -0.194175219 0.332758782
v 1.19148584 -0.194381516 0.33262133
v 1.19134656 -0.194646978 0.332444458
v 1.19126298 -0.194971606 0.332228166
v 1.19123513 -0.195355398 0.331972454
v 1.19274482 -0.193807928 0.332973459
v 1.19315863 -0.193853824 0.33294288
v 1.19352967 -0.193991511 0.332851141
v 1.19352967 -0.194005373 0.332871946
v 1.19315863 -0.193867685 0.332963685
v 1.19274482 -0.19382179 0.332994264
v 1.1942425 -0.195289083 0.331986597
v 1.19421595 -0.195622375 0.331764532
v 1.19413632 -0.19591539 0.331569302
v 1.19400361 -0.196168129 0.331400907
v 1.1938178 -0.196380592 0.331259347
v 1.1938178 -0.196394454 0.331280152
v 1.19400361 -0.196181991 0.331421712
v 1.19413632 -0.195929252 0.331590107
v 1.19421595 -0.195636237 0.331785337
v 1.1942425 -0.195302945 0.332007402
v 1.1938178 -0.196380592 0.331259347
v 1.19359092 -0.196548877 0.331147223
v 1.19333496 -0.196669081 0.331067134
v 1.19304992 -0.196741203 0.33101908
v 1.19273581 -0.196765243 0.331003063
v 1.19273581 -0.196779105 0.331023868
v 1.19304992 -0.196755065 0.331039885
v 1.19333496 -0.196682943 0.331087939
v 1.19359092 -0.196562739 0.331168028
v 1.1938178 -0.196394454 0.331280152
v 1.19088697 -0.196248213 0.331347549
v 1.19069789 -0.195803616 0.331643774
v 1.19063486 -0.195334042 0.331956641
v 1.19067162 -0.19490295 0.332243869
v 1.19078192 -0.194521342 0.332498126
v 1.19096576 -0.194189222 0.332719411
v 1.19122313 -0.193906588 0.332907724
v 1.19153864 -0.193680934 0.333058073
v 1.19189693 -0.193519752 0.333165465
v 1.19229799 -0.193423043 0.3332299
v 1.19274181 -0.193390806 0.333251379
v 1.19332108 -0.193451376 0.333211022
v 1.19384031 -0.193633087 0.333089952
v 1.19427138 -0.193923136 0.332896699
v 1.19458615 -0.194308723 0.33263979
v 1.19477861 -0.194771116 0.332331707
v 1.19484277 -0.195291581 0.331984933
v 1.19477524 -0.195819227 0.331633373
v 1.19457265 -0.196288176 0.331320922
v 1.19424625 -0.196674389 0.331063597
v 1.1938073 -0.196953822 0.330877416
v 1.19329256 -0.197123356 0.33076446
v 1.19273881 -0.197179867 0.330726808
v 1.19215055 -0.197117424 0.330768412
v 1.19162831 -0.196930094 0.330893226
v 1.19119836 -0.196634737 0.331090016
v 1.19168083 -0.194161357 0.332737977
v 1.19148584 -0.194367654 0.332600525
v 1.19134656 -0.194633117 0.332423653
v 1.19126298 -0.194957744 0.332207361
v 1.19123513 -0.195341536 0.331951649
v 1.19126186 -0.195654923 0.331742845
v 1.19134205 -0.195933186 0.331557445
v 1.19147571 -0.196176325 0.331395447
v 1.19166282 -0.196384339 0.331256851
v 1.19189027 -0.196550985 0.331145818
v 1.19214492 -0.196670018 0.331066509
v 1.19242677 -0.196741437 0.331018924
v 1.19273581 -0.196765243 0.331003063
v 1.19304992 -0.196741203 0.33101908
v 1.19333496 -0.196669081 0.331067134
v 1.19359092 -0.196548877 0.331147223
v 1.1938178 -0.196380592 0.331259347
v 1.19400361 -0.196168129 0.331400907
v 1.19413632 -0.19591539 0.331569302
v 1.19421595 -0.195622375 0.331764532
v 1.1942425 -0.195289083 0.331986597
v 1.1941971 -0.194870401 0.332265556
v 1.19406092 -0.194508542 0.332506655
v 1.19383731 -0.194212561 0.332703861
v 1.19352967 -0.193991511 0.332851141
v 1.19315863 -0.193853824 0.33294288
v 1.19274482 -0.193807928 0.332973459
v 1.19244646 -0.193830017 0.332958742
v 1.19216968 -0.193896285 0.332914589
v 1.19191447 -0.194006732 0.332841
v 1.19352967 -0.193991511 0.332851141
v 1.19383731 -0.194212561 0.332703861
v 1.19406092 -0.194508542 0.332506655
v 1.19406092 -0.194522404 0.33252746
v 1.19383731 -0.194226423 0.332724666
v 1.19352967 -0.194005373 0.332871946
v 1.19406092 -0.194508542 0.332506655
v 1.1941971 -0.194870401 0.332265556
v 1.1942425 -0.195289083 0.331986597
v 1.1942425 -0.195302945 0.332007402
v 1.1941971 -0.194884263 0.332286361
v 1.19406092 -0.194522404 0.33252746
v 1.19273581 -0.196765243 0.331003063
v 1.19242677 -0.196741437 0.331018924
v 1.19214492 -0.196670018 0.331066509
v 1.19189027 -0.196550985 0.331145818
v 1.19166282 -0.196384339 0.331256851
v 1.19166282 -0.196398201 0.331277656
v 1.19189027 -0.196564847 0.331166623
v 1.19214492 -0.19668388 0.331087314
v 1.19242677 -0.196755299 0.331039729
v 1.19273581 -0.196779105 0.331023868
v 1.19166282 -0.196384339 0.331256851
v 1.19147571 -0.196176325 0.331395447
v 1.19134205 -0.195933186 0.331557445
v 1.19126186 -0.195654923 0.331742845
v 1.19123513 -0.195341536 0.331951649
v 1.19123513 -0.195355398 0.331972454
v 1.19126186 -0.195668785 0.33176365
v 1.19134205 -0.195947048 0.33157825
v 1.19147571 -0.196190186 0.331416252
v 1.19166282 -0.196398201 0.331277656
v 1.19122313 -0.193906588 0.332907724
v 1.19096576 -0.194189222 0.332719411
v 1.19078192 -0.194521342 0.332498126
v 1.19067162 -0.19490295 0.332243869
v 1.19063486 -0.195334042 0.331956641
v 1.19063486 -0.195347904 0.331977446
v 1.19067162 -0.194916811 0.332264674
v 1.19078192 -0.194535204 0.332518931
v 1.19096576 -0.194203084 0.332740216
v 1.19122313 -0.19392045 0.332928529
v 1.19063486 -0.195347904 0.331977446
v 1.19069789 -0.195817478 0.331664579
v 1.19088697 -0.196262074 0.331368354
v 1.19119836 -0.196648599 0.331110821
v 1.19162831 -0.196943956 0.330914031
v 1.19215055 -0.197131286 0.330789217
v 1.19273881 -0.197193729 0.330747613
v 1.19329256 -0.197137218 0.330785265
v 1.1938073 -0.196967684 0.330898221
v 1.19424625 -0.196688251 0.331084402
v 1.19457265 -0.196302038 0.331341727
v 1.19477524 -0.195833089 0.331654178
v 1.19484277 -0.195305443 0.332005738
v 1.19477861 -0.194784978 0.332352512
v 1.19458615 -0.194322585 0.332660595
v 1.19427138 -0.193936998 0.332917504
v 1.19384031 -0.193646948 0.333110757
v 1.19332108 -0.193465238 0.333231827
v 1.19274181 -0.193404668 0.333272184
v 1.19229799 -0.193436905 0.333250705
v 1.19189693 -0.193533614 0.33318627
v 1.19153864 -0.193694795 0.333078878
v 1.19122313 -0.19392045 0.332928529
v 1.19096576 -0.194203084 0.332740216
v 1.19078192 -0.194535204 0.332518931
v 1.19067162 -0.194916811 0.332264674
v 1.19123513 -0.195355398 0.331972454
v 1.19126298 -0.194971606 0.332228166
v 1.19134656 -0.194646978 0.332444458
v 1.19148584 -0.194381516 0.33262133
v 1.19168083 -0.194175219 0.332758782
v 1.19191447 -0.194020594 0.332861805
v 1.19216968 -0.193910147 0.332935394
v 1.19244646 -0.193843879 0.332979547
v 1.19274482 -0.19382179 0.332994264
v 1.19315863 -0.193867685 0.332963685
v 1.19352967 -0.194005373 0.332871946
v 1.19383731 -0.194226423 0.332724666
v 1.19406092 -0.194522404 0.33252746
v 1.1941971 -0.194884263 0.332286361
v 1.1942425 -0.195302945 0.332007402
v 1.19421595 -0.195636237 0.331785337
v 1.19413632 -0.195929252 0.331590107
v 1.19400361 -0.196181991 0.331421712
v 1.1938178 -0.196394454 0.331280152
v 1.19359092 -0.196562739 0.331168028
v 1.19333496 -0.196682943 0.331087939
v 1.19304992 -0.196755065 0.331039885
v 1.19273581 -0.196779105 0.331023868
v 1.19242677 -0.196755299 0.331039729
v 1.19214492 -0.19668388 0.331087314
v 1.19189027 -0.196564847 0.331166623
v 1.19166282 -0.196398201 0.331277656
v 1.19147571 -0.196190186 0.331416252
v 1.19134205 -0.195947048 0.33157825
v 1.19126186 -0.195668785 0.33176365
v 1.19168083 -0.194161357 0.332737977
v 1.19191447 -0.194006732 0.332841
v 1.19216968 -0.193896285 0.332914589
v 1.19244646 -0.193830017 0.332958742
v 1.19274482 -0.193807928 0.332973459
v 1.19274482 -0.19382179 0.332994264
v 1.19244646 -0.193843879 0.332979547
v 1.19216968 -0.193910147 0.332935394
v 1.19191447 -0.194020594 0.332861805
v 1.19168083 -0.194175219 0.332758782
v 1.19274181 -0.193390806 0.333251379
v 1.19229799 -0.193423043 0.3332299
v 1.19189693 -0.193519752 0.333165465
v 1.19153864 -0.193680934 0.333058073
v 1.19122313 -0.193906588 0.332907724
v 1.19122313 -0.19392045 0.332928529
v 1.19153864 -0.193694795 0.333078878
v 1.19189693 -0.193533614 0.33318627
v 1.19229799 -0.193436905 0.333250705
v 1.19274181 -0.193404668 0.333272184
v 1.19384031 -0.193633087 0.333089952
v 1.19332108 -0.193451376 0.333211022
v 1.19274181 -0.193390806 0.333251379
v 1.19274181 -0.193404668 0.333272184
v 1.19332108 -0.193465238 0.333231827
v 1.19384031 -0.193646948 0.333110757
v 1.19063486 -0.195334042 0.331956641
v 1.19069789 -0.195803616 0.331643774
v 1.19088697 -0.196248213 0.331347549
v 1.19088697 -0.196262074 0.331368354
v 1.19069789 -0.195817478 0.331664579
v 1.19063486 -0.195347904 0.331977446
v 1.19458615 -0.194308723 0.33263979
v 1.19427138 -0.193923136 0.332896699
v 1.19384031 -0.193633087 0.333089952
v 1.19384031 -0.193646948 0.333110757
v 1.19427138 -0.193936998 0.332917504
v 1.19458615 -0.194322585 0.332660595
v 1.19088697 -0.196248213 0.331347549
v 1.19119836 -0.196634737 0.331090016
v 1.19162831 -0.196930094 0.330893226
v 1.19162831 -0.196943956 0.330914031
v 1.19119836 -0.196648599 0.331110821
v 1.19088697 -0.196262074 0.331368354
v 1.19484277 -0.195291581 0.331984933
v 1.19477861 -0.194771116 0.332331707
v 1.19458615 -0.194308723 0.33263979
v 1.19458615 -0.194322585 0.332660595
v 1.19477861 -0.194784978 0.332352512
v 1.19484277 -0.195305443 0.332005738
v 1.19162831 -0.196930094 0.330893226
v 1.19215055 -0.197117424 0.330768412
v 1.19273881 -0.197179867 0.330726808
v 1.19273881 -0.197193729 0.330747613
v 1.19215055 -0.197131286 0.330789217
v 1.19162831 -0.196943956 0.330914031
v 1.19457265 -0.196288176 0.331320922
v 1.19477524 -0.195819227 0.331633373
v 1.19484277 -0.195291581 0.331984933
v 1.19484277 -0.195305443 0.332005738
v 1.19477524 -0.195833089 0.331654178
v 1.19457265 -0.196302038 0.331341727
v 1.19273881 -0.197179867 0.330726808
v 1.19329256 -0.197123356 0.33076446
v 1.1938073 -0.196953822 0.330877416
v 1.1938073 -0.196967684 0.330898221
v 1.19329256 -0.197137218 0.330785265
v 1.19273881 -0.197193729 0.330747613
v 1.1938073 -0.196953822 0.330877416
v 1.19424625 -0.196674389 0.331063597
v 1.19457265 -0.196288176 0.331320922
v 1.19457265 -0.196302038 0.331341727
v 1.19424625 -0.196688251 0.331084402
v 1.1938073 -0.196967684 0.330898221
f 4525 4526 4534
f 4534 4526 4533
f 4533 4526 4527
f 4533 4527 4532
f 4532 4527 4528
f 4532 4528 4531
f 4531 4528 4529
f 4531 4529 4530
f 4535 4536 4540
f 4540 4536 4539
f 4539 4536 4537
f 4539 4537 4538
f 4541 4542 4550
f 4550 4542 4549
f 4549 4542 4543
f 4549 4543 4548
f 4548 4543 4544
f 4548 4544 4547
f 4547 4544 4545
f 4547 4545 4546
f 4551 4552 4560
f 4560 4552 4559
f 4559 4552 4553
f 4559 4553 4558
f 4558 4553 4554
f 4558 4554 4557
f 4557 4554 4555
f 4557 4555 4556
f 4562 4593 4561
f 4561 4593 4594
f 4561 4594 4586
f 4586 4594 4595
f 4586 4595 4585
f 4585 4595 4596
f 4585 4596 4597
f 4593 4562 4592
f 4592 4562 4563
f 4592 4563 4591
f 4591 4563 4564
f 4591 4564 4590
f 4590 4564 4565
f 4590 4565 4589
f 4589 4565 4566
f 4589 4566 4588
f 4588 4566 4567
f 4588 4567 4587
f 4587 4567 4568
f 4587 4568 4616
f 4616 4568 4569
f 4616 4569 4615
f 4615 4569 4570
f 4615 4570 4614
f 4614 4570 4571
f 4614 4571 4613
f 4613 4571 4612
f 4612 4571 4572
f 4612 4572 4611
f 4611 4572 4573
f 4611 4573 4610
f 4610 4573 4574
f 4610 4574 4609
f 4609 4574 4575
f 4609 4575 4608
f 4608 4575 4576
f 4608 4576 4607
f 4607 4576 4577
f 4607 4577 4606
f 4606 4577 4578
f 4606 4578 4605
f 4605 4578 4579
f 4605 4579 4604
f 4604 4579 4580
f 4604 4580 4603
f 4603 4580 4581
f 4603 4581 4602
f 4602 4581 4601
f 4601 4581 4582
f 4601 4582 4600
f 4600 4582 4583
f 4600 4583 4599
f 4599 4583 4598
f 4598 4583 4584
f 4598 4584 4597
f 4597 4584 4585
f 4617 4618 4622
f 4622 4618 4621
f 4621 4618 4619
f 4621 4619 4620
f 4623 4624 4628
f 4628 4624 4627
f 4627 4624 4625
f 4627 4625 4626
f 4629 4630 4638
f 4638 4630 4637
f 4637 4630 4631
f 4637 4631 4636
f 4636 4631 4632
f 4636 4632 4635
f 4635 4632 4633
f 4635 4633 4634
f 4639 4640 4648
f 4648 4640 4647
f 4647 4640 4641
f 4647 4641 4646
f 4646 4641 4642
f 4646 4642 4645
f 4645 4642 4643
f 4645 4643 4644
f 4649 4650 4658
f 4658 4650 4657
f 4657 4650 4651
f 4657 4651 4656
f 4656 4651 4652
f 4656 4652 4655
f 4655 4652 4653
f 4655 4653 4654
f 4660 4714 4659
f 4659 4714 4685
f 4659 4685 4684
f 4684 4685 4686
f 4684 4686 4683
f 4683 4686 4687
f 4683 4687 4682
f 4682 4687 4688
f 4682 4688 4681
f 4681 4688 4689
f 4681 4689 4680
f 4680 4689 4690
f 4680 4690 4679
f 4679 4690 4691
f 4679 4691 4678
f 4678 4691 4692
f 4678 4692 4677
f 4677 4692 4693
f 4677 4693 4694
f 4714 4660 4713
f 4713 4660 4661
f 4713 4661 4712
f 4712 4661 4662
f 4712 4662 4711
f 4711 4662 4663
f 4711 4663 4710
f 4710 4663 4709
f 4709 4663 4664
f 4709 4664 4708
f 4708 4664 4665
f 4708 4665 4707
f 4707 4665 4706
f 4706 4665 4666
f 4706 4666 4705
f 4705 4666 4667
f 4705 4667 4704
f 4704 4667 4703
f 4703 4667 4668
f 4703 4668 4702
f 4702 4668 4669
f 4702 4669 4701
f 4701 4669 4670
f 4701 4670 4700
f 4700 4670 4671
f 4700 4671 4699
f 4699 4671 4672
f 4699 4672 4698
f 4698 4672 4673
f 4698 4673 4697
f 4697 4673 4674
f 4697 4674 4696
f 4696 4674 4675
f 4696 4675 4695
f 4695 4675 4676
f 4695 4676 4694
f 4694 4676 4677
f 4715 4716 4724
f 4724 4716 4723
f 4723 4716 4717
f 4723 4717 4722
f 4722 4717 4718
f 4722 4718 4721
f 4721 4718 4719
f 4721 4719 4720
f 4725 4726 4734
f 4734 4726 4733
f 4733 4726 4727
f 4733 4727 4732
f 4732 4727 4728
f 4732 4728 4731
f 4731 4728 4729
f 4731 4729 4730
f 4735 4736 4740
f 4740 4736 4739
f 4739 4736 4737
f 4739 4737 4738
f 4741 4742 4746
f 4746 4742 4745
f 4745 4742 4743
f 4745 4743 4744
f 4747 4748 4752
f 4752 4748 4751
f 4751 4748 4749
f 4751 4749 4750
f 4753 4754 4758
f 4758 4754 4757
f 4757 4754 4755
f 4757 4755 4756
f 4759 4760 4764
f 4764 4760 4763
f 4763 4760 4761
f 4763 4761 4762
f 4765 4766 4770
f 4770 4766 4769
f 4769 4766 4767
f 4769 4767 4768
f 4771 4772 4776
f 4776 4772 4775
f 4775 4772 4773
f 4775 4773 4774
f 4777 4778 4782
f 4782 4778 4781
f 4781 4778 4779
f 4781 4779 4780
f 4783 4784 4788
f 4788 4784 4787
f 4787 4784 4785
f 4787 4785 4786
v 1.19742694 -0.193455747 0.33320811
v 1.19679966 -0.193455747 0.33320811
v 1.19679966 -0.193469609 0.333228915
v 1.19742694 -0.193469609 0.333228915
v 1.19686269 -0.194539764 0.332485852
v 1.1970998 -0.193840398 0.332951825
v 1.1970998 -0.19385426 0.33297263
v 1.19686269 -0.194553626 0.332506657
v 1.1970998 -0.193840398 0.332951825
v 1.19722885 -0.194178841 0.332726328
v 1.19741194 -0.194599709 0.332445912
v 1.19741194 -0.194613571 0.332466717
v 1.19722885 -0.194192703 0.332747133
v 1.1970998 -0.19385426 0.33297263
v 1.19572817 -0.197117424 0.330768412
v 1.19510989 -0.197117424 0.330768412
v 1.19679966 -0.193455747 0.33320811
v 1.19742694 -0.193455747 0.33320811
v 1.19922776 -0.197117424 0.330768412
v 1.19856446 -0.197117424 0.330768412
v 1.19805123 -0.19600843 0.331507311
v 1.19621139 -0.19600843 0.331507311
v 1.19686269 -0.194539764 0.332485852
v 1.19637947 -0.195613788 0.331770253
v 1.19787115 -0.195613788 0.331770253
v 1.19741194 -0.194599709 0.332445912
v 1.19722885 -0.194178841 0.332726328
v 1.1970998 -0.193840398 0.332951825
v 1.19679966 -0.193455747 0.33320811
v 1.19510989 -0.197117424 0.330768412
v 1.19510989 -0.197131286 0.330789217
v 1.19679966 -0.193469609 0.333228915
v 1.19637947 -0.195613788 0.331770253
v 1.19686269 -0.194539764 0.332485852
v 1.19686269 -0.194553626 0.332506657
v 1.19637947 -0.19562765 0.331791057
v 1.19741194 -0.194599709 0.332445912
v 1.19787115 -0.195613788 0.331770253
v 1.19787115 -0.19562765 0.331791057
v 1.19741194 -0.194613571 0.332466717
v 1.19787115 -0.195613788 0.331770253
v 1.19637947 -0.195613788 0.331770253
v 1.19637947 -0.19562765 0.331791057
v 1.19787115 -0.19562765 0.331791057
v 1.19510989 -0.197131286 0.330789217
v 1.19572817 -0.197131286 0.330789217
v 1.19621139 -0.196022292 0.331528116
v 1.19805123 -0.196022292 0.331528116
v 1.19856446 -0.197131286 0.330789217
v 1.19922776 -0.197131286 0.330789217
v 1.19742694 -0.193469609 0.333228915
v 1.19679966 -0.193469609 0.333228915
v 1.19637947 -0.19562765 0.331791057
v 1.19686269 -0.194553626 0.332506657
v 1.1970998 -0.19385426 0.33297263
v 1.19722885 -0.194192703 0.332747133
v 1.19741194 -0.194613571 0.332466717
v 1.19787115 -0.19562765 0.331791057
v 1.19922776 -0.197117424 0.330768412
v 1.19742694 -0.193455747 0.33320811
v 1.19742694 -0.193469609 0.333228915
v 1.19922776 -0.197131286 0.330789217
v 1.19856446 -0.197117424 0.330768412
v 1.19922776 -0.197117424 0.330768412
v 1.19922776 -0.197131286 0.330789217
v 1.19856446 -0.197131286 0.330789217
v 1.19805123 -0.19600843 0.331507311
v 1.19856446 -0.197117424 0.330768412
v 1.19856446 -0.197131286 0.330789217
v 1.19805123 -0.196022292 0.331528116
v 1.19510989 -0.197117424 0.330768412
v 1.19572817 -0.197117424 0.330768412
v 1.19572817 -0.197131286 0.330789217
v 1.19510989 -0.197131286 0.330789217
v 1.19621139 -0.19600843 0.331507311
v 1.19805123 -0.19600843 0.331507311
v 1.19805123 -0.196022292 0.331528116
v 1.19621139 -0.196022292 0.331528116
v 1.19572817 -0.197117424 0.330768412
v 1.19621139 -0.19600843 0.331507311
v 1.19621139 -0.196022292 0.331528116
v 1.19572817 -0.197131286 0.330789217
f 4789 4790 4792
f 4792 4790 4791
f 4793 4794 4796
f 4796 4794 4795
f 4797 4798 4802
f 4802 4798 4801
f 4801 4798 4799
f 4801 4799 4800
f 4803 4804 4810
f 4810 4804 4812
f 4810 4812 4813
f 4804 4805 4812
f 4812 4805 4811
f 4811 4805 4816
f 4816 4805 4806
f 4816 4806 4815
f 4815 4806 4814
f 4814 4806 4813
f 4813 4806 4807
f 4813 4807 4809
f 4809 4807 4808
f 4809 4810 4813
f 4817 4818 4820
f 4820 4818 4819
f 4821 4822 4824
f 4824 4822 4823
f 4825 4826 4828
f 4828 4826 4827
f 4829 4830 4832
f 4832 4830 4831
f 4834 4835 4833
f 4833 4835 4841
f 4833 4841 4840
f 4840 4841 4842
f 4840 4842 4843
f 4841 4835 4846
f 4846 4835 4836
f 4846 4836 4838
f 4838 4836 4837
f 4838 4839 4846
f 4846 4839 4845
f 4845 4839 4844
f 4844 4839 4843
f 4843 4839 4840
f 4847 4848 4850
f 4850 4848 4849
f 4851 4852 4854
f 4854 4852 4853
f 4855 4856 4858
f 4858 4856 4857
f 4859 4860 4862
f 4862 4860 4861
f 4863 4864 4866
f 4866 4864 4865
f 4867 4868 4870
f 4870 4868 4869
v 1.20027524 -0.196685316 0.331056316
v 1.20027524 -0.193887855 0.332920205
v 1.20027524 -0.193901717 0.33294101
v 1.20027524 -0.196699178 0.331077121
v 1.201953 -0.193962787 0.33287028
v 1.20225276 -0.194118583 0.332766476
v 1.20250375 -0.194376161 0.332594857
v 1.20250375 -0.194390023 0.332615662
v 1.20225276 -0.194132445 0.332787281
v 1.201953 -0.193976649 0.332891085
v 1.2026148 -0.19596472 0.331536434
v 1.20247637 -0.196226046 0.331362319
v 1.20229216 -0.19642805 0.331227728
v 1.20229216 -0.196441911 0.331248533
v 1.20247637 -0.196239907 0.331383124
v 1.2026148 -0.195978582 0.331557239
v 1.20229216 -0.19642805 0.331227728
v 1.20211995 -0.196536701 0.331155336
v 1.20189748 -0.196617877 0.33110125
v 1.20189748 -0.196631739 0.331122055
v 1.20211995 -0.196550563 0.331176141
v 1.20229216 -0.196441911 0.331248533
v 1.20128069 -0.197117424 0.330768412
v 1.19969297 -0.197117424 0.330768412
v 1.19969297 -0.193455747 0.33320811
v 1.20120866 -0.193455747 0.33320811
v 1.20166112 -0.19346886 0.333199373
v 1.20199202 -0.193508199 0.333173162
v 1.20234243 -0.193609982 0.333105346
v 1.20263731 -0.193770462 0.332998422
v 1.20294158 -0.194049271 0.332812657
v 1.20315805 -0.194396143 0.332581544
v 1.20328748 -0.194804211 0.332309657
v 1.20333063 -0.195266604 0.332001574
v 1.20330136 -0.195659997 0.331739465
v 1.20321357 -0.196005932 0.331508975
v 1.20308001 -0.196300353 0.331312809
v 1.20291344 -0.196539199 0.331153671
v 1.20272173 -0.196727778 0.331028025
v 1.20251276 -0.196871397 0.330932335
v 1.20227264 -0.196977863 0.330861399
v 1.20198752 -0.197054981 0.330810017
v 1.20165699 -0.197101813 0.330778813
v 1.20027524 -0.193887855 0.332920205
v 1.20027524 -0.196685316 0.331056316
v 1.20121467 -0.196685316 0.331056316
v 1.20160297 -0.196668457 0.331067549
v 1.20189748 -0.196617877 0.33110125
v 1.20211995 -0.196536701 0.331155336
v 1.20229216 -0.19642805 0.331227728
v 1.20247637 -0.196226046 0.331362319
v 1.2026148 -0.19596472 0.331536434
v 1.20270147 -0.195642825 0.331750906
v 1.20273036 -0.195259111 0.332006567
v 1.20271619 -0.194988497 0.332186871
v 1.20267371 -0.194751134 0.332345021
v 1.20260289 -0.194547023 0.332481016
v 1.20250375 -0.194376161 0.332594857
v 1.20225276 -0.194118583 0.332766476
v 1.201953 -0.193962787 0.33287028
v 1.20164761 -0.193906588 0.332907724
v 1.20119966 -0.193887855 0.332920205
v 1.20250375 -0.194376161 0.332594857
v 1.20260289 -0.194547023 0.332481016
v 1.20267371 -0.194751134 0.332345021
v 1.20271619 -0.194988497 0.332186871
v 1.20273036 -0.195259111 0.332006567
v 1.20273036 -0.195272973 0.332027372
v 1.20271619 -0.195002359 0.332207676
v 1.20267371 -0.194764996 0.332365826
v 1.20260289 -0.194560885 0.332501821
v 1.20250375 -0.194390023 0.332615662
v 1.20273036 -0.195259111 0.332006567
v 1.20270147 -0.195642825 0.331750906
v 1.2026148 -0.19596472 0.331536434
v 1.2026148 -0.195978582 0.331557239
v 1.20270147 -0.195656687 0.331771711
v 1.20273036 -0.195272973 0.332027372
v 1.20189748 -0.196617877 0.33110125
v 1.20160297 -0.196668457 0.331067549
v 1.20121467 -0.196685316 0.331056316
v 1.20121467 -0.196699178 0.331077121
v 1.20160297 -0.196682319 0.331088354
v 1.20189748 -0.196631739 0.331122055
v 1.20121467 -0.196685316 0.331056316
v 1.20027524 -0.196685316 0.331056316
v 1.20027524 -0.196699178 0.331077121
v 1.20121467 -0.196699178 0.331077121
v 1.19969297 -0.193455747 0.33320811
v 1.19969297 -0.197117424 0.330768412
v 1.19969297 -0.197131286 0.330789217
v 1.19969297 -0.193469609 0.333228915
v 1.19969297 -0.197131286 0.330789217
v 1.20128069 -0.197131286 0.330789217
v 1.20165699 -0.197115675 0.330799618
v 1.20198752 -0.197068842 0.330830822
v 1.20227264 -0.196991725 0.330882204
v 1.20251276 -0.196885259 0.33095314
v 1.20272173 -0.19674164 0.33104883
v 1.20291344 -0.196553061 0.331174476
v 1.20308001 -0.196314215 0.331333614
v 1.20321357 -0.196019794 0.33152978
v 1.20330136 -0.195673859 0.33176027
v 1.20333063 -0.195280466 0.332022379
v 1.20328748 -0.194818073 0.332330462
v 1.20315805 -0.194410005 0.332602349
v 1.20294158 -0.194063133 0.332833462
v 1.20263731 -0.193784324 0.333019227
v 1.20234243 -0.193623844 0.333126151
v 1.20199202 -0.193522061 0.333193967
v 1.20166112 -0.193482722 0.333220178
v 1.20120866 -0.193469609 0.333228915
v 1.19969297 -0.193469609 0.333228915
v 1.20027524 -0.196699178 0.331077121
v 1.20027524 -0.193901717 0.33294101
v 1.20119966 -0.193901717 0.33294101
v 1.20164761 -0.19392045 0.332928529
v 1.201953 -0.193976649 0.332891085
v 1.20225276 -0.194132445 0.332787281
v 1.20250375 -0.194390023 0.332615662
v 1.20260289 -0.194560885 0.332501821
v 1.20267371 -0.194764996 0.332365826
v 1.20271619 -0.195002359 0.332207676
v 1.20273036 -0.195272973 0.332027372
v 1.20270147 -0.195656687 0.331771711
v 1.2026148 -0.195978582 0.331557239
v 1.20247637 -0.196239907 0.331383124
v 1.20229216 -0.196441911 0.331248533
v 1.20211995 -0.196550563 0.331176141
v 1.20189748 -0.196631739 0.331122055
v 1.20160297 -0.196682319 0.331088354
v 1.20121467 -0.196699178 0.331077121
v 1.20119966 -0.193887855 0.332920205
v 1.20164761 -0.193906588 0.332907724
v 1.201953 -0.193962787 0.33287028
v 1.201953 -0.193976649 0.332891085
v 1.20164761 -0.19392045 0.332928529
v 1.20119966 -0.193901717 0.33294101
v 1.20120866 -0.193455747 0.33320811
v 1.19969297 -0.193455747 0.33320811
v 1.19969297 -0.193469609 0.333228915
v 1.20120866 -0.193469609 0.333228915
v 1.20027524 -0.193887855 0.332920205
v 1.20119966 -0.193887855 0.332920205
v 1.20119966 -0.193901717 0.33294101
v 1.20027524 -0.193901717 0.33294101
v 1.20199202 -0.193508199 0.333173162
v 1.20166112 -0.19346886 0.333199373
v 1.20120866 -0.193455747 0.33320811
v 1.20120866 -0.193469609 0.333228915
v 1.20166112 -0.193482722 0.333220178
v 1.20199202 -0.193522061 0.333193967
v 1.19969297 -0.197117424 0.330768412
v 1.20128069 -0.197117424 0.330768412
v 1.20128069 -0.197131286 0.330789217
v 1.19969297 -0.197131286 0.330789217
v 1.20263731 -0.193770462 0.332998422
v 1.20234243 -0.193609982 0.333105346
v 1.20199202 -0.193508199 0.333173162
v 1.20199202 -0.193522061 0.333193967
v 1.20234243 -0.193623844 0.333126151
v 1.20263731 -0.193784324 0.333019227
v 1.20128069 -0.197117424 0.330768412
v 1.20165699 -0.197101813 0.330778813
v 1.20198752 -0.197054981 0.330810017
v 1.20198752 -0.197068842 0.330830822
v 1.20165699 -0.197115675 0.330799618
v 1.20128069 -0.197131286 0.330789217
v 1.20315805 -0.194396143 0.332581544
v 1.20294158 -0.194049271 0.332812657
v 1.20263731 -0.193770462 0.332998422
v 1.20263731 -0.193784324 0.333019227
v 1.20294158 -0.194063133 0.332833462
v 1.20315805 -0.194410005 0.332602349
v 1.20198752 -0.197054981 0.330810017
v 1.20227264 -0.196977863 0.330861399
v 1.20251276 -0.196871397 0.330932335
v 1.20251276 -0.196885259 0.33095314
v 1.20227264 -0.196991725 0.330882204
v 1.20198752 -0.197068842 0.330830822
v 1.20333063 -0.195266604 0.332001574
v 1.20328748 -0.194804211 0.332309657
v 1.20315805 -0.194396143 0.332581544
v 1.20315805 -0.194410005 0.332602349
v 1.20328748 -0.194818073 0.332330462
v 1.20333063 -0.195280466 0.332022379
v 1.20251276 -0.196871397 0.330932335
v 1.20272173 -0.196727778 0.331028025
v 1.20291344 -0.196539199 0.331153671
v 1.20291344 -0.196553061 0.331174476
v 1.20272173 -0.19674164 0.33104883
v 1.20251276 -0.196885259 0.33095314
v 1.20321357 -0.196005932 0.331508975
v 1.20330136 -0.195659997 0.331739465
v 1.20333063 -0.195266604 0.332001574
v 1.20333063 -0.195280466 0.332022379
v 1.20330136 -0.195673859 0.33176027
v 1.20321357 -0.196019794 0.33152978
v 1.20291344 -0.196539199 0.331153671
v 1.20308001 -0.196300353 0.331312809
v 1.20321357 -0.196005932 0.331508975
v 1.20321357 -0.196019794 0.33152978
v 1.20308001 -0.196314215 0.331333614
v 1.20291344 -0.196553061 0.331174476
f 4871 4872 4874
f 4874 4872 4873
f 4875 4876 4880
f 4880 4876 4879
f 4879 4876 4877
f 4879 4877 4878
f 4881 4882 4886
f 4886 4882 4885
f 4885 4882 4883
f 4885 4883 4884
f 4887 4888 4892
f 4892 4888 4891
f 4891 4888 4889
f 4891 4889 4890
f 4894 4915 4893
f 4893 4915 4916
f 4893 4916 4917
f 4915 4894 4914
f 4914 4894 4895
f 4914 4895 4896
f 4914 4896 4932
f 4932 4896 4897
f 4932 4897 4931
f 4931 4897 4898
f 4931 4898 4930
f 4930 4898 4899
f 4930 4899 4929
f 4929 4899 4900
f 4929 4900 4928
f 4928 4900 4901
f 4928 4901 4927
f 4927 4901 4902
f 4927 4902 4926
f 4926 4902 4903
f 4926 4903 4925
f 4925 4903 4904
f 4925 4904 4924
f 4924 4904 4905
f 4924 4905 4923
f 4923 4905 4906
f 4923 4906 4922
f 4922 4906 4907
f 4922 4907 4921
f 4921 4907 4908
f 4921 4908 4909
f 4921 4909 4920
f 4920 4909 4910
f 4920 4910 4919
f 4919 4910 4911
f 4919 4911 4918
f 4918 4911 4912
f 4918 4912 4913
f 4918 4913 4917
f 4917 4913 4893
f 4933 4934 4942
f 4942 4934 4941
f 4941 4934 4935
f 4941 4935 4940
f 4940 4935 4936
f 4940 4936 4939
f 4939 4936 4937
f 4939 4937 4938
f 4943 4944 4948
f 4948 4944 4947
f 4947 4944 4945
f 4947 4945 4946
f 4949 4950 4954
f 4954 4950 4953
f 4953 4950 4951
f 4953 4951 4952
f 4955 4956 4958
f 4958 4956 4957
f 4959 4960 4962
f 4962 4960 4961
f 4964 4984 4963
f 4963 4984 4985
f 4963 4985 4983
f 4983 4985 4982
f 4982 4985 4986
f 4982 4986 4981
f 4981 4986 4987
f 4981 4987 4980
f 4980 4987 4988
f 4980 4988 4979
f 4979 4988 4989
f 4979 4989 4978
f 4978 4989 4990
f 4978 4990 4977
f 4977 4990 4991
f 4977 4991 4976
f 4976 4991 4992
f 4976 4992 4975
f 4975 4992 4993
f 4975 4993 4974
f 4974 4993 4994
f 4974 4994 4973
f 4973 4994 4995
f 4973 4995 4972
f 4972 4995 4996
f 4972 4996 4971
f 4971 4996 4997
f 4971 4997 4970
f 4970 4997 4969
f 4969 4997 4998
f 4969 4998 4968
f 4968 4998 4999
f 4968 4999 4967
f 4967 4999 5000
f 4967 5000 4966
f 4966 5000 4965
f 4965 5000 5001
f 4965 5001 4964
f 4964 5001 5002
f 4964 5002 4984
f 5003 5004 5008
f 5008 5004 5007
f 5007 5004 5005
f 5007 5005 5006
f 5009 5010 5012
f 5012 5010 5011
f 5013 5014 5016
f 5016 5014 5015
f 5017 5018 5022
f 5022 5018 5021
f 5021 5018 5019
f 5021 5019 5020
f 5023 5024 5026
f 5026 5024 5025
f 5027 5028 5032
f 5032 5028 5031
f 5031 5028 5029
f 5031 5029 5030
f 5033 5034 5038
f 5038 5034 5037
f 5037 5034 5035
f 5037 5035 5036
f 5039 5040 5044
f 5044 5040 5043
f 5043 5040 5041
f 5043 5041 5042
f 5045 5046 5050
f 5050 5046 5049
f 5049 5046 5047
f 5049 5047 5048
f 5051 5052 5056
f 5056 5052 5055
f 5055 5052 5053
f 5055 5053 5054
f 5057 5058 5062
f 5062 5058 5061
f 5061 5058 5059
f 5061 5059 5060
f 5063 5064 5068
f 5068 5064 5067
f 5067 5064 5065
f 5067 5065 5066
f 5069 5070 5074
f 5074 5070 5073
f 5073 5070 5071
f 5073 5071 5072
v 1.18736937 -0.197131286 0.330789217
v 1.19011862 -0.197131286 0.330789217
v 1.19011862 -0.196699178 0.331077121
v 1.18795164 -0.196699178 0.331077121
v 1.18795164 -0.193469609 0.333228915
v 1.18736937 -0.193469609 0.333228915
v 1.19011862 -0.196685316 0.331056316
v 1.18795164 -0.196685316 0.331056316
v 1.18795164 -0.196699178 0.331077121
v 1.19011862 -0.196699178 0.331077121
v 1.18795164 -0.196685316 0.331056316
v 1.18795164 -0.193455747 0.33320811
v 1.18795164 -0.193469609 0.333228915
v 1.18795164 -0.196699178 0.331077121
v 1.19011862 -0.197117424 0.330768412
v 1.18736937 -0.197117424 0.330768412
v 1.18736937 -0.193455747 0.33320811
v 1.18795164 -0.193455747 0.33320811
v 1.18795164 -0.196685316 0.331056316
v 1.19011862 -0.196685316 0.331056316
v 1.18736937 -0.197117424 0.330768412
v 1.19011862 -0.197117424 0.330768412
v 1.19011862 -0.197131286 0.330789217
v 1.18736937 -0.197131286 0.330789217
v 1.19011862 -0.197117424 0.330768412
v 1.19011862 -0.196685316 0.331056316
v 1.19011862 -0.196699178 0.331077121
v 1.19011862 -0.197131286 0.330789217
v 1.18795164 -0.193455747 0.33320811
v 1.18736937 -0.193455747 0.33320811
v 1.18736937 -0.193469609 0.333228915
v 1.18795164 -0.193469609 0.333228915
v 1.18736937 -0.193455747 0.33320811
v 1.18736937 -0.197117424 0.330768412
v 1.18736937 -0.197131286 0.330789217
v 1.18736937 -0.193469609 0.333228915
f 5080 5075 5078
f 5078 5075 5076
f 5078 5076 5077
f 5078 5079 5080
f 5081 5082 5084
f 5084 5082 5083
f 5085 5086 5088
f 5088 5086 5087
f 5094 5089 5093
f 5093 5089 5090
f 5093 5090 5091
f 5091 5092 5093
f 5095 5096 5098
f 5098 5096 5097
f 5099 5100 5102
f 5102 5100 5101
f 5103 5104 5106
f 5106 5104 5105
f 5107 5108 5110
f 5110 5108 5109
v 1.24546419 -0.197117424 0.330768412
v 1.24616351 -0.197117424 0.330768412
v 1.24616351 -0.197131286 0.330789217
v 1.24546419 -0.197131286 0.330789217
v 1.24874468 -0.193455747 0.33320811
v 1.24785927 -0.194427366 0.332560741
v 1.24785927 -0.194441227 0.332581546
v 1.24874468 -0.193469609 0.333228915
v 1.24715696 -0.194394894 0.332582376
v 1.2463586 -0.193455747 0.33320811
v 1.2463586 -0.193469609 0.333228915
v 1.24715696 -0.194408756 0.332603181
v 1.2463586 -0.193455747 0.33320811
v 1.24566528 -0.193455747 0.33320811
v 1.24566528 -0.193469609 0.333228915
v 1.2463586 -0.193469609 0.333228915
v 1.24616351 -0.197117424 0.330768412
v 1.24546419 -0.197117424 0.330768412
v 1.24716596 -0.195209155 0.332039851
v 1.24566528 -0.193455747 0.33320811
v 1.2463586 -0.193455747 0.33320811
v 1.24715696 -0.194394894 0.332582376
v 1.24737006 -0.19465341 0.332410132
v 1.24751112 -0.194844487 0.332282822
v 1.24785927 -0.194427366 0.332560741
v 1.24874468 -0.193455747 0.33320811
v 1.24937797 -0.193455747 0.33320811
v 1.24783227 -0.19518168 0.332058157
v 1.24949802 -0.197117424 0.330768412
v 1.2487777 -0.197117424 0.330768412
v 1.24767019 -0.195811109 0.331638782
v 1.24747811 -0.195566331 0.331801872
v 1.24735204 -0.195734928 0.33168954
v 1.247268 -0.195841082 0.331618812
v 1.24785927 -0.194427366 0.332560741
v 1.24751112 -0.194844487 0.332282822
v 1.24751112 -0.194858348 0.332303627
v 1.24785927 -0.194441227 0.332581546
v 1.24751112 -0.194844487 0.332282822
v 1.24737006 -0.19465341 0.332410132
v 1.24715696 -0.194394894 0.332582376
v 1.24715696 -0.194408756 0.332603181
v 1.24737006 -0.194667272 0.332430937
v 1.24751112 -0.194858348 0.332303627
v 1.24566528 -0.193455747 0.33320811
v 1.24716596 -0.195209155 0.332039851
v 1.24716596 -0.195223017 0.332060656
v 1.24566528 -0.193469609 0.333228915
v 1.24716596 -0.195209155 0.332039851
v 1.24546419 -0.197117424 0.330768412
v 1.24546419 -0.197131286 0.330789217
v 1.24716596 -0.195223017 0.332060656
v 1.24546419 -0.197131286 0.330789217
v 1.24616351 -0.197131286 0.330789217
v 1.247268 -0.195854944 0.331639617
v 1.24735204 -0.19574879 0.331710345
v 1.24747811 -0.195580193 0.331822677
v 1.24767019 -0.195824971 0.331659587
v 1.2487777 -0.197131286 0.330789217
v 1.24949802 -0.197131286 0.330789217
v 1.24783227 -0.195195542 0.332078962
v 1.24937797 -0.193469609 0.333228915
v 1.24874468 -0.193469609 0.333228915
v 1.24785927 -0.194441227 0.332581546
v 1.24751112 -0.194858348 0.332303627
v 1.24737006 -0.194667272 0.332430937
v 1.24715696 -0.194408756 0.332603181
v 1.2463586 -0.193469609 0.333228915
v 1.24566528 -0.193469609 0.333228915
v 1.24716596 -0.195223017 0.332060656
v 1.24937797 -0.193455747 0.33320811
v 1.24874468 -0.193455747 0.33320811
v 1.24874468 -0.193469609 0.333228915
v 1.24937797 -0.193469609 0.333228915
v 1.24616351 -0.197117424 0.330768412
v 1.247268 -0.195841082 0.331618812
v 1.247268 -0.195854944 0.331639617
v 1.24616351 -0.197131286 0.330789217
v 1.24783227 -0.19518168 0.332058157
v 1.24937797 -0.193455747 0.33320811
v 1.24937797 -0.193469609 0.333228915
v 1.24783227 -0.195195542 0.332078962
v 1.247268 -0.195841082 0.331618812
v 1.24735204 -0.195734928 0.33168954
v 1.24747811 -0.195566331 0.331801872
v 1.24747811 -0.195580193 0.331822677
v 1.24735204 -0.19574879 0.331710345
v 1.247268 -0.195854944 0.331639617
v 1.24949802 -0.197117424 0.330768412
v 1.24783227 -0.19518168 0.332058157
v 1.24783227 -0.195195542 0.332078962
v 1.24949802 -0.197131286 0.330789217
v 1.24747811 -0.195566331 0.331801872
v 1.24767019 -0.195811109 0.331638782
v 1.24767019 -0.195824971 0.331659587
v 1.24747811 -0.195580193 0.331822677
v 1.2487777 -0.197117424 0.330768412
v 1.24949802 -0.197117424 0.330768412
v 1.24949802 -0.197131286 0.330789217
v 1.2487777 -0.197131286 0.330789217
v 1.24767019 -0.195811109 0.331638782
v 1.2487777 -0.197117424 0.330768412
v 1.2487777 -0.197131286 0.330789217
v 1.24767019 -0.195824971 0.331659587
f 5111 5112 5114
f 5114 5112 5113
f 5115 5116 5118
f 5118 5116 5117
f 5119 5120 5122
f 5122 5120 5121
f 5123 5124 5126
f 5126 5124 5125
f 5127 5128 5144
f 5144 5128 5129
f 5144 5129 5143
f 5143 5129 5142
f 5142 5129 5138
f 5142 5138 5141
f 5141 5138 5139
f 5141 5139 5140
f 5130 5132 5129
f 5129 5132 5133
f 5129 5133 5134
f 5130 5131 5132
f 5129 5134 5138
f 5138 5134 5135
f 5138 5135 5137
f 5137 5135 5136
f 5145 5146 5148
f 5148 5146 5147
f 5149 5150 5154
f 5154 5150 5153
f 5153 5150 5151
f 5153 5151 5152
f 5155 5156 5158
f 5158 5156 5157
f 5159 5160 5162
f 5162 5160 5161
f 5164 5165 5163
f 5163 5165 5180
f 5180 5165 5166
f 5180 5166 5167
f 5180 5167 5171
f 5171 5167 5168
f 5171 5168 5170
f 5170 5168 5169
f 5172 5174 5171
f 5171 5174 5175
f 5171 5175 5180
f 5180 5175 5176
f 5180 5176 5177
f 5172 5173 5174
f 5178 5179 5177
f 5177 5179 5180
f 5181 5182 5184
f 5184 5182 5183
f 5185 5186 5188
f 5188 5186 5187
f 5189 5190 5192
f 5192 5190 5191
f 5193 5194 5198
f 5198 5194 5197
f 5197 5194 5195
f 5197 5195 5196
f 5199 5200 5202
f 5202 5200 5201
f 5203 5204 5206
f 5206 5204 5205
f 5207 5208 5210
f 5210 5208 5209
f 5211 5212 5214
f 5214 5212 5213
v 1.2501103 -0.197117424 0.330768412
v 1.25069256 -0.197117424 0.330768412
v 1.25069256 -0.197131286 0.330789217
v 1.2501103 -0.197131286 0.330789217
v 1.25069256 -0.197117424 0.330768412
v 1.25069256 -0.193455747 0.33320811
v 1.25069256 -0.193469609 0.333228915
v 1.25069256 -0.197131286 0.330789217
v 1.25069256 -0.193455747 0.33320811
v 1.2501103 -0.193455747 0.33320811
v 1.2501103 -0.193469609 0.333228915
v 1.25069256 -0.193469609 0.333228915
v 1.25069256 -0.197117424 0.330768412
v 1.2501103 -0.197117424 0.330768412
v 1.2501103 -0.193455747 0.33320811
v 1.25069256 -0.193455747 0.33320811
v 1.2501103 -0.197131286 0.330789217
v 1.25069256 -0.197131286 0.330789217
v 1.25069256 -0.193469609 0.333228915
v 1.2501103 -0.193469609 0.333228915
v 1.2501103 -0.193455747 0.33320811
v 1.2501103 -0.197117424 0.330768412
v 1.2501103 -0.197131286 0.330789217
v 1.2501103 -0.193469609 0.333228915
f 5215 5216 5218
f 5218 5216 5217
f 5219 5220 5222
f 5222 5220 5221
f 5223 5224 5226
f 5226 5224 5225
f 5227 5228 5230
f 5230 5228 5229
f 5231 5232 5234
f 5234 5232 5233
f 5235 5236 5238
f 5238 5236 5237
v 1.25283854 -0.197117424 0.330768412
v 1.25342081 -0.197117424 0.330768412
v 1.25342081 -0.197131286 0.330789217
v 1.25283854 -0.197131286 0.330789217
v 1.25342081 -0.197117424 0.330768412
v 1.25342081 -0.193887855 0.332920205
v 1.25342081 -0.193901717 0.33294101
v 1.25342081 -0.197131286 0.330789217
v 1.25487647 -0.193455747 0.33320811
v 1.25138888 -0.193455747 0.33320811
v 1.25138888 -0.193469609 0.333228915
v 1.25487647 -0.193469609 0.333228915
v 1.25138888 -0.193455747 0.33320811
v 1.25138888 -0.193887855 0.332920205
v 1.25138888 -0.193901717 0.33294101
v 1.25138888 -0.193469609 0.333228915
v 1.25138888 -0.193887855 0.332920205
v 1.25283854 -0.193887855 0.332920205
v 1.25283854 -0.193901717 0.33294101
v 1.25138888 -0.193901717 0.33294101
v 1.25342081 -0.197117424 0.330768412
v 1.25283854 -0.197117424 0.330768412
v 1.25283854 -0.193887855 0.332920205
v 1.25138888 -0.193887855 0.332920205
v 1.25138888 -0.193455747 0.33320811
v 1.25487647 -0.193455747 0.33320811
v 1.25487647 -0.193887855 0.332920205
v 1.25342081 -0.193887855 0.332920205
v 1.25342081 -0.193887855 0.332920205
v 1.25487647 -0.193887855 0.332920205
v 1.25487647 -0.193901717 0.33294101
v 1.25342081 -0.193901717 0.33294101
v 1.25487647 -0.193887855 0.332920205
v 1.25487647 -0.193455747 0.33320811
v 1.25487647 -0.193469609 0.333228915
v 1.25487647 -0.193901717 0.33294101
v 1.25283854 -0.193887855 0.332920205
v 1.25283854 -0.197117424 0.330768412
v 1.25283854 -0.197131286 0.330789217
v 1.25283854 -0.193901717 0.33294101
v 1.25283854 -0.197131286 0.330789217
v 1.25342081 -0.197131286 0.330789217
v 1.25342081 -0.193901717 0.33294101
v 1.25487647 -0.193901717 0.33294101
v 1.25487647 -0.193469609 0.333228915
v 1.25138888 -0.193469609 0.333228915
v 1.25138888 -0.193901717 0.33294101
v 1.25283854 -0.193901717 0.33294101
f 5239 5240 5242
f 5242 5240 5241
f 5243 5244 5246
f 5246 5244 5245
f 5247 5248 5250
f 5250 5248 5249
f 5251 5252 5254
f 5254 5252 5253
f 5255 5256 5258
f 5258 5256 5257
f 5259 5260 5266
f 5266 5260 5261
f 5266 5261 5263
f 5263 5261 5262
f 5263 5264 5266
f 5266 5264 5265
f 5267 5268 5270
f 5270 5268 5269
f 5271 5272 5274
f 5274 5272 5273
f 5275 5276 5278
f 5278 5276 5277
f 5279 5280 5286
f 5286 5280 5281
f 5286 5281 5284
f 5284 5281 5283
f 5283 5281 5282
f 5284 5285 5286
v 1.24182354 -0.197117424 0.330768412
v 1.24510703 -0.197117424 0.330768412
v 1.24510703 -0.197131286 0.330789217
v 1.24182354 -0.197131286 0.330789217
v 1.24483991 -0.195438947 0.331886746
v 1.24483991 -0.195009337 0.332172986
v 1.24483991 -0.195023199 0.332193791
v 1.24483991 -0.195452809 0.331907551
v 1.2424058 -0.193887855 0.332920205
v 1.24500498 -0.193887855 0.332920205
v 1.24500498 -0.193901717 0.33294101
v 1.2424058 -0.193901717 0.33294101
v 1.24500498 -0.193887855 0.332920205
v 1.24500498 -0.193455747 0.33320811
v 1.24500498 -0.193469609 0.333228915
v 1.24500498 -0.193901717 0.33294101
v 1.24500498 -0.193455747 0.33320811
v 1.24182354 -0.193455747 0.33320811
v 1.24182354 -0.193469609 0.333228915
v 1.24500498 -0.193469609 0.333228915
v 1.24510703 -0.197117424 0.330768412
v 1.24182354 -0.197117424 0.330768412
v 1.24182354 -0.193455747 0.33320811
v 1.24500498 -0.193455747 0.33320811
v 1.24500498 -0.193887855 0.332920205
v 1.2424058 -0.193887855 0.332920205
v 1.2424058 -0.195009337 0.332172986
v 1.24483991 -0.195009337 0.332172986
v 1.24483991 -0.195438947 0.331886746
v 1.2424058 -0.195438947 0.331886746
v 1.2424058 -0.196685316 0.331056316
v 1.24510703 -0.196685316 0.331056316
v 1.24483991 -0.195009337 0.332172986
v 1.2424058 -0.195009337 0.332172986
v 1.2424058 -0.195023199 0.332193791
v 1.24483991 -0.195023199 0.332193791
v 1.2424058 -0.195009337 0.332172986
v 1.2424058 -0.193887855 0.332920205
v 1.2424058 -0.193901717 0.33294101
v 1.2424058 -0.195023199 0.332193791
v 1.24182354 -0.193455747 0.33320811
v 1.24182354 -0.197117424 0.330768412
v 1.24182354 -0.197131286 0.330789217
v 1.24182354 -0.193469609 0.333228915
v 1.24182354 -0.197131286 0.330789217
v 1.24510703 -0.197131286 0.330789217
v 1.24510703 -0.196699178 0.331077121
v 1.2424058 -0.196699178 0.331077121
v 1.2424058 -0.195452809 0.331907551
v 1.24483991 -0.195452809 0.331907551
v 1.24483991 -0.195023199 0.332193791
v 1.2424058 -0.195023199 0.332193791
v 1.2424058 -0.193901717 0.33294101
v 1.24500498 -0.193901717 0.33294101
v 1.24500498 -0.193469609 0.333228915
v 1.24182354 -0.193469609 0.333228915
v 1.2424058 -0.195438947 0.331886746
v 1.24483991 -0.195438947 0.331886746
v 1.24483991 -0.195452809 0.331907551
v 1.2424058 -0.195452809 0.331907551
v 1.24510703 -0.197117424 0.330768412
v 1.24510703 -0.196685316 0.331056316
v 1.24510703 -0.196699178 0.331077121
v 1.24510703 -0.197131286 0.330789217
v 1.2424058 -0.196685316 0.331056316
v 1.2424058 -0.195438947 0.331886746
v 1.2424058 -0.195452809 0.331907551
v 1.2424058 -0.196699178 0.331077121
v 1.24510703 -0.196685316 0.331056316
v 1.2424058 -0.196685316 0.331056316
v 1.2424058 -0.196699178 0.331077121
v 1.24510703 -0.196699178 0.331077121
f 5287 5288 5290
f 5290 5288 5289
f 5291 5292 5294
f 5294 5292 5293
f 5295 5296 5298
f 5298 5296 5297
f 5299 5300 5302
f 5302 5300 5301
f 5303 5304 5306
f 5306 5304 5305
f 5318 5307 5317
f 5317 5307 5308
f 5317 5308 5316
f 5316 5308 5309
f 5316 5309 5313
f 5313 5309 5312
f 5312 5309 5310
f 5312 5310 5311
f 5313 5314 5316
f 5316 5314 5315
f 5319 5320 5322
f 5322 5320 5321
f 5323 5324 5326
f 5326 5324 5325
f 5327 5328 5330
f 5330 5328 5329
f 5332 5334 5331
f 5331 5334 5335
f 5331 5335 5342
f 5342 5335 5338
f 5342 5338 5339
f 5332 5333 5334
f 5335 5336 5338
f 5338 5336 5337
f 5340 5341 5339
f 5339 5341 5342
f 5343 5344 5346
f 5346 5344 5345
f 5347 5348 5350
f 5350 5348 5349
f 5351 5352 5354
f 5354 5352 5353
f 5355 5356 5358
f 5358 5356 5357
v 1.29792695 -0.197117424 0.330768412
v 1.30121044 -0.197117424 0.330768412
v 1.30121044 -0.197131286 0.330789217
v 1.29792695 -0.197131286 0.330789217
v 1.30094331 -0.195438947 0.331886746
v 1.30094331 -0.195009337 0.332172986
v 1.30094331 -0.195023199 0.332193791
v 1.30094331 -0.195452809 0.331907551
v 1.30121044 -0.197117424 0.330768412
v 1.29792695 -0.197117424 0.330768412
v 1.29792695 -0.193455747 0.33320811
v 1.30110839 -0.193455747 0.33320811
v 1.30110839 -0.193887855 0.332920205
v 1.29850921 -0.193887855 0.332920205
v 1.29850921 -0.195009337 0.332172986
v 1.30094331 -0.195009337 0.332172986
v 1.30094331 -0.195438947 0.331886746
v 1.29850921 -0.195438947 0.331886746
v 1.29850921 -0.196685316 0.331056316
v 1.30121044 -0.196685316 0.331056316
v 1.29850921 -0.193887855 0.332920205
v 1.30110839 -0.193887855 0.332920205
v 1.30110839 -0.193901717 0.33294101
v 1.29850921 -0.193901717 0.33294101
v 1.30110839 -0.193887855 0.332920205
v 1.30110839 -0.193455747 0.33320811
v 1.30110839 -0.193469609 0.333228915
v 1.30110839 -0.193901717 0.33294101
v 1.30110839 -0.193455747 0.33320811
v 1.29792695 -0.193455747 0.33320811
v 1.29792695 -0.193469609 0.333228915
v 1.30110839 -0.193469609 0.333228915
v 1.30094331 -0.195009337 0.332172986
v 1.29850921 -0.195009337 0.332172986
v 1.29850921 -0.195023199 0.332193791
v 1.30094331 -0.195023199 0.332193791
v 1.29850921 -0.195009337 0.332172986
v 1.29850921 -0.193887855 0.332920205
v 1.29850921 -0.193901717 0.33294101
v 1.29850921 -0.195023199 0.332193791
v 1.29792695 -0.193455747 0.33320811
v 1.29792695 -0.197117424 0.330768412
v 1.29792695 -0.197131286 0.330789217
v 1.29792695 -0.193469609 0.333228915
v 1.29792695 -0.197131286 0.330789217
v 1.30121044 -0.197131286 0.330789217
v 1.30121044 -0.196699178 0.331077121
v 1.29850921 -0.196699178 0.331077121
v 1.29850921 -0.195452809 0.331907551
v 1.30094331 -0.195452809 0.331907551
v 1.30094331 -0.195023199 0.332193791
v 1.29850921 -0.195023199 0.332193791
v 1.29850921 -0.193901717 0.33294101
v 1.30110839 -0.193901717 0.33294101
v 1.30110839 -0.193469609 0.333228915
v 1.29792695 -0.193469609 0.333228915
v 1.29850921 -0.195438947 0.331886746
v 1.30094331 -0.195438947 0.331886746
v 1.30094331 -0.195452809 0.331907551
v 1.29850921 -0.195452809 0.331907551
v 1.30121044 -0.197117424 0.330768412
v 1.30121044 -0.196685316 0.331056316
v 1.30121044 -0.196699178 0.331077121
v 1.30121044 -0.197131286 0.330789217
v 1.29850921 -0.196685316 0.331056316
v 1.29850921 -0.195438947 0.331886746
v 1.29850921 -0.195452809 0.331907551
v 1.29850921 -0.196699178 0.331077121
v 1.30121044 -0.196685316 0.331056316
v 1.29850921 -0.196685316 0.331056316
v 1.29850921 -0.196699178 0.331077121
v 1.30121044 -0.196699178 0.331077121
f 5359 5360 5362
f 5362 5360 5361
f 5363 5364 5366
f 5366 5364 5365
f 5378 5367 5377
f 5377 5367 5368
f 5377 5368 5376
f 5376 5368 5369
f 5376 5369 5373
f 5373 5369 5372
f 5372 5369 5370
f 5372 5370 5371
f 5373 5374 5376
f 5376 5374 5375
f 5379 5380 5382
f 5382 5380 5381
f 5383 5384 5386
f 5386 5384 5385
f 5387 5388 5390
f 5390 5388 5389
f 5391 5392 5394
f 5394 5392 5393
f 5395 5396 5398
f 5398 5396 5397
f 5399 5400 5402
f 5402 5400 5401
f 5404 5406 5403
f 5403 5406 5407
f 5403 5407 5414
f 5414 5407 5410
f 5414 5410 5411
f 5404 5405 5406
f 5407 5408 5410
f 5410 5408 5409
f 5412 5413 5411
f 5411 5413 5414
f 5415 5416 5418
f 5418 5416 5417
f 5419 5420 5422
f 5422 5420 5421
f 5423 5424 5426
f 5426 5424 5425
f 5427 5428 5430
f 5430 5428 5429
v 1.3020088 -0.197117424 0.330768412
v 1.30256706 -0.197117424 0.330768412
v 1.30256706 -0.197131286 0.330789217
v 1.3020088 -0.197131286 0.330789217
v 1.30487811 -0.197117424 0.330768412
v 1.30547537 -0.197117424 0.330768412
v 1.30547537 -0.197131286 0.330789217
v 1.30487811 -0.197131286 0.330789217
v 1.30256706 -0.197117424 0.330768412
v 1.3020088 -0.197117424 0.330768412
v 1.3020088 -0.193455747 0.33320811
v 1.30260607 -0.193455747 0.33320811
v 1.30491712 -0.196330638 0.331292631
v 1.30491712 -0.193455747 0.33320811
v 1.30547537 -0.193455747 0.33320811
v 1.30547537 -0.197117424 0.330768412
v 1.30487811 -0.197117424 0.330768412
v 1.30256706 -0.194240035 0.332685555
v 1.30547537 -0.197117424 0.330768412
v 1.30547537 -0.193455747 0.33320811
v 1.30547537 -0.193469609 0.333228915
v 1.30547537 -0.197131286 0.330789217
v 1.30491712 -0.193455747 0.33320811
v 1.30491712 -0.196330638 0.331292631
v 1.30491712 -0.1963445 0.331313436
v 1.30491712 -0.193469609 0.333228915
v 1.30491712 -0.196330638 0.331292631
v 1.30260607 -0.193455747 0.33320811
v 1.30260607 -0.193469609 0.333228915
v 1.30491712 -0.1963445 0.331313436
v 1.30260607 -0.193455747 0.33320811
v 1.3020088 -0.193455747 0.33320811
v 1.3020088 -0.193469609 0.333228915
v 1.30260607 -0.193469609 0.333228915
v 1.30547537 -0.193455747 0.33320811
v 1.30491712 -0.193455747 0.33320811
v 1.30491712 -0.193469609 0.333228915
v 1.30547537 -0.193469609 0.333228915
v 1.3020088 -0.193455747 0.33320811
v 1.3020088 -0.197117424 0.330768412
v 1.3020088 -0.197131286 0.330789217
v 1.3020088 -0.193469609 0.333228915
v 1.3020088 -0.197131286 0.330789217
v 1.30256706 -0.197131286 0.330789217
v 1.30256706 -0.194253897 0.33270636
v 1.30487811 -0.197131286 0.330789217
v 1.30547537 -0.197131286 0.330789217
v 1.30547537 -0.193469609 0.333228915
v 1.30491712 -0.193469609 0.333228915
v 1.30491712 -0.1963445 0.331313436
v 1.30260607 -0.193469609 0.333228915
v 1.3020088 -0.193469609 0.333228915
v 1.30256706 -0.194240035 0.332685555
v 1.30487811 -0.197117424 0.330768412
v 1.30487811 -0.197131286 0.330789217
v 1.30256706 -0.194253897 0.33270636
v 1.30256706 -0.197117424 0.330768412
v 1.30256706 -0.194240035 0.332685555
v 1.30256706 -0.194253897 0.33270636
v 1.30256706 -0.197131286 0.330789217
f 5431 5432 5434
f 5434 5432 5433
f 5435 5436 5438
f 5438 5436 5437
f 5439 5440 5448
f 5448 5440 5441
f 5448 5441 5442
f 5442 5443 5448
f 5448 5443 5447
f 5447 5443 5446
f 5446 5443 5445
f 5445 5443 5444
f 5449 5450 5452
f 5452 5450 5451
f 5453 5454 5456
f 5456 5454 5455
f 5457 5458 5460
f 5460 5458 5459
f 5461 5462 5464
f 5464 5462 5463
f 5465 5466 5468
f 5468 5466 5467
f 5469 5470 5472
f 5472 5470 5471
f 5474 5475 5473
f 5473 5475 5482
f 5482 5475 5481
f 5481 5475 5480
f 5480 5475 5476
f 5480 5476 5477
f 5477 5478 5480
f 5480 5478 5479
f 5483 5484 5486
f 5486 5484 5485
f 5487 5488 5490
f 5490 5488 5489
v 1.30934113 -0.193455747 0.33320811
v 1.30934113 -0.195568829 0.331800208
v 1.30934113 -0.195582691 0.331821013
v 1.30934113 -0.193469609 0.333228915
v 1.3066309 -0.196489244 0.331186955
v 1.30685525 -0.196785537 0.330989541
v 1.30719216 -0.197002528 0.330844965
v 1.30719216 -0.19701639 0.33086577
v 1.30685525 -0.196799399 0.331010346
v 1.3066309 -0.196503106 0.33120776
v 1.30934113 -0.195568829 0.331800208
v 1.30934113 -0.193455747 0.33320811
v 1.3099234 -0.193455747 0.33320811
v 1.3099234 -0.195571327 0.331798544
v 1.30988588 -0.196066503 0.331468619
v 1.30977333 -0.196448032 0.331214414
v 1.30956286 -0.196742452 0.331018248
v 1.30923158 -0.196976302 0.330862439
v 1.30877875 -0.197128976 0.330760715
v 1.30820362 -0.197179867 0.330726808
v 1.30764161 -0.197135532 0.330756347
v 1.30719216 -0.197002528 0.330844965
v 1.30685525 -0.196785537 0.330989541
v 1.3066309 -0.196489244 0.331186955
v 1.30650485 -0.196091792 0.331451769
v 1.30646283 -0.195571327 0.331798544
v 1.30646283 -0.193455747 0.33320811
v 1.30704509 -0.193455747 0.33320811
v 1.30704509 -0.195568829 0.331800208
v 1.30707173 -0.195983141 0.331524161
v 1.30715164 -0.196271941 0.331331739
v 1.30729645 -0.196472072 0.331198396
v 1.3075178 -0.196620375 0.331099585
v 1.30780631 -0.196712167 0.331038426
v 1.3081526 -0.196742764 0.33101804
v 1.30845067 -0.196727622 0.331028129
v 1.30870259 -0.196682194 0.331058396
v 1.30890837 -0.196606481 0.331108842
v 1.30906801 -0.196500484 0.331179466
v 1.3091875 -0.196351401 0.331278797
v 1.30927285 -0.19614643 0.331415365
v 1.30932406 -0.195885573 0.331589168
v 1.30719216 -0.197002528 0.330844965
v 1.30764161 -0.197135532 0.330756347
v 1.30820362 -0.197179867 0.330726808
v 1.30820362 -0.197193729 0.330747613
v 1.30764161 -0.197149394 0.330777152
v 1.30719216 -0.19701639 0.33086577
v 1.30923158 -0.196976302 0.330862439
v 1.30956286 -0.196742452 0.331018248
v 1.30977333 -0.196448032 0.331214414
v 1.30977333 -0.196461893 0.331235219
v 1.30956286 -0.196756314 0.331039053
v 1.30923158 -0.196990164 0.330883244
v 1.30977333 -0.196448032 0.331214414
v 1.30988588 -0.196066503 0.331468619
v 1.3099234 -0.195571327 0.331798544
v 1.3099234 -0.195585189 0.331819349
v 1.30988588 -0.196080365 0.331489424
v 1.30977333 -0.196461893 0.331235219
v 1.3099234 -0.195571327 0.331798544
v 1.3099234 -0.193455747 0.33320811
v 1.3099234 -0.193469609 0.333228915
v 1.3099234 -0.195585189 0.331819349
v 1.30820362 -0.197179867 0.330726808
v 1.30877875 -0.197128976 0.330760715
v 1.30923158 -0.196976302 0.330862439
v 1.30923158 -0.196990164 0.330883244
v 1.30877875 -0.197142838 0.33078152
v 1.30820362 -0.197193729 0.330747613
v 1.3099234 -0.193455747 0.33320811
v 1.30934113 -0.193455747 0.33320811
v 1.30934113 -0.193469609 0.333228915
v 1.3099234 -0.193469609 0.333228915
v 1.30934113 -0.193469609 0.333228915
v 1.30934113 -0.195582691 0.331821013
v 1.30932406 -0.195899435 0.331609973
v 1.30927285 -0.196160292 0.33143617
v 1.3091875 -0.196365262 0.331299602
v 1.30906801 -0.196514346 0.331200271
v 1.30890837 -0.196620343 0.331129647
v 1.30870259 -0.196696056 0.331079201
v 1.30845067 -0.196741483 0.331048934
v 1.3081526 -0.196756626 0.331038845
v 1.30780631 -0.196726029 0.331059231
v 1.3075178 -0.196634237 0.33112039
v 1.30729645 -0.196485934 0.331219201
v 1.30715164 -0.196285803 0.331352544
v 1.30707173 -0.195997003 0.331544966
v 1.30704509 -0.195582691 0.331821013
v 1.30704509 -0.193469609 0.333228915
v 1.30646283 -0.193469609 0.333228915
v 1.30646283 -0.195585189 0.331819349
v 1.30650485 -0.196105654 0.331472574
v 1.3066309 -0.196503106 0.33120776
v 1.30685525 -0.196799399 0.331010346
v 1.30719216 -0.19701639 0.33086577
v 1.30764161 -0.197149394 0.330777152
v 1.30820362 -0.197193729 0.330747613
v 1.30877875 -0.197142838 0.33078152
v 1.30923158 -0.196990164 0.330883244
v 1.30956286 -0.196756314 0.331039053
v 1.30977333 -0.196461893 0.331235219
v 1.30988588 -0.196080365 0.331489424
v 1.3099234 -0.195585189 0.331819349
v 1.3099234 -0.193469609 0.333228915
v 1.30646283 -0.195571327 0.331798544
v 1.30650485 -0.196091792 0.331451769
v 1.3066309 -0.196489244 0.331186955
v 1.3066309 -0.196503106 0.33120776
v 1.30650485 -0.196105654 0.331472574
v 1.30646283 -0.195585189 0.331819349
v 1.30934113 -0.195568829 0.331800208
v 1.30932406 -0.195885573 0.331589168
v 1.30927285 -0.19614643 0.331415365
v 1.3091875 -0.196351401 0.331278797
v 1.30906801 -0.196500484 0.331179466
v 1.30906801 -0.196514346 0.331200271
v 1.3091875 -0.196365262 0.331299602
v 1.30927285 -0.196160292 0.33143617
v 1.30932406 -0.195899435 0.331609973
v 1.30934113 -0.195582691 0.331821013
v 1.30646283 -0.193455747 0.33320811
v 1.30646283 -0.195571327 0.331798544
v 1.30646283 -0.195585189 0.331819349
v 1.30646283 -0.193469609 0.333228915
v 1.30906801 -0.196500484 0.331179466
v 1.30890837 -0.196606481 0.331108842
v 1.30870259 -0.196682194 0.331058396
v 1.30845067 -0.196727622 0.331028129
v 1.3081526 -0.196742764 0.33101804
v 1.3081526 -0.196756626 0.331038845
v 1.30845067 -0.196741483 0.331048934
v 1.30870259 -0.196696056 0.331079201
v 1.30890837 -0.196620343 0.331129647
v 1.30906801 -0.196514346 0.331200271
v 1.30704509 -0.193455747 0.33320811
v 1.30646283 -0.193455747 0.33320811
v 1.30646283 -0.193469609 0.333228915
v 1.30704509 -0.193469609 0.333228915
v 1.3081526 -0.196742764 0.33101804
v 1.30780631 -0.196712167 0.331038426
v 1.3075178 -0.196620375 0.331099585
v 1.3075178 -0.196634237 0.33112039
v 1.30780631 -0.196726029 0.331059231
v 1.3081526 -0.196756626 0.331038845
v 1.30704509 -0.195568829 0.331800208
v 1.30704509 -0.193455747 0.33320811
v 1.30704509 -0.193469609 0.333228915
v 1.30704509 -0.195582691 0.331821013
v 1.3075178 -0.196620375 0.331099585
v 1.30729645 -0.196472072 0.331198396
v 1.30715164 -0.196271941 0.331331739
v 1.30715164 -0.196285803 0.331352544
v 1.30729645 -0.196485934 0.331219201
v 1.3075178 -0.196634237 0.33112039
v 1.30715164 -0.196271941 0.331331739
v 1.30707173 -0.195983141 0.331524161
v 1.30704509 -0.195568829 0.331800208
v 1.30704509 -0.195582691 0.331821013
v 1.30707173 -0.195997003 0.331544966
v 1.30715164 -0.196285803 0.331352544
f 5491 5492 5494
f 5494 5492 5493
f 5495 5496 5500
f 5500 5496 5499
f 5499 5496 5497
f 5499 5497 5498
f 5502 5503 5501
f 5501 5503 5504
f 5501 5504 5532
f 5532 5504 5505
f 5532 5505 5531
f 5531 5505 5506
f 5531 5506 5530
f 5530 5506 5507
f 5530 5507 5529
f 5529 5507 5508
f 5529 5508 5528
f 5528 5508 5509
f 5528 5509 5527
f 5527 5509 5526
f 5526 5509 5510
f 5526 5510 5525
f 5525 5510 5524
f 5524 5510 5511
f 5524 5511 5523
f 5523 5511 5512
f 5523 5512 5522
f 5522 5512 5513
f 5522 5513 5521
f 5521 5513 5514
f 5521 5514 5520
f 5520 5514 5515
f 5520 5515 5516
f 5520 5516 5519
f 5519 5516 5517
f 5519 5517 5518
f 5533 5534 5538
f 5538 5534 5537
f 5537 5534 5535
f 5537 5535 5536
f 5539 5540 5544
f 5544 5540 5543
f 5543 5540 5541
f 5543 5541 5542
f 5545 5546 5550
f 5550 5546 5549
f 5549 5546 5547
f 5549 5547 5548
f 5551 5552 5554
f 5554 5552 5553
f 5555 5556 5560
f 5560 5556 5559
f 5559 5556 5557
f 5559 5557 5558
f 5561 5562 5564
f 5564 5562 5563
f 5565 5566 5596
f 5596 5566 5595
f 5595 5566 5567
f 5595 5567 5594
f 5594 5567 5568
f 5594 5568 5593
f 5593 5568 5569
f 5593 5569 5592
f 5592 5569 5570
f 5592 5570 5591
f 5591 5570 5571
f 5591 5571 5590
f 5590 5571 5572
f 5590 5572 5573
f 5590 5573 5589
f 5589 5573 5574
f 5589 5574 5575
f 5589 5575 5588
f 5588 5575 5576
f 5588 5576 5587
f 5587 5576 5577
f 5587 5577 5586
f 5586 5577 5578
f 5586 5578 5585
f 5585 5578 5579
f 5585 5579 5584
f 5584 5579 5583
f 5583 5579 5580
f 5583 5580 5582
f 5582 5580 5581
f 5597 5598 5602
f 5602 5598 5601
f 5601 5598 5599
f 5601 5599 5600
f 5603 5604 5612
f 5612 5604 5611
f 5611 5604 5605
f 5611 5605 5610
f 5610 5605 5606
f 5610 5606 5609
f 5609 5606 5607
f 5609 5607 5608
f 5613 5614 5616
f 5616 5614 5615
f 5617 5618 5626
f 5626 5618 5625
f 5625 5618 5619
f 5625 5619 5624
f 5624 5619 5620
f 5624 5620 5623
f 5623 5620 5621
f 5623 5621 5622
f 5627 5628 5630
f 5630 5628 5629
f 5631 5632 5636
f 5636 5632 5635
f 5635 5632 5633
f 5635 5633 5634
f 5637 5638 5640
f 5640 5638 5639
f 5641 5642 5646
f 5646 5642 5645
f 5645 5642 5643
f 5645 5643 5644
f 5647 5648 5652
f 5652 5648 5651
f 5651 5648 5649
f 5651 5649 5650
v 1.2927766 -0.197117424 0.330768412
v 1.29333786 -0.197117424 0.330768412
v 1.29333786 -0.197131286 0.330789217
v 1.2927766 -0.197131286 0.330789217
v 1.29697551 -0.193455747 0.33320811
v 1.29619216 -0.193455747 0.33320811
v 1.29619216 -0.193469609 0.333228915
v 1.29697551 -0.193469609 0.333228915
v 1.29333786 -0.197117424 0.330768412
v 1.2927766 -0.197117424 0.330768412
v 1.2927766 -0.193455747 0.33320811
v 1.293653 -0.193455747 0.33320811
v 1.29469448 -0.196048394 0.331480684
v 1.29481904 -0.196364982 0.331269748
v 1.29490457 -0.196590402 0.331119556
v 1.29500062 -0.196343751 0.331283894
v 1.29513868 -0.196003435 0.331510639
v 1.29619216 -0.193455747 0.33320811
v 1.29697551 -0.193455747 0.33320811
v 1.29697551 -0.197117424 0.330768412
v 1.29641426 -0.197117424 0.330768412
v 1.29641426 -0.194052706 0.332810369
v 1.29513568 -0.197117424 0.330768412
v 1.29461044 -0.197117424 0.330768412
v 1.29333786 -0.194000253 0.332845317
v 1.29619216 -0.193455747 0.33320811
v 1.29513868 -0.196003435 0.331510639
v 1.29513868 -0.196017297 0.331531444
v 1.29619216 -0.193469609 0.333228915
v 1.29490457 -0.196590402 0.331119556
v 1.29481904 -0.196364982 0.331269748
v 1.29469448 -0.196048394 0.331480684
v 1.29469448 -0.196062256 0.331501489
v 1.29481904 -0.196378844 0.331290553
v 1.29490457 -0.196604264 0.331140361
v 1.29469448 -0.196048394 0.331480684
v 1.293653 -0.193455747 0.33320811
v 1.293653 -0.193469609 0.333228915
v 1.29469448 -0.196062256 0.331501489
v 1.293653 -0.193455747 0.33320811
v 1.2927766 -0.193455747 0.33320811
v 1.2927766 -0.193469609 0.333228915
v 1.293653 -0.193469609 0.333228915
v 1.29513868 -0.196003435 0.331510639
v 1.29500062 -0.196343751 0.331283894
v 1.29490457 -0.196590402 0.331119556
v 1.29490457 -0.196604264 0.331140361
v 1.29500062 -0.196357613 0.331304699
v 1.29513868 -0.196017297 0.331531444
v 1.2927766 -0.193455747 0.33320811
v 1.2927766 -0.197117424 0.330768412
v 1.2927766 -0.197131286 0.330789217
v 1.2927766 -0.193469609 0.333228915
v 1.2927766 -0.197131286 0.330789217
v 1.29333786 -0.197131286 0.330789217
v 1.29333786 -0.194014115 0.332866122
v 1.29461044 -0.197131286 0.330789217
v 1.29513568 -0.197131286 0.330789217
v 1.29641426 -0.194066567 0.332831174
v 1.29641426 -0.197131286 0.330789217
v 1.29697551 -0.197131286 0.330789217
v 1.29697551 -0.193469609 0.333228915
v 1.29619216 -0.193469609 0.333228915
v 1.29513868 -0.196017297 0.331531444
v 1.29500062 -0.196357613 0.331304699
v 1.29490457 -0.196604264 0.331140361
v 1.29481904 -0.196378844 0.331290553
v 1.29469448 -0.196062256 0.331501489
v 1.293653 -0.193469609 0.333228915
v 1.2927766 -0.193469609 0.333228915
v 1.29697551 -0.197117424 0.330768412
v 1.29697551 -0.193455747 0.33320811
v 1.29697551 -0.193469609 0.333228915
v 1.29697551 -0.197131286 0.330789217
v 1.29333786 -0.197117424 0.330768412
v 1.29333786 -0.194000253 0.332845317
v 1.29333786 -0.194014115 0.332866122
v 1.29333786 -0.197131286 0.330789217
v 1.29641426 -0.197117424 0.330768412
v 1.29697551 -0.197117424 0.330768412
v 1.29697551 -0.197131286 0.330789217
v 1.29641426 -0.197131286 0.330789217
v 1.29333786 -0.194000253 0.332845317
v 1.29461044 -0.197117424 0.330768412
v 1.29461044 -0.197131286 0.330789217
v 1.29333786 -0.194014115 0.332866122
v 1.29641426 -0.194052706 0.332810369
v 1.29641426 -0.197117424 0.330768412
v 1.29641426 -0.197131286 0.330789217
v 1.29641426 -0.194066567 0.332831174
v 1.29461044 -0.197117424 0.330768412
v 1.29513568 -0.197117424 0.330768412
v 1.29513568 -0.197131286 0.330789217
v 1.29461044 -0.197131286 0.330789217
v 1.29513568 -0.197117424 0.330768412
v 1.29641426 -0.194052706 0.332810369
v 1.29641426 -0.194066567 0.332831174
v 1.29513568 -0.197131286 0.330789217
f 5653 5654 5656
f 5656 5654 5655
f 5657 5658 5660
f 5660 5658 5659
f 5661 5662 5677
f 5677 5662 5663
f 5677 5663 5664
f 5664 5665 5677
f 5677 5665 5676
f 5676 5665 5666
f 5676 5666 5667
f 5676 5667 5675
f 5675 5667 5668
f 5675 5668 5669
f 5675 5669 5674
f 5674 5669 5670
f 5674 5670 5671
f 5671 5672 5674
f 5674 5672 5673
f 5678 5679 5681
f 5681 5679 5680
f 5682 5683 5687
f 5687 5683 5686
f 5686 5683 5684
f 5686 5684 5685
f 5688 5689 5691
f 5691 5689 5690
f 5692 5693 5695
f 5695 5693 5694
f 5696 5697 5701
f 5701 5697 5700
f 5700 5697 5698
f 5700 5698 5699
f 5702 5703 5705
f 5705 5703 5704
f 5707 5708 5706
f 5706 5708 5722
f 5722 5708 5721
f 5721 5708 5720
f 5720 5708 5709
f 5720 5709 5719
f 5719 5709 5718
f 5718 5709 5710
f 5718 5710 5717
f 5717 5710 5716
f 5716 5710 5711
f 5716 5711 5715
f 5715 5711 5714
f 5714 5711 5713
f 5713 5711 5712
f 5723 5724 5726
f 5726 5724 5725
f 5727 5728 5730
f 5730 5728 5729
f 5731 5732 5734
f 5734 5732 5733
f 5735 5736 5738
f 5738 5736 5737
f 5739 5740 5742
f 5742 5740 5741
f 5743 5744 5746
f 5746 5744 5745
f 5747 5748 5750
f 5750 5748 5749
