v -0.589 -0.37005749 0.151
v -0.589 -0.36905751 0.151
v -0.41200001 -0.36905751 0.151
v -0.41200001 -0.37005749 0.151
v -0.589 -0.36905751 0.295
v -0.589 -0.37005749 0.295
v -0.41200001 -0.37005749 0.295
v -0.41200001 -0.36905751 0.295
v -0.589 -0.36905751 0.151
v -0.589 -0.37005749 0.151
v -0.589 -0.37005749 0.295
v -0.589 -0.36905751 0.295
v -0.589 -0.37005749 0.151
v -0.41200001 -0.37005749 0.151
v -0.41200001 -0.37005749 0.295
v -0.589 -0.37005749 0.295
v -0.41200001 -0.37005749 0.151
v -0.41200001 -0.36905751 0.151
v -0.41200001 -0.36905751 0.295
v -0.41200001 -0.37005749 0.295
v -0.41200001 -0.36905751 0.151
v -0.589 -0.36905751 0.151
v -0.589 -0.36905751 0.295
v -0.41200001 -0.36905751 0.295
f 2 3 1
f 1 3 4
f 6 7 5
f 5 7 8
f 9 10 12
f 12 10 11
f 13 14 16
f 16 14 15
f 17 18 20
f 20 18 19
f 21 22 24
f 24 22 23
v -0.55566849 -0.3694575 0.108
v -0.55512551 -0.3694575 0.108
v -0.55512551 -0.36957751 0.108
v -0.55566849 -0.36957751 0.108
v -0.55355935 -0.3694575 0.112
v -0.55409959 -0.3694575 0.112
v -0.55409959 -0.36957751 0.112
v -0.55355935 -0.36957751 0.112
v -0.55512551 -0.3694575 0.108
v -0.55566849 -0.3694575 0.108
v -0.55721828 -0.3694575 0.112
v -0.55664529 -0.3694575 0.112
v -0.55560573 -0.3694575 0.10909413
v -0.55539564 -0.3694575 0.10843929
v -0.55518008 -0.3694575 0.10909413
v -0.55409959 -0.3694575 0.112
v -0.55355935 -0.3694575 0.112
v -0.55409959 -0.3694575 0.112
v -0.55518008 -0.3694575 0.10909413
v -0.55518008 -0.36957751 0.10909413
v -0.55409959 -0.36957751 0.112
v -0.55518008 -0.3694575 0.10909413
v -0.55539564 -0.3694575 0.10843929
v -0.55539564 -0.36957751 0.10843929
v -0.55518008 -0.36957751 0.10909413
v -0.55539564 -0.3694575 0.10843929
v -0.55560573 -0.3694575 0.10909413
v -0.55560573 -0.36957751 0.10909413
v -0.55539564 -0.36957751 0.10843929
v -0.55560573 -0.3694575 0.10909413
v -0.55664529 -0.3694575 0.112
v -0.55664529 -0.36957751 0.112
v -0.55560573 -0.36957751 0.10909413
v -0.55664529 -0.3694575 0.112
v -0.55721828 -0.3694575 0.112
v -0.55721828 -0.36957751 0.112
v -0.55664529 -0.36957751 0.112
v -0.55721828 -0.3694575 0.112
v -0.55566849 -0.3694575 0.108
v -0.55566849 -0.36957751 0.108
v -0.55721828 -0.36957751 0.112
v -0.55566849 -0.36957751 0.108
v -0.55512551 -0.36957751 0.108
v -0.55355935 -0.36957751 0.112
v -0.55409959 -0.36957751 0.112
v -0.55518008 -0.36957751 0.10909413
v -0.55539564 -0.36957751 0.10843929
v -0.55560573 -0.36957751 0.10909413
v -0.55664529 -0.36957751 0.112
v -0.55721828 -0.36957751 0.112
v -0.55512551 -0.3694575 0.108
v -0.55355935 -0.3694575 0.112
v -0.55355935 -0.36957751 0.112
v -0.55512551 -0.36957751 0.108
f 25 26 28
f 28 26 27
f 29 30 32
f 32 30 31
f 34 38 33
f 33 38 39
f 33 39 41
f 41 39 40
f 38 34 37
f 37 34 35
f 37 35 36
f 42 43 45
f 45 43 44
f 46 47 49
f 49 47 48
f 50 51 53
f 53 51 52
f 54 55 57
f 57 55 56
f 58 59 61
f 61 59 60
f 62 63 65
f 65 63 64
f 67 71 66
f 66 71 72
f 66 72 74
f 74 72 73
f 71 67 70
f 70 67 68
f 70 68 69
f 75 76 78
f 78 76 77
v -0.54345566 -0.3694575 0.10997272
v -0.5434398 -0.3694575 0.1104265
v -0.54339222 -0.3694575 0.11080287
v -0.54331293 -0.3694575 0.11110181
v -0.54320191 -0.3694575 0.11132333
v -0.54320191 -0.36957751 0.11132333
v -0.54331293 -0.36957751 0.11110181
v -0.54339222 -0.36957751 0.11080287
v -0.5434398 -0.36957751 0.1104265
v -0.54345566 -0.36957751 0.10997272
v -0.54320191 -0.3694575 0.11132333
v -0.54309243 -0.3694575 0.11144867
v -0.54296589 -0.3694575 0.1115382
v -0.5428223 -0.3694575 0.11159192
v -0.54266166 -0.3694575 0.11160982
v -0.54266166 -0.36957751 0.11160982
v -0.5428223 -0.36957751 0.11159192
v -0.54296589 -0.36957751 0.1115382
v -0.54309243 -0.36957751 0.11144867
v -0.54320191 -0.36957751 0.11132333
v -0.5435648 -0.3694575 0.10834652
v -0.54373789 -0.3694575 0.10863541
v -0.54386153 -0.3694575 0.10900273
v -0.54393571 -0.3694575 0.1094485
v -0.54396044 -0.3694575 0.10997272
v -0.54395131 -0.3694575 0.11031012
v -0.54392394 -0.3694575 0.11061289
v -0.54387833 -0.3694575 0.11088105
v -0.54381446 -0.3694575 0.1111146
v -0.54363301 -0.3694575 0.11149761
v -0.54338063 -0.3694575 0.11178172
v -0.54305559 -0.3694575 0.11195771
v -0.54265621 -0.3694575 0.11201637
v -0.54235403 -0.3694575 0.11198397
v -0.5420914 -0.3694575 0.11188677
v -0.54186971 -0.3694575 0.11172852
v -0.54169031 -0.3694575 0.11151296
v -0.54154911 -0.3694575 0.11124215
v -0.54144202 -0.3694575 0.11091814
v -0.54137449 -0.3694575 0.11050648
v -0.54135198 -0.3694575 0.10997272
v -0.54136102 -0.3694575 0.10963771
v -0.54138813 -0.3694575 0.10933663
v -0.54143332 -0.3694575 0.10906949
v -0.54149659 -0.3694575 0.10883629
v -0.54167701 -0.3694575 0.10845293
v -0.54192906 -0.3694575 0.1081678
v -0.54225478 -0.3694575 0.10799079
v -0.54265621 -0.3694575 0.10793179
v -0.54292991 -0.3694575 0.10795771
v -0.54317258 -0.3694575 0.10803547
v -0.54338421 -0.3694575 0.10816507
v -0.54320191 -0.3694575 0.11132333
v -0.54331293 -0.3694575 0.11110181
v -0.54339222 -0.3694575 0.11080287
v -0.5434398 -0.3694575 0.1104265
v -0.54345566 -0.3694575 0.10997272
v -0.54344125 -0.3694575 0.1095214
v -0.54339802 -0.3694575 0.10915246
v -0.54332597 -0.3694575 0.10886588
v -0.5432251 -0.3694575 0.10866166
v -0.54310308 -0.3694575 0.10851901
v -0.5429676 -0.3694575 0.10841712
v -0.54281864 -0.3694575 0.10835599
v -0.54265621 -0.3694575 0.10833561
v -0.54249378 -0.3694575 0.10835608
v -0.54234481 -0.3694575 0.10841746
v -0.54220933 -0.3694575 0.10851978
v -0.54208731 -0.3694575 0.10866302
v -0.54198644 -0.3694575 0.10886766
v -0.54191439 -0.3694575 0.10915416
v -0.54187116 -0.3694575 0.10952251
v -0.54185675 -0.3694575 0.10997272
v -0.54187116 -0.3694575 0.11042514
v -0.54191439 -0.3694575 0.11079468
v -0.54198644 -0.3694575 0.11108134
v -0.54208731 -0.3694575 0.11128513
v -0.54220967 -0.3694575 0.11142718
v -0.54234618 -0.3694575 0.11152865
v -0.54249684 -0.3694575 0.11158953
v -0.54266166 -0.3694575 0.11160982
v -0.5428223 -0.3694575 0.11159192
v -0.54296589 -0.3694575 0.1115382
v -0.54309243 -0.3694575 0.11144867
v -0.54266166 -0.3694575 0.11160982
v -0.54249684 -0.3694575 0.11158953
v -0.54234618 -0.3694575 0.11152865
v -0.54220967 -0.3694575 0.11142718
v -0.54208731 -0.3694575 0.11128513
v -0.54208731 -0.36957751 0.11128513
v -0.54220967 -0.36957751 0.11142718
v -0.54234618 -0.36957751 0.11152865
v -0.54249684 -0.36957751 0.11158953
v -0.54266166 -0.36957751 0.11160982
v -0.54208731 -0.3694575 0.11128513
v -0.54198644 -0.3694575 0.11108134
v -0.54191439 -0.3694575 0.11079468
v -0.54187116 -0.3694575 0.11042514
v -0.54185675 -0.3694575 0.10997272
v -0.54185675 -0.36957751 0.10997272
v -0.54187116 -0.36957751 0.11042514
v -0.54191439 -0.36957751 0.11079468
v -0.54198644 -0.36957751 0.11108134
v -0.54208731 -0.36957751 0.11128513
v -0.54185675 -0.3694575 0.10997272
v -0.54187116 -0.3694575 0.10952251
v -0.54191439 -0.3694575 0.10915416
v -0.54198644 -0.3694575 0.10886766
v -0.54208731 -0.3694575 0.10866302
v -0.54208731 -0.36957751 0.10866302
v -0.54198644 -0.36957751 0.10886766
v -0.54191439 -0.36957751 0.10915416
v -0.54187116 -0.36957751 0.10952251
v -0.54185675 -0.36957751 0.10997272
v -0.54208731 -0.3694575 0.10866302
v -0.54220933 -0.3694575 0.10851978
v -0.54234481 -0.3694575 0.10841746
v -0.54249378 -0.3694575 0.10835608
v -0.54265621 -0.3694575 0.10833561
v -0.54265621 -0.36957751 0.10833561
v -0.54249378 -0.36957751 0.10835608
v -0.54234481 -0.36957751 0.10841746
v -0.54220933 -0.36957751 0.10851978
v -0.54208731 -0.36957751 0.10866302
v -0.54265621 -0.3694575 0.10833561
v -0.54281864 -0.3694575 0.10835599
v -0.5429676 -0.3694575 0.10841712
v -0.54310308 -0.3694575 0.10851901
v -0.5432251 -0.3694575 0.10866166
v -0.5432251 -0.36957751 0.10866166
v -0.54310308 -0.36957751 0.10851901
v -0.5429676 -0.36957751 0.10841712
v -0.54281864 -0.36957751 0.10835599
v -0.54265621 -0.36957751 0.10833561
v -0.5432251 -0.3694575 0.10866166
v -0.54332597 -0.3694575 0.10886588
v -0.54339802 -0.3694575 0.10915246
v -0.54344125 -0.3694575 0.1095214
v -0.54345566 -0.3694575 0.10997272
v -0.54345566 -0.36957751 0.10997272
v -0.54344125 -0.36957751 0.1095214
v -0.54339802 -0.36957751 0.10915246
v -0.54332597 -0.36957751 0.10886588
v -0.5432251 -0.36957751 0.10866166
v -0.54381446 -0.3694575 0.1111146
v -0.54387833 -0.3694575 0.11088105
v -0.54392394 -0.3694575 0.11061289
v -0.54395131 -0.3694575 0.11031012
v -0.54396044 -0.3694575 0.10997272
v -0.54396044 -0.36957751 0.10997272
v -0.54395131 -0.36957751 0.11031012
v -0.54392394 -0.36957751 0.11061289
v -0.54387833 -0.36957751 0.11088105
v -0.54381446 -0.36957751 0.1111146
v -0.54396044 -0.36957751 0.10997272
v -0.54393571 -0.36957751 0.1094485
v -0.54386153 -0.36957751 0.10900273
v -0.54373789 -0.36957751 0.10863541
v -0.5435648 -0.36957751 0.10834652
v -0.54338421 -0.36957751 0.10816507
v -0.54317258 -0.36957751 0.10803547
v -0.54292991 -0.36957751 0.10795771
v -0.54265621 -0.36957751 0.10793179
v -0.54225478 -0.36957751 0.10799079
v -0.54192906 -0.36957751 0.1081678
v -0.54167701 -0.36957751 0.10845293
v -0.54149659 -0.36957751 0.10883629
v -0.54143332 -0.36957751 0.10906949
v -0.54138813 -0.36957751 0.10933663
v -0.54136102 -0.36957751 0.10963771
v -0.54135198 -0.36957751 0.10997272
v -0.54137449 -0.36957751 0.11050648
v -0.54144202 -0.36957751 0.11091814
v -0.54154911 -0.36957751 0.11124215
v -0.54169031 -0.36957751 0.11151296
v -0.54186971 -0.36957751 0.11172852
v -0.5420914 -0.36957751 0.11188677
v -0.54235403 -0.36957751 0.11198397
v -0.54265621 -0.36957751 0.11201637
v -0.54305559 -0.36957751 0.11195771
v -0.54338063 -0.36957751 0.11178172
v -0.54363301 -0.36957751 0.11149761
v -0.54381446 -0.36957751 0.1111146
v -0.54387833 -0.36957751 0.11088105
v -0.54392394 -0.36957751 0.11061289
v -0.54395131 -0.36957751 0.11031012
v -0.54345566 -0.36957751 0.10997272
v -0.5434398 -0.36957751 0.1104265
v -0.54339222 -0.36957751 0.11080287
v -0.54331293 -0.36957751 0.11110181
v -0.54320191 -0.36957751 0.11132333
v -0.54309243 -0.36957751 0.11144867
v -0.54296589 -0.36957751 0.1115382
v -0.5428223 -0.36957751 0.11159192
v -0.54266166 -0.36957751 0.11160982
v -0.54249684 -0.36957751 0.11158953
v -0.54234618 -0.36957751 0.11152865
v -0.54220967 -0.36957751 0.11142718
v -0.54208731 -0.36957751 0.11128513
v -0.54198644 -0.36957751 0.11108134
v -0.54191439 -0.36957751 0.11079468
v -0.54187116 -0.36957751 0.11042514
v -0.54185675 -0.36957751 0.10997272
v -0.54187116 -0.36957751 0.10952251
v -0.54191439 -0.36957751 0.10915416
v -0.54198644 -0.36957751 0.10886766
v -0.54208731 -0.36957751 0.10866302
v -0.54220933 -0.36957751 0.10851978
v -0.54234481 -0.36957751 0.10841746
v -0.54249378 -0.36957751 0.10835608
v -0.54265621 -0.36957751 0.10833561
v -0.54281864 -0.36957751 0.10835599
v -0.5429676 -0.36957751 0.10841712
v -0.54310308 -0.36957751 0.10851901
v -0.5432251 -0.36957751 0.10866166
v -0.54332597 -0.36957751 0.10886588
v -0.54339802 -0.36957751 0.10915246
v -0.54344125 -0.36957751 0.1095214
v -0.54265621 -0.3694575 0.11201637
v -0.54305559 -0.3694575 0.11195771
v -0.54338063 -0.3694575 0.11178172
v -0.54338063 -0.36957751 0.11178172
v -0.54305559 -0.36957751 0.11195771
v -0.54265621 -0.36957751 0.11201637
v -0.54338063 -0.3694575 0.11178172
v -0.54363301 -0.3694575 0.11149761
v -0.54381446 -0.3694575 0.1111146
v -0.54381446 -0.36957751 0.1111146
v -0.54363301 -0.36957751 0.11149761
v -0.54338063 -0.36957751 0.11178172
v -0.54396044 -0.3694575 0.10997272
v -0.54393571 -0.3694575 0.1094485
v -0.54386153 -0.3694575 0.10900273
v -0.54373789 -0.3694575 0.10863541
v -0.5435648 -0.3694575 0.10834652
v -0.5435648 -0.36957751 0.10834652
v -0.54373789 -0.36957751 0.10863541
v -0.54386153 -0.36957751 0.10900273
v -0.54393571 -0.36957751 0.1094485
v -0.54396044 -0.36957751 0.10997272
v -0.5420914 -0.3694575 0.11188677
v -0.54235403 -0.3694575 0.11198397
v -0.54265621 -0.3694575 0.11201637
v -0.54265621 -0.36957751 0.11201637
v -0.54235403 -0.36957751 0.11198397
v -0.5420914 -0.36957751 0.11188677
v -0.54265621 -0.3694575 0.10793179
v -0.54225478 -0.3694575 0.10799079
v -0.54192906 -0.3694575 0.1081678
v -0.54192906 -0.36957751 0.1081678
v -0.54225478 -0.36957751 0.10799079
v -0.54265621 -0.36957751 0.10793179
v -0.54144202 -0.3694575 0.11091814
v -0.54154911 -0.3694575 0.11124215
v -0.54169031 -0.3694575 0.11151296
v -0.54169031 -0.36957751 0.11151296
v -0.54154911 -0.36957751 0.11124215
v -0.54144202 -0.36957751 0.11091814
v -0.5435648 -0.3694575 0.10834652
v -0.54338421 -0.3694575 0.10816507
v -0.54317258 -0.3694575 0.10803547
v -0.54292991 -0.3694575 0.10795771
v -0.54265621 -0.3694575 0.10793179
v -0.54265621 -0.36957751 0.10793179
v -0.54292991 -0.36957751 0.10795771
v -0.54317258 -0.36957751 0.10803547
v -0.54338421 -0.36957751 0.10816507
v -0.5435648 -0.36957751 0.10834652
v -0.54169031 -0.3694575 0.11151296
v -0.54186971 -0.3694575 0.11172852
v -0.5420914 -0.3694575 0.11188677
v -0.5420914 -0.36957751 0.11188677
v -0.54186971 -0.36957751 0.11172852
v -0.54169031 -0.36957751 0.11151296
v -0.54192906 -0.3694575 0.1081678
v -0.54167701 -0.3694575 0.10845293
v -0.54149659 -0.3694575 0.10883629
v -0.54149659 -0.36957751 0.10883629
v -0.54167701 -0.36957751 0.10845293
v -0.54192906 -0.36957751 0.1081678
v -0.54135198 -0.3694575 0.10997272
v -0.54137449 -0.3694575 0.11050648
v -0.54144202 -0.3694575 0.11091814
v -0.54144202 -0.36957751 0.11091814
v -0.54137449 -0.36957751 0.11050648
v -0.54135198 -0.36957751 0.10997272
v -0.54149659 -0.3694575 0.10883629
v -0.54143332 -0.3694575 0.10906949
v -0.54138813 -0.3694575 0.10933663
v -0.54136102 -0.3694575 0.10963771
v -0.54135198 -0.3694575 0.10997272
v -0.54135198 -0.36957751 0.10997272
v -0.54136102 -0.36957751 0.10963771
v -0.54138813 -0.36957751 0.10933663
v -0.54143332 -0.36957751 0.10906949
v -0.54149659 -0.36957751 0.10883629
f 79 80 88
f 88 80 87
f 87 80 81
f 87 81 86
f 86 81 82
f 86 82 85
f 85 82 83
f 85 83 84
f 89 90 98
f 98 90 97
f 97 90 91
f 97 91 96
f 96 91 92
f 96 92 95
f 95 92 93
f 95 93 94
f 100 138 99
f 99 138 139
f 99 139 130
f 130 139 140
f 130 140 129
f 129 140 141
f 129 141 128
f 128 141 142
f 128 142 127
f 127 142 143
f 127 143 144
f 138 100 137
f 137 100 101
f 137 101 136
f 136 101 102
f 136 102 135
f 135 102 103
f 135 103 104
f 135 104 134
f 134 104 105
f 134 105 106
f 134 106 133
f 133 106 107
f 133 107 132
f 132 107 108
f 132 108 131
f 131 108 109
f 131 109 162
f 162 109 110
f 162 110 161
f 161 110 160
f 160 110 111
f 160 111 159
f 159 111 158
f 158 111 112
f 158 112 157
f 157 112 113
f 157 113 156
f 156 113 114
f 156 114 155
f 155 114 115
f 155 115 154
f 154 115 116
f 154 116 153
f 153 116 117
f 153 117 152
f 152 117 118
f 152 118 151
f 151 118 119
f 151 119 120
f 151 120 150
f 150 120 121
f 150 121 122
f 150 122 149
f 149 122 123
f 149 123 148
f 148 123 124
f 148 124 147
f 147 124 125
f 147 125 146
f 146 125 126
f 146 126 145
f 145 126 144
f 144 126 127
f 163 164 172
f 172 164 171
f 171 164 165
f 171 165 170
f 170 165 166
f 170 166 169
f 169 166 167
f 169 167 168
f 173 174 182
f 182 174 181
f 181 174 175
f 181 175 180
f 180 175 176
f 180 176 179
f 179 176 177
f 179 177 178
f 183 184 192
f 192 184 191
f 191 184 185
f 191 185 190
f 190 185 186
f 190 186 189
f 189 186 187
f 189 187 188
f 193 194 202
f 202 194 201
f 201 194 195
f 201 195 200
f 200 195 196
f 200 196 199
f 199 196 197
f 199 197 198
f 203 204 212
f 212 204 211
f 211 204 205
f 211 205 210
f 210 205 206
f 210 206 209
f 209 206 207
f 209 207 208
f 213 214 222
f 222 214 221
f 221 214 215
f 221 215 220
f 220 215 216
f 220 216 219
f 219 216 217
f 219 217 218
f 223 224 232
f 232 224 231
f 231 224 225
f 231 225 230
f 230 225 226
f 230 226 229
f 229 226 227
f 229 227 228
f 264 233 265
f 265 233 234
f 265 234 296
f 296 234 235
f 296 235 295
f 295 235 236
f 295 236 294
f 294 236 237
f 294 237 293
f 293 237 238
f 293 238 292
f 292 238 239
f 292 239 291
f 291 239 240
f 291 240 290
f 290 240 241
f 290 241 289
f 289 241 288
f 288 241 242
f 288 242 287
f 287 242 286
f 286 242 243
f 286 243 285
f 285 243 244
f 285 244 284
f 284 244 245
f 284 245 283
f 283 245 246
f 283 246 282
f 282 246 247
f 282 247 248
f 282 248 281
f 281 248 249
f 281 249 250
f 281 250 280
f 280 250 251
f 280 251 279
f 279 251 252
f 279 252 278
f 278 252 253
f 278 253 277
f 277 253 254
f 277 254 276
f 276 254 255
f 276 255 275
f 275 255 256
f 275 256 274
f 274 256 257
f 274 257 273
f 273 257 272
f 272 257 258
f 272 258 271
f 271 258 270
f 270 258 259
f 270 259 269
f 269 259 260
f 269 260 268
f 268 260 261
f 268 261 267
f 267 261 262
f 267 262 266
f 266 262 263
f 266 263 264
f 266 264 265
f 297 298 302
f 302 298 301
f 301 298 299
f 301 299 300
f 303 304 308
f 308 304 307
f 307 304 305
f 307 305 306
f 309 310 318
f 318 310 317
f 317 310 311
f 317 311 316
f 316 311 312
f 316 312 315
f 315 312 313
f 315 313 314
f 319 320 324
f 324 320 323
f 323 320 321
f 323 321 322
f 325 326 330
f 330 326 329
f 329 326 327
f 329 327 328
f 331 332 336
f 336 332 335
f 335 332 333
f 335 333 334
f 337 338 346
f 346 338 345
f 345 338 339
f 345 339 344
f 344 339 340
f 344 340 343
f 343 340 341
f 343 341 342
f 347 348 352
f 352 348 351
f 351 348 349
f 351 349 350
f 353 354 358
f 358 354 357
f 357 354 355
f 357 355 356
f 359 360 364
f 364 360 363
f 363 360 361
f 363 361 362
f 365 366 374
f 374 366 373
f 373 366 367
f 373 367 372
f 372 367 368
f 372 368 371
f 371 368 369
f 371 369 370
v -0.54706549 -0.3694575 0.10905594
v -0.54702226 -0.3694575 0.10881787
v -0.54694168 -0.3694575 0.108603
v -0.54682375 -0.3694575 0.10841132
v -0.54666849 -0.3694575 0.10824284
v -0.54666849 -0.36957751 0.10824284
v -0.54682375 -0.36957751 0.10841132
v -0.54694168 -0.36957751 0.108603
v -0.54702226 -0.36957751 0.10881787
v -0.54706549 -0.36957751 0.10905594
v -0.54575034 -0.3694575 0.10994816
v -0.54543929 -0.3694575 0.10989325
v -0.54518827 -0.3694575 0.10972852
v -0.54518827 -0.36957751 0.10972852
v -0.54543929 -0.36957751 0.10989325
v -0.54575034 -0.36957751 0.10994816
v -0.54666849 -0.3694575 0.10824284
v -0.54682375 -0.3694575 0.10841132
v -0.54694168 -0.3694575 0.108603
v -0.54702226 -0.3694575 0.10881787
v -0.54706549 -0.3694575 0.10905594
v -0.54657435 -0.3694575 0.10912142
v -0.54646009 -0.3694575 0.10876228
v -0.54628649 -0.3694575 0.10851978
v -0.54606105 -0.3694575 0.10838165
v -0.54579127 -0.3694575 0.10833561
v -0.54547169 -0.3694575 0.10839563
v -0.545206 -0.3694575 0.10857572
v -0.54502695 -0.3694575 0.10884447
v -0.54496726 -0.3694575 0.10917053
v -0.54502251 -0.3694575 0.1094792
v -0.54518827 -0.3694575 0.10972852
v -0.54543929 -0.3694575 0.10989325
v -0.54575034 -0.3694575 0.10994816
v -0.54590655 -0.3694575 0.10993452
v -0.54609686 -0.3694575 0.10989359
v -0.54604229 -0.3694575 0.1103247
v -0.54596317 -0.3694575 0.11031923
v -0.54566508 -0.3694575 0.11036016
v -0.54539836 -0.3694575 0.11048295
v -0.54528854 -0.3694575 0.11057589
v -0.54521009 -0.3694575 0.11069099
v -0.54516303 -0.3694575 0.11082828
v -0.54514734 -0.3694575 0.11098772
v -0.54519304 -0.3694575 0.11123466
v -0.54533015 -0.3694575 0.11143519
v -0.54553957 -0.3694575 0.11156821
v -0.54580218 -0.3694575 0.11161255
v -0.5460648 -0.3694575 0.11156754
v -0.54627967 -0.3694575 0.11143247
v -0.54643656 -0.3694575 0.11120737
v -0.54652524 -0.3694575 0.11089222
v -0.54701637 -0.3694575 0.11097954
v -0.54695703 -0.3694575 0.11121257
v -0.54686903 -0.3694575 0.11141781
v -0.54675239 -0.3694575 0.11159524
v -0.54660709 -0.3694575 0.11174488
v -0.54643775 -0.3694575 0.11186366
v -0.54624898 -0.3694575 0.1119485
v -0.54604076 -0.3694575 0.11199941
v -0.5458131 -0.3694575 0.11201637
v -0.54549864 -0.3694575 0.11198124
v -0.54521009 -0.3694575 0.11187585
v -0.54496692 -0.3694575 0.11170976
v -0.54478854 -0.3694575 0.1114925
v -0.54467906 -0.3694575 0.11124215
v -0.54464257 -0.3694575 0.11097681
v -0.54467735 -0.3694575 0.1107292
v -0.54478172 -0.3694575 0.11050477
v -0.5449543 -0.3694575 0.11031378
v -0.54519372 -0.3694575 0.11016644
v -0.54487858 -0.3694575 0.11004059
v -0.54464257 -0.3694575 0.10982674
v -0.54449522 -0.3694575 0.1095365
v -0.54444611 -0.3694575 0.10918144
v -0.54446999 -0.3694575 0.10892948
v -0.54454161 -0.3694575 0.10869748
v -0.54466098 -0.3694575 0.10848542
v -0.5448281 -0.3694575 0.10829331
v -0.54503172 -0.3694575 0.10813396
v -0.54526057 -0.3694575 0.10802012
v -0.54551466 -0.3694575 0.10795182
v -0.545794 -0.3694575 0.10792906
v -0.54604613 -0.3694575 0.10794867
v -0.54627592 -0.3694575 0.10800751
v -0.54648337 -0.3694575 0.10810556
v -0.54518827 -0.3694575 0.10972852
v -0.54502251 -0.3694575 0.1094792
v -0.54496726 -0.3694575 0.10917053
v -0.54496726 -0.36957751 0.10917053
v -0.54502251 -0.36957751 0.1094792
v -0.54518827 -0.36957751 0.10972852
v -0.54496726 -0.3694575 0.10917053
v -0.54502695 -0.3694575 0.10884447
v -0.545206 -0.3694575 0.10857572
v -0.545206 -0.36957751 0.10857572
v -0.54502695 -0.36957751 0.10884447
v -0.54496726 -0.36957751 0.10917053
v -0.545206 -0.3694575 0.10857572
v -0.54547169 -0.3694575 0.10839563
v -0.54579127 -0.3694575 0.10833561
v -0.54579127 -0.36957751 0.10833561
v -0.54547169 -0.36957751 0.10839563
v -0.545206 -0.36957751 0.10857572
v -0.54579127 -0.3694575 0.10833561
v -0.54606105 -0.3694575 0.10838165
v -0.54628649 -0.3694575 0.10851978
v -0.54628649 -0.36957751 0.10851978
v -0.54606105 -0.36957751 0.10838165
v -0.54579127 -0.36957751 0.10833561
v -0.54628649 -0.3694575 0.10851978
v -0.54646009 -0.3694575 0.10876228
v -0.54657435 -0.3694575 0.10912142
v -0.54657435 -0.36957751 0.10912142
v -0.54646009 -0.36957751 0.10876228
v -0.54628649 -0.36957751 0.10851978
v -0.54657435 -0.3694575 0.10912142
v -0.54706549 -0.3694575 0.10905594
v -0.54706549 -0.36957751 0.10905594
v -0.54657435 -0.36957751 0.10912142
v -0.54706549 -0.36957751 0.10905594
v -0.54702226 -0.36957751 0.10881787
v -0.54694168 -0.36957751 0.108603
v -0.54682375 -0.36957751 0.10841132
v -0.54666849 -0.36957751 0.10824284
v -0.54648337 -0.36957751 0.10810556
v -0.54627592 -0.36957751 0.10800751
v -0.54604613 -0.36957751 0.10794867
v -0.545794 -0.36957751 0.10792906
v -0.54551466 -0.36957751 0.10795182
v -0.54526057 -0.36957751 0.10802012
v -0.54503172 -0.36957751 0.10813396
v -0.5448281 -0.36957751 0.10829331
v -0.54466098 -0.36957751 0.10848542
v -0.54454161 -0.36957751 0.10869748
v -0.54446999 -0.36957751 0.10892948
v -0.54444611 -0.36957751 0.10918144
v -0.54449522 -0.36957751 0.1095365
v -0.54464257 -0.36957751 0.10982674
v -0.54487858 -0.36957751 0.11004059
v -0.54519372 -0.36957751 0.11016644
v -0.5449543 -0.36957751 0.11031378
v -0.54478172 -0.36957751 0.11050477
v -0.54467735 -0.36957751 0.1107292
v -0.54464257 -0.36957751 0.11097681
v -0.54467906 -0.36957751 0.11124215
v -0.54478854 -0.36957751 0.1114925
v -0.54496692 -0.36957751 0.11170976
v -0.54521009 -0.36957751 0.11187585
v -0.54549864 -0.36957751 0.11198124
v -0.5458131 -0.36957751 0.11201637
v -0.54604076 -0.36957751 0.11199941
v -0.54624898 -0.36957751 0.1119485
v -0.54643775 -0.36957751 0.11186366
v -0.54660709 -0.36957751 0.11174488
v -0.54675239 -0.36957751 0.11159524
v -0.54686903 -0.36957751 0.11141781
v -0.54695703 -0.36957751 0.11121257
v -0.54701637 -0.36957751 0.11097954
v -0.54652524 -0.36957751 0.11089222
v -0.54643656 -0.36957751 0.11120737
v -0.54627967 -0.36957751 0.11143247
v -0.5460648 -0.36957751 0.11156754
v -0.54580218 -0.36957751 0.11161255
v -0.54553957 -0.36957751 0.11156821
v -0.54533015 -0.36957751 0.11143519
v -0.54519304 -0.36957751 0.11123466
v -0.54514734 -0.36957751 0.11098772
v -0.54516303 -0.36957751 0.11082828
v -0.54521009 -0.36957751 0.11069099
v -0.54528854 -0.36957751 0.11057589
v -0.54539836 -0.36957751 0.11048295
v -0.54566508 -0.36957751 0.11036016
v -0.54596317 -0.36957751 0.11031923
v -0.54604229 -0.36957751 0.1103247
v -0.54609686 -0.36957751 0.10989359
v -0.54590655 -0.36957751 0.10993452
v -0.54575034 -0.36957751 0.10994816
v -0.54543929 -0.36957751 0.10989325
v -0.54518827 -0.36957751 0.10972852
v -0.54502251 -0.36957751 0.1094792
v -0.54496726 -0.36957751 0.10917053
v -0.54502695 -0.36957751 0.10884447
v -0.545206 -0.36957751 0.10857572
v -0.54547169 -0.36957751 0.10839563
v -0.54579127 -0.36957751 0.10833561
v -0.54606105 -0.36957751 0.10838165
v -0.54628649 -0.36957751 0.10851978
v -0.54646009 -0.36957751 0.10876228
v -0.54657435 -0.36957751 0.10912142
v -0.54609686 -0.3694575 0.10989359
v -0.54590655 -0.3694575 0.10993452
v -0.54575034 -0.3694575 0.10994816
v -0.54575034 -0.36957751 0.10994816
v -0.54590655 -0.36957751 0.10993452
v -0.54609686 -0.36957751 0.10989359
v -0.545794 -0.3694575 0.10792906
v -0.54551466 -0.3694575 0.10795182
v -0.54526057 -0.3694575 0.10802012
v -0.54503172 -0.3694575 0.10813396
v -0.5448281 -0.3694575 0.10829331
v -0.5448281 -0.36957751 0.10829331
v -0.54503172 -0.36957751 0.10813396
v -0.54526057 -0.36957751 0.10802012
v -0.54551466 -0.36957751 0.10795182
v -0.545794 -0.36957751 0.10792906
v -0.54596317 -0.3694575 0.11031923
v -0.54604229 -0.3694575 0.1103247
v -0.54604229 -0.36957751 0.1103247
v -0.54596317 -0.36957751 0.11031923
v -0.54666849 -0.3694575 0.10824284
v -0.54648337 -0.3694575 0.10810556
v -0.54627592 -0.3694575 0.10800751
v -0.54604613 -0.3694575 0.10794867
v -0.545794 -0.3694575 0.10792906
v -0.545794 -0.36957751 0.10792906
v -0.54604613 -0.36957751 0.10794867
v -0.54627592 -0.36957751 0.10800751
v -0.54648337 -0.36957751 0.10810556
v -0.54666849 -0.36957751 0.10824284
v -0.54604229 -0.3694575 0.1103247
v -0.54609686 -0.3694575 0.10989359
v -0.54609686 -0.36957751 0.10989359
v -0.54604229 -0.36957751 0.1103247
v -0.5448281 -0.3694575 0.10829331
v -0.54466098 -0.3694575 0.10848542
v -0.54454161 -0.3694575 0.10869748
v -0.54446999 -0.3694575 0.10892948
v -0.54444611 -0.3694575 0.10918144
v -0.54444611 -0.36957751 0.10918144
v -0.54446999 -0.36957751 0.10892948
v -0.54454161 -0.36957751 0.10869748
v -0.54466098 -0.36957751 0.10848542
v -0.5448281 -0.36957751 0.10829331
v -0.54539836 -0.3694575 0.11048295
v -0.54566508 -0.3694575 0.11036016
v -0.54596317 -0.3694575 0.11031923
v -0.54596317 -0.36957751 0.11031923
v -0.54566508 -0.36957751 0.11036016
v -0.54539836 -0.36957751 0.11048295
v -0.54464257 -0.3694575 0.10982674
v -0.54487858 -0.3694575 0.11004059
v -0.54519372 -0.3694575 0.11016644
v -0.54519372 -0.36957751 0.11016644
v -0.54487858 -0.36957751 0.11004059
v -0.54464257 -0.36957751 0.10982674
v -0.54533015 -0.3694575 0.11143519
v -0.54519304 -0.3694575 0.11123466
v -0.54514734 -0.3694575 0.11098772
v -0.54514734 -0.36957751 0.11098772
v -0.54519304 -0.36957751 0.11123466
v -0.54533015 -0.36957751 0.11143519
v -0.54444611 -0.3694575 0.10918144
v -0.54449522 -0.3694575 0.1095365
v -0.54464257 -0.3694575 0.10982674
v -0.54464257 -0.36957751 0.10982674
v -0.54449522 -0.36957751 0.1095365
v -0.54444611 -0.36957751 0.10918144
v -0.54514734 -0.3694575 0.11098772
v -0.54516303 -0.3694575 0.11082828
v -0.54521009 -0.3694575 0.11069099
v -0.54528854 -0.3694575 0.11057589
v -0.54539836 -0.3694575 0.11048295
v -0.54539836 -0.36957751 0.11048295
v -0.54528854 -0.36957751 0.11057589
v -0.54521009 -0.36957751 0.11069099
v -0.54516303 -0.36957751 0.11082828
v -0.54514734 -0.36957751 0.11098772
v -0.54519372 -0.3694575 0.11016644
v -0.5449543 -0.3694575 0.11031378
v -0.54478172 -0.3694575 0.11050477
v -0.54478172 -0.36957751 0.11050477
v -0.5449543 -0.36957751 0.11031378
v -0.54519372 -0.36957751 0.11016644
v -0.54580218 -0.3694575 0.11161255
v -0.54553957 -0.3694575 0.11156821
v -0.54533015 -0.3694575 0.11143519
v -0.54533015 -0.36957751 0.11143519
v -0.54553957 -0.36957751 0.11156821
v -0.54580218 -0.36957751 0.11161255
v -0.54478172 -0.3694575 0.11050477
v -0.54467735 -0.3694575 0.1107292
v -0.54464257 -0.3694575 0.11097681
v -0.54464257 -0.36957751 0.11097681
v -0.54467735 -0.36957751 0.1107292
v -0.54478172 -0.36957751 0.11050477
v -0.54627967 -0.3694575 0.11143247
v -0.5460648 -0.3694575 0.11156754
v -0.54580218 -0.3694575 0.11161255
v -0.54580218 -0.36957751 0.11161255
v -0.5460648 -0.36957751 0.11156754
v -0.54627967 -0.36957751 0.11143247
v -0.54478854 -0.3694575 0.1114925
v -0.54496692 -0.3694575 0.11170976
v -0.54521009 -0.3694575 0.11187585
v -0.54521009 -0.36957751 0.11187585
v -0.54496692 -0.36957751 0.11170976
v -0.54478854 -0.36957751 0.1114925
v -0.54701637 -0.3694575 0.11097954
v -0.54652524 -0.3694575 0.11089222
v -0.54652524 -0.36957751 0.11089222
v -0.54701637 -0.36957751 0.11097954
v -0.54464257 -0.3694575 0.11097681
v -0.54467906 -0.3694575 0.11124215
v -0.54478854 -0.3694575 0.1114925
v -0.54478854 -0.36957751 0.1114925
v -0.54467906 -0.36957751 0.11124215
v -0.54464257 -0.36957751 0.11097681
v -0.54652524 -0.3694575 0.11089222
v -0.54643656 -0.3694575 0.11120737
v -0.54627967 -0.3694575 0.11143247
v -0.54627967 -0.36957751 0.11143247
v -0.54643656 -0.36957751 0.11120737
v -0.54652524 -0.36957751 0.11089222
v -0.5458131 -0.3694575 0.11201637
v -0.54604076 -0.3694575 0.11199941
v -0.54624898 -0.3694575 0.1119485
v -0.54643775 -0.3694575 0.11186366
v -0.54660709 -0.3694575 0.11174488
v -0.54660709 -0.36957751 0.11174488
v -0.54643775 -0.36957751 0.11186366
v -0.54624898 -0.36957751 0.1119485
v -0.54604076 -0.36957751 0.11199941
v -0.5458131 -0.36957751 0.11201637
v -0.54521009 -0.3694575 0.11187585
v -0.54549864 -0.3694575 0.11198124
v -0.5458131 -0.3694575 0.11201637
v -0.5458131 -0.36957751 0.11201637
v -0.54549864 -0.36957751 0.11198124
v -0.54521009 -0.36957751 0.11187585
v -0.54660709 -0.3694575 0.11174488
v -0.54675239 -0.3694575 0.11159524
v -0.54686903 -0.3694575 0.11141781
v -0.54695703 -0.3694575 0.11121257
v -0.54701637 -0.3694575 0.11097954
v -0.54701637 -0.36957751 0.11097954
v -0.54695703 -0.36957751 0.11121257
v -0.54686903 -0.36957751 0.11141781
v -0.54675239 -0.36957751 0.11159524
v -0.54660709 -0.36957751 0.11174488
f 375 376 384
f 384 376 383
f 383 376 377
f 383 377 382
f 382 377 378
f 382 378 381
f 381 378 379
f 381 379 380
f 385 386 390
f 390 386 389
f 389 386 387
f 389 387 388
f 460 391 397
f 397 391 392
f 397 392 393
f 397 393 396
f 396 393 394
f 396 394 395
f 397 398 460
f 460 398 459
f 459 398 399
f 459 399 458
f 458 399 400
f 458 400 457
f 457 400 456
f 456 400 401
f 456 401 455
f 455 401 402
f 455 402 454
f 454 402 453
f 453 402 403
f 453 403 452
f 452 403 451
f 451 403 404
f 451 404 450
f 450 404 449
f 449 404 448
f 448 404 405
f 448 405 447
f 447 405 446
f 446 405 406
f 446 406 445
f 445 406 407
f 445 407 414
f 414 407 413
f 413 407 408
f 413 408 412
f 412 408 409
f 412 409 411
f 411 409 410
f 414 415 445
f 445 415 444
f 444 415 416
f 444 416 417
f 418 442 417
f 417 442 443
f 417 443 444
f 419 439 418
f 418 439 440
f 418 440 441
f 439 419 438
f 438 419 420
f 438 420 437
f 437 420 421
f 437 421 436
f 436 421 422
f 436 422 435
f 435 422 434
f 434 422 423
f 434 423 433
f 433 423 424
f 433 424 432
f 432 424 431
f 431 424 425
f 431 425 430
f 430 425 429
f 429 425 426
f 429 426 428
f 428 426 427
f 441 442 418
f 461 462 466
f 466 462 465
f 465 462 463
f 465 463 464
f 467 468 472
f 472 468 471
f 471 468 469
f 471 469 470
f 473 474 478
f 478 474 477
f 477 474 475
f 477 475 476
f 479 480 484
f 484 480 483
f 483 480 481
f 483 481 482
f 485 486 490
f 490 486 489
f 489 486 487
f 489 487 488
f 491 492 494
f 494 492 493
f 495 496 564
f 564 496 497
f 564 497 563
f 563 497 498
f 563 498 499
f 499 500 563
f 563 500 562
f 562 500 501
f 562 501 561
f 561 501 502
f 561 502 560
f 560 502 503
f 560 503 504
f 560 504 559
f 559 504 505
f 559 505 558
f 558 505 506
f 558 506 507
f 558 507 557
f 557 507 508
f 557 508 509
f 557 509 556
f 556 509 510
f 556 510 511
f 511 512 556
f 556 512 555
f 555 512 513
f 555 513 514
f 555 514 554
f 554 514 515
f 554 515 553
f 553 515 546
f 553 546 547
f 546 515 545
f 545 515 516
f 545 516 544
f 544 516 543
f 543 516 517
f 543 517 518
f 543 518 542
f 542 518 519
f 542 519 520
f 520 521 542
f 542 521 541
f 541 521 522
f 541 522 540
f 540 522 523
f 540 523 539
f 539 523 524
f 539 524 538
f 538 524 525
f 538 525 526
f 538 526 537
f 537 526 527
f 537 527 536
f 536 527 528
f 536 528 529
f 536 529 535
f 535 529 530
f 535 530 531
f 535 531 534
f 534 531 532
f 534 532 533
f 553 547 552
f 552 547 548
f 552 548 551
f 551 548 549
f 551 549 550
f 565 566 570
f 570 566 569
f 569 566 567
f 569 567 568
f 571 572 580
f 580 572 579
f 579 572 573
f 579 573 578
f 578 573 574
f 578 574 577
f 577 574 575
f 577 575 576
f 581 582 584
f 584 582 583
f 585 586 594
f 594 586 593
f 593 586 587
f 593 587 592
f 592 587 588
f 592 588 591
f 591 588 589
f 591 589 590
f 595 596 598
f 598 596 597
f 599 600 608
f 608 600 607
f 607 600 601
f 607 601 606
f 606 601 602
f 606 602 605
f 605 602 603
f 605 603 604
f 609 610 614
f 614 610 613
f 613 610 611
f 613 611 612
f 615 616 620
f 620 616 619
f 619 616 617
f 619 617 618
f 621 622 626
f 626 622 625
f 625 622 623
f 625 623 624
f 627 628 632
f 632 628 631
f 631 628 629
f 631 629 630
f 633 634 642
f 642 634 641
f 641 634 635
f 641 635 640
f 640 635 636
f 640 636 639
f 639 636 637
f 639 637 638
f 643 644 648
f 648 644 647
f 647 644 645
f 647 645 646
f 649 650 654
f 654 650 653
f 653 650 651
f 653 651 652
f 655 656 660
f 660 656 659
f 659 656 657
f 659 657 658
f 661 662 666
f 666 662 665
f 665 662 663
f 665 663 664
f 667 668 672
f 672 668 671
f 671 668 669
f 671 669 670
f 673 674 676
f 676 674 675
f 677 678 682
f 682 678 681
f 681 678 679
f 681 679 680
f 683 684 688
f 688 684 687
f 687 684 685
f 687 685 686
f 689 690 698
f 698 690 697
f 697 690 691
f 697 691 696
f 696 691 692
f 696 692 695
f 695 692 693
f 695 693 694
f 699 700 704
f 704 700 703
f 703 700 701
f 703 701 702
f 705 706 714
f 714 706 713
f 713 706 707
f 713 707 712
f 712 707 708
f 712 708 711
f 711 708 709
f 711 709 710
v -0.54967121 -0.3694575 0.10997272
v -0.54965535 -0.3694575 0.1104265
v -0.54960778 -0.3694575 0.11080287
v -0.54952848 -0.3694575 0.11110181
v -0.54941746 -0.3694575 0.11132333
v -0.54941746 -0.36957751 0.11132333
v -0.54952848 -0.36957751 0.11110181
v -0.54960778 -0.36957751 0.11080287
v -0.54965535 -0.36957751 0.1104265
v -0.54967121 -0.36957751 0.10997272
v -0.54941746 -0.3694575 0.11132333
v -0.54930798 -0.3694575 0.11144867
v -0.54918145 -0.3694575 0.1115382
v -0.54903786 -0.3694575 0.11159192
v -0.54887722 -0.3694575 0.11160982
v -0.54887722 -0.36957751 0.11160982
v -0.54903786 -0.36957751 0.11159192
v -0.54918145 -0.36957751 0.1115382
v -0.54930798 -0.36957751 0.11144867
v -0.54941746 -0.36957751 0.11132333
v -0.54978035 -0.3694575 0.10834652
v -0.54995345 -0.3694575 0.10863541
v -0.55007708 -0.3694575 0.10900273
v -0.55015126 -0.3694575 0.1094485
v -0.55017599 -0.3694575 0.10997272
v -0.55016686 -0.3694575 0.11031012
v -0.55013949 -0.3694575 0.11061289
v -0.55009387 -0.3694575 0.11088105
v -0.55003001 -0.3694575 0.1111146
v -0.54984857 -0.3694575 0.11149761
v -0.54959618 -0.3694575 0.11178172
v -0.54927114 -0.3694575 0.11195771
v -0.54887176 -0.3694575 0.11201637
v -0.54856957 -0.3694575 0.11198397
v -0.54830696 -0.3694575 0.11188677
v -0.54808527 -0.3694575 0.11172852
v -0.54790586 -0.3694575 0.11151296
v -0.54776466 -0.3694575 0.11124215
v -0.54765757 -0.3694575 0.11091814
v -0.54759004 -0.3694575 0.11050648
v -0.54756753 -0.3694575 0.10997272
v -0.54757657 -0.3694575 0.10963771
v -0.54760368 -0.3694575 0.10933663
v -0.54764887 -0.3694575 0.10906949
v -0.54771214 -0.3694575 0.10883629
v -0.54789257 -0.3694575 0.10845293
v -0.54814461 -0.3694575 0.1081678
v -0.54847033 -0.3694575 0.10799079
v -0.54887176 -0.3694575 0.10793179
v -0.54914546 -0.3694575 0.10795771
v -0.54938813 -0.3694575 0.10803547
v -0.54959976 -0.3694575 0.10816507
v -0.54941746 -0.3694575 0.11132333
v -0.54952848 -0.3694575 0.11110181
v -0.54960778 -0.3694575 0.11080287
v -0.54965535 -0.3694575 0.1104265
v -0.54967121 -0.3694575 0.10997272
v -0.5496568 -0.3694575 0.1095214
v -0.54961357 -0.3694575 0.10915246
v -0.54954153 -0.3694575 0.10886588
v -0.54944066 -0.3694575 0.10866166
v -0.54931864 -0.3694575 0.10851901
v -0.54918315 -0.3694575 0.10841712
v -0.54903419 -0.3694575 0.10835599
v -0.54887176 -0.3694575 0.10833561
v -0.54870933 -0.3694575 0.10835608
v -0.54856037 -0.3694575 0.10841746
v -0.54842488 -0.3694575 0.10851978
v -0.54830287 -0.3694575 0.10866302
v -0.54820199 -0.3694575 0.10886766
v -0.54812994 -0.3694575 0.10915416
v -0.54808671 -0.3694575 0.10952251
v -0.5480723 -0.3694575 0.10997272
v -0.54808671 -0.3694575 0.11042514
v -0.54812994 -0.3694575 0.11079468
v -0.54820199 -0.3694575 0.11108134
v -0.54830287 -0.3694575 0.11128513
v -0.54842522 -0.3694575 0.11142718
v -0.54856173 -0.3694575 0.11152865
v -0.5487124 -0.3694575 0.11158953
v -0.54887722 -0.3694575 0.11160982
v -0.54903786 -0.3694575 0.11159192
v -0.54918145 -0.3694575 0.1115382
v -0.54930798 -0.3694575 0.11144867
v -0.54887722 -0.3694575 0.11160982
v -0.5487124 -0.3694575 0.11158953
v -0.54856173 -0.3694575 0.11152865
v -0.54842522 -0.3694575 0.11142718
v -0.54830287 -0.3694575 0.11128513
v -0.54830287 -0.36957751 0.11128513
v -0.54842522 -0.36957751 0.11142718
v -0.54856173 -0.36957751 0.11152865
v -0.5487124 -0.36957751 0.11158953
v -0.54887722 -0.36957751 0.11160982
v -0.54830287 -0.3694575 0.11128513
v -0.54820199 -0.3694575 0.11108134
v -0.54812994 -0.3694575 0.11079468
v -0.54808671 -0.3694575 0.11042514
v -0.5480723 -0.3694575 0.10997272
v -0.5480723 -0.36957751 0.10997272
v -0.54808671 -0.36957751 0.11042514
v -0.54812994 -0.36957751 0.11079468
v -0.54820199 -0.36957751 0.11108134
v -0.54830287 -0.36957751 0.11128513
v -0.5480723 -0.3694575 0.10997272
v -0.54808671 -0.3694575 0.10952251
v -0.54812994 -0.3694575 0.10915416
v -0.54820199 -0.3694575 0.10886766
v -0.54830287 -0.3694575 0.10866302
v -0.54830287 -0.36957751 0.10866302
v -0.54820199 -0.36957751 0.10886766
v -0.54812994 -0.36957751 0.10915416
v -0.54808671 -0.36957751 0.10952251
v -0.5480723 -0.36957751 0.10997272
v -0.54830287 -0.3694575 0.10866302
v -0.54842488 -0.3694575 0.10851978
v -0.54856037 -0.3694575 0.10841746
v -0.54870933 -0.3694575 0.10835608
v -0.54887176 -0.3694575 0.10833561
v -0.54887176 -0.36957751 0.10833561
v -0.54870933 -0.36957751 0.10835608
v -0.54856037 -0.36957751 0.10841746
v -0.54842488 -0.36957751 0.10851978
v -0.54830287 -0.36957751 0.10866302
v -0.54887176 -0.3694575 0.10833561
v -0.54903419 -0.3694575 0.10835599
v -0.54918315 -0.3694575 0.10841712
v -0.54931864 -0.3694575 0.10851901
v -0.54944066 -0.3694575 0.10866166
v -0.54944066 -0.36957751 0.10866166
v -0.54931864 -0.36957751 0.10851901
v -0.54918315 -0.36957751 0.10841712
v -0.54903419 -0.36957751 0.10835599
v -0.54887176 -0.36957751 0.10833561
v -0.54944066 -0.3694575 0.10866166
v -0.54954153 -0.3694575 0.10886588
v -0.54961357 -0.3694575 0.10915246
v -0.5496568 -0.3694575 0.1095214
v -0.54967121 -0.3694575 0.10997272
v -0.54967121 -0.36957751 0.10997272
v -0.5496568 -0.36957751 0.1095214
v -0.54961357 -0.36957751 0.10915246
v -0.54954153 -0.36957751 0.10886588
v -0.54944066 -0.36957751 0.10866166
v -0.55003001 -0.3694575 0.1111146
v -0.55009387 -0.3694575 0.11088105
v -0.55013949 -0.3694575 0.11061289
v -0.55016686 -0.3694575 0.11031012
v -0.55017599 -0.3694575 0.10997272
v -0.55017599 -0.36957751 0.10997272
v -0.55016686 -0.36957751 0.11031012
v -0.55013949 -0.36957751 0.11061289
v -0.55009387 -0.36957751 0.11088105
v -0.55003001 -0.36957751 0.1111146
v -0.55017599 -0.36957751 0.10997272
v -0.55015126 -0.36957751 0.1094485
v -0.55007708 -0.36957751 0.10900273
v -0.54995345 -0.36957751 0.10863541
v -0.54978035 -0.36957751 0.10834652
v -0.54959976 -0.36957751 0.10816507
v -0.54938813 -0.36957751 0.10803547
v -0.54914546 -0.36957751 0.10795771
v -0.54887176 -0.36957751 0.10793179
v -0.54847033 -0.36957751 0.10799079
v -0.54814461 -0.36957751 0.1081678
v -0.54789257 -0.36957751 0.10845293
v -0.54771214 -0.36957751 0.10883629
v -0.54764887 -0.36957751 0.10906949
v -0.54760368 -0.36957751 0.10933663
v -0.54757657 -0.36957751 0.10963771
v -0.54756753 -0.36957751 0.10997272
v -0.54759004 -0.36957751 0.11050648
v -0.54765757 -0.36957751 0.11091814
v -0.54776466 -0.36957751 0.11124215
v -0.54790586 -0.36957751 0.11151296
v -0.54808527 -0.36957751 0.11172852
v -0.54830696 -0.36957751 0.11188677
v -0.54856957 -0.36957751 0.11198397
v -0.54887176 -0.36957751 0.11201637
v -0.54927114 -0.36957751 0.11195771
v -0.54959618 -0.36957751 0.11178172
v -0.54984857 -0.36957751 0.11149761
v -0.55003001 -0.36957751 0.1111146
v -0.55009387 -0.36957751 0.11088105
v -0.55013949 -0.36957751 0.11061289
v -0.55016686 -0.36957751 0.11031012
v -0.54967121 -0.36957751 0.10997272
v -0.54965535 -0.36957751 0.1104265
v -0.54960778 -0.36957751 0.11080287
v -0.54952848 -0.36957751 0.11110181
v -0.54941746 -0.36957751 0.11132333
v -0.54930798 -0.36957751 0.11144867
v -0.54918145 -0.36957751 0.1115382
v -0.54903786 -0.36957751 0.11159192
v -0.54887722 -0.36957751 0.11160982
v -0.5487124 -0.36957751 0.11158953
v -0.54856173 -0.36957751 0.11152865
v -0.54842522 -0.36957751 0.11142718
v -0.54830287 -0.36957751 0.11128513
v -0.54820199 -0.36957751 0.11108134
v -0.54812994 -0.36957751 0.11079468
v -0.54808671 -0.36957751 0.11042514
v -0.5480723 -0.36957751 0.10997272
v -0.54808671 -0.36957751 0.10952251
v -0.54812994 -0.36957751 0.10915416
v -0.54820199 -0.36957751 0.10886766
v -0.54830287 -0.36957751 0.10866302
v -0.54842488 -0.36957751 0.10851978
v -0.54856037 -0.36957751 0.10841746
v -0.54870933 -0.36957751 0.10835608
v -0.54887176 -0.36957751 0.10833561
v -0.54903419 -0.36957751 0.10835599
v -0.54918315 -0.36957751 0.10841712
v -0.54931864 -0.36957751 0.10851901
v -0.54944066 -0.36957751 0.10866166
v -0.54954153 -0.36957751 0.10886588
v -0.54961357 -0.36957751 0.10915246
v -0.5496568 -0.36957751 0.1095214
v -0.54887176 -0.3694575 0.11201637
v -0.54927114 -0.3694575 0.11195771
v -0.54959618 -0.3694575 0.11178172
v -0.54959618 -0.36957751 0.11178172
v -0.54927114 -0.36957751 0.11195771
v -0.54887176 -0.36957751 0.11201637
v -0.54959618 -0.3694575 0.11178172
v -0.54984857 -0.3694575 0.11149761
v -0.55003001 -0.3694575 0.1111146
v -0.55003001 -0.36957751 0.1111146
v -0.54984857 -0.36957751 0.11149761
v -0.54959618 -0.36957751 0.11178172
v -0.55017599 -0.3694575 0.10997272
v -0.55015126 -0.3694575 0.1094485
v -0.55007708 -0.3694575 0.10900273
v -0.54995345 -0.3694575 0.10863541
v -0.54978035 -0.3694575 0.10834652
v -0.54978035 -0.36957751 0.10834652
v -0.54995345 -0.36957751 0.10863541
v -0.55007708 -0.36957751 0.10900273
v -0.55015126 -0.36957751 0.1094485
v -0.55017599 -0.36957751 0.10997272
v -0.54830696 -0.3694575 0.11188677
v -0.54856957 -0.3694575 0.11198397
v -0.54887176 -0.3694575 0.11201637
v -0.54887176 -0.36957751 0.11201637
v -0.54856957 -0.36957751 0.11198397
v -0.54830696 -0.36957751 0.11188677
v -0.54887176 -0.3694575 0.10793179
v -0.54847033 -0.3694575 0.10799079
v -0.54814461 -0.3694575 0.1081678
v -0.54814461 -0.36957751 0.1081678
v -0.54847033 -0.36957751 0.10799079
v -0.54887176 -0.36957751 0.10793179
v -0.54765757 -0.3694575 0.11091814
v -0.54776466 -0.3694575 0.11124215
v -0.54790586 -0.3694575 0.11151296
v -0.54790586 -0.36957751 0.11151296
v -0.54776466 -0.36957751 0.11124215
v -0.54765757 -0.36957751 0.11091814
v -0.54978035 -0.3694575 0.10834652
v -0.54959976 -0.3694575 0.10816507
v -0.54938813 -0.3694575 0.10803547
v -0.54914546 -0.3694575 0.10795771
v -0.54887176 -0.3694575 0.10793179
v -0.54887176 -0.36957751 0.10793179
v -0.54914546 -0.36957751 0.10795771
v -0.54938813 -0.36957751 0.10803547
v -0.54959976 -0.36957751 0.10816507
v -0.54978035 -0.36957751 0.10834652
v -0.54790586 -0.3694575 0.11151296
v -0.54808527 -0.3694575 0.11172852
v -0.54830696 -0.3694575 0.11188677
v -0.54830696 -0.36957751 0.11188677
v -0.54808527 -0.36957751 0.11172852
v -0.54790586 -0.36957751 0.11151296
v -0.54814461 -0.3694575 0.1081678
v -0.54789257 -0.3694575 0.10845293
v -0.54771214 -0.3694575 0.10883629
v -0.54771214 -0.36957751 0.10883629
v -0.54789257 -0.36957751 0.10845293
v -0.54814461 -0.36957751 0.1081678
v -0.54756753 -0.3694575 0.10997272
v -0.54759004 -0.3694575 0.11050648
v -0.54765757 -0.3694575 0.11091814
v -0.54765757 -0.36957751 0.11091814
v -0.54759004 -0.36957751 0.11050648
v -0.54756753 -0.36957751 0.10997272
v -0.54771214 -0.3694575 0.10883629
v -0.54764887 -0.3694575 0.10906949
v -0.54760368 -0.3694575 0.10933663
v -0.54757657 -0.3694575 0.10963771
v -0.54756753 -0.3694575 0.10997272
v -0.54756753 -0.36957751 0.10997272
v -0.54757657 -0.36957751 0.10963771
v -0.54760368 -0.36957751 0.10933663
v -0.54764887 -0.36957751 0.10906949
v -0.54771214 -0.36957751 0.10883629
f 715 716 724
f 724 716 723
f 723 716 717
f 723 717 722
f 722 717 718
f 722 718 721
f 721 718 719
f 721 719 720
f 725 726 734
f 734 726 733
f 733 726 727
f 733 727 732
f 732 727 728
f 732 728 731
f 731 728 729
f 731 729 730
f 736 774 735
f 735 774 775
f 735 775 766
f 766 775 776
f 766 776 765
f 765 776 777
f 765 777 764
f 764 777 778
f 764 778 763
f 763 778 779
f 763 779 780
f 774 736 773
f 773 736 737
f 773 737 772
f 772 737 738
f 772 738 771
f 771 738 739
f 771 739 740
f 771 740 770
f 770 740 741
f 770 741 742
f 770 742 769
f 769 742 743
f 769 743 768
f 768 743 744
f 768 744 767
f 767 744 745
f 767 745 798
f 798 745 746
f 798 746 797
f 797 746 796
f 796 746 747
f 796 747 795
f 795 747 794
f 794 747 748
f 794 748 793
f 793 748 749
f 793 749 792
f 792 749 750
f 792 750 791
f 791 750 751
f 791 751 790
f 790 751 752
f 790 752 789
f 789 752 753
f 789 753 788
f 788 753 754
f 788 754 787
f 787 754 755
f 787 755 756
f 787 756 786
f 786 756 757
f 786 757 758
f 786 758 785
f 785 758 759
f 785 759 784
f 784 759 760
f 784 760 783
f 783 760 761
f 783 761 782
f 782 761 762
f 782 762 781
f 781 762 780
f 780 762 763
f 799 800 808
f 808 800 807
f 807 800 801
f 807 801 806
f 806 801 802
f 806 802 805
f 805 802 803
f 805 803 804
f 809 810 818
f 818 810 817
f 817 810 811
f 817 811 816
f 816 811 812
f 816 812 815
f 815 812 813
f 815 813 814
f 819 820 828
f 828 820 827
f 827 820 821
f 827 821 826
f 826 821 822
f 826 822 825
f 825 822 823
f 825 823 824
f 829 830 838
f 838 830 837
f 837 830 831
f 837 831 836
f 836 831 832
f 836 832 835
f 835 832 833
f 835 833 834
f 839 840 848
f 848 840 847
f 847 840 841
f 847 841 846
f 846 841 842
f 846 842 845
f 845 842 843
f 845 843 844
f 849 850 858
f 858 850 857
f 857 850 851
f 857 851 856
f 856 851 852
f 856 852 855
f 855 852 853
f 855 853 854
f 859 860 868
f 868 860 867
f 867 860 861
f 867 861 866
f 866 861 862
f 866 862 865
f 865 862 863
f 865 863 864
f 900 869 901
f 901 869 870
f 901 870 932
f 932 870 871
f 932 871 931
f 931 871 872
f 931 872 930
f 930 872 873
f 930 873 929
f 929 873 874
f 929 874 928
f 928 874 875
f 928 875 927
f 927 875 876
f 927 876 926
f 926 876 877
f 926 877 925
f 925 877 924
f 924 877 878
f 924 878 923
f 923 878 922
f 922 878 879
f 922 879 921
f 921 879 880
f 921 880 920
f 920 880 881
f 920 881 919
f 919 881 882
f 919 882 918
f 918 882 883
f 918 883 884
f 918 884 917
f 917 884 885
f 917 885 886
f 917 886 916
f 916 886 887
f 916 887 915
f 915 887 888
f 915 888 914
f 914 888 889
f 914 889 913
f 913 889 890
f 913 890 912
f 912 890 891
f 912 891 911
f 911 891 892
f 911 892 910
f 910 892 893
f 910 893 909
f 909 893 908
f 908 893 894
f 908 894 907
f 907 894 906
f 906 894 895
f 906 895 905
f 905 895 896
f 905 896 904
f 904 896 897
f 904 897 903
f 903 897 898
f 903 898 902
f 902 898 899
f 902 899 900
f 902 900 901
f 933 934 938
f 938 934 937
f 937 934 935
f 937 935 936
f 939 940 944
f 944 940 943
f 943 940 941
f 943 941 942
f 945 946 954
f 954 946 953
f 953 946 947
f 953 947 952
f 952 947 948
f 952 948 951
f 951 948 949
f 951 949 950
f 955 956 960
f 960 956 959
f 959 956 957
f 959 957 958
f 961 962 966
f 966 962 965
f 965 962 963
f 965 963 964
f 967 968 972
f 972 968 971
f 971 968 969
f 971 969 970
f 973 974 982
f 982 974 981
f 981 974 975
f 981 975 980
f 980 975 976
f 980 976 979
f 979 976 977
f 979 977 978
f 983 984 988
f 988 984 987
f 987 984 985
f 987 985 986
f 989 990 994
f 994 990 993
f 993 990 991
f 993 991 992
f 995 996 1000
f 1000 996 999
f 999 996 997
f 999 997 998
f 1001 1002 1010
f 1010 1002 1009
f 1009 1002 1003
f 1009 1003 1008
f 1008 1003 1004
f 1008 1004 1007
f 1007 1004 1005
f 1007 1005 1006
v -0.55328377 -0.3694575 0.10904775
v -0.5532407 -0.3694575 0.10880781
v -0.55316064 -0.3694575 0.10859277
v -0.55304357 -0.3694575 0.10840262
v -0.55288949 -0.3694575 0.10823738
v -0.55288949 -0.36957751 0.10823738
v -0.55304357 -0.36957751 0.10840262
v -0.55316064 -0.36957751 0.10859277
v -0.5532407 -0.36957751 0.10880781
v -0.55328377 -0.36957751 0.10904775
v -0.55200682 -0.3694575 0.11021828
v -0.55166132 -0.3694575 0.11015758
v -0.55138881 -0.3694575 0.10997544
v -0.55138881 -0.36957751 0.10997544
v -0.55166132 -0.36957751 0.11015758
v -0.55200682 -0.36957751 0.11021828
v -0.55288949 -0.3694575 0.10823738
v -0.55304357 -0.3694575 0.10840262
v -0.55316064 -0.3694575 0.10859277
v -0.5532407 -0.3694575 0.10880781
v -0.55328377 -0.3694575 0.10904775
v -0.55276808 -0.3694575 0.10909141
v -0.55267292 -0.3694575 0.1087616
v -0.55250205 -0.3694575 0.10852524
v -0.55227183 -0.3694575 0.10838302
v -0.55199863 -0.3694575 0.10833561
v -0.55167121 -0.3694575 0.10840245
v -0.55139836 -0.3694575 0.108603
v -0.55129093 -0.3694575 0.10874762
v -0.55121419 -0.3694575 0.10891405
v -0.55116815 -0.3694575 0.10910232
v -0.5511528 -0.3694575 0.10931241
v -0.5512118 -0.3694575 0.10968826
v -0.55138881 -0.3694575 0.10997544
v -0.55166132 -0.3694575 0.11015758
v -0.55200682 -0.3694575 0.11021828
v -0.5522326 -0.3694575 0.11019134
v -0.5524352 -0.3694575 0.1101105
v -0.55260573 -0.3694575 0.1099867
v -0.55273533 -0.3694575 0.10983083
v -0.55319645 -0.3694575 0.10989086
v -0.552809 -0.3694575 0.11194543
v -0.55081992 -0.3694575 0.11194543
v -0.55081992 -0.3694575 0.11147613
v -0.5524161 -0.3694575 0.11147613
v -0.55263165 -0.3694575 0.1104011
v -0.55226262 -0.3694575 0.11058936
v -0.55187585 -0.3694575 0.11065211
v -0.55162415 -0.3694575 0.11062943
v -0.55139291 -0.3694575 0.11056139
v -0.55118213 -0.3694575 0.11044799
v -0.55099182 -0.3694575 0.11028922
v -0.55083424 -0.3694575 0.11009481
v -0.55072169 -0.3694575 0.10987449
v -0.55065416 -0.3694575 0.10962824
v -0.55063165 -0.3694575 0.10935607
v -0.55065143 -0.3694575 0.10909379
v -0.55071078 -0.3694575 0.10884994
v -0.55080968 -0.3694575 0.10862449
v -0.55094816 -0.3694575 0.10841746
v -0.55115808 -0.3694575 0.10820498
v -0.55140314 -0.3694575 0.10805321
v -0.55168332 -0.3694575 0.10796214
v -0.55199863 -0.3694575 0.10793179
v -0.55225895 -0.3694575 0.10795089
v -0.5524942 -0.3694575 0.10800818
v -0.55270438 -0.3694575 0.10810369
v -0.55138881 -0.3694575 0.10997544
v -0.5512118 -0.3694575 0.10968826
v -0.5511528 -0.3694575 0.10931241
v -0.5511528 -0.36957751 0.10931241
v -0.5512118 -0.36957751 0.10968826
v -0.55138881 -0.36957751 0.10997544
v -0.5511528 -0.3694575 0.10931241
v -0.55116815 -0.3694575 0.10910232
v -0.55121419 -0.3694575 0.10891405
v -0.55129093 -0.3694575 0.10874762
v -0.55139836 -0.3694575 0.108603
v -0.55139836 -0.36957751 0.108603
v -0.55129093 -0.36957751 0.10874762
v -0.55121419 -0.36957751 0.10891405
v -0.55116815 -0.36957751 0.10910232
v -0.5511528 -0.36957751 0.10931241
v -0.55139836 -0.3694575 0.108603
v -0.55167121 -0.3694575 0.10840245
v -0.55199863 -0.3694575 0.10833561
v -0.55199863 -0.36957751 0.10833561
v -0.55167121 -0.36957751 0.10840245
v -0.55139836 -0.36957751 0.108603
v -0.55199863 -0.3694575 0.10833561
v -0.55227183 -0.3694575 0.10838302
v -0.55250205 -0.3694575 0.10852524
v -0.55250205 -0.36957751 0.10852524
v -0.55227183 -0.36957751 0.10838302
v -0.55199863 -0.36957751 0.10833561
v -0.55250205 -0.3694575 0.10852524
v -0.55267292 -0.3694575 0.1087616
v -0.55276808 -0.3694575 0.10909141
v -0.55276808 -0.36957751 0.10909141
v -0.55267292 -0.36957751 0.1087616
v -0.55250205 -0.36957751 0.10852524
v -0.55276808 -0.3694575 0.10909141
v -0.55328377 -0.3694575 0.10904775
v -0.55328377 -0.36957751 0.10904775
v -0.55276808 -0.36957751 0.10909141
v -0.55328377 -0.36957751 0.10904775
v -0.5532407 -0.36957751 0.10880781
v -0.55316064 -0.36957751 0.10859277
v -0.55304357 -0.36957751 0.10840262
v -0.55288949 -0.36957751 0.10823738
v -0.55270438 -0.36957751 0.10810369
v -0.5524942 -0.36957751 0.10800818
v -0.55225895 -0.36957751 0.10795089
v -0.55199863 -0.36957751 0.10793179
v -0.55168332 -0.36957751 0.10796214
v -0.55140314 -0.36957751 0.10805321
v -0.55115808 -0.36957751 0.10820498
v -0.55094816 -0.36957751 0.10841746
v -0.55080968 -0.36957751 0.10862449
v -0.55071078 -0.36957751 0.10884994
v -0.55065143 -0.36957751 0.10909379
v -0.55063165 -0.36957751 0.10935607
v -0.55065416 -0.36957751 0.10962824
v -0.55072169 -0.36957751 0.10987449
v -0.55083424 -0.36957751 0.11009481
v -0.55099182 -0.36957751 0.11028922
v -0.55118213 -0.36957751 0.11044799
v -0.55139291 -0.36957751 0.11056139
v -0.55162415 -0.36957751 0.11062943
v -0.55187585 -0.36957751 0.11065211
v -0.55226262 -0.36957751 0.11058936
v -0.55263165 -0.36957751 0.1104011
v -0.5524161 -0.36957751 0.11147613
v -0.55081992 -0.36957751 0.11147613
v -0.55081992 -0.36957751 0.11194543
v -0.552809 -0.36957751 0.11194543
v -0.55319645 -0.36957751 0.10989086
v -0.55273533 -0.36957751 0.10983083
v -0.55260573 -0.36957751 0.1099867
v -0.5524352 -0.36957751 0.1101105
v -0.5522326 -0.36957751 0.11019134
v -0.55200682 -0.36957751 0.11021828
v -0.55166132 -0.36957751 0.11015758
v -0.55138881 -0.36957751 0.10997544
v -0.5512118 -0.36957751 0.10968826
v -0.5511528 -0.36957751 0.10931241
v -0.55116815 -0.36957751 0.10910232
v -0.55121419 -0.36957751 0.10891405
v -0.55129093 -0.36957751 0.10874762
v -0.55139836 -0.36957751 0.108603
v -0.55167121 -0.36957751 0.10840245
v -0.55199863 -0.36957751 0.10833561
v -0.55227183 -0.36957751 0.10838302
v -0.55250205 -0.36957751 0.10852524
v -0.55267292 -0.36957751 0.1087616
v -0.55276808 -0.36957751 0.10909141
v -0.5524352 -0.3694575 0.1101105
v -0.5522326 -0.3694575 0.11019134
v -0.55200682 -0.3694575 0.11021828
v -0.55200682 -0.36957751 0.11021828
v -0.5522326 -0.36957751 0.11019134
v -0.5524352 -0.36957751 0.1101105
v -0.55199863 -0.3694575 0.10793179
v -0.55168332 -0.3694575 0.10796214
v -0.55140314 -0.3694575 0.10805321
v -0.55115808 -0.3694575 0.10820498
v -0.55094816 -0.3694575 0.10841746
v -0.55094816 -0.36957751 0.10841746
v -0.55115808 -0.36957751 0.10820498
v -0.55140314 -0.36957751 0.10805321
v -0.55168332 -0.36957751 0.10796214
v -0.55199863 -0.36957751 0.10793179
v -0.55319645 -0.3694575 0.10989086
v -0.55273533 -0.3694575 0.10983083
v -0.55273533 -0.36957751 0.10983083
v -0.55319645 -0.36957751 0.10989086
v -0.55288949 -0.3694575 0.10823738
v -0.55270438 -0.3694575 0.10810369
v -0.5524942 -0.3694575 0.10800818
v -0.55225895 -0.3694575 0.10795089
v -0.55199863 -0.3694575 0.10793179
v -0.55199863 -0.36957751 0.10793179
v -0.55225895 -0.36957751 0.10795089
v -0.5524942 -0.36957751 0.10800818
v -0.55270438 -0.36957751 0.10810369
v -0.55288949 -0.36957751 0.10823738
v -0.55273533 -0.3694575 0.10983083
v -0.55260573 -0.3694575 0.1099867
v -0.5524352 -0.3694575 0.1101105
v -0.5524352 -0.36957751 0.1101105
v -0.55260573 -0.36957751 0.1099867
v -0.55273533 -0.36957751 0.10983083
v -0.55094816 -0.3694575 0.10841746
v -0.55080968 -0.3694575 0.10862449
v -0.55071078 -0.3694575 0.10884994
v -0.55065143 -0.3694575 0.10909379
v -0.55063165 -0.3694575 0.10935607
v -0.55063165 -0.36957751 0.10935607
v -0.55065143 -0.36957751 0.10909379
v -0.55071078 -0.36957751 0.10884994
v -0.55080968 -0.36957751 0.10862449
v -0.55094816 -0.36957751 0.10841746
v -0.552809 -0.3694575 0.11194543
v -0.55319645 -0.3694575 0.10989086
v -0.55319645 -0.36957751 0.10989086
v -0.552809 -0.36957751 0.11194543
v -0.55099182 -0.3694575 0.11028922
v -0.55118213 -0.3694575 0.11044799
v -0.55139291 -0.3694575 0.11056139
v -0.55162415 -0.3694575 0.11062943
v -0.55187585 -0.3694575 0.11065211
v -0.55187585 -0.36957751 0.11065211
v -0.55162415 -0.36957751 0.11062943
v -0.55139291 -0.36957751 0.11056139
v -0.55118213 -0.36957751 0.11044799
v -0.55099182 -0.36957751 0.11028922
v -0.55081992 -0.3694575 0.11147613
v -0.55081992 -0.3694575 0.11194543
v -0.55081992 -0.36957751 0.11194543
v -0.55081992 -0.36957751 0.11147613
v -0.55063165 -0.3694575 0.10935607
v -0.55065416 -0.3694575 0.10962824
v -0.55072169 -0.3694575 0.10987449
v -0.55083424 -0.3694575 0.11009481
v -0.55099182 -0.3694575 0.11028922
v -0.55099182 -0.36957751 0.11028922
v -0.55083424 -0.36957751 0.11009481
v -0.55072169 -0.36957751 0.10987449
v -0.55065416 -0.36957751 0.10962824
v -0.55063165 -0.36957751 0.10935607
v -0.55081992 -0.3694575 0.11194543
v -0.552809 -0.3694575 0.11194543
v -0.552809 -0.36957751 0.11194543
v -0.55081992 -0.36957751 0.11194543
v -0.55187585 -0.3694575 0.11065211
v -0.55226262 -0.3694575 0.11058936
v -0.55263165 -0.3694575 0.1104011
v -0.55263165 -0.36957751 0.1104011
v -0.55226262 -0.36957751 0.11058936
v -0.55187585 -0.36957751 0.11065211
v -0.5524161 -0.3694575 0.11147613
v -0.55081992 -0.3694575 0.11147613
v -0.55081992 -0.36957751 0.11147613
v -0.5524161 -0.36957751 0.11147613
v -0.55263165 -0.3694575 0.1104011
v -0.5524161 -0.3694575 0.11147613
v -0.5524161 -0.36957751 0.11147613
v -0.55263165 -0.36957751 0.1104011
f 1011 1012 1020
f 1020 1012 1019
f 1019 1012 1013
f 1019 1013 1018
f 1018 1013 1014
f 1018 1014 1017
f 1017 1014 1015
f 1017 1015 1016
f 1021 1022 1026
f 1026 1022 1025
f 1025 1022 1023
f 1025 1023 1024
f 1077 1027 1033
f 1033 1027 1028
f 1033 1028 1029
f 1033 1029 1032
f 1032 1029 1030
f 1032 1030 1031
f 1033 1034 1077
f 1077 1034 1076
f 1076 1034 1035
f 1076 1035 1075
f 1075 1035 1036
f 1075 1036 1074
f 1074 1036 1073
f 1073 1036 1037
f 1073 1037 1072
f 1072 1037 1038
f 1072 1038 1071
f 1071 1038 1039
f 1071 1039 1070
f 1070 1039 1040
f 1070 1040 1069
f 1069 1040 1041
f 1069 1041 1068
f 1068 1041 1067
f 1067 1041 1042
f 1067 1042 1066
f 1066 1042 1065
f 1065 1042 1064
f 1064 1042 1043
f 1064 1043 1063
f 1063 1043 1062
f 1062 1043 1044
f 1062 1044 1061
f 1061 1044 1060
f 1060 1044 1045
f 1060 1045 1059
f 1059 1045 1058
f 1058 1045 1046
f 1058 1046 1057
f 1057 1046 1047
f 1057 1047 1048
f 1057 1048 1056
f 1056 1048 1049
f 1056 1049 1050
f 1050 1051 1056
f 1056 1051 1052
f 1056 1052 1055
f 1055 1052 1053
f 1055 1053 1054
f 1078 1079 1083
f 1083 1079 1082
f 1082 1079 1080
f 1082 1080 1081
f 1084 1085 1093
f 1093 1085 1092
f 1092 1085 1086
f 1092 1086 1091
f 1091 1086 1087
f 1091 1087 1090
f 1090 1087 1088
f 1090 1088 1089
f 1094 1095 1099
f 1099 1095 1098
f 1098 1095 1096
f 1098 1096 1097
f 1100 1101 1105
f 1105 1101 1104
f 1104 1101 1102
f 1104 1102 1103
f 1106 1107 1111
f 1111 1107 1110
f 1110 1107 1108
f 1110 1108 1109
f 1112 1113 1115
f 1115 1113 1114
f 1116 1117 1166
f 1166 1117 1118
f 1166 1118 1165
f 1165 1118 1119
f 1165 1119 1120
f 1120 1121 1165
f 1165 1121 1164
f 1164 1121 1122
f 1164 1122 1163
f 1163 1122 1123
f 1163 1123 1162
f 1162 1123 1124
f 1162 1124 1125
f 1162 1125 1161
f 1161 1125 1126
f 1161 1126 1160
f 1160 1126 1127
f 1160 1127 1159
f 1159 1127 1128
f 1159 1128 1158
f 1158 1128 1129
f 1158 1129 1157
f 1157 1129 1130
f 1157 1130 1131
f 1157 1131 1156
f 1156 1131 1132
f 1156 1132 1133
f 1133 1134 1156
f 1156 1134 1155
f 1155 1134 1135
f 1155 1135 1136
f 1155 1136 1154
f 1154 1136 1137
f 1154 1137 1138
f 1154 1138 1153
f 1153 1138 1139
f 1153 1139 1140
f 1153 1140 1152
f 1152 1140 1141
f 1152 1141 1151
f 1151 1141 1150
f 1150 1141 1142
f 1150 1142 1149
f 1149 1142 1148
f 1148 1142 1147
f 1147 1142 1146
f 1146 1142 1143
f 1146 1143 1145
f 1145 1143 1144
f 1167 1168 1172
f 1172 1168 1171
f 1171 1168 1169
f 1171 1169 1170
f 1173 1174 1182
f 1182 1174 1181
f 1181 1174 1175
f 1181 1175 1180
f 1180 1175 1176
f 1180 1176 1179
f 1179 1176 1177
f 1179 1177 1178
f 1183 1184 1186
f 1186 1184 1185
f 1187 1188 1196
f 1196 1188 1195
f 1195 1188 1189
f 1195 1189 1194
f 1194 1189 1190
f 1194 1190 1193
f 1193 1190 1191
f 1193 1191 1192
f 1197 1198 1202
f 1202 1198 1201
f 1201 1198 1199
f 1201 1199 1200
f 1203 1204 1212
f 1212 1204 1211
f 1211 1204 1205
f 1211 1205 1210
f 1210 1205 1206
f 1210 1206 1209
f 1209 1206 1207
f 1209 1207 1208
f 1213 1214 1216
f 1216 1214 1215
f 1217 1218 1226
f 1226 1218 1225
f 1225 1218 1219
f 1225 1219 1224
f 1224 1219 1220
f 1224 1220 1223
f 1223 1220 1221
f 1223 1221 1222
f 1227 1228 1230
f 1230 1228 1229
f 1231 1232 1240
f 1240 1232 1239
f 1239 1232 1233
f 1239 1233 1238
f 1238 1233 1234
f 1238 1234 1237
f 1237 1234 1235
f 1237 1235 1236
f 1241 1242 1244
f 1244 1242 1243
f 1245 1246 1250
f 1250 1246 1249
f 1249 1246 1247
f 1249 1247 1248
f 1251 1252 1254
f 1254 1252 1253
f 1255 1256 1258
f 1258 1256 1257
v -0.55799318 -0.3694575 0.10940246
v -0.55815211 -0.3694575 0.10895975
v -0.55841064 -0.3694575 0.1086412
v -0.55841064 -0.36957751 0.1086412
v -0.55815211 -0.36957751 0.10895975
v -0.55799318 -0.36957751 0.10940246
v -0.56076126 -0.3694575 0.11112005
v -0.56094031 -0.3694575 0.11061494
v -0.561 -0.3694575 0.11003001
v -0.561 -0.36957751 0.11003001
v -0.56094031 -0.36957751 0.11061494
v -0.56076126 -0.36957751 0.11112005
v -0.55841064 -0.3694575 0.1086412
v -0.55815211 -0.3694575 0.10895975
v -0.55799318 -0.3694575 0.10940246
v -0.55746385 -0.3694575 0.10926876
v -0.5575637 -0.3694575 0.10896206
v -0.5576968 -0.3694575 0.10869407
v -0.55786315 -0.3694575 0.10846478
v -0.55806275 -0.3694575 0.10827421
v -0.55829101 -0.3694575 0.1081244
v -0.55854331 -0.3694575 0.1080174
v -0.55881966 -0.3694575 0.10795319
v -0.55912005 -0.3694575 0.10793179
v -0.55942829 -0.3694575 0.10794825
v -0.55970634 -0.3694575 0.10799761
v -0.55995421 -0.3694575 0.10807989
v -0.5601719 -0.3694575 0.10819509
v -0.56052865 -0.3694575 0.1085174
v -0.56078854 -0.3694575 0.10895771
v -0.56094713 -0.3694575 0.10947544
v -0.561 -0.3694575 0.11003001
v -0.56094031 -0.3694575 0.11061494
v -0.56076126 -0.3694575 0.11112005
v -0.56047203 -0.3694575 0.11152933
v -0.56008186 -0.3694575 0.11182674
v -0.55961903 -0.3694575 0.11200785
v -0.55911187 -0.3694575 0.11206821
v -0.55882367 -0.3694575 0.11204911
v -0.55855935 -0.3694575 0.11199182
v -0.5583189 -0.3694575 0.11189631
v -0.55810232 -0.3694575 0.11176262
v -0.5579132 -0.3694575 0.11159431
v -0.55775512 -0.3694575 0.11139495
v -0.55762807 -0.3694575 0.11116456
v -0.55753206 -0.3694575 0.11090314
v -0.55805321 -0.3694575 0.11078035
v -0.55822374 -0.3694575 0.11115757
v -0.55845703 -0.3694575 0.1114161
v -0.5587558 -0.3694575 0.11156549
v -0.55912278 -0.3694575 0.11161528
v -0.55954604 -0.3694575 0.11156003
v -0.55989359 -0.3694575 0.11139427
v -0.56015723 -0.3694575 0.11113541
v -0.56032879 -0.3694575 0.11080082
v -0.56042292 -0.3694575 0.11042258
v -0.5604543 -0.3694575 0.11003274
v -0.56041712 -0.3694575 0.10955491
v -0.56030559 -0.3694575 0.10914188
v -0.56011562 -0.3694575 0.10880935
v -0.55984311 -0.3694575 0.10857299
v -0.55951637 -0.3694575 0.10843179
v -0.55916371 -0.3694575 0.10838472
v -0.55875307 -0.3694575 0.10844884
v -0.561 -0.3694575 0.11003001
v -0.56094713 -0.3694575 0.10947544
v -0.56078854 -0.3694575 0.10895771
v -0.56078854 -0.36957751 0.10895771
v -0.56094713 -0.36957751 0.10947544
v -0.561 -0.36957751 0.11003001
v -0.56078854 -0.3694575 0.10895771
v -0.56052865 -0.3694575 0.1085174
v -0.5601719 -0.3694575 0.10819509
v -0.5601719 -0.36957751 0.10819509
v -0.56052865 -0.36957751 0.1085174
v -0.56078854 -0.36957751 0.10895771
v -0.5601719 -0.3694575 0.10819509
v -0.55995421 -0.3694575 0.10807989
v -0.55970634 -0.3694575 0.10799761
v -0.55942829 -0.3694575 0.10794825
v -0.55912005 -0.3694575 0.10793179
v -0.55912005 -0.36957751 0.10793179
v -0.55942829 -0.36957751 0.10794825
v -0.55970634 -0.36957751 0.10799761
v -0.55995421 -0.36957751 0.10807989
v -0.5601719 -0.36957751 0.10819509
v -0.55912005 -0.3694575 0.10793179
v -0.55881966 -0.3694575 0.10795319
v -0.55854331 -0.3694575 0.1080174
v -0.55829101 -0.3694575 0.1081244
v -0.55806275 -0.3694575 0.10827421
v -0.55806275 -0.36957751 0.10827421
v -0.55829101 -0.36957751 0.1081244
v -0.55854331 -0.36957751 0.1080174
v -0.55881966 -0.36957751 0.10795319
v -0.55912005 -0.36957751 0.10793179
v -0.55806275 -0.3694575 0.10827421
v -0.55786315 -0.3694575 0.10846478
v -0.5576968 -0.3694575 0.10869407
v -0.5575637 -0.3694575 0.10896206
v -0.55746385 -0.3694575 0.10926876
v -0.55746385 -0.36957751 0.10926876
v -0.5575637 -0.36957751 0.10896206
v -0.5576968 -0.36957751 0.10869407
v -0.55786315 -0.36957751 0.10846478
v -0.55806275 -0.36957751 0.10827421
v -0.55746385 -0.3694575 0.10926876
v -0.55799318 -0.3694575 0.10940246
v -0.55799318 -0.36957751 0.10940246
v -0.55746385 -0.36957751 0.10926876
v -0.55799318 -0.36957751 0.10940246
v -0.55815211 -0.36957751 0.10895975
v -0.55841064 -0.36957751 0.1086412
v -0.55875307 -0.36957751 0.10844884
v -0.55916371 -0.36957751 0.10838472
v -0.55951637 -0.36957751 0.10843179
v -0.55984311 -0.36957751 0.10857299
v -0.56011562 -0.36957751 0.10880935
v -0.56030559 -0.36957751 0.10914188
v -0.56041712 -0.36957751 0.10955491
v -0.5604543 -0.36957751 0.11003274
v -0.56042292 -0.36957751 0.11042258
v -0.56032879 -0.36957751 0.11080082
v -0.56015723 -0.36957751 0.11113541
v -0.55989359 -0.36957751 0.11139427
v -0.55954604 -0.36957751 0.11156003
v -0.55912278 -0.36957751 0.11161528
v -0.5587558 -0.36957751 0.11156549
v -0.55845703 -0.36957751 0.1114161
v -0.55822374 -0.36957751 0.11115757
v -0.55805321 -0.36957751 0.11078035
v -0.55753206 -0.36957751 0.11090314
v -0.55762807 -0.36957751 0.11116456
v -0.55775512 -0.36957751 0.11139495
v -0.5579132 -0.36957751 0.11159431
v -0.55810232 -0.36957751 0.11176262
v -0.5583189 -0.36957751 0.11189631
v -0.55855935 -0.36957751 0.11199182
v -0.55882367 -0.36957751 0.11204911
v -0.55911187 -0.36957751 0.11206821
v -0.55961903 -0.36957751 0.11200785
v -0.56008186 -0.36957751 0.11182674
v -0.56047203 -0.36957751 0.11152933
v -0.56076126 -0.36957751 0.11112005
v -0.56094031 -0.36957751 0.11061494
v -0.561 -0.36957751 0.11003001
v -0.56094713 -0.36957751 0.10947544
v -0.56078854 -0.36957751 0.10895771
v -0.56052865 -0.36957751 0.1085174
v -0.5601719 -0.36957751 0.10819509
v -0.55995421 -0.36957751 0.10807989
v -0.55970634 -0.36957751 0.10799761
v -0.55942829 -0.36957751 0.10794825
v -0.55912005 -0.36957751 0.10793179
v -0.55881966 -0.36957751 0.10795319
v -0.55854331 -0.36957751 0.1080174
v -0.55829101 -0.36957751 0.1081244
v -0.55806275 -0.36957751 0.10827421
v -0.55786315 -0.36957751 0.10846478
v -0.5576968 -0.36957751 0.10869407
v -0.5575637 -0.36957751 0.10896206
v -0.55746385 -0.36957751 0.10926876
v -0.56008186 -0.3694575 0.11182674
v -0.56047203 -0.3694575 0.11152933
v -0.56076126 -0.3694575 0.11112005
v -0.56076126 -0.36957751 0.11112005
v -0.56047203 -0.36957751 0.11152933
v -0.56008186 -0.36957751 0.11182674
v -0.55916371 -0.3694575 0.10838472
v -0.55951637 -0.3694575 0.10843179
v -0.55984311 -0.3694575 0.10857299
v -0.55984311 -0.36957751 0.10857299
v -0.55951637 -0.36957751 0.10843179
v -0.55916371 -0.36957751 0.10838472
v -0.55810232 -0.3694575 0.11176262
v -0.5583189 -0.3694575 0.11189631
v -0.55855935 -0.3694575 0.11199182
v -0.55882367 -0.3694575 0.11204911
v -0.55911187 -0.3694575 0.11206821
v -0.55911187 -0.36957751 0.11206821
v -0.55882367 -0.36957751 0.11204911
v -0.55855935 -0.36957751 0.11199182
v -0.5583189 -0.36957751 0.11189631
v -0.55810232 -0.36957751 0.11176262
v -0.55841064 -0.3694575 0.1086412
v -0.55875307 -0.3694575 0.10844884
v -0.55916371 -0.3694575 0.10838472
v -0.55916371 -0.36957751 0.10838472
v -0.55875307 -0.36957751 0.10844884
v -0.55841064 -0.36957751 0.1086412
v -0.55911187 -0.3694575 0.11206821
v -0.55961903 -0.3694575 0.11200785
v -0.56008186 -0.3694575 0.11182674
v -0.56008186 -0.36957751 0.11182674
v -0.55961903 -0.36957751 0.11200785
v -0.55911187 -0.36957751 0.11206821
v -0.55984311 -0.3694575 0.10857299
v -0.56011562 -0.3694575 0.10880935
v -0.56030559 -0.3694575 0.10914188
v -0.56030559 -0.36957751 0.10914188
v -0.56011562 -0.36957751 0.10880935
v -0.55984311 -0.36957751 0.10857299
v -0.55753206 -0.3694575 0.11090314
v -0.55762807 -0.3694575 0.11116456
v -0.55775512 -0.3694575 0.11139495
v -0.5579132 -0.3694575 0.11159431
v -0.55810232 -0.3694575 0.11176262
v -0.55810232 -0.36957751 0.11176262
v -0.5579132 -0.36957751 0.11159431
v -0.55775512 -0.36957751 0.11139495
v -0.55762807 -0.36957751 0.11116456
v -0.55753206 -0.36957751 0.11090314
v -0.5604543 -0.3694575 0.11003274
v -0.56042292 -0.3694575 0.11042258
v -0.56032879 -0.3694575 0.11080082
v -0.56032879 -0.36957751 0.11080082
v -0.56042292 -0.36957751 0.11042258
v -0.5604543 -0.36957751 0.11003274
v -0.55845703 -0.3694575 0.1114161
v -0.55822374 -0.3694575 0.11115757
v -0.55805321 -0.3694575 0.11078035
v -0.55805321 -0.36957751 0.11078035
v -0.55822374 -0.36957751 0.11115757
v -0.55845703 -0.36957751 0.1114161
v -0.56030559 -0.3694575 0.10914188
v -0.56041712 -0.3694575 0.10955491
v -0.5604543 -0.3694575 0.11003274
v -0.5604543 -0.36957751 0.11003274
v -0.56041712 -0.36957751 0.10955491
v -0.56030559 -0.36957751 0.10914188
v -0.55805321 -0.3694575 0.11078035
v -0.55753206 -0.3694575 0.11090314
v -0.55753206 -0.36957751 0.11090314
v -0.55805321 -0.36957751 0.11078035
v -0.56032879 -0.3694575 0.11080082
v -0.56015723 -0.3694575 0.11113541
v -0.55989359 -0.3694575 0.11139427
v -0.55989359 -0.36957751 0.11139427
v -0.56015723 -0.36957751 0.11113541
v -0.56032879 -0.36957751 0.11080082
v -0.55912278 -0.3694575 0.11161528
v -0.5587558 -0.3694575 0.11156549
v -0.55845703 -0.3694575 0.1114161
v -0.55845703 -0.36957751 0.1114161
v -0.5587558 -0.36957751 0.11156549
v -0.55912278 -0.36957751 0.11161528
v -0.55989359 -0.3694575 0.11139427
v -0.55954604 -0.3694575 0.11156003
v -0.55912278 -0.3694575 0.11161528
v -0.55912278 -0.36957751 0.11161528
v -0.55954604 -0.36957751 0.11156003
v -0.55989359 -0.36957751 0.11139427
f 1259 1260 1264
f 1264 1260 1263
f 1263 1260 1261
f 1263 1261 1262
f 1265 1266 1270
f 1270 1266 1269
f 1269 1266 1267
f 1269 1267 1268
f 1272 1277 1271
f 1271 1277 1278
f 1271 1278 1279
f 1273 1275 1272
f 1272 1275 1276
f 1272 1276 1277
f 1273 1274 1275
f 1279 1280 1271
f 1271 1280 1322
f 1322 1280 1281
f 1322 1281 1321
f 1321 1281 1282
f 1321 1282 1283
f 1321 1283 1320
f 1320 1283 1284
f 1320 1284 1319
f 1319 1284 1285
f 1319 1285 1286
f 1319 1286 1318
f 1318 1286 1287
f 1318 1287 1317
f 1317 1287 1288
f 1317 1288 1316
f 1316 1288 1289
f 1316 1289 1315
f 1315 1289 1290
f 1315 1290 1314
f 1314 1290 1291
f 1314 1291 1313
f 1313 1291 1292
f 1313 1292 1312
f 1312 1292 1293
f 1312 1293 1311
f 1311 1293 1294
f 1311 1294 1310
f 1310 1294 1295
f 1310 1295 1309
f 1309 1295 1296
f 1309 1296 1297
f 1309 1297 1308
f 1308 1297 1298
f 1308 1298 1307
f 1307 1298 1299
f 1307 1299 1300
f 1307 1300 1306
f 1306 1300 1301
f 1306 1301 1302
f 1306 1302 1305
f 1305 1302 1303
f 1305 1303 1304
f 1323 1324 1328
f 1328 1324 1327
f 1327 1324 1325
f 1327 1325 1326
f 1329 1330 1334
f 1334 1330 1333
f 1333 1330 1331
f 1333 1331 1332
f 1335 1336 1344
f 1344 1336 1343
f 1343 1336 1337
f 1343 1337 1342
f 1342 1337 1338
f 1342 1338 1341
f 1341 1338 1339
f 1341 1339 1340
f 1345 1346 1354
f 1354 1346 1353
f 1353 1346 1347
f 1353 1347 1352
f 1352 1347 1348
f 1352 1348 1351
f 1351 1348 1349
f 1351 1349 1350
f 1355 1356 1364
f 1364 1356 1363
f 1363 1356 1357
f 1363 1357 1362
f 1362 1357 1358
f 1362 1358 1361
f 1361 1358 1359
f 1361 1359 1360
f 1365 1366 1368
f 1368 1366 1367
f 1420 1369 1419
f 1419 1369 1370
f 1419 1370 1418
f 1418 1370 1417
f 1417 1370 1371
f 1417 1371 1416
f 1416 1371 1415
f 1415 1371 1414
f 1414 1371 1372
f 1414 1372 1413
f 1413 1372 1373
f 1413 1373 1412
f 1412 1373 1411
f 1411 1373 1374
f 1411 1374 1410
f 1410 1374 1375
f 1410 1375 1409
f 1409 1375 1408
f 1408 1375 1376
f 1408 1376 1407
f 1407 1376 1377
f 1407 1377 1406
f 1406 1377 1378
f 1406 1378 1405
f 1405 1378 1379
f 1405 1379 1404
f 1404 1379 1380
f 1404 1380 1403
f 1403 1380 1381
f 1403 1381 1402
f 1402 1381 1382
f 1402 1382 1401
f 1401 1382 1383
f 1401 1383 1400
f 1400 1383 1384
f 1400 1384 1399
f 1399 1384 1385
f 1399 1385 1398
f 1398 1385 1397
f 1397 1385 1386
f 1397 1386 1396
f 1396 1386 1387
f 1396 1387 1395
f 1395 1387 1394
f 1394 1387 1388
f 1394 1388 1393
f 1393 1388 1392
f 1392 1388 1389
f 1392 1389 1391
f 1391 1389 1390
f 1421 1422 1426
f 1426 1422 1425
f 1425 1422 1423
f 1425 1423 1424
f 1427 1428 1432
f 1432 1428 1431
f 1431 1428 1429
f 1431 1429 1430
f 1433 1434 1442
f 1442 1434 1441
f 1441 1434 1435
f 1441 1435 1440
f 1440 1435 1436
f 1440 1436 1439
f 1439 1436 1437
f 1439 1437 1438
f 1443 1444 1448
f 1448 1444 1447
f 1447 1444 1445
f 1447 1445 1446
f 1449 1450 1454
f 1454 1450 1453
f 1453 1450 1451
f 1453 1451 1452
f 1455 1456 1460
f 1460 1456 1459
f 1459 1456 1457
f 1459 1457 1458
f 1461 1462 1470
f 1470 1462 1469
f 1469 1462 1463
f 1469 1463 1468
f 1468 1463 1464
f 1468 1464 1467
f 1467 1464 1465
f 1467 1465 1466
f 1471 1472 1476
f 1476 1472 1475
f 1475 1472 1473
f 1475 1473 1474
f 1477 1478 1482
f 1482 1478 1481
f 1481 1478 1479
f 1481 1479 1480
f 1483 1484 1488
f 1488 1484 1487
f 1487 1484 1485
f 1487 1485 1486
f 1489 1490 1492
f 1492 1490 1491
f 1493 1494 1498
f 1498 1494 1497
f 1497 1494 1495
f 1497 1495 1496
f 1499 1500 1504
f 1504 1500 1503
f 1503 1500 1501
f 1503 1501 1502
f 1505 1506 1510
f 1510 1506 1509
f 1509 1506 1507
f 1509 1507 1508
v -0.515 -0.1128575 0.39599998
v -0.515 -0.033857499 0.39599998
v -0.512 -0.033857499 0.39599998
v -0.512 -0.1128575 0.39599998
v -0.515 -0.033857499 0.45
v -0.515 -0.1128575 0.45
v -0.512 -0.1128575 0.45
v -0.512 -0.033857499 0.45
v -0.515 -0.033857499 0.39599998
v -0.515 -0.1128575 0.39599998
v -0.515 -0.1128575 0.45
v -0.515 -0.033857499 0.45
v -0.515 -0.1128575 0.39599998
v -0.512 -0.1128575 0.39599998
v -0.512 -0.1128575 0.45
v -0.515 -0.1128575 0.45
v -0.512 -0.1128575 0.39599998
v -0.512 -0.033857499 0.39599998
v -0.512 -0.033857499 0.45
v -0.512 -0.1128575 0.45
v -0.512 -0.033857499 0.39599998
v -0.515 -0.033857499 0.39599998
v -0.515 -0.033857499 0.45
v -0.512 -0.033857499 0.45
f 1512 1513 1511
f 1511 1513 1514
f 1516 1517 1515
f 1515 1517 1518
f 1519 1520 1522
f 1522 1520 1521
f 1523 1524 1526
f 1526 1524 1525
f 1527 1528 1530
f 1530 1528 1529
f 1531 1532 1534
f 1534 1532 1533
v -0.612 -0.36485751 0.31
v -0.612 0.1871425 0.31
v -0.39200001 0.1871425 0.31
v -0.39200001 -0.36485751 0.31
v -0.612 0.1871425 0.31299999
v -0.612 -0.36485751 0.31299999
v -0.39200001 -0.36485751 0.31299999
v -0.39200001 0.1871425 0.31299999
v -0.612 0.1871425 0.31
v -0.612 -0.36485751 0.31
v -0.612 -0.36485751 0.31299999
v -0.612 0.1871425 0.31299999
v -0.612 -0.36485751 0.31
v -0.39200001 -0.36485751 0.31
v -0.39200001 -0.36485751 0.31299999
v -0.612 -0.36485751 0.31299999
v -0.39200001 -0.36485751 0.31
v -0.39200001 0.1871425 0.31
v -0.39200001 0.1871425 0.31299999
v -0.39200001 -0.36485751 0.31299999
v -0.39200001 0.1871425 0.31
v -0.612 0.1871425 0.31
v -0.612 0.1871425 0.31299999
v -0.39200001 0.1871425 0.31299999
f 1536 1537 1535
f 1535 1537 1538
f 1540 1541 1539
f 1539 1541 1542
f 1543 1544 1546
f 1546 1544 1545
f 1547 1548 1550
f 1550 1548 1549
f 1551 1552 1554
f 1554 1552 1553
f 1555 1556 1558
f 1558 1556 1557
v -0.698 -0.048857499 0.044000001
v -0.707 -0.048857499 0.044000001
v -0.707 -0.048857499 0.055999999
v -0.698 -0.048857499 0.055999999
v -0.698 -0.3588575 0.044000001
v -0.698 -0.048857499 0.044000001
v -0.698 -0.048857499 0.055999999
v -0.698 -0.3588575 0.055999999
v -0.707 -0.3588575 0.044000001
v -0.707 -0.048857499 0.044000001
v -0.698 -0.048857499 0.044000001
v -0.698 -0.3588575 0.044000001
v -0.707 -0.048857499 0.055999999
v -0.707 -0.3588575 0.055999999
v -0.698 -0.3588575 0.055999999
v -0.698 -0.048857499 0.055999999
v -0.707 -0.048857499 0.044000001
v -0.707 -0.3588575 0.044000001
v -0.707 -0.3588575 0.055999999
v -0.707 -0.048857499 0.055999999
v -0.707 -0.3588575 0.044000001
v -0.698 -0.3588575 0.044000001
v -0.698 -0.3588575 0.055999999
v -0.707 -0.3588575 0.055999999
f 1559 1560 1562
f 1562 1560 1561
f 1563 1564 1566
f 1566 1564 1565
f 1568 1569 1567
f 1567 1569 1570
f 1572 1573 1571
f 1571 1573 1574
f 1575 1576 1578
f 1578 1576 1577
f 1579 1580 1582
f 1582 1580 1581
v -0.62 -0.3588575 0.044000001
v -0.62 -0.048857499 0.044000001
v -0.611 -0.048857499 0.044000001
v -0.611 -0.3588575 0.044000001
v -0.62 -0.048857499 0.055999999
v -0.62 -0.3588575 0.055999999
v -0.611 -0.3588575 0.055999999
v -0.611 -0.048857499 0.055999999
v -0.62 -0.048857499 0.044000001
v -0.62 -0.3588575 0.044000001
v -0.62 -0.3588575 0.055999999
v -0.62 -0.048857499 0.055999999
v -0.62 -0.3588575 0.044000001
v -0.611 -0.3588575 0.044000001
v -0.611 -0.3588575 0.055999999
v -0.62 -0.3588575 0.055999999
v -0.611 -0.3588575 0.044000001
v -0.611 -0.048857499 0.044000001
v -0.611 -0.048857499 0.055999999
v -0.611 -0.3588575 0.055999999
v -0.611 -0.048857499 0.044000001
v -0.62 -0.048857499 0.044000001
v -0.62 -0.048857499 0.055999999
v -0.611 -0.048857499 0.055999999
f 1584 1585 1583
f 1583 1585 1586
f 1588 1589 1587
f 1587 1589 1590
f 1591 1592 1594
f 1594 1592 1593
f 1595 1596 1598
f 1598 1596 1597
f 1599 1600 1602
f 1602 1600 1601
f 1603 1604 1606
f 1606 1604 1605
v -0.619 -0.33985751 0.044000001
v -0.619 -0.33985751 0.039000001
v -0.619 0.21014249 0.039000001
v -0.619 0.21014249 0.044000001
v -0.619 0.21014249 0.044000001
v -0.619 0.21014249 0.039000001
v -0.626 0.21014249 0.039000001
v -0.626 0.21014249 0.044000001
v -0.626 0.21014249 0.044000001
v -0.626 0.21014249 0.039000001
v -0.626 -0.33985751 0.039000001
v -0.626 -0.33985751 0.044000001
v -0.626 -0.33985751 0.044000001
v -0.626 -0.33985751 0.039000001
v -0.619 -0.33985751 0.039000001
v -0.619 -0.33985751 0.044000001
v -0.619 0.21014249 0.039000001
v -0.619 -0.33985751 0.039000001
v -0.626 -0.33985751 0.039000001
v -0.626 0.21014249 0.039000001
v -0.619 -0.33985751 0.044000001
v -0.619 0.21014249 0.044000001
v -0.626 0.21014249 0.044000001
v -0.626 -0.33985751 0.044000001
f 1607 1608 1610
f 1610 1608 1609
f 1611 1612 1614
f 1614 1612 1613
f 1615 1616 1618
f 1618 1616 1617
f 1619 1620 1622
f 1622 1620 1621
f 1624 1625 1623
f 1623 1625 1626
f 1628 1629 1627
f 1627 1629 1630
v -0.619 -0.33985751 0.055
v -0.619 -0.33985751 0.05
v -0.619 0.21014249 0.05
v -0.619 0.21014249 0.055
v -0.619 0.21014249 0.055
v -0.619 0.21014249 0.05
v -0.626 0.21014249 0.05
v -0.626 0.21014249 0.055
v -0.626 0.21014249 0.055
v -0.626 0.21014249 0.05
v -0.626 -0.33985751 0.05
v -0.626 -0.33985751 0.055
v -0.626 -0.33985751 0.055
v -0.626 -0.33985751 0.05
v -0.619 -0.33985751 0.05
v -0.619 -0.33985751 0.055
v -0.619 0.21014249 0.05
v -0.619 -0.33985751 0.05
v -0.626 -0.33985751 0.05
v -0.626 0.21014249 0.05
v -0.619 -0.33985751 0.055
v -0.619 0.21014249 0.055
v -0.626 0.21014249 0.055
v -0.626 -0.33985751 0.055
f 1631 1632 1634
f 1634 1632 1633
f 1635 1636 1638
f 1638 1636 1637
f 1639 1640 1642
f 1642 1640 1641
f 1643 1644 1646
f 1646 1644 1645
f 1648 1649 1647
f 1647 1649 1650
f 1652 1653 1651
f 1651 1653 1654
v -0.69 -0.1003575 0.53
v -0.69 -0.1003575 0.175
v -0.69 -0.088357499 0.175
v -0.69 -0.088357499 0.53
v -0.69 -0.088357499 0.53
v -0.69 -0.088357499 0.175
v -0.698 -0.088357499 0.175
v -0.698 -0.088357499 0.53
v -0.698 -0.088357499 0.53
v -0.698 -0.088357499 0.175
v -0.698 -0.1003575 0.175
v -0.698 -0.1003575 0.53
v -0.698 -0.1003575 0.53
v -0.698 -0.1003575 0.175
v -0.69 -0.1003575 0.175
v -0.69 -0.1003575 0.53
v -0.69 -0.088357499 0.175
v -0.69 -0.1003575 0.175
v -0.698 -0.1003575 0.175
v -0.698 -0.088357499 0.175
v -0.69 -0.1003575 0.53
v -0.69 -0.088357499 0.53
v -0.698 -0.088357499 0.53
v -0.698 -0.1003575 0.53
f 1655 1656 1658
f 1658 1656 1657
f 1659 1660 1662
f 1662 1660 1661
f 1663 1664 1666
f 1666 1664 1665
f 1667 1668 1670
f 1670 1668 1669
f 1672 1673 1671
f 1671 1673 1674
f 1676 1677 1675
f 1675 1677 1678
v -0.7 -0.1028575 0.53
v -0.7 -0.1028575 0.175
v -0.7 -0.085857499 0.175
v -0.7 -0.085857499 0.53
v -0.7 -0.085857499 0.53
v -0.7 -0.085857499 0.175
v -0.706 -0.085857499 0.175
v -0.706 -0.085857499 0.53
v -0.706 -0.085857499 0.53
v -0.706 -0.085857499 0.175
v -0.706 -0.1028575 0.175
v -0.706 -0.1028575 0.53
v -0.706 -0.1028575 0.53
v -0.706 -0.1028575 0.175
v -0.7 -0.1028575 0.175
v -0.7 -0.1028575 0.53
v -0.7 -0.085857499 0.175
v -0.7 -0.1028575 0.175
v -0.706 -0.1028575 0.175
v -0.706 -0.085857499 0.175
v -0.7 -0.1028575 0.53
v -0.7 -0.085857499 0.53
v -0.706 -0.085857499 0.53
v -0.706 -0.1028575 0.53
f 1679 1680 1682
f 1682 1680 1681
f 1683 1684 1686
f 1686 1684 1685
f 1687 1688 1690
f 1690 1688 1689
f 1691 1692 1694
f 1694 1692 1693
f 1696 1697 1695
f 1695 1697 1698
f 1700 1701 1699
f 1699 1701 1702
v -0.698 -0.0998575 0.53
v -0.698 -0.0998575 0.175
v -0.698 -0.0888575 0.175
v -0.698 -0.0888575 0.53
v -0.698 -0.0888575 0.53
v -0.698 -0.0888575 0.175
v -0.7 -0.0888575 0.175
v -0.7 -0.0888575 0.53
v -0.7 -0.0888575 0.53
v -0.7 -0.0888575 0.175
v -0.7 -0.0998575 0.175
v -0.7 -0.0998575 0.53
v -0.7 -0.0998575 0.53
v -0.7 -0.0998575 0.175
v -0.698 -0.0998575 0.175
v -0.698 -0.0998575 0.53
v -0.698 -0.0888575 0.175
v -0.698 -0.0998575 0.175
v -0.7 -0.0998575 0.175
v -0.7 -0.0888575 0.175
v -0.698 -0.0998575 0.53
v -0.698 -0.0888575 0.53
v -0.7 -0.0888575 0.53
v -0.7 -0.0998575 0.53
f 1703 1704 1706
f 1706 1704 1705
f 1707 1708 1710
f 1710 1708 1709
f 1711 1712 1714
f 1714 1712 1713
f 1715 1716 1718
f 1718 1716 1717
f 1720 1721 1719
f 1719 1721 1722
f 1724 1725 1723
f 1723 1725 1726
v -0.7 -0.1068575 0.31799999
v -0.7 -0.1068575 0.31
v -0.7 -0.0808575 0.31
v -0.7 -0.0808575 0.31799999
v -0.7 -0.0808575 0.31799999
v -0.7 -0.0808575 0.31
v -0.712 -0.0808575 0.31
v -0.712 -0.0808575 0.31799999
v -0.712 -0.0808575 0.31799999
v -0.712 -0.0808575 0.31
v -0.712 -0.1068575 0.31
v -0.712 -0.1068575 0.31799999
v -0.712 -0.1068575 0.31799999
v -0.712 -0.1068575 0.31
v -0.7 -0.1068575 0.31
v -0.7 -0.1068575 0.31799999
v -0.7 -0.0808575 0.31
v -0.7 -0.1068575 0.31
v -0.712 -0.1068575 0.31
v -0.712 -0.0808575 0.31
v -0.7 -0.1068575 0.31799999
v -0.7 -0.0808575 0.31799999
v -0.712 -0.0808575 0.31799999
v -0.712 -0.1068575 0.31799999
f 1727 1728 1730
f 1730 1728 1729
f 1731 1732 1734
f 1734 1732 1733
f 1735 1736 1738
f 1738 1736 1737
f 1739 1740 1742
f 1742 1740 1741
f 1744 1745 1743
f 1743 1745 1746
f 1748 1749 1747
f 1747 1749 1750
v -0.475 -0.1958575 0.32799999
v -0.475 -0.1958575 0.32400002
v -0.475 -0.1108575 0.32400002
v -0.475 -0.1108575 0.32799999
v -0.475 -0.1108575 0.32799999
v -0.475 -0.1108575 0.32400002
v -0.735 -0.1108575 0.32400002
v -0.735 -0.1108575 0.32799999
v -0.735 -0.1108575 0.32799999
v -0.735 -0.1108575 0.32400002
v -0.735 -0.1958575 0.32400002
v -0.735 -0.1958575 0.32799999
v -0.735 -0.1958575 0.32799999
v -0.735 -0.1958575 0.32400002
v -0.475 -0.1958575 0.32400002
v -0.475 -0.1958575 0.32799999
v -0.475 -0.1108575 0.32400002
v -0.475 -0.1958575 0.32400002
v -0.735 -0.1958575 0.32400002
v -0.735 -0.1108575 0.32400002
v -0.475 -0.1958575 0.32799999
v -0.475 -0.1108575 0.32799999
v -0.735 -0.1108575 0.32799999
v -0.735 -0.1958575 0.32799999
f 1751 1752 1754
f 1754 1752 1753
f 1755 1756 1758
f 1758 1756 1757
f 1759 1760 1762
f 1762 1760 1761
f 1763 1764 1766
f 1766 1764 1765
f 1768 1769 1767
f 1767 1769 1770
f 1772 1773 1771
f 1771 1773 1774
v -0.702 -0.19385749 0.32400002
v -0.702 -0.19385749 0.31299999
v -0.702 -0.18785751 0.31299999
v -0.702 -0.18785751 0.32400002
v -0.702 -0.18785751 0.32400002
v -0.702 -0.18785751 0.31299999
v -0.708 -0.18785751 0.31299999
v -0.708 -0.18785751 0.32400002
v -0.708 -0.18785751 0.32400002
v -0.708 -0.18785751 0.31299999
v -0.708 -0.19385749 0.31299999
v -0.708 -0.19385749 0.32400002
v -0.708 -0.19385749 0.32400002
v -0.708 -0.19385749 0.31299999
v -0.702 -0.19385749 0.31299999
v -0.702 -0.19385749 0.32400002
v -0.702 -0.18785751 0.31299999
v -0.702 -0.19385749 0.31299999
v -0.708 -0.19385749 0.31299999
v -0.708 -0.18785751 0.31299999
v -0.702 -0.19385749 0.32400002
v -0.702 -0.18785751 0.32400002
v -0.708 -0.18785751 0.32400002
v -0.708 -0.19385749 0.32400002
f 1775 1776 1778
f 1778 1776 1777
f 1779 1780 1782
f 1782 1780 1781
f 1783 1784 1786
f 1786 1784 1785
f 1787 1788 1790
f 1790 1788 1789
f 1792 1793 1791
f 1791 1793 1794
f 1796 1797 1795
f 1795 1797 1798
v -0.702 -0.1188575 0.32400002
v -0.702 -0.1188575 0.31299999
v -0.702 -0.1128575 0.31299999
v -0.702 -0.1128575 0.32400002
v -0.702 -0.1128575 0.32400002
v -0.702 -0.1128575 0.31299999
v -0.708 -0.1128575 0.31299999
v -0.708 -0.1128575 0.32400002
v -0.708 -0.1128575 0.32400002
v -0.708 -0.1128575 0.31299999
v -0.708 -0.1188575 0.31299999
v -0.708 -0.1188575 0.32400002
v -0.708 -0.1188575 0.32400002
v -0.708 -0.1188575 0.31299999
v -0.702 -0.1188575 0.31299999
v -0.702 -0.1188575 0.32400002
v -0.702 -0.1128575 0.31299999
v -0.702 -0.1188575 0.31299999
v -0.708 -0.1188575 0.31299999
v -0.708 -0.1128575 0.31299999
v -0.702 -0.1188575 0.32400002
v -0.702 -0.1128575 0.32400002
v -0.708 -0.1128575 0.32400002
v -0.708 -0.1188575 0.32400002
f 1799 1800 1802
f 1802 1800 1801
f 1803 1804 1806
f 1806 1804 1805
f 1807 1808 1810
f 1810 1808 1809
f 1811 1812 1814
f 1814 1812 1813
f 1816 1817 1815
f 1815 1817 1818
f 1820 1821 1819
f 1819 1821 1822
v -0.482 -0.19385749 0.32400002
v -0.482 -0.19385749 0.31299999
v -0.482 -0.18785751 0.31299999
v -0.482 -0.18785751 0.32400002
v -0.482 -0.18785751 0.32400002
v -0.482 -0.18785751 0.31299999
v -0.488 -0.18785751 0.31299999
v -0.488 -0.18785751 0.32400002
v -0.488 -0.18785751 0.32400002
v -0.488 -0.18785751 0.31299999
v -0.488 -0.19385749 0.31299999
v -0.488 -0.19385749 0.32400002
v -0.488 -0.19385749 0.32400002
v -0.488 -0.19385749 0.31299999
v -0.482 -0.19385749 0.31299999
v -0.482 -0.19385749 0.32400002
v -0.482 -0.18785751 0.31299999
v -0.482 -0.19385749 0.31299999
v -0.488 -0.19385749 0.31299999
v -0.488 -0.18785751 0.31299999
v -0.482 -0.19385749 0.32400002
v -0.482 -0.18785751 0.32400002
v -0.488 -0.18785751 0.32400002
v -0.488 -0.19385749 0.32400002
f 1823 1824 1826
f 1826 1824 1825
f 1827 1828 1830
f 1830 1828 1829
f 1831 1832 1834
f 1834 1832 1833
f 1835 1836 1838
f 1838 1836 1837
f 1840 1841 1839
f 1839 1841 1842
f 1844 1845 1843
f 1843 1845 1846
v -0.482 -0.1188575 0.32400002
v -0.482 -0.1188575 0.31299999
v -0.482 -0.1128575 0.31299999
v -0.482 -0.1128575 0.32400002
v -0.482 -0.1128575 0.32400002
v -0.482 -0.1128575 0.31299999
v -0.488 -0.1128575 0.31299999
v -0.488 -0.1128575 0.32400002
v -0.488 -0.1128575 0.32400002
v -0.488 -0.1128575 0.31299999
v -0.488 -0.1188575 0.31299999
v -0.488 -0.1188575 0.32400002
v -0.488 -0.1188575 0.32400002
v -0.488 -0.1188575 0.31299999
v -0.482 -0.1188575 0.31299999
v -0.482 -0.1188575 0.32400002
v -0.482 -0.1128575 0.31299999
v -0.482 -0.1188575 0.31299999
v -0.488 -0.1188575 0.31299999
v -0.488 -0.1128575 0.31299999
v -0.482 -0.1188575 0.32400002
v -0.482 -0.1128575 0.32400002
v -0.488 -0.1128575 0.32400002
v -0.488 -0.1188575 0.32400002
f 1847 1848 1850
f 1850 1848 1849
f 1851 1852 1854
f 1854 1852 1853
f 1855 1856 1858
f 1858 1856 1857
f 1859 1860 1862
f 1862 1860 1861
f 1864 1865 1863
f 1863 1865 1866
f 1868 1869 1867
f 1867 1869 1870
v -0.52 -0.0528575 0.36599998
v -0.52 -0.0348575 0.36599998
v -0.517 -0.0348575 0.36599998
v -0.517 -0.0528575 0.36599998
v -0.52 -0.0348575 0.38299999
v -0.52 -0.0528575 0.38299999
v -0.517 -0.0528575 0.38299999
v -0.517 -0.0348575 0.38299999
v -0.52 -0.0348575 0.36599998
v -0.52 -0.0528575 0.36599998
v -0.52 -0.0528575 0.38299999
v -0.52 -0.0348575 0.38299999
v -0.52 -0.0528575 0.36599998
v -0.517 -0.0528575 0.36599998
v -0.517 -0.0528575 0.38299999
v -0.52 -0.0528575 0.38299999
v -0.517 -0.0528575 0.36599998
v -0.517 -0.0348575 0.36599998
v -0.517 -0.0348575 0.38299999
v -0.517 -0.0528575 0.38299999
v -0.517 -0.0348575 0.36599998
v -0.52 -0.0348575 0.36599998
v -0.52 -0.0348575 0.38299999
v -0.517 -0.0348575 0.38299999
f 1872 1873 1871
f 1871 1873 1874
f 1876 1877 1875
f 1875 1877 1878
f 1879 1880 1882
f 1882 1880 1881
f 1883 1884 1886
f 1886 1884 1885
f 1887 1888 1890
f 1890 1888 1889
f 1891 1892 1894
f 1894 1892 1893
v -0.52 -0.048857499 0.31299999
v -0.52 -0.038857499 0.31299999
v -0.517 -0.038857499 0.31299999
v -0.517 -0.048857499 0.31299999
v -0.52 -0.038857499 0.37299999
v -0.52 -0.048857499 0.37299999
v -0.517 -0.048857499 0.37299999
v -0.517 -0.038857499 0.37299999
v -0.52 -0.038857499 0.31299999
v -0.52 -0.048857499 0.31299999
v -0.52 -0.048857499 0.37299999
v -0.52 -0.038857499 0.37299999
v -0.52 -0.048857499 0.31299999
v -0.517 -0.048857499 0.31299999
v -0.517 -0.048857499 0.37299999
v -0.52 -0.048857499 0.37299999
v -0.517 -0.048857499 0.31299999
v -0.517 -0.038857499 0.31299999
v -0.517 -0.038857499 0.37299999
v -0.517 -0.048857499 0.37299999
v -0.517 -0.038857499 0.31299999
v -0.52 -0.038857499 0.31299999
v -0.52 -0.038857499 0.37299999
v -0.517 -0.038857499 0.37299999
f 1896 1897 1895
f 1895 1897 1898
f 1900 1901 1899
f 1899 1901 1902
f 1903 1904 1906
f 1906 1904 1905
f 1907 1908 1910
f 1910 1908 1909
f 1911 1912 1914
f 1914 1912 1913
f 1915 1916 1918
f 1918 1916 1917
v -0.454 -0.2228575 0.38099998
v -0.454 -0.2228575 0.31299999
v -0.454 -0.1128575 0.31299999
v -0.454 -0.1128575 0.38099998
v -0.454 -0.1128575 0.38099998
v -0.454 -0.1128575 0.31299999
v -0.472 -0.1128575 0.31299999
v -0.472 -0.1128575 0.38099998
v -0.472 -0.1128575 0.38099998
v -0.472 -0.1128575 0.31299999
v -0.472 -0.2228575 0.31299999
v -0.472 -0.2228575 0.38099998
v -0.472 -0.2228575 0.38099998
v -0.472 -0.2228575 0.31299999
v -0.454 -0.2228575 0.31299999
v -0.454 -0.2228575 0.38099998
v -0.454 -0.1128575 0.31299999
v -0.454 -0.2228575 0.31299999
v -0.472 -0.2228575 0.31299999
v -0.472 -0.1128575 0.31299999
v -0.454 -0.2228575 0.38099998
v -0.454 -0.1128575 0.38099998
v -0.472 -0.1128575 0.38099998
v -0.472 -0.2228575 0.38099998
f 1919 1920 1922
f 1922 1920 1921
f 1923 1924 1926
f 1926 1924 1925
f 1927 1928 1930
f 1930 1928 1929
f 1931 1932 1934
f 1934 1932 1933
f 1936 1937 1935
f 1935 1937 1938
f 1940 1941 1939
f 1939 1941 1942
v -0.68400001 -0.27685749 0.42400002
v -0.68400001 -0.1078575 0.42400002
v -0.69999999 -0.1078575 0.42400002
v -0.69999999 -0.27685749 0.42400002
v -0.68400001 -0.27685749 0.42400002
v -0.68400001 -0.27685749 0.41
v -0.68400001 -0.1078575 0.41
v -0.68400001 -0.1078575 0.42400002
v -0.68400001 -0.1078575 0.42400002
v -0.68400001 -0.1078575 0.41
v -0.69999999 -0.1078575 0.41
v -0.69999999 -0.1078575 0.42400002
v -0.69999999 -0.1078575 0.42400002
v -0.69999999 -0.1078575 0.41
v -0.69999999 -0.27685749 0.41
v -0.69999999 -0.27685749 0.42400002
v -0.69999999 -0.27685749 0.42400002
v -0.69999999 -0.27685749 0.41
v -0.68400001 -0.27685749 0.41
v -0.68400001 -0.27685749 0.42400002
v -0.68400001 -0.1078575 0.41
v -0.68400001 -0.27685749 0.41
v -0.69999999 -0.27685749 0.41
v -0.69999999 -0.1078575 0.41
f 1944 1945 1943
f 1943 1945 1946
f 1947 1948 1950
f 1950 1948 1949
f 1951 1952 1954
f 1954 1952 1953
f 1955 1956 1958
f 1958 1956 1957
f 1959 1960 1962
f 1962 1960 1961
f 1964 1965 1963
f 1963 1965 1966
v -0.69999999 -0.3048575 0.43
v -0.69999999 -0.3048575 0.31299999
v -0.69999999 -0.29085751 0.31299999
v -0.69999999 -0.29085751 0.43
v -0.69999999 -0.29085751 0.43
v -0.69999999 -0.29085751 0.31299999
v -0.708 -0.29085751 0.31299999
v -0.708 -0.29085751 0.43
v -0.708 -0.29085751 0.43
v -0.708 -0.29085751 0.31299999
v -0.708 -0.3048575 0.31299999
v -0.708 -0.3048575 0.43
v -0.708 -0.3048575 0.43
v -0.708 -0.3048575 0.31299999
v -0.69999999 -0.3048575 0.31299999
v -0.69999999 -0.3048575 0.43
v -0.69999999 -0.29085751 0.31299999
v -0.69999999 -0.3048575 0.31299999
v -0.708 -0.3048575 0.31299999
v -0.708 -0.29085751 0.31299999
v -0.69999999 -0.3048575 0.43
v -0.69999999 -0.29085751 0.43
v -0.708 -0.29085751 0.43
v -0.708 -0.3048575 0.43
f 1967 1968 1970
f 1970 1968 1969
f 1971 1972 1974
f 1974 1972 1973
f 1975 1976 1978
f 1978 1976 1977
f 1979 1980 1982
f 1982 1980 1981
f 1984 1985 1983
f 1983 1985 1986
f 1988 1989 1987
f 1987 1989 1990
v -0.68400001 -0.2928575 0.43
v -0.68400001 -0.2928575 0.42400002
v -0.68400001 -0.2628575 0.42400002
v -0.68400001 -0.2628575 0.43
v -0.68400001 -0.2628575 0.43
v -0.68400001 -0.2628575 0.42400002
v -0.708 -0.2628575 0.42400002
v -0.708 -0.2628575 0.43
v -0.708 -0.2628575 0.43
v -0.708 -0.2628575 0.42400002
v -0.708 -0.2928575 0.42400002
v -0.708 -0.2928575 0.43
v -0.708 -0.2928575 0.43
v -0.708 -0.2928575 0.42400002
v -0.68400001 -0.2928575 0.42400002
v -0.68400001 -0.2928575 0.43
v -0.68400001 -0.2628575 0.42400002
v -0.68400001 -0.2928575 0.42400002
v -0.708 -0.2928575 0.42400002
v -0.708 -0.2628575 0.42400002
v -0.68400001 -0.2928575 0.43
v -0.68400001 -0.2628575 0.43
v -0.708 -0.2628575 0.43
v -0.708 -0.2928575 0.43
f 1991 1992 1994
f 1994 1992 1993
f 1995 1996 1998
f 1998 1996 1997
f 1999 2000 2002
f 2002 2000 2001
f 2003 2004 2006
f 2006 2004 2005
f 2008 2009 2007
f 2007 2009 2010
f 2012 2013 2011
f 2011 2013 2014
v -0.532 0.1221425 0.201
v -0.532 0.16014249 0.201
v -0.454 0.16014249 0.201
v -0.454 0.1221425 0.201
v -0.532 0.16014249 0.226
v -0.532 0.1221425 0.226
v -0.454 0.1221425 0.226
v -0.454 0.16014249 0.226
v -0.532 0.16014249 0.201
v -0.532 0.1221425 0.201
v -0.532 0.1221425 0.226
v -0.532 0.16014249 0.226
v -0.532 0.1221425 0.201
v -0.454 0.1221425 0.201
v -0.454 0.1221425 0.226
v -0.532 0.1221425 0.226
v -0.454 0.1221425 0.201
v -0.454 0.16014249 0.201
v -0.454 0.16014249 0.226
v -0.454 0.1221425 0.226
v -0.454 0.16014249 0.201
v -0.532 0.16014249 0.201
v -0.532 0.16014249 0.226
v -0.454 0.16014249 0.226
f 2016 2017 2015
f 2015 2017 2018
f 2020 2021 2019
f 2019 2021 2022
f 2023 2024 2026
f 2026 2024 2025
f 2027 2028 2030
f 2030 2028 2029
f 2031 2032 2034
f 2034 2032 2033
f 2035 2036 2038
f 2038 2036 2037
v -0.26299999 0.20914251 0.50400002
v -0.26299999 0.20914251 0.49
v -0.26299999 0.2171425 0.49
v -0.26299999 0.2171425 0.50400002
v -0.26299999 0.2171425 0.50400002
v -0.26299999 0.2171425 0.49
v -0.695 0.2171425 0.49
v -0.695 0.2171425 0.50400002
v -0.695 0.2171425 0.50400002
v -0.695 0.2171425 0.49
v -0.695 0.20914251 0.49
v -0.695 0.20914251 0.50400002
v -0.695 0.20914251 0.50400002
v -0.695 0.20914251 0.49
v -0.26299999 0.20914251 0.49
v -0.26299999 0.20914251 0.50400002
v -0.26299999 0.2171425 0.49
v -0.26299999 0.20914251 0.49
v -0.695 0.20914251 0.49
v -0.695 0.2171425 0.49
v -0.26299999 0.20914251 0.50400002
v -0.26299999 0.2171425 0.50400002
v -0.695 0.2171425 0.50400002
v -0.695 0.20914251 0.50400002
f 2039 2040 2042
f 2042 2040 2041
f 2043 2044 2046
f 2046 2044 2045
f 2047 2048 2050
f 2050 2048 2049
f 2051 2052 2054
f 2054 2052 2053
f 2056 2057 2055
f 2055 2057 2058
f 2060 2061 2059
f 2059 2061 2062
v 0.21 0.2321425 0.122
v 0.21 0.3421425 0.122
v 0.31 0.3421425 0.122
v 0.31 0.2321425 0.122
v 0.21 0.3421425 0.134
v 0.21 0.2321425 0.134
v 0.31 0.2321425 0.134
v 0.31 0.3421425 0.134
v 0.21 0.3421425 0.122
v 0.21 0.2321425 0.122
v 0.21 0.2321425 0.134
v 0.21 0.3421425 0.134
v 0.21 0.2321425 0.122
v 0.31 0.2321425 0.122
v 0.31 0.2321425 0.134
v 0.21 0.2321425 0.134
v 0.31 0.2321425 0.122
v 0.31 0.3421425 0.122
v 0.31 0.3421425 0.134
v 0.31 0.2321425 0.134
v 0.31 0.3421425 0.122
v 0.21 0.3421425 0.122
v 0.21 0.3421425 0.134
v 0.31 0.3421425 0.134
f 2064 2065 2063
f 2063 2065 2066
f 2068 2069 2067
f 2067 2069 2070
f 2071 2072 2074
f 2074 2072 2073
f 2075 2076 2078
f 2078 2076 2077
f 2079 2080 2082
f 2082 2080 2081
f 2083 2084 2086
f 2086 2084 2085
v 0.21599998 0.24314248 0.134
v 0.21617771 0.24432153 0.134
v 0.21669506 0.24539579 0.134
v 0.21750603 0.24626981 0.134
v 0.21853863 0.24686601 0.134
v 0.21970108 0.24713132 0.134
v 0.22089008 0.24704221 0.134
v 0.22200001 0.24660661 0.134
v 0.22293221 0.2458632 0.134
v 0.22360386 0.24487802 0.134
v 0.22395531 0.24373868 0.134
v 0.22395531 0.24254632 0.134
v 0.22360386 0.24140695 0.134
v 0.22293221 0.2404218 0.134
v 0.22200001 0.2396784 0.134
v 0.22089008 0.2392428 0.134
v 0.21970108 0.23915368 0.134
v 0.21853863 0.239419 0.134
v 0.21750603 0.24001516 0.134
v 0.21669506 0.24088922 0.134
v 0.21617771 0.24196348 0.134
v 0.21599998 0.24314248 0.137
v 0.21617771 0.24196348 0.137
v 0.21669506 0.24088922 0.137
v 0.21750603 0.24001516 0.137
v 0.21853863 0.239419 0.137
v 0.21970108 0.23915368 0.137
v 0.22089008 0.2392428 0.137
v 0.22200001 0.2396784 0.137
v 0.22293221 0.2404218 0.137
v 0.22360386 0.24140695 0.137
v 0.22395531 0.24254632 0.137
v 0.22395531 0.24373868 0.137
v 0.22360386 0.24487802 0.137
v 0.22293221 0.2458632 0.137
v 0.22200001 0.24660661 0.137
v 0.22089008 0.24704221 0.137
v 0.21970108 0.24713132 0.137
v 0.21853863 0.24686601 0.137
v 0.21750603 0.24626981 0.137
v 0.21669506 0.24539579 0.137
v 0.21617771 0.24432153 0.137
v 0.21599998 0.24314248 0.137
v 0.21617771 0.24432153 0.137
v 0.21669506 0.24539579 0.137
v 0.21750603 0.24626981 0.137
v 0.21853863 0.24686601 0.137
v 0.21970108 0.24713132 0.137
v 0.22089008 0.24704221 0.137
v 0.22200001 0.24660661 0.137
v 0.22293221 0.2458632 0.137
v 0.22360386 0.24487802 0.137
v 0.22395531 0.24373868 0.137
v 0.22395531 0.24254632 0.137
v 0.22360386 0.24140695 0.137
v 0.22293221 0.2404218 0.137
v 0.22200001 0.2396784 0.137
v 0.22089008 0.2392428 0.137
v 0.21970108 0.23915368 0.137
v 0.21853863 0.239419 0.137
v 0.21750603 0.24001516 0.137
v 0.21669506 0.24088922 0.137
v 0.21617771 0.24196348 0.137
v 0.21599998 0.24314248 0.134
v 0.21617771 0.24196348 0.134
v 0.21669506 0.24088922 0.134
v 0.21750603 0.24001516 0.134
v 0.21853863 0.239419 0.134
v 0.21970108 0.23915368 0.134
v 0.22089008 0.2392428 0.134
v 0.22200001 0.2396784 0.134
v 0.22293221 0.2404218 0.134
v 0.22360386 0.24140695 0.134
v 0.22395531 0.24254632 0.134
v 0.22395531 0.24373868 0.134
v 0.22360386 0.24487802 0.134
v 0.22293221 0.2458632 0.134
v 0.22200001 0.24660661 0.134
v 0.22089008 0.24704221 0.134
v 0.21970108 0.24713132 0.134
v 0.21853863 0.24686601 0.134
v 0.21750603 0.24626981 0.134
v 0.21669506 0.24539579 0.134
v 0.21617771 0.24432153 0.134
v 0.21599998 0.24314248 0.134
v 0.21599998 0.24314248 0.137
f 2107 2087 2102
f 2102 2087 2088
f 2102 2088 2089
f 2089 2090 2102
f 2102 2090 2091
f 2102 2091 2092
f 2092 2093 2102
f 2102 2093 2101
f 2101 2093 2094
f 2101 2094 2100
f 2100 2094 2095
f 2100 2095 2099
f 2099 2095 2096
f 2099 2096 2098
f 2098 2096 2097
f 2103 2104 2102
f 2102 2104 2105
f 2102 2105 2106
f 2106 2107 2102
f 2128 2108 2114
f 2114 2108 2109
f 2114 2109 2110
f 2110 2111 2114
f 2114 2111 2112
f 2114 2112 2113
f 2115 2123 2114
f 2114 2123 2124
f 2114 2124 2125
f 2123 2115 2122
f 2122 2115 2116
f 2122 2116 2121
f 2121 2116 2117
f 2121 2117 2120
f 2120 2117 2118
f 2120 2118 2119
f 2125 2126 2114
f 2114 2126 2127
f 2114 2127 2128
f 2130 2170 2129
f 2129 2170 2171
f 2172 2150 2149
f 2149 2150 2151
f 2149 2151 2148
f 2148 2151 2152
f 2148 2152 2147
f 2147 2152 2153
f 2147 2153 2146
f 2146 2153 2154
f 2146 2154 2145
f 2145 2154 2155
f 2145 2155 2144
f 2144 2155 2156
f 2144 2156 2143
f 2143 2156 2157
f 2143 2157 2142
f 2142 2157 2158
f 2142 2158 2141
f 2141 2158 2159
f 2141 2159 2140
f 2140 2159 2160
f 2140 2160 2139
f 2139 2160 2161
f 2139 2161 2138
f 2138 2161 2162
f 2138 2162 2137
f 2137 2162 2163
f 2137 2163 2136
f 2136 2163 2164
f 2136 2164 2135
f 2135 2164 2165
f 2135 2165 2134
f 2134 2165 2166
f 2134 2166 2133
f 2133 2166 2167
f 2133 2167 2132
f 2132 2167 2168
f 2132 2168 2131
f 2131 2168 2169
f 2131 2169 2130
f 2130 2169 2170
v 0.29599998 0.24314248 0.134
v 0.29617771 0.24432153 0.134
v 0.29669506 0.24539579 0.134
v 0.29750603 0.24626981 0.134
v 0.29853863 0.24686601 0.134
v 0.29970108 0.24713132 0.134
v 0.30089008 0.24704221 0.134
v 0.30200001 0.24660661 0.134
v 0.30293221 0.2458632 0.134
v 0.30360386 0.24487802 0.134
v 0.30395531 0.24373868 0.134
v 0.30395531 0.24254632 0.134
v 0.30360386 0.24140695 0.134
v 0.30293221 0.2404218 0.134
v 0.30200001 0.2396784 0.134
v 0.30089008 0.2392428 0.134
v 0.29970108 0.23915368 0.134
v 0.29853863 0.239419 0.134
v 0.29750603 0.24001516 0.134
v 0.29669506 0.24088922 0.134
v 0.29617771 0.24196348 0.134
v 0.29599998 0.24314248 0.137
v 0.29617771 0.24196348 0.137
v 0.29669506 0.24088922 0.137
v 0.29750603 0.24001516 0.137
v 0.29853863 0.239419 0.137
v 0.29970108 0.23915368 0.137
v 0.30089008 0.2392428 0.137
v 0.30200001 0.2396784 0.137
v 0.30293221 0.2404218 0.137
v 0.30360386 0.24140695 0.137
v 0.30395531 0.24254632 0.137
v 0.30395531 0.24373868 0.137
v 0.30360386 0.24487802 0.137
v 0.30293221 0.2458632 0.137
v 0.30200001 0.24660661 0.137
v 0.30089008 0.24704221 0.137
v 0.29970108 0.24713132 0.137
v 0.29853863 0.24686601 0.137
v 0.29750603 0.24626981 0.137
v 0.29669506 0.24539579 0.137
v 0.29617771 0.24432153 0.137
v 0.29599998 0.24314248 0.137
v 0.29617771 0.24432153 0.137
v 0.29669506 0.24539579 0.137
v 0.29750603 0.24626981 0.137
v 0.29853863 0.24686601 0.137
v 0.29970108 0.24713132 0.137
v 0.30089008 0.24704221 0.137
v 0.30200001 0.24660661 0.137
v 0.30293221 0.2458632 0.137
v 0.30360386 0.24487802 0.137
v 0.30395531 0.24373868 0.137
v 0.30395531 0.24254632 0.137
v 0.30360386 0.24140695 0.137
v 0.30293221 0.2404218 0.137
v 0.30200001 0.2396784 0.137
v 0.30089008 0.2392428 0.137
v 0.29970108 0.23915368 0.137
v 0.29853863 0.239419 0.137
v 0.29750603 0.24001516 0.137
v 0.29669506 0.24088922 0.137
v 0.29617771 0.24196348 0.137
v 0.29599998 0.24314248 0.134
v 0.29617771 0.24196348 0.134
v 0.29669506 0.24088922 0.134
v 0.29750603 0.24001516 0.134
v 0.29853863 0.239419 0.134
v 0.29970108 0.23915368 0.134
v 0.30089008 0.2392428 0.134
v 0.30200001 0.2396784 0.134
v 0.30293221 0.2404218 0.134
v 0.30360386 0.24140695 0.134
v 0.30395531 0.24254632 0.134
v 0.30395531 0.24373868 0.134
v 0.30360386 0.24487802 0.134
v 0.30293221 0.2458632 0.134
v 0.30200001 0.24660661 0.134
v 0.30089008 0.24704221 0.134
v 0.29970108 0.24713132 0.134
v 0.29853863 0.24686601 0.134
v 0.29750603 0.24626981 0.134
v 0.29669506 0.24539579 0.134
v 0.29617771 0.24432153 0.134
v 0.29599998 0.24314248 0.134
v 0.29599998 0.24314248 0.137
f 2193 2173 2188
f 2188 2173 2174
f 2188 2174 2175
f 2175 2176 2188
f 2188 2176 2177
f 2188 2177 2178
f 2178 2179 2188
f 2188 2179 2187
f 2187 2179 2180
f 2187 2180 2186
f 2186 2180 2181
f 2186 2181 2185
f 2185 2181 2182
f 2185 2182 2184
f 2184 2182 2183
f 2189 2190 2188
f 2188 2190 2191
f 2188 2191 2192
f 2192 2193 2188
f 2214 2194 2200
f 2200 2194 2195
f 2200 2195 2196
f 2196 2197 2200
f 2200 2197 2198
f 2200 2198 2199
f 2201 2209 2200
f 2200 2209 2210
f 2200 2210 2211
f 2209 2201 2208
f 2208 2201 2202
f 2208 2202 2207
f 2207 2202 2203
f 2207 2203 2206
f 2206 2203 2204
f 2206 2204 2205
f 2211 2212 2200
f 2200 2212 2213
f 2200 2213 2214
f 2216 2256 2215
f 2215 2256 2257
f 2258 2236 2235
f 2235 2236 2237
f 2235 2237 2234
f 2234 2237 2238
f 2234 2238 2233
f 2233 2238 2239
f 2233 2239 2232
f 2232 2239 2240
f 2232 2240 2231
f 2231 2240 2241
f 2231 2241 2230
f 2230 2241 2242
f 2230 2242 2229
f 2229 2242 2243
f 2229 2243 2228
f 2228 2243 2244
f 2228 2244 2227
f 2227 2244 2245
f 2227 2245 2226
f 2226 2245 2246
f 2226 2246 2225
f 2225 2246 2247
f 2225 2247 2224
f 2224 2247 2248
f 2224 2248 2223
f 2223 2248 2249
f 2223 2249 2222
f 2222 2249 2250
f 2222 2250 2221
f 2221 2250 2251
f 2221 2251 2220
f 2220 2251 2252
f 2220 2252 2219
f 2219 2252 2253
f 2219 2253 2218
f 2218 2253 2254
f 2218 2254 2217
f 2217 2254 2255
f 2217 2255 2216
f 2216 2255 2256
v 0.21599998 0.33114252 0.134
v 0.21617771 0.33232149 0.134
v 0.21669506 0.33339578 0.134
v 0.21750603 0.3342698 0.134
v 0.21853863 0.33486597 0.134
v 0.21970108 0.33513132 0.134
v 0.22089008 0.3350422 0.134
v 0.22200001 0.33460657 0.134
v 0.22293221 0.33386316 0.134
v 0.22360386 0.33287805 0.134
v 0.22395531 0.33173868 0.134
v 0.22395531 0.33054635 0.134
v 0.22360386 0.32940698 0.134
v 0.22293221 0.3284218 0.134
v 0.22200001 0.32767839 0.134
v 0.22089008 0.32724275 0.134
v 0.21970108 0.32715372 0.134
v 0.21853863 0.32741899 0.134
v 0.21750603 0.32801515 0.134
v 0.21669506 0.32888925 0.134
v 0.21617771 0.32996347 0.134
v 0.21599998 0.33114252 0.137
v 0.21617771 0.32996347 0.137
v 0.21669506 0.32888925 0.137
v 0.21750603 0.32801515 0.137
v 0.21853863 0.32741899 0.137
v 0.21970108 0.32715372 0.137
v 0.22089008 0.32724275 0.137
v 0.22200001 0.32767839 0.137
v 0.22293221 0.3284218 0.137
v 0.22360386 0.32940698 0.137
v 0.22395531 0.33054635 0.137
v 0.22395531 0.33173868 0.137
v 0.22360386 0.33287805 0.137
v 0.22293221 0.33386316 0.137
v 0.22200001 0.33460657 0.137
v 0.22089008 0.3350422 0.137
v 0.21970108 0.33513132 0.137
v 0.21853863 0.33486597 0.137
v 0.21750603 0.3342698 0.137
v 0.21669506 0.33339578 0.137
v 0.21617771 0.33232149 0.137
v 0.21599998 0.33114252 0.137
v 0.21617771 0.33232149 0.137
v 0.21669506 0.33339578 0.137
v 0.21750603 0.3342698 0.137
v 0.21853863 0.33486597 0.137
v 0.21970108 0.33513132 0.137
v 0.22089008 0.3350422 0.137
v 0.22200001 0.33460657 0.137
v 0.22293221 0.33386316 0.137
v 0.22360386 0.33287805 0.137
v 0.22395531 0.33173868 0.137
v 0.22395531 0.33054635 0.137
v 0.22360386 0.32940698 0.137
v 0.22293221 0.3284218 0.137
v 0.22200001 0.32767839 0.137
v 0.22089008 0.32724275 0.137
v 0.21970108 0.32715372 0.137
v 0.21853863 0.32741899 0.137
v 0.21750603 0.32801515 0.137
v 0.21669506 0.32888925 0.137
v 0.21617771 0.32996347 0.137
v 0.21599998 0.33114252 0.134
v 0.21617771 0.32996347 0.134
v 0.21669506 0.32888925 0.134
v 0.21750603 0.32801515 0.134
v 0.21853863 0.32741899 0.134
v 0.21970108 0.32715372 0.134
v 0.22089008 0.32724275 0.134
v 0.22200001 0.32767839 0.134
v 0.22293221 0.3284218 0.134
v 0.22360386 0.32940698 0.134
v 0.22395531 0.33054635 0.134
v 0.22395531 0.33173868 0.134
v 0.22360386 0.33287805 0.134
v 0.22293221 0.33386316 0.134
v 0.22200001 0.33460657 0.134
v 0.22089008 0.3350422 0.134
v 0.21970108 0.33513132 0.134
v 0.21853863 0.33486597 0.134
v 0.21750603 0.3342698 0.134
v 0.21669506 0.33339578 0.134
v 0.21617771 0.33232149 0.134
v 0.21599998 0.33114252 0.134
v 0.21599998 0.33114252 0.137
f 2279 2259 2274
f 2274 2259 2260
f 2274 2260 2261
f 2261 2262 2274
f 2274 2262 2263
f 2274 2263 2264
f 2264 2265 2274
f 2274 2265 2273
f 2273 2265 2266
f 2273 2266 2272
f 2272 2266 2267
f 2272 2267 2271
f 2271 2267 2268
f 2271 2268 2270
f 2270 2268 2269
f 2275 2276 2274
f 2274 2276 2277
f 2274 2277 2278
f 2278 2279 2274
f 2300 2280 2286
f 2286 2280 2281
f 2286 2281 2282
f 2282 2283 2286
f 2286 2283 2284
f 2286 2284 2285
f 2287 2295 2286
f 2286 2295 2296
f 2286 2296 2297
f 2295 2287 2294
f 2294 2287 2288
f 2294 2288 2293
f 2293 2288 2289
f 2293 2289 2292
f 2292 2289 2290
f 2292 2290 2291
f 2297 2298 2286
f 2286 2298 2299
f 2286 2299 2300
f 2302 2342 2301
f 2301 2342 2343
f 2344 2322 2321
f 2321 2322 2323
f 2321 2323 2320
f 2320 2323 2324
f 2320 2324 2319
f 2319 2324 2325
f 2319 2325 2318
f 2318 2325 2326
f 2318 2326 2317
f 2317 2326 2327
f 2317 2327 2316
f 2316 2327 2328
f 2316 2328 2315
f 2315 2328 2329
f 2315 2329 2314
f 2314 2329 2330
f 2314 2330 2313
f 2313 2330 2331
f 2313 2331 2312
f 2312 2331 2332
f 2312 2332 2311
f 2311 2332 2333
f 2311 2333 2310
f 2310 2333 2334
f 2310 2334 2309
f 2309 2334 2335
f 2309 2335 2308
f 2308 2335 2336
f 2308 2336 2307
f 2307 2336 2337
f 2307 2337 2306
f 2306 2337 2338
f 2306 2338 2305
f 2305 2338 2339
f 2305 2339 2304
f 2304 2339 2340
f 2304 2340 2303
f 2303 2340 2341
f 2303 2341 2302
f 2302 2341 2342
v 0.29599998 0.33114252 0.134
v 0.29617771 0.33232149 0.134
v 0.29669506 0.33339578 0.134
v 0.29750603 0.3342698 0.134
v 0.29853863 0.33486597 0.134
v 0.29970108 0.33513132 0.134
v 0.30089008 0.3350422 0.134
v 0.30200001 0.33460657 0.134
v 0.30293221 0.33386316 0.134
v 0.30360386 0.33287805 0.134
v 0.30395531 0.33173868 0.134
v 0.30395531 0.33054635 0.134
v 0.30360386 0.32940698 0.134
v 0.30293221 0.3284218 0.134
v 0.30200001 0.32767839 0.134
v 0.30089008 0.32724275 0.134
v 0.29970108 0.32715372 0.134
v 0.29853863 0.32741899 0.134
v 0.29750603 0.32801515 0.134
v 0.29669506 0.32888925 0.134
v 0.29617771 0.32996347 0.134
v 0.29599998 0.33114252 0.137
v 0.29617771 0.32996347 0.137
v 0.29669506 0.32888925 0.137
v 0.29750603 0.32801515 0.137
v 0.29853863 0.32741899 0.137
v 0.29970108 0.32715372 0.137
v 0.30089008 0.32724275 0.137
v 0.30200001 0.32767839 0.137
v 0.30293221 0.3284218 0.137
v 0.30360386 0.32940698 0.137
v 0.30395531 0.33054635 0.137
v 0.30395531 0.33173868 0.137
v 0.30360386 0.33287805 0.137
v 0.30293221 0.33386316 0.137
v 0.30200001 0.33460657 0.137
v 0.30089008 0.3350422 0.137
v 0.29970108 0.33513132 0.137
v 0.29853863 0.33486597 0.137
v 0.29750603 0.3342698 0.137
v 0.29669506 0.33339578 0.137
v 0.29617771 0.33232149 0.137
v 0.29599998 0.33114252 0.137
v 0.29617771 0.33232149 0.137
v 0.29669506 0.33339578 0.137
v 0.29750603 0.3342698 0.137
v 0.29853863 0.33486597 0.137
v 0.29970108 0.33513132 0.137
v 0.30089008 0.3350422 0.137
v 0.30200001 0.33460657 0.137
v 0.30293221 0.33386316 0.137
v 0.30360386 0.33287805 0.137
v 0.30395531 0.33173868 0.137
v 0.30395531 0.33054635 0.137
v 0.30360386 0.32940698 0.137
v 0.30293221 0.3284218 0.137
v 0.30200001 0.32767839 0.137
v 0.30089008 0.32724275 0.137
v 0.29970108 0.32715372 0.137
v 0.29853863 0.32741899 0.137
v 0.29750603 0.32801515 0.137
v 0.29669506 0.32888925 0.137
v 0.29617771 0.32996347 0.137
v 0.29599998 0.33114252 0.134
v 0.29617771 0.32996347 0.134
v 0.29669506 0.32888925 0.134
v 0.29750603 0.32801515 0.134
v 0.29853863 0.32741899 0.134
v 0.29970108 0.32715372 0.134
v 0.30089008 0.32724275 0.134
v 0.30200001 0.32767839 0.134
v 0.30293221 0.3284218 0.134
v 0.30360386 0.32940698 0.134
v 0.30395531 0.33054635 0.134
v 0.30395531 0.33173868 0.134
v 0.30360386 0.33287805 0.134
v 0.30293221 0.33386316 0.134
v 0.30200001 0.33460657 0.134
v 0.30089008 0.3350422 0.134
v 0.29970108 0.33513132 0.134
v 0.29853863 0.33486597 0.134
v 0.29750603 0.3342698 0.134
v 0.29669506 0.33339578 0.134
v 0.29617771 0.33232149 0.134
v 0.29599998 0.33114252 0.134
v 0.29599998 0.33114252 0.137
f 2365 2345 2360
f 2360 2345 2346
f 2360 2346 2347
f 2347 2348 2360
f 2360 2348 2349
f 2360 2349 2350
f 2350 2351 2360
f 2360 2351 2359
f 2359 2351 2352
f 2359 2352 2358
f 2358 2352 2353
f 2358 2353 2357
f 2357 2353 2354
f 2357 2354 2356
f 2356 2354 2355
f 2361 2362 2360
f 2360 2362 2363
f 2360 2363 2364
f 2364 2365 2360
f 2386 2366 2372
f 2372 2366 2367
f 2372 2367 2368
f 2368 2369 2372
f 2372 2369 2370
f 2372 2370 2371
f 2373 2381 2372
f 2372 2381 2382
f 2372 2382 2383
f 2381 2373 2380
f 2380 2373 2374
f 2380 2374 2379
f 2379 2374 2375
f 2379 2375 2378
f 2378 2375 2376
f 2378 2376 2377
f 2383 2384 2372
f 2372 2384 2385
f 2372 2385 2386
f 2388 2428 2387
f 2387 2428 2429
f 2430 2408 2407
f 2407 2408 2409
f 2407 2409 2406
f 2406 2409 2410
f 2406 2410 2405
f 2405 2410 2411
f 2405 2411 2404
f 2404 2411 2412
f 2404 2412 2403
f 2403 2412 2413
f 2403 2413 2402
f 2402 2413 2414
f 2402 2414 2401
f 2401 2414 2415
f 2401 2415 2400
f 2400 2415 2416
f 2400 2416 2399
f 2399 2416 2417
f 2399 2417 2398
f 2398 2417 2418
f 2398 2418 2397
f 2397 2418 2419
f 2397 2419 2396
f 2396 2419 2420
f 2396 2420 2395
f 2395 2420 2421
f 2395 2421 2394
f 2394 2421 2422
f 2394 2422 2393
f 2393 2422 2423
f 2393 2423 2392
f 2392 2423 2424
f 2392 2424 2391
f 2391 2424 2425
f 2391 2425 2390
f 2390 2425 2426
f 2390 2426 2389
f 2389 2426 2427
f 2389 2427 2388
f 2388 2427 2428
