v 0.56685 -0.14974795 0.410801
v 0.56685 -0.27643281 0.32639356
v 0.73085 -0.27643281 0.32639356
v 0.73085 -0.14974795 0.410801
v 0.56685 -0.14972577 0.41076771
v 0.56685 -0.27641063 0.32636027
v 0.56685 -0.27643281 0.32639356
v 0.56685 -0.14974795 0.410801
v 0.56685 -0.27641063 0.32636027
v 0.73085 -0.27641063 0.32636027
v 0.73085 -0.27643281 0.32639356
v 0.56685 -0.27643281 0.32639356
v 0.56685 -0.27641063 0.32636027
v 0.56685 -0.14972577 0.41076771
v 0.73085 -0.14972577 0.41076771
v 0.73085 -0.27641063 0.32636027
v 0.73085 -0.27641063 0.32636027
v 0.73085 -0.14972577 0.41076771
v 0.73085 -0.14974795 0.410801
v 0.73085 -0.27643281 0.32639356
v 0.73085 -0.14972577 0.41076771
v 0.56685 -0.14972577 0.41076771
v 0.56685 -0.14974795 0.410801
v 0.73085 -0.14974795 0.410801
f 2 3 1
f 1 3 4
f 5 6 8
f 8 6 7
f 9 10 12
f 12 10 11
f 14 15 13
f 13 15 16
f 17 18 20
f 20 18 19
f 21 22 24
f 24 22 23
v 0.60085873 -0.16054072 0.4036821
v 0.60170567 -0.16054072 0.4036821
v 0.60170567 -0.16055458 0.40370291
v 0.60085873 -0.16055458 0.40370291
v 0.60170567 -0.16054072 0.4036821
v 0.60170567 -0.15584317 0.40681198
v 0.60170567 -0.15585703 0.40683278
v 0.60170567 -0.16055458 0.40370291
v 0.60382299 -0.15584317 0.40681198
v 0.60382299 -0.15521465 0.40723075
v 0.60382299 -0.15522851 0.40725155
v 0.60382299 -0.15585703 0.40683278
v 0.60382299 -0.15521465 0.40723075
v 0.59875014 -0.15521465 0.40723075
v 0.59875014 -0.15522851 0.40725155
v 0.60382299 -0.15522851 0.40725155
v 0.59875014 -0.15521465 0.40723075
v 0.59875014 -0.15584317 0.40681198
v 0.59875014 -0.15585703 0.40683278
v 0.59875014 -0.15522851 0.40725155
v 0.60170567 -0.16054072 0.4036821
v 0.60085873 -0.16054072 0.4036821
v 0.60085873 -0.15584317 0.40681198
v 0.59875014 -0.15584317 0.40681198
v 0.59875014 -0.15521465 0.40723075
v 0.60382299 -0.15521465 0.40723075
v 0.60382299 -0.15584317 0.40681198
v 0.60170567 -0.15584317 0.40681198
v 0.60170567 -0.15584317 0.40681198
v 0.60382299 -0.15584317 0.40681198
v 0.60382299 -0.15585703 0.40683278
v 0.60170567 -0.15585703 0.40683278
v 0.59875014 -0.15584317 0.40681198
v 0.60085873 -0.15584317 0.40681198
v 0.60085873 -0.15585703 0.40683278
v 0.59875014 -0.15585703 0.40683278
v 0.60085873 -0.15584317 0.40681198
v 0.60085873 -0.16054072 0.4036821
v 0.60085873 -0.16055458 0.40370291
v 0.60085873 -0.15585703 0.40683278
v 0.60085873 -0.16055458 0.40370291
v 0.60170567 -0.16055458 0.40370291
v 0.60170567 -0.15585703 0.40683278
v 0.60382299 -0.15585703 0.40683278
v 0.60382299 -0.15522851 0.40725155
v 0.59875014 -0.15522851 0.40725155
v 0.59875014 -0.15585703 0.40683278
v 0.60085873 -0.15585703 0.40683278
f 25 26 28
f 28 26 27
f 29 30 32
f 32 30 31
f 33 34 36
f 36 34 35
f 37 38 40
f 40 38 39
f 41 42 44
f 44 42 43
f 45 46 52
f 52 46 47
f 52 47 49
f 49 47 48
f 49 50 52
f 52 50 51
f 53 54 56
f 56 54 55
f 57 58 60
f 60 58 59
f 61 62 64
f 64 62 63
f 65 66 72
f 72 66 67
f 72 67 70
f 70 67 69
f 69 67 68
f 70 71 72
v 0.61015314 -0.15791402 0.40543222
v 0.61017852 -0.15730979 0.4058348
v 0.61025464 -0.15680866 0.40616869
v 0.61038152 -0.15641061 0.40643391
v 0.61055914 -0.15611565 0.40663043
v 0.61055914 -0.15612951 0.40665124
v 0.61038152 -0.15642447 0.40645471
v 0.61025464 -0.15682252 0.4061895
v 0.61017852 -0.15732365 0.40585561
v 0.61015314 -0.15792788 0.40545302
v 0.61055914 -0.15611565 0.40663043
v 0.61073432 -0.15594875 0.40674163
v 0.61093677 -0.15582954 0.40682106
v 0.61116651 -0.15575802 0.40686871
v 0.61142354 -0.15573418 0.4068846
v 0.61142354 -0.15574804 0.4069054
v 0.61116651 -0.15577188 0.40688952
v 0.61093677 -0.15584341 0.40684186
v 0.61073432 -0.15596261 0.40676244
v 0.61055914 -0.15612951 0.40665124
v 0.6123425 -0.15616651 0.40659654
v 0.6125039 -0.15643786 0.40641575
v 0.61261917 -0.15681956 0.40616143
v 0.61268834 -0.15731161 0.40583359
v 0.6127114 -0.15791402 0.40543222
v 0.6127114 -0.15792788 0.40545302
v 0.61268834 -0.15732547 0.40585439
v 0.61261917 -0.15683342 0.40618224
v 0.6125039 -0.15645172 0.40643656
v 0.6123425 -0.15618037 0.40661735
v 0.6127114 -0.15791402 0.40543222
v 0.61268834 -0.15851347 0.40503282
v 0.61261917 -0.15900393 0.40470603
v 0.6125039 -0.15938541 0.40445186
v 0.6123425 -0.15965789 0.40427031
v 0.6123425 -0.15967175 0.40429112
v 0.6125039 -0.15939927 0.40447267
v 0.61261917 -0.1590178 0.40472683
v 0.61268834 -0.15852733 0.40505362
v 0.6127114 -0.15792788 0.40545302
v 0.6123425 -0.15965789 0.40427031
v 0.61214728 -0.15984862 0.40414323
v 0.61193049 -0.15998487 0.40405245
v 0.61169216 -0.16006661 0.40399799
v 0.61143227 -0.16009386 0.40397984
v 0.61143227 -0.16010772 0.40400064
v 0.61169216 -0.16008047 0.40401879
v 0.61193049 -0.15999873 0.40407326
v 0.61214728 -0.15986248 0.40416404
v 0.6123425 -0.15967175 0.40429112
v 0.60997852 -0.16007933 0.40398952
v 0.60970158 -0.15969467 0.40424581
v 0.60950376 -0.15920557 0.40457168
v 0.60938507 -0.15861202 0.40496716
v 0.6093455 -0.15791402 0.40543222
v 0.6093601 -0.15746477 0.40573154
v 0.60940389 -0.15706161 0.40600016
v 0.60947688 -0.15670455 0.40623806
v 0.60957906 -0.15639358 0.40644525
v 0.60986938 -0.15588358 0.40678505
v 0.61027319 -0.15550529 0.4070371
v 0.61079325 -0.15527096 0.40719323
v 0.61143227 -0.15519285 0.40724527
v 0.61191577 -0.15523599 0.40721653
v 0.61233595 -0.15536542 0.40713029
v 0.61269066 -0.15557614 0.4069899
v 0.6129777 -0.15586315 0.40679867
v 0.61320362 -0.15622373 0.40655842
v 0.61337497 -0.15665516 0.40627097
v 0.61348302 -0.1572033 0.40590575
v 0.61351903 -0.15791402 0.40543222
v 0.61350457 -0.15836009 0.40513501
v 0.61346119 -0.15876098 0.40486791
v 0.61338888 -0.15911667 0.40463091
v 0.61328765 -0.15942719 0.40442403
v 0.61299898 -0.15993764 0.40408392
v 0.61259571 -0.16031729 0.40383097
v 0.61207456 -0.16055298 0.40367393
v 0.61143227 -0.16063155 0.40362158
v 0.61099434 -0.16059704 0.40364458
v 0.61060608 -0.16049349 0.40371357
v 0.61026747 -0.16032092 0.40382855
v 0.61055914 -0.15611565 0.40663043
v 0.61038152 -0.15641061 0.40643391
v 0.61025464 -0.15680866 0.40616869
v 0.61017852 -0.15730979 0.4058348
v 0.61015314 -0.15791402 0.40543222
v 0.6101762 -0.15851494 0.40503183
v 0.61024537 -0.1590062 0.40470452
v 0.61036065 -0.15938779 0.40445027
v 0.61052204 -0.1596597 0.40426911
v 0.61071726 -0.15984964 0.40414255
v 0.61093404 -0.15998532 0.40405215
v 0.61117238 -0.16006672 0.40399792
v 0.61143227 -0.16009386 0.40397984
v 0.61169216 -0.16006661 0.40399799
v 0.61193049 -0.15998487 0.40405245
v 0.61214728 -0.15984862 0.40414323
v 0.6123425 -0.15965789 0.40427031
v 0.6125039 -0.15938541 0.40445186
v 0.61261917 -0.15900393 0.40470603
v 0.61268834 -0.15851347 0.40503282
v 0.6127114 -0.15791402 0.40543222
v 0.61268834 -0.15731161 0.40583359
v 0.61261917 -0.15681956 0.40616143
v 0.6125039 -0.15643786 0.40641575
v 0.6123425 -0.15616651 0.40659654
v 0.61214673 -0.15597736 0.40672257
v 0.61192831 -0.15584226 0.40681259
v 0.61168725 -0.1557612 0.4068666
v 0.61142354 -0.15573418 0.4068846
v 0.61116651 -0.15575802 0.40686871
v 0.61093677 -0.15582954 0.40682106
v 0.61073432 -0.15594875 0.40674163
v 0.61142354 -0.15573418 0.4068846
v 0.61168725 -0.1557612 0.4068666
v 0.61192831 -0.15584226 0.40681259
v 0.61214673 -0.15597736 0.40672257
v 0.6123425 -0.15616651 0.40659654
v 0.6123425 -0.15618037 0.40661735
v 0.61214673 -0.15599122 0.40674338
v 0.61192831 -0.15585612 0.40683339
v 0.61168725 -0.15577506 0.4068874
v 0.61142354 -0.15574804 0.4069054
v 0.61143227 -0.16009386 0.40397984
v 0.61117238 -0.16006672 0.40399792
v 0.61093404 -0.15998532 0.40405215
v 0.61071726 -0.15984964 0.40414255
v 0.61052204 -0.1596597 0.40426911
v 0.61052204 -0.15967356 0.40428991
v 0.61071726 -0.15986351 0.40416336
v 0.61093404 -0.15999918 0.40407296
v 0.61117238 -0.16008059 0.40401872
v 0.61143227 -0.16010772 0.40400064
v 0.61052204 -0.1596597 0.40426911
v 0.61036065 -0.15938779 0.40445027
v 0.61024537 -0.1590062 0.40470452
v 0.6101762 -0.15851494 0.40503183
v 0.61015314 -0.15791402 0.40543222
v 0.61015314 -0.15792788 0.40545302
v 0.6101762 -0.15852881 0.40505264
v 0.61024537 -0.15902007 0.40472532
v 0.61036065 -0.15940165 0.40447108
v 0.61052204 -0.15967356 0.40428991
v 0.60957906 -0.15639358 0.40644525
v 0.60947688 -0.15670455 0.40623806
v 0.60940389 -0.15706161 0.40600016
v 0.6093601 -0.15746477 0.40573154
v 0.6093455 -0.15791402 0.40543222
v 0.6093455 -0.15792788 0.40545302
v 0.6093601 -0.15747863 0.40575235
v 0.60940389 -0.15707547 0.40602096
v 0.60947688 -0.15671841 0.40625887
v 0.60957906 -0.15640744 0.40646606
v 0.6093455 -0.15792788 0.40545302
v 0.60938507 -0.15862588 0.40498796
v 0.60950376 -0.15921943 0.40459249
v 0.60970158 -0.15970853 0.40426661
v 0.60997852 -0.16009319 0.40401032
v 0.61026747 -0.16033478 0.40384935
v 0.61060608 -0.16050735 0.40373437
v 0.61099434 -0.1606109 0.40366538
v 0.61143227 -0.16064542 0.40364239
v 0.61207456 -0.16056684 0.40369474
v 0.61259571 -0.16033116 0.40385177
v 0.61299898 -0.1599515 0.40410473
v 0.61328765 -0.15944105 0.40444483
v 0.61338888 -0.15913053 0.40465172
v 0.61346119 -0.15877484 0.40488871
v 0.61350457 -0.15837395 0.40515582
v 0.61351903 -0.15792788 0.40545302
v 0.61348302 -0.15721716 0.40592656
v 0.61337497 -0.15666902 0.40629177
v 0.61320362 -0.1562376 0.40657922
v 0.6129777 -0.15587701 0.40681947
v 0.61269066 -0.15559 0.4070107
v 0.61233595 -0.15537928 0.4071511
v 0.61191577 -0.15524985 0.40723733
v 0.61143227 -0.15520671 0.40726608
v 0.61079325 -0.15528482 0.40721404
v 0.61027319 -0.15551915 0.40705791
v 0.60986938 -0.15589745 0.40680586
v 0.60957906 -0.15640744 0.40646606
v 0.60947688 -0.15671841 0.40625887
v 0.60940389 -0.15707547 0.40602096
v 0.6093601 -0.15747863 0.40575235
v 0.61015314 -0.15792788 0.40545302
v 0.61017852 -0.15732365 0.40585561
v 0.61025464 -0.15682252 0.4061895
v 0.61038152 -0.15642447 0.40645471
v 0.61055914 -0.15612951 0.40665124
v 0.61073432 -0.15596261 0.40676244
v 0.61093677 -0.15584341 0.40684186
v 0.61116651 -0.15577188 0.40688952
v 0.61142354 -0.15574804 0.4069054
v 0.61168725 -0.15577506 0.4068874
v 0.61192831 -0.15585612 0.40683339
v 0.61214673 -0.15599122 0.40674338
v 0.6123425 -0.15618037 0.40661735
v 0.6125039 -0.15645172 0.40643656
v 0.61261917 -0.15683342 0.40618224
v 0.61268834 -0.15732547 0.40585439
v 0.6127114 -0.15792788 0.40545302
v 0.61268834 -0.15852733 0.40505362
v 0.61261917 -0.1590178 0.40472683
v 0.6125039 -0.15939927 0.40447267
v 0.6123425 -0.15967175 0.40429112
v 0.61214728 -0.15986248 0.40416404
v 0.61193049 -0.15999873 0.40407326
v 0.61169216 -0.16008047 0.40401879
v 0.61143227 -0.16010772 0.40400064
v 0.61117238 -0.16008059 0.40401872
v 0.61093404 -0.15999918 0.40407296
v 0.61071726 -0.15986351 0.40416336
v 0.61052204 -0.15967356 0.40428991
v 0.61036065 -0.15940165 0.40447108
v 0.61024537 -0.15902007 0.40472532
v 0.6101762 -0.15852881 0.40505264
v 0.61027319 -0.15550529 0.4070371
v 0.60986938 -0.15588358 0.40678505
v 0.60957906 -0.15639358 0.40644525
v 0.60957906 -0.15640744 0.40646606
v 0.60986938 -0.15589745 0.40680586
v 0.61027319 -0.15551915 0.40705791
v 0.61143227 -0.15519285 0.40724527
v 0.61079325 -0.15527096 0.40719323
v 0.61027319 -0.15550529 0.4070371
v 0.61027319 -0.15551915 0.40705791
v 0.61079325 -0.15528482 0.40721404
v 0.61143227 -0.15520671 0.40726608
v 0.6093455 -0.15791402 0.40543222
v 0.60938507 -0.15861202 0.40496716
v 0.60950376 -0.15920557 0.40457168
v 0.60970158 -0.15969467 0.40424581
v 0.60997852 -0.16007933 0.40398952
v 0.60997852 -0.16009319 0.40401032
v 0.60970158 -0.15970853 0.40426661
v 0.60950376 -0.15921943 0.40459249
v 0.60938507 -0.15862588 0.40498796
v 0.6093455 -0.15792788 0.40545302
v 0.61233595 -0.15536542 0.40713029
v 0.61191577 -0.15523599 0.40721653
v 0.61143227 -0.15519285 0.40724527
v 0.61143227 -0.15520671 0.40726608
v 0.61191577 -0.15524985 0.40723733
v 0.61233595 -0.15537928 0.4071511
v 0.60997852 -0.16007933 0.40398952
v 0.61026747 -0.16032092 0.40382855
v 0.61060608 -0.16049349 0.40371357
v 0.61099434 -0.16059704 0.40364458
v 0.61143227 -0.16063155 0.40362158
v 0.61143227 -0.16064542 0.40364239
v 0.61099434 -0.1606109 0.40366538
v 0.61060608 -0.16050735 0.40373437
v 0.61026747 -0.16033478 0.40384935
v 0.60997852 -0.16009319 0.40401032
v 0.6129777 -0.15586315 0.40679867
v 0.61269066 -0.15557614 0.4069899
v 0.61233595 -0.15536542 0.40713029
v 0.61233595 -0.15537928 0.4071511
v 0.61269066 -0.15559 0.4070107
v 0.6129777 -0.15587701 0.40681947
v 0.61143227 -0.16063155 0.40362158
v 0.61207456 -0.16055298 0.40367393
v 0.61259571 -0.16031729 0.40383097
v 0.61259571 -0.16033116 0.40385177
v 0.61207456 -0.16056684 0.40369474
v 0.61143227 -0.16064542 0.40364239
v 0.61337497 -0.15665516 0.40627097
v 0.61320362 -0.15622373 0.40655842
v 0.6129777 -0.15586315 0.40679867
v 0.6129777 -0.15587701 0.40681947
v 0.61320362 -0.1562376 0.40657922
v 0.61337497 -0.15666902 0.40629177
v 0.61259571 -0.16031729 0.40383097
v 0.61299898 -0.15993764 0.40408392
v 0.61328765 -0.15942719 0.40442403
v 0.61328765 -0.15944105 0.40444483
v 0.61299898 -0.1599515 0.40410473
v 0.61259571 -0.16033116 0.40385177
v 0.61351903 -0.15791402 0.40543222
v 0.61348302 -0.1572033 0.40590575
v 0.61337497 -0.15665516 0.40627097
v 0.61337497 -0.15666902 0.40629177
v 0.61348302 -0.15721716 0.40592656
v 0.61351903 -0.15792788 0.40545302
v 0.61328765 -0.15942719 0.40442403
v 0.61338888 -0.15911667 0.40463091
v 0.61346119 -0.15876098 0.40486791
v 0.61350457 -0.15836009 0.40513501
v 0.61351903 -0.15791402 0.40543222
v 0.61351903 -0.15792788 0.40545302
v 0.61350457 -0.15837395 0.40515582
v 0.61346119 -0.15877484 0.40488871
v 0.61338888 -0.15913053 0.40465172
v 0.61328765 -0.15944105 0.40444483
f 73 74 82
f 82 74 81
f 81 74 75
f 81 75 80
f 80 75 76
f 80 76 79
f 79 76 77
f 79 77 78
f 83 84 92
f 92 84 91
f 91 84 85
f 91 85 90
f 90 85 86
f 90 86 89
f 89 86 87
f 89 87 88
f 93 94 102
f 102 94 101
f 101 94 95
f 101 95 100
f 100 95 96
f 100 96 99
f 99 96 97
f 99 97 98
f 103 104 112
f 112 104 111
f 111 104 105
f 111 105 110
f 110 105 106
f 110 106 109
f 109 106 107
f 109 107 108
f 113 114 122
f 122 114 121
f 121 114 115
f 121 115 120
f 120 115 116
f 120 116 119
f 119 116 117
f 119 117 118
f 124 162 123
f 123 162 163
f 123 163 154
f 154 163 164
f 154 164 153
f 153 164 165
f 153 165 152
f 152 165 166
f 152 166 151
f 151 166 167
f 151 167 168
f 162 124 161
f 161 124 125
f 161 125 160
f 160 125 126
f 160 126 159
f 159 126 127
f 159 127 128
f 159 128 158
f 158 128 129
f 158 129 130
f 158 130 157
f 157 130 131
f 157 131 156
f 156 131 132
f 156 132 155
f 155 132 133
f 155 133 186
f 186 133 134
f 186 134 185
f 185 134 184
f 184 134 135
f 184 135 183
f 183 135 182
f 182 135 136
f 182 136 181
f 181 136 137
f 181 137 180
f 180 137 138
f 180 138 179
f 179 138 139
f 179 139 178
f 178 139 140
f 178 140 177
f 177 140 141
f 177 141 176
f 176 141 142
f 176 142 175
f 175 142 143
f 175 143 144
f 175 144 174
f 174 144 145
f 174 145 146
f 174 146 173
f 173 146 147
f 173 147 172
f 172 147 148
f 172 148 171
f 171 148 149
f 171 149 170
f 170 149 150
f 170 150 169
f 169 150 168
f 168 150 151
f 187 188 196
f 196 188 195
f 195 188 189
f 195 189 194
f 194 189 190
f 194 190 193
f 193 190 191
f 193 191 192
f 197 198 206
f 206 198 205
f 205 198 199
f 205 199 204
f 204 199 200
f 204 200 203
f 203 200 201
f 203 201 202
f 207 208 216
f 216 208 215
f 215 208 209
f 215 209 214
f 214 209 210
f 214 210 213
f 213 210 211
f 213 211 212
f 217 218 226
f 226 218 225
f 225 218 219
f 225 219 224
f 224 219 220
f 224 220 223
f 223 220 221
f 223 221 222
f 258 227 259
f 259 227 228
f 259 228 290
f 290 228 229
f 290 229 289
f 289 229 230
f 289 230 288
f 288 230 231
f 288 231 287
f 287 231 232
f 287 232 286
f 286 232 233
f 286 233 285
f 285 233 234
f 285 234 284
f 284 234 235
f 284 235 283
f 283 235 282
f 282 235 236
f 282 236 281
f 281 236 280
f 280 236 237
f 280 237 279
f 279 237 238
f 279 238 278
f 278 238 239
f 278 239 277
f 277 239 240
f 277 240 276
f 276 240 241
f 276 241 242
f 276 242 275
f 275 242 243
f 275 243 244
f 275 244 274
f 274 244 245
f 274 245 273
f 273 245 246
f 273 246 272
f 272 246 247
f 272 247 271
f 271 247 248
f 271 248 270
f 270 248 249
f 270 249 269
f 269 249 250
f 269 250 268
f 268 250 251
f 268 251 267
f 267 251 266
f 266 251 252
f 266 252 265
f 265 252 264
f 264 252 253
f 264 253 263
f 263 253 254
f 263 254 262
f 262 254 255
f 262 255 261
f 261 255 256
f 261 256 260
f 260 256 257
f 260 257 258
f 260 258 259
f 291 292 296
f 296 292 295
f 295 292 293
f 295 293 294
f 297 298 302
f 302 298 301
f 301 298 299
f 301 299 300
f 303 304 312
f 312 304 311
f 311 304 305
f 311 305 310
f 310 305 306
f 310 306 309
f 309 306 307
f 309 307 308
f 313 314 318
f 318 314 317
f 317 314 315
f 317 315 316
f 319 320 328
f 328 320 327
f 327 320 321
f 327 321 326
f 326 321 322
f 326 322 325
f 325 322 323
f 325 323 324
f 329 330 334
f 334 330 333
f 333 330 331
f 333 331 332
f 335 336 340
f 340 336 339
f 339 336 337
f 339 337 338
f 341 342 346
f 346 342 345
f 345 342 343
f 345 343 344
f 347 348 352
f 352 348 351
f 351 348 349
f 351 349 350
f 353 354 358
f 358 354 357
f 357 354 355
f 357 355 356
f 359 360 368
f 368 360 367
f 367 360 361
f 367 361 366
f 366 361 362
f 366 362 365
f 365 362 363
f 365 363 364
v 0.62009802 -0.15791402 0.40543222
v 0.6201234 -0.15730979 0.4058348
v 0.62019952 -0.15680866 0.40616869
v 0.6203264 -0.15641061 0.40643391
v 0.62050403 -0.15611565 0.40663043
v 0.62050403 -0.15612951 0.40665124
v 0.6203264 -0.15642447 0.40645471
v 0.62019952 -0.15682252 0.4061895
v 0.6201234 -0.15732365 0.40585561
v 0.62009802 -0.15792788 0.40545302
v 0.62050403 -0.15611565 0.40663043
v 0.6206792 -0.15594875 0.40674163
v 0.62088165 -0.15582954 0.40682106
v 0.62111139 -0.15575802 0.40686871
v 0.62136842 -0.15573418 0.4068846
v 0.62136842 -0.15574804 0.4069054
v 0.62111139 -0.15577188 0.40688952
v 0.62088165 -0.15584341 0.40684186
v 0.6206792 -0.15596261 0.40676244
v 0.62050403 -0.15612951 0.40665124
v 0.62228738 -0.15616651 0.40659654
v 0.62244877 -0.15643786 0.40641575
v 0.62256405 -0.15681956 0.40616143
v 0.62263322 -0.15731161 0.40583359
v 0.62265627 -0.15791402 0.40543222
v 0.62265627 -0.15792788 0.40545302
v 0.62263322 -0.15732547 0.40585439
v 0.62256405 -0.15683342 0.40618224
v 0.62244877 -0.15645172 0.40643656
v 0.62228738 -0.15618037 0.40661735
v 0.62265627 -0.15791402 0.40543222
v 0.62263322 -0.15851347 0.40503282
v 0.62256405 -0.15900393 0.40470603
v 0.62244877 -0.15938541 0.40445186
v 0.62228738 -0.15965789 0.40427031
v 0.62228738 -0.15967175 0.40429112
v 0.62244877 -0.15939927 0.40447267
v 0.62256405 -0.1590178 0.40472683
v 0.62263322 -0.15852733 0.40505362
v 0.62265627 -0.15792788 0.40545302
v 0.62228738 -0.15965789 0.40427031
v 0.62209216 -0.15984862 0.40414323
v 0.62187538 -0.15998487 0.40405245
v 0.62163704 -0.16006661 0.40399799
v 0.62137715 -0.16009386 0.40397984
v 0.62137715 -0.16010772 0.40400064
v 0.62163704 -0.16008047 0.40401879
v 0.62187538 -0.15999873 0.40407326
v 0.62209216 -0.15986248 0.40416404
v 0.62228738 -0.15967175 0.40429112
v 0.6199234 -0.16007933 0.40398952
v 0.61964645 -0.15969467 0.40424581
v 0.61944864 -0.15920557 0.40457168
v 0.61932995 -0.15861202 0.40496716
v 0.61929039 -0.15791402 0.40543222
v 0.61930498 -0.15746477 0.40573154
v 0.61934877 -0.15706161 0.40600016
v 0.61942176 -0.15670455 0.40623806
v 0.61952394 -0.15639358 0.40644525
v 0.61981426 -0.15588358 0.40678505
v 0.62021808 -0.15550529 0.4070371
v 0.62073813 -0.15527096 0.40719323
v 0.62137715 -0.15519285 0.40724527
v 0.62186064 -0.15523599 0.40721653
v 0.62228083 -0.15536542 0.40713029
v 0.62263554 -0.15557614 0.4069899
v 0.62292258 -0.15586315 0.40679867
v 0.6231485 -0.15622373 0.40655842
v 0.62331985 -0.15665516 0.40627097
v 0.6234279 -0.1572033 0.40590575
v 0.62346392 -0.15791402 0.40543222
v 0.62344946 -0.15836009 0.40513501
v 0.62340607 -0.15876098 0.40486791
v 0.62333377 -0.15911667 0.40463091
v 0.62323254 -0.15942719 0.40442403
v 0.62294386 -0.15993764 0.40408392
v 0.62254059 -0.16031729 0.40383097
v 0.62201944 -0.16055298 0.40367393
v 0.62137715 -0.16063155 0.40362158
v 0.62093922 -0.16059704 0.40364458
v 0.62055096 -0.16049349 0.40371357
v 0.62021235 -0.16032092 0.40382855
v 0.62050403 -0.15611565 0.40663043
v 0.6203264 -0.15641061 0.40643391
v 0.62019952 -0.15680866 0.40616869
v 0.6201234 -0.15730979 0.4058348
v 0.62009802 -0.15791402 0.40543222
v 0.62012108 -0.15851494 0.40503183
v 0.62019025 -0.1590062 0.40470452
v 0.62030552 -0.15938779 0.40445027
v 0.62046691 -0.1596597 0.40426911
v 0.62066214 -0.15984964 0.40414255
v 0.62087893 -0.15998532 0.40405215
v 0.62111726 -0.16006672 0.40399792
v 0.62137715 -0.16009386 0.40397984
v 0.62163704 -0.16006661 0.40399799
v 0.62187538 -0.15998487 0.40405245
v 0.62209216 -0.15984862 0.40414323
v 0.62228738 -0.15965789 0.40427031
v 0.62244877 -0.15938541 0.40445186
v 0.62256405 -0.15900393 0.40470603
v 0.62263322 -0.15851347 0.40503282
v 0.62265627 -0.15791402 0.40543222
v 0.62263322 -0.15731161 0.40583359
v 0.62256405 -0.15681956 0.40616143
v 0.62244877 -0.15643786 0.40641575
v 0.62228738 -0.15616651 0.40659654
v 0.62209161 -0.15597736 0.40672257
v 0.62187319 -0.15584226 0.40681259
v 0.62163213 -0.1557612 0.4068666
v 0.62136842 -0.15573418 0.4068846
v 0.62111139 -0.15575802 0.40686871
v 0.62088165 -0.15582954 0.40682106
v 0.6206792 -0.15594875 0.40674163
v 0.62136842 -0.15573418 0.4068846
v 0.62163213 -0.1557612 0.4068666
v 0.62187319 -0.15584226 0.40681259
v 0.62209161 -0.15597736 0.40672257
v 0.62228738 -0.15616651 0.40659654
v 0.62228738 -0.15618037 0.40661735
v 0.62209161 -0.15599122 0.40674338
v 0.62187319 -0.15585612 0.40683339
v 0.62163213 -0.15577506 0.4068874
v 0.62136842 -0.15574804 0.4069054
v 0.62137715 -0.16009386 0.40397984
v 0.62111726 -0.16006672 0.40399792
v 0.62087893 -0.15998532 0.40405215
v 0.62066214 -0.15984964 0.40414255
v 0.62046691 -0.1596597 0.40426911
v 0.62046691 -0.15967356 0.40428991
v 0.62066214 -0.15986351 0.40416336
v 0.62087893 -0.15999918 0.40407296
v 0.62111726 -0.16008059 0.40401872
v 0.62137715 -0.16010772 0.40400064
v 0.62046691 -0.1596597 0.40426911
v 0.62030552 -0.15938779 0.40445027
v 0.62019025 -0.1590062 0.40470452
v 0.62012108 -0.15851494 0.40503183
v 0.62009802 -0.15791402 0.40543222
v 0.62009802 -0.15792788 0.40545302
v 0.62012108 -0.15852881 0.40505264
v 0.62019025 -0.15902007 0.40472532
v 0.62030552 -0.15940165 0.40447108
v 0.62046691 -0.15967356 0.40428991
v 0.61952394 -0.15639358 0.40644525
v 0.61942176 -0.15670455 0.40623806
v 0.61934877 -0.15706161 0.40600016
v 0.61930498 -0.15746477 0.40573154
v 0.61929039 -0.15791402 0.40543222
v 0.61929039 -0.15792788 0.40545302
v 0.61930498 -0.15747863 0.40575235
v 0.61934877 -0.15707547 0.40602096
v 0.61942176 -0.15671841 0.40625887
v 0.61952394 -0.15640744 0.40646606
v 0.61929039 -0.15792788 0.40545302
v 0.61932995 -0.15862588 0.40498796
v 0.61944864 -0.15921943 0.40459249
v 0.61964645 -0.15970853 0.40426661
v 0.6199234 -0.16009319 0.40401032
v 0.62021235 -0.16033478 0.40384935
v 0.62055096 -0.16050735 0.40373437
v 0.62093922 -0.1606109 0.40366538
v 0.62137715 -0.16064542 0.40364239
v 0.62201944 -0.16056684 0.40369474
v 0.62254059 -0.16033116 0.40385177
v 0.62294386 -0.1599515 0.40410473
v 0.62323254 -0.15944105 0.40444483
v 0.62333377 -0.15913053 0.40465172
v 0.62340607 -0.15877484 0.40488871
v 0.62344946 -0.15837395 0.40515582
v 0.62346392 -0.15792788 0.40545302
v 0.6234279 -0.15721716 0.40592656
v 0.62331985 -0.15666902 0.40629177
v 0.6231485 -0.1562376 0.40657922
v 0.62292258 -0.15587701 0.40681947
v 0.62263554 -0.15559 0.4070107
v 0.62228083 -0.15537928 0.4071511
v 0.62186064 -0.15524985 0.40723733
v 0.62137715 -0.15520671 0.40726608
v 0.62073813 -0.15528482 0.40721404
v 0.62021808 -0.15551915 0.40705791
v 0.61981426 -0.15589745 0.40680586
v 0.61952394 -0.15640744 0.40646606
v 0.61942176 -0.15671841 0.40625887
v 0.61934877 -0.15707547 0.40602096
v 0.61930498 -0.15747863 0.40575235
v 0.62009802 -0.15792788 0.40545302
v 0.6201234 -0.15732365 0.40585561
v 0.62019952 -0.15682252 0.4061895
v 0.6203264 -0.15642447 0.40645471
v 0.62050403 -0.15612951 0.40665124
v 0.6206792 -0.15596261 0.40676244
v 0.62088165 -0.15584341 0.40684186
v 0.62111139 -0.15577188 0.40688952
v 0.62136842 -0.15574804 0.4069054
v 0.62163213 -0.15577506 0.4068874
v 0.62187319 -0.15585612 0.40683339
v 0.62209161 -0.15599122 0.40674338
v 0.62228738 -0.15618037 0.40661735
v 0.62244877 -0.15645172 0.40643656
v 0.62256405 -0.15683342 0.40618224
v 0.62263322 -0.15732547 0.40585439
v 0.62265627 -0.15792788 0.40545302
v 0.62263322 -0.15852733 0.40505362
v 0.62256405 -0.1590178 0.40472683
v 0.62244877 -0.15939927 0.40447267
v 0.62228738 -0.15967175 0.40429112
v 0.62209216 -0.15986248 0.40416404
v 0.62187538 -0.15999873 0.40407326
v 0.62163704 -0.16008047 0.40401879
v 0.62137715 -0.16010772 0.40400064
v 0.62111726 -0.16008059 0.40401872
v 0.62087893 -0.15999918 0.40407296
v 0.62066214 -0.15986351 0.40416336
v 0.62046691 -0.15967356 0.40428991
v 0.62030552 -0.15940165 0.40447108
v 0.62019025 -0.15902007 0.40472532
v 0.62012108 -0.15852881 0.40505264
v 0.62021808 -0.15550529 0.4070371
v 0.61981426 -0.15588358 0.40678505
v 0.61952394 -0.15639358 0.40644525
v 0.61952394 -0.15640744 0.40646606
v 0.61981426 -0.15589745 0.40680586
v 0.62021808 -0.15551915 0.40705791
v 0.62137715 -0.15519285 0.40724527
v 0.62073813 -0.15527096 0.40719323
v 0.62021808 -0.15550529 0.4070371
v 0.62021808 -0.15551915 0.40705791
v 0.62073813 -0.15528482 0.40721404
v 0.62137715 -0.15520671 0.40726608
v 0.61929039 -0.15791402 0.40543222
v 0.61932995 -0.15861202 0.40496716
v 0.61944864 -0.15920557 0.40457168
v 0.61964645 -0.15969467 0.40424581
v 0.6199234 -0.16007933 0.40398952
v 0.6199234 -0.16009319 0.40401032
v 0.61964645 -0.15970853 0.40426661
v 0.61944864 -0.15921943 0.40459249
v 0.61932995 -0.15862588 0.40498796
v 0.61929039 -0.15792788 0.40545302
v 0.62228083 -0.15536542 0.40713029
v 0.62186064 -0.15523599 0.40721653
v 0.62137715 -0.15519285 0.40724527
v 0.62137715 -0.15520671 0.40726608
v 0.62186064 -0.15524985 0.40723733
v 0.62228083 -0.15537928 0.4071511
v 0.6199234 -0.16007933 0.40398952
v 0.62021235 -0.16032092 0.40382855
v 0.62055096 -0.16049349 0.40371357
v 0.62093922 -0.16059704 0.40364458
v 0.62137715 -0.16063155 0.40362158
v 0.62137715 -0.16064542 0.40364239
v 0.62093922 -0.1606109 0.40366538
v 0.62055096 -0.16050735 0.40373437
v 0.62021235 -0.16033478 0.40384935
v 0.6199234 -0.16009319 0.40401032
v 0.62292258 -0.15586315 0.40679867
v 0.62263554 -0.15557614 0.4069899
v 0.62228083 -0.15536542 0.40713029
v 0.62228083 -0.15537928 0.4071511
v 0.62263554 -0.15559 0.4070107
v 0.62292258 -0.15587701 0.40681947
v 0.62137715 -0.16063155 0.40362158
v 0.62201944 -0.16055298 0.40367393
v 0.62254059 -0.16031729 0.40383097
v 0.62254059 -0.16033116 0.40385177
v 0.62201944 -0.16056684 0.40369474
v 0.62137715 -0.16064542 0.40364239
v 0.62331985 -0.15665516 0.40627097
v 0.6231485 -0.15622373 0.40655842
v 0.62292258 -0.15586315 0.40679867
v 0.62292258 -0.15587701 0.40681947
v 0.6231485 -0.1562376 0.40657922
v 0.62331985 -0.15666902 0.40629177
v 0.62254059 -0.16031729 0.40383097
v 0.62294386 -0.15993764 0.40408392
v 0.62323254 -0.15942719 0.40442403
v 0.62323254 -0.15944105 0.40444483
v 0.62294386 -0.1599515 0.40410473
v 0.62254059 -0.16033116 0.40385177
v 0.62346392 -0.15791402 0.40543222
v 0.6234279 -0.1572033 0.40590575
v 0.62331985 -0.15665516 0.40627097
v 0.62331985 -0.15666902 0.40629177
v 0.6234279 -0.15721716 0.40592656
v 0.62346392 -0.15792788 0.40545302
v 0.62323254 -0.15942719 0.40442403
v 0.62333377 -0.15911667 0.40463091
v 0.62340607 -0.15876098 0.40486791
v 0.62344946 -0.15836009 0.40513501
v 0.62346392 -0.15791402 0.40543222
v 0.62346392 -0.15792788 0.40545302
v 0.62344946 -0.15837395 0.40515582
v 0.62340607 -0.15877484 0.40488871
v 0.62333377 -0.15913053 0.40465172
v 0.62323254 -0.15944105 0.40444483
f 369 370 378
f 378 370 377
f 377 370 371
f 377 371 376
f 376 371 372
f 376 372 375
f 375 372 373
f 375 373 374
f 379 380 388
f 388 380 387
f 387 380 381
f 387 381 386
f 386 381 382
f 386 382 385
f 385 382 383
f 385 383 384
f 389 390 398
f 398 390 397
f 397 390 391
f 397 391 396
f 396 391 392
f 396 392 395
f 395 392 393
f 395 393 394
f 399 400 408
f 408 400 407
f 407 400 401
f 407 401 406
f 406 401 402
f 406 402 405
f 405 402 403
f 405 403 404
f 409 410 418
f 418 410 417
f 417 410 411
f 417 411 416
f 416 411 412
f 416 412 415
f 415 412 413
f 415 413 414
f 420 458 419
f 419 458 459
f 419 459 450
f 450 459 460
f 450 460 449
f 449 460 461
f 449 461 448
f 448 461 462
f 448 462 447
f 447 462 463
f 447 463 464
f 458 420 457
f 457 420 421
f 457 421 456
f 456 421 422
f 456 422 455
f 455 422 423
f 455 423 424
f 455 424 454
f 454 424 425
f 454 425 426
f 454 426 453
f 453 426 427
f 453 427 452
f 452 427 428
f 452 428 451
f 451 428 429
f 451 429 482
f 482 429 430
f 482 430 481
f 481 430 480
f 480 430 431
f 480 431 479
f 479 431 478
f 478 431 432
f 478 432 477
f 477 432 433
f 477 433 476
f 476 433 434
f 476 434 475
f 475 434 435
f 475 435 474
f 474 435 436
f 474 436 473
f 473 436 437
f 473 437 472
f 472 437 438
f 472 438 471
f 471 438 439
f 471 439 440
f 471 440 470
f 470 440 441
f 470 441 442
f 470 442 469
f 469 442 443
f 469 443 468
f 468 443 444
f 468 444 467
f 467 444 445
f 467 445 466
f 466 445 446
f 466 446 465
f 465 446 464
f 464 446 447
f 483 484 492
f 492 484 491
f 491 484 485
f 491 485 490
f 490 485 486
f 490 486 489
f 489 486 487
f 489 487 488
f 493 494 502
f 502 494 501
f 501 494 495
f 501 495 500
f 500 495 496
f 500 496 499
f 499 496 497
f 499 497 498
f 503 504 512
f 512 504 511
f 511 504 505
f 511 505 510
f 510 505 506
f 510 506 509
f 509 506 507
f 509 507 508
f 513 514 522
f 522 514 521
f 521 514 515
f 521 515 520
f 520 515 516
f 520 516 519
f 519 516 517
f 519 517 518
f 554 523 555
f 555 523 524
f 555 524 586
f 586 524 525
f 586 525 585
f 585 525 526
f 585 526 584
f 584 526 527
f 584 527 583
f 583 527 528
f 583 528 582
f 582 528 529
f 582 529 581
f 581 529 530
f 581 530 580
f 580 530 531
f 580 531 579
f 579 531 578
f 578 531 532
f 578 532 577
f 577 532 576
f 576 532 533
f 576 533 575
f 575 533 534
f 575 534 574
f 574 534 535
f 574 535 573
f 573 535 536
f 573 536 572
f 572 536 537
f 572 537 538
f 572 538 571
f 571 538 539
f 571 539 540
f 571 540 570
f 570 540 541
f 570 541 569
f 569 541 542
f 569 542 568
f 568 542 543
f 568 543 567
f 567 543 544
f 567 544 566
f 566 544 545
f 566 545 565
f 565 545 546
f 565 546 564
f 564 546 547
f 564 547 563
f 563 547 562
f 562 547 548
f 562 548 561
f 561 548 560
f 560 548 549
f 560 549 559
f 559 549 550
f 559 550 558
f 558 550 551
f 558 551 557
f 557 551 552
f 557 552 556
f 556 552 553
f 556 553 554
f 556 554 555
f 587 588 592
f 592 588 591
f 591 588 589
f 591 589 590
f 593 594 598
f 598 594 597
f 597 594 595
f 597 595 596
f 599 600 608
f 608 600 607
f 607 600 601
f 607 601 606
f 606 601 602
f 606 602 605
f 605 602 603
f 605 603 604
f 609 610 614
f 614 610 613
f 613 610 611
f 613 611 612
f 615 616 624
f 624 616 623
f 623 616 617
f 623 617 622
f 622 617 618
f 622 618 621
f 621 618 619
f 621 619 620
f 625 626 630
f 630 626 629
f 629 626 627
f 629 627 628
f 631 632 636
f 636 632 635
f 635 632 633
f 635 633 634
f 637 638 642
f 642 638 641
f 641 638 639
f 641 639 640
f 643 644 648
f 648 644 647
f 647 644 645
f 647 645 646
f 649 650 654
f 654 650 653
f 653 650 651
f 653 651 652
f 655 656 664
f 664 656 663
f 663 656 657
f 663 657 662
f 662 657 658
f 662 658 661
f 661 658 659
f 661 659 660
v 0.63962544 -0.16054072 0.4036821
v 0.64047238 -0.16054072 0.4036821
v 0.64047238 -0.16055458 0.40370291
v 0.63962544 -0.16055458 0.40370291
v 0.64047238 -0.16054072 0.4036821
v 0.64047238 -0.15584317 0.40681198
v 0.64047238 -0.15585703 0.40683278
v 0.64047238 -0.16055458 0.40370291
v 0.6425897 -0.15584317 0.40681198
v 0.6425897 -0.15521465 0.40723075
v 0.6425897 -0.15522851 0.40725155
v 0.6425897 -0.15585703 0.40683278
v 0.6425897 -0.15521465 0.40723075
v 0.63751685 -0.15521465 0.40723075
v 0.63751685 -0.15522851 0.40725155
v 0.6425897 -0.15522851 0.40725155
v 0.63751685 -0.15521465 0.40723075
v 0.63751685 -0.15584317 0.40681198
v 0.63751685 -0.15585703 0.40683278
v 0.63751685 -0.15522851 0.40725155
v 0.64047238 -0.16054072 0.4036821
v 0.63962544 -0.16054072 0.4036821
v 0.63962544 -0.15584317 0.40681198
v 0.63751685 -0.15584317 0.40681198
v 0.63751685 -0.15521465 0.40723075
v 0.6425897 -0.15521465 0.40723075
v 0.6425897 -0.15584317 0.40681198
v 0.64047238 -0.15584317 0.40681198
v 0.64047238 -0.15584317 0.40681198
v 0.6425897 -0.15584317 0.40681198
v 0.6425897 -0.15585703 0.40683278
v 0.64047238 -0.15585703 0.40683278
v 0.63751685 -0.15584317 0.40681198
v 0.63962544 -0.15584317 0.40681198
v 0.63962544 -0.15585703 0.40683278
v 0.63751685 -0.15585703 0.40683278
v 0.63962544 -0.15584317 0.40681198
v 0.63962544 -0.16054072 0.4036821
v 0.63962544 -0.16055458 0.40370291
v 0.63962544 -0.15585703 0.40683278
v 0.63962544 -0.16055458 0.40370291
v 0.64047238 -0.16055458 0.40370291
v 0.64047238 -0.15585703 0.40683278
v 0.6425897 -0.15585703 0.40683278
v 0.6425897 -0.15522851 0.40725155
v 0.63751685 -0.15522851 0.40725155
v 0.63751685 -0.15585703 0.40683278
v 0.63962544 -0.15585703 0.40683278
f 665 666 668
f 668 666 667
f 669 670 672
f 672 670 671
f 673 674 676
f 676 674 675
f 677 678 680
f 680 678 679
f 681 682 684
f 684 682 683
f 685 686 692
f 692 686 687
f 692 687 689
f 689 687 688
f 689 690 692
f 692 690 691
f 693 694 696
f 696 694 695
f 697 698 700
f 700 698 699
f 701 702 704
f 704 702 703
f 705 706 712
f 712 706 707
f 712 707 710
f 710 707 709
f 709 707 708
f 710 711 712
v 0.69962655 -0.15882955 0.40482222
v 0.69972313 -0.15933591 0.40448484
v 0.69997798 -0.15978686 0.40418438
v 0.69997798 -0.15980072 0.40420519
v 0.69972313 -0.15934977 0.40450565
v 0.69962655 -0.15884341 0.40484303
v 0.70390484 -0.15909476 0.40464551
v 0.70385955 -0.15933227 0.40448726
v 0.70372368 -0.15955071 0.40434172
v 0.70372368 -0.15956457 0.40436253
v 0.70385955 -0.15934614 0.40450807
v 0.70390484 -0.15910862 0.40466632
v 0.70317143 -0.1598795 0.40412266
v 0.70277197 -0.15996942 0.40406275
v 0.70231576 -0.1599994 0.40404277
v 0.70231576 -0.16001326 0.40406358
v 0.70277197 -0.15998328 0.40408355
v 0.70317143 -0.15989336 0.40414346
v 0.70231576 -0.1599994 0.40404277
v 0.70179735 -0.15995989 0.4040691
v 0.70133349 -0.15984136 0.40414807
v 0.70133349 -0.15985522 0.40416888
v 0.70179735 -0.15997375 0.4040899
v 0.70231576 -0.16001326 0.40406358
v 0.70133349 -0.15984136 0.40414807
v 0.70095423 -0.1596588 0.40426971
v 0.70068957 -0.15942719 0.40442403
v 0.70068957 -0.15944105 0.40444483
v 0.70095423 -0.15967266 0.40429051
v 0.70133349 -0.15985522 0.40416888
v 0.69997798 -0.15978686 0.40418438
v 0.69972313 -0.15933591 0.40448484
v 0.69962655 -0.15882955 0.40482222
v 0.70042546 -0.15877142 0.40486095
v 0.70051986 -0.15913518 0.40461858
v 0.70068957 -0.15942719 0.40442403
v 0.70095423 -0.1596588 0.40426971
v 0.70133349 -0.15984136 0.40414807
v 0.70179735 -0.15995989 0.4040691
v 0.70231576 -0.1599994 0.40404277
v 0.70277197 -0.15996942 0.40406275
v 0.70317143 -0.1598795 0.40412266
v 0.70349503 -0.15973736 0.40421736
v 0.70372368 -0.15955071 0.40434172
v 0.70385955 -0.15933227 0.40448726
v 0.70390484 -0.15909476 0.40464551
v 0.70386119 -0.15885997 0.40480195
v 0.70373023 -0.15865698 0.4049372
v 0.70349886 -0.15848487 0.40505187
v 0.70315396 -0.15834272 0.40514659
v 0.70298616 -0.15829514 0.40517828
v 0.70274032 -0.15823599 0.40521769
v 0.70241644 -0.15816526 0.40526482
v 0.70201453 -0.15808295 0.40531966
v 0.70160662 -0.1579961 0.40537753
v 0.70126474 -0.15791175 0.40543373
v 0.70098889 -0.15782988 0.40548827
v 0.70077906 -0.15775053 0.40554115
v 0.70037906 -0.15752664 0.40569032
v 0.70009585 -0.15725462 0.40587156
v 0.69992722 -0.15694081 0.40608065
v 0.69987101 -0.15659158 0.40631333
v 0.69993977 -0.15620148 0.40657325
v 0.70014605 -0.15583772 0.40681561
v 0.7004844 -0.15552936 0.40702106
v 0.70094933 -0.15530548 0.40717023
v 0.70150704 -0.15516924 0.40726101
v 0.70212369 -0.15512382 0.40729127
v 0.70279326 -0.15517151 0.40725949
v 0.7033788 -0.15531456 0.40716418
v 0.70385956 -0.15555025 0.40700714
v 0.70421481 -0.15587586 0.4067902
v 0.70443964 -0.15627096 0.40652695
v 0.70452914 -0.1567151 0.40623103
v 0.70371712 -0.15676597 0.40619714
v 0.70357361 -0.15632273 0.40649246
v 0.70327403 -0.15600302 0.40670547
v 0.70280635 -0.15580956 0.40683437
v 0.70215861 -0.15574508 0.40687734
v 0.70149449 -0.15580366 0.40683831
v 0.70103882 -0.15597941 0.40672121
v 0.70077526 -0.15623781 0.40654904
v 0.70068739 -0.15654435 0.4063448
v 0.7007496 -0.15680593 0.40617051
v 0.70093623 -0.15701665 0.40603011
v 0.70110772 -0.15710986 0.40596801
v 0.70137771 -0.1572042 0.40590515
v 0.70174619 -0.15729969 0.40584153
v 0.70221318 -0.15739631 0.40577716
v 0.70268889 -0.15749043 0.40571445
v 0.70308358 -0.15757841 0.40565583
v 0.70339721 -0.15766027 0.40560129
v 0.70362982 -0.157736 0.40555083
v 0.7041155 -0.15797896 0.40538895
v 0.70445492 -0.15827914 0.40518895
v 0.70465465 -0.15863291 0.40495323
v 0.70472123 -0.15903663 0.40468424
v 0.7046481 -0.15944944 0.4044092
v 0.70442872 -0.15983772 0.40415049
v 0.70407238 -0.16017197 0.40392779
v 0.70358834 -0.16042265 0.40376077
v 0.70300607 -0.16057932 0.40365638
v 0.70235505 -0.16063155 0.40362158
v 0.70155669 -0.16057887 0.40365668
v 0.70089913 -0.16042083 0.40376198
v 0.70037526 -0.16015698 0.40393778
v 0.70372368 -0.15955071 0.40434172
v 0.70349503 -0.15973736 0.40421736
v 0.70317143 -0.1598795 0.40412266
v 0.70317143 -0.15989336 0.40414346
v 0.70349503 -0.15975122 0.40423817
v 0.70372368 -0.15956457 0.40436253
v 0.70068957 -0.15942719 0.40442403
v 0.70051986 -0.15913518 0.40461858
v 0.70042546 -0.15877142 0.40486095
v 0.70042546 -0.15878528 0.40488175
v 0.70051986 -0.15914904 0.40463939
v 0.70068957 -0.15944105 0.40444483
v 0.70042546 -0.15877142 0.40486095
v 0.69962655 -0.15882955 0.40482222
v 0.69962655 -0.15884341 0.40484303
v 0.70042546 -0.15878528 0.40488175
v 0.69962655 -0.15884341 0.40484303
v 0.69972313 -0.15934977 0.40450565
v 0.69997798 -0.15980072 0.40420519
v 0.70037526 -0.16017085 0.40395858
v 0.70089913 -0.16043469 0.40378278
v 0.70155669 -0.16059273 0.40367749
v 0.70235505 -0.16064542 0.40364239
v 0.70300607 -0.16059319 0.40367719
v 0.70358834 -0.16043651 0.40378157
v 0.70407238 -0.16018583 0.4039486
v 0.70442872 -0.15985159 0.4041713
v 0.7046481 -0.1594633 0.40443
v 0.70472123 -0.15905049 0.40470505
v 0.70465465 -0.15864677 0.40497404
v 0.70445492 -0.158293 0.40520975
v 0.7041155 -0.15799282 0.40540976
v 0.70362982 -0.15774986 0.40557163
v 0.70339721 -0.15767413 0.40562209
v 0.70308358 -0.15759227 0.40567663
v 0.70268889 -0.15750429 0.40573525
v 0.70221318 -0.15741017 0.40579796
v 0.70174619 -0.15731355 0.40586234
v 0.70137771 -0.15721807 0.40592596
v 0.70110772 -0.15712372 0.40598882
v 0.70093623 -0.15703051 0.40605092
v 0.7007496 -0.15681979 0.40619132
v 0.70068739 -0.15655821 0.4063656
v 0.70077526 -0.15625167 0.40656984
v 0.70103882 -0.15599327 0.40674201
v 0.70149449 -0.15581752 0.40685911
v 0.70215861 -0.15575894 0.40689814
v 0.70280635 -0.15582342 0.40685518
v 0.70327403 -0.15601688 0.40672628
v 0.70357361 -0.15633659 0.40651326
v 0.70371712 -0.15677983 0.40621794
v 0.70452914 -0.15672897 0.40625183
v 0.70443964 -0.15628483 0.40654775
v 0.70421481 -0.15588972 0.406811
v 0.70385956 -0.15556411 0.40702795
v 0.7033788 -0.15532842 0.40718499
v 0.70279326 -0.15518537 0.4072803
v 0.70212369 -0.15513768 0.40731207
v 0.70150704 -0.1551831 0.40728181
v 0.70094933 -0.15531934 0.40719104
v 0.7004844 -0.15554323 0.40704187
v 0.70014605 -0.15585158 0.40683642
v 0.69993977 -0.15621534 0.40659405
v 0.69987101 -0.15660544 0.40633413
v 0.69992722 -0.15695467 0.40610145
v 0.70009585 -0.15726848 0.40589237
v 0.70037906 -0.1575405 0.40571112
v 0.70077906 -0.15776439 0.40556195
v 0.70098889 -0.15784375 0.40550908
v 0.70126474 -0.15792561 0.40545453
v 0.70160662 -0.15800996 0.40539833
v 0.70201453 -0.15809682 0.40534046
v 0.70241644 -0.15817913 0.40528562
v 0.70274032 -0.15824986 0.4052385
v 0.70298616 -0.15830901 0.40519909
v 0.70315396 -0.15835658 0.40516739
v 0.70349886 -0.15849873 0.40507268
v 0.70373023 -0.15867084 0.40495801
v 0.70386119 -0.15887384 0.40482275
v 0.70390484 -0.15910862 0.40466632
v 0.70385955 -0.15934614 0.40450807
v 0.70372368 -0.15956457 0.40436253
v 0.70349503 -0.15975122 0.40423817
v 0.70317143 -0.15989336 0.40414346
v 0.70277197 -0.15998328 0.40408355
v 0.70231576 -0.16001326 0.40406358
v 0.70179735 -0.15997375 0.4040899
v 0.70133349 -0.15985522 0.40416888
v 0.70095423 -0.15967266 0.40429051
v 0.70068957 -0.15944105 0.40444483
v 0.70051986 -0.15914904 0.40463939
v 0.70042546 -0.15878528 0.40488175
v 0.70373023 -0.15865698 0.4049372
v 0.70386119 -0.15885997 0.40480195
v 0.70390484 -0.15909476 0.40464551
v 0.70390484 -0.15910862 0.40466632
v 0.70386119 -0.15887384 0.40482275
v 0.70373023 -0.15867084 0.40495801
v 0.69997798 -0.15978686 0.40418438
v 0.70037526 -0.16015698 0.40393778
v 0.70089913 -0.16042083 0.40376198
v 0.70089913 -0.16043469 0.40378278
v 0.70037526 -0.16017085 0.40395858
v 0.69997798 -0.15980072 0.40420519
v 0.70315396 -0.15834272 0.40514659
v 0.70349886 -0.15848487 0.40505187
v 0.70373023 -0.15865698 0.4049372
v 0.70373023 -0.15867084 0.40495801
v 0.70349886 -0.15849873 0.40507268
v 0.70315396 -0.15835658 0.40516739
v 0.70089913 -0.16042083 0.40376198
v 0.70155669 -0.16057887 0.40365668
v 0.70235505 -0.16063155 0.40362158
v 0.70235505 -0.16064542 0.40364239
v 0.70155669 -0.16059273 0.40367749
v 0.70089913 -0.16043469 0.40378278
v 0.70201453 -0.15808295 0.40531966
v 0.70241644 -0.15816526 0.40526482
v 0.70274032 -0.15823599 0.40521769
v 0.70298616 -0.15829514 0.40517828
v 0.70315396 -0.15834272 0.40514659
v 0.70315396 -0.15835658 0.40516739
v 0.70298616 -0.15830901 0.40519909
v 0.70274032 -0.15824986 0.4052385
v 0.70241644 -0.15817913 0.40528562
v 0.70201453 -0.15809682 0.40534046
v 0.70235505 -0.16063155 0.40362158
v 0.70300607 -0.16057932 0.40365638
v 0.70358834 -0.16042265 0.40376077
v 0.70358834 -0.16043651 0.40378157
v 0.70300607 -0.16059319 0.40367719
v 0.70235505 -0.16064542 0.40364239
v 0.70077906 -0.15775053 0.40554115
v 0.70098889 -0.15782988 0.40548827
v 0.70126474 -0.15791175 0.40543373
v 0.70160662 -0.1579961 0.40537753
v 0.70201453 -0.15808295 0.40531966
v 0.70201453 -0.15809682 0.40534046
v 0.70160662 -0.15800996 0.40539833
v 0.70126474 -0.15792561 0.40545453
v 0.70098889 -0.15784375 0.40550908
v 0.70077906 -0.15776439 0.40556195
v 0.70358834 -0.16042265 0.40376077
v 0.70407238 -0.16017197 0.40392779
v 0.70442872 -0.15983772 0.40415049
v 0.70442872 -0.15985159 0.4041713
v 0.70407238 -0.16018583 0.4039486
v 0.70358834 -0.16043651 0.40378157
v 0.70009585 -0.15725462 0.40587156
v 0.70037906 -0.15752664 0.40569032
v 0.70077906 -0.15775053 0.40554115
v 0.70077906 -0.15776439 0.40556195
v 0.70037906 -0.1575405 0.40571112
v 0.70009585 -0.15726848 0.40589237
v 0.70442872 -0.15983772 0.40415049
v 0.7046481 -0.15944944 0.4044092
v 0.70472123 -0.15903663 0.40468424
v 0.70472123 -0.15905049 0.40470505
v 0.7046481 -0.1594633 0.40443
v 0.70442872 -0.15985159 0.4041713
v 0.69987101 -0.15659158 0.40631333
v 0.69992722 -0.15694081 0.40608065
v 0.70009585 -0.15725462 0.40587156
v 0.70009585 -0.15726848 0.40589237
v 0.69992722 -0.15695467 0.40610145
v 0.69987101 -0.15660544 0.40633413
v 0.70472123 -0.15903663 0.40468424
v 0.70465465 -0.15863291 0.40495323
v 0.70445492 -0.15827914 0.40518895
v 0.70445492 -0.158293 0.40520975
v 0.70465465 -0.15864677 0.40497404
v 0.70472123 -0.15905049 0.40470505
v 0.70014605 -0.15583772 0.40681561
v 0.69993977 -0.15620148 0.40657325
v 0.69987101 -0.15659158 0.40631333
v 0.69987101 -0.15660544 0.40633413
v 0.69993977 -0.15621534 0.40659405
v 0.70014605 -0.15585158 0.40683642
v 0.70445492 -0.15827914 0.40518895
v 0.7041155 -0.15797896 0.40538895
v 0.70362982 -0.157736 0.40555083
v 0.70362982 -0.15774986 0.40557163
v 0.7041155 -0.15799282 0.40540976
v 0.70445492 -0.158293 0.40520975
v 0.70094933 -0.15530548 0.40717023
v 0.7004844 -0.15552936 0.40702106
v 0.70014605 -0.15583772 0.40681561
v 0.70014605 -0.15585158 0.40683642
v 0.7004844 -0.15554323 0.40704187
v 0.70094933 -0.15531934 0.40719104
v 0.70362982 -0.157736 0.40555083
v 0.70339721 -0.15766027 0.40560129
v 0.70308358 -0.15757841 0.40565583
v 0.70268889 -0.15749043 0.40571445
v 0.70221318 -0.15739631 0.40577716
v 0.70221318 -0.15741017 0.40579796
v 0.70268889 -0.15750429 0.40573525
v 0.70308358 -0.15759227 0.40567663
v 0.70339721 -0.15767413 0.40562209
v 0.70362982 -0.15774986 0.40557163
v 0.70212369 -0.15512382 0.40729127
v 0.70150704 -0.15516924 0.40726101
v 0.70094933 -0.15530548 0.40717023
v 0.70094933 -0.15531934 0.40719104
v 0.70150704 -0.1551831 0.40728181
v 0.70212369 -0.15513768 0.40731207
v 0.70221318 -0.15739631 0.40577716
v 0.70174619 -0.15729969 0.40584153
v 0.70137771 -0.1572042 0.40590515
v 0.70110772 -0.15710986 0.40596801
v 0.70093623 -0.15701665 0.40603011
v 0.70093623 -0.15703051 0.40605092
v 0.70110772 -0.15712372 0.40598882
v 0.70137771 -0.15721807 0.40592596
v 0.70174619 -0.15731355 0.40586234
v 0.70221318 -0.15741017 0.40579796
v 0.7033788 -0.15531456 0.40716418
v 0.70279326 -0.15517151 0.40725949
v 0.70212369 -0.15512382 0.40729127
v 0.70212369 -0.15513768 0.40731207
v 0.70279326 -0.15518537 0.4072803
v 0.7033788 -0.15532842 0.40718499
v 0.70093623 -0.15701665 0.40603011
v 0.7007496 -0.15680593 0.40617051
v 0.70068739 -0.15654435 0.4063448
v 0.70068739 -0.15655821 0.4063656
v 0.7007496 -0.15681979 0.40619132
v 0.70093623 -0.15703051 0.40605092
v 0.70421481 -0.15587586 0.4067902
v 0.70385956 -0.15555025 0.40700714
v 0.7033788 -0.15531456 0.40716418
v 0.7033788 -0.15532842 0.40718499
v 0.70385956 -0.15556411 0.40702795
v 0.70421481 -0.15588972 0.406811
v 0.70327403 -0.15600302 0.40670547
v 0.70357361 -0.15632273 0.40649246
v 0.70371712 -0.15676597 0.40619714
v 0.70371712 -0.15677983 0.40621794
v 0.70357361 -0.15633659 0.40651326
v 0.70327403 -0.15601688 0.40672628
v 0.70103882 -0.15597941 0.40672121
v 0.70149449 -0.15580366 0.40683831
v 0.70215861 -0.15574508 0.40687734
v 0.70215861 -0.15575894 0.40689814
v 0.70149449 -0.15581752 0.40685911
v 0.70103882 -0.15599327 0.40674201
v 0.70371712 -0.15676597 0.40619714
v 0.70452914 -0.1567151 0.40623103
v 0.70452914 -0.15672897 0.40625183
v 0.70371712 -0.15677983 0.40621794
v 0.70068739 -0.15654435 0.4063448
v 0.70077526 -0.15623781 0.40654904
v 0.70103882 -0.15597941 0.40672121
v 0.70103882 -0.15599327 0.40674201
v 0.70077526 -0.15625167 0.40656984
v 0.70068739 -0.15655821 0.4063656
v 0.70452914 -0.1567151 0.40623103
v 0.70443964 -0.15627096 0.40652695
v 0.70421481 -0.15587586 0.4067902
v 0.70421481 -0.15588972 0.406811
v 0.70443964 -0.15628483 0.40654775
v 0.70452914 -0.15672897 0.40625183
v 0.70215861 -0.15574508 0.40687734
v 0.70280635 -0.15580956 0.40683437
v 0.70327403 -0.15600302 0.40670547
v 0.70327403 -0.15601688 0.40672628
v 0.70280635 -0.15582342 0.40685518
v 0.70215861 -0.15575894 0.40689814
f 713 714 718
f 718 714 717
f 717 714 715
f 717 715 716
f 719 720 724
f 724 720 723
f 723 720 721
f 723 721 722
f 725 726 730
f 730 726 729
f 729 726 727
f 729 727 728
f 731 732 736
f 736 732 735
f 735 732 733
f 735 733 734
f 737 738 742
f 742 738 741
f 741 738 739
f 741 739 740
f 744 747 743
f 743 747 748
f 743 748 818
f 818 748 749
f 818 749 817
f 817 749 750
f 817 750 816
f 816 750 751
f 816 751 815
f 815 751 752
f 815 752 753
f 745 746 744
f 744 746 747
f 815 753 814
f 814 753 754
f 814 754 813
f 813 754 755
f 813 755 812
f 812 755 756
f 812 756 811
f 811 756 757
f 811 757 810
f 810 757 758
f 810 758 809
f 809 758 808
f 808 758 759
f 808 759 807
f 807 759 760
f 807 760 806
f 806 760 761
f 806 761 805
f 805 761 762
f 805 762 804
f 804 762 803
f 803 762 763
f 803 763 764
f 803 764 802
f 802 764 765
f 802 765 801
f 801 765 766
f 801 766 800
f 800 766 767
f 800 767 768
f 800 768 799
f 799 768 769
f 799 769 798
f 798 769 770
f 798 770 797
f 797 770 771
f 797 771 796
f 796 771 772
f 796 772 773
f 796 773 795
f 795 773 774
f 795 774 775
f 795 775 794
f 794 775 776
f 794 776 777
f 794 777 793
f 793 777 778
f 793 778 792
f 792 778 779
f 792 779 791
f 791 779 780
f 791 780 781
f 791 781 790
f 790 781 782
f 790 782 789
f 789 782 783
f 789 783 788
f 788 783 784
f 788 784 785
f 786 787 785
f 785 787 788
f 819 820 824
f 824 820 823
f 823 820 821
f 823 821 822
f 825 826 830
f 830 826 829
f 829 826 827
f 829 827 828
f 831 832 834
f 834 832 833
f 835 836 910
f 910 836 909
f 909 836 837
f 909 837 908
f 908 837 838
f 908 838 907
f 907 838 839
f 907 839 906
f 906 839 840
f 906 840 905
f 905 840 841
f 905 841 904
f 904 841 903
f 903 841 842
f 903 842 902
f 902 842 843
f 902 843 901
f 901 843 844
f 901 844 900
f 900 844 845
f 900 845 899
f 899 845 846
f 899 846 898
f 898 846 847
f 898 847 848
f 898 848 897
f 897 848 849
f 897 849 896
f 896 849 850
f 896 850 895
f 895 850 851
f 895 851 894
f 894 851 852
f 894 852 853
f 854 892 853
f 853 892 893
f 853 893 894
f 892 854 891
f 891 854 855
f 891 855 890
f 890 855 856
f 890 856 889
f 889 856 888
f 888 856 857
f 888 857 887
f 887 857 858
f 887 858 886
f 886 858 859
f 886 859 885
f 885 859 860
f 885 860 884
f 884 860 883
f 883 860 861
f 883 861 882
f 882 861 881
f 881 861 862
f 881 862 880
f 880 862 879
f 879 862 863
f 879 863 878
f 878 863 864
f 878 864 877
f 877 864 865
f 877 865 876
f 876 865 875
f 875 865 866
f 875 866 874
f 874 866 867
f 874 867 873
f 873 867 868
f 873 868 872
f 872 868 871
f 871 868 869
f 871 869 870
f 911 912 916
f 916 912 915
f 915 912 913
f 915 913 914
f 917 918 922
f 922 918 921
f 921 918 919
f 921 919 920
f 923 924 928
f 928 924 927
f 927 924 925
f 927 925 926
f 929 930 934
f 934 930 933
f 933 930 931
f 933 931 932
f 935 936 944
f 944 936 943
f 943 936 937
f 943 937 942
f 942 937 938
f 942 938 941
f 941 938 939
f 941 939 940
f 945 946 950
f 950 946 949
f 949 946 947
f 949 947 948
f 951 952 960
f 960 952 959
f 959 952 953
f 959 953 958
f 958 953 954
f 958 954 957
f 957 954 955
f 957 955 956
f 961 962 966
f 966 962 965
f 965 962 963
f 965 963 964
f 967 968 972
f 972 968 971
f 971 968 969
f 971 969 970
f 973 974 978
f 978 974 977
f 977 974 975
f 977 975 976
f 979 980 984
f 984 980 983
f 983 980 981
f 983 981 982
f 985 986 990
f 990 986 989
f 989 986 987
f 989 987 988
f 991 992 996
f 996 992 995
f 995 992 993
f 995 993 994
f 997 998 1002
f 1002 998 1001
f 1001 998 999
f 1001 999 1000
f 1003 1004 1008
f 1008 1004 1007
f 1007 1004 1005
f 1007 1005 1006
f 1009 1010 1018
f 1018 1010 1017
f 1017 1010 1011
f 1017 1011 1016
f 1016 1011 1012
f 1016 1012 1015
f 1015 1012 1013
f 1015 1013 1014
f 1019 1020 1024
f 1024 1020 1023
f 1023 1020 1021
f 1023 1021 1022
f 1025 1026 1034
f 1034 1026 1033
f 1033 1026 1027
f 1033 1027 1032
f 1032 1027 1028
f 1032 1028 1031
f 1031 1028 1029
f 1031 1029 1030
f 1035 1036 1040
f 1040 1036 1039
f 1039 1036 1037
f 1039 1037 1038
f 1041 1042 1046
f 1046 1042 1045
f 1045 1042 1043
f 1045 1043 1044
f 1047 1048 1052
f 1052 1048 1051
f 1051 1048 1049
f 1051 1049 1050
f 1053 1054 1058
f 1058 1054 1057
f 1057 1054 1055
f 1057 1055 1056
f 1059 1060 1064
f 1064 1060 1063
f 1063 1060 1061
f 1063 1061 1062
f 1065 1066 1068
f 1068 1066 1067
f 1069 1070 1074
f 1074 1070 1073
f 1073 1070 1071
f 1073 1071 1072
f 1075 1076 1080
f 1080 1076 1079
f 1079 1076 1077
f 1079 1077 1078
f 1081 1082 1086
f 1086 1082 1085
f 1085 1082 1083
f 1085 1083 1084
v 0.6537002 -0.16055458 0.40370291
v 0.65454714 -0.16055458 0.40370291
v 0.65454714 -0.15522851 0.40725155
v 0.6537002 -0.15522851 0.40725155
v 0.6537002 -0.16054072 0.4036821
v 0.65454714 -0.16054072 0.4036821
v 0.65454714 -0.16055458 0.40370291
v 0.6537002 -0.16055458 0.40370291
v 0.65454714 -0.16054072 0.4036821
v 0.65454714 -0.15521465 0.40723075
v 0.65454714 -0.15522851 0.40725155
v 0.65454714 -0.16055458 0.40370291
v 0.65454714 -0.16054072 0.4036821
v 0.6537002 -0.16054072 0.4036821
v 0.6537002 -0.15521465 0.40723075
v 0.65454714 -0.15521465 0.40723075
v 0.65454714 -0.15521465 0.40723075
v 0.6537002 -0.15521465 0.40723075
v 0.6537002 -0.15522851 0.40725155
v 0.65454714 -0.15522851 0.40725155
v 0.6537002 -0.15521465 0.40723075
v 0.6537002 -0.16054072 0.4036821
v 0.6537002 -0.16055458 0.40370291
v 0.6537002 -0.15522851 0.40725155
f 1087 1088 1090
f 1090 1088 1089
f 1091 1092 1094
f 1094 1092 1093
f 1095 1096 1098
f 1098 1096 1097
f 1099 1100 1102
f 1102 1100 1101
f 1103 1104 1106
f 1106 1104 1105
f 1107 1108 1110
f 1110 1108 1109
v 0.66298588 -0.16054072 0.4036821
v 0.66379789 -0.16054072 0.4036821
v 0.66379789 -0.16055458 0.40370291
v 0.66298588 -0.16055458 0.40370291
v 0.66715941 -0.16054072 0.4036821
v 0.66802817 -0.16054072 0.4036821
v 0.66802817 -0.16055458 0.40370291
v 0.66715941 -0.16055458 0.40370291
v 0.66802817 -0.15521465 0.40723075
v 0.66721617 -0.15521465 0.40723075
v 0.66721617 -0.15522851 0.40725155
v 0.66802817 -0.15522851 0.40725155
v 0.66721617 -0.15521465 0.40723075
v 0.66721617 -0.15939631 0.4044446
v 0.66721617 -0.15941017 0.40446541
v 0.66721617 -0.15522851 0.40725155
v 0.66721617 -0.15939631 0.4044446
v 0.66385464 -0.15521465 0.40723075
v 0.66385464 -0.15522851 0.40725155
v 0.66721617 -0.15941017 0.40446541
v 0.66379789 -0.16054072 0.4036821
v 0.66298588 -0.16054072 0.4036821
v 0.66298588 -0.15521465 0.40723075
v 0.66385464 -0.15521465 0.40723075
v 0.66721617 -0.15939631 0.4044446
v 0.66721617 -0.15521465 0.40723075
v 0.66802817 -0.15521465 0.40723075
v 0.66802817 -0.16054072 0.4036821
v 0.66715941 -0.16054072 0.4036821
v 0.66379789 -0.15635543 0.40647067
v 0.66802817 -0.16054072 0.4036821
v 0.66802817 -0.15521465 0.40723075
v 0.66802817 -0.15522851 0.40725155
v 0.66802817 -0.16055458 0.40370291
v 0.66385464 -0.15521465 0.40723075
v 0.66298588 -0.15521465 0.40723075
v 0.66298588 -0.15522851 0.40725155
v 0.66385464 -0.15522851 0.40725155
v 0.66298588 -0.15521465 0.40723075
v 0.66298588 -0.16054072 0.4036821
v 0.66298588 -0.16055458 0.40370291
v 0.66298588 -0.15522851 0.40725155
v 0.66298588 -0.16055458 0.40370291
v 0.66379789 -0.16055458 0.40370291
v 0.66379789 -0.15636929 0.40649148
v 0.66715941 -0.16055458 0.40370291
v 0.66802817 -0.16055458 0.40370291
v 0.66802817 -0.15522851 0.40725155
v 0.66721617 -0.15522851 0.40725155
v 0.66721617 -0.15941017 0.40446541
v 0.66385464 -0.15522851 0.40725155
v 0.66298588 -0.15522851 0.40725155
v 0.66379789 -0.15635543 0.40647067
v 0.66715941 -0.16054072 0.4036821
v 0.66715941 -0.16055458 0.40370291
v 0.66379789 -0.15636929 0.40649148
v 0.66379789 -0.16054072 0.4036821
v 0.66379789 -0.15635543 0.40647067
v 0.66379789 -0.15636929 0.40649148
v 0.66379789 -0.16055458 0.40370291
f 1111 1112 1114
f 1114 1112 1113
f 1115 1116 1118
f 1118 1116 1117
f 1119 1120 1122
f 1122 1120 1121
f 1123 1124 1126
f 1126 1124 1125
f 1127 1128 1130
f 1130 1128 1129
f 1131 1132 1140
f 1140 1132 1133
f 1140 1133 1134
f 1134 1135 1140
f 1140 1135 1139
f 1139 1135 1138
f 1138 1135 1137
f 1137 1135 1136
f 1141 1142 1144
f 1144 1142 1143
f 1145 1146 1148
f 1148 1146 1147
f 1149 1150 1152
f 1152 1150 1151
f 1154 1155 1153
f 1153 1155 1162
f 1162 1155 1161
f 1161 1155 1160
f 1160 1155 1156
f 1160 1156 1157
f 1157 1158 1160
f 1160 1158 1159
f 1163 1164 1166
f 1166 1164 1165
f 1167 1168 1170
f 1170 1168 1169
v 0.67952721 -0.16054072 0.4036821
v 0.68037415 -0.16054072 0.4036821
v 0.68037415 -0.16055458 0.40370291
v 0.67952721 -0.16055458 0.40370291
v 0.68037415 -0.16054072 0.4036821
v 0.68037415 -0.15584317 0.40681198
v 0.68037415 -0.15585703 0.40683278
v 0.68037415 -0.16055458 0.40370291
v 0.68249148 -0.15584317 0.40681198
v 0.68249148 -0.15521465 0.40723075
v 0.68249148 -0.15522851 0.40725155
v 0.68249148 -0.15585703 0.40683278
v 0.68249148 -0.15521465 0.40723075
v 0.67741862 -0.15521465 0.40723075
v 0.67741862 -0.15522851 0.40725155
v 0.68249148 -0.15522851 0.40725155
v 0.67741862 -0.15521465 0.40723075
v 0.67741862 -0.15584317 0.40681198
v 0.67741862 -0.15585703 0.40683278
v 0.67741862 -0.15522851 0.40725155
v 0.68037415 -0.16054072 0.4036821
v 0.67952721 -0.16054072 0.4036821
v 0.67952721 -0.15584317 0.40681198
v 0.67741862 -0.15584317 0.40681198
v 0.67741862 -0.15521465 0.40723075
v 0.68249148 -0.15521465 0.40723075
v 0.68249148 -0.15584317 0.40681198
v 0.68037415 -0.15584317 0.40681198
v 0.68037415 -0.15584317 0.40681198
v 0.68249148 -0.15584317 0.40681198
v 0.68249148 -0.15585703 0.40683278
v 0.68037415 -0.15585703 0.40683278
v 0.67741862 -0.15584317 0.40681198
v 0.67952721 -0.15584317 0.40681198
v 0.67952721 -0.15585703 0.40683278
v 0.67741862 -0.15585703 0.40683278
v 0.67952721 -0.15584317 0.40681198
v 0.67952721 -0.16054072 0.4036821
v 0.67952721 -0.16055458 0.40370291
v 0.67952721 -0.15585703 0.40683278
v 0.67952721 -0.16055458 0.40370291
v 0.68037415 -0.16055458 0.40370291
v 0.68037415 -0.15585703 0.40683278
v 0.68249148 -0.15585703 0.40683278
v 0.68249148 -0.15522851 0.40725155
v 0.67741862 -0.15522851 0.40725155
v 0.67741862 -0.15585703 0.40683278
v 0.67952721 -0.15585703 0.40683278
f 1171 1172 1174
f 1174 1172 1173
f 1175 1176 1178
f 1178 1176 1177
f 1179 1180 1182
f 1182 1180 1181
f 1183 1184 1186
f 1186 1184 1185
f 1187 1188 1190
f 1190 1188 1189
f 1191 1192 1198
f 1198 1192 1193
f 1198 1193 1195
f 1195 1193 1194
f 1195 1196 1198
f 1198 1196 1197
f 1199 1200 1202
f 1202 1200 1201
f 1203 1204 1206
f 1206 1204 1205
f 1207 1208 1210
f 1210 1208 1209
f 1211 1212 1218
f 1218 1212 1213
f 1218 1213 1216
f 1216 1213 1215
f 1215 1213 1214
f 1216 1217 1218
v 0.68962491 -0.16054072 0.4036821
v 0.69047183 -0.16054072 0.4036821
v 0.69047183 -0.16055458 0.40370291
v 0.68962491 -0.16055458 0.40370291
v 0.69047183 -0.16054072 0.4036821
v 0.69047183 -0.15584317 0.40681198
v 0.69047183 -0.15585703 0.40683278
v 0.69047183 -0.16055458 0.40370291
v 0.69258915 -0.15584317 0.40681198
v 0.69258915 -0.15521465 0.40723075
v 0.69258915 -0.15522851 0.40725155
v 0.69258915 -0.15585703 0.40683278
v 0.69258915 -0.15521465 0.40723075
v 0.68751631 -0.15521465 0.40723075
v 0.68751631 -0.15522851 0.40725155
v 0.69258915 -0.15522851 0.40725155
v 0.68751631 -0.15521465 0.40723075
v 0.68751631 -0.15584317 0.40681198
v 0.68751631 -0.15585703 0.40683278
v 0.68751631 -0.15522851 0.40725155
v 0.69047183 -0.16054072 0.4036821
v 0.68962491 -0.16054072 0.4036821
v 0.68962491 -0.15584317 0.40681198
v 0.68751631 -0.15584317 0.40681198
v 0.68751631 -0.15521465 0.40723075
v 0.69258915 -0.15521465 0.40723075
v 0.69258915 -0.15584317 0.40681198
v 0.69047183 -0.15584317 0.40681198
v 0.69047183 -0.15584317 0.40681198
v 0.69258915 -0.15584317 0.40681198
v 0.69258915 -0.15585703 0.40683278
v 0.69047183 -0.15585703 0.40683278
v 0.68751631 -0.15584317 0.40681198
v 0.68962491 -0.15584317 0.40681198
v 0.68962491 -0.15585703 0.40683278
v 0.68751631 -0.15585703 0.40683278
v 0.68962491 -0.15584317 0.40681198
v 0.68962491 -0.16054072 0.4036821
v 0.68962491 -0.16055458 0.40370291
v 0.68962491 -0.15585703 0.40683278
v 0.68962491 -0.16055458 0.40370291
v 0.69047183 -0.16055458 0.40370291
v 0.69047183 -0.15585703 0.40683278
v 0.69258915 -0.15585703 0.40683278
v 0.69258915 -0.15522851 0.40725155
v 0.68751631 -0.15522851 0.40725155
v 0.68751631 -0.15585703 0.40683278
v 0.68962491 -0.15585703 0.40683278
f 1219 1220 1222
f 1222 1220 1221
f 1223 1224 1226
f 1226 1224 1225
f 1227 1228 1230
f 1230 1228 1229
f 1231 1232 1234
f 1234 1232 1233
f 1235 1236 1238
f 1238 1236 1237
f 1239 1240 1246
f 1246 1240 1241
f 1246 1241 1243
f 1243 1241 1242
f 1243 1244 1246
f 1246 1244 1245
f 1247 1248 1250
f 1250 1248 1249
f 1251 1252 1254
f 1254 1252 1253
f 1255 1256 1258
f 1258 1256 1257
f 1259 1260 1266
f 1266 1260 1261
f 1266 1261 1264
f 1264 1261 1263
f 1263 1261 1262
f 1264 1265 1266
v 0.69765765 -0.15521465 0.40723075
v 0.69765765 -0.15828822 0.40518289
v 0.69765765 -0.15830209 0.4052037
v 0.69765765 -0.15522851 0.40725155
v 0.69371548 -0.15962701 0.40429089
v 0.69404182 -0.16005798 0.40400374
v 0.69453187 -0.1603736 0.40379345
v 0.69453187 -0.16038746 0.40381425
v 0.69404182 -0.16007184 0.40402455
v 0.69371548 -0.15964087 0.40431169
v 0.69600308 -0.16063155 0.40362158
v 0.69683963 -0.16055753 0.4036709
v 0.69749829 -0.16033545 0.40381887
v 0.69749829 -0.16034931 0.40383967
v 0.69683963 -0.16057139 0.40369171
v 0.69600308 -0.16064542 0.40364239
v 0.69749829 -0.16033545 0.40381887
v 0.69798015 -0.15999531 0.4040455
v 0.69828629 -0.15956706 0.40433083
v 0.69828629 -0.15958092 0.40435164
v 0.69798015 -0.16000917 0.4040663
v 0.69749829 -0.16034931 0.40383967
v 0.69828629 -0.15956706 0.40433083
v 0.69845 -0.15901211 0.40470058
v 0.69850457 -0.15829186 0.40518047
v 0.69850457 -0.15830572 0.40520128
v 0.69845 -0.15902597 0.40472139
v 0.69828629 -0.15958092 0.40435164
v 0.69765765 -0.15828822 0.40518289
v 0.69765765 -0.15521465 0.40723075
v 0.69850457 -0.15521465 0.40723075
v 0.69850457 -0.15829186 0.40518047
v 0.69845 -0.15901211 0.40470058
v 0.69828629 -0.15956706 0.40433083
v 0.69798015 -0.15999531 0.4040455
v 0.69749829 -0.16033545 0.40381887
v 0.69683963 -0.16055753 0.4036709
v 0.69600308 -0.16063155 0.40362158
v 0.69518561 -0.16056706 0.40366455
v 0.69453187 -0.1603736 0.40379345
v 0.69404182 -0.16005798 0.40400374
v 0.69371548 -0.15962701 0.40429089
v 0.69353214 -0.15904889 0.40467607
v 0.69347102 -0.15829186 0.40518047
v 0.69347102 -0.15521465 0.40723075
v 0.69431794 -0.15521465 0.40723075
v 0.69431794 -0.15828822 0.40518289
v 0.69435669 -0.15889086 0.40478137
v 0.69447293 -0.15931093 0.40450148
v 0.69468357 -0.15960203 0.40430753
v 0.69500554 -0.15981774 0.40416381
v 0.69542518 -0.15995126 0.40407485
v 0.69592887 -0.15999576 0.40404519
v 0.69636242 -0.15997374 0.40405987
v 0.69672886 -0.15990766 0.4041039
v 0.69702817 -0.15979753 0.40417727
v 0.69726037 -0.15964335 0.40428
v 0.69743417 -0.1594265 0.40442448
v 0.69755833 -0.15912837 0.40462312
v 0.69763281 -0.15874894 0.40487592
v 0.69453187 -0.1603736 0.40379345
v 0.69518561 -0.16056706 0.40366455
v 0.69600308 -0.16063155 0.40362158
v 0.69600308 -0.16064542 0.40364239
v 0.69518561 -0.16058092 0.40368536
v 0.69453187 -0.16038746 0.40381425
v 0.69850457 -0.15829186 0.40518047
v 0.69850457 -0.15521465 0.40723075
v 0.69850457 -0.15522851 0.40725155
v 0.69850457 -0.15830572 0.40520128
v 0.69850457 -0.15521465 0.40723075
v 0.69765765 -0.15521465 0.40723075
v 0.69765765 -0.15522851 0.40725155
v 0.69850457 -0.15522851 0.40725155
v 0.69765765 -0.15522851 0.40725155
v 0.69765765 -0.15830209 0.4052037
v 0.69763281 -0.15876281 0.40489673
v 0.69755833 -0.15914223 0.40464393
v 0.69743417 -0.15944037 0.40444529
v 0.69726037 -0.15965721 0.4043008
v 0.69702817 -0.1598114 0.40419808
v 0.69672886 -0.15992152 0.4041247
v 0.69636242 -0.1599876 0.40408067
v 0.69592887 -0.16000963 0.404066
v 0.69542518 -0.15996512 0.40409565
v 0.69500554 -0.1598316 0.40418461
v 0.69468357 -0.15961589 0.40432834
v 0.69447293 -0.1593248 0.40452229
v 0.69435669 -0.15890472 0.40480218
v 0.69431794 -0.15830209 0.4052037
v 0.69431794 -0.15522851 0.40725155
v 0.69347102 -0.15522851 0.40725155
v 0.69347102 -0.15830572 0.40520128
v 0.69353214 -0.15906276 0.40469688
v 0.69371548 -0.15964087 0.40431169
v 0.69404182 -0.16007184 0.40402455
v 0.69453187 -0.16038746 0.40381425
v 0.69518561 -0.16058092 0.40368536
v 0.69600308 -0.16064542 0.40364239
v 0.69683963 -0.16057139 0.40369171
v 0.69749829 -0.16034931 0.40383967
v 0.69798015 -0.16000917 0.4040663
v 0.69828629 -0.15958092 0.40435164
v 0.69845 -0.15902597 0.40472139
v 0.69850457 -0.15830572 0.40520128
v 0.69850457 -0.15522851 0.40725155
v 0.69347102 -0.15829186 0.40518047
v 0.69353214 -0.15904889 0.40467607
v 0.69371548 -0.15962701 0.40429089
v 0.69371548 -0.15964087 0.40431169
v 0.69353214 -0.15906276 0.40469688
v 0.69347102 -0.15830572 0.40520128
v 0.69765765 -0.15828822 0.40518289
v 0.69763281 -0.15874894 0.40487592
v 0.69755833 -0.15912837 0.40462312
v 0.69743417 -0.1594265 0.40442448
v 0.69726037 -0.15964335 0.40428
v 0.69726037 -0.15965721 0.4043008
v 0.69743417 -0.15944037 0.40444529
v 0.69755833 -0.15914223 0.40464393
v 0.69763281 -0.15876281 0.40489673
v 0.69765765 -0.15830209 0.4052037
v 0.69347102 -0.15521465 0.40723075
v 0.69347102 -0.15829186 0.40518047
v 0.69347102 -0.15830572 0.40520128
v 0.69347102 -0.15522851 0.40725155
v 0.69726037 -0.15964335 0.40428
v 0.69702817 -0.15979753 0.40417727
v 0.69672886 -0.15990766 0.4041039
v 0.69636242 -0.15997374 0.40405987
v 0.69592887 -0.15999576 0.40404519
v 0.69592887 -0.16000963 0.404066
v 0.69636242 -0.1599876 0.40408067
v 0.69672886 -0.15992152 0.4041247
v 0.69702817 -0.1598114 0.40419808
v 0.69726037 -0.15965721 0.4043008
v 0.69431794 -0.15521465 0.40723075
v 0.69347102 -0.15521465 0.40723075
v 0.69347102 -0.15522851 0.40725155
v 0.69431794 -0.15522851 0.40725155
v 0.69592887 -0.15999576 0.40404519
v 0.69542518 -0.15995126 0.40407485
v 0.69500554 -0.15981774 0.40416381
v 0.69500554 -0.1598316 0.40418461
v 0.69542518 -0.15996512 0.40409565
v 0.69592887 -0.16000963 0.404066
v 0.69431794 -0.15828822 0.40518289
v 0.69431794 -0.15521465 0.40723075
v 0.69431794 -0.15522851 0.40725155
v 0.69431794 -0.15830209 0.4052037
v 0.69500554 -0.15981774 0.40416381
v 0.69468357 -0.15960203 0.40430753
v 0.69447293 -0.15931093 0.40450148
v 0.69447293 -0.1593248 0.40452229
v 0.69468357 -0.15961589 0.40432834
v 0.69500554 -0.1598316 0.40418461
v 0.69447293 -0.15931093 0.40450148
v 0.69435669 -0.15889086 0.40478137
v 0.69431794 -0.15828822 0.40518289
v 0.69431794 -0.15830209 0.4052037
v 0.69435669 -0.15890472 0.40480218
v 0.69447293 -0.1593248 0.40452229
f 1267 1268 1270
f 1270 1268 1269
f 1271 1272 1276
f 1276 1272 1275
f 1275 1272 1273
f 1275 1273 1274
f 1277 1278 1282
f 1282 1278 1281
f 1281 1278 1279
f 1281 1279 1280
f 1283 1284 1288
f 1288 1284 1287
f 1287 1284 1285
f 1287 1285 1286
f 1289 1290 1294
f 1294 1290 1293
f 1293 1290 1291
f 1293 1291 1292
f 1296 1297 1295
f 1295 1297 1298
f 1295 1298 1326
f 1326 1298 1299
f 1326 1299 1325
f 1325 1299 1300
f 1325 1300 1324
f 1324 1300 1301
f 1324 1301 1323
f 1323 1301 1302
f 1323 1302 1322
f 1322 1302 1303
f 1322 1303 1321
f 1321 1303 1320
f 1320 1303 1304
f 1320 1304 1319
f 1319 1304 1318
f 1318 1304 1305
f 1318 1305 1317
f 1317 1305 1306
f 1317 1306 1316
f 1316 1306 1307
f 1316 1307 1315
f 1315 1307 1308
f 1315 1308 1314
f 1314 1308 1309
f 1314 1309 1310
f 1314 1310 1313
f 1313 1310 1311
f 1313 1311 1312
f 1327 1328 1332
f 1332 1328 1331
f 1331 1328 1329
f 1331 1329 1330
f 1333 1334 1336
f 1336 1334 1335
f 1337 1338 1340
f 1340 1338 1339
f 1341 1342 1372
f 1372 1342 1371
f 1371 1342 1343
f 1371 1343 1370
f 1370 1343 1344
f 1370 1344 1369
f 1369 1344 1345
f 1369 1345 1368
f 1368 1345 1346
f 1368 1346 1367
f 1367 1346 1347
f 1367 1347 1366
f 1366 1347 1348
f 1366 1348 1349
f 1366 1349 1365
f 1365 1349 1350
f 1365 1350 1351
f 1365 1351 1364
f 1364 1351 1352
f 1364 1352 1363
f 1363 1352 1353
f 1363 1353 1362
f 1362 1353 1354
f 1362 1354 1361
f 1361 1354 1355
f 1361 1355 1360
f 1360 1355 1359
f 1359 1355 1356
f 1359 1356 1358
f 1358 1356 1357
f 1373 1374 1378
f 1378 1374 1377
f 1377 1374 1375
f 1377 1375 1376
f 1379 1380 1388
f 1388 1380 1387
f 1387 1380 1381
f 1387 1381 1386
f 1386 1381 1382
f 1386 1382 1385
f 1385 1382 1383
f 1385 1383 1384
f 1389 1390 1392
f 1392 1390 1391
f 1393 1394 1402
f 1402 1394 1401
f 1401 1394 1395
f 1401 1395 1400
f 1400 1395 1396
f 1400 1396 1399
f 1399 1396 1397
f 1399 1397 1398
f 1403 1404 1406
f 1406 1404 1405
f 1407 1408 1412
f 1412 1408 1411
f 1411 1408 1409
f 1411 1409 1410
f 1413 1414 1416
f 1416 1414 1415
f 1417 1418 1422
f 1422 1418 1421
f 1421 1418 1419
f 1421 1419 1420
f 1423 1424 1428
f 1428 1424 1427
f 1427 1424 1425
f 1427 1425 1426
v 0.68536406 -0.15521465 0.40723075
v 0.68445164 -0.15521465 0.40723075
v 0.68445164 -0.15522851 0.40725155
v 0.68536406 -0.15522851 0.40725155
v 0.68384045 -0.15835362 0.40513932
v 0.68454333 -0.1567914 0.4061802
v 0.68454333 -0.15680526 0.406201
v 0.68384045 -0.15836748 0.40516012
v 0.68454333 -0.1567914 0.4061802
v 0.68488822 -0.15577414 0.40685797
v 0.68488822 -0.155788 0.40687878
v 0.68454333 -0.15680526 0.406201
v 0.68488822 -0.15577414 0.40685797
v 0.68507594 -0.15626642 0.40652997
v 0.68534222 -0.1568786 0.4061221
v 0.68534222 -0.15689246 0.4061429
v 0.68507594 -0.15628029 0.40655078
v 0.68488822 -0.155788 0.40687878
v 0.68289311 -0.16054072 0.4036821
v 0.6819938 -0.16054072 0.4036821
v 0.68445164 -0.15521465 0.40723075
v 0.68536406 -0.15521465 0.40723075
v 0.68798342 -0.16054072 0.4036821
v 0.68701863 -0.16054072 0.4036821
v 0.68627211 -0.15892764 0.40475686
v 0.68359599 -0.15892764 0.40475686
v 0.68454333 -0.1567914 0.4061802
v 0.68384045 -0.15835362 0.40513932
v 0.68601018 -0.15835362 0.40513932
v 0.68534222 -0.1568786 0.4061221
v 0.68507594 -0.15626642 0.40652997
v 0.68488822 -0.15577414 0.40685797
v 0.68445164 -0.15521465 0.40723075
v 0.6819938 -0.16054072 0.4036821
v 0.6819938 -0.16055458 0.40370291
v 0.68445164 -0.15522851 0.40725155
v 0.68534222 -0.1568786 0.4061221
v 0.68601018 -0.15835362 0.40513932
v 0.68601018 -0.15836748 0.40516012
v 0.68534222 -0.15689246 0.4061429
v 0.68601018 -0.15835362 0.40513932
v 0.68384045 -0.15835362 0.40513932
v 0.68384045 -0.15836748 0.40516012
v 0.68601018 -0.15836748 0.40516012
v 0.6819938 -0.16055458 0.40370291
v 0.68289311 -0.16055458 0.40370291
v 0.68359599 -0.1589415 0.40477767
v 0.68627211 -0.1589415 0.40477767
v 0.68701863 -0.16055458 0.40370291
v 0.68798342 -0.16055458 0.40370291
v 0.68536406 -0.15522851 0.40725155
v 0.68445164 -0.15522851 0.40725155
v 0.68384045 -0.15836748 0.40516012
v 0.68454333 -0.15680526 0.406201
v 0.68488822 -0.155788 0.40687878
v 0.68507594 -0.15628029 0.40655078
v 0.68534222 -0.15689246 0.4061429
v 0.68601018 -0.15836748 0.40516012
v 0.68798342 -0.16054072 0.4036821
v 0.68536406 -0.15521465 0.40723075
v 0.68536406 -0.15522851 0.40725155
v 0.68798342 -0.16055458 0.40370291
v 0.68701863 -0.16054072 0.4036821
v 0.68798342 -0.16054072 0.4036821
v 0.68798342 -0.16055458 0.40370291
v 0.68701863 -0.16055458 0.40370291
v 0.68627211 -0.15892764 0.40475686
v 0.68701863 -0.16054072 0.4036821
v 0.68701863 -0.16055458 0.40370291
v 0.68627211 -0.1589415 0.40477767
v 0.6819938 -0.16054072 0.4036821
v 0.68289311 -0.16054072 0.4036821
v 0.68289311 -0.16055458 0.40370291
v 0.6819938 -0.16055458 0.40370291
v 0.68359599 -0.15892764 0.40475686
v 0.68627211 -0.15892764 0.40475686
v 0.68627211 -0.1589415 0.40477767
v 0.68359599 -0.1589415 0.40477767
v 0.68289311 -0.16054072 0.4036821
v 0.68359599 -0.15892764 0.40475686
v 0.68359599 -0.1589415 0.40477767
v 0.68289311 -0.16055458 0.40370291
f 1429 1430 1432
f 1432 1430 1431
f 1433 1434 1436
f 1436 1434 1435
f 1437 1438 1440
f 1440 1438 1439
f 1441 1442 1446
f 1446 1442 1445
f 1445 1442 1443
f 1445 1443 1444
f 1447 1448 1454
f 1454 1448 1456
f 1454 1456 1457
f 1448 1449 1456
f 1456 1449 1455
f 1455 1449 1460
f 1460 1449 1450
f 1460 1450 1459
f 1459 1450 1458
f 1458 1450 1457
f 1457 1450 1451
f 1457 1451 1453
f 1453 1451 1452
f 1453 1454 1457
f 1461 1462 1464
f 1464 1462 1463
f 1465 1466 1468
f 1468 1466 1467
f 1469 1470 1472
f 1472 1470 1471
f 1474 1475 1473
f 1473 1475 1481
f 1473 1481 1480
f 1480 1481 1482
f 1480 1482 1483
f 1481 1475 1486
f 1486 1475 1476
f 1486 1476 1478
f 1478 1476 1477
f 1478 1479 1486
f 1486 1479 1485
f 1485 1479 1484
f 1484 1479 1483
f 1483 1479 1480
f 1487 1488 1490
f 1490 1488 1489
f 1491 1492 1494
f 1494 1492 1493
f 1495 1496 1498
f 1498 1496 1497
f 1499 1500 1502
f 1502 1500 1501
f 1503 1504 1506
f 1506 1504 1505
f 1507 1508 1510
f 1510 1508 1509
v 0.67164727 -0.15882955 0.40482222
v 0.67174387 -0.15933591 0.40448484
v 0.67199871 -0.15978686 0.40418438
v 0.67199871 -0.15980072 0.40420519
v 0.67174387 -0.15934977 0.40450565
v 0.67164727 -0.15884341 0.40484303
v 0.67592558 -0.15909476 0.40464551
v 0.67588029 -0.15933227 0.40448726
v 0.67574441 -0.15955071 0.40434172
v 0.67574441 -0.15956457 0.40436253
v 0.67588029 -0.15934614 0.40450807
v 0.67592558 -0.15910862 0.40466632
v 0.67519215 -0.1598795 0.40412266
v 0.67479271 -0.15996942 0.40406275
v 0.6743365 -0.1599994 0.40404277
v 0.6743365 -0.16001326 0.40406358
v 0.67479271 -0.15998328 0.40408355
v 0.67519215 -0.15989336 0.40414346
v 0.6743365 -0.1599994 0.40404277
v 0.67381808 -0.15995989 0.4040691
v 0.67335423 -0.15984136 0.40414807
v 0.67335423 -0.15985522 0.40416888
v 0.67381808 -0.15997375 0.4040899
v 0.6743365 -0.16001326 0.40406358
v 0.67335423 -0.15984136 0.40414807
v 0.67297497 -0.1596588 0.40426971
v 0.67271031 -0.15942719 0.40442403
v 0.67271031 -0.15944105 0.40444483
v 0.67297497 -0.15967266 0.40429051
v 0.67335423 -0.15985522 0.40416888
v 0.67199871 -0.15978686 0.40418438
v 0.67174387 -0.15933591 0.40448484
v 0.67164727 -0.15882955 0.40482222
v 0.67244618 -0.15877142 0.40486095
v 0.67254059 -0.15913518 0.40461858
v 0.67271031 -0.15942719 0.40442403
v 0.67297497 -0.1596588 0.40426971
v 0.67335423 -0.15984136 0.40414807
v 0.67381808 -0.15995989 0.4040691
v 0.6743365 -0.1599994 0.40404277
v 0.67479271 -0.15996942 0.40406275
v 0.67519215 -0.1598795 0.40412266
v 0.67551575 -0.15973736 0.40421736
v 0.67574441 -0.15955071 0.40434172
v 0.67588029 -0.15933227 0.40448726
v 0.67592558 -0.15909476 0.40464551
v 0.67588193 -0.15885997 0.40480195
v 0.67575095 -0.15865698 0.4049372
v 0.67551958 -0.15848487 0.40505187
v 0.6751747 -0.15834272 0.40514659
v 0.6750069 -0.15829514 0.40517828
v 0.67476106 -0.15823599 0.40521769
v 0.67443718 -0.15816526 0.40526482
v 0.67403527 -0.15808295 0.40531966
v 0.67362735 -0.1579961 0.40537753
v 0.67328547 -0.15791175 0.40543373
v 0.67300962 -0.15782988 0.40548827
v 0.6727998 -0.15775053 0.40554115
v 0.6723998 -0.15752664 0.40569032
v 0.67211657 -0.15725462 0.40587156
v 0.67194796 -0.15694081 0.40608065
v 0.67189175 -0.15659158 0.40631333
v 0.67196051 -0.15620148 0.40657325
v 0.67216678 -0.15583772 0.40681561
v 0.67250512 -0.15552936 0.40702106
v 0.67297005 -0.15530548 0.40717023
v 0.67352776 -0.15516924 0.40726101
v 0.67414441 -0.15512382 0.40729127
v 0.67481398 -0.15517151 0.40725949
v 0.67539952 -0.15531456 0.40716418
v 0.67588028 -0.15555025 0.40700714
v 0.67623555 -0.15587586 0.4067902
v 0.67646038 -0.15627096 0.40652695
v 0.67654986 -0.1567151 0.40623103
v 0.67573786 -0.15676597 0.40619714
v 0.67559434 -0.15632273 0.40649246
v 0.67529475 -0.15600302 0.40670547
v 0.67482709 -0.15580956 0.40683437
v 0.67417933 -0.15574508 0.40687734
v 0.67351521 -0.15580366 0.40683831
v 0.67305955 -0.15597941 0.40672121
v 0.67279598 -0.15623781 0.40654904
v 0.67270812 -0.15654435 0.4063448
v 0.67277033 -0.15680593 0.40617051
v 0.67295697 -0.15701665 0.40603011
v 0.67312845 -0.15710986 0.40596801
v 0.67339843 -0.1572042 0.40590515
v 0.67376691 -0.15729969 0.40584153
v 0.6742339 -0.15739631 0.40577716
v 0.67470961 -0.15749043 0.40571445
v 0.6751043 -0.15757841 0.40565583
v 0.67541793 -0.15766027 0.40560129
v 0.67565054 -0.157736 0.40555083
v 0.67613622 -0.15797896 0.40538895
v 0.67647564 -0.15827914 0.40518895
v 0.67667537 -0.15863291 0.40495323
v 0.67674195 -0.15903663 0.40468424
v 0.67666883 -0.15944944 0.4044092
v 0.67644946 -0.15983772 0.40415049
v 0.67609312 -0.16017197 0.40392779
v 0.67560908 -0.16042265 0.40376077
v 0.67502681 -0.16057932 0.40365638
v 0.67437579 -0.16063155 0.40362158
v 0.67357743 -0.16057887 0.40365668
v 0.67291985 -0.16042083 0.40376198
v 0.67239598 -0.16015698 0.40393778
v 0.67574441 -0.15955071 0.40434172
v 0.67551575 -0.15973736 0.40421736
v 0.67519215 -0.1598795 0.40412266
v 0.67519215 -0.15989336 0.40414346
v 0.67551575 -0.15975122 0.40423817
v 0.67574441 -0.15956457 0.40436253
v 0.67271031 -0.15942719 0.40442403
v 0.67254059 -0.15913518 0.40461858
v 0.67244618 -0.15877142 0.40486095
v 0.67244618 -0.15878528 0.40488175
v 0.67254059 -0.15914904 0.40463939
v 0.67271031 -0.15944105 0.40444483
v 0.67244618 -0.15877142 0.40486095
v 0.67164727 -0.15882955 0.40482222
v 0.67164727 -0.15884341 0.40484303
v 0.67244618 -0.15878528 0.40488175
v 0.67164727 -0.15884341 0.40484303
v 0.67174387 -0.15934977 0.40450565
v 0.67199871 -0.15980072 0.40420519
v 0.67239598 -0.16017085 0.40395858
v 0.67291985 -0.16043469 0.40378278
v 0.67357743 -0.16059273 0.40367749
v 0.67437579 -0.16064542 0.40364239
v 0.67502681 -0.16059319 0.40367719
v 0.67560908 -0.16043651 0.40378157
v 0.67609312 -0.16018583 0.4039486
v 0.67644946 -0.15985159 0.4041713
v 0.67666883 -0.1594633 0.40443
v 0.67674195 -0.15905049 0.40470505
v 0.67667537 -0.15864677 0.40497404
v 0.67647564 -0.158293 0.40520975
v 0.67613622 -0.15799282 0.40540976
v 0.67565054 -0.15774986 0.40557163
v 0.67541793 -0.15767413 0.40562209
v 0.6751043 -0.15759227 0.40567663
v 0.67470961 -0.15750429 0.40573525
v 0.6742339 -0.15741017 0.40579796
v 0.67376691 -0.15731355 0.40586234
v 0.67339843 -0.15721807 0.40592596
v 0.67312845 -0.15712372 0.40598882
v 0.67295697 -0.15703051 0.40605092
v 0.67277033 -0.15681979 0.40619132
v 0.67270812 -0.15655821 0.4063656
v 0.67279598 -0.15625167 0.40656984
v 0.67305955 -0.15599327 0.40674201
v 0.67351521 -0.15581752 0.40685911
v 0.67417933 -0.15575894 0.40689814
v 0.67482709 -0.15582342 0.40685518
v 0.67529475 -0.15601688 0.40672628
v 0.67559434 -0.15633659 0.40651326
v 0.67573786 -0.15677983 0.40621794
v 0.67654986 -0.15672897 0.40625183
v 0.67646038 -0.15628483 0.40654775
v 0.67623555 -0.15588972 0.406811
v 0.67588028 -0.15556411 0.40702795
v 0.67539952 -0.15532842 0.40718499
v 0.67481398 -0.15518537 0.4072803
v 0.67414441 -0.15513768 0.40731207
v 0.67352776 -0.1551831 0.40728181
v 0.67297005 -0.15531934 0.40719104
v 0.67250512 -0.15554323 0.40704187
v 0.67216678 -0.15585158 0.40683642
v 0.67196051 -0.15621534 0.40659405
v 0.67189175 -0.15660544 0.40633413
v 0.67194796 -0.15695467 0.40610145
v 0.67211657 -0.15726848 0.40589237
v 0.6723998 -0.1575405 0.40571112
v 0.6727998 -0.15776439 0.40556195
v 0.67300962 -0.15784375 0.40550908
v 0.67328547 -0.15792561 0.40545453
v 0.67362735 -0.15800996 0.40539833
v 0.67403527 -0.15809682 0.40534046
v 0.67443718 -0.15817913 0.40528562
v 0.67476106 -0.15824986 0.4052385
v 0.6750069 -0.15830901 0.40519909
v 0.6751747 -0.15835658 0.40516739
v 0.67551958 -0.15849873 0.40507268
v 0.67575095 -0.15867084 0.40495801
v 0.67588193 -0.15887384 0.40482275
v 0.67592558 -0.15910862 0.40466632
v 0.67588029 -0.15934614 0.40450807
v 0.67574441 -0.15956457 0.40436253
v 0.67551575 -0.15975122 0.40423817
v 0.67519215 -0.15989336 0.40414346
v 0.67479271 -0.15998328 0.40408355
v 0.6743365 -0.16001326 0.40406358
v 0.67381808 -0.15997375 0.4040899
v 0.67335423 -0.15985522 0.40416888
v 0.67297497 -0.15967266 0.40429051
v 0.67271031 -0.15944105 0.40444483
v 0.67254059 -0.15914904 0.40463939
v 0.67244618 -0.15878528 0.40488175
v 0.67575095 -0.15865698 0.4049372
v 0.67588193 -0.15885997 0.40480195
v 0.67592558 -0.15909476 0.40464551
v 0.67592558 -0.15910862 0.40466632
v 0.67588193 -0.15887384 0.40482275
v 0.67575095 -0.15867084 0.40495801
v 0.67199871 -0.15978686 0.40418438
v 0.67239598 -0.16015698 0.40393778
v 0.67291985 -0.16042083 0.40376198
v 0.67291985 -0.16043469 0.40378278
v 0.67239598 -0.16017085 0.40395858
v 0.67199871 -0.15980072 0.40420519
v 0.6751747 -0.15834272 0.40514659
v 0.67551958 -0.15848487 0.40505187
v 0.67575095 -0.15865698 0.4049372
v 0.67575095 -0.15867084 0.40495801
v 0.67551958 -0.15849873 0.40507268
v 0.6751747 -0.15835658 0.40516739
v 0.67291985 -0.16042083 0.40376198
v 0.67357743 -0.16057887 0.40365668
v 0.67437579 -0.16063155 0.40362158
v 0.67437579 -0.16064542 0.40364239
v 0.67357743 -0.16059273 0.40367749
v 0.67291985 -0.16043469 0.40378278
v 0.67403527 -0.15808295 0.40531966
v 0.67443718 -0.15816526 0.40526482
v 0.67476106 -0.15823599 0.40521769
v 0.6750069 -0.15829514 0.40517828
v 0.6751747 -0.15834272 0.40514659
v 0.6751747 -0.15835658 0.40516739
v 0.6750069 -0.15830901 0.40519909
v 0.67476106 -0.15824986 0.4052385
v 0.67443718 -0.15817913 0.40528562
v 0.67403527 -0.15809682 0.40534046
v 0.67437579 -0.16063155 0.40362158
v 0.67502681 -0.16057932 0.40365638
v 0.67560908 -0.16042265 0.40376077
v 0.67560908 -0.16043651 0.40378157
v 0.67502681 -0.16059319 0.40367719
v 0.67437579 -0.16064542 0.40364239
v 0.6727998 -0.15775053 0.40554115
v 0.67300962 -0.15782988 0.40548827
v 0.67328547 -0.15791175 0.40543373
v 0.67362735 -0.1579961 0.40537753
v 0.67403527 -0.15808295 0.40531966
v 0.67403527 -0.15809682 0.40534046
v 0.67362735 -0.15800996 0.40539833
v 0.67328547 -0.15792561 0.40545453
v 0.67300962 -0.15784375 0.40550908
v 0.6727998 -0.15776439 0.40556195
v 0.67560908 -0.16042265 0.40376077
v 0.67609312 -0.16017197 0.40392779
v 0.67644946 -0.15983772 0.40415049
v 0.67644946 -0.15985159 0.4041713
v 0.67609312 -0.16018583 0.4039486
v 0.67560908 -0.16043651 0.40378157
v 0.67211657 -0.15725462 0.40587156
v 0.6723998 -0.15752664 0.40569032
v 0.6727998 -0.15775053 0.40554115
v 0.6727998 -0.15776439 0.40556195
v 0.6723998 -0.1575405 0.40571112
v 0.67211657 -0.15726848 0.40589237
v 0.67644946 -0.15983772 0.40415049
v 0.67666883 -0.15944944 0.4044092
v 0.67674195 -0.15903663 0.40468424
v 0.67674195 -0.15905049 0.40470505
v 0.67666883 -0.1594633 0.40443
v 0.67644946 -0.15985159 0.4041713
v 0.67189175 -0.15659158 0.40631333
v 0.67194796 -0.15694081 0.40608065
v 0.67211657 -0.15725462 0.40587156
v 0.67211657 -0.15726848 0.40589237
v 0.67194796 -0.15695467 0.40610145
v 0.67189175 -0.15660544 0.40633413
v 0.67674195 -0.15903663 0.40468424
v 0.67667537 -0.15863291 0.40495323
v 0.67647564 -0.15827914 0.40518895
v 0.67647564 -0.158293 0.40520975
v 0.67667537 -0.15864677 0.40497404
v 0.67674195 -0.15905049 0.40470505
v 0.67216678 -0.15583772 0.40681561
v 0.67196051 -0.15620148 0.40657325
v 0.67189175 -0.15659158 0.40631333
v 0.67189175 -0.15660544 0.40633413
v 0.67196051 -0.15621534 0.40659405
v 0.67216678 -0.15585158 0.40683642
v 0.67647564 -0.15827914 0.40518895
v 0.67613622 -0.15797896 0.40538895
v 0.67565054 -0.157736 0.40555083
v 0.67565054 -0.15774986 0.40557163
v 0.67613622 -0.15799282 0.40540976
v 0.67647564 -0.158293 0.40520975
v 0.67297005 -0.15530548 0.40717023
v 0.67250512 -0.15552936 0.40702106
v 0.67216678 -0.15583772 0.40681561
v 0.67216678 -0.15585158 0.40683642
v 0.67250512 -0.15554323 0.40704187
v 0.67297005 -0.15531934 0.40719104
v 0.67565054 -0.157736 0.40555083
v 0.67541793 -0.15766027 0.40560129
v 0.6751043 -0.15757841 0.40565583
v 0.67470961 -0.15749043 0.40571445
v 0.6742339 -0.15739631 0.40577716
v 0.6742339 -0.15741017 0.40579796
v 0.67470961 -0.15750429 0.40573525
v 0.6751043 -0.15759227 0.40567663
v 0.67541793 -0.15767413 0.40562209
v 0.67565054 -0.15774986 0.40557163
v 0.67414441 -0.15512382 0.40729127
v 0.67352776 -0.15516924 0.40726101
v 0.67297005 -0.15530548 0.40717023
v 0.67297005 -0.15531934 0.40719104
v 0.67352776 -0.1551831 0.40728181
v 0.67414441 -0.15513768 0.40731207
v 0.6742339 -0.15739631 0.40577716
v 0.67376691 -0.15729969 0.40584153
v 0.67339843 -0.1572042 0.40590515
v 0.67312845 -0.15710986 0.40596801
v 0.67295697 -0.15701665 0.40603011
v 0.67295697 -0.15703051 0.40605092
v 0.67312845 -0.15712372 0.40598882
v 0.67339843 -0.15721807 0.40592596
v 0.67376691 -0.15731355 0.40586234
v 0.6742339 -0.15741017 0.40579796
v 0.67539952 -0.15531456 0.40716418
v 0.67481398 -0.15517151 0.40725949
v 0.67414441 -0.15512382 0.40729127
v 0.67414441 -0.15513768 0.40731207
v 0.67481398 -0.15518537 0.4072803
v 0.67539952 -0.15532842 0.40718499
v 0.67295697 -0.15701665 0.40603011
v 0.67277033 -0.15680593 0.40617051
v 0.67270812 -0.15654435 0.4063448
v 0.67270812 -0.15655821 0.4063656
v 0.67277033 -0.15681979 0.40619132
v 0.67295697 -0.15703051 0.40605092
v 0.67623555 -0.15587586 0.4067902
v 0.67588028 -0.15555025 0.40700714
v 0.67539952 -0.15531456 0.40716418
v 0.67539952 -0.15532842 0.40718499
v 0.67588028 -0.15556411 0.40702795
v 0.67623555 -0.15588972 0.406811
v 0.67305955 -0.15597941 0.40672121
v 0.67351521 -0.15580366 0.40683831
v 0.67417933 -0.15574508 0.40687734
v 0.67417933 -0.15575894 0.40689814
v 0.67351521 -0.15581752 0.40685911
v 0.67305955 -0.15599327 0.40674201
v 0.67573786 -0.15676597 0.40619714
v 0.67654986 -0.1567151 0.40623103
v 0.67654986 -0.15672897 0.40625183
v 0.67573786 -0.15677983 0.40621794
v 0.67270812 -0.15654435 0.4063448
v 0.67279598 -0.15623781 0.40654904
v 0.67305955 -0.15597941 0.40672121
v 0.67305955 -0.15599327 0.40674201
v 0.67279598 -0.15625167 0.40656984
v 0.67270812 -0.15655821 0.4063656
v 0.67654986 -0.1567151 0.40623103
v 0.67646038 -0.15627096 0.40652695
v 0.67623555 -0.15587586 0.4067902
v 0.67623555 -0.15588972 0.406811
v 0.67646038 -0.15628483 0.40654775
v 0.67654986 -0.15672897 0.40625183
v 0.67417933 -0.15574508 0.40687734
v 0.67482709 -0.15580956 0.40683437
v 0.67529475 -0.15600302 0.40670547
v 0.67529475 -0.15601688 0.40672628
v 0.67482709 -0.15582342 0.40685518
v 0.67417933 -0.15575894 0.40689814
v 0.67529475 -0.15600302 0.40670547
v 0.67559434 -0.15632273 0.40649246
v 0.67573786 -0.15676597 0.40619714
v 0.67573786 -0.15677983 0.40621794
v 0.67559434 -0.15633659 0.40651326
v 0.67529475 -0.15601688 0.40672628
f 1511 1512 1516
f 1516 1512 1515
f 1515 1512 1513
f 1515 1513 1514
f 1517 1518 1522
f 1522 1518 1521
f 1521 1518 1519
f 1521 1519 1520
f 1523 1524 1528
f 1528 1524 1527
f 1527 1524 1525
f 1527 1525 1526
f 1529 1530 1534
f 1534 1530 1533
f 1533 1530 1531
f 1533 1531 1532
f 1535 1536 1540
f 1540 1536 1539
f 1539 1536 1537
f 1539 1537 1538
f 1542 1545 1541
f 1541 1545 1546
f 1541 1546 1616
f 1616 1546 1547
f 1616 1547 1615
f 1615 1547 1548
f 1615 1548 1614
f 1614 1548 1549
f 1614 1549 1613
f 1613 1549 1550
f 1613 1550 1551
f 1543 1544 1542
f 1542 1544 1545
f 1613 1551 1612
f 1612 1551 1552
f 1612 1552 1611
f 1611 1552 1553
f 1611 1553 1610
f 1610 1553 1554
f 1610 1554 1609
f 1609 1554 1555
f 1609 1555 1608
f 1608 1555 1556
f 1608 1556 1607
f 1607 1556 1606
f 1606 1556 1557
f 1606 1557 1605
f 1605 1557 1558
f 1605 1558 1604
f 1604 1558 1559
f 1604 1559 1603
f 1603 1559 1560
f 1603 1560 1602
f 1602 1560 1601
f 1601 1560 1561
f 1601 1561 1562
f 1601 1562 1600
f 1600 1562 1563
f 1600 1563 1599
f 1599 1563 1564
f 1599 1564 1598
f 1598 1564 1565
f 1598 1565 1566
f 1598 1566 1597
f 1597 1566 1567
f 1597 1567 1596
f 1596 1567 1568
f 1596 1568 1595
f 1595 1568 1569
f 1595 1569 1594
f 1594 1569 1570
f 1594 1570 1571
f 1594 1571 1593
f 1593 1571 1572
f 1593 1572 1573
f 1593 1573 1592
f 1592 1573 1574
f 1592 1574 1575
f 1592 1575 1591
f 1591 1575 1576
f 1591 1576 1590
f 1590 1576 1577
f 1590 1577 1589
f 1589 1577 1578
f 1589 1578 1579
f 1589 1579 1588
f 1588 1579 1580
f 1588 1580 1587
f 1587 1580 1581
f 1587 1581 1586
f 1586 1581 1582
f 1586 1582 1583
f 1584 1585 1583
f 1583 1585 1586
f 1617 1618 1622
f 1622 1618 1621
f 1621 1618 1619
f 1621 1619 1620
f 1623 1624 1628
f 1628 1624 1627
f 1627 1624 1625
f 1627 1625 1626
f 1629 1630 1632
f 1632 1630 1631
f 1633 1634 1708
f 1708 1634 1707
f 1707 1634 1635
f 1707 1635 1706
f 1706 1635 1636
f 1706 1636 1705
f 1705 1636 1637
f 1705 1637 1704
f 1704 1637 1638
f 1704 1638 1703
f 1703 1638 1639
f 1703 1639 1702
f 1702 1639 1701
f 1701 1639 1640
f 1701 1640 1700
f 1700 1640 1641
f 1700 1641 1699
f 1699 1641 1642
f 1699 1642 1698
f 1698 1642 1643
f 1698 1643 1697
f 1697 1643 1644
f 1697 1644 1696
f 1696 1644 1645
f 1696 1645 1646
f 1696 1646 1695
f 1695 1646 1647
f 1695 1647 1694
f 1694 1647 1648
f 1694 1648 1693
f 1693 1648 1649
f 1693 1649 1692
f 1692 1649 1650
f 1692 1650 1651
f 1652 1690 1651
f 1651 1690 1691
f 1651 1691 1692
f 1690 1652 1689
f 1689 1652 1653
f 1689 1653 1688
f 1688 1653 1654
f 1688 1654 1687
f 1687 1654 1686
f 1686 1654 1655
f 1686 1655 1685
f 1685 1655 1656
f 1685 1656 1684
f 1684 1656 1657
f 1684 1657 1683
f 1683 1657 1658
f 1683 1658 1682
f 1682 1658 1681
f 1681 1658 1659
f 1681 1659 1680
f 1680 1659 1679
f 1679 1659 1660
f 1679 1660 1678
f 1678 1660 1677
f 1677 1660 1661
f 1677 1661 1676
f 1676 1661 1662
f 1676 1662 1675
f 1675 1662 1663
f 1675 1663 1674
f 1674 1663 1673
f 1673 1663 1664
f 1673 1664 1672
f 1672 1664 1665
f 1672 1665 1671
f 1671 1665 1666
f 1671 1666 1670
f 1670 1666 1669
f 1669 1666 1667
f 1669 1667 1668
f 1709 1710 1714
f 1714 1710 1713
f 1713 1710 1711
f 1713 1711 1712
f 1715 1716 1720
f 1720 1716 1719
f 1719 1716 1717
f 1719 1717 1718
f 1721 1722 1726
f 1726 1722 1725
f 1725 1722 1723
f 1725 1723 1724
f 1727 1728 1732
f 1732 1728 1731
f 1731 1728 1729
f 1731 1729 1730
f 1733 1734 1742
f 1742 1734 1741
f 1741 1734 1735
f 1741 1735 1740
f 1740 1735 1736
f 1740 1736 1739
f 1739 1736 1737
f 1739 1737 1738
f 1743 1744 1748
f 1748 1744 1747
f 1747 1744 1745
f 1747 1745 1746
f 1749 1750 1758
f 1758 1750 1757
f 1757 1750 1751
f 1757 1751 1756
f 1756 1751 1752
f 1756 1752 1755
f 1755 1752 1753
f 1755 1753 1754
f 1759 1760 1764
f 1764 1760 1763
f 1763 1760 1761
f 1763 1761 1762
f 1765 1766 1770
f 1770 1766 1769
f 1769 1766 1767
f 1769 1767 1768
f 1771 1772 1776
f 1776 1772 1775
f 1775 1772 1773
f 1775 1773 1774
f 1777 1778 1782
f 1782 1778 1781
f 1781 1778 1779
f 1781 1779 1780
f 1783 1784 1788
f 1788 1784 1787
f 1787 1784 1785
f 1787 1785 1786
f 1789 1790 1794
f 1794 1790 1793
f 1793 1790 1791
f 1793 1791 1792
f 1795 1796 1800
f 1800 1796 1799
f 1799 1796 1797
f 1799 1797 1798
f 1801 1802 1806
f 1806 1802 1805
f 1805 1802 1803
f 1805 1803 1804
f 1807 1808 1816
f 1816 1808 1815
f 1815 1808 1809
f 1815 1809 1814
f 1814 1809 1810
f 1814 1810 1813
f 1813 1810 1811
f 1813 1811 1812
f 1817 1818 1822
f 1822 1818 1821
f 1821 1818 1819
f 1821 1819 1820
f 1823 1824 1832
f 1832 1824 1831
f 1831 1824 1825
f 1831 1825 1830
f 1830 1825 1826
f 1830 1826 1829
f 1829 1826 1827
f 1829 1827 1828
f 1833 1834 1838
f 1838 1834 1837
f 1837 1834 1835
f 1837 1835 1836
f 1839 1840 1844
f 1844 1840 1843
f 1843 1840 1841
f 1843 1841 1842
f 1845 1846 1850
f 1850 1846 1849
f 1849 1846 1847
f 1849 1847 1848
f 1851 1852 1856
f 1856 1852 1855
f 1855 1852 1853
f 1855 1853 1854
f 1857 1858 1860
f 1860 1858 1859
f 1861 1862 1866
f 1866 1862 1865
f 1865 1862 1863
f 1865 1863 1864
f 1867 1868 1872
f 1872 1868 1871
f 1871 1868 1869
f 1871 1869 1870
f 1873 1874 1878
f 1878 1874 1877
f 1877 1874 1875
f 1877 1875 1876
f 1879 1880 1884
f 1884 1880 1883
f 1883 1880 1881
f 1883 1881 1882
v 0.65665573 -0.15795761 0.40540317
v 0.65669625 -0.15739937 0.40577512
v 0.6568178 -0.15692718 0.40608972
v 0.65702039 -0.15654106 0.40634699
v 0.65730403 -0.15624099 0.40654692
v 0.65730403 -0.15625485 0.40656773
v 0.65702039 -0.15655492 0.4063678
v 0.6568178 -0.15694104 0.40611053
v 0.65669625 -0.15741323 0.40579592
v 0.65665573 -0.15797148 0.40542398
v 0.65885163 -0.15572691 0.40688944
v 0.65945354 -0.15579367 0.40684496
v 0.65999324 -0.15599394 0.40671152
v 0.65999324 -0.1560078 0.40673233
v 0.65945354 -0.15580753 0.40686576
v 0.65885163 -0.15574077 0.40691025
v 0.66076596 -0.15674598 0.40621045
v 0.66096406 -0.15727232 0.40585976
v 0.66103009 -0.15788132 0.405454
v 0.66103009 -0.15789518 0.40547481
v 0.66096406 -0.15728619 0.40588057
v 0.66076596 -0.15675985 0.40623126
v 0.66103009 -0.15788132 0.405454
v 0.66099148 -0.1583661 0.405131
v 0.66087565 -0.15879231 0.40484703
v 0.66068261 -0.15915993 0.40460209
v 0.66041235 -0.15946897 0.40439618
v 0.66041235 -0.15948283 0.40441699
v 0.66068261 -0.1591738 0.4046229
v 0.66087565 -0.15880617 0.40486784
v 0.66099148 -0.15837997 0.40515181
v 0.66103009 -0.15789518 0.40547481
v 0.66041235 -0.15946897 0.40439618
v 0.66008233 -0.15971375 0.4042331
v 0.65971002 -0.15988859 0.4041166
v 0.65929543 -0.15999349 0.40404671
v 0.65883854 -0.16002846 0.40402341
v 0.65883854 -0.16004232 0.40404421
v 0.65929543 -0.16000736 0.40406751
v 0.65971002 -0.15990245 0.40413741
v 0.66008233 -0.15972761 0.4042539
v 0.66041235 -0.15948283 0.40441699
v 0.65614932 -0.15927642 0.40452448
v 0.65587429 -0.15862973 0.40495535
v 0.65578261 -0.15794672 0.40541043
v 0.65583609 -0.15731967 0.40582822
v 0.65599653 -0.1567646 0.40619805
v 0.65626392 -0.15628152 0.40651992
v 0.65663827 -0.15587042 0.40679382
v 0.6570972 -0.15554219 0.40701252
v 0.65761835 -0.15530775 0.40716872
v 0.6582017 -0.15516708 0.40726244
v 0.65884727 -0.15512019 0.40729369
v 0.65968983 -0.15520829 0.40723498
v 0.66044509 -0.15547259 0.40705889
v 0.6610721 -0.15589449 0.40677779
v 0.66152995 -0.15645534 0.4064041
v 0.66180989 -0.15712791 0.40595598
v 0.66190321 -0.15788496 0.40545158
v 0.66180498 -0.15865244 0.40494022
v 0.6615103 -0.15933454 0.40448575
v 0.66103553 -0.15989631 0.40411146
v 0.66039707 -0.16030275 0.40384065
v 0.65964837 -0.16054936 0.40367635
v 0.6588429 -0.16063155 0.40362158
v 0.65798725 -0.16054072 0.4036821
v 0.65722763 -0.16026825 0.40386365
v 0.65660224 -0.15983864 0.40414988
v 0.65730403 -0.15624099 0.40654692
v 0.65702039 -0.15654106 0.40634699
v 0.6568178 -0.15692718 0.40608972
v 0.65669625 -0.15739937 0.40577512
v 0.65665573 -0.15795761 0.40540317
v 0.65669461 -0.15841345 0.40509945
v 0.65681125 -0.1588182 0.40482978
v 0.65700566 -0.15917185 0.40459415
v 0.65727783 -0.15947442 0.40439256
v 0.65760866 -0.15971681 0.40423105
v 0.65797906 -0.15988995 0.40411569
v 0.65838902 -0.15999383 0.40404648
v 0.65883854 -0.16002846 0.40402341
v 0.65929543 -0.15999349 0.40404671
v 0.65971002 -0.15988859 0.4041166
v 0.66008233 -0.15971375 0.4042331
v 0.66041235 -0.15946897 0.40439618
v 0.66068261 -0.15915993 0.40460209
v 0.66087565 -0.15879231 0.40484703
v 0.66099148 -0.1583661 0.405131
v 0.66103009 -0.15788132 0.405454
v 0.66096406 -0.15727232 0.40585976
v 0.66076596 -0.15674598 0.40621045
v 0.66044073 -0.15631547 0.4064973
v 0.65999324 -0.15599394 0.40671152
v 0.65945354 -0.15579367 0.40684496
v 0.65885163 -0.15572691 0.40688944
v 0.65841766 -0.15575904 0.40686804
v 0.65801508 -0.15585543 0.40680381
v 0.65764386 -0.15601608 0.40669677
v 0.65999324 -0.15599394 0.40671152
v 0.66044073 -0.15631547 0.4064973
v 0.66076596 -0.15674598 0.40621045
v 0.66076596 -0.15675985 0.40623126
v 0.66044073 -0.15632933 0.4065181
v 0.65999324 -0.1560078 0.40673233
v 0.65883854 -0.16002846 0.40402341
v 0.65838902 -0.15999383 0.40404648
v 0.65797906 -0.15988995 0.40411569
v 0.65760866 -0.15971681 0.40423105
v 0.65727783 -0.15947442 0.40439256
v 0.65727783 -0.15948828 0.40441336
v 0.65760866 -0.15973067 0.40425186
v 0.65797906 -0.15990382 0.4041365
v 0.65838902 -0.1600077 0.40406728
v 0.65883854 -0.16004232 0.40404421
v 0.65727783 -0.15947442 0.40439256
v 0.65700566 -0.15917185 0.40459415
v 0.65681125 -0.1588182 0.40482978
v 0.65669461 -0.15841345 0.40509945
v 0.65665573 -0.15795761 0.40540317
v 0.65665573 -0.15797148 0.40542398
v 0.65669461 -0.15842732 0.40512026
v 0.65681125 -0.15883206 0.40485059
v 0.65700566 -0.15918572 0.40461495
v 0.65727783 -0.15948828 0.40441336
v 0.65663827 -0.15587042 0.40679382
v 0.65626392 -0.15628152 0.40651992
v 0.65599653 -0.1567646 0.40619805
v 0.65583609 -0.15731967 0.40582822
v 0.65578261 -0.15794672 0.40541043
v 0.65578261 -0.15796058 0.40543124
v 0.65583609 -0.15733353 0.40584902
v 0.65599653 -0.15677847 0.40621885
v 0.65626392 -0.15629538 0.40654072
v 0.65663827 -0.15588428 0.40681463
v 0.65578261 -0.15796058 0.40543124
v 0.65587429 -0.15864359 0.40497616
v 0.65614932 -0.15929028 0.40454528
v 0.65660224 -0.1598525 0.40417069
v 0.65722763 -0.16028211 0.40388445
v 0.65798725 -0.16055458 0.40370291
v 0.6588429 -0.16064542 0.40364239
v 0.65964837 -0.16056322 0.40369715
v 0.66039707 -0.16031662 0.40386146
v 0.66103553 -0.15991017 0.40413226
v 0.6615103 -0.15934841 0.40450656
v 0.66180498 -0.1586663 0.40496103
v 0.66190321 -0.15789882 0.40547239
v 0.66180989 -0.15714177 0.40597679
v 0.66152995 -0.15646921 0.40642491
v 0.6610721 -0.15590835 0.40679859
v 0.66044509 -0.15548646 0.40707969
v 0.65968983 -0.15522216 0.40725579
v 0.65884727 -0.15513405 0.40731449
v 0.6582017 -0.15518094 0.40728325
v 0.65761835 -0.15532161 0.40718953
v 0.6570972 -0.15555605 0.40703332
v 0.65663827 -0.15588428 0.40681463
v 0.65626392 -0.15629538 0.40654072
v 0.65599653 -0.15677847 0.40621885
v 0.65583609 -0.15733353 0.40584902
v 0.65665573 -0.15797148 0.40542398
v 0.65669625 -0.15741323 0.40579592
v 0.6568178 -0.15694104 0.40611053
v 0.65702039 -0.15655492 0.4063678
v 0.65730403 -0.15625485 0.40656773
v 0.65764386 -0.15602995 0.40671758
v 0.65801508 -0.1558693 0.40682461
v 0.65841766 -0.1557729 0.40688884
v 0.65885163 -0.15574077 0.40691025
v 0.65945354 -0.15580753 0.40686576
v 0.65999324 -0.1560078 0.40673233
v 0.66044073 -0.15632933 0.4065181
v 0.66076596 -0.15675985 0.40623126
v 0.66096406 -0.15728619 0.40588057
v 0.66103009 -0.15789518 0.40547481
v 0.66099148 -0.15837997 0.40515181
v 0.66087565 -0.15880617 0.40486784
v 0.66068261 -0.1591738 0.4046229
v 0.66041235 -0.15948283 0.40441699
v 0.66008233 -0.15972761 0.4042539
v 0.65971002 -0.15990245 0.40413741
v 0.65929543 -0.16000736 0.40406751
v 0.65883854 -0.16004232 0.40404421
v 0.65838902 -0.1600077 0.40406728
v 0.65797906 -0.15990382 0.4041365
v 0.65760866 -0.15973067 0.40425186
v 0.65727783 -0.15948828 0.40441336
v 0.65700566 -0.15918572 0.40461495
v 0.65681125 -0.15883206 0.40485059
v 0.65669461 -0.15842732 0.40512026
v 0.65730403 -0.15624099 0.40654692
v 0.65764386 -0.15601608 0.40669677
v 0.65801508 -0.15585543 0.40680381
v 0.65841766 -0.15575904 0.40686804
v 0.65885163 -0.15572691 0.40688944
v 0.65885163 -0.15574077 0.40691025
v 0.65841766 -0.1557729 0.40688884
v 0.65801508 -0.1558693 0.40682461
v 0.65764386 -0.15602995 0.40671758
v 0.65730403 -0.15625485 0.40656773
v 0.65884727 -0.15512019 0.40729369
v 0.6582017 -0.15516708 0.40726244
v 0.65761835 -0.15530775 0.40716872
v 0.6570972 -0.15554219 0.40701252
v 0.65663827 -0.15587042 0.40679382
v 0.65663827 -0.15588428 0.40681463
v 0.6570972 -0.15555605 0.40703332
v 0.65761835 -0.15532161 0.40718953
v 0.6582017 -0.15518094 0.40728325
v 0.65884727 -0.15513405 0.40731449
v 0.66044509 -0.15547259 0.40705889
v 0.65968983 -0.15520829 0.40723498
v 0.65884727 -0.15512019 0.40729369
v 0.65884727 -0.15513405 0.40731449
v 0.65968983 -0.15522216 0.40725579
v 0.66044509 -0.15548646 0.40707969
v 0.65578261 -0.15794672 0.40541043
v 0.65587429 -0.15862973 0.40495535
v 0.65614932 -0.15927642 0.40452448
v 0.65614932 -0.15929028 0.40454528
v 0.65587429 -0.15864359 0.40497616
v 0.65578261 -0.15796058 0.40543124
v 0.66152995 -0.15645534 0.4064041
v 0.6610721 -0.15589449 0.40677779
v 0.66044509 -0.15547259 0.40705889
v 0.66044509 -0.15548646 0.40707969
v 0.6610721 -0.15590835 0.40679859
v 0.66152995 -0.15646921 0.40642491
v 0.65614932 -0.15927642 0.40452448
v 0.65660224 -0.15983864 0.40414988
v 0.65722763 -0.16026825 0.40386365
v 0.65722763 -0.16028211 0.40388445
v 0.65660224 -0.1598525 0.40417069
v 0.65614932 -0.15929028 0.40454528
v 0.66190321 -0.15788496 0.40545158
v 0.66180989 -0.15712791 0.40595598
v 0.66152995 -0.15645534 0.4064041
v 0.66152995 -0.15646921 0.40642491
v 0.66180989 -0.15714177 0.40597679
v 0.66190321 -0.15789882 0.40547239
v 0.65722763 -0.16026825 0.40386365
v 0.65798725 -0.16054072 0.4036821
v 0.6588429 -0.16063155 0.40362158
v 0.6588429 -0.16064542 0.40364239
v 0.65798725 -0.16055458 0.40370291
v 0.65722763 -0.16028211 0.40388445
v 0.6615103 -0.15933454 0.40448575
v 0.66180498 -0.15865244 0.40494022
v 0.66190321 -0.15788496 0.40545158
v 0.66190321 -0.15789882 0.40547239
v 0.66180498 -0.1586663 0.40496103
v 0.6615103 -0.15934841 0.40450656
v 0.6588429 -0.16063155 0.40362158
v 0.65964837 -0.16054936 0.40367635
v 0.66039707 -0.16030275 0.40384065
v 0.66039707 -0.16031662 0.40386146
v 0.65964837 -0.16056322 0.40369715
v 0.6588429 -0.16064542 0.40364239
v 0.66039707 -0.16030275 0.40384065
v 0.66103553 -0.15989631 0.40411146
v 0.6615103 -0.15933454 0.40448575
v 0.6615103 -0.15934841 0.40450656
v 0.66103553 -0.15991017 0.40413226
v 0.66039707 -0.16031662 0.40386146
f 1885 1886 1894
f 1894 1886 1893
f 1893 1886 1887
f 1893 1887 1892
f 1892 1887 1888
f 1892 1888 1891
f 1891 1888 1889
f 1891 1889 1890
f 1895 1896 1900
f 1900 1896 1899
f 1899 1896 1897
f 1899 1897 1898
f 1901 1902 1906
f 1906 1902 1905
f 1905 1902 1903
f 1905 1903 1904
f 1907 1908 1916
f 1916 1908 1915
f 1915 1908 1909
f 1915 1909 1914
f 1914 1909 1910
f 1914 1910 1913
f 1913 1910 1911
f 1913 1911 1912
f 1917 1918 1926
f 1926 1918 1925
f 1925 1918 1919
f 1925 1919 1924
f 1924 1919 1920
f 1924 1920 1923
f 1923 1920 1921
f 1923 1921 1922
f 1928 1959 1927
f 1927 1959 1960
f 1927 1960 1952
f 1952 1960 1961
f 1952 1961 1951
f 1951 1961 1962
f 1951 1962 1963
f 1959 1928 1958
f 1958 1928 1929
f 1958 1929 1957
f 1957 1929 1930
f 1957 1930 1956
f 1956 1930 1931
f 1956 1931 1955
f 1955 1931 1932
f 1955 1932 1954
f 1954 1932 1933
f 1954 1933 1953
f 1953 1933 1934
f 1953 1934 1982
f 1982 1934 1935
f 1982 1935 1981
f 1981 1935 1936
f 1981 1936 1980
f 1980 1936 1937
f 1980 1937 1979
f 1979 1937 1978
f 1978 1937 1938
f 1978 1938 1977
f 1977 1938 1939
f 1977 1939 1976
f 1976 1939 1940
f 1976 1940 1975
f 1975 1940 1941
f 1975 1941 1974
f 1974 1941 1942
f 1974 1942 1973
f 1973 1942 1943
f 1973 1943 1972
f 1972 1943 1944
f 1972 1944 1971
f 1971 1944 1945
f 1971 1945 1970
f 1970 1945 1946
f 1970 1946 1969
f 1969 1946 1947
f 1969 1947 1968
f 1968 1947 1967
f 1967 1947 1948
f 1967 1948 1966
f 1966 1948 1949
f 1966 1949 1965
f 1965 1949 1964
f 1964 1949 1950
f 1964 1950 1963
f 1963 1950 1951
f 1983 1984 1988
f 1988 1984 1987
f 1987 1984 1985
f 1987 1985 1986
f 1989 1990 1998
f 1998 1990 1997
f 1997 1990 1991
f 1997 1991 1996
f 1996 1991 1992
f 1996 1992 1995
f 1995 1992 1993
f 1995 1993 1994
f 1999 2000 2008
f 2008 2000 2007
f 2007 2000 2001
f 2007 2001 2006
f 2006 2001 2002
f 2006 2002 2005
f 2005 2002 2003
f 2005 2003 2004
f 2009 2010 2018
f 2018 2010 2017
f 2017 2010 2011
f 2017 2011 2016
f 2016 2011 2012
f 2016 2012 2015
f 2015 2012 2013
f 2015 2013 2014
f 2020 2074 2019
f 2019 2074 2045
f 2019 2045 2044
f 2044 2045 2046
f 2044 2046 2043
f 2043 2046 2047
f 2043 2047 2042
f 2042 2047 2048
f 2042 2048 2041
f 2041 2048 2049
f 2041 2049 2040
f 2040 2049 2050
f 2040 2050 2039
f 2039 2050 2051
f 2039 2051 2038
f 2038 2051 2052
f 2038 2052 2037
f 2037 2052 2053
f 2037 2053 2054
f 2074 2020 2073
f 2073 2020 2021
f 2073 2021 2072
f 2072 2021 2022
f 2072 2022 2071
f 2071 2022 2023
f 2071 2023 2070
f 2070 2023 2069
f 2069 2023 2024
f 2069 2024 2068
f 2068 2024 2025
f 2068 2025 2067
f 2067 2025 2066
f 2066 2025 2026
f 2066 2026 2065
f 2065 2026 2027
f 2065 2027 2064
f 2064 2027 2063
f 2063 2027 2028
f 2063 2028 2062
f 2062 2028 2029
f 2062 2029 2061
f 2061 2029 2030
f 2061 2030 2060
f 2060 2030 2031
f 2060 2031 2059
f 2059 2031 2032
f 2059 2032 2058
f 2058 2032 2033
f 2058 2033 2057
f 2057 2033 2034
f 2057 2034 2056
f 2056 2034 2035
f 2056 2035 2055
f 2055 2035 2036
f 2055 2036 2054
f 2054 2036 2037
f 2075 2076 2084
f 2084 2076 2083
f 2083 2076 2077
f 2083 2077 2082
f 2082 2077 2078
f 2082 2078 2081
f 2081 2078 2079
f 2081 2079 2080
f 2085 2086 2094
f 2094 2086 2093
f 2093 2086 2087
f 2093 2087 2092
f 2092 2087 2088
f 2092 2088 2091
f 2091 2088 2089
f 2091 2089 2090
f 2095 2096 2100
f 2100 2096 2099
f 2099 2096 2097
f 2099 2097 2098
f 2101 2102 2106
f 2106 2102 2105
f 2105 2102 2103
f 2105 2103 2104
f 2107 2108 2112
f 2112 2108 2111
f 2111 2108 2109
f 2111 2109 2110
f 2113 2114 2118
f 2118 2114 2117
f 2117 2114 2115
f 2117 2115 2116
f 2119 2120 2124
f 2124 2120 2123
f 2123 2120 2121
f 2123 2121 2122
f 2125 2126 2130
f 2130 2126 2129
f 2129 2126 2127
f 2129 2127 2128
f 2131 2132 2136
f 2136 2132 2135
f 2135 2132 2133
f 2135 2133 2134
f 2137 2138 2142
f 2142 2138 2141
f 2141 2138 2139
f 2141 2139 2140
f 2143 2144 2148
f 2148 2144 2147
f 2147 2144 2145
f 2147 2145 2146
v 0.64972313 -0.16054072 0.4036821
v 0.65057005 -0.16054072 0.4036821
v 0.65057005 -0.16055458 0.40370291
v 0.64972313 -0.16055458 0.40370291
v 0.65057005 -0.16054072 0.4036821
v 0.65057005 -0.15584317 0.40681198
v 0.65057005 -0.15585703 0.40683278
v 0.65057005 -0.16055458 0.40370291
v 0.65268738 -0.15584317 0.40681198
v 0.65268738 -0.15521465 0.40723075
v 0.65268738 -0.15522851 0.40725155
v 0.65268738 -0.15585703 0.40683278
v 0.65268738 -0.15521465 0.40723075
v 0.64761453 -0.15521465 0.40723075
v 0.64761453 -0.15522851 0.40725155
v 0.65268738 -0.15522851 0.40725155
v 0.64761453 -0.15521465 0.40723075
v 0.64761453 -0.15584317 0.40681198
v 0.64761453 -0.15585703 0.40683278
v 0.64761453 -0.15522851 0.40725155
v 0.65057005 -0.16054072 0.4036821
v 0.64972313 -0.16054072 0.4036821
v 0.64972313 -0.15584317 0.40681198
v 0.64761453 -0.15584317 0.40681198
v 0.64761453 -0.15521465 0.40723075
v 0.65268738 -0.15521465 0.40723075
v 0.65268738 -0.15584317 0.40681198
v 0.65057005 -0.15584317 0.40681198
v 0.65057005 -0.15584317 0.40681198
v 0.65268738 -0.15584317 0.40681198
v 0.65268738 -0.15585703 0.40683278
v 0.65057005 -0.15585703 0.40683278
v 0.64761453 -0.15584317 0.40681198
v 0.64972313 -0.15584317 0.40681198
v 0.64972313 -0.15585703 0.40683278
v 0.64761453 -0.15585703 0.40683278
v 0.64972313 -0.15584317 0.40681198
v 0.64972313 -0.16054072 0.4036821
v 0.64972313 -0.16055458 0.40370291
v 0.64972313 -0.15585703 0.40683278
v 0.64972313 -0.16055458 0.40370291
v 0.65057005 -0.16055458 0.40370291
v 0.65057005 -0.15585703 0.40683278
v 0.65268738 -0.15585703 0.40683278
v 0.65268738 -0.15522851 0.40725155
v 0.64761453 -0.15522851 0.40725155
v 0.64761453 -0.15585703 0.40683278
v 0.64972313 -0.15585703 0.40683278
f 2149 2150 2152
f 2152 2150 2151
f 2153 2154 2156
f 2156 2154 2155
f 2157 2158 2160
f 2160 2158 2159
f 2161 2162 2164
f 2164 2162 2163
f 2165 2166 2168
f 2168 2166 2167
f 2169 2170 2176
f 2176 2170 2171
f 2176 2171 2173
f 2173 2171 2172
f 2173 2174 2176
f 2176 2174 2175
f 2177 2178 2180
f 2180 2178 2179
f 2181 2182 2184
f 2184 2182 2183
f 2185 2186 2188
f 2188 2186 2187
f 2189 2190 2196
f 2196 2190 2191
f 2196 2191 2194
f 2194 2191 2193
f 2193 2191 2192
f 2194 2195 2196
v 0.64546228 -0.15521465 0.40723075
v 0.64454986 -0.15521465 0.40723075
v 0.64454986 -0.15522851 0.40725155
v 0.64546228 -0.15522851 0.40725155
v 0.64393868 -0.15835362 0.40513932
v 0.64464154 -0.1567914 0.4061802
v 0.64464154 -0.15680526 0.406201
v 0.64393868 -0.15836748 0.40516012
v 0.64464154 -0.1567914 0.4061802
v 0.64498643 -0.15577414 0.40685797
v 0.64498643 -0.155788 0.40687878
v 0.64464154 -0.15680526 0.406201
v 0.64498643 -0.15577414 0.40685797
v 0.64517415 -0.15626642 0.40652997
v 0.64544045 -0.1568786 0.4061221
v 0.64544045 -0.15689246 0.4061429
v 0.64517415 -0.15628029 0.40655078
v 0.64498643 -0.155788 0.40687878
v 0.64299134 -0.16054072 0.4036821
v 0.64209202 -0.16054072 0.4036821
v 0.64454986 -0.15521465 0.40723075
v 0.64546228 -0.15521465 0.40723075
v 0.64808165 -0.16054072 0.4036821
v 0.64711685 -0.16054072 0.4036821
v 0.64637033 -0.15892764 0.40475686
v 0.6436942 -0.15892764 0.40475686
v 0.64464154 -0.1567914 0.4061802
v 0.64393868 -0.15835362 0.40513932
v 0.64610839 -0.15835362 0.40513932
v 0.64544045 -0.1568786 0.4061221
v 0.64517415 -0.15626642 0.40652997
v 0.64498643 -0.15577414 0.40685797
v 0.64454986 -0.15521465 0.40723075
v 0.64209202 -0.16054072 0.4036821
v 0.64209202 -0.16055458 0.40370291
v 0.64454986 -0.15522851 0.40725155
v 0.64544045 -0.1568786 0.4061221
v 0.64610839 -0.15835362 0.40513932
v 0.64610839 -0.15836748 0.40516012
v 0.64544045 -0.15689246 0.4061429
v 0.64610839 -0.15835362 0.40513932
v 0.64393868 -0.15835362 0.40513932
v 0.64393868 -0.15836748 0.40516012
v 0.64610839 -0.15836748 0.40516012
v 0.64209202 -0.16055458 0.40370291
v 0.64299134 -0.16055458 0.40370291
v 0.6436942 -0.1589415 0.40477767
v 0.64637033 -0.1589415 0.40477767
v 0.64711685 -0.16055458 0.40370291
v 0.64808165 -0.16055458 0.40370291
v 0.64546228 -0.15522851 0.40725155
v 0.64454986 -0.15522851 0.40725155
v 0.64393868 -0.15836748 0.40516012
v 0.64464154 -0.15680526 0.406201
v 0.64498643 -0.155788 0.40687878
v 0.64517415 -0.15628029 0.40655078
v 0.64544045 -0.15689246 0.4061429
v 0.64610839 -0.15836748 0.40516012
v 0.64808165 -0.16054072 0.4036821
v 0.64546228 -0.15521465 0.40723075
v 0.64546228 -0.15522851 0.40725155
v 0.64808165 -0.16055458 0.40370291
v 0.64711685 -0.16054072 0.4036821
v 0.64808165 -0.16054072 0.4036821
v 0.64808165 -0.16055458 0.40370291
v 0.64711685 -0.16055458 0.40370291
v 0.64637033 -0.15892764 0.40475686
v 0.64711685 -0.16054072 0.4036821
v 0.64711685 -0.16055458 0.40370291
v 0.64637033 -0.1589415 0.40477767
v 0.64209202 -0.16054072 0.4036821
v 0.64299134 -0.16054072 0.4036821
v 0.64299134 -0.16055458 0.40370291
v 0.64209202 -0.16055458 0.40370291
v 0.6436942 -0.15892764 0.40475686
v 0.64637033 -0.15892764 0.40475686
v 0.64637033 -0.1589415 0.40477767
v 0.6436942 -0.1589415 0.40477767
v 0.64299134 -0.16054072 0.4036821
v 0.6436942 -0.15892764 0.40475686
v 0.6436942 -0.1589415 0.40477767
v 0.64299134 -0.16055458 0.40370291
f 2197 2198 2200
f 2200 2198 2199
f 2201 2202 2204
f 2204 2202 2203
f 2205 2206 2208
f 2208 2206 2207
f 2209 2210 2214
f 2214 2210 2213
f 2213 2210 2211
f 2213 2211 2212
f 2215 2216 2222
f 2222 2216 2224
f 2222 2224 2225
f 2216 2217 2224
f 2224 2217 2223
f 2223 2217 2228
f 2228 2217 2218
f 2228 2218 2227
f 2227 2218 2226
f 2226 2218 2225
f 2225 2218 2219
f 2225 2219 2221
f 2221 2219 2220
f 2221 2222 2225
f 2229 2230 2232
f 2232 2230 2231
f 2233 2234 2236
f 2236 2234 2235
f 2237 2238 2240
f 2240 2238 2239
f 2242 2243 2241
f 2241 2243 2249
f 2241 2249 2248
f 2248 2249 2250
f 2248 2250 2251
f 2249 2243 2254
f 2254 2243 2244
f 2254 2244 2246
f 2246 2244 2245
f 2246 2247 2254
f 2254 2247 2253
f 2253 2247 2252
f 2252 2247 2251
f 2251 2247 2248
f 2255 2256 2258
f 2258 2256 2257
f 2259 2260 2262
f 2262 2260 2261
f 2263 2264 2266
f 2266 2264 2265
f 2267 2268 2270
f 2270 2268 2269
f 2271 2272 2274
f 2274 2272 2273
f 2275 2276 2278
f 2278 2276 2277
v 0.6317455 -0.15882955 0.40482222
v 0.63184209 -0.15933591 0.40448484
v 0.63209693 -0.15978686 0.40418438
v 0.63209693 -0.15980072 0.40420519
v 0.63184209 -0.15934977 0.40450565
v 0.6317455 -0.15884341 0.40484303
v 0.63602381 -0.15909476 0.40464551
v 0.63597851 -0.15933227 0.40448726
v 0.63584263 -0.15955071 0.40434172
v 0.63584263 -0.15956457 0.40436253
v 0.63597851 -0.15934614 0.40450807
v 0.63602381 -0.15910862 0.40466632
v 0.63529038 -0.1598795 0.40412266
v 0.63489093 -0.15996942 0.40406275
v 0.63443472 -0.1599994 0.40404277
v 0.63443472 -0.16001326 0.40406358
v 0.63489093 -0.15998328 0.40408355
v 0.63529038 -0.15989336 0.40414346
v 0.63443472 -0.1599994 0.40404277
v 0.63391631 -0.15995989 0.4040691
v 0.63345246 -0.15984136 0.40414807
v 0.63345246 -0.15985522 0.40416888
v 0.63391631 -0.15997375 0.4040899
v 0.63443472 -0.16001326 0.40406358
v 0.63345246 -0.15984136 0.40414807
v 0.6330732 -0.1596588 0.40426971
v 0.63280853 -0.15942719 0.40442403
v 0.63280853 -0.15944105 0.40444483
v 0.6330732 -0.15967266 0.40429051
v 0.63345246 -0.15985522 0.40416888
v 0.63209693 -0.15978686 0.40418438
v 0.63184209 -0.15933591 0.40448484
v 0.6317455 -0.15882955 0.40482222
v 0.63254441 -0.15877142 0.40486095
v 0.63263882 -0.15913518 0.40461858
v 0.63280853 -0.15942719 0.40442403
v 0.6330732 -0.1596588 0.40426971
v 0.63345246 -0.15984136 0.40414807
v 0.63391631 -0.15995989 0.4040691
v 0.63443472 -0.1599994 0.40404277
v 0.63489093 -0.15996942 0.40406275
v 0.63529038 -0.1598795 0.40412266
v 0.63561399 -0.15973736 0.40421736
v 0.63584263 -0.15955071 0.40434172
v 0.63597851 -0.15933227 0.40448726
v 0.63602381 -0.15909476 0.40464551
v 0.63598015 -0.15885997 0.40480195
v 0.63584919 -0.15865698 0.4049372
v 0.63561781 -0.15848487 0.40505187
v 0.63527292 -0.15834272 0.40514659
v 0.63510512 -0.15829514 0.40517828
v 0.63485928 -0.15823599 0.40521769
v 0.63453541 -0.15816526 0.40526482
v 0.6341335 -0.15808295 0.40531966
v 0.63372559 -0.1579961 0.40537753
v 0.6333837 -0.15791175 0.40543373
v 0.63310785 -0.15782988 0.40548827
v 0.63289803 -0.15775053 0.40554115
v 0.63249803 -0.15752664 0.40569032
v 0.6322148 -0.15725462 0.40587156
v 0.63204619 -0.15694081 0.40608065
v 0.63198998 -0.15659158 0.40631333
v 0.63205874 -0.15620148 0.40657325
v 0.63226501 -0.15583772 0.40681561
v 0.63260335 -0.15552936 0.40702106
v 0.63306829 -0.15530548 0.40717023
v 0.63362599 -0.15516924 0.40726101
v 0.63424264 -0.15512382 0.40729127
v 0.63491221 -0.15517151 0.40725949
v 0.63549775 -0.15531456 0.40716418
v 0.63597851 -0.15555025 0.40700714
v 0.63633377 -0.15587586 0.4067902
v 0.6365586 -0.15627096 0.40652695
v 0.63664809 -0.1567151 0.40623103
v 0.63583609 -0.15676597 0.40619714
v 0.63569257 -0.15632273 0.40649246
v 0.63539298 -0.15600302 0.40670547
v 0.63492531 -0.15580956 0.40683437
v 0.63427756 -0.15574508 0.40687734
v 0.63361344 -0.15580366 0.40683831
v 0.63315778 -0.15597941 0.40672121
v 0.6328942 -0.15623781 0.40654904
v 0.63280634 -0.15654435 0.4063448
v 0.63286856 -0.15680593 0.40617051
v 0.63305519 -0.15701665 0.40603011
v 0.63322668 -0.15710986 0.40596801
v 0.63349666 -0.1572042 0.40590515
v 0.63386515 -0.15729969 0.40584153
v 0.63433213 -0.15739631 0.40577716
v 0.63480785 -0.15749043 0.40571445
v 0.63520253 -0.15757841 0.40565583
v 0.63551617 -0.15766027 0.40560129
v 0.63574877 -0.157736 0.40555083
v 0.63623445 -0.15797896 0.40538895
v 0.63657388 -0.15827914 0.40518895
v 0.63677361 -0.15863291 0.40495323
v 0.63684018 -0.15903663 0.40468424
v 0.63676706 -0.15944944 0.4044092
v 0.63654769 -0.15983772 0.40415049
v 0.63619134 -0.16017197 0.40392779
v 0.6357073 -0.16042265 0.40376077
v 0.63512504 -0.16057932 0.40365638
v 0.63447402 -0.16063155 0.40362158
v 0.63367565 -0.16057887 0.40365668
v 0.63301808 -0.16042083 0.40376198
v 0.63249421 -0.16015698 0.40393778
v 0.63584263 -0.15955071 0.40434172
v 0.63561399 -0.15973736 0.40421736
v 0.63529038 -0.1598795 0.40412266
v 0.63529038 -0.15989336 0.40414346
v 0.63561399 -0.15975122 0.40423817
v 0.63584263 -0.15956457 0.40436253
v 0.63280853 -0.15942719 0.40442403
v 0.63263882 -0.15913518 0.40461858
v 0.63254441 -0.15877142 0.40486095
v 0.63254441 -0.15878528 0.40488175
v 0.63263882 -0.15914904 0.40463939
v 0.63280853 -0.15944105 0.40444483
v 0.63254441 -0.15877142 0.40486095
v 0.6317455 -0.15882955 0.40482222
v 0.6317455 -0.15884341 0.40484303
v 0.63254441 -0.15878528 0.40488175
v 0.6317455 -0.15884341 0.40484303
v 0.63184209 -0.15934977 0.40450565
v 0.63209693 -0.15980072 0.40420519
v 0.63249421 -0.16017085 0.40395858
v 0.63301808 -0.16043469 0.40378278
v 0.63367565 -0.16059273 0.40367749
v 0.63447402 -0.16064542 0.40364239
v 0.63512504 -0.16059319 0.40367719
v 0.6357073 -0.16043651 0.40378157
v 0.63619134 -0.16018583 0.4039486
v 0.63654769 -0.15985159 0.4041713
v 0.63676706 -0.1594633 0.40443
v 0.63684018 -0.15905049 0.40470505
v 0.63677361 -0.15864677 0.40497404
v 0.63657388 -0.158293 0.40520975
v 0.63623445 -0.15799282 0.40540976
v 0.63574877 -0.15774986 0.40557163
v 0.63551617 -0.15767413 0.40562209
v 0.63520253 -0.15759227 0.40567663
v 0.63480785 -0.15750429 0.40573525
v 0.63433213 -0.15741017 0.40579796
v 0.63386515 -0.15731355 0.40586234
v 0.63349666 -0.15721807 0.40592596
v 0.63322668 -0.15712372 0.40598882
v 0.63305519 -0.15703051 0.40605092
v 0.63286856 -0.15681979 0.40619132
v 0.63280634 -0.15655821 0.4063656
v 0.6328942 -0.15625167 0.40656984
v 0.63315778 -0.15599327 0.40674201
v 0.63361344 -0.15581752 0.40685911
v 0.63427756 -0.15575894 0.40689814
v 0.63492531 -0.15582342 0.40685518
v 0.63539298 -0.15601688 0.40672628
v 0.63569257 -0.15633659 0.40651326
v 0.63583609 -0.15677983 0.40621794
v 0.63664809 -0.15672897 0.40625183
v 0.6365586 -0.15628483 0.40654775
v 0.63633377 -0.15588972 0.406811
v 0.63597851 -0.15556411 0.40702795
v 0.63549775 -0.15532842 0.40718499
v 0.63491221 -0.15518537 0.4072803
v 0.63424264 -0.15513768 0.40731207
v 0.63362599 -0.1551831 0.40728181
v 0.63306829 -0.15531934 0.40719104
v 0.63260335 -0.15554323 0.40704187
v 0.63226501 -0.15585158 0.40683642
v 0.63205874 -0.15621534 0.40659405
v 0.63198998 -0.15660544 0.40633413
v 0.63204619 -0.15695467 0.40610145
v 0.6322148 -0.15726848 0.40589237
v 0.63249803 -0.1575405 0.40571112
v 0.63289803 -0.15776439 0.40556195
v 0.63310785 -0.15784375 0.40550908
v 0.6333837 -0.15792561 0.40545453
v 0.63372559 -0.15800996 0.40539833
v 0.6341335 -0.15809682 0.40534046
v 0.63453541 -0.15817913 0.40528562
v 0.63485928 -0.15824986 0.4052385
v 0.63510512 -0.15830901 0.40519909
v 0.63527292 -0.15835658 0.40516739
v 0.63561781 -0.15849873 0.40507268
v 0.63584919 -0.15867084 0.40495801
v 0.63598015 -0.15887384 0.40482275
v 0.63602381 -0.15910862 0.40466632
v 0.63597851 -0.15934614 0.40450807
v 0.63584263 -0.15956457 0.40436253
v 0.63561399 -0.15975122 0.40423817
v 0.63529038 -0.15989336 0.40414346
v 0.63489093 -0.15998328 0.40408355
v 0.63443472 -0.16001326 0.40406358
v 0.63391631 -0.15997375 0.4040899
v 0.63345246 -0.15985522 0.40416888
v 0.6330732 -0.15967266 0.40429051
v 0.63280853 -0.15944105 0.40444483
v 0.63263882 -0.15914904 0.40463939
v 0.63254441 -0.15878528 0.40488175
v 0.63584919 -0.15865698 0.4049372
v 0.63598015 -0.15885997 0.40480195
v 0.63602381 -0.15909476 0.40464551
v 0.63602381 -0.15910862 0.40466632
v 0.63598015 -0.15887384 0.40482275
v 0.63584919 -0.15867084 0.40495801
v 0.63209693 -0.15978686 0.40418438
v 0.63249421 -0.16015698 0.40393778
v 0.63301808 -0.16042083 0.40376198
v 0.63301808 -0.16043469 0.40378278
v 0.63249421 -0.16017085 0.40395858
v 0.63209693 -0.15980072 0.40420519
v 0.63527292 -0.15834272 0.40514659
v 0.63561781 -0.15848487 0.40505187
v 0.63584919 -0.15865698 0.4049372
v 0.63584919 -0.15867084 0.40495801
v 0.63561781 -0.15849873 0.40507268
v 0.63527292 -0.15835658 0.40516739
v 0.63301808 -0.16042083 0.40376198
v 0.63367565 -0.16057887 0.40365668
v 0.63447402 -0.16063155 0.40362158
v 0.63447402 -0.16064542 0.40364239
v 0.63367565 -0.16059273 0.40367749
v 0.63301808 -0.16043469 0.40378278
v 0.6341335 -0.15808295 0.40531966
v 0.63453541 -0.15816526 0.40526482
v 0.63485928 -0.15823599 0.40521769
v 0.63510512 -0.15829514 0.40517828
v 0.63527292 -0.15834272 0.40514659
v 0.63527292 -0.15835658 0.40516739
v 0.63510512 -0.15830901 0.40519909
v 0.63485928 -0.15824986 0.4052385
v 0.63453541 -0.15817913 0.40528562
v 0.6341335 -0.15809682 0.40534046
v 0.63447402 -0.16063155 0.40362158
v 0.63512504 -0.16057932 0.40365638
v 0.6357073 -0.16042265 0.40376077
v 0.6357073 -0.16043651 0.40378157
v 0.63512504 -0.16059319 0.40367719
v 0.63447402 -0.16064542 0.40364239
v 0.63289803 -0.15775053 0.40554115
v 0.63310785 -0.15782988 0.40548827
v 0.6333837 -0.15791175 0.40543373
v 0.63372559 -0.1579961 0.40537753
v 0.6341335 -0.15808295 0.40531966
v 0.6341335 -0.15809682 0.40534046
v 0.63372559 -0.15800996 0.40539833
v 0.6333837 -0.15792561 0.40545453
v 0.63310785 -0.15784375 0.40550908
v 0.63289803 -0.15776439 0.40556195
v 0.6357073 -0.16042265 0.40376077
v 0.63619134 -0.16017197 0.40392779
v 0.63654769 -0.15983772 0.40415049
v 0.63654769 -0.15985159 0.4041713
v 0.63619134 -0.16018583 0.4039486
v 0.6357073 -0.16043651 0.40378157
v 0.6322148 -0.15725462 0.40587156
v 0.63249803 -0.15752664 0.40569032
v 0.63289803 -0.15775053 0.40554115
v 0.63289803 -0.15776439 0.40556195
v 0.63249803 -0.1575405 0.40571112
v 0.6322148 -0.15726848 0.40589237
v 0.63654769 -0.15983772 0.40415049
v 0.63676706 -0.15944944 0.4044092
v 0.63684018 -0.15903663 0.40468424
v 0.63684018 -0.15905049 0.40470505
v 0.63676706 -0.1594633 0.40443
v 0.63654769 -0.15985159 0.4041713
v 0.63198998 -0.15659158 0.40631333
v 0.63204619 -0.15694081 0.40608065
v 0.6322148 -0.15725462 0.40587156
v 0.6322148 -0.15726848 0.40589237
v 0.63204619 -0.15695467 0.40610145
v 0.63198998 -0.15660544 0.40633413
v 0.63684018 -0.15903663 0.40468424
v 0.63677361 -0.15863291 0.40495323
v 0.63657388 -0.15827914 0.40518895
v 0.63657388 -0.158293 0.40520975
v 0.63677361 -0.15864677 0.40497404
v 0.63684018 -0.15905049 0.40470505
v 0.63226501 -0.15583772 0.40681561
v 0.63205874 -0.15620148 0.40657325
v 0.63198998 -0.15659158 0.40631333
v 0.63198998 -0.15660544 0.40633413
v 0.63205874 -0.15621534 0.40659405
v 0.63226501 -0.15585158 0.40683642
v 0.63657388 -0.15827914 0.40518895
v 0.63623445 -0.15797896 0.40538895
v 0.63574877 -0.157736 0.40555083
v 0.63574877 -0.15774986 0.40557163
v 0.63623445 -0.15799282 0.40540976
v 0.63657388 -0.158293 0.40520975
v 0.63306829 -0.15530548 0.40717023
v 0.63260335 -0.15552936 0.40702106
v 0.63226501 -0.15583772 0.40681561
v 0.63226501 -0.15585158 0.40683642
v 0.63260335 -0.15554323 0.40704187
v 0.63306829 -0.15531934 0.40719104
v 0.63574877 -0.157736 0.40555083
v 0.63551617 -0.15766027 0.40560129
v 0.63520253 -0.15757841 0.40565583
v 0.63480785 -0.15749043 0.40571445
v 0.63433213 -0.15739631 0.40577716
v 0.63433213 -0.15741017 0.40579796
v 0.63480785 -0.15750429 0.40573525
v 0.63520253 -0.15759227 0.40567663
v 0.63551617 -0.15767413 0.40562209
v 0.63574877 -0.15774986 0.40557163
v 0.63424264 -0.15512382 0.40729127
v 0.63362599 -0.15516924 0.40726101
v 0.63306829 -0.15530548 0.40717023
v 0.63306829 -0.15531934 0.40719104
v 0.63362599 -0.1551831 0.40728181
v 0.63424264 -0.15513768 0.40731207
v 0.63433213 -0.15739631 0.40577716
v 0.63386515 -0.15729969 0.40584153
v 0.63349666 -0.1572042 0.40590515
v 0.63322668 -0.15710986 0.40596801
v 0.63305519 -0.15701665 0.40603011
v 0.63305519 -0.15703051 0.40605092
v 0.63322668 -0.15712372 0.40598882
v 0.63349666 -0.15721807 0.40592596
v 0.63386515 -0.15731355 0.40586234
v 0.63433213 -0.15741017 0.40579796
v 0.63549775 -0.15531456 0.40716418
v 0.63491221 -0.15517151 0.40725949
v 0.63424264 -0.15512382 0.40729127
v 0.63424264 -0.15513768 0.40731207
v 0.63491221 -0.15518537 0.4072803
v 0.63549775 -0.15532842 0.40718499
v 0.63305519 -0.15701665 0.40603011
v 0.63286856 -0.15680593 0.40617051
v 0.63280634 -0.15654435 0.4063448
v 0.63280634 -0.15655821 0.4063656
v 0.63286856 -0.15681979 0.40619132
v 0.63305519 -0.15703051 0.40605092
v 0.63633377 -0.15587586 0.4067902
v 0.63597851 -0.15555025 0.40700714
v 0.63549775 -0.15531456 0.40716418
v 0.63549775 -0.15532842 0.40718499
v 0.63597851 -0.15556411 0.40702795
v 0.63633377 -0.15588972 0.406811
v 0.63315778 -0.15597941 0.40672121
v 0.63361344 -0.15580366 0.40683831
v 0.63427756 -0.15574508 0.40687734
v 0.63427756 -0.15575894 0.40689814
v 0.63361344 -0.15581752 0.40685911
v 0.63315778 -0.15599327 0.40674201
v 0.63583609 -0.15676597 0.40619714
v 0.63664809 -0.1567151 0.40623103
v 0.63664809 -0.15672897 0.40625183
v 0.63583609 -0.15677983 0.40621794
v 0.63280634 -0.15654435 0.4063448
v 0.6328942 -0.15623781 0.40654904
v 0.63315778 -0.15597941 0.40672121
v 0.63315778 -0.15599327 0.40674201
v 0.6328942 -0.15625167 0.40656984
v 0.63280634 -0.15655821 0.4063656
v 0.63664809 -0.1567151 0.40623103
v 0.6365586 -0.15627096 0.40652695
v 0.63633377 -0.15587586 0.4067902
v 0.63633377 -0.15588972 0.406811
v 0.6365586 -0.15628483 0.40654775
v 0.63664809 -0.15672897 0.40625183
v 0.63427756 -0.15574508 0.40687734
v 0.63492531 -0.15580956 0.40683437
v 0.63539298 -0.15600302 0.40670547
v 0.63539298 -0.15601688 0.40672628
v 0.63492531 -0.15582342 0.40685518
v 0.63427756 -0.15575894 0.40689814
v 0.63539298 -0.15600302 0.40670547
v 0.63569257 -0.15632273 0.40649246
v 0.63583609 -0.15676597 0.40619714
v 0.63583609 -0.15677983 0.40621794
v 0.63569257 -0.15633659 0.40651326
v 0.63539298 -0.15601688 0.40672628
f 2279 2280 2284
f 2284 2280 2283
f 2283 2280 2281
f 2283 2281 2282
f 2285 2286 2290
f 2290 2286 2289
f 2289 2286 2287
f 2289 2287 2288
f 2291 2292 2296
f 2296 2292 2295
f 2295 2292 2293
f 2295 2293 2294
f 2297 2298 2302
f 2302 2298 2301
f 2301 2298 2299
f 2301 2299 2300
f 2303 2304 2308
f 2308 2304 2307
f 2307 2304 2305
f 2307 2305 2306
f 2310 2313 2309
f 2309 2313 2314
f 2309 2314 2384
f 2384 2314 2315
f 2384 2315 2383
f 2383 2315 2316
f 2383 2316 2382
f 2382 2316 2317
f 2382 2317 2381
f 2381 2317 2318
f 2381 2318 2319
f 2311 2312 2310
f 2310 2312 2313
f 2381 2319 2380
f 2380 2319 2320
f 2380 2320 2379
f 2379 2320 2321
f 2379 2321 2378
f 2378 2321 2322
f 2378 2322 2377
f 2377 2322 2323
f 2377 2323 2376
f 2376 2323 2324
f 2376 2324 2375
f 2375 2324 2374
f 2374 2324 2325
f 2374 2325 2373
f 2373 2325 2326
f 2373 2326 2372
f 2372 2326 2327
f 2372 2327 2371
f 2371 2327 2328
f 2371 2328 2370
f 2370 2328 2369
f 2369 2328 2329
f 2369 2329 2330
f 2369 2330 2368
f 2368 2330 2331
f 2368 2331 2367
f 2367 2331 2332
f 2367 2332 2366
f 2366 2332 2333
f 2366 2333 2334
f 2366 2334 2365
f 2365 2334 2335
f 2365 2335 2364
f 2364 2335 2336
f 2364 2336 2363
f 2363 2336 2337
f 2363 2337 2362
f 2362 2337 2338
f 2362 2338 2339
f 2362 2339 2361
f 2361 2339 2340
f 2361 2340 2341
f 2361 2341 2360
f 2360 2341 2342
f 2360 2342 2343
f 2360 2343 2359
f 2359 2343 2344
f 2359 2344 2358
f 2358 2344 2345
f 2358 2345 2357
f 2357 2345 2346
f 2357 2346 2347
f 2357 2347 2356
f 2356 2347 2348
f 2356 2348 2355
f 2355 2348 2349
f 2355 2349 2354
f 2354 2349 2350
f 2354 2350 2351
f 2352 2353 2351
f 2351 2353 2354
f 2385 2386 2390
f 2390 2386 2389
f 2389 2386 2387
f 2389 2387 2388
f 2391 2392 2396
f 2396 2392 2395
f 2395 2392 2393
f 2395 2393 2394
f 2397 2398 2400
f 2400 2398 2399
f 2401 2402 2476
f 2476 2402 2475
f 2475 2402 2403
f 2475 2403 2474
f 2474 2403 2404
f 2474 2404 2473
f 2473 2404 2405
f 2473 2405 2472
f 2472 2405 2406
f 2472 2406 2471
f 2471 2406 2407
f 2471 2407 2470
f 2470 2407 2469
f 2469 2407 2408
f 2469 2408 2468
f 2468 2408 2409
f 2468 2409 2467
f 2467 2409 2410
f 2467 2410 2466
f 2466 2410 2411
f 2466 2411 2465
f 2465 2411 2412
f 2465 2412 2464
f 2464 2412 2413
f 2464 2413 2414
f 2464 2414 2463
f 2463 2414 2415
f 2463 2415 2462
f 2462 2415 2416
f 2462 2416 2461
f 2461 2416 2417
f 2461 2417 2460
f 2460 2417 2418
f 2460 2418 2419
f 2420 2458 2419
f 2419 2458 2459
f 2419 2459 2460
f 2458 2420 2457
f 2457 2420 2421
f 2457 2421 2456
f 2456 2421 2422
f 2456 2422 2455
f 2455 2422 2454
f 2454 2422 2423
f 2454 2423 2453
f 2453 2423 2424
f 2453 2424 2452
f 2452 2424 2425
f 2452 2425 2451
f 2451 2425 2426
f 2451 2426 2450
f 2450 2426 2449
f 2449 2426 2427
f 2449 2427 2448
f 2448 2427 2447
f 2447 2427 2428
f 2447 2428 2446
f 2446 2428 2445
f 2445 2428 2429
f 2445 2429 2444
f 2444 2429 2430
f 2444 2430 2443
f 2443 2430 2431
f 2443 2431 2442
f 2442 2431 2441
f 2441 2431 2432
f 2441 2432 2440
f 2440 2432 2433
f 2440 2433 2439
f 2439 2433 2434
f 2439 2434 2438
f 2438 2434 2437
f 2437 2434 2435
f 2437 2435 2436
f 2477 2478 2482
f 2482 2478 2481
f 2481 2478 2479
f 2481 2479 2480
f 2483 2484 2488
f 2488 2484 2487
f 2487 2484 2485
f 2487 2485 2486
f 2489 2490 2494
f 2494 2490 2493
f 2493 2490 2491
f 2493 2491 2492
f 2495 2496 2500
f 2500 2496 2499
f 2499 2496 2497
f 2499 2497 2498
f 2501 2502 2510
f 2510 2502 2509
f 2509 2502 2503
f 2509 2503 2508
f 2508 2503 2504
f 2508 2504 2507
f 2507 2504 2505
f 2507 2505 2506
f 2511 2512 2516
f 2516 2512 2515
f 2515 2512 2513
f 2515 2513 2514
f 2517 2518 2526
f 2526 2518 2525
f 2525 2518 2519
f 2525 2519 2524
f 2524 2519 2520
f 2524 2520 2523
f 2523 2520 2521
f 2523 2521 2522
f 2527 2528 2532
f 2532 2528 2531
f 2531 2528 2529
f 2531 2529 2530
f 2533 2534 2538
f 2538 2534 2537
f 2537 2534 2535
f 2537 2535 2536
f 2539 2540 2544
f 2544 2540 2543
f 2543 2540 2541
f 2543 2541 2542
f 2545 2546 2550
f 2550 2546 2549
f 2549 2546 2547
f 2549 2547 2548
f 2551 2552 2556
f 2556 2552 2555
f 2555 2552 2553
f 2555 2553 2554
f 2557 2558 2562
f 2562 2558 2561
f 2561 2558 2559
f 2561 2559 2560
f 2563 2564 2568
f 2568 2564 2567
f 2567 2564 2565
f 2567 2565 2566
f 2569 2570 2574
f 2574 2570 2573
f 2573 2570 2571
f 2573 2571 2572
f 2575 2576 2584
f 2584 2576 2583
f 2583 2576 2577
f 2583 2577 2582
f 2582 2577 2578
f 2582 2578 2581
f 2581 2578 2579
f 2581 2579 2580
f 2585 2586 2590
f 2590 2586 2589
f 2589 2586 2587
f 2589 2587 2588
f 2591 2592 2600
f 2600 2592 2599
f 2599 2592 2593
f 2599 2593 2598
f 2598 2593 2594
f 2598 2594 2597
f 2597 2594 2595
f 2597 2595 2596
f 2601 2602 2606
f 2606 2602 2605
f 2605 2602 2603
f 2605 2603 2604
f 2607 2608 2612
f 2612 2608 2611
f 2611 2608 2609
f 2611 2609 2610
f 2613 2614 2618
f 2618 2614 2617
f 2617 2614 2615
f 2617 2615 2616
f 2619 2620 2624
f 2624 2620 2623
f 2623 2620 2621
f 2623 2621 2622
f 2625 2626 2628
f 2628 2626 2627
f 2629 2630 2634
f 2634 2630 2633
f 2633 2630 2631
f 2633 2631 2632
f 2635 2636 2640
f 2640 2636 2639
f 2639 2636 2637
f 2639 2637 2638
f 2641 2642 2646
f 2646 2642 2645
f 2645 2642 2643
f 2645 2643 2644
f 2647 2648 2652
f 2652 2648 2651
f 2651 2648 2649
f 2651 2649 2650
v 0.61844782 -0.1599122 0.40410087
v 0.61530894 -0.1599122 0.40410087
v 0.61530894 -0.15992606 0.40412168
v 0.61844782 -0.15992606 0.40412168
v 0.61763145 -0.15665698 0.40626976
v 0.61753977 -0.1570389 0.40601529
v 0.61726473 -0.15744354 0.40574569
v 0.61726473 -0.1574574 0.40576649
v 0.61753977 -0.15705277 0.40603609
v 0.61763145 -0.15667084 0.40629056
v 0.61585464 -0.1585716 0.40499408
v 0.61526146 -0.15900212 0.40470724
v 0.61482654 -0.15937814 0.4044567
v 0.61482654 -0.159392 0.40447751
v 0.61526146 -0.15901598 0.40472805
v 0.61585464 -0.15858547 0.40501489
v 0.61482654 -0.15937814 0.4044567
v 0.61451931 -0.15972964 0.40422251
v 0.61430921 -0.16008659 0.40398468
v 0.61430921 -0.16010045 0.40400548
v 0.61451931 -0.1597435 0.40424331
v 0.61482654 -0.159392 0.40447751
v 0.61430921 -0.16008659 0.40398468
v 0.61421753 -0.16054072 0.4036821
v 0.61421753 -0.16055458 0.40370291
v 0.61430921 -0.16010045 0.40400548
v 0.61530894 -0.1599122 0.40410087
v 0.61844782 -0.1599122 0.40410087
v 0.61844782 -0.16054072 0.4036821
v 0.61421753 -0.16054072 0.4036821
v 0.61430921 -0.16008659 0.40398468
v 0.61451931 -0.15972964 0.40422251
v 0.61482654 -0.15937814 0.4044567
v 0.61526146 -0.15900212 0.40470724
v 0.61585464 -0.1585716 0.40499408
v 0.61633404 -0.15823407 0.40521898
v 0.61672886 -0.15793354 0.40541921
v 0.61703909 -0.15767004 0.40559478
v 0.61726473 -0.15744354 0.40574569
v 0.61753977 -0.1570389 0.40601529
v 0.61763145 -0.15665698 0.40626976
v 0.61754796 -0.15629866 0.4065085
v 0.61729748 -0.15600121 0.40670668
v 0.61691276 -0.15580093 0.40684012
v 0.61642654 -0.15573418 0.4068846
v 0.61591576 -0.15580502 0.4068374
v 0.61551849 -0.15601755 0.40669579
v 0.61526201 -0.15635543 0.40647067
v 0.6151736 -0.15680229 0.40617294
v 0.61436596 -0.15673327 0.40621892
v 0.61443609 -0.15637961 0.40645456
v 0.61456351 -0.15607069 0.40666039
v 0.61474823 -0.1558065 0.40683641
v 0.61499025 -0.15558704 0.40698263
v 0.61528411 -0.15541458 0.40709754
v 0.61562436 -0.1552914 0.40717961
v 0.61601099 -0.15521748 0.40722886
v 0.616444 -0.15519285 0.40724527
v 0.61688057 -0.15521941 0.40722758
v 0.6172691 -0.15529912 0.40717447
v 0.61760962 -0.15543195 0.40708597
v 0.61790212 -0.15561792 0.40696206
v 0.61813705 -0.15584317 0.40681198
v 0.61830484 -0.15609385 0.40664495
v 0.61840553 -0.15636996 0.40646099
v 0.61843909 -0.15667151 0.40626007
v 0.6183998 -0.15698849 0.40604888
v 0.61828192 -0.15730003 0.4058413
v 0.61807292 -0.15761701 0.40563011
v 0.61776023 -0.15795034 0.40540801
v 0.61754782 -0.15813699 0.40528365
v 0.61727511 -0.15835543 0.40513811
v 0.61694209 -0.15860566 0.40497139
v 0.61654877 -0.15888768 0.40478349
v 0.61622681 -0.15911485 0.40463213
v 0.61596815 -0.1593023 0.40450724
v 0.61577279 -0.15945001 0.40440882
v 0.61564072 -0.15955798 0.40433688
v 0.61726473 -0.15744354 0.40574569
v 0.61703909 -0.15767004 0.40559478
v 0.61672886 -0.15793354 0.40541921
v 0.61633404 -0.15823407 0.40521898
v 0.61585464 -0.1585716 0.40499408
v 0.61585464 -0.15858547 0.40501489
v 0.61633404 -0.15824793 0.40523978
v 0.61672886 -0.1579474 0.40544001
v 0.61703909 -0.1576839 0.40561558
v 0.61726473 -0.1574574 0.40576649
v 0.61421753 -0.16054072 0.4036821
v 0.61844782 -0.16054072 0.4036821
v 0.61844782 -0.16055458 0.40370291
v 0.61421753 -0.16055458 0.40370291
v 0.61844782 -0.16054072 0.4036821
v 0.61844782 -0.1599122 0.40410087
v 0.61844782 -0.15992606 0.40412168
v 0.61844782 -0.16055458 0.40370291
v 0.61844782 -0.15992606 0.40412168
v 0.61530894 -0.15992606 0.40412168
v 0.61564072 -0.15957184 0.40435769
v 0.61577279 -0.15946387 0.40442962
v 0.61596815 -0.15931616 0.40452804
v 0.61622681 -0.15912872 0.40465293
v 0.61654877 -0.15890154 0.40480429
v 0.61694209 -0.15861952 0.4049922
v 0.61727511 -0.15836929 0.40515892
v 0.61754782 -0.15815086 0.40530446
v 0.61776023 -0.15796421 0.40542882
v 0.61807292 -0.15763087 0.40565091
v 0.61828192 -0.15731389 0.40586211
v 0.6183998 -0.15700235 0.40606968
v 0.61843909 -0.15668537 0.40628088
v 0.61840553 -0.15638382 0.40648179
v 0.61830484 -0.15610771 0.40666576
v 0.61813705 -0.15585703 0.40683278
v 0.61790212 -0.15563178 0.40698286
v 0.61760962 -0.15544581 0.40710677
v 0.6172691 -0.15531298 0.40719527
v 0.61688057 -0.15523327 0.40724838
v 0.616444 -0.15520671 0.40726608
v 0.61601099 -0.15523135 0.40724967
v 0.61562436 -0.15530526 0.40720042
v 0.61528411 -0.15542844 0.40711835
v 0.61499025 -0.1556009 0.40700344
v 0.61474823 -0.15582036 0.40685722
v 0.61456351 -0.15608455 0.4066812
v 0.61443609 -0.15639348 0.40647536
v 0.61436596 -0.15674713 0.40623973
v 0.6151736 -0.15681616 0.40619374
v 0.61526201 -0.15636929 0.40649148
v 0.61551849 -0.15603141 0.4067166
v 0.61591576 -0.15581888 0.4068582
v 0.61642654 -0.15574804 0.4069054
v 0.61691276 -0.1558148 0.40686093
v 0.61729748 -0.15601507 0.40672749
v 0.61754796 -0.15631252 0.4065293
v 0.61763145 -0.15667084 0.40629056
v 0.61753977 -0.15705277 0.40603609
v 0.61726473 -0.1574574 0.40576649
v 0.61703909 -0.1576839 0.40561558
v 0.61672886 -0.1579474 0.40544001
v 0.61633404 -0.15824793 0.40523978
v 0.61585464 -0.15858547 0.40501489
v 0.61526146 -0.15901598 0.40472805
v 0.61482654 -0.159392 0.40447751
v 0.61451931 -0.1597435 0.40424331
v 0.61430921 -0.16010045 0.40400548
v 0.61421753 -0.16055458 0.40370291
v 0.61844782 -0.16055458 0.40370291
v 0.61729748 -0.15600121 0.40670668
v 0.61754796 -0.15629866 0.4065085
v 0.61763145 -0.15665698 0.40626976
v 0.61763145 -0.15667084 0.40629056
v 0.61754796 -0.15631252 0.4065293
v 0.61729748 -0.15601507 0.40672749
v 0.61530894 -0.1599122 0.40410087
v 0.61564072 -0.15955798 0.40433688
v 0.61564072 -0.15957184 0.40435769
v 0.61530894 -0.15992606 0.40412168
v 0.61642654 -0.15573418 0.4068846
v 0.61691276 -0.15580093 0.40684012
v 0.61729748 -0.15600121 0.40670668
v 0.61729748 -0.15601507 0.40672749
v 0.61691276 -0.1558148 0.40686093
v 0.61642654 -0.15574804 0.4069054
v 0.61564072 -0.15955798 0.40433688
v 0.61577279 -0.15945001 0.40440882
v 0.61596815 -0.1593023 0.40450724
v 0.61622681 -0.15911485 0.40463213
v 0.61654877 -0.15888768 0.40478349
v 0.61654877 -0.15890154 0.40480429
v 0.61622681 -0.15912872 0.40465293
v 0.61596815 -0.15931616 0.40452804
v 0.61577279 -0.15946387 0.40442962
v 0.61564072 -0.15957184 0.40435769
v 0.61551849 -0.15601755 0.40669579
v 0.61591576 -0.15580502 0.4068374
v 0.61642654 -0.15573418 0.4068846
v 0.61642654 -0.15574804 0.4069054
v 0.61591576 -0.15581888 0.4068582
v 0.61551849 -0.15603141 0.4067166
v 0.61654877 -0.15888768 0.40478349
v 0.61694209 -0.15860566 0.40497139
v 0.61727511 -0.15835543 0.40513811
v 0.61754782 -0.15813699 0.40528365
v 0.61776023 -0.15795034 0.40540801
v 0.61776023 -0.15796421 0.40542882
v 0.61754782 -0.15815086 0.40530446
v 0.61727511 -0.15836929 0.40515892
v 0.61694209 -0.15861952 0.4049922
v 0.61654877 -0.15890154 0.40480429
v 0.6151736 -0.15680229 0.40617294
v 0.61526201 -0.15635543 0.40647067
v 0.61551849 -0.15601755 0.40669579
v 0.61551849 -0.15603141 0.4067166
v 0.61526201 -0.15636929 0.40649148
v 0.6151736 -0.15681616 0.40619374
v 0.61776023 -0.15795034 0.40540801
v 0.61807292 -0.15761701 0.40563011
v 0.61828192 -0.15730003 0.4058413
v 0.61828192 -0.15731389 0.40586211
v 0.61807292 -0.15763087 0.40565091
v 0.61776023 -0.15796421 0.40542882
v 0.61436596 -0.15673327 0.40621892
v 0.6151736 -0.15680229 0.40617294
v 0.6151736 -0.15681616 0.40619374
v 0.61436596 -0.15674713 0.40623973
v 0.61828192 -0.15730003 0.4058413
v 0.6183998 -0.15698849 0.40604888
v 0.61843909 -0.15667151 0.40626007
v 0.61843909 -0.15668537 0.40628088
v 0.6183998 -0.15700235 0.40606968
v 0.61828192 -0.15731389 0.40586211
v 0.61499025 -0.15558704 0.40698263
v 0.61474823 -0.1558065 0.40683641
v 0.61456351 -0.15607069 0.40666039
v 0.61443609 -0.15637961 0.40645456
v 0.61436596 -0.15673327 0.40621892
v 0.61436596 -0.15674713 0.40623973
v 0.61443609 -0.15639348 0.40647536
v 0.61456351 -0.15608455 0.4066812
v 0.61474823 -0.15582036 0.40685722
v 0.61499025 -0.1556009 0.40700344
v 0.61843909 -0.15667151 0.40626007
v 0.61840553 -0.15636996 0.40646099
v 0.61830484 -0.15609385 0.40664495
v 0.61813705 -0.15584317 0.40681198
v 0.61790212 -0.15561792 0.40696206
v 0.61790212 -0.15563178 0.40698286
v 0.61813705 -0.15585703 0.40683278
v 0.61830484 -0.15610771 0.40666576
v 0.61840553 -0.15638382 0.40648179
v 0.61843909 -0.15668537 0.40628088
v 0.616444 -0.15519285 0.40724527
v 0.61601099 -0.15521748 0.40722886
v 0.61562436 -0.1552914 0.40717961
v 0.61528411 -0.15541458 0.40709754
v 0.61499025 -0.15558704 0.40698263
v 0.61499025 -0.1556009 0.40700344
v 0.61528411 -0.15542844 0.40711835
v 0.61562436 -0.15530526 0.40720042
v 0.61601099 -0.15523135 0.40724967
v 0.616444 -0.15520671 0.40726608
v 0.61790212 -0.15561792 0.40696206
v 0.61760962 -0.15543195 0.40708597
v 0.6172691 -0.15529912 0.40717447
v 0.61688057 -0.15521941 0.40722758
v 0.616444 -0.15519285 0.40724527
v 0.616444 -0.15520671 0.40726608
v 0.61688057 -0.15523327 0.40724838
v 0.6172691 -0.15531298 0.40719527
v 0.61760962 -0.15544581 0.40710677
v 0.61790212 -0.15563178 0.40698286
f 2653 2654 2656
f 2656 2654 2655
f 2657 2658 2662
f 2662 2658 2661
f 2661 2658 2659
f 2661 2659 2660
f 2663 2664 2668
f 2668 2664 2667
f 2667 2664 2665
f 2667 2665 2666
f 2669 2670 2674
f 2674 2670 2673
f 2673 2670 2671
f 2673 2671 2672
f 2675 2676 2678
f 2678 2676 2677
f 2680 2681 2679
f 2679 2681 2682
f 2679 2682 2683
f 2683 2684 2679
f 2679 2684 2685
f 2679 2685 2686
f 2687 2729 2686
f 2686 2729 2730
f 2686 2730 2679
f 2688 2727 2687
f 2687 2727 2728
f 2687 2728 2729
f 2689 2725 2688
f 2688 2725 2726
f 2688 2726 2727
f 2725 2689 2724
f 2724 2689 2690
f 2724 2690 2723
f 2723 2690 2691
f 2723 2691 2722
f 2722 2691 2692
f 2722 2692 2721
f 2721 2692 2720
f 2720 2692 2693
f 2720 2693 2719
f 2719 2693 2718
f 2718 2693 2717
f 2717 2693 2716
f 2716 2693 2694
f 2716 2694 2715
f 2715 2694 2714
f 2714 2694 2713
f 2713 2694 2695
f 2713 2695 2712
f 2712 2695 2696
f 2712 2696 2711
f 2711 2696 2697
f 2711 2697 2710
f 2710 2697 2709
f 2709 2697 2698
f 2709 2698 2708
f 2708 2698 2699
f 2708 2699 2707
f 2707 2699 2706
f 2706 2699 2700
f 2706 2700 2705
f 2705 2700 2704
f 2704 2700 2701
f 2704 2701 2703
f 2703 2701 2702
f 2731 2732 2740
f 2740 2732 2739
f 2739 2732 2733
f 2739 2733 2738
f 2738 2733 2734
f 2738 2734 2737
f 2737 2734 2735
f 2737 2735 2736
f 2741 2742 2744
f 2744 2742 2743
f 2745 2746 2748
f 2748 2746 2747
f 2749 2750 2800
f 2800 2750 2799
f 2799 2750 2798
f 2798 2750 2797
f 2797 2750 2796
f 2796 2750 2795
f 2795 2750 2751
f 2795 2751 2752
f 2795 2752 2794
f 2794 2752 2753
f 2794 2753 2754
f 2794 2754 2793
f 2793 2754 2755
f 2793 2755 2756
f 2793 2756 2792
f 2792 2756 2757
f 2792 2757 2791
f 2791 2757 2758
f 2791 2758 2790
f 2790 2758 2759
f 2790 2759 2789
f 2789 2759 2760
f 2789 2760 2761
f 2789 2761 2788
f 2788 2761 2762
f 2788 2762 2763
f 2763 2764 2788
f 2788 2764 2765
f 2788 2765 2787
f 2787 2765 2766
f 2787 2766 2767
f 2767 2768 2787
f 2787 2768 2786
f 2786 2768 2769
f 2786 2769 2785
f 2785 2769 2770
f 2785 2770 2784
f 2784 2770 2771
f 2784 2771 2772
f 2784 2772 2783
f 2783 2772 2773
f 2783 2773 2782
f 2782 2773 2774
f 2782 2774 2775
f 2782 2775 2781
f 2781 2775 2776
f 2781 2776 2777
f 2781 2777 2780
f 2780 2777 2778
f 2780 2778 2779
f 2801 2802 2806
f 2806 2802 2805
f 2805 2802 2803
f 2805 2803 2804
f 2807 2808 2810
f 2810 2808 2809
f 2811 2812 2816
f 2816 2812 2815
f 2815 2812 2813
f 2815 2813 2814
f 2817 2818 2826
f 2826 2818 2825
f 2825 2818 2819
f 2825 2819 2824
f 2824 2819 2820
f 2824 2820 2823
f 2823 2820 2821
f 2823 2821 2822
f 2827 2828 2832
f 2832 2828 2831
f 2831 2828 2829
f 2831 2829 2830
f 2833 2834 2842
f 2842 2834 2841
f 2841 2834 2835
f 2841 2835 2840
f 2840 2835 2836
f 2840 2836 2839
f 2839 2836 2837
f 2839 2837 2838
f 2843 2844 2848
f 2848 2844 2847
f 2847 2844 2845
f 2847 2845 2846
f 2849 2850 2854
f 2854 2850 2853
f 2853 2850 2851
f 2853 2851 2852
f 2855 2856 2858
f 2858 2856 2857
f 2859 2860 2864
f 2864 2860 2863
f 2863 2860 2861
f 2863 2861 2862
f 2865 2866 2874
f 2874 2866 2873
f 2873 2866 2867
f 2873 2867 2872
f 2872 2867 2868
f 2872 2868 2871
f 2871 2868 2869
f 2871 2869 2870
f 2875 2876 2884
f 2884 2876 2883
f 2883 2876 2877
f 2883 2877 2882
f 2882 2877 2878
f 2882 2878 2881
f 2881 2878 2879
f 2881 2879 2880
f 2885 2886 2894
f 2894 2886 2893
f 2893 2886 2887
f 2893 2887 2892
f 2892 2887 2888
f 2892 2888 2891
f 2891 2888 2889
f 2891 2889 2890
f 2895 2896 2904
f 2904 2896 2903
f 2903 2896 2897
f 2903 2897 2902
f 2902 2897 2898
f 2902 2898 2901
f 2901 2898 2899
f 2901 2899 2900
v 0.60437306 -0.15914562 0.40461162
v 0.60444196 -0.15946511 0.40439876
v 0.60457006 -0.15975144 0.40420798
v 0.60475737 -0.16000462 0.40403929
v 0.60500389 -0.16022464 0.4038927
v 0.60500389 -0.16023851 0.4039135
v 0.60475737 -0.16001848 0.4040601
v 0.60457006 -0.1597653 0.40422879
v 0.60444196 -0.15947897 0.40441956
v 0.60437306 -0.15915949 0.40463243
v 0.60641617 -0.15758704 0.40565007
v 0.60696897 -0.15766788 0.40559622
v 0.60740499 -0.15791038 0.40543464
v 0.60740499 -0.15792425 0.40545544
v 0.60696897 -0.15768174 0.40561702
v 0.60641617 -0.15760091 0.40567088
v 0.60778261 -0.15879322 0.40484642
v 0.60768438 -0.15932365 0.40449301
v 0.6073897 -0.15973781 0.40421706
v 0.6073897 -0.15975167 0.40423787
v 0.60768438 -0.15933751 0.40451382
v 0.60778261 -0.15880708 0.40486723
v 0.6073897 -0.15973781 0.40421706
v 0.60695314 -0.16000484 0.40403915
v 0.60642927 -0.16009386 0.40397984
v 0.60642927 -0.16010772 0.40400064
v 0.60695314 -0.1600187 0.40405995
v 0.6073897 -0.15975167 0.40423787
v 0.60642927 -0.16009386 0.40397984
v 0.60599216 -0.16003073 0.4040219
v 0.60562381 -0.15984136 0.40414807
v 0.60562381 -0.15985522 0.40416888
v 0.60599216 -0.16004459 0.4040427
v 0.60642927 -0.16010772 0.40400064
v 0.60500389 -0.16022464 0.4038927
v 0.60475737 -0.16000462 0.40403929
v 0.60457006 -0.15975144 0.40420798
v 0.60444196 -0.15946511 0.40439876
v 0.60437306 -0.15914562 0.40461162
v 0.60519816 -0.1590875 0.40465035
v 0.60535041 -0.15952665 0.40435776
v 0.60562381 -0.15984136 0.40414807
v 0.60599216 -0.16003073 0.4040219
v 0.60642927 -0.16009386 0.40397984
v 0.60695314 -0.16000484 0.40403915
v 0.6073897 -0.15973781 0.40421706
v 0.60768438 -0.15932365 0.40449301
v 0.60778261 -0.15879322 0.40484642
v 0.6076882 -0.15829276 0.40517987
v 0.60740499 -0.15791038 0.40543464
v 0.60696897 -0.15766788 0.40559622
v 0.60641617 -0.15758704 0.40565007
v 0.60605491 -0.15762292 0.40562617
v 0.60573077 -0.15773054 0.40555446
v 0.60545792 -0.1578954 0.40544462
v 0.60525055 -0.15810294 0.40530634
v 0.60451276 -0.15802301 0.4053596
v 0.60513268 -0.15528731 0.40718234
v 0.60831522 -0.15528731 0.40718234
v 0.60831522 -0.1559122 0.40676599
v 0.60576133 -0.1559122 0.40676599
v 0.60541644 -0.15734362 0.40581226
v 0.60600689 -0.15709294 0.40597928
v 0.60662572 -0.15700938 0.40603496
v 0.60702845 -0.15703958 0.40601484
v 0.60739843 -0.15713018 0.40595447
v 0.60773568 -0.15728118 0.40585386
v 0.60804018 -0.15749258 0.40571301
v 0.6082923 -0.15775144 0.40554054
v 0.60847238 -0.1580448 0.40534508
v 0.60858043 -0.15837269 0.40512661
v 0.60861644 -0.15873509 0.40488516
v 0.6085848 -0.15908432 0.40465247
v 0.60848984 -0.15940902 0.40443613
v 0.60833159 -0.15970921 0.40423612
v 0.60811003 -0.15998487 0.40405245
v 0.60777415 -0.16026779 0.40386395
v 0.60738206 -0.16046988 0.4037293
v 0.60693377 -0.16059113 0.40364851
v 0.60642927 -0.16063155 0.40362158
v 0.60601276 -0.16060612 0.40363853
v 0.60563636 -0.16052982 0.40368936
v 0.60530007 -0.16040267 0.40377408
v 0.60740499 -0.15791038 0.40543464
v 0.6076882 -0.15829276 0.40517987
v 0.60778261 -0.15879322 0.40484642
v 0.60778261 -0.15880708 0.40486723
v 0.6076882 -0.15830663 0.40520067
v 0.60740499 -0.15792425 0.40545544
v 0.60562381 -0.15984136 0.40414807
v 0.60535041 -0.15952665 0.40435776
v 0.60519816 -0.1590875 0.40465035
v 0.60519816 -0.15910136 0.40467116
v 0.60535041 -0.15954051 0.40437856
v 0.60562381 -0.15985522 0.40416888
v 0.60519816 -0.1590875 0.40465035
v 0.60437306 -0.15914562 0.40461162
v 0.60437306 -0.15915949 0.40463243
v 0.60519816 -0.15910136 0.40467116
v 0.60437306 -0.15915949 0.40463243
v 0.60444196 -0.15947897 0.40441956
v 0.60457006 -0.1597653 0.40422879
v 0.60475737 -0.16001848 0.4040601
v 0.60500389 -0.16023851 0.4039135
v 0.60530007 -0.16041653 0.40379489
v 0.60563636 -0.16054369 0.40371017
v 0.60601276 -0.16061998 0.40365933
v 0.60642927 -0.16064542 0.40364239
v 0.60693377 -0.160605 0.40366932
v 0.60738206 -0.16048374 0.40375011
v 0.60777415 -0.16028165 0.40388476
v 0.60811003 -0.15999873 0.40407326
v 0.60833159 -0.15972307 0.40425692
v 0.60848984 -0.15942288 0.40445693
v 0.6085848 -0.15909818 0.40467328
v 0.60861644 -0.15874895 0.40490596
v 0.60858043 -0.15838655 0.40514742
v 0.60847238 -0.15805867 0.40536588
v 0.6082923 -0.1577653 0.40556134
v 0.60804018 -0.15750645 0.40573381
v 0.60773568 -0.15729504 0.40587467
v 0.60739843 -0.15714404 0.40597528
v 0.60702845 -0.15705344 0.40603564
v 0.60662572 -0.15702324 0.40605576
v 0.60600689 -0.15710681 0.40600009
v 0.60541644 -0.15735749 0.40583306
v 0.60576133 -0.15592606 0.40678679
v 0.60831522 -0.15592606 0.40678679
v 0.60831522 -0.15530117 0.40720314
v 0.60513268 -0.15530117 0.40720314
v 0.60451276 -0.15803687 0.4053804
v 0.60525055 -0.1581168 0.40532715
v 0.60545792 -0.15790926 0.40546543
v 0.60573077 -0.15774441 0.40557527
v 0.60605491 -0.15763678 0.40564698
v 0.60641617 -0.15760091 0.40567088
v 0.60696897 -0.15768174 0.40561702
v 0.60740499 -0.15792425 0.40545544
v 0.6076882 -0.15830663 0.40520067
v 0.60778261 -0.15880708 0.40486723
v 0.60768438 -0.15933751 0.40451382
v 0.6073897 -0.15975167 0.40423787
v 0.60695314 -0.1600187 0.40405995
v 0.60642927 -0.16010772 0.40400064
v 0.60599216 -0.16004459 0.4040427
v 0.60562381 -0.15985522 0.40416888
v 0.60535041 -0.15954051 0.40437856
v 0.60519816 -0.15910136 0.40467116
v 0.60573077 -0.15773054 0.40555446
v 0.60605491 -0.15762292 0.40562617
v 0.60641617 -0.15758704 0.40565007
v 0.60641617 -0.15760091 0.40567088
v 0.60605491 -0.15763678 0.40564698
v 0.60573077 -0.15774441 0.40557527
v 0.60500389 -0.16022464 0.4038927
v 0.60530007 -0.16040267 0.40377408
v 0.60563636 -0.16052982 0.40368936
v 0.60601276 -0.16060612 0.40363853
v 0.60642927 -0.16063155 0.40362158
v 0.60642927 -0.16064542 0.40364239
v 0.60601276 -0.16061998 0.40365933
v 0.60563636 -0.16054369 0.40371017
v 0.60530007 -0.16041653 0.40379489
v 0.60500389 -0.16023851 0.4039135
v 0.60525055 -0.15810294 0.40530634
v 0.60545792 -0.1578954 0.40544462
v 0.60573077 -0.15773054 0.40555446
v 0.60573077 -0.15774441 0.40557527
v 0.60545792 -0.15790926 0.40546543
v 0.60525055 -0.1581168 0.40532715
v 0.60642927 -0.16063155 0.40362158
v 0.60693377 -0.16059113 0.40364851
v 0.60738206 -0.16046988 0.4037293
v 0.60777415 -0.16026779 0.40386395
v 0.60811003 -0.15998487 0.40405245
v 0.60811003 -0.15999873 0.40407326
v 0.60777415 -0.16028165 0.40388476
v 0.60738206 -0.16048374 0.40375011
v 0.60693377 -0.160605 0.40366932
v 0.60642927 -0.16064542 0.40364239
v 0.60451276 -0.15802301 0.4053596
v 0.60525055 -0.15810294 0.40530634
v 0.60525055 -0.1581168 0.40532715
v 0.60451276 -0.15803687 0.4053804
v 0.60811003 -0.15998487 0.40405245
v 0.60833159 -0.15970921 0.40423612
v 0.60848984 -0.15940902 0.40443613
v 0.6085848 -0.15908432 0.40465247
v 0.60861644 -0.15873509 0.40488516
v 0.60861644 -0.15874895 0.40490596
v 0.6085848 -0.15909818 0.40467328
v 0.60848984 -0.15942288 0.40445693
v 0.60833159 -0.15972307 0.40425692
v 0.60811003 -0.15999873 0.40407326
v 0.60513268 -0.15528731 0.40718234
v 0.60451276 -0.15802301 0.4053596
v 0.60451276 -0.15803687 0.4053804
v 0.60513268 -0.15530117 0.40720314
v 0.60861644 -0.15873509 0.40488516
v 0.60858043 -0.15837269 0.40512661
v 0.60847238 -0.1580448 0.40534508
v 0.6082923 -0.15775144 0.40554054
v 0.60804018 -0.15749258 0.40571301
v 0.60804018 -0.15750645 0.40573381
v 0.6082923 -0.1577653 0.40556134
v 0.60847238 -0.15805867 0.40536588
v 0.60858043 -0.15838655 0.40514742
v 0.60861644 -0.15874895 0.40490596
v 0.60831522 -0.15528731 0.40718234
v 0.60513268 -0.15528731 0.40718234
v 0.60513268 -0.15530117 0.40720314
v 0.60831522 -0.15530117 0.40720314
v 0.60804018 -0.15749258 0.40571301
v 0.60773568 -0.15728118 0.40585386
v 0.60739843 -0.15713018 0.40595447
v 0.60702845 -0.15703958 0.40601484
v 0.60662572 -0.15700938 0.40603496
v 0.60662572 -0.15702324 0.40605576
v 0.60702845 -0.15705344 0.40603564
v 0.60739843 -0.15714404 0.40597528
v 0.60773568 -0.15729504 0.40587467
v 0.60804018 -0.15750645 0.40573381
v 0.60831522 -0.1559122 0.40676599
v 0.60831522 -0.15528731 0.40718234
v 0.60831522 -0.15530117 0.40720314
v 0.60831522 -0.15592606 0.40678679
v 0.60662572 -0.15700938 0.40603496
v 0.60600689 -0.15709294 0.40597928
v 0.60541644 -0.15734362 0.40581226
v 0.60541644 -0.15735749 0.40583306
v 0.60600689 -0.15710681 0.40600009
v 0.60662572 -0.15702324 0.40605576
v 0.60576133 -0.1559122 0.40676599
v 0.60831522 -0.1559122 0.40676599
v 0.60831522 -0.15592606 0.40678679
v 0.60576133 -0.15592606 0.40678679
v 0.60541644 -0.15734362 0.40581226
v 0.60576133 -0.1559122 0.40676599
v 0.60576133 -0.15592606 0.40678679
v 0.60541644 -0.15735749 0.40583306
f 2905 2906 2914
f 2914 2906 2913
f 2913 2906 2907
f 2913 2907 2912
f 2912 2907 2908
f 2912 2908 2911
f 2911 2908 2909
f 2911 2909 2910
f 2915 2916 2920
f 2920 2916 2919
f 2919 2916 2917
f 2919 2917 2918
f 2921 2922 2926
f 2926 2922 2925
f 2925 2922 2923
f 2925 2923 2924
f 2927 2928 2932
f 2932 2928 2931
f 2931 2928 2929
f 2931 2929 2930
f 2933 2934 2938
f 2938 2934 2937
f 2937 2934 2935
f 2937 2935 2936
f 2987 2939 2945
f 2945 2939 2940
f 2945 2940 2941
f 2945 2941 2944
f 2944 2941 2942
f 2944 2942 2943
f 2945 2946 2987
f 2987 2946 2986
f 2986 2946 2947
f 2986 2947 2985
f 2985 2947 2948
f 2985 2948 2984
f 2984 2948 2983
f 2983 2948 2949
f 2983 2949 2982
f 2982 2949 2950
f 2982 2950 2981
f 2981 2950 2951
f 2981 2951 2980
f 2980 2951 2979
f 2979 2951 2978
f 2978 2951 2952
f 2978 2952 2977
f 2977 2952 2976
f 2976 2952 2975
f 2975 2952 2974
f 2974 2952 2953
f 2974 2953 2973
f 2973 2953 2972
f 2972 2953 2954
f 2972 2954 2971
f 2971 2954 2970
f 2970 2954 2955
f 2970 2955 2969
f 2969 2955 2968
f 2968 2955 2956
f 2968 2956 2967
f 2967 2956 2957
f 2967 2957 2958
f 2967 2958 2966
f 2966 2958 2959
f 2966 2959 2960
f 2960 2961 2966
f 2966 2961 2962
f 2966 2962 2965
f 2965 2962 2963
f 2965 2963 2964
f 2988 2989 2993
f 2993 2989 2992
f 2992 2989 2990
f 2992 2990 2991
f 2994 2995 2999
f 2999 2995 2998
f 2998 2995 2996
f 2998 2996 2997
f 3000 3001 3003
f 3003 3001 3002
f 3004 3005 3052
f 3052 3005 3006
f 3052 3006 3051
f 3051 3006 3007
f 3051 3007 3008
f 3008 3009 3051
f 3051 3009 3050
f 3050 3009 3010
f 3050 3010 3049
f 3049 3010 3011
f 3049 3011 3048
f 3048 3011 3012
f 3048 3012 3013
f 3048 3013 3047
f 3047 3013 3014
f 3047 3014 3046
f 3046 3014 3015
f 3046 3015 3045
f 3045 3015 3016
f 3045 3016 3017
f 3017 3018 3045
f 3045 3018 3044
f 3044 3018 3019
f 3044 3019 3020
f 3020 3021 3044
f 3044 3021 3022
f 3044 3022 3043
f 3043 3022 3023
f 3043 3023 3024
f 3043 3024 3042
f 3042 3024 3025
f 3042 3025 3026
f 3042 3026 3041
f 3041 3026 3027
f 3041 3027 3028
f 3041 3028 3040
f 3040 3028 3029
f 3040 3029 3039
f 3039 3029 3038
f 3038 3029 3030
f 3038 3030 3037
f 3037 3030 3036
f 3036 3030 3035
f 3035 3030 3034
f 3034 3030 3031
f 3034 3031 3033
f 3033 3031 3032
f 3053 3054 3058
f 3058 3054 3057
f 3057 3054 3055
f 3057 3055 3056
f 3059 3060 3068
f 3068 3060 3067
f 3067 3060 3061
f 3067 3061 3066
f 3066 3061 3062
f 3066 3062 3065
f 3065 3062 3063
f 3065 3063 3064
f 3069 3070 3074
f 3074 3070 3073
f 3073 3070 3071
f 3073 3071 3072
f 3075 3076 3084
f 3084 3076 3083
f 3083 3076 3077
f 3083 3077 3082
f 3082 3077 3078
f 3082 3078 3081
f 3081 3078 3079
f 3081 3079 3080
f 3085 3086 3088
f 3088 3086 3087
f 3089 3090 3098
f 3098 3090 3097
f 3097 3090 3091
f 3097 3091 3096
f 3096 3091 3092
f 3096 3092 3095
f 3095 3092 3093
f 3095 3093 3094
f 3099 3100 3102
f 3102 3100 3101
f 3103 3104 3112
f 3112 3104 3111
f 3111 3104 3105
f 3111 3105 3110
f 3110 3105 3106
f 3110 3106 3109
f 3109 3106 3107
f 3109 3107 3108
f 3113 3114 3116
f 3116 3114 3115
f 3117 3118 3126
f 3126 3118 3125
f 3125 3118 3119
f 3125 3119 3124
f 3124 3119 3120
f 3124 3120 3123
f 3123 3120 3121
f 3123 3121 3122
f 3127 3128 3130
f 3130 3128 3129
f 3131 3132 3136
f 3136 3132 3135
f 3135 3132 3133
f 3135 3133 3134
f 3137 3138 3140
f 3140 3138 3139
f 3141 3142 3144
f 3144 3142 3143
v 0.59297879 -0.15882955 0.40482222
v 0.59307538 -0.15933591 0.40448484
v 0.59333022 -0.15978686 0.40418438
v 0.59333022 -0.15980072 0.40420519
v 0.59307538 -0.15934977 0.40450565
v 0.59297879 -0.15884341 0.40484303
v 0.5972571 -0.15909476 0.40464551
v 0.5972118 -0.15933227 0.40448726
v 0.59707593 -0.15955071 0.40434172
v 0.59707593 -0.15956457 0.40436253
v 0.5972118 -0.15934614 0.40450807
v 0.5972571 -0.15910862 0.40466632
v 0.59652367 -0.1598795 0.40412266
v 0.59612422 -0.15996942 0.40406275
v 0.59566801 -0.1599994 0.40404277
v 0.59566801 -0.16001326 0.40406358
v 0.59612422 -0.15998328 0.40408355
v 0.59652367 -0.15989336 0.40414346
v 0.59566801 -0.1599994 0.40404277
v 0.5951496 -0.15995989 0.4040691
v 0.59468575 -0.15984136 0.40414807
v 0.59468575 -0.15985522 0.40416888
v 0.5951496 -0.15997375 0.4040899
v 0.59566801 -0.16001326 0.40406358
v 0.59468575 -0.15984136 0.40414807
v 0.59430648 -0.1596588 0.40426971
v 0.59404182 -0.15942719 0.40442403
v 0.59404182 -0.15944105 0.40444483
v 0.59430648 -0.15967266 0.40429051
v 0.59468575 -0.15985522 0.40416888
v 0.59333022 -0.15978686 0.40418438
v 0.59307538 -0.15933591 0.40448484
v 0.59297879 -0.15882955 0.40482222
v 0.5937777 -0.15877142 0.40486095
v 0.5938721 -0.15913518 0.40461858
v 0.59404182 -0.15942719 0.40442403
v 0.59430648 -0.1596588 0.40426971
v 0.59468575 -0.15984136 0.40414807
v 0.5951496 -0.15995989 0.4040691
v 0.59566801 -0.1599994 0.40404277
v 0.59612422 -0.15996942 0.40406275
v 0.59652367 -0.1598795 0.40412266
v 0.59684728 -0.15973736 0.40421736
v 0.59707593 -0.15955071 0.40434172
v 0.5972118 -0.15933227 0.40448726
v 0.5972571 -0.15909476 0.40464551
v 0.59721344 -0.15885997 0.40480195
v 0.59708247 -0.15865698 0.4049372
v 0.59685109 -0.15848487 0.40505187
v 0.59650621 -0.15834272 0.40514659
v 0.59633841 -0.15829514 0.40517828
v 0.59609257 -0.15823599 0.40521769
v 0.5957687 -0.15816526 0.40526482
v 0.59536678 -0.15808295 0.40531966
v 0.59495887 -0.1579961 0.40537753
v 0.59461699 -0.15791175 0.40543373
v 0.59434114 -0.15782988 0.40548827
v 0.59413131 -0.15775053 0.40554115
v 0.59373132 -0.15752664 0.40569032
v 0.59344809 -0.15725462 0.40587156
v 0.59327947 -0.15694081 0.40608065
v 0.59322326 -0.15659158 0.40631333
v 0.59329202 -0.15620148 0.40657325
v 0.5934983 -0.15583772 0.40681561
v 0.59383663 -0.15552936 0.40702106
v 0.59430157 -0.15530548 0.40717023
v 0.59485928 -0.15516924 0.40726101
v 0.59547592 -0.15512382 0.40729127
v 0.5961455 -0.15517151 0.40725949
v 0.59673104 -0.15531456 0.40716418
v 0.59721181 -0.15555025 0.40700714
v 0.59756706 -0.15587586 0.4067902
v 0.59779189 -0.15627096 0.40652695
v 0.59788138 -0.1567151 0.40623103
v 0.59706938 -0.15676597 0.40619714
v 0.59692586 -0.15632273 0.40649246
v 0.59662627 -0.15600302 0.40670547
v 0.5961586 -0.15580956 0.40683437
v 0.59551085 -0.15574508 0.40687734
v 0.59484673 -0.15580366 0.40683831
v 0.59439107 -0.15597941 0.40672121
v 0.5941275 -0.15623781 0.40654904
v 0.59403964 -0.15654435 0.4063448
v 0.59410185 -0.15680593 0.40617051
v 0.59428848 -0.15701665 0.40603011
v 0.59445996 -0.15710986 0.40596801
v 0.59472995 -0.1572042 0.40590515
v 0.59509844 -0.15729969 0.40584153
v 0.59556542 -0.15739631 0.40577716
v 0.59604114 -0.15749043 0.40571445
v 0.59643582 -0.15757841 0.40565583
v 0.59674946 -0.15766027 0.40560129
v 0.59698206 -0.157736 0.40555083
v 0.59746774 -0.15797896 0.40538895
v 0.59780716 -0.15827914 0.40518895
v 0.59800689 -0.15863291 0.40495323
v 0.59807347 -0.15903663 0.40468424
v 0.59800035 -0.15944944 0.4044092
v 0.59778097 -0.15983772 0.40415049
v 0.59742463 -0.16017197 0.40392779
v 0.59694059 -0.16042265 0.40376077
v 0.59635833 -0.16057932 0.40365638
v 0.5957073 -0.16063155 0.40362158
v 0.59490894 -0.16057887 0.40365668
v 0.59425137 -0.16042083 0.40376198
v 0.59372749 -0.16015698 0.40393778
v 0.59707593 -0.15955071 0.40434172
v 0.59684728 -0.15973736 0.40421736
v 0.59652367 -0.1598795 0.40412266
v 0.59652367 -0.15989336 0.40414346
v 0.59684728 -0.15975122 0.40423817
v 0.59707593 -0.15956457 0.40436253
v 0.59404182 -0.15942719 0.40442403
v 0.5938721 -0.15913518 0.40461858
v 0.5937777 -0.15877142 0.40486095
v 0.5937777 -0.15878528 0.40488175
v 0.5938721 -0.15914904 0.40463939
v 0.59404182 -0.15944105 0.40444483
v 0.5937777 -0.15877142 0.40486095
v 0.59297879 -0.15882955 0.40482222
v 0.59297879 -0.15884341 0.40484303
v 0.5937777 -0.15878528 0.40488175
v 0.59297879 -0.15884341 0.40484303
v 0.59307538 -0.15934977 0.40450565
v 0.59333022 -0.15980072 0.40420519
v 0.59372749 -0.16017085 0.40395858
v 0.59425137 -0.16043469 0.40378278
v 0.59490894 -0.16059273 0.40367749
v 0.5957073 -0.16064542 0.40364239
v 0.59635833 -0.16059319 0.40367719
v 0.59694059 -0.16043651 0.40378157
v 0.59742463 -0.16018583 0.4039486
v 0.59778097 -0.15985159 0.4041713
v 0.59800035 -0.1594633 0.40443
v 0.59807347 -0.15905049 0.40470505
v 0.59800689 -0.15864677 0.40497404
v 0.59780716 -0.158293 0.40520975
v 0.59746774 -0.15799282 0.40540976
v 0.59698206 -0.15774986 0.40557163
v 0.59674946 -0.15767413 0.40562209
v 0.59643582 -0.15759227 0.40567663
v 0.59604114 -0.15750429 0.40573525
v 0.59556542 -0.15741017 0.40579796
v 0.59509844 -0.15731355 0.40586234
v 0.59472995 -0.15721807 0.40592596
v 0.59445996 -0.15712372 0.40598882
v 0.59428848 -0.15703051 0.40605092
v 0.59410185 -0.15681979 0.40619132
v 0.59403964 -0.15655821 0.4063656
v 0.5941275 -0.15625167 0.40656984
v 0.59439107 -0.15599327 0.40674201
v 0.59484673 -0.15581752 0.40685911
v 0.59551085 -0.15575894 0.40689814
v 0.5961586 -0.15582342 0.40685518
v 0.59662627 -0.15601688 0.40672628
v 0.59692586 -0.15633659 0.40651326
v 0.59706938 -0.15677983 0.40621794
v 0.59788138 -0.15672897 0.40625183
v 0.59779189 -0.15628483 0.40654775
v 0.59756706 -0.15588972 0.406811
v 0.59721181 -0.15556411 0.40702795
v 0.59673104 -0.15532842 0.40718499
v 0.5961455 -0.15518537 0.4072803
v 0.59547592 -0.15513768 0.40731207
v 0.59485928 -0.1551831 0.40728181
v 0.59430157 -0.15531934 0.40719104
v 0.59383663 -0.15554323 0.40704187
v 0.5934983 -0.15585158 0.40683642
v 0.59329202 -0.15621534 0.40659405
v 0.59322326 -0.15660544 0.40633413
v 0.59327947 -0.15695467 0.40610145
v 0.59344809 -0.15726848 0.40589237
v 0.59373132 -0.1575405 0.40571112
v 0.59413131 -0.15776439 0.40556195
v 0.59434114 -0.15784375 0.40550908
v 0.59461699 -0.15792561 0.40545453
v 0.59495887 -0.15800996 0.40539833
v 0.59536678 -0.15809682 0.40534046
v 0.5957687 -0.15817913 0.40528562
v 0.59609257 -0.15824986 0.4052385
v 0.59633841 -0.15830901 0.40519909
v 0.59650621 -0.15835658 0.40516739
v 0.59685109 -0.15849873 0.40507268
v 0.59708247 -0.15867084 0.40495801
v 0.59721344 -0.15887384 0.40482275
v 0.5972571 -0.15910862 0.40466632
v 0.5972118 -0.15934614 0.40450807
v 0.59707593 -0.15956457 0.40436253
v 0.59684728 -0.15975122 0.40423817
v 0.59652367 -0.15989336 0.40414346
v 0.59612422 -0.15998328 0.40408355
v 0.59566801 -0.16001326 0.40406358
v 0.5951496 -0.15997375 0.4040899
v 0.59468575 -0.15985522 0.40416888
v 0.59430648 -0.15967266 0.40429051
v 0.59404182 -0.15944105 0.40444483
v 0.5938721 -0.15914904 0.40463939
v 0.5937777 -0.15878528 0.40488175
v 0.59708247 -0.15865698 0.4049372
v 0.59721344 -0.15885997 0.40480195
v 0.5972571 -0.15909476 0.40464551
v 0.5972571 -0.15910862 0.40466632
v 0.59721344 -0.15887384 0.40482275
v 0.59708247 -0.15867084 0.40495801
v 0.59333022 -0.15978686 0.40418438
v 0.59372749 -0.16015698 0.40393778
v 0.59425137 -0.16042083 0.40376198
v 0.59425137 -0.16043469 0.40378278
v 0.59372749 -0.16017085 0.40395858
v 0.59333022 -0.15980072 0.40420519
v 0.59650621 -0.15834272 0.40514659
v 0.59685109 -0.15848487 0.40505187
v 0.59708247 -0.15865698 0.4049372
v 0.59708247 -0.15867084 0.40495801
v 0.59685109 -0.15849873 0.40507268
v 0.59650621 -0.15835658 0.40516739
v 0.59425137 -0.16042083 0.40376198
v 0.59490894 -0.16057887 0.40365668
v 0.5957073 -0.16063155 0.40362158
v 0.5957073 -0.16064542 0.40364239
v 0.59490894 -0.16059273 0.40367749
v 0.59425137 -0.16043469 0.40378278
v 0.59536678 -0.15808295 0.40531966
v 0.5957687 -0.15816526 0.40526482
v 0.59609257 -0.15823599 0.40521769
v 0.59633841 -0.15829514 0.40517828
v 0.59650621 -0.15834272 0.40514659
v 0.59650621 -0.15835658 0.40516739
v 0.59633841 -0.15830901 0.40519909
v 0.59609257 -0.15824986 0.4052385
v 0.5957687 -0.15817913 0.40528562
v 0.59536678 -0.15809682 0.40534046
v 0.5957073 -0.16063155 0.40362158
v 0.59635833 -0.16057932 0.40365638
v 0.59694059 -0.16042265 0.40376077
v 0.59694059 -0.16043651 0.40378157
v 0.59635833 -0.16059319 0.40367719
v 0.5957073 -0.16064542 0.40364239
v 0.59413131 -0.15775053 0.40554115
v 0.59434114 -0.15782988 0.40548827
v 0.59461699 -0.15791175 0.40543373
v 0.59495887 -0.1579961 0.40537753
v 0.59536678 -0.15808295 0.40531966
v 0.59536678 -0.15809682 0.40534046
v 0.59495887 -0.15800996 0.40539833
v 0.59461699 -0.15792561 0.40545453
v 0.59434114 -0.15784375 0.40550908
v 0.59413131 -0.15776439 0.40556195
v 0.59694059 -0.16042265 0.40376077
v 0.59742463 -0.16017197 0.40392779
v 0.59778097 -0.15983772 0.40415049
v 0.59778097 -0.15985159 0.4041713
v 0.59742463 -0.16018583 0.4039486
v 0.59694059 -0.16043651 0.40378157
v 0.59344809 -0.15725462 0.40587156
v 0.59373132 -0.15752664 0.40569032
v 0.59413131 -0.15775053 0.40554115
v 0.59413131 -0.15776439 0.40556195
v 0.59373132 -0.1575405 0.40571112
v 0.59344809 -0.15726848 0.40589237
v 0.59778097 -0.15983772 0.40415049
v 0.59800035 -0.15944944 0.4044092
v 0.59807347 -0.15903663 0.40468424
v 0.59807347 -0.15905049 0.40470505
v 0.59800035 -0.1594633 0.40443
v 0.59778097 -0.15985159 0.4041713
v 0.59322326 -0.15659158 0.40631333
v 0.59327947 -0.15694081 0.40608065
v 0.59344809 -0.15725462 0.40587156
v 0.59344809 -0.15726848 0.40589237
v 0.59327947 -0.15695467 0.40610145
v 0.59322326 -0.15660544 0.40633413
v 0.59807347 -0.15903663 0.40468424
v 0.59800689 -0.15863291 0.40495323
v 0.59780716 -0.15827914 0.40518895
v 0.59780716 -0.158293 0.40520975
v 0.59800689 -0.15864677 0.40497404
v 0.59807347 -0.15905049 0.40470505
v 0.5934983 -0.15583772 0.40681561
v 0.59329202 -0.15620148 0.40657325
v 0.59322326 -0.15659158 0.40631333
v 0.59322326 -0.15660544 0.40633413
v 0.59329202 -0.15621534 0.40659405
v 0.5934983 -0.15585158 0.40683642
v 0.59780716 -0.15827914 0.40518895
v 0.59746774 -0.15797896 0.40538895
v 0.59698206 -0.157736 0.40555083
v 0.59698206 -0.15774986 0.40557163
v 0.59746774 -0.15799282 0.40540976
v 0.59780716 -0.158293 0.40520975
v 0.59430157 -0.15530548 0.40717023
v 0.59383663 -0.15552936 0.40702106
v 0.5934983 -0.15583772 0.40681561
v 0.5934983 -0.15585158 0.40683642
v 0.59383663 -0.15554323 0.40704187
v 0.59430157 -0.15531934 0.40719104
v 0.59698206 -0.157736 0.40555083
v 0.59674946 -0.15766027 0.40560129
v 0.59643582 -0.15757841 0.40565583
v 0.59604114 -0.15749043 0.40571445
v 0.59556542 -0.15739631 0.40577716
v 0.59556542 -0.15741017 0.40579796
v 0.59604114 -0.15750429 0.40573525
v 0.59643582 -0.15759227 0.40567663
v 0.59674946 -0.15767413 0.40562209
v 0.59698206 -0.15774986 0.40557163
v 0.59547592 -0.15512382 0.40729127
v 0.59485928 -0.15516924 0.40726101
v 0.59430157 -0.15530548 0.40717023
v 0.59430157 -0.15531934 0.40719104
v 0.59485928 -0.1551831 0.40728181
v 0.59547592 -0.15513768 0.40731207
v 0.59556542 -0.15739631 0.40577716
v 0.59509844 -0.15729969 0.40584153
v 0.59472995 -0.1572042 0.40590515
v 0.59445996 -0.15710986 0.40596801
v 0.59428848 -0.15701665 0.40603011
v 0.59428848 -0.15703051 0.40605092
v 0.59445996 -0.15712372 0.40598882
v 0.59472995 -0.15721807 0.40592596
v 0.59509844 -0.15731355 0.40586234
v 0.59556542 -0.15741017 0.40579796
v 0.59673104 -0.15531456 0.40716418
v 0.5961455 -0.15517151 0.40725949
v 0.59547592 -0.15512382 0.40729127
v 0.59547592 -0.15513768 0.40731207
v 0.5961455 -0.15518537 0.4072803
v 0.59673104 -0.15532842 0.40718499
v 0.59428848 -0.15701665 0.40603011
v 0.59410185 -0.15680593 0.40617051
v 0.59403964 -0.15654435 0.4063448
v 0.59403964 -0.15655821 0.4063656
v 0.59410185 -0.15681979 0.40619132
v 0.59428848 -0.15703051 0.40605092
v 0.59756706 -0.15587586 0.4067902
v 0.59721181 -0.15555025 0.40700714
v 0.59673104 -0.15531456 0.40716418
v 0.59673104 -0.15532842 0.40718499
v 0.59721181 -0.15556411 0.40702795
v 0.59756706 -0.15588972 0.406811
v 0.59439107 -0.15597941 0.40672121
v 0.59484673 -0.15580366 0.40683831
v 0.59551085 -0.15574508 0.40687734
v 0.59551085 -0.15575894 0.40689814
v 0.59484673 -0.15581752 0.40685911
v 0.59439107 -0.15599327 0.40674201
v 0.59706938 -0.15676597 0.40619714
v 0.59788138 -0.1567151 0.40623103
v 0.59788138 -0.15672897 0.40625183
v 0.59706938 -0.15677983 0.40621794
v 0.59403964 -0.15654435 0.4063448
v 0.5941275 -0.15623781 0.40654904
v 0.59439107 -0.15597941 0.40672121
v 0.59439107 -0.15599327 0.40674201
v 0.5941275 -0.15625167 0.40656984
v 0.59403964 -0.15655821 0.4063656
v 0.59788138 -0.1567151 0.40623103
v 0.59779189 -0.15627096 0.40652695
v 0.59756706 -0.15587586 0.4067902
v 0.59756706 -0.15588972 0.406811
v 0.59779189 -0.15628483 0.40654775
v 0.59788138 -0.15672897 0.40625183
v 0.59551085 -0.15574508 0.40687734
v 0.5961586 -0.15580956 0.40683437
v 0.59662627 -0.15600302 0.40670547
v 0.59662627 -0.15601688 0.40672628
v 0.5961586 -0.15582342 0.40685518
v 0.59551085 -0.15575894 0.40689814
v 0.59662627 -0.15600302 0.40670547
v 0.59692586 -0.15632273 0.40649246
v 0.59706938 -0.15676597 0.40619714
v 0.59706938 -0.15677983 0.40621794
v 0.59692586 -0.15633659 0.40651326
v 0.59662627 -0.15601688 0.40672628
f 3145 3146 3150
f 3150 3146 3149
f 3149 3146 3147
f 3149 3147 3148
f 3151 3152 3156
f 3156 3152 3155
f 3155 3152 3153
f 3155 3153 3154
f 3157 3158 3162
f 3162 3158 3161
f 3161 3158 3159
f 3161 3159 3160
f 3163 3164 3168
f 3168 3164 3167
f 3167 3164 3165
f 3167 3165 3166
f 3169 3170 3174
f 3174 3170 3173
f 3173 3170 3171
f 3173 3171 3172
f 3176 3179 3175
f 3175 3179 3180
f 3175 3180 3250
f 3250 3180 3181
f 3250 3181 3249
f 3249 3181 3182
f 3249 3182 3248
f 3248 3182 3183
f 3248 3183 3247
f 3247 3183 3184
f 3247 3184 3185
f 3177 3178 3176
f 3176 3178 3179
f 3247 3185 3246
f 3246 3185 3186
f 3246 3186 3245
f 3245 3186 3187
f 3245 3187 3244
f 3244 3187 3188
f 3244 3188 3243
f 3243 3188 3189
f 3243 3189 3242
f 3242 3189 3190
f 3242 3190 3241
f 3241 3190 3240
f 3240 3190 3191
f 3240 3191 3239
f 3239 3191 3192
f 3239 3192 3238
f 3238 3192 3193
f 3238 3193 3237
f 3237 3193 3194
f 3237 3194 3236
f 3236 3194 3235
f 3235 3194 3195
f 3235 3195 3196
f 3235 3196 3234
f 3234 3196 3197
f 3234 3197 3233
f 3233 3197 3198
f 3233 3198 3232
f 3232 3198 3199
f 3232 3199 3200
f 3232 3200 3231
f 3231 3200 3201
f 3231 3201 3230
f 3230 3201 3202
f 3230 3202 3229
f 3229 3202 3203
f 3229 3203 3228
f 3228 3203 3204
f 3228 3204 3205
f 3228 3205 3227
f 3227 3205 3206
f 3227 3206 3207
f 3227 3207 3226
f 3226 3207 3208
f 3226 3208 3209
f 3226 3209 3225
f 3225 3209 3210
f 3225 3210 3224
f 3224 3210 3211
f 3224 3211 3223
f 3223 3211 3212
f 3223 3212 3213
f 3223 3213 3222
f 3222 3213 3214
f 3222 3214 3221
f 3221 3214 3215
f 3221 3215 3220
f 3220 3215 3216
f 3220 3216 3217
f 3218 3219 3217
f 3217 3219 3220
f 3251 3252 3256
f 3256 3252 3255
f 3255 3252 3253
f 3255 3253 3254
f 3257 3258 3262
f 3262 3258 3261
f 3261 3258 3259
f 3261 3259 3260
f 3263 3264 3266
f 3266 3264 3265
f 3267 3268 3342
f 3342 3268 3341
f 3341 3268 3269
f 3341 3269 3340
f 3340 3269 3270
f 3340 3270 3339
f 3339 3270 3271
f 3339 3271 3338
f 3338 3271 3272
f 3338 3272 3337
f 3337 3272 3273
f 3337 3273 3336
f 3336 3273 3335
f 3335 3273 3274
f 3335 3274 3334
f 3334 3274 3275
f 3334 3275 3333
f 3333 3275 3276
f 3333 3276 3332
f 3332 3276 3277
f 3332 3277 3331
f 3331 3277 3278
f 3331 3278 3330
f 3330 3278 3279
f 3330 3279 3280
f 3330 3280 3329
f 3329 3280 3281
f 3329 3281 3328
f 3328 3281 3282
f 3328 3282 3327
f 3327 3282 3283
f 3327 3283 3326
f 3326 3283 3284
f 3326 3284 3285
f 3286 3324 3285
f 3285 3324 3325
f 3285 3325 3326
f 3324 3286 3323
f 3323 3286 3287
f 3323 3287 3322
f 3322 3287 3288
f 3322 3288 3321
f 3321 3288 3320
f 3320 3288 3289
f 3320 3289 3319
f 3319 3289 3290
f 3319 3290 3318
f 3318 3290 3291
f 3318 3291 3317
f 3317 3291 3292
f 3317 3292 3316
f 3316 3292 3315
f 3315 3292 3293
f 3315 3293 3314
f 3314 3293 3313
f 3313 3293 3294
f 3313 3294 3312
f 3312 3294 3311
f 3311 3294 3295
f 3311 3295 3310
f 3310 3295 3296
f 3310 3296 3309
f 3309 3296 3297
f 3309 3297 3308
f 3308 3297 3307
f 3307 3297 3298
f 3307 3298 3306
f 3306 3298 3299
f 3306 3299 3305
f 3305 3299 3300
f 3305 3300 3304
f 3304 3300 3303
f 3303 3300 3301
f 3303 3301 3302
f 3343 3344 3348
f 3348 3344 3347
f 3347 3344 3345
f 3347 3345 3346
f 3349 3350 3354
f 3354 3350 3353
f 3353 3350 3351
f 3353 3351 3352
f 3355 3356 3360
f 3360 3356 3359
f 3359 3356 3357
f 3359 3357 3358
f 3361 3362 3366
f 3366 3362 3365
f 3365 3362 3363
f 3365 3363 3364
f 3367 3368 3376
f 3376 3368 3375
f 3375 3368 3369
f 3375 3369 3374
f 3374 3369 3370
f 3374 3370 3373
f 3373 3370 3371
f 3373 3371 3372
f 3377 3378 3382
f 3382 3378 3381
f 3381 3378 3379
f 3381 3379 3380
f 3383 3384 3392
f 3392 3384 3391
f 3391 3384 3385
f 3391 3385 3390
f 3390 3385 3386
f 3390 3386 3389
f 3389 3386 3387
f 3389 3387 3388
f 3393 3394 3398
f 3398 3394 3397
f 3397 3394 3395
f 3397 3395 3396
f 3399 3400 3404
f 3404 3400 3403
f 3403 3400 3401
f 3403 3401 3402
f 3405 3406 3410
f 3410 3406 3409
f 3409 3406 3407
f 3409 3407 3408
f 3411 3412 3416
f 3416 3412 3415
f 3415 3412 3413
f 3415 3413 3414
f 3417 3418 3422
f 3422 3418 3421
f 3421 3418 3419
f 3421 3419 3420
f 3423 3424 3428
f 3428 3424 3427
f 3427 3424 3425
f 3427 3425 3426
f 3429 3430 3434
f 3434 3430 3433
f 3433 3430 3431
f 3433 3431 3432
f 3435 3436 3440
f 3440 3436 3439
f 3439 3436 3437
f 3439 3437 3438
f 3441 3442 3450
f 3450 3442 3449
f 3449 3442 3443
f 3449 3443 3448
f 3448 3443 3444
f 3448 3444 3447
f 3447 3444 3445
f 3447 3445 3446
f 3451 3452 3456
f 3456 3452 3455
f 3455 3452 3453
f 3455 3453 3454
f 3457 3458 3466
f 3466 3458 3465
f 3465 3458 3459
f 3465 3459 3464
f 3464 3459 3460
f 3464 3460 3463
f 3463 3460 3461
f 3463 3461 3462
f 3467 3468 3472
f 3472 3468 3471
f 3471 3468 3469
f 3471 3469 3470
f 3473 3474 3478
f 3478 3474 3477
f 3477 3474 3475
f 3477 3475 3476
f 3479 3480 3484
f 3484 3480 3483
f 3483 3480 3481
f 3483 3481 3482
f 3485 3486 3490
f 3490 3486 3489
f 3489 3486 3487
f 3489 3487 3488
f 3491 3492 3494
f 3494 3492 3493
f 3495 3496 3500
f 3500 3496 3499
f 3499 3496 3497
f 3499 3497 3498
f 3501 3502 3506
f 3506 3502 3505
f 3505 3502 3503
f 3505 3503 3504
f 3507 3508 3512
f 3512 3508 3511
f 3511 3508 3509
f 3511 3509 3510
f 3513 3514 3518
f 3518 3514 3517
f 3517 3514 3515
f 3517 3515 3516
v 0.768 -0.3733575 0.036
v 0.768 -0.3733575 0.071999999
v 0.792 -0.3733575 0.071999999
v 0.792 -0.3733575 0.036
v 0.768 -0.3745575 0.071999999
v 0.768 -0.3745575 0.036
v 0.792 -0.3745575 0.036
v 0.792 -0.3745575 0.071999999
v 0.768 -0.3733575 0.071999999
v 0.768 -0.3733575 0.036
v 0.768 -0.3745575 0.036
v 0.768 -0.3745575 0.071999999
v 0.768 -0.3733575 0.036
v 0.792 -0.3733575 0.036
v 0.792 -0.3745575 0.036
v 0.768 -0.3745575 0.036
v 0.792 -0.3733575 0.036
v 0.792 -0.3733575 0.071999999
v 0.792 -0.3745575 0.071999999
v 0.792 -0.3745575 0.036
v 0.792 -0.3733575 0.071999999
v 0.768 -0.3733575 0.071999999
v 0.768 -0.3745575 0.071999999
v 0.792 -0.3745575 0.071999999
f 3520 3521 3519
f 3519 3521 3522
f 3524 3525 3523
f 3523 3525 3526
f 3527 3528 3530
f 3530 3528 3529
f 3531 3532 3534
f 3534 3532 3533
f 3535 3536 3538
f 3538 3536 3537
f 3539 3540 3542
f 3542 3540 3541
