v 0.394000001 0.444000015 0.113499999
v 0.394000001 0.45 0.113499999
v 1.09885002 0.45 0.113499999
v 1.09885002 0.444000015 0.113499999
v 0.394000001 0.45 0.59
v 0.394000001 0.444000015 0.59
v 1.09885002 0.444000015 0.59
v 1.09885002 0.45 0.59
v 0.394000001 0.45 0.113499999
v 0.394000001 0.444000015 0.113499999
v 0.394000001 0.444000015 0.59
v 0.394000001 0.45 0.59
v 0.394000001 0.444000015 0.113499999
v 1.09885002 0.444000015 0.113499999
v 1.09885002 0.444000015 0.59
v 0.394000001 0.444000015 0.59
v 1.09885002 0.444000015 0.113499999
v 1.09885002 0.45 0.113499999
v 1.09885002 0.45 0.59
v 1.09885002 0.444000015 0.59
v 1.09885002 0.45 0.113499999
v 0.394000001 0.45 0.113499999
v 0.394000001 0.45 0.59
v 1.09885002 0.45 0.59
f 2 3 1
f 1 3 4
f 6 7 5
f 5 7 8
f 9 10 12
f 12 10 11
f 13 14 16
f 16 14 15
f 17 18 20
f 20 18 19
f 21 22 24
f 24 22 23
v 1.09885002 -0.3 0.253199997
v 1.09885002 -0.3 0.113499999
v 1.41 -0.3 0.113499999
v 1.41 -0.3 0.253199997
v 1.09885002 -0.3 0.253199997
v 1.09885002 -0.118141556 0.384495239
v 1.09885002 0.075827713 0.497131195
v 1.09885002 0.28 0.59
v 1.09885002 0.45 0.59
v 1.09885002 0.45 0.113499999
v 1.09885002 -0.3 0.113499999
v 1.09885002 -0.3 0.113499999
v 1.09885002 0.45 0.113499999
v 1.41 0.45 0.113499999
v 1.41 -0.3 0.113499999
v 1.41 0.28 0.59
v 1.41 0.075827713 0.497131195
v 1.41 -0.118141556 0.384495239
v 1.41 -0.3 0.253199997
v 1.41 -0.3 0.113499999
v 1.41 0.45 0.113499999
v 1.41 0.45 0.59
v 1.09885002 0.45 0.113499999
v 1.09885002 0.45 0.59
v 1.41 0.45 0.59
v 1.41 0.45 0.113499999
v 1.33885002 -0.21 0.321608238
v 1.15885002 -0.21 0.321608238
v 1.15885002 -0.164109297 0.353855515
v 1.15885002 -0.117433071 0.38495491
v 1.15885002 -0.07 0.414887276
v 1.33885002 -0.07 0.414887276
v 1.33885002 -0.117433071 0.38495491
v 1.33885002 -0.164109297 0.353855515
v 1.09885002 0.28 0.59
v 1.09885002 0.075827713 0.497131195
v 1.09885002 -0.118141556 0.384495239
v 1.09885002 -0.3 0.253199997
v 1.41 -0.3 0.253199997
v 1.41 -0.118141556 0.384495239
v 1.41 0.075827713 0.497131195
v 1.41 0.28 0.59
v 1.09885002 0.45 0.59
v 1.09885002 0.28 0.59
v 1.41 0.28 0.59
v 1.41 0.45 0.59
v 1.15885002 -0.07 0.414887276
v 1.15885002 -0.117433071 0.38495491
v 1.15885002 -0.164109297 0.353855515
v 1.15885002 -0.21 0.321608238
v 1.15885002 -0.208336573 0.319111633
v 1.15885002 -0.0683365631 0.412390671
v 1.15885002 -0.21 0.321608238
v 1.33885002 -0.21 0.321608238
v 1.33885002 -0.208336573 0.319111633
v 1.15885002 -0.208336573 0.319111633
v 1.15885002 -0.0683365631 0.412390671
v 1.15885002 -0.208336573 0.319111633
v 1.33885002 -0.208336573 0.319111633
v 1.33885002 -0.0683365631 0.412390671
v 1.33885002 -0.21 0.321608238
v 1.33885002 -0.164109297 0.353855515
v 1.33885002 -0.117433071 0.38495491
v 1.33885002 -0.07 0.414887276
v 1.33885002 -0.0683365631 0.412390671
v 1.33885002 -0.208336573 0.319111633
v 1.33885002 -0.07 0.414887276
v 1.15885002 -0.07 0.414887276
v 1.15885002 -0.0683365631 0.412390671
v 1.33885002 -0.0683365631 0.412390671
f 25 26 28
f 28 26 27
f 35 29 34
f 34 29 30
f 34 30 31
f 31 32 34
f 34 32 33
f 36 37 39
f 39 37 38
f 46 40 45
f 45 40 41
f 45 41 42
f 42 43 45
f 45 43 44
f 47 48 50
f 50 48 49
f 52 62 51
f 51 62 63
f 51 63 64
f 62 52 61
f 61 52 53
f 61 53 54
f 54 55 61
f 61 55 60
f 60 55 56
f 60 56 65
f 65 56 64
f 64 56 57
f 64 57 58
f 58 51 64
f 66 59 65
f 65 59 60
f 67 68 70
f 70 68 69
f 71 72 76
f 76 72 73
f 76 73 75
f 75 73 74
f 78 79 77
f 77 79 80
f 81 82 84
f 84 82 83
f 85 86 90
f 90 86 89
f 89 86 87
f 89 87 88
f 92 93 91
f 91 93 94
v 0.394000001 -0.3 0.085
v 0.394000001 -0.292 0.085
v 0.395774999 -0.292 0.085
v 0.395774999 -0.3 0.085
v 0.394000001 -0.292 0.253199997
v 0.394000001 -0.3 0.253199997
v 0.395774999 -0.3 0.253199997
v 0.395774999 -0.292 0.253199997
v 0.394000001 -0.292 0.085
v 0.394000001 -0.3 0.085
v 0.394000001 -0.3 0.253199997
v 0.394000001 -0.292 0.253199997
v 0.394000001 -0.3 0.085
v 0.395774999 -0.3 0.085
v 0.395774999 -0.3 0.253199997
v 0.394000001 -0.3 0.253199997
v 0.395774999 -0.3 0.085
v 0.395774999 -0.292 0.085
v 0.395774999 -0.292 0.253199997
v 0.395774999 -0.3 0.253199997
v 0.395774999 -0.292 0.085
v 0.394000001 -0.292 0.085
v 0.394000001 -0.292 0.253199997
v 0.395774999 -0.292 0.253199997
f 96 97 95
f 95 97 98
f 100 101 99
f 99 101 102
f 103 104 106
f 106 104 105
f 107 108 110
f 110 108 109
f 111 112 114
f 114 112 113
f 115 116 118
f 118 116 117
v 0.641075001 -0.3 0.085
v 0.641075001 -0.292 0.085
v 0.851775017 -0.292 0.085
v 0.851775017 -0.3 0.085
v 0.641075001 -0.292 0.253199997
v 0.641075001 -0.3 0.253199997
v 0.851775017 -0.3 0.253199997
v 0.851775017 -0.292 0.253199997
v 0.641075001 -0.292 0.085
v 0.641075001 -0.3 0.085
v 0.641075001 -0.3 0.253199997
v 0.641075001 -0.292 0.253199997
v 0.641075001 -0.3 0.085
v 0.851775017 -0.3 0.085
v 0.851775017 -0.3 0.253199997
v 0.641075001 -0.3 0.253199997
v 0.851775017 -0.3 0.085
v 0.851775017 -0.292 0.085
v 0.851775017 -0.292 0.253199997
v 0.851775017 -0.3 0.253199997
v 0.851775017 -0.292 0.085
v 0.641075001 -0.292 0.085
v 0.641075001 -0.292 0.253199997
v 0.851775017 -0.292 0.253199997
f 120 121 119
f 119 121 122
f 124 125 123
f 123 125 126
f 127 128 130
f 130 128 129
f 131 132 134
f 134 132 133
f 135 136 138
f 138 136 137
f 139 140 142
f 142 140 141
v 1.09707497 -0.3 0.085
v 1.09707497 -0.292 0.085
v 1.09885002 -0.292 0.085
v 1.09885002 -0.3 0.085
v 1.09707497 -0.292 0.253199997
v 1.09707497 -0.3 0.253199997
v 1.09885002 -0.3 0.253199997
v 1.09885002 -0.292 0.253199997
v 1.09707497 -0.292 0.085
v 1.09707497 -0.3 0.085
v 1.09707497 -0.3 0.253199997
v 1.09707497 -0.292 0.253199997
v 1.09707497 -0.3 0.085
v 1.09885002 -0.3 0.085
v 1.09885002 -0.3 0.253199997
v 1.09707497 -0.3 0.253199997
v 1.09885002 -0.3 0.085
v 1.09885002 -0.292 0.085
v 1.09885002 -0.292 0.253199997
v 1.09885002 -0.3 0.253199997
v 1.09885002 -0.292 0.085
v 1.09707497 -0.292 0.085
v 1.09707497 -0.292 0.253199997
v 1.09885002 -0.292 0.253199997
f 144 145 143
f 143 145 146
f 148 149 147
f 147 149 150
f 151 152 154
f 154 152 153
f 155 156 158
f 158 156 157
f 159 160 162
f 162 160 161
f 163 164 166
f 166 164 165
v 0.35 -0.3 0.085
v 0.35 0.45 0.085
v 0.394000001 0.45 0.085
v 0.394000001 -0.3 0.085
v 0.35 0.45 0.113499999
v 0.35 -0.3 0.113499999
v 0.394000001 -0.3 0.113499999
v 0.394000001 0.45 0.113499999
v 0.35 0.45 0.085
v 0.35 -0.3 0.085
v 0.35 -0.3 0.113499999
v 0.35 0.45 0.113499999
v 0.35 -0.3 0.085
v 0.394000001 -0.3 0.085
v 0.394000001 -0.3 0.113499999
v 0.35 -0.3 0.113499999
v 0.394000001 -0.3 0.085
v 0.394000001 0.45 0.085
v 0.394000001 0.45 0.113499999
v 0.394000001 -0.3 0.113499999
v 0.394000001 0.45 0.085
v 0.35 0.45 0.085
v 0.35 0.45 0.113499999
v 0.394000001 0.45 0.113499999
f 168 169 167
f 167 169 170
f 172 173 171
f 171 173 174
f 175 176 178
f 178 176 177
f 179 180 182
f 182 180 181
f 183 184 186
f 186 184 185
f 187 188 190
f 190 188 189
v 1.09885002 -0.3 0.085
v 1.09885002 0.45 0.085
v 1.41 0.45 0.085
v 1.41 -0.3 0.085
v 1.09885002 0.45 0.113499999
v 1.09885002 -0.3 0.113499999
v 1.41 -0.3 0.113499999
v 1.41 0.45 0.113499999
v 1.09885002 0.45 0.085
v 1.09885002 -0.3 0.085
v 1.09885002 -0.3 0.113499999
v 1.09885002 0.45 0.113499999
v 1.09885002 -0.3 0.085
v 1.41 -0.3 0.085
v 1.41 -0.3 0.113499999
v 1.09885002 -0.3 0.113499999
v 1.41 -0.3 0.085
v 1.41 0.45 0.085
v 1.41 0.45 0.113499999
v 1.41 -0.3 0.113499999
v 1.41 0.45 0.085
v 1.09885002 0.45 0.085
v 1.09885002 0.45 0.113499999
v 1.41 0.45 0.113499999
f 192 193 191
f 191 193 194
f 196 197 195
f 195 197 198
f 199 200 202
f 202 200 201
f 203 204 206
f 206 204 205
f 207 208 210
f 210 208 209
f 211 212 214
f 214 212 213
v 0.394000001 0.444000015 0.085
v 0.394000001 0.45 0.085
v 1.09885002 0.45 0.085
v 1.09885002 0.444000015 0.085
v 0.394000001 0.45 0.113499999
v 0.394000001 0.444000015 0.113499999
v 1.09885002 0.444000015 0.113499999
v 1.09885002 0.45 0.113499999
v 0.394000001 0.45 0.085
v 0.394000001 0.444000015 0.085
v 0.394000001 0.444000015 0.113499999
v 0.394000001 0.45 0.113499999
v 0.394000001 0.444000015 0.085
v 1.09885002 0.444000015 0.085
v 1.09885002 0.444000015 0.113499999
v 0.394000001 0.444000015 0.113499999
v 1.09885002 0.444000015 0.085
v 1.09885002 0.45 0.085
v 1.09885002 0.45 0.113499999
v 1.09885002 0.444000015 0.113499999
v 1.09885002 0.45 0.085
v 0.394000001 0.45 0.085
v 0.394000001 0.45 0.113499999
v 1.09885002 0.45 0.113499999
f 216 217 215
f 215 217 218
f 220 221 219
f 219 221 222
f 223 224 226
f 226 224 225
f 227 228 230
f 230 228 229
f 231 232 234
f 234 232 233
f 235 236 238
f 238 236 237
v 0.406775 -0.292 0.104000001
v 0.406775 -0.102000008 0.104000001
v 0.411775 -0.102000008 0.104000001
v 0.411775 -0.292 0.104000001
v 0.406775 -0.102000008 0.111999998
v 0.406775 -0.292 0.111999998
v 0.411775 -0.292 0.111999998
v 0.411775 -0.102000008 0.111999998
v 0.406775 -0.102000008 0.104000001
v 0.406775 -0.292 0.104000001
v 0.406775 -0.292 0.111999998
v 0.406775 -0.102000008 0.111999998
v 0.406775 -0.292 0.104000001
v 0.411775 -0.292 0.104000001
v 0.411775 -0.292 0.111999998
v 0.406775 -0.292 0.111999998
v 0.411775 -0.292 0.104000001
v 0.411775 -0.102000008 0.104000001
v 0.411775 -0.102000008 0.111999998
v 0.411775 -0.292 0.111999998
v 0.411775 -0.102000008 0.104000001
v 0.406775 -0.102000008 0.104000001
v 0.406775 -0.102000008 0.111999998
v 0.411775 -0.102000008 0.111999998
f 240 241 239
f 239 241 242
f 244 245 243
f 243 245 246
f 247 248 250
f 250 248 249
f 251 252 254
f 254 252 253
f 255 256 258
f 258 256 257
f 259 260 262
f 262 260 261
v 0.625074995 -0.292 0.104000001
v 0.625074995 -0.102000008 0.104000001
v 0.630074995 -0.102000008 0.104000001
v 0.630074995 -0.292 0.104000001
v 0.625074995 -0.102000008 0.111999998
v 0.625074995 -0.292 0.111999998
v 0.630074995 -0.292 0.111999998
v 0.630074995 -0.102000008 0.111999998
v 0.625074995 -0.102000008 0.104000001
v 0.625074995 -0.292 0.104000001
v 0.625074995 -0.292 0.111999998
v 0.625074995 -0.102000008 0.111999998
v 0.625074995 -0.292 0.104000001
v 0.630074995 -0.292 0.104000001
v 0.630074995 -0.292 0.111999998
v 0.625074995 -0.292 0.111999998
v 0.630074995 -0.292 0.104000001
v 0.630074995 -0.102000008 0.104000001
v 0.630074995 -0.102000008 0.111999998
v 0.630074995 -0.292 0.111999998
v 0.630074995 -0.102000008 0.104000001
v 0.625074995 -0.102000008 0.104000001
v 0.625074995 -0.102000008 0.111999998
v 0.630074995 -0.102000008 0.111999998
f 264 265 263
f 263 265 266
f 268 269 267
f 267 269 270
f 271 272 274
f 274 272 273
f 275 276 278
f 278 276 277
f 279 280 282
f 282 280 281
f 283 284 286
f 286 284 285
v 0.451024998 -0.260074999 0.125
v 0.451024998 -0.139925003 0.125
v 0.414825 -0.139925003 0.125
v 0.414825 -0.260074999 0.125
v 0.431425 -0.2649 0.237999992
v 0.428925 -0.265 0.242000008
v 0.408925 -0.265 0.242000008
v 0.412925 -0.262 0.121999998
v 0.452924999 -0.262 0.121999998
v 0.456925 -0.265 0.242000008
v 0.436925 -0.265 0.242000008
v 0.434425 -0.2649 0.237999992
v 0.428925 -0.137000008 0.242000008
v 0.428925 -0.135 0.242000008
v 0.408925 -0.135 0.242000008
v 0.408925 -0.265 0.242000008
v 0.428925 -0.265 0.242000008
v 0.428925 -0.263 0.242000008
v 0.410925001 -0.263 0.242000008
v 0.410925001 -0.137000008 0.242000008
v 0.436925 -0.137000008 0.242000008
v 0.434425 -0.137099991 0.237999992
v 0.431425 -0.137099991 0.237999992
v 0.428925 -0.137000008 0.242000008
v 0.410925001 -0.137000008 0.242000008
v 0.414825 -0.139925003 0.125
v 0.451024998 -0.139925003 0.125
v 0.454925002 -0.137000008 0.242000008
v 0.428925 -0.263 0.242000008
v 0.431425 -0.2629 0.237999992
v 0.434425 -0.2629 0.237999992
v 0.436925 -0.263 0.242000008
v 0.454925002 -0.263 0.242000008
v 0.451024998 -0.260074999 0.125
v 0.414825 -0.260074999 0.125
v 0.410925001 -0.263 0.242000008
v 0.434425 -0.137099991 0.237999992
v 0.436925 -0.137000008 0.242000008
v 0.436925 -0.135 0.242000008
v 0.434425 -0.135100002 0.237999992
v 0.431425 -0.137099991 0.237999992
v 0.434425 -0.137099991 0.237999992
v 0.434425 -0.135100002 0.237999992
v 0.431425 -0.135100002 0.237999992
v 0.434425 -0.2629 0.237999992
v 0.431425 -0.2629 0.237999992
v 0.431425 -0.2649 0.237999992
v 0.434425 -0.2649 0.237999992
v 0.436925 -0.263 0.242000008
v 0.434425 -0.2629 0.237999992
v 0.434425 -0.2649 0.237999992
v 0.436925 -0.265 0.242000008
v 0.428925 -0.137000008 0.242000008
v 0.431425 -0.137099991 0.237999992
v 0.431425 -0.135100002 0.237999992
v 0.428925 -0.135 0.242000008
v 0.431425 -0.2629 0.237999992
v 0.428925 -0.263 0.242000008
v 0.428925 -0.265 0.242000008
v 0.431425 -0.2649 0.237999992
v 0.452924999 -0.262 0.121999998
v 0.452924999 -0.137999992 0.121999998
v 0.456925 -0.135 0.242000008
v 0.456925 -0.265 0.242000008
v 0.412925 -0.137999992 0.121999998
v 0.412925 -0.262 0.121999998
v 0.408925 -0.265 0.242000008
v 0.408925 -0.135 0.242000008
v 0.452924999 -0.137999992 0.121999998
v 0.452924999 -0.262 0.121999998
v 0.412925 -0.262 0.121999998
v 0.412925 -0.137999992 0.121999998
v 0.414825 -0.260074999 0.125
v 0.414825 -0.139925003 0.125
v 0.410925001 -0.137000008 0.242000008
v 0.410925001 -0.263 0.242000008
v 0.451024998 -0.139925003 0.125
v 0.451024998 -0.260074999 0.125
v 0.454925002 -0.263 0.242000008
v 0.454925002 -0.137000008 0.242000008
v 0.434425 -0.135100002 0.237999992
v 0.436925 -0.135 0.242000008
v 0.456925 -0.135 0.242000008
v 0.452924999 -0.137999992 0.121999998
v 0.412925 -0.137999992 0.121999998
v 0.408925 -0.135 0.242000008
v 0.428925 -0.135 0.242000008
v 0.431425 -0.135100002 0.237999992
v 0.436925 -0.135 0.242000008
v 0.436925 -0.137000008 0.242000008
v 0.454925002 -0.137000008 0.242000008
v 0.454925002 -0.263 0.242000008
v 0.436925 -0.263 0.242000008
v 0.436925 -0.265 0.242000008
v 0.456925 -0.265 0.242000008
v 0.456925 -0.135 0.242000008
f 288 289 287
f 287 289 290
f 292 293 291
f 291 293 294
f 291 294 298
f 298 294 295
f 298 295 296
f 296 297 298
f 299 300 306
f 306 300 301
f 306 301 302
f 306 302 305
f 305 302 303
f 305 303 304
f 307 308 314
f 314 308 313
f 313 308 312
f 312 308 309
f 312 309 311
f 311 309 310
f 315 316 322
f 322 316 321
f 321 316 317
f 321 317 320
f 320 317 319
f 319 317 318
f 323 324 326
f 326 324 325
f 327 328 330
f 330 328 329
f 331 332 334
f 334 332 333
f 336 337 335
f 335 337 338
f 340 341 339
f 339 341 342
f 343 344 346
f 346 344 345
f 347 348 350
f 350 348 349
f 352 353 351
f 351 353 354
f 356 357 355
f 355 357 358
f 359 360 362
f 362 360 361
f 364 365 363
f 363 365 366
f 368 369 367
f 367 369 370
f 367 370 371
f 367 371 374
f 374 371 372
f 374 372 373
f 376 377 375
f 375 377 382
f 382 377 381
f 381 377 378
f 381 378 380
f 380 378 379
v 0.508024996 -0.260074999 0.125
v 0.508024996 -0.139925003 0.125
v 0.471825002 -0.139925003 0.125
v 0.471825002 -0.260074999 0.125
v 0.488424996 -0.2649 0.237999992
v 0.485924996 -0.265 0.242000008
v 0.465925001 -0.265 0.242000008
v 0.469925002 -0.262 0.121999998
v 0.509925002 -0.262 0.121999998
v 0.513924998 -0.265 0.242000008
v 0.493924998 -0.265 0.242000008
v 0.491424998 -0.2649 0.237999992
v 0.485924996 -0.137000008 0.242000008
v 0.485924996 -0.135 0.242000008
v 0.465925001 -0.135 0.242000008
v 0.465925001 -0.265 0.242000008
v 0.485924996 -0.265 0.242000008
v 0.485924996 -0.263 0.242000008
v 0.467924999 -0.263 0.242000008
v 0.467924999 -0.137000008 0.242000008
v 0.493924998 -0.137000008 0.242000008
v 0.491424998 -0.137099991 0.237999992
v 0.488424996 -0.137099991 0.237999992
v 0.485924996 -0.137000008 0.242000008
v 0.467924999 -0.137000008 0.242000008
v 0.471825002 -0.139925003 0.125
v 0.508024996 -0.139925003 0.125
v 0.511925 -0.137000008 0.242000008
v 0.485924996 -0.263 0.242000008
v 0.488424996 -0.2629 0.237999992
v 0.491424998 -0.2629 0.237999992
v 0.493924998 -0.263 0.242000008
v 0.511925 -0.263 0.242000008
v 0.508024996 -0.260074999 0.125
v 0.471825002 -0.260074999 0.125
v 0.467924999 -0.263 0.242000008
v 0.491424998 -0.137099991 0.237999992
v 0.493924998 -0.137000008 0.242000008
v 0.493924998 -0.135 0.242000008
v 0.491424998 -0.135100002 0.237999992
v 0.488424996 -0.137099991 0.237999992
v 0.491424998 -0.137099991 0.237999992
v 0.491424998 -0.135100002 0.237999992
v 0.488424996 -0.135100002 0.237999992
v 0.491424998 -0.2629 0.237999992
v 0.488424996 -0.2629 0.237999992
v 0.488424996 -0.2649 0.237999992
v 0.491424998 -0.2649 0.237999992
v 0.493924998 -0.263 0.242000008
v 0.491424998 -0.2629 0.237999992
v 0.491424998 -0.2649 0.237999992
v 0.493924998 -0.265 0.242000008
v 0.485924996 -0.137000008 0.242000008
v 0.488424996 -0.137099991 0.237999992
v 0.488424996 -0.135100002 0.237999992
v 0.485924996 -0.135 0.242000008
v 0.488424996 -0.2629 0.237999992
v 0.485924996 -0.263 0.242000008
v 0.485924996 -0.265 0.242000008
v 0.488424996 -0.2649 0.237999992
v 0.509925002 -0.262 0.121999998
v 0.509925002 -0.137999992 0.121999998
v 0.513924998 -0.135 0.242000008
v 0.513924998 -0.265 0.242000008
v 0.469925002 -0.137999992 0.121999998
v 0.469925002 -0.262 0.121999998
v 0.465925001 -0.265 0.242000008
v 0.465925001 -0.135 0.242000008
v 0.509925002 -0.137999992 0.121999998
v 0.509925002 -0.262 0.121999998
v 0.469925002 -0.262 0.121999998
v 0.469925002 -0.137999992 0.121999998
v 0.471825002 -0.260074999 0.125
v 0.471825002 -0.139925003 0.125
v 0.467924999 -0.137000008 0.242000008
v 0.467924999 -0.263 0.242000008
v 0.508024996 -0.139925003 0.125
v 0.508024996 -0.260074999 0.125
v 0.511925 -0.263 0.242000008
v 0.511925 -0.137000008 0.242000008
v 0.491424998 -0.135100002 0.237999992
v 0.493924998 -0.135 0.242000008
v 0.513924998 -0.135 0.242000008
v 0.509925002 -0.137999992 0.121999998
v 0.469925002 -0.137999992 0.121999998
v 0.465925001 -0.135 0.242000008
v 0.485924996 -0.135 0.242000008
v 0.488424996 -0.135100002 0.237999992
v 0.493924998 -0.135 0.242000008
v 0.493924998 -0.137000008 0.242000008
v 0.511925 -0.137000008 0.242000008
v 0.511925 -0.263 0.242000008
v 0.493924998 -0.263 0.242000008
v 0.493924998 -0.265 0.242000008
v 0.513924998 -0.265 0.242000008
v 0.513924998 -0.135 0.242000008
f 384 385 383
f 383 385 386
f 388 389 387
f 387 389 390
f 387 390 394
f 394 390 391
f 394 391 392
f 392 393 394
f 395 396 402
f 402 396 397
f 402 397 398
f 402 398 401
f 401 398 399
f 401 399 400
f 403 404 410
f 410 404 409
f 409 404 408
f 408 404 405
f 408 405 407
f 407 405 406
f 411 412 418
f 418 412 417
f 417 412 413
f 417 413 416
f 416 413 415
f 415 413 414
f 419 420 422
f 422 420 421
f 423 424 426
f 426 424 425
f 427 428 430
f 430 428 429
f 432 433 431
f 431 433 434
f 436 437 435
f 435 437 438
f 439 440 442
f 442 440 441
f 443 444 446
f 446 444 445
f 448 449 447
f 447 449 450
f 452 453 451
f 451 453 454
f 455 456 458
f 458 456 457
f 460 461 459
f 459 461 462
f 464 465 463
f 463 465 466
f 463 466 467
f 463 467 470
f 470 467 468
f 470 468 469
f 472 473 471
f 471 473 478
f 478 473 477
f 477 473 474
f 477 474 476
f 476 474 475
v 0.565025004 -0.260074999 0.125
v 0.565025004 -0.139925003 0.125
v 0.528824995 -0.139925003 0.125
v 0.528824995 -0.260074999 0.125
v 0.545425003 -0.2649 0.237999992
v 0.542925003 -0.265 0.242000008
v 0.522925003 -0.265 0.242000008
v 0.526925 -0.262 0.121999998
v 0.566925009 -0.262 0.121999998
v 0.570925005 -0.265 0.242000008
v 0.550924996 -0.265 0.242000008
v 0.548424996 -0.2649 0.237999992
v 0.542925003 -0.137000008 0.242000008
v 0.542925003 -0.135 0.242000008
v 0.522925003 -0.135 0.242000008
v 0.522925003 -0.265 0.242000008
v 0.542925003 -0.265 0.242000008
v 0.542925003 -0.263 0.242000008
v 0.524925002 -0.263 0.242000008
v 0.524925002 -0.137000008 0.242000008
v 0.550924996 -0.137000008 0.242000008
v 0.548424996 -0.137099991 0.237999992
v 0.545425003 -0.137099991 0.237999992
v 0.542925003 -0.137000008 0.242000008
v 0.524925002 -0.137000008 0.242000008
v 0.528824995 -0.139925003 0.125
v 0.565025004 -0.139925003 0.125
v 0.568924998 -0.137000008 0.242000008
v 0.542925003 -0.263 0.242000008
v 0.545425003 -0.2629 0.237999992
v 0.548424996 -0.2629 0.237999992
v 0.550924996 -0.263 0.242000008
v 0.568924998 -0.263 0.242000008
v 0.565025004 -0.260074999 0.125
v 0.528824995 -0.260074999 0.125
v 0.524925002 -0.263 0.242000008
v 0.548424996 -0.137099991 0.237999992
v 0.550924996 -0.137000008 0.242000008
v 0.550924996 -0.135 0.242000008
v 0.548424996 -0.135100002 0.237999992
v 0.545425003 -0.137099991 0.237999992
v 0.548424996 -0.137099991 0.237999992
v 0.548424996 -0.135100002 0.237999992
v 0.545425003 -0.135100002 0.237999992
v 0.548424996 -0.2629 0.237999992
v 0.545425003 -0.2629 0.237999992
v 0.545425003 -0.2649 0.237999992
v 0.548424996 -0.2649 0.237999992
v 0.550924996 -0.263 0.242000008
v 0.548424996 -0.2629 0.237999992
v 0.548424996 -0.2649 0.237999992
v 0.550924996 -0.265 0.242000008
v 0.542925003 -0.137000008 0.242000008
v 0.545425003 -0.137099991 0.237999992
v 0.545425003 -0.135100002 0.237999992
v 0.542925003 -0.135 0.242000008
v 0.545425003 -0.2629 0.237999992
v 0.542925003 -0.263 0.242000008
v 0.542925003 -0.265 0.242000008
v 0.545425003 -0.2649 0.237999992
v 0.566925009 -0.262 0.121999998
v 0.566925009 -0.137999992 0.121999998
v 0.570925005 -0.135 0.242000008
v 0.570925005 -0.265 0.242000008
v 0.526925 -0.137999992 0.121999998
v 0.526925 -0.262 0.121999998
v 0.522925003 -0.265 0.242000008
v 0.522925003 -0.135 0.242000008
v 0.566925009 -0.137999992 0.121999998
v 0.566925009 -0.262 0.121999998
v 0.526925 -0.262 0.121999998
v 0.526925 -0.137999992 0.121999998
v 0.528824995 -0.260074999 0.125
v 0.528824995 -0.139925003 0.125
v 0.524925002 -0.137000008 0.242000008
v 0.524925002 -0.263 0.242000008
v 0.565025004 -0.139925003 0.125
v 0.565025004 -0.260074999 0.125
v 0.568924998 -0.263 0.242000008
v 0.568924998 -0.137000008 0.242000008
v 0.548424996 -0.135100002 0.237999992
v 0.550924996 -0.135 0.242000008
v 0.570925005 -0.135 0.242000008
v 0.566925009 -0.137999992 0.121999998
v 0.526925 -0.137999992 0.121999998
v 0.522925003 -0.135 0.242000008
v 0.542925003 -0.135 0.242000008
v 0.545425003 -0.135100002 0.237999992
v 0.550924996 -0.135 0.242000008
v 0.550924996 -0.137000008 0.242000008
v 0.568924998 -0.137000008 0.242000008
v 0.568924998 -0.263 0.242000008
v 0.550924996 -0.263 0.242000008
v 0.550924996 -0.265 0.242000008
v 0.570925005 -0.265 0.242000008
v 0.570925005 -0.135 0.242000008
f 480 481 479
f 479 481 482
f 484 485 483
f 483 485 486
f 483 486 490
f 490 486 487
f 490 487 488
f 488 489 490
f 491 492 498
f 498 492 493
f 498 493 494
f 498 494 497
f 497 494 495
f 497 495 496
f 499 500 506
f 506 500 505
f 505 500 504
f 504 500 501
f 504 501 503
f 503 501 502
f 507 508 514
f 514 508 513
f 513 508 509
f 513 509 512
f 512 509 511
f 511 509 510
f 515 516 518
f 518 516 517
f 519 520 522
f 522 520 521
f 523 524 526
f 526 524 525
f 528 529 527
f 527 529 530
f 532 533 531
f 531 533 534
f 535 536 538
f 538 536 537
f 539 540 542
f 542 540 541
f 544 545 543
f 543 545 546
f 548 549 547
f 547 549 550
f 551 552 554
f 554 552 553
f 556 557 555
f 555 557 558
f 560 561 559
f 559 561 562
f 559 562 563
f 559 563 566
f 566 563 564
f 566 564 565
f 568 569 567
f 567 569 574
f 574 569 573
f 573 569 570
f 573 570 572
f 572 570 571
v 0.622024992 -0.260074999 0.125
v 0.622024992 -0.139925003 0.125
v 0.585825003 -0.139925003 0.125
v 0.585825003 -0.260074999 0.125
v 0.602425002 -0.2649 0.237999992
v 0.599925002 -0.265 0.242000008
v 0.579925002 -0.265 0.242000008
v 0.583924998 -0.262 0.121999998
v 0.623924998 -0.262 0.121999998
v 0.627924994 -0.265 0.242000008
v 0.607924994 -0.265 0.242000008
v 0.605424994 -0.2649 0.237999992
v 0.599925002 -0.137000008 0.242000008
v 0.599925002 -0.135 0.242000008
v 0.579925002 -0.135 0.242000008
v 0.579925002 -0.265 0.242000008
v 0.599925002 -0.265 0.242000008
v 0.599925002 -0.263 0.242000008
v 0.581925009 -0.263 0.242000008
v 0.581925009 -0.137000008 0.242000008
v 0.607924994 -0.137000008 0.242000008
v 0.605424994 -0.137099991 0.237999992
v 0.602425002 -0.137099991 0.237999992
v 0.599925002 -0.137000008 0.242000008
v 0.581925009 -0.137000008 0.242000008
v 0.585825003 -0.139925003 0.125
v 0.622024992 -0.139925003 0.125
v 0.625925005 -0.137000008 0.242000008
v 0.599925002 -0.263 0.242000008
v 0.602425002 -0.2629 0.237999992
v 0.605424994 -0.2629 0.237999992
v 0.607924994 -0.263 0.242000008
v 0.625925005 -0.263 0.242000008
v 0.622024992 -0.260074999 0.125
v 0.585825003 -0.260074999 0.125
v 0.581925009 -0.263 0.242000008
v 0.605424994 -0.137099991 0.237999992
v 0.607924994 -0.137000008 0.242000008
v 0.607924994 -0.135 0.242000008
v 0.605424994 -0.135100002 0.237999992
v 0.602425002 -0.137099991 0.237999992
v 0.605424994 -0.137099991 0.237999992
v 0.605424994 -0.135100002 0.237999992
v 0.602425002 -0.135100002 0.237999992
v 0.605424994 -0.2629 0.237999992
v 0.602425002 -0.2629 0.237999992
v 0.602425002 -0.2649 0.237999992
v 0.605424994 -0.2649 0.237999992
v 0.607924994 -0.263 0.242000008
v 0.605424994 -0.2629 0.237999992
v 0.605424994 -0.2649 0.237999992
v 0.607924994 -0.265 0.242000008
v 0.599925002 -0.137000008 0.242000008
v 0.602425002 -0.137099991 0.237999992
v 0.602425002 -0.135100002 0.237999992
v 0.599925002 -0.135 0.242000008
v 0.602425002 -0.2629 0.237999992
v 0.599925002 -0.263 0.242000008
v 0.599925002 -0.265 0.242000008
v 0.602425002 -0.2649 0.237999992
v 0.623924998 -0.262 0.121999998
v 0.623924998 -0.137999992 0.121999998
v 0.627924994 -0.135 0.242000008
v 0.627924994 -0.265 0.242000008
v 0.583924998 -0.137999992 0.121999998
v 0.583924998 -0.262 0.121999998
v 0.579925002 -0.265 0.242000008
v 0.579925002 -0.135 0.242000008
v 0.623924998 -0.137999992 0.121999998
v 0.623924998 -0.262 0.121999998
v 0.583924998 -0.262 0.121999998
v 0.583924998 -0.137999992 0.121999998
v 0.585825003 -0.260074999 0.125
v 0.585825003 -0.139925003 0.125
v 0.581925009 -0.137000008 0.242000008
v 0.581925009 -0.263 0.242000008
v 0.622024992 -0.139925003 0.125
v 0.622024992 -0.260074999 0.125
v 0.625925005 -0.263 0.242000008
v 0.625925005 -0.137000008 0.242000008
v 0.605424994 -0.135100002 0.237999992
v 0.607924994 -0.135 0.242000008
v 0.627924994 -0.135 0.242000008
v 0.623924998 -0.137999992 0.121999998
v 0.583924998 -0.137999992 0.121999998
v 0.579925002 -0.135 0.242000008
v 0.599925002 -0.135 0.242000008
v 0.602425002 -0.135100002 0.237999992
v 0.607924994 -0.135 0.242000008
v 0.607924994 -0.137000008 0.242000008
v 0.625925005 -0.137000008 0.242000008
v 0.625925005 -0.263 0.242000008
v 0.607924994 -0.263 0.242000008
v 0.607924994 -0.265 0.242000008
v 0.627924994 -0.265 0.242000008
v 0.627924994 -0.135 0.242000008
f 576 577 575
f 575 577 578
f 580 581 579
f 579 581 582
f 579 582 586
f 586 582 583
f 586 583 584
f 584 585 586
f 587 588 594
f 594 588 589
f 594 589 590
f 594 590 593
f 593 590 591
f 593 591 592
f 595 596 602
f 602 596 601
f 601 596 600
f 600 596 597
f 600 597 599
f 599 597 598
f 603 604 610
f 610 604 609
f 609 604 605
f 609 605 608
f 608 605 607
f 607 605 606
f 611 612 614
f 614 612 613
f 615 616 618
f 618 616 617
f 619 620 622
f 622 620 621
f 624 625 623
f 623 625 626
f 628 629 627
f 627 629 630
f 631 632 634
f 634 632 633
f 635 636 638
f 638 636 637
f 640 641 639
f 639 641 642
f 644 645 643
f 643 645 646
f 647 648 650
f 650 648 649
f 652 653 651
f 651 653 654
f 656 657 655
f 655 657 658
f 655 658 659
f 655 659 662
f 662 659 660
f 662 660 661
f 664 665 663
f 663 665 670
f 670 665 669
f 669 665 666
f 669 666 668
f 668 666 667
v 0.397775 -0.3 0.085
v 0.397775 -0.292 0.085
v 0.639074992 -0.292 0.085
v 0.639074992 -0.3 0.085
v 0.397775 -0.292 0.253199997
v 0.397775 -0.3 0.253199997
v 0.639074992 -0.3 0.253199997
v 0.639074992 -0.292 0.253199997
v 0.397775 -0.292 0.085
v 0.397775 -0.3 0.085
v 0.397775 -0.3 0.253199997
v 0.397775 -0.292 0.253199997
v 0.397775 -0.3 0.085
v 0.639074992 -0.3 0.085
v 0.639074992 -0.3 0.253199997
v 0.397775 -0.3 0.253199997
v 0.639074992 -0.3 0.085
v 0.639074992 -0.292 0.085
v 0.639074992 -0.292 0.253199997
v 0.639074992 -0.3 0.253199997
v 0.639074992 -0.292 0.085
v 0.397775 -0.292 0.085
v 0.397775 -0.292 0.253199997
v 0.639074992 -0.292 0.253199997
f 672 673 671
f 671 673 674
f 676 677 675
f 675 677 678
f 679 680 682
f 682 680 681
f 683 684 686
f 686 684 685
f 687 688 690
f 690 688 689
f 691 692 694
f 694 692 693
v 0.862775 -0.102000008 0.104000001
v 0.862775 -0.292 0.104000001
v 0.862775 -0.292 0.111999998
v 0.862775 -0.102000008 0.111999998
v 0.862775 -0.292 0.104000001
v 0.867775 -0.292 0.104000001
v 0.867775 -0.292 0.111999998
v 0.862775 -0.292 0.111999998
v 0.867775 -0.292 0.104000001
v 0.867775 -0.102000008 0.104000001
v 0.867775 -0.102000008 0.111999998
v 0.867775 -0.292 0.111999998
v 0.867775 -0.102000008 0.104000001
v 0.862775 -0.102000008 0.104000001
v 0.862775 -0.102000008 0.111999998
v 0.867775 -0.102000008 0.111999998
v 0.862775 -0.292 0.104000001
v 0.862775 -0.102000008 0.104000001
v 0.867775 -0.102000008 0.104000001
v 0.867775 -0.292 0.104000001
v 0.862775 -0.102000008 0.111999998
v 0.862775 -0.292 0.111999998
v 0.867775 -0.292 0.111999998
v 0.867775 -0.102000008 0.111999998
f 695 696 698
f 698 696 697
f 699 700 702
f 702 700 701
f 703 704 706
f 706 704 705
f 707 708 710
f 710 708 709
f 712 713 711
f 711 713 714
f 716 717 715
f 715 717 718
v 1.081075 -0.102000008 0.104000001
v 1.081075 -0.292 0.104000001
v 1.081075 -0.292 0.111999998
v 1.081075 -0.102000008 0.111999998
v 1.081075 -0.292 0.104000001
v 1.086075 -0.292 0.104000001
v 1.086075 -0.292 0.111999998
v 1.081075 -0.292 0.111999998
v 1.086075 -0.292 0.104000001
v 1.086075 -0.102000008 0.104000001
v 1.086075 -0.102000008 0.111999998
v 1.086075 -0.292 0.111999998
v 1.086075 -0.102000008 0.104000001
v 1.081075 -0.102000008 0.104000001
v 1.081075 -0.102000008 0.111999998
v 1.086075 -0.102000008 0.111999998
v 1.081075 -0.292 0.104000001
v 1.081075 -0.102000008 0.104000001
v 1.086075 -0.102000008 0.104000001
v 1.086075 -0.292 0.104000001
v 1.081075 -0.102000008 0.111999998
v 1.081075 -0.292 0.111999998
v 1.086075 -0.292 0.111999998
v 1.086075 -0.102000008 0.111999998
f 719 720 722
f 722 720 721
f 723 724 726
f 726 724 725
f 727 728 730
f 730 728 729
f 731 732 734
f 734 732 733
f 736 737 735
f 735 737 738
f 740 741 739
f 739 741 742
v 0.890425 -0.2629 0.237999992
v 0.887425 -0.2629 0.237999992
v 0.887425 -0.2649 0.237999992
v 0.890425 -0.2649 0.237999992
v 0.892925 -0.263 0.242000008
v 0.890425 -0.2629 0.237999992
v 0.890425 -0.2649 0.237999992
v 0.892925 -0.265 0.242000008
v 0.884925 -0.137000008 0.242000008
v 0.887425 -0.137099991 0.237999992
v 0.887425 -0.135100002 0.237999992
v 0.884925 -0.135 0.242000008
v 0.887425 -0.2629 0.237999992
v 0.884925 -0.263 0.242000008
v 0.884925 -0.265 0.242000008
v 0.887425 -0.2649 0.237999992
v 0.908924999 -0.262 0.121999998
v 0.908924999 -0.137999992 0.121999998
v 0.912925 -0.135 0.242000008
v 0.912925 -0.265 0.242000008
v 0.868925 -0.137999992 0.121999998
v 0.868925 -0.262 0.121999998
v 0.864925 -0.265 0.242000008
v 0.864925 -0.135 0.242000008
v 0.908924999 -0.137999992 0.121999998
v 0.908924999 -0.262 0.121999998
v 0.868925 -0.262 0.121999998
v 0.868925 -0.137999992 0.121999998
v 0.870825 -0.260074999 0.125
v 0.870825 -0.139925003 0.125
v 0.866925001 -0.137000008 0.242000008
v 0.866925001 -0.263 0.242000008
v 0.907024998 -0.139925003 0.125
v 0.907024998 -0.260074999 0.125
v 0.910925002 -0.263 0.242000008
v 0.910925002 -0.137000008 0.242000008
v 0.890425 -0.135100002 0.237999992
v 0.892925 -0.135 0.242000008
v 0.912925 -0.135 0.242000008
v 0.908924999 -0.137999992 0.121999998
v 0.868925 -0.137999992 0.121999998
v 0.864925 -0.135 0.242000008
v 0.884925 -0.135 0.242000008
v 0.887425 -0.135100002 0.237999992
v 0.892925 -0.135 0.242000008
v 0.892925 -0.137000008 0.242000008
v 0.910925002 -0.137000008 0.242000008
v 0.910925002 -0.263 0.242000008
v 0.892925 -0.263 0.242000008
v 0.892925 -0.265 0.242000008
v 0.912925 -0.265 0.242000008
v 0.912925 -0.135 0.242000008
v 0.907024998 -0.260074999 0.125
v 0.907024998 -0.139925003 0.125
v 0.870825 -0.139925003 0.125
v 0.870825 -0.260074999 0.125
v 0.887425 -0.2649 0.237999992
v 0.884925 -0.265 0.242000008
v 0.864925 -0.265 0.242000008
v 0.868925 -0.262 0.121999998
v 0.908924999 -0.262 0.121999998
v 0.912925 -0.265 0.242000008
v 0.892925 -0.265 0.242000008
v 0.890425 -0.2649 0.237999992
v 0.884925 -0.137000008 0.242000008
v 0.884925 -0.135 0.242000008
v 0.864925 -0.135 0.242000008
v 0.864925 -0.265 0.242000008
v 0.884925 -0.265 0.242000008
v 0.884925 -0.263 0.242000008
v 0.866925001 -0.263 0.242000008
v 0.866925001 -0.137000008 0.242000008
v 0.892925 -0.137000008 0.242000008
v 0.890425 -0.137099991 0.237999992
v 0.887425 -0.137099991 0.237999992
v 0.884925 -0.137000008 0.242000008
v 0.866925001 -0.137000008 0.242000008
v 0.870825 -0.139925003 0.125
v 0.907024998 -0.139925003 0.125
v 0.910925002 -0.137000008 0.242000008
v 0.884925 -0.263 0.242000008
v 0.887425 -0.2629 0.237999992
v 0.890425 -0.2629 0.237999992
v 0.892925 -0.263 0.242000008
v 0.910925002 -0.263 0.242000008
v 0.907024998 -0.260074999 0.125
v 0.870825 -0.260074999 0.125
v 0.866925001 -0.263 0.242000008
v 0.890425 -0.137099991 0.237999992
v 0.892925 -0.137000008 0.242000008
v 0.892925 -0.135 0.242000008
v 0.890425 -0.135100002 0.237999992
v 0.887425 -0.137099991 0.237999992
v 0.890425 -0.137099991 0.237999992
v 0.890425 -0.135100002 0.237999992
v 0.887425 -0.135100002 0.237999992
f 743 744 746
f 746 744 745
f 748 749 747
f 747 749 750
f 752 753 751
f 751 753 754
f 755 756 758
f 758 756 757
f 759 760 762
f 762 760 761
f 764 765 763
f 763 765 766
f 768 769 767
f 767 769 770
f 771 772 774
f 774 772 773
f 776 777 775
f 775 777 778
f 780 781 779
f 779 781 782
f 779 782 783
f 779 783 786
f 786 783 784
f 786 784 785
f 788 789 787
f 787 789 794
f 794 789 793
f 793 789 790
f 793 790 792
f 792 790 791
f 796 797 795
f 795 797 798
f 800 801 799
f 799 801 802
f 799 802 806
f 806 802 803
f 806 803 804
f 804 805 806
f 807 808 814
f 814 808 809
f 814 809 810
f 814 810 813
f 813 810 811
f 813 811 812
f 815 816 822
f 822 816 821
f 821 816 820
f 820 816 817
f 820 817 819
f 819 817 818
f 823 824 830
f 830 824 829
f 829 824 825
f 829 825 828
f 828 825 827
f 827 825 826
f 831 832 834
f 834 832 833
f 835 836 838
f 838 836 837
v 0.947424998 -0.2629 0.237999992
v 0.944424996 -0.2629 0.237999992
v 0.944424996 -0.2649 0.237999992
v 0.947424998 -0.2649 0.237999992
v 0.949924998 -0.263 0.242000008
v 0.947424998 -0.2629 0.237999992
v 0.947424998 -0.2649 0.237999992
v 0.949924998 -0.265 0.242000008
v 0.941924996 -0.137000008 0.242000008
v 0.944424996 -0.137099991 0.237999992
v 0.944424996 -0.135100002 0.237999992
v 0.941924996 -0.135 0.242000008
v 0.944424996 -0.2629 0.237999992
v 0.941924996 -0.263 0.242000008
v 0.941924996 -0.265 0.242000008
v 0.944424996 -0.2649 0.237999992
v 0.965925002 -0.262 0.121999998
v 0.965925002 -0.137999992 0.121999998
v 0.969924998 -0.135 0.242000008
v 0.969924998 -0.265 0.242000008
v 0.925925002 -0.137999992 0.121999998
v 0.925925002 -0.262 0.121999998
v 0.921925001 -0.265 0.242000008
v 0.921925001 -0.135 0.242000008
v 0.965925002 -0.137999992 0.121999998
v 0.965925002 -0.262 0.121999998
v 0.925925002 -0.262 0.121999998
v 0.925925002 -0.137999992 0.121999998
v 0.927825002 -0.260074999 0.125
v 0.927825002 -0.139925003 0.125
v 0.923924999 -0.137000008 0.242000008
v 0.923924999 -0.263 0.242000008
v 0.964024996 -0.139925003 0.125
v 0.964024996 -0.260074999 0.125
v 0.967925 -0.263 0.242000008
v 0.967925 -0.137000008 0.242000008
v 0.947424998 -0.135100002 0.237999992
v 0.949924998 -0.135 0.242000008
v 0.969924998 -0.135 0.242000008
v 0.965925002 -0.137999992 0.121999998
v 0.925925002 -0.137999992 0.121999998
v 0.921925001 -0.135 0.242000008
v 0.941924996 -0.135 0.242000008
v 0.944424996 -0.135100002 0.237999992
v 0.949924998 -0.135 0.242000008
v 0.949924998 -0.137000008 0.242000008
v 0.967925 -0.137000008 0.242000008
v 0.967925 -0.263 0.242000008
v 0.949924998 -0.263 0.242000008
v 0.949924998 -0.265 0.242000008
v 0.969924998 -0.265 0.242000008
v 0.969924998 -0.135 0.242000008
v 0.964024996 -0.260074999 0.125
v 0.964024996 -0.139925003 0.125
v 0.927825002 -0.139925003 0.125
v 0.927825002 -0.260074999 0.125
v 0.944424996 -0.2649 0.237999992
v 0.941924996 -0.265 0.242000008
v 0.921925001 -0.265 0.242000008
v 0.925925002 -0.262 0.121999998
v 0.965925002 -0.262 0.121999998
v 0.969924998 -0.265 0.242000008
v 0.949924998 -0.265 0.242000008
v 0.947424998 -0.2649 0.237999992
v 0.941924996 -0.137000008 0.242000008
v 0.941924996 -0.135 0.242000008
v 0.921925001 -0.135 0.242000008
v 0.921925001 -0.265 0.242000008
v 0.941924996 -0.265 0.242000008
v 0.941924996 -0.263 0.242000008
v 0.923924999 -0.263 0.242000008
v 0.923924999 -0.137000008 0.242000008
v 0.949924998 -0.137000008 0.242000008
v 0.947424998 -0.137099991 0.237999992
v 0.944424996 -0.137099991 0.237999992
v 0.941924996 -0.137000008 0.242000008
v 0.923924999 -0.137000008 0.242000008
v 0.927825002 -0.139925003 0.125
v 0.964024996 -0.139925003 0.125
v 0.967925 -0.137000008 0.242000008
v 0.941924996 -0.263 0.242000008
v 0.944424996 -0.2629 0.237999992
v 0.947424998 -0.2629 0.237999992
v 0.949924998 -0.263 0.242000008
v 0.967925 -0.263 0.242000008
v 0.964024996 -0.260074999 0.125
v 0.927825002 -0.260074999 0.125
v 0.923924999 -0.263 0.242000008
v 0.947424998 -0.137099991 0.237999992
v 0.949924998 -0.137000008 0.242000008
v 0.949924998 -0.135 0.242000008
v 0.947424998 -0.135100002 0.237999992
v 0.944424996 -0.137099991 0.237999992
v 0.947424998 -0.137099991 0.237999992
v 0.947424998 -0.135100002 0.237999992
v 0.944424996 -0.135100002 0.237999992
f 839 840 842
f 842 840 841
f 844 845 843
f 843 845 846
f 848 849 847
f 847 849 850
f 851 852 854
f 854 852 853
f 855 856 858
f 858 856 857
f 860 861 859
f 859 861 862
f 864 865 863
f 863 865 866
f 867 868 870
f 870 868 869
f 872 873 871
f 871 873 874
f 876 877 875
f 875 877 878
f 875 878 879
f 875 879 882
f 882 879 880
f 882 880 881
f 884 885 883
f 883 885 890
f 890 885 889
f 889 885 886
f 889 886 888
f 888 886 887
f 892 893 891
f 891 893 894
f 896 897 895
f 895 897 898
f 895 898 902
f 902 898 899
f 902 899 900
f 900 901 902
f 903 904 910
f 910 904 905
f 910 905 906
f 910 906 909
f 909 906 907
f 909 907 908
f 911 912 918
f 918 912 917
f 917 912 916
f 916 912 913
f 916 913 915
f 915 913 914
f 919 920 926
f 926 920 925
f 925 920 921
f 925 921 924
f 924 921 923
f 923 921 922
f 927 928 930
f 930 928 929
f 931 932 934
f 934 932 933
v 1.004425 -0.2629 0.237999992
v 1.001425 -0.2629 0.237999992
v 1.001425 -0.2649 0.237999992
v 1.004425 -0.2649 0.237999992
v 1.006925 -0.263 0.242000008
v 1.004425 -0.2629 0.237999992
v 1.004425 -0.2649 0.237999992
v 1.006925 -0.265 0.242000008
v 0.998925003 -0.137000008 0.242000008
v 1.001425 -0.137099991 0.237999992
v 1.001425 -0.135100002 0.237999992
v 0.998925003 -0.135 0.242000008
v 1.001425 -0.2629 0.237999992
v 0.998925003 -0.263 0.242000008
v 0.998925003 -0.265 0.242000008
v 1.001425 -0.2649 0.237999992
v 1.02292501 -0.262 0.121999998
v 1.02292501 -0.137999992 0.121999998
v 1.02692501 -0.135 0.242000008
v 1.02692501 -0.265 0.242000008
v 0.982925 -0.137999992 0.121999998
v 0.982925 -0.262 0.121999998
v 0.978925003 -0.265 0.242000008
v 0.978925003 -0.135 0.242000008
v 1.02292501 -0.137999992 0.121999998
v 1.02292501 -0.262 0.121999998
v 0.982925 -0.262 0.121999998
v 0.982925 -0.137999992 0.121999998
v 0.984824995 -0.260074999 0.125
v 0.984824995 -0.139925003 0.125
v 0.980925002 -0.137000008 0.242000008
v 0.980925002 -0.263 0.242000008
v 1.021025 -0.139925003 0.125
v 1.021025 -0.260074999 0.125
v 1.024925 -0.263 0.242000008
v 1.024925 -0.137000008 0.242000008
v 1.004425 -0.135100002 0.237999992
v 1.006925 -0.135 0.242000008
v 1.02692501 -0.135 0.242000008
v 1.02292501 -0.137999992 0.121999998
v 0.982925 -0.137999992 0.121999998
v 0.978925003 -0.135 0.242000008
v 0.998925003 -0.135 0.242000008
v 1.001425 -0.135100002 0.237999992
v 1.006925 -0.135 0.242000008
v 1.006925 -0.137000008 0.242000008
v 1.024925 -0.137000008 0.242000008
v 1.024925 -0.263 0.242000008
v 1.006925 -0.263 0.242000008
v 1.006925 -0.265 0.242000008
v 1.02692501 -0.265 0.242000008
v 1.02692501 -0.135 0.242000008
v 1.021025 -0.260074999 0.125
v 1.021025 -0.139925003 0.125
v 0.984824995 -0.139925003 0.125
v 0.984824995 -0.260074999 0.125
v 1.001425 -0.2649 0.237999992
v 0.998925003 -0.265 0.242000008
v 0.978925003 -0.265 0.242000008
v 0.982925 -0.262 0.121999998
v 1.02292501 -0.262 0.121999998
v 1.02692501 -0.265 0.242000008
v 1.006925 -0.265 0.242000008
v 1.004425 -0.2649 0.237999992
v 0.998925003 -0.137000008 0.242000008
v 0.998925003 -0.135 0.242000008
v 0.978925003 -0.135 0.242000008
v 0.978925003 -0.265 0.242000008
v 0.998925003 -0.265 0.242000008
v 0.998925003 -0.263 0.242000008
v 0.980925002 -0.263 0.242000008
v 0.980925002 -0.137000008 0.242000008
v 1.006925 -0.137000008 0.242000008
v 1.004425 -0.137099991 0.237999992
v 1.001425 -0.137099991 0.237999992
v 0.998925003 -0.137000008 0.242000008
v 0.980925002 -0.137000008 0.242000008
v 0.984824995 -0.139925003 0.125
v 1.021025 -0.139925003 0.125
v 1.024925 -0.137000008 0.242000008
v 0.998925003 -0.263 0.242000008
v 1.001425 -0.2629 0.237999992
v 1.004425 -0.2629 0.237999992
v 1.006925 -0.263 0.242000008
v 1.024925 -0.263 0.242000008
v 1.021025 -0.260074999 0.125
v 0.984824995 -0.260074999 0.125
v 0.980925002 -0.263 0.242000008
v 1.004425 -0.137099991 0.237999992
v 1.006925 -0.137000008 0.242000008
v 1.006925 -0.135 0.242000008
v 1.004425 -0.135100002 0.237999992
v 1.001425 -0.137099991 0.237999992
v 1.004425 -0.137099991 0.237999992
v 1.004425 -0.135100002 0.237999992
v 1.001425 -0.135100002 0.237999992
f 935 936 938
f 938 936 937
f 940 941 939
f 939 941 942
f 944 945 943
f 943 945 946
f 947 948 950
f 950 948 949
f 951 952 954
f 954 952 953
f 956 957 955
f 955 957 958
f 960 961 959
f 959 961 962
f 963 964 966
f 966 964 965
f 968 969 967
f 967 969 970
f 972 973 971
f 971 973 974
f 971 974 975
f 971 975 978
f 978 975 976
f 978 976 977
f 980 981 979
f 979 981 986
f 986 981 985
f 985 981 982
f 985 982 984
f 984 982 983
f 988 989 987
f 987 989 990
f 992 993 991
f 991 993 994
f 991 994 998
f 998 994 995
f 998 995 996
f 996 997 998
f 999 1000 1006
f 1006 1000 1001
f 1006 1001 1002
f 1006 1002 1005
f 1005 1002 1003
f 1005 1003 1004
f 1007 1008 1014
f 1014 1008 1013
f 1013 1008 1012
f 1012 1008 1009
f 1012 1009 1011
f 1011 1009 1010
f 1015 1016 1022
f 1022 1016 1021
f 1021 1016 1017
f 1021 1017 1020
f 1020 1017 1019
f 1019 1017 1018
f 1023 1024 1026
f 1026 1024 1025
f 1027 1028 1030
f 1030 1028 1029
v 1.06142499 -0.2629 0.237999992
v 1.058425 -0.2629 0.237999992
v 1.058425 -0.2649 0.237999992
v 1.06142499 -0.2649 0.237999992
v 1.06392499 -0.263 0.242000008
v 1.06142499 -0.2629 0.237999992
v 1.06142499 -0.2649 0.237999992
v 1.06392499 -0.265 0.242000008
v 1.055925 -0.137000008 0.242000008
v 1.058425 -0.137099991 0.237999992
v 1.058425 -0.135100002 0.237999992
v 1.055925 -0.135 0.242000008
v 1.058425 -0.2629 0.237999992
v 1.055925 -0.263 0.242000008
v 1.055925 -0.265 0.242000008
v 1.058425 -0.2649 0.237999992
v 1.079925 -0.262 0.121999998
v 1.079925 -0.137999992 0.121999998
v 1.08392499 -0.135 0.242000008
v 1.08392499 -0.265 0.242000008
v 1.039925 -0.137999992 0.121999998
v 1.039925 -0.262 0.121999998
v 1.035925 -0.265 0.242000008
v 1.035925 -0.135 0.242000008
v 1.079925 -0.137999992 0.121999998
v 1.079925 -0.262 0.121999998
v 1.039925 -0.262 0.121999998
v 1.039925 -0.137999992 0.121999998
v 1.041825 -0.260074999 0.125
v 1.041825 -0.139925003 0.125
v 1.03792501 -0.137000008 0.242000008
v 1.03792501 -0.263 0.242000008
v 1.07802499 -0.139925003 0.125
v 1.07802499 -0.260074999 0.125
v 1.08192501 -0.263 0.242000008
v 1.08192501 -0.137000008 0.242000008
v 1.06142499 -0.135100002 0.237999992
v 1.06392499 -0.135 0.242000008
v 1.08392499 -0.135 0.242000008
v 1.079925 -0.137999992 0.121999998
v 1.039925 -0.137999992 0.121999998
v 1.035925 -0.135 0.242000008
v 1.055925 -0.135 0.242000008
v 1.058425 -0.135100002 0.237999992
v 1.06392499 -0.135 0.242000008
v 1.06392499 -0.137000008 0.242000008
v 1.08192501 -0.137000008 0.242000008
v 1.08192501 -0.263 0.242000008
v 1.06392499 -0.263 0.242000008
v 1.06392499 -0.265 0.242000008
v 1.08392499 -0.265 0.242000008
v 1.08392499 -0.135 0.242000008
v 1.07802499 -0.260074999 0.125
v 1.07802499 -0.139925003 0.125
v 1.041825 -0.139925003 0.125
v 1.041825 -0.260074999 0.125
v 1.058425 -0.2649 0.237999992
v 1.055925 -0.265 0.242000008
v 1.035925 -0.265 0.242000008
v 1.039925 -0.262 0.121999998
v 1.079925 -0.262 0.121999998
v 1.08392499 -0.265 0.242000008
v 1.06392499 -0.265 0.242000008
v 1.06142499 -0.2649 0.237999992
v 1.055925 -0.137000008 0.242000008
v 1.055925 -0.135 0.242000008
v 1.035925 -0.135 0.242000008
v 1.035925 -0.265 0.242000008
v 1.055925 -0.265 0.242000008
v 1.055925 -0.263 0.242000008
v 1.03792501 -0.263 0.242000008
v 1.03792501 -0.137000008 0.242000008
v 1.06392499 -0.137000008 0.242000008
v 1.06142499 -0.137099991 0.237999992
v 1.058425 -0.137099991 0.237999992
v 1.055925 -0.137000008 0.242000008
v 1.03792501 -0.137000008 0.242000008
v 1.041825 -0.139925003 0.125
v 1.07802499 -0.139925003 0.125
v 1.08192501 -0.137000008 0.242000008
v 1.055925 -0.263 0.242000008
v 1.058425 -0.2629 0.237999992
v 1.06142499 -0.2629 0.237999992
v 1.06392499 -0.263 0.242000008
v 1.08192501 -0.263 0.242000008
v 1.07802499 -0.260074999 0.125
v 1.041825 -0.260074999 0.125
v 1.03792501 -0.263 0.242000008
v 1.06142499 -0.137099991 0.237999992
v 1.06392499 -0.137000008 0.242000008
v 1.06392499 -0.135 0.242000008
v 1.06142499 -0.135100002 0.237999992
v 1.058425 -0.137099991 0.237999992
v 1.06142499 -0.137099991 0.237999992
v 1.06142499 -0.135100002 0.237999992
v 1.058425 -0.135100002 0.237999992
f 1031 1032 1034
f 1034 1032 1033
f 1036 1037 1035
f 1035 1037 1038
f 1040 1041 1039
f 1039 1041 1042
f 1043 1044 1046
f 1046 1044 1045
f 1047 1048 1050
f 1050 1048 1049
f 1052 1053 1051
f 1051 1053 1054
f 1056 1057 1055
f 1055 1057 1058
f 1059 1060 1062
f 1062 1060 1061
f 1064 1065 1063
f 1063 1065 1066
f 1068 1069 1067
f 1067 1069 1070
f 1067 1070 1071
f 1067 1071 1074
f 1074 1071 1072
f 1074 1072 1073
f 1076 1077 1075
f 1075 1077 1082
f 1082 1077 1081
f 1081 1077 1078
f 1081 1078 1080
f 1080 1078 1079
f 1084 1085 1083
f 1083 1085 1086
f 1088 1089 1087
f 1087 1089 1090
f 1087 1090 1094
f 1094 1090 1091
f 1094 1091 1092
f 1092 1093 1094
f 1095 1096 1102
f 1102 1096 1097
f 1102 1097 1098
f 1102 1098 1101
f 1101 1098 1099
f 1101 1099 1100
f 1103 1104 1110
f 1110 1104 1109
f 1109 1104 1108
f 1108 1104 1105
f 1108 1105 1107
f 1107 1105 1106
f 1111 1112 1118
f 1118 1112 1117
f 1117 1112 1113
f 1117 1113 1116
f 1116 1113 1115
f 1115 1113 1114
f 1119 1120 1122
f 1122 1120 1121
f 1123 1124 1126
f 1126 1124 1125
v 0.853775 -0.3 0.085
v 1.09507499 -0.3 0.085
v 1.09507499 -0.3 0.253199997
v 0.853775 -0.3 0.253199997
v 1.09507499 -0.3 0.085
v 1.09507499 -0.292 0.085
v 1.09507499 -0.292 0.253199997
v 1.09507499 -0.3 0.253199997
v 1.09507499 -0.292 0.085
v 0.853775 -0.292 0.085
v 0.853775 -0.292 0.253199997
v 1.09507499 -0.292 0.253199997
v 0.853775 -0.3 0.085
v 0.853775 -0.292 0.085
v 1.09507499 -0.292 0.085
v 1.09507499 -0.3 0.085
v 0.853775 -0.292 0.253199997
v 0.853775 -0.3 0.253199997
v 1.09507499 -0.3 0.253199997
v 1.09507499 -0.292 0.253199997
v 0.853775 -0.292 0.085
v 0.853775 -0.3 0.085
v 0.853775 -0.3 0.253199997
v 0.853775 -0.292 0.253199997
f 1127 1128 1130
f 1130 1128 1129
f 1131 1132 1134
f 1134 1132 1133
f 1135 1136 1138
f 1138 1136 1137
f 1140 1141 1139
f 1139 1141 1142
f 1144 1145 1143
f 1143 1145 1146
f 1147 1148 1150
f 1150 1148 1149
v 0.451025 -0.0700749969 0.125
v 0.451025 0.0500749969 0.125
v 0.414825001 0.0500749969 0.125
v 0.414825001 -0.0700749969 0.125
v 0.431424999 -0.0748999977 0.237999992
v 0.428924999 -0.075 0.242000008
v 0.408924999 -0.075 0.242000008
v 0.412925 -0.0720000076 0.121999998
v 0.452924995 -0.0720000076 0.121999998
v 0.456925001 -0.075 0.242000008
v 0.436925001 -0.075 0.242000008
v 0.434425001 -0.0748999977 0.237999992
v 0.428924999 0.0529999924 0.242000008
v 0.428924999 0.055 0.242000008
v 0.408924999 0.055 0.242000008
v 0.408924999 -0.075 0.242000008
v 0.428924999 -0.075 0.242000008
v 0.428924999 -0.0729999924 0.242000008
v 0.410925002 -0.0729999924 0.242000008
v 0.410925002 0.0529999924 0.242000008
v 0.436925001 0.0529999924 0.242000008
v 0.434425001 0.0529000092 0.237999992
v 0.431424999 0.0529000092 0.237999992
v 0.428924999 0.0529999924 0.242000008
v 0.410925002 0.0529999924 0.242000008
v 0.414825001 0.0500749969 0.125
v 0.451025 0.0500749969 0.125
v 0.454925003 0.0529999924 0.242000008
v 0.428924999 -0.0729999924 0.242000008
v 0.431424999 -0.0729000092 0.237999992
v 0.434425001 -0.0729000092 0.237999992
v 0.436925001 -0.0729999924 0.242000008
v 0.454925003 -0.0729999924 0.242000008
v 0.451025 -0.0700749969 0.125
v 0.414825001 -0.0700749969 0.125
v 0.410925002 -0.0729999924 0.242000008
v 0.434425001 0.0529000092 0.237999992
v 0.436925001 0.0529999924 0.242000008
v 0.436925001 0.055 0.242000008
v 0.434425001 0.0549000168 0.237999992
v 0.431424999 0.0529000092 0.237999992
v 0.434425001 0.0529000092 0.237999992
v 0.434425001 0.0549000168 0.237999992
v 0.431424999 0.0549000168 0.237999992
v 0.434425001 -0.0729000092 0.237999992
v 0.431424999 -0.0729000092 0.237999992
v 0.431424999 -0.0748999977 0.237999992
v 0.434425001 -0.0748999977 0.237999992
v 0.436925001 -0.0729999924 0.242000008
v 0.434425001 -0.0729000092 0.237999992
v 0.434425001 -0.0748999977 0.237999992
v 0.436925001 -0.075 0.242000008
v 0.428924999 0.0529999924 0.242000008
v 0.431424999 0.0529000092 0.237999992
v 0.431424999 0.0549000168 0.237999992
v 0.428924999 0.055 0.242000008
v 0.431424999 -0.0729000092 0.237999992
v 0.428924999 -0.0729999924 0.242000008
v 0.428924999 -0.075 0.242000008
v 0.431424999 -0.0748999977 0.237999992
v 0.452924995 -0.0720000076 0.121999998
v 0.452924995 0.0520000076 0.121999998
v 0.456925001 0.055 0.242000008
v 0.456925001 -0.075 0.242000008
v 0.412925 0.0520000076 0.121999998
v 0.412925 -0.0720000076 0.121999998
v 0.408924999 -0.075 0.242000008
v 0.408924999 0.055 0.242000008
v 0.452924995 0.0520000076 0.121999998
v 0.452924995 -0.0720000076 0.121999998
v 0.412925 -0.0720000076 0.121999998
v 0.412925 0.0520000076 0.121999998
v 0.414825001 -0.0700749969 0.125
v 0.414825001 0.0500749969 0.125
v 0.410925002 0.0529999924 0.242000008
v 0.410925002 -0.0729999924 0.242000008
v 0.451025 0.0500749969 0.125
v 0.451025 -0.0700749969 0.125
v 0.454925003 -0.0729999924 0.242000008
v 0.454925003 0.0529999924 0.242000008
v 0.434425001 0.0549000168 0.237999992
v 0.436925001 0.055 0.242000008
v 0.456925001 0.055 0.242000008
v 0.452924995 0.0520000076 0.121999998
v 0.412925 0.0520000076 0.121999998
v 0.408924999 0.055 0.242000008
v 0.428924999 0.055 0.242000008
v 0.431424999 0.0549000168 0.237999992
v 0.436925001 0.055 0.242000008
v 0.436925001 0.0529999924 0.242000008
v 0.454925003 0.0529999924 0.242000008
v 0.454925003 -0.0729999924 0.242000008
v 0.436925001 -0.0729999924 0.242000008
v 0.436925001 -0.075 0.242000008
v 0.456925001 -0.075 0.242000008
v 0.456925001 0.055 0.242000008
f 1152 1153 1151
f 1151 1153 1154
f 1156 1157 1155
f 1155 1157 1158
f 1155 1158 1162
f 1162 1158 1159
f 1162 1159 1160
f 1160 1161 1162
f 1163 1164 1170
f 1170 1164 1165
f 1170 1165 1166
f 1170 1166 1169
f 1169 1166 1167
f 1169 1167 1168
f 1171 1172 1178
f 1178 1172 1177
f 1177 1172 1176
f 1176 1172 1173
f 1176 1173 1175
f 1175 1173 1174
f 1179 1180 1186
f 1186 1180 1185
f 1185 1180 1181
f 1185 1181 1184
f 1184 1181 1183
f 1183 1181 1182
f 1187 1188 1190
f 1190 1188 1189
f 1191 1192 1194
f 1194 1192 1193
f 1195 1196 1198
f 1198 1196 1197
f 1200 1201 1199
f 1199 1201 1202
f 1204 1205 1203
f 1203 1205 1206
f 1207 1208 1210
f 1210 1208 1209
f 1211 1212 1214
f 1214 1212 1213
f 1216 1217 1215
f 1215 1217 1218
f 1220 1221 1219
f 1219 1221 1222
f 1223 1224 1226
f 1226 1224 1225
f 1228 1229 1227
f 1227 1229 1230
f 1232 1233 1231
f 1231 1233 1234
f 1231 1234 1235
f 1231 1235 1238
f 1238 1235 1236
f 1238 1236 1237
f 1240 1241 1239
f 1239 1241 1246
f 1246 1241 1245
f 1245 1241 1242
f 1245 1242 1244
f 1244 1242 1243
v 0.508024998 -0.0700749969 0.125
v 0.508024998 0.0500749969 0.125
v 0.471824999 0.0500749969 0.125
v 0.471824999 -0.0700749969 0.125
v 0.488424997 -0.0748999977 0.237999992
v 0.485924997 -0.075 0.242000008
v 0.465924997 -0.075 0.242000008
v 0.469925003 -0.0720000076 0.121999998
v 0.509925003 -0.0720000076 0.121999998
v 0.513924999 -0.075 0.242000008
v 0.493924999 -0.075 0.242000008
v 0.491424999 -0.0748999977 0.237999992
v 0.485924997 0.0529999924 0.242000008
v 0.485924997 0.055 0.242000008
v 0.465924997 0.055 0.242000008
v 0.465924997 -0.075 0.242000008
v 0.485924997 -0.075 0.242000008
v 0.485924997 -0.0729999924 0.242000008
v 0.467924995 -0.0729999924 0.242000008
v 0.467924995 0.0529999924 0.242000008
v 0.493924999 0.0529999924 0.242000008
v 0.491424999 0.0529000092 0.237999992
v 0.488424997 0.0529000092 0.237999992
v 0.485924997 0.0529999924 0.242000008
v 0.467924995 0.0529999924 0.242000008
v 0.471824999 0.0500749969 0.125
v 0.508024998 0.0500749969 0.125
v 0.511924992 0.0529999924 0.242000008
v 0.485924997 -0.0729999924 0.242000008
v 0.488424997 -0.0729000092 0.237999992
v 0.491424999 -0.0729000092 0.237999992
v 0.493924999 -0.0729999924 0.242000008
v 0.511924992 -0.0729999924 0.242000008
v 0.508024998 -0.0700749969 0.125
v 0.471824999 -0.0700749969 0.125
v 0.467924995 -0.0729999924 0.242000008
v 0.491424999 0.0529000092 0.237999992
v 0.493924999 0.0529999924 0.242000008
v 0.493924999 0.055 0.242000008
v 0.491424999 0.0549000168 0.237999992
v 0.488424997 0.0529000092 0.237999992
v 0.491424999 0.0529000092 0.237999992
v 0.491424999 0.0549000168 0.237999992
v 0.488424997 0.0549000168 0.237999992
v 0.491424999 -0.0729000092 0.237999992
v 0.488424997 -0.0729000092 0.237999992
v 0.488424997 -0.0748999977 0.237999992
v 0.491424999 -0.0748999977 0.237999992
v 0.493924999 -0.0729999924 0.242000008
v 0.491424999 -0.0729000092 0.237999992
v 0.491424999 -0.0748999977 0.237999992
v 0.493924999 -0.075 0.242000008
v 0.485924997 0.0529999924 0.242000008
v 0.488424997 0.0529000092 0.237999992
v 0.488424997 0.0549000168 0.237999992
v 0.485924997 0.055 0.242000008
v 0.488424997 -0.0729000092 0.237999992
v 0.485924997 -0.0729999924 0.242000008
v 0.485924997 -0.075 0.242000008
v 0.488424997 -0.0748999977 0.237999992
v 0.509925003 -0.0720000076 0.121999998
v 0.509925003 0.0520000076 0.121999998
v 0.513924999 0.055 0.242000008
v 0.513924999 -0.075 0.242000008
v 0.469925003 0.0520000076 0.121999998
v 0.469925003 -0.0720000076 0.121999998
v 0.465924997 -0.075 0.242000008
v 0.465924997 0.055 0.242000008
v 0.509925003 0.0520000076 0.121999998
v 0.509925003 -0.0720000076 0.121999998
v 0.469925003 -0.0720000076 0.121999998
v 0.469925003 0.0520000076 0.121999998
v 0.471824999 -0.0700749969 0.125
v 0.471824999 0.0500749969 0.125
v 0.467924995 0.0529999924 0.242000008
v 0.467924995 -0.0729999924 0.242000008
v 0.508024998 0.0500749969 0.125
v 0.508024998 -0.0700749969 0.125
v 0.511924992 -0.0729999924 0.242000008
v 0.511924992 0.0529999924 0.242000008
v 0.491424999 0.0549000168 0.237999992
v 0.493924999 0.055 0.242000008
v 0.513924999 0.055 0.242000008
v 0.509925003 0.0520000076 0.121999998
v 0.469925003 0.0520000076 0.121999998
v 0.465924997 0.055 0.242000008
v 0.485924997 0.055 0.242000008
v 0.488424997 0.0549000168 0.237999992
v 0.493924999 0.055 0.242000008
v 0.493924999 0.0529999924 0.242000008
v 0.511924992 0.0529999924 0.242000008
v 0.511924992 -0.0729999924 0.242000008
v 0.493924999 -0.0729999924 0.242000008
v 0.493924999 -0.075 0.242000008
v 0.513924999 -0.075 0.242000008
v 0.513924999 0.055 0.242000008
f 1248 1249 1247
f 1247 1249 1250
f 1252 1253 1251
f 1251 1253 1254
f 1251 1254 1258
f 1258 1254 1255
f 1258 1255 1256
f 1256 1257 1258
f 1259 1260 1266
f 1266 1260 1261
f 1266 1261 1262
f 1266 1262 1265
f 1265 1262 1263
f 1265 1263 1264
f 1267 1268 1274
f 1274 1268 1273
f 1273 1268 1272
f 1272 1268 1269
f 1272 1269 1271
f 1271 1269 1270
f 1275 1276 1282
f 1282 1276 1281
f 1281 1276 1277
f 1281 1277 1280
f 1280 1277 1279
f 1279 1277 1278
f 1283 1284 1286
f 1286 1284 1285
f 1287 1288 1290
f 1290 1288 1289
f 1291 1292 1294
f 1294 1292 1293
f 1296 1297 1295
f 1295 1297 1298
f 1300 1301 1299
f 1299 1301 1302
f 1303 1304 1306
f 1306 1304 1305
f 1307 1308 1310
f 1310 1308 1309
f 1312 1313 1311
f 1311 1313 1314
f 1316 1317 1315
f 1315 1317 1318
f 1319 1320 1322
f 1322 1320 1321
f 1324 1325 1323
f 1323 1325 1326
f 1328 1329 1327
f 1327 1329 1330
f 1327 1330 1331
f 1327 1331 1334
f 1334 1331 1332
f 1334 1332 1333
f 1336 1337 1335
f 1335 1337 1342
f 1342 1337 1341
f 1341 1337 1338
f 1341 1338 1340
f 1340 1338 1339
v 0.565025005 -0.0700749969 0.125
v 0.565025005 0.0500749969 0.125
v 0.528824997 0.0500749969 0.125
v 0.528824997 -0.0700749969 0.125
v 0.545424995 -0.0748999977 0.237999992
v 0.542924995 -0.075 0.242000008
v 0.522924995 -0.075 0.242000008
v 0.526924992 -0.0720000076 0.121999998
v 0.566924992 -0.0720000076 0.121999998
v 0.570925007 -0.075 0.242000008
v 0.550925007 -0.075 0.242000008
v 0.548425007 -0.0748999977 0.237999992
v 0.542924995 0.0529999924 0.242000008
v 0.542924995 0.055 0.242000008
v 0.522924995 0.055 0.242000008
v 0.522924995 -0.075 0.242000008
v 0.542924995 -0.075 0.242000008
v 0.542924995 -0.0729999924 0.242000008
v 0.524925003 -0.0729999924 0.242000008
v 0.524925003 0.0529999924 0.242000008
v 0.550925007 0.0529999924 0.242000008
v 0.548425007 0.0529000092 0.237999992
v 0.545424995 0.0529000092 0.237999992
v 0.542924995 0.0529999924 0.242000008
v 0.524925003 0.0529999924 0.242000008
v 0.528824997 0.0500749969 0.125
v 0.565025005 0.0500749969 0.125
v 0.568924999 0.0529999924 0.242000008
v 0.542924995 -0.0729999924 0.242000008
v 0.545424995 -0.0729000092 0.237999992
v 0.548425007 -0.0729000092 0.237999992
v 0.550925007 -0.0729999924 0.242000008
v 0.568924999 -0.0729999924 0.242000008
v 0.565025005 -0.0700749969 0.125
v 0.528824997 -0.0700749969 0.125
v 0.524925003 -0.0729999924 0.242000008
v 0.548425007 0.0529000092 0.237999992
v 0.550925007 0.0529999924 0.242000008
v 0.550925007 0.055 0.242000008
v 0.548425007 0.0549000168 0.237999992
v 0.545424995 0.0529000092 0.237999992
v 0.548425007 0.0529000092 0.237999992
v 0.548425007 0.0549000168 0.237999992
v 0.545424995 0.0549000168 0.237999992
v 0.548425007 -0.0729000092 0.237999992
v 0.545424995 -0.0729000092 0.237999992
v 0.545424995 -0.0748999977 0.237999992
v 0.548425007 -0.0748999977 0.237999992
v 0.550925007 -0.0729999924 0.242000008
v 0.548425007 -0.0729000092 0.237999992
v 0.548425007 -0.0748999977 0.237999992
v 0.550925007 -0.075 0.242000008
v 0.542924995 0.0529999924 0.242000008
v 0.545424995 0.0529000092 0.237999992
v 0.545424995 0.0549000168 0.237999992
v 0.542924995 0.055 0.242000008
v 0.545424995 -0.0729000092 0.237999992
v 0.542924995 -0.0729999924 0.242000008
v 0.542924995 -0.075 0.242000008
v 0.545424995 -0.0748999977 0.237999992
v 0.566924992 -0.0720000076 0.121999998
v 0.566924992 0.0520000076 0.121999998
v 0.570925007 0.055 0.242000008
v 0.570925007 -0.075 0.242000008
v 0.526924992 0.0520000076 0.121999998
v 0.526924992 -0.0720000076 0.121999998
v 0.522924995 -0.075 0.242000008
v 0.522924995 0.055 0.242000008
v 0.566924992 0.0520000076 0.121999998
v 0.566924992 -0.0720000076 0.121999998
v 0.526924992 -0.0720000076 0.121999998
v 0.526924992 0.0520000076 0.121999998
v 0.528824997 -0.0700749969 0.125
v 0.528824997 0.0500749969 0.125
v 0.524925003 0.0529999924 0.242000008
v 0.524925003 -0.0729999924 0.242000008
v 0.565025005 0.0500749969 0.125
v 0.565025005 -0.0700749969 0.125
v 0.568924999 -0.0729999924 0.242000008
v 0.568924999 0.0529999924 0.242000008
v 0.548425007 0.0549000168 0.237999992
v 0.550925007 0.055 0.242000008
v 0.570925007 0.055 0.242000008
v 0.566924992 0.0520000076 0.121999998
v 0.526924992 0.0520000076 0.121999998
v 0.522924995 0.055 0.242000008
v 0.542924995 0.055 0.242000008
v 0.545424995 0.0549000168 0.237999992
v 0.550925007 0.055 0.242000008
v 0.550925007 0.0529999924 0.242000008
v 0.568924999 0.0529999924 0.242000008
v 0.568924999 -0.0729999924 0.242000008
v 0.550925007 -0.0729999924 0.242000008
v 0.550925007 -0.075 0.242000008
v 0.570925007 -0.075 0.242000008
v 0.570925007 0.055 0.242000008
f 1344 1345 1343
f 1343 1345 1346
f 1348 1349 1347
f 1347 1349 1350
f 1347 1350 1354
f 1354 1350 1351
f 1354 1351 1352
f 1352 1353 1354
f 1355 1356 1362
f 1362 1356 1357
f 1362 1357 1358
f 1362 1358 1361
f 1361 1358 1359
f 1361 1359 1360
f 1363 1364 1370
f 1370 1364 1369
f 1369 1364 1368
f 1368 1364 1365
f 1368 1365 1367
f 1367 1365 1366
f 1371 1372 1378
f 1378 1372 1377
f 1377 1372 1373
f 1377 1373 1376
f 1376 1373 1375
f 1375 1373 1374
f 1379 1380 1382
f 1382 1380 1381
f 1383 1384 1386
f 1386 1384 1385
f 1387 1388 1390
f 1390 1388 1389
f 1392 1393 1391
f 1391 1393 1394
f 1396 1397 1395
f 1395 1397 1398
f 1399 1400 1402
f 1402 1400 1401
f 1403 1404 1406
f 1406 1404 1405
f 1408 1409 1407
f 1407 1409 1410
f 1412 1413 1411
f 1411 1413 1414
f 1415 1416 1418
f 1418 1416 1417
f 1420 1421 1419
f 1419 1421 1422
f 1424 1425 1423
f 1423 1425 1426
f 1423 1426 1427
f 1423 1427 1430
f 1430 1427 1428
f 1430 1428 1429
f 1432 1433 1431
f 1431 1433 1438
f 1438 1433 1437
f 1437 1433 1434
f 1437 1434 1436
f 1436 1434 1435
v 0.622024994 -0.0700749969 0.125
v 0.622024994 0.0500749969 0.125
v 0.585825005 0.0500749969 0.125
v 0.585825005 -0.0700749969 0.125
v 0.602425003 -0.0748999977 0.237999992
v 0.599925003 -0.075 0.242000008
v 0.579925003 -0.075 0.242000008
v 0.583924999 -0.0720000076 0.121999998
v 0.623924999 -0.0720000076 0.121999998
v 0.627924995 -0.075 0.242000008
v 0.607924995 -0.075 0.242000008
v 0.605424995 -0.0748999977 0.237999992
v 0.599925003 0.0529999924 0.242000008
v 0.599925003 0.055 0.242000008
v 0.579925003 0.055 0.242000008
v 0.579925003 -0.075 0.242000008
v 0.599925003 -0.075 0.242000008
v 0.599925003 -0.0729999924 0.242000008
v 0.581924992 -0.0729999924 0.242000008
v 0.581924992 0.0529999924 0.242000008
v 0.607924995 0.0529999924 0.242000008
v 0.605424995 0.0529000092 0.237999992
v 0.602425003 0.0529000092 0.237999992
v 0.599925003 0.0529999924 0.242000008
v 0.581924992 0.0529999924 0.242000008
v 0.585825005 0.0500749969 0.125
v 0.622024994 0.0500749969 0.125
v 0.625925007 0.0529999924 0.242000008
v 0.599925003 -0.0729999924 0.242000008
v 0.602425003 -0.0729000092 0.237999992
v 0.605424995 -0.0729000092 0.237999992
v 0.607924995 -0.0729999924 0.242000008
v 0.625925007 -0.0729999924 0.242000008
v 0.622024994 -0.0700749969 0.125
v 0.585825005 -0.0700749969 0.125
v 0.581924992 -0.0729999924 0.242000008
v 0.605424995 0.0529000092 0.237999992
v 0.607924995 0.0529999924 0.242000008
v 0.607924995 0.055 0.242000008
v 0.605424995 0.0549000168 0.237999992
v 0.602425003 0.0529000092 0.237999992
v 0.605424995 0.0529000092 0.237999992
v 0.605424995 0.0549000168 0.237999992
v 0.602425003 0.0549000168 0.237999992
v 0.605424995 -0.0729000092 0.237999992
v 0.602425003 -0.0729000092 0.237999992
v 0.602425003 -0.0748999977 0.237999992
v 0.605424995 -0.0748999977 0.237999992
v 0.607924995 -0.0729999924 0.242000008
v 0.605424995 -0.0729000092 0.237999992
v 0.605424995 -0.0748999977 0.237999992
v 0.607924995 -0.075 0.242000008
v 0.599925003 0.0529999924 0.242000008
v 0.602425003 0.0529000092 0.237999992
v 0.602425003 0.0549000168 0.237999992
v 0.599925003 0.055 0.242000008
v 0.602425003 -0.0729000092 0.237999992
v 0.599925003 -0.0729999924 0.242000008
v 0.599925003 -0.075 0.242000008
v 0.602425003 -0.0748999977 0.237999992
v 0.623924999 -0.0720000076 0.121999998
v 0.623924999 0.0520000076 0.121999998
v 0.627924995 0.055 0.242000008
v 0.627924995 -0.075 0.242000008
v 0.583924999 0.0520000076 0.121999998
v 0.583924999 -0.0720000076 0.121999998
v 0.579925003 -0.075 0.242000008
v 0.579925003 0.055 0.242000008
v 0.623924999 0.0520000076 0.121999998
v 0.623924999 -0.0720000076 0.121999998
v 0.583924999 -0.0720000076 0.121999998
v 0.583924999 0.0520000076 0.121999998
v 0.585825005 -0.0700749969 0.125
v 0.585825005 0.0500749969 0.125
v 0.581924992 0.0529999924 0.242000008
v 0.581924992 -0.0729999924 0.242000008
v 0.622024994 0.0500749969 0.125
v 0.622024994 -0.0700749969 0.125
v 0.625925007 -0.0729999924 0.242000008
v 0.625925007 0.0529999924 0.242000008
v 0.605424995 0.0549000168 0.237999992
v 0.607924995 0.055 0.242000008
v 0.627924995 0.055 0.242000008
v 0.623924999 0.0520000076 0.121999998
v 0.583924999 0.0520000076 0.121999998
v 0.579925003 0.055 0.242000008
v 0.599925003 0.055 0.242000008
v 0.602425003 0.0549000168 0.237999992
v 0.607924995 0.055 0.242000008
v 0.607924995 0.0529999924 0.242000008
v 0.625925007 0.0529999924 0.242000008
v 0.625925007 -0.0729999924 0.242000008
v 0.607924995 -0.0729999924 0.242000008
v 0.607924995 -0.075 0.242000008
v 0.627924995 -0.075 0.242000008
v 0.627924995 0.055 0.242000008
f 1440 1441 1439
f 1439 1441 1442
f 1444 1445 1443
f 1443 1445 1446
f 1443 1446 1450
f 1450 1446 1447
f 1450 1447 1448
f 1448 1449 1450
f 1451 1452 1458
f 1458 1452 1453
f 1458 1453 1454
f 1458 1454 1457
f 1457 1454 1455
f 1457 1455 1456
f 1459 1460 1466
f 1466 1460 1465
f 1465 1460 1464
f 1464 1460 1461
f 1464 1461 1463
f 1463 1461 1462
f 1467 1468 1474
f 1474 1468 1473
f 1473 1468 1469
f 1473 1469 1472
f 1472 1469 1471
f 1471 1469 1470
f 1475 1476 1478
f 1478 1476 1477
f 1479 1480 1482
f 1482 1480 1481
f 1483 1484 1486
f 1486 1484 1485
f 1488 1489 1487
f 1487 1489 1490
f 1492 1493 1491
f 1491 1493 1494
f 1495 1496 1498
f 1498 1496 1497
f 1499 1500 1502
f 1502 1500 1501
f 1504 1505 1503
f 1503 1505 1506
f 1508 1509 1507
f 1507 1509 1510
f 1511 1512 1514
f 1514 1512 1513
f 1516 1517 1515
f 1515 1517 1518
f 1520 1521 1519
f 1519 1521 1522
f 1519 1522 1523
f 1519 1523 1526
f 1526 1523 1524
f 1526 1524 1525
f 1528 1529 1527
f 1527 1529 1534
f 1534 1529 1533
f 1533 1529 1530
f 1533 1530 1532
f 1532 1530 1531
v 0.679025002 -0.0700749969 0.125
v 0.679025002 0.0500749969 0.125
v 0.642824993 0.0500749969 0.125
v 0.642824993 -0.0700749969 0.125
v 0.659424992 -0.0748999977 0.237999992
v 0.656924992 -0.075 0.242000008
v 0.636924992 -0.075 0.242000008
v 0.640925007 -0.0720000076 0.121999998
v 0.680924988 -0.0720000076 0.121999998
v 0.684925003 -0.075 0.242000008
v 0.664925003 -0.075 0.242000008
v 0.662425003 -0.0748999977 0.237999992
v 0.656924992 0.0529999924 0.242000008
v 0.656924992 0.055 0.242000008
v 0.636924992 0.055 0.242000008
v 0.636924992 -0.075 0.242000008
v 0.656924992 -0.075 0.242000008
v 0.656924992 -0.0729999924 0.242000008
v 0.638924999 -0.0729999924 0.242000008
v 0.638924999 0.0529999924 0.242000008
v 0.664925003 0.0529999924 0.242000008
v 0.662425003 0.0529000092 0.237999992
v 0.659424992 0.0529000092 0.237999992
v 0.656924992 0.0529999924 0.242000008
v 0.638924999 0.0529999924 0.242000008
v 0.642824993 0.0500749969 0.125
v 0.679025002 0.0500749969 0.125
v 0.682924995 0.0529999924 0.242000008
v 0.656924992 -0.0729999924 0.242000008
v 0.659424992 -0.0729000092 0.237999992
v 0.662425003 -0.0729000092 0.237999992
v 0.664925003 -0.0729999924 0.242000008
v 0.682924995 -0.0729999924 0.242000008
v 0.679025002 -0.0700749969 0.125
v 0.642824993 -0.0700749969 0.125
v 0.638924999 -0.0729999924 0.242000008
v 0.662425003 0.0529000092 0.237999992
v 0.664925003 0.0529999924 0.242000008
v 0.664925003 0.055 0.242000008
v 0.662425003 0.0549000168 0.237999992
v 0.659424992 0.0529000092 0.237999992
v 0.662425003 0.0529000092 0.237999992
v 0.662425003 0.0549000168 0.237999992
v 0.659424992 0.0549000168 0.237999992
v 0.662425003 -0.0729000092 0.237999992
v 0.659424992 -0.0729000092 0.237999992
v 0.659424992 -0.0748999977 0.237999992
v 0.662425003 -0.0748999977 0.237999992
v 0.664925003 -0.0729999924 0.242000008
v 0.662425003 -0.0729000092 0.237999992
v 0.662425003 -0.0748999977 0.237999992
v 0.664925003 -0.075 0.242000008
v 0.656924992 0.0529999924 0.242000008
v 0.659424992 0.0529000092 0.237999992
v 0.659424992 0.0549000168 0.237999992
v 0.656924992 0.055 0.242000008
v 0.659424992 -0.0729000092 0.237999992
v 0.656924992 -0.0729999924 0.242000008
v 0.656924992 -0.075 0.242000008
v 0.659424992 -0.0748999977 0.237999992
v 0.680924988 -0.0720000076 0.121999998
v 0.680924988 0.0520000076 0.121999998
v 0.684925003 0.055 0.242000008
v 0.684925003 -0.075 0.242000008
v 0.640925007 0.0520000076 0.121999998
v 0.640925007 -0.0720000076 0.121999998
v 0.636924992 -0.075 0.242000008
v 0.636924992 0.055 0.242000008
v 0.680924988 0.0520000076 0.121999998
v 0.680924988 -0.0720000076 0.121999998
v 0.640925007 -0.0720000076 0.121999998
v 0.640925007 0.0520000076 0.121999998
v 0.642824993 -0.0700749969 0.125
v 0.642824993 0.0500749969 0.125
v 0.638924999 0.0529999924 0.242000008
v 0.638924999 -0.0729999924 0.242000008
v 0.679025002 0.0500749969 0.125
v 0.679025002 -0.0700749969 0.125
v 0.682924995 -0.0729999924 0.242000008
v 0.682924995 0.0529999924 0.242000008
v 0.662425003 0.0549000168 0.237999992
v 0.664925003 0.055 0.242000008
v 0.684925003 0.055 0.242000008
v 0.680924988 0.0520000076 0.121999998
v 0.640925007 0.0520000076 0.121999998
v 0.636924992 0.055 0.242000008
v 0.656924992 0.055 0.242000008
v 0.659424992 0.0549000168 0.237999992
v 0.664925003 0.055 0.242000008
v 0.664925003 0.0529999924 0.242000008
v 0.682924995 0.0529999924 0.242000008
v 0.682924995 -0.0729999924 0.242000008
v 0.664925003 -0.0729999924 0.242000008
v 0.664925003 -0.075 0.242000008
v 0.684925003 -0.075 0.242000008
v 0.684925003 0.055 0.242000008
f 1536 1537 1535
f 1535 1537 1538
f 1540 1541 1539
f 1539 1541 1542
f 1539 1542 1546
f 1546 1542 1543
f 1546 1543 1544
f 1544 1545 1546
f 1547 1548 1554
f 1554 1548 1549
f 1554 1549 1550
f 1554 1550 1553
f 1553 1550 1551
f 1553 1551 1552
f 1555 1556 1562
f 1562 1556 1561
f 1561 1556 1560
f 1560 1556 1557
f 1560 1557 1559
f 1559 1557 1558
f 1563 1564 1570
f 1570 1564 1569
f 1569 1564 1565
f 1569 1565 1568
f 1568 1565 1567
f 1567 1565 1566
f 1571 1572 1574
f 1574 1572 1573
f 1575 1576 1578
f 1578 1576 1577
f 1579 1580 1582
f 1582 1580 1581
f 1584 1585 1583
f 1583 1585 1586
f 1588 1589 1587
f 1587 1589 1590
f 1591 1592 1594
f 1594 1592 1593
f 1595 1596 1598
f 1598 1596 1597
f 1600 1601 1599
f 1599 1601 1602
f 1604 1605 1603
f 1603 1605 1606
f 1607 1608 1610
f 1610 1608 1609
f 1612 1613 1611
f 1611 1613 1614
f 1616 1617 1615
f 1615 1617 1618
f 1615 1618 1619
f 1615 1619 1622
f 1622 1619 1620
f 1622 1620 1621
f 1624 1625 1623
f 1623 1625 1630
f 1630 1625 1629
f 1629 1625 1626
f 1629 1626 1628
f 1628 1626 1627
v 0.736025009 -0.0700749969 0.125
v 0.736025009 0.0500749969 0.125
v 0.699824982 0.0500749969 0.125
v 0.699824982 -0.0700749969 0.125
v 0.716425018 -0.0748999977 0.237999992
v 0.713925018 -0.075 0.242000008
v 0.693925018 -0.075 0.242000008
v 0.697924995 -0.0720000076 0.121999998
v 0.737924995 -0.0720000076 0.121999998
v 0.741925011 -0.075 0.242000008
v 0.721925011 -0.075 0.242000008
v 0.719425011 -0.0748999977 0.237999992
v 0.713925018 0.0529999924 0.242000008
v 0.713925018 0.055 0.242000008
v 0.693925018 0.055 0.242000008
v 0.693925018 -0.075 0.242000008
v 0.713925018 -0.075 0.242000008
v 0.713925018 -0.0729999924 0.242000008
v 0.695924988 -0.0729999924 0.242000008
v 0.695924988 0.0529999924 0.242000008
v 0.721925011 0.0529999924 0.242000008
v 0.719425011 0.0529000092 0.237999992
v 0.716425018 0.0529000092 0.237999992
v 0.713925018 0.0529999924 0.242000008
v 0.695924988 0.0529999924 0.242000008
v 0.699824982 0.0500749969 0.125
v 0.736025009 0.0500749969 0.125
v 0.739925003 0.0529999924 0.242000008
v 0.713925018 -0.0729999924 0.242000008
v 0.716425018 -0.0729000092 0.237999992
v 0.719425011 -0.0729000092 0.237999992
v 0.721925011 -0.0729999924 0.242000008
v 0.739925003 -0.0729999924 0.242000008
v 0.736025009 -0.0700749969 0.125
v 0.699824982 -0.0700749969 0.125
v 0.695924988 -0.0729999924 0.242000008
v 0.719425011 0.0529000092 0.237999992
v 0.721925011 0.0529999924 0.242000008
v 0.721925011 0.055 0.242000008
v 0.719425011 0.0549000168 0.237999992
v 0.716425018 0.0529000092 0.237999992
v 0.719425011 0.0529000092 0.237999992
v 0.719425011 0.0549000168 0.237999992
v 0.716425018 0.0549000168 0.237999992
v 0.719425011 -0.0729000092 0.237999992
v 0.716425018 -0.0729000092 0.237999992
v 0.716425018 -0.0748999977 0.237999992
v 0.719425011 -0.0748999977 0.237999992
v 0.721925011 -0.0729999924 0.242000008
v 0.719425011 -0.0729000092 0.237999992
v 0.719425011 -0.0748999977 0.237999992
v 0.721925011 -0.075 0.242000008
v 0.713925018 0.0529999924 0.242000008
v 0.716425018 0.0529000092 0.237999992
v 0.716425018 0.0549000168 0.237999992
v 0.713925018 0.055 0.242000008
v 0.716425018 -0.0729000092 0.237999992
v 0.713925018 -0.0729999924 0.242000008
v 0.713925018 -0.075 0.242000008
v 0.716425018 -0.0748999977 0.237999992
v 0.737924995 -0.0720000076 0.121999998
v 0.737924995 0.0520000076 0.121999998
v 0.741925011 0.055 0.242000008
v 0.741925011 -0.075 0.242000008
v 0.697924995 0.0520000076 0.121999998
v 0.697924995 -0.0720000076 0.121999998
v 0.693925018 -0.075 0.242000008
v 0.693925018 0.055 0.242000008
v 0.737924995 0.0520000076 0.121999998
v 0.737924995 -0.0720000076 0.121999998
v 0.697924995 -0.0720000076 0.121999998
v 0.697924995 0.0520000076 0.121999998
v 0.699824982 -0.0700749969 0.125
v 0.699824982 0.0500749969 0.125
v 0.695924988 0.0529999924 0.242000008
v 0.695924988 -0.0729999924 0.242000008
v 0.736025009 0.0500749969 0.125
v 0.736025009 -0.0700749969 0.125
v 0.739925003 -0.0729999924 0.242000008
v 0.739925003 0.0529999924 0.242000008
v 0.719425011 0.0549000168 0.237999992
v 0.721925011 0.055 0.242000008
v 0.741925011 0.055 0.242000008
v 0.737924995 0.0520000076 0.121999998
v 0.697924995 0.0520000076 0.121999998
v 0.693925018 0.055 0.242000008
v 0.713925018 0.055 0.242000008
v 0.716425018 0.0549000168 0.237999992
v 0.721925011 0.055 0.242000008
v 0.721925011 0.0529999924 0.242000008
v 0.739925003 0.0529999924 0.242000008
v 0.739925003 -0.0729999924 0.242000008
v 0.721925011 -0.0729999924 0.242000008
v 0.721925011 -0.075 0.242000008
v 0.741925011 -0.075 0.242000008
v 0.741925011 0.055 0.242000008
f 1632 1633 1631
f 1631 1633 1634
f 1636 1637 1635
f 1635 1637 1638
f 1635 1638 1642
f 1642 1638 1639
f 1642 1639 1640
f 1640 1641 1642
f 1643 1644 1650
f 1650 1644 1645
f 1650 1645 1646
f 1650 1646 1649
f 1649 1646 1647
f 1649 1647 1648
f 1651 1652 1658
f 1658 1652 1657
f 1657 1652 1656
f 1656 1652 1653
f 1656 1653 1655
f 1655 1653 1654
f 1659 1660 1666
f 1666 1660 1665
f 1665 1660 1661
f 1665 1661 1664
f 1664 1661 1663
f 1663 1661 1662
f 1667 1668 1670
f 1670 1668 1669
f 1671 1672 1674
f 1674 1672 1673
f 1675 1676 1678
f 1678 1676 1677
f 1680 1681 1679
f 1679 1681 1682
f 1684 1685 1683
f 1683 1685 1686
f 1687 1688 1690
f 1690 1688 1689
f 1691 1692 1694
f 1694 1692 1693
f 1696 1697 1695
f 1695 1697 1698
f 1700 1701 1699
f 1699 1701 1702
f 1703 1704 1706
f 1706 1704 1705
f 1708 1709 1707
f 1707 1709 1710
f 1712 1713 1711
f 1711 1713 1714
f 1711 1714 1715
f 1711 1715 1718
f 1718 1715 1716
f 1718 1716 1717
f 1720 1721 1719
f 1719 1721 1726
f 1726 1721 1725
f 1725 1721 1722
f 1725 1722 1724
f 1724 1722 1723
v 0.793025017 -0.0700749969 0.125
v 0.793025017 0.0500749969 0.125
v 0.756824989 0.0500749969 0.125
v 0.756824989 -0.0700749969 0.125
v 0.773424988 -0.0748999977 0.237999992
v 0.770924988 -0.075 0.242000008
v 0.750924988 -0.075 0.242000008
v 0.754925003 -0.0720000076 0.121999998
v 0.794925003 -0.0720000076 0.121999998
v 0.798925018 -0.075 0.242000008
v 0.778925018 -0.075 0.242000008
v 0.776425018 -0.0748999977 0.237999992
v 0.770924988 0.0529999924 0.242000008
v 0.770924988 0.055 0.242000008
v 0.750924988 0.055 0.242000008
v 0.750924988 -0.075 0.242000008
v 0.770924988 -0.075 0.242000008
v 0.770924988 -0.0729999924 0.242000008
v 0.752924995 -0.0729999924 0.242000008
v 0.752924995 0.0529999924 0.242000008
v 0.778925018 0.0529999924 0.242000008
v 0.776425018 0.0529000092 0.237999992
v 0.773424988 0.0529000092 0.237999992
v 0.770924988 0.0529999924 0.242000008
v 0.752924995 0.0529999924 0.242000008
v 0.756824989 0.0500749969 0.125
v 0.793025017 0.0500749969 0.125
v 0.796925011 0.0529999924 0.242000008
v 0.770924988 -0.0729999924 0.242000008
v 0.773424988 -0.0729000092 0.237999992
v 0.776425018 -0.0729000092 0.237999992
v 0.778925018 -0.0729999924 0.242000008
v 0.796925011 -0.0729999924 0.242000008
v 0.793025017 -0.0700749969 0.125
v 0.756824989 -0.0700749969 0.125
v 0.752924995 -0.0729999924 0.242000008
v 0.776425018 0.0529000092 0.237999992
v 0.778925018 0.0529999924 0.242000008
v 0.778925018 0.055 0.242000008
v 0.776425018 0.0549000168 0.237999992
v 0.773424988 0.0529000092 0.237999992
v 0.776425018 0.0529000092 0.237999992
v 0.776425018 0.0549000168 0.237999992
v 0.773424988 0.0549000168 0.237999992
v 0.776425018 -0.0729000092 0.237999992
v 0.773424988 -0.0729000092 0.237999992
v 0.773424988 -0.0748999977 0.237999992
v 0.776425018 -0.0748999977 0.237999992
v 0.778925018 -0.0729999924 0.242000008
v 0.776425018 -0.0729000092 0.237999992
v 0.776425018 -0.0748999977 0.237999992
v 0.778925018 -0.075 0.242000008
v 0.770924988 0.0529999924 0.242000008
v 0.773424988 0.0529000092 0.237999992
v 0.773424988 0.0549000168 0.237999992
v 0.770924988 0.055 0.242000008
v 0.773424988 -0.0729000092 0.237999992
v 0.770924988 -0.0729999924 0.242000008
v 0.770924988 -0.075 0.242000008
v 0.773424988 -0.0748999977 0.237999992
v 0.794925003 -0.0720000076 0.121999998
v 0.794925003 0.0520000076 0.121999998
v 0.798925018 0.055 0.242000008
v 0.798925018 -0.075 0.242000008
v 0.754925003 0.0520000076 0.121999998
v 0.754925003 -0.0720000076 0.121999998
v 0.750924988 -0.075 0.242000008
v 0.750924988 0.055 0.242000008
v 0.794925003 0.0520000076 0.121999998
v 0.794925003 -0.0720000076 0.121999998
v 0.754925003 -0.0720000076 0.121999998
v 0.754925003 0.0520000076 0.121999998
v 0.756824989 -0.0700749969 0.125
v 0.756824989 0.0500749969 0.125
v 0.752924995 0.0529999924 0.242000008
v 0.752924995 -0.0729999924 0.242000008
v 0.793025017 0.0500749969 0.125
v 0.793025017 -0.0700749969 0.125
v 0.796925011 -0.0729999924 0.242000008
v 0.796925011 0.0529999924 0.242000008
v 0.776425018 0.0549000168 0.237999992
v 0.778925018 0.055 0.242000008
v 0.798925018 0.055 0.242000008
v 0.794925003 0.0520000076 0.121999998
v 0.754925003 0.0520000076 0.121999998
v 0.750924988 0.055 0.242000008
v 0.770924988 0.055 0.242000008
v 0.773424988 0.0549000168 0.237999992
v 0.778925018 0.055 0.242000008
v 0.778925018 0.0529999924 0.242000008
v 0.796925011 0.0529999924 0.242000008
v 0.796925011 -0.0729999924 0.242000008
v 0.778925018 -0.0729999924 0.242000008
v 0.778925018 -0.075 0.242000008
v 0.798925018 -0.075 0.242000008
v 0.798925018 0.055 0.242000008
f 1728 1729 1727
f 1727 1729 1730
f 1732 1733 1731
f 1731 1733 1734
f 1731 1734 1738
f 1738 1734 1735
f 1738 1735 1736
f 1736 1737 1738
f 1739 1740 1746
f 1746 1740 1741
f 1746 1741 1742
f 1746 1742 1745
f 1745 1742 1743
f 1745 1743 1744
f 1747 1748 1754
f 1754 1748 1753
f 1753 1748 1752
f 1752 1748 1749
f 1752 1749 1751
f 1751 1749 1750
f 1755 1756 1762
f 1762 1756 1761
f 1761 1756 1757
f 1761 1757 1760
f 1760 1757 1759
f 1759 1757 1758
f 1763 1764 1766
f 1766 1764 1765
f 1767 1768 1770
f 1770 1768 1769
f 1771 1772 1774
f 1774 1772 1773
f 1776 1777 1775
f 1775 1777 1778
f 1780 1781 1779
f 1779 1781 1782
f 1783 1784 1786
f 1786 1784 1785
f 1787 1788 1790
f 1790 1788 1789
f 1792 1793 1791
f 1791 1793 1794
f 1796 1797 1795
f 1795 1797 1798
f 1799 1800 1802
f 1802 1800 1801
f 1804 1805 1803
f 1803 1805 1806
f 1808 1809 1807
f 1807 1809 1810
f 1807 1810 1811
f 1807 1811 1814
f 1814 1811 1812
f 1814 1812 1813
f 1816 1817 1815
f 1815 1817 1822
f 1822 1817 1821
f 1821 1817 1818
f 1821 1818 1820
f 1820 1818 1819
v 0.850024986 -0.0700749969 0.125
v 0.850024986 0.0500749969 0.125
v 0.813824997 0.0500749969 0.125
v 0.813824997 -0.0700749969 0.125
v 0.830424995 -0.0748999977 0.237999992
v 0.827924995 -0.075 0.242000008
v 0.807924995 -0.075 0.242000008
v 0.811925011 -0.0720000076 0.121999998
v 0.851925011 -0.0720000076 0.121999998
v 0.855924988 -0.075 0.242000008
v 0.835924988 -0.075 0.242000008
v 0.833424988 -0.0748999977 0.237999992
v 0.827924995 0.0529999924 0.242000008
v 0.827924995 0.055 0.242000008
v 0.807924995 0.055 0.242000008
v 0.807924995 -0.075 0.242000008
v 0.827924995 -0.075 0.242000008
v 0.827924995 -0.0729999924 0.242000008
v 0.809925003 -0.0729999924 0.242000008
v 0.809925003 0.0529999924 0.242000008
v 0.835924988 0.0529999924 0.242000008
v 0.833424988 0.0529000092 0.237999992
v 0.830424995 0.0529000092 0.237999992
v 0.827924995 0.0529999924 0.242000008
v 0.809925003 0.0529999924 0.242000008
v 0.813824997 0.0500749969 0.125
v 0.850024986 0.0500749969 0.125
v 0.853925018 0.0529999924 0.242000008
v 0.827924995 -0.0729999924 0.242000008
v 0.830424995 -0.0729000092 0.237999992
v 0.833424988 -0.0729000092 0.237999992
v 0.835924988 -0.0729999924 0.242000008
v 0.853925018 -0.0729999924 0.242000008
v 0.850024986 -0.0700749969 0.125
v 0.813824997 -0.0700749969 0.125
v 0.809925003 -0.0729999924 0.242000008
v 0.833424988 0.0529000092 0.237999992
v 0.835924988 0.0529999924 0.242000008
v 0.835924988 0.055 0.242000008
v 0.833424988 0.0549000168 0.237999992
v 0.830424995 0.0529000092 0.237999992
v 0.833424988 0.0529000092 0.237999992
v 0.833424988 0.0549000168 0.237999992
v 0.830424995 0.0549000168 0.237999992
v 0.833424988 -0.0729000092 0.237999992
v 0.830424995 -0.0729000092 0.237999992
v 0.830424995 -0.0748999977 0.237999992
v 0.833424988 -0.0748999977 0.237999992
v 0.835924988 -0.0729999924 0.242000008
v 0.833424988 -0.0729000092 0.237999992
v 0.833424988 -0.0748999977 0.237999992
v 0.835924988 -0.075 0.242000008
v 0.827924995 0.0529999924 0.242000008
v 0.830424995 0.0529000092 0.237999992
v 0.830424995 0.0549000168 0.237999992
v 0.827924995 0.055 0.242000008
v 0.830424995 -0.0729000092 0.237999992
v 0.827924995 -0.0729999924 0.242000008
v 0.827924995 -0.075 0.242000008
v 0.830424995 -0.0748999977 0.237999992
v 0.851925011 -0.0720000076 0.121999998
v 0.851925011 0.0520000076 0.121999998
v 0.855924988 0.055 0.242000008
v 0.855924988 -0.075 0.242000008
v 0.811925011 0.0520000076 0.121999998
v 0.811925011 -0.0720000076 0.121999998
v 0.807924995 -0.075 0.242000008
v 0.807924995 0.055 0.242000008
v 0.851925011 0.0520000076 0.121999998
v 0.851925011 -0.0720000076 0.121999998
v 0.811925011 -0.0720000076 0.121999998
v 0.811925011 0.0520000076 0.121999998
v 0.813824997 -0.0700749969 0.125
v 0.813824997 0.0500749969 0.125
v 0.809925003 0.0529999924 0.242000008
v 0.809925003 -0.0729999924 0.242000008
v 0.850024986 0.0500749969 0.125
v 0.850024986 -0.0700749969 0.125
v 0.853925018 -0.0729999924 0.242000008
v 0.853925018 0.0529999924 0.242000008
v 0.833424988 0.0549000168 0.237999992
v 0.835924988 0.055 0.242000008
v 0.855924988 0.055 0.242000008
v 0.851925011 0.0520000076 0.121999998
v 0.811925011 0.0520000076 0.121999998
v 0.807924995 0.055 0.242000008
v 0.827924995 0.055 0.242000008
v 0.830424995 0.0549000168 0.237999992
v 0.835924988 0.055 0.242000008
v 0.835924988 0.0529999924 0.242000008
v 0.853925018 0.0529999924 0.242000008
v 0.853925018 -0.0729999924 0.242000008
v 0.835924988 -0.0729999924 0.242000008
v 0.835924988 -0.075 0.242000008
v 0.855924988 -0.075 0.242000008
v 0.855924988 0.055 0.242000008
f 1824 1825 1823
f 1823 1825 1826
f 1828 1829 1827
f 1827 1829 1830
f 1827 1830 1834
f 1834 1830 1831
f 1834 1831 1832
f 1832 1833 1834
f 1835 1836 1842
f 1842 1836 1837
f 1842 1837 1838
f 1842 1838 1841
f 1841 1838 1839
f 1841 1839 1840
f 1843 1844 1850
f 1850 1844 1849
f 1849 1844 1848
f 1848 1844 1845
f 1848 1845 1847
f 1847 1845 1846
f 1851 1852 1858
f 1858 1852 1857
f 1857 1852 1853
f 1857 1853 1856
f 1856 1853 1855
f 1855 1853 1854
f 1859 1860 1862
f 1862 1860 1861
f 1863 1864 1866
f 1866 1864 1865
f 1867 1868 1870
f 1870 1868 1869
f 1872 1873 1871
f 1871 1873 1874
f 1876 1877 1875
f 1875 1877 1878
f 1879 1880 1882
f 1882 1880 1881
f 1883 1884 1886
f 1886 1884 1885
f 1888 1889 1887
f 1887 1889 1890
f 1892 1893 1891
f 1891 1893 1894
f 1895 1896 1898
f 1898 1896 1897
f 1900 1901 1899
f 1899 1901 1902
f 1904 1905 1903
f 1903 1905 1906
f 1903 1906 1907
f 1903 1907 1910
f 1910 1907 1908
f 1910 1908 1909
f 1912 1913 1911
f 1911 1913 1918
f 1918 1913 1917
f 1917 1913 1914
f 1917 1914 1916
f 1916 1914 1915
v 0.907024994 -0.0700749969 0.125
v 0.907024994 0.0500749969 0.125
v 0.870825005 0.0500749969 0.125
v 0.870825005 -0.0700749969 0.125
v 0.887425003 -0.0748999977 0.237999992
v 0.884925003 -0.075 0.242000008
v 0.864925003 -0.075 0.242000008
v 0.868925018 -0.0720000076 0.121999998
v 0.908925018 -0.0720000076 0.121999998
v 0.912924995 -0.075 0.242000008
v 0.892924995 -0.075 0.242000008
v 0.890424995 -0.0748999977 0.237999992
v 0.884925003 0.0529999924 0.242000008
v 0.884925003 0.055 0.242000008
v 0.864925003 0.055 0.242000008
v 0.864925003 -0.075 0.242000008
v 0.884925003 -0.075 0.242000008
v 0.884925003 -0.0729999924 0.242000008
v 0.866925011 -0.0729999924 0.242000008
v 0.866925011 0.0529999924 0.242000008
v 0.892924995 0.0529999924 0.242000008
v 0.890424995 0.0529000092 0.237999992
v 0.887425003 0.0529000092 0.237999992
v 0.884925003 0.0529999924 0.242000008
v 0.866925011 0.0529999924 0.242000008
v 0.870825005 0.0500749969 0.125
v 0.907024994 0.0500749969 0.125
v 0.910924988 0.0529999924 0.242000008
v 0.884925003 -0.0729999924 0.242000008
v 0.887425003 -0.0729000092 0.237999992
v 0.890424995 -0.0729000092 0.237999992
v 0.892924995 -0.0729999924 0.242000008
v 0.910924988 -0.0729999924 0.242000008
v 0.907024994 -0.0700749969 0.125
v 0.870825005 -0.0700749969 0.125
v 0.866925011 -0.0729999924 0.242000008
v 0.890424995 0.0529000092 0.237999992
v 0.892924995 0.0529999924 0.242000008
v 0.892924995 0.055 0.242000008
v 0.890424995 0.0549000168 0.237999992
v 0.887425003 0.0529000092 0.237999992
v 0.890424995 0.0529000092 0.237999992
v 0.890424995 0.0549000168 0.237999992
v 0.887425003 0.0549000168 0.237999992
v 0.890424995 -0.0729000092 0.237999992
v 0.887425003 -0.0729000092 0.237999992
v 0.887425003 -0.0748999977 0.237999992
v 0.890424995 -0.0748999977 0.237999992
v 0.892924995 -0.0729999924 0.242000008
v 0.890424995 -0.0729000092 0.237999992
v 0.890424995 -0.0748999977 0.237999992
v 0.892924995 -0.075 0.242000008
v 0.884925003 0.0529999924 0.242000008
v 0.887425003 0.0529000092 0.237999992
v 0.887425003 0.0549000168 0.237999992
v 0.884925003 0.055 0.242000008
v 0.887425003 -0.0729000092 0.237999992
v 0.884925003 -0.0729999924 0.242000008
v 0.884925003 -0.075 0.242000008
v 0.887425003 -0.0748999977 0.237999992
v 0.908925018 -0.0720000076 0.121999998
v 0.908925018 0.0520000076 0.121999998
v 0.912924995 0.055 0.242000008
v 0.912924995 -0.075 0.242000008
v 0.868925018 0.0520000076 0.121999998
v 0.868925018 -0.0720000076 0.121999998
v 0.864925003 -0.075 0.242000008
v 0.864925003 0.055 0.242000008
v 0.908925018 0.0520000076 0.121999998
v 0.908925018 -0.0720000076 0.121999998
v 0.868925018 -0.0720000076 0.121999998
v 0.868925018 0.0520000076 0.121999998
v 0.870825005 -0.0700749969 0.125
v 0.870825005 0.0500749969 0.125
v 0.866925011 0.0529999924 0.242000008
v 0.866925011 -0.0729999924 0.242000008
v 0.907024994 0.0500749969 0.125
v 0.907024994 -0.0700749969 0.125
v 0.910924988 -0.0729999924 0.242000008
v 0.910924988 0.0529999924 0.242000008
v 0.890424995 0.0549000168 0.237999992
v 0.892924995 0.055 0.242000008
v 0.912924995 0.055 0.242000008
v 0.908925018 0.0520000076 0.121999998
v 0.868925018 0.0520000076 0.121999998
v 0.864925003 0.055 0.242000008
v 0.884925003 0.055 0.242000008
v 0.887425003 0.0549000168 0.237999992
v 0.892924995 0.055 0.242000008
v 0.892924995 0.0529999924 0.242000008
v 0.910924988 0.0529999924 0.242000008
v 0.910924988 -0.0729999924 0.242000008
v 0.892924995 -0.0729999924 0.242000008
v 0.892924995 -0.075 0.242000008
v 0.912924995 -0.075 0.242000008
v 0.912924995 0.055 0.242000008
f 1920 1921 1919
f 1919 1921 1922
f 1924 1925 1923
f 1923 1925 1926
f 1923 1926 1930
f 1930 1926 1927
f 1930 1927 1928
f 1928 1929 1930
f 1931 1932 1938
f 1938 1932 1933
f 1938 1933 1934
f 1938 1934 1937
f 1937 1934 1935
f 1937 1935 1936
f 1939 1940 1946
f 1946 1940 1945
f 1945 1940 1944
f 1944 1940 1941
f 1944 1941 1943
f 1943 1941 1942
f 1947 1948 1954
f 1954 1948 1953
f 1953 1948 1949
f 1953 1949 1952
f 1952 1949 1951
f 1951 1949 1950
f 1955 1956 1958
f 1958 1956 1957
f 1959 1960 1962
f 1962 1960 1961
f 1963 1964 1966
f 1966 1964 1965
f 1968 1969 1967
f 1967 1969 1970
f 1972 1973 1971
f 1971 1973 1974
f 1975 1976 1978
f 1978 1976 1977
f 1979 1980 1982
f 1982 1980 1981
f 1984 1985 1983
f 1983 1985 1986
f 1988 1989 1987
f 1987 1989 1990
f 1991 1992 1994
f 1994 1992 1993
f 1996 1997 1995
f 1995 1997 1998
f 2000 2001 1999
f 1999 2001 2002
f 1999 2002 2003
f 1999 2003 2006
f 2006 2003 2004
f 2006 2004 2005
f 2008 2009 2007
f 2007 2009 2014
f 2014 2009 2013
f 2013 2009 2010
f 2013 2010 2012
f 2012 2010 2011
v 0.964025002 -0.0700749969 0.125
v 0.964025002 0.0500749969 0.125
v 0.927825012 0.0500749969 0.125
v 0.927825012 -0.0700749969 0.125
v 0.944425011 -0.0748999977 0.237999992
v 0.941925011 -0.075 0.242000008
v 0.921925011 -0.075 0.242000008
v 0.925924988 -0.0720000076 0.121999998
v 0.965924988 -0.0720000076 0.121999998
v 0.969925003 -0.075 0.242000008
v 0.949925003 -0.075 0.242000008
v 0.947425003 -0.0748999977 0.237999992
v 0.941925011 0.0529999924 0.242000008
v 0.941925011 0.055 0.242000008
v 0.921925011 0.055 0.242000008
v 0.921925011 -0.075 0.242000008
v 0.941925011 -0.075 0.242000008
v 0.941925011 -0.0729999924 0.242000008
v 0.923925018 -0.0729999924 0.242000008
v 0.923925018 0.0529999924 0.242000008
v 0.949925003 0.0529999924 0.242000008
v 0.947425003 0.0529000092 0.237999992
v 0.944425011 0.0529000092 0.237999992
v 0.941925011 0.0529999924 0.242000008
v 0.923925018 0.0529999924 0.242000008
v 0.927825012 0.0500749969 0.125
v 0.964025002 0.0500749969 0.125
v 0.967924995 0.0529999924 0.242000008
v 0.941925011 -0.0729999924 0.242000008
v 0.944425011 -0.0729000092 0.237999992
v 0.947425003 -0.0729000092 0.237999992
v 0.949925003 -0.0729999924 0.242000008
v 0.967924995 -0.0729999924 0.242000008
v 0.964025002 -0.0700749969 0.125
v 0.927825012 -0.0700749969 0.125
v 0.923925018 -0.0729999924 0.242000008
v 0.947425003 0.0529000092 0.237999992
v 0.949925003 0.0529999924 0.242000008
v 0.949925003 0.055 0.242000008
v 0.947425003 0.0549000168 0.237999992
v 0.944425011 0.0529000092 0.237999992
v 0.947425003 0.0529000092 0.237999992
v 0.947425003 0.0549000168 0.237999992
v 0.944425011 0.0549000168 0.237999992
v 0.947425003 -0.0729000092 0.237999992
v 0.944425011 -0.0729000092 0.237999992
v 0.944425011 -0.0748999977 0.237999992
v 0.947425003 -0.0748999977 0.237999992
v 0.949925003 -0.0729999924 0.242000008
v 0.947425003 -0.0729000092 0.237999992
v 0.947425003 -0.0748999977 0.237999992
v 0.949925003 -0.075 0.242000008
v 0.941925011 0.0529999924 0.242000008
v 0.944425011 0.0529000092 0.237999992
v 0.944425011 0.0549000168 0.237999992
v 0.941925011 0.055 0.242000008
v 0.944425011 -0.0729000092 0.237999992
v 0.941925011 -0.0729999924 0.242000008
v 0.941925011 -0.075 0.242000008
v 0.944425011 -0.0748999977 0.237999992
v 0.965924988 -0.0720000076 0.121999998
v 0.965924988 0.0520000076 0.121999998
v 0.969925003 0.055 0.242000008
v 0.969925003 -0.075 0.242000008
v 0.925924988 0.0520000076 0.121999998
v 0.925924988 -0.0720000076 0.121999998
v 0.921925011 -0.075 0.242000008
v 0.921925011 0.055 0.242000008
v 0.965924988 0.0520000076 0.121999998
v 0.965924988 -0.0720000076 0.121999998
v 0.925924988 -0.0720000076 0.121999998
v 0.925924988 0.0520000076 0.121999998
v 0.927825012 -0.0700749969 0.125
v 0.927825012 0.0500749969 0.125
v 0.923925018 0.0529999924 0.242000008
v 0.923925018 -0.0729999924 0.242000008
v 0.964025002 0.0500749969 0.125
v 0.964025002 -0.0700749969 0.125
v 0.967924995 -0.0729999924 0.242000008
v 0.967924995 0.0529999924 0.242000008
v 0.947425003 0.0549000168 0.237999992
v 0.949925003 0.055 0.242000008
v 0.969925003 0.055 0.242000008
v 0.965924988 0.0520000076 0.121999998
v 0.925924988 0.0520000076 0.121999998
v 0.921925011 0.055 0.242000008
v 0.941925011 0.055 0.242000008
v 0.944425011 0.0549000168 0.237999992
v 0.949925003 0.055 0.242000008
v 0.949925003 0.0529999924 0.242000008
v 0.967924995 0.0529999924 0.242000008
v 0.967924995 -0.0729999924 0.242000008
v 0.949925003 -0.0729999924 0.242000008
v 0.949925003 -0.075 0.242000008
v 0.969925003 -0.075 0.242000008
v 0.969925003 0.055 0.242000008
f 2016 2017 2015
f 2015 2017 2018
f 2020 2021 2019
f 2019 2021 2022
f 2019 2022 2026
f 2026 2022 2023
f 2026 2023 2024
f 2024 2025 2026
f 2027 2028 2034
f 2034 2028 2029
f 2034 2029 2030
f 2034 2030 2033
f 2033 2030 2031
f 2033 2031 2032
f 2035 2036 2042
f 2042 2036 2041
f 2041 2036 2040
f 2040 2036 2037
f 2040 2037 2039
f 2039 2037 2038
f 2043 2044 2050
f 2050 2044 2049
f 2049 2044 2045
f 2049 2045 2048
f 2048 2045 2047
f 2047 2045 2046
f 2051 2052 2054
f 2054 2052 2053
f 2055 2056 2058
f 2058 2056 2057
f 2059 2060 2062
f 2062 2060 2061
f 2064 2065 2063
f 2063 2065 2066
f 2068 2069 2067
f 2067 2069 2070
f 2071 2072 2074
f 2074 2072 2073
f 2075 2076 2078
f 2078 2076 2077
f 2080 2081 2079
f 2079 2081 2082
f 2084 2085 2083
f 2083 2085 2086
f 2087 2088 2090
f 2090 2088 2089
f 2092 2093 2091
f 2091 2093 2094
f 2096 2097 2095
f 2095 2097 2098
f 2095 2098 2099
f 2095 2099 2102
f 2102 2099 2100
f 2102 2100 2101
f 2104 2105 2103
f 2103 2105 2110
f 2110 2105 2109
f 2109 2105 2106
f 2109 2106 2108
f 2108 2106 2107
v 1.02102501 -0.0700749969 0.125
v 1.02102501 0.0500749969 0.125
v 0.984824982 0.0500749969 0.125
v 0.984824982 -0.0700749969 0.125
v 1.00142502 -0.0748999977 0.237999992
v 0.998925018 -0.075 0.242000008
v 0.978925018 -0.075 0.242000008
v 0.982924995 -0.0720000076 0.121999998
v 1.02292503 -0.0720000076 0.121999998
v 1.02692497 -0.075 0.242000008
v 1.00692497 -0.075 0.242000008
v 1.00442497 -0.0748999977 0.237999992
v 0.998925018 0.0529999924 0.242000008
v 0.998925018 0.055 0.242000008
v 0.978925018 0.055 0.242000008
v 0.978925018 -0.075 0.242000008
v 0.998925018 -0.075 0.242000008
v 0.998925018 -0.0729999924 0.242000008
v 0.980924988 -0.0729999924 0.242000008
v 0.980924988 0.0529999924 0.242000008
v 1.00692497 0.0529999924 0.242000008
v 1.00442497 0.0529000092 0.237999992
v 1.00142502 0.0529000092 0.237999992
v 0.998925018 0.0529999924 0.242000008
v 0.980924988 0.0529999924 0.242000008
v 0.984824982 0.0500749969 0.125
v 1.02102501 0.0500749969 0.125
v 1.024925 0.0529999924 0.242000008
v 0.998925018 -0.0729999924 0.242000008
v 1.00142502 -0.0729000092 0.237999992
v 1.00442497 -0.0729000092 0.237999992
v 1.00692497 -0.0729999924 0.242000008
v 1.024925 -0.0729999924 0.242000008
v 1.02102501 -0.0700749969 0.125
v 0.984824982 -0.0700749969 0.125
v 0.980924988 -0.0729999924 0.242000008
v 1.00442497 0.0529000092 0.237999992
v 1.00692497 0.0529999924 0.242000008
v 1.00692497 0.055 0.242000008
v 1.00442497 0.0549000168 0.237999992
v 1.00142502 0.0529000092 0.237999992
v 1.00442497 0.0529000092 0.237999992
v 1.00442497 0.0549000168 0.237999992
v 1.00142502 0.0549000168 0.237999992
v 1.00442497 -0.0729000092 0.237999992
v 1.00142502 -0.0729000092 0.237999992
v 1.00142502 -0.0748999977 0.237999992
v 1.00442497 -0.0748999977 0.237999992
v 1.00692497 -0.0729999924 0.242000008
v 1.00442497 -0.0729000092 0.237999992
v 1.00442497 -0.0748999977 0.237999992
v 1.00692497 -0.075 0.242000008
v 0.998925018 0.0529999924 0.242000008
v 1.00142502 0.0529000092 0.237999992
v 1.00142502 0.0549000168 0.237999992
v 0.998925018 0.055 0.242000008
v 1.00142502 -0.0729000092 0.237999992
v 0.998925018 -0.0729999924 0.242000008
v 0.998925018 -0.075 0.242000008
v 1.00142502 -0.0748999977 0.237999992
v 1.02292503 -0.0720000076 0.121999998
v 1.02292503 0.0520000076 0.121999998
v 1.02692497 0.055 0.242000008
v 1.02692497 -0.075 0.242000008
v 0.982924995 0.0520000076 0.121999998
v 0.982924995 -0.0720000076 0.121999998
v 0.978925018 -0.075 0.242000008
v 0.978925018 0.055 0.242000008
v 1.02292503 0.0520000076 0.121999998
v 1.02292503 -0.0720000076 0.121999998
v 0.982924995 -0.0720000076 0.121999998
v 0.982924995 0.0520000076 0.121999998
v 0.984824982 -0.0700749969 0.125
v 0.984824982 0.0500749969 0.125
v 0.980924988 0.0529999924 0.242000008
v 0.980924988 -0.0729999924 0.242000008
v 1.02102501 0.0500749969 0.125
v 1.02102501 -0.0700749969 0.125
v 1.024925 -0.0729999924 0.242000008
v 1.024925 0.0529999924 0.242000008
v 1.00442497 0.0549000168 0.237999992
v 1.00692497 0.055 0.242000008
v 1.02692497 0.055 0.242000008
v 1.02292503 0.0520000076 0.121999998
v 0.982924995 0.0520000076 0.121999998
v 0.978925018 0.055 0.242000008
v 0.998925018 0.055 0.242000008
v 1.00142502 0.0549000168 0.237999992
v 1.00692497 0.055 0.242000008
v 1.00692497 0.0529999924 0.242000008
v 1.024925 0.0529999924 0.242000008
v 1.024925 -0.0729999924 0.242000008
v 1.00692497 -0.0729999924 0.242000008
v 1.00692497 -0.075 0.242000008
v 1.02692497 -0.075 0.242000008
v 1.02692497 0.055 0.242000008
f 2112 2113 2111
f 2111 2113 2114
f 2116 2117 2115
f 2115 2117 2118
f 2115 2118 2122
f 2122 2118 2119
f 2122 2119 2120
f 2120 2121 2122
f 2123 2124 2130
f 2130 2124 2125
f 2130 2125 2126
f 2130 2126 2129
f 2129 2126 2127
f 2129 2127 2128
f 2131 2132 2138
f 2138 2132 2137
f 2137 2132 2136
f 2136 2132 2133
f 2136 2133 2135
f 2135 2133 2134
f 2139 2140 2146
f 2146 2140 2145
f 2145 2140 2141
f 2145 2141 2144
f 2144 2141 2143
f 2143 2141 2142
f 2147 2148 2150
f 2150 2148 2149
f 2151 2152 2154
f 2154 2152 2153
f 2155 2156 2158
f 2158 2156 2157
f 2160 2161 2159
f 2159 2161 2162
f 2164 2165 2163
f 2163 2165 2166
f 2167 2168 2170
f 2170 2168 2169
f 2171 2172 2174
f 2174 2172 2173
f 2176 2177 2175
f 2175 2177 2178
f 2180 2181 2179
f 2179 2181 2182
f 2183 2184 2186
f 2186 2184 2185
f 2188 2189 2187
f 2187 2189 2190
f 2192 2193 2191
f 2191 2193 2194
f 2191 2194 2195
f 2191 2195 2198
f 2198 2195 2196
f 2198 2196 2197
f 2200 2201 2199
f 2199 2201 2206
f 2206 2201 2205
f 2205 2201 2202
f 2205 2202 2204
f 2204 2202 2203
v 1.07802498 -0.0700749969 0.125
v 1.07802498 0.0500749969 0.125
v 1.04182503 0.0500749969 0.125
v 1.04182503 -0.0700749969 0.125
v 1.05842499 -0.0748999977 0.237999992
v 1.05592499 -0.075 0.242000008
v 1.03592499 -0.075 0.242000008
v 1.039925 -0.0720000076 0.121999998
v 1.079925 -0.0720000076 0.121999998
v 1.08392502 -0.075 0.242000008
v 1.06392502 -0.075 0.242000008
v 1.06142502 -0.0748999977 0.237999992
v 1.05592499 0.0529999924 0.242000008
v 1.05592499 0.055 0.242000008
v 1.03592499 0.055 0.242000008
v 1.03592499 -0.075 0.242000008
v 1.05592499 -0.075 0.242000008
v 1.05592499 -0.0729999924 0.242000008
v 1.03792503 -0.0729999924 0.242000008
v 1.03792503 0.0529999924 0.242000008
v 1.06392502 0.0529999924 0.242000008
v 1.06142502 0.0529000092 0.237999992
v 1.05842499 0.0529000092 0.237999992
v 1.05592499 0.0529999924 0.242000008
v 1.03792503 0.0529999924 0.242000008
v 1.04182503 0.0500749969 0.125
v 1.07802498 0.0500749969 0.125
v 1.08192497 0.0529999924 0.242000008
v 1.05592499 -0.0729999924 0.242000008
v 1.05842499 -0.0729000092 0.237999992
v 1.06142502 -0.0729000092 0.237999992
v 1.06392502 -0.0729999924 0.242000008
v 1.08192497 -0.0729999924 0.242000008
v 1.07802498 -0.0700749969 0.125
v 1.04182503 -0.0700749969 0.125
v 1.03792503 -0.0729999924 0.242000008
v 1.06142502 0.0529000092 0.237999992
v 1.06392502 0.0529999924 0.242000008
v 1.06392502 0.055 0.242000008
v 1.06142502 0.0549000168 0.237999992
v 1.05842499 0.0529000092 0.237999992
v 1.06142502 0.0529000092 0.237999992
v 1.06142502 0.0549000168 0.237999992
v 1.05842499 0.0549000168 0.237999992
v 1.06142502 -0.0729000092 0.237999992
v 1.05842499 -0.0729000092 0.237999992
v 1.05842499 -0.0748999977 0.237999992
v 1.06142502 -0.0748999977 0.237999992
v 1.06392502 -0.0729999924 0.242000008
v 1.06142502 -0.0729000092 0.237999992
v 1.06142502 -0.0748999977 0.237999992
v 1.06392502 -0.075 0.242000008
v 1.05592499 0.0529999924 0.242000008
v 1.05842499 0.0529000092 0.237999992
v 1.05842499 0.0549000168 0.237999992
v 1.05592499 0.055 0.242000008
v 1.05842499 -0.0729000092 0.237999992
v 1.05592499 -0.0729999924 0.242000008
v 1.05592499 -0.075 0.242000008
v 1.05842499 -0.0748999977 0.237999992
v 1.079925 -0.0720000076 0.121999998
v 1.079925 0.0520000076 0.121999998
v 1.08392502 0.055 0.242000008
v 1.08392502 -0.075 0.242000008
v 1.039925 0.0520000076 0.121999998
v 1.039925 -0.0720000076 0.121999998
v 1.03592499 -0.075 0.242000008
v 1.03592499 0.055 0.242000008
v 1.079925 0.0520000076 0.121999998
v 1.079925 -0.0720000076 0.121999998
v 1.039925 -0.0720000076 0.121999998
v 1.039925 0.0520000076 0.121999998
v 1.04182503 -0.0700749969 0.125
v 1.04182503 0.0500749969 0.125
v 1.03792503 0.0529999924 0.242000008
v 1.03792503 -0.0729999924 0.242000008
v 1.07802498 0.0500749969 0.125
v 1.07802498 -0.0700749969 0.125
v 1.08192497 -0.0729999924 0.242000008
v 1.08192497 0.0529999924 0.242000008
v 1.06142502 0.0549000168 0.237999992
v 1.06392502 0.055 0.242000008
v 1.08392502 0.055 0.242000008
v 1.079925 0.0520000076 0.121999998
v 1.039925 0.0520000076 0.121999998
v 1.03592499 0.055 0.242000008
v 1.05592499 0.055 0.242000008
v 1.05842499 0.0549000168 0.237999992
v 1.06392502 0.055 0.242000008
v 1.06392502 0.0529999924 0.242000008
v 1.08192497 0.0529999924 0.242000008
v 1.08192497 -0.0729999924 0.242000008
v 1.06392502 -0.0729999924 0.242000008
v 1.06392502 -0.075 0.242000008
v 1.08392502 -0.075 0.242000008
v 1.08392502 0.055 0.242000008
f 2208 2209 2207
f 2207 2209 2210
f 2212 2213 2211
f 2211 2213 2214
f 2211 2214 2218
f 2218 2214 2215
f 2218 2215 2216
f 2216 2217 2218
f 2219 2220 2226
f 2226 2220 2221
f 2226 2221 2222
f 2226 2222 2225
f 2225 2222 2223
f 2225 2223 2224
f 2227 2228 2234
f 2234 2228 2233
f 2233 2228 2232
f 2232 2228 2229
f 2232 2229 2231
f 2231 2229 2230
f 2235 2236 2242
f 2242 2236 2241
f 2241 2236 2237
f 2241 2237 2240
f 2240 2237 2239
f 2239 2237 2238
f 2243 2244 2246
f 2246 2244 2245
f 2247 2248 2250
f 2250 2248 2249
f 2251 2252 2254
f 2254 2252 2253
f 2256 2257 2255
f 2255 2257 2258
f 2260 2261 2259
f 2259 2261 2262
f 2263 2264 2266
f 2266 2264 2265
f 2267 2268 2270
f 2270 2268 2269
f 2272 2273 2271
f 2271 2273 2274
f 2276 2277 2275
f 2275 2277 2278
f 2279 2280 2282
f 2282 2280 2281
f 2284 2285 2283
f 2283 2285 2286
f 2288 2289 2287
f 2287 2289 2290
f 2287 2290 2291
f 2287 2291 2294
f 2294 2291 2292
f 2294 2292 2293
f 2296 2297 2295
f 2295 2297 2302
f 2302 2297 2301
f 2301 2297 2298
f 2301 2298 2300
f 2300 2298 2299
v 0.451025 0.119925003 0.125
v 0.451025 0.240074997 0.125
v 0.414825001 0.240074997 0.125
v 0.414825001 0.119925003 0.125
v 0.431424999 0.115099983 0.237999992
v 0.428924999 0.115 0.242000008
v 0.408924999 0.115 0.242000008
v 0.412925 0.117999992 0.121999998
v 0.452924995 0.117999992 0.121999998
v 0.456925001 0.115 0.242000008
v 0.436925001 0.115 0.242000008
v 0.434425001 0.115099983 0.237999992
v 0.428924999 0.242999992 0.242000008
v 0.428924999 0.245 0.242000008
v 0.408924999 0.245 0.242000008
v 0.408924999 0.115 0.242000008
v 0.428924999 0.115 0.242000008
v 0.428924999 0.117000008 0.242000008
v 0.410925002 0.117000008 0.242000008
v 0.410925002 0.242999992 0.242000008
v 0.436925001 0.242999992 0.242000008
v 0.434425001 0.242900009 0.237999992
v 0.431424999 0.242900009 0.237999992
v 0.428924999 0.242999992 0.242000008
v 0.410925002 0.242999992 0.242000008
v 0.414825001 0.240074997 0.125
v 0.451025 0.240074997 0.125
v 0.454925003 0.242999992 0.242000008
v 0.428924999 0.117000008 0.242000008
v 0.431424999 0.117099991 0.237999992
v 0.434425001 0.117099991 0.237999992
v 0.436925001 0.117000008 0.242000008
v 0.454925003 0.117000008 0.242000008
v 0.451025 0.119925003 0.125
v 0.414825001 0.119925003 0.125
v 0.410925002 0.117000008 0.242000008
v 0.434425001 0.242900009 0.237999992
v 0.436925001 0.242999992 0.242000008
v 0.436925001 0.245 0.242000008
v 0.434425001 0.244900017 0.237999992
v 0.431424999 0.242900009 0.237999992
v 0.434425001 0.242900009 0.237999992
v 0.434425001 0.244900017 0.237999992
v 0.431424999 0.244900017 0.237999992
v 0.434425001 0.117099991 0.237999992
v 0.431424999 0.117099991 0.237999992
v 0.431424999 0.115099983 0.237999992
v 0.434425001 0.115099983 0.237999992
v 0.436925001 0.117000008 0.242000008
v 0.434425001 0.117099991 0.237999992
v 0.434425001 0.115099983 0.237999992
v 0.436925001 0.115 0.242000008
v 0.428924999 0.242999992 0.242000008
v 0.431424999 0.242900009 0.237999992
v 0.431424999 0.244900017 0.237999992
v 0.428924999 0.245 0.242000008
v 0.431424999 0.117099991 0.237999992
v 0.428924999 0.117000008 0.242000008
v 0.428924999 0.115 0.242000008
v 0.431424999 0.115099983 0.237999992
v 0.452924995 0.117999992 0.121999998
v 0.452924995 0.242000008 0.121999998
v 0.456925001 0.245 0.242000008
v 0.456925001 0.115 0.242000008
v 0.412925 0.242000008 0.121999998
v 0.412925 0.117999992 0.121999998
v 0.408924999 0.115 0.242000008
v 0.408924999 0.245 0.242000008
v 0.452924995 0.242000008 0.121999998
v 0.452924995 0.117999992 0.121999998
v 0.412925 0.117999992 0.121999998
v 0.412925 0.242000008 0.121999998
v 0.414825001 0.119925003 0.125
v 0.414825001 0.240074997 0.125
v 0.410925002 0.242999992 0.242000008
v 0.410925002 0.117000008 0.242000008
v 0.451025 0.240074997 0.125
v 0.451025 0.119925003 0.125
v 0.454925003 0.117000008 0.242000008
v 0.454925003 0.242999992 0.242000008
v 0.434425001 0.244900017 0.237999992
v 0.436925001 0.245 0.242000008
v 0.456925001 0.245 0.242000008
v 0.452924995 0.242000008 0.121999998
v 0.412925 0.242000008 0.121999998
v 0.408924999 0.245 0.242000008
v 0.428924999 0.245 0.242000008
v 0.431424999 0.244900017 0.237999992
v 0.436925001 0.245 0.242000008
v 0.436925001 0.242999992 0.242000008
v 0.454925003 0.242999992 0.242000008
v 0.454925003 0.117000008 0.242000008
v 0.436925001 0.117000008 0.242000008
v 0.436925001 0.115 0.242000008
v 0.456925001 0.115 0.242000008
v 0.456925001 0.245 0.242000008
f 2304 2305 2303
f 2303 2305 2306
f 2308 2309 2307
f 2307 2309 2310
f 2307 2310 2314
f 2314 2310 2311
f 2314 2311 2312
f 2312 2313 2314
f 2315 2316 2322
f 2322 2316 2317
f 2322 2317 2318
f 2322 2318 2321
f 2321 2318 2319
f 2321 2319 2320
f 2323 2324 2330
f 2330 2324 2329
f 2329 2324 2328
f 2328 2324 2325
f 2328 2325 2327
f 2327 2325 2326
f 2331 2332 2338
f 2338 2332 2337
f 2337 2332 2333
f 2337 2333 2336
f 2336 2333 2335
f 2335 2333 2334
f 2339 2340 2342
f 2342 2340 2341
f 2343 2344 2346
f 2346 2344 2345
f 2347 2348 2350
f 2350 2348 2349
f 2352 2353 2351
f 2351 2353 2354
f 2356 2357 2355
f 2355 2357 2358
f 2359 2360 2362
f 2362 2360 2361
f 2363 2364 2366
f 2366 2364 2365
f 2368 2369 2367
f 2367 2369 2370
f 2372 2373 2371
f 2371 2373 2374
f 2375 2376 2378
f 2378 2376 2377
f 2380 2381 2379
f 2379 2381 2382
f 2384 2385 2383
f 2383 2385 2386
f 2383 2386 2387
f 2383 2387 2390
f 2390 2387 2388
f 2390 2388 2389
f 2392 2393 2391
f 2391 2393 2398
f 2398 2393 2397
f 2397 2393 2394
f 2397 2394 2396
f 2396 2394 2395
v 0.508024998 0.119925003 0.125
v 0.508024998 0.240074997 0.125
v 0.471824999 0.240074997 0.125
v 0.471824999 0.119925003 0.125
v 0.488424997 0.115099983 0.237999992
v 0.485924997 0.115 0.242000008
v 0.465924997 0.115 0.242000008
v 0.469925003 0.117999992 0.121999998
v 0.509925003 0.117999992 0.121999998
v 0.513924999 0.115 0.242000008
v 0.493924999 0.115 0.242000008
v 0.491424999 0.115099983 0.237999992
v 0.485924997 0.242999992 0.242000008
v 0.485924997 0.245 0.242000008
v 0.465924997 0.245 0.242000008
v 0.465924997 0.115 0.242000008
v 0.485924997 0.115 0.242000008
v 0.485924997 0.117000008 0.242000008
v 0.467924995 0.117000008 0.242000008
v 0.467924995 0.242999992 0.242000008
v 0.493924999 0.242999992 0.242000008
v 0.491424999 0.242900009 0.237999992
v 0.488424997 0.242900009 0.237999992
v 0.485924997 0.242999992 0.242000008
v 0.467924995 0.242999992 0.242000008
v 0.471824999 0.240074997 0.125
v 0.508024998 0.240074997 0.125
v 0.511924992 0.242999992 0.242000008
v 0.485924997 0.117000008 0.242000008
v 0.488424997 0.117099991 0.237999992
v 0.491424999 0.117099991 0.237999992
v 0.493924999 0.117000008 0.242000008
v 0.511924992 0.117000008 0.242000008
v 0.508024998 0.119925003 0.125
v 0.471824999 0.119925003 0.125
v 0.467924995 0.117000008 0.242000008
v 0.491424999 0.242900009 0.237999992
v 0.493924999 0.242999992 0.242000008
v 0.493924999 0.245 0.242000008
v 0.491424999 0.244900017 0.237999992
v 0.488424997 0.242900009 0.237999992
v 0.491424999 0.242900009 0.237999992
v 0.491424999 0.244900017 0.237999992
v 0.488424997 0.244900017 0.237999992
v 0.491424999 0.117099991 0.237999992
v 0.488424997 0.117099991 0.237999992
v 0.488424997 0.115099983 0.237999992
v 0.491424999 0.115099983 0.237999992
v 0.493924999 0.117000008 0.242000008
v 0.491424999 0.117099991 0.237999992
v 0.491424999 0.115099983 0.237999992
v 0.493924999 0.115 0.242000008
v 0.485924997 0.242999992 0.242000008
v 0.488424997 0.242900009 0.237999992
v 0.488424997 0.244900017 0.237999992
v 0.485924997 0.245 0.242000008
v 0.488424997 0.117099991 0.237999992
v 0.485924997 0.117000008 0.242000008
v 0.485924997 0.115 0.242000008
v 0.488424997 0.115099983 0.237999992
v 0.509925003 0.117999992 0.121999998
v 0.509925003 0.242000008 0.121999998
v 0.513924999 0.245 0.242000008
v 0.513924999 0.115 0.242000008
v 0.469925003 0.242000008 0.121999998
v 0.469925003 0.117999992 0.121999998
v 0.465924997 0.115 0.242000008
v 0.465924997 0.245 0.242000008
v 0.509925003 0.242000008 0.121999998
v 0.509925003 0.117999992 0.121999998
v 0.469925003 0.117999992 0.121999998
v 0.469925003 0.242000008 0.121999998
v 0.471824999 0.119925003 0.125
v 0.471824999 0.240074997 0.125
v 0.467924995 0.242999992 0.242000008
v 0.467924995 0.117000008 0.242000008
v 0.508024998 0.240074997 0.125
v 0.508024998 0.119925003 0.125
v 0.511924992 0.117000008 0.242000008
v 0.511924992 0.242999992 0.242000008
v 0.491424999 0.244900017 0.237999992
v 0.493924999 0.245 0.242000008
v 0.513924999 0.245 0.242000008
v 0.509925003 0.242000008 0.121999998
v 0.469925003 0.242000008 0.121999998
v 0.465924997 0.245 0.242000008
v 0.485924997 0.245 0.242000008
v 0.488424997 0.244900017 0.237999992
v 0.493924999 0.245 0.242000008
v 0.493924999 0.242999992 0.242000008
v 0.511924992 0.242999992 0.242000008
v 0.511924992 0.117000008 0.242000008
v 0.493924999 0.117000008 0.242000008
v 0.493924999 0.115 0.242000008
v 0.513924999 0.115 0.242000008
v 0.513924999 0.245 0.242000008
f 2400 2401 2399
f 2399 2401 2402
f 2404 2405 2403
f 2403 2405 2406
f 2403 2406 2410
f 2410 2406 2407
f 2410 2407 2408
f 2408 2409 2410
f 2411 2412 2418
f 2418 2412 2413
f 2418 2413 2414
f 2418 2414 2417
f 2417 2414 2415
f 2417 2415 2416
f 2419 2420 2426
f 2426 2420 2425
f 2425 2420 2424
f 2424 2420 2421
f 2424 2421 2423
f 2423 2421 2422
f 2427 2428 2434
f 2434 2428 2433
f 2433 2428 2429
f 2433 2429 2432
f 2432 2429 2431
f 2431 2429 2430
f 2435 2436 2438
f 2438 2436 2437
f 2439 2440 2442
f 2442 2440 2441
f 2443 2444 2446
f 2446 2444 2445
f 2448 2449 2447
f 2447 2449 2450
f 2452 2453 2451
f 2451 2453 2454
f 2455 2456 2458
f 2458 2456 2457
f 2459 2460 2462
f 2462 2460 2461
f 2464 2465 2463
f 2463 2465 2466
f 2468 2469 2467
f 2467 2469 2470
f 2471 2472 2474
f 2474 2472 2473
f 2476 2477 2475
f 2475 2477 2478
f 2480 2481 2479
f 2479 2481 2482
f 2479 2482 2483
f 2479 2483 2486
f 2486 2483 2484
f 2486 2484 2485
f 2488 2489 2487
f 2487 2489 2494
f 2494 2489 2493
f 2493 2489 2490
f 2493 2490 2492
f 2492 2490 2491
v 0.565025005 0.119925003 0.125
v 0.565025005 0.240074997 0.125
v 0.528824997 0.240074997 0.125
v 0.528824997 0.119925003 0.125
v 0.545424995 0.115099983 0.237999992
v 0.542924995 0.115 0.242000008
v 0.522924995 0.115 0.242000008
v 0.526924992 0.117999992 0.121999998
v 0.566924992 0.117999992 0.121999998
v 0.570925007 0.115 0.242000008
v 0.550925007 0.115 0.242000008
v 0.548425007 0.115099983 0.237999992
v 0.542924995 0.242999992 0.242000008
v 0.542924995 0.245 0.242000008
v 0.522924995 0.245 0.242000008
v 0.522924995 0.115 0.242000008
v 0.542924995 0.115 0.242000008
v 0.542924995 0.117000008 0.242000008
v 0.524925003 0.117000008 0.242000008
v 0.524925003 0.242999992 0.242000008
v 0.550925007 0.242999992 0.242000008
v 0.548425007 0.242900009 0.237999992
v 0.545424995 0.242900009 0.237999992
v 0.542924995 0.242999992 0.242000008
v 0.524925003 0.242999992 0.242000008
v 0.528824997 0.240074997 0.125
v 0.565025005 0.240074997 0.125
v 0.568924999 0.242999992 0.242000008
v 0.542924995 0.117000008 0.242000008
v 0.545424995 0.117099991 0.237999992
v 0.548425007 0.117099991 0.237999992
v 0.550925007 0.117000008 0.242000008
v 0.568924999 0.117000008 0.242000008
v 0.565025005 0.119925003 0.125
v 0.528824997 0.119925003 0.125
v 0.524925003 0.117000008 0.242000008
v 0.548425007 0.242900009 0.237999992
v 0.550925007 0.242999992 0.242000008
v 0.550925007 0.245 0.242000008
v 0.548425007 0.244900017 0.237999992
v 0.545424995 0.242900009 0.237999992
v 0.548425007 0.242900009 0.237999992
v 0.548425007 0.244900017 0.237999992
v 0.545424995 0.244900017 0.237999992
v 0.548425007 0.117099991 0.237999992
v 0.545424995 0.117099991 0.237999992
v 0.545424995 0.115099983 0.237999992
v 0.548425007 0.115099983 0.237999992
v 0.550925007 0.117000008 0.242000008
v 0.548425007 0.117099991 0.237999992
v 0.548425007 0.115099983 0.237999992
v 0.550925007 0.115 0.242000008
v 0.542924995 0.242999992 0.242000008
v 0.545424995 0.242900009 0.237999992
v 0.545424995 0.244900017 0.237999992
v 0.542924995 0.245 0.242000008
v 0.545424995 0.117099991 0.237999992
v 0.542924995 0.117000008 0.242000008
v 0.542924995 0.115 0.242000008
v 0.545424995 0.115099983 0.237999992
v 0.566924992 0.117999992 0.121999998
v 0.566924992 0.242000008 0.121999998
v 0.570925007 0.245 0.242000008
v 0.570925007 0.115 0.242000008
v 0.526924992 0.242000008 0.121999998
v 0.526924992 0.117999992 0.121999998
v 0.522924995 0.115 0.242000008
v 0.522924995 0.245 0.242000008
v 0.566924992 0.242000008 0.121999998
v 0.566924992 0.117999992 0.121999998
v 0.526924992 0.117999992 0.121999998
v 0.526924992 0.242000008 0.121999998
v 0.528824997 0.119925003 0.125
v 0.528824997 0.240074997 0.125
v 0.524925003 0.242999992 0.242000008
v 0.524925003 0.117000008 0.242000008
v 0.565025005 0.240074997 0.125
v 0.565025005 0.119925003 0.125
v 0.568924999 0.117000008 0.242000008
v 0.568924999 0.242999992 0.242000008
v 0.548425007 0.244900017 0.237999992
v 0.550925007 0.245 0.242000008
v 0.570925007 0.245 0.242000008
v 0.566924992 0.242000008 0.121999998
v 0.526924992 0.242000008 0.121999998
v 0.522924995 0.245 0.242000008
v 0.542924995 0.245 0.242000008
v 0.545424995 0.244900017 0.237999992
v 0.550925007 0.245 0.242000008
v 0.550925007 0.242999992 0.242000008
v 0.568924999 0.242999992 0.242000008
v 0.568924999 0.117000008 0.242000008
v 0.550925007 0.117000008 0.242000008
v 0.550925007 0.115 0.242000008
v 0.570925007 0.115 0.242000008
v 0.570925007 0.245 0.242000008
f 2496 2497 2495
f 2495 2497 2498
f 2500 2501 2499
f 2499 2501 2502
f 2499 2502 2506
f 2506 2502 2503
f 2506 2503 2504
f 2504 2505 2506
f 2507 2508 2514
f 2514 2508 2509
f 2514 2509 2510
f 2514 2510 2513
f 2513 2510 2511
f 2513 2511 2512
f 2515 2516 2522
f 2522 2516 2521
f 2521 2516 2520
f 2520 2516 2517
f 2520 2517 2519
f 2519 2517 2518
f 2523 2524 2530
f 2530 2524 2529
f 2529 2524 2525
f 2529 2525 2528
f 2528 2525 2527
f 2527 2525 2526
f 2531 2532 2534
f 2534 2532 2533
f 2535 2536 2538
f 2538 2536 2537
f 2539 2540 2542
f 2542 2540 2541
f 2544 2545 2543
f 2543 2545 2546
f 2548 2549 2547
f 2547 2549 2550
f 2551 2552 2554
f 2554 2552 2553
f 2555 2556 2558
f 2558 2556 2557
f 2560 2561 2559
f 2559 2561 2562
f 2564 2565 2563
f 2563 2565 2566
f 2567 2568 2570
f 2570 2568 2569
f 2572 2573 2571
f 2571 2573 2574
f 2576 2577 2575
f 2575 2577 2578
f 2575 2578 2579
f 2575 2579 2582
f 2582 2579 2580
f 2582 2580 2581
f 2584 2585 2583
f 2583 2585 2590
f 2590 2585 2589
f 2589 2585 2586
f 2589 2586 2588
f 2588 2586 2587
v 0.622024994 0.119925003 0.125
v 0.622024994 0.240074997 0.125
v 0.585825005 0.240074997 0.125
v 0.585825005 0.119925003 0.125
v 0.602425003 0.115099983 0.237999992
v 0.599925003 0.115 0.242000008
v 0.579925003 0.115 0.242000008
v 0.583924999 0.117999992 0.121999998
v 0.623924999 0.117999992 0.121999998
v 0.627924995 0.115 0.242000008
v 0.607924995 0.115 0.242000008
v 0.605424995 0.115099983 0.237999992
v 0.599925003 0.242999992 0.242000008
v 0.599925003 0.245 0.242000008
v 0.579925003 0.245 0.242000008
v 0.579925003 0.115 0.242000008
v 0.599925003 0.115 0.242000008
v 0.599925003 0.117000008 0.242000008
v 0.581924992 0.117000008 0.242000008
v 0.581924992 0.242999992 0.242000008
v 0.607924995 0.242999992 0.242000008
v 0.605424995 0.242900009 0.237999992
v 0.602425003 0.242900009 0.237999992
v 0.599925003 0.242999992 0.242000008
v 0.581924992 0.242999992 0.242000008
v 0.585825005 0.240074997 0.125
v 0.622024994 0.240074997 0.125
v 0.625925007 0.242999992 0.242000008
v 0.599925003 0.117000008 0.242000008
v 0.602425003 0.117099991 0.237999992
v 0.605424995 0.117099991 0.237999992
v 0.607924995 0.117000008 0.242000008
v 0.625925007 0.117000008 0.242000008
v 0.622024994 0.119925003 0.125
v 0.585825005 0.119925003 0.125
v 0.581924992 0.117000008 0.242000008
v 0.605424995 0.242900009 0.237999992
v 0.607924995 0.242999992 0.242000008
v 0.607924995 0.245 0.242000008
v 0.605424995 0.244900017 0.237999992
v 0.602425003 0.242900009 0.237999992
v 0.605424995 0.242900009 0.237999992
v 0.605424995 0.244900017 0.237999992
v 0.602425003 0.244900017 0.237999992
v 0.605424995 0.117099991 0.237999992
v 0.602425003 0.117099991 0.237999992
v 0.602425003 0.115099983 0.237999992
v 0.605424995 0.115099983 0.237999992
v 0.607924995 0.117000008 0.242000008
v 0.605424995 0.117099991 0.237999992
v 0.605424995 0.115099983 0.237999992
v 0.607924995 0.115 0.242000008
v 0.599925003 0.242999992 0.242000008
v 0.602425003 0.242900009 0.237999992
v 0.602425003 0.244900017 0.237999992
v 0.599925003 0.245 0.242000008
v 0.602425003 0.117099991 0.237999992
v 0.599925003 0.117000008 0.242000008
v 0.599925003 0.115 0.242000008
v 0.602425003 0.115099983 0.237999992
v 0.623924999 0.117999992 0.121999998
v 0.623924999 0.242000008 0.121999998
v 0.627924995 0.245 0.242000008
v 0.627924995 0.115 0.242000008
v 0.583924999 0.242000008 0.121999998
v 0.583924999 0.117999992 0.121999998
v 0.579925003 0.115 0.242000008
v 0.579925003 0.245 0.242000008
v 0.623924999 0.242000008 0.121999998
v 0.623924999 0.117999992 0.121999998
v 0.583924999 0.117999992 0.121999998
v 0.583924999 0.242000008 0.121999998
v 0.585825005 0.119925003 0.125
v 0.585825005 0.240074997 0.125
v 0.581924992 0.242999992 0.242000008
v 0.581924992 0.117000008 0.242000008
v 0.622024994 0.240074997 0.125
v 0.622024994 0.119925003 0.125
v 0.625925007 0.117000008 0.242000008
v 0.625925007 0.242999992 0.242000008
v 0.605424995 0.244900017 0.237999992
v 0.607924995 0.245 0.242000008
v 0.627924995 0.245 0.242000008
v 0.623924999 0.242000008 0.121999998
v 0.583924999 0.242000008 0.121999998
v 0.579925003 0.245 0.242000008
v 0.599925003 0.245 0.242000008
v 0.602425003 0.244900017 0.237999992
v 0.607924995 0.245 0.242000008
v 0.607924995 0.242999992 0.242000008
v 0.625925007 0.242999992 0.242000008
v 0.625925007 0.117000008 0.242000008
v 0.607924995 0.117000008 0.242000008
v 0.607924995 0.115 0.242000008
v 0.627924995 0.115 0.242000008
v 0.627924995 0.245 0.242000008
f 2592 2593 2591
f 2591 2593 2594
f 2596 2597 2595
f 2595 2597 2598
f 2595 2598 2602
f 2602 2598 2599
f 2602 2599 2600
f 2600 2601 2602
f 2603 2604 2610
f 2610 2604 2605
f 2610 2605 2606
f 2610 2606 2609
f 2609 2606 2607
f 2609 2607 2608
f 2611 2612 2618
f 2618 2612 2617
f 2617 2612 2616
f 2616 2612 2613
f 2616 2613 2615
f 2615 2613 2614
f 2619 2620 2626
f 2626 2620 2625
f 2625 2620 2621
f 2625 2621 2624
f 2624 2621 2623
f 2623 2621 2622
f 2627 2628 2630
f 2630 2628 2629
f 2631 2632 2634
f 2634 2632 2633
f 2635 2636 2638
f 2638 2636 2637
f 2640 2641 2639
f 2639 2641 2642
f 2644 2645 2643
f 2643 2645 2646
f 2647 2648 2650
f 2650 2648 2649
f 2651 2652 2654
f 2654 2652 2653
f 2656 2657 2655
f 2655 2657 2658
f 2660 2661 2659
f 2659 2661 2662
f 2663 2664 2666
f 2666 2664 2665
f 2668 2669 2667
f 2667 2669 2670
f 2672 2673 2671
f 2671 2673 2674
f 2671 2674 2675
f 2671 2675 2678
f 2678 2675 2676
f 2678 2676 2677
f 2680 2681 2679
f 2679 2681 2686
f 2686 2681 2685
f 2685 2681 2682
f 2685 2682 2684
f 2684 2682 2683
v 0.679025002 0.119925003 0.125
v 0.679025002 0.240074997 0.125
v 0.642824993 0.240074997 0.125
v 0.642824993 0.119925003 0.125
v 0.659424992 0.115099983 0.237999992
v 0.656924992 0.115 0.242000008
v 0.636924992 0.115 0.242000008
v 0.640925007 0.117999992 0.121999998
v 0.680924988 0.117999992 0.121999998
v 0.684925003 0.115 0.242000008
v 0.664925003 0.115 0.242000008
v 0.662425003 0.115099983 0.237999992
v 0.656924992 0.242999992 0.242000008
v 0.656924992 0.245 0.242000008
v 0.636924992 0.245 0.242000008
v 0.636924992 0.115 0.242000008
v 0.656924992 0.115 0.242000008
v 0.656924992 0.117000008 0.242000008
v 0.638924999 0.117000008 0.242000008
v 0.638924999 0.242999992 0.242000008
v 0.664925003 0.242999992 0.242000008
v 0.662425003 0.242900009 0.237999992
v 0.659424992 0.242900009 0.237999992
v 0.656924992 0.242999992 0.242000008
v 0.638924999 0.242999992 0.242000008
v 0.642824993 0.240074997 0.125
v 0.679025002 0.240074997 0.125
v 0.682924995 0.242999992 0.242000008
v 0.656924992 0.117000008 0.242000008
v 0.659424992 0.117099991 0.237999992
v 0.662425003 0.117099991 0.237999992
v 0.664925003 0.117000008 0.242000008
v 0.682924995 0.117000008 0.242000008
v 0.679025002 0.119925003 0.125
v 0.642824993 0.119925003 0.125
v 0.638924999 0.117000008 0.242000008
v 0.662425003 0.242900009 0.237999992
v 0.664925003 0.242999992 0.242000008
v 0.664925003 0.245 0.242000008
v 0.662425003 0.244900017 0.237999992
v 0.659424992 0.242900009 0.237999992
v 0.662425003 0.242900009 0.237999992
v 0.662425003 0.244900017 0.237999992
v 0.659424992 0.244900017 0.237999992
v 0.662425003 0.117099991 0.237999992
v 0.659424992 0.117099991 0.237999992
v 0.659424992 0.115099983 0.237999992
v 0.662425003 0.115099983 0.237999992
v 0.664925003 0.117000008 0.242000008
v 0.662425003 0.117099991 0.237999992
v 0.662425003 0.115099983 0.237999992
v 0.664925003 0.115 0.242000008
v 0.656924992 0.242999992 0.242000008
v 0.659424992 0.242900009 0.237999992
v 0.659424992 0.244900017 0.237999992
v 0.656924992 0.245 0.242000008
v 0.659424992 0.117099991 0.237999992
v 0.656924992 0.117000008 0.242000008
v 0.656924992 0.115 0.242000008
v 0.659424992 0.115099983 0.237999992
v 0.680924988 0.117999992 0.121999998
v 0.680924988 0.242000008 0.121999998
v 0.684925003 0.245 0.242000008
v 0.684925003 0.115 0.242000008
v 0.640925007 0.242000008 0.121999998
v 0.640925007 0.117999992 0.121999998
v 0.636924992 0.115 0.242000008
v 0.636924992 0.245 0.242000008
v 0.680924988 0.242000008 0.121999998
v 0.680924988 0.117999992 0.121999998
v 0.640925007 0.117999992 0.121999998
v 0.640925007 0.242000008 0.121999998
v 0.642824993 0.119925003 0.125
v 0.642824993 0.240074997 0.125
v 0.638924999 0.242999992 0.242000008
v 0.638924999 0.117000008 0.242000008
v 0.679025002 0.240074997 0.125
v 0.679025002 0.119925003 0.125
v 0.682924995 0.117000008 0.242000008
v 0.682924995 0.242999992 0.242000008
v 0.662425003 0.244900017 0.237999992
v 0.664925003 0.245 0.242000008
v 0.684925003 0.245 0.242000008
v 0.680924988 0.242000008 0.121999998
v 0.640925007 0.242000008 0.121999998
v 0.636924992 0.245 0.242000008
v 0.656924992 0.245 0.242000008
v 0.659424992 0.244900017 0.237999992
v 0.664925003 0.245 0.242000008
v 0.664925003 0.242999992 0.242000008
v 0.682924995 0.242999992 0.242000008
v 0.682924995 0.117000008 0.242000008
v 0.664925003 0.117000008 0.242000008
v 0.664925003 0.115 0.242000008
v 0.684925003 0.115 0.242000008
v 0.684925003 0.245 0.242000008
f 2688 2689 2687
f 2687 2689 2690
f 2692 2693 2691
f 2691 2693 2694
f 2691 2694 2698
f 2698 2694 2695
f 2698 2695 2696
f 2696 2697 2698
f 2699 2700 2706
f 2706 2700 2701
f 2706 2701 2702
f 2706 2702 2705
f 2705 2702 2703
f 2705 2703 2704
f 2707 2708 2714
f 2714 2708 2713
f 2713 2708 2712
f 2712 2708 2709
f 2712 2709 2711
f 2711 2709 2710
f 2715 2716 2722
f 2722 2716 2721
f 2721 2716 2717
f 2721 2717 2720
f 2720 2717 2719
f 2719 2717 2718
f 2723 2724 2726
f 2726 2724 2725
f 2727 2728 2730
f 2730 2728 2729
f 2731 2732 2734
f 2734 2732 2733
f 2736 2737 2735
f 2735 2737 2738
f 2740 2741 2739
f 2739 2741 2742
f 2743 2744 2746
f 2746 2744 2745
f 2747 2748 2750
f 2750 2748 2749
f 2752 2753 2751
f 2751 2753 2754
f 2756 2757 2755
f 2755 2757 2758
f 2759 2760 2762
f 2762 2760 2761
f 2764 2765 2763
f 2763 2765 2766
f 2768 2769 2767
f 2767 2769 2770
f 2767 2770 2771
f 2767 2771 2774
f 2774 2771 2772
f 2774 2772 2773
f 2776 2777 2775
f 2775 2777 2782
f 2782 2777 2781
f 2781 2777 2778
f 2781 2778 2780
f 2780 2778 2779
v 0.716425018 0.115099983 0.237999992
v 0.713925018 0.115 0.242000008
v 0.693925018 0.115 0.242000008
v 0.697924995 0.117999992 0.121999998
v 0.737924995 0.117999992 0.121999998
v 0.741925011 0.115 0.242000008
v 0.721925011 0.115 0.242000008
v 0.719425011 0.115099983 0.237999992
v 0.713925018 0.242999992 0.242000008
v 0.713925018 0.245 0.242000008
v 0.693925018 0.245 0.242000008
v 0.693925018 0.115 0.242000008
v 0.713925018 0.115 0.242000008
v 0.713925018 0.117000008 0.242000008
v 0.695924988 0.117000008 0.242000008
v 0.695924988 0.242999992 0.242000008
v 0.721925011 0.242999992 0.242000008
v 0.719425011 0.242900009 0.237999992
v 0.716425018 0.242900009 0.237999992
v 0.713925018 0.242999992 0.242000008
v 0.695924988 0.242999992 0.242000008
v 0.699824982 0.240074997 0.125
v 0.736025009 0.240074997 0.125
v 0.739925003 0.242999992 0.242000008
v 0.713925018 0.117000008 0.242000008
v 0.716425018 0.117099991 0.237999992
v 0.719425011 0.117099991 0.237999992
v 0.721925011 0.117000008 0.242000008
v 0.739925003 0.117000008 0.242000008
v 0.736025009 0.119925003 0.125
v 0.699824982 0.119925003 0.125
v 0.695924988 0.117000008 0.242000008
v 0.719425011 0.242900009 0.237999992
v 0.721925011 0.242999992 0.242000008
v 0.721925011 0.245 0.242000008
v 0.719425011 0.244900017 0.237999992
v 0.716425018 0.242900009 0.237999992
v 0.719425011 0.242900009 0.237999992
v 0.719425011 0.244900017 0.237999992
v 0.716425018 0.244900017 0.237999992
v 0.719425011 0.117099991 0.237999992
v 0.716425018 0.117099991 0.237999992
v 0.716425018 0.115099983 0.237999992
v 0.719425011 0.115099983 0.237999992
v 0.721925011 0.117000008 0.242000008
v 0.719425011 0.117099991 0.237999992
v 0.719425011 0.115099983 0.237999992
v 0.721925011 0.115 0.242000008
v 0.713925018 0.242999992 0.242000008
v 0.716425018 0.242900009 0.237999992
v 0.716425018 0.244900017 0.237999992
v 0.713925018 0.245 0.242000008
v 0.716425018 0.117099991 0.237999992
v 0.713925018 0.117000008 0.242000008
v 0.713925018 0.115 0.242000008
v 0.716425018 0.115099983 0.237999992
v 0.737924995 0.117999992 0.121999998
v 0.737924995 0.242000008 0.121999998
v 0.741925011 0.245 0.242000008
v 0.741925011 0.115 0.242000008
v 0.697924995 0.242000008 0.121999998
v 0.697924995 0.117999992 0.121999998
v 0.693925018 0.115 0.242000008
v 0.693925018 0.245 0.242000008
v 0.737924995 0.242000008 0.121999998
v 0.737924995 0.117999992 0.121999998
v 0.697924995 0.117999992 0.121999998
v 0.697924995 0.242000008 0.121999998
v 0.699824982 0.119925003 0.125
v 0.699824982 0.240074997 0.125
v 0.695924988 0.242999992 0.242000008
v 0.695924988 0.117000008 0.242000008
v 0.736025009 0.240074997 0.125
v 0.736025009 0.119925003 0.125
v 0.739925003 0.117000008 0.242000008
v 0.739925003 0.242999992 0.242000008
v 0.719425011 0.244900017 0.237999992
v 0.721925011 0.245 0.242000008
v 0.741925011 0.245 0.242000008
v 0.737924995 0.242000008 0.121999998
v 0.697924995 0.242000008 0.121999998
v 0.693925018 0.245 0.242000008
v 0.713925018 0.245 0.242000008
v 0.716425018 0.244900017 0.237999992
v 0.721925011 0.245 0.242000008
v 0.721925011 0.242999992 0.242000008
v 0.739925003 0.242999992 0.242000008
v 0.739925003 0.117000008 0.242000008
v 0.721925011 0.117000008 0.242000008
v 0.721925011 0.115 0.242000008
v 0.741925011 0.115 0.242000008
v 0.741925011 0.245 0.242000008
v 0.736025009 0.119925003 0.125
v 0.736025009 0.240074997 0.125
v 0.699824982 0.240074997 0.125
v 0.699824982 0.119925003 0.125
f 2784 2785 2783
f 2783 2785 2786
f 2783 2786 2790
f 2790 2786 2787
f 2790 2787 2788
f 2788 2789 2790
f 2791 2792 2798
f 2798 2792 2793
f 2798 2793 2794
f 2798 2794 2797
f 2797 2794 2795
f 2797 2795 2796
f 2799 2800 2806
f 2806 2800 2805
f 2805 2800 2804
f 2804 2800 2801
f 2804 2801 2803
f 2803 2801 2802
f 2807 2808 2814
f 2814 2808 2813
f 2813 2808 2809
f 2813 2809 2812
f 2812 2809 2811
f 2811 2809 2810
f 2815 2816 2818
f 2818 2816 2817
f 2819 2820 2822
f 2822 2820 2821
f 2823 2824 2826
f 2826 2824 2825
f 2828 2829 2827
f 2827 2829 2830
f 2832 2833 2831
f 2831 2833 2834
f 2835 2836 2838
f 2838 2836 2837
f 2839 2840 2842
f 2842 2840 2841
f 2844 2845 2843
f 2843 2845 2846
f 2848 2849 2847
f 2847 2849 2850
f 2851 2852 2854
f 2854 2852 2853
f 2856 2857 2855
f 2855 2857 2858
f 2860 2861 2859
f 2859 2861 2862
f 2859 2862 2863
f 2859 2863 2866
f 2866 2863 2864
f 2866 2864 2865
f 2868 2869 2867
f 2867 2869 2874
f 2874 2869 2873
f 2873 2869 2870
f 2873 2870 2872
f 2872 2870 2871
f 2876 2877 2875
f 2875 2877 2878
v 0.770924988 0.242999992 0.242000008
v 0.770924988 0.245 0.242000008
v 0.750924988 0.245 0.242000008
v 0.750924988 0.115 0.242000008
v 0.770924988 0.115 0.242000008
v 0.770924988 0.117000008 0.242000008
v 0.752924995 0.117000008 0.242000008
v 0.752924995 0.242999992 0.242000008
v 0.778925018 0.242999992 0.242000008
v 0.776425018 0.242900009 0.237999992
v 0.773424988 0.242900009 0.237999992
v 0.770924988 0.242999992 0.242000008
v 0.752924995 0.242999992 0.242000008
v 0.756824989 0.240074997 0.125
v 0.793025017 0.240074997 0.125
v 0.796925011 0.242999992 0.242000008
v 0.770924988 0.117000008 0.242000008
v 0.773424988 0.117099991 0.237999992
v 0.776425018 0.117099991 0.237999992
v 0.778925018 0.117000008 0.242000008
v 0.796925011 0.117000008 0.242000008
v 0.793025017 0.119925003 0.125
v 0.756824989 0.119925003 0.125
v 0.752924995 0.117000008 0.242000008
v 0.776425018 0.242900009 0.237999992
v 0.778925018 0.242999992 0.242000008
v 0.778925018 0.245 0.242000008
v 0.776425018 0.244900017 0.237999992
v 0.773424988 0.242900009 0.237999992
v 0.776425018 0.242900009 0.237999992
v 0.776425018 0.244900017 0.237999992
v 0.773424988 0.244900017 0.237999992
v 0.776425018 0.117099991 0.237999992
v 0.773424988 0.117099991 0.237999992
v 0.773424988 0.115099983 0.237999992
v 0.776425018 0.115099983 0.237999992
v 0.778925018 0.117000008 0.242000008
v 0.776425018 0.117099991 0.237999992
v 0.776425018 0.115099983 0.237999992
v 0.778925018 0.115 0.242000008
v 0.770924988 0.242999992 0.242000008
v 0.773424988 0.242900009 0.237999992
v 0.773424988 0.244900017 0.237999992
v 0.770924988 0.245 0.242000008
v 0.773424988 0.117099991 0.237999992
v 0.770924988 0.117000008 0.242000008
v 0.770924988 0.115 0.242000008
v 0.773424988 0.115099983 0.237999992
v 0.794925003 0.117999992 0.121999998
v 0.794925003 0.242000008 0.121999998
v 0.798925018 0.245 0.242000008
v 0.798925018 0.115 0.242000008
v 0.754925003 0.242000008 0.121999998
v 0.754925003 0.117999992 0.121999998
v 0.750924988 0.115 0.242000008
v 0.750924988 0.245 0.242000008
v 0.794925003 0.242000008 0.121999998
v 0.794925003 0.117999992 0.121999998
v 0.754925003 0.117999992 0.121999998
v 0.754925003 0.242000008 0.121999998
v 0.756824989 0.119925003 0.125
v 0.756824989 0.240074997 0.125
v 0.752924995 0.242999992 0.242000008
v 0.752924995 0.117000008 0.242000008
v 0.793025017 0.240074997 0.125
v 0.793025017 0.119925003 0.125
v 0.796925011 0.117000008 0.242000008
v 0.796925011 0.242999992 0.242000008
v 0.776425018 0.244900017 0.237999992
v 0.778925018 0.245 0.242000008
v 0.798925018 0.245 0.242000008
v 0.794925003 0.242000008 0.121999998
v 0.754925003 0.242000008 0.121999998
v 0.750924988 0.245 0.242000008
v 0.770924988 0.245 0.242000008
v 0.773424988 0.244900017 0.237999992
v 0.778925018 0.245 0.242000008
v 0.778925018 0.242999992 0.242000008
v 0.796925011 0.242999992 0.242000008
v 0.796925011 0.117000008 0.242000008
v 0.778925018 0.117000008 0.242000008
v 0.778925018 0.115 0.242000008
v 0.798925018 0.115 0.242000008
v 0.798925018 0.245 0.242000008
v 0.793025017 0.119925003 0.125
v 0.793025017 0.240074997 0.125
v 0.756824989 0.240074997 0.125
v 0.756824989 0.119925003 0.125
v 0.773424988 0.115099983 0.237999992
v 0.770924988 0.115 0.242000008
v 0.750924988 0.115 0.242000008
v 0.754925003 0.117999992 0.121999998
v 0.794925003 0.117999992 0.121999998
v 0.798925018 0.115 0.242000008
v 0.778925018 0.115 0.242000008
v 0.776425018 0.115099983 0.237999992
f 2879 2880 2886
f 2886 2880 2881
f 2886 2881 2882
f 2886 2882 2885
f 2885 2882 2883
f 2885 2883 2884
f 2887 2888 2894
f 2894 2888 2893
f 2893 2888 2892
f 2892 2888 2889
f 2892 2889 2891
f 2891 2889 2890
f 2895 2896 2902
f 2902 2896 2901
f 2901 2896 2897
f 2901 2897 2900
f 2900 2897 2899
f 2899 2897 2898
f 2903 2904 2906
f 2906 2904 2905
f 2907 2908 2910
f 2910 2908 2909
f 2911 2912 2914
f 2914 2912 2913
f 2916 2917 2915
f 2915 2917 2918
f 2920 2921 2919
f 2919 2921 2922
f 2923 2924 2926
f 2926 2924 2925
f 2927 2928 2930
f 2930 2928 2929
f 2932 2933 2931
f 2931 2933 2934
f 2936 2937 2935
f 2935 2937 2938
f 2939 2940 2942
f 2942 2940 2941
f 2944 2945 2943
f 2943 2945 2946
f 2948 2949 2947
f 2947 2949 2950
f 2947 2950 2951
f 2947 2951 2954
f 2954 2951 2952
f 2954 2952 2953
f 2956 2957 2955
f 2955 2957 2962
f 2962 2957 2961
f 2961 2957 2958
f 2961 2958 2960
f 2960 2958 2959
f 2964 2965 2963
f 2963 2965 2966
f 2968 2969 2967
f 2967 2969 2970
f 2967 2970 2974
f 2974 2970 2971
f 2974 2971 2972
f 2972 2973 2974
v 0.827924995 0.242999992 0.242000008
v 0.827924995 0.245 0.242000008
v 0.807924995 0.245 0.242000008
v 0.807924995 0.115 0.242000008
v 0.827924995 0.115 0.242000008
v 0.827924995 0.117000008 0.242000008
v 0.809925003 0.117000008 0.242000008
v 0.809925003 0.242999992 0.242000008
v 0.835924988 0.242999992 0.242000008
v 0.833424988 0.242900009 0.237999992
v 0.830424995 0.242900009 0.237999992
v 0.827924995 0.242999992 0.242000008
v 0.809925003 0.242999992 0.242000008
v 0.813824997 0.240074997 0.125
v 0.850024986 0.240074997 0.125
v 0.853925018 0.242999992 0.242000008
v 0.827924995 0.117000008 0.242000008
v 0.830424995 0.117099991 0.237999992
v 0.833424988 0.117099991 0.237999992
v 0.835924988 0.117000008 0.242000008
v 0.853925018 0.117000008 0.242000008
v 0.850024986 0.119925003 0.125
v 0.813824997 0.119925003 0.125
v 0.809925003 0.117000008 0.242000008
v 0.833424988 0.242900009 0.237999992
v 0.835924988 0.242999992 0.242000008
v 0.835924988 0.245 0.242000008
v 0.833424988 0.244900017 0.237999992
v 0.830424995 0.242900009 0.237999992
v 0.833424988 0.242900009 0.237999992
v 0.833424988 0.244900017 0.237999992
v 0.830424995 0.244900017 0.237999992
v 0.833424988 0.117099991 0.237999992
v 0.830424995 0.117099991 0.237999992
v 0.830424995 0.115099983 0.237999992
v 0.833424988 0.115099983 0.237999992
v 0.835924988 0.117000008 0.242000008
v 0.833424988 0.117099991 0.237999992
v 0.833424988 0.115099983 0.237999992
v 0.835924988 0.115 0.242000008
v 0.827924995 0.242999992 0.242000008
v 0.830424995 0.242900009 0.237999992
v 0.830424995 0.244900017 0.237999992
v 0.827924995 0.245 0.242000008
v 0.830424995 0.117099991 0.237999992
v 0.827924995 0.117000008 0.242000008
v 0.827924995 0.115 0.242000008
v 0.830424995 0.115099983 0.237999992
v 0.851925011 0.117999992 0.121999998
v 0.851925011 0.242000008 0.121999998
v 0.855924988 0.245 0.242000008
v 0.855924988 0.115 0.242000008
v 0.811925011 0.242000008 0.121999998
v 0.811925011 0.117999992 0.121999998
v 0.807924995 0.115 0.242000008
v 0.807924995 0.245 0.242000008
v 0.851925011 0.242000008 0.121999998
v 0.851925011 0.117999992 0.121999998
v 0.811925011 0.117999992 0.121999998
v 0.811925011 0.242000008 0.121999998
v 0.813824997 0.119925003 0.125
v 0.813824997 0.240074997 0.125
v 0.809925003 0.242999992 0.242000008
v 0.809925003 0.117000008 0.242000008
v 0.850024986 0.240074997 0.125
v 0.850024986 0.119925003 0.125
v 0.853925018 0.117000008 0.242000008
v 0.853925018 0.242999992 0.242000008
v 0.833424988 0.244900017 0.237999992
v 0.835924988 0.245 0.242000008
v 0.855924988 0.245 0.242000008
v 0.851925011 0.242000008 0.121999998
v 0.811925011 0.242000008 0.121999998
v 0.807924995 0.245 0.242000008
v 0.827924995 0.245 0.242000008
v 0.830424995 0.244900017 0.237999992
v 0.835924988 0.245 0.242000008
v 0.835924988 0.242999992 0.242000008
v 0.853925018 0.242999992 0.242000008
v 0.853925018 0.117000008 0.242000008
v 0.835924988 0.117000008 0.242000008
v 0.835924988 0.115 0.242000008
v 0.855924988 0.115 0.242000008
v 0.855924988 0.245 0.242000008
v 0.850024986 0.119925003 0.125
v 0.850024986 0.240074997 0.125
v 0.813824997 0.240074997 0.125
v 0.813824997 0.119925003 0.125
v 0.830424995 0.115099983 0.237999992
v 0.827924995 0.115 0.242000008
v 0.807924995 0.115 0.242000008
v 0.811925011 0.117999992 0.121999998
v 0.851925011 0.117999992 0.121999998
v 0.855924988 0.115 0.242000008
v 0.835924988 0.115 0.242000008
v 0.833424988 0.115099983 0.237999992
f 2975 2976 2982
f 2982 2976 2977
f 2982 2977 2978
f 2982 2978 2981
f 2981 2978 2979
f 2981 2979 2980
f 2983 2984 2990
f 2990 2984 2989
f 2989 2984 2988
f 2988 2984 2985
f 2988 2985 2987
f 2987 2985 2986
f 2991 2992 2998
f 2998 2992 2997
f 2997 2992 2993
f 2997 2993 2996
f 2996 2993 2995
f 2995 2993 2994
f 2999 3000 3002
f 3002 3000 3001
f 3003 3004 3006
f 3006 3004 3005
f 3007 3008 3010
f 3010 3008 3009
f 3012 3013 3011
f 3011 3013 3014
f 3016 3017 3015
f 3015 3017 3018
f 3019 3020 3022
f 3022 3020 3021
f 3023 3024 3026
f 3026 3024 3025
f 3028 3029 3027
f 3027 3029 3030
f 3032 3033 3031
f 3031 3033 3034
f 3035 3036 3038
f 3038 3036 3037
f 3040 3041 3039
f 3039 3041 3042
f 3044 3045 3043
f 3043 3045 3046
f 3043 3046 3047
f 3043 3047 3050
f 3050 3047 3048
f 3050 3048 3049
f 3052 3053 3051
f 3051 3053 3058
f 3058 3053 3057
f 3057 3053 3054
f 3057 3054 3056
f 3056 3054 3055
f 3060 3061 3059
f 3059 3061 3062
f 3064 3065 3063
f 3063 3065 3066
f 3063 3066 3070
f 3070 3066 3067
f 3070 3067 3068
f 3068 3069 3070
v 0.884925003 0.242999992 0.242000008
v 0.884925003 0.245 0.242000008
v 0.864925003 0.245 0.242000008
v 0.864925003 0.115 0.242000008
v 0.884925003 0.115 0.242000008
v 0.884925003 0.117000008 0.242000008
v 0.866925011 0.117000008 0.242000008
v 0.866925011 0.242999992 0.242000008
v 0.892924995 0.242999992 0.242000008
v 0.890424995 0.242900009 0.237999992
v 0.887425003 0.242900009 0.237999992
v 0.884925003 0.242999992 0.242000008
v 0.866925011 0.242999992 0.242000008
v 0.870825005 0.240074997 0.125
v 0.907024994 0.240074997 0.125
v 0.910924988 0.242999992 0.242000008
v 0.884925003 0.117000008 0.242000008
v 0.887425003 0.117099991 0.237999992
v 0.890424995 0.117099991 0.237999992
v 0.892924995 0.117000008 0.242000008
v 0.910924988 0.117000008 0.242000008
v 0.907024994 0.119925003 0.125
v 0.870825005 0.119925003 0.125
v 0.866925011 0.117000008 0.242000008
v 0.890424995 0.242900009 0.237999992
v 0.892924995 0.242999992 0.242000008
v 0.892924995 0.245 0.242000008
v 0.890424995 0.244900017 0.237999992
v 0.887425003 0.242900009 0.237999992
v 0.890424995 0.242900009 0.237999992
v 0.890424995 0.244900017 0.237999992
v 0.887425003 0.244900017 0.237999992
v 0.890424995 0.117099991 0.237999992
v 0.887425003 0.117099991 0.237999992
v 0.887425003 0.115099983 0.237999992
v 0.890424995 0.115099983 0.237999992
v 0.892924995 0.117000008 0.242000008
v 0.890424995 0.117099991 0.237999992
v 0.890424995 0.115099983 0.237999992
v 0.892924995 0.115 0.242000008
v 0.884925003 0.242999992 0.242000008
v 0.887425003 0.242900009 0.237999992
v 0.887425003 0.244900017 0.237999992
v 0.884925003 0.245 0.242000008
v 0.887425003 0.117099991 0.237999992
v 0.884925003 0.117000008 0.242000008
v 0.884925003 0.115 0.242000008
v 0.887425003 0.115099983 0.237999992
v 0.908925018 0.117999992 0.121999998
v 0.908925018 0.242000008 0.121999998
v 0.912924995 0.245 0.242000008
v 0.912924995 0.115 0.242000008
v 0.868925018 0.242000008 0.121999998
v 0.868925018 0.117999992 0.121999998
v 0.864925003 0.115 0.242000008
v 0.864925003 0.245 0.242000008
v 0.908925018 0.242000008 0.121999998
v 0.908925018 0.117999992 0.121999998
v 0.868925018 0.117999992 0.121999998
v 0.868925018 0.242000008 0.121999998
v 0.870825005 0.119925003 0.125
v 0.870825005 0.240074997 0.125
v 0.866925011 0.242999992 0.242000008
v 0.866925011 0.117000008 0.242000008
v 0.907024994 0.240074997 0.125
v 0.907024994 0.119925003 0.125
v 0.910924988 0.117000008 0.242000008
v 0.910924988 0.242999992 0.242000008
v 0.890424995 0.244900017 0.237999992
v 0.892924995 0.245 0.242000008
v 0.912924995 0.245 0.242000008
v 0.908925018 0.242000008 0.121999998
v 0.868925018 0.242000008 0.121999998
v 0.864925003 0.245 0.242000008
v 0.884925003 0.245 0.242000008
v 0.887425003 0.244900017 0.237999992
v 0.892924995 0.245 0.242000008
v 0.892924995 0.242999992 0.242000008
v 0.910924988 0.242999992 0.242000008
v 0.910924988 0.117000008 0.242000008
v 0.892924995 0.117000008 0.242000008
v 0.892924995 0.115 0.242000008
v 0.912924995 0.115 0.242000008
v 0.912924995 0.245 0.242000008
v 0.907024994 0.119925003 0.125
v 0.907024994 0.240074997 0.125
v 0.870825005 0.240074997 0.125
v 0.870825005 0.119925003 0.125
v 0.887425003 0.115099983 0.237999992
v 0.884925003 0.115 0.242000008
v 0.864925003 0.115 0.242000008
v 0.868925018 0.117999992 0.121999998
v 0.908925018 0.117999992 0.121999998
v 0.912924995 0.115 0.242000008
v 0.892924995 0.115 0.242000008
v 0.890424995 0.115099983 0.237999992
f 3071 3072 3078
f 3078 3072 3073
f 3078 3073 3074
f 3078 3074 3077
f 3077 3074 3075
f 3077 3075 3076
f 3079 3080 3086
f 3086 3080 3085
f 3085 3080 3084
f 3084 3080 3081
f 3084 3081 3083
f 3083 3081 3082
f 3087 3088 3094
f 3094 3088 3093
f 3093 3088 3089
f 3093 3089 3092
f 3092 3089 3091
f 3091 3089 3090
f 3095 3096 3098
f 3098 3096 3097
f 3099 3100 3102
f 3102 3100 3101
f 3103 3104 3106
f 3106 3104 3105
f 3108 3109 3107
f 3107 3109 3110
f 3112 3113 3111
f 3111 3113 3114
f 3115 3116 3118
f 3118 3116 3117
f 3119 3120 3122
f 3122 3120 3121
f 3124 3125 3123
f 3123 3125 3126
f 3128 3129 3127
f 3127 3129 3130
f 3131 3132 3134
f 3134 3132 3133
f 3136 3137 3135
f 3135 3137 3138
f 3140 3141 3139
f 3139 3141 3142
f 3139 3142 3143
f 3139 3143 3146
f 3146 3143 3144
f 3146 3144 3145
f 3148 3149 3147
f 3147 3149 3154
f 3154 3149 3153
f 3153 3149 3150
f 3153 3150 3152
f 3152 3150 3151
f 3156 3157 3155
f 3155 3157 3158
f 3160 3161 3159
f 3159 3161 3162
f 3159 3162 3166
f 3166 3162 3163
f 3166 3163 3164
f 3164 3165 3166
v 0.941925011 0.242999992 0.242000008
v 0.941925011 0.245 0.242000008
v 0.921925011 0.245 0.242000008
v 0.921925011 0.115 0.242000008
v 0.941925011 0.115 0.242000008
v 0.941925011 0.117000008 0.242000008
v 0.923925018 0.117000008 0.242000008
v 0.923925018 0.242999992 0.242000008
v 0.949925003 0.242999992 0.242000008
v 0.947425003 0.242900009 0.237999992
v 0.944425011 0.242900009 0.237999992
v 0.941925011 0.242999992 0.242000008
v 0.923925018 0.242999992 0.242000008
v 0.927825012 0.240074997 0.125
v 0.964025002 0.240074997 0.125
v 0.967924995 0.242999992 0.242000008
v 0.941925011 0.117000008 0.242000008
v 0.944425011 0.117099991 0.237999992
v 0.947425003 0.117099991 0.237999992
v 0.949925003 0.117000008 0.242000008
v 0.967924995 0.117000008 0.242000008
v 0.964025002 0.119925003 0.125
v 0.927825012 0.119925003 0.125
v 0.923925018 0.117000008 0.242000008
v 0.947425003 0.242900009 0.237999992
v 0.949925003 0.242999992 0.242000008
v 0.949925003 0.245 0.242000008
v 0.947425003 0.244900017 0.237999992
v 0.944425011 0.242900009 0.237999992
v 0.947425003 0.242900009 0.237999992
v 0.947425003 0.244900017 0.237999992
v 0.944425011 0.244900017 0.237999992
v 0.947425003 0.117099991 0.237999992
v 0.944425011 0.117099991 0.237999992
v 0.944425011 0.115099983 0.237999992
v 0.947425003 0.115099983 0.237999992
v 0.949925003 0.117000008 0.242000008
v 0.947425003 0.117099991 0.237999992
v 0.947425003 0.115099983 0.237999992
v 0.949925003 0.115 0.242000008
v 0.941925011 0.242999992 0.242000008
v 0.944425011 0.242900009 0.237999992
v 0.944425011 0.244900017 0.237999992
v 0.941925011 0.245 0.242000008
v 0.944425011 0.117099991 0.237999992
v 0.941925011 0.117000008 0.242000008
v 0.941925011 0.115 0.242000008
v 0.944425011 0.115099983 0.237999992
v 0.965924988 0.117999992 0.121999998
v 0.965924988 0.242000008 0.121999998
v 0.969925003 0.245 0.242000008
v 0.969925003 0.115 0.242000008
v 0.925924988 0.242000008 0.121999998
v 0.925924988 0.117999992 0.121999998
v 0.921925011 0.115 0.242000008
v 0.921925011 0.245 0.242000008
v 0.965924988 0.242000008 0.121999998
v 0.965924988 0.117999992 0.121999998
v 0.925924988 0.117999992 0.121999998
v 0.925924988 0.242000008 0.121999998
v 0.927825012 0.119925003 0.125
v 0.927825012 0.240074997 0.125
v 0.923925018 0.242999992 0.242000008
v 0.923925018 0.117000008 0.242000008
v 0.964025002 0.240074997 0.125
v 0.964025002 0.119925003 0.125
v 0.967924995 0.117000008 0.242000008
v 0.967924995 0.242999992 0.242000008
v 0.947425003 0.244900017 0.237999992
v 0.949925003 0.245 0.242000008
v 0.969925003 0.245 0.242000008
v 0.965924988 0.242000008 0.121999998
v 0.925924988 0.242000008 0.121999998
v 0.921925011 0.245 0.242000008
v 0.941925011 0.245 0.242000008
v 0.944425011 0.244900017 0.237999992
v 0.949925003 0.245 0.242000008
v 0.949925003 0.242999992 0.242000008
v 0.967924995 0.242999992 0.242000008
v 0.967924995 0.117000008 0.242000008
v 0.949925003 0.117000008 0.242000008
v 0.949925003 0.115 0.242000008
v 0.969925003 0.115 0.242000008
v 0.969925003 0.245 0.242000008
v 0.964025002 0.119925003 0.125
v 0.964025002 0.240074997 0.125
v 0.927825012 0.240074997 0.125
v 0.927825012 0.119925003 0.125
v 0.944425011 0.115099983 0.237999992
v 0.941925011 0.115 0.242000008
v 0.921925011 0.115 0.242000008
v 0.925924988 0.117999992 0.121999998
v 0.965924988 0.117999992 0.121999998
v 0.969925003 0.115 0.242000008
v 0.949925003 0.115 0.242000008
v 0.947425003 0.115099983 0.237999992
f 3167 3168 3174
f 3174 3168 3169
f 3174 3169 3170
f 3174 3170 3173
f 3173 3170 3171
f 3173 3171 3172
f 3175 3176 3182
f 3182 3176 3181
f 3181 3176 3180
f 3180 3176 3177
f 3180 3177 3179
f 3179 3177 3178
f 3183 3184 3190
f 3190 3184 3189
f 3189 3184 3185
f 3189 3185 3188
f 3188 3185 3187
f 3187 3185 3186
f 3191 3192 3194
f 3194 3192 3193
f 3195 3196 3198
f 3198 3196 3197
f 3199 3200 3202
f 3202 3200 3201
f 3204 3205 3203
f 3203 3205 3206
f 3208 3209 3207
f 3207 3209 3210
f 3211 3212 3214
f 3214 3212 3213
f 3215 3216 3218
f 3218 3216 3217
f 3220 3221 3219
f 3219 3221 3222
f 3224 3225 3223
f 3223 3225 3226
f 3227 3228 3230
f 3230 3228 3229
f 3232 3233 3231
f 3231 3233 3234
f 3236 3237 3235
f 3235 3237 3238
f 3235 3238 3239
f 3235 3239 3242
f 3242 3239 3240
f 3242 3240 3241
f 3244 3245 3243
f 3243 3245 3250
f 3250 3245 3249
f 3249 3245 3246
f 3249 3246 3248
f 3248 3246 3247
f 3252 3253 3251
f 3251 3253 3254
f 3256 3257 3255
f 3255 3257 3258
f 3255 3258 3262
f 3262 3258 3259
f 3262 3259 3260
f 3260 3261 3262
v 0.998925018 0.242999992 0.242000008
v 0.998925018 0.245 0.242000008
v 0.978925018 0.245 0.242000008
v 0.978925018 0.115 0.242000008
v 0.998925018 0.115 0.242000008
v 0.998925018 0.117000008 0.242000008
v 0.980924988 0.117000008 0.242000008
v 0.980924988 0.242999992 0.242000008
v 1.00692497 0.242999992 0.242000008
v 1.00442497 0.242900009 0.237999992
v 1.00142502 0.242900009 0.237999992
v 0.998925018 0.242999992 0.242000008
v 0.980924988 0.242999992 0.242000008
v 0.984824982 0.240074997 0.125
v 1.02102501 0.240074997 0.125
v 1.024925 0.242999992 0.242000008
v 0.998925018 0.117000008 0.242000008
v 1.00142502 0.117099991 0.237999992
v 1.00442497 0.117099991 0.237999992
v 1.00692497 0.117000008 0.242000008
v 1.024925 0.117000008 0.242000008
v 1.02102501 0.119925003 0.125
v 0.984824982 0.119925003 0.125
v 0.980924988 0.117000008 0.242000008
v 1.00442497 0.242900009 0.237999992
v 1.00692497 0.242999992 0.242000008
v 1.00692497 0.245 0.242000008
v 1.00442497 0.244900017 0.237999992
v 1.00142502 0.242900009 0.237999992
v 1.00442497 0.242900009 0.237999992
v 1.00442497 0.244900017 0.237999992
v 1.00142502 0.244900017 0.237999992
v 1.00442497 0.117099991 0.237999992
v 1.00142502 0.117099991 0.237999992
v 1.00142502 0.115099983 0.237999992
v 1.00442497 0.115099983 0.237999992
v 1.00692497 0.117000008 0.242000008
v 1.00442497 0.117099991 0.237999992
v 1.00442497 0.115099983 0.237999992
v 1.00692497 0.115 0.242000008
v 0.998925018 0.242999992 0.242000008
v 1.00142502 0.242900009 0.237999992
v 1.00142502 0.244900017 0.237999992
v 0.998925018 0.245 0.242000008
v 1.00142502 0.117099991 0.237999992
v 0.998925018 0.117000008 0.242000008
v 0.998925018 0.115 0.242000008
v 1.00142502 0.115099983 0.237999992
v 1.02292503 0.117999992 0.121999998
v 1.02292503 0.242000008 0.121999998
v 1.02692497 0.245 0.242000008
v 1.02692497 0.115 0.242000008
v 0.982924995 0.242000008 0.121999998
v 0.982924995 0.117999992 0.121999998
v 0.978925018 0.115 0.242000008
v 0.978925018 0.245 0.242000008
v 1.02292503 0.242000008 0.121999998
v 1.02292503 0.117999992 0.121999998
v 0.982924995 0.117999992 0.121999998
v 0.982924995 0.242000008 0.121999998
v 0.984824982 0.119925003 0.125
v 0.984824982 0.240074997 0.125
v 0.980924988 0.242999992 0.242000008
v 0.980924988 0.117000008 0.242000008
v 1.02102501 0.240074997 0.125
v 1.02102501 0.119925003 0.125
v 1.024925 0.117000008 0.242000008
v 1.024925 0.242999992 0.242000008
v 1.00442497 0.244900017 0.237999992
v 1.00692497 0.245 0.242000008
v 1.02692497 0.245 0.242000008
v 1.02292503 0.242000008 0.121999998
v 0.982924995 0.242000008 0.121999998
v 0.978925018 0.245 0.242000008
v 0.998925018 0.245 0.242000008
v 1.00142502 0.244900017 0.237999992
v 1.00692497 0.245 0.242000008
v 1.00692497 0.242999992 0.242000008
v 1.024925 0.242999992 0.242000008
v 1.024925 0.117000008 0.242000008
v 1.00692497 0.117000008 0.242000008
v 1.00692497 0.115 0.242000008
v 1.02692497 0.115 0.242000008
v 1.02692497 0.245 0.242000008
v 1.02102501 0.119925003 0.125
v 1.02102501 0.240074997 0.125
v 0.984824982 0.240074997 0.125
v 0.984824982 0.119925003 0.125
v 1.00142502 0.115099983 0.237999992
v 0.998925018 0.115 0.242000008
v 0.978925018 0.115 0.242000008
v 0.982924995 0.117999992 0.121999998
v 1.02292503 0.117999992 0.121999998
v 1.02692497 0.115 0.242000008
v 1.00692497 0.115 0.242000008
v 1.00442497 0.115099983 0.237999992
f 3263 3264 3270
f 3270 3264 3265
f 3270 3265 3266
f 3270 3266 3269
f 3269 3266 3267
f 3269 3267 3268
f 3271 3272 3278
f 3278 3272 3277
f 3277 3272 3276
f 3276 3272 3273
f 3276 3273 3275
f 3275 3273 3274
f 3279 3280 3286
f 3286 3280 3285
f 3285 3280 3281
f 3285 3281 3284
f 3284 3281 3283
f 3283 3281 3282
f 3287 3288 3290
f 3290 3288 3289
f 3291 3292 3294
f 3294 3292 3293
f 3295 3296 3298
f 3298 3296 3297
f 3300 3301 3299
f 3299 3301 3302
f 3304 3305 3303
f 3303 3305 3306
f 3307 3308 3310
f 3310 3308 3309
f 3311 3312 3314
f 3314 3312 3313
f 3316 3317 3315
f 3315 3317 3318
f 3320 3321 3319
f 3319 3321 3322
f 3323 3324 3326
f 3326 3324 3325
f 3328 3329 3327
f 3327 3329 3330
f 3332 3333 3331
f 3331 3333 3334
f 3331 3334 3335
f 3331 3335 3338
f 3338 3335 3336
f 3338 3336 3337
f 3340 3341 3339
f 3339 3341 3346
f 3346 3341 3345
f 3345 3341 3342
f 3345 3342 3344
f 3344 3342 3343
f 3348 3349 3347
f 3347 3349 3350
f 3352 3353 3351
f 3351 3353 3354
f 3351 3354 3358
f 3358 3354 3355
f 3358 3355 3356
f 3356 3357 3358
v 1.05592499 0.242999992 0.242000008
v 1.05592499 0.245 0.242000008
v 1.03592499 0.245 0.242000008
v 1.03592499 0.115 0.242000008
v 1.05592499 0.115 0.242000008
v 1.05592499 0.117000008 0.242000008
v 1.03792503 0.117000008 0.242000008
v 1.03792503 0.242999992 0.242000008
v 1.06392502 0.242999992 0.242000008
v 1.06142502 0.242900009 0.237999992
v 1.05842499 0.242900009 0.237999992
v 1.05592499 0.242999992 0.242000008
v 1.03792503 0.242999992 0.242000008
v 1.04182503 0.240074997 0.125
v 1.07802498 0.240074997 0.125
v 1.08192497 0.242999992 0.242000008
v 1.05592499 0.117000008 0.242000008
v 1.05842499 0.117099991 0.237999992
v 1.06142502 0.117099991 0.237999992
v 1.06392502 0.117000008 0.242000008
v 1.08192497 0.117000008 0.242000008
v 1.07802498 0.119925003 0.125
v 1.04182503 0.119925003 0.125
v 1.03792503 0.117000008 0.242000008
v 1.06142502 0.242900009 0.237999992
v 1.06392502 0.242999992 0.242000008
v 1.06392502 0.245 0.242000008
v 1.06142502 0.244900017 0.237999992
v 1.05842499 0.242900009 0.237999992
v 1.06142502 0.242900009 0.237999992
v 1.06142502 0.244900017 0.237999992
v 1.05842499 0.244900017 0.237999992
v 1.06142502 0.117099991 0.237999992
v 1.05842499 0.117099991 0.237999992
v 1.05842499 0.115099983 0.237999992
v 1.06142502 0.115099983 0.237999992
v 1.06392502 0.117000008 0.242000008
v 1.06142502 0.117099991 0.237999992
v 1.06142502 0.115099983 0.237999992
v 1.06392502 0.115 0.242000008
v 1.05592499 0.242999992 0.242000008
v 1.05842499 0.242900009 0.237999992
v 1.05842499 0.244900017 0.237999992
v 1.05592499 0.245 0.242000008
v 1.05842499 0.117099991 0.237999992
v 1.05592499 0.117000008 0.242000008
v 1.05592499 0.115 0.242000008
v 1.05842499 0.115099983 0.237999992
v 1.079925 0.117999992 0.121999998
v 1.079925 0.242000008 0.121999998
v 1.08392502 0.245 0.242000008
v 1.08392502 0.115 0.242000008
v 1.039925 0.242000008 0.121999998
v 1.039925 0.117999992 0.121999998
v 1.03592499 0.115 0.242000008
v 1.03592499 0.245 0.242000008
v 1.079925 0.242000008 0.121999998
v 1.079925 0.117999992 0.121999998
v 1.039925 0.117999992 0.121999998
v 1.039925 0.242000008 0.121999998
v 1.04182503 0.119925003 0.125
v 1.04182503 0.240074997 0.125
v 1.03792503 0.242999992 0.242000008
v 1.03792503 0.117000008 0.242000008
v 1.07802498 0.240074997 0.125
v 1.07802498 0.119925003 0.125
v 1.08192497 0.117000008 0.242000008
v 1.08192497 0.242999992 0.242000008
v 1.06142502 0.244900017 0.237999992
v 1.06392502 0.245 0.242000008
v 1.08392502 0.245 0.242000008
v 1.079925 0.242000008 0.121999998
v 1.039925 0.242000008 0.121999998
v 1.03592499 0.245 0.242000008
v 1.05592499 0.245 0.242000008
v 1.05842499 0.244900017 0.237999992
v 1.06392502 0.245 0.242000008
v 1.06392502 0.242999992 0.242000008
v 1.08192497 0.242999992 0.242000008
v 1.08192497 0.117000008 0.242000008
v 1.06392502 0.117000008 0.242000008
v 1.06392502 0.115 0.242000008
v 1.08392502 0.115 0.242000008
v 1.08392502 0.245 0.242000008
v 1.07802498 0.119925003 0.125
v 1.07802498 0.240074997 0.125
v 1.04182503 0.240074997 0.125
v 1.04182503 0.119925003 0.125
v 1.05842499 0.115099983 0.237999992
v 1.05592499 0.115 0.242000008
v 1.03592499 0.115 0.242000008
v 1.039925 0.117999992 0.121999998
v 1.079925 0.117999992 0.121999998
v 1.08392502 0.115 0.242000008
v 1.06392502 0.115 0.242000008
v 1.06142502 0.115099983 0.237999992
f 3359 3360 3366
f 3366 3360 3361
f 3366 3361 3362
f 3366 3362 3365
f 3365 3362 3363
f 3365 3363 3364
f 3367 3368 3374
f 3374 3368 3373
f 3373 3368 3372
f 3372 3368 3369
f 3372 3369 3371
f 3371 3369 3370
f 3375 3376 3382
f 3382 3376 3381
f 3381 3376 3377
f 3381 3377 3380
f 3380 3377 3379
f 3379 3377 3378
f 3383 3384 3386
f 3386 3384 3385
f 3387 3388 3390
f 3390 3388 3389
f 3391 3392 3394
f 3394 3392 3393
f 3396 3397 3395
f 3395 3397 3398
f 3400 3401 3399
f 3399 3401 3402
f 3403 3404 3406
f 3406 3404 3405
f 3407 3408 3410
f 3410 3408 3409
f 3412 3413 3411
f 3411 3413 3414
f 3416 3417 3415
f 3415 3417 3418
f 3419 3420 3422
f 3422 3420 3421
f 3424 3425 3423
f 3423 3425 3426
f 3428 3429 3427
f 3427 3429 3430
f 3427 3430 3431
f 3427 3431 3434
f 3434 3431 3432
f 3434 3432 3433
f 3436 3437 3435
f 3435 3437 3442
f 3442 3437 3441
f 3441 3437 3438
f 3441 3438 3440
f 3440 3438 3439
f 3444 3445 3443
f 3443 3445 3446
f 3448 3449 3447
f 3447 3449 3450
f 3447 3450 3454
f 3454 3450 3451
f 3454 3451 3452
f 3452 3453 3454
v 0.656924992 -0.137000008 0.242000008
v 0.656924992 -0.135 0.242000008
v 0.636924992 -0.135 0.242000008
v 0.636924992 -0.265 0.242000008
v 0.656924992 -0.265 0.242000008
v 0.656924992 -0.263 0.242000008
v 0.638924999 -0.263 0.242000008
v 0.638924999 -0.137000008 0.242000008
v 0.664925003 -0.137000008 0.242000008
v 0.662425003 -0.137099991 0.237999992
v 0.659424992 -0.137099991 0.237999992
v 0.656924992 -0.137000008 0.242000008
v 0.638924999 -0.137000008 0.242000008
v 0.642824993 -0.139925003 0.125
v 0.679025002 -0.139925003 0.125
v 0.682924995 -0.137000008 0.242000008
v 0.656924992 -0.263 0.242000008
v 0.659424992 -0.2629 0.237999992
v 0.662425003 -0.2629 0.237999992
v 0.664925003 -0.263 0.242000008
v 0.682924995 -0.263 0.242000008
v 0.679025002 -0.260074999 0.125
v 0.642824993 -0.260074999 0.125
v 0.638924999 -0.263 0.242000008
v 0.662425003 -0.137099991 0.237999992
v 0.664925003 -0.137000008 0.242000008
v 0.664925003 -0.135 0.242000008
v 0.662425003 -0.135100002 0.237999992
v 0.659424992 -0.137099991 0.237999992
v 0.662425003 -0.137099991 0.237999992
v 0.662425003 -0.135100002 0.237999992
v 0.659424992 -0.135100002 0.237999992
v 0.662425003 -0.2629 0.237999992
v 0.659424992 -0.2629 0.237999992
v 0.659424992 -0.2649 0.237999992
v 0.662425003 -0.2649 0.237999992
v 0.664925003 -0.263 0.242000008
v 0.662425003 -0.2629 0.237999992
v 0.662425003 -0.2649 0.237999992
v 0.664925003 -0.265 0.242000008
v 0.656924992 -0.137000008 0.242000008
v 0.659424992 -0.137099991 0.237999992
v 0.659424992 -0.135100002 0.237999992
v 0.656924992 -0.135 0.242000008
v 0.659424992 -0.2629 0.237999992
v 0.656924992 -0.263 0.242000008
v 0.656924992 -0.265 0.242000008
v 0.659424992 -0.2649 0.237999992
v 0.680924988 -0.262 0.121999998
v 0.680924988 -0.137999992 0.121999998
v 0.684925003 -0.135 0.242000008
v 0.684925003 -0.265 0.242000008
v 0.640925007 -0.137999992 0.121999998
v 0.640925007 -0.262 0.121999998
v 0.636924992 -0.265 0.242000008
v 0.636924992 -0.135 0.242000008
v 0.680924988 -0.137999992 0.121999998
v 0.680924988 -0.262 0.121999998
v 0.640925007 -0.262 0.121999998
v 0.640925007 -0.137999992 0.121999998
v 0.642824993 -0.260074999 0.125
v 0.642824993 -0.139925003 0.125
v 0.638924999 -0.137000008 0.242000008
v 0.638924999 -0.263 0.242000008
v 0.679025002 -0.139925003 0.125
v 0.679025002 -0.260074999 0.125
v 0.682924995 -0.263 0.242000008
v 0.682924995 -0.137000008 0.242000008
v 0.662425003 -0.135100002 0.237999992
v 0.664925003 -0.135 0.242000008
v 0.684925003 -0.135 0.242000008
v 0.680924988 -0.137999992 0.121999998
v 0.640925007 -0.137999992 0.121999998
v 0.636924992 -0.135 0.242000008
v 0.656924992 -0.135 0.242000008
v 0.659424992 -0.135100002 0.237999992
v 0.664925003 -0.135 0.242000008
v 0.664925003 -0.137000008 0.242000008
v 0.682924995 -0.137000008 0.242000008
v 0.682924995 -0.263 0.242000008
v 0.664925003 -0.263 0.242000008
v 0.664925003 -0.265 0.242000008
v 0.684925003 -0.265 0.242000008
v 0.684925003 -0.135 0.242000008
v 0.679025002 -0.260074999 0.125
v 0.679025002 -0.139925003 0.125
v 0.642824993 -0.139925003 0.125
v 0.642824993 -0.260074999 0.125
v 0.659424992 -0.2649 0.237999992
v 0.656924992 -0.265 0.242000008
v 0.636924992 -0.265 0.242000008
v 0.640925007 -0.262 0.121999998
v 0.680924988 -0.262 0.121999998
v 0.684925003 -0.265 0.242000008
v 0.664925003 -0.265 0.242000008
v 0.662425003 -0.2649 0.237999992
f 3455 3456 3462
f 3462 3456 3457
f 3462 3457 3458
f 3462 3458 3461
f 3461 3458 3459
f 3461 3459 3460
f 3463 3464 3470
f 3470 3464 3469
f 3469 3464 3468
f 3468 3464 3465
f 3468 3465 3467
f 3467 3465 3466
f 3471 3472 3478
f 3478 3472 3477
f 3477 3472 3473
f 3477 3473 3476
f 3476 3473 3475
f 3475 3473 3474
f 3479 3480 3482
f 3482 3480 3481
f 3483 3484 3486
f 3486 3484 3485
f 3487 3488 3490
f 3490 3488 3489
f 3492 3493 3491
f 3491 3493 3494
f 3496 3497 3495
f 3495 3497 3498
f 3499 3500 3502
f 3502 3500 3501
f 3503 3504 3506
f 3506 3504 3505
f 3508 3509 3507
f 3507 3509 3510
f 3512 3513 3511
f 3511 3513 3514
f 3515 3516 3518
f 3518 3516 3517
f 3520 3521 3519
f 3519 3521 3522
f 3524 3525 3523
f 3523 3525 3526
f 3523 3526 3527
f 3523 3527 3530
f 3530 3527 3528
f 3530 3528 3529
f 3532 3533 3531
f 3531 3533 3538
f 3538 3533 3537
f 3537 3533 3534
f 3537 3534 3536
f 3536 3534 3535
f 3540 3541 3539
f 3539 3541 3542
f 3544 3545 3543
f 3543 3545 3546
f 3543 3546 3550
f 3550 3546 3547
f 3550 3547 3548
f 3548 3549 3550
v 0.713925018 -0.137000008 0.242000008
v 0.713925018 -0.135 0.242000008
v 0.693925018 -0.135 0.242000008
v 0.693925018 -0.265 0.242000008
v 0.713925018 -0.265 0.242000008
v 0.713925018 -0.263 0.242000008
v 0.695924988 -0.263 0.242000008
v 0.695924988 -0.137000008 0.242000008
v 0.721925011 -0.137000008 0.242000008
v 0.719425011 -0.137099991 0.237999992
v 0.716425018 -0.137099991 0.237999992
v 0.713925018 -0.137000008 0.242000008
v 0.695924988 -0.137000008 0.242000008
v 0.699824982 -0.139925003 0.125
v 0.736025009 -0.139925003 0.125
v 0.739925003 -0.137000008 0.242000008
v 0.713925018 -0.263 0.242000008
v 0.716425018 -0.2629 0.237999992
v 0.719425011 -0.2629 0.237999992
v 0.721925011 -0.263 0.242000008
v 0.739925003 -0.263 0.242000008
v 0.736025009 -0.260074999 0.125
v 0.699824982 -0.260074999 0.125
v 0.695924988 -0.263 0.242000008
v 0.719425011 -0.137099991 0.237999992
v 0.721925011 -0.137000008 0.242000008
v 0.721925011 -0.135 0.242000008
v 0.719425011 -0.135100002 0.237999992
v 0.716425018 -0.137099991 0.237999992
v 0.719425011 -0.137099991 0.237999992
v 0.719425011 -0.135100002 0.237999992
v 0.716425018 -0.135100002 0.237999992
v 0.719425011 -0.2629 0.237999992
v 0.716425018 -0.2629 0.237999992
v 0.716425018 -0.2649 0.237999992
v 0.719425011 -0.2649 0.237999992
v 0.721925011 -0.263 0.242000008
v 0.719425011 -0.2629 0.237999992
v 0.719425011 -0.2649 0.237999992
v 0.721925011 -0.265 0.242000008
v 0.713925018 -0.137000008 0.242000008
v 0.716425018 -0.137099991 0.237999992
v 0.716425018 -0.135100002 0.237999992
v 0.713925018 -0.135 0.242000008
v 0.716425018 -0.2629 0.237999992
v 0.713925018 -0.263 0.242000008
v 0.713925018 -0.265 0.242000008
v 0.716425018 -0.2649 0.237999992
v 0.737924995 -0.262 0.121999998
v 0.737924995 -0.137999992 0.121999998
v 0.741925011 -0.135 0.242000008
v 0.741925011 -0.265 0.242000008
v 0.697924995 -0.137999992 0.121999998
v 0.697924995 -0.262 0.121999998
v 0.693925018 -0.265 0.242000008
v 0.693925018 -0.135 0.242000008
v 0.737924995 -0.137999992 0.121999998
v 0.737924995 -0.262 0.121999998
v 0.697924995 -0.262 0.121999998
v 0.697924995 -0.137999992 0.121999998
v 0.699824982 -0.260074999 0.125
v 0.699824982 -0.139925003 0.125
v 0.695924988 -0.137000008 0.242000008
v 0.695924988 -0.263 0.242000008
v 0.736025009 -0.139925003 0.125
v 0.736025009 -0.260074999 0.125
v 0.739925003 -0.263 0.242000008
v 0.739925003 -0.137000008 0.242000008
v 0.719425011 -0.135100002 0.237999992
v 0.721925011 -0.135 0.242000008
v 0.741925011 -0.135 0.242000008
v 0.737924995 -0.137999992 0.121999998
v 0.697924995 -0.137999992 0.121999998
v 0.693925018 -0.135 0.242000008
v 0.713925018 -0.135 0.242000008
v 0.716425018 -0.135100002 0.237999992
v 0.721925011 -0.135 0.242000008
v 0.721925011 -0.137000008 0.242000008
v 0.739925003 -0.137000008 0.242000008
v 0.739925003 -0.263 0.242000008
v 0.721925011 -0.263 0.242000008
v 0.721925011 -0.265 0.242000008
v 0.741925011 -0.265 0.242000008
v 0.741925011 -0.135 0.242000008
v 0.736025009 -0.260074999 0.125
v 0.736025009 -0.139925003 0.125
v 0.699824982 -0.139925003 0.125
v 0.699824982 -0.260074999 0.125
v 0.716425018 -0.2649 0.237999992
v 0.713925018 -0.265 0.242000008
v 0.693925018 -0.265 0.242000008
v 0.697924995 -0.262 0.121999998
v 0.737924995 -0.262 0.121999998
v 0.741925011 -0.265 0.242000008
v 0.721925011 -0.265 0.242000008
v 0.719425011 -0.2649 0.237999992
f 3551 3552 3558
f 3558 3552 3553
f 3558 3553 3554
f 3558 3554 3557
f 3557 3554 3555
f 3557 3555 3556
f 3559 3560 3566
f 3566 3560 3565
f 3565 3560 3564
f 3564 3560 3561
f 3564 3561 3563
f 3563 3561 3562
f 3567 3568 3574
f 3574 3568 3573
f 3573 3568 3569
f 3573 3569 3572
f 3572 3569 3571
f 3571 3569 3570
f 3575 3576 3578
f 3578 3576 3577
f 3579 3580 3582
f 3582 3580 3581
f 3583 3584 3586
f 3586 3584 3585
f 3588 3589 3587
f 3587 3589 3590
f 3592 3593 3591
f 3591 3593 3594
f 3595 3596 3598
f 3598 3596 3597
f 3599 3600 3602
f 3602 3600 3601
f 3604 3605 3603
f 3603 3605 3606
f 3608 3609 3607
f 3607 3609 3610
f 3611 3612 3614
f 3614 3612 3613
f 3616 3617 3615
f 3615 3617 3618
f 3620 3621 3619
f 3619 3621 3622
f 3619 3622 3623
f 3619 3623 3626
f 3626 3623 3624
f 3626 3624 3625
f 3628 3629 3627
f 3627 3629 3634
f 3634 3629 3633
f 3633 3629 3630
f 3633 3630 3632
f 3632 3630 3631
f 3636 3637 3635
f 3635 3637 3638
f 3640 3641 3639
f 3639 3641 3642
f 3639 3642 3646
f 3646 3642 3643
f 3646 3643 3644
f 3644 3645 3646
v 0.770924988 -0.137000008 0.242000008
v 0.770924988 -0.135 0.242000008
v 0.750924988 -0.135 0.242000008
v 0.750924988 -0.265 0.242000008
v 0.770924988 -0.265 0.242000008
v 0.770924988 -0.263 0.242000008
v 0.752924995 -0.263 0.242000008
v 0.752924995 -0.137000008 0.242000008
v 0.778925018 -0.137000008 0.242000008
v 0.776425018 -0.137099991 0.237999992
v 0.773424988 -0.137099991 0.237999992
v 0.770924988 -0.137000008 0.242000008
v 0.752924995 -0.137000008 0.242000008
v 0.756824989 -0.139925003 0.125
v 0.793025017 -0.139925003 0.125
v 0.796925011 -0.137000008 0.242000008
v 0.770924988 -0.263 0.242000008
v 0.773424988 -0.2629 0.237999992
v 0.776425018 -0.2629 0.237999992
v 0.778925018 -0.263 0.242000008
v 0.796925011 -0.263 0.242000008
v 0.793025017 -0.260074999 0.125
v 0.756824989 -0.260074999 0.125
v 0.752924995 -0.263 0.242000008
v 0.776425018 -0.137099991 0.237999992
v 0.778925018 -0.137000008 0.242000008
v 0.778925018 -0.135 0.242000008
v 0.776425018 -0.135100002 0.237999992
v 0.773424988 -0.137099991 0.237999992
v 0.776425018 -0.137099991 0.237999992
v 0.776425018 -0.135100002 0.237999992
v 0.773424988 -0.135100002 0.237999992
v 0.776425018 -0.2629 0.237999992
v 0.773424988 -0.2629 0.237999992
v 0.773424988 -0.2649 0.237999992
v 0.776425018 -0.2649 0.237999992
v 0.778925018 -0.263 0.242000008
v 0.776425018 -0.2629 0.237999992
v 0.776425018 -0.2649 0.237999992
v 0.778925018 -0.265 0.242000008
v 0.770924988 -0.137000008 0.242000008
v 0.773424988 -0.137099991 0.237999992
v 0.773424988 -0.135100002 0.237999992
v 0.770924988 -0.135 0.242000008
v 0.773424988 -0.2629 0.237999992
v 0.770924988 -0.263 0.242000008
v 0.770924988 -0.265 0.242000008
v 0.773424988 -0.2649 0.237999992
v 0.794925003 -0.262 0.121999998
v 0.794925003 -0.137999992 0.121999998
v 0.798925018 -0.135 0.242000008
v 0.798925018 -0.265 0.242000008
v 0.754925003 -0.137999992 0.121999998
v 0.754925003 -0.262 0.121999998
v 0.750924988 -0.265 0.242000008
v 0.750924988 -0.135 0.242000008
v 0.794925003 -0.137999992 0.121999998
v 0.794925003 -0.262 0.121999998
v 0.754925003 -0.262 0.121999998
v 0.754925003 -0.137999992 0.121999998
v 0.756824989 -0.260074999 0.125
v 0.756824989 -0.139925003 0.125
v 0.752924995 -0.137000008 0.242000008
v 0.752924995 -0.263 0.242000008
v 0.793025017 -0.139925003 0.125
v 0.793025017 -0.260074999 0.125
v 0.796925011 -0.263 0.242000008
v 0.796925011 -0.137000008 0.242000008
v 0.776425018 -0.135100002 0.237999992
v 0.778925018 -0.135 0.242000008
v 0.798925018 -0.135 0.242000008
v 0.794925003 -0.137999992 0.121999998
v 0.754925003 -0.137999992 0.121999998
v 0.750924988 -0.135 0.242000008
v 0.770924988 -0.135 0.242000008
v 0.773424988 -0.135100002 0.237999992
v 0.778925018 -0.135 0.242000008
v 0.778925018 -0.137000008 0.242000008
v 0.796925011 -0.137000008 0.242000008
v 0.796925011 -0.263 0.242000008
v 0.778925018 -0.263 0.242000008
v 0.778925018 -0.265 0.242000008
v 0.798925018 -0.265 0.242000008
v 0.798925018 -0.135 0.242000008
v 0.793025017 -0.260074999 0.125
v 0.793025017 -0.139925003 0.125
v 0.756824989 -0.139925003 0.125
v 0.756824989 -0.260074999 0.125
v 0.773424988 -0.2649 0.237999992
v 0.770924988 -0.265 0.242000008
v 0.750924988 -0.265 0.242000008
v 0.754925003 -0.262 0.121999998
v 0.794925003 -0.262 0.121999998
v 0.798925018 -0.265 0.242000008
v 0.778925018 -0.265 0.242000008
v 0.776425018 -0.2649 0.237999992
f 3647 3648 3654
f 3654 3648 3649
f 3654 3649 3650
f 3654 3650 3653
f 3653 3650 3651
f 3653 3651 3652
f 3655 3656 3662
f 3662 3656 3661
f 3661 3656 3660
f 3660 3656 3657
f 3660 3657 3659
f 3659 3657 3658
f 3663 3664 3670
f 3670 3664 3669
f 3669 3664 3665
f 3669 3665 3668
f 3668 3665 3667
f 3667 3665 3666
f 3671 3672 3674
f 3674 3672 3673
f 3675 3676 3678
f 3678 3676 3677
f 3679 3680 3682
f 3682 3680 3681
f 3684 3685 3683
f 3683 3685 3686
f 3688 3689 3687
f 3687 3689 3690
f 3691 3692 3694
f 3694 3692 3693
f 3695 3696 3698
f 3698 3696 3697
f 3700 3701 3699
f 3699 3701 3702
f 3704 3705 3703
f 3703 3705 3706
f 3707 3708 3710
f 3710 3708 3709
f 3712 3713 3711
f 3711 3713 3714
f 3716 3717 3715
f 3715 3717 3718
f 3715 3718 3719
f 3715 3719 3722
f 3722 3719 3720
f 3722 3720 3721
f 3724 3725 3723
f 3723 3725 3730
f 3730 3725 3729
f 3729 3725 3726
f 3729 3726 3728
f 3728 3726 3727
f 3732 3733 3731
f 3731 3733 3734
f 3736 3737 3735
f 3735 3737 3738
f 3735 3738 3742
f 3742 3738 3739
f 3742 3739 3740
f 3740 3741 3742
v 0.827924995 -0.137000008 0.242000008
v 0.827924995 -0.135 0.242000008
v 0.807924995 -0.135 0.242000008
v 0.807924995 -0.265 0.242000008
v 0.827924995 -0.265 0.242000008
v 0.827924995 -0.263 0.242000008
v 0.809925003 -0.263 0.242000008
v 0.809925003 -0.137000008 0.242000008
v 0.835924988 -0.137000008 0.242000008
v 0.833424988 -0.137099991 0.237999992
v 0.830424995 -0.137099991 0.237999992
v 0.827924995 -0.137000008 0.242000008
v 0.809925003 -0.137000008 0.242000008
v 0.813824997 -0.139925003 0.125
v 0.850024986 -0.139925003 0.125
v 0.853925018 -0.137000008 0.242000008
v 0.827924995 -0.263 0.242000008
v 0.830424995 -0.2629 0.237999992
v 0.833424988 -0.2629 0.237999992
v 0.835924988 -0.263 0.242000008
v 0.853925018 -0.263 0.242000008
v 0.850024986 -0.260074999 0.125
v 0.813824997 -0.260074999 0.125
v 0.809925003 -0.263 0.242000008
v 0.833424988 -0.137099991 0.237999992
v 0.835924988 -0.137000008 0.242000008
v 0.835924988 -0.135 0.242000008
v 0.833424988 -0.135100002 0.237999992
v 0.830424995 -0.137099991 0.237999992
v 0.833424988 -0.137099991 0.237999992
v 0.833424988 -0.135100002 0.237999992
v 0.830424995 -0.135100002 0.237999992
v 0.833424988 -0.2629 0.237999992
v 0.830424995 -0.2629 0.237999992
v 0.830424995 -0.2649 0.237999992
v 0.833424988 -0.2649 0.237999992
v 0.835924988 -0.263 0.242000008
v 0.833424988 -0.2629 0.237999992
v 0.833424988 -0.2649 0.237999992
v 0.835924988 -0.265 0.242000008
v 0.827924995 -0.137000008 0.242000008
v 0.830424995 -0.137099991 0.237999992
v 0.830424995 -0.135100002 0.237999992
v 0.827924995 -0.135 0.242000008
v 0.830424995 -0.2629 0.237999992
v 0.827924995 -0.263 0.242000008
v 0.827924995 -0.265 0.242000008
v 0.830424995 -0.2649 0.237999992
v 0.851925011 -0.262 0.121999998
v 0.851925011 -0.137999992 0.121999998
v 0.855924988 -0.135 0.242000008
v 0.855924988 -0.265 0.242000008
v 0.811925011 -0.137999992 0.121999998
v 0.811925011 -0.262 0.121999998
v 0.807924995 -0.265 0.242000008
v 0.807924995 -0.135 0.242000008
v 0.851925011 -0.137999992 0.121999998
v 0.851925011 -0.262 0.121999998
v 0.811925011 -0.262 0.121999998
v 0.811925011 -0.137999992 0.121999998
v 0.813824997 -0.260074999 0.125
v 0.813824997 -0.139925003 0.125
v 0.809925003 -0.137000008 0.242000008
v 0.809925003 -0.263 0.242000008
v 0.850024986 -0.139925003 0.125
v 0.850024986 -0.260074999 0.125
v 0.853925018 -0.263 0.242000008
v 0.853925018 -0.137000008 0.242000008
v 0.833424988 -0.135100002 0.237999992
v 0.835924988 -0.135 0.242000008
v 0.855924988 -0.135 0.242000008
v 0.851925011 -0.137999992 0.121999998
v 0.811925011 -0.137999992 0.121999998
v 0.807924995 -0.135 0.242000008
v 0.827924995 -0.135 0.242000008
v 0.830424995 -0.135100002 0.237999992
v 0.835924988 -0.135 0.242000008
v 0.835924988 -0.137000008 0.242000008
v 0.853925018 -0.137000008 0.242000008
v 0.853925018 -0.263 0.242000008
v 0.835924988 -0.263 0.242000008
v 0.835924988 -0.265 0.242000008
v 0.855924988 -0.265 0.242000008
v 0.855924988 -0.135 0.242000008
v 0.850024986 -0.260074999 0.125
v 0.850024986 -0.139925003 0.125
v 0.813824997 -0.139925003 0.125
v 0.813824997 -0.260074999 0.125
v 0.830424995 -0.2649 0.237999992
v 0.827924995 -0.265 0.242000008
v 0.807924995 -0.265 0.242000008
v 0.811925011 -0.262 0.121999998
v 0.851925011 -0.262 0.121999998
v 0.855924988 -0.265 0.242000008
v 0.835924988 -0.265 0.242000008
v 0.833424988 -0.2649 0.237999992
f 3743 3744 3750
f 3750 3744 3745
f 3750 3745 3746
f 3750 3746 3749
f 3749 3746 3747
f 3749 3747 3748
f 3751 3752 3758
f 3758 3752 3757
f 3757 3752 3756
f 3756 3752 3753
f 3756 3753 3755
f 3755 3753 3754
f 3759 3760 3766
f 3766 3760 3765
f 3765 3760 3761
f 3765 3761 3764
f 3764 3761 3763
f 3763 3761 3762
f 3767 3768 3770
f 3770 3768 3769
f 3771 3772 3774
f 3774 3772 3773
f 3775 3776 3778
f 3778 3776 3777
f 3780 3781 3779
f 3779 3781 3782
f 3784 3785 3783
f 3783 3785 3786
f 3787 3788 3790
f 3790 3788 3789
f 3791 3792 3794
f 3794 3792 3793
f 3796 3797 3795
f 3795 3797 3798
f 3800 3801 3799
f 3799 3801 3802
f 3803 3804 3806
f 3806 3804 3805
f 3808 3809 3807
f 3807 3809 3810
f 3812 3813 3811
f 3811 3813 3814
f 3811 3814 3815
f 3811 3815 3818
f 3818 3815 3816
f 3818 3816 3817
f 3820 3821 3819
f 3819 3821 3826
f 3826 3821 3825
f 3825 3821 3822
f 3825 3822 3824
f 3824 3822 3823
f 3828 3829 3827
f 3827 3829 3830
f 3832 3833 3831
f 3831 3833 3834
f 3831 3834 3838
f 3838 3834 3835
f 3838 3835 3836
f 3836 3837 3838
