v 0.067240103 -0.0084537822 0.084824654
v 0.067240103 -0.0084108135 0.084806539
v 0.067240103 -0.0083799541 0.084816011
v 0.067240103 -0.0083622783 0.084842964
v 0.067240103 -0.0083456279 0.084822798
v 0.067240103 -0.0083225322 0.084816207
v 0.067240103 -0.00828679 0.084831343
v 0.067240103 -0.0082729229 0.084871968
v 0.067240103 -0.0082856182 0.084910787
v 0.067240103 -0.0083225322 0.084929292
v 0.067240103 -0.0083225322 0.084904
v 0.067240103 -0.0082921611 0.08487148
v 0.067240103 -0.0082998272 0.08484941
v 0.067240103 -0.0083219463 0.084841597
v 0.067240103 -0.0083548564 0.084877339
v 0.067240103 -0.0083548564 0.084882906
v 0.067240103 -0.0083739971 0.084882906
v 0.067240103 -0.0083739971 0.084873531
v 0.067240103 -0.008383665 0.084842623
v 0.067240103 -0.0084113018 0.084832027
v 0.067240103 -0.0084399639 0.084842232
v 0.067240103 -0.0084510479 0.084869625
v 0.067240103 -0.0084408916 0.084896822
v 0.067240103 -0.0084166729 0.084906343
v 0.067240103 -0.0084166729 0.084931734
v 0.067240103 -0.0084555889 0.084913521
v 0.067240103 -0.0084702861 0.084869625
v 0.066315153 -0.0081766045 0.084161294
v 0.066315153 -0.0081766045 0.084384286
v 0.066315153 -0.0085666045 0.084384286
v 0.066315153 -0.0085666045 0.084161294
v 0.067240103 -0.0082988018 0.085351363
v 0.067240103 -0.0082988018 0.085386128
v 0.067240103 -0.0084444072 0.085386128
v 0.067240103 -0.0084444072 0.085351363
v 0.067240103 -0.0084250713 0.085294673
v 0.067240103 -0.0083705791 0.085279585
v 0.067240103 -0.0083175518 0.085294625
v 0.066140153 -0.0081766045 0.084161294
v 0.066140823 -0.0081766045 0.084158794
v 0.066142653 -0.0081766045 0.084156964
v 0.066145153 -0.0081766045 0.084156294
v 0.066145153 -0.0085666045 0.084156294
v 0.066142653 -0.0085666045 0.084156964
v 0.066140823 -0.0085666045 0.084158794
v 0.066140153 -0.0085666045 0.084161294
v 0.066315153 -0.0081766045 0.086851294
v 0.066314483 -0.0081766045 0.086853794
v 0.066312653 -0.0081766045 0.086855625
v 0.066310153 -0.0081766045 0.086856294
v 0.066310153 -0.0085666045 0.086856294
v 0.066312653 -0.0085666045 0.086855625
v 0.066314483 -0.0085666045 0.086853794
v 0.066315153 -0.0085666045 0.086851294
v 0.066315153 -0.0085666045 0.084161294
v 0.066314483 -0.0085666045 0.084158794
v 0.066312653 -0.0085666045 0.084156964
v 0.066310153 -0.0085666045 0.084156294
v 0.066310153 -0.0081766045 0.084156294
v 0.066312653 -0.0081766045 0.084156964
v 0.066314483 -0.0081766045 0.084158794
v 0.066315153 -0.0081766045 0.084161294
v 0.066145153 -0.0085666045 0.084156294
v 0.066145153 -0.0081766045 0.084156294
v 0.066310153 -0.0081766045 0.084156294
v 0.066310153 -0.0085666045 0.084156294
v 0.067240103 -0.0083716533 0.085444917
v 0.067240103 -0.0082999736 0.085470455
v 0.067240103 -0.0082729229 0.085536128
v 0.067240103 -0.0082999736 0.085601998
v 0.067240103 -0.0083716533 0.085627632
v 0.067240103 -0.0084431377 0.085601998
v 0.067240103 -0.0084702861 0.085536128
v 0.067240103 -0.0084432354 0.085470455
v 0.067240103 -0.0083716533 0.085471089
v 0.067240103 -0.0084283916 0.0854894
v 0.067240103 -0.0084487041 0.085536324
v 0.067240103 -0.0084283428 0.085583101
v 0.067240103 -0.0083716533 0.08560146
v 0.067240103 -0.0083148174 0.085583052
v 0.067240103 -0.0082945049 0.085535835
v 0.067240103 -0.0083148174 0.085489302
v 0.066140153 -0.0085666045 0.084161294
v 0.066140823 -0.0085691045 0.084161294
v 0.066142653 -0.0085709346 0.084161294
v 0.066145153 -0.0085716045 0.084161294
v 0.066145153 -0.0085716045 0.084384286
v 0.066142653 -0.0085709346 0.084384286
v 0.066140823 -0.0085691045 0.084384286
v 0.066140153 -0.0085666045 0.084384286
v 0.067240153 -0.0089304819 0.084722417
v 0.066865153 -0.0089966045 0.084656294
v 0.066865153 -0.0085716045 0.084656294
v 0.067035153 -0.0085716045 0.08468627
v 0.067040153 -0.0085666045 0.084687152
v 0.067040153 -0.0081766045 0.084687152
v 0.067035153 -0.0081716045 0.08468627
v 0.066865153 -0.0081716045 0.084656294
v 0.066865153 -0.0077466045 0.084656294
v 0.067240153 -0.0078127271 0.084722417
v 0.066140153 -0.0081766045 0.084161294
v 0.066140823 -0.0081741045 0.084161294
v 0.066142653 -0.0081722744 0.084161294
v 0.066145153 -0.0081716045 0.084161294
v 0.066145153 -0.0081722744 0.084158794
v 0.066145153 -0.0081741045 0.084156964
v 0.066145153 -0.0081766045 0.084156294
v 0.066142653 -0.0081766045 0.084156964
v 0.066140823 -0.0081766045 0.084158794
v 0.066145153 -0.0081766045 0.084156294
v 0.066140153 -0.0085666045 0.086851294
v 0.066140823 -0.0085691045 0.086851294
v 0.066142653 -0.0085709347 0.086851294
v 0.066145153 -0.0085716045 0.086851294
v 0.066145153 -0.0085709347 0.086853794
v 0.066145153 -0.0085691045 0.086855625
v 0.066145153 -0.0085666045 0.086856294
v 0.066142653 -0.0085666045 0.086855625
v 0.066140823 -0.0085666045 0.086853794
v 0.066145153 -0.0085666045 0.086856294
v 0.067240103 -0.0078127183 0.085856294
v 0.067240053 -0.0078127095 0.086290189
v 0.067240053 -0.0089304995 0.086290189
v 0.067240103 -0.0089304907 0.085856294
v 0.066398128 -0.0085666045 0.084646747
v 0.066398139 -0.0085691045 0.084646077
v 0.066398171 -0.0085709346 0.084644247
v 0.066398214 -0.0085716045 0.084641747
v 0.066865153 -0.0085716045 0.084649798
v 0.066865153 -0.00857014 0.084653334
v 0.066865153 -0.0085666045 0.084654799
v 0.066140153 -0.0085666045 0.084384286
v 0.066140823 -0.0085691045 0.084384286
v 0.066142653 -0.0085709346 0.084384286
v 0.066145153 -0.0085716045 0.084384286
v 0.066178915 -0.0085716045 0.084511752
v 0.066271348 -0.0085716045 0.084605793
v 0.066398214 -0.0085716045 0.084641747
v 0.066398171 -0.0085709346 0.084644247
v 0.066398139 -0.0085691045 0.084646077
v 0.066398128 -0.0085666045 0.084646747
v 0.066268799 -0.0085666045 0.084610094
v 0.066174571 -0.0085666045 0.084514227
v 0.067240103 -0.0084537822 0.085121334
v 0.067240103 -0.0084108135 0.085103218
v 0.067240103 -0.0083799541 0.085112691
v 0.067240103 -0.0083622783 0.085139644
v 0.067240103 -0.0083456279 0.085119478
v 0.067240103 -0.0083225322 0.085112886
v 0.067240103 -0.00828679 0.085128023
v 0.067240103 -0.0082729229 0.085168648
v 0.067240103 -0.0082856182 0.085207466
v 0.067240103 -0.0083225322 0.085225972
v 0.067240103 -0.0083225322 0.085200679
v 0.067240103 -0.0082921611 0.08516816
v 0.067240103 -0.0082998272 0.085146089
v 0.067240103 -0.0083219463 0.085138277
v 0.067240103 -0.0083548565 0.085174019
v 0.067240103 -0.0083548565 0.085179585
v 0.067240103 -0.0083739971 0.085179585
v 0.067240103 -0.0083739971 0.08517021
v 0.067240103 -0.008383665 0.085139302
v 0.067240103 -0.0084113018 0.085128707
v 0.067240103 -0.0084399639 0.085138912
v 0.067240103 -0.0084510479 0.085166304
v 0.067240103 -0.0084408916 0.085193501
v 0.067240103 -0.0084166729 0.085203023
v 0.067240103 -0.0084166729 0.085228414
v 0.067240103 -0.0084555889 0.085210201
v 0.067240103 -0.0084702861 0.085166304
v 0.066398128 -0.0081766045 0.084646747
v 0.066268799 -0.0081766045 0.084610094
v 0.066174571 -0.0081766045 0.084514227
v 0.066140153 -0.0081766045 0.084384286
v 0.066140153 -0.0085666045 0.084384286
v 0.066174571 -0.0085666045 0.084514227
v 0.066268799 -0.0085666045 0.084610094
v 0.066398128 -0.0085666045 0.084646747
v 0.067240103 -0.0084670635 0.085350777
v 0.06724014 -0.0084426674 0.085278105
v 0.067240103 -0.0083705791 0.085253511
v 0.06724014 -0.0083000231 0.085278105
v 0.067240103 -0.0082761455 0.085350777
v 0.067240103 -0.0082761455 0.085411324
v 0.067240103 -0.0084670635 0.085411324
v 0.067240103 -0.0083705791 0.085279585
v 0.067240103 -0.0084250713 0.085294673
v 0.067240103 -0.0084444072 0.085351363
v 0.067240103 -0.0084444072 0.085386128
v 0.067240103 -0.0082988018 0.085386128
v 0.067240103 -0.0082988018 0.085351363
v 0.067240103 -0.0083175518 0.085294625
v 0.066190153 -0.0089375496 0.08629724
v 0.066190153 -0.0089375496 0.084715349
v 0.066865153 -0.0089966045 0.084656294
v 0.066865153 -0.0089966045 0.086356294
v 0.066401058 -0.0085716045 0.084476772
v 0.066868083 -0.0085716045 0.084484824
v 0.066951839 -0.0085716045 0.084508561
v 0.067012863 -0.0085716045 0.084570646
v 0.067035153 -0.0085716045 0.084654799
v 0.067035153 -0.0085716045 0.08468627
v 0.066865153 -0.0085716045 0.084656294
v 0.066865153 -0.0085716045 0.084649798
v 0.066398214 -0.0085716045 0.084641747
v 0.066271348 -0.0085716045 0.084605793
v 0.066178915 -0.0085716045 0.084511752
v 0.066145153 -0.0085716045 0.084384286
v 0.066145153 -0.0085716045 0.084161294
v 0.066310153 -0.0085716045 0.084161294
v 0.066310153 -0.0085716045 0.084384286
v 0.066322492 -0.0085716045 0.08443031
v 0.066355332 -0.0085716045 0.084463722
v 0.066140153 -0.0081766045 0.084384286
v 0.066140153 -0.0081766045 0.084161294
v 0.066140153 -0.0085666045 0.084161294
v 0.066140153 -0.0085666045 0.084384286
v 0.066401144 -0.0085666045 0.084471773
v 0.066358035 -0.0085666045 0.084459555
v 0.066326625 -0.0085666045 0.0844276
v 0.066315153 -0.0085666045 0.084384286
v 0.066315153 -0.0081766045 0.084384286
v 0.066326625 -0.0081766045 0.0844276
v 0.066358035 -0.0081766045 0.084459555
v 0.066401144 -0.0081766045 0.084471773
v 0.066310153 -0.0085716045 0.086628303
v 0.066312653 -0.0085709346 0.086628303
v 0.066314483 -0.0085691045 0.086628303
v 0.066315153 -0.0085666045 0.086628303
v 0.066315153 -0.0085666045 0.086851294
v 0.066314483 -0.0085691045 0.086851294
v 0.066312653 -0.0085709347 0.086851294
v 0.066310153 -0.0085716045 0.086851294
v 0.06686817 -0.0085666045 0.084479825
v 0.066868158 -0.0085691045 0.084480495
v 0.066868126 -0.0085709346 0.084482324
v 0.066868083 -0.0085716045 0.084484824
v 0.066401058 -0.0085716045 0.084476772
v 0.066401101 -0.0085709346 0.084474272
v 0.066401133 -0.0085691045 0.084472442
v 0.066401144 -0.0085666045 0.084471773
v 0.066315153 -0.0081766045 0.084384286
v 0.066314483 -0.0081741045 0.084384286
v 0.066312653 -0.0081722744 0.084384286
v 0.066310153 -0.0081716045 0.084384286
v 0.066322413 -0.0081716045 0.08443023
v 0.066355254 -0.0081716045 0.084463641
v 0.066401058 -0.0081716045 0.084476772
v 0.066401101 -0.0081722744 0.084474272
v 0.066401133 -0.0081741045 0.084472442
v 0.066401144 -0.0081766045 0.084471773
v 0.066358035 -0.0081766045 0.084459555
v 0.066326625 -0.0081766045 0.0844276
v 0.066145153 -0.0085716045 0.084161294
v 0.066142653 -0.0085709346 0.084161294
v 0.066140823 -0.0085691045 0.084161294
v 0.066140153 -0.0085666045 0.084161294
v 0.066140823 -0.0085666045 0.084158794
v 0.066142653 -0.0085666045 0.084156964
v 0.066145153 -0.0085666045 0.084156294
v 0.066145153 -0.0085691045 0.084156964
v 0.066145153 -0.0085709346 0.084158794
v 0.066145153 -0.0085666045 0.084156294
v 0.066310153 -0.0081716045 0.086851294
v 0.066312653 -0.0081722744 0.086851294
v 0.066314483 -0.0081741045 0.086851294
v 0.066315153 -0.0081766045 0.086851294
v 0.066315153 -0.0081766045 0.086628303
v 0.066314483 -0.0081741045 0.086628303
v 0.066312653 -0.0081722744 0.086628303
v 0.066310153 -0.0081716045 0.086628303
v 0.066145153 -0.0081716045 0.086851294
v 0.066145153 -0.0081722744 0.086853794
v 0.066145153 -0.0081741045 0.086855625
v 0.066145153 -0.0081766045 0.086856294
v 0.066310153 -0.0081766045 0.086856294
v 0.066310153 -0.0081741045 0.086855625
v 0.066310153 -0.0081722744 0.086853794
v 0.066310153 -0.0081716045 0.086851294
v 0.06686817 -0.0081766045 0.084479825
v 0.066954389 -0.0081766045 0.08450426
v 0.067017208 -0.0081766045 0.084568171
v 0.067040153 -0.0081766045 0.084654799
v 0.067040153 -0.0085666045 0.084654799
v 0.067017208 -0.0085666045 0.084568171
v 0.066954389 -0.0085666045 0.08450426
v 0.06686817 -0.0085666045 0.084479825
v 0.066865153 -0.0081766045 0.08635779
v 0.066865153 -0.008173069 0.086359255
v 0.066865153 -0.0081716045 0.086362791
v 0.066865153 -0.0081716045 0.086356294
v 0.066865153 -0.0085716045 0.086356294
v 0.066865153 -0.0085716045 0.086362791
v 0.066865153 -0.00857014 0.086359255
v 0.066865153 -0.0085666045 0.08635779
v 0.066865153 -0.0081716045 0.084649798
v 0.066865153 -0.0081716045 0.084656294
v 0.067035153 -0.0081716045 0.08468627
v 0.067035153 -0.0081716045 0.084654799
v 0.067012863 -0.0081716045 0.084570646
v 0.066951839 -0.0081716045 0.084508561
v 0.066868083 -0.0081716045 0.084484824
v 0.066401058 -0.0081716045 0.084476772
v 0.066355254 -0.0081716045 0.084463641
v 0.066322413 -0.0081716045 0.08443023
v 0.066310153 -0.0081716045 0.084384286
v 0.066310153 -0.0081716045 0.084161294
v 0.066145153 -0.0081716045 0.084161294
v 0.066145153 -0.0081716045 0.084384286
v 0.066178915 -0.0081716045 0.084511752
v 0.066271348 -0.0081716045 0.084605793
v 0.066398214 -0.0081716045 0.084641747
v 0.066315153 -0.0085666045 0.084161294
v 0.066314483 -0.0085691045 0.084161294
v 0.066312653 -0.0085709346 0.084161294
v 0.066310153 -0.0085716045 0.084161294
v 0.066310153 -0.0085709346 0.084158794
v 0.066310153 -0.0085691045 0.084156964
v 0.066310153 -0.0085666045 0.084156294
v 0.066312653 -0.0085666045 0.084156964
v 0.066314483 -0.0085666045 0.084158794
v 0.066310153 -0.0085666045 0.084156294
v 0.066190153 -0.0078056594 0.084715349
v 0.066190153 -0.0078056594 0.08629724
v 0.066865153 -0.0077466045 0.086356294
v 0.066865153 -0.0077466045 0.084656294
v 0.066310153 -0.0081716045 0.084161294
v 0.066310153 -0.0081722744 0.084158794
v 0.066310153 -0.0081741045 0.084156964
v 0.066310153 -0.0081766045 0.084156294
v 0.066145153 -0.0081766045 0.084156294
v 0.066145153 -0.0081741045 0.084156964
v 0.066145153 -0.0081722744 0.084158794
v 0.066145153 -0.0081716045 0.084161294
v 0.067040153 -0.0081766045 0.084654799
v 0.067040153 -0.0081766045 0.084687152
v 0.067040153 -0.0085666045 0.084687152
v 0.067040153 -0.0085666045 0.084654799
v 0.066310153 -0.0081716045 0.084161294
v 0.066312653 -0.0081722744 0.084161294
v 0.066314483 -0.0081741045 0.084161294
v 0.066315153 -0.0081766045 0.084161294
v 0.066314483 -0.0081766045 0.084158794
v 0.066312653 -0.0081766045 0.084156964
v 0.066310153 -0.0081766045 0.084156294
v 0.066310153 -0.0081741045 0.084156964
v 0.066310153 -0.0081722744 0.084158794
v 0.066310153 -0.0081766045 0.084156294
v 0.066401144 -0.0081766045 0.084471773
v 0.066401133 -0.0081741045 0.084472442
v 0.066401101 -0.0081722744 0.084474272
v 0.066401058 -0.0081716045 0.084476772
v 0.066868083 -0.0081716045 0.084484824
v 0.066868126 -0.0081722744 0.084482324
v 0.066868158 -0.0081741045 0.084480495
v 0.06686817 -0.0081766045 0.084479825
v 0.066145153 -0.0085716045 0.086851294
v 0.066142653 -0.0085709347 0.086851294
v 0.066140823 -0.0085691045 0.086851294
v 0.066140153 -0.0085666045 0.086851294
v 0.066140153 -0.0085666045 0.086628303
v 0.066140823 -0.0085691045 0.086628303
v 0.066142653 -0.0085709346 0.086628303
v 0.066145153 -0.0085716045 0.086628303
v 0.066865153 -0.0085716045 0.086362791
v 0.066865153 -0.0085716045 0.086356294
v 0.067035153 -0.0085716045 0.086326319
v 0.067035153 -0.0085716045 0.08635779
v 0.067012863 -0.0085716045 0.086441943
v 0.066951839 -0.0085716045 0.086504028
v 0.066868083 -0.0085716045 0.086527765
v 0.066401058 -0.0085716045 0.086535817
v 0.066355254 -0.0085716045 0.086548948
v 0.066322413 -0.0085716045 0.086582359
v 0.066310153 -0.0085716045 0.086628303
v 0.066310153 -0.0085716045 0.086851294
v 0.066145153 -0.0085716045 0.086851294
v 0.066145153 -0.0085716045 0.086628303
v 0.066178915 -0.0085716045 0.086500837
v 0.066271348 -0.0085716045 0.086406796
v 0.066398214 -0.0085716045 0.086370841
v 0.066398214 -0.0081716045 0.084641747
v 0.066398171 -0.0081722744 0.084644247
v 0.066398139 -0.0081741045 0.084646077
v 0.066398128 -0.0081766045 0.084646747
v 0.066865153 -0.0081766045 0.084654799
v 0.066865153 -0.008173069 0.084653334
v 0.066865153 -0.0081716045 0.084649798
v 0.066145153 -0.0081716045 0.084161294
v 0.066142653 -0.0081722744 0.084161294
v 0.066140823 -0.0081741045 0.084161294
v 0.066140153 -0.0081766045 0.084161294
v 0.066140153 -0.0081766045 0.084384286
v 0.066140823 -0.0081741045 0.084384286
v 0.066142653 -0.0081722744 0.084384286
v 0.066145153 -0.0081716045 0.084384286
v 0.066310153 -0.0081716045 0.086628303
v 0.066312653 -0.0081722744 0.086628303
v 0.066314483 -0.0081741045 0.086628303
v 0.066315153 -0.0081766045 0.086628303
v 0.066326625 -0.0081766045 0.086584989
v 0.066358035 -0.0081766045 0.086553034
v 0.066401144 -0.0081766045 0.086540816
v 0.066401133 -0.0081741045 0.086540146
v 0.066401101 -0.0081722744 0.086538317
v 0.066401058 -0.0081716045 0.086535817
v 0.066355332 -0.0081716045 0.086548867
v 0.066322492 -0.0081716045 0.086582279
v 0.066401144 -0.0085666045 0.084471773
v 0.066401133 -0.0085691045 0.084472442
v 0.066401101 -0.0085709346 0.084474272
v 0.066401058 -0.0085716045 0.084476772
v 0.066355332 -0.0085716045 0.084463722
v 0.066322492 -0.0085716045 0.08443031
v 0.066310153 -0.0085716045 0.084384286
v 0.066312653 -0.0085709346 0.084384286
v 0.066314483 -0.0085691045 0.084384286
v 0.066315153 -0.0085666045 0.084384286
v 0.066326625 -0.0085666045 0.0844276
v 0.066358035 -0.0085666045 0.084459555
v 0.066310153 -0.0085666045 0.086856294
v 0.066310153 -0.0081766045 0.086856294
v 0.066145153 -0.0081766045 0.086856294
v 0.066145153 -0.0085666045 0.086856294
v 0.066310153 -0.0085716045 0.086851294
v 0.066312653 -0.0085709347 0.086851294
v 0.066314483 -0.0085691045 0.086851294
v 0.066315153 -0.0085666045 0.086851294
v 0.066314483 -0.0085666045 0.086853794
v 0.066312653 -0.0085666045 0.086855625
v 0.066310153 -0.0085666045 0.086856294
v 0.066310153 -0.0085691045 0.086855625
v 0.066310153 -0.0085709347 0.086853794
v 0.066310153 -0.0085666045 0.086856294
v 0.067240103 -0.0083946025 0.08503315
v 0.067240103 -0.0084337139 0.085072798
v 0.067240103 -0.0084670635 0.085083589
v 0.067240103 -0.0084670635 0.084957124
v 0.067240103 -0.0084444072 0.084957124
v 0.067240103 -0.0084444072 0.085049312
v 0.067240103 -0.0084076885 0.085014644
v 0.067240103 -0.0083633525 0.084969087
v 0.067240103 -0.0083265361 0.084957613
v 0.067240103 -0.0082882061 0.08497314
v 0.067240103 -0.0082729229 0.085017183
v 0.067240103 -0.0082879619 0.085060494
v 0.067240103 -0.0083280986 0.085078999
v 0.067240103 -0.0083280986 0.085053609
v 0.067240103 -0.008301292 0.085042183
v 0.067240103 -0.0082921611 0.085017671
v 0.067240103 -0.0083011943 0.084992037
v 0.067240103 -0.0083260479 0.084982906
v 0.067240103 -0.0083574932 0.084993599
v 0.066315153 -0.0081766045 0.086851294
v 0.066314483 -0.0081741045 0.086851294
v 0.066312653 -0.0081722744 0.086851294
v 0.066310153 -0.0081716045 0.086851294
v 0.066310153 -0.0081722744 0.086853794
v 0.066310153 -0.0081741045 0.086855625
v 0.066310153 -0.0081766045 0.086856294
v 0.066312653 -0.0081766045 0.086855625
v 0.066314483 -0.0081766045 0.086853794
v 0.066310153 -0.0081766045 0.086856294
v 0.066140153 -0.0081766045 0.086851294
v 0.066140823 -0.0081741045 0.086851294
v 0.066142653 -0.0081722744 0.086851294
v 0.066145153 -0.0081716045 0.086851294
v 0.066145153 -0.0081716045 0.086628303
v 0.066142653 -0.0081722744 0.086628303
v 0.066140823 -0.0081741045 0.086628303
v 0.066140153 -0.0081766045 0.086628303
v 0.066315153 -0.0085666045 0.086628303
v 0.066326625 -0.0085666045 0.086584989
v 0.066358035 -0.0085666045 0.086553034
v 0.066401144 -0.0085666045 0.086540816
v 0.066401144 -0.0081766045 0.086540816
v 0.066358035 -0.0081766045 0.086553034
v 0.066326625 -0.0081766045 0.086584989
v 0.066315153 -0.0081766045 0.086628303
v 0.066145153 -0.0081716045 0.084384286
v 0.066142653 -0.0081722744 0.084384286
v 0.066140823 -0.0081741045 0.084384286
v 0.066140153 -0.0081766045 0.084384286
v 0.066174571 -0.0081766045 0.084514227
v 0.066268799 -0.0081766045 0.084610094
v 0.066398128 -0.0081766045 0.084646747
v 0.066398139 -0.0081741045 0.084646077
v 0.066398171 -0.0081722744 0.084644247
v 0.066398214 -0.0081716045 0.084641747
v 0.066271348 -0.0081716045 0.084605793
v 0.066178915 -0.0081716045 0.084511752
v 0.067240103 -0.0083148174 0.085583052
v 0.067240103 -0.0083716533 0.08560146
v 0.067240103 -0.0084283428 0.085583101
v 0.067240103 -0.0084487041 0.085536324
v 0.067240103 -0.0084283916 0.0854894
v 0.067240103 -0.0083716533 0.085471089
v 0.067240103 -0.0083148174 0.085489302
v 0.067240103 -0.0082945049 0.085535835
v 0.06686817 -0.0081766045 0.084479825
v 0.066868158 -0.0081741045 0.084480495
v 0.066868126 -0.0081722744 0.084482324
v 0.066868083 -0.0081716045 0.084484824
v 0.066951839 -0.0081716045 0.084508561
v 0.067012863 -0.0081716045 0.084570646
v 0.067035153 -0.0081716045 0.084654799
v 0.067037653 -0.0081722744 0.084654799
v 0.067039483 -0.0081741045 0.084654799
v 0.067040153 -0.0081766045 0.084654799
v 0.067017208 -0.0081766045 0.084568171
v 0.066954389 -0.0081766045 0.08450426
v 0.067040153 -0.0081766045 0.084654799
v 0.067039483 -0.0081741045 0.084654799
v 0.067037653 -0.0081722744 0.084654799
v 0.067035153 -0.0081716045 0.084654799
v 0.067035153 -0.0081716045 0.08468627
v 0.067040153 -0.0081766045 0.084687152
v 0.066140153 -0.0085666045 0.086851294
v 0.066140823 -0.0085666045 0.086853794
v 0.066142653 -0.0085666045 0.086855625
v 0.066145153 -0.0085666045 0.086856294
v 0.066145153 -0.0081766045 0.086856294
v 0.066142653 -0.0081766045 0.086855625
v 0.066140823 -0.0081766045 0.086853794
v 0.066140153 -0.0081766045 0.086851294
v 0.067035153 -0.0085716045 0.08635779
v 0.067037653 -0.0085709346 0.08635779
v 0.067039483 -0.0085691045 0.08635779
v 0.067040153 -0.0085666045 0.08635779
v 0.067017208 -0.0085666045 0.086444418
v 0.066954389 -0.0085666045 0.086508329
v 0.06686817 -0.0085666045 0.086532764
v 0.066868158 -0.0085691045 0.086532094
v 0.066868126 -0.0085709346 0.086530264
v 0.066868083 -0.0085716045 0.086527765
v 0.066951839 -0.0085716045 0.086504028
v 0.067012863 -0.0085716045 0.086441943
v 0.066865153 -0.0089966045 0.086356294
v 0.066865153 -0.0085716045 0.086356294
v 0.066865153 -0.0081716045 0.086356294
v 0.066865153 -0.0077466045 0.086356294
v 0.066190153 -0.0078056594 0.08629724
v 0.066190153 -0.0089375496 0.08629724
v 0.067040153 -0.0081766045 0.086325437
v 0.067040153 -0.0081766045 0.08635779
v 0.067040153 -0.0085666045 0.08635779
v 0.067040153 -0.0085666045 0.086325437
v 0.066865153 -0.0081766045 0.084654799
v 0.066398128 -0.0081766045 0.084646747
v 0.066398128 -0.0085666045 0.084646747
v 0.066865153 -0.0085666045 0.084654799
v 0.066145153 -0.0085716045 0.086628303
v 0.066142653 -0.0085709346 0.086628303
v 0.066140823 -0.0085691045 0.086628303
v 0.066140153 -0.0085666045 0.086628303
v 0.066174571 -0.0085666045 0.086498362
v 0.066268799 -0.0085666045 0.086402495
v 0.066398128 -0.0085666045 0.086365842
v 0.066398139 -0.0085691045 0.086366512
v 0.066398171 -0.0085709346 0.086368342
v 0.066398214 -0.0085716045 0.086370841
v 0.066271348 -0.0085716045 0.086406796
v 0.066178915 -0.0085716045 0.086500837
v 0.06686817 -0.0081766045 0.086532764
v 0.066401144 -0.0081766045 0.086540816
v 0.066401144 -0.0085666045 0.086540816
v 0.06686817 -0.0085666045 0.086532764
v 0.066145153 -0.0085716045 0.084161294
v 0.066145153 -0.0085709346 0.084158794
v 0.066145153 -0.0085691045 0.084156964
v 0.066145153 -0.0085666045 0.084156294
v 0.066310153 -0.0085666045 0.084156294
v 0.066310153 -0.0085691045 0.084156964
v 0.066310153 -0.0085709346 0.084158794
v 0.066310153 -0.0085716045 0.084161294
v 0.067035153 -0.0085716045 0.086326319
v 0.067040153 -0.0085666045 0.086325437
v 0.067040153 -0.0085666045 0.08635779
v 0.067039483 -0.0085691045 0.08635779
v 0.067037653 -0.0085709346 0.08635779
v 0.067035153 -0.0085716045 0.08635779
v 0.066140153 -0.0081766045 0.086628303
v 0.066140823 -0.0081741045 0.086628303
v 0.066142653 -0.0081722744 0.086628303
v 0.066145153 -0.0081716045 0.086628303
v 0.066178915 -0.0081716045 0.086500837
v 0.066271348 -0.0081716045 0.086406796
v 0.066398214 -0.0081716045 0.086370841
v 0.066398171 -0.0081722744 0.086368342
v 0.066398139 -0.0081741045 0.086366512
v 0.066398128 -0.0081766045 0.086365842
v 0.066268799 -0.0081766045 0.086402495
v 0.066174571 -0.0081766045 0.086498362
v 0.066140153 -0.0081766045 0.086628303
v 0.066174571 -0.0081766045 0.086498362
v 0.066268799 -0.0081766045 0.086402495
v 0.066398128 -0.0081766045 0.086365842
v 0.066398128 -0.0085666045 0.086365842
v 0.066268799 -0.0085666045 0.086402495
v 0.066174571 -0.0085666045 0.086498362
v 0.066140153 -0.0085666045 0.086628303
v 0.066865153 -0.0089966045 0.084656294
v 0.067240153 -0.0089304819 0.084722417
v 0.067240103 -0.0089304907 0.085856294
v 0.067240053 -0.0089304995 0.086290189
v 0.066865153 -0.0089966045 0.086356294
v 0.066315153 -0.0081766045 0.086628303
v 0.066315153 -0.0081766045 0.086851294
v 0.066315153 -0.0085666045 0.086851294
v 0.066315153 -0.0085666045 0.086628303
v 0.067240053 -0.0078127095 0.086290189
v 0.066865153 -0.0077466045 0.086356294
v 0.066865153 -0.0081716045 0.086356294
v 0.067035153 -0.0081716045 0.086326319
v 0.067040153 -0.0081766045 0.086325437
v 0.067040153 -0.0085666045 0.086325437
v 0.067035153 -0.0085716045 0.086326319
v 0.066865153 -0.0085716045 0.086356294
v 0.066865153 -0.0089966045 0.086356294
v 0.067240053 -0.0089304995 0.086290189
v 0.066315153 -0.0085666045 0.084384286
v 0.066314483 -0.0085691045 0.084384286
v 0.066312653 -0.0085709346 0.084384286
v 0.066310153 -0.0085716045 0.084384286
v 0.066310153 -0.0085716045 0.084161294
v 0.066312653 -0.0085709346 0.084161294
v 0.066314483 -0.0085691045 0.084161294
v 0.066315153 -0.0085666045 0.084161294
v 0.066398128 -0.0081766045 0.086365842
v 0.066398139 -0.0081741045 0.086366512
v 0.066398171 -0.0081722744 0.086368342
v 0.066398214 -0.0081716045 0.086370841
v 0.066865153 -0.0081716045 0.086362791
v 0.066865153 -0.008173069 0.086359255
v 0.066865153 -0.0081766045 0.08635779
v 0.066140153 -0.0081766045 0.086851294
v 0.066140153 -0.0081766045 0.086628303
v 0.066140153 -0.0085666045 0.086628303
v 0.066140153 -0.0085666045 0.086851294
v 0.066401144 -0.0081766045 0.084471773
v 0.06686817 -0.0081766045 0.084479825
v 0.06686817 -0.0085666045 0.084479825
v 0.066401144 -0.0085666045 0.084471773
v 0.066868083 -0.0081716045 0.086527765
v 0.066868126 -0.0081722744 0.086530264
v 0.066868158 -0.0081741045 0.086532094
v 0.06686817 -0.0081766045 0.086532764
v 0.066954389 -0.0081766045 0.086508329
v 0.067017208 -0.0081766045 0.086444418
v 0.067040153 -0.0081766045 0.08635779
v 0.067039483 -0.0081741045 0.08635779
v 0.067037653 -0.0081722744 0.08635779
v 0.067035153 -0.0081716045 0.08635779
v 0.067012863 -0.0081716045 0.086441943
v 0.066951839 -0.0081716045 0.086504028
v 0.066310153 -0.0085716045 0.086851294
v 0.066310153 -0.0085709347 0.086853794
v 0.066310153 -0.0085691045 0.086855625
v 0.066310153 -0.0085666045 0.086856294
v 0.066145153 -0.0085666045 0.086856294
v 0.066145153 -0.0085691045 0.086855625
v 0.066145153 -0.0085709347 0.086853794
v 0.066145153 -0.0085716045 0.086851294
v 0.066190153 -0.0078056594 0.08629724
v 0.066190153 -0.0078056594 0.084715349
v 0.066190153 -0.0089375496 0.084715349
v 0.066190153 -0.0089375496 0.08629724
v 0.067240103 -0.0084057354 0.08580605
v 0.067240103 -0.0084522197 0.085785054
v 0.067240103 -0.0084702861 0.085724703
v 0.067240103 -0.0084540264 0.08567358
v 0.067240103 -0.0084131572 0.085653999
v 0.067240103 -0.0083822002 0.085664644
v 0.067240103 -0.008365208 0.085690279
v 0.067240103 -0.0083541729 0.085730757
v 0.067240103 -0.0083426006 0.085765523
v 0.067240103 -0.008324583 0.0857748
v 0.067240103 -0.0083034893 0.085763228
v 0.067240103 -0.0082955791 0.085730562
v 0.06724014 -0.0083044931 0.085697183
v 0.067240103 -0.0083301494 0.085683101
v 0.067240103 -0.0083301494 0.085658492
v 0.067240103 -0.0082878643 0.085679488
v 0.067240103 -0.0082729229 0.085731636
v 0.067240103 -0.0082877666 0.085780855
v 0.067240103 -0.0083257549 0.08579941
v 0.067240103 -0.0083587139 0.085785152
v 0.067240103 -0.0083780498 0.085738179
v 0.067240103 -0.00839221 0.085692037
v 0.067240103 -0.0084151104 0.085678609
v 0.067240103 -0.008438792 0.085691548
v 0.067240103 -0.0084475322 0.085725777
v 0.067240103 -0.0084373272 0.08576396
v 0.067240103 -0.0084057354 0.085781734
v 0.066865153 -0.0077466045 0.084656294
v 0.066865153 -0.0081716045 0.084656294
v 0.066865153 -0.0085716045 0.084656294
v 0.066865153 -0.0089966045 0.084656294
v 0.066190153 -0.0089375496 0.084715349
v 0.066190153 -0.0078056594 0.084715349
v 0.067040153 -0.0081766045 0.08635779
v 0.067017208 -0.0081766045 0.086444418
v 0.066954389 -0.0081766045 0.086508329
v 0.06686817 -0.0081766045 0.086532764
v 0.06686817 -0.0085666045 0.086532764
v 0.066954389 -0.0085666045 0.086508329
v 0.067017208 -0.0085666045 0.086444418
v 0.067040153 -0.0085666045 0.08635779
v 0.067040153 -0.0085666045 0.084687152
v 0.067035153 -0.0085716045 0.08468627
v 0.067035153 -0.0085716045 0.084654799
v 0.067037653 -0.0085709346 0.084654799
v 0.067039483 -0.0085691045 0.084654799
v 0.067040153 -0.0085666045 0.084654799
v 0.066401058 -0.0081716045 0.086535817
v 0.066868083 -0.0081716045 0.086527765
v 0.066951839 -0.0081716045 0.086504028
v 0.067012863 -0.0081716045 0.086441943
v 0.067035153 -0.0081716045 0.08635779
v 0.067035153 -0.0081716045 0.086326319
v 0.066865153 -0.0081716045 0.086356294
v 0.066865153 -0.0081716045 0.086362791
v 0.066398214 -0.0081716045 0.086370841
v 0.066271348 -0.0081716045 0.086406796
v 0.066178915 -0.0081716045 0.086500837
v 0.066145153 -0.0081716045 0.086628303
v 0.066145153 -0.0081716045 0.086851294
v 0.066310153 -0.0081716045 0.086851294
v 0.066310153 -0.0081716045 0.086628303
v 0.066322492 -0.0081716045 0.086582279
v 0.066355332 -0.0081716045 0.086548867
v 0.066865153 -0.0077466045 0.084656294
v 0.066865153 -0.0077466045 0.086356294
v 0.067240053 -0.0078127095 0.086290189
v 0.067240103 -0.0078127183 0.085856294
v 0.067240153 -0.0078127271 0.084722417
v 0.067035153 -0.0081716045 0.08635779
v 0.067037653 -0.0081722744 0.08635779
v 0.067039483 -0.0081741045 0.08635779
v 0.067040153 -0.0081766045 0.08635779
v 0.067040153 -0.0081766045 0.086325437
v 0.067035153 -0.0081716045 0.086326319
v 0.066315153 -0.0081766045 0.084161294
v 0.066314483 -0.0081741045 0.084161294
v 0.066312653 -0.0081722744 0.084161294
v 0.066310153 -0.0081716045 0.084161294
v 0.066310153 -0.0081716045 0.084384286
v 0.066312653 -0.0081722744 0.084384286
v 0.066314483 -0.0081741045 0.084384286
v 0.066315153 -0.0081766045 0.084384286
v 0.067040153 -0.0085666045 0.084654799
v 0.067039483 -0.0085691045 0.084654799
v 0.067037653 -0.0085709346 0.084654799
v 0.067035153 -0.0085716045 0.084654799
v 0.067012863 -0.0085716045 0.084570646
v 0.066951839 -0.0085716045 0.084508561
v 0.066868083 -0.0085716045 0.084484824
v 0.066868126 -0.0085709346 0.084482324
v 0.066868158 -0.0085691045 0.084480495
v 0.06686817 -0.0085666045 0.084479825
v 0.066954389 -0.0085666045 0.08450426
v 0.067017208 -0.0085666045 0.084568171
v 0.066865153 -0.0085666045 0.084654799
v 0.066865153 -0.00857014 0.084653334
v 0.066865153 -0.0085716045 0.084649798
v 0.066865153 -0.0085716045 0.084656294
v 0.066865153 -0.0081716045 0.084656294
v 0.066865153 -0.0081716045 0.084649798
v 0.066865153 -0.008173069 0.084653334
v 0.066865153 -0.0081766045 0.084654799
v 0.066398214 -0.0085716045 0.086370841
v 0.066398171 -0.0085709346 0.086368342
v 0.066398139 -0.0085691045 0.086366512
v 0.066398128 -0.0085666045 0.086365842
v 0.066865153 -0.0085666045 0.08635779
v 0.066865153 -0.00857014 0.086359255
v 0.066865153 -0.0085716045 0.086362791
v 0.066868083 -0.0085716045 0.086527765
v 0.066868126 -0.0085709346 0.086530264
v 0.066868158 -0.0085691045 0.086532094
v 0.06686817 -0.0085666045 0.086532764
v 0.066401144 -0.0085666045 0.086540816
v 0.066401133 -0.0085691045 0.086540146
v 0.066401101 -0.0085709346 0.086538317
v 0.066401058 -0.0085716045 0.086535817
v 0.066398128 -0.0081766045 0.086365842
v 0.066865153 -0.0081766045 0.08635779
v 0.066865153 -0.0085666045 0.08635779
v 0.066398128 -0.0085666045 0.086365842
v 0.066401058 -0.0085716045 0.086535817
v 0.066401101 -0.0085709346 0.086538317
v 0.066401133 -0.0085691045 0.086540146
v 0.066401144 -0.0085666045 0.086540816
v 0.066358035 -0.0085666045 0.086553034
v 0.066326625 -0.0085666045 0.086584989
v 0.066315153 -0.0085666045 0.086628303
v 0.066314483 -0.0085691045 0.086628303
v 0.066312653 -0.0085709346 0.086628303
v 0.066310153 -0.0085716045 0.086628303
v 0.066322413 -0.0085716045 0.086582359
v 0.066355254 -0.0085716045 0.086548948
v 0.066145153 -0.0081716045 0.086851294
v 0.066142653 -0.0081722744 0.086851294
v 0.066140823 -0.0081741045 0.086851294
v 0.066140153 -0.0081766045 0.086851294
v 0.066140823 -0.0081766045 0.086853794
v 0.066142653 -0.0081766045 0.086855625
v 0.066145153 -0.0081766045 0.086856294
v 0.066145153 -0.0081741045 0.086855625
v 0.066145153 -0.0081722744 0.086853794
v 0.066145153 -0.0081766045 0.086856294
v 0.067240153 -0.0089304819 0.084722417
v 0.067240153 -0.0078127271 0.084722417
v 0.067240103 -0.0078127183 0.085856294
v 0.067240103 -0.0089304907 0.085856294
v 0.067240103 -0.0083822002 0.085664644
v 0.067240103 -0.0084131572 0.085653999
v 0.067240103 -0.0084540264 0.08567358
v 0.067240103 -0.0084702861 0.085724703
v 0.067240103 -0.0084522197 0.085785054
v 0.067240103 -0.0084057354 0.08580605
v 0.067240103 -0.0084057354 0.085781734
v 0.067240103 -0.0084373272 0.08576396
v 0.067240103 -0.0084475322 0.085725777
v 0.067240103 -0.008438792 0.085691548
v 0.067240103 -0.0084151104 0.085678609
v 0.067240103 -0.00839221 0.085692037
v 0.067240103 -0.0083780498 0.085738179
v 0.067240103 -0.0083587139 0.085785152
v 0.067240103 -0.0083257549 0.08579941
v 0.067240103 -0.0082877666 0.085780855
v 0.067240103 -0.0082729229 0.085731636
v 0.067240103 -0.0082878643 0.085679488
v 0.067240103 -0.0083301494 0.085658492
v 0.067240103 -0.0083301494 0.085683101
v 0.06724014 -0.0083044931 0.085697183
v 0.067240103 -0.0082955791 0.085730562
v 0.067240103 -0.0083034893 0.085763228
v 0.067240103 -0.008324583 0.0857748
v 0.067240103 -0.0083426006 0.085765523
v 0.067240103 -0.0083541729 0.085730757
v 0.067240103 -0.008365208 0.085690279
v 0.067240103 -0.0084431377 0.085601998
v 0.067240103 -0.0083716533 0.085627632
v 0.067240103 -0.0082999736 0.085601998
v 0.067240103 -0.0082729229 0.085536128
v 0.067240103 -0.0082999736 0.085470455
v 0.067240103 -0.0083716533 0.085444917
v 0.067240103 -0.0084432354 0.085470455
v 0.067240103 -0.0084702861 0.085536128
v 0.067240103 -0.0084670635 0.085350777
v 0.067240103 -0.0084670635 0.085411324
v 0.067240103 -0.0082761455 0.085411324
v 0.067240103 -0.0082761455 0.085350777
v 0.06724014 -0.0083000231 0.085278105
v 0.067240103 -0.0083705791 0.085253511
v 0.06724014 -0.0084426674 0.085278105
v 0.067240103 -0.0083225322 0.085112886
v 0.067240103 -0.0083456279 0.085119478
v 0.067240103 -0.0083622783 0.085139644
v 0.067240103 -0.0083799541 0.085112691
v 0.067240103 -0.0084108135 0.085103218
v 0.067240103 -0.0084537822 0.085121334
v 0.067240103 -0.0084702861 0.085166304
v 0.067240103 -0.0084555889 0.085210201
v 0.067240103 -0.0084166729 0.085228414
v 0.067240103 -0.0084166729 0.085203023
v 0.067240103 -0.0084408916 0.085193501
v 0.067240103 -0.0084510479 0.085166304
v 0.067240103 -0.0084399639 0.085138912
v 0.067240103 -0.0084113018 0.085128707
v 0.067240103 -0.008383665 0.085139302
v 0.067240103 -0.0083739971 0.08517021
v 0.067240103 -0.0083739971 0.085179585
v 0.067240103 -0.0083548565 0.085179585
v 0.067240103 -0.0083548565 0.085174019
v 0.067240103 -0.0083219463 0.085138277
v 0.067240103 -0.0082998272 0.085146089
v 0.067240103 -0.0082921611 0.08516816
v 0.067240103 -0.0083225322 0.085200679
v 0.067240103 -0.0083225322 0.085225972
v 0.067240103 -0.0082856182 0.085207466
v 0.067240103 -0.0082729229 0.085168648
v 0.067240103 -0.00828679 0.085128023
v 0.067240103 -0.0084444072 0.085049312
v 0.067240103 -0.0084444072 0.084957124
v 0.067240103 -0.0084670635 0.084957124
v 0.067240103 -0.0084670635 0.085083589
v 0.067240103 -0.0084337139 0.085072798
v 0.067240103 -0.0083946025 0.08503315
v 0.067240103 -0.0083574932 0.084993599
v 0.067240103 -0.0083260479 0.084982906
v 0.067240103 -0.0083011943 0.084992037
v 0.067240103 -0.0082921611 0.085017671
v 0.067240103 -0.008301292 0.085042183
v 0.067240103 -0.0083280986 0.085053609
v 0.067240103 -0.0083280986 0.085078999
v 0.067240103 -0.0082879619 0.085060494
v 0.067240103 -0.0082729229 0.085017183
v 0.067240103 -0.0082882061 0.08497314
v 0.067240103 -0.0083265361 0.084957613
v 0.067240103 -0.0083633525 0.084969087
v 0.067240103 -0.0084076885 0.085014644
v 0.067240103 -0.0083225322 0.084816207
v 0.067240103 -0.0083456279 0.084822798
v 0.067240103 -0.0083622783 0.084842964
v 0.067240103 -0.0083799541 0.084816011
v 0.067240103 -0.0084108135 0.084806539
v 0.067240103 -0.0084537822 0.084824654
v 0.067240103 -0.0084702861 0.084869625
v 0.067240103 -0.0084555889 0.084913521
v 0.067240103 -0.0084166729 0.084931734
v 0.067240103 -0.0084166729 0.084906343
v 0.067240103 -0.0084408916 0.084896822
v 0.067240103 -0.0084510479 0.084869625
v 0.067240103 -0.0084399639 0.084842232
v 0.067240103 -0.0084113018 0.084832027
v 0.067240103 -0.008383665 0.084842623
v 0.067240103 -0.0083739971 0.084873531
v 0.067240103 -0.0083739971 0.084882906
v 0.067240103 -0.0083548564 0.084882906
v 0.067240103 -0.0083548564 0.084877339
v 0.067240103 -0.0083219463 0.084841597
v 0.067240103 -0.0082998272 0.08484941
v 0.067240103 -0.0082921611 0.08487148
v 0.067240103 -0.0083225322 0.084904
v 0.067240103 -0.0083225322 0.084929292
v 0.067240103 -0.0082856182 0.084910787
v 0.067240103 -0.0082729229 0.084871968
v 0.067240103 -0.00828679 0.084831343
v 0.066401058 -0.0081716045 0.086535817
v 0.066401101 -0.0081722744 0.086538317
v 0.066401133 -0.0081741045 0.086540146
v 0.066401144 -0.0081766045 0.086540816
v 0.06686817 -0.0081766045 0.086532764
v 0.066868158 -0.0081741045 0.086532094
v 0.066868126 -0.0081722744 0.086530264
v 0.066868083 -0.0081716045 0.086527765
f 2 20 1
f 1 20 21
f 1 21 27
f 27 21 22
f 27 22 23
f 2 3 20
f 20 3 19
f 19 3 4
f 19 4 18
f 18 4 15
f 18 15 17
f 17 15 16
f 15 4 14
f 14 4 5
f 14 5 6
f 6 7 14
f 14 7 13
f 13 7 8
f 13 8 12
f 12 8 9
f 12 9 11
f 11 9 10
f 27 23 26
f 26 23 24
f 26 24 25
f 29 30 28
f 28 30 31
f 33 34 32
f 32 34 35
f 32 35 36
f 36 37 32
f 32 37 38
f 46 39 45
f 45 39 40
f 45 40 44
f 44 40 41
f 44 41 43
f 43 41 42
f 54 47 53
f 53 47 48
f 53 48 52
f 52 48 49
f 52 49 51
f 51 49 50
f 62 55 61
f 61 55 56
f 61 56 60
f 60 56 57
f 60 57 59
f 59 57 58
f 64 65 63
f 63 65 66
f 68 82 67
f 67 82 75
f 67 75 76
f 68 69 82
f 82 69 81
f 81 69 80
f 80 69 70
f 80 70 71
f 72 78 71
f 71 78 79
f 71 79 80
f 72 73 78
f 78 73 77
f 77 73 76
f 76 73 74
f 76 74 67
f 90 83 89
f 89 83 84
f 89 84 88
f 88 84 85
f 88 85 87
f 87 85 86
f 92 94 91
f 91 94 95
f 91 95 96
f 92 93 94
f 91 96 100
f 100 96 97
f 100 97 99
f 99 97 98
f 101 102 109
f 109 102 103
f 109 103 106
f 106 103 105
f 105 103 104
f 109 106 108
f 108 106 110
f 111 112 119
f 119 112 113
f 119 113 116
f 116 113 115
f 115 113 114
f 119 116 118
f 118 116 120
f 122 123 121
f 121 123 124
f 125 126 131
f 131 126 130
f 130 126 127
f 130 127 129
f 129 127 128
f 132 133 143
f 143 133 134
f 143 134 136
f 136 134 135
f 143 136 142
f 142 136 137
f 142 137 140
f 140 137 139
f 139 137 138
f 140 141 142
f 145 163 144
f 144 163 164
f 144 164 170
f 170 164 165
f 170 165 166
f 145 146 163
f 163 146 162
f 162 146 147
f 162 147 161
f 161 147 158
f 161 158 160
f 160 158 159
f 158 147 157
f 157 147 148
f 157 148 149
f 149 150 157
f 157 150 156
f 156 150 151
f 156 151 155
f 155 151 152
f 155 152 154
f 154 152 153
f 170 166 169
f 169 166 167
f 169 167 168
f 178 171 177
f 177 171 172
f 177 172 176
f 176 172 173
f 176 173 175
f 175 173 174
f 180 187 179
f 179 187 188
f 179 188 189
f 180 181 187
f 187 181 186
f 186 181 192
f 192 181 182
f 192 182 183
f 184 190 183
f 183 190 191
f 183 191 192
f 184 185 190
f 190 185 189
f 189 185 179
f 193 194 196
f 196 194 195
f 198 205 197
f 197 205 206
f 197 206 213
f 213 206 207
f 213 207 212
f 212 207 208
f 212 208 211
f 211 208 209
f 211 209 210
f 205 198 204
f 204 198 199
f 204 199 200
f 200 201 204
f 204 201 203
f 203 201 202
f 215 216 214
f 214 216 217
f 225 218 224
f 224 218 219
f 224 219 220
f 221 222 220
f 220 222 223
f 220 223 224
f 233 226 232
f 232 226 227
f 232 227 231
f 231 227 228
f 231 228 230
f 230 228 229
f 241 234 240
f 240 234 235
f 240 235 239
f 239 235 236
f 239 236 238
f 238 236 237
f 242 243 253
f 253 243 246
f 253 246 247
f 243 244 246
f 246 244 245
f 248 249 247
f 247 249 250
f 247 250 252
f 252 250 251
f 252 253 247
f 254 255 262
f 262 255 256
f 262 256 259
f 259 256 258
f 258 256 257
f 262 259 261
f 261 259 263
f 271 264 270
f 270 264 265
f 270 265 269
f 269 265 266
f 269 266 268
f 268 266 267
f 279 272 278
f 278 272 273
f 278 273 277
f 277 273 274
f 277 274 276
f 276 274 275
f 287 280 286
f 286 280 281
f 286 281 282
f 283 284 282
f 282 284 285
f 282 285 286
f 289 291 288
f 288 291 292
f 288 292 295
f 295 292 294
f 294 292 293
f 289 290 291
f 297 299 296
f 296 299 300
f 296 300 301
f 297 298 299
f 301 302 296
f 296 302 312
f 312 302 303
f 312 303 311
f 311 303 304
f 311 304 310
f 310 304 305
f 310 305 309
f 309 305 306
f 309 306 308
f 308 306 307
f 313 314 321
f 321 314 315
f 321 315 318
f 318 315 317
f 317 315 316
f 321 318 320
f 320 318 322
f 324 325 323
f 323 325 326
f 334 327 333
f 333 327 328
f 333 328 332
f 332 328 329
f 332 329 331
f 331 329 330
f 335 336 338
f 338 336 337
f 339 340 347
f 347 340 341
f 347 341 344
f 344 341 343
f 343 341 342
f 347 344 346
f 346 344 348
f 356 349 355
f 355 349 350
f 355 350 354
f 354 350 351
f 354 351 353
f 353 351 352
f 364 357 363
f 363 357 358
f 363 358 362
f 362 358 359
f 362 359 361
f 361 359 360
f 366 368 365
f 365 368 369
f 365 369 370
f 366 367 368
f 370 371 365
f 365 371 381
f 381 371 372
f 381 372 380
f 380 372 373
f 380 373 379
f 379 373 374
f 379 374 378
f 378 374 375
f 378 375 377
f 377 375 376
f 382 383 388
f 388 383 387
f 387 383 384
f 387 384 386
f 386 384 385
f 396 389 395
f 395 389 390
f 395 390 394
f 394 390 391
f 394 391 393
f 393 391 392
f 397 398 408
f 408 398 399
f 408 399 400
f 400 401 408
f 408 401 402
f 408 402 407
f 407 402 404
f 407 404 405
f 402 403 404
f 405 406 407
f 409 410 420
f 420 410 413
f 420 413 414
f 410 411 413
f 413 411 412
f 415 416 414
f 414 416 417
f 414 417 418
f 418 419 414
f 414 419 420
f 422 423 421
f 421 423 424
f 425 426 433
f 433 426 427
f 433 427 430
f 430 427 429
f 429 427 428
f 433 430 432
f 432 430 434
f 436 440 435
f 435 440 441
f 435 441 453
f 453 441 442
f 453 442 452
f 452 442 443
f 452 443 444
f 436 437 440
f 440 437 438
f 440 438 439
f 452 444 451
f 451 444 445
f 451 445 450
f 450 445 449
f 449 445 446
f 449 446 448
f 448 446 447
f 454 455 462
f 462 455 456
f 462 456 459
f 459 456 458
f 458 456 457
f 462 459 461
f 461 459 463
f 471 464 470
f 470 464 465
f 470 465 469
f 469 465 466
f 469 466 468
f 468 466 467
f 479 472 478
f 478 472 473
f 478 473 474
f 475 476 474
f 474 476 477
f 474 477 478
f 480 481 491
f 491 481 482
f 491 482 484
f 484 482 483
f 491 484 490
f 490 484 485
f 490 485 488
f 488 485 487
f 487 485 486
f 488 489 490
f 499 492 497
f 497 492 493
f 497 493 494
f 494 495 497
f 497 495 496
f 497 498 499
f 500 501 511
f 511 501 502
f 511 502 504
f 504 502 503
f 504 505 511
f 511 505 510
f 510 505 508
f 510 508 509
f 506 507 505
f 505 507 508
f 512 513 517
f 517 513 516
f 516 513 514
f 516 514 515
f 525 518 524
f 524 518 519
f 524 519 523
f 523 519 520
f 523 520 522
f 522 520 521
f 526 527 537
f 537 527 528
f 537 528 530
f 530 528 529
f 530 531 537
f 537 531 536
f 536 531 534
f 536 534 535
f 532 533 531
f 531 533 534
f 538 539 543
f 543 539 540
f 543 540 542
f 542 540 541
f 544 545 547
f 547 545 546
f 548 549 551
f 551 549 550
f 552 553 563
f 563 553 554
f 563 554 556
f 556 554 555
f 563 556 562
f 562 556 557
f 562 557 560
f 560 557 559
f 559 557 558
f 560 561 562
f 564 565 567
f 567 565 566
f 575 568 574
f 574 568 569
f 574 569 573
f 573 569 570
f 573 570 572
f 572 570 571
f 577 579 576
f 576 579 580
f 576 580 581
f 577 578 579
f 582 583 593
f 593 583 584
f 593 584 586
f 586 584 585
f 593 586 592
f 592 586 587
f 592 587 590
f 590 587 589
f 589 587 588
f 590 591 592
f 601 594 600
f 600 594 595
f 600 595 599
f 599 595 596
f 599 596 598
f 598 596 597
f 603 604 602
f 602 604 606
f 606 604 605
f 608 609 607
f 607 609 610
f 612 614 611
f 611 614 615
f 611 615 620
f 620 615 616
f 620 616 617
f 612 613 614
f 618 619 617
f 617 619 620
f 628 621 627
f 627 621 622
f 627 622 626
f 626 622 623
f 626 623 625
f 625 623 624
f 629 630 635
f 635 630 634
f 634 630 631
f 634 631 633
f 633 631 632
f 637 638 636
f 636 638 639
f 640 641 643
f 643 641 642
f 644 645 655
f 655 645 646
f 655 646 648
f 648 646 647
f 648 649 655
f 655 649 654
f 654 649 652
f 654 652 653
f 650 651 649
f 649 651 652
f 663 656 662
f 662 656 657
f 662 657 661
f 661 657 658
f 661 658 660
f 660 658 659
f 664 665 667
f 667 665 666
f 668 669 694
f 694 669 693
f 693 669 670
f 693 670 692
f 692 670 691
f 691 670 671
f 691 671 690
f 690 671 672
f 690 672 673
f 690 673 689
f 689 673 674
f 689 674 675
f 689 675 688
f 688 675 676
f 688 676 687
f 687 676 677
f 687 677 686
f 686 677 685
f 685 677 678
f 685 678 684
f 684 678 679
f 684 679 680
f 684 680 683
f 683 680 681
f 683 681 682
f 695 696 700
f 700 696 699
f 699 696 697
f 699 697 698
f 708 701 707
f 707 701 702
f 707 702 703
f 704 705 703
f 703 705 706
f 703 706 707
f 714 709 713
f 713 709 710
f 713 710 712
f 712 710 711
f 716 723 715
f 715 723 724
f 715 724 731
f 731 724 725
f 731 725 730
f 730 725 726
f 730 726 729
f 729 726 727
f 729 727 728
f 723 716 722
f 722 716 717
f 722 717 718
f 718 719 722
f 722 719 721
f 721 719 720
f 736 732 735
f 735 732 733
f 735 733 734
f 737 738 742
f 742 738 739
f 742 739 741
f 741 739 740
f 750 743 749
f 749 743 744
f 749 744 748
f 748 744 745
f 748 745 747
f 747 745 746
f 751 752 762
f 762 752 753
f 762 753 755
f 755 753 754
f 755 756 762
f 762 756 761
f 761 756 759
f 761 759 760
f 757 758 756
f 756 758 759
f 770 763 766
f 766 763 764
f 766 764 765
f 766 767 770
f 770 767 769
f 769 767 768
f 771 772 777
f 777 772 776
f 776 772 773
f 776 773 775
f 775 773 774
f 785 778 784
f 784 778 779
f 784 779 783
f 783 779 780
f 783 780 782
f 782 780 781
f 786 787 789
f 789 787 788
f 790 791 801
f 801 791 792
f 801 792 794
f 794 792 793
f 794 795 801
f 801 795 800
f 800 795 797
f 800 797 798
f 795 796 797
f 798 799 800
f 802 803 810
f 810 803 804
f 810 804 807
f 807 804 806
f 806 804 805
f 810 807 809
f 809 807 811
f 813 908 812
f 812 908 909
f 812 909 910
f 814 854 813
f 813 854 883
f 813 883 899
f 899 883 884
f 899 884 898
f 898 884 858
f 898 858 897
f 897 858 859
f 897 859 861
f 861 859 860
f 815 821 814
f 814 821 830
f 814 830 831
f 812 851 815
f 815 851 852
f 815 852 850
f 850 852 849
f 849 852 848
f 848 852 853
f 848 853 847
f 847 853 846
f 846 853 814
f 846 814 832
f 832 814 831
f 817 844 816
f 816 844 834
f 816 834 842
f 842 834 835
f 842 835 841
f 841 835 836
f 841 836 837
f 844 817 843
f 843 817 818
f 843 818 850
f 850 818 819
f 850 819 815
f 815 819 820
f 815 820 821
f 830 821 829
f 829 821 822
f 829 822 828
f 828 822 823
f 828 823 824
f 828 824 827
f 827 824 825
f 827 825 826
f 832 833 846
f 846 833 845
f 845 833 834
f 845 834 844
f 837 838 841
f 841 838 840
f 840 838 839
f 853 854 814
f 883 854 882
f 882 854 855
f 882 855 881
f 881 855 856
f 881 856 875
f 875 856 874
f 874 856 866
f 874 866 867
f 856 857 866
f 866 857 865
f 865 857 851
f 865 851 864
f 864 851 812
f 864 812 888
f 888 812 887
f 887 812 910
f 887 910 911
f 897 861 890
f 890 861 862
f 890 862 889
f 889 862 863
f 889 863 888
f 888 863 864
f 868 871 867
f 867 871 872
f 867 872 873
f 868 869 871
f 871 869 870
f 873 874 867
f 881 875 880
f 880 875 876
f 880 876 877
f 877 878 880
f 880 878 879
f 885 886 903
f 903 886 912
f 903 912 902
f 902 912 920
f 902 920 921
f 912 886 911
f 911 886 887
f 897 890 896
f 896 890 891
f 896 891 892
f 893 894 892
f 892 894 895
f 892 895 896
f 900 928 899
f 899 928 929
f 899 929 813
f 813 929 930
f 813 930 904
f 928 900 927
f 927 900 901
f 927 901 902
f 905 907 904
f 904 907 908
f 904 908 813
f 905 906 907
f 912 913 920
f 920 913 919
f 919 913 918
f 918 913 917
f 917 913 914
f 917 914 915
f 915 916 917
f 922 926 921
f 921 926 927
f 921 927 902
f 922 923 926
f 926 923 924
f 926 924 925
f 938 931 937
f 937 931 932
f 937 932 936
f 936 932 933
f 936 933 935
f 935 933 934
v 0.06686066 0.0048791352 0.082759137
v 0.06686066 0.0048791352 0.085799137
v 0.06686066 0.0046535642 0.085799137
v 0.06686066 0.0046535643 0.082759137
v 0.066581327 0.004719722 0.085799137
v 0.066581327 0.004719722 0.082759137
v 0.06686066 0.0046535643 0.082759137
v 0.06686066 0.0046535642 0.085799137
v 0.066671431 0.0053853919 0.082759137
v 0.066671431 0.0053853919 0.085799137
v 0.06677194 0.0052322467 0.085799137
v 0.066836076 0.0050606596 0.085799137
v 0.06686066 0.0048791352 0.085799137
v 0.06686066 0.0048791352 0.082759137
v 0.066836076 0.0050606597 0.082759137
v 0.06677194 0.0052322467 0.082759137
v 0.066671431 0.0053853919 0.085799137
v 0.066671431 0.0053853919 0.082759137
v 0.066539048 0.00554503 0.082759137
v 0.066539048 0.0055450299 0.085799137
v 0.066581327 0.0048756145 0.085799137
v 0.066581327 0.0048756145 0.082759137
v 0.066581327 0.004719722 0.082759137
v 0.066581327 0.004719722 0.085799137
v 0.066539048 0.0055450299 0.085799137
v 0.066539048 0.00554503 0.082759137
v 0.066483851 0.0056097061 0.082759137
v 0.066446751 0.0056862131 0.082759137
v 0.066430148 0.0057696045 0.082759137
v 0.066430148 0.0057696044 0.085799137
v 0.066446751 0.0056862131 0.085799137
v 0.066483851 0.005609706 0.085799137
v 0.066581327 0.0048756145 0.082759137
v 0.066581327 0.0048756145 0.085799137
v 0.066564686 0.0049944817 0.085799137
v 0.06652236 0.0051067977 0.085799137
v 0.066456413 0.0052070843 0.085799137
v 0.066456413 0.0052070843 0.082759137
v 0.06652236 0.0051067977 0.082759137
v 0.066564686 0.0049944817 0.082759137
v 0.066456413 0.0052070843 0.082759137
v 0.066456413 0.0052070843 0.085799137
v 0.066334487 0.0053541131 0.085799137
v 0.066334487 0.0053541132 0.082759137
v 0.066430148 0.0057696044 0.085799137
v 0.066430148 0.0057696045 0.082759137
v 0.066382196 0.0064630658 0.082759137
v 0.066382196 0.0064630658 0.085799137
v 0.066382196 0.0064630658 0.082759137
v 0.066102243 0.0064630658 0.082759137
v 0.066102243 0.0064630658 0.085799137
v 0.066382196 0.0064630658 0.085799137
v 0.066671431 0.0053853919 0.082759137
v 0.06677194 0.0052322467 0.082759137
v 0.066836076 0.0050606597 0.082759137
v 0.06686066 0.0048791352 0.082759137
v 0.06686066 0.0046535643 0.082759137
v 0.066581327 0.004719722 0.082759137
v 0.066581327 0.0048756145 0.082759137
v 0.066564686 0.0049944817 0.082759137
v 0.06652236 0.0051067977 0.082759137
v 0.066456413 0.0052070843 0.082759137
v 0.066334487 0.0053541132 0.082759137
v 0.066241778 0.0054699481 0.082759137
v 0.06617958 0.0056046477 0.082759137
v 0.066151527 0.0057503382 0.082759137
v 0.066102243 0.0064630658 0.082759137
v 0.066382196 0.0064630658 0.082759137
v 0.066430148 0.0057696045 0.082759137
v 0.066446751 0.0056862131 0.082759137
v 0.066483851 0.0056097061 0.082759137
v 0.066539048 0.00554503 0.082759137
v 0.066151527 0.0057503382 0.085799137
v 0.066151527 0.0057503382 0.082759137
v 0.06617958 0.0056046477 0.082759137
v 0.066241778 0.0054699481 0.082759137
v 0.066334487 0.0053541132 0.082759137
v 0.066334487 0.0053541131 0.085799137
v 0.066241778 0.0054699481 0.085799137
v 0.06617958 0.0056046477 0.085799137
v 0.066456413 0.0052070843 0.085799137
v 0.06652236 0.0051067977 0.085799137
v 0.066564686 0.0049944817 0.085799137
v 0.066581327 0.0048756145 0.085799137
v 0.066581327 0.004719722 0.085799137
v 0.06686066 0.0046535642 0.085799137
v 0.06686066 0.0048791352 0.085799137
v 0.066836076 0.0050606596 0.085799137
v 0.06677194 0.0052322467 0.085799137
v 0.066671431 0.0053853919 0.085799137
v 0.066539048 0.0055450299 0.085799137
v 0.066483851 0.005609706 0.085799137
v 0.066446751 0.0056862131 0.085799137
v 0.066430148 0.0057696044 0.085799137
v 0.066382196 0.0064630658 0.085799137
v 0.066102243 0.0064630658 0.085799137
v 0.066151527 0.0057503382 0.085799137
v 0.06617958 0.0056046477 0.085799137
v 0.066241778 0.0054699481 0.085799137
v 0.066334487 0.0053541131 0.085799137
v 0.066151527 0.0057503382 0.082759137
v 0.066151527 0.0057503382 0.085799137
v 0.066102243 0.0064630658 0.085799137
v 0.066102243 0.0064630658 0.082759137
f 939 940 942
f 942 940 941
f 944 945 943
f 943 945 946
f 947 948 954
f 954 948 949
f 954 949 950
f 951 952 950
f 950 952 953
f 950 953 954
f 956 957 955
f 955 957 958
f 959 960 962
f 962 960 961
f 963 964 970
f 970 964 965
f 970 965 966
f 967 968 966
f 966 968 969
f 966 969 970
f 971 972 978
f 978 972 973
f 978 973 974
f 975 976 974
f 974 976 977
f 974 977 978
f 980 981 979
f 979 981 982
f 984 985 983
f 983 985 986
f 987 988 990
f 990 988 989
f 992 998 991
f 991 998 999
f 991 999 1010
f 1010 999 1000
f 1010 1000 1009
f 1009 1000 1001
f 1009 1001 1008
f 1008 1001 1007
f 1007 1001 1002
f 1007 1002 1003
f 998 992 997
f 997 992 993
f 997 993 994
f 995 996 994
f 994 996 997
f 1003 1004 1007
f 1007 1004 1006
f 1006 1004 1005
f 1011 1012 1018
f 1018 1012 1013
f 1018 1013 1014
f 1015 1016 1014
f 1014 1016 1017
f 1014 1017 1018
f 1020 1029 1019
f 1019 1029 1030
f 1019 1030 1038
f 1038 1030 1031
f 1038 1031 1032
f 1029 1020 1028
f 1028 1020 1021
f 1028 1021 1027
f 1027 1021 1022
f 1027 1022 1026
f 1026 1022 1025
f 1025 1022 1023
f 1025 1023 1024
f 1033 1035 1032
f 1032 1035 1036
f 1032 1036 1037
f 1033 1034 1035
f 1037 1038 1032
f 1040 1041 1039
f 1039 1041 1042
v 0.066676277 0.00056653965 0.082349137
v 0.066676277 0.00056653966 0.081609137
v 0.066778245 0.00072058831 0.081609137
v 0.066840904 0.00089438293 0.081609137
v 0.066860749 0.001078059 0.081609137
v 0.066860749 0.001078059 0.082349137
v 0.066840904 0.00089438292 0.082349137
v 0.066778245 0.0007205883 0.082349137
v 0.066676277 0.00056653966 0.081609137
v 0.066676277 0.00056653965 0.082349137
v 0.066549083 0.00041698043 0.082349137
v 0.066549083 0.00041698044 0.081609137
v 0.066860749 0.001078059 0.082349137
v 0.066860749 0.001078059 0.081609137
v 0.066860749 0.0012928929 0.081609137
v 0.066860749 0.0012928929 0.082349137
v 0.066549083 0.00041698043 0.082349137
v 0.066486566 0.00032865141 0.082349137
v 0.066444071 0.00022913043 0.082349137
v 0.066423492 0.00012289171 0.082349137
v 0.066423491 0.00012288755 0.081609137
v 0.066444071 0.00022912925 0.081609137
v 0.066486566 0.00032865082 0.081609137
v 0.066549083 0.00041698044 0.081609137
v 0.066860749 0.0012928929 0.082349137
v 0.066860749 0.0012928929 0.081609137
v 0.066581327 0.0012267139 0.081609137
v 0.066581327 0.0012267138 0.082349137
v 0.066676277 0.00056653965 0.082349137
v 0.066778245 0.0007205883 0.082349137
v 0.066840904 0.00089438292 0.082349137
v 0.066860749 0.001078059 0.082349137
v 0.066860749 0.0012928929 0.082349137
v 0.066581327 0.0012267138 0.082349137
v 0.066581327 0.0010600844 0.082349137
v 0.066564888 0.00094194476 0.082349137
v 0.066520795 0.00083111588 0.082349137
v 0.066451632 0.00073390161 0.082349137
v 0.066324538 0.00058425238 0.082349137
v 0.066231674 0.00044457769 0.082349137
v 0.066170393 0.00028844511 0.082349137
v 0.066143468 0.00012289321 0.082349137
v 0.066102339 -0.00051661932 0.082349137
v 0.066382339 -0.00051661934 0.082349137
v 0.066423492 0.00012289171 0.082349137
v 0.066444071 0.00022913043 0.082349137
v 0.066486566 0.00032865141 0.082349137
v 0.066549083 0.00041698043 0.082349137
v 0.066423491 0.00012288755 0.081609137
v 0.066423492 0.00012289171 0.082349137
v 0.066382339 -0.00051661934 0.082349137
v 0.066382339 -0.00051661933 0.081609137
v 0.066102339 -0.00051661932 0.081609137
v 0.066382339 -0.00051661933 0.081609137
v 0.066382339 -0.00051661934 0.082349137
v 0.066102339 -0.00051661932 0.082349137
v 0.066143468 0.00012289321 0.082349137
v 0.066143468 0.00012289322 0.081609137
v 0.066102339 -0.00051661932 0.081609137
v 0.066102339 -0.00051661932 0.082349137
v 0.066324538 0.00058425238 0.082349137
v 0.066324538 0.00058425239 0.081609137
v 0.066231674 0.0004445777 0.081609137
v 0.066170393 0.00028844512 0.081609137
v 0.066143468 0.00012289322 0.081609137
v 0.066143468 0.00012289321 0.082349137
v 0.066170393 0.00028844511 0.082349137
v 0.066231674 0.00044457769 0.082349137
v 0.066451632 0.00073390161 0.082349137
v 0.066451632 0.00073390161 0.081609137
v 0.066324538 0.00058425239 0.081609137
v 0.066324538 0.00058425238 0.082349137
v 0.066451632 0.00073390161 0.082349137
v 0.066520795 0.00083111588 0.082349137
v 0.066564888 0.00094194476 0.082349137
v 0.066581327 0.0010600844 0.082349137
v 0.066581327 0.0010600845 0.081609137
v 0.066564888 0.00094194477 0.081609137
v 0.066520795 0.00083111589 0.081609137
v 0.066451632 0.00073390161 0.081609137
v 0.066581327 0.0010600845 0.081609137
v 0.066581327 0.0010600844 0.082349137
v 0.066581327 0.0012267138 0.082349137
v 0.066581327 0.0012267139 0.081609137
v 0.066451632 0.00073390161 0.081609137
v 0.066520795 0.00083111589 0.081609137
v 0.066564888 0.00094194477 0.081609137
v 0.066581327 0.0010600845 0.081609137
v 0.066581327 0.0012267139 0.081609137
v 0.066860749 0.0012928929 0.081609137
v 0.066860749 0.001078059 0.081609137
v 0.066840904 0.00089438293 0.081609137
v 0.066778245 0.00072058831 0.081609137
v 0.066676277 0.00056653966 0.081609137
v 0.066549083 0.00041698044 0.081609137
v 0.066486566 0.00032865082 0.081609137
v 0.066444071 0.00022912925 0.081609137
v 0.066423491 0.00012288755 0.081609137
v 0.066382339 -0.00051661933 0.081609137
v 0.066102339 -0.00051661932 0.081609137
v 0.066143468 0.00012289322 0.081609137
v 0.066170393 0.00028844512 0.081609137
v 0.066231674 0.0004445777 0.081609137
v 0.066324538 0.00058425239 0.081609137
f 1043 1044 1050
f 1050 1044 1045
f 1050 1045 1049
f 1049 1045 1046
f 1049 1046 1048
f 1048 1046 1047
f 1052 1053 1051
f 1051 1053 1054
f 1055 1056 1058
f 1058 1056 1057
f 1059 1060 1066
f 1066 1060 1065
f 1065 1060 1061
f 1065 1061 1064
f 1064 1061 1062
f 1064 1062 1063
f 1068 1069 1067
f 1067 1069 1070
f 1072 1078 1071
f 1071 1078 1079
f 1071 1079 1090
f 1090 1079 1080
f 1090 1080 1089
f 1089 1080 1081
f 1089 1081 1088
f 1088 1081 1082
f 1088 1082 1087
f 1087 1082 1083
f 1087 1083 1084
f 1078 1072 1077
f 1077 1072 1073
f 1077 1073 1074
f 1075 1076 1074
f 1074 1076 1077
f 1085 1086 1084
f 1084 1086 1087
f 1092 1093 1091
f 1091 1093 1094
f 1095 1096 1098
f 1098 1096 1097
f 1100 1101 1099
f 1099 1101 1102
f 1103 1104 1110
f 1110 1104 1105
f 1110 1105 1109
f 1109 1105 1106
f 1109 1106 1108
f 1108 1106 1107
f 1112 1113 1111
f 1111 1113 1114
f 1122 1115 1121
f 1121 1115 1116
f 1121 1116 1117
f 1118 1119 1117
f 1117 1119 1120
f 1117 1120 1121
f 1123 1124 1126
f 1126 1124 1125
f 1128 1137 1127
f 1127 1137 1138
f 1127 1138 1146
f 1146 1138 1139
f 1146 1139 1145
f 1145 1139 1140
f 1145 1140 1144
f 1144 1140 1143
f 1143 1140 1141
f 1143 1141 1142
f 1137 1128 1136
f 1136 1128 1129
f 1136 1129 1135
f 1135 1129 1130
f 1135 1130 1134
f 1134 1130 1133
f 1133 1130 1131
f 1133 1131 1132
v 0.066676277 0.00056653962 0.084649137
v 0.066676277 0.00056653963 0.083909137
v 0.066778245 0.00072058828 0.083909137
v 0.066840904 0.0008943829 0.083909137
v 0.066860749 0.0010780589 0.083909137
v 0.066860749 0.0010780589 0.084649137
v 0.066840904 0.00089438289 0.084649137
v 0.066778245 0.00072058827 0.084649137
v 0.066676277 0.00056653963 0.083909137
v 0.066676277 0.00056653962 0.084649137
v 0.066549083 0.0004169804 0.084649137
v 0.066549083 0.00041698041 0.083909137
v 0.066860749 0.0010780589 0.084649137
v 0.066860749 0.0010780589 0.083909137
v 0.066860749 0.0012928929 0.083909137
v 0.066860749 0.0012928928 0.084649137
v 0.066549083 0.0004169804 0.084649137
v 0.066486566 0.00032865138 0.084649137
v 0.066444071 0.0002291304 0.084649137
v 0.066423492 0.00012289168 0.084649137
v 0.066423491 0.00012288752 0.083909137
v 0.066444071 0.00022912922 0.083909137
v 0.066486566 0.0003286508 0.083909137
v 0.066549083 0.00041698041 0.083909137
v 0.066860749 0.0012928928 0.084649137
v 0.066860749 0.0012928929 0.083909137
v 0.066581327 0.0012267138 0.083909137
v 0.066581327 0.0012267138 0.084649137
v 0.066676277 0.00056653962 0.084649137
v 0.066778245 0.00072058827 0.084649137
v 0.066840904 0.00089438289 0.084649137
v 0.066860749 0.0010780589 0.084649137
v 0.066860749 0.0012928928 0.084649137
v 0.066581327 0.0012267138 0.084649137
v 0.066581327 0.0010600844 0.084649137
v 0.066564888 0.00094194473 0.084649137
v 0.066520795 0.00083111586 0.084649137
v 0.066451632 0.00073390158 0.084649137
v 0.066324538 0.00058425235 0.084649137
v 0.066231674 0.00044457766 0.084649137
v 0.066170393 0.00028844509 0.084649137
v 0.066143468 0.00012289319 0.084649137
v 0.066102339 -0.00051661935 0.084649137
v 0.066382339 -0.00051661936 0.084649137
v 0.066423492 0.00012289168 0.084649137
v 0.066444071 0.0002291304 0.084649137
v 0.066486566 0.00032865138 0.084649137
v 0.066549083 0.0004169804 0.084649137
v 0.066423491 0.00012288752 0.083909137
v 0.066423492 0.00012289168 0.084649137
v 0.066382339 -0.00051661936 0.084649137
v 0.066382339 -0.00051661936 0.083909137
v 0.066102339 -0.00051661934 0.083909137
v 0.066382339 -0.00051661936 0.083909137
v 0.066382339 -0.00051661936 0.084649137
v 0.066102339 -0.00051661935 0.084649137
v 0.066143468 0.00012289319 0.084649137
v 0.066143468 0.00012289319 0.083909137
v 0.066102339 -0.00051661934 0.083909137
v 0.066102339 -0.00051661935 0.084649137
v 0.066324538 0.00058425235 0.084649137
v 0.066324538 0.00058425236 0.083909137
v 0.066231674 0.00044457767 0.083909137
v 0.066170393 0.00028844509 0.083909137
v 0.066143468 0.00012289319 0.083909137
v 0.066143468 0.00012289319 0.084649137
v 0.066170393 0.00028844509 0.084649137
v 0.066231674 0.00044457766 0.084649137
v 0.066451632 0.00073390158 0.084649137
v 0.066451632 0.00073390159 0.083909137
v 0.066324538 0.00058425236 0.083909137
v 0.066324538 0.00058425235 0.084649137
v 0.066451632 0.00073390158 0.084649137
v 0.066520795 0.00083111586 0.084649137
v 0.066564888 0.00094194473 0.084649137
v 0.066581327 0.0010600844 0.084649137
v 0.066581327 0.0010600844 0.083909137
v 0.066564888 0.00094194474 0.083909137
v 0.066520795 0.00083111587 0.083909137
v 0.066451632 0.00073390159 0.083909137
v 0.066581327 0.0010600844 0.083909137
v 0.066581327 0.0010600844 0.084649137
v 0.066581327 0.0012267138 0.084649137
v 0.066581327 0.0012267138 0.083909137
v 0.066451632 0.00073390159 0.083909137
v 0.066520795 0.00083111587 0.083909137
v 0.066564888 0.00094194474 0.083909137
v 0.066581327 0.0010600844 0.083909137
v 0.066581327 0.0012267138 0.083909137
v 0.066860749 0.0012928929 0.083909137
v 0.066860749 0.0010780589 0.083909137
v 0.066840904 0.0008943829 0.083909137
v 0.066778245 0.00072058828 0.083909137
v 0.066676277 0.00056653963 0.083909137
v 0.066549083 0.00041698041 0.083909137
v 0.066486566 0.0003286508 0.083909137
v 0.066444071 0.00022912922 0.083909137
v 0.066423491 0.00012288752 0.083909137
v 0.066382339 -0.00051661936 0.083909137
v 0.066102339 -0.00051661934 0.083909137
v 0.066143468 0.00012289319 0.083909137
v 0.066170393 0.00028844509 0.083909137
v 0.066231674 0.00044457767 0.083909137
v 0.066324538 0.00058425236 0.083909137
f 1147 1148 1154
f 1154 1148 1149
f 1154 1149 1153
f 1153 1149 1150
f 1153 1150 1152
f 1152 1150 1151
f 1156 1157 1155
f 1155 1157 1158
f 1159 1160 1162
f 1162 1160 1161
f 1163 1164 1170
f 1170 1164 1169
f 1169 1164 1165
f 1169 1165 1168
f 1168 1165 1166
f 1168 1166 1167
f 1172 1173 1171
f 1171 1173 1174
f 1176 1182 1175
f 1175 1182 1183
f 1175 1183 1194
f 1194 1183 1184
f 1194 1184 1193
f 1193 1184 1185
f 1193 1185 1192
f 1192 1185 1186
f 1192 1186 1191
f 1191 1186 1187
f 1191 1187 1188
f 1182 1176 1181
f 1181 1176 1177
f 1181 1177 1178
f 1179 1180 1178
f 1178 1180 1181
f 1189 1190 1188
f 1188 1190 1191
f 1196 1197 1195
f 1195 1197 1198
f 1199 1200 1202
f 1202 1200 1201
f 1204 1205 1203
f 1203 1205 1206
f 1207 1208 1214
f 1214 1208 1209
f 1214 1209 1213
f 1213 1209 1210
f 1213 1210 1212
f 1212 1210 1211
f 1216 1217 1215
f 1215 1217 1218
f 1226 1219 1225
f 1225 1219 1220
f 1225 1220 1221
f 1222 1223 1221
f 1221 1223 1224
f 1221 1224 1225
f 1227 1228 1230
f 1230 1228 1229
f 1232 1241 1231
f 1231 1241 1242
f 1231 1242 1250
f 1250 1242 1243
f 1250 1243 1249
f 1249 1243 1244
f 1249 1244 1248
f 1248 1244 1247
f 1247 1244 1245
f 1247 1245 1246
f 1241 1232 1240
f 1240 1232 1233
f 1240 1233 1239
f 1239 1233 1234
f 1239 1234 1238
f 1238 1234 1237
f 1237 1234 1235
f 1237 1235 1236
v 0.066676277 0.0005665396 0.086949137
v 0.066676277 0.0005665396 0.086209137
v 0.066778245 0.00072058825 0.086209137
v 0.066840904 0.00089438288 0.086209137
v 0.066860749 0.0010780589 0.086209137
v 0.066860749 0.0010780589 0.086949137
v 0.066840904 0.00089438287 0.086949137
v 0.066778245 0.00072058824 0.086949137
v 0.066676277 0.0005665396 0.086209137
v 0.066676277 0.0005665396 0.086949137
v 0.066549083 0.00041698037 0.086949137
v 0.066549083 0.00041698038 0.086209137
v 0.066860749 0.0010780589 0.086949137
v 0.066860749 0.0010780589 0.086209137
v 0.066860749 0.0012928928 0.086209137
v 0.066860749 0.0012928928 0.086949137
v 0.066549083 0.00041698037 0.086949137
v 0.066486566 0.00032865136 0.086949137
v 0.066444071 0.00022913038 0.086949137
v 0.066423492 0.00012289166 0.086949137
v 0.066423491 0.00012288749 0.086209137
v 0.066444071 0.00022912919 0.086209137
v 0.066486566 0.00032865077 0.086209137
v 0.066549083 0.00041698038 0.086209137
v 0.066860749 0.0012928928 0.086949137
v 0.066860749 0.0012928928 0.086209137
v 0.066581327 0.0012267138 0.086209137
v 0.066581327 0.0012267138 0.086949137
v 0.066676277 0.0005665396 0.086949137
v 0.066778245 0.00072058824 0.086949137
v 0.066840904 0.00089438287 0.086949137
v 0.066860749 0.0010780589 0.086949137
v 0.066860749 0.0012928928 0.086949137
v 0.066581327 0.0012267138 0.086949137
v 0.066581327 0.0010600844 0.086949137
v 0.066564888 0.0009419447 0.086949137
v 0.066520795 0.00083111583 0.086949137
v 0.066451632 0.00073390155 0.086949137
v 0.066324538 0.00058425232 0.086949137
v 0.066231674 0.00044457763 0.086949137
v 0.066170393 0.00028844506 0.086949137
v 0.066143468 0.00012289316 0.086949137
v 0.066102339 -0.00051661938 0.086949137
v 0.066382339 -0.00051661939 0.086949137
v 0.066423492 0.00012289166 0.086949137
v 0.066444071 0.00022913038 0.086949137
v 0.066486566 0.00032865136 0.086949137
v 0.066549083 0.00041698037 0.086949137
v 0.066423491 0.00012288749 0.086209137
v 0.066423492 0.00012289166 0.086949137
v 0.066382339 -0.00051661939 0.086949137
v 0.066382339 -0.00051661938 0.086209137
v 0.066102339 -0.00051661937 0.086209137
v 0.066382339 -0.00051661938 0.086209137
v 0.066382339 -0.00051661939 0.086949137
v 0.066102339 -0.00051661938 0.086949137
v 0.066143468 0.00012289316 0.086949137
v 0.066143468 0.00012289317 0.086209137
v 0.066102339 -0.00051661937 0.086209137
v 0.066102339 -0.00051661938 0.086949137
v 0.066324538 0.00058425232 0.086949137
v 0.066324538 0.00058425233 0.086209137
v 0.066231674 0.00044457764 0.086209137
v 0.066170393 0.00028844507 0.086209137
v 0.066143468 0.00012289317 0.086209137
v 0.066143468 0.00012289316 0.086949137
v 0.066170393 0.00028844506 0.086949137
v 0.066231674 0.00044457763 0.086949137
v 0.066451632 0.00073390155 0.086949137
v 0.066451632 0.00073390156 0.086209137
v 0.066324538 0.00058425233 0.086209137
v 0.066324538 0.00058425232 0.086949137
v 0.066451632 0.00073390155 0.086949137
v 0.066520795 0.00083111583 0.086949137
v 0.066564888 0.0009419447 0.086949137
v 0.066581327 0.0010600844 0.086949137
v 0.066581327 0.0010600844 0.086209137
v 0.066564888 0.00094194471 0.086209137
v 0.066520795 0.00083111584 0.086209137
v 0.066451632 0.00073390156 0.086209137
v 0.066581327 0.0010600844 0.086209137
v 0.066581327 0.0010600844 0.086949137
v 0.066581327 0.0012267138 0.086949137
v 0.066581327 0.0012267138 0.086209137
v 0.066451632 0.00073390156 0.086209137
v 0.066520795 0.00083111584 0.086209137
v 0.066564888 0.00094194471 0.086209137
v 0.066581327 0.0010600844 0.086209137
v 0.066581327 0.0012267138 0.086209137
v 0.066860749 0.0012928928 0.086209137
v 0.066860749 0.0010780589 0.086209137
v 0.066840904 0.00089438288 0.086209137
v 0.066778245 0.00072058825 0.086209137
v 0.066676277 0.0005665396 0.086209137
v 0.066549083 0.00041698038 0.086209137
v 0.066486566 0.00032865077 0.086209137
v 0.066444071 0.00022912919 0.086209137
v 0.066423491 0.00012288749 0.086209137
v 0.066382339 -0.00051661938 0.086209137
v 0.066102339 -0.00051661937 0.086209137
v 0.066143468 0.00012289317 0.086209137
v 0.066170393 0.00028844507 0.086209137
v 0.066231674 0.00044457764 0.086209137
v 0.066324538 0.00058425233 0.086209137
f 1251 1252 1258
f 1258 1252 1253
f 1258 1253 1257
f 1257 1253 1254
f 1257 1254 1256
f 1256 1254 1255
f 1260 1261 1259
f 1259 1261 1262
f 1263 1264 1266
f 1266 1264 1265
f 1267 1268 1274
f 1274 1268 1273
f 1273 1268 1269
f 1273 1269 1272
f 1272 1269 1270
f 1272 1270 1271
f 1276 1277 1275
f 1275 1277 1278
f 1280 1286 1279
f 1279 1286 1287
f 1279 1287 1298
f 1298 1287 1288
f 1298 1288 1297
f 1297 1288 1289
f 1297 1289 1296
f 1296 1289 1290
f 1296 1290 1295
f 1295 1290 1291
f 1295 1291 1292
f 1286 1280 1285
f 1285 1280 1281
f 1285 1281 1282
f 1283 1284 1282
f 1282 1284 1285
f 1293 1294 1292
f 1292 1294 1295
f 1300 1301 1299
f 1299 1301 1302
f 1303 1304 1306
f 1306 1304 1305
f 1308 1309 1307
f 1307 1309 1310
f 1311 1312 1318
f 1318 1312 1313
f 1318 1313 1317
f 1317 1313 1314
f 1317 1314 1316
f 1316 1314 1315
f 1320 1321 1319
f 1319 1321 1322
f 1330 1323 1329
f 1329 1323 1324
f 1329 1324 1325
f 1326 1327 1325
f 1325 1327 1328
f 1325 1328 1329
f 1331 1332 1334
f 1334 1332 1333
f 1336 1345 1335
f 1335 1345 1346
f 1335 1346 1354
f 1354 1346 1347
f 1354 1347 1353
f 1353 1347 1348
f 1353 1348 1352
f 1352 1348 1351
f 1351 1348 1349
f 1351 1349 1350
f 1345 1336 1344
f 1344 1336 1337
f 1344 1337 1343
f 1343 1337 1338
f 1343 1338 1342
f 1342 1338 1341
f 1341 1338 1339
f 1341 1339 1340
v 0.067240103 -0.0044037944 0.075374657
v 0.067240103 -0.0043608257 0.075356542
v 0.067240103 -0.0043299663 0.075366014
v 0.067240103 -0.0043122905 0.075392967
v 0.067240103 -0.0042956401 0.075372801
v 0.067240103 -0.0042725444 0.07536621
v 0.067240103 -0.0042368022 0.075381346
v 0.067240103 -0.0042229351 0.075421971
v 0.067240103 -0.0042356304 0.07546079
v 0.067240103 -0.0042725444 0.075479296
v 0.067240103 -0.0042725444 0.075454003
v 0.067240103 -0.0042421733 0.075421483
v 0.067240103 -0.0042498394 0.075399413
v 0.067240103 -0.0042719585 0.0753916
v 0.067240103 -0.0043048687 0.075427342
v 0.067240103 -0.0043048687 0.075432909
v 0.067240103 -0.0043240093 0.075432909
v 0.067240103 -0.0043240093 0.075423534
v 0.067240103 -0.0043336772 0.075392626
v 0.067240103 -0.004361314 0.07538203
v 0.067240103 -0.0043899761 0.075392235
v 0.067240103 -0.0044010601 0.075419628
v 0.067240103 -0.0043909038 0.075446825
v 0.067240103 -0.0043666851 0.075456346
v 0.067240103 -0.0043666851 0.075481737
v 0.067240103 -0.0044056011 0.075463524
v 0.067240103 -0.0044202983 0.075419628
v 0.066315153 -0.0041266167 0.074711298
v 0.066315153 -0.0041266167 0.074934289
v 0.066315153 -0.0045166167 0.074934289
v 0.066315153 -0.0045166167 0.074711298
v 0.067240103 -0.004248814 0.075901366
v 0.067240103 -0.004248814 0.075936131
v 0.067240103 -0.0043944194 0.075936131
v 0.067240103 -0.0043944194 0.075901366
v 0.067240103 -0.0043750835 0.075844676
v 0.067240103 -0.0043205913 0.075829588
v 0.067240103 -0.004267564 0.075844628
v 0.066140153 -0.0041266167 0.074711298
v 0.066140823 -0.0041266167 0.074708798
v 0.066142653 -0.0041266167 0.074706967
v 0.066145153 -0.0041266167 0.074706297
v 0.066145153 -0.0045166167 0.074706297
v 0.066142653 -0.0045166167 0.074706967
v 0.066140823 -0.0045166167 0.074708798
v 0.066140153 -0.0045166167 0.074711298
v 0.066315153 -0.0041266167 0.077401297
v 0.066314483 -0.0041266167 0.077403797
v 0.066312653 -0.0041266167 0.077405628
v 0.066310153 -0.0041266167 0.077406298
v 0.066310153 -0.0045166167 0.077406298
v 0.066312653 -0.0045166167 0.077405628
v 0.066314483 -0.0045166167 0.077403797
v 0.066315153 -0.0045166167 0.077401297
v 0.066315153 -0.0045166167 0.074711298
v 0.066314483 -0.0045166167 0.074708798
v 0.066312653 -0.0045166167 0.074706967
v 0.066310153 -0.0045166167 0.074706297
v 0.066310153 -0.0041266167 0.074706297
v 0.066312653 -0.0041266167 0.074706967
v 0.066314483 -0.0041266167 0.074708798
v 0.066315153 -0.0041266167 0.074711298
v 0.066145153 -0.0045166167 0.074706297
v 0.066145153 -0.0041266167 0.074706297
v 0.066310153 -0.0041266167 0.074706297
v 0.066310153 -0.0045166167 0.074706297
v 0.067240103 -0.0043216655 0.075994921
v 0.067240103 -0.0042499858 0.076020458
v 0.067240103 -0.0042229351 0.076086131
v 0.067240103 -0.0042499859 0.076152001
v 0.067240103 -0.0043216655 0.076177635
v 0.067240103 -0.0043931499 0.076152001
v 0.067240103 -0.0044202983 0.076086131
v 0.067240103 -0.0043932476 0.076020458
v 0.067240103 -0.0043216655 0.076021092
v 0.067240103 -0.0043784038 0.076039403
v 0.067240103 -0.0043987163 0.076086327
v 0.067240103 -0.004378355 0.076133104
v 0.067240103 -0.0043216655 0.076151463
v 0.067240103 -0.0042648296 0.076133055
v 0.067240103 -0.0042445171 0.076085838
v 0.067240103 -0.0042648296 0.076039305
v 0.066140153 -0.0045166167 0.074711298
v 0.066140823 -0.0045191167 0.074711298
v 0.066142653 -0.0045209468 0.074711298
v 0.066145153 -0.0045216167 0.074711298
v 0.066145153 -0.0045216167 0.074934289
v 0.066142653 -0.0045209468 0.074934289
v 0.066140823 -0.0045191167 0.074934289
v 0.066140153 -0.0045166167 0.074934289
v 0.067240153 -0.0048804941 0.07527242
v 0.066865153 -0.0049466167 0.075206297
v 0.066865153 -0.0045216167 0.075206297
v 0.067035153 -0.0045216167 0.075236273
v 0.067040153 -0.0045166167 0.075237155
v 0.067040153 -0.0041266167 0.075237155
v 0.067035153 -0.0041216167 0.075236273
v 0.066865153 -0.0041216167 0.075206297
v 0.066865153 -0.0036966167 0.075206297
v 0.067240153 -0.0037627393 0.07527242
v 0.066140153 -0.0041266167 0.074711298
v 0.066140823 -0.0041241167 0.074711298
v 0.066142653 -0.0041222866 0.074711298
v 0.066145153 -0.0041216167 0.074711298
v 0.066145153 -0.0041222866 0.074708798
v 0.066145153 -0.0041241167 0.074706967
v 0.066145153 -0.0041266167 0.074706297
v 0.066142653 -0.0041266167 0.074706967
v 0.066140823 -0.0041266167 0.074708798
v 0.066145153 -0.0041266167 0.074706297
v 0.066140153 -0.0045166167 0.077401297
v 0.066140823 -0.0045191167 0.077401297
v 0.066142653 -0.0045209469 0.077401297
v 0.066145153 -0.0045216167 0.077401297
v 0.066145153 -0.0045209469 0.077403797
v 0.066145153 -0.0045191167 0.077405628
v 0.066145153 -0.0045166167 0.077406298
v 0.066142653 -0.0045166167 0.077405628
v 0.066140823 -0.0045166167 0.077403797
v 0.066145153 -0.0045166167 0.077406298
v 0.067240103 -0.0037627305 0.076406297
v 0.067240053 -0.0037627217 0.076840193
v 0.067240053 -0.0048805117 0.076840192
v 0.067240103 -0.0048805029 0.076406297
v 0.066398128 -0.0045166167 0.07519675
v 0.066398139 -0.0045191167 0.07519608
v 0.066398171 -0.0045209468 0.07519425
v 0.066398214 -0.0045216167 0.07519175
v 0.066865153 -0.0045216167 0.075199801
v 0.066865153 -0.0045201522 0.075203337
v 0.066865153 -0.0045166167 0.075204802
v 0.066140153 -0.0045166167 0.074934289
v 0.066140823 -0.0045191167 0.074934289
v 0.066142653 -0.0045209468 0.074934289
v 0.066145153 -0.0045216167 0.074934289
v 0.066178915 -0.0045216167 0.075061755
v 0.066271348 -0.0045216167 0.075155796
v 0.066398214 -0.0045216167 0.07519175
v 0.066398171 -0.0045209468 0.07519425
v 0.066398139 -0.0045191167 0.07519608
v 0.066398128 -0.0045166167 0.07519675
v 0.066268799 -0.0045166167 0.075160097
v 0.066174571 -0.0045166167 0.07506423
v 0.067240103 -0.0044037944 0.075671337
v 0.067240103 -0.0043608257 0.075653221
v 0.067240103 -0.0043299663 0.075662694
v 0.067240103 -0.0043122905 0.075689647
v 0.067240103 -0.0042956401 0.075669481
v 0.067240103 -0.0042725444 0.075662889
v 0.067240103 -0.0042368022 0.075678026
v 0.067240103 -0.0042229351 0.075718651
v 0.067240103 -0.0042356304 0.075757469
v 0.067240103 -0.0042725444 0.075775975
v 0.067240103 -0.0042725444 0.075750682
v 0.067240103 -0.0042421733 0.075718163
v 0.067240103 -0.0042498394 0.075696092
v 0.067240103 -0.0042719585 0.07568828
v 0.067240103 -0.0043048687 0.075724022
v 0.067240103 -0.0043048687 0.075729588
v 0.067240103 -0.0043240093 0.075729588
v 0.067240103 -0.0043240093 0.075720213
v 0.067240103 -0.0043336773 0.075689305
v 0.067240103 -0.004361314 0.07567871
v 0.067240103 -0.0043899761 0.075688915
v 0.067240103 -0.0044010601 0.075716307
v 0.067240103 -0.0043909038 0.075743505
v 0.067240103 -0.0043666851 0.075753026
v 0.067240103 -0.0043666851 0.075778417
v 0.067240103 -0.0044056011 0.075760204
v 0.067240103 -0.0044202983 0.075716307
v 0.066398128 -0.0041266167 0.07519675
v 0.066268799 -0.0041266167 0.075160097
v 0.066174571 -0.0041266167 0.07506423
v 0.066140153 -0.0041266167 0.074934289
v 0.066140153 -0.0045166167 0.074934289
v 0.066174571 -0.0045166167 0.07506423
v 0.066268799 -0.0045166167 0.075160097
v 0.066398128 -0.0045166167 0.07519675
v 0.067240103 -0.0044170757 0.07590078
v 0.06724014 -0.0043926796 0.075828108
v 0.067240103 -0.0043205913 0.075803514
v 0.06724014 -0.0042500353 0.075828108
v 0.067240103 -0.0042261577 0.07590078
v 0.067240103 -0.0042261577 0.075961327
v 0.067240103 -0.0044170757 0.075961327
v 0.067240103 -0.0043205913 0.075829588
v 0.067240103 -0.0043750835 0.075844676
v 0.067240103 -0.0043944194 0.075901366
v 0.067240103 -0.0043944194 0.075936131
v 0.067240103 -0.004248814 0.075936131
v 0.067240103 -0.004248814 0.075901366
v 0.067240103 -0.004267564 0.075844628
v 0.066190153 -0.0048875619 0.076847243
v 0.066190153 -0.0048875618 0.075265352
v 0.066865153 -0.0049466167 0.075206297
v 0.066865153 -0.0049466167 0.076906297
v 0.066401058 -0.0045216167 0.075026775
v 0.066868083 -0.0045216167 0.075034827
v 0.066951839 -0.0045216167 0.075058564
v 0.067012863 -0.0045216167 0.075120649
v 0.067035153 -0.0045216167 0.075204802
v 0.067035153 -0.0045216167 0.075236273
v 0.066865153 -0.0045216167 0.075206297
v 0.066865153 -0.0045216167 0.075199801
v 0.066398214 -0.0045216167 0.07519175
v 0.066271348 -0.0045216167 0.075155796
v 0.066178915 -0.0045216167 0.075061755
v 0.066145153 -0.0045216167 0.074934289
v 0.066145153 -0.0045216167 0.074711298
v 0.066310153 -0.0045216167 0.074711298
v 0.066310153 -0.0045216167 0.074934289
v 0.066322492 -0.0045216167 0.074980313
v 0.066355332 -0.0045216167 0.075013725
v 0.066140153 -0.0041266167 0.074934289
v 0.066140153 -0.0041266167 0.074711298
v 0.066140153 -0.0045166167 0.074711298
v 0.066140153 -0.0045166167 0.074934289
v 0.066401144 -0.0045166167 0.075021776
v 0.066358035 -0.0045166167 0.075009558
v 0.066326625 -0.0045166167 0.074977603
v 0.066315153 -0.0045166167 0.074934289
v 0.066315153 -0.0041266167 0.074934289
v 0.066326625 -0.0041266167 0.074977603
v 0.066358035 -0.0041266167 0.075009558
v 0.066401144 -0.0041266167 0.075021776
v 0.066310153 -0.0045216167 0.077178306
v 0.066312653 -0.0045209469 0.077178306
v 0.066314483 -0.0045191167 0.077178306
v 0.066315153 -0.0045166167 0.077178306
v 0.066315153 -0.0045166167 0.077401297
v 0.066314483 -0.0045191167 0.077401297
v 0.066312653 -0.0045209469 0.077401297
v 0.066310153 -0.0045216167 0.077401297
v 0.06686817 -0.0045166167 0.075029828
v 0.066868158 -0.0045191167 0.075030498
v 0.066868126 -0.0045209468 0.075032328
v 0.066868083 -0.0045216167 0.075034827
v 0.066401058 -0.0045216167 0.075026775
v 0.066401101 -0.0045209468 0.075024275
v 0.066401133 -0.0045191167 0.075022445
v 0.066401144 -0.0045166167 0.075021776
v 0.066315153 -0.0041266167 0.074934289
v 0.066314483 -0.0041241167 0.074934289
v 0.066312653 -0.0041222866 0.074934289
v 0.066310153 -0.0041216167 0.074934289
v 0.066322413 -0.0041216167 0.074980233
v 0.066355254 -0.0041216167 0.075013644
v 0.066401058 -0.0041216167 0.075026775
v 0.066401101 -0.0041222866 0.075024275
v 0.066401133 -0.0041241167 0.075022445
v 0.066401144 -0.0041266167 0.075021776
v 0.066358035 -0.0041266167 0.075009558
v 0.066326625 -0.0041266167 0.074977603
v 0.066145153 -0.0045216167 0.074711298
v 0.066142653 -0.0045209468 0.074711298
v 0.066140823 -0.0045191167 0.074711298
v 0.066140153 -0.0045166167 0.074711298
v 0.066140823 -0.0045166167 0.074708798
v 0.066142653 -0.0045166167 0.074706967
v 0.066145153 -0.0045166167 0.074706297
v 0.066145153 -0.0045191167 0.074706967
v 0.066145153 -0.0045209468 0.074708798
v 0.066145153 -0.0045166167 0.074706297
v 0.066310153 -0.0041216167 0.077401297
v 0.066312653 -0.0041222866 0.077401297
v 0.066314483 -0.0041241167 0.077401297
v 0.066315153 -0.0041266167 0.077401297
v 0.066315153 -0.0041266167 0.077178306
v 0.066314483 -0.0041241167 0.077178306
v 0.066312653 -0.0041222866 0.077178306
v 0.066310153 -0.0041216167 0.077178306
v 0.066145153 -0.0041216167 0.077401297
v 0.066145153 -0.0041222866 0.077403797
v 0.066145153 -0.0041241167 0.077405628
v 0.066145153 -0.0041266167 0.077406298
v 0.066310153 -0.0041266167 0.077406298
v 0.066310153 -0.0041241167 0.077405628
v 0.066310153 -0.0041222866 0.077403797
v 0.066310153 -0.0041216167 0.077401297
v 0.06686817 -0.0041266167 0.075029828
v 0.066954389 -0.0041266167 0.075054263
v 0.067017208 -0.0041266167 0.075118174
v 0.067040153 -0.0041266167 0.075204802
v 0.067040153 -0.0045166167 0.075204802
v 0.067017208 -0.0045166167 0.075118174
v 0.066954389 -0.0045166167 0.075054263
v 0.06686817 -0.0045166167 0.075029828
v 0.066865153 -0.0041266167 0.076907793
v 0.066865153 -0.0041230812 0.076909258
v 0.066865153 -0.0041216167 0.076912794
v 0.066865153 -0.0041216167 0.076906297
v 0.066865153 -0.0045216167 0.076906297
v 0.066865153 -0.0045216167 0.076912794
v 0.066865153 -0.0045201522 0.076909258
v 0.066865153 -0.0045166167 0.076907793
v 0.066865153 -0.0041216167 0.075199801
v 0.066865153 -0.0041216167 0.075206297
v 0.067035153 -0.0041216167 0.075236273
v 0.067035153 -0.0041216167 0.075204802
v 0.067012863 -0.0041216167 0.075120649
v 0.066951839 -0.0041216167 0.075058564
v 0.066868083 -0.0041216167 0.075034827
v 0.066401058 -0.0041216167 0.075026775
v 0.066355254 -0.0041216167 0.075013644
v 0.066322413 -0.0041216167 0.074980233
v 0.066310153 -0.0041216167 0.074934289
v 0.066310153 -0.0041216167 0.074711298
v 0.066145153 -0.0041216167 0.074711298
v 0.066145153 -0.0041216167 0.074934289
v 0.066178915 -0.0041216167 0.075061755
v 0.066271348 -0.0041216167 0.075155796
v 0.066398214 -0.0041216167 0.07519175
v 0.066315153 -0.0045166167 0.074711298
v 0.066314483 -0.0045191167 0.074711298
v 0.066312653 -0.0045209468 0.074711298
v 0.066310153 -0.0045216167 0.074711298
v 0.066310153 -0.0045209468 0.074708798
v 0.066310153 -0.0045191167 0.074706967
v 0.066310153 -0.0045166167 0.074706297
v 0.066312653 -0.0045166167 0.074706967
v 0.066314483 -0.0045166167 0.074708798
v 0.066310153 -0.0045166167 0.074706297
v 0.066190153 -0.0037556716 0.075265352
v 0.066190153 -0.0037556716 0.076847243
v 0.066865153 -0.0036966167 0.076906297
v 0.066865153 -0.0036966167 0.075206297
v 0.066310153 -0.0041216167 0.074711298
v 0.066310153 -0.0041222866 0.074708798
v 0.066310153 -0.0041241167 0.074706967
v 0.066310153 -0.0041266167 0.074706297
v 0.066145153 -0.0041266167 0.074706297
v 0.066145153 -0.0041241167 0.074706967
v 0.066145153 -0.0041222866 0.074708798
v 0.066145153 -0.0041216167 0.074711298
v 0.067040153 -0.0041266167 0.075204802
v 0.067040153 -0.0041266167 0.075237155
v 0.067040153 -0.0045166167 0.075237155
v 0.067040153 -0.0045166167 0.075204802
v 0.066310153 -0.0041216167 0.074711298
v 0.066312653 -0.0041222866 0.074711298
v 0.066314483 -0.0041241167 0.074711298
v 0.066315153 -0.0041266167 0.074711298
v 0.066314483 -0.0041266167 0.074708798
v 0.066312653 -0.0041266167 0.074706967
v 0.066310153 -0.0041266167 0.074706297
v 0.066310153 -0.0041241167 0.074706967
v 0.066310153 -0.0041222866 0.074708798
v 0.066310153 -0.0041266167 0.074706297
v 0.066401144 -0.0041266167 0.075021776
v 0.066401133 -0.0041241167 0.075022445
v 0.066401101 -0.0041222866 0.075024275
v 0.066401058 -0.0041216167 0.075026775
v 0.066868083 -0.0041216167 0.075034827
v 0.066868126 -0.0041222866 0.075032328
v 0.066868158 -0.0041241167 0.075030498
v 0.06686817 -0.0041266167 0.075029828
v 0.066145153 -0.0045216167 0.077401297
v 0.066142653 -0.0045209469 0.077401297
v 0.066140823 -0.0045191167 0.077401297
v 0.066140153 -0.0045166167 0.077401297
v 0.066140153 -0.0045166167 0.077178306
v 0.066140823 -0.0045191167 0.077178306
v 0.066142653 -0.0045209469 0.077178306
v 0.066145153 -0.0045216167 0.077178306
v 0.066865153 -0.0045216167 0.076912794
v 0.066865153 -0.0045216167 0.076906297
v 0.067035153 -0.0045216167 0.076876322
v 0.067035153 -0.0045216167 0.076907793
v 0.067012863 -0.0045216167 0.076991946
v 0.066951839 -0.0045216167 0.077054031
v 0.066868083 -0.0045216167 0.077077768
v 0.066401058 -0.0045216167 0.07708582
v 0.066355254 -0.0045216167 0.077098951
v 0.066322413 -0.0045216167 0.077132362
v 0.066310153 -0.0045216167 0.077178306
v 0.066310153 -0.0045216167 0.077401297
v 0.066145153 -0.0045216167 0.077401297
v 0.066145153 -0.0045216167 0.077178306
v 0.066178915 -0.0045216167 0.07705084
v 0.066271348 -0.0045216167 0.076956799
v 0.066398214 -0.0045216167 0.076920845
v 0.066398214 -0.0041216167 0.07519175
v 0.066398171 -0.0041222866 0.07519425
v 0.066398139 -0.0041241167 0.07519608
v 0.066398128 -0.0041266167 0.07519675
v 0.066865153 -0.0041266167 0.075204802
v 0.066865153 -0.0041230812 0.075203337
v 0.066865153 -0.0041216167 0.075199801
v 0.066145153 -0.0041216167 0.074711298
v 0.066142653 -0.0041222866 0.074711298
v 0.066140823 -0.0041241167 0.074711298
v 0.066140153 -0.0041266167 0.074711298
v 0.066140153 -0.0041266167 0.074934289
v 0.066140823 -0.0041241167 0.074934289
v 0.066142653 -0.0041222866 0.074934289
v 0.066145153 -0.0041216167 0.074934289
v 0.066310153 -0.0041216167 0.077178306
v 0.066312653 -0.0041222866 0.077178306
v 0.066314483 -0.0041241167 0.077178306
v 0.066315153 -0.0041266167 0.077178306
v 0.066326625 -0.0041266167 0.077134992
v 0.066358035 -0.0041266167 0.077103037
v 0.066401144 -0.0041266167 0.077090819
v 0.066401133 -0.0041241167 0.07709015
v 0.066401101 -0.0041222866 0.07708832
v 0.066401058 -0.0041216167 0.07708582
v 0.066355332 -0.0041216167 0.07709887
v 0.066322492 -0.0041216167 0.077132282
v 0.066401144 -0.0045166167 0.075021776
v 0.066401133 -0.0045191167 0.075022445
v 0.066401101 -0.0045209468 0.075024275
v 0.066401058 -0.0045216167 0.075026775
v 0.066355332 -0.0045216167 0.075013725
v 0.066322492 -0.0045216167 0.074980313
v 0.066310153 -0.0045216167 0.074934289
v 0.066312653 -0.0045209468 0.074934289
v 0.066314483 -0.0045191167 0.074934289
v 0.066315153 -0.0045166167 0.074934289
v 0.066326625 -0.0045166167 0.074977603
v 0.066358035 -0.0045166167 0.075009558
v 0.066310153 -0.0045166167 0.077406298
v 0.066310153 -0.0041266167 0.077406298
v 0.066145153 -0.0041266167 0.077406298
v 0.066145153 -0.0045166167 0.077406298
v 0.066310153 -0.0045216167 0.077401297
v 0.066312653 -0.0045209469 0.077401297
v 0.066314483 -0.0045191167 0.077401297
v 0.066315153 -0.0045166167 0.077401297
v 0.066314483 -0.0045166167 0.077403797
v 0.066312653 -0.0045166167 0.077405628
v 0.066310153 -0.0045166167 0.077406298
v 0.066310153 -0.0045191167 0.077405628
v 0.066310153 -0.0045209469 0.077403797
v 0.066310153 -0.0045166167 0.077406298
v 0.067240103 -0.0043446148 0.075583153
v 0.067240103 -0.0043837261 0.075622801
v 0.067240103 -0.0044170757 0.075633592
v 0.067240103 -0.0044170757 0.075507128
v 0.067240103 -0.0043944194 0.075507128
v 0.067240103 -0.0043944194 0.075599315
v 0.067240103 -0.0043577007 0.075564647
v 0.067240103 -0.0043133647 0.07551909
v 0.067240103 -0.0042765483 0.075507616
v 0.067240103 -0.0042382183 0.075523143
v 0.067240103 -0.0042229351 0.075567186
v 0.067240103 -0.0042379741 0.075610497
v 0.067240103 -0.0042781108 0.075629003
v 0.067240103 -0.0042781108 0.075603612
v 0.067240103 -0.0042513042 0.075592186
v 0.067240103 -0.0042421733 0.075567674
v 0.067240103 -0.0042512065 0.07554204
v 0.067240103 -0.0042760601 0.075532909
v 0.067240103 -0.0043075054 0.075543602
v 0.066315153 -0.0041266167 0.077401297
v 0.066314483 -0.0041241167 0.077401297
v 0.066312653 -0.0041222866 0.077401297
v 0.066310153 -0.0041216167 0.077401297
v 0.066310153 -0.0041222866 0.077403797
v 0.066310153 -0.0041241167 0.077405628
v 0.066310153 -0.0041266167 0.077406298
v 0.066312653 -0.0041266167 0.077405628
v 0.066314483 -0.0041266167 0.077403797
v 0.066310153 -0.0041266167 0.077406298
v 0.066140153 -0.0041266167 0.077401297
v 0.066140823 -0.0041241167 0.077401297
v 0.066142653 -0.0041222866 0.077401297
v 0.066145153 -0.0041216167 0.077401297
v 0.066145153 -0.0041216167 0.077178306
v 0.066142653 -0.0041222866 0.077178306
v 0.066140823 -0.0041241167 0.077178306
v 0.066140153 -0.0041266167 0.077178306
v 0.066315153 -0.0045166167 0.077178306
v 0.066326625 -0.0045166167 0.077134992
v 0.066358035 -0.0045166167 0.077103037
v 0.066401144 -0.0045166167 0.077090819
v 0.066401144 -0.0041266167 0.077090819
v 0.066358035 -0.0041266167 0.077103037
v 0.066326625 -0.0041266167 0.077134992
v 0.066315153 -0.0041266167 0.077178306
v 0.066145153 -0.0041216167 0.074934289
v 0.066142653 -0.0041222866 0.074934289
v 0.066140823 -0.0041241167 0.074934289
v 0.066140153 -0.0041266167 0.074934289
v 0.066174571 -0.0041266167 0.07506423
v 0.066268799 -0.0041266167 0.075160097
v 0.066398128 -0.0041266167 0.07519675
v 0.066398139 -0.0041241167 0.07519608
v 0.066398171 -0.0041222866 0.07519425
v 0.066398214 -0.0041216167 0.07519175
v 0.066271348 -0.0041216167 0.075155796
v 0.066178915 -0.0041216167 0.075061755
v 0.067240103 -0.0042648296 0.076133055
v 0.067240103 -0.0043216655 0.076151463
v 0.067240103 -0.004378355 0.076133104
v 0.067240103 -0.0043987163 0.076086327
v 0.067240103 -0.0043784038 0.076039403
v 0.067240103 -0.0043216655 0.076021092
v 0.067240103 -0.0042648296 0.076039305
v 0.067240103 -0.0042445171 0.076085838
v 0.06686817 -0.0041266167 0.075029828
v 0.066868158 -0.0041241167 0.075030498
v 0.066868126 -0.0041222866 0.075032328
v 0.066868083 -0.0041216167 0.075034827
v 0.066951839 -0.0041216167 0.075058564
v 0.067012863 -0.0041216167 0.075120649
v 0.067035153 -0.0041216167 0.075204802
v 0.067037653 -0.0041222866 0.075204802
v 0.067039483 -0.0041241167 0.075204802
v 0.067040153 -0.0041266167 0.075204802
v 0.067017208 -0.0041266167 0.075118174
v 0.066954389 -0.0041266167 0.075054263
v 0.067040153 -0.0041266167 0.075204802
v 0.067039483 -0.0041241167 0.075204802
v 0.067037653 -0.0041222866 0.075204802
v 0.067035153 -0.0041216167 0.075204802
v 0.067035153 -0.0041216167 0.075236273
v 0.067040153 -0.0041266167 0.075237155
v 0.066140153 -0.0045166167 0.077401297
v 0.066140823 -0.0045166167 0.077403797
v 0.066142653 -0.0045166167 0.077405628
v 0.066145153 -0.0045166167 0.077406298
v 0.066145153 -0.0041266167 0.077406298
v 0.066142653 -0.0041266167 0.077405628
v 0.066140823 -0.0041266167 0.077403797
v 0.066140153 -0.0041266167 0.077401297
v 0.067035153 -0.0045216167 0.076907793
v 0.067037653 -0.0045209469 0.076907793
v 0.067039483 -0.0045191167 0.076907793
v 0.067040153 -0.0045166167 0.076907793
v 0.067017208 -0.0045166167 0.076994421
v 0.066954389 -0.0045166167 0.077058332
v 0.06686817 -0.0045166167 0.077082767
v 0.066868158 -0.0045191167 0.077082097
v 0.066868126 -0.0045209469 0.077080267
v 0.066868083 -0.0045216167 0.077077768
v 0.066951839 -0.0045216167 0.077054031
v 0.067012863 -0.0045216167 0.076991946
v 0.066865153 -0.0049466167 0.076906297
v 0.066865153 -0.0045216167 0.076906297
v 0.066865153 -0.0041216167 0.076906297
v 0.066865153 -0.0036966167 0.076906297
v 0.066190153 -0.0037556716 0.076847243
v 0.066190153 -0.0048875619 0.076847243
v 0.067040153 -0.0041266167 0.07687544
v 0.067040153 -0.0041266167 0.076907793
v 0.067040153 -0.0045166167 0.076907793
v 0.067040153 -0.0045166167 0.07687544
v 0.066865153 -0.0041266167 0.075204802
v 0.066398128 -0.0041266167 0.07519675
v 0.066398128 -0.0045166167 0.07519675
v 0.066865153 -0.0045166167 0.075204802
v 0.066145153 -0.0045216167 0.077178306
v 0.066142653 -0.0045209469 0.077178306
v 0.066140823 -0.0045191167 0.077178306
v 0.066140153 -0.0045166167 0.077178306
v 0.066174571 -0.0045166167 0.077048365
v 0.066268799 -0.0045166167 0.076952498
v 0.066398128 -0.0045166167 0.076915845
v 0.066398139 -0.0045191167 0.076916515
v 0.066398171 -0.0045209469 0.076918345
v 0.066398214 -0.0045216167 0.076920845
v 0.066271348 -0.0045216167 0.076956799
v 0.066178915 -0.0045216167 0.07705084
v 0.06686817 -0.0041266167 0.077082767
v 0.066401144 -0.0041266167 0.077090819
v 0.066401144 -0.0045166167 0.077090819
v 0.06686817 -0.0045166167 0.077082767
v 0.066145153 -0.0045216167 0.074711298
v 0.066145153 -0.0045209468 0.074708798
v 0.066145153 -0.0045191167 0.074706967
v 0.066145153 -0.0045166167 0.074706297
v 0.066310153 -0.0045166167 0.074706297
v 0.066310153 -0.0045191167 0.074706967
v 0.066310153 -0.0045209468 0.074708798
v 0.066310153 -0.0045216167 0.074711298
v 0.067035153 -0.0045216167 0.076876322
v 0.067040153 -0.0045166167 0.07687544
v 0.067040153 -0.0045166167 0.076907793
v 0.067039483 -0.0045191167 0.076907793
v 0.067037653 -0.0045209469 0.076907793
v 0.067035153 -0.0045216167 0.076907793
v 0.066140153 -0.0041266167 0.077178306
v 0.066140823 -0.0041241167 0.077178306
v 0.066142653 -0.0041222866 0.077178306
v 0.066145153 -0.0041216167 0.077178306
v 0.066178915 -0.0041216167 0.07705084
v 0.066271348 -0.0041216167 0.076956799
v 0.066398214 -0.0041216167 0.076920845
v 0.066398171 -0.0041222866 0.076918345
v 0.066398139 -0.0041241167 0.076916515
v 0.066398128 -0.0041266167 0.076915845
v 0.066268799 -0.0041266167 0.076952498
v 0.066174571 -0.0041266167 0.077048365
v 0.066140153 -0.0041266167 0.077178306
v 0.066174571 -0.0041266167 0.077048365
v 0.066268799 -0.0041266167 0.076952498
v 0.066398128 -0.0041266167 0.076915845
v 0.066398128 -0.0045166167 0.076915845
v 0.066268799 -0.0045166167 0.076952498
v 0.066174571 -0.0045166167 0.077048365
v 0.066140153 -0.0045166167 0.077178306
v 0.066865153 -0.0049466167 0.075206297
v 0.067240153 -0.0048804941 0.07527242
v 0.067240103 -0.0048805029 0.076406297
v 0.067240053 -0.0048805117 0.076840192
v 0.066865153 -0.0049466167 0.076906297
v 0.066315153 -0.0041266167 0.077178306
v 0.066315153 -0.0041266167 0.077401297
v 0.066315153 -0.0045166167 0.077401297
v 0.066315153 -0.0045166167 0.077178306
v 0.067240053 -0.0037627217 0.076840193
v 0.066865153 -0.0036966167 0.076906297
v 0.066865153 -0.0041216167 0.076906297
v 0.067035153 -0.0041216167 0.076876322
v 0.067040153 -0.0041266167 0.07687544
v 0.067040153 -0.0045166167 0.07687544
v 0.067035153 -0.0045216167 0.076876322
v 0.066865153 -0.0045216167 0.076906297
v 0.066865153 -0.0049466167 0.076906297
v 0.067240053 -0.0048805117 0.076840192
v 0.066315153 -0.0045166167 0.074934289
v 0.066314483 -0.0045191167 0.074934289
v 0.066312653 -0.0045209468 0.074934289
v 0.066310153 -0.0045216167 0.074934289
v 0.066310153 -0.0045216167 0.074711298
v 0.066312653 -0.0045209468 0.074711298
v 0.066314483 -0.0045191167 0.074711298
v 0.066315153 -0.0045166167 0.074711298
v 0.066398128 -0.0041266167 0.076915845
v 0.066398139 -0.0041241167 0.076916515
v 0.066398171 -0.0041222866 0.076918345
v 0.066398214 -0.0041216167 0.076920845
v 0.066865153 -0.0041216167 0.076912794
v 0.066865153 -0.0041230812 0.076909258
v 0.066865153 -0.0041266167 0.076907793
v 0.066140153 -0.0041266167 0.077401297
v 0.066140153 -0.0041266167 0.077178306
v 0.066140153 -0.0045166167 0.077178306
v 0.066140153 -0.0045166167 0.077401297
v 0.066401144 -0.0041266167 0.075021776
v 0.06686817 -0.0041266167 0.075029828
v 0.06686817 -0.0045166167 0.075029828
v 0.066401144 -0.0045166167 0.075021776
v 0.066868083 -0.0041216167 0.077077768
v 0.066868126 -0.0041222866 0.077080267
v 0.066868158 -0.0041241167 0.077082097
v 0.06686817 -0.0041266167 0.077082767
v 0.066954389 -0.0041266167 0.077058332
v 0.067017208 -0.0041266167 0.076994421
v 0.067040153 -0.0041266167 0.076907793
v 0.067039483 -0.0041241167 0.076907793
v 0.067037653 -0.0041222866 0.076907793
v 0.067035153 -0.0041216167 0.076907793
v 0.067012863 -0.0041216167 0.076991946
v 0.066951839 -0.0041216167 0.077054031
v 0.066310153 -0.0045216167 0.077401297
v 0.066310153 -0.0045209469 0.077403797
v 0.066310153 -0.0045191167 0.077405628
v 0.066310153 -0.0045166167 0.077406298
v 0.066145153 -0.0045166167 0.077406298
v 0.066145153 -0.0045191167 0.077405628
v 0.066145153 -0.0045209469 0.077403797
v 0.066145153 -0.0045216167 0.077401297
v 0.066190153 -0.0037556716 0.076847243
v 0.066190153 -0.0037556716 0.075265352
v 0.066190153 -0.0048875618 0.075265352
v 0.066190153 -0.0048875619 0.076847243
v 0.067240103 -0.0043557476 0.076356053
v 0.067240103 -0.0044022319 0.076335057
v 0.067240103 -0.0044202983 0.076274706
v 0.067240103 -0.0044040386 0.076223583
v 0.067240103 -0.0043631694 0.076204003
v 0.067240103 -0.0043322124 0.076214647
v 0.067240103 -0.0043152202 0.076240282
v 0.067240103 -0.0043041851 0.07628076
v 0.067240103 -0.0042926128 0.076315526
v 0.067240103 -0.0042745952 0.076324803
v 0.067240103 -0.0042535015 0.076313231
v 0.067240103 -0.0042455913 0.076280565
v 0.06724014 -0.0042545053 0.076247186
v 0.067240103 -0.0042801616 0.076233104
v 0.067240103 -0.0042801616 0.076208495
v 0.067240103 -0.0042378765 0.076229491
v 0.067240103 -0.0042229351 0.076281639
v 0.067240103 -0.0042377788 0.076330858
v 0.067240103 -0.0042757671 0.076349413
v 0.067240103 -0.0043087261 0.076335155
v 0.067240103 -0.004328062 0.076288182
v 0.067240103 -0.0043422222 0.07624204
v 0.067240103 -0.0043651226 0.076228612
v 0.067240103 -0.0043888042 0.076241551
v 0.067240103 -0.0043975444 0.07627578
v 0.067240103 -0.0043873394 0.076313963
v 0.067240103 -0.0043557476 0.076331737
v 0.066865153 -0.0036966167 0.075206297
v 0.066865153 -0.0041216167 0.075206297
v 0.066865153 -0.0045216167 0.075206297
v 0.066865153 -0.0049466167 0.075206297
v 0.066190153 -0.0048875618 0.075265352
v 0.066190153 -0.0037556716 0.075265352
v 0.067040153 -0.0041266167 0.076907793
v 0.067017208 -0.0041266167 0.076994421
v 0.066954389 -0.0041266167 0.077058332
v 0.06686817 -0.0041266167 0.077082767
v 0.06686817 -0.0045166167 0.077082767
v 0.066954389 -0.0045166167 0.077058332
v 0.067017208 -0.0045166167 0.076994421
v 0.067040153 -0.0045166167 0.076907793
v 0.067040153 -0.0045166167 0.075237155
v 0.067035153 -0.0045216167 0.075236273
v 0.067035153 -0.0045216167 0.075204802
v 0.067037653 -0.0045209468 0.075204802
v 0.067039483 -0.0045191167 0.075204802
v 0.067040153 -0.0045166167 0.075204802
v 0.066401058 -0.0041216167 0.07708582
v 0.066868083 -0.0041216167 0.077077768
v 0.066951839 -0.0041216167 0.077054031
v 0.067012863 -0.0041216167 0.076991946
v 0.067035153 -0.0041216167 0.076907793
v 0.067035153 -0.0041216167 0.076876322
v 0.066865153 -0.0041216167 0.076906297
v 0.066865153 -0.0041216167 0.076912794
v 0.066398214 -0.0041216167 0.076920845
v 0.066271348 -0.0041216167 0.076956799
v 0.066178915 -0.0041216167 0.07705084
v 0.066145153 -0.0041216167 0.077178306
v 0.066145153 -0.0041216167 0.077401297
v 0.066310153 -0.0041216167 0.077401297
v 0.066310153 -0.0041216167 0.077178306
v 0.066322492 -0.0041216167 0.077132282
v 0.066355332 -0.0041216167 0.07709887
v 0.066865153 -0.0036966167 0.075206297
v 0.066865153 -0.0036966167 0.076906297
v 0.067240053 -0.0037627217 0.076840193
v 0.067240103 -0.0037627305 0.076406297
v 0.067240153 -0.0037627393 0.07527242
v 0.067035153 -0.0041216167 0.076907793
v 0.067037653 -0.0041222866 0.076907793
v 0.067039483 -0.0041241167 0.076907793
v 0.067040153 -0.0041266167 0.076907793
v 0.067040153 -0.0041266167 0.07687544
v 0.067035153 -0.0041216167 0.076876322
v 0.066315153 -0.0041266167 0.074711298
v 0.066314483 -0.0041241167 0.074711298
v 0.066312653 -0.0041222866 0.074711298
v 0.066310153 -0.0041216167 0.074711298
v 0.066310153 -0.0041216167 0.074934289
v 0.066312653 -0.0041222866 0.074934289
v 0.066314483 -0.0041241167 0.074934289
v 0.066315153 -0.0041266167 0.074934289
v 0.067040153 -0.0045166167 0.075204802
v 0.067039483 -0.0045191167 0.075204802
v 0.067037653 -0.0045209468 0.075204802
v 0.067035153 -0.0045216167 0.075204802
v 0.067012863 -0.0045216167 0.075120649
v 0.066951839 -0.0045216167 0.075058564
v 0.066868083 -0.0045216167 0.075034827
v 0.066868126 -0.0045209468 0.075032328
v 0.066868158 -0.0045191167 0.075030498
v 0.06686817 -0.0045166167 0.075029828
v 0.066954389 -0.0045166167 0.075054263
v 0.067017208 -0.0045166167 0.075118174
v 0.066865153 -0.0045166167 0.075204802
v 0.066865153 -0.0045201522 0.075203337
v 0.066865153 -0.0045216167 0.075199801
v 0.066865153 -0.0045216167 0.075206297
v 0.066865153 -0.0041216167 0.075206297
v 0.066865153 -0.0041216167 0.075199801
v 0.066865153 -0.0041230812 0.075203337
v 0.066865153 -0.0041266167 0.075204802
v 0.066398214 -0.0045216167 0.076920845
v 0.066398171 -0.0045209469 0.076918345
v 0.066398139 -0.0045191167 0.076916515
v 0.066398128 -0.0045166167 0.076915845
v 0.066865153 -0.0045166167 0.076907793
v 0.066865153 -0.0045201522 0.076909258
v 0.066865153 -0.0045216167 0.076912794
v 0.066868083 -0.0045216167 0.077077768
v 0.066868126 -0.0045209469 0.077080267
v 0.066868158 -0.0045191167 0.077082097
v 0.06686817 -0.0045166167 0.077082767
v 0.066401144 -0.0045166167 0.077090819
v 0.066401133 -0.0045191167 0.077090149
v 0.066401101 -0.0045209469 0.07708832
v 0.066401058 -0.0045216167 0.07708582
v 0.066398128 -0.0041266167 0.076915845
v 0.066865153 -0.0041266167 0.076907793
v 0.066865153 -0.0045166167 0.076907793
v 0.066398128 -0.0045166167 0.076915845
v 0.066401058 -0.0045216167 0.07708582
v 0.066401101 -0.0045209469 0.07708832
v 0.066401133 -0.0045191167 0.077090149
v 0.066401144 -0.0045166167 0.077090819
v 0.066358035 -0.0045166167 0.077103037
v 0.066326625 -0.0045166167 0.077134992
v 0.066315153 -0.0045166167 0.077178306
v 0.066314483 -0.0045191167 0.077178306
v 0.066312653 -0.0045209469 0.077178306
v 0.066310153 -0.0045216167 0.077178306
v 0.066322413 -0.0045216167 0.077132362
v 0.066355254 -0.0045216167 0.077098951
v 0.066145153 -0.0041216167 0.077401297
v 0.066142653 -0.0041222866 0.077401297
v 0.066140823 -0.0041241167 0.077401297
v 0.066140153 -0.0041266167 0.077401297
v 0.066140823 -0.0041266167 0.077403797
v 0.066142653 -0.0041266167 0.077405628
v 0.066145153 -0.0041266167 0.077406298
v 0.066145153 -0.0041241167 0.077405628
v 0.066145153 -0.0041222866 0.077403797
v 0.066145153 -0.0041266167 0.077406298
v 0.067240153 -0.0048804941 0.07527242
v 0.067240153 -0.0037627393 0.07527242
v 0.067240103 -0.0037627305 0.076406297
v 0.067240103 -0.0048805029 0.076406297
v 0.067240103 -0.0043322124 0.076214647
v 0.067240103 -0.0043631694 0.076204003
v 0.067240103 -0.0044040386 0.076223583
v 0.067240103 -0.0044202983 0.076274706
v 0.067240103 -0.0044022319 0.076335057
v 0.067240103 -0.0043557476 0.076356053
v 0.067240103 -0.0043557476 0.076331737
v 0.067240103 -0.0043873394 0.076313963
v 0.067240103 -0.0043975444 0.07627578
v 0.067240103 -0.0043888042 0.076241551
v 0.067240103 -0.0043651226 0.076228612
v 0.067240103 -0.0043422222 0.07624204
v 0.067240103 -0.004328062 0.076288182
v 0.067240103 -0.0043087261 0.076335155
v 0.067240103 -0.0042757671 0.076349413
v 0.067240103 -0.0042377788 0.076330858
v 0.067240103 -0.0042229351 0.076281639
v 0.067240103 -0.0042378765 0.076229491
v 0.067240103 -0.0042801616 0.076208495
v 0.067240103 -0.0042801616 0.076233104
v 0.06724014 -0.0042545053 0.076247186
v 0.067240103 -0.0042455913 0.076280565
v 0.067240103 -0.0042535015 0.076313231
v 0.067240103 -0.0042745952 0.076324803
v 0.067240103 -0.0042926128 0.076315526
v 0.067240103 -0.0043041851 0.07628076
v 0.067240103 -0.0043152202 0.076240282
v 0.067240103 -0.0043931499 0.076152001
v 0.067240103 -0.0043216655 0.076177635
v 0.067240103 -0.0042499859 0.076152001
v 0.067240103 -0.0042229351 0.076086131
v 0.067240103 -0.0042499858 0.076020458
v 0.067240103 -0.0043216655 0.075994921
v 0.067240103 -0.0043932476 0.076020458
v 0.067240103 -0.0044202983 0.076086131
v 0.067240103 -0.0044170757 0.07590078
v 0.067240103 -0.0044170757 0.075961327
v 0.067240103 -0.0042261577 0.075961327
v 0.067240103 -0.0042261577 0.07590078
v 0.06724014 -0.0042500353 0.075828108
v 0.067240103 -0.0043205913 0.075803514
v 0.06724014 -0.0043926796 0.075828108
v 0.067240103 -0.0042725444 0.075662889
v 0.067240103 -0.0042956401 0.075669481
v 0.067240103 -0.0043122905 0.075689647
v 0.067240103 -0.0043299663 0.075662694
v 0.067240103 -0.0043608257 0.075653221
v 0.067240103 -0.0044037944 0.075671337
v 0.067240103 -0.0044202983 0.075716307
v 0.067240103 -0.0044056011 0.075760204
v 0.067240103 -0.0043666851 0.075778417
v 0.067240103 -0.0043666851 0.075753026
v 0.067240103 -0.0043909038 0.075743505
v 0.067240103 -0.0044010601 0.075716307
v 0.067240103 -0.0043899761 0.075688915
v 0.067240103 -0.004361314 0.07567871
v 0.067240103 -0.0043336773 0.075689305
v 0.067240103 -0.0043240093 0.075720213
v 0.067240103 -0.0043240093 0.075729588
v 0.067240103 -0.0043048687 0.075729588
v 0.067240103 -0.0043048687 0.075724022
v 0.067240103 -0.0042719585 0.07568828
v 0.067240103 -0.0042498394 0.075696092
v 0.067240103 -0.0042421733 0.075718163
v 0.067240103 -0.0042725444 0.075750682
v 0.067240103 -0.0042725444 0.075775975
v 0.067240103 -0.0042356304 0.075757469
v 0.067240103 -0.0042229351 0.075718651
v 0.067240103 -0.0042368022 0.075678026
v 0.067240103 -0.0043944194 0.075599315
v 0.067240103 -0.0043944194 0.075507128
v 0.067240103 -0.0044170757 0.075507128
v 0.067240103 -0.0044170757 0.075633592
v 0.067240103 -0.0043837261 0.075622801
v 0.067240103 -0.0043446148 0.075583153
v 0.067240103 -0.0043075054 0.075543602
v 0.067240103 -0.0042760601 0.075532909
v 0.067240103 -0.0042512065 0.07554204
v 0.067240103 -0.0042421733 0.075567674
v 0.067240103 -0.0042513042 0.075592186
v 0.067240103 -0.0042781108 0.075603612
v 0.067240103 -0.0042781108 0.075629003
v 0.067240103 -0.0042379741 0.075610497
v 0.067240103 -0.0042229351 0.075567186
v 0.067240103 -0.0042382183 0.075523143
v 0.067240103 -0.0042765483 0.075507616
v 0.067240103 -0.0043133647 0.07551909
v 0.067240103 -0.0043577007 0.075564647
v 0.067240103 -0.0042725444 0.07536621
v 0.067240103 -0.0042956401 0.075372801
v 0.067240103 -0.0043122905 0.075392967
v 0.067240103 -0.0043299663 0.075366014
v 0.067240103 -0.0043608257 0.075356542
v 0.067240103 -0.0044037944 0.075374657
v 0.067240103 -0.0044202983 0.075419628
v 0.067240103 -0.0044056011 0.075463524
v 0.067240103 -0.0043666851 0.075481737
v 0.067240103 -0.0043666851 0.075456346
v 0.067240103 -0.0043909038 0.075446825
v 0.067240103 -0.0044010601 0.075419628
v 0.067240103 -0.0043899761 0.075392235
v 0.067240103 -0.004361314 0.07538203
v 0.067240103 -0.0043336772 0.075392626
v 0.067240103 -0.0043240093 0.075423534
v 0.067240103 -0.0043240093 0.075432909
v 0.067240103 -0.0043048687 0.075432909
v 0.067240103 -0.0043048687 0.075427342
v 0.067240103 -0.0042719585 0.0753916
v 0.067240103 -0.0042498394 0.075399413
v 0.067240103 -0.0042421733 0.075421483
v 0.067240103 -0.0042725444 0.075454003
v 0.067240103 -0.0042725444 0.075479296
v 0.067240103 -0.0042356304 0.07546079
v 0.067240103 -0.0042229351 0.075421971
v 0.067240103 -0.0042368022 0.075381346
v 0.066401058 -0.0041216167 0.07708582
v 0.066401101 -0.0041222866 0.07708832
v 0.066401133 -0.0041241167 0.07709015
v 0.066401144 -0.0041266167 0.077090819
v 0.06686817 -0.0041266167 0.077082767
v 0.066868158 -0.0041241167 0.077082097
v 0.066868126 -0.0041222866 0.077080267
v 0.066868083 -0.0041216167 0.077077768
f 1356 1374 1355
f 1355 1374 1375
f 1355 1375 1381
f 1381 1375 1376
f 1381 1376 1377
f 1356 1357 1374
f 1374 1357 1373
f 1373 1357 1358
f 1373 1358 1372
f 1372 1358 1369
f 1372 1369 1371
f 1371 1369 1370
f 1369 1358 1368
f 1368 1358 1359
f 1368 1359 1360
f 1360 1361 1368
f 1368 1361 1367
f 1367 1361 1362
f 1367 1362 1366
f 1366 1362 1363
f 1366 1363 1365
f 1365 1363 1364
f 1381 1377 1380
f 1380 1377 1378
f 1380 1378 1379
f 1383 1384 1382
f 1382 1384 1385
f 1387 1388 1386
f 1386 1388 1389
f 1386 1389 1390
f 1390 1391 1386
f 1386 1391 1392
f 1400 1393 1399
f 1399 1393 1394
f 1399 1394 1398
f 1398 1394 1395
f 1398 1395 1397
f 1397 1395 1396
f 1408 1401 1407
f 1407 1401 1402
f 1407 1402 1406
f 1406 1402 1403
f 1406 1403 1405
f 1405 1403 1404
f 1416 1409 1415
f 1415 1409 1410
f 1415 1410 1414
f 1414 1410 1411
f 1414 1411 1413
f 1413 1411 1412
f 1418 1419 1417
f 1417 1419 1420
f 1422 1436 1421
f 1421 1436 1429
f 1421 1429 1430
f 1422 1423 1436
f 1436 1423 1435
f 1435 1423 1434
f 1434 1423 1424
f 1434 1424 1425
f 1426 1432 1425
f 1425 1432 1433
f 1425 1433 1434
f 1426 1427 1432
f 1432 1427 1431
f 1431 1427 1430
f 1430 1427 1428
f 1430 1428 1421
f 1444 1437 1443
f 1443 1437 1438
f 1443 1438 1442
f 1442 1438 1439
f 1442 1439 1441
f 1441 1439 1440
f 1446 1448 1445
f 1445 1448 1449
f 1445 1449 1450
f 1446 1447 1448
f 1445 1450 1454
f 1454 1450 1451
f 1454 1451 1453
f 1453 1451 1452
f 1455 1456 1463
f 1463 1456 1457
f 1463 1457 1460
f 1460 1457 1459
f 1459 1457 1458
f 1463 1460 1462
f 1462 1460 1464
f 1465 1466 1473
f 1473 1466 1467
f 1473 1467 1470
f 1470 1467 1469
f 1469 1467 1468
f 1473 1470 1472
f 1472 1470 1474
f 1476 1477 1475
f 1475 1477 1478
f 1479 1480 1485
f 1485 1480 1484
f 1484 1480 1481
f 1484 1481 1483
f 1483 1481 1482
f 1486 1487 1497
f 1497 1487 1488
f 1497 1488 1490
f 1490 1488 1489
f 1497 1490 1496
f 1496 1490 1491
f 1496 1491 1494
f 1494 1491 1493
f 1493 1491 1492
f 1494 1495 1496
f 1499 1517 1498
f 1498 1517 1518
f 1498 1518 1524
f 1524 1518 1519
f 1524 1519 1520
f 1499 1500 1517
f 1517 1500 1516
f 1516 1500 1501
f 1516 1501 1515
f 1515 1501 1512
f 1515 1512 1514
f 1514 1512 1513
f 1512 1501 1511
f 1511 1501 1502
f 1511 1502 1503
f 1503 1504 1511
f 1511 1504 1510
f 1510 1504 1505
f 1510 1505 1509
f 1509 1505 1506
f 1509 1506 1508
f 1508 1506 1507
f 1524 1520 1523
f 1523 1520 1521
f 1523 1521 1522
f 1532 1525 1531
f 1531 1525 1526
f 1531 1526 1530
f 1530 1526 1527
f 1530 1527 1529
f 1529 1527 1528
f 1534 1541 1533
f 1533 1541 1542
f 1533 1542 1543
f 1534 1535 1541
f 1541 1535 1540
f 1540 1535 1546
f 1546 1535 1536
f 1546 1536 1537
f 1538 1544 1537
f 1537 1544 1545
f 1537 1545 1546
f 1538 1539 1544
f 1544 1539 1543
f 1543 1539 1533
f 1547 1548 1550
f 1550 1548 1549
f 1552 1559 1551
f 1551 1559 1560
f 1551 1560 1567
f 1567 1560 1561
f 1567 1561 1566
f 1566 1561 1562
f 1566 1562 1565
f 1565 1562 1563
f 1565 1563 1564
f 1559 1552 1558
f 1558 1552 1553
f 1558 1553 1554
f 1554 1555 1558
f 1558 1555 1557
f 1557 1555 1556
f 1569 1570 1568
f 1568 1570 1571
f 1579 1572 1578
f 1578 1572 1573
f 1578 1573 1574
f 1575 1576 1574
f 1574 1576 1577
f 1574 1577 1578
f 1587 1580 1586
f 1586 1580 1581
f 1586 1581 1585
f 1585 1581 1582
f 1585 1582 1584
f 1584 1582 1583
f 1595 1588 1594
f 1594 1588 1589
f 1594 1589 1593
f 1593 1589 1590
f 1593 1590 1592
f 1592 1590 1591
f 1596 1597 1607
f 1607 1597 1600
f 1607 1600 1601
f 1597 1598 1600
f 1600 1598 1599
f 1602 1603 1601
f 1601 1603 1604
f 1601 1604 1606
f 1606 1604 1605
f 1606 1607 1601
f 1608 1609 1616
f 1616 1609 1610
f 1616 1610 1613
f 1613 1610 1612
f 1612 1610 1611
f 1616 1613 1615
f 1615 1613 1617
f 1625 1618 1624
f 1624 1618 1619
f 1624 1619 1623
f 1623 1619 1620
f 1623 1620 1622
f 1622 1620 1621
f 1633 1626 1632
f 1632 1626 1627
f 1632 1627 1631
f 1631 1627 1628
f 1631 1628 1630
f 1630 1628 1629
f 1641 1634 1640
f 1640 1634 1635
f 1640 1635 1636
f 1637 1638 1636
f 1636 1638 1639
f 1636 1639 1640
f 1643 1645 1642
f 1642 1645 1646
f 1642 1646 1649
f 1649 1646 1648
f 1648 1646 1647
f 1643 1644 1645
f 1651 1653 1650
f 1650 1653 1654
f 1650 1654 1655
f 1651 1652 1653
f 1655 1656 1650
f 1650 1656 1666
f 1666 1656 1657
f 1666 1657 1665
f 1665 1657 1658
f 1665 1658 1664
f 1664 1658 1659
f 1664 1659 1663
f 1663 1659 1660
f 1663 1660 1662
f 1662 1660 1661
f 1667 1668 1675
f 1675 1668 1669
f 1675 1669 1672
f 1672 1669 1671
f 1671 1669 1670
f 1675 1672 1674
f 1674 1672 1676
f 1678 1679 1677
f 1677 1679 1680
f 1688 1681 1687
f 1687 1681 1682
f 1687 1682 1686
f 1686 1682 1683
f 1686 1683 1685
f 1685 1683 1684
f 1689 1690 1692
f 1692 1690 1691
f 1693 1694 1701
f 1701 1694 1695
f 1701 1695 1698
f 1698 1695 1697
f 1697 1695 1696
f 1701 1698 1700
f 1700 1698 1702
f 1710 1703 1709
f 1709 1703 1704
f 1709 1704 1708
f 1708 1704 1705
f 1708 1705 1707
f 1707 1705 1706
f 1718 1711 1717
f 1717 1711 1712
f 1717 1712 1716
f 1716 1712 1713
f 1716 1713 1715
f 1715 1713 1714
f 1720 1722 1719
f 1719 1722 1723
f 1719 1723 1724
f 1720 1721 1722
f 1724 1725 1719
f 1719 1725 1735
f 1735 1725 1726
f 1735 1726 1734
f 1734 1726 1727
f 1734 1727 1733
f 1733 1727 1728
f 1733 1728 1732
f 1732 1728 1729
f 1732 1729 1731
f 1731 1729 1730
f 1736 1737 1742
f 1742 1737 1741
f 1741 1737 1738
f 1741 1738 1740
f 1740 1738 1739
f 1750 1743 1749
f 1749 1743 1744
f 1749 1744 1748
f 1748 1744 1745
f 1748 1745 1747
f 1747 1745 1746
f 1751 1752 1762
f 1762 1752 1753
f 1762 1753 1754
f 1754 1755 1762
f 1762 1755 1756
f 1762 1756 1761
f 1761 1756 1758
f 1761 1758 1759
f 1756 1757 1758
f 1759 1760 1761
f 1763 1764 1774
f 1774 1764 1767
f 1774 1767 1768
f 1764 1765 1767
f 1767 1765 1766
f 1769 1770 1768
f 1768 1770 1771
f 1768 1771 1772
f 1772 1773 1768
f 1768 1773 1774
f 1776 1777 1775
f 1775 1777 1778
f 1779 1780 1787
f 1787 1780 1781
f 1787 1781 1784
f 1784 1781 1783
f 1783 1781 1782
f 1787 1784 1786
f 1786 1784 1788
f 1790 1794 1789
f 1789 1794 1795
f 1789 1795 1807
f 1807 1795 1796
f 1807 1796 1806
f 1806 1796 1797
f 1806 1797 1798
f 1790 1791 1794
f 1794 1791 1792
f 1794 1792 1793
f 1806 1798 1805
f 1805 1798 1799
f 1805 1799 1804
f 1804 1799 1803
f 1803 1799 1800
f 1803 1800 1802
f 1802 1800 1801
f 1808 1809 1816
f 1816 1809 1810
f 1816 1810 1813
f 1813 1810 1812
f 1812 1810 1811
f 1816 1813 1815
f 1815 1813 1817
f 1825 1818 1824
f 1824 1818 1819
f 1824 1819 1823
f 1823 1819 1820
f 1823 1820 1822
f 1822 1820 1821
f 1833 1826 1832
f 1832 1826 1827
f 1832 1827 1828
f 1829 1830 1828
f 1828 1830 1831
f 1828 1831 1832
f 1834 1835 1845
f 1845 1835 1836
f 1845 1836 1838
f 1838 1836 1837
f 1845 1838 1844
f 1844 1838 1839
f 1844 1839 1842
f 1842 1839 1841
f 1841 1839 1840
f 1842 1843 1844
f 1853 1846 1851
f 1851 1846 1847
f 1851 1847 1848
f 1848 1849 1851
f 1851 1849 1850
f 1851 1852 1853
f 1854 1855 1865
f 1865 1855 1856
f 1865 1856 1858
f 1858 1856 1857
f 1858 1859 1865
f 1865 1859 1864
f 1864 1859 1862
f 1864 1862 1863
f 1860 1861 1859
f 1859 1861 1862
f 1866 1867 1871
f 1871 1867 1870
f 1870 1867 1868
f 1870 1868 1869
f 1879 1872 1878
f 1878 1872 1873
f 1878 1873 1877
f 1877 1873 1874
f 1877 1874 1876
f 1876 1874 1875
f 1880 1881 1891
f 1891 1881 1882
f 1891 1882 1884
f 1884 1882 1883
f 1884 1885 1891
f 1891 1885 1890
f 1890 1885 1888
f 1890 1888 1889
f 1886 1887 1885
f 1885 1887 1888
f 1892 1893 1897
f 1897 1893 1894
f 1897 1894 1896
f 1896 1894 1895
f 1898 1899 1901
f 1901 1899 1900
f 1902 1903 1905
f 1905 1903 1904
f 1906 1907 1917
f 1917 1907 1908
f 1917 1908 1910
f 1910 1908 1909
f 1917 1910 1916
f 1916 1910 1911
f 1916 1911 1914
f 1914 1911 1913
f 1913 1911 1912
f 1914 1915 1916
f 1918 1919 1921
f 1921 1919 1920
f 1929 1922 1928
f 1928 1922 1923
f 1928 1923 1927
f 1927 1923 1924
f 1927 1924 1926
f 1926 1924 1925
f 1931 1933 1930
f 1930 1933 1934
f 1930 1934 1935
f 1931 1932 1933
f 1936 1937 1947
f 1947 1937 1938
f 1947 1938 1940
f 1940 1938 1939
f 1947 1940 1946
f 1946 1940 1941
f 1946 1941 1944
f 1944 1941 1943
f 1943 1941 1942
f 1944 1945 1946
f 1955 1948 1954
f 1954 1948 1949
f 1954 1949 1953
f 1953 1949 1950
f 1953 1950 1952
f 1952 1950 1951
f 1957 1958 1956
f 1956 1958 1960
f 1960 1958 1959
f 1962 1963 1961
f 1961 1963 1964
f 1966 1968 1965
f 1965 1968 1969
f 1965 1969 1974
f 1974 1969 1970
f 1974 1970 1971
f 1966 1967 1968
f 1972 1973 1971
f 1971 1973 1974
f 1982 1975 1981
f 1981 1975 1976
f 1981 1976 1980
f 1980 1976 1977
f 1980 1977 1979
f 1979 1977 1978
f 1983 1984 1989
f 1989 1984 1988
f 1988 1984 1985
f 1988 1985 1987
f 1987 1985 1986
f 1991 1992 1990
f 1990 1992 1993
f 1994 1995 1997
f 1997 1995 1996
f 1998 1999 2009
f 2009 1999 2000
f 2009 2000 2002
f 2002 2000 2001
f 2002 2003 2009
f 2009 2003 2008
f 2008 2003 2006
f 2008 2006 2007
f 2004 2005 2003
f 2003 2005 2006
f 2017 2010 2016
f 2016 2010 2011
f 2016 2011 2015
f 2015 2011 2012
f 2015 2012 2014
f 2014 2012 2013
f 2018 2019 2021
f 2021 2019 2020
f 2022 2023 2048
f 2048 2023 2047
f 2047 2023 2024
f 2047 2024 2046
f 2046 2024 2045
f 2045 2024 2025
f 2045 2025 2044
f 2044 2025 2026
f 2044 2026 2027
f 2044 2027 2043
f 2043 2027 2028
f 2043 2028 2029
f 2043 2029 2042
f 2042 2029 2030
f 2042 2030 2041
f 2041 2030 2031
f 2041 2031 2040
f 2040 2031 2039
f 2039 2031 2032
f 2039 2032 2038
f 2038 2032 2033
f 2038 2033 2034
f 2038 2034 2037
f 2037 2034 2035
f 2037 2035 2036
f 2049 2050 2054
f 2054 2050 2053
f 2053 2050 2051
f 2053 2051 2052
f 2062 2055 2061
f 2061 2055 2056
f 2061 2056 2057
f 2058 2059 2057
f 2057 2059 2060
f 2057 2060 2061
f 2068 2063 2067
f 2067 2063 2064
f 2067 2064 2066
f 2066 2064 2065
f 2070 2077 2069
f 2069 2077 2078
f 2069 2078 2085
f 2085 2078 2079
f 2085 2079 2084
f 2084 2079 2080
f 2084 2080 2083
f 2083 2080 2081
f 2083 2081 2082
f 2077 2070 2076
f 2076 2070 2071
f 2076 2071 2072
f 2072 2073 2076
f 2076 2073 2075
f 2075 2073 2074
f 2090 2086 2089
f 2089 2086 2087
f 2089 2087 2088
f 2091 2092 2096
f 2096 2092 2093
f 2096 2093 2095
f 2095 2093 2094
f 2104 2097 2103
f 2103 2097 2098
f 2103 2098 2102
f 2102 2098 2099
f 2102 2099 2101
f 2101 2099 2100
f 2105 2106 2116
f 2116 2106 2107
f 2116 2107 2109
f 2109 2107 2108
f 2109 2110 2116
f 2116 2110 2115
f 2115 2110 2113
f 2115 2113 2114
f 2111 2112 2110
f 2110 2112 2113
f 2124 2117 2120
f 2120 2117 2118
f 2120 2118 2119
f 2120 2121 2124
f 2124 2121 2123
f 2123 2121 2122
f 2125 2126 2131
f 2131 2126 2130
f 2130 2126 2127
f 2130 2127 2129
f 2129 2127 2128
f 2139 2132 2138
f 2138 2132 2133
f 2138 2133 2137
f 2137 2133 2134
f 2137 2134 2136
f 2136 2134 2135
f 2140 2141 2143
f 2143 2141 2142
f 2144 2145 2155
f 2155 2145 2146
f 2155 2146 2148
f 2148 2146 2147
f 2148 2149 2155
f 2155 2149 2154
f 2154 2149 2151
f 2154 2151 2152
f 2149 2150 2151
f 2152 2153 2154
f 2156 2157 2164
f 2164 2157 2158
f 2164 2158 2161
f 2161 2158 2160
f 2160 2158 2159
f 2164 2161 2163
f 2163 2161 2165
f 2167 2262 2166
f 2166 2262 2263
f 2166 2263 2264
f 2168 2208 2167
f 2167 2208 2237
f 2167 2237 2253
f 2253 2237 2238
f 2253 2238 2252
f 2252 2238 2212
f 2252 2212 2251
f 2251 2212 2213
f 2251 2213 2215
f 2215 2213 2214
f 2169 2175 2168
f 2168 2175 2184
f 2168 2184 2185
f 2166 2205 2169
f 2169 2205 2206
f 2169 2206 2204
f 2204 2206 2203
f 2203 2206 2202
f 2202 2206 2207
f 2202 2207 2201
f 2201 2207 2200
f 2200 2207 2168
f 2200 2168 2186
f 2186 2168 2185
f 2171 2198 2170
f 2170 2198 2188
f 2170 2188 2196
f 2196 2188 2189
f 2196 2189 2195
f 2195 2189 2190
f 2195 2190 2191
f 2198 2171 2197
f 2197 2171 2172
f 2197 2172 2204
f 2204 2172 2173
f 2204 2173 2169
f 2169 2173 2174
f 2169 2174 2175
f 2184 2175 2183
f 2183 2175 2176
f 2183 2176 2182
f 2182 2176 2177
f 2182 2177 2178
f 2182 2178 2181
f 2181 2178 2179
f 2181 2179 2180
f 2186 2187 2200
f 2200 2187 2199
f 2199 2187 2188
f 2199 2188 2198
f 2191 2192 2195
f 2195 2192 2194
f 2194 2192 2193
f 2207 2208 2168
f 2237 2208 2236
f 2236 2208 2209
f 2236 2209 2235
f 2235 2209 2210
f 2235 2210 2229
f 2229 2210 2228
f 2228 2210 2220
f 2228 2220 2221
f 2210 2211 2220
f 2220 2211 2219
f 2219 2211 2205
f 2219 2205 2218
f 2218 2205 2166
f 2218 2166 2242
f 2242 2166 2241
f 2241 2166 2264
f 2241 2264 2265
f 2251 2215 2244
f 2244 2215 2216
f 2244 2216 2243
f 2243 2216 2217
f 2243 2217 2242
f 2242 2217 2218
f 2222 2225 2221
f 2221 2225 2226
f 2221 2226 2227
f 2222 2223 2225
f 2225 2223 2224
f 2227 2228 2221
f 2235 2229 2234
f 2234 2229 2230
f 2234 2230 2231
f 2231 2232 2234
f 2234 2232 2233
f 2239 2240 2257
f 2257 2240 2266
f 2257 2266 2256
f 2256 2266 2274
f 2256 2274 2275
f 2266 2240 2265
f 2265 2240 2241
f 2251 2244 2250
f 2250 2244 2245
f 2250 2245 2246
f 2247 2248 2246
f 2246 2248 2249
f 2246 2249 2250
f 2254 2282 2253
f 2253 2282 2283
f 2253 2283 2167
f 2167 2283 2284
f 2167 2284 2258
f 2282 2254 2281
f 2281 2254 2255
f 2281 2255 2256
f 2259 2261 2258
f 2258 2261 2262
f 2258 2262 2167
f 2259 2260 2261
f 2266 2267 2274
f 2274 2267 2273
f 2273 2267 2272
f 2272 2267 2271
f 2271 2267 2268
f 2271 2268 2269
f 2269 2270 2271
f 2276 2280 2275
f 2275 2280 2281
f 2275 2281 2256
f 2276 2277 2280
f 2280 2277 2278
f 2280 2278 2279
f 2292 2285 2291
f 2291 2285 2286
f 2291 2286 2290
f 2290 2286 2287
f 2290 2287 2289
f 2289 2287 2288
v 0.067240103 -0.0038532482 0.079838472
v 0.067240103 -0.0038713634 0.079795503
v 0.067240103 -0.0038618907 0.079764644
v 0.067240103 -0.0038349377 0.079746968
v 0.067240103 -0.0038551036 0.079730318
v 0.067240103 -0.0038616954 0.079707222
v 0.067240103 -0.0038465587 0.07967148
v 0.067240103 -0.0038059337 0.079657613
v 0.067240103 -0.0037671154 0.079670308
v 0.067240103 -0.0037486095 0.079707222
v 0.067240103 -0.0037739025 0.079707222
v 0.067240103 -0.003806422 0.079676851
v 0.067240103 -0.0038284923 0.079684517
v 0.067240103 -0.0038363048 0.079706636
v 0.067240103 -0.0038005626 0.079739546
v 0.067240103 -0.0037949962 0.079739546
v 0.067240103 -0.0037949962 0.079758687
v 0.067240103 -0.0038043712 0.079758687
v 0.067240103 -0.0038352794 0.079768355
v 0.067240103 -0.0038458751 0.079795992
v 0.067240103 -0.0038356701 0.079824654
v 0.067240103 -0.0038082775 0.079835738
v 0.067240103 -0.0037810802 0.079825581
v 0.067240103 -0.0037715587 0.079801363
v 0.067240103 -0.0037461681 0.079801363
v 0.067240103 -0.003764381 0.079840279
v 0.067240103 -0.0038082775 0.079854976
v 0.066315153 -0.0045166075 0.079561294
v 0.066315153 -0.0042936163 0.079561294
v 0.066315153 -0.0042936164 0.079951294
v 0.066315153 -0.0045166075 0.079951294
v 0.067240103 -0.0033265392 0.079683492
v 0.067240103 -0.0032917736 0.079683492
v 0.067240103 -0.0032917736 0.079829097
v 0.067240103 -0.0033265392 0.079829097
v 0.067240103 -0.0033832287 0.079809761
v 0.067240103 -0.0033983165 0.079755269
v 0.067240103 -0.0033832775 0.079702242
v 0.066140153 -0.0045166075 0.079561294
v 0.066140823 -0.0045191075 0.079561294
v 0.066142653 -0.0045209376 0.079561294
v 0.066145153 -0.0045216076 0.079561294
v 0.066145153 -0.0045216076 0.079951294
v 0.066142653 -0.0045209377 0.079951294
v 0.066140823 -0.0045191075 0.079951294
v 0.066140153 -0.0045166075 0.079951294
v 0.066315153 -0.0018266076 0.079561295
v 0.066314483 -0.0018241076 0.079561295
v 0.066312653 -0.0018222774 0.079561295
v 0.066310153 -0.0018216075 0.079561295
v 0.066310153 -0.0018216075 0.079951295
v 0.066312653 -0.0018222775 0.079951295
v 0.066314483 -0.0018241076 0.079951295
v 0.066315153 -0.0018266076 0.079951295
v 0.066315153 -0.0045166075 0.079951294
v 0.066314483 -0.0045191075 0.079951294
v 0.066312653 -0.0045209377 0.079951294
v 0.066310153 -0.0045216076 0.079951294
v 0.066310153 -0.0045216076 0.079561294
v 0.066312653 -0.0045209376 0.079561294
v 0.066314483 -0.0045191075 0.079561294
v 0.066315153 -0.0045166075 0.079561294
v 0.066145153 -0.0045216076 0.079951294
v 0.066145153 -0.0045216076 0.079561294
v 0.066310153 -0.0045216076 0.079561294
v 0.066310153 -0.0045216076 0.079951294
v 0.067240103 -0.0032329845 0.079756343
v 0.067240103 -0.0032074474 0.079684664
v 0.067240103 -0.0031417736 0.079657613
v 0.067240103 -0.0030759044 0.079684664
v 0.067240103 -0.0030502697 0.079756343
v 0.067240103 -0.0030759044 0.079827828
v 0.067240103 -0.0031417736 0.079854976
v 0.067240103 -0.0032074474 0.079827925
v 0.067240103 -0.0032068126 0.079756343
v 0.067240103 -0.0031885021 0.079813082
v 0.067240103 -0.0031415783 0.079833394
v 0.067240103 -0.0030948009 0.079813033
v 0.067240103 -0.0030764415 0.079756343
v 0.067240103 -0.0030948497 0.079699507
v 0.067240103 -0.0031420665 0.079679195
v 0.067240103 -0.0031885997 0.079699507
v 0.066140153 -0.0045166075 0.079951294
v 0.066140823 -0.0045166075 0.079953794
v 0.066142653 -0.0045166075 0.079955624
v 0.066145153 -0.0045166075 0.079956294
v 0.066145153 -0.0042936164 0.079956294
v 0.066142653 -0.0042936164 0.079955624
v 0.066140823 -0.0042936164 0.079953794
v 0.066140153 -0.0042936164 0.079951294
v 0.067240153 -0.003955485 0.080315172
v 0.066865153 -0.0040216076 0.080381294
v 0.066865153 -0.0040216076 0.079956294
v 0.067035153 -0.003991632 0.079956294
v 0.067040153 -0.0039907503 0.079951294
v 0.067040153 -0.0039907503 0.079561294
v 0.067035153 -0.0039916319 0.079556294
v 0.066865153 -0.0040216075 0.079556294
v 0.066865153 -0.0040216075 0.079131294
v 0.067240153 -0.0039554849 0.079197417
v 0.066140153 -0.0045166075 0.079561294
v 0.066140823 -0.0045166075 0.079558794
v 0.066142653 -0.0045166075 0.079556964
v 0.066145153 -0.0045166075 0.079556294
v 0.066145153 -0.0045191075 0.079556964
v 0.066145153 -0.0045209376 0.079558794
v 0.066145153 -0.0045216076 0.079561294
v 0.066142653 -0.0045209376 0.079561294
v 0.066140823 -0.0045191075 0.079561294
v 0.066145153 -0.0045216076 0.079561294
v 0.066140153 -0.0018266076 0.079951295
v 0.066140823 -0.0018266076 0.079953795
v 0.066142653 -0.0018266076 0.079955625
v 0.066145153 -0.0018266076 0.079956295
v 0.066145153 -0.0018241076 0.079955625
v 0.066145153 -0.0018222775 0.079953795
v 0.066145153 -0.0018216075 0.079951295
v 0.066142653 -0.0018222775 0.079951295
v 0.066140823 -0.0018241076 0.079951295
v 0.066145153 -0.0018216075 0.079951295
v 0.067240103 -0.0028216075 0.079197408
v 0.067240053 -0.0023877125 0.079197399
v 0.067240053 -0.0023877126 0.08031519
v 0.067240103 -0.0028216076 0.080315181
v 0.066398128 -0.0040311553 0.079951294
v 0.066398139 -0.0040318251 0.079953794
v 0.066398171 -0.0040336549 0.079955624
v 0.066398214 -0.0040361546 0.079956294
v 0.066865153 -0.004028104 0.079956294
v 0.066865153 -0.0040245678 0.07995483
v 0.066865153 -0.0040231032 0.079951294
v 0.066140153 -0.0042936164 0.079951294
v 0.066140823 -0.0042936164 0.079953794
v 0.066142653 -0.0042936164 0.079955624
v 0.066145153 -0.0042936164 0.079956294
v 0.066178915 -0.00416615 0.079956294
v 0.066271348 -0.0040721093 0.079956294
v 0.066398214 -0.0040361546 0.079956294
v 0.066398171 -0.0040336549 0.079955624
v 0.066398139 -0.0040318251 0.079953794
v 0.066398128 -0.0040311553 0.079951294
v 0.066268799 -0.0040678081 0.079951294
v 0.066174571 -0.0041636749 0.079951294
v 0.067240103 -0.0035565685 0.079838472
v 0.067240103 -0.0035746837 0.079795503
v 0.067240103 -0.0035652111 0.079764644
v 0.067240103 -0.0035382579 0.079746968
v 0.067240103 -0.003558424 0.079730318
v 0.067240103 -0.0035650158 0.079707222
v 0.067240103 -0.003549879 0.07967148
v 0.067240103 -0.003509254 0.079657613
v 0.067240103 -0.0034704357 0.079670308
v 0.067240103 -0.0034519298 0.079707222
v 0.067240103 -0.0034772228 0.079707222
v 0.067240103 -0.0035097423 0.079676851
v 0.067240103 -0.0035318126 0.079684517
v 0.067240103 -0.0035396251 0.079706636
v 0.067240103 -0.003503883 0.079739546
v 0.067240103 -0.0034983166 0.079739546
v 0.067240103 -0.0034983166 0.079758687
v 0.067240103 -0.0035076915 0.079758687
v 0.067240103 -0.0035385998 0.079768355
v 0.067240103 -0.0035491955 0.079795992
v 0.067240103 -0.0035389904 0.079824654
v 0.067240103 -0.0035115978 0.079835738
v 0.067240103 -0.0034844005 0.079825582
v 0.067240103 -0.003474879 0.079801363
v 0.067240103 -0.0034494884 0.079801363
v 0.067240103 -0.0034677013 0.079840279
v 0.067240103 -0.0035115978 0.079854976
v 0.066398128 -0.0040311553 0.079561294
v 0.066268799 -0.0040678081 0.079561294
v 0.066174571 -0.0041636748 0.079561294
v 0.066140153 -0.0042936163 0.079561294
v 0.066140153 -0.0042936164 0.079951294
v 0.066174571 -0.0041636749 0.079951294
v 0.066268799 -0.0040678081 0.079951294
v 0.066398128 -0.0040311553 0.079951294
v 0.067240103 -0.0033271251 0.079851753
v 0.06724014 -0.0033997971 0.079827357
v 0.067240103 -0.0034243908 0.079755269
v 0.06724014 -0.0033997971 0.079684713
v 0.067240103 -0.0033271251 0.079660835
v 0.067240103 -0.0032665783 0.079660835
v 0.067240103 -0.0032665783 0.079851753
v 0.067240103 -0.0033983165 0.079755269
v 0.067240103 -0.0033832287 0.079809761
v 0.067240103 -0.0033265392 0.079829097
v 0.067240103 -0.0032917736 0.079829097
v 0.067240103 -0.0032917736 0.079683492
v 0.067240103 -0.0033265392 0.079683492
v 0.067240103 -0.0033832775 0.079702242
v 0.066190153 -0.0023806625 0.08032224
v 0.066190153 -0.0039625527 0.080322239
v 0.066865153 -0.0040216076 0.080381294
v 0.066865153 -0.0023216076 0.080381294
v 0.066401058 -0.0042011301 0.079956294
v 0.066868083 -0.0041930779 0.079956294
v 0.066951839 -0.0041693409 0.079956294
v 0.067012863 -0.0041072557 0.079956294
v 0.067035153 -0.0040231032 0.079956294
v 0.067035153 -0.003991632 0.079956294
v 0.066865153 -0.0040216076 0.079956294
v 0.066865153 -0.004028104 0.079956294
v 0.066398214 -0.0040361546 0.079956294
v 0.066271348 -0.0040721093 0.079956294
v 0.066178915 -0.00416615 0.079956294
v 0.066145153 -0.0042936164 0.079956294
v 0.066145153 -0.0045166075 0.079956294
v 0.066310153 -0.0045166075 0.079956294
v 0.066310153 -0.0042936164 0.079956294
v 0.066322492 -0.0042475922 0.079956294
v 0.066355332 -0.0042141804 0.079956294
v 0.066140153 -0.0042936163 0.079561294
v 0.066140153 -0.0045166075 0.079561294
v 0.066140153 -0.0045166075 0.079951294
v 0.066140153 -0.0042936164 0.079951294
v 0.066401144 -0.0042061293 0.079951294
v 0.066358035 -0.0042183469 0.079951294
v 0.066326625 -0.0042503025 0.079951294
v 0.066315153 -0.0042936164 0.079951294
v 0.066315153 -0.0042936163 0.079561294
v 0.066326625 -0.0042503024 0.079561294
v 0.066358035 -0.0042183469 0.079561294
v 0.066401144 -0.0042061293 0.079561294
v 0.066310153 -0.0020495988 0.079956295
v 0.066312653 -0.0020495988 0.079955625
v 0.066314483 -0.0020495988 0.079953795
v 0.066315153 -0.0020495988 0.079951295
v 0.066315153 -0.0018266076 0.079951295
v 0.066314483 -0.0018266076 0.079953795
v 0.066312653 -0.0018266076 0.079955625
v 0.066310153 -0.0018266076 0.079956295
v 0.06686817 -0.0041980772 0.079951294
v 0.066868158 -0.0041974074 0.079953794
v 0.066868126 -0.0041955775 0.079955624
v 0.066868083 -0.0041930779 0.079956294
v 0.066401058 -0.0042011301 0.079956294
v 0.066401101 -0.0042036297 0.079955624
v 0.066401133 -0.0042054596 0.079953794
v 0.066401144 -0.0042061293 0.079951294
v 0.066315153 -0.0042936163 0.079561294
v 0.066314483 -0.0042936163 0.079558794
v 0.066312653 -0.0042936163 0.079556964
v 0.066310153 -0.0042936163 0.079556294
v 0.066322413 -0.0042476724 0.079556294
v 0.066355254 -0.0042142606 0.079556294
v 0.066401058 -0.00420113 0.079556294
v 0.066401101 -0.0042036297 0.079556964
v 0.066401133 -0.0042054596 0.079558794
v 0.066401144 -0.0042061293 0.079561294
v 0.066358035 -0.0042183469 0.079561294
v 0.066326625 -0.0042503024 0.079561294
v 0.066145153 -0.0045166075 0.079956294
v 0.066142653 -0.0045166075 0.079955624
v 0.066140823 -0.0045166075 0.079953794
v 0.066140153 -0.0045166075 0.079951294
v 0.066140823 -0.0045191075 0.079951294
v 0.066142653 -0.0045209377 0.079951294
v 0.066145153 -0.0045216076 0.079951294
v 0.066145153 -0.0045209377 0.079953794
v 0.066145153 -0.0045191075 0.079955624
v 0.066145153 -0.0045216076 0.079951294
v 0.066310153 -0.0018266076 0.079556295
v 0.066312653 -0.0018266076 0.079556964
v 0.066314483 -0.0018266076 0.079558795
v 0.066315153 -0.0018266076 0.079561295
v 0.066315153 -0.0020495988 0.079561295
v 0.066314483 -0.0020495988 0.079558795
v 0.066312653 -0.0020495988 0.079556964
v 0.066310153 -0.0020495988 0.079556295
v 0.066145153 -0.0018266076 0.079556295
v 0.066145153 -0.0018241076 0.079556964
v 0.066145153 -0.0018222774 0.079558795
v 0.066145153 -0.0018216075 0.079561295
v 0.066310153 -0.0018216075 0.079561295
v 0.066310153 -0.0018222774 0.079558795
v 0.066310153 -0.0018241076 0.079556964
v 0.066310153 -0.0018266076 0.079556295
v 0.06686817 -0.0041980772 0.079561294
v 0.066954389 -0.0041736419 0.079561294
v 0.067017208 -0.0041097308 0.079561294
v 0.067040153 -0.0040231032 0.079561294
v 0.067040153 -0.0040231032 0.079951294
v 0.067017208 -0.0041097308 0.079951294
v 0.066954389 -0.004173642 0.079951294
v 0.06686817 -0.0041980772 0.079951294
v 0.066865153 -0.0023201119 0.079561294
v 0.066865153 -0.0023186473 0.079557759
v 0.066865153 -0.0023151111 0.079556295
v 0.066865153 -0.0023216075 0.079556295
v 0.066865153 -0.0023216076 0.079956294
v 0.066865153 -0.0023151112 0.079956294
v 0.066865153 -0.0023186473 0.07995483
v 0.066865153 -0.0023201119 0.079951294
v 0.066865153 -0.0040281039 0.079556294
v 0.066865153 -0.0040216075 0.079556294
v 0.067035153 -0.0039916319 0.079556294
v 0.067035153 -0.0040231032 0.079556294
v 0.067012863 -0.0041072557 0.079556294
v 0.066951839 -0.0041693409 0.079556294
v 0.066868083 -0.0041930779 0.079556294
v 0.066401058 -0.00420113 0.079556294
v 0.066355254 -0.0042142606 0.079556294
v 0.066322413 -0.0042476724 0.079556294
v 0.066310153 -0.0042936163 0.079556294
v 0.066310153 -0.0045166075 0.079556294
v 0.066145153 -0.0045166075 0.079556294
v 0.066145153 -0.0042936163 0.079556294
v 0.066178915 -0.0041661499 0.079556294
v 0.066271348 -0.0040721092 0.079556294
v 0.066398214 -0.0040361546 0.079556294
v 0.066315153 -0.0045166075 0.079951294
v 0.066314483 -0.0045166075 0.079953794
v 0.066312653 -0.0045166075 0.079955624
v 0.066310153 -0.0045166075 0.079956294
v 0.066310153 -0.0045191075 0.079955624
v 0.066310153 -0.0045209377 0.079953794
v 0.066310153 -0.0045216076 0.079951294
v 0.066312653 -0.0045209377 0.079951294
v 0.066314483 -0.0045191075 0.079951294
v 0.066310153 -0.0045216076 0.079951294
v 0.066190153 -0.0039625526 0.079190349
v 0.066190153 -0.0023806624 0.079190349
v 0.066865153 -0.0023216075 0.079131294
v 0.066865153 -0.0040216075 0.079131294
v 0.066310153 -0.0045166075 0.079556294
v 0.066310153 -0.0045191075 0.079556964
v 0.066310153 -0.0045209376 0.079558794
v 0.066310153 -0.0045216076 0.079561294
v 0.066145153 -0.0045216076 0.079561294
v 0.066145153 -0.0045209376 0.079558794
v 0.066145153 -0.0045191075 0.079556964
v 0.066145153 -0.0045166075 0.079556294
v 0.067040153 -0.0040231032 0.079561294
v 0.067040153 -0.0039907503 0.079561294
v 0.067040153 -0.0039907503 0.079951294
v 0.067040153 -0.0040231032 0.079951294
v 0.066310153 -0.0045166075 0.079556294
v 0.066312653 -0.0045166075 0.079556964
v 0.066314483 -0.0045166075 0.079558794
v 0.066315153 -0.0045166075 0.079561294
v 0.066314483 -0.0045191075 0.079561294
v 0.066312653 -0.0045209376 0.079561294
v 0.066310153 -0.0045216076 0.079561294
v 0.066310153 -0.0045209376 0.079558794
v 0.066310153 -0.0045191075 0.079556964
v 0.066310153 -0.0045216076 0.079561294
v 0.066401144 -0.0042061293 0.079561294
v 0.066401133 -0.0042054596 0.079558794
v 0.066401101 -0.0042036297 0.079556964
v 0.066401058 -0.00420113 0.079556294
v 0.066868083 -0.0041930779 0.079556294
v 0.066868126 -0.0041955775 0.079556964
v 0.066868158 -0.0041974073 0.079558794
v 0.06686817 -0.0041980772 0.079561294
v 0.066145153 -0.0018266076 0.079956295
v 0.066142653 -0.0018266076 0.079955625
v 0.066140823 -0.0018266076 0.079953795
v 0.066140153 -0.0018266076 0.079951295
v 0.066140153 -0.0020495988 0.079951295
v 0.066140823 -0.0020495988 0.079953795
v 0.066142653 -0.0020495988 0.079955625
v 0.066145153 -0.0020495988 0.079956295
v 0.066865153 -0.0023151112 0.079956294
v 0.066865153 -0.0023216076 0.079956294
v 0.067035153 -0.0023515832 0.079956294
v 0.067035153 -0.0023201119 0.079956294
v 0.067012863 -0.0022359594 0.079956294
v 0.066951839 -0.0021738742 0.079956295
v 0.066868083 -0.0021501372 0.079956295
v 0.066401058 -0.0021420851 0.079956295
v 0.066355254 -0.0021289545 0.079956295
v 0.066322413 -0.0020955427 0.079956295
v 0.066310153 -0.0020495988 0.079956295
v 0.066310153 -0.0018266076 0.079956295
v 0.066145153 -0.0018266076 0.079956295
v 0.066145153 -0.0020495988 0.079956295
v 0.066178915 -0.0021770652 0.079956295
v 0.066271348 -0.0022711059 0.079956294
v 0.066398214 -0.0023070605 0.079956294
v 0.066398214 -0.0040361546 0.079556294
v 0.066398171 -0.0040336549 0.079556964
v 0.066398139 -0.004031825 0.079558794
v 0.066398128 -0.0040311553 0.079561294
v 0.066865153 -0.0040231032 0.079561294
v 0.066865153 -0.0040245678 0.079557759
v 0.066865153 -0.0040281039 0.079556294
v 0.066145153 -0.0045166075 0.079556294
v 0.066142653 -0.0045166075 0.079556964
v 0.066140823 -0.0045166075 0.079558794
v 0.066140153 -0.0045166075 0.079561294
v 0.066140153 -0.0042936163 0.079561294
v 0.066140823 -0.0042936163 0.079558794
v 0.066142653 -0.0042936163 0.079556964
v 0.066145153 -0.0042936163 0.079556294
v 0.066310153 -0.0020495988 0.079556295
v 0.066312653 -0.0020495988 0.079556964
v 0.066314483 -0.0020495988 0.079558795
v 0.066315153 -0.0020495988 0.079561295
v 0.066326625 -0.0020929126 0.079561295
v 0.066358035 -0.0021248682 0.079561295
v 0.066401144 -0.0021370858 0.079561295
v 0.066401133 -0.0021377555 0.079558795
v 0.066401101 -0.0021395854 0.079556964
v 0.066401058 -0.002142085 0.079556295
v 0.066355332 -0.0021290347 0.079556295
v 0.066322492 -0.0020956229 0.079556295
v 0.066401144 -0.0042061293 0.079951294
v 0.066401133 -0.0042054596 0.079953794
v 0.066401101 -0.0042036297 0.079955624
v 0.066401058 -0.0042011301 0.079956294
v 0.066355332 -0.0042141804 0.079956294
v 0.066322492 -0.0042475922 0.079956294
v 0.066310153 -0.0042936164 0.079956294
v 0.066312653 -0.0042936164 0.079955624
v 0.066314483 -0.0042936164 0.079953794
v 0.066315153 -0.0042936164 0.079951294
v 0.066326625 -0.0042503025 0.079951294
v 0.066358035 -0.0042183469 0.079951294
v 0.066310153 -0.0018216075 0.079951295
v 0.066310153 -0.0018216075 0.079561295
v 0.066145153 -0.0018216075 0.079561295
v 0.066145153 -0.0018216075 0.079951295
v 0.066310153 -0.0018266076 0.079956295
v 0.066312653 -0.0018266076 0.079955625
v 0.066314483 -0.0018266076 0.079953795
v 0.066315153 -0.0018266076 0.079951295
v 0.066314483 -0.0018241076 0.079951295
v 0.066312653 -0.0018222775 0.079951295
v 0.066310153 -0.0018216075 0.079951295
v 0.066310153 -0.0018222775 0.079953795
v 0.066310153 -0.0018241076 0.079955625
v 0.066310153 -0.0018216075 0.079951295
v 0.067240103 -0.0036447521 0.079779292
v 0.067240103 -0.0036051036 0.079818404
v 0.067240103 -0.0035943126 0.079851753
v 0.067240103 -0.0037207775 0.079851753
v 0.067240103 -0.0037207775 0.079829097
v 0.067240103 -0.00362859 0.079829097
v 0.067240103 -0.003663258 0.079792378
v 0.067240103 -0.0037088146 0.079748042
v 0.067240103 -0.0037202892 0.079711226
v 0.067240103 -0.0037047619 0.079672896
v 0.067240103 -0.0036607189 0.079657613
v 0.067240103 -0.0036174083 0.079672652
v 0.067240103 -0.0035989025 0.079712789
v 0.067240103 -0.0036242931 0.079712789
v 0.067240103 -0.0036357189 0.079685982
v 0.067240103 -0.0036602306 0.079676851
v 0.067240103 -0.0036858654 0.079685884
v 0.067240103 -0.0036949962 0.079710738
v 0.067240103 -0.0036843029 0.079742183
v 0.066315153 -0.0018266076 0.079561295
v 0.066314483 -0.0018266076 0.079558795
v 0.066312653 -0.0018266076 0.079556964
v 0.066310153 -0.0018266076 0.079556295
v 0.066310153 -0.0018241076 0.079556964
v 0.066310153 -0.0018222774 0.079558795
v 0.066310153 -0.0018216075 0.079561295
v 0.066312653 -0.0018222774 0.079561295
v 0.066314483 -0.0018241076 0.079561295
v 0.066310153 -0.0018216075 0.079561295
v 0.066140153 -0.0018266076 0.079561295
v 0.066140823 -0.0018266076 0.079558795
v 0.066142653 -0.0018266076 0.079556964
v 0.066145153 -0.0018266076 0.079556295
v 0.066145153 -0.0020495988 0.079556295
v 0.066142653 -0.0020495988 0.079556964
v 0.066140823 -0.0020495988 0.079558795
v 0.066140153 -0.0020495988 0.079561295
v 0.066315153 -0.0020495988 0.079951295
v 0.066326625 -0.0020929127 0.079951295
v 0.066358035 -0.0021248682 0.079951295
v 0.066401144 -0.0021370858 0.079951295
v 0.066401144 -0.0021370858 0.079561295
v 0.066358035 -0.0021248682 0.079561295
v 0.066326625 -0.0020929126 0.079561295
v 0.066315153 -0.0020495988 0.079561295
v 0.066145153 -0.0042936163 0.079556294
v 0.066142653 -0.0042936163 0.079556964
v 0.066140823 -0.0042936163 0.079558794
v 0.066140153 -0.0042936163 0.079561294
v 0.066174571 -0.0041636748 0.079561294
v 0.066268799 -0.0040678081 0.079561294
v 0.066398128 -0.0040311553 0.079561294
v 0.066398139 -0.004031825 0.079558794
v 0.066398171 -0.0040336549 0.079556964
v 0.066398214 -0.0040361546 0.079556294
v 0.066271348 -0.0040721092 0.079556294
v 0.066178915 -0.0041661499 0.079556294
v 0.067240103 -0.0030948497 0.079699507
v 0.067240103 -0.0030764415 0.079756343
v 0.067240103 -0.0030948009 0.079813033
v 0.067240103 -0.0031415783 0.079833394
v 0.067240103 -0.0031885021 0.079813082
v 0.067240103 -0.0032068126 0.079756343
v 0.067240103 -0.0031885997 0.079699507
v 0.067240103 -0.0031420665 0.079679195
v 0.06686817 -0.0041980772 0.079561294
v 0.066868158 -0.0041974073 0.079558794
v 0.066868126 -0.0041955775 0.079556964
v 0.066868083 -0.0041930779 0.079556294
v 0.066951839 -0.0041693409 0.079556294
v 0.067012863 -0.0041072557 0.079556294
v 0.067035153 -0.0040231032 0.079556294
v 0.067037653 -0.0040231032 0.079556964
v 0.067039483 -0.0040231032 0.079558794
v 0.067040153 -0.0040231032 0.079561294
v 0.067017208 -0.0041097308 0.079561294
v 0.066954389 -0.0041736419 0.079561294
v 0.067040153 -0.0040231032 0.079561294
v 0.067039483 -0.0040231032 0.079558794
v 0.067037653 -0.0040231032 0.079556964
v 0.067035153 -0.0040231032 0.079556294
v 0.067035153 -0.0039916319 0.079556294
v 0.067040153 -0.0039907503 0.079561294
v 0.066140153 -0.0018266076 0.079951295
v 0.066140823 -0.0018241076 0.079951295
v 0.066142653 -0.0018222775 0.079951295
v 0.066145153 -0.0018216075 0.079951295
v 0.066145153 -0.0018216075 0.079561295
v 0.066142653 -0.0018222774 0.079561295
v 0.066140823 -0.0018241076 0.079561295
v 0.066140153 -0.0018266076 0.079561295
v 0.067035153 -0.0023201119 0.079956294
v 0.067037653 -0.0023201119 0.079955625
v 0.067039483 -0.0023201119 0.079953795
v 0.067040153 -0.0023201119 0.079951294
v 0.067017208 -0.0022334843 0.079951295
v 0.066954389 -0.0021695732 0.079951295
v 0.06686817 -0.002145138 0.079951295
v 0.066868158 -0.0021458078 0.079953795
v 0.066868126 -0.0021476376 0.079955625
v 0.066868083 -0.0021501372 0.079956295
v 0.066951839 -0.0021738742 0.079956295
v 0.067012863 -0.0022359594 0.079956294
v 0.066865153 -0.0023216076 0.080381294
v 0.066865153 -0.0023216076 0.079956294
v 0.066865153 -0.0023216075 0.079556295
v 0.066865153 -0.0023216075 0.079131294
v 0.066190153 -0.0023806624 0.079190349
v 0.066190153 -0.0023806625 0.08032224
v 0.067040153 -0.0023524648 0.079561294
v 0.067040153 -0.0023201119 0.079561294
v 0.067040153 -0.0023201119 0.079951294
v 0.067040153 -0.0023524648 0.079951294
v 0.066865153 -0.0040231032 0.079561294
v 0.066398128 -0.0040311553 0.079561294
v 0.066398128 -0.0040311553 0.079951294
v 0.066865153 -0.0040231032 0.079951294
v 0.066145153 -0.0020495988 0.079956295
v 0.066142653 -0.0020495988 0.079955625
v 0.066140823 -0.0020495988 0.079953795
v 0.066140153 -0.0020495988 0.079951295
v 0.066174571 -0.0021795403 0.079951295
v 0.066268799 -0.002275407 0.079951295
v 0.066398128 -0.0023120598 0.079951295
v 0.066398139 -0.0023113901 0.079953795
v 0.066398171 -0.0023095602 0.079955625
v 0.066398214 -0.0023070605 0.079956294
v 0.066271348 -0.0022711059 0.079956294
v 0.066178915 -0.0021770652 0.079956295
v 0.06686817 -0.0021451379 0.079561295
v 0.066401144 -0.0021370858 0.079561295
v 0.066401144 -0.0021370858 0.079951295
v 0.06686817 -0.002145138 0.079951295
v 0.066145153 -0.0045166075 0.079956294
v 0.066145153 -0.0045191075 0.079955624
v 0.066145153 -0.0045209377 0.079953794
v 0.066145153 -0.0045216076 0.079951294
v 0.066310153 -0.0045216076 0.079951294
v 0.066310153 -0.0045209377 0.079953794
v 0.066310153 -0.0045191075 0.079955624
v 0.066310153 -0.0045166075 0.079956294
v 0.067035153 -0.0023515832 0.079956294
v 0.067040153 -0.0023524648 0.079951294
v 0.067040153 -0.0023201119 0.079951294
v 0.067039483 -0.0023201119 0.079953795
v 0.067037653 -0.0023201119 0.079955625
v 0.067035153 -0.0023201119 0.079956294
v 0.066140153 -0.0020495988 0.079561295
v 0.066140823 -0.0020495988 0.079558795
v 0.066142653 -0.0020495988 0.079556964
v 0.066145153 -0.0020495988 0.079556295
v 0.066178915 -0.0021770651 0.079556295
v 0.066271348 -0.0022711059 0.079556295
v 0.066398214 -0.0023070605 0.079556295
v 0.066398171 -0.0023095602 0.079556964
v 0.066398139 -0.00231139 0.079558794
v 0.066398128 -0.0023120598 0.079561294
v 0.066268799 -0.002275407 0.079561294
v 0.066174571 -0.0021795402 0.079561295
v 0.066140153 -0.0020495988 0.079561295
v 0.066174571 -0.0021795402 0.079561295
v 0.066268799 -0.002275407 0.079561294
v 0.066398128 -0.0023120598 0.079561294
v 0.066398128 -0.0023120598 0.079951295
v 0.066268799 -0.002275407 0.079951295
v 0.066174571 -0.0021795403 0.079951295
v 0.066140153 -0.0020495988 0.079951295
v 0.066865153 -0.0040216076 0.080381294
v 0.067240153 -0.003955485 0.080315172
v 0.067240103 -0.0028216076 0.080315181
v 0.067240053 -0.0023877126 0.08031519
v 0.066865153 -0.0023216076 0.080381294
v 0.066315153 -0.0020495988 0.079561295
v 0.066315153 -0.0018266076 0.079561295
v 0.066315153 -0.0018266076 0.079951295
v 0.066315153 -0.0020495988 0.079951295
v 0.067240053 -0.0023877125 0.079197399
v 0.066865153 -0.0023216075 0.079131294
v 0.066865153 -0.0023216075 0.079556295
v 0.067035153 -0.0023515832 0.079556294
v 0.067040153 -0.0023524648 0.079561294
v 0.067040153 -0.0023524648 0.079951294
v 0.067035153 -0.0023515832 0.079956294
v 0.066865153 -0.0023216076 0.079956294
v 0.066865153 -0.0023216076 0.080381294
v 0.067240053 -0.0023877126 0.08031519
v 0.066315153 -0.0042936164 0.079951294
v 0.066314483 -0.0042936164 0.079953794
v 0.066312653 -0.0042936164 0.079955624
v 0.066310153 -0.0042936164 0.079956294
v 0.066310153 -0.0045166075 0.079956294
v 0.066312653 -0.0045166075 0.079955624
v 0.066314483 -0.0045166075 0.079953794
v 0.066315153 -0.0045166075 0.079951294
v 0.066398128 -0.0023120598 0.079561294
v 0.066398139 -0.00231139 0.079558794
v 0.066398171 -0.0023095602 0.079556964
v 0.066398214 -0.0023070605 0.079556295
v 0.066865153 -0.0023151111 0.079556295
v 0.066865153 -0.0023186473 0.079557759
v 0.066865153 -0.0023201119 0.079561294
v 0.066140153 -0.0018266076 0.079561295
v 0.066140153 -0.0020495988 0.079561295
v 0.066140153 -0.0020495988 0.079951295
v 0.066140153 -0.0018266076 0.079951295
v 0.066401144 -0.0042061293 0.079561294
v 0.06686817 -0.0041980772 0.079561294
v 0.06686817 -0.0041980772 0.079951294
v 0.066401144 -0.0042061293 0.079951294
v 0.066868083 -0.0021501372 0.079556295
v 0.066868126 -0.0021476376 0.079556964
v 0.066868158 -0.0021458077 0.079558795
v 0.06686817 -0.0021451379 0.079561295
v 0.066954389 -0.0021695731 0.079561295
v 0.067017208 -0.0022334843 0.079561294
v 0.067040153 -0.0023201119 0.079561294
v 0.067039483 -0.0023201119 0.079558794
v 0.067037653 -0.0023201119 0.079556964
v 0.067035153 -0.0023201119 0.079556295
v 0.067012863 -0.0022359594 0.079556295
v 0.066951839 -0.0021738742 0.079556295
v 0.066310153 -0.0018266076 0.079956295
v 0.066310153 -0.0018241076 0.079955625
v 0.066310153 -0.0018222775 0.079953795
v 0.066310153 -0.0018216075 0.079951295
v 0.066145153 -0.0018216075 0.079951295
v 0.066145153 -0.0018222775 0.079953795
v 0.066145153 -0.0018241076 0.079955625
v 0.066145153 -0.0018266076 0.079956295
v 0.066190153 -0.0023806624 0.079190349
v 0.066190153 -0.0039625526 0.079190349
v 0.066190153 -0.0039625527 0.080322239
v 0.066190153 -0.0023806625 0.08032224
v 0.067240103 -0.0028718517 0.079790425
v 0.067240103 -0.0028928478 0.07983691
v 0.067240103 -0.0029531994 0.079854976
v 0.067240103 -0.0030043224 0.079838716
v 0.067240103 -0.0030239025 0.079797847
v 0.067240103 -0.0030132579 0.07976689
v 0.067240103 -0.0029876232 0.079749898
v 0.067240103 -0.0029471447 0.079738863
v 0.067240103 -0.002912379 0.079727291
v 0.067240103 -0.0029031017 0.079709273
v 0.067240103 -0.002914674 0.079688179
v 0.067240103 -0.00294734 0.079680269
v 0.06724014 -0.0029807186 0.079689183
v 0.067240103 -0.0029948009 0.079714839
v 0.067240103 -0.0030194103 0.079714839
v 0.067240103 -0.0029984142 0.079672554
v 0.067240103 -0.0029462657 0.079657613
v 0.067240103 -0.002897047 0.079672457
v 0.067240103 -0.0028784923 0.079710445
v 0.067240103 -0.0028927501 0.079743404
v 0.067240103 -0.0029397228 0.07976274
v 0.067240103 -0.0029858654 0.0797769
v 0.067240103 -0.0029992931 0.0797998
v 0.067240103 -0.0029863537 0.079823482
v 0.067240103 -0.0029521251 0.079832222
v 0.067240103 -0.0029139415 0.079822017
v 0.067240103 -0.0028961681 0.079790425
v 0.066865153 -0.0040216075 0.079131294
v 0.066865153 -0.0040216075 0.079556294
v 0.066865153 -0.0040216076 0.079956294
v 0.066865153 -0.0040216076 0.080381294
v 0.066190153 -0.0039625527 0.080322239
v 0.066190153 -0.0039625526 0.079190349
v 0.067040153 -0.0023201119 0.079561294
v 0.067017208 -0.0022334843 0.079561294
v 0.066954389 -0.0021695731 0.079561295
v 0.06686817 -0.0021451379 0.079561295
v 0.06686817 -0.002145138 0.079951295
v 0.066954389 -0.0021695732 0.079951295
v 0.067017208 -0.0022334843 0.079951295
v 0.067040153 -0.0023201119 0.079951294
v 0.067040153 -0.0039907503 0.079951294
v 0.067035153 -0.003991632 0.079956294
v 0.067035153 -0.0040231032 0.079956294
v 0.067037653 -0.0040231032 0.079955624
v 0.067039483 -0.0040231032 0.079953794
v 0.067040153 -0.0040231032 0.079951294
v 0.066401058 -0.002142085 0.079556295
v 0.066868083 -0.0021501372 0.079556295
v 0.066951839 -0.0021738742 0.079556295
v 0.067012863 -0.0022359594 0.079556295
v 0.067035153 -0.0023201119 0.079556295
v 0.067035153 -0.0023515832 0.079556294
v 0.066865153 -0.0023216075 0.079556295
v 0.066865153 -0.0023151111 0.079556295
v 0.066398214 -0.0023070605 0.079556295
v 0.066271348 -0.0022711059 0.079556295
v 0.066178915 -0.0021770651 0.079556295
v 0.066145153 -0.0020495988 0.079556295
v 0.066145153 -0.0018266076 0.079556295
v 0.066310153 -0.0018266076 0.079556295
v 0.066310153 -0.0020495988 0.079556295
v 0.066322492 -0.0020956229 0.079556295
v 0.066355332 -0.0021290347 0.079556295
v 0.066865153 -0.0040216075 0.079131294
v 0.066865153 -0.0023216075 0.079131294
v 0.067240053 -0.0023877125 0.079197399
v 0.067240103 -0.0028216075 0.079197408
v 0.067240153 -0.0039554849 0.079197417
v 0.067035153 -0.0023201119 0.079556295
v 0.067037653 -0.0023201119 0.079556964
v 0.067039483 -0.0023201119 0.079558794
v 0.067040153 -0.0023201119 0.079561294
v 0.067040153 -0.0023524648 0.079561294
v 0.067035153 -0.0023515832 0.079556294
v 0.066315153 -0.0045166075 0.079561294
v 0.066314483 -0.0045166075 0.079558794
v 0.066312653 -0.0045166075 0.079556964
v 0.066310153 -0.0045166075 0.079556294
v 0.066310153 -0.0042936163 0.079556294
v 0.066312653 -0.0042936163 0.079556964
v 0.066314483 -0.0042936163 0.079558794
v 0.066315153 -0.0042936163 0.079561294
v 0.067040153 -0.0040231032 0.079951294
v 0.067039483 -0.0040231032 0.079953794
v 0.067037653 -0.0040231032 0.079955624
v 0.067035153 -0.0040231032 0.079956294
v 0.067012863 -0.0041072557 0.079956294
v 0.066951839 -0.0041693409 0.079956294
v 0.066868083 -0.0041930779 0.079956294
v 0.066868126 -0.0041955775 0.079955624
v 0.066868158 -0.0041974074 0.079953794
v 0.06686817 -0.0041980772 0.079951294
v 0.066954389 -0.004173642 0.079951294
v 0.067017208 -0.0041097308 0.079951294
v 0.066865153 -0.0040231032 0.079951294
v 0.066865153 -0.0040245678 0.07995483
v 0.066865153 -0.004028104 0.079956294
v 0.066865153 -0.0040216076 0.079956294
v 0.066865153 -0.0040216075 0.079556294
v 0.066865153 -0.0040281039 0.079556294
v 0.066865153 -0.0040245678 0.079557759
v 0.066865153 -0.0040231032 0.079561294
v 0.066398214 -0.0023070605 0.079956294
v 0.066398171 -0.0023095602 0.079955625
v 0.066398139 -0.0023113901 0.079953795
v 0.066398128 -0.0023120598 0.079951295
v 0.066865153 -0.0023201119 0.079951294
v 0.066865153 -0.0023186473 0.07995483
v 0.066865153 -0.0023151112 0.079956294
v 0.066868083 -0.0021501372 0.079956295
v 0.066868126 -0.0021476376 0.079955625
v 0.066868158 -0.0021458078 0.079953795
v 0.06686817 -0.002145138 0.079951295
v 0.066401144 -0.0021370858 0.079951295
v 0.066401133 -0.0021377555 0.079953795
v 0.066401101 -0.0021395854 0.079955625
v 0.066401058 -0.0021420851 0.079956295
v 0.066398128 -0.0023120598 0.079561294
v 0.066865153 -0.0023201119 0.079561294
v 0.066865153 -0.0023201119 0.079951294
v 0.066398128 -0.0023120598 0.079951295
v 0.066401058 -0.0021420851 0.079956295
v 0.066401101 -0.0021395854 0.079955625
v 0.066401133 -0.0021377555 0.079953795
v 0.066401144 -0.0021370858 0.079951295
v 0.066358035 -0.0021248682 0.079951295
v 0.066326625 -0.0020929127 0.079951295
v 0.066315153 -0.0020495988 0.079951295
v 0.066314483 -0.0020495988 0.079953795
v 0.066312653 -0.0020495988 0.079955625
v 0.066310153 -0.0020495988 0.079956295
v 0.066322413 -0.0020955427 0.079956295
v 0.066355254 -0.0021289545 0.079956295
v 0.066145153 -0.0018266076 0.079556295
v 0.066142653 -0.0018266076 0.079556964
v 0.066140823 -0.0018266076 0.079558795
v 0.066140153 -0.0018266076 0.079561295
v 0.066140823 -0.0018241076 0.079561295
v 0.066142653 -0.0018222774 0.079561295
v 0.066145153 -0.0018216075 0.079561295
v 0.066145153 -0.0018222774 0.079558795
v 0.066145153 -0.0018241076 0.079556964
v 0.066145153 -0.0018216075 0.079561295
v 0.067240153 -0.003955485 0.080315172
v 0.067240153 -0.0039554849 0.079197417
v 0.067240103 -0.0028216075 0.079197408
v 0.067240103 -0.0028216076 0.080315181
v 0.067240103 -0.0030132579 0.07976689
v 0.067240103 -0.0030239025 0.079797847
v 0.067240103 -0.0030043224 0.079838716
v 0.067240103 -0.0029531994 0.079854976
v 0.067240103 -0.0028928478 0.07983691
v 0.067240103 -0.0028718517 0.079790425
v 0.067240103 -0.0028961681 0.079790425
v 0.067240103 -0.0029139415 0.079822017
v 0.067240103 -0.0029521251 0.079832222
v 0.067240103 -0.0029863537 0.079823482
v 0.067240103 -0.0029992931 0.0797998
v 0.067240103 -0.0029858654 0.0797769
v 0.067240103 -0.0029397228 0.07976274
v 0.067240103 -0.0028927501 0.079743404
v 0.067240103 -0.0028784923 0.079710445
v 0.067240103 -0.002897047 0.079672457
v 0.067240103 -0.0029462657 0.079657613
v 0.067240103 -0.0029984142 0.079672554
v 0.067240103 -0.0030194103 0.079714839
v 0.067240103 -0.0029948009 0.079714839
v 0.06724014 -0.0029807186 0.079689183
v 0.067240103 -0.00294734 0.079680269
v 0.067240103 -0.002914674 0.079688179
v 0.067240103 -0.0029031017 0.079709273
v 0.067240103 -0.002912379 0.079727291
v 0.067240103 -0.0029471447 0.079738863
v 0.067240103 -0.0029876232 0.079749898
v 0.067240103 -0.0030759044 0.079827828
v 0.067240103 -0.0030502697 0.079756343
v 0.067240103 -0.0030759044 0.079684664
v 0.067240103 -0.0031417736 0.079657613
v 0.067240103 -0.0032074474 0.079684664
v 0.067240103 -0.0032329845 0.079756343
v 0.067240103 -0.0032074474 0.079827925
v 0.067240103 -0.0031417736 0.079854976
v 0.067240103 -0.0033271251 0.079851753
v 0.067240103 -0.0032665783 0.079851753
v 0.067240103 -0.0032665783 0.079660835
v 0.067240103 -0.0033271251 0.079660835
v 0.06724014 -0.0033997971 0.079684713
v 0.067240103 -0.0034243908 0.079755269
v 0.06724014 -0.0033997971 0.079827357
v 0.067240103 -0.0035650158 0.079707222
v 0.067240103 -0.003558424 0.079730318
v 0.067240103 -0.0035382579 0.079746968
v 0.067240103 -0.0035652111 0.079764644
v 0.067240103 -0.0035746837 0.079795503
v 0.067240103 -0.0035565685 0.079838472
v 0.067240103 -0.0035115978 0.079854976
v 0.067240103 -0.0034677013 0.079840279
v 0.067240103 -0.0034494884 0.079801363
v 0.067240103 -0.003474879 0.079801363
v 0.067240103 -0.0034844005 0.079825582
v 0.067240103 -0.0035115978 0.079835738
v 0.067240103 -0.0035389904 0.079824654
v 0.067240103 -0.0035491955 0.079795992
v 0.067240103 -0.0035385998 0.079768355
v 0.067240103 -0.0035076915 0.079758687
v 0.067240103 -0.0034983166 0.079758687
v 0.067240103 -0.0034983166 0.079739546
v 0.067240103 -0.003503883 0.079739546
v 0.067240103 -0.0035396251 0.079706636
v 0.067240103 -0.0035318126 0.079684517
v 0.067240103 -0.0035097423 0.079676851
v 0.067240103 -0.0034772228 0.079707222
v 0.067240103 -0.0034519298 0.079707222
v 0.067240103 -0.0034704357 0.079670308
v 0.067240103 -0.003509254 0.079657613
v 0.067240103 -0.003549879 0.07967148
v 0.067240103 -0.00362859 0.079829097
v 0.067240103 -0.0037207775 0.079829097
v 0.067240103 -0.0037207775 0.079851753
v 0.067240103 -0.0035943126 0.079851753
v 0.067240103 -0.0036051036 0.079818404
v 0.067240103 -0.0036447521 0.079779292
v 0.067240103 -0.0036843029 0.079742183
v 0.067240103 -0.0036949962 0.079710738
v 0.067240103 -0.0036858654 0.079685884
v 0.067240103 -0.0036602306 0.079676851
v 0.067240103 -0.0036357189 0.079685982
v 0.067240103 -0.0036242931 0.079712789
v 0.067240103 -0.0035989025 0.079712789
v 0.067240103 -0.0036174083 0.079672652
v 0.067240103 -0.0036607189 0.079657613
v 0.067240103 -0.0037047619 0.079672896
v 0.067240103 -0.0037202892 0.079711226
v 0.067240103 -0.0037088146 0.079748042
v 0.067240103 -0.003663258 0.079792378
v 0.067240103 -0.0038616954 0.079707222
v 0.067240103 -0.0038551036 0.079730318
v 0.067240103 -0.0038349377 0.079746968
v 0.067240103 -0.0038618907 0.079764644
v 0.067240103 -0.0038713634 0.079795503
v 0.067240103 -0.0038532482 0.079838472
v 0.067240103 -0.0038082775 0.079854976
v 0.067240103 -0.003764381 0.079840279
v 0.067240103 -0.0037461681 0.079801363
v 0.067240103 -0.0037715587 0.079801363
v 0.067240103 -0.0037810802 0.079825581
v 0.067240103 -0.0038082775 0.079835738
v 0.067240103 -0.0038356701 0.079824654
v 0.067240103 -0.0038458751 0.079795992
v 0.067240103 -0.0038352794 0.079768355
v 0.067240103 -0.0038043712 0.079758687
v 0.067240103 -0.0037949962 0.079758687
v 0.067240103 -0.0037949962 0.079739546
v 0.067240103 -0.0038005626 0.079739546
v 0.067240103 -0.0038363048 0.079706636
v 0.067240103 -0.0038284923 0.079684517
v 0.067240103 -0.003806422 0.079676851
v 0.067240103 -0.0037739025 0.079707222
v 0.067240103 -0.0037486095 0.079707222
v 0.067240103 -0.0037671154 0.079670308
v 0.067240103 -0.0038059337 0.079657613
v 0.067240103 -0.0038465587 0.07967148
v 0.066401058 -0.002142085 0.079556295
v 0.066401101 -0.0021395854 0.079556964
v 0.066401133 -0.0021377555 0.079558795
v 0.066401144 -0.0021370858 0.079561295
v 0.06686817 -0.0021451379 0.079561295
v 0.066868158 -0.0021458077 0.079558795
v 0.066868126 -0.0021476376 0.079556964
v 0.066868083 -0.0021501372 0.079556295
f 2294 2312 2293
f 2293 2312 2313
f 2293 2313 2319
f 2319 2313 2314
f 2319 2314 2315
f 2294 2295 2312
f 2312 2295 2311
f 2311 2295 2296
f 2311 2296 2310
f 2310 2296 2307
f 2310 2307 2309
f 2309 2307 2308
f 2307 2296 2306
f 2306 2296 2297
f 2306 2297 2298
f 2298 2299 2306
f 2306 2299 2305
f 2305 2299 2300
f 2305 2300 2304
f 2304 2300 2301
f 2304 2301 2303
f 2303 2301 2302
f 2319 2315 2318
f 2318 2315 2316
f 2318 2316 2317
f 2321 2322 2320
f 2320 2322 2323
f 2325 2326 2324
f 2324 2326 2327
f 2324 2327 2328
f 2328 2329 2324
f 2324 2329 2330
f 2338 2331 2337
f 2337 2331 2332
f 2337 2332 2336
f 2336 2332 2333
f 2336 2333 2335
f 2335 2333 2334
f 2346 2339 2345
f 2345 2339 2340
f 2345 2340 2344
f 2344 2340 2341
f 2344 2341 2343
f 2343 2341 2342
f 2354 2347 2353
f 2353 2347 2348
f 2353 2348 2352
f 2352 2348 2349
f 2352 2349 2351
f 2351 2349 2350
f 2356 2357 2355
f 2355 2357 2358
f 2360 2374 2359
f 2359 2374 2367
f 2359 2367 2368
f 2360 2361 2374
f 2374 2361 2373
f 2373 2361 2372
f 2372 2361 2362
f 2372 2362 2363
f 2364 2370 2363
f 2363 2370 2371
f 2363 2371 2372
f 2364 2365 2370
f 2370 2365 2369
f 2369 2365 2368
f 2368 2365 2366
f 2368 2366 2359
f 2382 2375 2381
f 2381 2375 2376
f 2381 2376 2380
f 2380 2376 2377
f 2380 2377 2379
f 2379 2377 2378
f 2384 2386 2383
f 2383 2386 2387
f 2383 2387 2388
f 2384 2385 2386
f 2383 2388 2392
f 2392 2388 2389
f 2392 2389 2391
f 2391 2389 2390
f 2393 2394 2401
f 2401 2394 2395
f 2401 2395 2398
f 2398 2395 2397
f 2397 2395 2396
f 2401 2398 2400
f 2400 2398 2402
f 2403 2404 2411
f 2411 2404 2405
f 2411 2405 2408
f 2408 2405 2407
f 2407 2405 2406
f 2411 2408 2410
f 2410 2408 2412
f 2414 2415 2413
f 2413 2415 2416
f 2417 2418 2423
f 2423 2418 2422
f 2422 2418 2419
f 2422 2419 2421
f 2421 2419 2420
f 2424 2425 2435
f 2435 2425 2426
f 2435 2426 2428
f 2428 2426 2427
f 2435 2428 2434
f 2434 2428 2429
f 2434 2429 2432
f 2432 2429 2431
f 2431 2429 2430
f 2432 2433 2434
f 2437 2455 2436
f 2436 2455 2456
f 2436 2456 2462
f 2462 2456 2457
f 2462 2457 2458
f 2437 2438 2455
f 2455 2438 2454
f 2454 2438 2439
f 2454 2439 2453
f 2453 2439 2450
f 2453 2450 2452
f 2452 2450 2451
f 2450 2439 2449
f 2449 2439 2440
f 2449 2440 2441
f 2441 2442 2449
f 2449 2442 2448
f 2448 2442 2443
f 2448 2443 2447
f 2447 2443 2444
f 2447 2444 2446
f 2446 2444 2445
f 2462 2458 2461
f 2461 2458 2459
f 2461 2459 2460
f 2470 2463 2469
f 2469 2463 2464
f 2469 2464 2468
f 2468 2464 2465
f 2468 2465 2467
f 2467 2465 2466
f 2472 2479 2471
f 2471 2479 2480
f 2471 2480 2481
f 2472 2473 2479
f 2479 2473 2478
f 2478 2473 2484
f 2484 2473 2474
f 2484 2474 2475
f 2476 2482 2475
f 2475 2482 2483
f 2475 2483 2484
f 2476 2477 2482
f 2482 2477 2481
f 2481 2477 2471
f 2485 2486 2488
f 2488 2486 2487
f 2490 2497 2489
f 2489 2497 2498
f 2489 2498 2505
f 2505 2498 2499
f 2505 2499 2504
f 2504 2499 2500
f 2504 2500 2503
f 2503 2500 2501
f 2503 2501 2502
f 2497 2490 2496
f 2496 2490 2491
f 2496 2491 2492
f 2492 2493 2496
f 2496 2493 2495
f 2495 2493 2494
f 2507 2508 2506
f 2506 2508 2509
f 2517 2510 2516
f 2516 2510 2511
f 2516 2511 2512
f 2513 2514 2512
f 2512 2514 2515
f 2512 2515 2516
f 2525 2518 2524
f 2524 2518 2519
f 2524 2519 2523
f 2523 2519 2520
f 2523 2520 2522
f 2522 2520 2521
f 2533 2526 2532
f 2532 2526 2527
f 2532 2527 2531
f 2531 2527 2528
f 2531 2528 2530
f 2530 2528 2529
f 2534 2535 2545
f 2545 2535 2538
f 2545 2538 2539
f 2535 2536 2538
f 2538 2536 2537
f 2540 2541 2539
f 2539 2541 2542
f 2539 2542 2544
f 2544 2542 2543
f 2544 2545 2539
f 2546 2547 2554
f 2554 2547 2548
f 2554 2548 2551
f 2551 2548 2550
f 2550 2548 2549
f 2554 2551 2553
f 2553 2551 2555
f 2563 2556 2562
f 2562 2556 2557
f 2562 2557 2561
f 2561 2557 2558
f 2561 2558 2560
f 2560 2558 2559
f 2571 2564 2570
f 2570 2564 2565
f 2570 2565 2569
f 2569 2565 2566
f 2569 2566 2568
f 2568 2566 2567
f 2579 2572 2578
f 2578 2572 2573
f 2578 2573 2574
f 2575 2576 2574
f 2574 2576 2577
f 2574 2577 2578
f 2581 2583 2580
f 2580 2583 2584
f 2580 2584 2587
f 2587 2584 2586
f 2586 2584 2585
f 2581 2582 2583
f 2589 2591 2588
f 2588 2591 2592
f 2588 2592 2593
f 2589 2590 2591
f 2593 2594 2588
f 2588 2594 2604
f 2604 2594 2595
f 2604 2595 2603
f 2603 2595 2596
f 2603 2596 2602
f 2602 2596 2597
f 2602 2597 2601
f 2601 2597 2598
f 2601 2598 2600
f 2600 2598 2599
f 2605 2606 2613
f 2613 2606 2607
f 2613 2607 2610
f 2610 2607 2609
f 2609 2607 2608
f 2613 2610 2612
f 2612 2610 2614
f 2616 2617 2615
f 2615 2617 2618
f 2626 2619 2625
f 2625 2619 2620
f 2625 2620 2624
f 2624 2620 2621
f 2624 2621 2623
f 2623 2621 2622
f 2627 2628 2630
f 2630 2628 2629
f 2631 2632 2639
f 2639 2632 2633
f 2639 2633 2636
f 2636 2633 2635
f 2635 2633 2634
f 2639 2636 2638
f 2638 2636 2640
f 2648 2641 2647
f 2647 2641 2642
f 2647 2642 2646
f 2646 2642 2643
f 2646 2643 2645
f 2645 2643 2644
f 2656 2649 2655
f 2655 2649 2650
f 2655 2650 2654
f 2654 2650 2651
f 2654 2651 2653
f 2653 2651 2652
f 2658 2660 2657
f 2657 2660 2661
f 2657 2661 2662
f 2658 2659 2660
f 2662 2663 2657
f 2657 2663 2673
f 2673 2663 2664
f 2673 2664 2672
f 2672 2664 2665
f 2672 2665 2671
f 2671 2665 2666
f 2671 2666 2670
f 2670 2666 2667
f 2670 2667 2669
f 2669 2667 2668
f 2674 2675 2680
f 2680 2675 2679
f 2679 2675 2676
f 2679 2676 2678
f 2678 2676 2677
f 2688 2681 2687
f 2687 2681 2682
f 2687 2682 2686
f 2686 2682 2683
f 2686 2683 2685
f 2685 2683 2684
f 2689 2690 2700
f 2700 2690 2691
f 2700 2691 2692
f 2692 2693 2700
f 2700 2693 2694
f 2700 2694 2699
f 2699 2694 2696
f 2699 2696 2697
f 2694 2695 2696
f 2697 2698 2699
f 2701 2702 2712
f 2712 2702 2705
f 2712 2705 2706
f 2702 2703 2705
f 2705 2703 2704
f 2707 2708 2706
f 2706 2708 2709
f 2706 2709 2710
f 2710 2711 2706
f 2706 2711 2712
f 2714 2715 2713
f 2713 2715 2716
f 2717 2718 2725
f 2725 2718 2719
f 2725 2719 2722
f 2722 2719 2721
f 2721 2719 2720
f 2725 2722 2724
f 2724 2722 2726
f 2728 2732 2727
f 2727 2732 2733
f 2727 2733 2745
f 2745 2733 2734
f 2745 2734 2744
f 2744 2734 2735
f 2744 2735 2736
f 2728 2729 2732
f 2732 2729 2730
f 2732 2730 2731
f 2744 2736 2743
f 2743 2736 2737
f 2743 2737 2742
f 2742 2737 2741
f 2741 2737 2738
f 2741 2738 2740
f 2740 2738 2739
f 2746 2747 2754
f 2754 2747 2748
f 2754 2748 2751
f 2751 2748 2750
f 2750 2748 2749
f 2754 2751 2753
f 2753 2751 2755
f 2763 2756 2762
f 2762 2756 2757
f 2762 2757 2761
f 2761 2757 2758
f 2761 2758 2760
f 2760 2758 2759
f 2771 2764 2770
f 2770 2764 2765
f 2770 2765 2766
f 2767 2768 2766
f 2766 2768 2769
f 2766 2769 2770
f 2772 2773 2783
f 2783 2773 2774
f 2783 2774 2776
f 2776 2774 2775
f 2783 2776 2782
f 2782 2776 2777
f 2782 2777 2780
f 2780 2777 2779
f 2779 2777 2778
f 2780 2781 2782
f 2791 2784 2789
f 2789 2784 2785
f 2789 2785 2786
f 2786 2787 2789
f 2789 2787 2788
f 2789 2790 2791
f 2792 2793 2803
f 2803 2793 2794
f 2803 2794 2796
f 2796 2794 2795
f 2796 2797 2803
f 2803 2797 2802
f 2802 2797 2800
f 2802 2800 2801
f 2798 2799 2797
f 2797 2799 2800
f 2804 2805 2809
f 2809 2805 2808
f 2808 2805 2806
f 2808 2806 2807
f 2817 2810 2816
f 2816 2810 2811
f 2816 2811 2815
f 2815 2811 2812
f 2815 2812 2814
f 2814 2812 2813
f 2818 2819 2829
f 2829 2819 2820
f 2829 2820 2822
f 2822 2820 2821
f 2822 2823 2829
f 2829 2823 2828
f 2828 2823 2826
f 2828 2826 2827
f 2824 2825 2823
f 2823 2825 2826
f 2830 2831 2835
f 2835 2831 2832
f 2835 2832 2834
f 2834 2832 2833
f 2836 2837 2839
f 2839 2837 2838
f 2840 2841 2843
f 2843 2841 2842
f 2844 2845 2855
f 2855 2845 2846
f 2855 2846 2848
f 2848 2846 2847
f 2855 2848 2854
f 2854 2848 2849
f 2854 2849 2852
f 2852 2849 2851
f 2851 2849 2850
f 2852 2853 2854
f 2856 2857 2859
f 2859 2857 2858
f 2867 2860 2866
f 2866 2860 2861
f 2866 2861 2865
f 2865 2861 2862
f 2865 2862 2864
f 2864 2862 2863
f 2869 2871 2868
f 2868 2871 2872
f 2868 2872 2873
f 2869 2870 2871
f 2874 2875 2885
f 2885 2875 2876
f 2885 2876 2878
f 2878 2876 2877
f 2885 2878 2884
f 2884 2878 2879
f 2884 2879 2882
f 2882 2879 2881
f 2881 2879 2880
f 2882 2883 2884
f 2893 2886 2892
f 2892 2886 2887
f 2892 2887 2891
f 2891 2887 2888
f 2891 2888 2890
f 2890 2888 2889
f 2895 2896 2894
f 2894 2896 2898
f 2898 2896 2897
f 2900 2901 2899
f 2899 2901 2902
f 2904 2906 2903
f 2903 2906 2907
f 2903 2907 2912
f 2912 2907 2908
f 2912 2908 2909
f 2904 2905 2906
f 2910 2911 2909
f 2909 2911 2912
f 2920 2913 2919
f 2919 2913 2914
f 2919 2914 2918
f 2918 2914 2915
f 2918 2915 2917
f 2917 2915 2916
f 2921 2922 2927
f 2927 2922 2926
f 2926 2922 2923
f 2926 2923 2925
f 2925 2923 2924
f 2929 2930 2928
f 2928 2930 2931
f 2932 2933 2935
f 2935 2933 2934
f 2936 2937 2947
f 2947 2937 2938
f 2947 2938 2940
f 2940 2938 2939
f 2940 2941 2947
f 2947 2941 2946
f 2946 2941 2944
f 2946 2944 2945
f 2942 2943 2941
f 2941 2943 2944
f 2955 2948 2954
f 2954 2948 2949
f 2954 2949 2953
f 2953 2949 2950
f 2953 2950 2952
f 2952 2950 2951
f 2956 2957 2959
f 2959 2957 2958
f 2960 2961 2986
f 2986 2961 2985
f 2985 2961 2962
f 2985 2962 2984
f 2984 2962 2983
f 2983 2962 2963
f 2983 2963 2982
f 2982 2963 2964
f 2982 2964 2965
f 2982 2965 2981
f 2981 2965 2966
f 2981 2966 2967
f 2981 2967 2980
f 2980 2967 2968
f 2980 2968 2979
f 2979 2968 2969
f 2979 2969 2978
f 2978 2969 2977
f 2977 2969 2970
f 2977 2970 2976
f 2976 2970 2971
f 2976 2971 2972
f 2976 2972 2975
f 2975 2972 2973
f 2975 2973 2974
f 2987 2988 2992
f 2992 2988 2991
f 2991 2988 2989
f 2991 2989 2990
f 3000 2993 2999
f 2999 2993 2994
f 2999 2994 2995
f 2996 2997 2995
f 2995 2997 2998
f 2995 2998 2999
f 3006 3001 3005
f 3005 3001 3002
f 3005 3002 3004
f 3004 3002 3003
f 3008 3015 3007
f 3007 3015 3016
f 3007 3016 3023
f 3023 3016 3017
f 3023 3017 3022
f 3022 3017 3018
f 3022 3018 3021
f 3021 3018 3019
f 3021 3019 3020
f 3015 3008 3014
f 3014 3008 3009
f 3014 3009 3010
f 3010 3011 3014
f 3014 3011 3013
f 3013 3011 3012
f 3028 3024 3027
f 3027 3024 3025
f 3027 3025 3026
f 3029 3030 3034
f 3034 3030 3031
f 3034 3031 3033
f 3033 3031 3032
f 3042 3035 3041
f 3041 3035 3036
f 3041 3036 3040
f 3040 3036 3037
f 3040 3037 3039
f 3039 3037 3038
f 3043 3044 3054
f 3054 3044 3045
f 3054 3045 3047
f 3047 3045 3046
f 3047 3048 3054
f 3054 3048 3053
f 3053 3048 3051
f 3053 3051 3052
f 3049 3050 3048
f 3048 3050 3051
f 3062 3055 3058
f 3058 3055 3056
f 3058 3056 3057
f 3058 3059 3062
f 3062 3059 3061
f 3061 3059 3060
f 3063 3064 3069
f 3069 3064 3068
f 3068 3064 3065
f 3068 3065 3067
f 3067 3065 3066
f 3077 3070 3076
f 3076 3070 3071
f 3076 3071 3075
f 3075 3071 3072
f 3075 3072 3074
f 3074 3072 3073
f 3078 3079 3081
f 3081 3079 3080
f 3082 3083 3093
f 3093 3083 3084
f 3093 3084 3086
f 3086 3084 3085
f 3086 3087 3093
f 3093 3087 3092
f 3092 3087 3089
f 3092 3089 3090
f 3087 3088 3089
f 3090 3091 3092
f 3094 3095 3102
f 3102 3095 3096
f 3102 3096 3099
f 3099 3096 3098
f 3098 3096 3097
f 3102 3099 3101
f 3101 3099 3103
f 3105 3200 3104
f 3104 3200 3201
f 3104 3201 3202
f 3106 3146 3105
f 3105 3146 3175
f 3105 3175 3191
f 3191 3175 3176
f 3191 3176 3190
f 3190 3176 3150
f 3190 3150 3189
f 3189 3150 3151
f 3189 3151 3153
f 3153 3151 3152
f 3107 3113 3106
f 3106 3113 3122
f 3106 3122 3123
f 3104 3143 3107
f 3107 3143 3144
f 3107 3144 3142
f 3142 3144 3141
f 3141 3144 3140
f 3140 3144 3145
f 3140 3145 3139
f 3139 3145 3138
f 3138 3145 3106
f 3138 3106 3124
f 3124 3106 3123
f 3109 3136 3108
f 3108 3136 3126
f 3108 3126 3134
f 3134 3126 3127
f 3134 3127 3133
f 3133 3127 3128
f 3133 3128 3129
f 3136 3109 3135
f 3135 3109 3110
f 3135 3110 3142
f 3142 3110 3111
f 3142 3111 3107
f 3107 3111 3112
f 3107 3112 3113
f 3122 3113 3121
f 3121 3113 3114
f 3121 3114 3120
f 3120 3114 3115
f 3120 3115 3116
f 3120 3116 3119
f 3119 3116 3117
f 3119 3117 3118
f 3124 3125 3138
f 3138 3125 3137
f 3137 3125 3126
f 3137 3126 3136
f 3129 3130 3133
f 3133 3130 3132
f 3132 3130 3131
f 3145 3146 3106
f 3175 3146 3174
f 3174 3146 3147
f 3174 3147 3173
f 3173 3147 3148
f 3173 3148 3167
f 3167 3148 3166
f 3166 3148 3158
f 3166 3158 3159
f 3148 3149 3158
f 3158 3149 3157
f 3157 3149 3143
f 3157 3143 3156
f 3156 3143 3104
f 3156 3104 3180
f 3180 3104 3179
f 3179 3104 3202
f 3179 3202 3203
f 3189 3153 3182
f 3182 3153 3154
f 3182 3154 3181
f 3181 3154 3155
f 3181 3155 3180
f 3180 3155 3156
f 3160 3163 3159
f 3159 3163 3164
f 3159 3164 3165
f 3160 3161 3163
f 3163 3161 3162
f 3165 3166 3159
f 3173 3167 3172
f 3172 3167 3168
f 3172 3168 3169
f 3169 3170 3172
f 3172 3170 3171
f 3177 3178 3195
f 3195 3178 3204
f 3195 3204 3194
f 3194 3204 3212
f 3194 3212 3213
f 3204 3178 3203
f 3203 3178 3179
f 3189 3182 3188
f 3188 3182 3183
f 3188 3183 3184
f 3185 3186 3184
f 3184 3186 3187
f 3184 3187 3188
f 3192 3220 3191
f 3191 3220 3221
f 3191 3221 3105
f 3105 3221 3222
f 3105 3222 3196
f 3220 3192 3219
f 3219 3192 3193
f 3219 3193 3194
f 3197 3199 3196
f 3196 3199 3200
f 3196 3200 3105
f 3197 3198 3199
f 3204 3205 3212
f 3212 3205 3211
f 3211 3205 3210
f 3210 3205 3209
f 3209 3205 3206
f 3209 3206 3207
f 3207 3208 3209
f 3214 3218 3213
f 3213 3218 3219
f 3213 3219 3194
f 3214 3215 3218
f 3218 3215 3216
f 3218 3216 3217
f 3230 3223 3229
f 3229 3223 3224
f 3229 3224 3228
f 3228 3224 3225
f 3228 3225 3227
f 3227 3225 3226
v 0.067240103 0.0018100209 0.079674117
v 0.067240103 0.0018281361 0.079717086
v 0.067240103 0.0018186634 0.079747945
v 0.067240103 0.0017917103 0.079765621
v 0.067240103 0.0018118763 0.079782271
v 0.067240103 0.0018184681 0.079805367
v 0.067240103 0.0018033314 0.079841109
v 0.067240103 0.0017627064 0.079854976
v 0.067240103 0.001723888 0.079842281
v 0.067240103 0.0017053822 0.079805367
v 0.067240103 0.0017306751 0.079805367
v 0.067240103 0.0017631947 0.079835738
v 0.067240103 0.001785265 0.079828072
v 0.067240103 0.0017930775 0.079805953
v 0.067240103 0.0017573353 0.079773043
v 0.067240103 0.0017517689 0.079773043
v 0.067240103 0.0017517689 0.079753902
v 0.067240103 0.0017611439 0.079753902
v 0.067240103 0.0017920521 0.079744234
v 0.067240103 0.0018026478 0.079716597
v 0.067240103 0.0017924428 0.079687935
v 0.067240103 0.0017650502 0.079676851
v 0.067240103 0.0017378529 0.079687007
v 0.067240103 0.0017283314 0.079711226
v 0.067240103 0.0017029408 0.079711226
v 0.067240103 0.0017211537 0.07967231
v 0.067240103 0.0017650502 0.079657613
v 0.066315153 0.0024733802 0.079951295
v 0.066315153 0.002250389 0.079951295
v 0.066315153 0.0022503891 0.079561295
v 0.066315153 0.0024733802 0.079561295
v 0.067240103 0.0012833119 0.079829097
v 0.067240103 0.0012485462 0.079829097
v 0.067240103 0.0012485463 0.079683492
v 0.067240103 0.0012833119 0.079683492
v 0.067240103 0.0013400013 0.079702828
v 0.067240103 0.0013550892 0.07975732
v 0.067240103 0.0013400501 0.079810347
v 0.066140153 0.0024733802 0.079951295
v 0.066140823 0.0024758801 0.079951295
v 0.066142653 0.0024777103 0.079951295
v 0.066145153 0.0024783803 0.079951295
v 0.066145153 0.0024783803 0.079561295
v 0.066142653 0.0024777104 0.079561295
v 0.066140823 0.0024758802 0.079561295
v 0.066140153 0.0024733802 0.079561295
v 0.066315153 -0.00021661976 0.079951294
v 0.066314483 -0.00021911973 0.079951294
v 0.066312653 -0.00022094989 0.079951294
v 0.066310153 -0.00022161985 0.079951294
v 0.066310153 -0.00022161978 0.079561294
v 0.066312653 -0.00022094982 0.079561294
v 0.066314483 -0.00021911966 0.079561294
v 0.066315153 -0.0002166197 0.079561294
v 0.066315153 0.0024733802 0.079561295
v 0.066314483 0.0024758802 0.079561295
v 0.066312653 0.0024777104 0.079561295
v 0.066310153 0.0024783803 0.079561295
v 0.066310153 0.0024783803 0.079951295
v 0.066312653 0.0024777103 0.079951295
v 0.066314483 0.0024758801 0.079951295
v 0.066315153 0.0024733802 0.079951295
v 0.066145153 0.0024783803 0.079561295
v 0.066145153 0.0024783803 0.079951295
v 0.066310153 0.0024783803 0.079951295
v 0.066310153 0.0024783803 0.079561295
v 0.067240103 0.0011897572 0.079756246
v 0.067240103 0.0011642201 0.079827925
v 0.067240103 0.0010985462 0.079854976
v 0.067240103 0.0010326771 0.079827925
v 0.067240103 0.0010070423 0.079756246
v 0.067240103 0.0010326771 0.079684761
v 0.067240103 0.0010985463 0.079657613
v 0.067240103 0.0011642201 0.079684664
v 0.067240103 0.0011635853 0.079756246
v 0.067240103 0.0011452748 0.079699507
v 0.067240103 0.001098351 0.079679195
v 0.067240103 0.0010515736 0.079699556
v 0.067240103 0.0010332142 0.079756246
v 0.067240103 0.0010516224 0.079813082
v 0.067240103 0.0010988392 0.079833394
v 0.067240103 0.0011453724 0.079813082
v 0.066140153 0.0024733802 0.079561295
v 0.066140823 0.0024733802 0.079558795
v 0.066142653 0.0024733802 0.079556965
v 0.066145153 0.0024733802 0.079556295
v 0.066145153 0.0022503891 0.079556295
v 0.066142653 0.0022503891 0.079556964
v 0.066140823 0.0022503891 0.079558795
v 0.066140153 0.0022503891 0.079561295
v 0.067240153 0.0019122577 0.079197417
v 0.066865153 0.0019783804 0.079131295
v 0.066865153 0.0019783803 0.079556295
v 0.067035153 0.0019484047 0.079556295
v 0.067040153 0.001947523 0.079561295
v 0.067040153 0.001947523 0.079951295
v 0.067035153 0.0019484046 0.079956295
v 0.066865153 0.0019783802 0.079956295
v 0.066865153 0.0019783801 0.080381295
v 0.067240153 0.0019122575 0.080315172
v 0.066140153 0.0024733802 0.079951295
v 0.066140823 0.0024733802 0.079953795
v 0.066142653 0.0024733802 0.079955625
v 0.066145153 0.0024733802 0.079956295
v 0.066145153 0.0024758801 0.079955625
v 0.066145153 0.0024777103 0.079953795
v 0.066145153 0.0024783803 0.079951295
v 0.066142653 0.0024777103 0.079951295
v 0.066140823 0.0024758801 0.079951295
v 0.066145153 0.0024783803 0.079951295
v 0.066140153 -0.0002166197 0.079561294
v 0.066140823 -0.0002166197 0.079558794
v 0.066142653 -0.00021661969 0.079556964
v 0.066145153 -0.00021661969 0.079556294
v 0.066145153 -0.00021911966 0.079556964
v 0.066145153 -0.00022094982 0.079558794
v 0.066145153 -0.00022161978 0.079561294
v 0.066142653 -0.00022094982 0.079561294
v 0.066140823 -0.00021911966 0.079561294
v 0.066145153 -0.00022161978 0.079561294
v 0.067240103 0.00077838014 0.080315181
v 0.067240053 0.00034448511 0.080315189
v 0.067240053 0.00034448531 0.079197399
v 0.067240103 0.00077838034 0.079197408
v 0.066398128 0.0019879281 0.079561295
v 0.066398139 0.0019885978 0.079558795
v 0.066398171 0.0019904276 0.079556964
v 0.066398214 0.0019929273 0.079556295
v 0.066865153 0.0019848767 0.079556295
v 0.066865153 0.0019813405 0.079557759
v 0.066865153 0.0019798759 0.079561295
v 0.066140153 0.0022503891 0.079561295
v 0.066140823 0.0022503891 0.079558795
v 0.066142653 0.0022503891 0.079556964
v 0.066145153 0.0022503891 0.079556295
v 0.066178915 0.0021229227 0.079556295
v 0.066271348 0.002028882 0.079556295
v 0.066398214 0.0019929273 0.079556295
v 0.066398171 0.0019904276 0.079556964
v 0.066398139 0.0019885978 0.079558795
v 0.066398128 0.0019879281 0.079561295
v 0.066268799 0.0020245808 0.079561295
v 0.066174571 0.0021204476 0.079561295
v 0.067240103 0.0015133412 0.079674117
v 0.067240103 0.0015314564 0.079717086
v 0.067240103 0.0015219838 0.079747945
v 0.067240103 0.0014950306 0.079765621
v 0.067240103 0.0015151966 0.079782271
v 0.067240103 0.0015217884 0.079805367
v 0.067240103 0.0015066517 0.079841109
v 0.067240103 0.0014660267 0.079854976
v 0.067240103 0.0014272084 0.079842281
v 0.067240103 0.0014087025 0.079805367
v 0.067240103 0.0014339955 0.079805367
v 0.067240103 0.001466515 0.079835738
v 0.067240103 0.0014885853 0.079828072
v 0.067240103 0.0014963978 0.079805953
v 0.067240103 0.0014606556 0.079773043
v 0.067240103 0.0014550892 0.079773043
v 0.067240103 0.0014550892 0.079753902
v 0.067240103 0.0014644642 0.079753902
v 0.067240103 0.0014953724 0.079744234
v 0.067240103 0.0015059681 0.079716597
v 0.067240103 0.0014957631 0.079687935
v 0.067240103 0.0014683705 0.079676851
v 0.067240103 0.0014411732 0.079687007
v 0.067240103 0.0014316517 0.079711226
v 0.067240103 0.0014062611 0.079711226
v 0.067240103 0.001424474 0.07967231
v 0.067240103 0.0014683705 0.079657613
v 0.066398128 0.001987928 0.079951295
v 0.066268799 0.0020245807 0.079951295
v 0.066174571 0.0021204475 0.079951295
v 0.066140153 0.002250389 0.079951295
v 0.066140153 0.0022503891 0.079561295
v 0.066174571 0.0021204476 0.079561295
v 0.066268799 0.0020245808 0.079561295
v 0.066398128 0.0019879281 0.079561295
v 0.067240103 0.0012838978 0.079660835
v 0.06724014 0.0013565698 0.079685232
v 0.067240103 0.0013811634 0.07975732
v 0.06724014 0.0013565698 0.079827876
v 0.067240103 0.0012838978 0.079851753
v 0.067240103 0.0012233509 0.079851753
v 0.067240103 0.001223351 0.079660835
v 0.067240103 0.0013550892 0.07975732
v 0.067240103 0.0013400013 0.079702828
v 0.067240103 0.0012833119 0.079683492
v 0.067240103 0.0012485463 0.079683492
v 0.067240103 0.0012485462 0.079829097
v 0.067240103 0.0012833119 0.079829097
v 0.067240103 0.0013400501 0.079810347
v 0.066190153 0.0003374352 0.079190349
v 0.066190153 0.0019193255 0.079190349
v 0.066865153 0.0019783804 0.079131295
v 0.066865153 0.00027838034 0.079131294
v 0.066401058 0.0021579028 0.079556295
v 0.066868083 0.0021498506 0.079556295
v 0.066951839 0.0021261136 0.079556295
v 0.067012863 0.0020640284 0.079556295
v 0.067035153 0.0019798759 0.079556295
v 0.067035153 0.0019484047 0.079556295
v 0.066865153 0.0019783803 0.079556295
v 0.066865153 0.0019848767 0.079556295
v 0.066398214 0.0019929273 0.079556295
v 0.066271348 0.002028882 0.079556295
v 0.066178915 0.0021229227 0.079556295
v 0.066145153 0.0022503891 0.079556295
v 0.066145153 0.0024733802 0.079556295
v 0.066310153 0.0024733802 0.079556295
v 0.066310153 0.0022503891 0.079556295
v 0.066322492 0.0022043649 0.079556295
v 0.066355332 0.0021709531 0.079556295
v 0.066140153 0.002250389 0.079951295
v 0.066140153 0.0024733802 0.079951295
v 0.066140153 0.0024733802 0.079561295
v 0.066140153 0.0022503891 0.079561295
v 0.066401144 0.002162902 0.079561295
v 0.066358035 0.0021751196 0.079561295
v 0.066326625 0.0022070752 0.079561295
v 0.066315153 0.0022503891 0.079561295
v 0.066315153 0.002250389 0.079951295
v 0.066326625 0.0022070751 0.079951295
v 0.066358035 0.0021751196 0.079951295
v 0.066401144 0.002162902 0.079951295
v 0.066310153 6.3714888e-06 0.079556294
v 0.066312653 6.3714887e-06 0.079556964
v 0.066314483 6.3714884e-06 0.079558794
v 0.066315153 6.3714879e-06 0.079561294
v 0.066315153 -0.0002166197 0.079561294
v 0.066314483 -0.0002166197 0.079558794
v 0.066312653 -0.00021661969 0.079556964
v 0.066310153 -0.00021661969 0.079556294
v 0.06686817 0.0021548499 0.079561295
v 0.066868158 0.0021541801 0.079558795
v 0.066868126 0.0021523502 0.079556964
v 0.066868083 0.0021498506 0.079556295
v 0.066401058 0.0021579028 0.079556295
v 0.066401101 0.0021604024 0.079556964
v 0.066401133 0.0021622323 0.079558795
v 0.066401144 0.002162902 0.079561295
v 0.066315153 0.002250389 0.079951295
v 0.066314483 0.002250389 0.079953795
v 0.066312653 0.002250389 0.079955625
v 0.066310153 0.002250389 0.079956295
v 0.066322413 0.0022044451 0.079956295
v 0.066355254 0.0021710333 0.079956295
v 0.066401058 0.0021579027 0.079956295
v 0.066401101 0.0021604024 0.079955625
v 0.066401133 0.0021622322 0.079953795
v 0.066401144 0.002162902 0.079951295
v 0.066358035 0.0021751196 0.079951295
v 0.066326625 0.0022070751 0.079951295
v 0.066145153 0.0024733802 0.079556295
v 0.066142653 0.0024733802 0.079556965
v 0.066140823 0.0024733802 0.079558795
v 0.066140153 0.0024733802 0.079561295
v 0.066140823 0.0024758802 0.079561295
v 0.066142653 0.0024777104 0.079561295
v 0.066145153 0.0024783803 0.079561295
v 0.066145153 0.0024777104 0.079558795
v 0.066145153 0.0024758802 0.079556965
v 0.066145153 0.0024783803 0.079561295
v 0.066310153 -0.00021661976 0.079956294
v 0.066312653 -0.00021661976 0.079955624
v 0.066314483 -0.00021661976 0.079953794
v 0.066315153 -0.00021661976 0.079951294
v 0.066315153 6.3714197e-06 0.079951294
v 0.066314483 6.3714193e-06 0.079953794
v 0.066312653 6.371419e-06 0.079955624
v 0.066310153 6.3714189e-06 0.079956294
v 0.066145153 -0.00021661976 0.079956294
v 0.066145153 -0.00021911973 0.079955624
v 0.066145153 -0.00022094989 0.079953794
v 0.066145153 -0.00022161985 0.079951294
v 0.066310153 -0.00022161985 0.079951294
v 0.066310153 -0.00022094989 0.079953794
v 0.066310153 -0.00021911973 0.079955624
v 0.066310153 -0.00021661976 0.079956294
v 0.06686817 0.0021548498 0.079951295
v 0.066954389 0.0021304146 0.079951295
v 0.067017208 0.0020665034 0.079951295
v 0.067040153 0.0019798758 0.079951295
v 0.067040153 0.0019798759 0.079561295
v 0.067017208 0.0020665035 0.079561295
v 0.066954389 0.0021304147 0.079561295
v 0.06686817 0.0021548499 0.079561295
v 0.066865153 0.00027688457 0.079951294
v 0.066865153 0.00027541993 0.07995483
v 0.066865153 0.00027188381 0.079956294
v 0.066865153 0.0002783802 0.079956294
v 0.066865153 0.00027838027 0.079556294
v 0.066865153 0.00027188388 0.079556294
v 0.066865153 0.00027542 0.079557759
v 0.066865153 0.00027688464 0.079561294
v 0.066865153 0.0019848766 0.079956295
v 0.066865153 0.0019783802 0.079956295
v 0.067035153 0.0019484046 0.079956295
v 0.067035153 0.0019798758 0.079956295
v 0.067012863 0.0020640284 0.079956295
v 0.066951839 0.0021261135 0.079956295
v 0.066868083 0.0021498506 0.079956295
v 0.066401058 0.0021579027 0.079956295
v 0.066355254 0.0021710333 0.079956295
v 0.066322413 0.0022044451 0.079956295
v 0.066310153 0.002250389 0.079956295
v 0.066310153 0.0024733802 0.079956295
v 0.066145153 0.0024733802 0.079956295
v 0.066145153 0.002250389 0.079956295
v 0.066178915 0.0021229226 0.079956295
v 0.066271348 0.0020288819 0.079956295
v 0.066398214 0.0019929272 0.079956295
v 0.066315153 0.0024733802 0.079561295
v 0.066314483 0.0024733802 0.079558795
v 0.066312653 0.0024733802 0.079556965
v 0.066310153 0.0024733802 0.079556295
v 0.066310153 0.0024758802 0.079556965
v 0.066310153 0.0024777104 0.079558795
v 0.066310153 0.0024783803 0.079561295
v 0.066312653 0.0024777104 0.079561295
v 0.066314483 0.0024758802 0.079561295
v 0.066310153 0.0024783803 0.079561295
v 0.066190153 0.0019193253 0.08032224
v 0.066190153 0.000337435 0.080322239
v 0.066865153 0.00027838012 0.080381294
v 0.066865153 0.0019783801 0.080381295
v 0.066310153 0.0024733802 0.079956295
v 0.066310153 0.0024758801 0.079955625
v 0.066310153 0.0024777103 0.079953795
v 0.066310153 0.0024783803 0.079951295
v 0.066145153 0.0024783803 0.079951295
v 0.066145153 0.0024777103 0.079953795
v 0.066145153 0.0024758801 0.079955625
v 0.066145153 0.0024733802 0.079956295
v 0.067040153 0.0019798758 0.079951295
v 0.067040153 0.001947523 0.079951295
v 0.067040153 0.001947523 0.079561295
v 0.067040153 0.0019798759 0.079561295
v 0.066310153 0.0024733802 0.079956295
v 0.066312653 0.0024733802 0.079955625
v 0.066314483 0.0024733802 0.079953795
v 0.066315153 0.0024733802 0.079951295
v 0.066314483 0.0024758801 0.079951295
v 0.066312653 0.0024777103 0.079951295
v 0.066310153 0.0024783803 0.079951295
v 0.066310153 0.0024777103 0.079953795
v 0.066310153 0.0024758801 0.079955625
v 0.066310153 0.0024783803 0.079951295
v 0.066401144 0.002162902 0.079951295
v 0.066401133 0.0021622322 0.079953795
v 0.066401101 0.0021604024 0.079955625
v 0.066401058 0.0021579027 0.079956295
v 0.066868083 0.0021498506 0.079956295
v 0.066868126 0.0021523502 0.079955625
v 0.066868158 0.00215418 0.079953795
v 0.06686817 0.0021548498 0.079951295
v 0.066145153 -0.00021661969 0.079556294
v 0.066142653 -0.00021661969 0.079556964
v 0.066140823 -0.0002166197 0.079558794
v 0.066140153 -0.0002166197 0.079561294
v 0.066140153 6.3714879e-06 0.079561294
v 0.066140823 6.3714884e-06 0.079558794
v 0.066142653 6.3714887e-06 0.079556964
v 0.066145153 6.3714888e-06 0.079556294
v 0.066865153 0.00027188388 0.079556294
v 0.066865153 0.00027838027 0.079556294
v 0.067035153 0.00030835589 0.079556294
v 0.067035153 0.00027688464 0.079556294
v 0.067012863 0.00019273212 0.079556294
v 0.066951839 0.00013064695 0.079556294
v 0.066868083 0.00010690992 0.079556294
v 0.066401058 9.8857781e-05 0.079556294
v 0.066355254 8.5727176e-05 0.079556294
v 0.066322413 5.231542e-05 0.079556294
v 0.066310153 6.3714888e-06 0.079556294
v 0.066310153 -0.00021661969 0.079556294
v 0.066145153 -0.00021661969 0.079556294
v 0.066145153 6.3714888e-06 0.079556294
v 0.066178915 0.00013383788 0.079556294
v 0.066271348 0.00022787859 0.079556294
v 0.066398214 0.00026383323 0.079556294
v 0.066398214 0.0019929272 0.079956295
v 0.066398171 0.0019904276 0.079955625
v 0.066398139 0.0019885977 0.079953795
v 0.066398128 0.001987928 0.079951295
v 0.066865153 0.0019798758 0.079951295
v 0.066865153 0.0019813405 0.07995483
v 0.066865153 0.0019848766 0.079956295
v 0.066145153 0.0024733802 0.079956295
v 0.066142653 0.0024733802 0.079955625
v 0.066140823 0.0024733802 0.079953795
v 0.066140153 0.0024733802 0.079951295
v 0.066140153 0.002250389 0.079951295
v 0.066140823 0.002250389 0.079953795
v 0.066142653 0.002250389 0.079955625
v 0.066145153 0.002250389 0.079956295
v 0.066310153 6.3714189e-06 0.079956294
v 0.066312653 6.371419e-06 0.079955624
v 0.066314483 6.3714193e-06 0.079953794
v 0.066315153 6.3714197e-06 0.079951294
v 0.066326625 4.9685296e-05 0.079951294
v 0.066358035 8.1640836e-05 0.079951294
v 0.066401144 9.3858447e-05 0.079951294
v 0.066401133 9.4528179e-05 0.079953794
v 0.066401101 9.6358041e-05 0.079955624
v 0.066401058 9.8857711e-05 0.079956294
v 0.066355332 8.5807349e-05 0.079956294
v 0.066322492 5.2395592e-05 0.079956294
v 0.066401144 0.002162902 0.079561295
v 0.066401133 0.0021622323 0.079558795
v 0.066401101 0.0021604024 0.079556964
v 0.066401058 0.0021579028 0.079556295
v 0.066355332 0.0021709531 0.079556295
v 0.066322492 0.0022043649 0.079556295
v 0.066310153 0.0022503891 0.079556295
v 0.066312653 0.0022503891 0.079556964
v 0.066314483 0.0022503891 0.079558795
v 0.066315153 0.0022503891 0.079561295
v 0.066326625 0.0022070752 0.079561295
v 0.066358035 0.0021751196 0.079561295
v 0.066310153 -0.00022161978 0.079561294
v 0.066310153 -0.00022161985 0.079951294
v 0.066145153 -0.00022161985 0.079951294
v 0.066145153 -0.00022161978 0.079561294
v 0.066310153 -0.00021661969 0.079556294
v 0.066312653 -0.00021661969 0.079556964
v 0.066314483 -0.0002166197 0.079558794
v 0.066315153 -0.0002166197 0.079561294
v 0.066314483 -0.00021911966 0.079561294
v 0.066312653 -0.00022094982 0.079561294
v 0.066310153 -0.00022161978 0.079561294
v 0.066310153 -0.00022094982 0.079558794
v 0.066310153 -0.00021911966 0.079556964
v 0.066310153 -0.00022161978 0.079561294
v 0.067240103 0.0016015248 0.079733296
v 0.067240103 0.0015618763 0.079694185
v 0.067240103 0.0015510853 0.079660836
v 0.067240103 0.0016775502 0.079660836
v 0.067240103 0.0016775502 0.079683492
v 0.067240103 0.0015853627 0.079683492
v 0.067240103 0.0016200306 0.079720211
v 0.067240103 0.0016655873 0.079764546
v 0.067240103 0.0016770619 0.079801363
v 0.067240103 0.0016615345 0.079839693
v 0.067240103 0.0016174915 0.079854976
v 0.067240103 0.001574181 0.079839937
v 0.067240103 0.0015556752 0.0797998
v 0.067240103 0.0015810658 0.0797998
v 0.067240103 0.0015924916 0.079826607
v 0.067240103 0.0016170033 0.079835738
v 0.067240103 0.001642638 0.079826705
v 0.067240103 0.0016517689 0.079801851
v 0.067240103 0.0016410755 0.079770406
v 0.066315153 -0.00021661976 0.079951294
v 0.066314483 -0.00021661976 0.079953794
v 0.066312653 -0.00021661976 0.079955624
v 0.066310153 -0.00021661976 0.079956294
v 0.066310153 -0.00021911973 0.079955624
v 0.066310153 -0.00022094989 0.079953794
v 0.066310153 -0.00022161985 0.079951294
v 0.066312653 -0.00022094989 0.079951294
v 0.066314483 -0.00021911973 0.079951294
v 0.066310153 -0.00022161985 0.079951294
v 0.066140153 -0.00021661976 0.079951294
v 0.066140823 -0.00021661976 0.079953794
v 0.066142653 -0.00021661976 0.079955624
v 0.066145153 -0.00021661976 0.079956294
v 0.066145153 6.3714189e-06 0.079956294
v 0.066142653 6.371419e-06 0.079955624
v 0.066140823 6.3714193e-06 0.079953794
v 0.066140153 6.3714197e-06 0.079951294
v 0.066315153 6.3714879e-06 0.079561294
v 0.066326625 4.9685364e-05 0.079561294
v 0.066358035 8.1640904e-05 0.079561294
v 0.066401144 9.3858515e-05 0.079561294
v 0.066401144 9.3858447e-05 0.079951294
v 0.066358035 8.1640836e-05 0.079951294
v 0.066326625 4.9685296e-05 0.079951294
v 0.066315153 6.3714197e-06 0.079951294
v 0.066145153 0.002250389 0.079956295
v 0.066142653 0.002250389 0.079955625
v 0.066140823 0.002250389 0.079953795
v 0.066140153 0.002250389 0.079951295
v 0.066174571 0.0021204475 0.079951295
v 0.066268799 0.0020245807 0.079951295
v 0.066398128 0.001987928 0.079951295
v 0.066398139 0.0019885977 0.079953795
v 0.066398171 0.0019904276 0.079955625
v 0.066398214 0.0019929272 0.079956295
v 0.066271348 0.0020288819 0.079956295
v 0.066178915 0.0021229226 0.079956295
v 0.067240103 0.0010516224 0.079813082
v 0.067240103 0.0010332142 0.079756246
v 0.067240103 0.0010515736 0.079699556
v 0.067240103 0.001098351 0.079679195
v 0.067240103 0.0011452748 0.079699507
v 0.067240103 0.0011635853 0.079756246
v 0.067240103 0.0011453724 0.079813082
v 0.067240103 0.0010988392 0.079833394
v 0.06686817 0.0021548498 0.079951295
v 0.066868158 0.00215418 0.079953795
v 0.066868126 0.0021523502 0.079955625
v 0.066868083 0.0021498506 0.079956295
v 0.066951839 0.0021261135 0.079956295
v 0.067012863 0.0020640284 0.079956295
v 0.067035153 0.0019798758 0.079956295
v 0.067037653 0.0019798758 0.079955625
v 0.067039483 0.0019798758 0.079953795
v 0.067040153 0.0019798758 0.079951295
v 0.067017208 0.0020665034 0.079951295
v 0.066954389 0.0021304146 0.079951295
v 0.067040153 0.0019798758 0.079951295
v 0.067039483 0.0019798758 0.079953795
v 0.067037653 0.0019798758 0.079955625
v 0.067035153 0.0019798758 0.079956295
v 0.067035153 0.0019484046 0.079956295
v 0.067040153 0.001947523 0.079951295
v 0.066140153 -0.0002166197 0.079561294
v 0.066140823 -0.00021911966 0.079561294
v 0.066142653 -0.00022094982 0.079561294
v 0.066145153 -0.00022161978 0.079561294
v 0.066145153 -0.00022161985 0.079951294
v 0.066142653 -0.00022094989 0.079951294
v 0.066140823 -0.00021911973 0.079951294
v 0.066140153 -0.00021661976 0.079951294
v 0.067035153 0.00027688464 0.079556294
v 0.067037653 0.00027688464 0.079556964
v 0.067039483 0.00027688464 0.079558794
v 0.067040153 0.00027688464 0.079561294
v 0.067017208 0.00019025703 0.079561294
v 0.066954389 0.00012634588 0.079561294
v 0.06686817 0.00010191066 0.079561294
v 0.066868158 0.00010258046 0.079558794
v 0.066868126 0.00010441033 0.079556964
v 0.066868083 0.00010690992 0.079556294
v 0.066951839 0.00013064695 0.079556294
v 0.067012863 0.00019273212 0.079556294
v 0.066865153 0.00027838034 0.079131294
v 0.066865153 0.00027838027 0.079556294
v 0.066865153 0.0002783802 0.079956294
v 0.066865153 0.00027838012 0.080381294
v 0.066190153 0.000337435 0.080322239
v 0.066190153 0.0003374352 0.079190349
v 0.067040153 0.00030923745 0.079951294
v 0.067040153 0.00027688457 0.079951294
v 0.067040153 0.00027688464 0.079561294
v 0.067040153 0.00030923751 0.079561294
v 0.066865153 0.0019798758 0.079951295
v 0.066398128 0.001987928 0.079951295
v 0.066398128 0.0019879281 0.079561295
v 0.066865153 0.0019798759 0.079561295
v 0.066145153 6.3714888e-06 0.079556294
v 0.066142653 6.3714887e-06 0.079556964
v 0.066140823 6.3714884e-06 0.079558794
v 0.066140153 6.3714879e-06 0.079561294
v 0.066174571 0.00013631297 0.079561294
v 0.066268799 0.00023217974 0.079561294
v 0.066398128 0.00026883249 0.079561294
v 0.066398139 0.00026816276 0.079558794
v 0.066398171 0.0002663329 0.079556964
v 0.066398214 0.00026383323 0.079556294
v 0.066271348 0.00022787859 0.079556294
v 0.066178915 0.00013383788 0.079556294
v 0.06686817 0.00010191059 0.079951294
v 0.066401144 9.3858447e-05 0.079951294
v 0.066401144 9.3858515e-05 0.079561294
v 0.06686817 0.00010191066 0.079561294
v 0.066145153 0.0024733802 0.079556295
v 0.066145153 0.0024758802 0.079556965
v 0.066145153 0.0024777104 0.079558795
v 0.066145153 0.0024783803 0.079561295
v 0.066310153 0.0024783803 0.079561295
v 0.066310153 0.0024777104 0.079558795
v 0.066310153 0.0024758802 0.079556965
v 0.066310153 0.0024733802 0.079556295
v 0.067035153 0.00030835589 0.079556294
v 0.067040153 0.00030923751 0.079561294
v 0.067040153 0.00027688464 0.079561294
v 0.067039483 0.00027688464 0.079558794
v 0.067037653 0.00027688464 0.079556964
v 0.067035153 0.00027688464 0.079556294
v 0.066140153 6.3714197e-06 0.079951294
v 0.066140823 6.3714193e-06 0.079953794
v 0.066142653 6.371419e-06 0.079955624
v 0.066145153 6.3714189e-06 0.079956294
v 0.066178915 0.00013383781 0.079956294
v 0.066271348 0.00022787852 0.079956294
v 0.066398214 0.00026383316 0.079956294
v 0.066398171 0.00026633283 0.079955624
v 0.066398139 0.00026816269 0.079953794
v 0.066398128 0.00026883243 0.079951294
v 0.066268799 0.00023217967 0.079951294
v 0.066174571 0.0001363129 0.079951294
v 0.066140153 6.3714197e-06 0.079951294
v 0.066174571 0.0001363129 0.079951294
v 0.066268799 0.00023217967 0.079951294
v 0.066398128 0.00026883243 0.079951294
v 0.066398128 0.00026883249 0.079561294
v 0.066268799 0.00023217974 0.079561294
v 0.066174571 0.00013631297 0.079561294
v 0.066140153 6.3714879e-06 0.079561294
v 0.066865153 0.0019783804 0.079131295
v 0.067240153 0.0019122577 0.079197417
v 0.067240103 0.00077838034 0.079197408
v 0.067240053 0.00034448531 0.079197399
v 0.066865153 0.00027838034 0.079131294
v 0.066315153 6.3714197e-06 0.079951294
v 0.066315153 -0.00021661976 0.079951294
v 0.066315153 -0.0002166197 0.079561294
v 0.066315153 6.3714879e-06 0.079561294
v 0.067240053 0.00034448511 0.080315189
v 0.066865153 0.00027838012 0.080381294
v 0.066865153 0.0002783802 0.079956294
v 0.067035153 0.00030835582 0.079956294
v 0.067040153 0.00030923745 0.079951294
v 0.067040153 0.00030923751 0.079561294
v 0.067035153 0.00030835589 0.079556294
v 0.066865153 0.00027838027 0.079556294
v 0.066865153 0.00027838034 0.079131294
v 0.067240053 0.00034448531 0.079197399
v 0.066315153 0.0022503891 0.079561295
v 0.066314483 0.0022503891 0.079558795
v 0.066312653 0.0022503891 0.079556964
v 0.066310153 0.0022503891 0.079556295
v 0.066310153 0.0024733802 0.079556295
v 0.066312653 0.0024733802 0.079556965
v 0.066314483 0.0024733802 0.079558795
v 0.066315153 0.0024733802 0.079561295
v 0.066398128 0.00026883243 0.079951294
v 0.066398139 0.00026816269 0.079953794
v 0.066398171 0.00026633283 0.079955624
v 0.066398214 0.00026383316 0.079956294
v 0.066865153 0.00027188381 0.079956294
v 0.066865153 0.00027541993 0.07995483
v 0.066865153 0.00027688457 0.079951294
v 0.066140153 -0.00021661976 0.079951294
v 0.066140153 6.3714197e-06 0.079951294
v 0.066140153 6.3714879e-06 0.079561294
v 0.066140153 -0.0002166197 0.079561294
v 0.066401144 0.002162902 0.079951295
v 0.06686817 0.0021548498 0.079951295
v 0.06686817 0.0021548499 0.079561295
v 0.066401144 0.002162902 0.079561295
v 0.066868083 0.00010690985 0.079956294
v 0.066868126 0.00010441026 0.079955624
v 0.066868158 0.00010258039 0.079953794
v 0.06686817 0.00010191059 0.079951294
v 0.066954389 0.00012634581 0.079951294
v 0.067017208 0.00019025696 0.079951294
v 0.067040153 0.00027688457 0.079951294
v 0.067039483 0.00027688457 0.079953794
v 0.067037653 0.00027688457 0.079955624
v 0.067035153 0.00027688457 0.079956294
v 0.067012863 0.00019273205 0.079956294
v 0.066951839 0.00013064688 0.079956294
v 0.066310153 -0.00021661969 0.079556294
v 0.066310153 -0.00021911966 0.079556964
v 0.066310153 -0.00022094982 0.079558794
v 0.066310153 -0.00022161978 0.079561294
v 0.066145153 -0.00022161978 0.079561294
v 0.066145153 -0.00022094982 0.079558794
v 0.066145153 -0.00021911966 0.079556964
v 0.066145153 -0.00021661969 0.079556294
v 0.066190153 0.000337435 0.080322239
v 0.066190153 0.0019193253 0.08032224
v 0.066190153 0.0019193255 0.079190349
v 0.066190153 0.0003374352 0.079190349
v 0.067240103 0.00082862439 0.079722164
v 0.067240103 0.00084962049 0.079675679
v 0.067240103 0.00090997206 0.079657613
v 0.067240103 0.00096109511 0.079673873
v 0.067240103 0.00098067517 0.079714742
v 0.067240103 0.00097003063 0.079745699
v 0.067240103 0.00094439586 0.079762691
v 0.067240103 0.00090391734 0.079773726
v 0.067240103 0.00086915172 0.079785298
v 0.067240103 0.00085987436 0.079803316
v 0.067240103 0.00087144664 0.07982441
v 0.067240103 0.00090411265 0.07983232
v 0.06724014 0.00093749129 0.079823406
v 0.067240103 0.0009515736 0.079797749
v 0.067240103 0.00097618297 0.079797749
v 0.067240103 0.00095518686 0.079840035
v 0.067240103 0.00090303842 0.079854976
v 0.067240103 0.00085381968 0.079840132
v 0.067240103 0.000835265 0.079802144
v 0.067240103 0.00084952281 0.079769185
v 0.067240103 0.00089649547 0.079749849
v 0.067240103 0.00094263805 0.079735689
v 0.067240103 0.00095606579 0.079712789
v 0.067240103 0.00094312635 0.079689107
v 0.067240103 0.00090889783 0.079680367
v 0.067240103 0.00087071423 0.079690572
v 0.067240103 0.00085294079 0.079722164
v 0.066865153 0.0019783801 0.080381295
v 0.066865153 0.0019783802 0.079956295
v 0.066865153 0.0019783803 0.079556295
v 0.066865153 0.0019783804 0.079131295
v 0.066190153 0.0019193255 0.079190349
v 0.066190153 0.0019193253 0.08032224
v 0.067040153 0.00027688457 0.079951294
v 0.067017208 0.00019025696 0.079951294
v 0.066954389 0.00012634581 0.079951294
v 0.06686817 0.00010191059 0.079951294
v 0.06686817 0.00010191066 0.079561294
v 0.066954389 0.00012634588 0.079561294
v 0.067017208 0.00019025703 0.079561294
v 0.067040153 0.00027688464 0.079561294
v 0.067040153 0.001947523 0.079561295
v 0.067035153 0.0019484047 0.079556295
v 0.067035153 0.0019798759 0.079556295
v 0.067037653 0.0019798759 0.079556964
v 0.067039483 0.0019798759 0.079558795
v 0.067040153 0.0019798759 0.079561295
v 0.066401058 9.8857711e-05 0.079956294
v 0.066868083 0.00010690985 0.079956294
v 0.066951839 0.00013064688 0.079956294
v 0.067012863 0.00019273205 0.079956294
v 0.067035153 0.00027688457 0.079956294
v 0.067035153 0.00030835582 0.079956294
v 0.066865153 0.0002783802 0.079956294
v 0.066865153 0.00027188381 0.079956294
v 0.066398214 0.00026383316 0.079956294
v 0.066271348 0.00022787852 0.079956294
v 0.066178915 0.00013383781 0.079956294
v 0.066145153 6.3714189e-06 0.079956294
v 0.066145153 -0.00021661976 0.079956294
v 0.066310153 -0.00021661976 0.079956294
v 0.066310153 6.3714189e-06 0.079956294
v 0.066322492 5.2395592e-05 0.079956294
v 0.066355332 8.5807349e-05 0.079956294
v 0.066865153 0.0019783801 0.080381295
v 0.066865153 0.00027838012 0.080381294
v 0.067240053 0.00034448511 0.080315189
v 0.067240103 0.00077838014 0.080315181
v 0.067240153 0.0019122575 0.080315172
v 0.067035153 0.00027688457 0.079956294
v 0.067037653 0.00027688457 0.079955624
v 0.067039483 0.00027688457 0.079953794
v 0.067040153 0.00027688457 0.079951294
v 0.067040153 0.00030923745 0.079951294
v 0.067035153 0.00030835582 0.079956294
v 0.066315153 0.0024733802 0.079951295
v 0.066314483 0.0024733802 0.079953795
v 0.066312653 0.0024733802 0.079955625
v 0.066310153 0.0024733802 0.079956295
v 0.066310153 0.002250389 0.079956295
v 0.066312653 0.002250389 0.079955625
v 0.066314483 0.002250389 0.079953795
v 0.066315153 0.002250389 0.079951295
v 0.067040153 0.0019798759 0.079561295
v 0.067039483 0.0019798759 0.079558795
v 0.067037653 0.0019798759 0.079556964
v 0.067035153 0.0019798759 0.079556295
v 0.067012863 0.0020640284 0.079556295
v 0.066951839 0.0021261136 0.079556295
v 0.066868083 0.0021498506 0.079556295
v 0.066868126 0.0021523502 0.079556964
v 0.066868158 0.0021541801 0.079558795
v 0.06686817 0.0021548499 0.079561295
v 0.066954389 0.0021304147 0.079561295
v 0.067017208 0.0020665035 0.079561295
v 0.066865153 0.0019798759 0.079561295
v 0.066865153 0.0019813405 0.079557759
v 0.066865153 0.0019848767 0.079556295
v 0.066865153 0.0019783803 0.079556295
v 0.066865153 0.0019783802 0.079956295
v 0.066865153 0.0019848766 0.079956295
v 0.066865153 0.0019813405 0.07995483
v 0.066865153 0.0019798758 0.079951295
v 0.066398214 0.00026383323 0.079556294
v 0.066398171 0.0002663329 0.079556964
v 0.066398139 0.00026816276 0.079558794
v 0.066398128 0.00026883249 0.079561294
v 0.066865153 0.00027688464 0.079561294
v 0.066865153 0.00027542 0.079557759
v 0.066865153 0.00027188388 0.079556294
v 0.066868083 0.00010690992 0.079556294
v 0.066868126 0.00010441033 0.079556964
v 0.066868158 0.00010258046 0.079558794
v 0.06686817 0.00010191066 0.079561294
v 0.066401144 9.3858515e-05 0.079561294
v 0.066401133 9.4528248e-05 0.079558794
v 0.066401101 9.6358111e-05 0.079556964
v 0.066401058 9.8857781e-05 0.079556294
v 0.066398128 0.00026883243 0.079951294
v 0.066865153 0.00027688457 0.079951294
v 0.066865153 0.00027688464 0.079561294
v 0.066398128 0.00026883249 0.079561294
v 0.066401058 9.8857781e-05 0.079556294
v 0.066401101 9.6358111e-05 0.079556964
v 0.066401133 9.4528248e-05 0.079558794
v 0.066401144 9.3858515e-05 0.079561294
v 0.066358035 8.1640904e-05 0.079561294
v 0.066326625 4.9685364e-05 0.079561294
v 0.066315153 6.3714879e-06 0.079561294
v 0.066314483 6.3714884e-06 0.079558794
v 0.066312653 6.3714887e-06 0.079556964
v 0.066310153 6.3714888e-06 0.079556294
v 0.066322413 5.231542e-05 0.079556294
v 0.066355254 8.5727176e-05 0.079556294
v 0.066145153 -0.00021661976 0.079956294
v 0.066142653 -0.00021661976 0.079955624
v 0.066140823 -0.00021661976 0.079953794
v 0.066140153 -0.00021661976 0.079951294
v 0.066140823 -0.00021911973 0.079951294
v 0.066142653 -0.00022094989 0.079951294
v 0.066145153 -0.00022161985 0.079951294
v 0.066145153 -0.00022094989 0.079953794
v 0.066145153 -0.00021911973 0.079955624
v 0.066145153 -0.00022161985 0.079951294
v 0.067240153 0.0019122577 0.079197417
v 0.067240153 0.0019122575 0.080315172
v 0.067240103 0.00077838014 0.080315181
v 0.067240103 0.00077838034 0.079197408
v 0.067240103 0.00097003063 0.079745699
v 0.067240103 0.00098067517 0.079714742
v 0.067240103 0.00096109511 0.079673873
v 0.067240103 0.00090997206 0.079657613
v 0.067240103 0.00084962049 0.079675679
v 0.067240103 0.00082862439 0.079722164
v 0.067240103 0.00085294079 0.079722164
v 0.067240103 0.00087071423 0.079690572
v 0.067240103 0.00090889783 0.079680367
v 0.067240103 0.00094312635 0.079689107
v 0.067240103 0.00095606579 0.079712789
v 0.067240103 0.00094263805 0.079735689
v 0.067240103 0.00089649547 0.079749849
v 0.067240103 0.00084952281 0.079769185
v 0.067240103 0.000835265 0.079802144
v 0.067240103 0.00085381968 0.079840132
v 0.067240103 0.00090303842 0.079854976
v 0.067240103 0.00095518686 0.079840035
v 0.067240103 0.00097618297 0.079797749
v 0.067240103 0.0009515736 0.079797749
v 0.06724014 0.00093749129 0.079823406
v 0.067240103 0.00090411265 0.07983232
v 0.067240103 0.00087144664 0.07982441
v 0.067240103 0.00085987436 0.079803316
v 0.067240103 0.00086915172 0.079785298
v 0.067240103 0.00090391734 0.079773726
v 0.067240103 0.00094439586 0.079762691
v 0.067240103 0.0010326771 0.079684761
v 0.067240103 0.0010070423 0.079756246
v 0.067240103 0.0010326771 0.079827925
v 0.067240103 0.0010985462 0.079854976
v 0.067240103 0.0011642201 0.079827925
v 0.067240103 0.0011897572 0.079756246
v 0.067240103 0.0011642201 0.079684664
v 0.067240103 0.0010985463 0.079657613
v 0.067240103 0.0012838978 0.079660835
v 0.067240103 0.001223351 0.079660835
v 0.067240103 0.0012233509 0.079851753
v 0.067240103 0.0012838978 0.079851753
v 0.06724014 0.0013565698 0.079827876
v 0.067240103 0.0013811634 0.07975732
v 0.06724014 0.0013565698 0.079685232
v 0.067240103 0.0015217884 0.079805367
v 0.067240103 0.0015151966 0.079782271
v 0.067240103 0.0014950306 0.079765621
v 0.067240103 0.0015219838 0.079747945
v 0.067240103 0.0015314564 0.079717086
v 0.067240103 0.0015133412 0.079674117
v 0.067240103 0.0014683705 0.079657613
v 0.067240103 0.001424474 0.07967231
v 0.067240103 0.0014062611 0.079711226
v 0.067240103 0.0014316517 0.079711226
v 0.067240103 0.0014411732 0.079687007
v 0.067240103 0.0014683705 0.079676851
v 0.067240103 0.0014957631 0.079687935
v 0.067240103 0.0015059681 0.079716597
v 0.067240103 0.0014953724 0.079744234
v 0.067240103 0.0014644642 0.079753902
v 0.067240103 0.0014550892 0.079753902
v 0.067240103 0.0014550892 0.079773043
v 0.067240103 0.0014606556 0.079773043
v 0.067240103 0.0014963978 0.079805953
v 0.067240103 0.0014885853 0.079828072
v 0.067240103 0.001466515 0.079835738
v 0.067240103 0.0014339955 0.079805367
v 0.067240103 0.0014087025 0.079805367
v 0.067240103 0.0014272084 0.079842281
v 0.067240103 0.0014660267 0.079854976
v 0.067240103 0.0015066517 0.079841109
v 0.067240103 0.0015853627 0.079683492
v 0.067240103 0.0016775502 0.079683492
v 0.067240103 0.0016775502 0.079660836
v 0.067240103 0.0015510853 0.079660836
v 0.067240103 0.0015618763 0.079694185
v 0.067240103 0.0016015248 0.079733296
v 0.067240103 0.0016410755 0.079770406
v 0.067240103 0.0016517689 0.079801851
v 0.067240103 0.001642638 0.079826705
v 0.067240103 0.0016170033 0.079835738
v 0.067240103 0.0015924916 0.079826607
v 0.067240103 0.0015810658 0.0797998
v 0.067240103 0.0015556752 0.0797998
v 0.067240103 0.001574181 0.079839937
v 0.067240103 0.0016174915 0.079854976
v 0.067240103 0.0016615345 0.079839693
v 0.067240103 0.0016770619 0.079801363
v 0.067240103 0.0016655873 0.079764546
v 0.067240103 0.0016200306 0.079720211
v 0.067240103 0.0018184681 0.079805367
v 0.067240103 0.0018118763 0.079782271
v 0.067240103 0.0017917103 0.079765621
v 0.067240103 0.0018186634 0.079747945
v 0.067240103 0.0018281361 0.079717086
v 0.067240103 0.0018100209 0.079674117
v 0.067240103 0.0017650502 0.079657613
v 0.067240103 0.0017211537 0.07967231
v 0.067240103 0.0017029408 0.079711226
v 0.067240103 0.0017283314 0.079711226
v 0.067240103 0.0017378529 0.079687007
v 0.067240103 0.0017650502 0.079676851
v 0.067240103 0.0017924428 0.079687935
v 0.067240103 0.0018026478 0.079716597
v 0.067240103 0.0017920521 0.079744234
v 0.067240103 0.0017611439 0.079753902
v 0.067240103 0.0017517689 0.079753902
v 0.067240103 0.0017517689 0.079773043
v 0.067240103 0.0017573353 0.079773043
v 0.067240103 0.0017930775 0.079805953
v 0.067240103 0.001785265 0.079828072
v 0.067240103 0.0017631947 0.079835738
v 0.067240103 0.0017306751 0.079805367
v 0.067240103 0.0017053822 0.079805367
v 0.067240103 0.001723888 0.079842281
v 0.067240103 0.0017627064 0.079854976
v 0.067240103 0.0018033314 0.079841109
v 0.066401058 9.8857711e-05 0.079956294
v 0.066401101 9.6358041e-05 0.079955624
v 0.066401133 9.4528179e-05 0.079953794
v 0.066401144 9.3858447e-05 0.079951294
v 0.06686817 0.00010191059 0.079951294
v 0.066868158 0.00010258039 0.079953794
v 0.066868126 0.00010441026 0.079955624
v 0.066868083 0.00010690985 0.079956294
f 3232 3250 3231
f 3231 3250 3251
f 3231 3251 3257
f 3257 3251 3252
f 3257 3252 3253
f 3232 3233 3250
f 3250 3233 3249
f 3249 3233 3234
f 3249 3234 3248
f 3248 3234 3245
f 3248 3245 3247
f 3247 3245 3246
f 3245 3234 3244
f 3244 3234 3235
f 3244 3235 3236
f 3236 3237 3244
f 3244 3237 3243
f 3243 3237 3238
f 3243 3238 3242
f 3242 3238 3239
f 3242 3239 3241
f 3241 3239 3240
f 3257 3253 3256
f 3256 3253 3254
f 3256 3254 3255
f 3259 3260 3258
f 3258 3260 3261
f 3263 3264 3262
f 3262 3264 3265
f 3262 3265 3266
f 3266 3267 3262
f 3262 3267 3268
f 3276 3269 3275
f 3275 3269 3270
f 3275 3270 3274
f 3274 3270 3271
f 3274 3271 3273
f 3273 3271 3272
f 3284 3277 3283
f 3283 3277 3278
f 3283 3278 3282
f 3282 3278 3279
f 3282 3279 3281
f 3281 3279 3280
f 3292 3285 3291
f 3291 3285 3286
f 3291 3286 3290
f 3290 3286 3287
f 3290 3287 3289
f 3289 3287 3288
f 3294 3295 3293
f 3293 3295 3296
f 3298 3312 3297
f 3297 3312 3305
f 3297 3305 3306
f 3298 3299 3312
f 3312 3299 3311
f 3311 3299 3310
f 3310 3299 3300
f 3310 3300 3301
f 3302 3308 3301
f 3301 3308 3309
f 3301 3309 3310
f 3302 3303 3308
f 3308 3303 3307
f 3307 3303 3306
f 3306 3303 3304
f 3306 3304 3297
f 3320 3313 3319
f 3319 3313 3314
f 3319 3314 3318
f 3318 3314 3315
f 3318 3315 3317
f 3317 3315 3316
f 3322 3324 3321
f 3321 3324 3325
f 3321 3325 3326
f 3322 3323 3324
f 3321 3326 3330
f 3330 3326 3327
f 3330 3327 3329
f 3329 3327 3328
f 3331 3332 3339
f 3339 3332 3333
f 3339 3333 3336
f 3336 3333 3335
f 3335 3333 3334
f 3339 3336 3338
f 3338 3336 3340
f 3341 3342 3349
f 3349 3342 3343
f 3349 3343 3346
f 3346 3343 3345
f 3345 3343 3344
f 3349 3346 3348
f 3348 3346 3350
f 3352 3353 3351
f 3351 3353 3354
f 3355 3356 3361
f 3361 3356 3360
f 3360 3356 3357
f 3360 3357 3359
f 3359 3357 3358
f 3362 3363 3373
f 3373 3363 3364
f 3373 3364 3366
f 3366 3364 3365
f 3373 3366 3372
f 3372 3366 3367
f 3372 3367 3370
f 3370 3367 3369
f 3369 3367 3368
f 3370 3371 3372
f 3375 3393 3374
f 3374 3393 3394
f 3374 3394 3400
f 3400 3394 3395
f 3400 3395 3396
f 3375 3376 3393
f 3393 3376 3392
f 3392 3376 3377
f 3392 3377 3391
f 3391 3377 3388
f 3391 3388 3390
f 3390 3388 3389
f 3388 3377 3387
f 3387 3377 3378
f 3387 3378 3379
f 3379 3380 3387
f 3387 3380 3386
f 3386 3380 3381
f 3386 3381 3385
f 3385 3381 3382
f 3385 3382 3384
f 3384 3382 3383
f 3400 3396 3399
f 3399 3396 3397
f 3399 3397 3398
f 3408 3401 3407
f 3407 3401 3402
f 3407 3402 3406
f 3406 3402 3403
f 3406 3403 3405
f 3405 3403 3404
f 3410 3417 3409
f 3409 3417 3418
f 3409 3418 3419
f 3410 3411 3417
f 3417 3411 3416
f 3416 3411 3422
f 3422 3411 3412
f 3422 3412 3413
f 3414 3420 3413
f 3413 3420 3421
f 3413 3421 3422
f 3414 3415 3420
f 3420 3415 3419
f 3419 3415 3409
f 3423 3424 3426
f 3426 3424 3425
f 3428 3435 3427
f 3427 3435 3436
f 3427 3436 3443
f 3443 3436 3437
f 3443 3437 3442
f 3442 3437 3438
f 3442 3438 3441
f 3441 3438 3439
f 3441 3439 3440
f 3435 3428 3434
f 3434 3428 3429
f 3434 3429 3430
f 3430 3431 3434
f 3434 3431 3433
f 3433 3431 3432
f 3445 3446 3444
f 3444 3446 3447
f 3455 3448 3454
f 3454 3448 3449
f 3454 3449 3450
f 3451 3452 3450
f 3450 3452 3453
f 3450 3453 3454
f 3463 3456 3462
f 3462 3456 3457
f 3462 3457 3461
f 3461 3457 3458
f 3461 3458 3460
f 3460 3458 3459
f 3471 3464 3470
f 3470 3464 3465
f 3470 3465 3469
f 3469 3465 3466
f 3469 3466 3468
f 3468 3466 3467
f 3472 3473 3483
f 3483 3473 3476
f 3483 3476 3477
f 3473 3474 3476
f 3476 3474 3475
f 3478 3479 3477
f 3477 3479 3480
f 3477 3480 3482
f 3482 3480 3481
f 3482 3483 3477
f 3484 3485 3492
f 3492 3485 3486
f 3492 3486 3489
f 3489 3486 3488
f 3488 3486 3487
f 3492 3489 3491
f 3491 3489 3493
f 3501 3494 3500
f 3500 3494 3495
f 3500 3495 3499
f 3499 3495 3496
f 3499 3496 3498
f 3498 3496 3497
f 3509 3502 3508
f 3508 3502 3503
f 3508 3503 3507
f 3507 3503 3504
f 3507 3504 3506
f 3506 3504 3505
f 3517 3510 3516
f 3516 3510 3511
f 3516 3511 3512
f 3513 3514 3512
f 3512 3514 3515
f 3512 3515 3516
f 3519 3521 3518
f 3518 3521 3522
f 3518 3522 3525
f 3525 3522 3524
f 3524 3522 3523
f 3519 3520 3521
f 3527 3529 3526
f 3526 3529 3530
f 3526 3530 3531
f 3527 3528 3529
f 3531 3532 3526
f 3526 3532 3542
f 3542 3532 3533
f 3542 3533 3541
f 3541 3533 3534
f 3541 3534 3540
f 3540 3534 3535
f 3540 3535 3539
f 3539 3535 3536
f 3539 3536 3538
f 3538 3536 3537
f 3543 3544 3551
f 3551 3544 3545
f 3551 3545 3548
f 3548 3545 3547
f 3547 3545 3546
f 3551 3548 3550
f 3550 3548 3552
f 3554 3555 3553
f 3553 3555 3556
f 3564 3557 3563
f 3563 3557 3558
f 3563 3558 3562
f 3562 3558 3559
f 3562 3559 3561
f 3561 3559 3560
f 3565 3566 3568
f 3568 3566 3567
f 3569 3570 3577
f 3577 3570 3571
f 3577 3571 3574
f 3574 3571 3573
f 3573 3571 3572
f 3577 3574 3576
f 3576 3574 3578
f 3586 3579 3585
f 3585 3579 3580
f 3585 3580 3584
f 3584 3580 3581
f 3584 3581 3583
f 3583 3581 3582
f 3594 3587 3593
f 3593 3587 3588
f 3593 3588 3592
f 3592 3588 3589
f 3592 3589 3591
f 3591 3589 3590
f 3596 3598 3595
f 3595 3598 3599
f 3595 3599 3600
f 3596 3597 3598
f 3600 3601 3595
f 3595 3601 3611
f 3611 3601 3602
f 3611 3602 3610
f 3610 3602 3603
f 3610 3603 3609
f 3609 3603 3604
f 3609 3604 3608
f 3608 3604 3605
f 3608 3605 3607
f 3607 3605 3606
f 3612 3613 3618
f 3618 3613 3617
f 3617 3613 3614
f 3617 3614 3616
f 3616 3614 3615
f 3626 3619 3625
f 3625 3619 3620
f 3625 3620 3624
f 3624 3620 3621
f 3624 3621 3623
f 3623 3621 3622
f 3627 3628 3638
f 3638 3628 3629
f 3638 3629 3630
f 3630 3631 3638
f 3638 3631 3632
f 3638 3632 3637
f 3637 3632 3634
f 3637 3634 3635
f 3632 3633 3634
f 3635 3636 3637
f 3639 3640 3650
f 3650 3640 3643
f 3650 3643 3644
f 3640 3641 3643
f 3643 3641 3642
f 3645 3646 3644
f 3644 3646 3647
f 3644 3647 3648
f 3648 3649 3644
f 3644 3649 3650
f 3652 3653 3651
f 3651 3653 3654
f 3655 3656 3663
f 3663 3656 3657
f 3663 3657 3660
f 3660 3657 3659
f 3659 3657 3658
f 3663 3660 3662
f 3662 3660 3664
f 3666 3670 3665
f 3665 3670 3671
f 3665 3671 3683
f 3683 3671 3672
f 3683 3672 3682
f 3682 3672 3673
f 3682 3673 3674
f 3666 3667 3670
f 3670 3667 3668
f 3670 3668 3669
f 3682 3674 3681
f 3681 3674 3675
f 3681 3675 3680
f 3680 3675 3679
f 3679 3675 3676
f 3679 3676 3678
f 3678 3676 3677
f 3684 3685 3692
f 3692 3685 3686
f 3692 3686 3689
f 3689 3686 3688
f 3688 3686 3687
f 3692 3689 3691
f 3691 3689 3693
f 3701 3694 3700
f 3700 3694 3695
f 3700 3695 3699
f 3699 3695 3696
f 3699 3696 3698
f 3698 3696 3697
f 3709 3702 3708
f 3708 3702 3703
f 3708 3703 3704
f 3705 3706 3704
f 3704 3706 3707
f 3704 3707 3708
f 3710 3711 3721
f 3721 3711 3712
f 3721 3712 3714
f 3714 3712 3713
f 3721 3714 3720
f 3720 3714 3715
f 3720 3715 3718
f 3718 3715 3717
f 3717 3715 3716
f 3718 3719 3720
f 3729 3722 3727
f 3727 3722 3723
f 3727 3723 3724
f 3724 3725 3727
f 3727 3725 3726
f 3727 3728 3729
f 3730 3731 3741
f 3741 3731 3732
f 3741 3732 3734
f 3734 3732 3733
f 3734 3735 3741
f 3741 3735 3740
f 3740 3735 3738
f 3740 3738 3739
f 3736 3737 3735
f 3735 3737 3738
f 3742 3743 3747
f 3747 3743 3746
f 3746 3743 3744
f 3746 3744 3745
f 3755 3748 3754
f 3754 3748 3749
f 3754 3749 3753
f 3753 3749 3750
f 3753 3750 3752
f 3752 3750 3751
f 3756 3757 3767
f 3767 3757 3758
f 3767 3758 3760
f 3760 3758 3759
f 3760 3761 3767
f 3767 3761 3766
f 3766 3761 3764
f 3766 3764 3765
f 3762 3763 3761
f 3761 3763 3764
f 3768 3769 3773
f 3773 3769 3770
f 3773 3770 3772
f 3772 3770 3771
f 3774 3775 3777
f 3777 3775 3776
f 3778 3779 3781
f 3781 3779 3780
f 3782 3783 3793
f 3793 3783 3784
f 3793 3784 3786
f 3786 3784 3785
f 3793 3786 3792
f 3792 3786 3787
f 3792 3787 3790
f 3790 3787 3789
f 3789 3787 3788
f 3790 3791 3792
f 3794 3795 3797
f 3797 3795 3796
f 3805 3798 3804
f 3804 3798 3799
f 3804 3799 3803
f 3803 3799 3800
f 3803 3800 3802
f 3802 3800 3801
f 3807 3809 3806
f 3806 3809 3810
f 3806 3810 3811
f 3807 3808 3809
f 3812 3813 3823
f 3823 3813 3814
f 3823 3814 3816
f 3816 3814 3815
f 3823 3816 3822
f 3822 3816 3817
f 3822 3817 3820
f 3820 3817 3819
f 3819 3817 3818
f 3820 3821 3822
f 3831 3824 3830
f 3830 3824 3825
f 3830 3825 3829
f 3829 3825 3826
f 3829 3826 3828
f 3828 3826 3827
f 3833 3834 3832
f 3832 3834 3836
f 3836 3834 3835
f 3838 3839 3837
f 3837 3839 3840
f 3842 3844 3841
f 3841 3844 3845
f 3841 3845 3850
f 3850 3845 3846
f 3850 3846 3847
f 3842 3843 3844
f 3848 3849 3847
f 3847 3849 3850
f 3858 3851 3857
f 3857 3851 3852
f 3857 3852 3856
f 3856 3852 3853
f 3856 3853 3855
f 3855 3853 3854
f 3859 3860 3865
f 3865 3860 3864
f 3864 3860 3861
f 3864 3861 3863
f 3863 3861 3862
f 3867 3868 3866
f 3866 3868 3869
f 3870 3871 3873
f 3873 3871 3872
f 3874 3875 3885
f 3885 3875 3876
f 3885 3876 3878
f 3878 3876 3877
f 3878 3879 3885
f 3885 3879 3884
f 3884 3879 3882
f 3884 3882 3883
f 3880 3881 3879
f 3879 3881 3882
f 3893 3886 3892
f 3892 3886 3887
f 3892 3887 3891
f 3891 3887 3888
f 3891 3888 3890
f 3890 3888 3889
f 3894 3895 3897
f 3897 3895 3896
f 3898 3899 3924
f 3924 3899 3923
f 3923 3899 3900
f 3923 3900 3922
f 3922 3900 3921
f 3921 3900 3901
f 3921 3901 3920
f 3920 3901 3902
f 3920 3902 3903
f 3920 3903 3919
f 3919 3903 3904
f 3919 3904 3905
f 3919 3905 3918
f 3918 3905 3906
f 3918 3906 3917
f 3917 3906 3907
f 3917 3907 3916
f 3916 3907 3915
f 3915 3907 3908
f 3915 3908 3914
f 3914 3908 3909
f 3914 3909 3910
f 3914 3910 3913
f 3913 3910 3911
f 3913 3911 3912
f 3925 3926 3930
f 3930 3926 3929
f 3929 3926 3927
f 3929 3927 3928
f 3938 3931 3937
f 3937 3931 3932
f 3937 3932 3933
f 3934 3935 3933
f 3933 3935 3936
f 3933 3936 3937
f 3944 3939 3943
f 3943 3939 3940
f 3943 3940 3942
f 3942 3940 3941
f 3946 3953 3945
f 3945 3953 3954
f 3945 3954 3961
f 3961 3954 3955
f 3961 3955 3960
f 3960 3955 3956
f 3960 3956 3959
f 3959 3956 3957
f 3959 3957 3958
f 3953 3946 3952
f 3952 3946 3947
f 3952 3947 3948
f 3948 3949 3952
f 3952 3949 3951
f 3951 3949 3950
f 3966 3962 3965
f 3965 3962 3963
f 3965 3963 3964
f 3967 3968 3972
f 3972 3968 3969
f 3972 3969 3971
f 3971 3969 3970
f 3980 3973 3979
f 3979 3973 3974
f 3979 3974 3978
f 3978 3974 3975
f 3978 3975 3977
f 3977 3975 3976
f 3981 3982 3992
f 3992 3982 3983
f 3992 3983 3985
f 3985 3983 3984
f 3985 3986 3992
f 3992 3986 3991
f 3991 3986 3989
f 3991 3989 3990
f 3987 3988 3986
f 3986 3988 3989
f 4000 3993 3996
f 3996 3993 3994
f 3996 3994 3995
f 3996 3997 4000
f 4000 3997 3999
f 3999 3997 3998
f 4001 4002 4007
f 4007 4002 4006
f 4006 4002 4003
f 4006 4003 4005
f 4005 4003 4004
f 4015 4008 4014
f 4014 4008 4009
f 4014 4009 4013
f 4013 4009 4010
f 4013 4010 4012
f 4012 4010 4011
f 4016 4017 4019
f 4019 4017 4018
f 4020 4021 4031
f 4031 4021 4022
f 4031 4022 4024
f 4024 4022 4023
f 4024 4025 4031
f 4031 4025 4030
f 4030 4025 4027
f 4030 4027 4028
f 4025 4026 4027
f 4028 4029 4030
f 4032 4033 4040
f 4040 4033 4034
f 4040 4034 4037
f 4037 4034 4036
f 4036 4034 4035
f 4040 4037 4039
f 4039 4037 4041
f 4043 4138 4042
f 4042 4138 4139
f 4042 4139 4140
f 4044 4084 4043
f 4043 4084 4113
f 4043 4113 4129
f 4129 4113 4114
f 4129 4114 4128
f 4128 4114 4088
f 4128 4088 4127
f 4127 4088 4089
f 4127 4089 4091
f 4091 4089 4090
f 4045 4051 4044
f 4044 4051 4060
f 4044 4060 4061
f 4042 4081 4045
f 4045 4081 4082
f 4045 4082 4080
f 4080 4082 4079
f 4079 4082 4078
f 4078 4082 4083
f 4078 4083 4077
f 4077 4083 4076
f 4076 4083 4044
f 4076 4044 4062
f 4062 4044 4061
f 4047 4074 4046
f 4046 4074 4064
f 4046 4064 4072
f 4072 4064 4065
f 4072 4065 4071
f 4071 4065 4066
f 4071 4066 4067
f 4074 4047 4073
f 4073 4047 4048
f 4073 4048 4080
f 4080 4048 4049
f 4080 4049 4045
f 4045 4049 4050
f 4045 4050 4051
f 4060 4051 4059
f 4059 4051 4052
f 4059 4052 4058
f 4058 4052 4053
f 4058 4053 4054
f 4058 4054 4057
f 4057 4054 4055
f 4057 4055 4056
f 4062 4063 4076
f 4076 4063 4075
f 4075 4063 4064
f 4075 4064 4074
f 4067 4068 4071
f 4071 4068 4070
f 4070 4068 4069
f 4083 4084 4044
f 4113 4084 4112
f 4112 4084 4085
f 4112 4085 4111
f 4111 4085 4086
f 4111 4086 4105
f 4105 4086 4104
f 4104 4086 4096
f 4104 4096 4097
f 4086 4087 4096
f 4096 4087 4095
f 4095 4087 4081
f 4095 4081 4094
f 4094 4081 4042
f 4094 4042 4118
f 4118 4042 4117
f 4117 4042 4140
f 4117 4140 4141
f 4127 4091 4120
f 4120 4091 4092
f 4120 4092 4119
f 4119 4092 4093
f 4119 4093 4118
f 4118 4093 4094
f 4098 4101 4097
f 4097 4101 4102
f 4097 4102 4103
f 4098 4099 4101
f 4101 4099 4100
f 4103 4104 4097
f 4111 4105 4110
f 4110 4105 4106
f 4110 4106 4107
f 4107 4108 4110
f 4110 4108 4109
f 4115 4116 4133
f 4133 4116 4142
f 4133 4142 4132
f 4132 4142 4150
f 4132 4150 4151
f 4142 4116 4141
f 4141 4116 4117
f 4127 4120 4126
f 4126 4120 4121
f 4126 4121 4122
f 4123 4124 4122
f 4122 4124 4125
f 4122 4125 4126
f 4130 4158 4129
f 4129 4158 4159
f 4129 4159 4043
f 4043 4159 4160
f 4043 4160 4134
f 4158 4130 4157
f 4157 4130 4131
f 4157 4131 4132
f 4135 4137 4134
f 4134 4137 4138
f 4134 4138 4043
f 4135 4136 4137
f 4142 4143 4150
f 4150 4143 4149
f 4149 4143 4148
f 4148 4143 4147
f 4147 4143 4144
f 4147 4144 4145
f 4145 4146 4147
f 4152 4156 4151
f 4151 4156 4157
f 4151 4157 4132
f 4152 4153 4156
f 4156 4153 4154
f 4156 4154 4155
f 4168 4161 4167
f 4167 4161 4162
f 4167 4162 4166
f 4166 4162 4163
f 4166 4163 4165
f 4165 4163 4164
