v -0.038439003 0.016845647 0.067964102
v -0.037551992 0.01685336 0.067605712
v -0.03717819 0.016856555 0.066725057
v -0.037536566 0.01685336 0.065838013
v -0.038417187 0.016845647 0.065464197
v -0.039304198 0.016837934 0.065822587
v -0.039678 0.016834739 0.066703242
v -0.039319625 0.016837934 0.067590286
v -0.038417187 0.014345742 0.067964292
v -0.039297809 0.014338029 0.067590476
v -0.039656184 0.014334834 0.066703432
v -0.039282383 0.014338029 0.065822777
v -0.038395371 0.014345742 0.065464387
v -0.03751475 0.014353456 0.065838203
v -0.037156374 0.014356651 0.066725247
v -0.037530177 0.014353456 0.067605902
v -0.038439003 0.016845647 0.067964102
v -0.038417187 0.014345742 0.067964292
v -0.030099105 0.012918354 0.069030274
v -0.030113939 0.01461829 0.069030144
v -0.030060905 0.01461875 0.06899885
v -0.030008626 0.014619204 0.068966308
v -0.029957133 0.014619651 0.068932537
v -0.029942299 0.012919715 0.068932667
v -0.029993792 0.012919268 0.068966438
v -0.03004607 0.012918814 0.068998979
v -0.029904873 0.012919715 0.064644067
v -0.029919707 0.014619651 0.064643937
v -0.029970603 0.014619204 0.064609274
v -0.030022306 0.01461875 0.064575824
v -0.030074786 0.01461829 0.064543609
v -0.030059951 0.012918354 0.064543738
v -0.030007471 0.012918814 0.064575954
v -0.029955769 0.012919268 0.064609403
v -0.029904873 0.012919715 0.064644067
v -0.029480997 0.012498381 0.064429081
v -0.02949954 0.014623301 0.064428919
v -0.029919707 0.014619651 0.064643937
v -0.029421328 0.014623988 0.064494782
v -0.029402784 0.012499068 0.064494944
v -0.02954685 0.012922862 0.064945562
v -0.029561684 0.014622798 0.064945432
v -0.032617445 0.016895825 0.05976459
v -0.03225907 0.01689902 0.060651634
v -0.031378449 0.016906733 0.06102545
v -0.030491437 0.016914446 0.06066706
v -0.030117636 0.016917641 0.059786405
v -0.030476011 0.016914446 0.058899361
v -0.031356632 0.016906733 0.058525545
v -0.032243643 0.01689902 0.058883935
v -0.03259563 0.01439592 0.05976478
v -0.032221828 0.014399115 0.058884125
v -0.031334817 0.014406828 0.058525736
v -0.030454196 0.014414541 0.058899551
v -0.03009582 0.014417736 0.059786596
v -0.030469622 0.014414541 0.060667251
v -0.031356633 0.014406828 0.06102564
v -0.032237254 0.014399115 0.060651825
v -0.032617445 0.016895825 0.05976459
v -0.03259563 0.01439592 0.05976478
v -0.029540782 0.014623301 0.069154857
v -0.029522239 0.012498381 0.069155018
v -0.029942299 0.012919715 0.068932667
v -0.029957133 0.014619651 0.068932537
v -0.030099105 0.012918354 0.069030274
v -0.030079747 0.012493542 0.06950205
v -0.030098291 0.014618462 0.069501888
v -0.030113939 0.01461829 0.069030144
v -0.029421593 0.012923965 0.065081307
v -0.029436428 0.014623901 0.065081178
v -0.029477104 0.014623543 0.065034944
v -0.029518864 0.014623175 0.064989688
v -0.029561684 0.014622798 0.064945432
v -0.02954685 0.012922862 0.064945562
v -0.02950403 0.012923239 0.064989817
v -0.02946227 0.012923607 0.065035074
v -0.030481702 0.012914658 0.064340756
v -0.030496537 0.014614594 0.064340627
v -0.030554454 0.014614087 0.06431971
v -0.03061285 0.014613576 0.064300169
v -0.030671693 0.014613061 0.064282017
v -0.030656859 0.012913125 0.064282147
v -0.030598016 0.01291364 0.064300298
v -0.030539619 0.012914151 0.064319839
v -0.030481702 0.012914658 0.064340756
v -0.030124497 0.012492735 0.06402803
v -0.030143041 0.014617655 0.064027868
v -0.030496537 0.014614594 0.064340627
v -0.030050907 0.014618462 0.06407221
v -0.030032363 0.012493542 0.064072372
v -0.030059951 0.012918354 0.064543738
v -0.030074786 0.01461829 0.064543609
v -0.022007527 0.014488858 0.066857449
v -0.022400932 0.014485213 0.064083213
v -0.02359455 0.014474604 0.061548191
v -0.02548232 0.014457973 0.05947763
v -0.027896508 0.014436797 0.058055512
v -0.030622601 0.014412958 0.057408195
v -0.033418375 0.014388575 0.057593198
v -0.036035413 0.014365813 0.058594082
v -0.038241178 0.014346696 0.060321914
v -0.039839681 0.014332922 0.062623169
v -0.040688886 0.014325715 0.065293369
v -0.040713337 0.014325715 0.068095257
v -0.039910864 0.014332922 0.070779872
v -0.038352767 0.014346696 0.073108673
v -0.036177492 0.014365813 0.074874738
v -0.033578321 0.014388575 0.075921143
v -0.030786201 0.014412958 0.076154911
v -0.028049226 0.014436797 0.07555527
v -0.025610586 0.014457973 0.074175501
v -0.023686967 0.014474604 0.072138203
v -0.02244929 0.014485213 0.069624398
v -0.021809287 0.014690595 0.066859179
v -0.022260449 0.014686873 0.069684999
v -0.02352446 0.014676038 0.07225229
v -0.025489007 0.014659053 0.074332935
v -0.027979533 0.014637427 0.075742061
v -0.030774742 0.014613081 0.07635446
v -0.033626269 0.014588179 0.076115719
v -0.036280741 0.014564933 0.075047049
v -0.038502299 0.014545409 0.073243409
v -0.040093547 0.014531342 0.070865058
v -0.040913095 0.014523981 0.068123323
v -0.040888123 0.014523981 0.065261821
v -0.04002085 0.014531342 0.062534808
v -0.038388337 0.014545409 0.06018459
v -0.036135639 0.014564933 0.058419994
v -0.03346292 0.014588179 0.057397815
v -0.030607661 0.014613081 0.057208876
v -0.027823565 0.014637427 0.057869965
v -0.025358012 0.014659053 0.059322342
v -0.023430076 0.014676038 0.061436957
v -0.022211063 0.014686873 0.064025916
v -0.022007527 0.014488858 0.066857449
v -0.021809287 0.014690595 0.066859179
v -0.029579069 0.012922862 0.068637467
v -0.029442889 0.012499068 0.06909053
v -0.029461433 0.014623988 0.069090368
v -0.029593903 0.014622798 0.068637337
v -0.029421593 0.012923965 0.065081307
v -0.028957446 0.012502991 0.06497757
v -0.028975989 0.014627911 0.064977409
v -0.029436428 0.014623901 0.065081178
v -0.031115837 0.012909112 0.064190431
v -0.031130672 0.014609048 0.064190302
v -0.031191971 0.014608513 0.064184445
v -0.031253392 0.014607977 0.064180043
v -0.0313149 0.01460744 0.064177096
v -0.031300066 0.012907504 0.064177225
v -0.031238558 0.012908041 0.064180172
v -0.031177137 0.012908577 0.064184574
v -0.031115837 0.012909112 0.064190431
v -0.030847515 0.012486408 0.063799616
v -0.030866058 0.014611328 0.063799454
v -0.031130672 0.014609048 0.064190302
v -0.030765792 0.014612204 0.063819491
v -0.030747249 0.012487284 0.063819652
v -0.030656859 0.012913125 0.064282147
v -0.030671693 0.014613061 0.064282017
v -0.021809287 0.014690595 0.066859179
v -0.022211063 0.014686873 0.064025916
v -0.023430076 0.014676038 0.061436957
v -0.025358012 0.014659053 0.059322342
v -0.027823565 0.014637427 0.057869965
v -0.030607661 0.014613081 0.057208876
v -0.03346292 0.014588179 0.057397815
v -0.036135639 0.014564933 0.058419994
v -0.038388337 0.014545409 0.06018459
v -0.04002085 0.014531342 0.062534808
v -0.040888123 0.014523981 0.065261821
v -0.040913095 0.014523981 0.068123323
v -0.040093547 0.014531342 0.070865058
v -0.038502299 0.014545409 0.073243409
v -0.036280741 0.014564933 0.075047049
v -0.033626269 0.014588179 0.076115719
v -0.030774742 0.014613081 0.07635446
v -0.027979533 0.014637427 0.075742061
v -0.025489007 0.014659053 0.074332935
v -0.02352446 0.014676038 0.07225229
v -0.022260449 0.014686873 0.069684999
v -0.031510656 0.016706741 0.076374882
v -0.034336368 0.016682048 0.075923705
v -0.03690356 0.016659549 0.074659648
v -0.038984124 0.016641243 0.072695027
v -0.040393195 0.016628757 0.070204407
v -0.041005569 0.0166232 0.067409092
v -0.040766834 0.016625066 0.064557457
v -0.039698204 0.01663419 0.061902882
v -0.037894631 0.01664976 0.059681239
v -0.035516369 0.016670392 0.058089929
v -0.032774739 0.016694255 0.057270348
v -0.029913345 0.016719227 0.057295319
v -0.027186436 0.016743089 0.058162623
v -0.024836309 0.016763722 0.059795198
v -0.023071783 0.016779292 0.062047979
v -0.022049644 0.016788415 0.0647208
v -0.021860714 0.016790281 0.067576167
v -0.02252178 0.016784725 0.070360369
v -0.023974103 0.016772239 0.072826017
v -0.026088638 0.016753933 0.074754028
v -0.0286775 0.016731434 0.07597309
v -0.033626269 0.014588179 0.076115719
v -0.031510656 0.016706741 0.076374882
v -0.029579069 0.012922862 0.068637467
v -0.029593903 0.014622798 0.068637337
v -0.029550317 0.014623175 0.068593836
v -0.029507774 0.014623543 0.068549315
v -0.029466296 0.014623901 0.068503799
v -0.029451462 0.012923965 0.068503929
v -0.029492939 0.012923607 0.068549444
v -0.029535483 0.012923239 0.068593965
v -0.030191185 0.014617655 0.069544617
v -0.030172641 0.012492735 0.069544778
v -0.030524334 0.012914658 0.069225865
v -0.030539169 0.014614594 0.069225736
v -0.031767433 0.012903427 0.064202537
v -0.031782268 0.014603363 0.064202408
v -0.031843097 0.014602833 0.06421198
v -0.031903684 0.014602305 0.064222992
v -0.031963992 0.01460178 0.064235435
v -0.031949157 0.012901844 0.064235564
v -0.031888849 0.012902369 0.064223121
v -0.031828263 0.012902897 0.06421211
v -0.031767433 0.012903427 0.064202537
v -0.03160462 0.012479798 0.063758193
v -0.031623163 0.014604718 0.063758031
v -0.031782268 0.014603363 0.064202408
v -0.031521064 0.014605608 0.063752501
v -0.031502521 0.012480688 0.063752663
v -0.031300066 0.012907504 0.064177225
v -0.0313149 0.01460744 0.064177096
v -0.022029342 0.016988762 0.066857259
v -0.022471105 0.016985118 0.069624208
v -0.023708782 0.016974509 0.072138013
v -0.025632401 0.016957878 0.074175312
v -0.028071041 0.016936702 0.07555508
v -0.030808017 0.016912863 0.076154721
v -0.033600136 0.01688848 0.075920954
v -0.036199308 0.016865718 0.074874548
v -0.038374583 0.016846601 0.073108483
v -0.03993268 0.016832827 0.070779682
v -0.040735154 0.01682562 0.068095066
v -0.040710702 0.01682562 0.065293178
v -0.039861497 0.016832827 0.062622977
v -0.038262995 0.016846601 0.060321723
v -0.036057229 0.016865718 0.058593891
v -0.033440191 0.01688848 0.057593007
v -0.030644417 0.016912863 0.057408003
v -0.027918323 0.016936702 0.05805532
v -0.025504135 0.016957878 0.059477439
v -0.023616364 0.016974509 0.061547999
v -0.022422747 0.016985118 0.064083022
v -0.031510656 0.016706741 0.076374882
v -0.0286775 0.016731434 0.07597309
v -0.026088638 0.016753933 0.074754028
v -0.023974103 0.016772239 0.072826017
v -0.02252178 0.016784725 0.070360369
v -0.021860714 0.016790281 0.067576167
v -0.022049644 0.016788415 0.0647208
v -0.023071783 0.016779292 0.062047979
v -0.024836309 0.016763722 0.059795198
v -0.027186436 0.016743089 0.058162623
v -0.029913345 0.016719227 0.057295319
v -0.032774739 0.016694255 0.057270348
v -0.035516369 0.016670392 0.058089929
v -0.037894631 0.01664976 0.059681239
v -0.039698204 0.01663419 0.061902882
v -0.040766834 0.016625066 0.064557457
v -0.041005569 0.0166232 0.067409092
v -0.040393195 0.016628757 0.070204407
v -0.038984124 0.016641243 0.072695027
v -0.03690356 0.016659549 0.074659648
v -0.034336368 0.016682048 0.075923705
v -0.021860714 0.016790281 0.067576167
v -0.022029342 0.016988762 0.066857259
v -0.029007739 0.014627911 0.068615588
v -0.028989196 0.012502991 0.068615749
v -0.029451462 0.012923965 0.068503929
v -0.029466296 0.014623901 0.068503799
v -0.030700486 0.012913125 0.069281408
v -0.030715321 0.014613061 0.069281278
v -0.03065617 0.014613576 0.069264157
v -0.030597442 0.014614087 0.069245639
v -0.030539169 0.014614594 0.069225736
v -0.030524334 0.012914658 0.069225865
v -0.030582607 0.012914151 0.069245768
v -0.030641336 0.01291364 0.069264286
v -0.028916613 0.014628436 0.065060654
v -0.02889807 0.012503516 0.065060816
v -0.029149794 0.012926366 0.06546237
v -0.029164628 0.014626302 0.065462241
v -0.032395547 0.012897959 0.064376315
v -0.032410381 0.014597895 0.064376186
v -0.03246692 0.014597404 0.064400587
v -0.032522864 0.014596917 0.06442632
v -0.032578184 0.014596437 0.064453369
v -0.032563349 0.012896501 0.064453499
v -0.03250803 0.012896981 0.064426449
v -0.032452085 0.012897468 0.064400716
v -0.032395547 0.012897959 0.064376315
v -0.032348241 0.01247332 0.063906363
v -0.032366784 0.01459824 0.063906201
v -0.032410381 0.014597895 0.064376186
v -0.032269267 0.014599089 0.063875452
v -0.032250724 0.012474168 0.063875614
v -0.031949157 0.012901844 0.064235564
v -0.031963992 0.01460178 0.064235435
v -0.022029342 0.016988762 0.066857259
v -0.022422747 0.016985118 0.064083022
v -0.023616364 0.016974509 0.061547999
v -0.025504135 0.016957878 0.059477439
v -0.027918323 0.016936702 0.05805532
v -0.030644417 0.016912863 0.057408003
v -0.033440191 0.01688848 0.057593007
v -0.036057229 0.016865718 0.058593891
v -0.038262995 0.016846601 0.060321723
v -0.039861497 0.016832827 0.062622977
v -0.040710702 0.01682562 0.065293178
v -0.040735154 0.01682562 0.068095066
v -0.03993268 0.016832827 0.070779682
v -0.038374583 0.016846601 0.073108483
v -0.036199308 0.016865718 0.074874548
v -0.033600136 0.01688848 0.075920954
v -0.030808017 0.016912863 0.076154721
v -0.028071041 0.016936702 0.07555508
v -0.025632401 0.016957878 0.074175312
v -0.023708782 0.016974509 0.072138013
v -0.022471105 0.016985118 0.069624208
v -0.024418249 0.016967819 0.065586364
v -0.023537628 0.016975532 0.06596018
v -0.023179253 0.016978727 0.066847224
v -0.023553054 0.016975532 0.067727879
v -0.024440066 0.016967819 0.068086269
v -0.025320687 0.016960106 0.067712453
v -0.025679062 0.016956911 0.066825408
v -0.02530526 0.016960106 0.065944754
v -0.032617445 0.016895825 0.05976459
v -0.032243643 0.01689902 0.058883935
v -0.031356632 0.016906733 0.058525545
v -0.030476011 0.016914446 0.058899361
v -0.030117636 0.016917641 0.059786405
v -0.030491437 0.016914446 0.06066706
v -0.031378449 0.016906733 0.06102545
v -0.03225907 0.01689902 0.060651634
v -0.038439003 0.016845647 0.067964102
v -0.039319625 0.016837934 0.067590286
v -0.039678 0.016834739 0.066703242
v -0.039304198 0.016837934 0.065822587
v -0.038417187 0.016845647 0.065464197
v -0.037536566 0.01685336 0.065838013
v -0.03717819 0.016856555 0.066725057
v -0.037551992 0.01685336 0.067605712
v -0.031442589 0.016906733 0.068375172
v -0.032467704 0.016897758 0.067991883
v -0.033006623 0.016892983 0.067039309
v -0.03280718 0.016894641 0.065963171
v -0.031962696 0.016901958 0.065267007
v -0.030868315 0.016911508 0.065276557
v -0.03003611 0.016918825 0.065987354
v -0.029855478 0.016920483 0.067066809
v -0.03041094 0.016915708 0.068009832
v -0.030239807 0.016917641 0.073785876
v -0.030613609 0.016914446 0.074666531
v -0.03150062 0.016906733 0.07502492
v -0.032381241 0.01689902 0.074651105
v -0.032739617 0.016895825 0.07376406
v -0.032365815 0.01689902 0.072883405
v -0.031478804 0.016906733 0.072525016
v -0.030598183 0.016914446 0.072898831
v -0.029173054 0.012926366 0.068127667
v -0.028928376 0.012503516 0.068533552
v -0.028946919 0.014628436 0.068533391
v -0.029187888 0.014626302 0.068127538
v -0.030700486 0.012913125 0.069281408
v -0.030798934 0.012487284 0.069742255
v -0.030817477 0.014612204 0.069742093
v -0.030715321 0.014613061 0.069281278
v -0.029062229 0.012927143 0.065625
v -0.029077064 0.014627079 0.065624871
v -0.029104965 0.014626831 0.065569975
v -0.029134159 0.014626572 0.065515755
v -0.029164628 0.014626302 0.065462241
v -0.029149794 0.012926366 0.06546237
v -0.029119324 0.012926636 0.065515884
v -0.029090131 0.012926895 0.065570104
v -0.032960712 0.012893052 0.064700845
v -0.032975547 0.014592988 0.064700715
v -0.033024241 0.014592566 0.06473841
v -0.033072029 0.014592152 0.064777248
v -0.033118883 0.014591746 0.064817206
v -0.033104049 0.01289181 0.064817336
v -0.033057194 0.012892216 0.064777377
v -0.033009406 0.01289263 0.06473854
v -0.032960712 0.012893052 0.064700845
v -0.033031652 0.012467381 0.064234815
v -0.033050195 0.014592301 0.064234653
v -0.032975547 0.014592988 0.064700715
v -0.032963389 0.014593054 0.064180619
v -0.032944845 0.012468134 0.064180781
v -0.032563349 0.012896501 0.064453499
v -0.032578184 0.014596437 0.064453369
v -0.028957446 0.012502991 0.06497757
v -0.02889807 0.012503516 0.065060816
v -0.028916613 0.014628436 0.065060654
v -0.028975989 0.014627911 0.064977409
v -0.024418249 0.016967819 0.065586364
v -0.02530526 0.016960106 0.065944754
v -0.025679062 0.016956911 0.066825408
v -0.025320687 0.016960106 0.067712453
v -0.024440066 0.016967819 0.068086269
v -0.023553054 0.016975532 0.067727879
v -0.023179253 0.016978727 0.066847224
v -0.023537628 0.016975532 0.06596018
v -0.024396434 0.014467914 0.065586554
v -0.023515812 0.014475627 0.06596037
v -0.023157437 0.014478822 0.066847414
v -0.023531239 0.014475627 0.067728069
v -0.02441825 0.014467914 0.068086459
v -0.025298871 0.014460201 0.067712643
v -0.025657247 0.014457006 0.066825599
v -0.025283445 0.014460201 0.065944944
v -0.024418249 0.016967819 0.065586364
v -0.024396434 0.014467914 0.065586554
v -0.029173054 0.012926366 0.068127667
v -0.029187888 0.014626302 0.068127538
v -0.029156489 0.014626572 0.068074564
v -0.029126354 0.014626831 0.068020861
v -0.029097499 0.014627079 0.067966459
v -0.029082664 0.012927143 0.067966589
v -0.029111519 0.012926895 0.06802099
v -0.029141655 0.012926636 0.068074693
v -0.030079747 0.012493542 0.06950205
v -0.030172641 0.012492735 0.069544778
v -0.030191185 0.014617655 0.069544617
v -0.030098291 0.014618462 0.069501888
v -0.030798934 0.012487284 0.069742255
v -0.030899535 0.012486408 0.069760538
v -0.030918079 0.014611328 0.069760376
v -0.030817477 0.014612204 0.069742093
v -0.029062229 0.012927143 0.065625
v -0.028586743 0.012506277 0.065639035
v -0.028605286 0.014631197 0.065638873
v -0.029077064 0.014627079 0.065624871
v -0.033427418 0.012889014 0.065155736
v -0.033442253 0.01458895 0.065155606
v -0.033480043 0.014588624 0.065204227
v -0.033516671 0.014588308 0.065253729
v -0.033552117 0.014588002 0.065304084
v -0.033537282 0.012888066 0.065304214
v -0.033501837 0.012888372 0.065253859
v -0.033465208 0.012888688 0.065204356
v -0.033427418 0.012889014 0.065155736
v -0.033611913 0.012462355 0.064722913
v -0.033630456 0.014587275 0.064722751
v -0.033442253 0.01458895 0.065155606
v -0.033559814 0.014587885 0.064648825
v -0.033541271 0.012462965 0.064648987
v -0.033104049 0.01289181 0.064817336
v -0.033118883 0.014591746 0.064817206
v -0.029480997 0.012498381 0.064429081
v -0.029402784 0.012499068 0.064494944
v -0.029421328 0.014623988 0.064494782
v -0.02949954 0.014623301 0.064428919
v -0.022007527 0.014488858 0.066857449
v -0.02244929 0.014485213 0.069624398
v -0.023686967 0.014474604 0.072138203
v -0.025610586 0.014457973 0.074175501
v -0.028049226 0.014436797 0.07555527
v -0.030786201 0.014412958 0.076154911
v -0.033578321 0.014388575 0.075921143
v -0.036177492 0.014365813 0.074874738
v -0.038352767 0.014346696 0.073108673
v -0.039910864 0.014332922 0.070779872
v -0.040713337 0.014325715 0.068095257
v -0.040688886 0.014325715 0.065293369
v -0.039839681 0.014332922 0.062623169
v -0.038241178 0.014346696 0.060321914
v -0.036035413 0.014365813 0.058594082
v -0.033418375 0.014388575 0.057593198
v -0.030622601 0.014412958 0.057408195
v -0.027896508 0.014436797 0.058055512
v -0.02548232 0.014457973 0.05947763
v -0.02359455 0.014474604 0.061548191
v -0.022400932 0.014485213 0.064083213
v -0.031453061 0.014406828 0.072075221
v -0.029421473 0.014424528 0.071689497
v -0.027692134 0.014439532 0.070555649
v -0.026528321 0.014449558 0.068846296
v -0.026107215 0.014453079 0.066821672
v -0.026492923 0.014449558 0.064790007
v -0.027626726 0.014439532 0.063060603
v -0.029336013 0.014424528 0.061896746
v -0.03136056 0.014406828 0.061475625
v -0.033392148 0.014389129 0.061861349
v -0.035121487 0.014374124 0.062995197
v -0.0362853 0.014364098 0.06470455
v -0.036706407 0.014360578 0.066729174
v -0.036320699 0.014364098 0.06876084
v -0.035186895 0.014374124 0.070490243
v -0.033477608 0.014389129 0.0716541
v -0.024396434 0.014467914 0.065586554
v -0.025283445 0.014460201 0.065944944
v -0.025657247 0.014457006 0.066825599
v -0.025298871 0.014460201 0.067712643
v -0.02441825 0.014467914 0.068086459
v -0.023531239 0.014475627 0.067728069
v -0.023157437 0.014478822 0.066847414
v -0.023515812 0.014475627 0.06596037
v -0.03259563 0.01439592 0.05976478
v -0.032237254 0.014399115 0.060651825
v -0.031356633 0.014406828 0.06102564
v -0.030469622 0.014414541 0.060667251
v -0.03009582 0.014417736 0.059786596
v -0.030454196 0.014414541 0.058899551
v -0.031334817 0.014406828 0.058525736
v -0.032221828 0.014399115 0.058884125
v -0.038417187 0.014345742 0.067964292
v -0.037530177 0.014353456 0.067605902
v -0.037156374 0.014356651 0.066725247
v -0.03751475 0.014353456 0.065838203
v -0.038395371 0.014345742 0.065464387
v -0.039282383 0.014338029 0.065822777
v -0.039656184 0.014334834 0.066703432
v -0.039297809 0.014338029 0.067590476
v -0.030217992 0.014417736 0.073786066
v -0.030576367 0.014414541 0.072899022
v -0.031456988 0.014406828 0.072525206
v -0.032343999 0.014399115 0.072883596
v -0.032717801 0.01439592 0.073764251
v -0.032359426 0.014399115 0.074651295
v -0.031478805 0.014406828 0.075025111
v -0.030591794 0.014414541 0.074666721
v -0.030239807 0.016917641 0.073785876
v -0.030598183 0.016914446 0.072898831
v -0.031478804 0.016906733 0.072525016
v -0.032365815 0.01689902 0.072883405
v -0.032739617 0.016895825 0.07376406
v -0.032381241 0.01689902 0.074651105
v -0.03150062 0.016906733 0.07502492
v -0.030613609 0.016914446 0.074666531
v -0.030217992 0.014417736 0.073786066
v -0.030591794 0.014414541 0.074666721
v -0.031478805 0.014406828 0.075025111
v -0.032359426 0.014399115 0.074651295
v -0.032717801 0.01439592 0.073764251
v -0.032343999 0.014399115 0.072883596
v -0.031456988 0.014406828 0.072525206
v -0.030576367 0.014414541 0.072899022
v -0.030239807 0.016917641 0.073785876
v -0.030217992 0.014417736 0.073786066
v -0.028625549 0.014631197 0.067960693
v -0.028607005 0.012506277 0.067960855
v -0.029082664 0.012927143 0.067966589
v -0.029097499 0.014627079 0.067966459
v -0.029442889 0.012499068 0.06909053
v -0.029522239 0.012498381 0.069155018
v -0.029540782 0.014623301 0.069154857
v -0.029461433 0.014623988 0.069090368
v -0.030918079 0.014611328 0.069760376
v -0.030899535 0.012486408 0.069760538
v -0.031160996 0.012909112 0.0693651
v -0.031175831 0.014609048 0.06936497
v -0.028586743 0.012506277 0.065639035
v -0.028549934 0.012506605 0.065734433
v -0.028568477 0.014631525 0.065734271
v -0.028605286 0.014631197 0.065638873
v -0.033766339 0.012886099 0.065712403
v -0.033781174 0.014586035 0.065712274
v -0.033805686 0.014585825 0.065768767
v -0.033828853 0.014585627 0.065825823
v -0.033850663 0.014585441 0.065883412
v -0.033835828 0.012885505 0.065883541
v -0.033814019 0.012885691 0.065825952
v -0.033790851 0.012885889 0.065768895
v -0.033766339 0.012886099 0.065712403
v -0.034052564 0.012458556 0.065339986
v -0.034071107 0.014583476 0.065339824
v -0.033781174 0.014586035 0.065712274
v -0.034021068 0.014583906 0.065250653
v -0.034002525 0.012458986 0.065250815
v -0.033537282 0.012888066 0.065304214
v -0.033552117 0.014588002 0.065304084
v -0.030124497 0.012492735 0.06402803
v -0.030032363 0.012493542 0.064072372
v -0.030050907 0.014618462 0.06407221
v -0.030143041 0.014617655 0.064027868
v -0.031437354 0.012606896 0.072075358
v -0.029405766 0.012624595 0.071689634
v -0.027676427 0.0126396 0.070555786
v -0.026512614 0.012649626 0.068846433
v -0.026091507 0.012653147 0.066821809
v -0.026477216 0.012649626 0.064790144
v -0.027611019 0.0126396 0.06306074
v -0.029320306 0.012624595 0.061896883
v -0.031344853 0.012606896 0.061475762
v -0.033376441 0.012589197 0.061861486
v -0.03510578 0.012574192 0.062995334
v -0.036269593 0.012564166 0.064704687
v -0.0366907 0.012560645 0.066729311
v -0.036304991 0.012564166 0.068760977
v -0.035171188 0.012574192 0.070490381
v -0.033461901 0.012589197 0.071654237
v -0.031453061 0.014406828 0.072075221
v -0.033477608 0.014389129 0.0716541
v -0.035186895 0.014374124 0.070490243
v -0.036320699 0.014364098 0.06876084
v -0.036706407 0.014360578 0.066729174
v -0.0362853 0.014364098 0.06470455
v -0.035121487 0.014374124 0.062995197
v -0.033392148 0.014389129 0.061861349
v -0.03136056 0.014406828 0.061475625
v -0.029336013 0.014424528 0.061896746
v -0.027626726 0.014439532 0.063060603
v -0.026492923 0.014449558 0.064790007
v -0.026107215 0.014453079 0.066821672
v -0.026528321 0.014449558 0.068846296
v -0.027692134 0.014439532 0.070555649
v -0.029421473 0.014424528 0.071689497
v -0.031437354 0.012606896 0.072075358
v -0.031453061 0.014406828 0.072075221
v -0.031442589 0.016906733 0.068375172
v -0.03041094 0.016915708 0.068009832
v -0.029855478 0.016920483 0.067066809
v -0.03003611 0.016918825 0.065987354
v -0.030868315 0.016911508 0.065276557
v -0.031962696 0.016901958 0.065267007
v -0.03280718 0.016894641 0.065963171
v -0.033006623 0.016892983 0.067039309
v -0.032467704 0.016897758 0.067991883
v -0.031429499 0.015406789 0.068375286
v -0.032454615 0.015397814 0.067991997
v -0.032993534 0.015393039 0.067039424
v -0.032794091 0.015394697 0.065963286
v -0.031949607 0.015402014 0.065267121
v -0.030855226 0.015411565 0.065276671
v -0.03002302 0.015418881 0.065987468
v -0.029842389 0.01542054 0.067066923
v -0.030397851 0.015415764 0.068009946
v -0.031442589 0.016906733 0.068375172
v -0.031429499 0.015406789 0.068375286
v -0.028906571 0.012928646 0.067532909
v -0.028568537 0.012506605 0.067866115
v -0.02858708 0.014631525 0.067865953
v -0.028921406 0.014628582 0.067532779
v -0.028928376 0.012503516 0.068533552
v -0.028989196 0.012502991 0.068615749
v -0.029007739 0.014627911 0.068615588
v -0.028946919 0.014628436 0.068533391
v -0.031345427 0.012907504 0.069375089
v -0.031360261 0.01460744 0.069374959
v -0.031298711 0.014607977 0.069373086
v -0.031237223 0.014608513 0.069369756
v -0.031175831 0.014609048 0.06936497
v -0.031160996 0.012909112 0.0693651
v -0.031222388 0.012908577 0.069369886
v -0.031283877 0.012908041 0.069373216
v -0.028568477 0.014631525 0.065734271
v -0.028549934 0.012506605 0.065734433
v -0.028893732 0.012928646 0.066061688
v -0.028908567 0.014628582 0.066061559
v -0.03395618 0.012884489 0.066335873
v -0.033971014 0.014584426 0.066335744
v -0.033980708 0.014584346 0.066396556
v -0.033988959 0.014584278 0.066457582
v -0.033995762 0.014584224 0.066518786
v -0.033980927 0.012884287 0.066518915
v -0.033974124 0.012884342 0.066457712
v -0.033965873 0.01288441 0.066396685
v -0.03395618 0.012884489 0.066335873
v -0.034325917 0.012456225 0.066047263
v -0.03434446 0.014581145 0.066047101
v -0.033971014 0.014584426 0.066335744
v -0.034318169 0.014581367 0.065948286
v -0.034299626 0.012456447 0.065948448
v -0.033835828 0.012885505 0.065883541
v -0.033850663 0.014585441 0.065883412
v -0.030847515 0.012486408 0.063799616
v -0.030747249 0.012487284 0.063819652
v -0.030765792 0.014612204 0.063819491
v -0.030866058 0.014611328 0.063799454
v -0.026289747 0.012451409 0.066820079
v -0.0266609 0.012448021 0.064865081
v -0.027751918 0.012438374 0.063200937
v -0.029396704 0.012423935 0.062081
v -0.031344853 0.012406904 0.06167577
v -0.033299778 0.012389872 0.062046939
v -0.034963858 0.012375434 0.063138
v -0.036083754 0.012365786 0.064782849
v -0.03648897 0.012362399 0.066731072
v -0.036117817 0.012365786 0.068686071
v -0.035026798 0.012375434 0.070350214
v -0.033382013 0.012389872 0.071470151
v -0.031433864 0.012406904 0.071875381
v -0.029478939 0.012423935 0.071504213
v -0.027814858 0.012438374 0.070413151
v -0.026694963 0.012448021 0.068768303
v -0.031437354 0.012606896 0.072075358
v -0.033461901 0.012589197 0.071654237
v -0.035171188 0.012574192 0.070490381
v -0.036304991 0.012564166 0.068760977
v -0.0366907 0.012560645 0.066729311
v -0.036269593 0.012564166 0.064704687
v -0.03510578 0.012574192 0.062995334
v -0.033376441 0.012589197 0.061861486
v -0.031344853 0.012606896 0.061475762
v -0.029320306 0.012624595 0.061896883
v -0.027611019 0.0126396 0.06306074
v -0.026477216 0.012649626 0.064790144
v -0.026091507 0.012653147 0.066821809
v -0.026512614 0.012649626 0.068846433
v -0.027676427 0.0126396 0.070555786
v -0.029405766 0.012624595 0.071689634
v -0.026289747 0.012451409 0.066820079
v -0.026091507 0.012653147 0.066821809
v -0.028906571 0.012928646 0.067532909
v -0.028921406 0.014628582 0.067532779
v -0.028904167 0.014628728 0.067473661
v -0.028888333 0.014628862 0.06741415
v -0.028873913 0.014628983 0.067354282
v -0.028859079 0.012929047 0.067354411
v -0.028873499 0.012928926 0.06741428
v -0.028889333 0.012928792 0.06747379
v -0.028568537 0.012506605 0.067866115
v -0.028607005 0.012506277 0.067960855
v -0.028625549 0.014631197 0.067960693
v -0.02858708 0.014631525 0.067865953
v -0.031345427 0.012907504 0.069375089
v -0.031555261 0.012480688 0.069796053
v -0.031573804 0.014605608 0.069795891
v -0.031360261 0.01460744 0.069374959
v -0.033985012 0.012884287 0.066986967
v -0.033999846 0.014584224 0.066986838
v -0.033994113 0.014584278 0.067048151
v -0.033986928 0.014584346 0.067109311
v -0.033978297 0.014584426 0.067170285
v -0.033963463 0.012884489 0.067170414
v -0.033972094 0.01288441 0.067109441
v -0.033979278 0.012884342 0.067048281
v -0.033985012 0.012884287 0.066986967
v -0.034414797 0.012455506 0.066800301
v -0.03443334 0.014580426 0.066800139
v -0.033999846 0.014584224 0.066986838
v -0.034432447 0.014580426 0.06669789
v -0.034413904 0.012455506 0.066698052
v -0.033980927 0.012884287 0.066518915
v -0.033995762 0.014584224 0.066518786
v -0.03160462 0.012479798 0.063758193
v -0.031502521 0.012480688 0.063752663
v -0.031521064 0.014605608 0.063752501
v -0.031623163 0.014604718 0.063758031
v -0.026289747 0.012451409 0.066820079
v -0.026694963 0.012448021 0.068768303
v -0.027814858 0.012438374 0.070413151
v -0.029478939 0.012423935 0.071504213
v -0.031433864 0.012406904 0.071875381
v -0.033382013 0.012389872 0.071470151
v -0.035026798 0.012375434 0.070350214
v -0.036117817 0.012365786 0.068686071
v -0.03648897 0.012362399 0.066731072
v -0.036083754 0.012365786 0.064782849
v -0.034963858 0.012375434 0.063138
v -0.033299778 0.012389872 0.062046939
v -0.031344853 0.012406904 0.06167577
v -0.029396704 0.012423935 0.062081
v -0.027751918 0.012438374 0.063200937
v -0.0266609 0.012448021 0.064865081
v -0.028289594 0.012433956 0.066802627
v -0.028290005 0.012433946 0.06671834
v -0.028292706 0.012433916 0.066634096
v -0.028297697 0.012433866 0.066549956
v -0.028304974 0.012433796 0.066465983
v -0.028310646 0.012433743 0.066413895
v -0.028317199 0.012433682 0.066361911
v -0.028380251 0.012433106 0.066030868
v -0.028478864 0.012432221 0.065708625
v -0.028497312 0.012432056 0.065659585
v -0.028516586 0.012431885 0.065610863
v -0.028659982 0.01243061 0.065305901
v -0.028835632 0.012429055 0.065018308
v -0.028865696 0.01242879 0.064975395
v -0.02889648 0.012428518 0.064932998
v -0.029111209 0.012426624 0.06467328
v -0.02935286 0.012424497 0.064438405
v -0.02939265 0.012424148 0.064404319
v -0.029433011 0.012423793 0.064370909
v -0.029705581 0.012421399 0.064172754
v -0.029998048 0.012418834 0.064005356
v -0.030045065 0.012418422 0.063982237
v -0.030092466 0.012418007 0.063959914
v -0.03040575 0.012415263 0.063835772
v -0.030730658 0.012412421 0.06374637
v -0.030781947 0.012411973 0.06373567
v -0.03083341 0.012411523 0.063725837
v -0.031167724 0.012408603 0.063683509
v -0.031504656 0.012405662 0.063677721
v -0.031556995 0.012405205 0.063680112
v -0.031609287 0.012404749 0.063683387
v -0.031943623 0.012401835 0.063725532
v -0.03227141 0.01239898 0.06380372
v -0.03232151 0.012398544 0.063819054
v -0.032371344 0.012398111 0.06383523
v -0.032684696 0.012395386 0.063959201
v -0.032982741 0.012392797 0.064116452
v -0.033027454 0.012392409 0.064143764
v -0.033071699 0.012392025 0.064171827
v -0.033344378 0.01238966 0.064369833
v -0.033593954 0.012387499 0.064596267
v -0.03363047 0.012387184 0.064633841
v -0.033666347 0.012386873 0.064672026
v -0.033881219 0.012385018 0.064931626
v -0.034066644 0.012383421 0.065213016
v -0.03409267 0.012383198 0.065258491
v -0.034117923 0.012382981 0.065304398
v -0.034261487 0.012381751 0.065609282
v -0.03437111 0.012380819 0.065927947
v -0.03438501 0.012380702 0.065978465
v -0.034398054 0.012380592 0.066029211
v -0.034461289 0.012380065 0.066360219
v -0.034488222 0.012379855 0.066696136
v -0.034489122 0.012379852 0.066748524
v -0.034489137 0.012379855 0.06680092
v -0.03446807 0.012380065 0.067137256
v -0.034410621 0.012380592 0.067469317
v -0.034398465 0.012380702 0.067520283
v -0.034385449 0.012380819 0.067571037
v -0.034281405 0.012381751 0.067891567
v -0.034143183 0.012382981 0.068198908
v -0.034118735 0.012383198 0.06824525
v -0.034093506 0.012383421 0.068291171
v -0.033913021 0.012385018 0.068575755
v -0.033702712 0.012386873 0.068839066
v -0.033667508 0.012387184 0.068877871
v -0.033631652 0.012387499 0.068916076
v -0.033386066 0.01238966 0.069146833
v -0.033116885 0.012392025 0.069349567
v -0.033073136 0.012392409 0.069378397
v -0.033028906 0.012392797 0.069406485
v -0.032733651 0.012395386 0.069568914
v -0.03242251 0.012398111 0.069698334
v -0.032372966 0.012398544 0.069715379
v -0.032323141 0.01239898 0.069731584
v -0.031996769 0.012401835 0.069815481
v -0.031663219 0.012404749 0.069863454
v -0.031610993 0.012405205 0.069867642
v -0.031558703 0.012405662 0.069870946
v -0.031221721 0.012408603 0.069871039
v -0.03088672 0.012411523 0.069834552
v -0.030835094 0.012411973 0.069825619
v -0.030783625 0.012412421 0.069815815
v -0.030457207 0.012415263 0.069732098
v -0.030141804 0.012418007 0.069613442
v -0.030094021 0.012418422 0.06959195
v -0.030046607 0.012418834 0.069569654
v -0.029751263 0.012421399 0.069407387
v -0.029475276 0.012423793 0.069214019
v -0.029434338 0.012424148 0.069181319
v -0.029393959 0.012424497 0.069147931
v -0.029148246 0.012426624 0.06891731
v -0.028929017 0.012428518 0.068661379
v -0.028897497 0.01242879 0.068619525
v -0.02886669 0.012429055 0.068577145
v -0.028686047 0.01243061 0.06829266
v -0.028537351 0.012431885 0.067990248
v -0.028517229 0.012432056 0.06794187
v -0.028497928 0.012432221 0.067893158
v -0.028393707 0.012433106 0.067572686
v -0.028324886 0.012433682 0.067242794
v -0.028317427 0.012433743 0.067190931
v -0.028310846 0.012433796 0.067138951
v -0.028295647 0.012433916 0.066971078
v -0.028418224 0.01463295 0.067231322
v -0.028399681 0.01250803 0.067231484
v -0.028859079 0.012929047 0.067354411
v -0.028873913 0.014628983 0.067354282
v -0.028385981 0.012508142 0.067130153
v -0.028399681 0.01250803 0.067231484
v -0.028418224 0.01463295 0.067231322
v -0.028404524 0.014633062 0.067129992
v -0.028392179 0.01250803 0.066371913
v -0.02838025 0.012508142 0.066473467
v -0.028398793 0.014633062 0.066473305
v -0.028410723 0.01463295 0.066371751
v -0.031555261 0.012480688 0.069796053
v -0.031657248 0.012479798 0.069788742
v -0.031675791 0.014604718 0.06978858
v -0.031573804 0.014605608 0.069795891
v -0.033851024 0.012885505 0.067624777
v -0.033865858 0.014585441 0.067624648
v -0.033845057 0.014585627 0.067682609
v -0.033822889 0.014585825 0.067740061
v -0.033799367 0.014586035 0.067796972
v -0.033784532 0.012886099 0.067797101
v -0.033808054 0.012885889 0.06774019
v -0.033830222 0.012885691 0.067682738
v -0.033851024 0.012885505 0.067624777
v -0.034313618 0.012456447 0.067551786
v -0.034332161 0.014581367 0.067551624
v -0.033865858 0.014585441 0.067624648
v -0.034356724 0.014581145 0.067452366
v -0.034338181 0.012456225 0.067452528
v -0.033963463 0.012884489 0.067170414
v -0.033978297 0.014584426 0.067170285
v -0.032348241 0.01247332 0.063906363
v -0.032250724 0.012474168 0.063875614
v -0.032269267 0.014599089 0.063875452
v -0.032366784 0.01459824 0.063906201
v -0.028796366 0.012929559 0.066890561
v -0.028385981 0.012508142 0.067130153
v -0.028404524 0.014633062 0.067129992
v -0.0288112 0.014629495 0.066890432
v -0.028398793 0.014633062 0.066473305
v -0.02838025 0.012508142 0.066473467
v -0.028794754 0.012929559 0.066705861
v -0.028809589 0.014629495 0.066705731
v -0.031675791 0.014604718 0.06978858
v -0.031657248 0.012479798 0.069788742
v -0.031812281 0.012903427 0.069341623
v -0.031827116 0.014603363 0.069341493
v -0.028849362 0.012929047 0.066240987
v -0.028864196 0.014628983 0.066240857
v -0.028877569 0.014628862 0.066180746
v -0.028892362 0.014628728 0.06612097
v -0.028908567 0.014628582 0.066061559
v -0.028893732 0.012928646 0.066061688
v -0.028877528 0.012928792 0.066121099
v -0.028862735 0.012928926 0.066180876
v -0.033562634 0.012888066 0.068209226
v -0.033577469 0.014588002 0.068209096
v -0.033542907 0.014588308 0.068260063
v -0.033507148 0.014588624 0.068310197
v -0.033470212 0.01458895 0.068359471
v -0.033455378 0.012889014 0.0683596
v -0.033492314 0.012888688 0.068310327
v -0.033528073 0.012888372 0.068260193
v -0.033562634 0.012888066 0.068209226
v -0.034028738 0.012458986 0.068254498
v -0.034047281 0.014583906 0.068254337
v -0.033577469 0.014588002 0.068209096
v -0.034095756 0.014583476 0.068164305
v -0.034077213 0.012458556 0.068164467
v -0.033784532 0.012886099 0.067797101
v -0.033799367 0.014586035 0.067796972
v -0.033031652 0.012467381 0.064234815
v -0.032944845 0.012468134 0.064180781
v -0.032963389 0.014593054 0.064180619
v -0.033050195 0.014592301 0.064234653
v -0.028809589 0.014629495 0.066705731
v -0.028794754 0.012929559 0.066705861
v -0.028793833 0.012929572 0.066767435
v -0.02879437 0.012929572 0.066829013
v -0.028796366 0.012929559 0.066890561
v -0.0288112 0.014629495 0.066890432
v -0.028809205 0.014629508 0.066828884
v -0.028808667 0.014629508 0.066767305
v -0.031993402 0.012901844 0.06930543
v -0.032008236 0.01460178 0.069305301
v -0.031948154 0.014602305 0.069318794
v -0.031887769 0.014602833 0.069330861
v -0.031827116 0.014603363 0.069341493
v -0.031812281 0.012903427 0.069341623
v -0.031872935 0.012902897 0.06933099
v -0.03193332 0.012902369 0.069318924
v -0.028849362 0.012929047 0.066240987
v -0.028392179 0.01250803 0.066371913
v -0.028410723 0.01463295 0.066371751
v -0.028864196 0.014628983 0.066240857
v -0.033137964 0.01289181 0.068703591
v -0.033152798 0.014591746 0.068703462
v -0.033106648 0.014592152 0.068744232
v -0.033059545 0.014592566 0.068783898
v -0.033011517 0.014592988 0.068822437
v -0.032996682 0.012893052 0.068822566
v -0.033044711 0.01289263 0.068784027
v -0.033091814 0.012892216 0.068744361
v -0.033137964 0.01289181 0.068703591
v -0.033578057 0.012462965 0.068864284
v -0.0335966 0.014587885 0.068864122
v -0.033152798 0.014591746 0.068703462
v -0.033665942 0.014587275 0.068788975
v -0.033647398 0.012462355 0.068789137
v -0.033455378 0.012889014 0.0683596
v -0.033470212 0.01458895 0.068359471
v -0.033611913 0.012462355 0.064722913
v -0.033541271 0.012462965 0.064648987
v -0.033559814 0.014587885 0.064648825
v -0.033630456 0.014587275 0.064722751
v -0.031435608 0.01460682 0.06987529
v -0.03150678 0.014606199 0.069873852
v -0.031577901 0.014605578 0.069870779
v -0.031630191 0.014605122 0.069867474
v -0.031682417 0.014604666 0.069863287
v -0.032015967 0.014601751 0.069815314
v -0.032342339 0.014598897 0.069731417
v -0.032392164 0.014598461 0.069715212
v -0.032441708 0.014598027 0.069698167
v -0.032752849 0.014595302 0.069568747
v -0.033048104 0.014592713 0.069406318
v -0.033092334 0.014592325 0.06937823
v -0.033136082 0.014591941 0.069349399
v -0.033405264 0.014589577 0.069146665
v -0.03365085 0.014587416 0.068915908
v -0.033686705 0.0145871 0.068877703
v -0.03372191 0.01458679 0.068838898
v -0.033932219 0.014584935 0.068575588
v -0.034112704 0.014583338 0.068291004
v -0.034137932 0.014583114 0.068245082
v -0.034162381 0.014582897 0.068198741
v -0.034300602 0.014581668 0.067891399
v -0.034404647 0.014580735 0.067570869
v -0.034417663 0.014580618 0.067520116
v -0.034429819 0.014580508 0.06746915
v -0.034487268 0.014579981 0.067137088
v -0.034508334 0.014579772 0.066800752
v -0.03450832 0.014579768 0.066748357
v -0.03450742 0.014579772 0.066695969
v -0.034480487 0.014579981 0.066360052
v -0.034417251 0.014580508 0.066029044
v -0.034404207 0.014580618 0.065978298
v -0.034390308 0.014580735 0.065927779
v -0.034280685 0.014581668 0.065609114
v -0.034137121 0.014582897 0.065304231
v -0.034111867 0.014583114 0.065258324
v -0.034085841 0.014583338 0.065212849
v -0.033900417 0.014584935 0.064931458
v -0.033685545 0.01458679 0.064671858
v -0.033649668 0.0145871 0.064633673
v -0.033613151 0.014587416 0.0645961
v -0.033363576 0.014589577 0.064369665
v -0.033090897 0.014591941 0.064171659
v -0.033046652 0.014592325 0.064143596
v -0.033001938 0.014592713 0.064116285
v -0.032703894 0.014595302 0.063959033
v -0.032390541 0.014598027 0.063835063
v -0.032340707 0.014598461 0.063818886
v -0.032290607 0.014598897 0.063803553
v -0.031962821 0.014601751 0.063725365
v -0.031628484 0.014604666 0.063683219
v -0.031576193 0.014605122 0.063679944
v -0.031523854 0.014605578 0.063677553
v -0.031186921 0.014608519 0.063683341
v -0.030852608 0.01461144 0.06372567
v -0.030801145 0.014611889 0.063735502
v -0.030749855 0.014612338 0.063746202
v -0.030424948 0.01461518 0.063835605
v -0.030111664 0.014617923 0.063959746
v -0.030064263 0.014618339 0.063982069
v -0.030017246 0.014618751 0.064005188
v -0.029724778 0.014621316 0.064172586
v -0.029452209 0.014623709 0.064370741
v -0.029411848 0.014624064 0.064404151
v -0.029372057 0.014624414 0.064438237
v -0.029130407 0.014626541 0.064673112
v -0.028915678 0.014628434 0.06493283
v -0.028884893 0.014628706 0.064975228
v -0.02885483 0.014628972 0.06501814
v -0.028679179 0.014630526 0.065305734
v -0.028535784 0.014631801 0.065610696
v -0.02851651 0.014631973 0.065659417
v -0.028498062 0.014632138 0.065708457
v -0.028399449 0.014633023 0.0660307
v -0.028336396 0.014633598 0.066361743
v -0.028329844 0.014633659 0.066413728
v -0.028324171 0.014633713 0.066465815
v -0.028308792 0.014633873 0.066802459
v -0.028330044 0.014633713 0.067138783
v -0.028336625 0.014633659 0.067190764
v -0.028344084 0.014633598 0.067242626
v -0.028412904 0.014633023 0.067572518
v -0.028517126 0.014632138 0.067892991
v -0.028536427 0.014631973 0.067941702
v -0.028556548 0.014631801 0.06799008
v -0.028705244 0.014630526 0.068292492
v -0.028885887 0.014628972 0.068576977
v -0.028916695 0.014628706 0.068619358
v -0.028948215 0.014628434 0.068661212
v -0.029167444 0.014626541 0.068917142
v -0.029413157 0.014624414 0.069147764
v -0.029453536 0.014624064 0.069181151
v -0.029494474 0.014623709 0.069213851
v -0.02977046 0.014621316 0.069407219
v -0.030065805 0.014618751 0.069569487
v -0.030113218 0.014618339 0.069591783
v -0.030161002 0.014617923 0.069613274
v -0.030476404 0.01461518 0.06973193
v -0.030802823 0.014612338 0.069815647
v -0.030854291 0.014611889 0.069825451
v -0.030905918 0.01461144 0.069834384
v -0.03103756 0.014610292 0.069853126
v -0.031169885 0.014609139 0.069866205
v -0.031302649 0.014607981 0.069873598
v -0.031442589 0.015406789 0.069875229
v -0.029889083 0.015420315 0.069473449
v -0.028744589 0.015430217 0.068348715
v -0.028315773 0.015433841 0.066802398
v -0.028717536 0.015430217 0.065248833
v -0.029842227 0.015420315 0.064104296
v -0.031388485 0.015406789 0.063675466
v -0.032941991 0.015393263 0.064077245
v -0.034086485 0.015383361 0.065201979
v -0.034515301 0.015379737 0.066748296
v -0.034113537 0.015383361 0.068301861
v -0.032988847 0.015393263 0.069446398
v -0.031435608 0.01460682 0.06987529
v -0.031442589 0.015406789 0.069875229
v -0.032603696 0.012896501 0.06907681
v -0.032618531 0.014596437 0.06907668
v -0.032563692 0.014596917 0.069104692
v -0.032508205 0.014597404 0.069131397
v -0.032452101 0.014597895 0.06915678
v -0.032437266 0.012897959 0.06915691
v -0.03249337 0.012897468 0.069131526
v -0.032548857 0.012896981 0.069104821
v -0.031435608 0.01460682 0.06987529
v -0.031302649 0.014607981 0.069873598
v -0.031169885 0.014609139 0.069866205
v -0.03103756 0.014610292 0.069853126
v -0.030905918 0.01461144 0.069834384
v -0.030854291 0.014611889 0.069825451
v -0.030802823 0.014612338 0.069815647
v -0.030476404 0.01461518 0.06973193
v -0.030161002 0.014617923 0.069613274
v -0.030113218 0.014618339 0.069591783
v -0.030065805 0.014618751 0.069569487
v -0.02977046 0.014621316 0.069407219
v -0.029494474 0.014623709 0.069213851
v -0.029453536 0.014624064 0.069181151
v -0.029413157 0.014624414 0.069147764
v -0.029167444 0.014626541 0.068917142
v -0.028948215 0.014628434 0.068661212
v -0.028916695 0.014628706 0.068619358
v -0.028885887 0.014628972 0.068576977
v -0.028705244 0.014630526 0.068292492
v -0.028556548 0.014631801 0.06799008
v -0.028536427 0.014631973 0.067941702
v -0.028517126 0.014632138 0.067892991
v -0.028412904 0.014633023 0.067572518
v -0.028344084 0.014633598 0.067242626
v -0.028336625 0.014633659 0.067190764
v -0.028330044 0.014633713 0.067138783
v -0.028308792 0.014633873 0.066802459
v -0.028324171 0.014633713 0.066465815
v -0.028329844 0.014633659 0.066413728
v -0.028336396 0.014633598 0.066361743
v -0.028399449 0.014633023 0.0660307
v -0.028498062 0.014632138 0.065708457
v -0.02851651 0.014631973 0.065659417
v -0.028535784 0.014631801 0.065610696
v -0.028679179 0.014630526 0.065305734
v -0.02885483 0.014628972 0.06501814
v -0.028884893 0.014628706 0.064975228
v -0.028915678 0.014628434 0.06493283
v -0.029130407 0.014626541 0.064673112
v -0.029372057 0.014624414 0.064438237
v -0.029411848 0.014624064 0.064404151
v -0.029452209 0.014623709 0.064370741
v -0.029724778 0.014621316 0.064172586
v -0.030017246 0.014618751 0.064005188
v -0.030064263 0.014618339 0.063982069
v -0.030111664 0.014617923 0.063959746
v -0.030424948 0.01461518 0.063835605
v -0.030749855 0.014612338 0.063746202
v -0.030801145 0.014611889 0.063735502
v -0.030852608 0.01461144 0.06372567
v -0.031186921 0.014608519 0.063683341
v -0.031523854 0.014605578 0.063677553
v -0.031576193 0.014605122 0.063679944
v -0.031628484 0.014604666 0.063683219
v -0.031962821 0.014601751 0.063725365
v -0.032290607 0.014598897 0.063803553
v -0.032340707 0.014598461 0.063818886
v -0.032390541 0.014598027 0.063835063
v -0.032703894 0.014595302 0.063959033
v -0.033001938 0.014592713 0.064116285
v -0.033046652 0.014592325 0.064143596
v -0.033090897 0.014591941 0.064171659
v -0.033363576 0.014589577 0.064369665
v -0.033613151 0.014587416 0.0645961
v -0.033649668 0.0145871 0.064633673
v -0.033685545 0.01458679 0.064671858
v -0.033900417 0.014584935 0.064931458
v -0.034085841 0.014583338 0.065212849
v -0.034111867 0.014583114 0.065258324
v -0.034137121 0.014582897 0.065304231
v -0.034280685 0.014581668 0.065609114
v -0.034390308 0.014580735 0.065927779
v -0.034404207 0.014580618 0.065978298
v -0.034417251 0.014580508 0.066029044
v -0.034480487 0.014579981 0.066360052
v -0.03450742 0.014579772 0.066695969
v -0.03450832 0.014579768 0.066748357
v -0.034508334 0.014579772 0.066800752
v -0.034487268 0.014579981 0.067137088
v -0.034429819 0.014580508 0.06746915
v -0.034417663 0.014580618 0.067520116
v -0.034404647 0.014580735 0.067570869
v -0.034300602 0.014581668 0.067891399
v -0.034162381 0.014582897 0.068198741
v -0.034137932 0.014583114 0.068245082
v -0.034112704 0.014583338 0.068291004
v -0.033932219 0.014584935 0.068575588
v -0.03372191 0.01458679 0.068838898
v -0.033686705 0.0145871 0.068877703
v -0.03365085 0.014587416 0.068915908
v -0.033405264 0.014589577 0.069146665
v -0.033136082 0.014591941 0.069349399
v -0.033092334 0.014592325 0.06937823
v -0.033048104 0.014592713 0.069406318
v -0.032752849 0.014595302 0.069568747
v -0.032441708 0.014598027 0.069698167
v -0.032392164 0.014598461 0.069715212
v -0.032342339 0.014598897 0.069731417
v -0.032015967 0.014601751 0.069815314
v -0.031682417 0.014604666 0.069863287
v -0.031630191 0.014605122 0.069867474
v -0.031577901 0.014605578 0.069870779
v -0.03150678 0.014606199 0.069873852
v -0.028864196 0.014628983 0.066240857
v -0.028410723 0.01463295 0.066371751
v -0.028398793 0.014633062 0.066473305
v -0.028809589 0.014629495 0.066705731
v -0.028808667 0.014629508 0.066767305
v -0.028809205 0.014629508 0.066828884
v -0.0288112 0.014629495 0.066890432
v -0.028404524 0.014633062 0.067129992
v -0.028418224 0.01463295 0.067231322
v -0.028873913 0.014628983 0.067354282
v -0.028888333 0.014628862 0.06741415
v -0.028904167 0.014628728 0.067473661
v -0.028921406 0.014628582 0.067532779
v -0.02858708 0.014631525 0.067865953
v -0.028625549 0.014631197 0.067960693
v -0.029097499 0.014627079 0.067966459
v -0.029126354 0.014626831 0.068020861
v -0.029156489 0.014626572 0.068074564
v -0.029187888 0.014626302 0.068127538
v -0.028946919 0.014628436 0.068533391
v -0.029007739 0.014627911 0.068615588
v -0.029466296 0.014623901 0.068503799
v -0.029507774 0.014623543 0.068549315
v -0.029550317 0.014623175 0.068593836
v -0.029593903 0.014622798 0.068637337
v -0.029461433 0.014623988 0.069090368
v -0.029540782 0.014623301 0.069154857
v -0.029957133 0.014619651 0.068932537
v -0.030008626 0.014619204 0.068966308
v -0.030060905 0.01461875 0.06899885
v -0.030113939 0.01461829 0.069030144
v -0.030098291 0.014618462 0.069501888
v -0.030191185 0.014617655 0.069544617
v -0.030539169 0.014614594 0.069225736
v -0.030597442 0.014614087 0.069245639
v -0.03065617 0.014613576 0.069264157
v -0.030715321 0.014613061 0.069281278
v -0.030817477 0.014612204 0.069742093
v -0.030918079 0.014611328 0.069760376
v -0.031175831 0.014609048 0.06936497
v -0.031237223 0.014608513 0.069369756
v -0.031298711 0.014607977 0.069373086
v -0.031360261 0.01460744 0.069374959
v -0.031573804 0.014605608 0.069795891
v -0.031675791 0.014604718 0.06978858
v -0.031827116 0.014603363 0.069341493
v -0.031887769 0.014602833 0.069330861
v -0.031948154 0.014602305 0.069318794
v -0.032008236 0.01460178 0.069305301
v -0.032319747 0.014599089 0.0696599
v -0.032416712 0.01459824 0.069627455
v -0.032452101 0.014597895 0.06915678
v -0.032508205 0.014597404 0.069131397
v -0.032563692 0.014596917 0.069104692
v -0.032618531 0.014596437 0.06907668
v -0.033008437 0.014593054 0.069342666
v -0.033094287 0.014592301 0.069287125
v -0.033011517 0.014592988 0.068822437
v -0.033059545 0.014592566 0.068783898
v -0.033106648 0.014592152 0.068744232
v -0.033152798 0.014591746 0.068703462
v -0.0335966 0.014587885 0.068864122
v -0.033665942 0.014587275 0.068788975
v -0.033470212 0.01458895 0.068359471
v -0.033507148 0.014588624 0.068310197
v -0.033542907 0.014588308 0.068260063
v -0.033577469 0.014588002 0.068209096
v -0.034047281 0.014583906 0.068254337
v -0.034095756 0.014583476 0.068164305
v -0.033799367 0.014586035 0.067796972
v -0.033822889 0.014585825 0.067740061
v -0.033845057 0.014585627 0.067682609
v -0.033865858 0.014585441 0.067624648
v -0.034332161 0.014581367 0.067551624
v -0.034356724 0.014581145 0.067452366
v -0.033978297 0.014584426 0.067170285
v -0.033986928 0.014584346 0.067109311
v -0.033994113 0.014584278 0.067048151
v -0.033999846 0.014584224 0.066986838
v -0.03443334 0.014580426 0.066800139
v -0.034432447 0.014580426 0.06669789
v -0.033995762 0.014584224 0.066518786
v -0.033988959 0.014584278 0.066457582
v -0.033980708 0.014584346 0.066396556
v -0.033971014 0.014584426 0.066335744
v -0.03434446 0.014581145 0.066047101
v -0.034318169 0.014581367 0.065948286
v -0.033850663 0.014585441 0.065883412
v -0.033828853 0.014585627 0.065825823
v -0.033805686 0.014585825 0.065768767
v -0.033781174 0.014586035 0.065712274
v -0.034071107 0.014583476 0.065339824
v -0.034021068 0.014583906 0.065250653
v -0.033552117 0.014588002 0.065304084
v -0.033516671 0.014588308 0.065253729
v -0.033480043 0.014588624 0.065204227
v -0.033442253 0.01458895 0.065155606
v -0.033630456 0.014587275 0.064722751
v -0.033559814 0.014587885 0.064648825
v -0.033118883 0.014591746 0.064817206
v -0.033072029 0.014592152 0.064777248
v -0.033024241 0.014592566 0.06473841
v -0.032975547 0.014592988 0.064700715
v -0.033050195 0.014592301 0.064234653
v -0.032963389 0.014593054 0.064180619
v -0.032578184 0.014596437 0.064453369
v -0.032522864 0.014596917 0.06442632
v -0.03246692 0.014597404 0.064400587
v -0.032410381 0.014597895 0.064376186
v -0.032366784 0.01459824 0.063906201
v -0.032269267 0.014599089 0.063875452
v -0.031963992 0.01460178 0.064235435
v -0.031903684 0.014602305 0.064222992
v -0.031843097 0.014602833 0.06421198
v -0.031782268 0.014603363 0.064202408
v -0.031623163 0.014604718 0.063758031
v -0.031521064 0.014605608 0.063752501
v -0.0313149 0.01460744 0.064177096
v -0.031253392 0.014607977 0.064180043
v -0.031191971 0.014608513 0.064184445
v -0.031130672 0.014609048 0.064190302
v -0.030866058 0.014611328 0.063799454
v -0.030765792 0.014612204 0.063819491
v -0.030671693 0.014613061 0.064282017
v -0.03061285 0.014613576 0.064300169
v -0.030554454 0.014614087 0.06431971
v -0.030496537 0.014614594 0.064340627
v -0.030143041 0.014617655 0.064027868
v -0.030050907 0.014618462 0.06407221
v -0.030074786 0.01461829 0.064543609
v -0.030022306 0.01461875 0.064575824
v -0.029970603 0.014619204 0.064609274
v -0.029919707 0.014619651 0.064643937
v -0.02949954 0.014623301 0.064428919
v -0.029421328 0.014623988 0.064494782
v -0.029561684 0.014622798 0.064945432
v -0.029518864 0.014623175 0.064989688
v -0.029477104 0.014623543 0.065034944
v -0.029436428 0.014623901 0.065081178
v -0.028975989 0.014627911 0.064977409
v -0.028916613 0.014628436 0.065060654
v -0.029164628 0.014626302 0.065462241
v -0.029134159 0.014626572 0.065515755
v -0.029104965 0.014626831 0.065569975
v -0.029077064 0.014627079 0.065624871
v -0.028605286 0.014631197 0.065638873
v -0.028568477 0.014631525 0.065734271
v -0.028908567 0.014628582 0.066061559
v -0.028892362 0.014628728 0.06612097
v -0.028877569 0.014628862 0.066180746
v -0.032603696 0.012896501 0.06907681
v -0.032989894 0.012468134 0.069342828
v -0.033008437 0.014593054 0.069342666
v -0.032618531 0.014596437 0.06907668
v -0.033094287 0.014592301 0.069287125
v -0.033075744 0.012467381 0.069287287
v -0.032996682 0.012893052 0.068822566
v -0.033011517 0.014592988 0.068822437
v -0.034052564 0.012458556 0.065339986
v -0.034002525 0.012458986 0.065250815
v -0.034021068 0.014583906 0.065250653
v -0.034071107 0.014583476 0.065339824
v -0.031442589 0.015406789 0.069875229
v -0.032988847 0.015393263 0.069446398
v -0.034113537 0.015383361 0.068301861
v -0.034515301 0.015379737 0.066748296
v -0.034086485 0.015383361 0.065201979
v -0.032941991 0.015393263 0.064077245
v -0.031388485 0.015406789 0.063675466
v -0.029842227 0.015420315 0.064104296
v -0.028717536 0.015430217 0.065248833
v -0.028315773 0.015433841 0.066802398
v -0.028744589 0.015430217 0.068348715
v -0.029889083 0.015420315 0.069473449
v -0.031429499 0.015406789 0.068375286
v -0.030397851 0.015415764 0.068009946
v -0.029842389 0.01542054 0.067066923
v -0.03002302 0.015418881 0.065987468
v -0.030855226 0.015411565 0.065276671
v -0.031949607 0.015402014 0.065267121
v -0.032794091 0.015394697 0.065963286
v -0.032993534 0.015393039 0.067039424
v -0.032454615 0.015397814 0.067991997
v -0.031993402 0.012901844 0.06930543
v -0.032301204 0.012474168 0.069660062
v -0.032319747 0.014599089 0.0696599
v -0.032008236 0.01460178 0.069305301
v -0.032416712 0.01459824 0.069627455
v -0.032398169 0.01247332 0.069627617
v -0.032437266 0.012897959 0.06915691
v -0.032452101 0.014597895 0.06915678
v -0.034325917 0.012456225 0.066047263
v -0.034299626 0.012456447 0.065948448
v -0.034318169 0.014581367 0.065948286
v -0.03434446 0.014581145 0.066047101
v -0.028289594 0.012433956 0.066802627
v -0.028295647 0.012433916 0.066971078
v -0.028310846 0.012433796 0.067138951
v -0.028317427 0.012433743 0.067190931
v -0.028324886 0.012433682 0.067242794
v -0.028393707 0.012433106 0.067572686
v -0.028497928 0.012432221 0.067893158
v -0.028517229 0.012432056 0.06794187
v -0.028537351 0.012431885 0.067990248
v -0.028686047 0.01243061 0.06829266
v -0.02886669 0.012429055 0.068577145
v -0.028897497 0.01242879 0.068619525
v -0.028929017 0.012428518 0.068661379
v -0.029148246 0.012426624 0.06891731
v -0.029393959 0.012424497 0.069147931
v -0.029434338 0.012424148 0.069181319
v -0.029475276 0.012423793 0.069214019
v -0.029751263 0.012421399 0.069407387
v -0.030046607 0.012418834 0.069569654
v -0.030094021 0.012418422 0.06959195
v -0.030141804 0.012418007 0.069613442
v -0.030457207 0.012415263 0.069732098
v -0.030783625 0.012412421 0.069815815
v -0.030835094 0.012411973 0.069825619
v -0.03088672 0.012411523 0.069834552
v -0.031221721 0.012408603 0.069871039
v -0.031558703 0.012405662 0.069870946
v -0.031610993 0.012405205 0.069867642
v -0.031663219 0.012404749 0.069863454
v -0.031996769 0.012401835 0.069815481
v -0.032323141 0.01239898 0.069731584
v -0.032372966 0.012398544 0.069715379
v -0.03242251 0.012398111 0.069698334
v -0.032733651 0.012395386 0.069568914
v -0.033028906 0.012392797 0.069406485
v -0.033073136 0.012392409 0.069378397
v -0.033116885 0.012392025 0.069349567
v -0.033386066 0.01238966 0.069146833
v -0.033631652 0.012387499 0.068916076
v -0.033667508 0.012387184 0.068877871
v -0.033702712 0.012386873 0.068839066
v -0.033913021 0.012385018 0.068575755
v -0.034093506 0.012383421 0.068291171
v -0.034118735 0.012383198 0.06824525
v -0.034143183 0.012382981 0.068198908
v -0.034281405 0.012381751 0.067891567
v -0.034385449 0.012380819 0.067571037
v -0.034398465 0.012380702 0.067520283
v -0.034410621 0.012380592 0.067469317
v -0.03446807 0.012380065 0.067137256
v -0.034489137 0.012379855 0.06680092
v -0.034489122 0.012379852 0.066748524
v -0.034488222 0.012379855 0.066696136
v -0.034461289 0.012380065 0.066360219
v -0.034398054 0.012380592 0.066029211
v -0.03438501 0.012380702 0.065978465
v -0.03437111 0.012380819 0.065927947
v -0.034261487 0.012381751 0.065609282
v -0.034117923 0.012382981 0.065304398
v -0.03409267 0.012383198 0.065258491
v -0.034066644 0.012383421 0.065213016
v -0.033881219 0.012385018 0.064931626
v -0.033666347 0.012386873 0.064672026
v -0.03363047 0.012387184 0.064633841
v -0.033593954 0.012387499 0.064596267
v -0.033344378 0.01238966 0.064369833
v -0.033071699 0.012392025 0.064171827
v -0.033027454 0.012392409 0.064143764
v -0.032982741 0.012392797 0.064116452
v -0.032684696 0.012395386 0.063959201
v -0.032371344 0.012398111 0.06383523
v -0.03232151 0.012398544 0.063819054
v -0.03227141 0.01239898 0.06380372
v -0.031943623 0.012401835 0.063725532
v -0.031609287 0.012404749 0.063683387
v -0.031556995 0.012405205 0.063680112
v -0.031504656 0.012405662 0.063677721
v -0.031167724 0.012408603 0.063683509
v -0.03083341 0.012411523 0.063725837
v -0.030781947 0.012411973 0.06373567
v -0.030730658 0.012412421 0.06374637
v -0.03040575 0.012415263 0.063835772
v -0.030092466 0.012418007 0.063959914
v -0.030045065 0.012418422 0.063982237
v -0.029998048 0.012418834 0.064005356
v -0.029705581 0.012421399 0.064172754
v -0.029433011 0.012423793 0.064370909
v -0.02939265 0.012424148 0.064404319
v -0.02935286 0.012424497 0.064438405
v -0.029111209 0.012426624 0.06467328
v -0.02889648 0.012428518 0.064932998
v -0.028865696 0.01242879 0.064975395
v -0.028835632 0.012429055 0.065018308
v -0.028659982 0.01243061 0.065305901
v -0.028516586 0.012431885 0.065610863
v -0.028497312 0.012432056 0.065659585
v -0.028478864 0.012432221 0.065708625
v -0.028380251 0.012433106 0.066030868
v -0.028317199 0.012433682 0.066361911
v -0.028310646 0.012433743 0.066413895
v -0.028304974 0.012433796 0.066465983
v -0.028297697 0.012433866 0.066549956
v -0.028292706 0.012433916 0.066634096
v -0.028290005 0.012433946 0.06671834
v -0.028796366 0.012929559 0.066890561
v -0.02879437 0.012929572 0.066829013
v -0.028793833 0.012929572 0.066767435
v -0.028794754 0.012929559 0.066705861
v -0.02838025 0.012508142 0.066473467
v -0.028392179 0.01250803 0.066371913
v -0.028849362 0.012929047 0.066240987
v -0.028862735 0.012928926 0.066180876
v -0.028877528 0.012928792 0.066121099
v -0.028893732 0.012928646 0.066061688
v -0.028549934 0.012506605 0.065734433
v -0.028586743 0.012506277 0.065639035
v -0.029062229 0.012927143 0.065625
v -0.029090131 0.012926895 0.065570104
v -0.029119324 0.012926636 0.065515884
v -0.029149794 0.012926366 0.06546237
v -0.02889807 0.012503516 0.065060816
v -0.028957446 0.012502991 0.06497757
v -0.029421593 0.012923965 0.065081307
v -0.02946227 0.012923607 0.065035074
v -0.02950403 0.012923239 0.064989817
v -0.02954685 0.012922862 0.064945562
v -0.029402784 0.012499068 0.064494944
v -0.029480997 0.012498381 0.064429081
v -0.029904873 0.012919715 0.064644067
v -0.029955769 0.012919268 0.064609403
v -0.030007471 0.012918814 0.064575954
v -0.030059951 0.012918354 0.064543738
v -0.030032363 0.012493542 0.064072372
v -0.030124497 0.012492735 0.06402803
v -0.030481702 0.012914658 0.064340756
v -0.030539619 0.012914151 0.064319839
v -0.030598016 0.01291364 0.064300298
v -0.030656859 0.012913125 0.064282147
v -0.030747249 0.012487284 0.063819652
v -0.030847515 0.012486408 0.063799616
v -0.031115837 0.012909112 0.064190431
v -0.031177137 0.012908577 0.064184574
v -0.031238558 0.012908041 0.064180172
v -0.031300066 0.012907504 0.064177225
v -0.031502521 0.012480688 0.063752663
v -0.03160462 0.012479798 0.063758193
v -0.031767433 0.012903427 0.064202537
v -0.031828263 0.012902897 0.06421211
v -0.031888849 0.012902369 0.064223121
v -0.031949157 0.012901844 0.064235564
v -0.032250724 0.012474168 0.063875614
v -0.032348241 0.01247332 0.063906363
v -0.032395547 0.012897959 0.064376315
v -0.032452085 0.012897468 0.064400716
v -0.03250803 0.012896981 0.064426449
v -0.032563349 0.012896501 0.064453499
v -0.032944845 0.012468134 0.064180781
v -0.033031652 0.012467381 0.064234815
v -0.032960712 0.012893052 0.064700845
v -0.033009406 0.01289263 0.06473854
v -0.033057194 0.012892216 0.064777377
v -0.033104049 0.01289181 0.064817336
v -0.033541271 0.012462965 0.064648987
v -0.033611913 0.012462355 0.064722913
v -0.033427418 0.012889014 0.065155736
v -0.033465208 0.012888688 0.065204356
v -0.033501837 0.012888372 0.065253859
v -0.033537282 0.012888066 0.065304214
v -0.034002525 0.012458986 0.065250815
v -0.034052564 0.012458556 0.065339986
v -0.033766339 0.012886099 0.065712403
v -0.033790851 0.012885889 0.065768895
v -0.033814019 0.012885691 0.065825952
v -0.033835828 0.012885505 0.065883541
v -0.034299626 0.012456447 0.065948448
v -0.034325917 0.012456225 0.066047263
v -0.03395618 0.012884489 0.066335873
v -0.033965873 0.01288441 0.066396685
v -0.033974124 0.012884342 0.066457712
v -0.033980927 0.012884287 0.066518915
v -0.034413904 0.012455506 0.066698052
v -0.034414797 0.012455506 0.066800301
v -0.033985012 0.012884287 0.066986967
v -0.033979278 0.012884342 0.067048281
v -0.033972094 0.01288441 0.067109441
v -0.033963463 0.012884489 0.067170414
v -0.034338181 0.012456225 0.067452528
v -0.034313618 0.012456447 0.067551786
v -0.033851024 0.012885505 0.067624777
v -0.033830222 0.012885691 0.067682738
v -0.033808054 0.012885889 0.06774019
v -0.033784532 0.012886099 0.067797101
v -0.034077213 0.012458556 0.068164467
v -0.034028738 0.012458986 0.068254498
v -0.033562634 0.012888066 0.068209226
v -0.033528073 0.012888372 0.068260193
v -0.033492314 0.012888688 0.068310327
v -0.033455378 0.012889014 0.0683596
v -0.033647398 0.012462355 0.068789137
v -0.033578057 0.012462965 0.068864284
v -0.033137964 0.01289181 0.068703591
v -0.033091814 0.012892216 0.068744361
v -0.033044711 0.01289263 0.068784027
v -0.032996682 0.012893052 0.068822566
v -0.033075744 0.012467381 0.069287287
v -0.032989894 0.012468134 0.069342828
v -0.032603696 0.012896501 0.06907681
v -0.032548857 0.012896981 0.069104821
v -0.03249337 0.012897468 0.069131526
v -0.032437266 0.012897959 0.06915691
v -0.032398169 0.01247332 0.069627617
v -0.032301204 0.012474168 0.069660062
v -0.031993402 0.012901844 0.06930543
v -0.03193332 0.012902369 0.069318924
v -0.031872935 0.012902897 0.06933099
v -0.031812281 0.012903427 0.069341623
v -0.031657248 0.012479798 0.069788742
v -0.031555261 0.012480688 0.069796053
v -0.031345427 0.012907504 0.069375089
v -0.031283877 0.012908041 0.069373216
v -0.031222388 0.012908577 0.069369886
v -0.031160996 0.012909112 0.0693651
v -0.030899535 0.012486408 0.069760538
v -0.030798934 0.012487284 0.069742255
v -0.030700486 0.012913125 0.069281408
v -0.030641336 0.01291364 0.069264286
v -0.030582607 0.012914151 0.069245768
v -0.030524334 0.012914658 0.069225865
v -0.030172641 0.012492735 0.069544778
v -0.030079747 0.012493542 0.06950205
v -0.030099105 0.012918354 0.069030274
v -0.03004607 0.012918814 0.068998979
v -0.029993792 0.012919268 0.068966438
v -0.029942299 0.012919715 0.068932667
v -0.029522239 0.012498381 0.069155018
v -0.029442889 0.012499068 0.06909053
v -0.029579069 0.012922862 0.068637467
v -0.029535483 0.012923239 0.068593965
v -0.029492939 0.012923607 0.068549444
v -0.029451462 0.012923965 0.068503929
v -0.028989196 0.012502991 0.068615749
v -0.028928376 0.012503516 0.068533552
v -0.029173054 0.012926366 0.068127667
v -0.029141655 0.012926636 0.068074693
v -0.029111519 0.012926895 0.06802099
v -0.029082664 0.012927143 0.067966589
v -0.028607005 0.012506277 0.067960855
v -0.028568537 0.012506605 0.067866115
v -0.028906571 0.012928646 0.067532909
v -0.028889333 0.012928792 0.06747379
v -0.028873499 0.012928926 0.06741428
v -0.028859079 0.012929047 0.067354411
v -0.028399681 0.01250803 0.067231484
v -0.028385981 0.012508142 0.067130153
v -0.02879437 0.012929572 0.066829013
v -0.028289594 0.012433956 0.066802627
v -0.034414797 0.012455506 0.066800301
v -0.034413904 0.012455506 0.066698052
v -0.034432447 0.014580426 0.06669789
v -0.03443334 0.014580426 0.066800139
v -0.034313618 0.012456447 0.067551786
v -0.034338181 0.012456225 0.067452528
v -0.034356724 0.014581145 0.067452366
v -0.034332161 0.014581367 0.067551624
v -0.034028738 0.012458986 0.068254498
v -0.034077213 0.012458556 0.068164467
v -0.034095756 0.014583476 0.068164305
v -0.034047281 0.014583906 0.068254337
v -0.033578057 0.012462965 0.068864284
v -0.033647398 0.012462355 0.068789137
v -0.033665942 0.014587275 0.068788975
v -0.0335966 0.014587885 0.068864122
v -0.032989894 0.012468134 0.069342828
v -0.033075744 0.012467381 0.069287287
v -0.033094287 0.014592301 0.069287125
v -0.033008437 0.014593054 0.069342666
v -0.032301204 0.012474168 0.069660062
v -0.032398169 0.01247332 0.069627617
v -0.032416712 0.01459824 0.069627455
v -0.032319747 0.014599089 0.0696599
f 2 16 1
f 1 16 18
f 17 9 8
f 8 9 10
f 8 10 7
f 7 10 11
f 7 11 6
f 6 11 12
f 6 12 5
f 5 12 13
f 5 13 4
f 4 13 14
f 4 14 3
f 3 14 15
f 3 15 2
f 2 15 16
f 19 20 26
f 26 20 21
f 26 21 25
f 25 21 22
f 25 22 24
f 24 22 23
f 27 28 34
f 34 28 29
f 34 29 33
f 33 29 30
f 33 30 32
f 32 30 31
f 36 37 35
f 35 37 38
f 40 41 39
f 39 41 42
f 44 58 43
f 43 58 60
f 59 51 50
f 50 51 52
f 50 52 49
f 49 52 53
f 49 53 48
f 48 53 54
f 48 54 47
f 47 54 55
f 47 55 46
f 46 55 56
f 46 56 45
f 45 56 57
f 45 57 44
f 44 57 58
f 62 63 61
f 61 63 64
f 66 67 65
f 65 67 68
f 69 70 76
f 76 70 71
f 76 71 75
f 75 71 72
f 75 72 74
f 74 72 73
f 77 78 84
f 84 78 79
f 84 79 83
f 83 79 80
f 83 80 82
f 82 80 81
f 86 87 85
f 85 87 88
f 90 91 89
f 89 91 92
f 94 134 93
f 93 134 136
f 135 114 113
f 113 114 115
f 113 115 112
f 112 115 116
f 112 116 111
f 111 116 117
f 111 117 110
f 110 117 118
f 110 118 109
f 109 118 119
f 109 119 108
f 108 119 120
f 108 120 107
f 107 120 121
f 107 121 106
f 106 121 122
f 106 122 105
f 105 122 123
f 105 123 104
f 104 123 124
f 104 124 103
f 103 124 125
f 103 125 102
f 102 125 126
f 102 126 101
f 101 126 127
f 101 127 100
f 100 127 128
f 100 128 99
f 99 128 129
f 99 129 98
f 98 129 130
f 98 130 97
f 97 130 131
f 97 131 96
f 96 131 132
f 96 132 95
f 95 132 133
f 95 133 94
f 94 133 134
f 138 139 137
f 137 139 140
f 142 143 141
f 141 143 144
f 145 146 152
f 152 146 147
f 152 147 148
f 152 148 151
f 151 148 149
f 151 149 150
f 154 155 153
f 153 155 156
f 158 159 157
f 157 159 160
f 162 197 161
f 161 197 198
f 161 198 181
f 181 198 199
f 181 199 180
f 180 199 200
f 180 200 179
f 179 200 201
f 179 201 178
f 178 201 202
f 178 202 177
f 177 202 204
f 177 204 176
f 203 182 183
f 203 183 175
f 175 183 184
f 175 184 174
f 174 184 185
f 174 185 173
f 173 185 186
f 173 186 172
f 172 186 187
f 172 187 171
f 171 187 188
f 171 188 170
f 170 188 189
f 170 189 169
f 169 189 190
f 169 190 168
f 168 190 191
f 168 191 167
f 167 191 192
f 167 192 166
f 166 192 193
f 166 193 165
f 165 193 194
f 165 194 164
f 164 194 195
f 164 195 163
f 163 195 196
f 163 196 162
f 162 196 197
f 205 206 212
f 212 206 207
f 212 207 211
f 211 207 208
f 211 208 210
f 210 208 209
f 214 215 213
f 213 215 216
f 217 218 224
f 224 218 219
f 224 219 223
f 223 219 220
f 223 220 222
f 222 220 221
f 226 227 225
f 225 227 228
f 230 231 229
f 229 231 232
f 234 275 233
f 276 259 260
f 276 260 253
f 253 260 261
f 253 261 252
f 252 261 262
f 252 262 251
f 251 262 263
f 251 263 250
f 250 263 264
f 250 264 249
f 249 264 265
f 249 265 248
f 248 265 266
f 248 266 247
f 247 266 267
f 247 267 246
f 246 267 268
f 246 268 245
f 245 268 269
f 245 269 244
f 244 269 270
f 244 270 243
f 243 270 271
f 243 271 242
f 242 271 272
f 242 272 241
f 241 272 273
f 241 273 240
f 240 273 274
f 240 274 239
f 239 274 254
f 239 254 238
f 238 254 255
f 238 255 237
f 237 255 256
f 237 256 236
f 236 256 257
f 236 257 235
f 235 257 258
f 235 258 234
f 234 258 275
f 278 279 277
f 277 279 280
f 281 282 288
f 288 282 283
f 288 283 287
f 287 283 284
f 287 284 286
f 286 284 285
f 290 291 289
f 289 291 292
f 293 294 300
f 300 294 295
f 300 295 299
f 299 295 296
f 299 296 298
f 298 296 297
f 302 303 301
f 301 303 304
f 306 307 305
f 305 307 308
f 310 331 309
f 309 331 332
f 309 332 333
f 331 310 330
f 330 310 311
f 330 311 337
f 337 311 312
f 337 312 343
f 343 312 342
f 342 312 313
f 342 313 341
f 341 313 314
f 341 314 340
f 340 314 315
f 340 315 339
f 339 315 338
f 338 315 316
f 338 316 345
f 345 316 317
f 345 317 351
f 351 317 350
f 350 317 318
f 350 318 349
f 349 318 319
f 349 319 348
f 348 319 320
f 348 320 347
f 347 320 321
f 347 321 346
f 346 321 322
f 346 322 353
f 353 322 355
f 353 355 356
f 355 322 368
f 368 322 323
f 368 323 367
f 367 323 324
f 367 324 366
f 366 324 365
f 365 324 325
f 365 325 364
f 364 325 326
f 364 326 363
f 363 326 327
f 363 327 370
f 370 327 335
f 370 335 362
f 362 335 361
f 361 335 336
f 361 336 360
f 360 336 337
f 360 337 343
f 327 328 335
f 335 328 334
f 334 328 329
f 334 329 333
f 333 329 309
f 360 343 359
f 359 343 344
f 359 344 358
f 358 344 345
f 358 345 357
f 357 345 351
f 357 351 352
f 357 352 356
f 356 352 353
f 362 354 369
f 369 354 355
f 369 355 368
f 370 362 369
f 372 373 371
f 371 373 374
f 376 377 375
f 375 377 378
f 379 380 386
f 386 380 381
f 386 381 385
f 385 381 382
f 385 382 384
f 384 382 383
f 387 388 394
f 394 388 389
f 394 389 393
f 393 389 390
f 393 390 392
f 392 390 391
f 396 397 395
f 395 397 398
f 400 401 399
f 399 401 402
f 403 404 406
f 406 404 405
f 408 422 407
f 407 422 424
f 423 415 414
f 414 415 416
f 414 416 413
f 413 416 417
f 413 417 412
f 412 417 418
f 412 418 411
f 411 418 419
f 411 419 410
f 410 419 420
f 410 420 409
f 409 420 421
f 409 421 408
f 408 421 422
f 425 426 432
f 432 426 427
f 432 427 431
f 431 427 428
f 431 428 430
f 430 428 429
f 433 434 436
f 436 434 435
f 437 438 440
f 440 438 439
f 442 443 441
f 441 443 444
f 445 446 452
f 452 446 447
f 452 447 451
f 451 447 448
f 451 448 450
f 450 448 449
f 454 455 453
f 453 455 456
f 458 459 457
f 457 459 460
f 461 462 464
f 464 462 463
f 466 507 465
f 465 507 508
f 465 508 509
f 507 466 506
f 506 466 467
f 506 467 489
f 489 467 488
f 488 467 468
f 488 468 487
f 487 468 469
f 487 469 526
f 526 469 533
f 533 469 470
f 533 470 532
f 532 470 471
f 532 471 531
f 531 471 530
f 530 471 472
f 530 472 501
f 501 472 500
f 500 472 473
f 500 473 474
f 475 525 474
f 474 525 518
f 474 518 499
f 499 518 519
f 499 519 498
f 498 519 520
f 498 520 521
f 525 475 524
f 524 475 476
f 524 476 523
f 523 476 477
f 523 477 522
f 522 477 497
f 522 497 521
f 521 497 498
f 497 477 496
f 496 477 478
f 496 478 479
f 480 510 479
f 479 510 495
f 479 495 496
f 481 516 480
f 480 516 517
f 480 517 510
f 516 481 515
f 515 481 482
f 515 482 514
f 514 482 493
f 514 493 513
f 513 493 494
f 513 494 512
f 512 494 511
f 511 494 495
f 511 495 510
f 482 483 493
f 493 483 492
f 492 483 484
f 492 484 491
f 491 484 502
f 491 502 503
f 484 485 502
f 502 485 509
f 509 485 465
f 487 527 486
f 486 527 528
f 486 528 529
f 506 489 505
f 505 489 490
f 505 490 504
f 504 490 503
f 503 490 491
f 499 500 474
f 530 501 529
f 529 501 486
f 526 527 487
f 535 549 534
f 534 549 551
f 550 542 541
f 541 542 543
f 541 543 540
f 540 543 544
f 540 544 539
f 539 544 545
f 539 545 538
f 538 545 546
f 538 546 537
f 537 546 547
f 537 547 536
f 536 547 548
f 536 548 535
f 535 548 549
f 553 554 552
f 552 554 555
f 556 557 559
f 559 557 558
f 561 562 560
f 560 562 563
f 564 565 567
f 567 565 566
f 568 569 575
f 575 569 570
f 575 570 574
f 574 570 571
f 574 571 573
f 573 571 572
f 577 578 576
f 576 578 579
f 581 582 580
f 580 582 583
f 584 585 587
f 587 585 586
f 589 619 588
f 588 619 621
f 620 604 603
f 603 604 605
f 603 605 602
f 602 605 606
f 602 606 601
f 601 606 607
f 601 607 600
f 600 607 608
f 600 608 599
f 599 608 609
f 599 609 598
f 598 609 610
f 598 610 597
f 597 610 611
f 597 611 596
f 596 611 612
f 596 612 595
f 595 612 613
f 595 613 594
f 594 613 614
f 594 614 593
f 593 614 615
f 593 615 592
f 592 615 616
f 592 616 591
f 591 616 617
f 591 617 590
f 590 617 618
f 590 618 589
f 589 618 619
f 623 639 622
f 622 639 641
f 640 631 630
f 630 631 632
f 630 632 629
f 629 632 633
f 629 633 628
f 628 633 634
f 628 634 627
f 627 634 635
f 627 635 626
f 626 635 636
f 626 636 625
f 625 636 637
f 625 637 624
f 624 637 638
f 624 638 623
f 623 638 639
f 643 644 642
f 642 644 645
f 646 647 649
f 649 647 648
f 650 651 657
f 657 651 652
f 657 652 656
f 656 652 653
f 656 653 655
f 655 653 654
f 659 660 658
f 658 660 661
f 662 663 669
f 669 663 664
f 669 664 668
f 668 664 665
f 668 665 667
f 667 665 666
f 671 672 670
f 670 672 673
f 675 676 674
f 674 676 677
f 678 679 681
f 681 679 680
f 683 715 682
f 714 710 711
f 714 711 697
f 697 711 712
f 697 712 696
f 696 712 713
f 696 713 695
f 695 713 698
f 695 698 694
f 694 698 699
f 694 699 693
f 693 699 700
f 693 700 692
f 692 700 701
f 692 701 691
f 691 701 702
f 691 702 690
f 690 702 703
f 690 703 689
f 689 703 704
f 689 704 688
f 688 704 705
f 688 705 687
f 687 705 706
f 687 706 686
f 686 706 707
f 686 707 685
f 685 707 708
f 685 708 684
f 684 708 709
f 684 709 683
f 683 709 715
f 716 717 723
f 723 717 718
f 723 718 722
f 722 718 719
f 722 719 721
f 721 719 720
f 724 725 727
f 727 725 726
f 729 730 728
f 728 730 731
f 732 733 739
f 739 733 734
f 739 734 738
f 738 734 735
f 738 735 737
f 737 735 736
f 741 742 740
f 740 742 743
f 745 746 744
f 744 746 747
f 748 749 751
f 751 749 750
f 753 868 752
f 752 868 869
f 752 869 870
f 754 862 753
f 753 862 863
f 753 863 864
f 755 855 754
f 754 855 856
f 754 856 857
f 756 849 755
f 755 849 850
f 755 850 851
f 757 843 756
f 756 843 844
f 756 844 845
f 758 836 757
f 757 836 837
f 757 837 838
f 759 831 758
f 758 831 832
f 758 832 833
f 760 824 759
f 759 824 825
f 759 825 826
f 761 818 760
f 760 818 819
f 760 819 820
f 762 811 761
f 761 811 812
f 761 812 813
f 763 806 762
f 762 806 807
f 762 807 808
f 764 799 763
f 763 799 800
f 763 800 801
f 765 793 764
f 764 793 794
f 764 794 795
f 766 787 765
f 765 787 788
f 765 788 789
f 767 780 766
f 766 780 781
f 766 781 782
f 752 774 767
f 767 774 775
f 767 775 776
f 871 768 752
f 752 768 769
f 752 769 770
f 770 771 752
f 752 771 772
f 752 772 773
f 773 774 752
f 776 777 767
f 767 777 778
f 767 778 779
f 779 780 767
f 782 783 766
f 766 783 784
f 766 784 785
f 785 786 766
f 766 786 787
f 789 790 765
f 765 790 791
f 765 791 792
f 792 793 765
f 795 796 764
f 764 796 797
f 764 797 798
f 798 799 764
f 801 802 763
f 763 802 803
f 763 803 804
f 804 805 763
f 763 805 806
f 808 809 762
f 762 809 810
f 762 810 811
f 813 814 761
f 761 814 815
f 761 815 816
f 816 817 761
f 761 817 818
f 820 821 760
f 760 821 822
f 760 822 823
f 823 824 760
f 826 827 759
f 759 827 828
f 759 828 829
f 829 830 759
f 759 830 831
f 833 834 758
f 758 834 835
f 758 835 836
f 838 839 757
f 757 839 840
f 757 840 841
f 841 842 757
f 757 842 843
f 845 846 756
f 756 846 847
f 756 847 848
f 848 849 756
f 851 852 755
f 755 852 853
f 755 853 854
f 854 855 755
f 857 858 754
f 754 858 859
f 754 859 860
f 860 861 754
f 754 861 862
f 864 865 753
f 753 865 866
f 753 866 867
f 867 868 753
f 870 871 752
f 873 874 872
f 872 874 875
f 876 877 879
f 879 877 878
f 880 881 883
f 883 881 882
f 884 885 887
f 887 885 886
f 888 889 895
f 895 889 890
f 895 890 894
f 894 890 891
f 894 891 893
f 893 891 892
f 897 898 896
f 896 898 899
f 901 902 900
f 900 902 903
f 904 905 907
f 907 905 906
f 909 910 908
f 908 910 911
f 913 914 912
f 912 914 915
f 917 918 916
f 916 918 919
f 920 921 927
f 927 921 922
f 927 922 926
f 926 922 923
f 926 923 925
f 925 923 924
f 928 929 935
f 935 929 930
f 935 930 934
f 934 930 931
f 934 931 933
f 933 931 932
f 937 938 936
f 936 938 939
f 941 942 940
f 940 942 943
f 944 945 947
f 947 945 946
f 948 949 955
f 955 949 950
f 955 950 954
f 954 950 951
f 954 951 953
f 953 951 952
f 956 957 963
f 963 957 958
f 963 958 962
f 962 958 959
f 962 959 961
f 961 959 960
f 965 966 964
f 964 966 967
f 968 969 975
f 975 969 970
f 975 970 974
f 974 970 971
f 974 971 973
f 973 971 972
f 977 978 976
f 976 978 979
f 981 982 980
f 980 982 983
f 984 985 987
f 987 985 986
f 1091 1104 1092
f 1105 988 989
f 1105 989 990
f 990 991 1105
f 1105 991 992
f 1105 992 993
f 993 994 1105
f 1105 994 1103
f 1103 994 995
f 1103 995 996
f 996 997 1103
f 1103 997 998
f 1103 998 999
f 999 1000 1103
f 1103 1000 1001
f 1103 1001 1002
f 1103 1002 1102
f 1102 1002 1003
f 1102 1003 1004
f 1004 1005 1102
f 1102 1005 1006
f 1102 1006 1007
f 1007 1008 1102
f 1102 1008 1009
f 1102 1009 1010
f 1102 1010 1101
f 1101 1010 1011
f 1101 1011 1012
f 1012 1013 1101
f 1101 1013 1014
f 1101 1014 1015
f 1015 1016 1101
f 1101 1016 1017
f 1101 1017 1018
f 1018 1019 1101
f 1101 1019 1020
f 1101 1020 1100
f 1100 1020 1021
f 1100 1021 1022
f 1022 1023 1100
f 1100 1023 1024
f 1100 1024 1025
f 1025 1026 1100
f 1100 1026 1027
f 1100 1027 1028
f 1100 1028 1099
f 1099 1028 1029
f 1099 1029 1030
f 1030 1031 1099
f 1099 1031 1032
f 1099 1032 1033
f 1033 1034 1099
f 1099 1034 1035
f 1099 1035 1036
f 1099 1036 1098
f 1098 1036 1037
f 1098 1037 1038
f 1038 1039 1098
f 1098 1039 1040
f 1098 1040 1041
f 1041 1042 1098
f 1098 1042 1043
f 1098 1043 1044
f 1044 1045 1098
f 1098 1045 1097
f 1097 1045 1046
f 1097 1046 1047
f 1047 1048 1097
f 1097 1048 1049
f 1097 1049 1050
f 1050 1051 1097
f 1097 1051 1052
f 1097 1052 1053
f 1097 1053 1096
f 1096 1053 1054
f 1096 1054 1055
f 1055 1056 1096
f 1096 1056 1057
f 1096 1057 1058
f 1058 1059 1096
f 1096 1059 1060
f 1096 1060 1061
f 1096 1061 1095
f 1095 1061 1062
f 1095 1062 1063
f 1063 1064 1095
f 1095 1064 1065
f 1095 1065 1066
f 1066 1067 1095
f 1095 1067 1068
f 1095 1068 1069
f 1095 1069 1094
f 1094 1069 1070
f 1094 1070 1071
f 1071 1072 1094
f 1094 1072 1073
f 1094 1073 1074
f 1074 1075 1094
f 1094 1075 1076
f 1094 1076 1077
f 1094 1077 1093
f 1093 1077 1078
f 1093 1078 1079
f 1079 1080 1093
f 1093 1080 1081
f 1093 1081 1082
f 1082 1083 1093
f 1093 1083 1084
f 1093 1084 1085
f 1093 1085 1092
f 1092 1085 1086
f 1092 1086 1087
f 1087 1088 1092
f 1092 1088 1089
f 1092 1089 1090
f 1090 1091 1092
f 1106 1107 1113
f 1113 1107 1108
f 1113 1108 1112
f 1112 1108 1109
f 1112 1109 1111
f 1111 1109 1110
f 1115 1260 1114
f 1114 1260 1261
f 1114 1261 1217
f 1217 1261 1216
f 1216 1261 1215
f 1215 1261 1262
f 1215 1262 1214
f 1214 1262 1213
f 1213 1262 1263
f 1213 1263 1264
f 1116 1258 1115
f 1115 1258 1259
f 1115 1259 1260
f 1258 1116 1257
f 1257 1116 1117
f 1257 1117 1256
f 1256 1117 1118
f 1256 1118 1119
f 1256 1119 1255
f 1255 1119 1120
f 1255 1120 1121
f 1122 1250 1121
f 1121 1250 1251
f 1121 1251 1252
f 1122 1123 1250
f 1250 1123 1249
f 1249 1123 1124
f 1249 1124 1125
f 1126 1244 1125
f 1125 1244 1245
f 1125 1245 1246
f 1126 1127 1244
f 1244 1127 1243
f 1243 1127 1128
f 1243 1128 1129
f 1130 1238 1129
f 1129 1238 1239
f 1129 1239 1240
f 1130 1131 1238
f 1238 1131 1237
f 1237 1131 1132
f 1237 1132 1133
f 1134 1232 1133
f 1133 1232 1233
f 1133 1233 1234
f 1134 1135 1232
f 1232 1135 1231
f 1231 1135 1136
f 1231 1136 1137
f 1138 1226 1137
f 1137 1226 1227
f 1137 1227 1228
f 1138 1139 1226
f 1226 1139 1225
f 1225 1139 1140
f 1225 1140 1141
f 1142 1220 1141
f 1141 1220 1221
f 1141 1221 1222
f 1142 1143 1220
f 1220 1143 1219
f 1219 1143 1144
f 1219 1144 1145
f 1146 1364 1145
f 1145 1364 1365
f 1145 1365 1366
f 1146 1147 1364
f 1364 1147 1363
f 1363 1147 1148
f 1363 1148 1149
f 1150 1358 1149
f 1149 1358 1359
f 1149 1359 1360
f 1150 1151 1358
f 1358 1151 1357
f 1357 1151 1152
f 1357 1152 1153
f 1154 1352 1153
f 1153 1352 1353
f 1153 1353 1354
f 1154 1155 1352
f 1352 1155 1351
f 1351 1155 1156
f 1351 1156 1157
f 1158 1346 1157
f 1157 1346 1347
f 1157 1347 1348
f 1158 1159 1346
f 1346 1159 1345
f 1345 1159 1160
f 1345 1160 1161
f 1162 1340 1161
f 1161 1340 1341
f 1161 1341 1342
f 1162 1163 1340
f 1340 1163 1339
f 1339 1163 1164
f 1339 1164 1165
f 1166 1334 1165
f 1165 1334 1335
f 1165 1335 1336
f 1166 1167 1334
f 1334 1167 1333
f 1333 1167 1168
f 1333 1168 1169
f 1170 1328 1169
f 1169 1328 1329
f 1169 1329 1330
f 1170 1171 1328
f 1328 1171 1327
f 1327 1171 1172
f 1327 1172 1173
f 1174 1322 1173
f 1173 1322 1323
f 1173 1323 1324
f 1174 1175 1322
f 1322 1175 1321
f 1321 1175 1176
f 1321 1176 1177
f 1178 1316 1177
f 1177 1316 1317
f 1177 1317 1318
f 1178 1179 1316
f 1316 1179 1315
f 1315 1179 1180
f 1315 1180 1181
f 1182 1310 1181
f 1181 1310 1311
f 1181 1311 1312
f 1182 1183 1310
f 1310 1183 1309
f 1309 1183 1184
f 1309 1184 1185
f 1186 1304 1185
f 1185 1304 1305
f 1185 1305 1306
f 1186 1187 1304
f 1304 1187 1303
f 1303 1187 1188
f 1303 1188 1189
f 1190 1298 1189
f 1189 1298 1299
f 1189 1299 1300
f 1190 1191 1298
f 1298 1191 1297
f 1297 1191 1192
f 1297 1192 1193
f 1194 1292 1193
f 1193 1292 1293
f 1193 1293 1294
f 1194 1195 1292
f 1292 1195 1291
f 1291 1195 1196
f 1291 1196 1197
f 1198 1286 1197
f 1197 1286 1287
f 1197 1287 1288
f 1198 1199 1286
f 1286 1199 1285
f 1285 1199 1200
f 1285 1200 1201
f 1202 1280 1201
f 1201 1280 1281
f 1201 1281 1282
f 1202 1203 1280
f 1280 1203 1279
f 1279 1203 1204
f 1279 1204 1205
f 1206 1274 1205
f 1205 1274 1275
f 1205 1275 1276
f 1206 1207 1274
f 1274 1207 1273
f 1273 1207 1208
f 1273 1208 1209
f 1210 1268 1209
f 1209 1268 1269
f 1209 1269 1270
f 1210 1211 1268
f 1268 1211 1267
f 1267 1211 1212
f 1267 1212 1213
f 1367 1218 1145
f 1145 1218 1219
f 1222 1223 1141
f 1141 1223 1224
f 1141 1224 1225
f 1228 1229 1137
f 1137 1229 1230
f 1137 1230 1231
f 1234 1235 1133
f 1133 1235 1236
f 1133 1236 1237
f 1240 1241 1129
f 1129 1241 1242
f 1129 1242 1243
f 1246 1247 1125
f 1125 1247 1248
f 1125 1248 1249
f 1252 1253 1121
f 1121 1253 1254
f 1121 1254 1255
f 1264 1265 1213
f 1213 1265 1266
f 1213 1266 1267
f 1270 1271 1209
f 1209 1271 1272
f 1209 1272 1273
f 1276 1277 1205
f 1205 1277 1278
f 1205 1278 1279
f 1282 1283 1201
f 1201 1283 1284
f 1201 1284 1285
f 1288 1289 1197
f 1197 1289 1290
f 1197 1290 1291
f 1294 1295 1193
f 1193 1295 1296
f 1193 1296 1297
f 1300 1301 1189
f 1189 1301 1302
f 1189 1302 1303
f 1306 1307 1185
f 1185 1307 1308
f 1185 1308 1309
f 1312 1313 1181
f 1181 1313 1314
f 1181 1314 1315
f 1318 1319 1177
f 1177 1319 1320
f 1177 1320 1321
f 1324 1325 1173
f 1173 1325 1326
f 1173 1326 1327
f 1330 1331 1169
f 1169 1331 1332
f 1169 1332 1333
f 1336 1337 1165
f 1165 1337 1338
f 1165 1338 1339
f 1342 1343 1161
f 1161 1343 1344
f 1161 1344 1345
f 1348 1349 1157
f 1157 1349 1350
f 1157 1350 1351
f 1354 1355 1153
f 1153 1355 1356
f 1153 1356 1357
f 1360 1361 1149
f 1149 1361 1362
f 1149 1362 1363
f 1366 1367 1145
f 1369 1370 1368
f 1368 1370 1371
f 1373 1374 1372
f 1372 1374 1375
f 1376 1377 1379
f 1379 1377 1378
f 1391 1380 1392
f 1392 1380 1381
f 1392 1381 1400
f 1400 1381 1382
f 1400 1382 1399
f 1399 1382 1383
f 1399 1383 1398
f 1398 1383 1384
f 1398 1384 1385
f 1398 1385 1397
f 1397 1385 1386
f 1397 1386 1396
f 1396 1386 1387
f 1396 1387 1395
f 1395 1387 1388
f 1395 1388 1389
f 1395 1389 1394
f 1394 1389 1390
f 1394 1390 1393
f 1393 1390 1391
f 1393 1391 1392
f 1402 1403 1401
f 1401 1403 1404
f 1406 1407 1405
f 1405 1407 1408
f 1409 1410 1412
f 1412 1410 1411
f 1414 1517 1413
f 1413 1517 1667
f 1668 1518 1519
f 1517 1414 1666
f 1666 1414 1415
f 1666 1415 1416
f 1666 1416 1665
f 1665 1416 1417
f 1665 1417 1664
f 1664 1417 1418
f 1664 1418 1663
f 1663 1418 1662
f 1662 1418 1661
f 1661 1418 1660
f 1660 1418 1419
f 1660 1419 1420
f 1660 1420 1659
f 1659 1420 1421
f 1659 1421 1658
f 1658 1421 1422
f 1658 1422 1657
f 1657 1422 1656
f 1656 1422 1655
f 1655 1422 1423
f 1655 1423 1654
f 1654 1423 1424
f 1654 1424 1653
f 1653 1424 1425
f 1653 1425 1652
f 1652 1425 1426
f 1652 1426 1651
f 1651 1426 1650
f 1650 1426 1649
f 1649 1426 1648
f 1648 1426 1427
f 1648 1427 1428
f 1648 1428 1647
f 1647 1428 1429
f 1647 1429 1646
f 1646 1429 1430
f 1646 1430 1645
f 1645 1430 1644
f 1644 1430 1643
f 1643 1430 1431
f 1643 1431 1642
f 1642 1431 1432
f 1642 1432 1641
f 1641 1432 1433
f 1641 1433 1640
f 1640 1433 1434
f 1640 1434 1639
f 1639 1434 1638
f 1638 1434 1637
f 1637 1434 1636
f 1636 1434 1435
f 1636 1435 1436
f 1636 1436 1635
f 1635 1436 1437
f 1635 1437 1634
f 1634 1437 1438
f 1634 1438 1633
f 1633 1438 1632
f 1632 1438 1631
f 1631 1438 1439
f 1631 1439 1630
f 1630 1439 1440
f 1630 1440 1629
f 1629 1440 1441
f 1629 1441 1628
f 1628 1441 1442
f 1628 1442 1627
f 1627 1442 1626
f 1626 1442 1625
f 1625 1442 1624
f 1624 1442 1443
f 1624 1443 1444
f 1624 1444 1623
f 1623 1444 1445
f 1623 1445 1622
f 1622 1445 1446
f 1622 1446 1621
f 1621 1446 1620
f 1620 1446 1619
f 1619 1446 1447
f 1619 1447 1618
f 1618 1447 1448
f 1618 1448 1617
f 1617 1448 1449
f 1617 1449 1616
f 1616 1449 1450
f 1616 1450 1615
f 1615 1450 1614
f 1614 1450 1613
f 1613 1450 1612
f 1612 1450 1451
f 1612 1451 1452
f 1612 1452 1611
f 1611 1452 1453
f 1611 1453 1610
f 1610 1453 1454
f 1610 1454 1609
f 1609 1454 1608
f 1608 1454 1607
f 1607 1454 1606
f 1606 1454 1455
f 1606 1455 1456
f 1606 1456 1605
f 1605 1456 1457
f 1605 1457 1604
f 1604 1457 1458
f 1604 1458 1603
f 1603 1458 1602
f 1602 1458 1601
f 1601 1458 1600
f 1600 1458 1459
f 1600 1459 1460
f 1600 1460 1599
f 1599 1460 1461
f 1599 1461 1598
f 1598 1461 1462
f 1598 1462 1597
f 1597 1462 1596
f 1596 1462 1595
f 1595 1462 1594
f 1594 1462 1463
f 1594 1463 1464
f 1594 1464 1593
f 1593 1464 1465
f 1593 1465 1592
f 1592 1465 1466
f 1592 1466 1591
f 1591 1466 1590
f 1590 1466 1589
f 1589 1466 1588
f 1588 1466 1467
f 1588 1467 1468
f 1588 1468 1587
f 1587 1468 1469
f 1587 1469 1586
f 1586 1469 1470
f 1586 1470 1585
f 1585 1470 1584
f 1584 1470 1583
f 1583 1470 1582
f 1582 1470 1471
f 1582 1471 1472
f 1582 1472 1581
f 1581 1472 1473
f 1581 1473 1580
f 1580 1473 1474
f 1580 1474 1579
f 1579 1474 1578
f 1578 1474 1577
f 1577 1474 1576
f 1576 1474 1475
f 1576 1475 1476
f 1576 1476 1575
f 1575 1476 1477
f 1575 1477 1574
f 1574 1477 1478
f 1574 1478 1573
f 1573 1478 1572
f 1572 1478 1571
f 1571 1478 1570
f 1570 1478 1479
f 1570 1479 1480
f 1570 1480 1569
f 1569 1480 1481
f 1569 1481 1482
f 1483 1564 1482
f 1482 1564 1565
f 1482 1565 1566
f 1483 1484 1564
f 1564 1484 1563
f 1563 1484 1485
f 1563 1485 1562
f 1562 1485 1486
f 1562 1486 1561
f 1561 1486 1560
f 1560 1486 1559
f 1559 1486 1558
f 1558 1486 1487
f 1558 1487 1488
f 1558 1488 1557
f 1557 1488 1489
f 1557 1489 1490
f 1491 1552 1490
f 1490 1552 1553
f 1490 1553 1554
f 1491 1492 1552
f 1552 1492 1551
f 1551 1492 1493
f 1551 1493 1550
f 1550 1493 1494
f 1550 1494 1549
f 1549 1494 1548
f 1548 1494 1547
f 1547 1494 1546
f 1546 1494 1495
f 1546 1495 1496
f 1546 1496 1545
f 1545 1496 1497
f 1545 1497 1498
f 1499 1540 1498
f 1498 1540 1541
f 1498 1541 1542
f 1499 1500 1540
f 1540 1500 1539
f 1539 1500 1501
f 1539 1501 1538
f 1538 1501 1502
f 1538 1502 1537
f 1537 1502 1536
f 1536 1502 1535
f 1535 1502 1534
f 1534 1502 1503
f 1534 1503 1504
f 1534 1504 1533
f 1533 1504 1505
f 1533 1505 1532
f 1532 1505 1506
f 1532 1506 1531
f 1531 1506 1530
f 1530 1506 1529
f 1529 1506 1528
f 1528 1506 1507
f 1528 1507 1508
f 1528 1508 1527
f 1527 1508 1509
f 1527 1509 1526
f 1526 1509 1510
f 1526 1510 1525
f 1525 1510 1524
f 1524 1510 1523
f 1523 1510 1522
f 1522 1510 1511
f 1522 1511 1512
f 1522 1512 1521
f 1521 1512 1513
f 1521 1513 1514
f 1514 1515 1521
f 1521 1515 1520
f 1520 1515 1516
f 1520 1516 1519
f 1519 1516 1668
f 1542 1543 1498
f 1498 1543 1544
f 1498 1544 1545
f 1554 1555 1490
f 1490 1555 1556
f 1490 1556 1557
f 1566 1567 1482
f 1482 1567 1568
f 1482 1568 1569
f 1669 1670 1672
f 1672 1670 1671
f 1673 1674 1676
f 1676 1674 1675
f 1677 1678 1680
f 1680 1678 1679
f 1681 1682 1684
f 1684 1682 1683
f 1685 1686 1688
f 1688 1686 1687
f 1689 1690 1692
f 1692 1690 1691
v -0.032311592 -0.01815284 0.059767263
v -0.031953216 -0.018149645 0.060654307
v -0.031072595 -0.018141932 0.061028123
v -0.030185584 -0.018134219 0.060669733
v -0.029811782 -0.018131024 0.059789078
v -0.030170158 -0.018134219 0.058902033
v -0.031050779 -0.018141932 0.058528218
v -0.03193779 -0.018149645 0.058886608
v -0.032292394 -0.020352757 0.05976743
v -0.031918592 -0.020349562 0.058886775
v -0.031031581 -0.020341848 0.058528385
v -0.03015096 -0.020334135 0.058902201
v -0.029792585 -0.02033094 0.059789246
v -0.030166386 -0.020334135 0.060669901
v -0.031053398 -0.020341848 0.06102829
v -0.031934019 -0.020349562 0.060654475
v -0.032311592 -0.01815284 0.059767263
v -0.032292394 -0.020352757 0.05976743
v -0.0241124 -0.018080846 0.065589033
v -0.02499941 -0.018088559 0.065947423
v -0.025373213 -0.018091754 0.066828078
v -0.025014837 -0.018088559 0.067715122
v -0.024134216 -0.018080846 0.068088938
v -0.023247205 -0.018073133 0.067730548
v -0.022873403 -0.018069938 0.066849893
v -0.023231779 -0.018073133 0.065962849
v -0.024093202 -0.020280763 0.0655892
v -0.023212581 -0.020273049 0.065963016
v -0.022854205 -0.020269855 0.066850061
v -0.023228007 -0.020273049 0.067730715
v -0.024115018 -0.020280763 0.068089105
v -0.024995639 -0.020288476 0.067715289
v -0.025354015 -0.020291671 0.066828245
v -0.024980213 -0.020288476 0.06594759
v -0.0241124 -0.018080846 0.065589033
v -0.024093202 -0.020280763 0.0655892
v -0.029933954 -0.018131024 0.073788541
v -0.030292329 -0.018134219 0.072901497
v -0.03117295 -0.018141932 0.072527681
v -0.032059961 -0.018149645 0.072886071
v -0.032433763 -0.01815284 0.073766726
v -0.032075388 -0.018149645 0.07465377
v -0.031194767 -0.018141932 0.075027586
v -0.030307756 -0.018134219 0.074669196
v -0.029914756 -0.02033094 0.073788709
v -0.030288558 -0.020334135 0.074669364
v -0.031175569 -0.020341848 0.075027753
v -0.03205619 -0.020349562 0.074653938
v -0.032414566 -0.020352757 0.073766893
v -0.032040764 -0.020349562 0.072886238
v -0.031153753 -0.020341848 0.072527849
v -0.030273131 -0.020334135 0.072901664
v -0.029933954 -0.018131024 0.073788541
v -0.029914756 -0.02033094 0.073788709
v -0.021723489 -0.018059902 0.066859928
v -0.022165251 -0.018063547 0.069626877
v -0.023402929 -0.018074156 0.072140682
v -0.025326548 -0.018090787 0.07417798
v -0.027765188 -0.018111963 0.07555775
v -0.030502163 -0.018135802 0.076157391
v -0.033294283 -0.018160185 0.075923623
v -0.035893454 -0.018182947 0.074877218
v -0.03806873 -0.018202064 0.073111152
v -0.039626826 -0.018215838 0.070782351
v -0.040429301 -0.018223045 0.068097736
v -0.040404849 -0.018223045 0.065295848
v -0.039555644 -0.018215838 0.062625647
v -0.037957141 -0.018202064 0.060324392
v -0.035751375 -0.018182947 0.05859656
v -0.033134337 -0.018160185 0.057595676
v -0.030338563 -0.018135802 0.057410673
v -0.02761247 -0.018111963 0.058057989
v -0.025198282 -0.018090787 0.059480108
v -0.023310511 -0.018074156 0.061550668
v -0.022116894 -0.018063547 0.064085691
v -0.021521759 -0.018258149 0.066861689
v -0.021923534 -0.018261871 0.064028425
v -0.023142547 -0.018272706 0.061439466
v -0.025070484 -0.018289691 0.059324851
v -0.027536037 -0.018311318 0.057872475
v -0.030320133 -0.018335664 0.057211385
v -0.033175391 -0.018360566 0.057400325
v -0.035848111 -0.018383811 0.058422504
v -0.038100808 -0.018403335 0.060187099
v -0.039733321 -0.018417403 0.062537316
v -0.040600594 -0.018424763 0.06526433
v -0.040625566 -0.018424763 0.068125833
v -0.039806018 -0.018417403 0.070867566
v -0.038214771 -0.018403335 0.073245917
v -0.035993213 -0.018383811 0.075049559
v -0.03333874 -0.018360566 0.076118228
v -0.030487214 -0.018335664 0.07635697
v -0.027692005 -0.018311318 0.075744571
v -0.025201479 -0.018289691 0.074335445
v -0.023236931 -0.018272706 0.072254799
v -0.02197292 -0.018261871 0.069687509
v -0.021723489 -0.018059902 0.066859928
v -0.021521759 -0.018258149 0.066861689
v -0.038133146 -0.018203018 0.067966771
v -0.037246135 -0.018195304 0.067608381
v -0.036872333 -0.018192109 0.066727726
v -0.037230709 -0.018195304 0.065840682
v -0.03811133 -0.018203018 0.065466866
v -0.03899834 -0.018210731 0.065825256
v -0.039372143 -0.018213926 0.066705911
v -0.039013767 -0.018210731 0.067592955
v -0.038113948 -0.020402934 0.067966938
v -0.038994569 -0.020410647 0.067593123
v -0.039352945 -0.020413842 0.066706078
v -0.038979143 -0.020410647 0.065825424
v -0.038092132 -0.020402934 0.065467034
v -0.037211511 -0.020395221 0.065840849
v -0.036853135 -0.020392026 0.066727894
v -0.037226937 -0.020395221 0.067608549
v -0.038133146 -0.018203018 0.067966771
v -0.038113948 -0.020402934 0.067966938
v -0.031021546 -0.020141856 0.05717842
v -0.033854702 -0.020166549 0.057580213
v -0.036443563 -0.020189048 0.058799274
v -0.038558098 -0.020207354 0.060727285
v -0.040010421 -0.02021984 0.063192933
v -0.040671487 -0.020225397 0.065977136
v -0.040482557 -0.020223531 0.068832502
v -0.039460418 -0.020214407 0.071505323
v -0.037695893 -0.020198838 0.073758105
v -0.035345766 -0.020178205 0.075390679
v -0.032618856 -0.020154342 0.076257984
v -0.029757463 -0.02012937 0.076282955
v -0.027015832 -0.020105508 0.075463374
v -0.02463757 -0.020084875 0.073872063
v -0.022833997 -0.020069305 0.07165042
v -0.021765367 -0.020060182 0.068995845
v -0.021526633 -0.020058316 0.06614421
v -0.022139007 -0.020063873 0.063348895
v -0.023548077 -0.020076359 0.060858275
v -0.025628641 -0.020094664 0.058893654
v -0.028195833 -0.020117163 0.057629597
v -0.021521759 -0.018258149 0.066861689
v -0.02197292 -0.018261871 0.069687509
v -0.023236931 -0.018272706 0.072254799
v -0.025201479 -0.018289691 0.074335445
v -0.027692005 -0.018311318 0.075744571
v -0.030487214 -0.018335664 0.07635697
v -0.03333874 -0.018360566 0.076118228
v -0.035993213 -0.018383811 0.075049559
v -0.038214771 -0.018403335 0.073245917
v -0.039806018 -0.018417403 0.070867566
v -0.040625566 -0.018424763 0.068125833
v -0.040600594 -0.018424763 0.06526433
v -0.039733321 -0.018417403 0.062537316
v -0.038100808 -0.018403335 0.060187099
v -0.035848111 -0.018383811 0.058422504
v -0.033175391 -0.018360566 0.057400325
v -0.030320133 -0.018335664 0.057211385
v -0.027536037 -0.018311318 0.057872475
v -0.025070484 -0.018289691 0.059324851
v -0.023142547 -0.018272706 0.061439466
v -0.021923534 -0.018261871 0.064028425
v -0.033175391 -0.018360566 0.057400325
v -0.031021546 -0.020141856 0.05717842
v -0.021723489 -0.018059902 0.066859928
v -0.022116894 -0.018063547 0.064085691
v -0.023310511 -0.018074156 0.061550668
v -0.025198282 -0.018090787 0.059480108
v -0.02761247 -0.018111963 0.058057989
v -0.030338563 -0.018135802 0.057410673
v -0.033134337 -0.018160185 0.057595676
v -0.035751375 -0.018182947 0.05859656
v -0.037957141 -0.018202064 0.060324392
v -0.039555644 -0.018215838 0.062625647
v -0.040404849 -0.018223045 0.065295848
v -0.040429301 -0.018223045 0.068097736
v -0.039626826 -0.018215838 0.070782351
v -0.03806873 -0.018202064 0.073111152
v -0.035893454 -0.018182947 0.074877218
v -0.033294283 -0.018160185 0.075923623
v -0.030502163 -0.018135802 0.076157391
v -0.027765188 -0.018111963 0.07555775
v -0.025326548 -0.018090787 0.07417798
v -0.023402929 -0.018074156 0.072140682
v -0.022165251 -0.018063547 0.069626877
v -0.031083852 -0.018141932 0.062318072
v -0.02927331 -0.018126102 0.062719474
v -0.027782556 -0.018113008 0.063822616
v -0.026869357 -0.018104916 0.065436753
v -0.026691611 -0.018103225 0.067282786
v -0.027280054 -0.018108226 0.069041522
v -0.028532937 -0.018119055 0.070408856
v -0.030233627 -0.01813384 0.071148365
v -0.032088058 -0.018150024 0.071132182
v -0.033775583 -0.018164809 0.070363105
v -0.035004412 -0.018175638 0.068974113
v -0.035562071 -0.018180639 0.067205375
v -0.035352135 -0.018178947 0.065362725
v -0.034410904 -0.018170855 0.063764771
v -0.032901125 -0.018157762 0.062687815
v -0.038133146 -0.018203018 0.067966771
v -0.039013767 -0.018210731 0.067592955
v -0.039372143 -0.018213926 0.066705911
v -0.03899834 -0.018210731 0.065825256
v -0.03811133 -0.018203018 0.065466866
v -0.037230709 -0.018195304 0.065840682
v -0.036872333 -0.018192109 0.066727726
v -0.037246135 -0.018195304 0.067608381
v -0.029933954 -0.018131024 0.073788541
v -0.030307756 -0.018134219 0.074669196
v -0.031194767 -0.018141932 0.075027586
v -0.032075388 -0.018149645 0.07465377
v -0.032433763 -0.01815284 0.073766726
v -0.032059961 -0.018149645 0.072886071
v -0.03117295 -0.018141932 0.072527681
v -0.030292329 -0.018134219 0.072901497
v -0.0241124 -0.018080846 0.065589033
v -0.023231779 -0.018073133 0.065962849
v -0.022873403 -0.018069938 0.066849893
v -0.023247205 -0.018073133 0.067730548
v -0.024134216 -0.018080846 0.068088938
v -0.025014837 -0.018088559 0.067715122
v -0.025373213 -0.018091754 0.066828078
v -0.02499941 -0.018088559 0.065947423
v -0.032311592 -0.01815284 0.059767263
v -0.03193779 -0.018149645 0.058886608
v -0.031050779 -0.018141932 0.058528218
v -0.030170158 -0.018134219 0.058902033
v -0.029811782 -0.018131024 0.059789078
v -0.030185584 -0.018134219 0.060669733
v -0.031072595 -0.018141932 0.061028123
v -0.031953216 -0.018149645 0.060654307
v -0.021704291 -0.020259819 0.066860096
v -0.022097696 -0.020263463 0.064085858
v -0.023291313 -0.020274073 0.061550836
v -0.025179084 -0.020290704 0.059480276
v -0.027593272 -0.02031188 0.058058157
v -0.030319366 -0.020335718 0.057410841
v -0.03311514 -0.020360102 0.057595843
v -0.035732178 -0.020382863 0.058596727
v -0.037937944 -0.02040198 0.06032456
v -0.039536446 -0.020415754 0.062625814
v -0.040385651 -0.020422962 0.065296016
v -0.040410103 -0.020422962 0.068097904
v -0.039607629 -0.020415754 0.070782518
v -0.038049532 -0.02040198 0.07311132
v -0.035874257 -0.020382863 0.074877385
v -0.033275085 -0.020360102 0.075923791
v -0.030482966 -0.020335718 0.076157558
v -0.02774599 -0.02031188 0.075557917
v -0.02530735 -0.020290704 0.074178148
v -0.023383731 -0.020274073 0.07214085
v -0.022146054 -0.020263463 0.069627044
v -0.031021546 -0.020141856 0.05717842
v -0.028195833 -0.020117163 0.057629597
v -0.025628641 -0.020094664 0.058893654
v -0.023548077 -0.020076359 0.060858275
v -0.022139007 -0.020063873 0.063348895
v -0.021526633 -0.020058316 0.06614421
v -0.021765367 -0.020060182 0.068995845
v -0.022833997 -0.020069305 0.07165042
v -0.02463757 -0.020084875 0.073872063
v -0.027015832 -0.020105508 0.075463374
v -0.029757463 -0.02012937 0.076282955
v -0.032618856 -0.020154342 0.076257984
v -0.035345766 -0.020178205 0.075390679
v -0.037695893 -0.020198838 0.073758105
v -0.039460418 -0.020214407 0.071505323
v -0.040482557 -0.020223531 0.068832502
v -0.040671487 -0.020225397 0.065977136
v -0.040010421 -0.02021984 0.063192933
v -0.038558098 -0.020207354 0.060727285
v -0.036443563 -0.020189048 0.058799274
v -0.033854702 -0.020166549 0.057580213
v -0.021526633 -0.020058316 0.06614421
v -0.021704291 -0.020259819 0.066860096
v -0.021704291 -0.020259819 0.066860096
v -0.022146054 -0.020263463 0.069627044
v -0.023383731 -0.020274073 0.07214085
v -0.02530735 -0.020290704 0.074178148
v -0.02774599 -0.02031188 0.075557917
v -0.030482966 -0.020335718 0.076157558
v -0.033275085 -0.020360102 0.075923791
v -0.035874257 -0.020382863 0.074877385
v -0.038049532 -0.02040198 0.07311132
v -0.039607629 -0.020415754 0.070782518
v -0.040410103 -0.020422962 0.068097904
v -0.040385651 -0.020422962 0.065296016
v -0.039536446 -0.020415754 0.062625814
v -0.037937944 -0.02040198 0.06032456
v -0.035732178 -0.020382863 0.058596727
v -0.03311514 -0.020360102 0.057595843
v -0.030319366 -0.020335718 0.057410841
v -0.027593272 -0.02031188 0.058058157
v -0.025179084 -0.020290704 0.059480276
v -0.023291313 -0.020274073 0.061550836
v -0.022097696 -0.020263463 0.064085858
v -0.029914756 -0.02033094 0.073788709
v -0.030273131 -0.020334135 0.072901664
v -0.031153753 -0.020341848 0.072527849
v -0.032040764 -0.020349562 0.072886238
v -0.032414566 -0.020352757 0.073766893
v -0.03205619 -0.020349562 0.074653938
v -0.031175569 -0.020341848 0.075027753
v -0.030288558 -0.020334135 0.074669364
v -0.038113948 -0.020402934 0.067966938
v -0.037226937 -0.020395221 0.067608549
v -0.036853135 -0.020392026 0.066727894
v -0.037211511 -0.020395221 0.065840849
v -0.038092132 -0.020402934 0.065467034
v -0.038979143 -0.020410647 0.065825424
v -0.039352945 -0.020413842 0.066706078
v -0.038994569 -0.020410647 0.067593123
v -0.032292394 -0.020352757 0.05976743
v -0.031934019 -0.020349562 0.060654475
v -0.031053398 -0.020341848 0.06102829
v -0.030166386 -0.020334135 0.060669901
v -0.029792585 -0.02033094 0.059789246
v -0.03015096 -0.020334135 0.058902201
v -0.031031581 -0.020341848 0.058528385
v -0.031918592 -0.020349562 0.058886775
v -0.024093202 -0.020280763 0.0655892
v -0.024980213 -0.020288476 0.06594759
v -0.025354015 -0.020291671 0.066828245
v -0.024995639 -0.020288476 0.067715289
v -0.024115018 -0.020280763 0.068089105
v -0.023228007 -0.020273049 0.067730715
v -0.022854205 -0.020269855 0.066850061
v -0.023212581 -0.020273049 0.065963016
v -0.027778828 -0.020312833 0.066807084
v -0.028146174 -0.020316156 0.065258615
v -0.029191024 -0.020325366 0.064058235
v -0.030674017 -0.020338351 0.063480936
v -0.032255416 -0.020352138 0.06365897
v -0.033572943 -0.020363567 0.064551553
v -0.034324767 -0.020370021 0.065954204
v -0.034338655 -0.020370021 0.067545592
v -0.033611425 -0.020363567 0.068961151
v -0.032309677 -0.020352138 0.069876592
v -0.030731625 -0.020338351 0.070082198
v -0.029238783 -0.020325366 0.069530869
v -0.028173142 -0.020316156 0.068348907
v -0.027778828 -0.020312833 0.066807084
v -0.028173142 -0.020316156 0.068348907
v -0.029238783 -0.020325366 0.069530869
v -0.030731625 -0.020338351 0.070082198
v -0.032309677 -0.020352138 0.069876592
v -0.033611425 -0.020363567 0.068961151
v -0.034338655 -0.020370021 0.067545592
v -0.034324767 -0.020370021 0.065954204
v -0.033572943 -0.020363567 0.064551553
v -0.032255416 -0.020352138 0.06365897
v -0.030674017 -0.020338351 0.063480936
v -0.029191024 -0.020325366 0.064058235
v -0.028146174 -0.020316156 0.065258615
v -0.028081423 -0.020015462 0.066804443
v -0.028473467 -0.020018999 0.065288464
v -0.029570947 -0.020028661 0.064171618
v -0.031079795 -0.02004186 0.063753162
v -0.032595717 -0.020055059 0.064145221
v -0.033712522 -0.020064721 0.065242744
v -0.034130963 -0.020068258 0.06675165
v -0.033738919 -0.020064721 0.068267629
v -0.032641439 -0.020055059 0.069384475
v -0.031132591 -0.02004186 0.069802932
v -0.029616669 -0.020028661 0.069410872
v -0.028499864 -0.020018999 0.068313349
v -0.027778828 -0.020312833 0.066807084
v -0.028081423 -0.020015462 0.066804443
v -0.03110641 -0.016991976 0.063752929
v -0.032622332 -0.017005174 0.064144989
v -0.033739136 -0.017014837 0.065242512
v -0.034157578 -0.017018373 0.066751418
v -0.033765534 -0.017014837 0.068267397
v -0.032668054 -0.017005174 0.069384243
v -0.031159206 -0.016991976 0.069802699
v -0.029643284 -0.016978777 0.06941064
v -0.028526479 -0.016969114 0.068313117
v -0.028108038 -0.016965578 0.066804211
v -0.028500082 -0.016969114 0.065288232
v -0.029597562 -0.016978777 0.064171386
v -0.028081423 -0.020015462 0.066804443
v -0.028499864 -0.020018999 0.068313349
v -0.029616669 -0.020028661 0.069410872
v -0.031132591 -0.02004186 0.069802932
v -0.032641439 -0.020055059 0.069384475
v -0.033738919 -0.020064721 0.068267629
v -0.034130963 -0.020068258 0.06675165
v -0.033712522 -0.020064721 0.065242744
v -0.032595717 -0.020055059 0.064145221
v -0.031079795 -0.02004186 0.063753162
v -0.029570947 -0.020028661 0.064171618
v -0.028473467 -0.020018999 0.065288464
v -0.03110641 -0.016991976 0.063752929
v -0.031079795 -0.02004186 0.063753162
v -0.031093888 -0.016991976 0.062317984
v -0.03291116 -0.017007806 0.062687727
v -0.034420939 -0.017020899 0.063764683
v -0.03536217 -0.017028991 0.065362637
v -0.035572106 -0.017030683 0.067205287
v -0.035014447 -0.017025682 0.068974025
v -0.033785618 -0.017014852 0.070363017
v -0.032098093 -0.017000068 0.071132094
v -0.030243662 -0.016983884 0.071148278
v -0.028542973 -0.016969099 0.070408769
v -0.027290089 -0.01695827 0.069041435
v -0.026701646 -0.016953268 0.067282699
v -0.026879392 -0.01695496 0.065436665
v -0.027792592 -0.016963052 0.063822528
v -0.029283345 -0.016976145 0.062719387
v -0.03110641 -0.016991976 0.063752929
v -0.029597562 -0.016978777 0.064171386
v -0.028500082 -0.016969114 0.065288232
v -0.028108038 -0.016965578 0.066804211
v -0.028526479 -0.016969114 0.068313117
v -0.029643284 -0.016978777 0.06941064
v -0.031159206 -0.016991976 0.069802699
v -0.032668054 -0.017005174 0.069384243
v -0.033765534 -0.017014837 0.068267397
v -0.034157578 -0.017018373 0.066751418
v -0.033739136 -0.017014837 0.065242512
v -0.032622332 -0.017005174 0.064144989
v -0.031083852 -0.018141932 0.062318072
v -0.032901125 -0.018157762 0.062687815
v -0.034410904 -0.018170855 0.063764771
v -0.035352135 -0.018178947 0.065362725
v -0.035562071 -0.018180639 0.067205375
v -0.035004412 -0.018175638 0.068974113
v -0.033775583 -0.018164809 0.070363105
v -0.032088058 -0.018150024 0.071132182
v -0.030233627 -0.01813384 0.071148365
v -0.028532937 -0.018119055 0.070408856
v -0.027280054 -0.018108226 0.069041522
v -0.026691611 -0.018103225 0.067282786
v -0.026869357 -0.018104916 0.065436753
v -0.027782556 -0.018113008 0.063822616
v -0.02927331 -0.018126102 0.062719474
v -0.031093888 -0.016991976 0.062317984
v -0.029283345 -0.016976145 0.062719387
v -0.027792592 -0.016963052 0.063822528
v -0.026879392 -0.01695496 0.065436665
v -0.026701646 -0.016953268 0.067282699
v -0.027290089 -0.01695827 0.069041435
v -0.028542973 -0.016969099 0.070408769
v -0.030243662 -0.016983884 0.071148278
v -0.032098093 -0.017000068 0.071132094
v -0.033785618 -0.017014852 0.070363017
v -0.035014447 -0.017025682 0.068974025
v -0.035572106 -0.017030683 0.067205287
v -0.03536217 -0.017028991 0.065362637
v -0.034420939 -0.017020899 0.063764683
v -0.03291116 -0.017007806 0.062687727
v -0.031083852 -0.018141932 0.062318072
v -0.031093888 -0.016991976 0.062317984
f 1694 1708 1693
f 1693 1708 1710
f 1709 1701 1700
f 1700 1701 1702
f 1700 1702 1699
f 1699 1702 1703
f 1699 1703 1698
f 1698 1703 1704
f 1698 1704 1697
f 1697 1704 1705
f 1697 1705 1696
f 1696 1705 1706
f 1696 1706 1695
f 1695 1706 1707
f 1695 1707 1694
f 1694 1707 1708
f 1712 1726 1711
f 1711 1726 1728
f 1727 1719 1718
f 1718 1719 1720
f 1718 1720 1717
f 1717 1720 1721
f 1717 1721 1716
f 1716 1721 1722
f 1716 1722 1715
f 1715 1722 1723
f 1715 1723 1714
f 1714 1723 1724
f 1714 1724 1713
f 1713 1724 1725
f 1713 1725 1712
f 1712 1725 1726
f 1730 1744 1729
f 1729 1744 1746
f 1745 1737 1736
f 1736 1737 1738
f 1736 1738 1735
f 1735 1738 1739
f 1735 1739 1734
f 1734 1739 1740
f 1734 1740 1733
f 1733 1740 1741
f 1733 1741 1732
f 1732 1741 1742
f 1732 1742 1731
f 1731 1742 1743
f 1731 1743 1730
f 1730 1743 1744
f 1748 1788 1747
f 1747 1788 1790
f 1789 1768 1767
f 1767 1768 1769
f 1767 1769 1766
f 1766 1769 1770
f 1766 1770 1765
f 1765 1770 1771
f 1765 1771 1764
f 1764 1771 1772
f 1764 1772 1763
f 1763 1772 1773
f 1763 1773 1762
f 1762 1773 1774
f 1762 1774 1761
f 1761 1774 1775
f 1761 1775 1760
f 1760 1775 1776
f 1760 1776 1759
f 1759 1776 1777
f 1759 1777 1758
f 1758 1777 1778
f 1758 1778 1757
f 1757 1778 1779
f 1757 1779 1756
f 1756 1779 1780
f 1756 1780 1755
f 1755 1780 1781
f 1755 1781 1754
f 1754 1781 1782
f 1754 1782 1753
f 1753 1782 1783
f 1753 1783 1752
f 1752 1783 1784
f 1752 1784 1751
f 1751 1784 1785
f 1751 1785 1750
f 1750 1785 1786
f 1750 1786 1749
f 1749 1786 1787
f 1749 1787 1748
f 1748 1787 1788
f 1792 1806 1791
f 1791 1806 1808
f 1807 1799 1798
f 1798 1799 1800
f 1798 1800 1797
f 1797 1800 1801
f 1797 1801 1796
f 1796 1801 1802
f 1796 1802 1795
f 1795 1802 1803
f 1795 1803 1794
f 1794 1803 1804
f 1794 1804 1793
f 1793 1804 1805
f 1793 1805 1792
f 1792 1805 1806
f 1810 1851 1809
f 1852 1845 1846
f 1852 1846 1829
f 1829 1846 1847
f 1829 1847 1828
f 1828 1847 1848
f 1828 1848 1827
f 1827 1848 1849
f 1827 1849 1826
f 1826 1849 1850
f 1826 1850 1825
f 1825 1850 1830
f 1825 1830 1824
f 1824 1830 1831
f 1824 1831 1823
f 1823 1831 1832
f 1823 1832 1822
f 1822 1832 1833
f 1822 1833 1821
f 1821 1833 1834
f 1821 1834 1820
f 1820 1834 1835
f 1820 1835 1819
f 1819 1835 1836
f 1819 1836 1818
f 1818 1836 1837
f 1818 1837 1817
f 1817 1837 1838
f 1817 1838 1816
f 1816 1838 1839
f 1816 1839 1815
f 1815 1839 1840
f 1815 1840 1814
f 1814 1840 1841
f 1814 1841 1813
f 1813 1841 1842
f 1813 1842 1812
f 1812 1842 1843
f 1812 1843 1811
f 1811 1843 1844
f 1811 1844 1810
f 1810 1844 1851
f 1854 1906 1853
f 1853 1906 1907
f 1853 1907 1908
f 1906 1854 1905
f 1905 1854 1855
f 1905 1855 1877
f 1877 1855 1876
f 1876 1855 1856
f 1876 1856 1875
f 1875 1856 1917
f 1875 1917 1918
f 1856 1857 1917
f 1917 1857 1916
f 1916 1857 1858
f 1916 1858 1915
f 1915 1858 1859
f 1915 1859 1914
f 1914 1859 1913
f 1913 1859 1860
f 1913 1860 1888
f 1888 1860 1887
f 1887 1860 1861
f 1887 1861 1862
f 1863 1892 1862
f 1862 1892 1893
f 1862 1893 1887
f 1887 1893 1894
f 1887 1894 1886
f 1886 1894 1895
f 1886 1895 1885
f 1885 1895 1896
f 1885 1896 1884
f 1884 1896 1889
f 1884 1889 1865
f 1865 1889 1890
f 1865 1890 1864
f 1864 1890 1891
f 1864 1891 1863
f 1863 1891 1892
f 1865 1866 1884
f 1884 1866 1883
f 1883 1866 1867
f 1883 1867 1901
f 1901 1867 1868
f 1901 1868 1900
f 1900 1868 1899
f 1899 1868 1869
f 1899 1869 1898
f 1898 1869 1870
f 1898 1870 1897
f 1897 1870 1880
f 1897 1880 1904
f 1904 1880 1881
f 1904 1881 1903
f 1903 1881 1882
f 1903 1882 1902
f 1902 1882 1883
f 1902 1883 1901
f 1870 1871 1880
f 1880 1871 1872
f 1880 1872 1879
f 1879 1872 1909
f 1879 1909 1910
f 1872 1873 1909
f 1909 1873 1908
f 1908 1873 1853
f 1875 1918 1874
f 1874 1918 1919
f 1874 1919 1920
f 1878 1911 1877
f 1877 1911 1912
f 1877 1912 1905
f 1911 1878 1910
f 1910 1878 1879
f 1913 1888 1920
f 1920 1888 1874
f 1922 1963 1921
f 1964 1947 1948
f 1964 1948 1941
f 1941 1948 1949
f 1941 1949 1940
f 1940 1949 1950
f 1940 1950 1939
f 1939 1950 1951
f 1939 1951 1938
f 1938 1951 1952
f 1938 1952 1937
f 1937 1952 1953
f 1937 1953 1936
f 1936 1953 1954
f 1936 1954 1935
f 1935 1954 1955
f 1935 1955 1934
f 1934 1955 1956
f 1934 1956 1933
f 1933 1956 1957
f 1933 1957 1932
f 1932 1957 1958
f 1932 1958 1931
f 1931 1958 1959
f 1931 1959 1930
f 1930 1959 1960
f 1930 1960 1929
f 1929 1960 1961
f 1929 1961 1928
f 1928 1961 1962
f 1928 1962 1927
f 1927 1962 1942
f 1927 1942 1926
f 1926 1942 1943
f 1926 1943 1925
f 1925 1943 1944
f 1925 1944 1924
f 1924 1944 1945
f 1924 1945 1923
f 1923 1945 1946
f 1923 1946 1922
f 1922 1946 1963
f 1966 2015 1965
f 1965 2015 2016
f 1965 2016 2017
f 2015 1966 2014
f 2014 1966 1967
f 2014 1967 2013
f 2013 1967 2030
f 2013 2030 2012
f 2012 2030 2018
f 2012 2018 2019
f 2030 1967 2029
f 2029 1967 1968
f 2029 1968 1987
f 1987 1968 1986
f 1986 1968 1969
f 1986 1969 1993
f 1993 1969 1970
f 1993 1970 1992
f 1992 1970 1971
f 1992 1971 1991
f 1991 1971 1990
f 1990 1971 1972
f 1990 1972 1989
f 1989 1972 2026
f 1989 2026 2027
f 1972 1973 2026
f 2026 1973 1995
f 2026 1995 2025
f 2025 1995 1996
f 2025 1996 2024
f 2024 1996 1997
f 2024 1997 2023
f 2023 1997 1978
f 2023 1978 1979
f 1995 1973 1994
f 1994 1973 1974
f 1994 1974 2001
f 2001 1974 1975
f 2001 1975 2000
f 2000 1975 1976
f 2000 1976 1999
f 1999 1976 1977
f 1999 1977 1998
f 1998 1977 1978
f 1998 1978 1997
f 1980 2002 1979
f 1979 2002 2003
f 1979 2003 2023
f 2023 2003 2022
f 2022 2003 2004
f 2022 2004 2021
f 2021 2004 2005
f 2021 2005 2020
f 2020 2005 1983
f 2020 1983 1984
f 1981 2008 1980
f 1980 2008 2009
f 1980 2009 2002
f 2008 1981 2007
f 2007 1981 1982
f 2007 1982 2006
f 2006 1982 1983
f 2006 1983 2005
f 1985 2010 1984
f 1984 2010 2011
f 1984 2011 2019
f 2019 2011 2012
f 2010 1985 2017
f 2017 1985 1965
f 2029 1987 2028
f 2028 1987 1988
f 2028 1988 2027
f 2027 1988 1989
f 2019 2020 1984
f 2043 2056 2044
f 2057 2031 2032
f 2057 2032 2055
f 2055 2032 2033
f 2055 2033 2054
f 2054 2033 2034
f 2054 2034 2053
f 2053 2034 2035
f 2053 2035 2052
f 2052 2035 2036
f 2052 2036 2051
f 2051 2036 2037
f 2051 2037 2050
f 2050 2037 2038
f 2050 2038 2049
f 2049 2038 2039
f 2049 2039 2048
f 2048 2039 2040
f 2048 2040 2047
f 2047 2040 2041
f 2047 2041 2046
f 2046 2041 2042
f 2046 2042 2045
f 2045 2042 2043
f 2045 2043 2044
f 2059 2078 2058
f 2058 2078 2083
f 2082 2079 2069
f 2069 2079 2080
f 2069 2080 2068
f 2068 2080 2081
f 2068 2081 2067
f 2067 2081 2070
f 2067 2070 2066
f 2066 2070 2071
f 2066 2071 2065
f 2065 2071 2072
f 2065 2072 2064
f 2064 2072 2073
f 2064 2073 2063
f 2063 2073 2074
f 2063 2074 2062
f 2062 2074 2075
f 2062 2075 2061
f 2061 2075 2076
f 2061 2076 2060
f 2060 2076 2077
f 2060 2077 2059
f 2059 2077 2078
f 2098 2084 2099
f 2099 2084 2085
f 2099 2085 2110
f 2110 2085 2086
f 2110 2086 2109
f 2109 2086 2087
f 2109 2087 2108
f 2108 2087 2088
f 2108 2088 2107
f 2107 2088 2089
f 2107 2089 2090
f 2107 2090 2106
f 2106 2090 2091
f 2106 2091 2105
f 2105 2091 2092
f 2105 2092 2104
f 2104 2092 2093
f 2104 2093 2103
f 2103 2093 2094
f 2103 2094 2095
f 2103 2095 2102
f 2102 2095 2096
f 2102 2096 2101
f 2101 2096 2097
f 2101 2097 2100
f 2100 2097 2098
f 2100 2098 2099
f 2112 2140 2111
f 2111 2140 2142
f 2141 2126 2125
f 2125 2126 2127
f 2125 2127 2124
f 2124 2127 2128
f 2124 2128 2123
f 2123 2128 2129
f 2123 2129 2122
f 2122 2129 2130
f 2122 2130 2121
f 2121 2130 2131
f 2121 2131 2120
f 2120 2131 2132
f 2120 2132 2119
f 2119 2132 2133
f 2119 2133 2118
f 2118 2133 2134
f 2118 2134 2117
f 2117 2134 2135
f 2117 2135 2116
f 2116 2135 2136
f 2116 2136 2115
f 2115 2136 2137
f 2115 2137 2114
f 2114 2137 2138
f 2114 2138 2113
f 2113 2138 2139
f 2113 2139 2112
f 2112 2139 2140
