v 0.25214114 -0.024276989 0.048004547
v 0.25214114 -0.024261924 0.048030181
v 0.25214114 -0.024250324 0.048056929
v 0.25214114 -0.024244403 0.048085498
v 0.25214114 -0.024241832 0.048115142
v 0.25204114 -0.024241832 0.048115142
v 0.25204114 -0.024244403 0.048085498
v 0.25204114 -0.024250324 0.048056929
v 0.25204114 -0.024261924 0.048030181
v 0.25204114 -0.024276989 0.048004547
v 0.25214114 -0.024863658 0.047889557
v 0.25214114 -0.024817267 0.047893629
v 0.25214114 -0.024773189 0.047903786
v 0.25214114 -0.02473312 0.047924488
v 0.25214114 -0.024695568 0.047951813
v 0.25204114 -0.024695568 0.047951813
v 0.25204114 -0.02473312 0.047924488
v 0.25204114 -0.024773189 0.047903786
v 0.25204114 -0.024817267 0.047893629
v 0.25204114 -0.024863658 0.047889557
v 0.25214114 -0.024631481 0.048103424
v 0.25214114 -0.024636319 0.0481456
v 0.25214114 -0.024647219 0.048185162
v 0.25214114 -0.024668309 0.04822033
v 0.25214114 -0.024695568 0.048252838
v 0.25204114 -0.024695568 0.048252838
v 0.25204114 -0.024668309 0.04822033
v 0.25204114 -0.024647219 0.048185162
v 0.25204114 -0.024636319 0.0481456
v 0.25204114 -0.024631481 0.048103424
v 0.25214114 -0.024278453 0.047142486
v 0.25214114 -0.024278453 0.047570953
v 0.25204114 -0.024278453 0.047570953
v 0.25204114 -0.024278453 0.047142486
v 0.25714114 -0.020999869 0.033099576
v 0.25714114 -0.025499869 0.033099576
v 0.25214114 -0.025499869 0.033099576
v 0.25214114 -0.020999869 0.033099576
v 0.25204114 -0.025139869 0.034551666
v 0.25204114 -0.024652076 0.034551666
v 0.25204114 -0.024652076 0.035055572
v 0.25204114 -0.024525367 0.035055572
v 0.25204114 -0.024525367 0.034551666
v 0.25204114 -0.024192848 0.034551666
v 0.25204114 -0.024192848 0.035133942
v 0.25204114 -0.024066139 0.035133942
v 0.25204114 -0.024066139 0.034409577
v 0.25204114 -0.025139869 0.034409577
v 0.25214114 -0.024652076 0.035055572
v 0.25214114 -0.024525367 0.035055572
v 0.25204114 -0.024525367 0.035055572
v 0.25204114 -0.024652076 0.035055572
v 0.25239114 -0.021499869 0.034849576
v 0.25239114 -0.021499869 0.033349576
v 0.25239114 -0.021099869 0.033349576
v 0.25239114 -0.021099869 0.036099576
v 0.25239114 -0.025499869 0.036099576
v 0.25239114 -0.025499869 0.033349576
v 0.25239114 -0.023749869 0.033349576
v 0.25239114 -0.023749869 0.034849576
v 0.25689114 -0.021099869 0.033349576
v 0.25689114 -0.021099869 0.048849576
v 0.25239114 -0.021099869 0.048849576
v 0.25239114 -0.021099869 0.046099576
v 0.25239114 -0.021099869 0.036099576
v 0.25239114 -0.021099869 0.033349576
v 0.25214114 -0.024256481 0.047852936
v 0.25214114 -0.024362133 0.047797335
v 0.25214114 -0.024472359 0.047758095
v 0.25214114 -0.024589009 0.047741834
v 0.25214114 -0.024709117 0.047737945
v 0.25204114 -0.024709117 0.047737945
v 0.25204114 -0.024589009 0.047741834
v 0.25204114 -0.024472359 0.047758095
v 0.25204114 -0.024362133 0.047797335
v 0.25204114 -0.024256481 0.047852936
v 0.25214114 -0.024241832 0.048115142
v 0.25214114 -0.024246198 0.048152271
v 0.25214114 -0.024255864 0.048187129
v 0.25214114 -0.024274384 0.048218195
v 0.25214114 -0.024298229 0.048246978
v 0.25204114 -0.024298229 0.048246978
v 0.25204114 -0.024274384 0.048218195
v 0.25204114 -0.024255864 0.048187129
v 0.25204114 -0.024246198 0.048152271
v 0.25204114 -0.024241832 0.048115142
v 0.25214114 -0.024567028 0.047084625
v 0.25214114 -0.024278453 0.047142486
v 0.25204114 -0.024278453 0.047142486
v 0.25204114 -0.024567028 0.047084625
v 0.25214114 -0.024695568 0.048252838
v 0.25214114 -0.024735251 0.048279492
v 0.25214114 -0.024777328 0.048299361
v 0.25214114 -0.024823108 0.048308731
v 0.25214114 -0.024870983 0.048312164
v 0.25204114 -0.024870983 0.048312164
v 0.25204114 -0.024823108 0.048308731
v 0.25204114 -0.024777328 0.048299361
v 0.25204114 -0.024735251 0.048279492
v 0.25204114 -0.024695568 0.048252838
v 0.25214114 -0.024278453 0.047570953
v 0.25214114 -0.024152477 0.047570953
v 0.25204114 -0.024152477 0.047570953
v 0.25204114 -0.024278453 0.047570953
v 0.25239114 -0.021099869 0.036099576
v 0.25239114 -0.021099869 0.046099576
v 0.25239114 -0.020999869 0.046099576
v 0.25239114 -0.020999869 0.036099576
v 0.25214114 -0.024863658 0.047889557
v 0.25214114 -0.02489735 0.047891834
v 0.25214114 -0.024930441 0.047896818
v 0.25214114 -0.024962534 0.047906305
v 0.25214114 -0.024994029 0.047918487
v 0.25214114 -0.025021839 0.047933962
v 0.25214114 -0.02504746 0.047951977
v 0.25214114 -0.02506933 0.04797435
v 0.25214114 -0.025088878 0.04799942
v 0.25214114 -0.025102389 0.048025117
v 0.25214114 -0.025113015 0.048051667
v 0.25214114 -0.025118742 0.048079666
v 0.25214114 -0.025121471 0.048108551
v 0.25214114 -0.025115763 0.0481496
v 0.25214114 -0.025103879 0.048187787
v 0.25214114 -0.025081937 0.048221315
v 0.25214114 -0.025054088 0.048252106
v 0.25214114 -0.025012419 0.04827912
v 0.25214114 -0.02496839 0.04829924
v 0.25214114 -0.024920716 0.048308711
v 0.25214114 -0.024870983 0.048312164
v 0.25214114 -0.024823108 0.048308731
v 0.25214114 -0.024777328 0.048299361
v 0.25214114 -0.024735251 0.048279492
v 0.25214114 -0.024695568 0.048252838
v 0.25214114 -0.024668309 0.04822033
v 0.25214114 -0.024647219 0.048185162
v 0.25214114 -0.024636319 0.0481456
v 0.25214114 -0.024631481 0.048103424
v 0.25214114 -0.024636487 0.048060865
v 0.25214114 -0.024647502 0.048020845
v 0.25214114 -0.02466853 0.047985059
v 0.25214114 -0.024695568 0.047951813
v 0.25214114 -0.02473312 0.047924488
v 0.25214114 -0.024773189 0.047903786
v 0.25214114 -0.024817267 0.047893629
v 0.25714114 -0.025499869 0.049099576
v 0.25714114 -0.020999869 0.049099576
v 0.25214114 -0.020999869 0.049099576
v 0.25214114 -0.025499869 0.049099576
v 0.25214114 -0.025139869 0.034551666
v 0.25214114 -0.024652076 0.034551666
v 0.25204114 -0.024652076 0.034551666
v 0.25204114 -0.025139869 0.034551666
v 0.25214114 -0.024525367 0.035055572
v 0.25214114 -0.024525367 0.034551666
v 0.25204114 -0.024525367 0.034551666
v 0.25204114 -0.024525367 0.035055572
v 0.25239114 -0.023749869 0.047349576
v 0.25239114 -0.023749869 0.048849576
v 0.25239114 -0.025499869 0.048849576
v 0.25239114 -0.025499869 0.046099576
v 0.25239114 -0.021099869 0.046099576
v 0.25239114 -0.021099869 0.048849576
v 0.25239114 -0.021499869 0.048849576
v 0.25239114 -0.021499869 0.047349576
v 0.25689114 -0.025499869 0.033349576
v 0.25689114 -0.025499869 0.048849576
v 0.25689114 -0.021099869 0.048849576
v 0.25689114 -0.021099869 0.033349576
v 0.25204114 -0.024204479 0.048330841
v 0.25204114 -0.024173228 0.048283672
v 0.25204114 -0.024149587 0.048233829
v 0.25204114 -0.02413803 0.048179737
v 0.25204114 -0.024133434 0.048123199
v 0.25204114 -0.024142325 0.048045553
v 0.25204114 -0.024162979 0.047973328
v 0.25204114 -0.024203613 0.047910312
v 0.25204114 -0.024256481 0.047852936
v 0.25204114 -0.024362133 0.047797335
v 0.25204114 -0.024472359 0.047758095
v 0.25204114 -0.024589009 0.047741834
v 0.25204114 -0.024709117 0.047737945
v 0.25204114 -0.024815535 0.047741257
v 0.25204114 -0.024918712 0.047755822
v 0.25204114 -0.02501585 0.04779136
v 0.25204114 -0.025108654 0.047841949
v 0.25204114 -0.02516022 0.047899508
v 0.25204114 -0.025200112 0.04796236
v 0.25204114 -0.025220724 0.048033954
v 0.25204114 -0.025229869 0.048110748
v 0.25204114 -0.025226563 0.048156184
v 0.25204114 -0.025218837 0.048200427
v 0.25204114 -0.02520359 0.048242637
v 0.25204114 -0.025183727 0.048283599
v 0.25204114 -0.02515647 0.048320129
v 0.25204114 -0.025125898 0.048353001
v 0.25204114 -0.025089929 0.048379922
v 0.25204114 -0.025050792 0.048403351
v 0.25204114 -0.025005614 0.048421914
v 0.25204114 -0.024959453 0.048436262
v 0.25204114 -0.024911671 0.04844366
v 0.25204114 -0.024862926 0.04844693
v 0.25204114 -0.024793794 0.048440747
v 0.25204114 -0.024728071 0.048425547
v 0.25204114 -0.024668232 0.048394777
v 0.25204114 -0.024612072 0.048354278
v 0.25204114 -0.024571318 0.048305265
v 0.25204114 -0.024539528 0.048252389
v 0.25204114 -0.02452275 0.048193041
v 0.25204114 -0.024515026 0.048129791
v 0.25204114 -0.024517839 0.048092268
v 0.25204114 -0.024523926 0.04805554
v 0.25204114 -0.024535437 0.04802013
v 0.25204114 -0.024550182 0.047985504
v 0.25204114 -0.02457175 0.047951484
v 0.25204114 -0.024596301 0.047920202
v 0.25204114 -0.02462567 0.047893337
v 0.25204114 -0.024657848 0.047869049
v 0.25204114 -0.024594555 0.047870901
v 0.25204114 -0.024531872 0.047876496
v 0.25204114 -0.024470317 0.047889011
v 0.25204114 -0.024409557 0.047906402
v 0.25204114 -0.024371717 0.04792469
v 0.25204114 -0.024336346 0.047946263
v 0.25204114 -0.024305294 0.047973579
v 0.25204114 -0.024276989 0.048004547
v 0.25204114 -0.024261924 0.048030181
v 0.25204114 -0.024250324 0.048056929
v 0.25204114 -0.024244403 0.048085498
v 0.25204114 -0.024241832 0.048115142
v 0.25204114 -0.024246198 0.048152271
v 0.25204114 -0.024255864 0.048187129
v 0.25204114 -0.024274384 0.048218195
v 0.25204114 -0.024298229 0.048246978
v 0.25204114 -0.024324111 0.048264449
v 0.25204114 -0.024351392 0.048278887
v 0.25204114 -0.024380667 0.048289004
v 0.25204114 -0.024411022 0.048296783
v 0.25204114 -0.024400768 0.048427887
v 0.25204114 -0.0243454 0.048416098
v 0.25204114 -0.024293363 0.048397713
v 0.25204114 -0.024247104 0.048367877
v 0.25204114 -0.024863658 0.047889557
v 0.25204114 -0.024817267 0.047893629
v 0.25204114 -0.024773189 0.047903786
v 0.25204114 -0.02473312 0.047924488
v 0.25204114 -0.024695568 0.047951813
v 0.25204114 -0.02466853 0.047985059
v 0.25204114 -0.024647502 0.048020845
v 0.25204114 -0.024636487 0.048060865
v 0.25204114 -0.024631481 0.048103424
v 0.25204114 -0.024636319 0.0481456
v 0.25204114 -0.024647219 0.048185162
v 0.25204114 -0.024668309 0.04822033
v 0.25204114 -0.024695568 0.048252838
v 0.25204114 -0.024735251 0.048279492
v 0.25204114 -0.024777328 0.048299361
v 0.25204114 -0.024823108 0.048308731
v 0.25204114 -0.024870983 0.048312164
v 0.25204114 -0.024920716 0.048308711
v 0.25204114 -0.02496839 0.04829924
v 0.25204114 -0.025012419 0.04827912
v 0.25204114 -0.025054088 0.048252106
v 0.25204114 -0.025081937 0.048221315
v 0.25204114 -0.025103879 0.048187787
v 0.25204114 -0.025115763 0.0481496
v 0.25204114 -0.025121471 0.048108551
v 0.25204114 -0.025118742 0.048079666
v 0.25204114 -0.025113015 0.048051667
v 0.25204114 -0.025102389 0.048025117
v 0.25204114 -0.025088878 0.04799942
v 0.25204114 -0.02506933 0.04797435
v 0.25204114 -0.02504746 0.047951977
v 0.25204114 -0.025021839 0.047933962
v 0.25204114 -0.024994029 0.047918487
v 0.25204114 -0.024962534 0.047906305
v 0.25204114 -0.024930441 0.047896818
v 0.25204114 -0.02489735 0.047891834
v 0.25214114 -0.024133434 0.048123199
v 0.25214114 -0.024142325 0.048045553
v 0.25214114 -0.024162979 0.047973328
v 0.25214114 -0.024203613 0.047910312
v 0.25214114 -0.024256481 0.047852936
v 0.25204114 -0.024256481 0.047852936
v 0.25204114 -0.024203613 0.047910312
v 0.25204114 -0.024162979 0.047973328
v 0.25204114 -0.024142325 0.048045553
v 0.25204114 -0.024133434 0.048123199
v 0.25214114 -0.024298229 0.048246978
v 0.25214114 -0.024324111 0.048264449
v 0.25214114 -0.024351392 0.048278887
v 0.25214114 -0.024380667 0.048289004
v 0.25214114 -0.024411022 0.048296783
v 0.25204114 -0.024411022 0.048296783
v 0.25204114 -0.024380667 0.048289004
v 0.25204114 -0.024351392 0.048278887
v 0.25204114 -0.024324111 0.048264449
v 0.25204114 -0.024298229 0.048246978
v 0.25214114 -0.024499645 0.047287506
v 0.25214114 -0.024505463 0.047233177
v 0.25214114 -0.024517423 0.047180857
v 0.25214114 -0.024539321 0.04713179
v 0.25214114 -0.024567028 0.047084625
v 0.25204114 -0.024567028 0.047084625
v 0.25204114 -0.024539321 0.04713179
v 0.25204114 -0.024517423 0.047180857
v 0.25204114 -0.024505463 0.047233177
v 0.25204114 -0.024499645 0.047287506
v 0.25214114 -0.024870983 0.048312164
v 0.25214114 -0.024920716 0.048308711
v 0.25214114 -0.02496839 0.04829924
v 0.25214114 -0.025012419 0.04827912
v 0.25214114 -0.025054088 0.048252106
v 0.25204114 -0.025054088 0.048252106
v 0.25204114 -0.025012419 0.04827912
v 0.25204114 -0.02496839 0.04829924
v 0.25204114 -0.024920716 0.048308711
v 0.25204114 -0.024870983 0.048312164
v 0.25214114 -0.024152477 0.047570953
v 0.25214114 -0.024152477 0.047037017
v 0.25204114 -0.024152477 0.047037017
v 0.25204114 -0.024152477 0.047570953
v 0.25214114 -0.020999869 0.036099576
v 0.25214114 -0.025499869 0.036099576
v 0.25239114 -0.025499869 0.036099576
v 0.25239114 -0.021099869 0.036099576
v 0.25239114 -0.020999869 0.036099576
v 0.25214114 -0.020999869 0.036099576
v 0.25239114 -0.020999869 0.036099576
v 0.25239114 -0.020999869 0.046099576
v 0.25214114 -0.020999869 0.046099576
v 0.25214114 -0.020999869 0.049099576
v 0.25714114 -0.020999869 0.049099576
v 0.25714114 -0.020999869 0.033099576
v 0.25214114 -0.020999869 0.033099576
v 0.25239114 -0.025499869 0.036099576
v 0.25214114 -0.025499869 0.036099576
v 0.25214114 -0.025499869 0.033099576
v 0.25714114 -0.025499869 0.033099576
v 0.25714114 -0.025499869 0.049099576
v 0.25214114 -0.025499869 0.049099576
v 0.25214114 -0.025499869 0.046099576
v 0.25239114 -0.025499869 0.046099576
v 0.25239114 -0.025499869 0.048849576
v 0.25689114 -0.025499869 0.048849576
v 0.25689114 -0.025499869 0.033349576
v 0.25239114 -0.025499869 0.033349576
v 0.25214114 -0.025499869 0.036099576
v 0.25214114 -0.020999869 0.036099576
v 0.25214114 -0.020999869 0.033099576
v 0.25214114 -0.025499869 0.033099576
v 0.25214114 -0.025139869 0.034551666
v 0.25214114 -0.025139869 0.034409577
v 0.25214114 -0.024066139 0.034409577
v 0.25214114 -0.024066139 0.035133942
v 0.25214114 -0.024192848 0.035133942
v 0.25214114 -0.024192848 0.034551666
v 0.25214114 -0.024525367 0.034551666
v 0.25214114 -0.024525367 0.035055572
v 0.25214114 -0.024652076 0.035055572
v 0.25214114 -0.024652076 0.034551666
v 0.25214114 -0.021499869 0.034849576
v 0.25214114 -0.023749869 0.034849576
v 0.25214114 -0.023749869 0.033349576
v 0.25214114 -0.021499869 0.033349576
v 0.25214114 -0.024525367 0.034551666
v 0.25214114 -0.024192848 0.034551666
v 0.25204114 -0.024192848 0.034551666
v 0.25204114 -0.024525367 0.034551666
v 0.25239114 -0.025499869 0.033349576
v 0.25689114 -0.025499869 0.033349576
v 0.25689114 -0.021099869 0.033349576
v 0.25239114 -0.021099869 0.033349576
v 0.25239114 -0.021499869 0.033349576
v 0.25214114 -0.021499869 0.033349576
v 0.25214114 -0.023749869 0.033349576
v 0.25239114 -0.023749869 0.033349576
v 0.25214114 -0.023749869 0.047349576
v 0.25214114 -0.023749869 0.048849576
v 0.25239114 -0.023749869 0.048849576
v 0.25239114 -0.023749869 0.047349576
v 0.25214114 -0.024204479 0.048330841
v 0.25214114 -0.024173228 0.048283672
v 0.25214114 -0.024149587 0.048233829
v 0.25214114 -0.02413803 0.048179737
v 0.25214114 -0.024133434 0.048123199
v 0.25204114 -0.024133434 0.048123199
v 0.25204114 -0.02413803 0.048179737
v 0.25204114 -0.024149587 0.048233829
v 0.25204114 -0.024173228 0.048283672
v 0.25204114 -0.024204479 0.048330841
v 0.25214114 -0.024411022 0.048296783
v 0.25214114 -0.024400768 0.048427887
v 0.25204114 -0.024400768 0.048427887
v 0.25204114 -0.024411022 0.048296783
v 0.25214114 -0.024597057 0.04752481
v 0.25214114 -0.0245557 0.047472493
v 0.25214114 -0.024523664 0.047416333
v 0.25214114 -0.024507057 0.047353814
v 0.25214114 -0.024499645 0.047287506
v 0.25204114 -0.024499645 0.047287506
v 0.25204114 -0.024507057 0.047353814
v 0.25204114 -0.024523664 0.047416333
v 0.25204114 -0.0245557 0.047472493
v 0.25204114 -0.024597057 0.04752481
v 0.25214114 -0.025054088 0.048252106
v 0.25214114 -0.025081937 0.048221315
v 0.25214114 -0.025103879 0.048187787
v 0.25214114 -0.025115763 0.0481496
v 0.25214114 -0.025121471 0.048108551
v 0.25204114 -0.025121471 0.048108551
v 0.25204114 -0.025115763 0.0481496
v 0.25204114 -0.025103879 0.048187787
v 0.25204114 -0.025081937 0.048221315
v 0.25204114 -0.025054088 0.048252106
v 0.25214114 -0.024152477 0.047037017
v 0.25214114 -0.02470399 0.046933014
v 0.25204114 -0.02470399 0.046933014
v 0.25204114 -0.024152477 0.047037017
v 0.25214114 -0.025499869 0.046099576
v 0.25214114 -0.020999869 0.046099576
v 0.25239114 -0.020999869 0.046099576
v 0.25239114 -0.021099869 0.046099576
v 0.25239114 -0.025499869 0.046099576
v 0.25214114 -0.024192848 0.034551666
v 0.25214114 -0.024192848 0.035133942
v 0.25204114 -0.024192848 0.035133942
v 0.25204114 -0.024192848 0.034551666
v 0.25214114 -0.021499869 0.047349576
v 0.25214114 -0.023749869 0.047349576
v 0.25239114 -0.023749869 0.047349576
v 0.25239114 -0.021499869 0.047349576
v 0.25689114 -0.025499869 0.048849576
v 0.25239114 -0.025499869 0.048849576
v 0.25239114 -0.023749869 0.048849576
v 0.25214114 -0.023749869 0.048849576
v 0.25214114 -0.021499869 0.048849576
v 0.25239114 -0.021499869 0.048849576
v 0.25239114 -0.021099869 0.048849576
v 0.25689114 -0.021099869 0.048849576
v 0.25214114 -0.024400768 0.048427887
v 0.25214114 -0.0243454 0.048416098
v 0.25214114 -0.024293363 0.048397713
v 0.25214114 -0.024247104 0.048367877
v 0.25214114 -0.024204479 0.048330841
v 0.25204114 -0.024204479 0.048330841
v 0.25204114 -0.024247104 0.048367877
v 0.25204114 -0.024293363 0.048397713
v 0.25204114 -0.0243454 0.048416098
v 0.25204114 -0.024400768 0.048427887
v 0.25214114 -0.024847545 0.04762149
v 0.25214114 -0.024778042 0.047614822
v 0.25214114 -0.024712211 0.047598811
v 0.25214114 -0.024652682 0.047566776
v 0.25214114 -0.024597057 0.04752481
v 0.25204114 -0.024597057 0.04752481
v 0.25204114 -0.024652682 0.047566776
v 0.25204114 -0.024712211 0.047598811
v 0.25204114 -0.024778042 0.047614822
v 0.25204114 -0.024847545 0.04762149
v 0.25214114 -0.025121471 0.048108551
v 0.25214114 -0.025118742 0.048079666
v 0.25214114 -0.025113015 0.048051667
v 0.25214114 -0.025102389 0.048025117
v 0.25214114 -0.025088878 0.04799942
v 0.25204114 -0.025088878 0.04799942
v 0.25204114 -0.025102389 0.048025117
v 0.25204114 -0.025113015 0.048051667
v 0.25204114 -0.025118742 0.048079666
v 0.25204114 -0.025121471 0.048108551
v 0.25214114 -0.02470399 0.046933014
v 0.25214114 -0.024720104 0.047056793
v 0.25204114 -0.024720104 0.047056793
v 0.25204114 -0.02470399 0.046933014
v 0.25214114 -0.024192848 0.035133942
v 0.25214114 -0.024066139 0.035133942
v 0.25204114 -0.024066139 0.035133942
v 0.25204114 -0.024192848 0.035133942
v 0.25214114 -0.021499869 0.048849576
v 0.25214114 -0.021499869 0.047349576
v 0.25239114 -0.021499869 0.047349576
v 0.25239114 -0.021499869 0.048849576
v 0.25214114 -0.025099498 0.047536529
v 0.25214114 -0.025041704 0.047573005
v 0.25214114 -0.024981037 0.047601055
v 0.25214114 -0.024915674 0.04761533
v 0.25214114 -0.024847545 0.04762149
v 0.25204114 -0.024847545 0.04762149
v 0.25204114 -0.024915674 0.04761533
v 0.25204114 -0.024981037 0.047601055
v 0.25204114 -0.025041704 0.047573005
v 0.25204114 -0.025099498 0.047536529
v 0.25214114 -0.025088878 0.04799942
v 0.25214114 -0.02506933 0.04797435
v 0.25214114 -0.02504746 0.047951977
v 0.25214114 -0.025021839 0.047933962
v 0.25214114 -0.024994029 0.047918487
v 0.25204114 -0.024994029 0.047918487
v 0.25204114 -0.025021839 0.047933962
v 0.25204114 -0.02504746 0.047951977
v 0.25204114 -0.02506933 0.04797435
v 0.25204114 -0.025088878 0.04799942
v 0.25214114 -0.024720104 0.047056793
v 0.25214114 -0.024697857 0.047073677
v 0.25214114 -0.024677535 0.047092364
v 0.25214114 -0.024660357 0.047113995
v 0.25214114 -0.024645031 0.047137359
v 0.25204114 -0.024645031 0.047137359
v 0.25204114 -0.024660357 0.047113995
v 0.25204114 -0.024677535 0.047092364
v 0.25204114 -0.024697857 0.047073677
v 0.25204114 -0.024720104 0.047056793
v 0.25214114 -0.024066139 0.035133942
v 0.25214114 -0.024066139 0.034409577
v 0.25204114 -0.024066139 0.034409577
v 0.25204114 -0.024066139 0.035133942
v 0.25214114 -0.025229869 0.047254547
v 0.25214114 -0.025220498 0.047335921
v 0.25214114 -0.025198649 0.04741145
v 0.25214114 -0.025155579 0.047477038
v 0.25214114 -0.025099498 0.047536529
v 0.25204114 -0.025099498 0.047536529
v 0.25204114 -0.025155579 0.047477038
v 0.25204114 -0.025198649 0.04741145
v 0.25204114 -0.025220498 0.047335921
v 0.25204114 -0.025229869 0.047254547
v 0.25214114 -0.024994029 0.047918487
v 0.25214114 -0.024962534 0.047906305
v 0.25214114 -0.024930441 0.047896818
v 0.25214114 -0.02489735 0.047891834
v 0.25214114 -0.024863658 0.047889557
v 0.25204114 -0.024863658 0.047889557
v 0.25204114 -0.02489735 0.047891834
v 0.25204114 -0.024930441 0.047896818
v 0.25204114 -0.024962534 0.047906305
v 0.25204114 -0.024994029 0.047918487
v 0.25214114 -0.024645031 0.047137359
v 0.25214114 -0.024632587 0.047164781
v 0.25214114 -0.02462303 0.047192937
v 0.25214114 -0.024618181 0.047222291
v 0.25214114 -0.0246161 0.04725235
v 0.25204114 -0.0246161 0.04725235
v 0.25204114 -0.024618181 0.047222291
v 0.25204114 -0.02462303 0.047192937
v 0.25204114 -0.024632587 0.047164781
v 0.25204114 -0.024645031 0.047137359
v 0.25214114 -0.024066139 0.034409577
v 0.25214114 -0.025139869 0.034409577
v 0.25204114 -0.025139869 0.034409577
v 0.25204114 -0.024066139 0.034409577
v 0.25204114 -0.025147838 0.047015411
v 0.25204114 -0.02518398 0.047069679
v 0.25204114 -0.025211291 0.047127063
v 0.25204114 -0.025224605 0.047189385
v 0.25204114 -0.025229869 0.047254547
v 0.25204114 -0.025220498 0.047335921
v 0.25204114 -0.025198649 0.04741145
v 0.25204114 -0.025155579 0.047477038
v 0.25204114 -0.025099498 0.047536529
v 0.25204114 -0.025041704 0.047573005
v 0.25204114 -0.024981037 0.047601055
v 0.25204114 -0.024915674 0.04761533
v 0.25204114 -0.024847545 0.04762149
v 0.25204114 -0.024778042 0.047614822
v 0.25204114 -0.024712211 0.047598811
v 0.25204114 -0.024652682 0.047566776
v 0.25204114 -0.024597057 0.04752481
v 0.25204114 -0.0245557 0.047472493
v 0.25204114 -0.024523664 0.047416333
v 0.25204114 -0.024507057 0.047353814
v 0.25204114 -0.024499645 0.047287506
v 0.25204114 -0.024505463 0.047233177
v 0.25204114 -0.024517423 0.047180857
v 0.25204114 -0.024539321 0.04713179
v 0.25204114 -0.024567028 0.047084625
v 0.25204114 -0.024278453 0.047142486
v 0.25204114 -0.024278453 0.047570953
v 0.25204114 -0.024152477 0.047570953
v 0.25204114 -0.024152477 0.047037017
v 0.25204114 -0.02470399 0.046933014
v 0.25204114 -0.024720104 0.047056793
v 0.25204114 -0.024697857 0.047073677
v 0.25204114 -0.024677535 0.047092364
v 0.25204114 -0.024660357 0.047113995
v 0.25204114 -0.024645031 0.047137359
v 0.25204114 -0.024632587 0.047164781
v 0.25204114 -0.02462303 0.047192937
v 0.25204114 -0.024618181 0.047222291
v 0.25204114 -0.0246161 0.04725235
v 0.25204114 -0.02462053 0.047298584
v 0.25204114 -0.02463128 0.047342282
v 0.25204114 -0.024652902 0.047381619
v 0.25204114 -0.024681285 0.047418243
v 0.25204114 -0.024721183 0.047446519
v 0.25204114 -0.024763705 0.047467695
v 0.25204114 -0.02481032 0.047477796
v 0.25204114 -0.024859264 0.047481598
v 0.25204114 -0.024911313 0.047477527
v 0.25204114 -0.02496103 0.047466939
v 0.25204114 -0.025006662 0.047444942
v 0.25204114 -0.025049694 0.04741568
v 0.25204114 -0.02507979 0.047380788
v 0.25204114 -0.02510329 0.04734297
v 0.25204114 -0.025115723 0.047300241
v 0.25204114 -0.025121471 0.047254547
v 0.25204114 -0.025117679 0.047217375
v 0.25204114 -0.025109056 0.047182035
v 0.25204114 -0.025092286 0.047149786
v 0.25204114 -0.025070568 0.047119415
v 0.25204114 -0.025037074 0.047092326
v 0.25204114 -0.025000968 0.047070598
v 0.25204114 -0.02496089 0.047057021
v 0.25204114 -0.02491859 0.047048004
v 0.25204114 -0.024930309 0.046909576
v 0.25204114 -0.024991852 0.046921509
v 0.25204114 -0.025049562 0.046941217
v 0.25204114 -0.025100721 0.046974215
v 0.25214114 -0.0246161 0.04725235
v 0.25214114 -0.02462053 0.047298584
v 0.25214114 -0.02463128 0.047342282
v 0.25214114 -0.024652902 0.047381619
v 0.25214114 -0.024681285 0.047418243
v 0.25204114 -0.024681285 0.047418243
v 0.25204114 -0.024652902 0.047381619
v 0.25204114 -0.02463128 0.047342282
v 0.25204114 -0.02462053 0.047298584
v 0.25204114 -0.0246161 0.04725235
v 0.25214114 -0.025139869 0.034409577
v 0.25214114 -0.025139869 0.034551666
v 0.25204114 -0.025139869 0.034551666
v 0.25204114 -0.025139869 0.034409577
v 0.25214114 -0.025147838 0.047015411
v 0.25214114 -0.02518398 0.047069679
v 0.25214114 -0.025211291 0.047127063
v 0.25214114 -0.025224605 0.047189385
v 0.25214114 -0.025229869 0.047254547
v 0.25204114 -0.025229869 0.047254547
v 0.25204114 -0.025224605 0.047189385
v 0.25204114 -0.025211291 0.047127063
v 0.25204114 -0.02518398 0.047069679
v 0.25204114 -0.025147838 0.047015411
v 0.25214114 -0.024681285 0.047418243
v 0.25214114 -0.024721183 0.047446519
v 0.25214114 -0.024763705 0.047467695
v 0.25214114 -0.02481032 0.047477796
v 0.25214114 -0.024859264 0.047481598
v 0.25204114 -0.024859264 0.047481598
v 0.25204114 -0.02481032 0.047477796
v 0.25204114 -0.024763705 0.047467695
v 0.25204114 -0.024721183 0.047446519
v 0.25204114 -0.024681285 0.047418243
v 0.25214114 -0.020999869 0.046099576
v 0.25214114 -0.025499869 0.046099576
v 0.25214114 -0.025499869 0.049099576
v 0.25214114 -0.020999869 0.049099576
v 0.25214114 -0.025147838 0.047015411
v 0.25214114 -0.025100721 0.046974215
v 0.25214114 -0.025049562 0.046941217
v 0.25214114 -0.024991852 0.046921509
v 0.25214114 -0.024930309 0.046909576
v 0.25214114 -0.02491859 0.047048004
v 0.25214114 -0.02496089 0.047057021
v 0.25214114 -0.025000968 0.047070598
v 0.25214114 -0.025037074 0.047092326
v 0.25214114 -0.025070568 0.047119415
v 0.25214114 -0.025092286 0.047149786
v 0.25214114 -0.025109056 0.047182035
v 0.25214114 -0.025117679 0.047217375
v 0.25214114 -0.025121471 0.047254547
v 0.25214114 -0.025115723 0.047300241
v 0.25214114 -0.02510329 0.04734297
v 0.25214114 -0.02507979 0.047380788
v 0.25214114 -0.025049694 0.04741568
v 0.25214114 -0.025006662 0.047444942
v 0.25214114 -0.02496103 0.047466939
v 0.25214114 -0.024911313 0.047477527
v 0.25214114 -0.024859264 0.047481598
v 0.25214114 -0.02481032 0.047477796
v 0.25214114 -0.024763705 0.047467695
v 0.25214114 -0.024721183 0.047446519
v 0.25214114 -0.024681285 0.047418243
v 0.25214114 -0.024652902 0.047381619
v 0.25214114 -0.02463128 0.047342282
v 0.25214114 -0.02462053 0.047298584
v 0.25214114 -0.0246161 0.04725235
v 0.25214114 -0.024618181 0.047222291
v 0.25214114 -0.02462303 0.047192937
v 0.25214114 -0.024632587 0.047164781
v 0.25214114 -0.024645031 0.047137359
v 0.25214114 -0.024660357 0.047113995
v 0.25214114 -0.024677535 0.047092364
v 0.25214114 -0.024697857 0.047073677
v 0.25214114 -0.024720104 0.047056793
v 0.25214114 -0.02470399 0.046933014
v 0.25214114 -0.024152477 0.047037017
v 0.25214114 -0.024152477 0.047570953
v 0.25214114 -0.024278453 0.047570953
v 0.25214114 -0.024278453 0.047142486
v 0.25214114 -0.024567028 0.047084625
v 0.25214114 -0.024539321 0.04713179
v 0.25214114 -0.024517423 0.047180857
v 0.25214114 -0.024505463 0.047233177
v 0.25214114 -0.024499645 0.047287506
v 0.25214114 -0.024507057 0.047353814
v 0.25214114 -0.024523664 0.047416333
v 0.25214114 -0.0245557 0.047472493
v 0.25214114 -0.024597057 0.04752481
v 0.25214114 -0.024652682 0.047566776
v 0.25214114 -0.024712211 0.047598811
v 0.25214114 -0.024778042 0.047614822
v 0.25214114 -0.024847545 0.04762149
v 0.25214114 -0.024915674 0.04761533
v 0.25214114 -0.024981037 0.047601055
v 0.25214114 -0.025041704 0.047573005
v 0.25214114 -0.025099498 0.047536529
v 0.25214114 -0.025155579 0.047477038
v 0.25214114 -0.025198649 0.04741145
v 0.25214114 -0.025220498 0.047335921
v 0.25214114 -0.025229869 0.047254547
v 0.25214114 -0.025224605 0.047189385
v 0.25214114 -0.025211291 0.047127063
v 0.25214114 -0.02518398 0.047069679
v 0.25214114 -0.021499869 0.047349576
v 0.25214114 -0.021499869 0.048849576
v 0.25214114 -0.023749869 0.048849576
v 0.25214114 -0.023749869 0.047349576
v 0.25214114 -0.024204479 0.048330841
v 0.25214114 -0.024247104 0.048367877
v 0.25214114 -0.024293363 0.048397713
v 0.25214114 -0.0243454 0.048416098
v 0.25214114 -0.024400768 0.048427887
v 0.25214114 -0.024411022 0.048296783
v 0.25214114 -0.024380667 0.048289004
v 0.25214114 -0.024351392 0.048278887
v 0.25214114 -0.024324111 0.048264449
v 0.25214114 -0.024298229 0.048246978
v 0.25214114 -0.024274384 0.048218195
v 0.25214114 -0.024255864 0.048187129
v 0.25214114 -0.024246198 0.048152271
v 0.25214114 -0.024241832 0.048115142
v 0.25214114 -0.024244403 0.048085498
v 0.25214114 -0.024250324 0.048056929
v 0.25214114 -0.024261924 0.048030181
v 0.25214114 -0.024276989 0.048004547
v 0.25214114 -0.024305294 0.047973579
v 0.25214114 -0.024336346 0.047946263
v 0.25214114 -0.024371717 0.04792469
v 0.25214114 -0.024409557 0.047906402
v 0.25214114 -0.024470317 0.047889011
v 0.25214114 -0.024531872 0.047876496
v 0.25214114 -0.024594555 0.047870901
v 0.25214114 -0.024657848 0.047869049
v 0.25214114 -0.02462567 0.047893337
v 0.25214114 -0.024596301 0.047920202
v 0.25214114 -0.02457175 0.047951484
v 0.25214114 -0.024550182 0.047985504
v 0.25214114 -0.024535437 0.04802013
v 0.25214114 -0.024523926 0.04805554
v 0.25214114 -0.024517839 0.048092268
v 0.25214114 -0.024515026 0.048129791
v 0.25214114 -0.02452275 0.048193041
v 0.25214114 -0.024539528 0.048252389
v 0.25214114 -0.024571318 0.048305265
v 0.25214114 -0.024612072 0.048354278
v 0.25214114 -0.024668232 0.048394777
v 0.25214114 -0.024728071 0.048425547
v 0.25214114 -0.024793794 0.048440747
v 0.25214114 -0.024862926 0.04844693
v 0.25214114 -0.024911671 0.04844366
v 0.25214114 -0.024959453 0.048436262
v 0.25214114 -0.025005614 0.048421914
v 0.25214114 -0.025050792 0.048403351
v 0.25214114 -0.025089929 0.048379922
v 0.25214114 -0.025125898 0.048353001
v 0.25214114 -0.02515647 0.048320129
v 0.25214114 -0.025183727 0.048283599
v 0.25214114 -0.02520359 0.048242637
v 0.25214114 -0.025218837 0.048200427
v 0.25214114 -0.025226563 0.048156184
v 0.25214114 -0.025229869 0.048110748
v 0.25214114 -0.025220724 0.048033954
v 0.25214114 -0.025200112 0.04796236
v 0.25214114 -0.02516022 0.047899508
v 0.25214114 -0.025108654 0.047841949
v 0.25214114 -0.02501585 0.04779136
v 0.25214114 -0.024918712 0.047755822
v 0.25214114 -0.024815535 0.047741257
v 0.25214114 -0.024709117 0.047737945
v 0.25214114 -0.024589009 0.047741834
v 0.25214114 -0.024472359 0.047758095
v 0.25214114 -0.024362133 0.047797335
v 0.25214114 -0.024256481 0.047852936
v 0.25214114 -0.024203613 0.047910312
v 0.25214114 -0.024162979 0.047973328
v 0.25214114 -0.024142325 0.048045553
v 0.25214114 -0.024133434 0.048123199
v 0.25214114 -0.02413803 0.048179737
v 0.25214114 -0.024149587 0.048233829
v 0.25214114 -0.024173228 0.048283672
v 0.25214114 -0.024859264 0.047481598
v 0.25214114 -0.024911313 0.047477527
v 0.25214114 -0.02496103 0.047466939
v 0.25214114 -0.025006662 0.047444942
v 0.25214114 -0.025049694 0.04741568
v 0.25204114 -0.025049694 0.04741568
v 0.25204114 -0.025006662 0.047444942
v 0.25204114 -0.02496103 0.047466939
v 0.25204114 -0.024911313 0.047477527
v 0.25204114 -0.024859264 0.047481598
v 0.25214114 -0.025049694 0.04741568
v 0.25214114 -0.02507979 0.047380788
v 0.25214114 -0.02510329 0.04734297
v 0.25214114 -0.025115723 0.047300241
v 0.25214114 -0.025121471 0.047254547
v 0.25204114 -0.025121471 0.047254547
v 0.25204114 -0.025115723 0.047300241
v 0.25204114 -0.02510329 0.04734297
v 0.25204114 -0.02507979 0.047380788
v 0.25204114 -0.025049694 0.04741568
v 0.25214114 -0.025121471 0.047254547
v 0.25214114 -0.025117679 0.047217375
v 0.25214114 -0.025109056 0.047182035
v 0.25214114 -0.025092286 0.047149786
v 0.25214114 -0.025070568 0.047119415
v 0.25204114 -0.025070568 0.047119415
v 0.25204114 -0.025092286 0.047149786
v 0.25204114 -0.025109056 0.047182035
v 0.25204114 -0.025117679 0.047217375
v 0.25204114 -0.025121471 0.047254547
v 0.25214114 -0.025070568 0.047119415
v 0.25214114 -0.025037074 0.047092326
v 0.25214114 -0.025000968 0.047070598
v 0.25214114 -0.02496089 0.047057021
v 0.25214114 -0.02491859 0.047048004
v 0.25204114 -0.02491859 0.047048004
v 0.25204114 -0.02496089 0.047057021
v 0.25204114 -0.025000968 0.047070598
v 0.25204114 -0.025037074 0.047092326
v 0.25204114 -0.025070568 0.047119415
v 0.25214114 -0.02491859 0.047048004
v 0.25214114 -0.024930309 0.046909576
v 0.25204114 -0.024930309 0.046909576
v 0.25204114 -0.02491859 0.047048004
v 0.25214114 -0.024930309 0.046909576
v 0.25214114 -0.024991852 0.046921509
v 0.25214114 -0.025049562 0.046941217
v 0.25214114 -0.025100721 0.046974215
v 0.25214114 -0.025147838 0.047015411
v 0.25204114 -0.025147838 0.047015411
v 0.25204114 -0.025100721 0.046974215
v 0.25204114 -0.025049562 0.046941217
v 0.25204114 -0.024991852 0.046921509
v 0.25204114 -0.024930309 0.046909576
v 0.25214114 -0.024862926 0.04844693
v 0.25214114 -0.024793794 0.048440747
v 0.25214114 -0.024728071 0.048425547
v 0.25214114 -0.024668232 0.048394777
v 0.25214114 -0.024612072 0.048354278
v 0.25204114 -0.024612072 0.048354278
v 0.25204114 -0.024668232 0.048394777
v 0.25204114 -0.024728071 0.048425547
v 0.25204114 -0.024793794 0.048440747
v 0.25204114 -0.024862926 0.04844693
v 0.25214114 -0.024612072 0.048354278
v 0.25214114 -0.024571318 0.048305265
v 0.25214114 -0.024539528 0.048252389
v 0.25214114 -0.02452275 0.048193041
v 0.25214114 -0.024515026 0.048129791
v 0.25204114 -0.024515026 0.048129791
v 0.25204114 -0.02452275 0.048193041
v 0.25204114 -0.024539528 0.048252389
v 0.25204114 -0.024571318 0.048305265
v 0.25204114 -0.024612072 0.048354278
v 0.25214114 -0.025050792 0.048403351
v 0.25214114 -0.025005614 0.048421914
v 0.25214114 -0.024959453 0.048436262
v 0.25214114 -0.024911671 0.04844366
v 0.25214114 -0.024862926 0.04844693
v 0.25204114 -0.024862926 0.04844693
v 0.25204114 -0.024911671 0.04844366
v 0.25204114 -0.024959453 0.048436262
v 0.25204114 -0.025005614 0.048421914
v 0.25204114 -0.025050792 0.048403351
v 0.25214114 -0.024515026 0.048129791
v 0.25214114 -0.024517839 0.048092268
v 0.25214114 -0.024523926 0.04805554
v 0.25214114 -0.024535437 0.04802013
v 0.25214114 -0.024550182 0.047985504
v 0.25204114 -0.024550182 0.047985504
v 0.25204114 -0.024535437 0.04802013
v 0.25204114 -0.024523926 0.04805554
v 0.25204114 -0.024517839 0.048092268
v 0.25204114 -0.024515026 0.048129791
v 0.25214114 -0.025183727 0.048283599
v 0.25214114 -0.02515647 0.048320129
v 0.25214114 -0.025125898 0.048353001
v 0.25214114 -0.025089929 0.048379922
v 0.25214114 -0.025050792 0.048403351
v 0.25204114 -0.025050792 0.048403351
v 0.25204114 -0.025089929 0.048379922
v 0.25204114 -0.025125898 0.048353001
v 0.25204114 -0.02515647 0.048320129
v 0.25204114 -0.025183727 0.048283599
v 0.25214114 -0.024550182 0.047985504
v 0.25214114 -0.02457175 0.047951484
v 0.25214114 -0.024596301 0.047920202
v 0.25214114 -0.02462567 0.047893337
v 0.25214114 -0.024657848 0.047869049
v 0.25204114 -0.024657848 0.047869049
v 0.25204114 -0.02462567 0.047893337
v 0.25204114 -0.024596301 0.047920202
v 0.25204114 -0.02457175 0.047951484
v 0.25204114 -0.024550182 0.047985504
v 0.25214114 -0.023749869 0.033349576
v 0.25214114 -0.023749869 0.034849576
v 0.25239114 -0.023749869 0.034849576
v 0.25239114 -0.023749869 0.033349576
v 0.25214114 -0.025229869 0.048110748
v 0.25214114 -0.025226563 0.048156184
v 0.25214114 -0.025218837 0.048200427
v 0.25214114 -0.02520359 0.048242637
v 0.25214114 -0.025183727 0.048283599
v 0.25204114 -0.025183727 0.048283599
v 0.25204114 -0.02520359 0.048242637
v 0.25204114 -0.025218837 0.048200427
v 0.25204114 -0.025226563 0.048156184
v 0.25204114 -0.025229869 0.048110748
v 0.25214114 -0.024657848 0.047869049
v 0.25214114 -0.024594555 0.047870901
v 0.25214114 -0.024531872 0.047876496
v 0.25214114 -0.024470317 0.047889011
v 0.25214114 -0.024409557 0.047906402
v 0.25204114 -0.024409557 0.047906402
v 0.25204114 -0.024470317 0.047889011
v 0.25204114 -0.024531872 0.047876496
v 0.25204114 -0.024594555 0.047870901
v 0.25204114 -0.024657848 0.047869049
v 0.25214114 -0.021499869 0.034849576
v 0.25214114 -0.021499869 0.033349576
v 0.25239114 -0.021499869 0.033349576
v 0.25239114 -0.021499869 0.034849576
v 0.25214114 -0.025108654 0.047841949
v 0.25214114 -0.02516022 0.047899508
v 0.25214114 -0.025200112 0.04796236
v 0.25214114 -0.025220724 0.048033954
v 0.25214114 -0.025229869 0.048110748
v 0.25204114 -0.025229869 0.048110748
v 0.25204114 -0.025220724 0.048033954
v 0.25204114 -0.025200112 0.04796236
v 0.25204114 -0.02516022 0.047899508
v 0.25204114 -0.025108654 0.047841949
v 0.25214114 -0.024409557 0.047906402
v 0.25214114 -0.024371717 0.04792469
v 0.25214114 -0.024336346 0.047946263
v 0.25214114 -0.024305294 0.047973579
v 0.25214114 -0.024276989 0.048004547
v 0.25204114 -0.024276989 0.048004547
v 0.25204114 -0.024305294 0.047973579
v 0.25204114 -0.024336346 0.047946263
v 0.25204114 -0.024371717 0.04792469
v 0.25204114 -0.024409557 0.047906402
v 0.25214114 -0.024695568 0.047951813
v 0.25214114 -0.02466853 0.047985059
v 0.25214114 -0.024647502 0.048020845
v 0.25214114 -0.024636487 0.048060865
v 0.25214114 -0.024631481 0.048103424
v 0.25204114 -0.024631481 0.048103424
v 0.25204114 -0.024636487 0.048060865
v 0.25204114 -0.024647502 0.048020845
v 0.25204114 -0.02466853 0.047985059
v 0.25204114 -0.024695568 0.047951813
v 0.25714114 -0.020999869 0.033099576
v 0.25714114 -0.020999869 0.049099576
v 0.25714114 -0.025499869 0.049099576
v 0.25714114 -0.025499869 0.033099576
v 0.25214114 -0.023749869 0.034849576
v 0.25214114 -0.021499869 0.034849576
v 0.25239114 -0.021499869 0.034849576
v 0.25239114 -0.023749869 0.034849576
v 0.25214114 -0.024652076 0.034551666
v 0.25214114 -0.024652076 0.035055572
v 0.25204114 -0.024652076 0.035055572
v 0.25204114 -0.024652076 0.034551666
v 0.25214114 -0.024709117 0.047737945
v 0.25214114 -0.024815535 0.047741257
v 0.25214114 -0.024918712 0.047755822
v 0.25214114 -0.02501585 0.04779136
v 0.25214114 -0.025108654 0.047841949
v 0.25204114 -0.025108654 0.047841949
v 0.25204114 -0.02501585 0.04779136
v 0.25204114 -0.024918712 0.047755822
v 0.25204114 -0.024815535 0.047741257
v 0.25204114 -0.024709117 0.047737945
f 1 2 10
f 10 2 9
f 9 2 3
f 9 3 8
f 8 3 4
f 8 4 7
f 7 4 5
f 7 5 6
f 11 12 20
f 20 12 19
f 19 12 13
f 19 13 18
f 18 13 14
f 18 14 17
f 17 14 15
f 17 15 16
f 21 22 30
f 30 22 29
f 29 22 23
f 29 23 28
f 28 23 24
f 28 24 27
f 27 24 25
f 27 25 26
f 31 32 34
f 34 32 33
f 35 36 38
f 38 36 37
f 39 40 48
f 48 40 47
f 47 40 43
f 47 43 44
f 40 41 43
f 43 41 42
f 45 46 44
f 44 46 47
f 49 50 52
f 52 50 51
f 54 55 53
f 53 55 56
f 53 56 60
f 60 56 57
f 60 57 58
f 58 59 60
f 62 64 61
f 61 64 65
f 61 65 66
f 62 63 64
f 67 68 76
f 76 68 75
f 75 68 69
f 75 69 74
f 74 69 70
f 74 70 73
f 73 70 71
f 73 71 72
f 77 78 86
f 86 78 85
f 85 78 79
f 85 79 84
f 84 79 80
f 84 80 83
f 83 80 81
f 83 81 82
f 87 88 90
f 90 88 89
f 91 92 100
f 100 92 99
f 99 92 93
f 99 93 98
f 98 93 94
f 98 94 97
f 97 94 95
f 97 95 96
f 101 102 104
f 104 102 103
f 105 106 108
f 108 106 107
f 144 109 130
f 130 109 110
f 130 110 129
f 129 110 111
f 129 111 112
f 129 112 128
f 128 112 113
f 128 113 114
f 115 126 114
f 114 126 127
f 114 127 128
f 115 116 126
f 126 116 117
f 126 117 118
f 118 119 126
f 126 119 120
f 126 120 121
f 121 122 126
f 126 122 124
f 126 124 125
f 122 123 124
f 130 131 144
f 144 131 132
f 144 132 142
f 142 132 141
f 141 132 140
f 140 132 139
f 139 132 138
f 138 132 137
f 137 132 136
f 136 132 135
f 135 132 134
f 134 132 133
f 142 143 144
f 145 146 148
f 148 146 147
f 149 150 152
f 152 150 151
f 153 154 156
f 156 154 155
f 158 159 157
f 157 159 160
f 157 160 161
f 157 161 164
f 164 161 162
f 164 162 163
f 165 166 168
f 168 166 167
f 170 233 169
f 169 233 234
f 169 234 235
f 233 170 232
f 232 170 171
f 232 171 231
f 231 171 172
f 231 172 230
f 230 172 173
f 230 173 229
f 229 173 228
f 228 173 174
f 228 174 227
f 227 174 226
f 226 174 175
f 226 175 225
f 225 175 224
f 224 175 176
f 224 176 223
f 223 176 177
f 223 177 222
f 222 177 221
f 221 177 178
f 221 178 220
f 220 178 179
f 220 179 219
f 219 179 180
f 219 180 218
f 218 180 217
f 217 180 181
f 217 181 243
f 243 181 182
f 243 182 242
f 242 182 183
f 242 183 277
f 277 183 184
f 277 184 276
f 276 184 275
f 275 184 185
f 275 185 274
f 274 185 273
f 273 185 186
f 273 186 272
f 272 186 271
f 271 186 187
f 271 187 270
f 270 187 269
f 269 187 188
f 269 188 268
f 268 188 267
f 267 188 189
f 267 189 266
f 266 189 190
f 266 190 265
f 265 190 191
f 265 191 264
f 264 191 192
f 264 192 263
f 263 192 193
f 263 193 262
f 262 193 194
f 262 194 261
f 261 194 195
f 261 195 196
f 261 196 260
f 260 196 197
f 260 197 198
f 260 198 259
f 259 198 199
f 259 199 200
f 259 200 258
f 258 200 201
f 258 201 202
f 258 202 257
f 257 202 203
f 257 203 256
f 256 203 204
f 256 204 255
f 255 204 205
f 255 205 206
f 255 206 254
f 254 206 207
f 254 207 253
f 253 207 252
f 252 207 208
f 252 208 251
f 251 208 209
f 251 209 250
f 250 209 210
f 250 210 249
f 249 210 211
f 249 211 212
f 249 212 248
f 248 212 213
f 248 213 247
f 247 213 214
f 247 214 215
f 247 215 246
f 246 215 216
f 246 216 245
f 245 216 217
f 245 217 244
f 244 217 243
f 169 235 241
f 241 235 236
f 241 236 240
f 240 236 237
f 240 237 239
f 239 237 238
f 278 279 287
f 287 279 286
f 286 279 280
f 286 280 285
f 285 280 281
f 285 281 284
f 284 281 282
f 284 282 283
f 288 289 297
f 297 289 296
f 296 289 290
f 296 290 295
f 295 290 291
f 295 291 294
f 294 291 292
f 294 292 293
f 298 299 307
f 307 299 306
f 306 299 300
f 306 300 305
f 305 300 301
f 305 301 304
f 304 301 302
f 304 302 303
f 308 309 317
f 317 309 316
f 316 309 310
f 316 310 315
f 315 310 311
f 315 311 314
f 314 311 312
f 314 312 313
f 318 319 321
f 321 319 320
f 326 322 325
f 325 322 323
f 325 323 324
f 327 328 334
f 334 328 333
f 333 328 329
f 333 329 332
f 332 329 331
f 331 329 330
f 335 336 346
f 346 336 337
f 346 337 338
f 346 338 345
f 345 338 339
f 345 339 344
f 344 339 343
f 343 339 340
f 343 340 341
f 341 342 343
f 348 354 347
f 347 354 355
f 347 355 359
f 359 355 358
f 358 355 356
f 358 356 357
f 354 348 361
f 361 348 349
f 361 349 364
f 364 349 363
f 363 349 350
f 363 350 352
f 352 350 351
f 351 350 347
f 351 347 359
f 352 353 363
f 363 353 362
f 362 353 354
f 362 354 361
f 359 360 351
f 365 366 368
f 368 366 367
f 369 370 376
f 376 370 371
f 376 371 373
f 373 371 372
f 373 374 376
f 376 374 375
f 377 378 380
f 380 378 379
f 381 382 390
f 390 382 389
f 389 382 383
f 389 383 388
f 388 383 384
f 388 384 387
f 387 384 385
f 387 385 386
f 391 392 394
f 394 392 393
f 395 396 404
f 404 396 403
f 403 396 397
f 403 397 402
f 402 397 398
f 402 398 401
f 401 398 399
f 401 399 400
f 405 406 414
f 414 406 413
f 413 406 407
f 413 407 412
f 412 407 408
f 412 408 411
f 411 408 409
f 411 409 410
f 415 416 418
f 418 416 417
f 423 419 422
f 422 419 420
f 422 420 421
f 424 425 427
f 427 425 426
f 428 429 431
f 431 429 430
f 433 434 432
f 432 434 439
f 439 434 437
f 439 437 438
f 434 435 437
f 437 435 436
f 440 441 449
f 449 441 448
f 448 441 442
f 448 442 447
f 447 442 443
f 447 443 446
f 446 443 444
f 446 444 445
f 450 451 459
f 459 451 458
f 458 451 452
f 458 452 457
f 457 452 453
f 457 453 456
f 456 453 454
f 456 454 455
f 460 461 469
f 469 461 468
f 468 461 462
f 468 462 467
f 467 462 463
f 467 463 466
f 466 463 464
f 466 464 465
f 470 471 473
f 473 471 472
f 474 475 477
f 477 475 476
f 478 479 481
f 481 479 480
f 482 483 491
f 491 483 490
f 490 483 484
f 490 484 489
f 489 484 485
f 489 485 488
f 488 485 486
f 488 486 487
f 492 493 501
f 501 493 500
f 500 493 494
f 500 494 499
f 499 494 495
f 499 495 498
f 498 495 496
f 498 496 497
f 502 503 511
f 511 503 510
f 510 503 504
f 510 504 509
f 509 504 505
f 509 505 508
f 508 505 506
f 508 506 507
f 512 513 515
f 515 513 514
f 516 517 525
f 525 517 524
f 524 517 518
f 524 518 523
f 523 518 519
f 523 519 522
f 522 519 520
f 522 520 521
f 526 527 535
f 535 527 534
f 534 527 528
f 534 528 533
f 533 528 529
f 533 529 532
f 532 529 530
f 532 530 531
f 536 537 545
f 545 537 544
f 544 537 538
f 544 538 543
f 543 538 539
f 543 539 542
f 542 539 540
f 542 540 541
f 546 547 549
f 549 547 548
f 551 609 550
f 550 609 610
f 550 610 616
f 616 610 611
f 616 611 615
f 615 611 614
f 614 611 612
f 614 612 613
f 609 551 608
f 608 551 552
f 608 552 607
f 607 552 606
f 606 552 553
f 606 553 605
f 605 553 554
f 605 554 604
f 604 554 603
f 603 554 555
f 603 555 602
f 602 555 556
f 602 556 601
f 601 556 600
f 600 556 557
f 600 557 599
f 599 557 558
f 599 558 598
f 598 558 559
f 598 559 597
f 597 559 560
f 597 560 561
f 597 561 596
f 596 561 562
f 596 562 563
f 596 563 595
f 595 563 564
f 595 564 594
f 594 564 565
f 594 565 566
f 594 566 593
f 593 566 567
f 593 567 592
f 592 567 568
f 592 568 591
f 591 568 590
f 590 568 569
f 590 569 589
f 589 569 570
f 589 570 588
f 588 570 571
f 588 571 587
f 587 571 572
f 587 572 586
f 586 572 585
f 585 572 573
f 585 573 584
f 584 573 574
f 584 574 583
f 583 574 582
f 582 574 581
f 581 574 580
f 580 574 579
f 579 574 578
f 578 574 575
f 578 575 577
f 577 575 576
f 617 618 626
f 626 618 625
f 625 618 619
f 625 619 624
f 624 619 620
f 624 620 623
f 623 620 621
f 623 621 622
f 627 628 630
f 630 628 629
f 631 632 640
f 640 632 639
f 639 632 633
f 639 633 638
f 638 633 634
f 638 634 637
f 637 634 635
f 637 635 636
f 641 642 650
f 650 642 649
f 649 642 643
f 649 643 648
f 648 643 644
f 648 644 647
f 647 644 645
f 647 645 646
f 652 694 651
f 651 694 725
f 651 725 722
f 653 718 652
f 652 718 719
f 652 719 720
f 654 724 653
f 653 724 766
f 653 766 767
f 651 722 654
f 654 722 723
f 654 723 724
f 721 655 652
f 652 655 656
f 652 656 657
f 657 658 652
f 652 658 659
f 652 659 693
f 693 659 660
f 693 660 692
f 692 660 691
f 691 660 690
f 690 660 689
f 689 660 688
f 688 660 661
f 688 661 662
f 662 663 688
f 688 663 687
f 687 663 664
f 687 664 665
f 687 665 686
f 686 665 666
f 686 666 685
f 685 666 667
f 685 667 684
f 684 667 668
f 684 668 669
f 684 669 683
f 683 669 670
f 683 670 682
f 682 670 671
f 682 671 681
f 681 671 672
f 681 672 673
f 674 679 673
f 673 679 680
f 673 680 681
f 674 675 679
f 679 675 676
f 679 676 677
f 677 678 679
f 693 694 652
f 694 695 725
f 725 695 793
f 725 793 794
f 696 790 695
f 695 790 791
f 695 791 792
f 697 703 696
f 696 703 704
f 696 704 705
f 698 699 697
f 697 699 700
f 697 700 701
f 701 702 697
f 697 702 703
f 705 706 696
f 696 706 789
f 696 789 790
f 706 707 789
f 789 707 788
f 788 707 708
f 788 708 787
f 787 708 709
f 787 709 786
f 786 709 710
f 786 710 785
f 785 710 711
f 785 711 712
f 785 712 784
f 784 712 713
f 784 713 783
f 783 713 714
f 783 714 715
f 783 715 782
f 782 715 716
f 782 716 781
f 781 716 717
f 781 717 780
f 780 717 779
f 779 717 718
f 779 718 653
f 720 721 652
f 725 795 724
f 724 795 796
f 724 796 797
f 798 726 724
f 724 726 727
f 724 727 728
f 728 729 724
f 724 729 730
f 724 730 766
f 766 730 765
f 765 730 764
f 764 730 763
f 763 730 762
f 762 730 731
f 762 731 761
f 761 731 760
f 760 731 732
f 760 732 733
f 733 734 760
f 760 734 735
f 760 735 736
f 736 737 760
f 760 737 759
f 759 737 738
f 759 738 739
f 759 739 758
f 758 739 740
f 758 740 741
f 741 742 758
f 758 742 757
f 757 742 743
f 757 743 744
f 757 744 756
f 756 744 745
f 756 745 746
f 756 746 755
f 755 746 747
f 755 747 748
f 755 748 754
f 754 748 749
f 754 749 753
f 753 749 750
f 753 750 752
f 752 750 751
f 767 768 653
f 653 768 769
f 653 769 770
f 770 771 653
f 653 771 772
f 653 772 773
f 773 774 653
f 653 774 775
f 653 775 776
f 776 777 653
f 653 777 778
f 653 778 779
f 792 793 695
f 794 795 725
f 797 798 724
f 799 800 808
f 808 800 807
f 807 800 801
f 807 801 806
f 806 801 802
f 806 802 805
f 805 802 803
f 805 803 804
f 809 810 818
f 818 810 817
f 817 810 811
f 817 811 816
f 816 811 812
f 816 812 815
f 815 812 813
f 815 813 814
f 819 820 828
f 828 820 827
f 827 820 821
f 827 821 826
f 826 821 822
f 826 822 825
f 825 822 823
f 825 823 824
f 829 830 838
f 838 830 837
f 837 830 831
f 837 831 836
f 836 831 832
f 836 832 835
f 835 832 833
f 835 833 834
f 839 840 842
f 842 840 841
f 843 844 852
f 852 844 851
f 851 844 845
f 851 845 850
f 850 845 846
f 850 846 849
f 849 846 847
f 849 847 848
f 853 854 862
f 862 854 861
f 861 854 855
f 861 855 860
f 860 855 856
f 860 856 859
f 859 856 857
f 859 857 858
f 863 864 872
f 872 864 871
f 871 864 865
f 871 865 870
f 870 865 866
f 870 866 869
f 869 866 867
f 869 867 868
f 873 874 882
f 882 874 881
f 881 874 875
f 881 875 880
f 880 875 876
f 880 876 879
f 879 876 877
f 879 877 878
f 883 884 892
f 892 884 891
f 891 884 885
f 891 885 890
f 890 885 886
f 890 886 889
f 889 886 887
f 889 887 888
f 893 894 902
f 902 894 901
f 901 894 895
f 901 895 900
f 900 895 896
f 900 896 899
f 899 896 897
f 899 897 898
f 903 904 912
f 912 904 911
f 911 904 905
f 911 905 910
f 910 905 906
f 910 906 909
f 909 906 907
f 909 907 908
f 913 914 916
f 916 914 915
f 917 918 926
f 926 918 925
f 925 918 919
f 925 919 924
f 924 919 920
f 924 920 923
f 923 920 921
f 923 921 922
f 927 928 936
f 936 928 935
f 935 928 929
f 935 929 934
f 934 929 930
f 934 930 933
f 933 930 931
f 933 931 932
f 937 938 940
f 940 938 939
f 941 942 950
f 950 942 949
f 949 942 943
f 949 943 948
f 948 943 944
f 948 944 947
f 947 944 945
f 947 945 946
f 951 952 960
f 960 952 959
f 959 952 953
f 959 953 958
f 958 953 954
f 958 954 957
f 957 954 955
f 957 955 956
f 961 962 970
f 970 962 969
f 969 962 963
f 969 963 968
f 968 963 964
f 968 964 967
f 967 964 965
f 967 965 966
f 971 972 974
f 974 972 973
f 975 976 978
f 978 976 977
f 979 980 982
f 982 980 981
f 983 984 992
f 992 984 991
f 991 984 985
f 991 985 990
f 990 985 986
f 990 986 989
f 989 986 987
f 989 987 988
v 0.26164114 0.0081637923 0.043551788
v 0.26164114 0.0081637923 0.043845489
v 0.26174114 0.0081637923 0.043845489
v 0.26174114 0.0081637923 0.043551788
v 0.26164114 0.0083044173 0.043299103
v 0.26164114 0.0082442407 0.043275883
v 0.26164114 0.0081827416 0.043258852
v 0.26164114 0.0081192543 0.043251122
v 0.26164114 0.0080546616 0.043248566
v 0.26164114 0.0080209701 0.043248566
v 0.26164114 0.0080209701 0.043846222
v 0.26164114 0.007992198 0.043841844
v 0.26164114 0.0079644571 0.043834773
v 0.26164114 0.0079386 0.043822778
v 0.26164114 0.0079140367 0.043807404
v 0.26164114 0.0078924562 0.043783246
v 0.26164114 0.0078758027 0.043756863
v 0.26164114 0.0078672512 0.043726821
v 0.26164114 0.0078634994 0.04369461
v 0.26164114 0.0078652658 0.04367276
v 0.26164114 0.0078690763 0.043651445
v 0.26164114 0.0078762676 0.043631016
v 0.26164114 0.007885472 0.043611114
v 0.26164114 0.0078960313 0.043596537
v 0.26164114 0.0079076131 0.043582902
v 0.26164114 0.0079206751 0.043570635
v 0.26164114 0.0079345445 0.043559113
v 0.26164114 0.0079074447 0.043265411
v 0.26164114 0.0078575592 0.043298068
v 0.26164114 0.0078117903 0.043334909
v 0.26164114 0.0077732556 0.043379104
v 0.26164114 0.0077393539 0.043428009
v 0.26164114 0.0077150895 0.043493975
v 0.26164114 0.0076977752 0.043561346
v 0.26164114 0.0076904123 0.043630728
v 0.26164114 0.0076884507 0.043701202
v 0.26164114 0.0076903208 0.04376373
v 0.26164114 0.0076967557 0.043825379
v 0.26164114 0.0077115314 0.043885424
v 0.26164114 0.0077320297 0.043944366
v 0.26164114 0.0077592622 0.043987967
v 0.26164114 0.007790613 0.044027721
v 0.26164114 0.0078286024 0.044061275
v 0.26164114 0.0078704576 0.044091217
v 0.26164114 0.007923312 0.044116652
v 0.26164114 0.0079777937 0.044135985
v 0.26164114 0.0080348818 0.044145546
v 0.26164114 0.00809348 0.044149445
v 0.26164114 0.0081758414 0.044141462
v 0.26164114 0.0082536353 0.044122168
v 0.26164114 0.0083235787 0.044083433
v 0.26164114 0.0083886458 0.044032623
v 0.26164114 0.0084392645 0.043960136
v 0.26164114 0.0084770267 0.043882963
v 0.26164114 0.0084948708 0.043798532
v 0.26164114 0.008501439 0.043709991
v 0.26164114 0.0084991886 0.043641943
v 0.26164114 0.0084916706 0.043574976
v 0.26164114 0.0084745567 0.043509977
v 0.26164114 0.0084509017 0.04344632
v 0.26164114 0.0084221624 0.043401669
v 0.26164114 0.0083891289 0.043361293
v 0.26164114 0.0083489271 0.043328054
v 0.26164114 0.0081637923 0.043845489
v 0.26164114 0.0081637923 0.043551788
v 0.26164114 0.0081975202 0.043556485
v 0.26164114 0.0082298546 0.043564652
v 0.26164114 0.0082596161 0.043579226
v 0.26164114 0.0082875718 0.043598297
v 0.26164114 0.0083039494 0.04362039
v 0.26164114 0.0083163665 0.043644012
v 0.26164114 0.0083224695 0.043670072
v 0.26164114 0.0083249252 0.04369754
v 0.26164114 0.0083205496 0.043730758
v 0.26164114 0.0083108775 0.043761341
v 0.26164114 0.0082923611 0.043787525
v 0.26164114 0.0082685287 0.043811066
v 0.26164114 0.0082440825 0.043824686
v 0.26164114 0.0082185976 0.04383531
v 0.26164114 0.0081916063 0.043841586
v 0.26164114 0.0080209701 0.043846222
v 0.26164114 0.0080209701 0.043248566
v 0.26174114 0.0080209701 0.043248566
v 0.26174114 0.0080209701 0.043846222
v 0.26174114 0.0080546616 0.043248566
v 0.26174114 0.0081192543 0.043251122
v 0.26174114 0.0081827416 0.043258852
v 0.26174114 0.0082442407 0.043275883
v 0.26174114 0.0083044173 0.043299103
v 0.26174114 0.0083489271 0.043328054
v 0.26174114 0.0083891289 0.043361293
v 0.26174114 0.0084221624 0.043401669
v 0.26174114 0.0084509017 0.04344632
v 0.26174114 0.0084745567 0.043509977
v 0.26174114 0.0084916706 0.043574976
v 0.26174114 0.0084991886 0.043641943
v 0.26174114 0.008501439 0.043709991
v 0.26174114 0.0084948708 0.043798532
v 0.26174114 0.0084770267 0.043882963
v 0.26174114 0.0084392645 0.043960136
v 0.26174114 0.0083886458 0.044032623
v 0.26174114 0.0083235787 0.044083433
v 0.26174114 0.0082536353 0.044122168
v 0.26174114 0.0081758414 0.044141462
v 0.26174114 0.00809348 0.044149445
v 0.26174114 0.0080348818 0.044145546
v 0.26174114 0.0079777937 0.044135985
v 0.26174114 0.007923312 0.044116652
v 0.26174114 0.0078704576 0.044091217
v 0.26174114 0.0078286024 0.044061275
v 0.26174114 0.007790613 0.044027721
v 0.26174114 0.0077592622 0.043987967
v 0.26174114 0.0077320297 0.043944366
v 0.26174114 0.0077115314 0.043885424
v 0.26174114 0.0076967557 0.043825379
v 0.26174114 0.0076903208 0.04376373
v 0.26174114 0.0076884507 0.043701202
v 0.26174114 0.0076904123 0.043630728
v 0.26174114 0.0076977752 0.043561346
v 0.26174114 0.0077150895 0.043493975
v 0.26174114 0.0077393539 0.043428009
v 0.26174114 0.0077732556 0.043379104
v 0.26174114 0.0078117903 0.043334909
v 0.26174114 0.0078575592 0.043298068
v 0.26174114 0.0079074447 0.043265411
v 0.26174114 0.0079345445 0.043559113
v 0.26174114 0.0079206751 0.043570635
v 0.26174114 0.0079076131 0.043582902
v 0.26174114 0.0078960313 0.043596537
v 0.26174114 0.007885472 0.043611114
v 0.26174114 0.0078762676 0.043631016
v 0.26174114 0.0078690763 0.043651445
v 0.26174114 0.0078652658 0.04367276
v 0.26174114 0.0078634994 0.04369461
v 0.26174114 0.0078672512 0.043726821
v 0.26174114 0.0078758027 0.043756863
v 0.26174114 0.0078924562 0.043783246
v 0.26174114 0.0079140367 0.043807404
v 0.26174114 0.0079386 0.043822778
v 0.26174114 0.0079644571 0.043834773
v 0.26174114 0.007992198 0.043841844
v 0.26174114 0.0080209701 0.043846222
v 0.26174114 0.0080209701 0.043248566
v 0.26174114 0.0081637923 0.043551788
v 0.26174114 0.0081637923 0.043845489
v 0.26174114 0.0081916063 0.043841586
v 0.26174114 0.0082185976 0.04383531
v 0.26174114 0.0082440825 0.043824686
v 0.26174114 0.0082685287 0.043811066
v 0.26174114 0.0082923611 0.043787525
v 0.26174114 0.0083108775 0.043761341
v 0.26174114 0.0083205496 0.043730758
v 0.26174114 0.0083249252 0.04369754
v 0.26174114 0.0083224695 0.043670072
v 0.26174114 0.0083163665 0.043644012
v 0.26174114 0.0083039494 0.04362039
v 0.26174114 0.0082875718 0.043598297
v 0.26174114 0.0082596161 0.043579226
v 0.26174114 0.0082298546 0.043564652
v 0.26174114 0.0081975202 0.043556485
v 0.26164114 0.0080209701 0.043248566
v 0.26164114 0.0080546616 0.043248566
v 0.26174114 0.0080546616 0.043248566
v 0.26174114 0.0080209701 0.043248566
v 0.26164114 0.0081637923 0.043845489
v 0.26164114 0.0081916063 0.043841586
v 0.26164114 0.0082185976 0.04383531
v 0.26164114 0.0082440825 0.043824686
v 0.26164114 0.0082685287 0.043811066
v 0.26174114 0.0082685287 0.043811066
v 0.26174114 0.0082440825 0.043824686
v 0.26174114 0.0082185976 0.04383531
v 0.26174114 0.0081916063 0.043841586
v 0.26174114 0.0081637923 0.043845489
v 0.26164114 0.0083249252 0.04369754
v 0.26164114 0.0083224695 0.043670072
v 0.26164114 0.0083163665 0.043644012
v 0.26164114 0.0083039494 0.04362039
v 0.26164114 0.0082875718 0.043598297
v 0.26174114 0.0082875718 0.043598297
v 0.26174114 0.0083039494 0.04362039
v 0.26174114 0.0083163665 0.043644012
v 0.26174114 0.0083224695 0.043670072
v 0.26174114 0.0083249252 0.04369754
v 0.26164114 0.0079140367 0.043807404
v 0.26164114 0.0079386 0.043822778
v 0.26164114 0.0079644571 0.043834773
v 0.26164114 0.007992198 0.043841844
v 0.26164114 0.0080209701 0.043846222
v 0.26174114 0.0080209701 0.043846222
v 0.26174114 0.007992198 0.043841844
v 0.26174114 0.0079644571 0.043834773
v 0.26174114 0.0079386 0.043822778
v 0.26174114 0.0079140367 0.043807404
v 0.26164114 0.0082875718 0.043598297
v 0.26164114 0.0082596161 0.043579226
v 0.26164114 0.0082298546 0.043564652
v 0.26164114 0.0081975202 0.043556485
v 0.26164114 0.0081637923 0.043551788
v 0.26174114 0.0081637923 0.043551788
v 0.26174114 0.0081975202 0.043556485
v 0.26174114 0.0082298546 0.043564652
v 0.26174114 0.0082596161 0.043579226
v 0.26174114 0.0082875718 0.043598297
v 0.26164114 0.0082685287 0.043811066
v 0.26164114 0.0082923611 0.043787525
v 0.26164114 0.0083108775 0.043761341
v 0.26164114 0.0083205496 0.043730758
v 0.26164114 0.0083249252 0.04369754
v 0.26174114 0.0083249252 0.04369754
v 0.26174114 0.0083205496 0.043730758
v 0.26174114 0.0083108775 0.043761341
v 0.26174114 0.0082923611 0.043787525
v 0.26174114 0.0082685287 0.043811066
v 0.26164114 0.007885472 0.043611114
v 0.26164114 0.0078762676 0.043631016
v 0.26164114 0.0078690763 0.043651445
v 0.26164114 0.0078652658 0.04367276
v 0.26164114 0.0078634994 0.04369461
v 0.26174114 0.0078634994 0.04369461
v 0.26174114 0.0078652658 0.04367276
v 0.26174114 0.0078690763 0.043651445
v 0.26174114 0.0078762676 0.043631016
v 0.26174114 0.007885472 0.043611114
v 0.26164114 0.0083044173 0.043299103
v 0.26164114 0.0083489271 0.043328054
v 0.26164114 0.0083891289 0.043361293
v 0.26164114 0.0084221624 0.043401669
v 0.26164114 0.0084509017 0.04344632
v 0.26174114 0.0084509017 0.04344632
v 0.26174114 0.0084221624 0.043401669
v 0.26174114 0.0083891289 0.043361293
v 0.26174114 0.0083489271 0.043328054
v 0.26174114 0.0083044173 0.043299103
v 0.26164114 0.0079074447 0.043265411
v 0.26164114 0.0079345445 0.043559113
v 0.26174114 0.0079345445 0.043559113
v 0.26174114 0.0079074447 0.043265411
v 0.26164114 0.0077393539 0.043428009
v 0.26164114 0.0077732556 0.043379104
v 0.26164114 0.0078117903 0.043334909
v 0.26164114 0.0078575592 0.043298068
v 0.26164114 0.0079074447 0.043265411
v 0.26174114 0.0079074447 0.043265411
v 0.26174114 0.0078575592 0.043298068
v 0.26174114 0.0078117903 0.043334909
v 0.26174114 0.0077732556 0.043379104
v 0.26174114 0.0077393539 0.043428009
v 0.26164114 0.0084509017 0.04344632
v 0.26164114 0.0084745567 0.043509977
v 0.26164114 0.0084916706 0.043574976
v 0.26164114 0.0084991886 0.043641943
v 0.26164114 0.008501439 0.043709991
v 0.26174114 0.008501439 0.043709991
v 0.26174114 0.0084991886 0.043641943
v 0.26174114 0.0084916706 0.043574976
v 0.26174114 0.0084745567 0.043509977
v 0.26174114 0.0084509017 0.04344632
v 0.26164114 0.0079345445 0.043559113
v 0.26164114 0.0079206751 0.043570635
v 0.26164114 0.0079076131 0.043582902
v 0.26164114 0.0078960313 0.043596537
v 0.26164114 0.007885472 0.043611114
v 0.26174114 0.007885472 0.043611114
v 0.26174114 0.0078960313 0.043596537
v 0.26174114 0.0079076131 0.043582902
v 0.26174114 0.0079206751 0.043570635
v 0.26174114 0.0079345445 0.043559113
v 0.26164114 0.0078634994 0.04369461
v 0.26164114 0.0078672512 0.043726821
v 0.26164114 0.0078758027 0.043756863
v 0.26164114 0.0078924562 0.043783246
v 0.26164114 0.0079140367 0.043807404
v 0.26174114 0.0079140367 0.043807404
v 0.26174114 0.0078924562 0.043783246
v 0.26174114 0.0078758027 0.043756863
v 0.26174114 0.0078672512 0.043726821
v 0.26174114 0.0078634994 0.04369461
v 0.26164114 0.0080546616 0.043248566
v 0.26164114 0.0081192543 0.043251122
v 0.26164114 0.0081827416 0.043258852
v 0.26164114 0.0082442407 0.043275883
v 0.26164114 0.0083044173 0.043299103
v 0.26174114 0.0083044173 0.043299103
v 0.26174114 0.0082442407 0.043275883
v 0.26174114 0.0081827416 0.043258852
v 0.26174114 0.0081192543 0.043251122
v 0.26174114 0.0080546616 0.043248566
v 0.26164114 0.0076884507 0.043701202
v 0.26164114 0.0076904123 0.043630728
v 0.26164114 0.0076977752 0.043561346
v 0.26164114 0.0077150895 0.043493975
v 0.26164114 0.0077393539 0.043428009
v 0.26174114 0.0077393539 0.043428009
v 0.26174114 0.0077150895 0.043493975
v 0.26174114 0.0076977752 0.043561346
v 0.26174114 0.0076904123 0.043630728
v 0.26174114 0.0076884507 0.043701202
v 0.26164114 0.0083886458 0.044032623
v 0.26164114 0.0083235787 0.044083433
v 0.26164114 0.0082536353 0.044122168
v 0.26164114 0.0081758414 0.044141462
v 0.26164114 0.00809348 0.044149445
v 0.26174114 0.00809348 0.044149445
v 0.26174114 0.0081758414 0.044141462
v 0.26174114 0.0082536353 0.044122168
v 0.26174114 0.0083235787 0.044083433
v 0.26174114 0.0083886458 0.044032623
v 0.26164114 0.0078704576 0.044091217
v 0.26164114 0.0078286024 0.044061275
v 0.26164114 0.007790613 0.044027721
v 0.26164114 0.0077592622 0.043987967
v 0.26164114 0.0077320297 0.043944366
v 0.26174114 0.0077320297 0.043944366
v 0.26174114 0.0077592622 0.043987967
v 0.26174114 0.007790613 0.044027721
v 0.26174114 0.0078286024 0.044061275
v 0.26174114 0.0078704576 0.044091217
v 0.26164114 0.00809348 0.044149445
v 0.26164114 0.0080348818 0.044145546
v 0.26164114 0.0079777937 0.044135985
v 0.26164114 0.007923312 0.044116652
v 0.26164114 0.0078704576 0.044091217
v 0.26174114 0.0078704576 0.044091217
v 0.26174114 0.007923312 0.044116652
v 0.26174114 0.0079777937 0.044135985
v 0.26174114 0.0080348818 0.044145546
v 0.26174114 0.00809348 0.044149445
v 0.26164114 0.008501439 0.043709991
v 0.26164114 0.0084948708 0.043798532
v 0.26164114 0.0084770267 0.043882963
v 0.26164114 0.0084392645 0.043960136
v 0.26164114 0.0083886458 0.044032623
v 0.26174114 0.0083886458 0.044032623
v 0.26174114 0.0084392645 0.043960136
v 0.26174114 0.0084770267 0.043882963
v 0.26174114 0.0084948708 0.043798532
v 0.26174114 0.008501439 0.043709991
v 0.26164114 0.0077320297 0.043944366
v 0.26164114 0.0077115314 0.043885424
v 0.26164114 0.0076967557 0.043825379
v 0.26164114 0.0076903208 0.04376373
v 0.26164114 0.0076884507 0.043701202
v 0.26174114 0.0076884507 0.043701202
v 0.26174114 0.0076903208 0.04376373
v 0.26174114 0.0076967557 0.043825379
v 0.26174114 0.0077115314 0.043885424
v 0.26174114 0.0077320297 0.043944366
f 993 994 996
f 996 994 995
f 998 1058 997
f 997 1058 1059
f 997 1059 1055
f 1055 1059 1060
f 1055 1060 1054
f 1054 1060 1053
f 1053 1060 1061
f 1053 1061 1052
f 1052 1061 1051
f 1051 1061 1062
f 1051 1062 1050
f 1050 1062 1063
f 1050 1063 1049
f 1049 1063 1064
f 1049 1064 1065
f 1058 998 1057
f 1057 998 999
f 1057 999 1000
f 1000 1001 1057
f 1057 1001 1002
f 1057 1002 1003
f 1004 1037 1003
f 1003 1037 1038
f 1003 1038 1039
f 1004 1005 1037
f 1037 1005 1036
f 1036 1005 1035
f 1035 1005 1006
f 1035 1006 1034
f 1034 1006 1007
f 1034 1007 1033
f 1033 1007 1032
f 1032 1007 1008
f 1032 1008 1031
f 1031 1008 1009
f 1031 1009 1030
f 1030 1009 1029
f 1029 1009 1010
f 1029 1010 1028
f 1028 1010 1011
f 1028 1011 1012
f 1028 1012 1027
f 1027 1012 1013
f 1027 1013 1026
f 1026 1013 1014
f 1026 1014 1015
f 1026 1015 1025
f 1025 1015 1016
f 1025 1016 1017
f 1025 1017 1024
f 1024 1017 1018
f 1024 1018 1023
f 1023 1018 1019
f 1023 1019 1022
f 1022 1019 1021
f 1021 1019 1020
f 1039 1040 1003
f 1003 1040 1056
f 1003 1056 1057
f 1040 1041 1056
f 1056 1041 1042
f 1056 1042 1072
f 1072 1042 1071
f 1071 1042 1043
f 1071 1043 1070
f 1070 1043 1044
f 1070 1044 1069
f 1069 1044 1045
f 1069 1045 1068
f 1068 1045 1046
f 1068 1046 1067
f 1067 1046 1047
f 1067 1047 1066
f 1066 1047 1048
f 1066 1048 1065
f 1065 1048 1049
f 1073 1074 1076
f 1076 1074 1075
f 1135 1077 1136
f 1136 1077 1078
f 1136 1078 1079
f 1079 1080 1136
f 1136 1080 1152
f 1152 1080 1081
f 1152 1081 1151
f 1151 1081 1082
f 1151 1082 1150
f 1150 1082 1083
f 1150 1083 1084
f 1150 1084 1149
f 1149 1084 1085
f 1149 1085 1086
f 1149 1086 1148
f 1148 1086 1087
f 1148 1087 1147
f 1147 1087 1088
f 1147 1088 1146
f 1146 1088 1145
f 1145 1088 1089
f 1145 1089 1144
f 1144 1089 1090
f 1144 1090 1143
f 1143 1090 1091
f 1143 1091 1142
f 1142 1091 1092
f 1142 1092 1141
f 1141 1092 1093
f 1141 1093 1140
f 1140 1093 1094
f 1140 1094 1139
f 1139 1094 1095
f 1139 1095 1138
f 1138 1095 1137
f 1137 1095 1096
f 1137 1096 1097
f 1137 1097 1134
f 1134 1097 1098
f 1134 1098 1099
f 1099 1100 1134
f 1134 1100 1133
f 1133 1100 1132
f 1132 1100 1101
f 1132 1101 1102
f 1132 1102 1131
f 1131 1102 1103
f 1131 1103 1130
f 1130 1103 1104
f 1130 1104 1105
f 1130 1105 1129
f 1129 1105 1106
f 1129 1106 1128
f 1128 1106 1107
f 1128 1107 1108
f 1128 1108 1127
f 1127 1108 1109
f 1127 1109 1126
f 1126 1109 1125
f 1125 1109 1110
f 1125 1110 1124
f 1124 1110 1111
f 1124 1111 1123
f 1123 1111 1122
f 1122 1111 1112
f 1122 1112 1121
f 1121 1112 1120
f 1120 1112 1113
f 1120 1113 1119
f 1119 1113 1114
f 1119 1114 1118
f 1118 1114 1115
f 1118 1115 1116
f 1116 1117 1118
f 1137 1134 1136
f 1136 1134 1135
f 1153 1154 1156
f 1156 1154 1155
f 1157 1158 1166
f 1166 1158 1165
f 1165 1158 1159
f 1165 1159 1164
f 1164 1159 1160
f 1164 1160 1163
f 1163 1160 1161
f 1163 1161 1162
f 1167 1168 1176
f 1176 1168 1175
f 1175 1168 1169
f 1175 1169 1174
f 1174 1169 1170
f 1174 1170 1173
f 1173 1170 1171
f 1173 1171 1172
f 1177 1178 1186
f 1186 1178 1185
f 1185 1178 1179
f 1185 1179 1184
f 1184 1179 1180
f 1184 1180 1183
f 1183 1180 1181
f 1183 1181 1182
f 1187 1188 1196
f 1196 1188 1195
f 1195 1188 1189
f 1195 1189 1194
f 1194 1189 1190
f 1194 1190 1193
f 1193 1190 1191
f 1193 1191 1192
f 1197 1198 1206
f 1206 1198 1205
f 1205 1198 1199
f 1205 1199 1204
f 1204 1199 1200
f 1204 1200 1203
f 1203 1200 1201
f 1203 1201 1202
f 1207 1208 1216
f 1216 1208 1215
f 1215 1208 1209
f 1215 1209 1214
f 1214 1209 1210
f 1214 1210 1213
f 1213 1210 1211
f 1213 1211 1212
f 1217 1218 1226
f 1226 1218 1225
f 1225 1218 1219
f 1225 1219 1224
f 1224 1219 1220
f 1224 1220 1223
f 1223 1220 1221
f 1223 1221 1222
f 1227 1228 1230
f 1230 1228 1229
f 1231 1232 1240
f 1240 1232 1239
f 1239 1232 1233
f 1239 1233 1238
f 1238 1233 1234
f 1238 1234 1237
f 1237 1234 1235
f 1237 1235 1236
f 1241 1242 1250
f 1250 1242 1249
f 1249 1242 1243
f 1249 1243 1248
f 1248 1243 1244
f 1248 1244 1247
f 1247 1244 1245
f 1247 1245 1246
f 1251 1252 1260
f 1260 1252 1259
f 1259 1252 1253
f 1259 1253 1258
f 1258 1253 1254
f 1258 1254 1257
f 1257 1254 1255
f 1257 1255 1256
f 1261 1262 1270
f 1270 1262 1269
f 1269 1262 1263
f 1269 1263 1268
f 1268 1263 1264
f 1268 1264 1267
f 1267 1264 1265
f 1267 1265 1266
f 1271 1272 1280
f 1280 1272 1279
f 1279 1272 1273
f 1279 1273 1278
f 1278 1273 1274
f 1278 1274 1277
f 1277 1274 1275
f 1277 1275 1276
f 1281 1282 1290
f 1290 1282 1289
f 1289 1282 1283
f 1289 1283 1288
f 1288 1283 1284
f 1288 1284 1287
f 1287 1284 1285
f 1287 1285 1286
f 1291 1292 1300
f 1300 1292 1299
f 1299 1292 1293
f 1299 1293 1298
f 1298 1293 1294
f 1298 1294 1297
f 1297 1294 1295
f 1297 1295 1296
f 1301 1302 1310
f 1310 1302 1309
f 1309 1302 1303
f 1309 1303 1308
f 1308 1303 1304
f 1308 1304 1307
f 1307 1304 1305
f 1307 1305 1306
f 1311 1312 1320
f 1320 1312 1319
f 1319 1312 1313
f 1319 1313 1318
f 1318 1313 1314
f 1318 1314 1317
f 1317 1314 1315
f 1317 1315 1316
f 1321 1322 1330
f 1330 1322 1329
f 1329 1322 1323
f 1329 1323 1328
f 1328 1323 1324
f 1328 1324 1327
f 1327 1324 1325
f 1327 1325 1326
f 1331 1332 1340
f 1340 1332 1339
f 1339 1332 1333
f 1339 1333 1338
f 1338 1333 1334
f 1338 1334 1337
f 1337 1334 1335
f 1337 1335 1336
v 0.26164114 0.0085790755 0.040500519
v 0.26164114 0.0085790755 0.040357697
v 0.26174114 0.0085790755 0.040357697
v 0.26174114 0.0085790755 0.040500519
v 0.26174114 0.0085790755 0.040500519
v 0.26174114 0.0085790755 0.040357697
v 0.26174114 0.0087980698 0.040121124
v 0.26174114 0.0087980698 0.040377472
v 0.26164114 0.0087980698 0.040121124
v 0.26164114 0.0087980698 0.040377472
v 0.26174114 0.0087980698 0.040377472
v 0.26174114 0.0087980698 0.040121124
v 0.26164114 0.0085790755 0.040357697
v 0.26164114 0.0087980698 0.040121124
v 0.26174114 0.0087980698 0.040121124
v 0.26174114 0.0085790755 0.040357697
v 0.26164114 0.0085790755 0.040357697
v 0.26164114 0.0085790755 0.040500519
v 0.26164114 0.0087980698 0.040377472
v 0.26164114 0.0087980698 0.040121124
v 0.26164114 0.0087980698 0.040377472
v 0.26164114 0.0085790755 0.040500519
v 0.26174114 0.0085790755 0.040500519
v 0.26174114 0.0087980698 0.040377472
f 1341 1342 1344
f 1344 1342 1343
f 1345 1346 1348
f 1348 1346 1347
f 1349 1350 1352
f 1352 1350 1351
f 1353 1354 1356
f 1356 1354 1355
f 1358 1359 1357
f 1357 1359 1360
f 1361 1362 1364
f 1364 1362 1363
v 0.26174114 0.0077060287 0.038767609
v 0.26174114 0.0077060287 0.038469513
v 0.26174114 0.0084838606 0.038469513
v 0.26174114 0.0084838606 0.038767609
v 0.26164114 0.0077060287 0.038767609
v 0.26164114 0.0077060287 0.038469513
v 0.26174114 0.0077060287 0.038469513
v 0.26174114 0.0077060287 0.038767609
v 0.26164114 0.0077060287 0.038469513
v 0.26164114 0.0084838606 0.038469513
v 0.26174114 0.0084838606 0.038469513
v 0.26174114 0.0077060287 0.038469513
v 0.26164114 0.0084838606 0.038767609
v 0.26164114 0.0077060287 0.038767609
v 0.26174114 0.0077060287 0.038767609
v 0.26174114 0.0084838606 0.038767609
v 0.26164114 0.0077060287 0.038469513
v 0.26164114 0.0077060287 0.038767609
v 0.26164114 0.0084838606 0.038767609
v 0.26164114 0.0084838606 0.038469513
v 0.26164114 0.0084838606 0.038469513
v 0.26164114 0.0084838606 0.038767609
v 0.26174114 0.0084838606 0.038767609
v 0.26174114 0.0084838606 0.038469513
f 1365 1366 1368
f 1368 1366 1367
f 1369 1370 1372
f 1372 1370 1371
f 1373 1374 1376
f 1376 1374 1375
f 1377 1378 1380
f 1380 1378 1379
f 1381 1382 1384
f 1384 1382 1383
f 1385 1386 1388
f 1388 1386 1387
v 0.26164114 0.011450699 0.04091112
v 0.26164114 0.009303238 0.04091112
v 0.26174114 0.009303238 0.04091112
v 0.26174114 0.011450699 0.04091112
v 0.26164114 0.0099301912 0.039975085
v 0.26164114 0.011450699 0.040483386
v 0.26174114 0.011450699 0.040483386
v 0.26174114 0.0099301912 0.039975085
v 0.26164114 0.011131363 0.040637194
v 0.26164114 0.009303238 0.040637194
v 0.26164114 0.009303238 0.04091112
v 0.26164114 0.011450699 0.04091112
v 0.26164114 0.011450699 0.040483386
v 0.26164114 0.0099301912 0.039975085
v 0.26164114 0.0098508996 0.039948903
v 0.26164114 0.0097715215 0.039922989
v 0.26164114 0.0096919808 0.03989758
v 0.26164114 0.0096123199 0.039872546
v 0.26164114 0.0096986288 0.039844735
v 0.26164114 0.0097847834 0.039816458
v 0.26164114 0.0098707271 0.039787543
v 0.26164114 0.0099565582 0.039758288
v 0.26164114 0.011450699 0.039244128
v 0.26164114 0.011450699 0.038861804
v 0.26164114 0.009303238 0.038861804
v 0.26164114 0.009303238 0.03913573
v 0.26164114 0.011100601 0.03913573
v 0.26164114 0.009303238 0.039759753
v 0.26164114 0.009303238 0.0400161
v 0.26164114 0.0096123199 0.039872546
v 0.26164114 0.0096919808 0.03989758
v 0.26164114 0.0097715215 0.039922989
v 0.26164114 0.0098508996 0.039948903
v 0.26164114 0.0099301912 0.039975085
v 0.26174114 0.0099301912 0.039975085
v 0.26174114 0.0098508996 0.039948903
v 0.26174114 0.0097715215 0.039922989
v 0.26174114 0.0096919808 0.03989758
v 0.26174114 0.0096123199 0.039872546
v 0.26164114 0.009303238 0.040637194
v 0.26164114 0.011131363 0.040637194
v 0.26174114 0.011131363 0.040637194
v 0.26174114 0.009303238 0.040637194
v 0.26174114 0.009303238 0.040637194
v 0.26174114 0.011131363 0.040637194
v 0.26174114 0.009303238 0.0400161
v 0.26174114 0.009303238 0.039759753
v 0.26174114 0.011100601 0.03913573
v 0.26174114 0.009303238 0.03913573
v 0.26174114 0.009303238 0.038861804
v 0.26174114 0.011450699 0.038861804
v 0.26174114 0.011450699 0.039244128
v 0.26174114 0.0099565582 0.039758288
v 0.26174114 0.0098707271 0.039787543
v 0.26174114 0.0097847834 0.039816458
v 0.26174114 0.0096986288 0.039844735
v 0.26174114 0.0096123199 0.039872546
v 0.26174114 0.0096919808 0.03989758
v 0.26174114 0.0097715215 0.039922989
v 0.26174114 0.0098508996 0.039948903
v 0.26174114 0.0099301912 0.039975085
v 0.26174114 0.011450699 0.040483386
v 0.26174114 0.011450699 0.04091112
v 0.26174114 0.009303238 0.04091112
v 0.26164114 0.0099565582 0.039758288
v 0.26164114 0.0098707271 0.039787543
v 0.26164114 0.0097847834 0.039816458
v 0.26164114 0.0096986288 0.039844735
v 0.26164114 0.0096123199 0.039872546
v 0.26174114 0.0096123199 0.039872546
v 0.26174114 0.0096986288 0.039844735
v 0.26174114 0.0097847834 0.039816458
v 0.26174114 0.0098707271 0.039787543
v 0.26174114 0.0099565582 0.039758288
v 0.26164114 0.009303238 0.04091112
v 0.26164114 0.009303238 0.040637194
v 0.26174114 0.009303238 0.040637194
v 0.26174114 0.009303238 0.04091112
v 0.26164114 0.011450699 0.040483386
v 0.26164114 0.011450699 0.04091112
v 0.26174114 0.011450699 0.04091112
v 0.26174114 0.011450699 0.040483386
v 0.26164114 0.011450699 0.038861804
v 0.26164114 0.011450699 0.039244128
v 0.26174114 0.011450699 0.039244128
v 0.26174114 0.011450699 0.038861804
v 0.26164114 0.011450699 0.039244128
v 0.26164114 0.0099565582 0.039758288
v 0.26174114 0.0099565582 0.039758288
v 0.26174114 0.011450699 0.039244128
v 0.26164114 0.011100601 0.03913573
v 0.26164114 0.009303238 0.03913573
v 0.26174114 0.009303238 0.03913573
v 0.26174114 0.011100601 0.03913573
v 0.26164114 0.009303238 0.039759753
v 0.26164114 0.011100601 0.03913573
v 0.26174114 0.011100601 0.03913573
v 0.26174114 0.009303238 0.039759753
v 0.26164114 0.009303238 0.0400161
v 0.26164114 0.009303238 0.039759753
v 0.26174114 0.009303238 0.039759753
v 0.26174114 0.009303238 0.0400161
v 0.26164114 0.009303238 0.038861804
v 0.26164114 0.011450699 0.038861804
v 0.26174114 0.011450699 0.038861804
v 0.26174114 0.009303238 0.038861804
v 0.26164114 0.011131363 0.040637194
v 0.26164114 0.009303238 0.0400161
v 0.26174114 0.009303238 0.0400161
v 0.26174114 0.011131363 0.040637194
v 0.26164114 0.009303238 0.03913573
v 0.26164114 0.009303238 0.038861804
v 0.26174114 0.009303238 0.038861804
v 0.26174114 0.009303238 0.03913573
f 1389 1390 1392
f 1392 1390 1391
f 1393 1394 1396
f 1396 1394 1395
f 1398 1399 1397
f 1397 1399 1400
f 1397 1400 1401
f 1401 1402 1397
f 1397 1402 1417
f 1417 1402 1403
f 1417 1403 1404
f 1404 1405 1417
f 1417 1405 1406
f 1417 1406 1416
f 1416 1406 1407
f 1416 1407 1408
f 1408 1409 1416
f 1416 1409 1410
f 1416 1410 1415
f 1415 1410 1411
f 1415 1411 1412
f 1412 1413 1415
f 1415 1413 1414
f 1418 1419 1427
f 1427 1419 1426
f 1426 1419 1420
f 1426 1420 1425
f 1425 1420 1421
f 1425 1421 1424
f 1424 1421 1422
f 1424 1422 1423
f 1428 1429 1431
f 1431 1429 1430
f 1432 1433 1452
f 1452 1433 1451
f 1451 1433 1450
f 1450 1433 1449
f 1449 1433 1434
f 1449 1434 1448
f 1448 1434 1447
f 1447 1434 1446
f 1446 1434 1445
f 1445 1434 1435
f 1445 1435 1444
f 1444 1435 1443
f 1443 1435 1442
f 1442 1435 1441
f 1441 1435 1436
f 1441 1436 1440
f 1440 1436 1439
f 1439 1436 1438
f 1438 1436 1437
f 1453 1454 1462
f 1462 1454 1461
f 1461 1454 1455
f 1461 1455 1460
f 1460 1455 1456
f 1460 1456 1459
f 1459 1456 1457
f 1459 1457 1458
f 1463 1464 1466
f 1466 1464 1465
f 1467 1468 1470
f 1470 1468 1469
f 1471 1472 1474
f 1474 1472 1473
f 1475 1476 1478
f 1478 1476 1477
f 1479 1480 1482
f 1482 1480 1481
f 1483 1484 1486
f 1486 1484 1485
f 1487 1488 1490
f 1490 1488 1489
f 1491 1492 1494
f 1494 1492 1493
f 1495 1496 1498
f 1498 1496 1497
f 1499 1500 1502
f 1502 1500 1501
v 0.26164114 0.013211708 0.043881489
v 0.26164114 0.012746321 0.044642214
v 0.26174114 0.012746321 0.044642214
v 0.26174114 0.013211708 0.043881489
v 0.26164114 0.012638873 0.043295254
v 0.26164114 0.013784543 0.041422532
v 0.26174114 0.013784543 0.041422532
v 0.26174114 0.012638873 0.043295254
v 0.26174114 0.012746321 0.044642214
v 0.26174114 0.012819917 0.044812899
v 0.26174114 0.012786877 0.044995814
v 0.26174114 0.012658217 0.045129964
v 0.26174114 0.012476841 0.045170616
v 0.26174114 0.012303232 0.045104213
v 0.26174114 0.012195281 0.044952898
v 0.26174114 0.012188985 0.044767129
v 0.26174114 0.012286446 0.044608853
v 0.26174114 0.012455162 0.04453085
v 0.26174114 0.012638873 0.044559129
v 0.26174114 0.013030131 0.043919576
v 0.26174114 0.012638873 0.043295254
v 0.26174114 0.013784543 0.041422532
v 0.26174114 0.013878686 0.041572755
v 0.26174114 0.012834502 0.043279588
v 0.26174114 0.013211708 0.043881489
v 0.26174114 0.012500131 0.045021079
v 0.26174114 0.012621401 0.044970847
v 0.26174114 0.012671633 0.044849576
v 0.26174114 0.012621401 0.044728306
v 0.26174114 0.012500131 0.044678073
v 0.26174114 0.01237886 0.044728306
v 0.26174114 0.012328628 0.044849576
v 0.26174114 0.01237886 0.044970847
v 0.26164114 0.012500131 0.045021079
v 0.26164114 0.012621401 0.044970847
v 0.26164114 0.012671633 0.044849576
v 0.26164114 0.012621401 0.044728306
v 0.26164114 0.012500131 0.044678073
v 0.26164114 0.01237886 0.044728306
v 0.26164114 0.012328628 0.044849576
v 0.26164114 0.01237886 0.044970847
v 0.26174114 0.012500131 0.045021079
v 0.26174114 0.01237886 0.044970847
v 0.26174114 0.012328628 0.044849576
v 0.26174114 0.01237886 0.044728306
v 0.26174114 0.012500131 0.044678073
v 0.26174114 0.012621401 0.044728306
v 0.26174114 0.012671633 0.044849576
v 0.26174114 0.012621401 0.044970847
v 0.26174114 0.012500131 0.045021079
v 0.26164114 0.012500131 0.045021079
v 0.26164114 0.012638873 0.044559129
v 0.26164114 0.013030131 0.043919576
v 0.26174114 0.013030131 0.043919576
v 0.26174114 0.012638873 0.044559129
v 0.26164114 0.012746321 0.044642214
v 0.26164114 0.012819917 0.044812899
v 0.26164114 0.012786877 0.044995814
v 0.26164114 0.012658217 0.045129964
v 0.26164114 0.012476841 0.045170616
v 0.26164114 0.012303232 0.045104213
v 0.26164114 0.012195281 0.044952898
v 0.26164114 0.012188985 0.044767129
v 0.26164114 0.012286446 0.044608853
v 0.26164114 0.012455162 0.04453085
v 0.26164114 0.012638873 0.044559129
v 0.26174114 0.012638873 0.044559129
v 0.26174114 0.012455162 0.04453085
v 0.26174114 0.012286446 0.044608853
v 0.26174114 0.012188985 0.044767129
v 0.26174114 0.012195281 0.044952898
v 0.26174114 0.012303232 0.045104213
v 0.26174114 0.012476841 0.045170616
v 0.26174114 0.012658217 0.045129964
v 0.26174114 0.012786877 0.044995814
v 0.26174114 0.012819917 0.044812899
v 0.26174114 0.012746321 0.044642214
v 0.26164114 0.012834502 0.043279588
v 0.26164114 0.013211708 0.043881489
v 0.26174114 0.013211708 0.043881489
v 0.26174114 0.012834502 0.043279588
v 0.26164114 0.013878686 0.041572755
v 0.26164114 0.012834502 0.043279588
v 0.26174114 0.012834502 0.043279588
v 0.26174114 0.013878686 0.041572755
v 0.26164114 0.013030131 0.043919576
v 0.26164114 0.012638873 0.043295254
v 0.26174114 0.012638873 0.043295254
v 0.26174114 0.013030131 0.043919576
v 0.26164114 0.012638873 0.044559129
v 0.26164114 0.012455162 0.04453085
v 0.26164114 0.012286446 0.044608853
v 0.26164114 0.012188985 0.044767129
v 0.26164114 0.012195281 0.044952898
v 0.26164114 0.012303232 0.045104213
v 0.26164114 0.012476841 0.045170616
v 0.26164114 0.012658217 0.045129964
v 0.26164114 0.012786877 0.044995814
v 0.26164114 0.012819917 0.044812899
v 0.26164114 0.012746321 0.044642214
v 0.26164114 0.013211708 0.043881489
v 0.26164114 0.012834502 0.043279588
v 0.26164114 0.013878686 0.041572755
v 0.26164114 0.013784543 0.041422532
v 0.26164114 0.012638873 0.043295254
v 0.26164114 0.013030131 0.043919576
v 0.26164114 0.012500131 0.045021079
v 0.26164114 0.01237886 0.044970847
v 0.26164114 0.012328628 0.044849576
v 0.26164114 0.01237886 0.044728306
v 0.26164114 0.012500131 0.044678073
v 0.26164114 0.012621401 0.044728306
v 0.26164114 0.012671633 0.044849576
v 0.26164114 0.012621401 0.044970847
v 0.26164114 0.013784543 0.041422532
v 0.26164114 0.013878686 0.041572755
v 0.26174114 0.013878686 0.041572755
v 0.26174114 0.013784543 0.041422532
f 1503 1504 1506
f 1506 1504 1505
f 1507 1508 1510
f 1510 1508 1509
f 1512 1530 1511
f 1511 1530 1531
f 1511 1531 1521
f 1521 1531 1532
f 1521 1532 1520
f 1520 1532 1533
f 1520 1533 1519
f 1519 1533 1534
f 1519 1534 1518
f 1518 1534 1517
f 1517 1534 1516
f 1516 1534 1535
f 1516 1535 1515
f 1515 1535 1528
f 1515 1528 1514
f 1514 1528 1529
f 1514 1529 1530
f 1512 1513 1530
f 1530 1513 1514
f 1521 1522 1511
f 1511 1522 1527
f 1527 1522 1526
f 1526 1522 1523
f 1526 1523 1524
f 1524 1525 1526
f 1537 1551 1536
f 1536 1551 1552
f 1553 1544 1543
f 1543 1544 1545
f 1543 1545 1542
f 1542 1545 1546
f 1542 1546 1541
f 1541 1546 1547
f 1541 1547 1540
f 1540 1547 1548
f 1540 1548 1539
f 1539 1548 1549
f 1539 1549 1538
f 1538 1549 1550
f 1538 1550 1537
f 1537 1550 1551
f 1554 1555 1557
f 1557 1555 1556
f 1579 1558 1578
f 1578 1558 1559
f 1578 1559 1577
f 1577 1559 1560
f 1577 1560 1576
f 1576 1560 1561
f 1576 1561 1575
f 1575 1561 1562
f 1575 1562 1574
f 1574 1562 1563
f 1574 1563 1573
f 1573 1563 1564
f 1573 1564 1572
f 1572 1564 1565
f 1572 1565 1571
f 1571 1565 1566
f 1571 1566 1570
f 1570 1566 1567
f 1570 1567 1569
f 1569 1567 1568
f 1580 1581 1583
f 1583 1581 1582
f 1584 1585 1587
f 1587 1585 1586
f 1588 1589 1591
f 1591 1589 1590
f 1593 1613 1592
f 1592 1613 1614
f 1592 1614 1602
f 1602 1614 1615
f 1602 1615 1601
f 1601 1615 1600
f 1600 1615 1599
f 1599 1615 1616
f 1599 1616 1609
f 1613 1593 1612
f 1612 1593 1594
f 1612 1594 1611
f 1611 1594 1595
f 1611 1595 1596
f 1596 1597 1611
f 1611 1597 1610
f 1610 1597 1598
f 1610 1598 1609
f 1609 1598 1599
f 1592 1602 1608
f 1608 1602 1603
f 1608 1603 1604
f 1605 1606 1604
f 1604 1606 1607
f 1604 1607 1608
f 1617 1618 1620
f 1620 1618 1619
v 0.26164114 0.012464992 0.041597706
v 0.26164114 0.012750131 0.041099576
v 0.26174114 0.012750131 0.041099576
v 0.26174114 0.012464992 0.041597706
v 0.26174114 0.012579156 0.041671835
v 0.26174114 0.012655485 0.041794326
v 0.26174114 0.012670841 0.041937834
v 0.26174114 0.012622158 0.042073703
v 0.26174114 0.012519157 0.042174802
v 0.26174114 0.012382405 0.042220944
v 0.26174114 0.012239208 0.042202916
v 0.26174114 0.01211816 0.042124318
v 0.26174114 0.012043432 0.042000843
v 0.26174114 0.012029945 0.041857147
v 0.26174114 0.012080392 0.041721924
v 0.26174114 0.012184701 0.041622174
v 0.26174114 0.012322042 0.041577815
v 0.26174114 0.012464992 0.041597706
v 0.26174114 0.012750131 0.041099576
v 0.26174114 0.01335013 0.041099576
v 0.26174114 0.013503604 0.040831462
v 0.26174114 0.01361636 0.040944218
v 0.26174114 0.013426867 0.041275257
v 0.26174114 0.012850131 0.041275257
v 0.26174114 0.012350131 0.04207277
v 0.26174114 0.012443766 0.042045276
v 0.26174114 0.012507674 0.041971524
v 0.26174114 0.012521562 0.041874928
v 0.26174114 0.012481022 0.041786158
v 0.26174114 0.012398925 0.041733397
v 0.26174114 0.012301336 0.041733397
v 0.26174114 0.012219239 0.041786158
v 0.26174114 0.012178699 0.041874928
v 0.26174114 0.012192588 0.041971524
v 0.26174114 0.012256495 0.042045276
v 0.26164114 0.012850131 0.041275257
v 0.26164114 0.012579156 0.041671835
v 0.26174114 0.012579156 0.041671835
v 0.26174114 0.012850131 0.041275257
v 0.26164114 0.012579156 0.041671835
v 0.26164114 0.012655485 0.041794326
v 0.26164114 0.012670841 0.041937834
v 0.26164114 0.012622158 0.042073703
v 0.26164114 0.012519157 0.042174802
v 0.26164114 0.012382405 0.042220944
v 0.26164114 0.012239208 0.042202916
v 0.26164114 0.01211816 0.042124318
v 0.26164114 0.012043432 0.042000843
v 0.26164114 0.012029945 0.041857147
v 0.26164114 0.012080392 0.041721924
v 0.26164114 0.012184701 0.041622174
v 0.26164114 0.012322042 0.041577815
v 0.26164114 0.012464992 0.041597706
v 0.26174114 0.012464992 0.041597706
v 0.26174114 0.012322042 0.041577815
v 0.26174114 0.012184701 0.041622174
v 0.26174114 0.012080392 0.041721924
v 0.26174114 0.012029945 0.041857147
v 0.26174114 0.012043432 0.042000843
v 0.26174114 0.01211816 0.042124318
v 0.26174114 0.012239208 0.042202916
v 0.26174114 0.012382405 0.042220944
v 0.26174114 0.012519157 0.042174802
v 0.26174114 0.012622158 0.042073703
v 0.26174114 0.012670841 0.041937834
v 0.26174114 0.012655485 0.041794326
v 0.26174114 0.012579156 0.041671835
v 0.26164114 0.01361636 0.040944218
v 0.26164114 0.013426867 0.041275257
v 0.26174114 0.013426867 0.041275257
v 0.26174114 0.01361636 0.040944218
v 0.26164114 0.012350131 0.04207277
v 0.26164114 0.012443766 0.042045276
v 0.26164114 0.012507674 0.041971524
v 0.26164114 0.012521562 0.041874928
v 0.26164114 0.012481022 0.041786158
v 0.26164114 0.012398925 0.041733397
v 0.26164114 0.012301336 0.041733397
v 0.26164114 0.012219239 0.041786158
v 0.26164114 0.012178699 0.041874928
v 0.26164114 0.012192588 0.041971524
v 0.26164114 0.012256495 0.042045276
v 0.26174114 0.012350131 0.04207277
v 0.26174114 0.012256495 0.042045276
v 0.26174114 0.012192588 0.041971524
v 0.26174114 0.012178699 0.041874928
v 0.26174114 0.012219239 0.041786158
v 0.26174114 0.012301336 0.041733397
v 0.26174114 0.012398925 0.041733397
v 0.26174114 0.012481022 0.041786158
v 0.26174114 0.012521562 0.041874928
v 0.26174114 0.012507674 0.041971524
v 0.26174114 0.012443766 0.042045276
v 0.26174114 0.012350131 0.04207277
v 0.26164114 0.012350131 0.04207277
v 0.26164114 0.01335013 0.041099576
v 0.26164114 0.013503604 0.040831462
v 0.26174114 0.013503604 0.040831462
v 0.26174114 0.01335013 0.041099576
v 0.26164114 0.013426867 0.041275257
v 0.26164114 0.012850131 0.041275257
v 0.26174114 0.012850131 0.041275257
v 0.26174114 0.013426867 0.041275257
v 0.26164114 0.012464992 0.041597706
v 0.26164114 0.012322042 0.041577815
v 0.26164114 0.012184701 0.041622174
v 0.26164114 0.012080392 0.041721924
v 0.26164114 0.012029945 0.041857147
v 0.26164114 0.012043432 0.042000843
v 0.26164114 0.01211816 0.042124318
v 0.26164114 0.012239208 0.042202916
v 0.26164114 0.012382405 0.042220944
v 0.26164114 0.012519157 0.042174802
v 0.26164114 0.012622158 0.042073703
v 0.26164114 0.012670841 0.041937834
v 0.26164114 0.012655485 0.041794326
v 0.26164114 0.012579156 0.041671835
v 0.26164114 0.012850131 0.041275257
v 0.26164114 0.013426867 0.041275257
v 0.26164114 0.01361636 0.040944218
v 0.26164114 0.013503604 0.040831462
v 0.26164114 0.01335013 0.041099576
v 0.26164114 0.012750131 0.041099576
v 0.26164114 0.012350131 0.04207277
v 0.26164114 0.012256495 0.042045276
v 0.26164114 0.012192588 0.041971524
v 0.26164114 0.012178699 0.041874928
v 0.26164114 0.012219239 0.041786158
v 0.26164114 0.012301336 0.041733397
v 0.26164114 0.012398925 0.041733397
v 0.26164114 0.012481022 0.041786158
v 0.26164114 0.012521562 0.041874928
v 0.26164114 0.012507674 0.041971524
v 0.26164114 0.012443766 0.042045276
v 0.26164114 0.013503604 0.040831462
v 0.26164114 0.01361636 0.040944218
v 0.26174114 0.01361636 0.040944218
v 0.26174114 0.013503604 0.040831462
v 0.26164114 0.012750131 0.041099576
v 0.26164114 0.01335013 0.041099576
v 0.26174114 0.01335013 0.041099576
v 0.26174114 0.012750131 0.041099576
f 1621 1622 1624
f 1624 1622 1623
f 1626 1649 1625
f 1625 1649 1650
f 1625 1650 1638
f 1638 1650 1637
f 1637 1650 1651
f 1637 1651 1636
f 1636 1651 1652
f 1636 1652 1635
f 1635 1652 1653
f 1635 1653 1634
f 1634 1653 1633
f 1633 1653 1654
f 1633 1654 1632
f 1632 1654 1655
f 1632 1655 1631
f 1631 1655 1645
f 1631 1645 1630
f 1630 1645 1629
f 1629 1645 1646
f 1629 1646 1628
f 1628 1646 1647
f 1628 1647 1627
f 1627 1647 1648
f 1627 1648 1626
f 1626 1648 1649
f 1625 1638 1644
f 1644 1638 1639
f 1644 1639 1640
f 1641 1642 1640
f 1640 1642 1643
f 1640 1643 1644
f 1656 1657 1659
f 1659 1657 1658
f 1687 1660 1686
f 1686 1660 1661
f 1686 1661 1685
f 1685 1661 1662
f 1685 1662 1684
f 1684 1662 1663
f 1684 1663 1683
f 1683 1663 1664
f 1683 1664 1682
f 1682 1664 1665
f 1682 1665 1681
f 1681 1665 1666
f 1681 1666 1680
f 1680 1666 1667
f 1680 1667 1679
f 1679 1667 1668
f 1679 1668 1678
f 1678 1668 1669
f 1678 1669 1677
f 1677 1669 1670
f 1677 1670 1676
f 1676 1670 1671
f 1676 1671 1675
f 1675 1671 1672
f 1675 1672 1674
f 1674 1672 1673
f 1688 1689 1691
f 1691 1689 1690
f 1693 1713 1692
f 1692 1713 1714
f 1715 1703 1702
f 1702 1703 1704
f 1702 1704 1701
f 1701 1704 1705
f 1701 1705 1700
f 1700 1705 1706
f 1700 1706 1699
f 1699 1706 1707
f 1699 1707 1698
f 1698 1707 1708
f 1698 1708 1697
f 1697 1708 1709
f 1697 1709 1696
f 1696 1709 1710
f 1696 1710 1695
f 1695 1710 1711
f 1695 1711 1694
f 1694 1711 1712
f 1694 1712 1693
f 1693 1712 1713
f 1716 1717 1719
f 1719 1717 1718
f 1720 1721 1723
f 1723 1721 1722
f 1725 1750 1724
f 1724 1750 1737
f 1724 1737 1738
f 1750 1725 1749
f 1749 1725 1726
f 1749 1726 1748
f 1748 1726 1727
f 1748 1727 1747
f 1747 1727 1728
f 1747 1728 1729
f 1747 1729 1746
f 1746 1729 1730
f 1746 1730 1745
f 1745 1730 1731
f 1745 1731 1744
f 1744 1731 1732
f 1744 1732 1733
f 1744 1733 1754
f 1754 1733 1734
f 1754 1734 1753
f 1753 1734 1735
f 1753 1735 1752
f 1752 1735 1736
f 1752 1736 1751
f 1751 1736 1737
f 1751 1737 1750
f 1739 1742 1738
f 1738 1742 1743
f 1738 1743 1724
f 1739 1740 1742
f 1742 1740 1741
f 1755 1756 1758
f 1758 1756 1757
f 1759 1760 1762
f 1762 1760 1761
v 0.26164114 0.009303238 0.038621569
v 0.26164114 0.009303238 0.03828026
v 0.26174114 0.009303238 0.03828026
v 0.26174114 0.009303238 0.038621569
v 0.26164114 0.010899918 0.037795397
v 0.26164114 0.011450699 0.038185046
v 0.26174114 0.011450699 0.038185046
v 0.26174114 0.010899918 0.037795397
v 0.26164114 0.011450699 0.037020495
v 0.26164114 0.010880875 0.037452624
v 0.26174114 0.010880875 0.037452624
v 0.26174114 0.011450699 0.037020495
v 0.26164114 0.010422379 0.037791003
v 0.26164114 0.009303238 0.038621569
v 0.26174114 0.009303238 0.038621569
v 0.26174114 0.010422379 0.037791003
v 0.26174114 0.009303238 0.03828026
v 0.26174114 0.010051773 0.037741198
v 0.26174114 0.010091572 0.037714807
v 0.26174114 0.010131684 0.037688905
v 0.26174114 0.010172192 0.037663621
v 0.26174114 0.010212906 0.037638659
v 0.26174114 0.010176648 0.037615786
v 0.26174114 0.010140587 0.037592612
v 0.26174114 0.010104864 0.037568921
v 0.26174114 0.010069351 0.037544909
v 0.26174114 0.009303238 0.037004381
v 0.26174114 0.009303238 0.036652819
v 0.26174114 0.010438492 0.037465807
v 0.26174114 0.011450699 0.036711413
v 0.26174114 0.011450699 0.037020495
v 0.26174114 0.010880875 0.037452624
v 0.26174114 0.01082125 0.037497316
v 0.26174114 0.010760813 0.037540835
v 0.26174114 0.010698969 0.037582325
v 0.26174114 0.010636246 0.037622546
v 0.26174114 0.010703713 0.037663374
v 0.26174114 0.010770218 0.037705683
v 0.26174114 0.010835415 0.037750005
v 0.26174114 0.010899918 0.037795397
v 0.26174114 0.011450699 0.038185046
v 0.26174114 0.011450699 0.038523425
v 0.26174114 0.010422379 0.037791003
v 0.26174114 0.009303238 0.038621569
v 0.26164114 0.011450699 0.038523425
v 0.26164114 0.010422379 0.037791003
v 0.26174114 0.010422379 0.037791003
v 0.26174114 0.011450699 0.038523425
v 0.26164114 0.010051773 0.037741198
v 0.26164114 0.009303238 0.03828026
v 0.26164114 0.009303238 0.038621569
v 0.26164114 0.010422379 0.037791003
v 0.26164114 0.011450699 0.038523425
v 0.26164114 0.011450699 0.038185046
v 0.26164114 0.010899918 0.037795397
v 0.26164114 0.010835415 0.037750005
v 0.26164114 0.010770218 0.037705683
v 0.26164114 0.010703713 0.037663374
v 0.26164114 0.010636246 0.037622546
v 0.26164114 0.010698969 0.037582325
v 0.26164114 0.010760813 0.037540835
v 0.26164114 0.01082125 0.037497316
v 0.26164114 0.010880875 0.037452624
v 0.26164114 0.011450699 0.037020495
v 0.26164114 0.011450699 0.036711413
v 0.26164114 0.010438492 0.037465807
v 0.26164114 0.009303238 0.036652819
v 0.26164114 0.009303238 0.037004381
v 0.26164114 0.010069351 0.037544909
v 0.26164114 0.010104864 0.037568921
v 0.26164114 0.010140587 0.037592612
v 0.26164114 0.010176648 0.037615786
v 0.26164114 0.010212906 0.037638659
v 0.26164114 0.010172192 0.037663621
v 0.26164114 0.010131684 0.037688905
v 0.26164114 0.010091572 0.037714807
v 0.26164114 0.010880875 0.037452624
v 0.26164114 0.01082125 0.037497316
v 0.26164114 0.010760813 0.037540835
v 0.26164114 0.010698969 0.037582325
v 0.26164114 0.010636246 0.037622546
v 0.26174114 0.010636246 0.037622546
v 0.26174114 0.010698969 0.037582325
v 0.26174114 0.010760813 0.037540835
v 0.26174114 0.01082125 0.037497316
v 0.26174114 0.010880875 0.037452624
v 0.26164114 0.011450699 0.038185046
v 0.26164114 0.011450699 0.038523425
v 0.26174114 0.011450699 0.038523425
v 0.26174114 0.011450699 0.038185046
v 0.26164114 0.009303238 0.03828026
v 0.26164114 0.010051773 0.037741198
v 0.26174114 0.010051773 0.037741198
v 0.26174114 0.009303238 0.03828026
v 0.26164114 0.010636246 0.037622546
v 0.26164114 0.010703713 0.037663374
v 0.26164114 0.010770218 0.037705683
v 0.26164114 0.010835415 0.037750005
v 0.26164114 0.010899918 0.037795397
v 0.26174114 0.010899918 0.037795397
v 0.26174114 0.010835415 0.037750005
v 0.26174114 0.010770218 0.037705683
v 0.26174114 0.010703713 0.037663374
v 0.26174114 0.010636246 0.037622546
v 0.26164114 0.009303238 0.036652819
v 0.26164114 0.010438492 0.037465807
v 0.26174114 0.010438492 0.037465807
v 0.26174114 0.009303238 0.036652819
v 0.26164114 0.011450699 0.036711413
v 0.26164114 0.011450699 0.037020495
v 0.26174114 0.011450699 0.037020495
v 0.26174114 0.011450699 0.036711413
v 0.26164114 0.010212906 0.037638659
v 0.26164114 0.010176648 0.037615786
v 0.26164114 0.010140587 0.037592612
v 0.26164114 0.010104864 0.037568921
v 0.26164114 0.010069351 0.037544909
v 0.26174114 0.010069351 0.037544909
v 0.26174114 0.010104864 0.037568921
v 0.26174114 0.010140587 0.037592612
v 0.26174114 0.010176648 0.037615786
v 0.26174114 0.010212906 0.037638659
v 0.26164114 0.010438492 0.037465807
v 0.26164114 0.011450699 0.036711413
v 0.26174114 0.011450699 0.036711413
v 0.26174114 0.010438492 0.037465807
v 0.26164114 0.009303238 0.037004381
v 0.26164114 0.009303238 0.036652819
v 0.26174114 0.009303238 0.036652819
v 0.26174114 0.009303238 0.037004381
v 0.26164114 0.010051773 0.037741198
v 0.26164114 0.010091572 0.037714807
v 0.26164114 0.010131684 0.037688905
v 0.26164114 0.010172192 0.037663621
v 0.26164114 0.010212906 0.037638659
v 0.26174114 0.010212906 0.037638659
v 0.26174114 0.010172192 0.037663621
v 0.26174114 0.010131684 0.037688905
v 0.26174114 0.010091572 0.037714807
v 0.26174114 0.010051773 0.037741198
v 0.26164114 0.010069351 0.037544909
v 0.26164114 0.009303238 0.037004381
v 0.26174114 0.009303238 0.037004381
v 0.26174114 0.010069351 0.037544909
f 1763 1764 1766
f 1766 1764 1765
f 1767 1768 1770
f 1770 1768 1769
f 1771 1772 1774
f 1774 1772 1773
f 1775 1776 1778
f 1778 1776 1777
f 1779 1780 1806
f 1806 1780 1805
f 1805 1780 1781
f 1805 1781 1782
f 1782 1783 1805
f 1805 1783 1784
f 1805 1784 1791
f 1791 1784 1785
f 1791 1785 1786
f 1786 1787 1791
f 1791 1787 1788
f 1791 1788 1790
f 1790 1788 1789
f 1792 1794 1791
f 1791 1794 1795
f 1791 1795 1796
f 1792 1793 1794
f 1796 1797 1791
f 1791 1797 1798
f 1791 1798 1805
f 1805 1798 1799
f 1805 1799 1800
f 1800 1801 1805
f 1805 1801 1802
f 1805 1802 1804
f 1804 1802 1803
f 1807 1808 1810
f 1810 1808 1809
f 1812 1813 1811
f 1811 1813 1814
f 1811 1814 1838
f 1838 1814 1837
f 1837 1814 1836
f 1836 1814 1835
f 1835 1814 1828
f 1835 1828 1834
f 1834 1828 1833
f 1833 1828 1832
f 1832 1828 1831
f 1831 1828 1829
f 1831 1829 1830
f 1815 1817 1814
f 1814 1817 1818
f 1814 1818 1819
f 1815 1816 1817
f 1819 1820 1814
f 1814 1820 1821
f 1814 1821 1828
f 1828 1821 1822
f 1828 1822 1823
f 1823 1824 1828
f 1828 1824 1825
f 1828 1825 1827
f 1827 1825 1826
f 1839 1840 1848
f 1848 1840 1847
f 1847 1840 1841
f 1847 1841 1846
f 1846 1841 1842
f 1846 1842 1845
f 1845 1842 1843
f 1845 1843 1844
f 1849 1850 1852
f 1852 1850 1851
f 1853 1854 1856
f 1856 1854 1855
f 1857 1858 1866
f 1866 1858 1865
f 1865 1858 1859
f 1865 1859 1864
f 1864 1859 1860
f 1864 1860 1863
f 1863 1860 1861
f 1863 1861 1862
f 1867 1868 1870
f 1870 1868 1869
f 1871 1872 1874
f 1874 1872 1873
f 1875 1876 1884
f 1884 1876 1883
f 1883 1876 1877
f 1883 1877 1882
f 1882 1877 1878
f 1882 1878 1881
f 1881 1878 1879
f 1881 1879 1880
f 1885 1886 1888
f 1888 1886 1887
f 1889 1890 1892
f 1892 1890 1891
f 1893 1894 1902
f 1902 1894 1901
f 1901 1894 1895
f 1901 1895 1900
f 1900 1895 1896
f 1900 1896 1899
f 1899 1896 1897
f 1899 1897 1898
f 1903 1904 1906
f 1906 1904 1905
v 0.26164114 0.0087797593 0.038767609
v 0.26164114 0.0085768785 0.038767609
v 0.26174114 0.0085768785 0.038767609
v 0.26174114 0.0087797593 0.038767609
v 0.26164114 0.0085768785 0.038469513
v 0.26164114 0.0085768785 0.038767609
v 0.26164114 0.0087797593 0.038767609
v 0.26164114 0.0087797593 0.038469513
v 0.26164114 0.0085768785 0.038469513
v 0.26164114 0.0087797593 0.038469513
v 0.26174114 0.0087797593 0.038469513
v 0.26174114 0.0085768785 0.038469513
v 0.26164114 0.0085768785 0.038767609
v 0.26164114 0.0085768785 0.038469513
v 0.26174114 0.0085768785 0.038469513
v 0.26174114 0.0085768785 0.038767609
v 0.26174114 0.0085768785 0.038767609
v 0.26174114 0.0085768785 0.038469513
v 0.26174114 0.0087797593 0.038469513
v 0.26174114 0.0087797593 0.038767609
v 0.26164114 0.0087797593 0.038469513
v 0.26164114 0.0087797593 0.038767609
v 0.26174114 0.0087797593 0.038767609
v 0.26174114 0.0087797593 0.038469513
f 1907 1908 1910
f 1910 1908 1909
f 1911 1912 1914
f 1914 1912 1913
f 1915 1916 1918
f 1918 1916 1917
f 1919 1920 1922
f 1922 1920 1921
f 1923 1924 1926
f 1926 1924 1925
f 1927 1928 1930
f 1930 1928 1929
v 0.26164114 0.0084604232 0.040830108
v 0.26164114 0.0084765594 0.040864566
v 0.26164114 0.0084896495 0.04089986
v 0.26164114 0.0084973167 0.040936642
v 0.26164114 0.008501439 0.040974395
v 0.26174114 0.008501439 0.040974395
v 0.26174114 0.0084973167 0.040936642
v 0.26174114 0.0084896495 0.04089986
v 0.26174114 0.0084765594 0.040864566
v 0.26174114 0.0084604232 0.040830108
v 0.26174114 0.0077060287 0.041442413
v 0.26174114 0.0077060287 0.041142853
v 0.26174114 0.007966771 0.041142853
v 0.26174114 0.0080327983 0.041142316
v 0.26174114 0.0080977167 0.041136491
v 0.26174114 0.0081605114 0.041120539
v 0.26174114 0.0082216539 0.04109671
v 0.26174114 0.0082420953 0.04107846
v 0.26174114 0.0082579701 0.041057776
v 0.26174114 0.0082662536 0.041033044
v 0.26174114 0.0082699935 0.04100589
v 0.26174114 0.0082672818 0.040984326
v 0.26174114 0.0082628594 0.040963187
v 0.26174114 0.0082560726 0.040942633
v 0.26174114 0.0082480209 0.040922394
v 0.26174114 0.0084604232 0.040830108
v 0.26174114 0.0084765594 0.040864566
v 0.26174114 0.0084896495 0.04089986
v 0.26174114 0.0084973167 0.040936642
v 0.26174114 0.008501439 0.040974395
v 0.26174114 0.0084994425 0.041002603
v 0.26174114 0.0084943913 0.041029888
v 0.26174114 0.0084840272 0.041055566
v 0.26174114 0.008470311 0.041080231
v 0.26174114 0.0084453999 0.041105727
v 0.26174114 0.0084183212 0.041128355
v 0.26174114 0.0083881922 0.041146945
v 0.26174114 0.0083564194 0.04116336
v 0.26174114 0.0084838606 0.04116336
v 0.26174114 0.0084838606 0.041442413
v 0.26164114 0.0082480209 0.040922394
v 0.26164114 0.0084604232 0.040830108
v 0.26174114 0.0084604232 0.040830108
v 0.26174114 0.0082480209 0.040922394
v 0.26164114 0.008470311 0.041080231
v 0.26164114 0.0084453999 0.041105727
v 0.26164114 0.0084183212 0.041128355
v 0.26164114 0.0083881922 0.041146945
v 0.26164114 0.0083564194 0.04116336
v 0.26174114 0.0083564194 0.04116336
v 0.26174114 0.0083881922 0.041146945
v 0.26174114 0.0084183212 0.041128355
v 0.26174114 0.0084453999 0.041105727
v 0.26174114 0.008470311 0.041080231
v 0.26164114 0.0077060287 0.041442413
v 0.26164114 0.0077060287 0.041142853
v 0.26174114 0.0077060287 0.041142853
v 0.26174114 0.0077060287 0.041442413
v 0.26164114 0.0083564194 0.04116336
v 0.26164114 0.0084838606 0.04116336
v 0.26174114 0.0084838606 0.04116336
v 0.26174114 0.0083564194 0.04116336
v 0.26164114 0.0084838606 0.041442413
v 0.26164114 0.0077060287 0.041442413
v 0.26174114 0.0077060287 0.041442413
v 0.26174114 0.0084838606 0.041442413
v 0.26164114 0.0082699935 0.04100589
v 0.26164114 0.0082672818 0.040984326
v 0.26164114 0.0082628594 0.040963187
v 0.26164114 0.0082560726 0.040942633
v 0.26164114 0.0082480209 0.040922394
v 0.26174114 0.0082480209 0.040922394
v 0.26174114 0.0082560726 0.040942633
v 0.26174114 0.0082628594 0.040963187
v 0.26174114 0.0082672818 0.040984326
v 0.26174114 0.0082699935 0.04100589
v 0.26164114 0.0077060287 0.041142853
v 0.26164114 0.0077060287 0.041442413
v 0.26164114 0.0084838606 0.041442413
v 0.26164114 0.0084838606 0.04116336
v 0.26164114 0.0083564194 0.04116336
v 0.26164114 0.0083881922 0.041146945
v 0.26164114 0.0084183212 0.041128355
v 0.26164114 0.0084453999 0.041105727
v 0.26164114 0.008470311 0.041080231
v 0.26164114 0.0084840272 0.041055566
v 0.26164114 0.0084943913 0.041029888
v 0.26164114 0.0084994425 0.041002603
v 0.26164114 0.008501439 0.040974395
v 0.26164114 0.0084973167 0.040936642
v 0.26164114 0.0084896495 0.04089986
v 0.26164114 0.0084765594 0.040864566
v 0.26164114 0.0084604232 0.040830108
v 0.26164114 0.0082480209 0.040922394
v 0.26164114 0.0082560726 0.040942633
v 0.26164114 0.0082628594 0.040963187
v 0.26164114 0.0082672818 0.040984326
v 0.26164114 0.0082699935 0.04100589
v 0.26164114 0.0082662536 0.041033044
v 0.26164114 0.0082579701 0.041057776
v 0.26164114 0.0082420953 0.04107846
v 0.26164114 0.0082216539 0.04109671
v 0.26164114 0.0081605114 0.041120539
v 0.26164114 0.0080977167 0.041136491
v 0.26164114 0.0080327983 0.041142316
v 0.26164114 0.007966771 0.041142853
v 0.26164114 0.0084838606 0.04116336
v 0.26164114 0.0084838606 0.041442413
v 0.26174114 0.0084838606 0.041442413
v 0.26174114 0.0084838606 0.04116336
v 0.26164114 0.008501439 0.040974395
v 0.26164114 0.0084994425 0.041002603
v 0.26164114 0.0084943913 0.041029888
v 0.26164114 0.0084840272 0.041055566
v 0.26164114 0.008470311 0.041080231
v 0.26174114 0.008470311 0.041080231
v 0.26174114 0.0084840272 0.041055566
v 0.26174114 0.0084943913 0.041029888
v 0.26174114 0.0084994425 0.041002603
v 0.26174114 0.008501439 0.040974395
v 0.26164114 0.0082216539 0.04109671
v 0.26164114 0.0082420953 0.04107846
v 0.26164114 0.0082579701 0.041057776
v 0.26164114 0.0082662536 0.041033044
v 0.26164114 0.0082699935 0.04100589
v 0.26174114 0.0082699935 0.04100589
v 0.26174114 0.0082662536 0.041033044
v 0.26174114 0.0082579701 0.041057776
v 0.26174114 0.0082420953 0.04107846
v 0.26174114 0.0082216539 0.04109671
v 0.26164114 0.0077060287 0.041142853
v 0.26164114 0.007966771 0.041142853
v 0.26174114 0.007966771 0.041142853
v 0.26174114 0.0077060287 0.041142853
v 0.26164114 0.007966771 0.041142853
v 0.26164114 0.0080327983 0.041142316
v 0.26164114 0.0080977167 0.041136491
v 0.26164114 0.0081605114 0.041120539
v 0.26164114 0.0082216539 0.04109671
v 0.26174114 0.0082216539 0.04109671
v 0.26174114 0.0081605114 0.041120539
v 0.26174114 0.0080977167 0.041136491
v 0.26174114 0.0080327983 0.041142316
v 0.26174114 0.007966771 0.041142853
f 1931 1932 1940
f 1940 1932 1939
f 1939 1932 1933
f 1939 1933 1938
f 1938 1933 1934
f 1938 1934 1937
f 1937 1934 1935
f 1937 1935 1936
f 1942 1943 1941
f 1941 1943 1944
f 1941 1944 1970
f 1970 1944 1945
f 1970 1945 1968
f 1968 1945 1946
f 1968 1946 1947
f 1947 1948 1968
f 1968 1948 1949
f 1968 1949 1967
f 1967 1949 1966
f 1966 1949 1965
f 1965 1949 1950
f 1965 1950 1964
f 1964 1950 1963
f 1963 1950 1951
f 1963 1951 1962
f 1962 1951 1961
f 1961 1951 1952
f 1961 1952 1960
f 1960 1952 1959
f 1959 1952 1953
f 1959 1953 1958
f 1958 1953 1954
f 1958 1954 1957
f 1957 1954 1955
f 1957 1955 1956
f 1968 1969 1970
f 1971 1972 1974
f 1974 1972 1973
f 1975 1976 1984
f 1984 1976 1983
f 1983 1976 1977
f 1983 1977 1982
f 1982 1977 1978
f 1982 1978 1981
f 1981 1978 1979
f 1981 1979 1980
f 1985 1986 1988
f 1988 1986 1987
f 1989 1990 1992
f 1992 1990 1991
f 1993 1994 1996
f 1996 1994 1995
f 1997 1998 2006
f 2006 1998 2005
f 2005 1998 1999
f 2005 1999 2004
f 2004 1999 2000
f 2004 2000 2003
f 2003 2000 2001
f 2003 2001 2002
f 2007 2008 2036
f 2036 2008 2035
f 2035 2008 2009
f 2035 2009 2034
f 2034 2009 2011
f 2034 2011 2033
f 2033 2011 2032
f 2032 2011 2031
f 2031 2011 2030
f 2030 2011 2012
f 2030 2012 2013
f 2009 2010 2011
f 2013 2014 2030
f 2030 2014 2029
f 2029 2014 2015
f 2029 2015 2016
f 2029 2016 2028
f 2028 2016 2017
f 2028 2017 2018
f 2028 2018 2027
f 2027 2018 2019
f 2027 2019 2020
f 2027 2020 2026
f 2026 2020 2021
f 2026 2021 2025
f 2025 2021 2022
f 2025 2022 2024
f 2024 2022 2023
f 2037 2038 2040
f 2040 2038 2039
f 2041 2042 2050
f 2050 2042 2049
f 2049 2042 2043
f 2049 2043 2048
f 2048 2043 2044
f 2048 2044 2047
f 2047 2044 2045
f 2047 2045 2046
f 2051 2052 2060
f 2060 2052 2059
f 2059 2052 2053
f 2059 2053 2058
f 2058 2053 2054
f 2058 2054 2057
f 2057 2054 2055
f 2057 2055 2056
f 2061 2062 2064
f 2064 2062 2063
f 2065 2066 2074
f 2074 2066 2073
f 2073 2066 2067
f 2073 2067 2072
f 2072 2067 2068
f 2072 2068 2071
f 2071 2068 2069
f 2071 2069 2070
v 0.26164114 0.0077060287 0.044302521
v 0.26164114 0.0077060287 0.044601349
v 0.26164114 0.0087797593 0.044601349
v 0.26164114 0.0087797593 0.044302521
v 0.26164114 0.0077060287 0.044302521
v 0.26164114 0.0087797593 0.044302521
v 0.26174114 0.0087797593 0.044302521
v 0.26174114 0.0077060287 0.044302521
v 0.26164114 0.0077060287 0.044601349
v 0.26164114 0.0077060287 0.044302521
v 0.26174114 0.0077060287 0.044302521
v 0.26174114 0.0077060287 0.044601349
v 0.26174114 0.0077060287 0.044601349
v 0.26174114 0.0077060287 0.044302521
v 0.26174114 0.0087797593 0.044302521
v 0.26174114 0.0087797593 0.044601349
v 0.26164114 0.0087797593 0.044601349
v 0.26164114 0.0077060287 0.044601349
v 0.26174114 0.0077060287 0.044601349
v 0.26174114 0.0087797593 0.044601349
v 0.26164114 0.0087797593 0.044302521
v 0.26164114 0.0087797593 0.044601349
v 0.26174114 0.0087797593 0.044601349
v 0.26174114 0.0087797593 0.044302521
f 2075 2076 2078
f 2078 2076 2077
f 2079 2080 2082
f 2082 2080 2081
f 2083 2084 2086
f 2086 2084 2085
f 2087 2088 2090
f 2090 2088 2089
f 2091 2092 2094
f 2094 2092 2093
f 2095 2096 2098
f 2098 2096 2097
v 0.26164114 0.0077114989 0.042879059
v 0.26164114 0.0077008863 0.042828087
v 0.26164114 0.0076931141 0.04277678
v 0.26164114 0.0076896004 0.042724971
v 0.26164114 0.0076884507 0.042672882
v 0.26174114 0.0076884507 0.042672882
v 0.26174114 0.0076896004 0.042724971
v 0.26174114 0.0076931141 0.04277678
v 0.26174114 0.0077008863 0.042828087
v 0.26174114 0.0077114989 0.042879059
v 0.26164114 0.0080107163 0.042531524
v 0.26164114 0.0079844253 0.042541591
v 0.26164114 0.0079598065 0.04255418
v 0.26164114 0.0079381545 0.042571244
v 0.26164114 0.007918431 0.042591217
v 0.26174114 0.007918431 0.042591217
v 0.26174114 0.0079381545 0.042571244
v 0.26174114 0.0079598065 0.04255418
v 0.26174114 0.0079844253 0.042541591
v 0.26174114 0.0080107163 0.042531524
v 0.26164114 0.007918431 0.042591217
v 0.26164114 0.0079052429 0.042614068
v 0.26164114 0.0078952549 0.042637921
v 0.26164114 0.0078903599 0.042663365
v 0.26164114 0.0078884019 0.042689728
v 0.26174114 0.0078884019 0.042689728
v 0.26174114 0.0078903599 0.042663365
v 0.26174114 0.0078952549 0.042637921
v 0.26174114 0.0079052429 0.042614068
v 0.26174114 0.007918431 0.042591217
v 0.26174114 0.007918431 0.042591217
v 0.26174114 0.0079052429 0.042614068
v 0.26174114 0.0078952549 0.042637921
v 0.26174114 0.0078903599 0.042663365
v 0.26174114 0.0078884019 0.042689728
v 0.26174114 0.0078921031 0.042722435
v 0.26174114 0.0079005225 0.042753101
v 0.26174114 0.0079169007 0.042780322
v 0.26174114 0.0079381149 0.04280545
v 0.26174114 0.0079712854 0.042826439
v 0.26174114 0.0080063368 0.042841767
v 0.26174114 0.0080441935 0.042848651
v 0.26174114 0.0080836038 0.042850861
v 0.26174114 0.0081266488 0.042848915
v 0.26174114 0.0081682165 0.04284217
v 0.26174114 0.0082070817 0.042826644
v 0.26174114 0.0082440899 0.042805084
v 0.26174114 0.0082667796 0.042779365
v 0.26174114 0.0082842608 0.042751318
v 0.26174114 0.0082932006 0.042719453
v 0.26174114 0.0082970931 0.042685333
v 0.26174114 0.0082957532 0.04266057
v 0.26174114 0.0082918464 0.042636538
v 0.26174114 0.0082833479 0.042613813
v 0.26174114 0.0082718246 0.042591949
v 0.26174114 0.0082560496 0.04257536
v 0.26174114 0.0082385804 0.042561372
v 0.26174114 0.008218434 0.042551495
v 0.26174114 0.0081967513 0.042543976
v 0.26174114 0.008234105 0.042263458
v 0.26174114 0.008292328 0.042286716
v 0.26174114 0.0083460687 0.04231626
v 0.26174114 0.0083920954 0.042356623
v 0.26174114 0.0084333237 0.042403717
v 0.26174114 0.0084655093 0.042472481
v 0.26174114 0.0084886296 0.04254354
v 0.26174114 0.0084986173 0.042617924
v 0.26174114 0.008501439 0.042694122
v 0.26174114 0.0084996627 0.04275119
v 0.26174114 0.0084942053 0.042807632
v 0.26174114 0.0084821116 0.042862948
v 0.26174114 0.0084655847 0.042917511
v 0.26174114 0.0084514557 0.042946272
v 0.26174114 0.0084355502 0.042973892
v 0.26174114 0.0084168108 0.042999694
v 0.26174114 0.0083964337 0.043024444
v 0.26174114 0.0083727859 0.043048295
v 0.26174114 0.0083477332 0.043070341
v 0.26174114 0.0083203046 0.043089337
v 0.26174114 0.0082914282 0.043106476
v 0.26174114 0.0082432701 0.043125051
v 0.26174114 0.0081940796 0.04313882
v 0.26174114 0.0081433083 0.043145225
v 0.26174114 0.008091649 0.043147491
v 0.26174114 0.008044218 0.043145908
v 0.26174114 0.007997465 0.043140839
v 0.26174114 0.0079519402 0.043129451
v 0.26174114 0.0079072444 0.0431138
v 0.26174114 0.0078736939 0.043094812
v 0.26174114 0.0078419347 0.043073489
v 0.26174114 0.0078131484 0.043048293
v 0.26174114 0.0077861373 0.043020782
v 0.26174114 0.0077619745 0.042988267
v 0.26174114 0.0077408625 0.042954136
v 0.26174114 0.0077247207 0.042917371
v 0.26174114 0.0077114989 0.042879059
v 0.26174114 0.0077008863 0.042828087
v 0.26174114 0.0076931141 0.04277678
v 0.26174114 0.0076896004 0.042724971
v 0.26174114 0.0076884507 0.042672882
v 0.26174114 0.0076902847 0.042618778
v 0.26174114 0.0076957862 0.04256533
v 0.26174114 0.0077078758 0.042513063
v 0.26174114 0.0077243392 0.042461578
v 0.26174114 0.0077438976 0.042423266
v 0.26174114 0.0077664782 0.042387193
v 0.26174114 0.0077941914 0.042354923
v 0.26174114 0.0078250472 0.042324982
v 0.26174114 0.0078604855 0.042299961
v 0.26174114 0.0078975447 0.042278153
v 0.26174114 0.0079372425 0.042261579
v 0.26174114 0.0079784899 0.042248077
v 0.26174114 0.0080107163 0.042531524
v 0.26174114 0.0079844253 0.042541591
v 0.26174114 0.0079598065 0.04255418
v 0.26174114 0.0079381545 0.042571244
v 0.26164114 0.0079072444 0.0431138
v 0.26164114 0.0078736939 0.043094812
v 0.26164114 0.0078419347 0.043073489
v 0.26164114 0.0078131484 0.043048293
v 0.26164114 0.0077861373 0.043020782
v 0.26174114 0.0077861373 0.043020782
v 0.26174114 0.0078131484 0.043048293
v 0.26174114 0.0078419347 0.043073489
v 0.26174114 0.0078736939 0.043094812
v 0.26174114 0.0079072444 0.0431138
v 0.26164114 0.0079784899 0.042248077
v 0.26164114 0.0080107163 0.042531524
v 0.26174114 0.0080107163 0.042531524
v 0.26174114 0.0079784899 0.042248077
v 0.26164114 0.0077861373 0.043020782
v 0.26164114 0.0077619745 0.042988267
v 0.26164114 0.0077408625 0.042954136
v 0.26164114 0.0077247207 0.042917371
v 0.26164114 0.0077114989 0.042879059
v 0.26174114 0.0077114989 0.042879059
v 0.26174114 0.0077247207 0.042917371
v 0.26174114 0.0077408625 0.042954136
v 0.26174114 0.0077619745 0.042988267
v 0.26174114 0.0077861373 0.043020782
v 0.26164114 0.0076884507 0.042672882
v 0.26164114 0.0076902847 0.042618778
v 0.26164114 0.0076957862 0.04256533
v 0.26164114 0.0077078758 0.042513063
v 0.26164114 0.0077243392 0.042461578
v 0.26174114 0.0077243392 0.042461578
v 0.26174114 0.0077078758 0.042513063
v 0.26174114 0.0076957862 0.04256533
v 0.26174114 0.0076902847 0.042618778
v 0.26174114 0.0076884507 0.042672882
v 0.26164114 0.0078884019 0.042689728
v 0.26164114 0.0078903599 0.042663365
v 0.26164114 0.0078952549 0.042637921
v 0.26164114 0.0079052429 0.042614068
v 0.26164114 0.007918431 0.042591217
v 0.26164114 0.0079381545 0.042571244
v 0.26164114 0.0079598065 0.04255418
v 0.26164114 0.0079844253 0.042541591
v 0.26164114 0.0080107163 0.042531524
v 0.26164114 0.0079784899 0.042248077
v 0.26164114 0.0079372425 0.042261579
v 0.26164114 0.0078975447 0.042278153
v 0.26164114 0.0078604855 0.042299961
v 0.26164114 0.0078250472 0.042324982
v 0.26164114 0.0077941914 0.042354923
v 0.26164114 0.0077664782 0.042387193
v 0.26164114 0.0077438976 0.042423266
v 0.26164114 0.0077243392 0.042461578
v 0.26164114 0.0077078758 0.042513063
v 0.26164114 0.0076957862 0.04256533
v 0.26164114 0.0076902847 0.042618778
v 0.26164114 0.0076884507 0.042672882
v 0.26164114 0.0076896004 0.042724971
v 0.26164114 0.0076931141 0.04277678
v 0.26164114 0.0077008863 0.042828087
v 0.26164114 0.0077114989 0.042879059
v 0.26164114 0.0077247207 0.042917371
v 0.26164114 0.0077408625 0.042954136
v 0.26164114 0.0077619745 0.042988267
v 0.26164114 0.0077861373 0.043020782
v 0.26164114 0.0078131484 0.043048293
v 0.26164114 0.0078419347 0.043073489
v 0.26164114 0.0078736939 0.043094812
v 0.26164114 0.0079072444 0.0431138
v 0.26164114 0.0079519402 0.043129451
v 0.26164114 0.007997465 0.043140839
v 0.26164114 0.008044218 0.043145908
v 0.26164114 0.008091649 0.043147491
v 0.26164114 0.0081433083 0.043145225
v 0.26164114 0.0081940796 0.04313882
v 0.26164114 0.0082432701 0.043125051
v 0.26164114 0.0082914282 0.043106476
v 0.26164114 0.0083203046 0.043089337
v 0.26164114 0.0083477332 0.043070341
v 0.26164114 0.0083727859 0.043048295
v 0.26164114 0.0083964337 0.043024444
v 0.26164114 0.0084168108 0.042999694
v 0.26164114 0.0084355502 0.042973892
v 0.26164114 0.0084514557 0.042946272
v 0.26164114 0.0084655847 0.042917511
v 0.26164114 0.0084821116 0.042862948
v 0.26164114 0.0084942053 0.042807632
v 0.26164114 0.0084996627 0.04275119
v 0.26164114 0.008501439 0.042694122
v 0.26164114 0.0084986173 0.042617924
v 0.26164114 0.0084886296 0.04254354
v 0.26164114 0.0084655093 0.042472481
v 0.26164114 0.0084333237 0.042403717
v 0.26164114 0.0083920954 0.042356623
v 0.26164114 0.0083460687 0.04231626
v 0.26164114 0.008292328 0.042286716
v 0.26164114 0.008234105 0.042263458
v 0.26164114 0.0081967513 0.042543976
v 0.26164114 0.008218434 0.042551495
v 0.26164114 0.0082385804 0.042561372
v 0.26164114 0.0082560496 0.04257536
v 0.26164114 0.0082718246 0.042591949
v 0.26164114 0.0082833479 0.042613813
v 0.26164114 0.0082918464 0.042636538
v 0.26164114 0.0082957532 0.04266057
v 0.26164114 0.0082970931 0.042685333
v 0.26164114 0.0082932006 0.042719453
v 0.26164114 0.0082842608 0.042751318
v 0.26164114 0.0082667796 0.042779365
v 0.26164114 0.0082440899 0.042805084
v 0.26164114 0.0082070817 0.042826644
v 0.26164114 0.0081682165 0.04284217
v 0.26164114 0.0081266488 0.042848915
v 0.26164114 0.0080836038 0.042850861
v 0.26164114 0.0080441935 0.042848651
v 0.26164114 0.0080063368 0.042841767
v 0.26164114 0.0079712854 0.042826439
v 0.26164114 0.0079381149 0.04280545
v 0.26164114 0.0079169007 0.042780322
v 0.26164114 0.0079005225 0.042753101
v 0.26164114 0.0078921031 0.042722435
v 0.26164114 0.0077243392 0.042461578
v 0.26164114 0.0077438976 0.042423266
v 0.26164114 0.0077664782 0.042387193
v 0.26164114 0.0077941914 0.042354923
v 0.26164114 0.0078250472 0.042324982
v 0.26174114 0.0078250472 0.042324982
v 0.26174114 0.0077941914 0.042354923
v 0.26174114 0.0077664782 0.042387193
v 0.26174114 0.0077438976 0.042423266
v 0.26174114 0.0077243392 0.042461578
v 0.26164114 0.0078250472 0.042324982
v 0.26164114 0.0078604855 0.042299961
v 0.26164114 0.0078975447 0.042278153
v 0.26164114 0.0079372425 0.042261579
v 0.26164114 0.0079784899 0.042248077
v 0.26174114 0.0079784899 0.042248077
v 0.26174114 0.0079372425 0.042261579
v 0.26174114 0.0078975447 0.042278153
v 0.26174114 0.0078604855 0.042299961
v 0.26174114 0.0078250472 0.042324982
v 0.26164114 0.0082914282 0.043106476
v 0.26164114 0.0082432701 0.043125051
v 0.26164114 0.0081940796 0.04313882
v 0.26164114 0.0081433083 0.043145225
v 0.26164114 0.008091649 0.043147491
v 0.26174114 0.008091649 0.043147491
v 0.26174114 0.0081433083 0.043145225
v 0.26174114 0.0081940796 0.04313882
v 0.26174114 0.0082432701 0.043125051
v 0.26174114 0.0082914282 0.043106476
v 0.26164114 0.008091649 0.043147491
v 0.26164114 0.008044218 0.043145908
v 0.26164114 0.007997465 0.043140839
v 0.26164114 0.0079519402 0.043129451
v 0.26164114 0.0079072444 0.0431138
v 0.26174114 0.0079072444 0.0431138
v 0.26174114 0.0079519402 0.043129451
v 0.26174114 0.007997465 0.043140839
v 0.26174114 0.008044218 0.043145908
v 0.26174114 0.008091649 0.043147491
v 0.26164114 0.008501439 0.042694122
v 0.26164114 0.0084996627 0.04275119
v 0.26164114 0.0084942053 0.042807632
v 0.26164114 0.0084821116 0.042862948
v 0.26164114 0.0084655847 0.042917511
v 0.26174114 0.0084655847 0.042917511
v 0.26174114 0.0084821116 0.042862948
v 0.26174114 0.0084942053 0.042807632
v 0.26174114 0.0084996627 0.04275119
v 0.26174114 0.008501439 0.042694122
v 0.26164114 0.0083964337 0.043024444
v 0.26164114 0.0083727859 0.043048295
v 0.26164114 0.0083477332 0.043070341
v 0.26164114 0.0083203046 0.043089337
v 0.26164114 0.0082914282 0.043106476
v 0.26174114 0.0082914282 0.043106476
v 0.26174114 0.0083203046 0.043089337
v 0.26174114 0.0083477332 0.043070341
v 0.26174114 0.0083727859 0.043048295
v 0.26174114 0.0083964337 0.043024444
v 0.26164114 0.0084655847 0.042917511
v 0.26164114 0.0084514557 0.042946272
v 0.26164114 0.0084355502 0.042973892
v 0.26164114 0.0084168108 0.042999694
v 0.26164114 0.0083964337 0.043024444
v 0.26174114 0.0083964337 0.043024444
v 0.26174114 0.0084168108 0.042999694
v 0.26174114 0.0084355502 0.042973892
v 0.26174114 0.0084514557 0.042946272
v 0.26174114 0.0084655847 0.042917511
v 0.26164114 0.0080836038 0.042850861
v 0.26164114 0.0081266488 0.042848915
v 0.26164114 0.0081682165 0.04284217
v 0.26164114 0.0082070817 0.042826644
v 0.26164114 0.0082440899 0.042805084
v 0.26174114 0.0082440899 0.042805084
v 0.26174114 0.0082070817 0.042826644
v 0.26174114 0.0081682165 0.04284217
v 0.26174114 0.0081266488 0.042848915
v 0.26174114 0.0080836038 0.042850861
v 0.26164114 0.0078884019 0.042689728
v 0.26164114 0.0078921031 0.042722435
v 0.26164114 0.0079005225 0.042753101
v 0.26164114 0.0079169007 0.042780322
v 0.26164114 0.0079381149 0.04280545
v 0.26174114 0.0079381149 0.04280545
v 0.26174114 0.0079169007 0.042780322
v 0.26174114 0.0079005225 0.042753101
v 0.26174114 0.0078921031 0.042722435
v 0.26174114 0.0078884019 0.042689728
v 0.26164114 0.0082440899 0.042805084
v 0.26164114 0.0082667796 0.042779365
v 0.26164114 0.0082842608 0.042751318
v 0.26164114 0.0082932006 0.042719453
v 0.26164114 0.0082970931 0.042685333
v 0.26174114 0.0082970931 0.042685333
v 0.26174114 0.0082932006 0.042719453
v 0.26174114 0.0082842608 0.042751318
v 0.26174114 0.0082667796 0.042779365
v 0.26174114 0.0082440899 0.042805084
v 0.26164114 0.0082970931 0.042685333
v 0.26164114 0.0082957532 0.04266057
v 0.26164114 0.0082918464 0.042636538
v 0.26164114 0.0082833479 0.042613813
v 0.26164114 0.0082718246 0.042591949
v 0.26174114 0.0082718246 0.042591949
v 0.26174114 0.0082833479 0.042613813
v 0.26174114 0.0082918464 0.042636538
v 0.26174114 0.0082957532 0.04266057
v 0.26174114 0.0082970931 0.042685333
v 0.26164114 0.0079381149 0.04280545
v 0.26164114 0.0079712854 0.042826439
v 0.26164114 0.0080063368 0.042841767
v 0.26164114 0.0080441935 0.042848651
v 0.26164114 0.0080836038 0.042850861
v 0.26174114 0.0080836038 0.042850861
v 0.26174114 0.0080441935 0.042848651
v 0.26174114 0.0080063368 0.042841767
v 0.26174114 0.0079712854 0.042826439
v 0.26174114 0.0079381149 0.04280545
v 0.26164114 0.008234105 0.042263458
v 0.26164114 0.008292328 0.042286716
v 0.26164114 0.0083460687 0.04231626
v 0.26164114 0.0083920954 0.042356623
v 0.26164114 0.0084333237 0.042403717
v 0.26174114 0.0084333237 0.042403717
v 0.26174114 0.0083920954 0.042356623
v 0.26174114 0.0083460687 0.04231626
v 0.26174114 0.008292328 0.042286716
v 0.26174114 0.008234105 0.042263458
v 0.26164114 0.0081967513 0.042543976
v 0.26164114 0.008234105 0.042263458
v 0.26174114 0.008234105 0.042263458
v 0.26174114 0.0081967513 0.042543976
v 0.26164114 0.0082718246 0.042591949
v 0.26164114 0.0082560496 0.04257536
v 0.26164114 0.0082385804 0.042561372
v 0.26164114 0.008218434 0.042551495
v 0.26164114 0.0081967513 0.042543976
v 0.26174114 0.0081967513 0.042543976
v 0.26174114 0.008218434 0.042551495
v 0.26174114 0.0082385804 0.042561372
v 0.26174114 0.0082560496 0.04257536
v 0.26174114 0.0082718246 0.042591949
v 0.26164114 0.0084333237 0.042403717
v 0.26164114 0.0084655093 0.042472481
v 0.26164114 0.0084886296 0.04254354
v 0.26164114 0.0084986173 0.042617924
v 0.26164114 0.008501439 0.042694122
v 0.26174114 0.008501439 0.042694122
v 0.26174114 0.0084986173 0.042617924
v 0.26174114 0.0084886296 0.04254354
v 0.26174114 0.0084655093 0.042472481
v 0.26174114 0.0084333237 0.042403717
f 2099 2100 2108
f 2108 2100 2107
f 2107 2100 2101
f 2107 2101 2106
f 2106 2101 2102
f 2106 2102 2105
f 2105 2102 2103
f 2105 2103 2104
f 2109 2110 2118
f 2118 2110 2117
f 2117 2110 2111
f 2117 2111 2116
f 2116 2111 2112
f 2116 2112 2115
f 2115 2112 2113
f 2115 2113 2114
f 2119 2120 2128
f 2128 2120 2127
f 2127 2120 2121
f 2127 2121 2126
f 2126 2121 2122
f 2126 2122 2125
f 2125 2122 2123
f 2125 2123 2124
f 2130 2201 2129
f 2129 2201 2202
f 2129 2202 2203
f 2201 2130 2200
f 2200 2130 2131
f 2200 2131 2199
f 2199 2131 2132
f 2199 2132 2198
f 2198 2132 2133
f 2198 2133 2197
f 2197 2133 2134
f 2197 2134 2196
f 2196 2134 2135
f 2196 2135 2195
f 2195 2135 2194
f 2194 2135 2136
f 2194 2136 2193
f 2193 2136 2192
f 2192 2136 2137
f 2192 2137 2191
f 2191 2137 2190
f 2190 2137 2189
f 2189 2137 2138
f 2189 2138 2188
f 2188 2138 2187
f 2187 2138 2139
f 2187 2139 2186
f 2186 2139 2185
f 2185 2139 2140
f 2185 2140 2184
f 2184 2140 2183
f 2183 2140 2141
f 2183 2141 2182
f 2182 2141 2142
f 2182 2142 2181
f 2181 2142 2180
f 2180 2142 2143
f 2180 2143 2179
f 2179 2143 2178
f 2178 2143 2144
f 2178 2144 2177
f 2177 2144 2176
f 2176 2144 2175
f 2175 2144 2145
f 2175 2145 2174
f 2174 2145 2173
f 2173 2145 2172
f 2172 2145 2171
f 2171 2145 2146
f 2171 2146 2170
f 2170 2146 2169
f 2169 2146 2147
f 2169 2147 2168
f 2168 2147 2148
f 2168 2148 2167
f 2167 2148 2166
f 2166 2148 2149
f 2166 2149 2150
f 2166 2150 2165
f 2165 2150 2151
f 2165 2151 2164
f 2164 2151 2152
f 2164 2152 2163
f 2163 2152 2153
f 2163 2153 2162
f 2162 2153 2154
f 2162 2154 2161
f 2161 2154 2155
f 2161 2155 2160
f 2160 2155 2156
f 2160 2156 2159
f 2159 2156 2157
f 2159 2157 2158
f 2129 2203 2214
f 2214 2203 2204
f 2214 2204 2205
f 2214 2205 2213
f 2213 2205 2206
f 2213 2206 2207
f 2213 2207 2212
f 2212 2207 2208
f 2212 2208 2211
f 2211 2208 2209
f 2211 2209 2210
f 2215 2216 2224
f 2224 2216 2223
f 2223 2216 2217
f 2223 2217 2222
f 2222 2217 2218
f 2222 2218 2221
f 2221 2218 2219
f 2221 2219 2220
f 2225 2226 2228
f 2228 2226 2227
f 2229 2230 2238
f 2238 2230 2237
f 2237 2230 2231
f 2237 2231 2236
f 2236 2231 2232
f 2236 2232 2235
f 2235 2232 2233
f 2235 2233 2234
f 2239 2240 2248
f 2248 2240 2247
f 2247 2240 2241
f 2247 2241 2246
f 2246 2241 2242
f 2246 2242 2245
f 2245 2242 2243
f 2245 2243 2244
f 2250 2270 2249
f 2249 2270 2271
f 2249 2271 2334
f 2334 2271 2272
f 2334 2272 2333
f 2333 2272 2273
f 2333 2273 2274
f 2270 2250 2269
f 2269 2250 2251
f 2269 2251 2268
f 2268 2251 2252
f 2268 2252 2267
f 2267 2252 2253
f 2267 2253 2266
f 2266 2253 2265
f 2265 2253 2254
f 2265 2254 2264
f 2264 2254 2263
f 2263 2254 2255
f 2263 2255 2262
f 2262 2255 2261
f 2261 2255 2256
f 2261 2256 2260
f 2260 2256 2257
f 2260 2257 2259
f 2259 2257 2258
f 2333 2274 2332
f 2332 2274 2275
f 2332 2275 2276
f 2332 2276 2331
f 2331 2276 2277
f 2331 2277 2278
f 2278 2279 2331
f 2331 2279 2330
f 2330 2279 2280
f 2330 2280 2281
f 2330 2281 2329
f 2329 2281 2282
f 2329 2282 2283
f 2329 2283 2328
f 2328 2283 2284
f 2328 2284 2285
f 2328 2285 2327
f 2327 2285 2286
f 2327 2286 2326
f 2326 2286 2287
f 2326 2287 2288
f 2326 2288 2325
f 2325 2288 2289
f 2325 2289 2290
f 2325 2290 2324
f 2324 2290 2291
f 2324 2291 2292
f 2292 2293 2324
f 2324 2293 2323
f 2323 2293 2294
f 2323 2294 2295
f 2295 2296 2323
f 2323 2296 2297
f 2323 2297 2322
f 2322 2297 2298
f 2322 2298 2299
f 2322 2299 2321
f 2321 2299 2300
f 2321 2300 2320
f 2320 2300 2301
f 2320 2301 2302
f 2303 2318 2302
f 2302 2318 2319
f 2302 2319 2320
f 2318 2303 2317
f 2317 2303 2304
f 2317 2304 2316
f 2316 2304 2305
f 2316 2305 2315
f 2315 2305 2306
f 2315 2306 2314
f 2314 2306 2307
f 2314 2307 2313
f 2313 2307 2308
f 2313 2308 2312
f 2312 2308 2309
f 2312 2309 2311
f 2311 2309 2310
f 2335 2336 2344
f 2344 2336 2343
f 2343 2336 2337
f 2343 2337 2342
f 2342 2337 2338
f 2342 2338 2341
f 2341 2338 2339
f 2341 2339 2340
f 2345 2346 2354
f 2354 2346 2353
f 2353 2346 2347
f 2353 2347 2352
f 2352 2347 2348
f 2352 2348 2351
f 2351 2348 2349
f 2351 2349 2350
f 2355 2356 2364
f 2364 2356 2363
f 2363 2356 2357
f 2363 2357 2362
f 2362 2357 2358
f 2362 2358 2361
f 2361 2358 2359
f 2361 2359 2360
f 2365 2366 2374
f 2374 2366 2373
f 2373 2366 2367
f 2373 2367 2372
f 2372 2367 2368
f 2372 2368 2371
f 2371 2368 2369
f 2371 2369 2370
f 2375 2376 2384
f 2384 2376 2383
f 2383 2376 2377
f 2383 2377 2382
f 2382 2377 2378
f 2382 2378 2381
f 2381 2378 2379
f 2381 2379 2380
f 2385 2386 2394
f 2394 2386 2393
f 2393 2386 2387
f 2393 2387 2392
f 2392 2387 2388
f 2392 2388 2391
f 2391 2388 2389
f 2391 2389 2390
f 2395 2396 2404
f 2404 2396 2403
f 2403 2396 2397
f 2403 2397 2402
f 2402 2397 2398
f 2402 2398 2401
f 2401 2398 2399
f 2401 2399 2400
f 2405 2406 2414
f 2414 2406 2413
f 2413 2406 2407
f 2413 2407 2412
f 2412 2407 2408
f 2412 2408 2411
f 2411 2408 2409
f 2411 2409 2410
f 2415 2416 2424
f 2424 2416 2423
f 2423 2416 2417
f 2423 2417 2422
f 2422 2417 2418
f 2422 2418 2421
f 2421 2418 2419
f 2421 2419 2420
f 2425 2426 2434
f 2434 2426 2433
f 2433 2426 2427
f 2433 2427 2432
f 2432 2427 2428
f 2432 2428 2431
f 2431 2428 2429
f 2431 2429 2430
f 2435 2436 2444
f 2444 2436 2443
f 2443 2436 2437
f 2443 2437 2442
f 2442 2437 2438
f 2442 2438 2441
f 2441 2438 2439
f 2441 2439 2440
f 2445 2446 2454
f 2454 2446 2453
f 2453 2446 2447
f 2453 2447 2452
f 2452 2447 2448
f 2452 2448 2451
f 2451 2448 2449
f 2451 2449 2450
f 2455 2456 2464
f 2464 2456 2463
f 2463 2456 2457
f 2463 2457 2462
f 2462 2457 2458
f 2462 2458 2461
f 2461 2458 2459
f 2461 2459 2460
f 2465 2466 2468
f 2468 2466 2467
f 2469 2470 2478
f 2478 2470 2477
f 2477 2470 2471
f 2477 2471 2476
f 2476 2471 2472
f 2476 2472 2475
f 2475 2472 2473
f 2475 2473 2474
f 2479 2480 2488
f 2488 2480 2487
f 2487 2480 2481
f 2487 2481 2486
f 2486 2481 2482
f 2486 2482 2485
f 2485 2482 2483
f 2485 2483 2484
v 0.26164114 0.0080927475 0.040816192
v 0.26164114 0.008003984 0.040805516
v 0.26164114 0.0079214443 0.040781384
v 0.26164114 0.0078493799 0.040734607
v 0.26164114 0.0077836655 0.040674102
v 0.26174114 0.0077836655 0.040674102
v 0.26174114 0.0078493799 0.040734607
v 0.26174114 0.0079214443 0.040781384
v 0.26174114 0.008003984 0.040805516
v 0.26174114 0.0080927475 0.040816192
v 0.26164114 0.0078898667 0.040369415
v 0.26164114 0.0078938566 0.040399839
v 0.26164114 0.0079024847 0.04042809
v 0.26164114 0.0079187898 0.040452742
v 0.26164114 0.0079396714 0.04047525
v 0.26174114 0.0079396714 0.04047525
v 0.26174114 0.0079187898 0.040452742
v 0.26174114 0.0079024847 0.04042809
v 0.26174114 0.0078938566 0.040399839
v 0.26174114 0.0078898667 0.040369415
v 0.26164114 0.0076884507 0.04037088
v 0.26164114 0.0076941381 0.04045259
v 0.26164114 0.0077093001 0.040531212
v 0.26164114 0.0077411337 0.040604401
v 0.26164114 0.0077836655 0.040674102
v 0.26164114 0.0078493799 0.040734607
v 0.26164114 0.0079214443 0.040781384
v 0.26164114 0.008003984 0.040805516
v 0.26164114 0.0080927475 0.040816192
v 0.26164114 0.0081749101 0.04080748
v 0.26164114 0.008252321 0.040787296
v 0.26164114 0.0083216681 0.040747641
v 0.26164114 0.0083860825 0.040696075
v 0.26164114 0.0084374116 0.040623244
v 0.26164114 0.0084759347 0.040545695
v 0.26164114 0.0084944035 0.04046076
v 0.26164114 0.008501439 0.040371612
v 0.26164114 0.0084938599 0.040272768
v 0.26164114 0.0084726377 0.040179416
v 0.26164114 0.0084271811 0.040095823
v 0.26164114 0.0083659409 0.040018585
v 0.26164114 0.0083050771 0.039977117
v 0.26164114 0.0082406904 0.03994537
v 0.26164114 0.0081705888 0.039929389
v 0.26164114 0.0080971421 0.039922638
v 0.26164114 0.0080148886 0.039931109
v 0.26164114 0.0079373221 0.039950998
v 0.26164114 0.0078677432 0.039990346
v 0.26164114 0.0078030746 0.040041656
v 0.26164114 0.0077515854 0.04011567
v 0.26164114 0.0077131997 0.040194443
v 0.26164114 0.00769509 0.040280578
v 0.26164114 0.0082461898 0.040474884
v 0.26164114 0.0082108609 0.040494969
v 0.26164114 0.0081738274 0.04050939
v 0.26164114 0.0081343268 0.040515613
v 0.26164114 0.00809348 0.040517364
v 0.26164114 0.0080523886 0.040515706
v 0.26164114 0.0080126236 0.04050959
v 0.26164114 0.0079752983 0.040495274
v 0.26164114 0.0079396714 0.04047525
v 0.26164114 0.0079187898 0.040452742
v 0.26164114 0.0079024847 0.04042809
v 0.26164114 0.0078938566 0.040399839
v 0.26164114 0.0078898667 0.040369415
v 0.26164114 0.0078936832 0.040339035
v 0.26164114 0.0079021059 0.040310792
v 0.26164114 0.0079182141 0.040286115
v 0.26164114 0.0079389389 0.04026358
v 0.26164114 0.0079755293 0.040243617
v 0.26164114 0.0080138086 0.040229503
v 0.26164114 0.0080544679 0.04022363
v 0.26164114 0.0080964096 0.040222199
v 0.26164114 0.0081366555 0.040223915
v 0.26164114 0.0081755816 0.040230028
v 0.26164114 0.0082120882 0.040244201
v 0.26164114 0.0082469224 0.040263946
v 0.26164114 0.0082675006 0.040285864
v 0.26164114 0.0082836427 0.040309887
v 0.26164114 0.0082922854 0.040337468
v 0.26164114 0.0082963608 0.040367218
v 0.26164114 0.0082924049 0.04039813
v 0.26164114 0.0082837568 0.040426859
v 0.26164114 0.008267308 0.040451958
v 0.26164114 0.0080964096 0.040222199
v 0.26164114 0.0080544679 0.04022363
v 0.26164114 0.0080138086 0.040229503
v 0.26164114 0.0079755293 0.040243617
v 0.26164114 0.0079389389 0.04026358
v 0.26174114 0.0079389389 0.04026358
v 0.26174114 0.0079755293 0.040243617
v 0.26174114 0.0080138086 0.040229503
v 0.26174114 0.0080544679 0.04022363
v 0.26174114 0.0080964096 0.040222199
v 0.26164114 0.0082461898 0.040474884
v 0.26164114 0.008267308 0.040451958
v 0.26164114 0.0082837568 0.040426859
v 0.26164114 0.0082924049 0.04039813
v 0.26164114 0.0082963608 0.040367218
v 0.26174114 0.0082963608 0.040367218
v 0.26174114 0.0082924049 0.04039813
v 0.26174114 0.0082837568 0.040426859
v 0.26174114 0.008267308 0.040451958
v 0.26174114 0.0082461898 0.040474884
v 0.26164114 0.0079396714 0.04047525
v 0.26164114 0.0079752983 0.040495274
v 0.26164114 0.0080126236 0.04050959
v 0.26164114 0.0080523886 0.040515706
v 0.26164114 0.00809348 0.040517364
v 0.26174114 0.00809348 0.040517364
v 0.26174114 0.0080523886 0.040515706
v 0.26174114 0.0080126236 0.04050959
v 0.26174114 0.0079752983 0.040495274
v 0.26174114 0.0079396714 0.04047525
v 0.26174114 0.0077836655 0.040674102
v 0.26174114 0.0077411337 0.040604401
v 0.26174114 0.0077093001 0.040531212
v 0.26174114 0.0076941381 0.04045259
v 0.26174114 0.0076884507 0.04037088
v 0.26174114 0.00769509 0.040280578
v 0.26174114 0.0077131997 0.040194443
v 0.26174114 0.0077515854 0.04011567
v 0.26174114 0.0078030746 0.040041656
v 0.26174114 0.0078677432 0.039990346
v 0.26174114 0.0079373221 0.039950998
v 0.26174114 0.0080148886 0.039931109
v 0.26174114 0.0080971421 0.039922638
v 0.26174114 0.0081705888 0.039929389
v 0.26174114 0.0082406904 0.03994537
v 0.26174114 0.0083050771 0.039977117
v 0.26174114 0.0083659409 0.040018585
v 0.26174114 0.0084271811 0.040095823
v 0.26174114 0.0084726377 0.040179416
v 0.26174114 0.0084938599 0.040272768
v 0.26174114 0.008501439 0.040371612
v 0.26174114 0.0084944035 0.04046076
v 0.26174114 0.0084759347 0.040545695
v 0.26174114 0.0084374116 0.040623244
v 0.26174114 0.0083860825 0.040696075
v 0.26174114 0.0083216681 0.040747641
v 0.26174114 0.008252321 0.040787296
v 0.26174114 0.0081749101 0.04080748
v 0.26174114 0.0080927475 0.040816192
v 0.26174114 0.008003984 0.040805516
v 0.26174114 0.0079214443 0.040781384
v 0.26174114 0.0078493799 0.040734607
v 0.26174114 0.00809348 0.040517364
v 0.26174114 0.0081343268 0.040515613
v 0.26174114 0.0081738274 0.04050939
v 0.26174114 0.0082108609 0.040494969
v 0.26174114 0.0082461898 0.040474884
v 0.26174114 0.008267308 0.040451958
v 0.26174114 0.0082837568 0.040426859
v 0.26174114 0.0082924049 0.04039813
v 0.26174114 0.0082963608 0.040367218
v 0.26174114 0.0082922854 0.040337468
v 0.26174114 0.0082836427 0.040309887
v 0.26174114 0.0082675006 0.040285864
v 0.26174114 0.0082469224 0.040263946
v 0.26174114 0.0082120882 0.040244201
v 0.26174114 0.0081755816 0.040230028
v 0.26174114 0.0081366555 0.040223915
v 0.26174114 0.0080964096 0.040222199
v 0.26174114 0.0080544679 0.04022363
v 0.26174114 0.0080138086 0.040229503
v 0.26174114 0.0079755293 0.040243617
v 0.26174114 0.0079389389 0.04026358
v 0.26174114 0.0079182141 0.040286115
v 0.26174114 0.0079021059 0.040310792
v 0.26174114 0.0078936832 0.040339035
v 0.26174114 0.0078898667 0.040369415
v 0.26174114 0.0078938566 0.040399839
v 0.26174114 0.0079024847 0.04042809
v 0.26174114 0.0079187898 0.040452742
v 0.26174114 0.0079396714 0.04047525
v 0.26174114 0.0079752983 0.040495274
v 0.26174114 0.0080126236 0.04050959
v 0.26174114 0.0080523886 0.040515706
v 0.26164114 0.00809348 0.040517364
v 0.26164114 0.0081343268 0.040515613
v 0.26164114 0.0081738274 0.04050939
v 0.26164114 0.0082108609 0.040494969
v 0.26164114 0.0082461898 0.040474884
v 0.26174114 0.0082461898 0.040474884
v 0.26174114 0.0082108609 0.040494969
v 0.26174114 0.0081738274 0.04050939
v 0.26174114 0.0081343268 0.040515613
v 0.26174114 0.00809348 0.040517364
v 0.26164114 0.0082469224 0.040263946
v 0.26164114 0.0082120882 0.040244201
v 0.26164114 0.0081755816 0.040230028
v 0.26164114 0.0081366555 0.040223915
v 0.26164114 0.0080964096 0.040222199
v 0.26174114 0.0080964096 0.040222199
v 0.26174114 0.0081366555 0.040223915
v 0.26174114 0.0081755816 0.040230028
v 0.26174114 0.0082120882 0.040244201
v 0.26174114 0.0082469224 0.040263946
v 0.26164114 0.0082963608 0.040367218
v 0.26164114 0.0082922854 0.040337468
v 0.26164114 0.0082836427 0.040309887
v 0.26164114 0.0082675006 0.040285864
v 0.26164114 0.0082469224 0.040263946
v 0.26174114 0.0082469224 0.040263946
v 0.26174114 0.0082675006 0.040285864
v 0.26174114 0.0082836427 0.040309887
v 0.26174114 0.0082922854 0.040337468
v 0.26174114 0.0082963608 0.040367218
v 0.26164114 0.0079389389 0.04026358
v 0.26164114 0.0079182141 0.040286115
v 0.26164114 0.0079021059 0.040310792
v 0.26164114 0.0078936832 0.040339035
v 0.26164114 0.0078898667 0.040369415
v 0.26174114 0.0078898667 0.040369415
v 0.26174114 0.0078936832 0.040339035
v 0.26174114 0.0079021059 0.040310792
v 0.26174114 0.0079182141 0.040286115
v 0.26174114 0.0079389389 0.04026358
v 0.26164114 0.0083860825 0.040696075
v 0.26164114 0.0083216681 0.040747641
v 0.26164114 0.008252321 0.040787296
v 0.26164114 0.0081749101 0.04080748
v 0.26164114 0.0080927475 0.040816192
v 0.26174114 0.0080927475 0.040816192
v 0.26174114 0.0081749101 0.04080748
v 0.26174114 0.008252321 0.040787296
v 0.26174114 0.0083216681 0.040747641
v 0.26174114 0.0083860825 0.040696075
v 0.26164114 0.0080971421 0.039922638
v 0.26164114 0.0081705888 0.039929389
v 0.26164114 0.0082406904 0.03994537
v 0.26164114 0.0083050771 0.039977117
v 0.26164114 0.0083659409 0.040018585
v 0.26174114 0.0083659409 0.040018585
v 0.26174114 0.0083050771 0.039977117
v 0.26174114 0.0082406904 0.03994537
v 0.26174114 0.0081705888 0.039929389
v 0.26174114 0.0080971421 0.039922638
v 0.26164114 0.008501439 0.040371612
v 0.26164114 0.0084944035 0.04046076
v 0.26164114 0.0084759347 0.040545695
v 0.26164114 0.0084374116 0.040623244
v 0.26164114 0.0083860825 0.040696075
v 0.26174114 0.0083860825 0.040696075
v 0.26174114 0.0084374116 0.040623244
v 0.26174114 0.0084759347 0.040545695
v 0.26174114 0.0084944035 0.04046076
v 0.26174114 0.008501439 0.040371612
v 0.26164114 0.0076884507 0.04037088
v 0.26164114 0.00769509 0.040280578
v 0.26164114 0.0077131997 0.040194443
v 0.26164114 0.0077515854 0.04011567
v 0.26164114 0.0078030746 0.040041656
v 0.26174114 0.0078030746 0.040041656
v 0.26174114 0.0077515854 0.04011567
v 0.26174114 0.0077131997 0.040194443
v 0.26174114 0.00769509 0.040280578
v 0.26174114 0.0076884507 0.04037088
v 0.26164114 0.0083659409 0.040018585
v 0.26164114 0.0084271811 0.040095823
v 0.26164114 0.0084726377 0.040179416
v 0.26164114 0.0084938599 0.040272768
v 0.26164114 0.008501439 0.040371612
v 0.26174114 0.008501439 0.040371612
v 0.26174114 0.0084938599 0.040272768
v 0.26174114 0.0084726377 0.040179416
v 0.26174114 0.0084271811 0.040095823
v 0.26174114 0.0083659409 0.040018585
v 0.26164114 0.0078030746 0.040041656
v 0.26164114 0.0078677432 0.039990346
v 0.26164114 0.0079373221 0.039950998
v 0.26164114 0.0080148886 0.039931109
v 0.26164114 0.0080971421 0.039922638
v 0.26174114 0.0080971421 0.039922638
v 0.26174114 0.0080148886 0.039931109
v 0.26174114 0.0079373221 0.039950998
v 0.26174114 0.0078677432 0.039990346
v 0.26174114 0.0078030746 0.040041656
v 0.26164114 0.0077836655 0.040674102
v 0.26164114 0.0077411337 0.040604401
v 0.26164114 0.0077093001 0.040531212
v 0.26164114 0.0076941381 0.04045259
v 0.26164114 0.0076884507 0.04037088
v 0.26174114 0.0076884507 0.04037088
v 0.26174114 0.0076941381 0.04045259
v 0.26174114 0.0077093001 0.040531212
v 0.26174114 0.0077411337 0.040604401
v 0.26174114 0.0077836655 0.040674102
f 2489 2490 2498
f 2498 2490 2497
f 2497 2490 2491
f 2497 2491 2496
f 2496 2491 2492
f 2496 2492 2495
f 2495 2492 2493
f 2495 2493 2494
f 2499 2500 2508
f 2508 2500 2507
f 2507 2500 2501
f 2507 2501 2506
f 2506 2501 2502
f 2506 2502 2505
f 2505 2502 2503
f 2505 2503 2504
f 2510 2552 2509
f 2509 2552 2553
f 2509 2553 2554
f 2552 2510 2551
f 2551 2510 2511
f 2551 2511 2550
f 2550 2511 2512
f 2550 2512 2549
f 2549 2512 2513
f 2549 2513 2514
f 2549 2514 2548
f 2548 2514 2515
f 2548 2515 2547
f 2547 2515 2516
f 2547 2516 2546
f 2546 2516 2517
f 2546 2517 2545
f 2545 2517 2544
f 2544 2517 2518
f 2544 2518 2543
f 2543 2518 2519
f 2543 2519 2520
f 2543 2520 2542
f 2542 2520 2521
f 2542 2521 2541
f 2541 2521 2522
f 2541 2522 2572
f 2572 2522 2523
f 2572 2523 2571
f 2571 2523 2524
f 2571 2524 2570
f 2570 2524 2525
f 2570 2525 2569
f 2569 2525 2568
f 2568 2525 2526
f 2568 2526 2567
f 2567 2526 2527
f 2567 2527 2566
f 2566 2527 2528
f 2566 2528 2565
f 2565 2528 2529
f 2565 2529 2564
f 2564 2529 2530
f 2564 2530 2563
f 2563 2530 2531
f 2563 2531 2532
f 2563 2532 2562
f 2562 2532 2533
f 2562 2533 2561
f 2561 2533 2560
f 2560 2533 2534
f 2560 2534 2559
f 2559 2534 2535
f 2559 2535 2536
f 2559 2536 2558
f 2558 2536 2537
f 2558 2537 2557
f 2557 2537 2538
f 2557 2538 2556
f 2556 2538 2539
f 2556 2539 2555
f 2555 2539 2540
f 2555 2540 2554
f 2554 2540 2509
f 2573 2574 2582
f 2582 2574 2581
f 2581 2574 2575
f 2581 2575 2580
f 2580 2575 2576
f 2580 2576 2579
f 2579 2576 2577
f 2579 2577 2578
f 2583 2584 2592
f 2592 2584 2591
f 2591 2584 2585
f 2591 2585 2590
f 2590 2585 2586
f 2590 2586 2589
f 2589 2586 2587
f 2589 2587 2588
f 2593 2594 2602
f 2602 2594 2601
f 2601 2594 2595
f 2601 2595 2600
f 2600 2595 2596
f 2600 2596 2599
f 2599 2596 2597
f 2599 2597 2598
f 2634 2603 2663
f 2663 2603 2604
f 2663 2604 2662
f 2662 2604 2605
f 2662 2605 2661
f 2661 2605 2606
f 2661 2606 2660
f 2660 2606 2607
f 2660 2607 2659
f 2659 2607 2658
f 2658 2607 2608
f 2658 2608 2657
f 2657 2608 2609
f 2657 2609 2656
f 2656 2609 2610
f 2656 2610 2655
f 2655 2610 2611
f 2655 2611 2654
f 2654 2611 2612
f 2654 2612 2653
f 2653 2612 2613
f 2653 2613 2614
f 2653 2614 2652
f 2652 2614 2615
f 2652 2615 2651
f 2651 2615 2650
f 2650 2615 2616
f 2650 2616 2649
f 2649 2616 2617
f 2649 2617 2618
f 2649 2618 2648
f 2648 2618 2619
f 2648 2619 2647
f 2647 2619 2620
f 2647 2620 2646
f 2646 2620 2621
f 2646 2621 2645
f 2645 2621 2622
f 2645 2622 2644
f 2644 2622 2623
f 2644 2623 2643
f 2643 2623 2642
f 2642 2623 2624
f 2642 2624 2641
f 2641 2624 2625
f 2641 2625 2640
f 2640 2625 2626
f 2640 2626 2639
f 2639 2626 2627
f 2639 2627 2638
f 2638 2627 2628
f 2638 2628 2637
f 2637 2628 2629
f 2637 2629 2630
f 2637 2630 2636
f 2636 2630 2631
f 2636 2631 2635
f 2635 2631 2666
f 2666 2631 2632
f 2666 2632 2665
f 2665 2632 2633
f 2665 2633 2664
f 2664 2633 2634
f 2664 2634 2663
f 2667 2668 2676
f 2676 2668 2675
f 2675 2668 2669
f 2675 2669 2674
f 2674 2669 2670
f 2674 2670 2673
f 2673 2670 2671
f 2673 2671 2672
f 2677 2678 2686
f 2686 2678 2685
f 2685 2678 2679
f 2685 2679 2684
f 2684 2679 2680
f 2684 2680 2683
f 2683 2680 2681
f 2683 2681 2682
f 2687 2688 2696
f 2696 2688 2695
f 2695 2688 2689
f 2695 2689 2694
f 2694 2689 2690
f 2694 2690 2693
f 2693 2690 2691
f 2693 2691 2692
f 2697 2698 2706
f 2706 2698 2705
f 2705 2698 2699
f 2705 2699 2704
f 2704 2699 2700
f 2704 2700 2703
f 2703 2700 2701
f 2703 2701 2702
f 2707 2708 2716
f 2716 2708 2715
f 2715 2708 2709
f 2715 2709 2714
f 2714 2709 2710
f 2714 2710 2713
f 2713 2710 2711
f 2713 2711 2712
f 2717 2718 2726
f 2726 2718 2725
f 2725 2718 2719
f 2725 2719 2724
f 2724 2719 2720
f 2724 2720 2723
f 2723 2720 2721
f 2723 2721 2722
f 2727 2728 2736
f 2736 2728 2735
f 2735 2728 2729
f 2735 2729 2734
f 2734 2729 2730
f 2734 2730 2733
f 2733 2730 2731
f 2733 2731 2732
f 2737 2738 2746
f 2746 2738 2745
f 2745 2738 2739
f 2745 2739 2744
f 2744 2739 2740
f 2744 2740 2743
f 2743 2740 2741
f 2743 2741 2742
f 2747 2748 2756
f 2756 2748 2755
f 2755 2748 2749
f 2755 2749 2754
f 2754 2749 2750
f 2754 2750 2753
f 2753 2750 2751
f 2753 2751 2752
f 2757 2758 2766
f 2766 2758 2765
f 2765 2758 2759
f 2765 2759 2764
f 2764 2759 2760
f 2764 2760 2763
f 2763 2760 2761
f 2763 2761 2762
f 2767 2768 2776
f 2776 2768 2775
f 2775 2768 2769
f 2775 2769 2774
f 2774 2769 2770
f 2774 2770 2773
f 2773 2770 2771
f 2773 2771 2772
v 0.26164114 0.0079887436 0.036991486
v 0.26164114 0.0080050431 0.036964695
v 0.26164114 0.0080184369 0.036936611
v 0.26164114 0.0080283021 0.036906958
v 0.26164114 0.0080363511 0.036876496
v 0.26174114 0.0080363511 0.036876496
v 0.26174114 0.0080283021 0.036906958
v 0.26174114 0.0080184369 0.036936611
v 0.26174114 0.0080050431 0.036964695
v 0.26174114 0.0079887436 0.036991486
v 0.26174114 0.0083007552 0.036960724
v 0.26174114 0.0083120085 0.036934515
v 0.26174114 0.0083199941 0.036907545
v 0.26174114 0.0083233456 0.036879494
v 0.26174114 0.0083241929 0.036850861
v 0.26174114 0.0083235799 0.0368294
v 0.26174114 0.0083205621 0.03680868
v 0.26174114 0.0083130352 0.036789347
v 0.26174114 0.0083022203 0.036771027
v 0.26174114 0.0082847671 0.036759948
v 0.26174114 0.0082662262 0.036752184
v 0.26174114 0.0082461755 0.036749021
v 0.26174114 0.008225316 0.036748322
v 0.26174114 0.0082154481 0.036774358
v 0.26174114 0.0082061051 0.036800569
v 0.26174114 0.0081976669 0.036827085
v 0.26174114 0.0081897934 0.03685379
v 0.26174114 0.0081769545 0.036907946
v 0.26174114 0.0081648068 0.036962254
v 0.26174114 0.0081534718 0.037016741
v 0.26174114 0.0081425522 0.03707132
v 0.26174114 0.0081308089 0.037123778
v 0.26174114 0.0081143855 0.037174026
v 0.26174114 0.008089187 0.03722013
v 0.26174114 0.0080575912 0.037263214
v 0.26174114 0.0080247049 0.037285944
v 0.26174114 0.0079898255 0.037303214
v 0.26174114 0.007951756 0.037311745
v 0.26174114 0.0079118393 0.037315216
v 0.26174114 0.0078665648 0.037309435
v 0.26174114 0.0078243275 0.037296937
v 0.26174114 0.0077871175 0.037273318
v 0.26174114 0.0077529039 0.037243073
v 0.26174114 0.0077230351 0.037194721
v 0.26174114 0.0077012645 0.037143735
v 0.26174114 0.007691531 0.037088834
v 0.26174114 0.0076884507 0.037031769
v 0.26174114 0.0076904617 0.036984718
v 0.26174114 0.0076956527 0.036938241
v 0.26174114 0.0077064003 0.036892768
v 0.26174114 0.0077206771 0.036847931
v 0.26174114 0.0077370338 0.036816233
v 0.26174114 0.0077555619 0.036786018
v 0.26174114 0.0077774514 0.036758097
v 0.26174114 0.0078012435 0.036731476
v 0.26174114 0.0077887555 0.036729513
v 0.26174114 0.00777633 0.036727256
v 0.26174114 0.0077640234 0.036724445
v 0.26174114 0.007751805 0.036721222
v 0.26174114 0.0077400149 0.036716464
v 0.26174114 0.0077284415 0.036711246
v 0.26174114 0.0077171584 0.036705411
v 0.26174114 0.0077060287 0.036699249
v 0.26174114 0.0077060287 0.036419464
v 0.26174114 0.0077253498 0.036428521
v 0.26174114 0.0077449448 0.036436846
v 0.26174114 0.0077650441 0.036443824
v 0.26174114 0.0077854966 0.03644986
v 0.26174114 0.0078068711 0.036453196
v 0.26174114 0.0078283306 0.036455566
v 0.26174114 0.0078499107 0.036456563
v 0.26174114 0.0078715561 0.036456818
v 0.26174114 0.0082150619 0.036456818
v 0.26174114 0.0082445578 0.036458794
v 0.26174114 0.0082736848 0.036462748
v 0.26174114 0.0083022221 0.036469857
v 0.26174114 0.0083304183 0.03647879
v 0.26174114 0.0083564024 0.036489776
v 0.26174114 0.0083810093 0.036502865
v 0.26174114 0.0084031876 0.036519663
v 0.26174114 0.0084238021 0.036538849
v 0.26174114 0.0084459029 0.036569706
v 0.26174114 0.0084643923 0.036602254
v 0.26174114 0.008477089 0.036637514
v 0.26174114 0.0084864242 0.036674347
v 0.26174114 0.0084935205 0.036727929
v 0.26174114 0.0084986173 0.036781662
v 0.26174114 0.0085008179 0.036835611
v 0.26174114 0.008501439 0.036889679
v 0.26174114 0.0085005938 0.036928683
v 0.26174114 0.0084985413 0.036967588
v 0.26174114 0.008494411 0.037006323
v 0.26174114 0.0084889878 0.037044953
v 0.26174114 0.008483239 0.037074129
v 0.26174114 0.0084759487 0.037102809
v 0.26174114 0.0084658493 0.037130585
v 0.26174114 0.0084538315 0.037157746
v 0.26174114 0.0084385862 0.0371825
v 0.26174114 0.0084215887 0.037205747
v 0.26174114 0.0084015192 0.037226352
v 0.26174114 0.0083794905 0.03724527
v 0.26174114 0.0083517771 0.037261016
v 0.26174114 0.0083230804 0.037274344
v 0.26174114 0.0082929154 0.037284061
v 0.26174114 0.0082619371 0.037291779
v 0.26174114 0.0082319076 0.037006867
v 0.26174114 0.0082517345 0.036999068
v 0.26174114 0.0082702442 0.036989387
v 0.26174114 0.0082863365 0.036976251
v 0.26174114 0.0080751695 0.036748322
v 0.26174114 0.0080275621 0.036748322
v 0.26174114 0.0080041979 0.036749227
v 0.26174114 0.0079812189 0.036751969
v 0.26174114 0.0079589327 0.036758017
v 0.26174114 0.0079371078 0.036766266
v 0.26174114 0.0079192542 0.036778389
v 0.26174114 0.0079031788 0.036792268
v 0.26174114 0.0078898753 0.036808885
v 0.26174114 0.0078781478 0.036827057
v 0.26174114 0.0078679206 0.036849126
v 0.26174114 0.0078599812 0.036871793
v 0.26174114 0.0078558429 0.036895454
v 0.26174114 0.0078539778 0.036919708
v 0.26174114 0.0078550486 0.036939235
v 0.26174114 0.0078584243 0.036958
v 0.26174114 0.0078659691 0.036975389
v 0.26174114 0.0078763168 0.036991852
v 0.26174114 0.0078888039 0.037002363
v 0.26174114 0.0079023327 0.037010457
v 0.26174114 0.0079175682 0.037014592
v 0.26174114 0.007933812 0.037016388
v 0.26174114 0.0079493372 0.037014193
v 0.26174114 0.0079638599 0.037009743
v 0.26174114 0.0079767703 0.037001668
v 0.26174114 0.0079887436 0.036991486
v 0.26174114 0.0080050431 0.036964695
v 0.26174114 0.0080184369 0.036936611
v 0.26174114 0.0080283021 0.036906958
v 0.26174114 0.0080363511 0.036876496
v 0.26174114 0.0080450077 0.036844135
v 0.26174114 0.0080542307 0.036811945
v 0.26174114 0.0080644097 0.036780045
v 0.26164114 0.0082319076 0.037006867
v 0.26164114 0.0082517345 0.036999068
v 0.26164114 0.0082702442 0.036989387
v 0.26164114 0.0082863365 0.036976251
v 0.26164114 0.0083007552 0.036960724
v 0.26174114 0.0083007552 0.036960724
v 0.26174114 0.0082863365 0.036976251
v 0.26174114 0.0082702442 0.036989387
v 0.26174114 0.0082517345 0.036999068
v 0.26174114 0.0082319076 0.037006867
v 0.26164114 0.0080751695 0.036748322
v 0.26164114 0.0080275621 0.036748322
v 0.26174114 0.0080275621 0.036748322
v 0.26174114 0.0080751695 0.036748322
v 0.26164114 0.0080363511 0.036876496
v 0.26164114 0.0080450077 0.036844135
v 0.26164114 0.0080542307 0.036811945
v 0.26164114 0.0080644097 0.036780045
v 0.26164114 0.0080751695 0.036748322
v 0.26174114 0.0080751695 0.036748322
v 0.26174114 0.0080644097 0.036780045
v 0.26174114 0.0080542307 0.036811945
v 0.26174114 0.0080450077 0.036844135
v 0.26174114 0.0080363511 0.036876496
v 0.26164114 0.0078763168 0.036991852
v 0.26164114 0.0078888039 0.037002363
v 0.26164114 0.0079023327 0.037010457
v 0.26164114 0.0079175682 0.037014592
v 0.26164114 0.007933812 0.037016388
v 0.26174114 0.007933812 0.037016388
v 0.26174114 0.0079175682 0.037014592
v 0.26174114 0.0079023327 0.037010457
v 0.26174114 0.0078888039 0.037002363
v 0.26174114 0.0078763168 0.036991852
v 0.26164114 0.0080275621 0.036748322
v 0.26164114 0.0080041979 0.036749227
v 0.26164114 0.0079812189 0.036751969
v 0.26164114 0.0079589327 0.036758017
v 0.26164114 0.0079371078 0.036766266
v 0.26174114 0.0079371078 0.036766266
v 0.26174114 0.0079589327 0.036758017
v 0.26174114 0.0079812189 0.036751969
v 0.26174114 0.0080041979 0.036749227
v 0.26174114 0.0080275621 0.036748322
v 0.26164114 0.007933812 0.037016388
v 0.26164114 0.0079493372 0.037014193
v 0.26164114 0.0079638599 0.037009743
v 0.26164114 0.0079767703 0.037001668
v 0.26164114 0.0079887436 0.036991486
v 0.26174114 0.0079887436 0.036991486
v 0.26174114 0.0079767703 0.037001668
v 0.26174114 0.0079638599 0.037009743
v 0.26174114 0.0079493372 0.037014193
v 0.26174114 0.007933812 0.037016388
v 0.26164114 0.0079371078 0.036766266
v 0.26164114 0.0079192542 0.036778389
v 0.26164114 0.0079031788 0.036792268
v 0.26164114 0.0078898753 0.036808885
v 0.26164114 0.0078781478 0.036827057
v 0.26174114 0.0078781478 0.036827057
v 0.26174114 0.0078898753 0.036808885
v 0.26174114 0.0079031788 0.036792268
v 0.26174114 0.0079192542 0.036778389
v 0.26174114 0.0079371078 0.036766266
v 0.26164114 0.0078781478 0.036827057
v 0.26164114 0.0078679206 0.036849126
v 0.26164114 0.0078599812 0.036871793
v 0.26164114 0.0078558429 0.036895454
v 0.26164114 0.0078539778 0.036919708
v 0.26174114 0.0078539778 0.036919708
v 0.26174114 0.0078558429 0.036895454
v 0.26174114 0.0078599812 0.036871793
v 0.26174114 0.0078679206 0.036849126
v 0.26174114 0.0078781478 0.036827057
v 0.26164114 0.0083241929 0.036850861
v 0.26164114 0.0083233456 0.036879494
v 0.26164114 0.0083199941 0.036907545
v 0.26164114 0.0083120085 0.036934515
v 0.26164114 0.0083007552 0.036960724
v 0.26164114 0.0082863365 0.036976251
v 0.26164114 0.0082702442 0.036989387
v 0.26164114 0.0082517345 0.036999068
v 0.26164114 0.0082319076 0.037006867
v 0.26164114 0.0082619371 0.037291779
v 0.26164114 0.0082929154 0.037284061
v 0.26164114 0.0083230804 0.037274344
v 0.26164114 0.0083517771 0.037261016
v 0.26164114 0.0083794905 0.03724527
v 0.26164114 0.0084015192 0.037226352
v 0.26164114 0.0084215887 0.037205747
v 0.26164114 0.0084385862 0.0371825
v 0.26164114 0.0084538315 0.037157746
v 0.26164114 0.0084658493 0.037130585
v 0.26164114 0.0084759487 0.037102809
v 0.26164114 0.008483239 0.037074129
v 0.26164114 0.0084889878 0.037044953
v 0.26164114 0.008494411 0.037006323
v 0.26164114 0.0084985413 0.036967588
v 0.26164114 0.0085005938 0.036928683
v 0.26164114 0.008501439 0.036889679
v 0.26164114 0.0085008179 0.036835611
v 0.26164114 0.0084986173 0.036781662
v 0.26164114 0.0084935205 0.036727929
v 0.26164114 0.0084864242 0.036674347
v 0.26164114 0.008477089 0.036637514
v 0.26164114 0.0084643923 0.036602254
v 0.26164114 0.0084459029 0.036569706
v 0.26164114 0.0084238021 0.036538849
v 0.26164114 0.0084031876 0.036519663
v 0.26164114 0.0083810093 0.036502865
v 0.26164114 0.0083564024 0.036489776
v 0.26164114 0.0083304183 0.03647879
v 0.26164114 0.0083022221 0.036469857
v 0.26164114 0.0082736848 0.036462748
v 0.26164114 0.0082445578 0.036458794
v 0.26164114 0.0082150619 0.036456818
v 0.26164114 0.0078715561 0.036456818
v 0.26164114 0.0078499107 0.036456563
v 0.26164114 0.0078283306 0.036455566
v 0.26164114 0.0078068711 0.036453196
v 0.26164114 0.0077854966 0.03644986
v 0.26164114 0.0077650441 0.036443824
v 0.26164114 0.0077449448 0.036436846
v 0.26164114 0.0077253498 0.036428521
v 0.26164114 0.0077060287 0.036419464
v 0.26164114 0.0077060287 0.036699249
v 0.26164114 0.0077171584 0.036705411
v 0.26164114 0.0077284415 0.036711246
v 0.26164114 0.0077400149 0.036716464
v 0.26164114 0.007751805 0.036721222
v 0.26164114 0.0077640234 0.036724445
v 0.26164114 0.00777633 0.036727256
v 0.26164114 0.0077887555 0.036729513
v 0.26164114 0.0078012435 0.036731476
v 0.26164114 0.0077774514 0.036758097
v 0.26164114 0.0077555619 0.036786018
v 0.26164114 0.0077370338 0.036816233
v 0.26164114 0.0077206771 0.036847931
v 0.26164114 0.0077064003 0.036892768
v 0.26164114 0.0076956527 0.036938241
v 0.26164114 0.0076904617 0.036984718
v 0.26164114 0.0076884507 0.037031769
v 0.26164114 0.007691531 0.037088834
v 0.26164114 0.0077012645 0.037143735
v 0.26164114 0.0077230351 0.037194721
v 0.26164114 0.0077529039 0.037243073
v 0.26164114 0.0077871175 0.037273318
v 0.26164114 0.0078243275 0.037296937
v 0.26164114 0.0078665648 0.037309435
v 0.26164114 0.0079118393 0.037315216
v 0.26164114 0.007951756 0.037311745
v 0.26164114 0.0079898255 0.037303214
v 0.26164114 0.0080247049 0.037285944
v 0.26164114 0.0080575912 0.037263214
v 0.26164114 0.008089187 0.03722013
v 0.26164114 0.0081143855 0.037174026
v 0.26164114 0.0081308089 0.037123778
v 0.26164114 0.0081425522 0.03707132
v 0.26164114 0.0081534718 0.037016741
v 0.26164114 0.0081648068 0.036962254
v 0.26164114 0.0081769545 0.036907946
v 0.26164114 0.0081897934 0.03685379
v 0.26164114 0.0081976669 0.036827085
v 0.26164114 0.0082061051 0.036800569
v 0.26164114 0.0082154481 0.036774358
v 0.26164114 0.008225316 0.036748322
v 0.26164114 0.0082461755 0.036749021
v 0.26164114 0.0082662262 0.036752184
v 0.26164114 0.0082847671 0.036759948
v 0.26164114 0.0083022203 0.036771027
v 0.26164114 0.0083130352 0.036789347
v 0.26164114 0.0083205621 0.03680868
v 0.26164114 0.0083235799 0.0368294
v 0.26164114 0.0080275621 0.036748322
v 0.26164114 0.0080751695 0.036748322
v 0.26164114 0.0080644097 0.036780045
v 0.26164114 0.0080542307 0.036811945
v 0.26164114 0.0080450077 0.036844135
v 0.26164114 0.0080363511 0.036876496
v 0.26164114 0.0080283021 0.036906958
v 0.26164114 0.0080184369 0.036936611
v 0.26164114 0.0080050431 0.036964695
v 0.26164114 0.0079887436 0.036991486
v 0.26164114 0.0079767703 0.037001668
v 0.26164114 0.0079638599 0.037009743
v 0.26164114 0.0079493372 0.037014193
v 0.26164114 0.007933812 0.037016388
v 0.26164114 0.0079175682 0.037014592
v 0.26164114 0.0079023327 0.037010457
v 0.26164114 0.0078888039 0.037002363
v 0.26164114 0.0078763168 0.036991852
v 0.26164114 0.0078659691 0.036975389
v 0.26164114 0.0078584243 0.036958
v 0.26164114 0.0078550486 0.036939235
v 0.26164114 0.0078539778 0.036919708
v 0.26164114 0.0078558429 0.036895454
v 0.26164114 0.0078599812 0.036871793
v 0.26164114 0.0078679206 0.036849126
v 0.26164114 0.0078781478 0.036827057
v 0.26164114 0.0078898753 0.036808885
v 0.26164114 0.0079031788 0.036792268
v 0.26164114 0.0079192542 0.036778389
v 0.26164114 0.0079371078 0.036766266
v 0.26164114 0.0079589327 0.036758017
v 0.26164114 0.0079812189 0.036751969
v 0.26164114 0.0080041979 0.036749227
v 0.26164114 0.0078539778 0.036919708
v 0.26164114 0.0078550486 0.036939235
v 0.26164114 0.0078584243 0.036958
v 0.26164114 0.0078659691 0.036975389
v 0.26164114 0.0078763168 0.036991852
v 0.26174114 0.0078763168 0.036991852
v 0.26174114 0.0078659691 0.036975389
v 0.26174114 0.0078584243 0.036958
v 0.26174114 0.0078550486 0.036939235
v 0.26174114 0.0078539778 0.036919708
v 0.26164114 0.0083007552 0.036960724
v 0.26164114 0.0083120085 0.036934515
v 0.26164114 0.0083199941 0.036907545
v 0.26164114 0.0083233456 0.036879494
v 0.26164114 0.0083241929 0.036850861
v 0.26174114 0.0083241929 0.036850861
v 0.26174114 0.0083233456 0.036879494
v 0.26174114 0.0083199941 0.036907545
v 0.26174114 0.0083120085 0.036934515
v 0.26174114 0.0083007552 0.036960724
v 0.26164114 0.0083022203 0.036771027
v 0.26164114 0.0082847671 0.036759948
v 0.26164114 0.0082662262 0.036752184
v 0.26164114 0.0082461755 0.036749021
v 0.26164114 0.008225316 0.036748322
v 0.26174114 0.008225316 0.036748322
v 0.26174114 0.0082461755 0.036749021
v 0.26174114 0.0082662262 0.036752184
v 0.26174114 0.0082847671 0.036759948
v 0.26174114 0.0083022203 0.036771027
v 0.26164114 0.0084889878 0.037044953
v 0.26164114 0.008483239 0.037074129
v 0.26164114 0.0084759487 0.037102809
v 0.26164114 0.0084658493 0.037130585
v 0.26164114 0.0084538315 0.037157746
v 0.26174114 0.0084538315 0.037157746
v 0.26174114 0.0084658493 0.037130585
v 0.26174114 0.0084759487 0.037102809
v 0.26174114 0.008483239 0.037074129
v 0.26174114 0.0084889878 0.037044953
v 0.26164114 0.0083241929 0.036850861
v 0.26164114 0.0083235799 0.0368294
v 0.26164114 0.0083205621 0.03680868
v 0.26164114 0.0083130352 0.036789347
v 0.26164114 0.0083022203 0.036771027
v 0.26174114 0.0083022203 0.036771027
v 0.26174114 0.0083130352 0.036789347
v 0.26174114 0.0083205621 0.03680868
v 0.26174114 0.0083235799 0.0368294
v 0.26174114 0.0083241929 0.036850861
v 0.26164114 0.0082619371 0.037291779
v 0.26164114 0.0082319076 0.037006867
v 0.26174114 0.0082319076 0.037006867
v 0.26174114 0.0082619371 0.037291779
v 0.26164114 0.0084538315 0.037157746
v 0.26164114 0.0084385862 0.0371825
v 0.26164114 0.0084215887 0.037205747
v 0.26164114 0.0084015192 0.037226352
v 0.26164114 0.0083794905 0.03724527
v 0.26174114 0.0083794905 0.03724527
v 0.26174114 0.0084015192 0.037226352
v 0.26174114 0.0084215887 0.037205747
v 0.26174114 0.0084385862 0.0371825
v 0.26174114 0.0084538315 0.037157746
v 0.26164114 0.0083794905 0.03724527
v 0.26164114 0.0083517771 0.037261016
v 0.26164114 0.0083230804 0.037274344
v 0.26164114 0.0082929154 0.037284061
v 0.26164114 0.0082619371 0.037291779
v 0.26174114 0.0082619371 0.037291779
v 0.26174114 0.0082929154 0.037284061
v 0.26174114 0.0083230804 0.037274344
v 0.26174114 0.0083517771 0.037261016
v 0.26174114 0.0083794905 0.03724527
v 0.26164114 0.008501439 0.036889679
v 0.26164114 0.0085005938 0.036928683
v 0.26164114 0.0084985413 0.036967588
v 0.26164114 0.008494411 0.037006323
v 0.26164114 0.0084889878 0.037044953
v 0.26174114 0.0084889878 0.037044953
v 0.26174114 0.008494411 0.037006323
v 0.26174114 0.0084985413 0.036967588
v 0.26174114 0.0085005938 0.036928683
v 0.26174114 0.008501439 0.036889679
v 0.26164114 0.0077060287 0.036699249
v 0.26164114 0.0077060287 0.036419464
v 0.26174114 0.0077060287 0.036419464
v 0.26174114 0.0077060287 0.036699249
v 0.26164114 0.0076884507 0.037031769
v 0.26164114 0.0076904617 0.036984718
v 0.26164114 0.0076956527 0.036938241
v 0.26164114 0.0077064003 0.036892768
v 0.26164114 0.0077206771 0.036847931
v 0.26174114 0.0077206771 0.036847931
v 0.26174114 0.0077064003 0.036892768
v 0.26174114 0.0076956527 0.036938241
v 0.26174114 0.0076904617 0.036984718
v 0.26174114 0.0076884507 0.037031769
v 0.26164114 0.0083304183 0.03647879
v 0.26164114 0.0083564024 0.036489776
v 0.26164114 0.0083810093 0.036502865
v 0.26164114 0.0084031876 0.036519663
v 0.26164114 0.0084238021 0.036538849
v 0.26174114 0.0084238021 0.036538849
v 0.26174114 0.0084031876 0.036519663
v 0.26174114 0.0083810093 0.036502865
v 0.26174114 0.0083564024 0.036489776
v 0.26174114 0.0083304183 0.03647879
v 0.26164114 0.0077854966 0.03644986
v 0.26164114 0.0078068711 0.036453196
v 0.26164114 0.0078283306 0.036455566
v 0.26164114 0.0078499107 0.036456563
v 0.26164114 0.0078715561 0.036456818
v 0.26174114 0.0078715561 0.036456818
v 0.26174114 0.0078499107 0.036456563
v 0.26174114 0.0078283306 0.036455566
v 0.26174114 0.0078068711 0.036453196
v 0.26174114 0.0077854966 0.03644986
v 0.26164114 0.007751805 0.036721222
v 0.26164114 0.0077400149 0.036716464
v 0.26164114 0.0077284415 0.036711246
v 0.26164114 0.0077171584 0.036705411
v 0.26164114 0.0077060287 0.036699249
v 0.26174114 0.0077060287 0.036699249
v 0.26174114 0.0077171584 0.036705411
v 0.26174114 0.0077284415 0.036711246
v 0.26174114 0.0077400149 0.036716464
v 0.26174114 0.007751805 0.036721222
v 0.26164114 0.0077060287 0.036419464
v 0.26164114 0.0077253498 0.036428521
v 0.26164114 0.0077449448 0.036436846
v 0.26164114 0.0077650441 0.036443824
v 0.26164114 0.0077854966 0.03644986
v 0.26174114 0.0077854966 0.03644986
v 0.26174114 0.0077650441 0.036443824
v 0.26174114 0.0077449448 0.036436846
v 0.26174114 0.0077253498 0.036428521
v 0.26174114 0.0077060287 0.036419464
v 0.26164114 0.0084238021 0.036538849
v 0.26164114 0.0084459029 0.036569706
v 0.26164114 0.0084643923 0.036602254
v 0.26164114 0.008477089 0.036637514
v 0.26164114 0.0084864242 0.036674347
v 0.26174114 0.0084864242 0.036674347
v 0.26174114 0.008477089 0.036637514
v 0.26174114 0.0084643923 0.036602254
v 0.26174114 0.0084459029 0.036569706
v 0.26174114 0.0084238021 0.036538849
v 0.26164114 0.008225316 0.036748322
v 0.26164114 0.0082154481 0.036774358
v 0.26164114 0.0082061051 0.036800569
v 0.26164114 0.0081976669 0.036827085
v 0.26164114 0.0081897934 0.03685379
v 0.26174114 0.0081897934 0.03685379
v 0.26174114 0.0081976669 0.036827085
v 0.26174114 0.0082061051 0.036800569
v 0.26174114 0.0082154481 0.036774358
v 0.26174114 0.008225316 0.036748322
v 0.26164114 0.0077529039 0.037243073
v 0.26164114 0.0077230351 0.037194721
v 0.26164114 0.0077012645 0.037143735
v 0.26164114 0.007691531 0.037088834
v 0.26164114 0.0076884507 0.037031769
v 0.26174114 0.0076884507 0.037031769
v 0.26174114 0.007691531 0.037088834
v 0.26174114 0.0077012645 0.037143735
v 0.26174114 0.0077230351 0.037194721
v 0.26174114 0.0077529039 0.037243073
v 0.26164114 0.0079118393 0.037315216
v 0.26164114 0.0078665648 0.037309435
v 0.26164114 0.0078243275 0.037296937
v 0.26164114 0.0077871175 0.037273318
v 0.26164114 0.0077529039 0.037243073
v 0.26174114 0.0077529039 0.037243073
v 0.26174114 0.0077871175 0.037273318
v 0.26174114 0.0078243275 0.037296937
v 0.26174114 0.0078665648 0.037309435
v 0.26174114 0.0079118393 0.037315216
v 0.26164114 0.0080575912 0.037263214
v 0.26164114 0.0080247049 0.037285944
v 0.26164114 0.0079898255 0.037303214
v 0.26164114 0.007951756 0.037311745
v 0.26164114 0.0079118393 0.037315216
v 0.26174114 0.0079118393 0.037315216
v 0.26174114 0.007951756 0.037311745
v 0.26174114 0.0079898255 0.037303214
v 0.26174114 0.0080247049 0.037285944
v 0.26174114 0.0080575912 0.037263214
v 0.26164114 0.0078715561 0.036456818
v 0.26164114 0.0082150619 0.036456818
v 0.26174114 0.0082150619 0.036456818
v 0.26174114 0.0078715561 0.036456818
v 0.26164114 0.0081425522 0.03707132
v 0.26164114 0.0081308089 0.037123778
v 0.26164114 0.0081143855 0.037174026
v 0.26164114 0.008089187 0.03722013
v 0.26164114 0.0080575912 0.037263214
v 0.26174114 0.0080575912 0.037263214
v 0.26174114 0.008089187 0.03722013
v 0.26174114 0.0081143855 0.037174026
v 0.26174114 0.0081308089 0.037123778
v 0.26174114 0.0081425522 0.03707132
v 0.26164114 0.0078012435 0.036731476
v 0.26164114 0.0077887555 0.036729513
v 0.26164114 0.00777633 0.036727256
v 0.26164114 0.0077640234 0.036724445
v 0.26164114 0.007751805 0.036721222
v 0.26174114 0.007751805 0.036721222
v 0.26174114 0.0077640234 0.036724445
v 0.26174114 0.00777633 0.036727256
v 0.26174114 0.0077887555 0.036729513
v 0.26174114 0.0078012435 0.036731476
v 0.26164114 0.0077206771 0.036847931
v 0.26164114 0.0077370338 0.036816233
v 0.26164114 0.0077555619 0.036786018
v 0.26164114 0.0077774514 0.036758097
v 0.26164114 0.0078012435 0.036731476
v 0.26174114 0.0078012435 0.036731476
v 0.26174114 0.0077774514 0.036758097
v 0.26174114 0.0077555619 0.036786018
v 0.26174114 0.0077370338 0.036816233
v 0.26174114 0.0077206771 0.036847931
v 0.26164114 0.0082150619 0.036456818
v 0.26164114 0.0082445578 0.036458794
v 0.26164114 0.0082736848 0.036462748
v 0.26164114 0.0083022221 0.036469857
v 0.26164114 0.0083304183 0.03647879
v 0.26174114 0.0083304183 0.03647879
v 0.26174114 0.0083022221 0.036469857
v 0.26174114 0.0082736848 0.036462748
v 0.26174114 0.0082445578 0.036458794
v 0.26174114 0.0082150619 0.036456818
v 0.26164114 0.0081897934 0.03685379
v 0.26164114 0.0081769545 0.036907946
v 0.26164114 0.0081648068 0.036962254
v 0.26164114 0.0081534718 0.037016741
v 0.26164114 0.0081425522 0.03707132
v 0.26174114 0.0081425522 0.03707132
v 0.26174114 0.0081534718 0.037016741
v 0.26174114 0.0081648068 0.036962254
v 0.26174114 0.0081769545 0.036907946
v 0.26174114 0.0081897934 0.03685379
v 0.26164114 0.0084864242 0.036674347
v 0.26164114 0.0084935205 0.036727929
v 0.26164114 0.0084986173 0.036781662
v 0.26164114 0.0085008179 0.036835611
v 0.26164114 0.008501439 0.036889679
v 0.26174114 0.008501439 0.036889679
v 0.26174114 0.0085008179 0.036835611
v 0.26174114 0.0084986173 0.036781662
v 0.26174114 0.0084935205 0.036727929
v 0.26174114 0.0084864242 0.036674347
f 2777 2778 2786
f 2786 2778 2785
f 2785 2778 2779
f 2785 2779 2784
f 2784 2779 2780
f 2784 2780 2783
f 2783 2780 2781
f 2783 2781 2782
f 2788 2868 2787
f 2787 2868 2869
f 2787 2869 2870
f 2868 2788 2867
f 2867 2788 2789
f 2867 2789 2866
f 2866 2789 2865
f 2865 2789 2790
f 2865 2790 2791
f 2865 2791 2864
f 2864 2791 2792
f 2864 2792 2863
f 2863 2792 2793
f 2863 2793 2862
f 2862 2793 2861
f 2861 2793 2860
f 2860 2793 2859
f 2859 2793 2858
f 2858 2793 2857
f 2857 2793 2856
f 2856 2793 2794
f 2856 2794 2855
f 2855 2794 2795
f 2855 2795 2796
f 2796 2797 2855
f 2855 2797 2854
f 2854 2797 2853
f 2853 2797 2852
f 2852 2797 2798
f 2852 2798 2851
f 2851 2798 2850
f 2850 2798 2799
f 2850 2799 2849
f 2849 2799 2886
f 2849 2886 2887
f 2799 2800 2886
f 2886 2800 2801
f 2886 2801 2802
f 2886 2802 2918
f 2918 2802 2803
f 2918 2803 2917
f 2917 2803 2916
f 2916 2803 2804
f 2916 2804 2915
f 2915 2804 2914
f 2914 2804 2805
f 2914 2805 2913
f 2913 2805 2806
f 2913 2806 2912
f 2912 2806 2807
f 2912 2807 2911
f 2911 2807 2808
f 2911 2808 2910
f 2910 2808 2909
f 2909 2808 2809
f 2909 2809 2810
f 2909 2810 2908
f 2908 2810 2811
f 2908 2811 2812
f 2908 2812 2907
f 2907 2812 2813
f 2907 2813 2814
f 2814 2815 2907
f 2907 2815 2906
f 2906 2815 2816
f 2906 2816 2817
f 2906 2817 2905
f 2905 2817 2818
f 2905 2818 2819
f 2819 2820 2905
f 2905 2820 2904
f 2904 2820 2821
f 2904 2821 2903
f 2903 2821 2822
f 2903 2822 2823
f 2903 2823 2902
f 2902 2823 2824
f 2902 2824 2901
f 2901 2824 2825
f 2901 2825 2900
f 2900 2825 2826
f 2900 2826 2899
f 2899 2826 2827
f 2899 2827 2828
f 2828 2829 2899
f 2899 2829 2830
f 2899 2830 2831
f 2832 2846 2831
f 2831 2846 2847
f 2831 2847 2899
f 2899 2847 2898
f 2898 2847 2897
f 2897 2847 2896
f 2896 2847 2895
f 2895 2847 2894
f 2894 2847 2893
f 2893 2847 2892
f 2892 2847 2891
f 2891 2847 2848
f 2891 2848 2890
f 2890 2848 2889
f 2889 2848 2888
f 2888 2848 2887
f 2887 2848 2849
f 2846 2832 2845
f 2845 2832 2833
f 2845 2833 2834
f 2834 2835 2845
f 2845 2835 2836
f 2845 2836 2837
f 2845 2837 2844
f 2844 2837 2838
f 2844 2838 2839
f 2840 2841 2839
f 2839 2841 2842
f 2839 2842 2843
f 2843 2844 2839
f 2870 2871 2787
f 2787 2871 2885
f 2885 2871 2872
f 2885 2872 2873
f 2885 2873 2884
f 2884 2873 2874
f 2884 2874 2875
f 2875 2876 2884
f 2884 2876 2883
f 2883 2876 2877
f 2883 2877 2878
f 2878 2879 2883
f 2883 2879 2882
f 2882 2879 2880
f 2882 2880 2881
f 2919 2920 2928
f 2928 2920 2927
f 2927 2920 2921
f 2927 2921 2926
f 2926 2921 2922
f 2926 2922 2925
f 2925 2922 2923
f 2925 2923 2924
f 2929 2930 2932
f 2932 2930 2931
f 2933 2934 2942
f 2942 2934 2941
f 2941 2934 2935
f 2941 2935 2940
f 2940 2935 2936
f 2940 2936 2939
f 2939 2936 2937
f 2939 2937 2938
f 2943 2944 2952
f 2952 2944 2951
f 2951 2944 2945
f 2951 2945 2950
f 2950 2945 2946
f 2950 2946 2949
f 2949 2946 2947
f 2949 2947 2948
f 2953 2954 2962
f 2962 2954 2961
f 2961 2954 2955
f 2961 2955 2960
f 2960 2955 2956
f 2960 2956 2959
f 2959 2956 2957
f 2959 2957 2958
f 2963 2964 2972
f 2972 2964 2971
f 2971 2964 2965
f 2971 2965 2970
f 2970 2965 2966
f 2970 2966 2969
f 2969 2966 2967
f 2969 2967 2968
f 2973 2974 2982
f 2982 2974 2981
f 2981 2974 2975
f 2981 2975 2980
f 2980 2975 2976
f 2980 2976 2979
f 2979 2976 2977
f 2979 2977 2978
f 2983 2984 2992
f 2992 2984 2991
f 2991 2984 2985
f 2991 2985 2990
f 2990 2985 2986
f 2990 2986 2989
f 2989 2986 2987
f 2989 2987 2988
f 2994 3018 2993
f 2993 3018 3019
f 2993 3019 3091
f 3091 3019 3020
f 3091 3020 3090
f 3090 3020 3021
f 3090 3021 3089
f 3089 3021 3022
f 3089 3022 3023
f 2994 2995 3018
f 3018 2995 3017
f 3017 2995 3016
f 3016 2995 2996
f 3016 2996 3015
f 3015 2996 2997
f 3015 2997 3014
f 3014 2997 3013
f 3013 2997 3012
f 3012 2997 2998
f 3012 2998 3011
f 3011 2998 3010
f 3010 2998 2999
f 3010 2999 3009
f 3009 2999 3008
f 3008 2999 3007
f 3007 2999 3000
f 3007 3000 3006
f 3006 3000 3005
f 3005 3000 3004
f 3004 3000 3001
f 3004 3001 3003
f 3003 3001 3002
f 3023 3024 3089
f 3089 3024 3025
f 3089 3025 3026
f 3026 3027 3089
f 3089 3027 3088
f 3088 3027 3087
f 3087 3027 3028
f 3087 3028 3086
f 3086 3028 3029
f 3086 3029 3030
f 3030 3031 3086
f 3086 3031 3085
f 3085 3031 3032
f 3085 3032 3033
f 3085 3033 3084
f 3084 3033 3034
f 3084 3034 3093
f 3093 3034 3092
f 3092 3034 3035
f 3092 3035 3124
f 3124 3035 3123
f 3123 3035 3122
f 3122 3035 3121
f 3121 3035 3036
f 3121 3036 3120
f 3120 3036 3119
f 3119 3036 3118
f 3118 3036 3117
f 3117 3036 3116
f 3116 3036 3115
f 3115 3036 3114
f 3114 3036 3113
f 3113 3036 3052
f 3113 3052 3053
f 3036 3037 3052
f 3052 3037 3051
f 3051 3037 3038
f 3051 3038 3050
f 3050 3038 3049
f 3049 3038 3048
f 3048 3038 3047
f 3047 3038 3046
f 3046 3038 3039
f 3046 3039 3045
f 3045 3039 3044
f 3044 3039 3040
f 3044 3040 3041
f 3041 3042 3044
f 3044 3042 3043
f 3053 3054 3113
f 3113 3054 3055
f 3113 3055 3056
f 3056 3057 3113
f 3113 3057 3112
f 3112 3057 3058
f 3112 3058 3111
f 3111 3058 3059
f 3111 3059 3110
f 3110 3059 3060
f 3110 3060 3109
f 3109 3060 3061
f 3109 3061 3062
f 3109 3062 3108
f 3108 3062 3063
f 3108 3063 3107
f 3107 3063 3064
f 3107 3064 3065
f 3065 3066 3107
f 3107 3066 3106
f 3106 3066 3067
f 3106 3067 3068
f 3106 3068 3105
f 3105 3068 3069
f 3105 3069 3070
f 3070 3071 3105
f 3105 3071 3104
f 3104 3071 3072
f 3104 3072 3073
f 3104 3073 3103
f 3103 3073 3074
f 3103 3074 3075
f 3076 3101 3075
f 3075 3101 3102
f 3075 3102 3103
f 3101 3076 3100
f 3100 3076 3077
f 3100 3077 3099
f 3099 3077 3078
f 3099 3078 3098
f 3098 3078 3079
f 3098 3079 3097
f 3097 3079 3096
f 3096 3079 3080
f 3096 3080 3095
f 3095 3080 3094
f 3094 3080 3081
f 3094 3081 3093
f 3093 3081 3082
f 3093 3082 3083
f 3083 3084 3093
f 3125 3126 3134
f 3134 3126 3133
f 3133 3126 3127
f 3133 3127 3132
f 3132 3127 3128
f 3132 3128 3131
f 3131 3128 3129
f 3131 3129 3130
f 3135 3136 3144
f 3144 3136 3143
f 3143 3136 3137
f 3143 3137 3142
f 3142 3137 3138
f 3142 3138 3141
f 3141 3138 3139
f 3141 3139 3140
f 3145 3146 3154
f 3154 3146 3153
f 3153 3146 3147
f 3153 3147 3152
f 3152 3147 3148
f 3152 3148 3151
f 3151 3148 3149
f 3151 3149 3150
f 3155 3156 3164
f 3164 3156 3163
f 3163 3156 3157
f 3163 3157 3162
f 3162 3157 3158
f 3162 3158 3161
f 3161 3158 3159
f 3161 3159 3160
f 3165 3166 3174
f 3174 3166 3173
f 3173 3166 3167
f 3173 3167 3172
f 3172 3167 3168
f 3172 3168 3171
f 3171 3168 3169
f 3171 3169 3170
f 3175 3176 3178
f 3178 3176 3177
f 3179 3180 3188
f 3188 3180 3187
f 3187 3180 3181
f 3187 3181 3186
f 3186 3181 3182
f 3186 3182 3185
f 3185 3182 3183
f 3185 3183 3184
f 3189 3190 3198
f 3198 3190 3197
f 3197 3190 3191
f 3197 3191 3196
f 3196 3191 3192
f 3196 3192 3195
f 3195 3192 3193
f 3195 3193 3194
f 3199 3200 3208
f 3208 3200 3207
f 3207 3200 3201
f 3207 3201 3206
f 3206 3201 3202
f 3206 3202 3205
f 3205 3202 3203
f 3205 3203 3204
f 3209 3210 3212
f 3212 3210 3211
f 3213 3214 3222
f 3222 3214 3221
f 3221 3214 3215
f 3221 3215 3220
f 3220 3215 3216
f 3220 3216 3219
f 3219 3216 3217
f 3219 3217 3218
f 3223 3224 3232
f 3232 3224 3231
f 3231 3224 3225
f 3231 3225 3230
f 3230 3225 3226
f 3230 3226 3229
f 3229 3226 3227
f 3229 3227 3228
f 3233 3234 3242
f 3242 3234 3241
f 3241 3234 3235
f 3241 3235 3240
f 3240 3235 3236
f 3240 3236 3239
f 3239 3236 3237
f 3239 3237 3238
f 3243 3244 3252
f 3252 3244 3251
f 3251 3244 3245
f 3251 3245 3250
f 3250 3245 3246
f 3250 3246 3249
f 3249 3246 3247
f 3249 3247 3248
f 3253 3254 3262
f 3262 3254 3261
f 3261 3254 3255
f 3261 3255 3260
f 3260 3255 3256
f 3260 3256 3259
f 3259 3256 3257
f 3259 3257 3258
f 3263 3264 3272
f 3272 3264 3271
f 3271 3264 3265
f 3271 3265 3270
f 3270 3265 3266
f 3270 3266 3269
f 3269 3266 3267
f 3269 3267 3268
f 3273 3274 3282
f 3282 3274 3281
f 3281 3274 3275
f 3281 3275 3280
f 3280 3275 3276
f 3280 3276 3279
f 3279 3276 3277
f 3279 3277 3278
f 3283 3284 3292
f 3292 3284 3291
f 3291 3284 3285
f 3291 3285 3290
f 3290 3285 3286
f 3290 3286 3289
f 3289 3286 3287
f 3289 3287 3288
f 3293 3294 3302
f 3302 3294 3301
f 3301 3294 3295
f 3301 3295 3300
f 3300 3295 3296
f 3300 3296 3299
f 3299 3296 3297
f 3299 3297 3298
f 3303 3304 3312
f 3312 3304 3311
f 3311 3304 3305
f 3311 3305 3310
f 3310 3305 3306
f 3310 3306 3309
f 3309 3306 3307
f 3309 3307 3308
f 3313 3314 3316
f 3316 3314 3315
f 3317 3318 3326
f 3326 3318 3325
f 3325 3318 3319
f 3325 3319 3324
f 3324 3319 3320
f 3324 3320 3323
f 3323 3320 3321
f 3323 3321 3322
f 3327 3328 3336
f 3336 3328 3335
f 3335 3328 3329
f 3335 3329 3334
f 3334 3329 3330
f 3334 3330 3333
f 3333 3330 3331
f 3333 3331 3332
f 3337 3338 3346
f 3346 3338 3345
f 3345 3338 3339
f 3345 3339 3344
f 3344 3339 3340
f 3344 3340 3343
f 3343 3340 3341
f 3343 3341 3342
f 3347 3348 3356
f 3356 3348 3355
f 3355 3348 3349
f 3355 3349 3354
f 3354 3349 3350
f 3354 3350 3353
f 3353 3350 3351
f 3353 3351 3352
f 3357 3358 3366
f 3366 3358 3365
f 3365 3358 3359
f 3365 3359 3364
f 3364 3359 3360
f 3364 3360 3363
f 3363 3360 3361
f 3363 3361 3362
f 3367 3368 3376
f 3376 3368 3375
f 3375 3368 3369
f 3375 3369 3374
f 3374 3369 3370
f 3374 3370 3373
f 3373 3370 3371
f 3373 3371 3372
v 0.26164114 0.011153336 0.041965808
v 0.26164114 0.011108557 0.041884617
v 0.26164114 0.011054743 0.041811412
v 0.26164114 0.010986832 0.041750667
v 0.26164114 0.010910904 0.041697009
v 0.26174114 0.010910904 0.041697009
v 0.26174114 0.010986832 0.041750667
v 0.26174114 0.011054743 0.041811412
v 0.26174114 0.011108557 0.041884617
v 0.26174114 0.011153336 0.041965808
v 0.26164114 0.010910904 0.041697009
v 0.26164114 0.010787136 0.041644692
v 0.26164114 0.010659963 0.041607143
v 0.26164114 0.010527865 0.041590954
v 0.26164114 0.010393082 0.041586413
v 0.26174114 0.010393082 0.041586413
v 0.26174114 0.010527865 0.041590954
v 0.26174114 0.010659963 0.041607143
v 0.26174114 0.010787136 0.041644692
v 0.26174114 0.010910904 0.041697009
v 0.26164114 0.010393082 0.041586413
v 0.26164114 0.01028806 0.041589512
v 0.26164114 0.01018385 0.041598306
v 0.26164114 0.010081084 0.041617242
v 0.26164114 0.0099792634 0.041642809
v 0.26174114 0.0099792634 0.041642809
v 0.26174114 0.010081084 0.041617242
v 0.26174114 0.01018385 0.041598306
v 0.26174114 0.01028806 0.041589512
v 0.26174114 0.010393082 0.041586413
v 0.26164114 0.009339859 0.041948962
v 0.26164114 0.0093235426 0.042034419
v 0.26164114 0.0093113081 0.042120324
v 0.26164114 0.0093054558 0.042206929
v 0.26164114 0.009303238 0.042293932
v 0.26164114 0.009303238 0.043068835
v 0.26164114 0.011450699 0.043068835
v 0.26164114 0.011450699 0.042329089
v 0.26164114 0.011449745 0.042232911
v 0.26164114 0.011445455 0.042137029
v 0.26164114 0.011434938 0.042041698
v 0.26164114 0.011419937 0.041946765
v 0.26164114 0.011394607 0.041861569
v 0.26164114 0.01136225 0.041779833
v 0.26164114 0.01131789 0.041704006
v 0.26164114 0.011266129 0.041631823
v 0.26164114 0.011185836 0.041551849
v 0.26164114 0.011099215 0.041480964
v 0.26164114 0.011002249 0.041424939
v 0.26164114 0.010899185 0.041377673
v 0.26164114 0.010774284 0.041340539
v 0.26164114 0.010647843 0.04131249
v 0.26164114 0.010518966 0.041298832
v 0.26164114 0.010388687 0.041293444
v 0.26164114 0.010278828 0.041296974
v 0.26164114 0.010169737 0.041306152
v 0.26164114 0.010061988 0.041325215
v 0.26164114 0.0099550934 0.041350573
v 0.26164114 0.0098727749 0.041378494
v 0.26164114 0.0097926115 0.041410952
v 0.26164114 0.0097162533 0.041451421
v 0.26164114 0.0096423493 0.041497058
v 0.26164114 0.0095876859 0.04154006
v 0.26164114 0.0095361702 0.041586172
v 0.26164114 0.0094901244 0.04163769
v 0.26164114 0.009447525 0.041692614
v 0.26164114 0.0094127776 0.041753373
v 0.26164114 0.0093824606 0.041816014
v 0.26164114 0.0093591492 0.041881634
v 0.26164114 0.011197281 0.042784655
v 0.26164114 0.0095566559 0.042784655
v 0.26164114 0.0095566559 0.042326159
v 0.26164114 0.0095581806 0.042241771
v 0.26164114 0.0095639017 0.042157923
v 0.26164114 0.0095773545 0.042075068
v 0.26164114 0.0095962067 0.041992907
v 0.26164114 0.0096163638 0.041940244
v 0.26164114 0.0096405414 0.041889941
v 0.26164114 0.0096717794 0.041843784
v 0.26164114 0.0097075348 0.04180028
v 0.26164114 0.0097689281 0.041749808
v 0.26164114 0.009834052 0.041705672
v 0.26164114 0.0099050006 0.041671427
v 0.26164114 0.0099792634 0.041642809
v 0.26164114 0.010081084 0.041617242
v 0.26164114 0.01018385 0.041598306
v 0.26164114 0.01028806 0.041589512
v 0.26164114 0.010393082 0.041586413
v 0.26164114 0.010527865 0.041590954
v 0.26164114 0.010659963 0.041607143
v 0.26164114 0.010787136 0.041644692
v 0.26164114 0.010910904 0.041697009
v 0.26164114 0.010986832 0.041750667
v 0.26164114 0.011054743 0.041811412
v 0.26164114 0.011108557 0.041884617
v 0.26164114 0.011153336 0.041965808
v 0.26164114 0.011175383 0.042056236
v 0.26164114 0.011190495 0.042147599
v 0.26164114 0.011196337 0.042240211
v 0.26164114 0.011197281 0.042333483
v 0.26164114 0.009303238 0.043068835
v 0.26164114 0.009303238 0.042293932
v 0.26174114 0.009303238 0.042293932
v 0.26174114 0.009303238 0.043068835
v 0.26164114 0.011197281 0.042333483
v 0.26164114 0.011196337 0.042240211
v 0.26164114 0.011190495 0.042147599
v 0.26164114 0.011175383 0.042056236
v 0.26164114 0.011153336 0.041965808
v 0.26174114 0.011153336 0.041965808
v 0.26174114 0.011175383 0.042056236
v 0.26174114 0.011190495 0.042147599
v 0.26174114 0.011196337 0.042240211
v 0.26174114 0.011197281 0.042333483
v 0.26164114 0.0095962067 0.041992907
v 0.26164114 0.0095773545 0.042075068
v 0.26164114 0.0095639017 0.042157923
v 0.26164114 0.0095581806 0.042241771
v 0.26164114 0.0095566559 0.042326159
v 0.26174114 0.0095566559 0.042326159
v 0.26174114 0.0095581806 0.042241771
v 0.26174114 0.0095639017 0.042157923
v 0.26174114 0.0095773545 0.042075068
v 0.26174114 0.0095962067 0.041992907
v 0.26164114 0.0097075348 0.04180028
v 0.26164114 0.0096717794 0.041843784
v 0.26164114 0.0096405414 0.041889941
v 0.26164114 0.0096163638 0.041940244
v 0.26164114 0.0095962067 0.041992907
v 0.26174114 0.0095962067 0.041992907
v 0.26174114 0.0096163638 0.041940244
v 0.26174114 0.0096405414 0.041889941
v 0.26174114 0.0096717794 0.041843784
v 0.26174114 0.0097075348 0.04180028
v 0.26174114 0.009303238 0.042293932
v 0.26174114 0.0093054558 0.042206929
v 0.26174114 0.0093113081 0.042120324
v 0.26174114 0.0093235426 0.042034419
v 0.26174114 0.009339859 0.041948962
v 0.26174114 0.0093591492 0.041881634
v 0.26174114 0.0093824606 0.041816014
v 0.26174114 0.0094127776 0.041753373
v 0.26174114 0.009447525 0.041692614
v 0.26174114 0.0094901244 0.04163769
v 0.26174114 0.0095361702 0.041586172
v 0.26174114 0.0095876859 0.04154006
v 0.26174114 0.0096423493 0.041497058
v 0.26174114 0.0097162533 0.041451421
v 0.26174114 0.0097926115 0.041410952
v 0.26174114 0.0098727749 0.041378494
v 0.26174114 0.0099550934 0.041350573
v 0.26174114 0.010061988 0.041325215
v 0.26174114 0.010169737 0.041306152
v 0.26174114 0.010278828 0.041296974
v 0.26174114 0.010388687 0.041293444
v 0.26174114 0.010518966 0.041298832
v 0.26174114 0.010647843 0.04131249
v 0.26174114 0.010774284 0.041340539
v 0.26174114 0.010899185 0.041377673
v 0.26174114 0.011002249 0.041424939
v 0.26174114 0.011099215 0.041480964
v 0.26174114 0.011185836 0.041551849
v 0.26174114 0.011266129 0.041631823
v 0.26174114 0.01131789 0.041704006
v 0.26174114 0.01136225 0.041779833
v 0.26174114 0.011394607 0.041861569
v 0.26174114 0.011419937 0.041946765
v 0.26174114 0.011434938 0.042041698
v 0.26174114 0.011445455 0.042137029
v 0.26174114 0.011449745 0.042232911
v 0.26174114 0.011450699 0.042329089
v 0.26174114 0.011450699 0.043068835
v 0.26174114 0.009303238 0.043068835
v 0.26174114 0.0095566559 0.042784655
v 0.26174114 0.011197281 0.042784655
v 0.26174114 0.011197281 0.042333483
v 0.26174114 0.011196337 0.042240211
v 0.26174114 0.011190495 0.042147599
v 0.26174114 0.011175383 0.042056236
v 0.26174114 0.011153336 0.041965808
v 0.26174114 0.011108557 0.041884617
v 0.26174114 0.011054743 0.041811412
v 0.26174114 0.010986832 0.041750667
v 0.26174114 0.010910904 0.041697009
v 0.26174114 0.010787136 0.041644692
v 0.26174114 0.010659963 0.041607143
v 0.26174114 0.010527865 0.041590954
v 0.26174114 0.010393082 0.041586413
v 0.26174114 0.01028806 0.041589512
v 0.26174114 0.01018385 0.041598306
v 0.26174114 0.010081084 0.041617242
v 0.26174114 0.0099792634 0.041642809
v 0.26174114 0.0099050006 0.041671427
v 0.26174114 0.009834052 0.041705672
v 0.26174114 0.0097689281 0.041749808
v 0.26174114 0.0097075348 0.04180028
v 0.26174114 0.0096717794 0.041843784
v 0.26174114 0.0096405414 0.041889941
v 0.26174114 0.0096163638 0.041940244
v 0.26174114 0.0095962067 0.041992907
v 0.26174114 0.0095773545 0.042075068
v 0.26174114 0.0095639017 0.042157923
v 0.26174114 0.0095581806 0.042241771
v 0.26174114 0.0095566559 0.042326159
v 0.26164114 0.0095566559 0.042784655
v 0.26164114 0.011197281 0.042784655
v 0.26174114 0.011197281 0.042784655
v 0.26174114 0.0095566559 0.042784655
v 0.26164114 0.0095566559 0.042326159
v 0.26164114 0.0095566559 0.042784655
v 0.26174114 0.0095566559 0.042784655
v 0.26174114 0.0095566559 0.042326159
v 0.26164114 0.0099792634 0.041642809
v 0.26164114 0.0099050006 0.041671427
v 0.26164114 0.009834052 0.041705672
v 0.26164114 0.0097689281 0.041749808
v 0.26164114 0.0097075348 0.04180028
v 0.26174114 0.0097075348 0.04180028
v 0.26174114 0.0097689281 0.041749808
v 0.26174114 0.009834052 0.041705672
v 0.26174114 0.0099050006 0.041671427
v 0.26174114 0.0099792634 0.041642809
v 0.26164114 0.009339859 0.041948962
v 0.26164114 0.0093591492 0.041881634
v 0.26164114 0.0093824606 0.041816014
v 0.26164114 0.0094127776 0.041753373
v 0.26164114 0.009447525 0.041692614
v 0.26174114 0.009447525 0.041692614
v 0.26174114 0.0094127776 0.041753373
v 0.26174114 0.0093824606 0.041816014
v 0.26174114 0.0093591492 0.041881634
v 0.26174114 0.009339859 0.041948962
v 0.26164114 0.011450699 0.042329089
v 0.26164114 0.011450699 0.043068835
v 0.26174114 0.011450699 0.043068835
v 0.26174114 0.011450699 0.042329089
v 0.26164114 0.011197281 0.042784655
v 0.26164114 0.011197281 0.042333483
v 0.26174114 0.011197281 0.042333483
v 0.26174114 0.011197281 0.042784655
v 0.26164114 0.009303238 0.042293932
v 0.26164114 0.0093054558 0.042206929
v 0.26164114 0.0093113081 0.042120324
v 0.26164114 0.0093235426 0.042034419
v 0.26164114 0.009339859 0.041948962
v 0.26174114 0.009339859 0.041948962
v 0.26174114 0.0093235426 0.042034419
v 0.26174114 0.0093113081 0.042120324
v 0.26174114 0.0093054558 0.042206929
v 0.26174114 0.009303238 0.042293932
v 0.26164114 0.009447525 0.041692614
v 0.26164114 0.0094901244 0.04163769
v 0.26164114 0.0095361702 0.041586172
v 0.26164114 0.0095876859 0.04154006
v 0.26164114 0.0096423493 0.041497058
v 0.26174114 0.0096423493 0.041497058
v 0.26174114 0.0095876859 0.04154006
v 0.26174114 0.0095361702 0.041586172
v 0.26174114 0.0094901244 0.04163769
v 0.26174114 0.009447525 0.041692614
v 0.26164114 0.011266129 0.041631823
v 0.26164114 0.01131789 0.041704006
v 0.26164114 0.01136225 0.041779833
v 0.26164114 0.011394607 0.041861569
v 0.26164114 0.011419937 0.041946765
v 0.26174114 0.011419937 0.041946765
v 0.26174114 0.011394607 0.041861569
v 0.26174114 0.01136225 0.041779833
v 0.26174114 0.01131789 0.041704006
v 0.26174114 0.011266129 0.041631823
v 0.26164114 0.010899185 0.041377673
v 0.26164114 0.011002249 0.041424939
v 0.26164114 0.011099215 0.041480964
v 0.26164114 0.011185836 0.041551849
v 0.26164114 0.011266129 0.041631823
v 0.26174114 0.011266129 0.041631823
v 0.26174114 0.011185836 0.041551849
v 0.26174114 0.011099215 0.041480964
v 0.26174114 0.011002249 0.041424939
v 0.26174114 0.010899185 0.041377673
v 0.26164114 0.011450699 0.043068835
v 0.26164114 0.009303238 0.043068835
v 0.26174114 0.009303238 0.043068835
v 0.26174114 0.011450699 0.043068835
v 0.26164114 0.011419937 0.041946765
v 0.26164114 0.011434938 0.042041698
v 0.26164114 0.011445455 0.042137029
v 0.26164114 0.011449745 0.042232911
v 0.26164114 0.011450699 0.042329089
v 0.26174114 0.011450699 0.042329089
v 0.26174114 0.011449745 0.042232911
v 0.26174114 0.011445455 0.042137029
v 0.26174114 0.011434938 0.042041698
v 0.26174114 0.011419937 0.041946765
v 0.26164114 0.010388687 0.041293444
v 0.26164114 0.010518966 0.041298832
v 0.26164114 0.010647843 0.04131249
v 0.26164114 0.010774284 0.041340539
v 0.26164114 0.010899185 0.041377673
v 0.26174114 0.010899185 0.041377673
v 0.26174114 0.010774284 0.041340539
v 0.26174114 0.010647843 0.04131249
v 0.26174114 0.010518966 0.041298832
v 0.26174114 0.010388687 0.041293444
v 0.26164114 0.0099550934 0.041350573
v 0.26164114 0.010061988 0.041325215
v 0.26164114 0.010169737 0.041306152
v 0.26164114 0.010278828 0.041296974
v 0.26164114 0.010388687 0.041293444
v 0.26174114 0.010388687 0.041293444
v 0.26174114 0.010278828 0.041296974
v 0.26174114 0.010169737 0.041306152
v 0.26174114 0.010061988 0.041325215
v 0.26174114 0.0099550934 0.041350573
v 0.26164114 0.0096423493 0.041497058
v 0.26164114 0.0097162533 0.041451421
v 0.26164114 0.0097926115 0.041410952
v 0.26164114 0.0098727749 0.041378494
v 0.26164114 0.0099550934 0.041350573
v 0.26174114 0.0099550934 0.041350573
v 0.26174114 0.0098727749 0.041378494
v 0.26174114 0.0097926115 0.041410952
v 0.26174114 0.0097162533 0.041451421
v 0.26174114 0.0096423493 0.041497058
f 3377 3378 3386
f 3386 3378 3385
f 3385 3378 3379
f 3385 3379 3384
f 3384 3379 3380
f 3384 3380 3383
f 3383 3380 3381
f 3383 3381 3382
f 3387 3388 3396
f 3396 3388 3395
f 3395 3388 3389
f 3395 3389 3394
f 3394 3389 3390
f 3394 3390 3393
f 3393 3390 3391
f 3393 3391 3392
f 3397 3398 3406
f 3406 3398 3405
f 3405 3398 3399
f 3405 3399 3404
f 3404 3399 3400
f 3404 3400 3403
f 3403 3400 3401
f 3403 3401 3402
f 3445 3407 3452
f 3452 3407 3408
f 3452 3408 3451
f 3451 3408 3409
f 3451 3409 3450
f 3450 3409 3410
f 3450 3410 3449
f 3449 3410 3411
f 3449 3411 3448
f 3448 3411 3447
f 3447 3411 3412
f 3447 3412 3446
f 3446 3412 3413
f 3446 3413 3414
f 3415 3475 3414
f 3414 3475 3476
f 3414 3476 3446
f 3415 3416 3475
f 3475 3416 3474
f 3474 3416 3417
f 3474 3417 3473
f 3473 3417 3418
f 3473 3418 3472
f 3472 3418 3419
f 3472 3419 3471
f 3471 3419 3420
f 3471 3420 3421
f 3471 3421 3470
f 3470 3421 3422
f 3470 3422 3469
f 3469 3422 3423
f 3469 3423 3468
f 3468 3423 3424
f 3468 3424 3425
f 3468 3425 3467
f 3467 3425 3426
f 3467 3426 3466
f 3466 3426 3427
f 3466 3427 3428
f 3466 3428 3465
f 3465 3428 3429
f 3465 3429 3464
f 3464 3429 3430
f 3464 3430 3431
f 3464 3431 3463
f 3463 3431 3432
f 3463 3432 3462
f 3462 3432 3433
f 3462 3433 3461
f 3461 3433 3434
f 3461 3434 3460
f 3460 3434 3435
f 3460 3435 3436
f 3460 3436 3459
f 3459 3436 3437
f 3459 3437 3458
f 3458 3437 3438
f 3458 3438 3439
f 3458 3439 3457
f 3457 3439 3440
f 3457 3440 3441
f 3457 3441 3456
f 3456 3441 3442
f 3456 3442 3455
f 3455 3442 3443
f 3455 3443 3454
f 3454 3443 3444
f 3454 3444 3453
f 3453 3444 3445
f 3453 3445 3452
f 3477 3478 3480
f 3480 3478 3479
f 3481 3482 3490
f 3490 3482 3489
f 3489 3482 3483
f 3489 3483 3488
f 3488 3483 3484
f 3488 3484 3487
f 3487 3484 3485
f 3487 3485 3486
f 3491 3492 3500
f 3500 3492 3499
f 3499 3492 3493
f 3499 3493 3498
f 3498 3493 3494
f 3498 3494 3497
f 3497 3494 3495
f 3497 3495 3496
f 3501 3502 3510
f 3510 3502 3509
f 3509 3502 3503
f 3509 3503 3508
f 3508 3503 3504
f 3508 3504 3507
f 3507 3504 3505
f 3507 3505 3506
f 3512 3579 3511
f 3511 3579 3580
f 3511 3580 3550
f 3579 3512 3578
f 3578 3512 3513
f 3578 3513 3577
f 3577 3513 3514
f 3577 3514 3576
f 3576 3514 3515
f 3576 3515 3516
f 3576 3516 3575
f 3575 3516 3517
f 3575 3517 3574
f 3574 3517 3518
f 3574 3518 3573
f 3573 3518 3519
f 3573 3519 3572
f 3572 3519 3520
f 3572 3520 3571
f 3571 3520 3521
f 3571 3521 3522
f 3571 3522 3570
f 3570 3522 3523
f 3570 3523 3524
f 3570 3524 3569
f 3569 3524 3525
f 3569 3525 3568
f 3568 3525 3526
f 3568 3526 3527
f 3568 3527 3567
f 3567 3527 3528
f 3567 3528 3566
f 3566 3528 3529
f 3566 3529 3565
f 3565 3529 3530
f 3565 3530 3564
f 3564 3530 3531
f 3564 3531 3532
f 3564 3532 3563
f 3563 3532 3533
f 3563 3533 3562
f 3562 3533 3534
f 3562 3534 3535
f 3562 3535 3561
f 3561 3535 3536
f 3561 3536 3560
f 3560 3536 3537
f 3560 3537 3538
f 3560 3538 3559
f 3559 3538 3539
f 3559 3539 3558
f 3558 3539 3540
f 3558 3540 3557
f 3557 3540 3541
f 3557 3541 3542
f 3557 3542 3556
f 3556 3542 3543
f 3556 3543 3555
f 3555 3543 3544
f 3555 3544 3554
f 3554 3544 3545
f 3554 3545 3553
f 3553 3545 3546
f 3553 3546 3547
f 3548 3551 3547
f 3547 3551 3552
f 3547 3552 3553
f 3548 3549 3551
f 3551 3549 3550
f 3550 3549 3511
f 3581 3582 3584
f 3584 3582 3583
f 3585 3586 3588
f 3588 3586 3587
f 3589 3590 3598
f 3598 3590 3597
f 3597 3590 3591
f 3597 3591 3596
f 3596 3591 3592
f 3596 3592 3595
f 3595 3592 3593
f 3595 3593 3594
f 3599 3600 3608
f 3608 3600 3607
f 3607 3600 3601
f 3607 3601 3606
f 3606 3601 3602
f 3606 3602 3605
f 3605 3602 3603
f 3605 3603 3604
f 3609 3610 3612
f 3612 3610 3611
f 3613 3614 3616
f 3616 3614 3615
f 3617 3618 3626
f 3626 3618 3625
f 3625 3618 3619
f 3625 3619 3624
f 3624 3619 3620
f 3624 3620 3623
f 3623 3620 3621
f 3623 3621 3622
f 3627 3628 3636
f 3636 3628 3635
f 3635 3628 3629
f 3635 3629 3634
f 3634 3629 3630
f 3634 3630 3633
f 3633 3630 3631
f 3633 3631 3632
f 3637 3638 3646
f 3646 3638 3645
f 3645 3638 3639
f 3645 3639 3644
f 3644 3639 3640
f 3644 3640 3643
f 3643 3640 3641
f 3643 3641 3642
f 3647 3648 3656
f 3656 3648 3655
f 3655 3648 3649
f 3655 3649 3654
f 3654 3649 3650
f 3654 3650 3653
f 3653 3650 3651
f 3653 3651 3652
f 3657 3658 3660
f 3660 3658 3659
f 3661 3662 3670
f 3670 3662 3669
f 3669 3662 3663
f 3669 3663 3668
f 3668 3663 3664
f 3668 3664 3667
f 3667 3664 3665
f 3667 3665 3666
f 3671 3672 3680
f 3680 3672 3679
f 3679 3672 3673
f 3679 3673 3678
f 3678 3673 3674
f 3678 3674 3677
f 3677 3674 3675
f 3677 3675 3676
f 3681 3682 3690
f 3690 3682 3689
f 3689 3682 3683
f 3689 3683 3688
f 3688 3683 3684
f 3688 3684 3687
f 3687 3684 3685
f 3687 3685 3686
f 3691 3692 3700
f 3700 3692 3699
f 3699 3692 3693
f 3699 3693 3698
f 3698 3693 3694
f 3698 3694 3697
f 3697 3694 3695
f 3697 3695 3696
v 0.26164114 0.013873966 0.043679784
v 0.26164114 0.013966366 0.043652653
v 0.26164114 0.014029429 0.043579873
v 0.26164114 0.014043134 0.043484553
v 0.26164114 0.01400313 0.043396955
v 0.26164114 0.013922116 0.043344891
v 0.26164114 0.013825816 0.043344891
v 0.26164114 0.013744803 0.043396955
v 0.26164114 0.013704798 0.043484553
v 0.26164114 0.013718503 0.043579873
v 0.26164114 0.013781566 0.043652653
v 0.26174114 0.013873966 0.043679784
v 0.26174114 0.013781566 0.043652653
v 0.26174114 0.013718503 0.043579873
v 0.26174114 0.013704798 0.043484553
v 0.26174114 0.013744803 0.043396955
v 0.26174114 0.013825816 0.043344891
v 0.26174114 0.013922116 0.043344891
v 0.26174114 0.01400313 0.043396955
v 0.26174114 0.014043134 0.043484553
v 0.26174114 0.014029429 0.043579873
v 0.26174114 0.013966366 0.043652653
v 0.26174114 0.013873966 0.043679784
v 0.26164114 0.013873966 0.043679784
v 0.26164114 0.01413234 0.041945839
v 0.26164114 0.014209098 0.042053301
v 0.26174114 0.014209098 0.042053301
v 0.26174114 0.01413234 0.041945839
v 0.26164114 0.014055582 0.042283575
v 0.26164114 0.014430131 0.042849576
v 0.26174114 0.014430131 0.042849576
v 0.26174114 0.014055582 0.042283575
v 0.26174114 0.014055582 0.042283575
v 0.26174114 0.014430131 0.042849576
v 0.26174114 0.014121734 0.043312171
v 0.26174114 0.01418271 0.04343989
v 0.26174114 0.014181894 0.043581415
v 0.26174114 0.014119451 0.043708422
v 0.26174114 0.014007877 0.043795493
v 0.26174114 0.013869503 0.043825201
v 0.26174114 0.013732022 0.043791601
v 0.26174114 0.013622949 0.043701417
v 0.26174114 0.013564114 0.043572698
v 0.26174114 0.013567292 0.043431206
v 0.26174114 0.013631846 0.043305259
v 0.26174114 0.013744858 0.043220063
v 0.26174114 0.013883709 0.043192669
v 0.26174114 0.01402061 0.04322856
v 0.26174114 0.014272019 0.042835965
v 0.26174114 0.013892831 0.042305102
v 0.26174114 0.01413234 0.041945839
v 0.26174114 0.014209098 0.042053301
v 0.26174114 0.013873966 0.043679784
v 0.26174114 0.013966366 0.043652653
v 0.26174114 0.014029429 0.043579873
v 0.26174114 0.014043134 0.043484553
v 0.26174114 0.01400313 0.043396955
v 0.26174114 0.013922116 0.043344891
v 0.26174114 0.013825816 0.043344891
v 0.26174114 0.013744803 0.043396955
v 0.26174114 0.013704798 0.043484553
v 0.26174114 0.013718503 0.043579873
v 0.26174114 0.013781566 0.043652653
v 0.26164114 0.014209098 0.042053301
v 0.26164114 0.014055582 0.042283575
v 0.26174114 0.014055582 0.042283575
v 0.26174114 0.014209098 0.042053301
v 0.26164114 0.01402061 0.04322856
v 0.26164114 0.014272019 0.042835965
v 0.26174114 0.014272019 0.042835965
v 0.26174114 0.01402061 0.04322856
v 0.26164114 0.014430131 0.042849576
v 0.26164114 0.014121734 0.043312171
v 0.26174114 0.014121734 0.043312171
v 0.26174114 0.014430131 0.042849576
v 0.26164114 0.013892831 0.042305102
v 0.26164114 0.01413234 0.041945839
v 0.26174114 0.01413234 0.041945839
v 0.26174114 0.013892831 0.042305102
v 0.26164114 0.014430131 0.042849576
v 0.26164114 0.014055582 0.042283575
v 0.26164114 0.014209098 0.042053301
v 0.26164114 0.01413234 0.041945839
v 0.26164114 0.013892831 0.042305102
v 0.26164114 0.014272019 0.042835965
v 0.26164114 0.01402061 0.04322856
v 0.26164114 0.013883709 0.043192669
v 0.26164114 0.013744858 0.043220063
v 0.26164114 0.013631846 0.043305259
v 0.26164114 0.013567292 0.043431206
v 0.26164114 0.013564114 0.043572698
v 0.26164114 0.013622949 0.043701417
v 0.26164114 0.013732022 0.043791601
v 0.26164114 0.013869503 0.043825201
v 0.26164114 0.014007877 0.043795493
v 0.26164114 0.014119451 0.043708422
v 0.26164114 0.014181894 0.043581415
v 0.26164114 0.01418271 0.04343989
v 0.26164114 0.014121734 0.043312171
v 0.26164114 0.013873966 0.043679784
v 0.26164114 0.013781566 0.043652653
v 0.26164114 0.013718503 0.043579873
v 0.26164114 0.013704798 0.043484553
v 0.26164114 0.013744803 0.043396955
v 0.26164114 0.013825816 0.043344891
v 0.26164114 0.013922116 0.043344891
v 0.26164114 0.01400313 0.043396955
v 0.26164114 0.014043134 0.043484553
v 0.26164114 0.014029429 0.043579873
v 0.26164114 0.013966366 0.043652653
v 0.26164114 0.014121734 0.043312171
v 0.26164114 0.01418271 0.04343989
v 0.26164114 0.014181894 0.043581415
v 0.26164114 0.014119451 0.043708422
v 0.26164114 0.014007877 0.043795493
v 0.26164114 0.013869503 0.043825201
v 0.26164114 0.013732022 0.043791601
v 0.26164114 0.013622949 0.043701417
v 0.26164114 0.013564114 0.043572698
v 0.26164114 0.013567292 0.043431206
v 0.26164114 0.013631846 0.043305259
v 0.26164114 0.013744858 0.043220063
v 0.26164114 0.013883709 0.043192669
v 0.26164114 0.01402061 0.04322856
v 0.26174114 0.01402061 0.04322856
v 0.26174114 0.013883709 0.043192669
v 0.26174114 0.013744858 0.043220063
v 0.26174114 0.013631846 0.043305259
v 0.26174114 0.013567292 0.043431206
v 0.26174114 0.013564114 0.043572698
v 0.26174114 0.013622949 0.043701417
v 0.26174114 0.013732022 0.043791601
v 0.26174114 0.013869503 0.043825201
v 0.26174114 0.014007877 0.043795493
v 0.26174114 0.014119451 0.043708422
v 0.26174114 0.014181894 0.043581415
v 0.26174114 0.01418271 0.04343989
v 0.26174114 0.014121734 0.043312171
v 0.26164114 0.014272019 0.042835965
v 0.26164114 0.013892831 0.042305102
v 0.26174114 0.013892831 0.042305102
v 0.26174114 0.014272019 0.042835965
f 3702 3722 3701
f 3701 3722 3723
f 3724 3712 3711
f 3711 3712 3713
f 3711 3713 3710
f 3710 3713 3714
f 3710 3714 3709
f 3709 3714 3715
f 3709 3715 3708
f 3708 3715 3716
f 3708 3716 3707
f 3707 3716 3717
f 3707 3717 3706
f 3706 3717 3718
f 3706 3718 3705
f 3705 3718 3719
f 3705 3719 3704
f 3704 3719 3720
f 3704 3720 3703
f 3703 3720 3721
f 3703 3721 3702
f 3702 3721 3722
f 3725 3726 3728
f 3728 3726 3727
f 3729 3730 3732
f 3732 3730 3731
f 3734 3749 3733
f 3733 3749 3750
f 3733 3750 3751
f 3734 3735 3749
f 3749 3735 3748
f 3748 3735 3757
f 3748 3757 3758
f 3757 3735 3756
f 3756 3735 3736
f 3756 3736 3737
f 3737 3738 3756
f 3756 3738 3755
f 3755 3738 3739
f 3755 3739 3754
f 3754 3739 3740
f 3754 3740 3753
f 3753 3740 3763
f 3763 3740 3741
f 3763 3741 3762
f 3762 3741 3742
f 3762 3742 3761
f 3761 3742 3743
f 3761 3743 3744
f 3744 3745 3761
f 3761 3745 3760
f 3760 3745 3746
f 3760 3746 3759
f 3759 3746 3747
f 3759 3747 3758
f 3758 3747 3748
f 3751 3752 3733
f 3764 3765 3767
f 3767 3765 3766
f 3768 3769 3771
f 3771 3769 3770
f 3772 3773 3775
f 3775 3773 3774
f 3776 3777 3779
f 3779 3777 3778
f 3799 3780 3785
f 3785 3780 3781
f 3785 3781 3784
f 3784 3781 3783
f 3783 3781 3782
f 3785 3786 3799
f 3799 3786 3807
f 3799 3807 3808
f 3807 3786 3806
f 3806 3786 3787
f 3806 3787 3805
f 3805 3787 3788
f 3805 3788 3804
f 3804 3788 3789
f 3804 3789 3803
f 3803 3789 3790
f 3803 3790 3791
f 3791 3792 3803
f 3803 3792 3802
f 3802 3792 3793
f 3802 3793 3801
f 3801 3793 3794
f 3801 3794 3800
f 3800 3794 3810
f 3810 3794 3795
f 3810 3795 3809
f 3809 3795 3796
f 3809 3796 3808
f 3808 3796 3797
f 3808 3797 3798
f 3798 3799 3808
f 3838 3811 3837
f 3837 3811 3812
f 3837 3812 3836
f 3836 3812 3813
f 3836 3813 3835
f 3835 3813 3814
f 3835 3814 3834
f 3834 3814 3815
f 3834 3815 3833
f 3833 3815 3816
f 3833 3816 3832
f 3832 3816 3817
f 3832 3817 3831
f 3831 3817 3818
f 3831 3818 3830
f 3830 3818 3819
f 3830 3819 3829
f 3829 3819 3820
f 3829 3820 3828
f 3828 3820 3821
f 3828 3821 3827
f 3827 3821 3822
f 3827 3822 3826
f 3826 3822 3823
f 3826 3823 3825
f 3825 3823 3824
f 3839 3840 3842
f 3842 3840 3841
v 0.26164114 0.0094504549 0.043740466
v 0.26164114 0.0095648864 0.043629078
v 0.26164114 0.0096901396 0.043535301
v 0.26164114 0.0098324032 0.043469205
v 0.26164114 0.0099843903 0.043418932
v 0.26174114 0.0099843903 0.043418932
v 0.26174114 0.0098324032 0.043469205
v 0.26174114 0.0096901396 0.043535301
v 0.26174114 0.0095648864 0.043629078
v 0.26174114 0.0094504549 0.043740466
v 0.26164114 0.0092666169 0.044308093
v 0.26164114 0.0092791168 0.044155132
v 0.26164114 0.0093094362 0.044008058
v 0.26164114 0.0093704124 0.043871113
v 0.26164114 0.0094504549 0.043740466
v 0.26174114 0.0094504549 0.043740466
v 0.26174114 0.0093704124 0.043871113
v 0.26174114 0.0093094362 0.044008058
v 0.26174114 0.0092791168 0.044155132
v 0.26174114 0.0092666169 0.044308093
v 0.26164114 0.010978287 0.045189196
v 0.26164114 0.010837477 0.045245662
v 0.26164114 0.010693566 0.045288334
v 0.26164114 0.010544738 0.04530914
v 0.26164114 0.010393082 0.04531737
v 0.26174114 0.010393082 0.04531737
v 0.26174114 0.010544738 0.04530914
v 0.26174114 0.010693566 0.045288334
v 0.26174114 0.010837477 0.045245662
v 0.26174114 0.010978287 0.045189196
v 0.26164114 0.0099843903 0.043418932
v 0.26164114 0.010056168 0.043703112
v 0.26174114 0.010056168 0.043703112
v 0.26174114 0.0099843903 0.043418932
v 0.26164114 0.010056168 0.043703112
v 0.26164114 0.0099408649 0.043735846
v 0.26164114 0.0098323962 0.043780705
v 0.26164114 0.0097360216 0.043847023
v 0.26164114 0.0096474762 0.043927233
v 0.26174114 0.0096474762 0.043927233
v 0.26174114 0.0097360216 0.043847023
v 0.26174114 0.0098323962 0.043780705
v 0.26174114 0.0099408649 0.043735846
v 0.26174114 0.010056168 0.043703112
v 0.26164114 0.0094079743 0.04487279
v 0.26164114 0.00934386 0.044739162
v 0.26164114 0.0092963903 0.044601169
v 0.26164114 0.0092743619 0.044456504
v 0.26164114 0.0092666169 0.044308093
v 0.26174114 0.0092666169 0.044308093
v 0.26174114 0.0092743619 0.044456504
v 0.26174114 0.0092963903 0.044601169
v 0.26174114 0.00934386 0.044739162
v 0.26174114 0.0094079743 0.04487279
v 0.26164114 0.0095097809 0.04433153
v 0.26164114 0.0095193747 0.044221858
v 0.26164114 0.0095422429 0.044116782
v 0.26164114 0.0095878364 0.044019576
v 0.26164114 0.0096474762 0.043927233
v 0.26164114 0.0097360216 0.043847023
v 0.26164114 0.0098323962 0.043780705
v 0.26164114 0.0099408649 0.043735846
v 0.26164114 0.010056168 0.043703112
v 0.26164114 0.0099843903 0.043418932
v 0.26164114 0.0098324032 0.043469205
v 0.26164114 0.0096901396 0.043535301
v 0.26164114 0.0095648864 0.043629078
v 0.26164114 0.0094504549 0.043740466
v 0.26164114 0.0093704124 0.043871113
v 0.26164114 0.0093094362 0.044008058
v 0.26164114 0.0092791168 0.044155132
v 0.26164114 0.0092666169 0.044308093
v 0.26164114 0.0092743619 0.044456504
v 0.26164114 0.0092963903 0.044601169
v 0.26164114 0.00934386 0.044739162
v 0.26164114 0.0094079743 0.04487279
v 0.26164114 0.0094927184 0.044977127
v 0.26164114 0.0095872916 0.045069424
v 0.26164114 0.0096977232 0.045142295
v 0.26164114 0.009817398 0.045203845
v 0.26164114 0.0099573156 0.045252374
v 0.26164114 0.01009944 0.045289798
v 0.26164114 0.010245188 0.045308981
v 0.26164114 0.010393082 0.04531737
v 0.26164114 0.010544738 0.04530914
v 0.26164114 0.010693566 0.045288334
v 0.26164114 0.010837477 0.045245662
v 0.26164114 0.010978287 0.045189196
v 0.26164114 0.011092339 0.045117919
v 0.26164114 0.011195996 0.045035865
v 0.26164114 0.011282148 0.044935662
v 0.26164114 0.011357681 0.04482445
v 0.26164114 0.01141307 0.044700025
v 0.26164114 0.011455798 0.044572425
v 0.26164114 0.011477719 0.044439607
v 0.26164114 0.01148732 0.044303698
v 0.26164114 0.011476645 0.044158777
v 0.26164114 0.011449917 0.044018842
v 0.26164114 0.011395342 0.043887555
v 0.26164114 0.011323258 0.043761706
v 0.26164114 0.01122578 0.043658539
v 0.26164114 0.011118309 0.043570257
v 0.26164114 0.01099475 0.043505936
v 0.26164114 0.010861832 0.043455554
v 0.26164114 0.010795914 0.043735339
v 0.26164114 0.010892826 0.043771831
v 0.26164114 0.010983776 0.043817434
v 0.26164114 0.011064037 0.043879378
v 0.26164114 0.011137222 0.043952136
v 0.26164114 0.011184564 0.044035133
v 0.26164114 0.01122022 0.044121736
v 0.26164114 0.01123746 0.04421402
v 0.26164114 0.011244156 0.044309558
v 0.26164114 0.011236724 0.044419584
v 0.26164114 0.011217593 0.044526152
v 0.26164114 0.011178031 0.04462668
v 0.26164114 0.011125504 0.044723376
v 0.26164114 0.011058901 0.044799527
v 0.26164114 0.010985135 0.044865939
v 0.26164114 0.010899537 0.044916263
v 0.26164114 0.0108069 0.044957019
v 0.26164114 0.010705713 0.04498549
v 0.26164114 0.010603488 0.045007613
v 0.26164114 0.010499535 0.045019171
v 0.26164114 0.010394547 0.045024401
v 0.26164114 0.010272378 0.045019529
v 0.26164114 0.010151574 0.045006745
v 0.26164114 0.010033161 0.044980086
v 0.26164114 0.009916275 0.044944567
v 0.26164114 0.009825418 0.044900149
v 0.26164114 0.0097423053 0.044846303
v 0.26164114 0.0096724695 0.044776294
v 0.26164114 0.0096108551 0.044696276
v 0.26164114 0.0095682232 0.044609901
v 0.26164114 0.0095350607 0.044520902
v 0.26164114 0.009517684 0.044427528
v 0.26164114 0.009817398 0.045203845
v 0.26164114 0.0096977232 0.045142295
v 0.26164114 0.0095872916 0.045069424
v 0.26164114 0.0094927184 0.044977127
v 0.26164114 0.0094079743 0.04487279
v 0.26174114 0.0094079743 0.04487279
v 0.26174114 0.0094927184 0.044977127
v 0.26174114 0.0095872916 0.045069424
v 0.26174114 0.0096977232 0.045142295
v 0.26174114 0.009817398 0.045203845
v 0.26164114 0.010393082 0.04531737
v 0.26164114 0.010245188 0.045308981
v 0.26164114 0.01009944 0.045289798
v 0.26164114 0.0099573156 0.045252374
v 0.26164114 0.009817398 0.045203845
v 0.26174114 0.009817398 0.045203845
v 0.26174114 0.0099573156 0.045252374
v 0.26174114 0.01009944 0.045289798
v 0.26174114 0.010245188 0.045308981
v 0.26174114 0.010393082 0.04531737
v 0.26164114 0.0096474762 0.043927233
v 0.26164114 0.0095878364 0.044019576
v 0.26164114 0.0095422429 0.044116782
v 0.26164114 0.0095193747 0.044221858
v 0.26164114 0.0095097809 0.04433153
v 0.26174114 0.0095097809 0.04433153
v 0.26174114 0.0095193747 0.044221858
v 0.26174114 0.0095422429 0.044116782
v 0.26174114 0.0095878364 0.044019576
v 0.26174114 0.0096474762 0.043927233
v 0.26164114 0.010394547 0.045024401
v 0.26164114 0.010499535 0.045019171
v 0.26164114 0.010603488 0.045007613
v 0.26164114 0.010705713 0.04498549
v 0.26164114 0.0108069 0.044957019
v 0.26174114 0.0108069 0.044957019
v 0.26174114 0.010705713 0.04498549
v 0.26174114 0.010603488 0.045007613
v 0.26174114 0.010499535 0.045019171
v 0.26174114 0.010394547 0.045024401
v 0.26164114 0.0095097809 0.04433153
v 0.26164114 0.009517684 0.044427528
v 0.26164114 0.0095350607 0.044520902
v 0.26164114 0.0095682232 0.044609901
v 0.26164114 0.0096108551 0.044696276
v 0.26174114 0.0096108551 0.044696276
v 0.26174114 0.0095682232 0.044609901
v 0.26174114 0.0095350607 0.044520902
v 0.26174114 0.009517684 0.044427528
v 0.26174114 0.0095097809 0.04433153
v 0.26174114 0.0096474762 0.043927233
v 0.26174114 0.0095878364 0.044019576
v 0.26174114 0.0095422429 0.044116782
v 0.26174114 0.0095193747 0.044221858
v 0.26174114 0.0095097809 0.04433153
v 0.26174114 0.009517684 0.044427528
v 0.26174114 0.0095350607 0.044520902
v 0.26174114 0.0095682232 0.044609901
v 0.26174114 0.0096108551 0.044696276
v 0.26174114 0.0096724695 0.044776294
v 0.26174114 0.0097423053 0.044846303
v 0.26174114 0.009825418 0.044900149
v 0.26174114 0.009916275 0.044944567
v 0.26174114 0.010033161 0.044980086
v 0.26174114 0.010151574 0.045006745
v 0.26174114 0.010272378 0.045019529
v 0.26174114 0.010394547 0.045024401
v 0.26174114 0.010499535 0.045019171
v 0.26174114 0.010603488 0.045007613
v 0.26174114 0.010705713 0.04498549
v 0.26174114 0.0108069 0.044957019
v 0.26174114 0.010899537 0.044916263
v 0.26174114 0.010985135 0.044865939
v 0.26174114 0.011058901 0.044799527
v 0.26174114 0.011125504 0.044723376
v 0.26174114 0.011178031 0.04462668
v 0.26174114 0.011217593 0.044526152
v 0.26174114 0.011236724 0.044419584
v 0.26174114 0.011244156 0.044309558
v 0.26174114 0.01123746 0.04421402
v 0.26174114 0.01122022 0.044121736
v 0.26174114 0.011184564 0.044035133
v 0.26174114 0.011137222 0.043952136
v 0.26174114 0.011064037 0.043879378
v 0.26174114 0.010983776 0.043817434
v 0.26174114 0.010892826 0.043771831
v 0.26174114 0.010795914 0.043735339
v 0.26174114 0.010861832 0.043455554
v 0.26174114 0.01099475 0.043505936
v 0.26174114 0.011118309 0.043570257
v 0.26174114 0.01122578 0.043658539
v 0.26174114 0.011323258 0.043761706
v 0.26174114 0.011395342 0.043887555
v 0.26174114 0.011449917 0.044018842
v 0.26174114 0.011476645 0.044158777
v 0.26174114 0.01148732 0.044303698
v 0.26174114 0.011477719 0.044439607
v 0.26174114 0.011455798 0.044572425
v 0.26174114 0.01141307 0.044700025
v 0.26174114 0.011357681 0.04482445
v 0.26174114 0.011282148 0.044935662
v 0.26174114 0.011195996 0.045035865
v 0.26174114 0.011092339 0.045117919
v 0.26174114 0.010978287 0.045189196
v 0.26174114 0.010837477 0.045245662
v 0.26174114 0.010693566 0.045288334
v 0.26174114 0.010544738 0.04530914
v 0.26174114 0.010393082 0.04531737
v 0.26174114 0.010245188 0.045308981
v 0.26174114 0.01009944 0.045289798
v 0.26174114 0.0099573156 0.045252374
v 0.26174114 0.009817398 0.045203845
v 0.26174114 0.0096977232 0.045142295
v 0.26174114 0.0095872916 0.045069424
v 0.26174114 0.0094927184 0.044977127
v 0.26174114 0.0094079743 0.04487279
v 0.26174114 0.00934386 0.044739162
v 0.26174114 0.0092963903 0.044601169
v 0.26174114 0.0092743619 0.044456504
v 0.26174114 0.0092666169 0.044308093
v 0.26174114 0.0092791168 0.044155132
v 0.26174114 0.0093094362 0.044008058
v 0.26174114 0.0093704124 0.043871113
v 0.26174114 0.0094504549 0.043740466
v 0.26174114 0.0095648864 0.043629078
v 0.26174114 0.0096901396 0.043535301
v 0.26174114 0.0098324032 0.043469205
v 0.26174114 0.0099843903 0.043418932
v 0.26174114 0.010056168 0.043703112
v 0.26174114 0.0099408649 0.043735846
v 0.26174114 0.0098323962 0.043780705
v 0.26174114 0.0097360216 0.043847023
v 0.26164114 0.0108069 0.044957019
v 0.26164114 0.010899537 0.044916263
v 0.26164114 0.010985135 0.044865939
v 0.26164114 0.011058901 0.044799527
v 0.26164114 0.011125504 0.044723376
v 0.26174114 0.011125504 0.044723376
v 0.26174114 0.011058901 0.044799527
v 0.26174114 0.010985135 0.044865939
v 0.26174114 0.010899537 0.044916263
v 0.26174114 0.0108069 0.044957019
v 0.26164114 0.011357681 0.04482445
v 0.26164114 0.011282148 0.044935662
v 0.26164114 0.011195996 0.045035865
v 0.26164114 0.011092339 0.045117919
v 0.26164114 0.010978287 0.045189196
v 0.26174114 0.010978287 0.045189196
v 0.26174114 0.011092339 0.045117919
v 0.26174114 0.011195996 0.045035865
v 0.26174114 0.011282148 0.044935662
v 0.26174114 0.011357681 0.04482445
v 0.26164114 0.0096108551 0.044696276
v 0.26164114 0.0096724695 0.044776294
v 0.26164114 0.0097423053 0.044846303
v 0.26164114 0.009825418 0.044900149
v 0.26164114 0.009916275 0.044944567
v 0.26174114 0.009916275 0.044944567
v 0.26174114 0.009825418 0.044900149
v 0.26174114 0.0097423053 0.044846303
v 0.26174114 0.0096724695 0.044776294
v 0.26174114 0.0096108551 0.044696276
v 0.26164114 0.01148732 0.044303698
v 0.26164114 0.011477719 0.044439607
v 0.26164114 0.011455798 0.044572425
v 0.26164114 0.01141307 0.044700025
v 0.26164114 0.011357681 0.04482445
v 0.26174114 0.011357681 0.04482445
v 0.26174114 0.01141307 0.044700025
v 0.26174114 0.011455798 0.044572425
v 0.26174114 0.011477719 0.044439607
v 0.26174114 0.01148732 0.044303698
v 0.26164114 0.010795914 0.043735339
v 0.26164114 0.010861832 0.043455554
v 0.26174114 0.010861832 0.043455554
v 0.26174114 0.010795914 0.043735339
v 0.26164114 0.010861832 0.043455554
v 0.26164114 0.01099475 0.043505936
v 0.26164114 0.011118309 0.043570257
v 0.26164114 0.01122578 0.043658539
v 0.26164114 0.011323258 0.043761706
v 0.26174114 0.011323258 0.043761706
v 0.26174114 0.01122578 0.043658539
v 0.26174114 0.011118309 0.043570257
v 0.26174114 0.01099475 0.043505936
v 0.26174114 0.010861832 0.043455554
v 0.26164114 0.011323258 0.043761706
v 0.26164114 0.011395342 0.043887555
v 0.26164114 0.011449917 0.044018842
v 0.26164114 0.011476645 0.044158777
v 0.26164114 0.01148732 0.044303698
v 0.26174114 0.01148732 0.044303698
v 0.26174114 0.011476645 0.044158777
v 0.26174114 0.011449917 0.044018842
v 0.26174114 0.011395342 0.043887555
v 0.26174114 0.011323258 0.043761706
v 0.26164114 0.009916275 0.044944567
v 0.26164114 0.010033161 0.044980086
v 0.26164114 0.010151574 0.045006745
v 0.26164114 0.010272378 0.045019529
v 0.26164114 0.010394547 0.045024401
v 0.26174114 0.010394547 0.045024401
v 0.26174114 0.010272378 0.045019529
v 0.26174114 0.010151574 0.045006745
v 0.26174114 0.010033161 0.044980086
v 0.26174114 0.009916275 0.044944567
v 0.26164114 0.011125504 0.044723376
v 0.26164114 0.011178031 0.04462668
v 0.26164114 0.011217593 0.044526152
v 0.26164114 0.011236724 0.044419584
v 0.26164114 0.011244156 0.044309558
v 0.26174114 0.011244156 0.044309558
v 0.26174114 0.011236724 0.044419584
v 0.26174114 0.011217593 0.044526152
v 0.26174114 0.011178031 0.04462668
v 0.26174114 0.011125504 0.044723376
v 0.26164114 0.011137222 0.043952136
v 0.26164114 0.011064037 0.043879378
v 0.26164114 0.010983776 0.043817434
v 0.26164114 0.010892826 0.043771831
v 0.26164114 0.010795914 0.043735339
v 0.26174114 0.010795914 0.043735339
v 0.26174114 0.010892826 0.043771831
v 0.26174114 0.010983776 0.043817434
v 0.26174114 0.011064037 0.043879378
v 0.26174114 0.011137222 0.043952136
v 0.26164114 0.011244156 0.044309558
v 0.26164114 0.01123746 0.04421402
v 0.26164114 0.01122022 0.044121736
v 0.26164114 0.011184564 0.044035133
v 0.26164114 0.011137222 0.043952136
v 0.26174114 0.011137222 0.043952136
v 0.26174114 0.011184564 0.044035133
v 0.26174114 0.01122022 0.044121736
v 0.26174114 0.01123746 0.04421402
v 0.26174114 0.011244156 0.044309558
f 3843 3844 3852
f 3852 3844 3851
f 3851 3844 3845
f 3851 3845 3850
f 3850 3845 3846
f 3850 3846 3849
f 3849 3846 3847
f 3849 3847 3848
f 3853 3854 3862
f 3862 3854 3861
f 3861 3854 3855
f 3861 3855 3860
f 3860 3855 3856
f 3860 3856 3859
f 3859 3856 3857
f 3859 3857 3858
f 3863 3864 3872
f 3872 3864 3871
f 3871 3864 3865
f 3871 3865 3870
f 3870 3865 3866
f 3870 3866 3869
f 3869 3866 3867
f 3869 3867 3868
f 3873 3874 3876
f 3876 3874 3875
f 3877 3878 3886
f 3886 3878 3885
f 3885 3878 3879
f 3885 3879 3884
f 3884 3879 3880
f 3884 3880 3883
f 3883 3880 3881
f 3883 3881 3882
f 3887 3888 3896
f 3896 3888 3895
f 3895 3888 3889
f 3895 3889 3894
f 3894 3889 3890
f 3894 3890 3893
f 3893 3890 3891
f 3893 3891 3892
f 3898 3914 3897
f 3897 3914 3915
f 3897 3915 3978
f 3978 3915 3977
f 3977 3915 3916
f 3977 3916 3976
f 3976 3916 3917
f 3976 3917 3975
f 3975 3917 3918
f 3975 3918 3974
f 3974 3918 3919
f 3974 3919 3973
f 3973 3919 3920
f 3973 3920 3972
f 3972 3920 3921
f 3972 3921 3971
f 3971 3921 3922
f 3971 3922 3970
f 3970 3922 3923
f 3970 3923 3969
f 3969 3923 3924
f 3969 3924 3968
f 3968 3924 3925
f 3968 3925 3967
f 3967 3925 3926
f 3967 3926 3966
f 3966 3926 3927
f 3966 3927 3965
f 3965 3927 3928
f 3965 3928 3964
f 3964 3928 3929
f 3964 3929 3963
f 3963 3929 3930
f 3963 3930 3962
f 3962 3930 3931
f 3962 3931 3961
f 3961 3931 3932
f 3961 3932 3960
f 3960 3932 3933
f 3960 3933 3959
f 3959 3933 3934
f 3959 3934 3935
f 3914 3898 3913
f 3913 3898 3899
f 3913 3899 3912
f 3912 3899 3900
f 3912 3900 3911
f 3911 3900 3901
f 3911 3901 3910
f 3910 3901 3902
f 3910 3902 3909
f 3909 3902 3903
f 3909 3903 3908
f 3908 3903 3904
f 3908 3904 3907
f 3907 3904 3905
f 3907 3905 3906
f 3936 3957 3935
f 3935 3957 3958
f 3935 3958 3959
f 3936 3937 3957
f 3957 3937 3956
f 3956 3937 3955
f 3955 3937 3938
f 3955 3938 3954
f 3954 3938 3939
f 3954 3939 3953
f 3953 3939 3940
f 3953 3940 3952
f 3952 3940 3941
f 3952 3941 3951
f 3951 3941 3942
f 3951 3942 3950
f 3950 3942 3943
f 3950 3943 3949
f 3949 3943 3944
f 3949 3944 3948
f 3948 3944 3945
f 3948 3945 3947
f 3947 3945 3946
f 3979 3980 3988
f 3988 3980 3987
f 3987 3980 3981
f 3987 3981 3986
f 3986 3981 3982
f 3986 3982 3985
f 3985 3982 3983
f 3985 3983 3984
f 3989 3990 3998
f 3998 3990 3997
f 3997 3990 3991
f 3997 3991 3996
f 3996 3991 3992
f 3996 3992 3995
f 3995 3992 3993
f 3995 3993 3994
f 3999 4000 4008
f 4008 4000 4007
f 4007 4000 4001
f 4007 4001 4006
f 4006 4001 4002
f 4006 4002 4005
f 4005 4002 4003
f 4005 4003 4004
f 4009 4010 4018
f 4018 4010 4017
f 4017 4010 4011
f 4017 4011 4016
f 4016 4011 4012
f 4016 4012 4015
f 4015 4012 4013
f 4015 4013 4014
f 4019 4020 4028
f 4028 4020 4027
f 4027 4020 4021
f 4027 4021 4026
f 4026 4021 4022
f 4026 4022 4025
f 4025 4022 4023
f 4025 4023 4024
f 4030 4101 4029
f 4029 4101 4102
f 4029 4102 4110
f 4110 4102 4103
f 4110 4103 4109
f 4109 4103 4104
f 4109 4104 4108
f 4108 4104 4105
f 4108 4105 4107
f 4107 4105 4106
f 4101 4030 4100
f 4100 4030 4031
f 4100 4031 4099
f 4099 4031 4032
f 4099 4032 4098
f 4098 4032 4033
f 4098 4033 4097
f 4097 4033 4034
f 4097 4034 4035
f 4097 4035 4096
f 4096 4035 4036
f 4096 4036 4095
f 4095 4036 4037
f 4095 4037 4094
f 4094 4037 4038
f 4094 4038 4093
f 4093 4038 4039
f 4093 4039 4092
f 4092 4039 4040
f 4092 4040 4091
f 4091 4040 4041
f 4091 4041 4090
f 4090 4041 4042
f 4090 4042 4089
f 4089 4042 4043
f 4089 4043 4088
f 4088 4043 4044
f 4088 4044 4087
f 4087 4044 4045
f 4087 4045 4086
f 4086 4045 4046
f 4086 4046 4085
f 4085 4046 4047
f 4085 4047 4084
f 4084 4047 4048
f 4084 4048 4083
f 4083 4048 4049
f 4083 4049 4082
f 4082 4049 4050
f 4082 4050 4081
f 4081 4050 4051
f 4081 4051 4080
f 4080 4051 4052
f 4080 4052 4079
f 4079 4052 4053
f 4079 4053 4078
f 4078 4053 4077
f 4077 4053 4054
f 4077 4054 4055
f 4056 4075 4055
f 4055 4075 4076
f 4055 4076 4077
f 4056 4057 4075
f 4075 4057 4074
f 4074 4057 4058
f 4074 4058 4073
f 4073 4058 4059
f 4073 4059 4072
f 4072 4059 4060
f 4072 4060 4071
f 4071 4060 4061
f 4071 4061 4070
f 4070 4061 4062
f 4070 4062 4069
f 4069 4062 4063
f 4069 4063 4068
f 4068 4063 4064
f 4068 4064 4067
f 4067 4064 4065
f 4067 4065 4066
f 4111 4112 4120
f 4120 4112 4119
f 4119 4112 4113
f 4119 4113 4118
f 4118 4113 4114
f 4118 4114 4117
f 4117 4114 4115
f 4117 4115 4116
f 4121 4122 4130
f 4130 4122 4129
f 4129 4122 4123
f 4129 4123 4128
f 4128 4123 4124
f 4128 4124 4127
f 4127 4124 4125
f 4127 4125 4126
f 4131 4132 4140
f 4140 4132 4139
f 4139 4132 4133
f 4139 4133 4138
f 4138 4133 4134
f 4138 4134 4137
f 4137 4134 4135
f 4137 4135 4136
f 4141 4142 4150
f 4150 4142 4149
f 4149 4142 4143
f 4149 4143 4148
f 4148 4143 4144
f 4148 4144 4147
f 4147 4144 4145
f 4147 4145 4146
f 4151 4152 4154
f 4154 4152 4153
f 4155 4156 4164
f 4164 4156 4163
f 4163 4156 4157
f 4163 4157 4162
f 4162 4157 4158
f 4162 4158 4161
f 4161 4158 4159
f 4161 4159 4160
f 4165 4166 4174
f 4174 4166 4173
f 4173 4166 4167
f 4173 4167 4172
f 4172 4167 4168
f 4172 4168 4171
f 4171 4168 4169
f 4171 4169 4170
f 4175 4176 4184
f 4184 4176 4183
f 4183 4176 4177
f 4183 4177 4182
f 4182 4177 4178
f 4182 4178 4181
f 4181 4178 4179
f 4181 4179 4180
f 4185 4186 4194
f 4194 4186 4193
f 4193 4186 4187
f 4193 4187 4192
f 4192 4187 4188
f 4192 4188 4191
f 4191 4188 4189
f 4191 4189 4190
f 4195 4196 4204
f 4204 4196 4203
f 4203 4196 4197
f 4203 4197 4202
f 4202 4197 4198
f 4202 4198 4201
f 4201 4198 4199
f 4201 4199 4200
f 4205 4206 4214
f 4214 4206 4213
f 4213 4206 4207
f 4213 4207 4212
f 4212 4207 4208
f 4212 4208 4211
f 4211 4208 4209
f 4211 4209 4210
v 0.26164114 0.0076884507 0.037840363
v 0.26164114 0.0076902847 0.037786259
v 0.26164114 0.0076957862 0.037732811
v 0.26164114 0.0077078758 0.037680544
v 0.26164114 0.0077243392 0.037629059
v 0.26174114 0.0077243392 0.037629059
v 0.26174114 0.0077078758 0.037680544
v 0.26174114 0.0076957862 0.037732811
v 0.26174114 0.0076902847 0.037786259
v 0.26174114 0.0076884507 0.037840363
v 0.26164114 0.0080107163 0.037699005
v 0.26164114 0.0079844253 0.037709072
v 0.26164114 0.0079598065 0.03772166
v 0.26164114 0.0079381548 0.037738725
v 0.26164114 0.007918431 0.037758697
v 0.26174114 0.007918431 0.037758697
v 0.26174114 0.0079381548 0.037738725
v 0.26174114 0.0079598065 0.03772166
v 0.26174114 0.0079844253 0.037709072
v 0.26174114 0.0080107163 0.037699005
v 0.26164114 0.0077243392 0.037629059
v 0.26164114 0.0077438976 0.037590747
v 0.26164114 0.0077664779 0.037554674
v 0.26164114 0.0077941914 0.037522404
v 0.26164114 0.0078250472 0.037492462
v 0.26174114 0.0078250472 0.037492462
v 0.26174114 0.0077941914 0.037522404
v 0.26174114 0.0077664779 0.037554674
v 0.26174114 0.0077438976 0.037590747
v 0.26174114 0.0077243392 0.037629059
v 0.26164114 0.007918431 0.037758697
v 0.26164114 0.0079052429 0.037781549
v 0.26164114 0.0078952552 0.037805401
v 0.26164114 0.0078903599 0.037830846
v 0.26164114 0.0078884019 0.037857208
v 0.26174114 0.0078884019 0.037857208
v 0.26174114 0.0078903599 0.037830846
v 0.26174114 0.0078952552 0.037805401
v 0.26174114 0.0079052429 0.037781549
v 0.26174114 0.007918431 0.037758697
v 0.26164114 0.0078884019 0.037857208
v 0.26164114 0.0078903599 0.037830846
v 0.26164114 0.0078952552 0.037805401
v 0.26164114 0.0079052429 0.037781549
v 0.26164114 0.007918431 0.037758697
v 0.26164114 0.0079381548 0.037738725
v 0.26164114 0.0079598065 0.03772166
v 0.26164114 0.0079844253 0.037709072
v 0.26164114 0.0080107163 0.037699005
v 0.26164114 0.0079784899 0.037415558
v 0.26164114 0.0079372428 0.03742906
v 0.26164114 0.007897545 0.037445635
v 0.26164114 0.0078604858 0.037467441
v 0.26164114 0.0078250472 0.037492462
v 0.26164114 0.0077941914 0.037522404
v 0.26164114 0.0077664779 0.037554674
v 0.26164114 0.0077438976 0.037590747
v 0.26164114 0.0077243392 0.037629059
v 0.26164114 0.0077078758 0.037680544
v 0.26164114 0.0076957862 0.037732811
v 0.26164114 0.0076902847 0.037786259
v 0.26164114 0.0076884507 0.037840363
v 0.26164114 0.0076896001 0.037892452
v 0.26164114 0.0076931141 0.037944261
v 0.26164114 0.007700886 0.037995568
v 0.26164114 0.0077114989 0.03804654
v 0.26164114 0.0077247207 0.038084852
v 0.26164114 0.0077408622 0.038121616
v 0.26164114 0.0077619745 0.038155748
v 0.26164114 0.0077861373 0.038188263
v 0.26164114 0.0078131484 0.038215774
v 0.26164114 0.007841935 0.03824097
v 0.26164114 0.0078736939 0.038262293
v 0.26164114 0.0079072444 0.038281281
v 0.26164114 0.0079519402 0.038296932
v 0.26164114 0.007997465 0.038308319
v 0.26164114 0.008044218 0.038313388
v 0.26164114 0.008091649 0.038314972
v 0.26164114 0.0081433083 0.038312705
v 0.26164114 0.0081940796 0.0383063
v 0.26164114 0.0082432701 0.038292532
v 0.26164114 0.0082914282 0.038273956
v 0.26164114 0.0083203046 0.038256818
v 0.26164114 0.0083477332 0.038237822
v 0.26164114 0.0083727859 0.038215775
v 0.26164114 0.0083964337 0.038191925
v 0.26164114 0.0084168108 0.038167175
v 0.26164114 0.0084355505 0.038141373
v 0.26164114 0.0084514557 0.038113752
v 0.26164114 0.0084655847 0.038084992
v 0.26164114 0.0084821116 0.038030428
v 0.26164114 0.0084942053 0.037975113
v 0.26164114 0.0084996627 0.03791867
v 0.26164114 0.008501439 0.037861603
v 0.26164114 0.0084986173 0.037785404
v 0.26164114 0.0084886293 0.03771102
v 0.26164114 0.008465509 0.037639961
v 0.26164114 0.0084333237 0.037571197
v 0.26164114 0.0083920954 0.037524104
v 0.26164114 0.0083460687 0.037483741
v 0.26164114 0.008292328 0.037454196
v 0.26164114 0.008234105 0.037430939
v 0.26164114 0.0081967513 0.037711457
v 0.26164114 0.008218434 0.037718975
v 0.26164114 0.0082385807 0.037728853
v 0.26164114 0.0082560499 0.037742841
v 0.26164114 0.0082718246 0.03775943
v 0.26164114 0.0082833479 0.037781294
v 0.26164114 0.0082918464 0.037804018
v 0.26164114 0.0082957532 0.03782805
v 0.26164114 0.0082970931 0.037852814
v 0.26164114 0.0082932003 0.037886934
v 0.26164114 0.0082842605 0.037918798
v 0.26164114 0.0082667793 0.037946845
v 0.26164114 0.0082440899 0.037972565
v 0.26164114 0.0082070817 0.037994125
v 0.26164114 0.0081682165 0.03800965
v 0.26164114 0.0081266488 0.038016396
v 0.26164114 0.0080836038 0.038018341
v 0.26164114 0.0080441935 0.038016132
v 0.26164114 0.0080063368 0.038009248
v 0.26164114 0.0079712854 0.03799392
v 0.26164114 0.0079381149 0.037972931
v 0.26164114 0.0079169007 0.037947803
v 0.26164114 0.0079005225 0.037920582
v 0.26164114 0.0078921031 0.037889916
v 0.26164114 0.0079784899 0.037415558
v 0.26164114 0.0080107163 0.037699005
v 0.26174114 0.0080107163 0.037699005
v 0.26174114 0.0079784899 0.037415558
v 0.26164114 0.0077861373 0.038188263
v 0.26164114 0.0077619745 0.038155748
v 0.26164114 0.0077408622 0.038121616
v 0.26164114 0.0077247207 0.038084852
v 0.26164114 0.0077114989 0.03804654
v 0.26174114 0.0077114989 0.03804654
v 0.26174114 0.0077247207 0.038084852
v 0.26174114 0.0077408622 0.038121616
v 0.26174114 0.0077619745 0.038155748
v 0.26174114 0.0077861373 0.038188263
v 0.26164114 0.0077114989 0.03804654
v 0.26164114 0.007700886 0.037995568
v 0.26164114 0.0076931141 0.037944261
v 0.26164114 0.0076896001 0.037892452
v 0.26164114 0.0076884507 0.037840363
v 0.26174114 0.0076884507 0.037840363
v 0.26174114 0.0076896001 0.037892452
v 0.26174114 0.0076931141 0.037944261
v 0.26174114 0.007700886 0.037995568
v 0.26174114 0.0077114989 0.03804654
v 0.26164114 0.0078250472 0.037492462
v 0.26164114 0.0078604858 0.037467441
v 0.26164114 0.007897545 0.037445635
v 0.26164114 0.0079372428 0.03742906
v 0.26164114 0.0079784899 0.037415558
v 0.26174114 0.0079784899 0.037415558
v 0.26174114 0.0079372428 0.03742906
v 0.26174114 0.007897545 0.037445635
v 0.26174114 0.0078604858 0.037467441
v 0.26174114 0.0078250472 0.037492462
v 0.26164114 0.0080836038 0.038018341
v 0.26164114 0.0081266488 0.038016396
v 0.26164114 0.0081682165 0.03800965
v 0.26164114 0.0082070817 0.037994125
v 0.26164114 0.0082440899 0.037972565
v 0.26174114 0.0082440899 0.037972565
v 0.26174114 0.0082070817 0.037994125
v 0.26174114 0.0081682165 0.03800965
v 0.26174114 0.0081266488 0.038016396
v 0.26174114 0.0080836038 0.038018341
v 0.26164114 0.008091649 0.038314972
v 0.26164114 0.008044218 0.038313388
v 0.26164114 0.007997465 0.038308319
v 0.26164114 0.0079519402 0.038296932
v 0.26164114 0.0079072444 0.038281281
v 0.26174114 0.0079072444 0.038281281
v 0.26174114 0.0079519402 0.038296932
v 0.26174114 0.007997465 0.038308319
v 0.26174114 0.008044218 0.038313388
v 0.26174114 0.008091649 0.038314972
v 0.26164114 0.0082440899 0.037972565
v 0.26164114 0.0082667793 0.037946845
v 0.26164114 0.0082842605 0.037918798
v 0.26164114 0.0082932003 0.037886934
v 0.26164114 0.0082970931 0.037852814
v 0.26174114 0.0082970931 0.037852814
v 0.26174114 0.0082932003 0.037886934
v 0.26174114 0.0082842605 0.037918798
v 0.26174114 0.0082667793 0.037946845
v 0.26174114 0.0082440899 0.037972565
v 0.26164114 0.008501439 0.037861603
v 0.26164114 0.0084996627 0.03791867
v 0.26164114 0.0084942053 0.037975113
v 0.26164114 0.0084821116 0.038030428
v 0.26164114 0.0084655847 0.038084992
v 0.26174114 0.0084655847 0.038084992
v 0.26174114 0.0084821116 0.038030428
v 0.26174114 0.0084942053 0.037975113
v 0.26174114 0.0084996627 0.03791867
v 0.26174114 0.008501439 0.037861603
v 0.26164114 0.0079381149 0.037972931
v 0.26164114 0.0079712854 0.03799392
v 0.26164114 0.0080063368 0.038009248
v 0.26164114 0.0080441935 0.038016132
v 0.26164114 0.0080836038 0.038018341
v 0.26174114 0.0080836038 0.038018341
v 0.26174114 0.0080441935 0.038016132
v 0.26174114 0.0080063368 0.038009248
v 0.26174114 0.0079712854 0.03799392
v 0.26174114 0.0079381149 0.037972931
v 0.26174114 0.007918431 0.037758697
v 0.26174114 0.0079052429 0.037781549
v 0.26174114 0.0078952552 0.037805401
v 0.26174114 0.0078903599 0.037830846
v 0.26174114 0.0078884019 0.037857208
v 0.26174114 0.0078921031 0.037889916
v 0.26174114 0.0079005225 0.037920582
v 0.26174114 0.0079169007 0.037947803
v 0.26174114 0.0079381149 0.037972931
v 0.26174114 0.0079712854 0.03799392
v 0.26174114 0.0080063368 0.038009248
v 0.26174114 0.0080441935 0.038016132
v 0.26174114 0.0080836038 0.038018341
v 0.26174114 0.0081266488 0.038016396
v 0.26174114 0.0081682165 0.03800965
v 0.26174114 0.0082070817 0.037994125
v 0.26174114 0.0082440899 0.037972565
v 0.26174114 0.0082667793 0.037946845
v 0.26174114 0.0082842605 0.037918798
v 0.26174114 0.0082932003 0.037886934
v 0.26174114 0.0082970931 0.037852814
v 0.26174114 0.0082957532 0.03782805
v 0.26174114 0.0082918464 0.037804018
v 0.26174114 0.0082833479 0.037781294
v 0.26174114 0.0082718246 0.03775943
v 0.26174114 0.0082560499 0.037742841
v 0.26174114 0.0082385807 0.037728853
v 0.26174114 0.008218434 0.037718975
v 0.26174114 0.0081967513 0.037711457
v 0.26174114 0.008234105 0.037430939
v 0.26174114 0.008292328 0.037454196
v 0.26174114 0.0083460687 0.037483741
v 0.26174114 0.0083920954 0.037524104
v 0.26174114 0.0084333237 0.037571197
v 0.26174114 0.008465509 0.037639961
v 0.26174114 0.0084886293 0.03771102
v 0.26174114 0.0084986173 0.037785404
v 0.26174114 0.008501439 0.037861603
v 0.26174114 0.0084996627 0.03791867
v 0.26174114 0.0084942053 0.037975113
v 0.26174114 0.0084821116 0.038030428
v 0.26174114 0.0084655847 0.038084992
v 0.26174114 0.0084514557 0.038113752
v 0.26174114 0.0084355505 0.038141373
v 0.26174114 0.0084168108 0.038167175
v 0.26174114 0.0083964337 0.038191925
v 0.26174114 0.0083727859 0.038215775
v 0.26174114 0.0083477332 0.038237822
v 0.26174114 0.0083203046 0.038256818
v 0.26174114 0.0082914282 0.038273956
v 0.26174114 0.0082432701 0.038292532
v 0.26174114 0.0081940796 0.0383063
v 0.26174114 0.0081433083 0.038312705
v 0.26174114 0.008091649 0.038314972
v 0.26174114 0.008044218 0.038313388
v 0.26174114 0.007997465 0.038308319
v 0.26174114 0.0079519402 0.038296932
v 0.26174114 0.0079072444 0.038281281
v 0.26174114 0.0078736939 0.038262293
v 0.26174114 0.007841935 0.03824097
v 0.26174114 0.0078131484 0.038215774
v 0.26174114 0.0077861373 0.038188263
v 0.26174114 0.0077619745 0.038155748
v 0.26174114 0.0077408622 0.038121616
v 0.26174114 0.0077247207 0.038084852
v 0.26174114 0.0077114989 0.03804654
v 0.26174114 0.007700886 0.037995568
v 0.26174114 0.0076931141 0.037944261
v 0.26174114 0.0076896001 0.037892452
v 0.26174114 0.0076884507 0.037840363
v 0.26174114 0.0076902847 0.037786259
v 0.26174114 0.0076957862 0.037732811
v 0.26174114 0.0077078758 0.037680544
v 0.26174114 0.0077243392 0.037629059
v 0.26174114 0.0077438976 0.037590747
v 0.26174114 0.0077664779 0.037554674
v 0.26174114 0.0077941914 0.037522404
v 0.26174114 0.0078250472 0.037492462
v 0.26174114 0.0078604858 0.037467441
v 0.26174114 0.007897545 0.037445635
v 0.26174114 0.0079372428 0.03742906
v 0.26174114 0.0079784899 0.037415558
v 0.26174114 0.0080107163 0.037699005
v 0.26174114 0.0079844253 0.037709072
v 0.26174114 0.0079598065 0.03772166
v 0.26174114 0.0079381548 0.037738725
v 0.26164114 0.0084655847 0.038084992
v 0.26164114 0.0084514557 0.038113752
v 0.26164114 0.0084355505 0.038141373
v 0.26164114 0.0084168108 0.038167175
v 0.26164114 0.0083964337 0.038191925
v 0.26174114 0.0083964337 0.038191925
v 0.26174114 0.0084168108 0.038167175
v 0.26174114 0.0084355505 0.038141373
v 0.26174114 0.0084514557 0.038113752
v 0.26174114 0.0084655847 0.038084992
v 0.26164114 0.0082970931 0.037852814
v 0.26164114 0.0082957532 0.03782805
v 0.26164114 0.0082918464 0.037804018
v 0.26164114 0.0082833479 0.037781294
v 0.26164114 0.0082718246 0.03775943
v 0.26174114 0.0082718246 0.03775943
v 0.26174114 0.0082833479 0.037781294
v 0.26174114 0.0082918464 0.037804018
v 0.26174114 0.0082957532 0.03782805
v 0.26174114 0.0082970931 0.037852814
v 0.26164114 0.0082914282 0.038273956
v 0.26164114 0.0082432701 0.038292532
v 0.26164114 0.0081940796 0.0383063
v 0.26164114 0.0081433083 0.038312705
v 0.26164114 0.008091649 0.038314972
v 0.26174114 0.008091649 0.038314972
v 0.26174114 0.0081433083 0.038312705
v 0.26174114 0.0081940796 0.0383063
v 0.26174114 0.0082432701 0.038292532
v 0.26174114 0.0082914282 0.038273956
v 0.26164114 0.0083964337 0.038191925
v 0.26164114 0.0083727859 0.038215775
v 0.26164114 0.0083477332 0.038237822
v 0.26164114 0.0083203046 0.038256818
v 0.26164114 0.0082914282 0.038273956
v 0.26174114 0.0082914282 0.038273956
v 0.26174114 0.0083203046 0.038256818
v 0.26174114 0.0083477332 0.038237822
v 0.26174114 0.0083727859 0.038215775
v 0.26174114 0.0083964337 0.038191925
v 0.26164114 0.0078884019 0.037857208
v 0.26164114 0.0078921031 0.037889916
v 0.26164114 0.0079005225 0.037920582
v 0.26164114 0.0079169007 0.037947803
v 0.26164114 0.0079381149 0.037972931
v 0.26174114 0.0079381149 0.037972931
v 0.26174114 0.0079169007 0.037947803
v 0.26174114 0.0079005225 0.037920582
v 0.26174114 0.0078921031 0.037889916
v 0.26174114 0.0078884019 0.037857208
v 0.26164114 0.0079072444 0.038281281
v 0.26164114 0.0078736939 0.038262293
v 0.26164114 0.007841935 0.03824097
v 0.26164114 0.0078131484 0.038215774
v 0.26164114 0.0077861373 0.038188263
v 0.26174114 0.0077861373 0.038188263
v 0.26174114 0.0078131484 0.038215774
v 0.26174114 0.007841935 0.03824097
v 0.26174114 0.0078736939 0.038262293
v 0.26174114 0.0079072444 0.038281281
v 0.26164114 0.0081967513 0.037711457
v 0.26164114 0.008234105 0.037430939
v 0.26174114 0.008234105 0.037430939
v 0.26174114 0.0081967513 0.037711457
v 0.26164114 0.0082718246 0.03775943
v 0.26164114 0.0082560499 0.037742841
v 0.26164114 0.0082385807 0.037728853
v 0.26164114 0.008218434 0.037718975
v 0.26164114 0.0081967513 0.037711457
v 0.26174114 0.0081967513 0.037711457
v 0.26174114 0.008218434 0.037718975
v 0.26174114 0.0082385807 0.037728853
v 0.26174114 0.0082560499 0.037742841
v 0.26174114 0.0082718246 0.03775943
v 0.26164114 0.008234105 0.037430939
v 0.26164114 0.008292328 0.037454196
v 0.26164114 0.0083460687 0.037483741
v 0.26164114 0.0083920954 0.037524104
v 0.26164114 0.0084333237 0.037571197
v 0.26174114 0.0084333237 0.037571197
v 0.26174114 0.0083920954 0.037524104
v 0.26174114 0.0083460687 0.037483741
v 0.26174114 0.008292328 0.037454196
v 0.26174114 0.008234105 0.037430939
v 0.26164114 0.0084333237 0.037571197
v 0.26164114 0.008465509 0.037639961
v 0.26164114 0.0084886293 0.03771102
v 0.26164114 0.0084986173 0.037785404
v 0.26164114 0.008501439 0.037861603
v 0.26174114 0.008501439 0.037861603
v 0.26174114 0.0084986173 0.037785404
v 0.26174114 0.0084886293 0.03771102
v 0.26174114 0.008465509 0.037639961
v 0.26174114 0.0084333237 0.037571197
f 4215 4216 4224
f 4224 4216 4223
f 4223 4216 4217
f 4223 4217 4222
f 4222 4217 4218
f 4222 4218 4221
f 4221 4218 4219
f 4221 4219 4220
f 4225 4226 4234
f 4234 4226 4233
f 4233 4226 4227
f 4233 4227 4232
f 4232 4227 4228
f 4232 4228 4231
f 4231 4228 4229
f 4231 4229 4230
f 4235 4236 4244
f 4244 4236 4243
f 4243 4236 4237
f 4243 4237 4242
f 4242 4237 4238
f 4242 4238 4241
f 4241 4238 4239
f 4241 4239 4240
f 4245 4246 4254
f 4254 4246 4253
f 4253 4246 4247
f 4253 4247 4252
f 4252 4247 4248
f 4252 4248 4251
f 4251 4248 4249
f 4251 4249 4250
f 4256 4276 4255
f 4255 4276 4277
f 4255 4277 4340
f 4340 4277 4278
f 4340 4278 4339
f 4339 4278 4279
f 4339 4279 4280
f 4276 4256 4275
f 4275 4256 4257
f 4275 4257 4274
f 4274 4257 4258
f 4274 4258 4273
f 4273 4258 4259
f 4273 4259 4272
f 4272 4259 4271
f 4271 4259 4260
f 4271 4260 4270
f 4270 4260 4269
f 4269 4260 4261
f 4269 4261 4268
f 4268 4261 4267
f 4267 4261 4262
f 4267 4262 4266
f 4266 4262 4263
f 4266 4263 4265
f 4265 4263 4264
f 4339 4280 4338
f 4338 4280 4281
f 4338 4281 4282
f 4338 4282 4337
f 4337 4282 4283
f 4337 4283 4284
f 4284 4285 4337
f 4337 4285 4336
f 4336 4285 4286
f 4336 4286 4287
f 4336 4287 4335
f 4335 4287 4288
f 4335 4288 4289
f 4335 4289 4334
f 4334 4289 4290
f 4334 4290 4291
f 4334 4291 4333
f 4333 4291 4292
f 4333 4292 4332
f 4332 4292 4293
f 4332 4293 4294
f 4332 4294 4331
f 4331 4294 4295
f 4331 4295 4296
f 4331 4296 4330
f 4330 4296 4297
f 4330 4297 4298
f 4298 4299 4330
f 4330 4299 4329
f 4329 4299 4300
f 4329 4300 4301
f 4301 4302 4329
f 4329 4302 4303
f 4329 4303 4328
f 4328 4303 4304
f 4328 4304 4305
f 4328 4305 4327
f 4327 4305 4306
f 4327 4306 4326
f 4326 4306 4307
f 4326 4307 4308
f 4309 4324 4308
f 4308 4324 4325
f 4308 4325 4326
f 4324 4309 4323
f 4323 4309 4310
f 4323 4310 4322
f 4322 4310 4311
f 4322 4311 4321
f 4321 4311 4312
f 4321 4312 4320
f 4320 4312 4313
f 4320 4313 4319
f 4319 4313 4314
f 4319 4314 4318
f 4318 4314 4315
f 4318 4315 4317
f 4317 4315 4316
f 4341 4342 4344
f 4344 4342 4343
f 4345 4346 4354
f 4354 4346 4353
f 4353 4346 4347
f 4353 4347 4352
f 4352 4347 4348
f 4352 4348 4351
f 4351 4348 4349
f 4351 4349 4350
f 4355 4356 4364
f 4364 4356 4363
f 4363 4356 4357
f 4363 4357 4362
f 4362 4357 4358
f 4362 4358 4361
f 4361 4358 4359
f 4361 4359 4360
f 4365 4366 4374
f 4374 4366 4373
f 4373 4366 4367
f 4373 4367 4372
f 4372 4367 4368
f 4372 4368 4371
f 4371 4368 4369
f 4371 4369 4370
f 4375 4376 4384
f 4384 4376 4383
f 4383 4376 4377
f 4383 4377 4382
f 4382 4377 4378
f 4382 4378 4381
f 4381 4378 4379
f 4381 4379 4380
f 4385 4386 4394
f 4394 4386 4393
f 4393 4386 4387
f 4393 4387 4392
f 4392 4387 4388
f 4392 4388 4391
f 4391 4388 4389
f 4391 4389 4390
f 4395 4396 4404
f 4404 4396 4403
f 4403 4396 4397
f 4403 4397 4402
f 4402 4397 4398
f 4402 4398 4401
f 4401 4398 4399
f 4401 4399 4400
f 4405 4406 4414
f 4414 4406 4413
f 4413 4406 4407
f 4413 4407 4412
f 4412 4407 4408
f 4412 4408 4411
f 4411 4408 4409
f 4411 4409 4410
f 4415 4416 4424
f 4424 4416 4423
f 4423 4416 4417
f 4423 4417 4422
f 4422 4417 4418
f 4422 4418 4421
f 4421 4418 4419
f 4421 4419 4420
f 4426 4497 4425
f 4425 4497 4498
f 4425 4498 4499
f 4497 4426 4496
f 4496 4426 4427
f 4496 4427 4495
f 4495 4427 4428
f 4495 4428 4494
f 4494 4428 4429
f 4494 4429 4493
f 4493 4429 4430
f 4493 4430 4492
f 4492 4430 4431
f 4492 4431 4491
f 4491 4431 4490
f 4490 4431 4432
f 4490 4432 4489
f 4489 4432 4488
f 4488 4432 4433
f 4488 4433 4487
f 4487 4433 4486
f 4486 4433 4485
f 4485 4433 4434
f 4485 4434 4484
f 4484 4434 4483
f 4483 4434 4435
f 4483 4435 4482
f 4482 4435 4481
f 4481 4435 4436
f 4481 4436 4480
f 4480 4436 4479
f 4479 4436 4437
f 4479 4437 4478
f 4478 4437 4438
f 4478 4438 4477
f 4477 4438 4476
f 4476 4438 4439
f 4476 4439 4475
f 4475 4439 4474
f 4474 4439 4440
f 4474 4440 4473
f 4473 4440 4472
f 4472 4440 4471
f 4471 4440 4441
f 4471 4441 4470
f 4470 4441 4469
f 4469 4441 4468
f 4468 4441 4467
f 4467 4441 4442
f 4467 4442 4466
f 4466 4442 4465
f 4465 4442 4443
f 4465 4443 4464
f 4464 4443 4444
f 4464 4444 4463
f 4463 4444 4462
f 4462 4444 4445
f 4462 4445 4446
f 4462 4446 4461
f 4461 4446 4447
f 4461 4447 4460
f 4460 4447 4448
f 4460 4448 4459
f 4459 4448 4449
f 4459 4449 4458
f 4458 4449 4450
f 4458 4450 4457
f 4457 4450 4451
f 4457 4451 4456
f 4456 4451 4452
f 4456 4452 4455
f 4455 4452 4453
f 4455 4453 4454
f 4425 4499 4510
f 4510 4499 4500
f 4510 4500 4501
f 4510 4501 4509
f 4509 4501 4502
f 4509 4502 4503
f 4509 4503 4508
f 4508 4503 4504
f 4508 4504 4507
f 4507 4504 4505
f 4507 4505 4506
f 4511 4512 4520
f 4520 4512 4519
f 4519 4512 4513
f 4519 4513 4518
f 4518 4513 4514
f 4518 4514 4517
f 4517 4514 4515
f 4517 4515 4516
f 4521 4522 4530
f 4530 4522 4529
f 4529 4522 4523
f 4529 4523 4528
f 4528 4523 4524
f 4528 4524 4527
f 4527 4524 4525
f 4527 4525 4526
f 4531 4532 4540
f 4540 4532 4539
f 4539 4532 4533
f 4539 4533 4538
f 4538 4533 4534
f 4538 4534 4537
f 4537 4534 4535
f 4537 4535 4536
f 4541 4542 4550
f 4550 4542 4549
f 4549 4542 4543
f 4549 4543 4548
f 4548 4543 4544
f 4548 4544 4547
f 4547 4544 4545
f 4547 4545 4546
f 4551 4552 4560
f 4560 4552 4559
f 4559 4552 4553
f 4559 4553 4558
f 4558 4553 4554
f 4558 4554 4557
f 4557 4554 4555
f 4557 4555 4556
f 4561 4562 4570
f 4570 4562 4569
f 4569 4562 4563
f 4569 4563 4568
f 4568 4563 4564
f 4568 4564 4567
f 4567 4564 4565
f 4567 4565 4566
f 4571 4572 4574
f 4574 4572 4573
f 4575 4576 4584
f 4584 4576 4583
f 4583 4576 4577
f 4583 4577 4582
f 4582 4577 4578
f 4582 4578 4581
f 4581 4578 4579
f 4581 4579 4580
f 4585 4586 4594
f 4594 4586 4593
f 4593 4586 4587
f 4593 4587 4592
f 4592 4587 4588
f 4592 4588 4591
f 4591 4588 4589
f 4591 4589 4590
f 4595 4596 4604
f 4604 4596 4603
f 4603 4596 4597
f 4603 4597 4602
f 4602 4597 4598
f 4602 4598 4601
f 4601 4598 4599
f 4601 4599 4600
v 0.26164114 0.0084838606 0.039779083
v 0.26164114 0.0077060287 0.039779083
v 0.26174114 0.0077060287 0.039779083
v 0.26174114 0.0084838606 0.039779083
v 0.26164114 0.0082004134 0.038956574
v 0.26164114 0.0082620676 0.03895959
v 0.26164114 0.0083212929 0.038969929
v 0.26164114 0.0083760823 0.03899364
v 0.26164114 0.0084278305 0.03902652
v 0.26174114 0.0084278305 0.03902652
v 0.26174114 0.0083760823 0.03899364
v 0.26174114 0.0083212929 0.038969929
v 0.26174114 0.0082620676 0.03895959
v 0.26174114 0.0082004134 0.038956574
v 0.26164114 0.0083571519 0.039501496
v 0.26164114 0.0084838606 0.039501496
v 0.26174114 0.0084838606 0.039501496
v 0.26174114 0.0083571519 0.039501496
v 0.26164114 0.0077060287 0.039779083
v 0.26164114 0.0077060287 0.039480987
v 0.26174114 0.0077060287 0.039480987
v 0.26174114 0.0077060287 0.039779083
v 0.26164114 0.0084681137 0.039375519
v 0.26164114 0.0084449495 0.039410975
v 0.26164114 0.0084191252 0.039444128
v 0.26164114 0.008389266 0.039473788
v 0.26164114 0.0083571519 0.039501496
v 0.26174114 0.0083571519 0.039501496
v 0.26174114 0.008389266 0.039473788
v 0.26174114 0.0084191252 0.039444128
v 0.26174114 0.0084449495 0.039410975
v 0.26174114 0.0084681137 0.039375519
v 0.26164114 0.0084278305 0.03902652
v 0.26164114 0.0084605508 0.039069315
v 0.26164114 0.0084851246 0.039115317
v 0.26164114 0.008496926 0.039166347
v 0.26164114 0.008501439 0.039220246
v 0.26174114 0.008501439 0.039220246
v 0.26174114 0.008496926 0.039166347
v 0.26174114 0.0084851246 0.039115317
v 0.26174114 0.0084605508 0.039069315
v 0.26174114 0.0084278305 0.03902652
v 0.26164114 0.0084838606 0.039501496
v 0.26164114 0.0084838606 0.039779083
v 0.26174114 0.0084838606 0.039779083
v 0.26174114 0.0084838606 0.039501496
v 0.26164114 0.0077060287 0.039480987
v 0.26164114 0.0077060287 0.039779083
v 0.26164114 0.0084838606 0.039779083
v 0.26164114 0.0084838606 0.039501496
v 0.26164114 0.0083571519 0.039501496
v 0.26164114 0.008389266 0.039473788
v 0.26164114 0.0084191252 0.039444128
v 0.26164114 0.0084449495 0.039410975
v 0.26164114 0.0084681137 0.039375519
v 0.26164114 0.0084830253 0.039338165
v 0.26164114 0.0084941726 0.039299974
v 0.26164114 0.0084994666 0.03926048
v 0.26164114 0.008501439 0.039220246
v 0.26164114 0.008496926 0.039166347
v 0.26164114 0.0084851246 0.039115317
v 0.26164114 0.0084605508 0.039069315
v 0.26164114 0.0084278305 0.03902652
v 0.26164114 0.0083760823 0.03899364
v 0.26164114 0.0083212929 0.038969929
v 0.26164114 0.0082620676 0.03895959
v 0.26164114 0.0082004134 0.038956574
v 0.26164114 0.0077060287 0.038956574
v 0.26164114 0.0077060287 0.039256134
v 0.26164114 0.0081337632 0.039256134
v 0.26164114 0.0081614183 0.039256918
v 0.26164114 0.0081882118 0.039260659
v 0.26164114 0.0082133921 0.039269936
v 0.26164114 0.0082374008 0.039283233
v 0.26164114 0.0082508777 0.03929985
v 0.26164114 0.0082610174 0.039317844
v 0.26164114 0.0082659076 0.039338006
v 0.26164114 0.0082677962 0.039359406
v 0.26164114 0.0082646658 0.039384715
v 0.26164114 0.0082576667 0.039408212
v 0.26164114 0.0082441814 0.039428671
v 0.26164114 0.0082267807 0.039447296
v 0.26164114 0.0081921925 0.039464244
v 0.26164114 0.0081562121 0.039475835
v 0.26164114 0.0081183775 0.039480294
v 0.26164114 0.0080795638 0.039480987
v 0.26164114 0.008501439 0.039220246
v 0.26164114 0.0084994666 0.03926048
v 0.26164114 0.0084941726 0.039299974
v 0.26164114 0.0084830253 0.039338165
v 0.26164114 0.0084681137 0.039375519
v 0.26174114 0.0084681137 0.039375519
v 0.26174114 0.0084830253 0.039338165
v 0.26174114 0.0084941726 0.039299974
v 0.26174114 0.0084994666 0.03926048
v 0.26174114 0.008501439 0.039220246
v 0.26164114 0.0081337632 0.039256134
v 0.26164114 0.0077060287 0.039256134
v 0.26174114 0.0077060287 0.039256134
v 0.26174114 0.0081337632 0.039256134
v 0.26164114 0.0082267807 0.039447296
v 0.26164114 0.0082441814 0.039428671
v 0.26164114 0.0082576667 0.039408212
v 0.26164114 0.0082646658 0.039384715
v 0.26164114 0.0082677962 0.039359406
v 0.26174114 0.0082677962 0.039359406
v 0.26174114 0.0082646658 0.039384715
v 0.26174114 0.0082576667 0.039408212
v 0.26174114 0.0082441814 0.039428671
v 0.26174114 0.0082267807 0.039447296
v 0.26174114 0.0077060287 0.039779083
v 0.26174114 0.0077060287 0.039480987
v 0.26174114 0.0080795638 0.039480987
v 0.26174114 0.0081183775 0.039480294
v 0.26174114 0.0081562121 0.039475835
v 0.26174114 0.0081921925 0.039464244
v 0.26174114 0.0082267807 0.039447296
v 0.26174114 0.0082441814 0.039428671
v 0.26174114 0.0082576667 0.039408212
v 0.26174114 0.0082646658 0.039384715
v 0.26174114 0.0082677962 0.039359406
v 0.26174114 0.0082659076 0.039338006
v 0.26174114 0.0082610174 0.039317844
v 0.26174114 0.0082508777 0.03929985
v 0.26174114 0.0082374008 0.039283233
v 0.26174114 0.0082133921 0.039269936
v 0.26174114 0.0081882118 0.039260659
v 0.26174114 0.0081614183 0.039256918
v 0.26174114 0.0081337632 0.039256134
v 0.26174114 0.0077060287 0.039256134
v 0.26174114 0.0077060287 0.038956574
v 0.26174114 0.0082004134 0.038956574
v 0.26174114 0.0082620676 0.03895959
v 0.26174114 0.0083212929 0.038969929
v 0.26174114 0.0083760823 0.03899364
v 0.26174114 0.0084278305 0.03902652
v 0.26174114 0.0084605508 0.039069315
v 0.26174114 0.0084851246 0.039115317
v 0.26174114 0.008496926 0.039166347
v 0.26174114 0.008501439 0.039220246
v 0.26174114 0.0084994666 0.03926048
v 0.26174114 0.0084941726 0.039299974
v 0.26174114 0.0084830253 0.039338165
v 0.26174114 0.0084681137 0.039375519
v 0.26174114 0.0084449495 0.039410975
v 0.26174114 0.0084191252 0.039444128
v 0.26174114 0.008389266 0.039473788
v 0.26174114 0.0083571519 0.039501496
v 0.26174114 0.0084838606 0.039501496
v 0.26174114 0.0084838606 0.039779083
v 0.26164114 0.0082677962 0.039359406
v 0.26164114 0.0082659076 0.039338006
v 0.26164114 0.0082610174 0.039317844
v 0.26164114 0.0082508777 0.03929985
v 0.26164114 0.0082374008 0.039283233
v 0.26174114 0.0082374008 0.039283233
v 0.26174114 0.0082508777 0.03929985
v 0.26174114 0.0082610174 0.039317844
v 0.26174114 0.0082659076 0.039338006
v 0.26174114 0.0082677962 0.039359406
v 0.26164114 0.0077060287 0.039480987
v 0.26164114 0.0080795638 0.039480987
v 0.26174114 0.0080795638 0.039480987
v 0.26174114 0.0077060287 0.039480987
v 0.26164114 0.0077060287 0.039256134
v 0.26164114 0.0077060287 0.038956574
v 0.26174114 0.0077060287 0.038956574
v 0.26174114 0.0077060287 0.039256134
v 0.26164114 0.0077060287 0.038956574
v 0.26164114 0.0082004134 0.038956574
v 0.26174114 0.0082004134 0.038956574
v 0.26174114 0.0077060287 0.038956574
v 0.26164114 0.0082374008 0.039283233
v 0.26164114 0.0082133921 0.039269936
v 0.26164114 0.0081882118 0.039260659
v 0.26164114 0.0081614183 0.039256918
v 0.26164114 0.0081337632 0.039256134
v 0.26174114 0.0081337632 0.039256134
v 0.26174114 0.0081614183 0.039256918
v 0.26174114 0.0081882118 0.039260659
v 0.26174114 0.0082133921 0.039269936
v 0.26174114 0.0082374008 0.039283233
v 0.26164114 0.0080795638 0.039480987
v 0.26164114 0.0081183775 0.039480294
v 0.26164114 0.0081562121 0.039475835
v 0.26164114 0.0081921925 0.039464244
v 0.26164114 0.0082267807 0.039447296
v 0.26174114 0.0082267807 0.039447296
v 0.26174114 0.0081921925 0.039464244
v 0.26174114 0.0081562121 0.039475835
v 0.26174114 0.0081183775 0.039480294
v 0.26174114 0.0080795638 0.039480987
f 4605 4606 4608
f 4608 4606 4607
f 4609 4610 4618
f 4618 4610 4617
f 4617 4610 4611
f 4617 4611 4616
f 4616 4611 4612
f 4616 4612 4615
f 4615 4612 4613
f 4615 4613 4614
f 4619 4620 4622
f 4622 4620 4621
f 4623 4624 4626
f 4626 4624 4625
f 4627 4628 4636
f 4636 4628 4635
f 4635 4628 4629
f 4635 4629 4634
f 4634 4629 4630
f 4634 4630 4633
f 4633 4630 4631
f 4633 4631 4632
f 4637 4638 4646
f 4646 4638 4645
f 4645 4638 4639
f 4645 4639 4644
f 4644 4639 4640
f 4644 4640 4643
f 4643 4640 4641
f 4643 4641 4642
f 4647 4648 4650
f 4650 4648 4649
f 4651 4652 4690
f 4690 4652 4653
f 4690 4653 4689
f 4689 4653 4688
f 4688 4653 4655
f 4688 4655 4687
f 4687 4655 4686
f 4686 4655 4685
f 4685 4655 4684
f 4684 4655 4656
f 4684 4656 4683
f 4683 4656 4657
f 4683 4657 4682
f 4682 4657 4658
f 4682 4658 4681
f 4681 4658 4659
f 4681 4659 4660
f 4653 4654 4655
f 4681 4660 4680
f 4680 4660 4661
f 4680 4661 4662
f 4680 4662 4679
f 4679 4662 4663
f 4679 4663 4664
f 4679 4664 4678
f 4678 4664 4665
f 4678 4665 4666
f 4666 4667 4678
f 4678 4667 4668
f 4678 4668 4677
f 4677 4668 4669
f 4677 4669 4670
f 4677 4670 4676
f 4676 4670 4671
f 4676 4671 4675
f 4675 4671 4674
f 4674 4671 4672
f 4674 4672 4673
f 4691 4692 4700
f 4700 4692 4699
f 4699 4692 4693
f 4699 4693 4698
f 4698 4693 4694
f 4698 4694 4697
f 4697 4694 4695
f 4697 4695 4696
f 4701 4702 4704
f 4704 4702 4703
f 4705 4706 4714
f 4714 4706 4713
f 4713 4706 4707
f 4713 4707 4712
f 4712 4707 4708
f 4712 4708 4711
f 4711 4708 4709
f 4711 4709 4710
f 4716 4717 4715
f 4715 4717 4754
f 4754 4717 4718
f 4754 4718 4719
f 4754 4719 4752
f 4752 4719 4720
f 4752 4720 4721
f 4721 4722 4752
f 4752 4722 4723
f 4752 4723 4751
f 4751 4723 4724
f 4751 4724 4750
f 4750 4724 4725
f 4750 4725 4749
f 4749 4725 4726
f 4749 4726 4748
f 4748 4726 4747
f 4747 4726 4727
f 4747 4727 4746
f 4746 4727 4745
f 4745 4727 4728
f 4745 4728 4744
f 4744 4728 4743
f 4743 4728 4729
f 4743 4729 4742
f 4742 4729 4741
f 4741 4729 4740
f 4740 4729 4739
f 4739 4729 4730
f 4739 4730 4738
f 4738 4730 4737
f 4737 4730 4731
f 4737 4731 4736
f 4736 4731 4732
f 4736 4732 4733
f 4734 4735 4733
f 4733 4735 4736
f 4752 4753 4754
f 4755 4756 4764
f 4764 4756 4763
f 4763 4756 4757
f 4763 4757 4762
f 4762 4757 4758
f 4762 4758 4761
f 4761 4758 4759
f 4761 4759 4760
f 4765 4766 4768
f 4768 4766 4767
f 4769 4770 4772
f 4772 4770 4771
f 4773 4774 4776
f 4776 4774 4775
f 4777 4778 4786
f 4786 4778 4785
f 4785 4778 4779
f 4785 4779 4784
f 4784 4779 4780
f 4784 4780 4783
f 4783 4780 4781
f 4783 4781 4782
f 4787 4788 4796
f 4796 4788 4795
f 4795 4788 4789
f 4795 4789 4794
f 4794 4789 4790
f 4794 4790 4793
f 4793 4790 4791
f 4793 4791 4792
v 0.26164114 0.0082655992 0.041751495
v 0.26164114 0.0082655992 0.041587433
v 0.26174114 0.0082655992 0.041587433
v 0.26174114 0.0082655992 0.041751495
v 0.26164114 0.0084838606 0.042050323
v 0.26164114 0.0086266829 0.042050323
v 0.26164114 0.0087797593 0.041751495
v 0.26164114 0.0084838606 0.041751495
v 0.26164114 0.0084838606 0.041587433
v 0.26164114 0.0082655992 0.041587433
v 0.26164114 0.0082655992 0.041751495
v 0.26164114 0.0079900254 0.041751495
v 0.26164114 0.0079731698 0.041751495
v 0.26164114 0.0079565086 0.041750369
v 0.26164114 0.0079402237 0.041747059
v 0.26164114 0.0079242449 0.041741974
v 0.26164114 0.0079130171 0.041731715
v 0.26164114 0.0079046796 0.041719981
v 0.26164114 0.0079007833 0.041705981
v 0.26164114 0.0078993882 0.041690704
v 0.26164114 0.0079017477 0.041667168
v 0.26164114 0.007905582 0.041643919
v 0.26164114 0.0079114468 0.041621064
v 0.26164114 0.0079183967 0.041598419
v 0.26164114 0.0077126207 0.041576446
v 0.26164114 0.0077028067 0.041627649
v 0.26164114 0.0076949908 0.041679082
v 0.26164114 0.0076906352 0.041730911
v 0.26164114 0.0076884507 0.041782989
v 0.26164114 0.0076892768 0.041825221
v 0.26164114 0.0076932164 0.041866853
v 0.26164114 0.0077029832 0.04190736
v 0.26164114 0.0077169807 0.041947052
v 0.26164114 0.0077339925 0.041971703
v 0.26164114 0.0077535741 0.041993513
v 0.26164114 0.0077773725 0.042010662
v 0.26164114 0.0078036641 0.042025055
v 0.26164114 0.0078497921 0.042037721
v 0.26164114 0.0078965218 0.042046409
v 0.26164114 0.0079440563 0.042049774
v 0.26164114 0.0079920165 0.042050323
v 0.26164114 0.0082655992 0.042050323
v 0.26164114 0.0082655992 0.042160187
v 0.26164114 0.0084838606 0.042160187
v 0.26164114 0.0079242449 0.041741974
v 0.26164114 0.0079402237 0.041747059
v 0.26164114 0.0079565086 0.041750369
v 0.26164114 0.0079731698 0.041751495
v 0.26164114 0.0079900254 0.041751495
v 0.26174114 0.0079900254 0.041751495
v 0.26174114 0.0079731698 0.041751495
v 0.26174114 0.0079565086 0.041750369
v 0.26174114 0.0079402237 0.041747059
v 0.26174114 0.0079242449 0.041741974
v 0.26164114 0.0086266829 0.042050323
v 0.26164114 0.0084838606 0.042050323
v 0.26174114 0.0084838606 0.042050323
v 0.26174114 0.0086266829 0.042050323
v 0.26164114 0.0079900254 0.041751495
v 0.26164114 0.0082655992 0.041751495
v 0.26174114 0.0082655992 0.041751495
v 0.26174114 0.0079900254 0.041751495
v 0.26164114 0.0084838606 0.041587433
v 0.26164114 0.0084838606 0.041751495
v 0.26174114 0.0084838606 0.041751495
v 0.26174114 0.0084838606 0.041587433
v 0.26164114 0.0087797593 0.041751495
v 0.26164114 0.0086266829 0.042050323
v 0.26174114 0.0086266829 0.042050323
v 0.26174114 0.0087797593 0.041751495
v 0.26164114 0.0084838606 0.041751495
v 0.26164114 0.0087797593 0.041751495
v 0.26174114 0.0087797593 0.041751495
v 0.26174114 0.0084838606 0.041751495
v 0.26164114 0.0082655992 0.041587433
v 0.26164114 0.0084838606 0.041587433
v 0.26174114 0.0084838606 0.041587433
v 0.26174114 0.0082655992 0.041587433
v 0.26164114 0.0078036641 0.042025055
v 0.26164114 0.0077773725 0.042010662
v 0.26164114 0.0077535741 0.041993513
v 0.26164114 0.0077339925 0.041971703
v 0.26164114 0.0077169807 0.041947052
v 0.26174114 0.0077169807 0.041947052
v 0.26174114 0.0077339925 0.041971703
v 0.26174114 0.0077535741 0.041993513
v 0.26174114 0.0077773725 0.042010662
v 0.26174114 0.0078036641 0.042025055
v 0.26164114 0.0077126207 0.041576446
v 0.26164114 0.0079183967 0.041598419
v 0.26174114 0.0079183967 0.041598419
v 0.26174114 0.0077126207 0.041576446
v 0.26164114 0.0079183967 0.041598419
v 0.26164114 0.0079114468 0.041621064
v 0.26164114 0.007905582 0.041643919
v 0.26164114 0.0079017477 0.041667168
v 0.26164114 0.0078993882 0.041690704
v 0.26174114 0.0078993882 0.041690704
v 0.26174114 0.0079017477 0.041667168
v 0.26174114 0.007905582 0.041643919
v 0.26174114 0.0079114468 0.041621064
v 0.26174114 0.0079183967 0.041598419
v 0.26164114 0.0076884507 0.041782989
v 0.26164114 0.0076906352 0.041730911
v 0.26164114 0.0076949908 0.041679082
v 0.26164114 0.0077028067 0.041627649
v 0.26164114 0.0077126207 0.041576446
v 0.26174114 0.0077126207 0.041576446
v 0.26174114 0.0077028067 0.041627649
v 0.26174114 0.0076949908 0.041679082
v 0.26174114 0.0076906352 0.041730911
v 0.26174114 0.0076884507 0.041782989
v 0.26164114 0.0084838606 0.042050323
v 0.26164114 0.0084838606 0.042160187
v 0.26174114 0.0084838606 0.042160187
v 0.26174114 0.0084838606 0.042050323
v 0.26164114 0.0078993882 0.041690704
v 0.26164114 0.0079007833 0.041705981
v 0.26164114 0.0079046796 0.041719981
v 0.26164114 0.0079130171 0.041731715
v 0.26164114 0.0079242449 0.041741974
v 0.26174114 0.0079242449 0.041741974
v 0.26174114 0.0079130171 0.041731715
v 0.26174114 0.0079046796 0.041719981
v 0.26174114 0.0079007833 0.041705981
v 0.26174114 0.0078993882 0.041690704
v 0.26164114 0.0077169807 0.041947052
v 0.26164114 0.0077029832 0.04190736
v 0.26164114 0.0076932164 0.041866853
v 0.26164114 0.0076892768 0.041825221
v 0.26164114 0.0076884507 0.041782989
v 0.26174114 0.0076884507 0.041782989
v 0.26174114 0.0076892768 0.041825221
v 0.26174114 0.0076932164 0.041866853
v 0.26174114 0.0077029832 0.04190736
v 0.26174114 0.0077169807 0.041947052
v 0.26164114 0.0084838606 0.042160187
v 0.26164114 0.0082655992 0.042160187
v 0.26174114 0.0082655992 0.042160187
v 0.26174114 0.0084838606 0.042160187
v 0.26164114 0.0079920165 0.042050323
v 0.26164114 0.0079440563 0.042049774
v 0.26164114 0.0078965218 0.042046409
v 0.26164114 0.0078497921 0.042037721
v 0.26164114 0.0078036641 0.042025055
v 0.26174114 0.0078036641 0.042025055
v 0.26174114 0.0078497921 0.042037721
v 0.26174114 0.0078965218 0.042046409
v 0.26174114 0.0079440563 0.042049774
v 0.26174114 0.0079920165 0.042050323
v 0.26174114 0.0086266829 0.042050323
v 0.26174114 0.0084838606 0.042050323
v 0.26174114 0.0084838606 0.042160187
v 0.26174114 0.0082655992 0.042160187
v 0.26174114 0.0082655992 0.042050323
v 0.26174114 0.0079920165 0.042050323
v 0.26174114 0.0079440563 0.042049774
v 0.26174114 0.0078965218 0.042046409
v 0.26174114 0.0078497921 0.042037721
v 0.26174114 0.0078036641 0.042025055
v 0.26174114 0.0077773725 0.042010662
v 0.26174114 0.0077535741 0.041993513
v 0.26174114 0.0077339925 0.041971703
v 0.26174114 0.0077169807 0.041947052
v 0.26174114 0.0077029832 0.04190736
v 0.26174114 0.0076932164 0.041866853
v 0.26174114 0.0076892768 0.041825221
v 0.26174114 0.0076884507 0.041782989
v 0.26174114 0.0076906352 0.041730911
v 0.26174114 0.0076949908 0.041679082
v 0.26174114 0.0077028067 0.041627649
v 0.26174114 0.0077126207 0.041576446
v 0.26174114 0.0079183967 0.041598419
v 0.26174114 0.0079114468 0.041621064
v 0.26174114 0.007905582 0.041643919
v 0.26174114 0.0079017477 0.041667168
v 0.26174114 0.0078993882 0.041690704
v 0.26174114 0.0079007833 0.041705981
v 0.26174114 0.0079046796 0.041719981
v 0.26174114 0.0079130171 0.041731715
v 0.26174114 0.0079242449 0.041741974
v 0.26174114 0.0079402237 0.041747059
v 0.26174114 0.0079565086 0.041750369
v 0.26174114 0.0079731698 0.041751495
v 0.26174114 0.0079900254 0.041751495
v 0.26174114 0.0082655992 0.041751495
v 0.26174114 0.0082655992 0.041587433
v 0.26174114 0.0084838606 0.041587433
v 0.26174114 0.0084838606 0.041751495
v 0.26174114 0.0087797593 0.041751495
v 0.26164114 0.0082655992 0.042160187
v 0.26164114 0.0082655992 0.042050323
v 0.26174114 0.0082655992 0.042050323
v 0.26174114 0.0082655992 0.042160187
v 0.26164114 0.0082655992 0.042050323
v 0.26164114 0.0079920165 0.042050323
v 0.26174114 0.0079920165 0.042050323
v 0.26174114 0.0082655992 0.042050323
f 4797 4798 4800
f 4800 4798 4799
f 4802 4804 4801
f 4801 4804 4838
f 4801 4838 4839
f 4802 4803 4804
f 4838 4804 4807
f 4807 4804 4805
f 4807 4805 4806
f 4838 4807 4837
f 4837 4807 4808
f 4837 4808 4829
f 4829 4808 4809
f 4829 4809 4828
f 4828 4809 4810
f 4828 4810 4827
f 4827 4810 4811
f 4827 4811 4826
f 4826 4811 4812
f 4826 4812 4825
f 4825 4812 4813
f 4825 4813 4824
f 4824 4813 4814
f 4824 4814 4815
f 4824 4815 4823
f 4823 4815 4816
f 4823 4816 4817
f 4823 4817 4822
f 4822 4817 4818
f 4822 4818 4819
f 4820 4821 4819
f 4819 4821 4822
f 4837 4829 4836
f 4836 4829 4830
f 4836 4830 4835
f 4835 4830 4834
f 4834 4830 4831
f 4834 4831 4832
f 4832 4833 4834
f 4839 4840 4801
f 4841 4842 4850
f 4850 4842 4849
f 4849 4842 4843
f 4849 4843 4848
f 4848 4843 4844
f 4848 4844 4847
f 4847 4844 4845
f 4847 4845 4846
f 4851 4852 4854
f 4854 4852 4853
f 4855 4856 4858
f 4858 4856 4857
f 4859 4860 4862
f 4862 4860 4861
f 4863 4864 4866
f 4866 4864 4865
f 4867 4868 4870
f 4870 4868 4869
f 4871 4872 4874
f 4874 4872 4873
f 4875 4876 4884
f 4884 4876 4883
f 4883 4876 4877
f 4883 4877 4882
f 4882 4877 4878
f 4882 4878 4881
f 4881 4878 4879
f 4881 4879 4880
f 4885 4886 4888
f 4888 4886 4887
f 4889 4890 4898
f 4898 4890 4897
f 4897 4890 4891
f 4897 4891 4896
f 4896 4891 4892
f 4896 4892 4895
f 4895 4892 4893
f 4895 4893 4894
f 4899 4900 4908
f 4908 4900 4907
f 4907 4900 4901
f 4907 4901 4906
f 4906 4901 4902
f 4906 4902 4905
f 4905 4902 4903
f 4905 4903 4904
f 4909 4910 4912
f 4912 4910 4911
f 4913 4914 4922
f 4922 4914 4921
f 4921 4914 4915
f 4921 4915 4920
f 4920 4915 4916
f 4920 4916 4919
f 4919 4916 4917
f 4919 4917 4918
f 4923 4924 4932
f 4932 4924 4931
f 4931 4924 4925
f 4931 4925 4930
f 4930 4925 4926
f 4930 4926 4929
f 4929 4926 4927
f 4929 4927 4928
f 4933 4934 4936
f 4936 4934 4935
f 4937 4938 4946
f 4946 4938 4945
f 4945 4938 4939
f 4945 4939 4944
f 4944 4939 4940
f 4944 4940 4943
f 4943 4940 4941
f 4943 4941 4942
f 4986 4947 4985
f 4985 4947 4948
f 4985 4948 4982
f 4982 4948 4951
f 4982 4951 4952
f 4948 4949 4951
f 4951 4949 4950
f 4953 4960 4952
f 4952 4960 4981
f 4952 4981 4982
f 4960 4953 4959
f 4959 4953 4954
f 4959 4954 4955
f 4956 4957 4955
f 4955 4957 4958
f 4955 4958 4959
f 4981 4960 4980
f 4980 4960 4961
f 4980 4961 4979
f 4979 4961 4962
f 4979 4962 4978
f 4978 4962 4963
f 4978 4963 4977
f 4977 4963 4964
f 4977 4964 4976
f 4976 4964 4965
f 4976 4965 4975
f 4975 4965 4974
f 4974 4965 4966
f 4974 4966 4973
f 4973 4966 4972
f 4972 4966 4967
f 4972 4967 4971
f 4971 4967 4970
f 4970 4967 4968
f 4970 4968 4969
f 4982 4983 4985
f 4985 4983 4984
f 4987 4988 4990
f 4990 4988 4989
f 4991 4992 4994
f 4994 4992 4993
v 0.26164114 0.0085505112 0.045343292
v 0.26164114 0.0085505112 0.044786652
v 0.26174114 0.0085505112 0.044786652
v 0.26174114 0.0085505112 0.045343292
v 0.26164114 0.0081608628 0.044826935
v 0.26164114 0.0083798568 0.044826935
v 0.26174114 0.0083798568 0.044826935
v 0.26174114 0.0081608628 0.044826935
v 0.26164114 0.0077060287 0.045675812
v 0.26164114 0.0077060287 0.044770538
v 0.26174114 0.0077060287 0.044770538
v 0.26174114 0.0077060287 0.045675812
v 0.26164114 0.0077060287 0.044770538
v 0.26164114 0.0077060287 0.045675812
v 0.26164114 0.0087797593 0.045675812
v 0.26164114 0.0087797593 0.044786652
v 0.26164114 0.0085505112 0.044786652
v 0.26164114 0.0085505112 0.045343292
v 0.26164114 0.0083798568 0.045343292
v 0.26164114 0.0083798568 0.044826935
v 0.26164114 0.0081608628 0.044826935
v 0.26164114 0.0081608628 0.045343292
v 0.26164114 0.007949193 0.045343292
v 0.26164114 0.007949193 0.044770538
v 0.26164114 0.0083798568 0.044826935
v 0.26164114 0.0083798568 0.045343292
v 0.26174114 0.0083798568 0.045343292
v 0.26174114 0.0083798568 0.044826935
v 0.26164114 0.0087797593 0.044786652
v 0.26164114 0.0087797593 0.045675812
v 0.26174114 0.0087797593 0.045675812
v 0.26174114 0.0087797593 0.044786652
v 0.26164114 0.0083798568 0.045343292
v 0.26164114 0.0085505112 0.045343292
v 0.26174114 0.0085505112 0.045343292
v 0.26174114 0.0083798568 0.045343292
v 0.26164114 0.0085505112 0.044786652
v 0.26164114 0.0087797593 0.044786652
v 0.26174114 0.0087797593 0.044786652
v 0.26174114 0.0085505112 0.044786652
v 0.26164114 0.0087797593 0.045675812
v 0.26164114 0.0077060287 0.045675812
v 0.26174114 0.0077060287 0.045675812
v 0.26174114 0.0087797593 0.045675812
v 0.26164114 0.007949193 0.044770538
v 0.26164114 0.007949193 0.045343292
v 0.26174114 0.007949193 0.045343292
v 0.26174114 0.007949193 0.044770538
v 0.26164114 0.0077060287 0.044770538
v 0.26164114 0.007949193 0.044770538
v 0.26174114 0.007949193 0.044770538
v 0.26174114 0.0077060287 0.044770538
v 0.26164114 0.0081608628 0.045343292
v 0.26164114 0.0081608628 0.044826935
v 0.26174114 0.0081608628 0.044826935
v 0.26174114 0.0081608628 0.045343292
v 0.26164114 0.007949193 0.045343292
v 0.26164114 0.0081608628 0.045343292
v 0.26174114 0.0081608628 0.045343292
v 0.26174114 0.007949193 0.045343292
v 0.26174114 0.0077060287 0.045675812
v 0.26174114 0.0077060287 0.044770538
v 0.26174114 0.007949193 0.044770538
v 0.26174114 0.007949193 0.045343292
v 0.26174114 0.0081608628 0.045343292
v 0.26174114 0.0081608628 0.044826935
v 0.26174114 0.0083798568 0.044826935
v 0.26174114 0.0083798568 0.045343292
v 0.26174114 0.0085505112 0.045343292
v 0.26174114 0.0085505112 0.044786652
v 0.26174114 0.0087797593 0.044786652
v 0.26174114 0.0087797593 0.045675812
f 4995 4996 4998
f 4998 4996 4997
f 4999 5000 5002
f 5002 5000 5001
f 5003 5004 5006
f 5006 5004 5005
f 5018 5007 5017
f 5017 5007 5008
f 5017 5008 5016
f 5016 5008 5009
f 5016 5009 5013
f 5013 5009 5012
f 5012 5009 5010
f 5012 5010 5011
f 5013 5014 5016
f 5016 5014 5015
f 5019 5020 5022
f 5022 5020 5021
f 5023 5024 5026
f 5026 5024 5025
f 5027 5028 5030
f 5030 5028 5029
f 5031 5032 5034
f 5034 5032 5033
f 5035 5036 5038
f 5038 5036 5037
f 5039 5040 5042
f 5042 5040 5041
f 5043 5044 5046
f 5046 5044 5045
f 5047 5048 5050
f 5050 5048 5049
f 5051 5052 5054
f 5054 5052 5053
f 5056 5058 5055
f 5055 5058 5059
f 5055 5059 5066
f 5066 5059 5062
f 5066 5062 5063
f 5056 5057 5058
f 5059 5060 5062
f 5062 5060 5061
f 5064 5065 5063
f 5063 5065 5066
v 0.26164114 0.01625013 0.039399576
v 0.26164114 0.01655013 0.038199576
v 0.26174114 0.01655013 0.038199576
v 0.26174114 0.01625013 0.039399576
v 0.26164114 0.013291104 0.037927989
v 0.26164114 0.012823364 0.03874145
v 0.26174114 0.012823364 0.03874145
v 0.26174114 0.013291104 0.037927989
v 0.26164114 0.016483026 0.039834068
v 0.26164114 0.016851176 0.038433497
v 0.26164114 0.01600013 0.036960004
v 0.26164114 0.01550504 0.036960004
v 0.26164114 0.014949442 0.037323789
v 0.26164114 0.014390537 0.038236558
v 0.26164114 0.01335013 0.037798798
v 0.26164114 0.013016453 0.037798798
v 0.26164114 0.012428416 0.038827862
v 0.26164114 0.01350013 0.039899576
v 0.26164114 0.013300131 0.040249576
v 0.26164114 0.01445013 0.042099576
v 0.26164114 0.01500013 0.042099576
v 0.26164114 0.015100131 0.043599576
v 0.26164114 0.015256526 0.043699576
v 0.26164114 0.015500131 0.043699576
v 0.26164114 0.01620013 0.042499576
v 0.26164114 0.016270939 0.04013419
v 0.26164114 0.015206483 0.041878807
v 0.26164114 0.015367778 0.043573903
v 0.26164114 0.015300131 0.043573903
v 0.26164114 0.015264024 0.043514585
v 0.26164114 0.015126681 0.042029607
v 0.26164114 0.015050131 0.041949576
v 0.26164114 0.014500131 0.041949576
v 0.26164114 0.01348089 0.04027511
v 0.26164114 0.014000131 0.04027511
v 0.26164114 0.014050131 0.040199576
v 0.26164114 0.012650131 0.038849576
v 0.26164114 0.012686999 0.038811342
v 0.26164114 0.014250131 0.040199576
v 0.26164114 0.015335425 0.041798701
v 0.26164114 0.014393133 0.040143604
v 0.26164114 0.013312519 0.039181877
v 0.26164114 0.013565162 0.038788243
v 0.26164114 0.014811272 0.03947269
v 0.26164114 0.015551725 0.038319016
v 0.26164114 0.015974714 0.03717824
v 0.26164114 0.016032866 0.037198625
v 0.26164114 0.015551725 0.038571172
v 0.26164114 0.016227085 0.039675353
v 0.26164114 0.016328349 0.039587591
v 0.26164114 0.016640767 0.0383749
v 0.26164114 0.016693924 0.038436235
v 0.26164114 0.016359988 0.039732453
v 0.26164114 0.015668944 0.04089646
v 0.26164114 0.01561306 0.042281275
v 0.26164114 0.015400131 0.042599576
v 0.26164114 0.015500131 0.038099576
v 0.26164114 0.01520013 0.038549576
v 0.26164114 0.014562197 0.038282765
v 0.26164114 0.015047707 0.037464407
v 0.26164114 0.01555013 0.037099576
v 0.26164114 0.015879196 0.037099576
v 0.26164114 0.013571085 0.03997044
v 0.26164114 0.013755484 0.040130935
v 0.26164114 0.01350013 0.040130935
v 0.26164114 0.016033108 0.042483109
v 0.26164114 0.015500131 0.043434855
v 0.26164114 0.0154598 0.042828665
v 0.26164114 0.015734674 0.042337819
v 0.26164114 0.015801428 0.040943817
v 0.26164114 0.016083065 0.040440894
v 0.26164114 0.016100131 0.037399576
v 0.26164114 0.01655013 0.038199576
v 0.26164114 0.01625013 0.039399576
v 0.26164114 0.015700131 0.038549576
v 0.26164114 0.013505399 0.038585027
v 0.26164114 0.013200131 0.039099576
v 0.26164114 0.012823364 0.03874145
v 0.26164114 0.013291104 0.037927989
v 0.26164114 0.015135935 0.038699576
v 0.26164114 0.01478029 0.039318089
v 0.26164114 0.013505399 0.038585027
v 0.26164114 0.01478029 0.039318089
v 0.26174114 0.01478029 0.039318089
v 0.26174114 0.013505399 0.038585027
v 0.26164114 0.01478029 0.039318089
v 0.26164114 0.015135935 0.038699576
v 0.26174114 0.015135935 0.038699576
v 0.26174114 0.01478029 0.039318089
v 0.26164114 0.012823364 0.03874145
v 0.26164114 0.013200131 0.039099576
v 0.26174114 0.013200131 0.039099576
v 0.26174114 0.012823364 0.03874145
v 0.26164114 0.013200131 0.039099576
v 0.26164114 0.013505399 0.038585027
v 0.26174114 0.013505399 0.038585027
v 0.26174114 0.013200131 0.039099576
v 0.26164114 0.015135935 0.038699576
v 0.26164114 0.013291104 0.037927989
v 0.26174114 0.013291104 0.037927989
v 0.26174114 0.015135935 0.038699576
v 0.26164114 0.0154598 0.042828665
v 0.26164114 0.015500131 0.043434855
v 0.26174114 0.015500131 0.043434855
v 0.26174114 0.0154598 0.042828665
v 0.26164114 0.015801428 0.040943817
v 0.26164114 0.015734674 0.042337819
v 0.26174114 0.015734674 0.042337819
v 0.26174114 0.015801428 0.040943817
v 0.26164114 0.016270939 0.04013419
v 0.26164114 0.01620013 0.042499576
v 0.26174114 0.01620013 0.042499576
v 0.26174114 0.016270939 0.04013419
v 0.26164114 0.015734674 0.042337819
v 0.26164114 0.0154598 0.042828665
v 0.26174114 0.0154598 0.042828665
v 0.26174114 0.015734674 0.042337819
v 0.26164114 0.016851176 0.038433497
v 0.26164114 0.016483026 0.039834068
v 0.26174114 0.016483026 0.039834068
v 0.26174114 0.016851176 0.038433497
v 0.26164114 0.01550504 0.036960004
v 0.26164114 0.01600013 0.036960004
v 0.26174114 0.01600013 0.036960004
v 0.26174114 0.01550504 0.036960004
v 0.26164114 0.015700131 0.038549576
v 0.26164114 0.01625013 0.039399576
v 0.26174114 0.01625013 0.039399576
v 0.26174114 0.015700131 0.038549576
v 0.26174114 0.016851176 0.038433497
v 0.26174114 0.016483026 0.039834068
v 0.26174114 0.016270939 0.04013419
v 0.26174114 0.01620013 0.042499576
v 0.26174114 0.015500131 0.043699576
v 0.26174114 0.015256526 0.043699576
v 0.26174114 0.015100131 0.043599576
v 0.26174114 0.01500013 0.042099576
v 0.26174114 0.01445013 0.042099576
v 0.26174114 0.013300131 0.040249576
v 0.26174114 0.01350013 0.039899576
v 0.26174114 0.012428416 0.038827862
v 0.26174114 0.013016453 0.037798798
v 0.26174114 0.01335013 0.037798798
v 0.26174114 0.014390537 0.038236558
v 0.26174114 0.014949442 0.037323789
v 0.26174114 0.01550504 0.036960004
v 0.26174114 0.01600013 0.036960004
v 0.26174114 0.015367778 0.043573903
v 0.26174114 0.015206483 0.041878807
v 0.26174114 0.014250131 0.040199576
v 0.26174114 0.012686999 0.038811342
v 0.26174114 0.012650131 0.038849576
v 0.26174114 0.014050131 0.040199576
v 0.26174114 0.014000131 0.04027511
v 0.26174114 0.01348089 0.04027511
v 0.26174114 0.014500131 0.041949576
v 0.26174114 0.015050131 0.041949576
v 0.26174114 0.015126681 0.042029607
v 0.26174114 0.015264024 0.043514585
v 0.26174114 0.015300131 0.043573903
v 0.26174114 0.014393133 0.040143604
v 0.26174114 0.015335425 0.041798701
v 0.26174114 0.015400131 0.042599576
v 0.26174114 0.01561306 0.042281275
v 0.26174114 0.015668944 0.04089646
v 0.26174114 0.016359988 0.039732453
v 0.26174114 0.016693924 0.038436235
v 0.26174114 0.016640767 0.0383749
v 0.26174114 0.016328349 0.039587591
v 0.26174114 0.016227085 0.039675353
v 0.26174114 0.015551725 0.038571172
v 0.26174114 0.016032866 0.037198625
v 0.26174114 0.015974714 0.03717824
v 0.26174114 0.015551725 0.038319016
v 0.26174114 0.014811272 0.03947269
v 0.26174114 0.013565162 0.038788243
v 0.26174114 0.013312519 0.039181877
v 0.26174114 0.01520013 0.038549576
v 0.26174114 0.015500131 0.038099576
v 0.26174114 0.015879196 0.037099576
v 0.26174114 0.01555013 0.037099576
v 0.26174114 0.015047707 0.037464407
v 0.26174114 0.014562197 0.038282765
v 0.26174114 0.013755484 0.040130935
v 0.26174114 0.013571085 0.03997044
v 0.26174114 0.01350013 0.040130935
v 0.26174114 0.015500131 0.043434855
v 0.26174114 0.016033108 0.042483109
v 0.26174114 0.016083065 0.040440894
v 0.26174114 0.015801428 0.040943817
v 0.26174114 0.015734674 0.042337819
v 0.26174114 0.0154598 0.042828665
v 0.26174114 0.01655013 0.038199576
v 0.26174114 0.016100131 0.037399576
v 0.26174114 0.015700131 0.038549576
v 0.26174114 0.01625013 0.039399576
v 0.26174114 0.013200131 0.039099576
v 0.26174114 0.013505399 0.038585027
v 0.26174114 0.01478029 0.039318089
v 0.26174114 0.015135935 0.038699576
v 0.26174114 0.013291104 0.037927989
v 0.26174114 0.012823364 0.03874145
v 0.26164114 0.01655013 0.038199576
v 0.26164114 0.016100131 0.037399576
v 0.26174114 0.016100131 0.037399576
v 0.26174114 0.01655013 0.038199576
v 0.26164114 0.015300131 0.043573903
v 0.26164114 0.015367778 0.043573903
v 0.26174114 0.015367778 0.043573903
v 0.26174114 0.015300131 0.043573903
v 0.26164114 0.015367778 0.043573903
v 0.26164114 0.015206483 0.041878807
v 0.26174114 0.015206483 0.041878807
v 0.26174114 0.015367778 0.043573903
v 0.26164114 0.015206483 0.041878807
v 0.26164114 0.014250131 0.040199576
v 0.26174114 0.014250131 0.040199576
v 0.26174114 0.015206483 0.041878807
v 0.26164114 0.016483026 0.039834068
v 0.26164114 0.016270939 0.04013419
v 0.26174114 0.016270939 0.04013419
v 0.26174114 0.016483026 0.039834068
v 0.26164114 0.016100131 0.037399576
v 0.26164114 0.015700131 0.038549576
v 0.26174114 0.015700131 0.038549576
v 0.26174114 0.016100131 0.037399576
v 0.26164114 0.014393133 0.040143604
v 0.26164114 0.015335425 0.041798701
v 0.26174114 0.015335425 0.041798701
v 0.26174114 0.014393133 0.040143604
v 0.26164114 0.01600013 0.036960004
v 0.26164114 0.016851176 0.038433497
v 0.26174114 0.016851176 0.038433497
v 0.26174114 0.01600013 0.036960004
v 0.26164114 0.013565162 0.038788243
v 0.26164114 0.013312519 0.039181877
v 0.26174114 0.013312519 0.039181877
v 0.26174114 0.013565162 0.038788243
v 0.26164114 0.015050131 0.041949576
v 0.26164114 0.015126681 0.042029607
v 0.26174114 0.015126681 0.042029607
v 0.26174114 0.015050131 0.041949576
v 0.26164114 0.01520013 0.038549576
v 0.26164114 0.015500131 0.038099576
v 0.26174114 0.015500131 0.038099576
v 0.26174114 0.01520013 0.038549576
v 0.26164114 0.016693924 0.038436235
v 0.26164114 0.016640767 0.0383749
v 0.26174114 0.016640767 0.0383749
v 0.26174114 0.016693924 0.038436235
v 0.26164114 0.01335013 0.037798798
v 0.26164114 0.014390537 0.038236558
v 0.26174114 0.014390537 0.038236558
v 0.26174114 0.01335013 0.037798798
v 0.26164114 0.016032866 0.037198625
v 0.26164114 0.015974714 0.03717824
v 0.26174114 0.015974714 0.03717824
v 0.26174114 0.016032866 0.037198625
v 0.26164114 0.015126681 0.042029607
v 0.26164114 0.015264024 0.043514585
v 0.26174114 0.015264024 0.043514585
v 0.26174114 0.015126681 0.042029607
v 0.26164114 0.015335425 0.041798701
v 0.26164114 0.015400131 0.042599576
v 0.26174114 0.015400131 0.042599576
v 0.26174114 0.015335425 0.041798701
v 0.26164114 0.01350013 0.039899576
v 0.26164114 0.012428416 0.038827862
v 0.26174114 0.012428416 0.038827862
v 0.26174114 0.01350013 0.039899576
v 0.26164114 0.01348089 0.04027511
v 0.26164114 0.014500131 0.041949576
v 0.26174114 0.014500131 0.041949576
v 0.26174114 0.01348089 0.04027511
v 0.26164114 0.015047707 0.037464407
v 0.26164114 0.014562197 0.038282765
v 0.26174114 0.014562197 0.038282765
v 0.26174114 0.015047707 0.037464407
v 0.26164114 0.012650131 0.038849576
v 0.26164114 0.014050131 0.040199576
v 0.26174114 0.014050131 0.040199576
v 0.26174114 0.012650131 0.038849576
v 0.26164114 0.01620013 0.042499576
v 0.26164114 0.015500131 0.043699576
v 0.26174114 0.015500131 0.043699576
v 0.26174114 0.01620013 0.042499576
v 0.26164114 0.016083065 0.040440894
v 0.26164114 0.015801428 0.040943817
v 0.26174114 0.015801428 0.040943817
v 0.26174114 0.016083065 0.040440894
v 0.26164114 0.015551725 0.038319016
v 0.26164114 0.014811272 0.03947269
v 0.26174114 0.014811272 0.03947269
v 0.26174114 0.015551725 0.038319016
v 0.26164114 0.016033108 0.042483109
v 0.26164114 0.016083065 0.040440894
v 0.26174114 0.016083065 0.040440894
v 0.26174114 0.016033108 0.042483109
v 0.26164114 0.01555013 0.037099576
v 0.26164114 0.015047707 0.037464407
v 0.26174114 0.015047707 0.037464407
v 0.26174114 0.01555013 0.037099576
v 0.26164114 0.012686999 0.038811342
v 0.26164114 0.012650131 0.038849576
v 0.26174114 0.012650131 0.038849576
v 0.26174114 0.012686999 0.038811342
v 0.26164114 0.015400131 0.042599576
v 0.26164114 0.01561306 0.042281275
v 0.26174114 0.01561306 0.042281275
v 0.26174114 0.015400131 0.042599576
v 0.26164114 0.015551725 0.038571172
v 0.26164114 0.016032866 0.037198625
v 0.26174114 0.016032866 0.037198625
v 0.26174114 0.015551725 0.038571172
v 0.26164114 0.016359988 0.039732453
v 0.26164114 0.016693924 0.038436235
v 0.26174114 0.016693924 0.038436235
v 0.26174114 0.016359988 0.039732453
v 0.26164114 0.015500131 0.043699576
v 0.26164114 0.015256526 0.043699576
v 0.26174114 0.015256526 0.043699576
v 0.26174114 0.015500131 0.043699576
v 0.26164114 0.013755484 0.040130935
v 0.26164114 0.013571085 0.03997044
v 0.26174114 0.013571085 0.03997044
v 0.26174114 0.013755484 0.040130935
v 0.26164114 0.015500131 0.038099576
v 0.26164114 0.015879196 0.037099576
v 0.26174114 0.015879196 0.037099576
v 0.26174114 0.015500131 0.038099576
v 0.26164114 0.014050131 0.040199576
v 0.26164114 0.014000131 0.04027511
v 0.26174114 0.014000131 0.04027511
v 0.26174114 0.014050131 0.040199576
v 0.26164114 0.015668944 0.04089646
v 0.26164114 0.016359988 0.039732453
v 0.26174114 0.016359988 0.039732453
v 0.26174114 0.015668944 0.04089646
v 0.26164114 0.01561306 0.042281275
v 0.26164114 0.015668944 0.04089646
v 0.26174114 0.015668944 0.04089646
v 0.26174114 0.01561306 0.042281275
v 0.26164114 0.016227085 0.039675353
v 0.26164114 0.015551725 0.038571172
v 0.26174114 0.015551725 0.038571172
v 0.26174114 0.016227085 0.039675353
v 0.26164114 0.015879196 0.037099576
v 0.26164114 0.01555013 0.037099576
v 0.26174114 0.01555013 0.037099576
v 0.26174114 0.015879196 0.037099576
v 0.26164114 0.015264024 0.043514585
v 0.26164114 0.015300131 0.043573903
v 0.26174114 0.015300131 0.043573903
v 0.26174114 0.015264024 0.043514585
v 0.26164114 0.015500131 0.043434855
v 0.26164114 0.016033108 0.042483109
v 0.26174114 0.016033108 0.042483109
v 0.26174114 0.015500131 0.043434855
v 0.26164114 0.016640767 0.0383749
v 0.26164114 0.016328349 0.039587591
v 0.26174114 0.016328349 0.039587591
v 0.26174114 0.016640767 0.0383749
v 0.26164114 0.01445013 0.042099576
v 0.26164114 0.013300131 0.040249576
v 0.26174114 0.013300131 0.040249576
v 0.26174114 0.01445013 0.042099576
v 0.26164114 0.013312519 0.039181877
v 0.26164114 0.014393133 0.040143604
v 0.26174114 0.014393133 0.040143604
v 0.26174114 0.013312519 0.039181877
v 0.26164114 0.014562197 0.038282765
v 0.26164114 0.01520013 0.038549576
v 0.26174114 0.01520013 0.038549576
v 0.26174114 0.014562197 0.038282765
v 0.26164114 0.013300131 0.040249576
v 0.26164114 0.01350013 0.039899576
v 0.26174114 0.01350013 0.039899576
v 0.26174114 0.013300131 0.040249576
v 0.26164114 0.013571085 0.03997044
v 0.26164114 0.01350013 0.040130935
v 0.26174114 0.01350013 0.040130935
v 0.26174114 0.013571085 0.03997044
v 0.26164114 0.014500131 0.041949576
v 0.26164114 0.015050131 0.041949576
v 0.26174114 0.015050131 0.041949576
v 0.26174114 0.014500131 0.041949576
v 0.26164114 0.015974714 0.03717824
v 0.26164114 0.015551725 0.038319016
v 0.26174114 0.015551725 0.038319016
v 0.26174114 0.015974714 0.03717824
v 0.26164114 0.015100131 0.043599576
v 0.26164114 0.01500013 0.042099576
v 0.26174114 0.01500013 0.042099576
v 0.26174114 0.015100131 0.043599576
v 0.26164114 0.016328349 0.039587591
v 0.26164114 0.016227085 0.039675353
v 0.26174114 0.016227085 0.039675353
v 0.26174114 0.016328349 0.039587591
v 0.26164114 0.014390537 0.038236558
v 0.26164114 0.014949442 0.037323789
v 0.26174114 0.014949442 0.037323789
v 0.26174114 0.014390537 0.038236558
v 0.26164114 0.014000131 0.04027511
v 0.26164114 0.01348089 0.04027511
v 0.26174114 0.01348089 0.04027511
v 0.26174114 0.014000131 0.04027511
v 0.26164114 0.015256526 0.043699576
v 0.26164114 0.015100131 0.043599576
v 0.26174114 0.015100131 0.043599576
v 0.26174114 0.015256526 0.043699576
v 0.26164114 0.014949442 0.037323789
v 0.26164114 0.01550504 0.036960004
v 0.26174114 0.01550504 0.036960004
v 0.26174114 0.014949442 0.037323789
v 0.26164114 0.013016453 0.037798798
v 0.26164114 0.01335013 0.037798798
v 0.26174114 0.01335013 0.037798798
v 0.26174114 0.013016453 0.037798798
v 0.26164114 0.012428416 0.038827862
v 0.26164114 0.013016453 0.037798798
v 0.26174114 0.013016453 0.037798798
v 0.26174114 0.012428416 0.038827862
v 0.26164114 0.014811272 0.03947269
v 0.26164114 0.013565162 0.038788243
v 0.26174114 0.013565162 0.038788243
v 0.26174114 0.014811272 0.03947269
v 0.26164114 0.01500013 0.042099576
v 0.26164114 0.01445013 0.042099576
v 0.26174114 0.01445013 0.042099576
v 0.26174114 0.01500013 0.042099576
v 0.26164114 0.01350013 0.040130935
v 0.26164114 0.013755484 0.040130935
v 0.26174114 0.013755484 0.040130935
v 0.26174114 0.01350013 0.040130935
v 0.26164114 0.014250131 0.040199576
v 0.26164114 0.012686999 0.038811342
v 0.26174114 0.012686999 0.038811342
v 0.26174114 0.014250131 0.040199576
f 5067 5068 5070
f 5070 5068 5069
f 5071 5072 5074
f 5074 5072 5073
f 5076 5118 5075
f 5075 5118 5119
f 5075 5119 5092
f 5092 5119 5137
f 5092 5137 5091
f 5091 5137 5132
f 5091 5132 5133
f 5077 5138 5076
f 5076 5138 5139
f 5076 5139 5117
f 5117 5139 5140
f 5117 5140 5116
f 5116 5140 5115
f 5115 5140 5141
f 5115 5141 5114
f 5114 5141 5138
f 5114 5138 5113
f 5113 5138 5077
f 5113 5077 5112
f 5112 5077 5128
f 5112 5128 5123
f 5077 5078 5128
f 5128 5078 5127
f 5127 5078 5126
f 5126 5078 5079
f 5126 5079 5125
f 5125 5079 5080
f 5125 5080 5146
f 5146 5080 5145
f 5145 5080 5081
f 5145 5081 5082
f 5083 5104 5082
f 5082 5104 5144
f 5082 5144 5145
f 5104 5083 5103
f 5103 5083 5084
f 5103 5084 5102
f 5102 5084 5129
f 5102 5129 5130
f 5129 5084 5131
f 5131 5084 5085
f 5131 5085 5100
f 5100 5085 5086
f 5100 5086 5099
f 5099 5086 5087
f 5099 5087 5098
f 5098 5087 5097
f 5097 5087 5096
f 5096 5087 5088
f 5096 5088 5089
f 5090 5094 5089
f 5089 5094 5095
f 5089 5095 5096
f 5094 5090 5133
f 5133 5090 5091
f 5094 5122 5093
f 5093 5122 5106
f 5093 5106 5107
f 5131 5100 5130
f 5130 5100 5101
f 5130 5101 5102
f 5105 5108 5104
f 5104 5108 5143
f 5104 5143 5144
f 5108 5105 5107
f 5107 5105 5093
f 5108 5109 5143
f 5143 5109 5142
f 5142 5109 5147
f 5147 5109 5110
f 5147 5110 5146
f 5146 5110 5111
f 5146 5111 5124
f 5124 5111 5123
f 5123 5111 5112
f 5117 5118 5076
f 5119 5120 5137
f 5137 5120 5136
f 5136 5120 5121
f 5136 5121 5135
f 5135 5121 5134
f 5134 5121 5122
f 5134 5122 5094
f 5124 5125 5146
f 5133 5134 5094
f 5148 5149 5151
f 5151 5149 5150
f 5152 5153 5155
f 5155 5153 5154
f 5156 5157 5159
f 5159 5157 5158
f 5160 5161 5163
f 5163 5161 5162
f 5164 5165 5167
f 5167 5165 5166
f 5168 5169 5171
f 5171 5169 5170
f 5172 5173 5175
f 5175 5173 5174
f 5176 5177 5179
f 5179 5177 5178
f 5180 5181 5183
f 5183 5181 5182
f 5184 5185 5187
f 5187 5185 5186
f 5188 5189 5191
f 5191 5189 5190
f 5192 5193 5195
f 5195 5193 5194
f 5197 5233 5196
f 5196 5233 5234
f 5196 5234 5259
f 5259 5234 5262
f 5262 5234 5235
f 5262 5235 5236
f 5233 5197 5232
f 5232 5197 5198
f 5232 5198 5255
f 5255 5198 5199
f 5255 5199 5254
f 5254 5199 5253
f 5253 5199 5200
f 5253 5200 5214
f 5214 5200 5201
f 5214 5201 5226
f 5226 5201 5225
f 5225 5201 5202
f 5225 5202 5203
f 5204 5222 5203
f 5203 5222 5223
f 5203 5223 5224
f 5222 5204 5221
f 5221 5204 5205
f 5221 5205 5252
f 5252 5205 5206
f 5252 5206 5251
f 5251 5206 5219
f 5251 5219 5250
f 5250 5219 5220
f 5250 5220 5221
f 5219 5206 5218
f 5218 5206 5207
f 5218 5207 5217
f 5217 5207 5208
f 5217 5208 5268
f 5268 5208 5267
f 5267 5208 5209
f 5267 5209 5210
f 5211 5249 5210
f 5210 5249 5266
f 5210 5266 5267
f 5249 5211 5248
f 5248 5211 5212
f 5248 5212 5247
f 5247 5212 5246
f 5246 5212 5213
f 5246 5213 5239
f 5239 5213 5238
f 5238 5213 5260
f 5238 5260 5237
f 5237 5260 5261
f 5237 5261 5236
f 5236 5261 5262
f 5213 5196 5260
f 5260 5196 5259
f 5215 5229 5214
f 5214 5229 5258
f 5214 5258 5253
f 5216 5227 5215
f 5215 5227 5228
f 5215 5228 5229
f 5227 5216 5243
f 5243 5216 5217
f 5243 5217 5263
f 5263 5217 5268
f 5224 5225 5203
f 5229 5230 5258
f 5258 5230 5257
f 5257 5230 5256
f 5256 5230 5231
f 5256 5231 5255
f 5255 5231 5232
f 5246 5239 5245
f 5245 5239 5240
f 5245 5240 5244
f 5244 5240 5266
f 5244 5266 5249
f 5240 5241 5266
f 5266 5241 5265
f 5265 5241 5242
f 5265 5242 5264
f 5264 5242 5263
f 5263 5242 5243
f 5221 5252 5250
f 5269 5270 5272
f 5272 5270 5271
f 5273 5274 5276
f 5276 5274 5275
f 5277 5278 5280
f 5280 5278 5279
f 5281 5282 5284
f 5284 5282 5283
f 5285 5286 5288
f 5288 5286 5287
f 5289 5290 5292
f 5292 5290 5291
f 5293 5294 5296
f 5296 5294 5295
f 5297 5298 5300
f 5300 5298 5299
f 5301 5302 5304
f 5304 5302 5303
f 5305 5306 5308
f 5308 5306 5307
f 5309 5310 5312
f 5312 5310 5311
f 5313 5314 5316
f 5316 5314 5315
f 5317 5318 5320
f 5320 5318 5319
f 5321 5322 5324
f 5324 5322 5323
f 5325 5326 5328
f 5328 5326 5327
f 5329 5330 5332
f 5332 5330 5331
f 5333 5334 5336
f 5336 5334 5335
f 5337 5338 5340
f 5340 5338 5339
f 5341 5342 5344
f 5344 5342 5343
f 5345 5346 5348
f 5348 5346 5347
f 5349 5350 5352
f 5352 5350 5351
f 5353 5354 5356
f 5356 5354 5355
f 5357 5358 5360
f 5360 5358 5359
f 5361 5362 5364
f 5364 5362 5363
f 5365 5366 5368
f 5368 5366 5367
f 5369 5370 5372
f 5372 5370 5371
f 5373 5374 5376
f 5376 5374 5375
f 5377 5378 5380
f 5380 5378 5379
f 5381 5382 5384
f 5384 5382 5383
f 5385 5386 5388
f 5388 5386 5387
f 5389 5390 5392
f 5392 5390 5391
f 5393 5394 5396
f 5396 5394 5395
f 5397 5398 5400
f 5400 5398 5399
f 5401 5402 5404
f 5404 5402 5403
f 5405 5406 5408
f 5408 5406 5407
f 5409 5410 5412
f 5412 5410 5411
f 5413 5414 5416
f 5416 5414 5415
f 5417 5418 5420
f 5420 5418 5419
f 5421 5422 5424
f 5424 5422 5423
f 5425 5426 5428
f 5428 5426 5427
f 5429 5430 5432
f 5432 5430 5431
f 5433 5434 5436
f 5436 5434 5435
f 5437 5438 5440
f 5440 5438 5439
f 5441 5442 5444
f 5444 5442 5443
f 5445 5446 5448
f 5448 5446 5447
f 5449 5450 5452
f 5452 5450 5451
f 5453 5454 5456
f 5456 5454 5455
f 5457 5458 5460
f 5460 5458 5459
f 5461 5462 5464
f 5464 5462 5463
f 5465 5466 5468
f 5468 5466 5467
f 5469 5470 5472
f 5472 5470 5471
f 5473 5474 5476
f 5476 5474 5475
f 5477 5478 5480
f 5480 5478 5479
f 5481 5482 5484
f 5484 5482 5483
f 5485 5486 5488
f 5488 5486 5487
f 5489 5490 5492
f 5492 5490 5491
f 5493 5494 5496
f 5496 5494 5495
f 5497 5498 5500
f 5500 5498 5499
f 5501 5502 5504
f 5504 5502 5503
v 0.26164114 0.013900131 0.040549576
v 0.26164114 0.01460013 0.041699576
v 0.26174114 0.01460013 0.041699576
v 0.26174114 0.013900131 0.040549576
v 0.26164114 0.01460013 0.041699576
v 0.26164114 0.014873982 0.041699576
v 0.26174114 0.014873982 0.041699576
v 0.26174114 0.01460013 0.041699576
v 0.26164114 0.014873982 0.041699576
v 0.26164114 0.014200131 0.040549576
v 0.26174114 0.014200131 0.040549576
v 0.26174114 0.014873982 0.041699576
v 0.26164114 0.014250131 0.040385981
v 0.26164114 0.015065234 0.041725079
v 0.26174114 0.015065234 0.041725079
v 0.26174114 0.014250131 0.040385981
v 0.26164114 0.013752189 0.040385981
v 0.26164114 0.014250131 0.040385981
v 0.26174114 0.014250131 0.040385981
v 0.26174114 0.013752189 0.040385981
v 0.26164114 0.015030741 0.041841376
v 0.26164114 0.015065234 0.041725079
v 0.26164114 0.014250131 0.040385981
v 0.26164114 0.013752189 0.040385981
v 0.26164114 0.013651533 0.040447251
v 0.26164114 0.014500131 0.041841376
v 0.26164114 0.014873982 0.041699576
v 0.26164114 0.01460013 0.041699576
v 0.26164114 0.013900131 0.040549576
v 0.26164114 0.014200131 0.040549576
v 0.26164114 0.014200131 0.040549576
v 0.26164114 0.013900131 0.040549576
v 0.26174114 0.013900131 0.040549576
v 0.26174114 0.014200131 0.040549576
v 0.26164114 0.013651533 0.040447251
v 0.26164114 0.013752189 0.040385981
v 0.26174114 0.013752189 0.040385981
v 0.26174114 0.013651533 0.040447251
v 0.26164114 0.015065234 0.041725079
v 0.26164114 0.015030741 0.041841376
v 0.26174114 0.015030741 0.041841376
v 0.26174114 0.015065234 0.041725079
v 0.26164114 0.015030741 0.041841376
v 0.26164114 0.014500131 0.041841376
v 0.26174114 0.014500131 0.041841376
v 0.26174114 0.015030741 0.041841376
v 0.26174114 0.015065234 0.041725079
v 0.26174114 0.015030741 0.041841376
v 0.26174114 0.014500131 0.041841376
v 0.26174114 0.013651533 0.040447251
v 0.26174114 0.013752189 0.040385981
v 0.26174114 0.014250131 0.040385981
v 0.26174114 0.01460013 0.041699576
v 0.26174114 0.014873982 0.041699576
v 0.26174114 0.014200131 0.040549576
v 0.26174114 0.013900131 0.040549576
v 0.26164114 0.014500131 0.041841376
v 0.26164114 0.013651533 0.040447251
v 0.26174114 0.013651533 0.040447251
v 0.26174114 0.014500131 0.041841376
f 5505 5506 5508
f 5508 5506 5507
f 5509 5510 5512
f 5512 5510 5511
f 5513 5514 5516
f 5516 5514 5515
f 5517 5518 5520
f 5520 5518 5519
f 5521 5522 5524
f 5524 5522 5523
f 5530 5525 5531
f 5531 5525 5526
f 5531 5526 5534
f 5534 5526 5527
f 5534 5527 5533
f 5533 5527 5528
f 5533 5528 5529
f 5529 5530 5533
f 5533 5530 5532
f 5532 5530 5531
f 5535 5536 5538
f 5538 5536 5537
f 5539 5540 5542
f 5542 5540 5541
f 5543 5544 5546
f 5546 5544 5545
f 5547 5548 5550
f 5550 5548 5549
f 5552 5558 5551
f 5551 5558 5559
f 5551 5559 5556
f 5556 5559 5560
f 5556 5560 5555
f 5555 5560 5554
f 5554 5560 5553
f 5553 5560 5557
f 5553 5557 5558
f 5552 5553 5558
f 5561 5562 5564
f 5564 5562 5563
v 0.26164114 0.015229545 0.041370406
v 0.26164114 0.016081399 0.039968816
v 0.26164114 0.01555013 0.039096017
v 0.26164114 0.015456571 0.039096017
v 0.26164114 0.014657682 0.040430918
v 0.26164114 0.015260633 0.039651234
v 0.26164114 0.01532361 0.039547616
v 0.26164114 0.01578614 0.04023243
v 0.26164114 0.015719052 0.040329962
v 0.26164114 0.015946617 0.039964282
v 0.26164114 0.015879529 0.040061813
v 0.26164114 0.01542111 0.039383086
v 0.26164114 0.015484087 0.039279468
v 0.26164114 0.015100156 0.039919383
v 0.26164114 0.015163133 0.039815764
v 0.26164114 0.015625664 0.040500579
v 0.26164114 0.015558575 0.04059811
v 0.26164114 0.014939679 0.040187531
v 0.26164114 0.015002656 0.040083912
v 0.26164114 0.015465187 0.040768727
v 0.26164114 0.015398098 0.040866258
v 0.26164114 0.014779202 0.040455679
v 0.26164114 0.01484218 0.04035206
v 0.26164114 0.01530471 0.041036875
v 0.26164114 0.015237622 0.041134406
v 0.26164114 0.014779202 0.040455679
v 0.26164114 0.015237622 0.041134406
v 0.26174114 0.015237622 0.041134406
v 0.26174114 0.014779202 0.040455679
v 0.26164114 0.015465187 0.040768727
v 0.26164114 0.015002656 0.040083912
v 0.26174114 0.015002656 0.040083912
v 0.26174114 0.015465187 0.040768727
v 0.26164114 0.014939679 0.040187531
v 0.26164114 0.015398098 0.040866258
v 0.26174114 0.015398098 0.040866258
v 0.26174114 0.014939679 0.040187531
v 0.26164114 0.01530471 0.041036875
v 0.26164114 0.01484218 0.04035206
v 0.26174114 0.01484218 0.04035206
v 0.26174114 0.01530471 0.041036875
v 0.26164114 0.015398098 0.040866258
v 0.26164114 0.015465187 0.040768727
v 0.26174114 0.015465187 0.040768727
v 0.26174114 0.015398098 0.040866258
v 0.26164114 0.01484218 0.04035206
v 0.26164114 0.014779202 0.040455679
v 0.26174114 0.014779202 0.040455679
v 0.26174114 0.01484218 0.04035206
v 0.26164114 0.015237622 0.041134406
v 0.26164114 0.01530471 0.041036875
v 0.26174114 0.01530471 0.041036875
v 0.26174114 0.015237622 0.041134406
v 0.26164114 0.01578614 0.04023243
v 0.26164114 0.01532361 0.039547616
v 0.26174114 0.01532361 0.039547616
v 0.26174114 0.01578614 0.04023243
v 0.26164114 0.015002656 0.040083912
v 0.26164114 0.014939679 0.040187531
v 0.26174114 0.014939679 0.040187531
v 0.26174114 0.015002656 0.040083912
v 0.26164114 0.01532361 0.039547616
v 0.26164114 0.015260633 0.039651234
v 0.26174114 0.015260633 0.039651234
v 0.26174114 0.01532361 0.039547616
v 0.26174114 0.016081399 0.039968816
v 0.26174114 0.015229545 0.041370406
v 0.26174114 0.014657682 0.040430918
v 0.26174114 0.015456571 0.039096017
v 0.26174114 0.01555013 0.039096017
v 0.26174114 0.01532361 0.039547616
v 0.26174114 0.015260633 0.039651234
v 0.26174114 0.015719052 0.040329962
v 0.26174114 0.01578614 0.04023243
v 0.26174114 0.015879529 0.040061813
v 0.26174114 0.015946617 0.039964282
v 0.26174114 0.015484087 0.039279468
v 0.26174114 0.01542111 0.039383086
v 0.26174114 0.015163133 0.039815764
v 0.26174114 0.015100156 0.039919383
v 0.26174114 0.015558575 0.04059811
v 0.26174114 0.015625664 0.040500579
v 0.26174114 0.015002656 0.040083912
v 0.26174114 0.014939679 0.040187531
v 0.26174114 0.015398098 0.040866258
v 0.26174114 0.015465187 0.040768727
v 0.26174114 0.01484218 0.04035206
v 0.26174114 0.014779202 0.040455679
v 0.26174114 0.015237622 0.041134406
v 0.26174114 0.01530471 0.041036875
v 0.26164114 0.015260633 0.039651234
v 0.26164114 0.015719052 0.040329962
v 0.26174114 0.015719052 0.040329962
v 0.26174114 0.015260633 0.039651234
v 0.26164114 0.01555013 0.039096017
v 0.26164114 0.016081399 0.039968816
v 0.26174114 0.016081399 0.039968816
v 0.26174114 0.01555013 0.039096017
v 0.26164114 0.015625664 0.040500579
v 0.26164114 0.015163133 0.039815764
v 0.26174114 0.015163133 0.039815764
v 0.26174114 0.015625664 0.040500579
v 0.26164114 0.015100156 0.039919383
v 0.26164114 0.015558575 0.04059811
v 0.26174114 0.015558575 0.04059811
v 0.26174114 0.015100156 0.039919383
v 0.26164114 0.015163133 0.039815764
v 0.26164114 0.015100156 0.039919383
v 0.26174114 0.015100156 0.039919383
v 0.26174114 0.015163133 0.039815764
v 0.26164114 0.01542111 0.039383086
v 0.26164114 0.015879529 0.040061813
v 0.26174114 0.015879529 0.040061813
v 0.26174114 0.01542111 0.039383086
v 0.26164114 0.015456571 0.039096017
v 0.26164114 0.01555013 0.039096017
v 0.26174114 0.01555013 0.039096017
v 0.26174114 0.015456571 0.039096017
v 0.26164114 0.015879529 0.040061813
v 0.26164114 0.015946617 0.039964282
v 0.26174114 0.015946617 0.039964282
v 0.26174114 0.015879529 0.040061813
v 0.26164114 0.015558575 0.04059811
v 0.26164114 0.015625664 0.040500579
v 0.26174114 0.015625664 0.040500579
v 0.26174114 0.015558575 0.04059811
v 0.26164114 0.014657682 0.040430918
v 0.26164114 0.015456571 0.039096017
v 0.26174114 0.015456571 0.039096017
v 0.26174114 0.014657682 0.040430918
v 0.26164114 0.016081399 0.039968816
v 0.26164114 0.015229545 0.041370406
v 0.26174114 0.015229545 0.041370406
v 0.26174114 0.016081399 0.039968816
v 0.26164114 0.015229545 0.041370406
v 0.26164114 0.014657682 0.040430918
v 0.26174114 0.014657682 0.040430918
v 0.26174114 0.015229545 0.041370406
v 0.26164114 0.015484087 0.039279468
v 0.26164114 0.01542111 0.039383086
v 0.26174114 0.01542111 0.039383086
v 0.26174114 0.015484087 0.039279468
v 0.26164114 0.015719052 0.040329962
v 0.26164114 0.01578614 0.04023243
v 0.26174114 0.01578614 0.04023243
v 0.26174114 0.015719052 0.040329962
v 0.26164114 0.015946617 0.039964282
v 0.26164114 0.015484087 0.039279468
v 0.26174114 0.015484087 0.039279468
v 0.26174114 0.015946617 0.039964282
f 5566 5580 5565
f 5565 5580 5584
f 5565 5584 5585
f 5567 5574 5566
f 5566 5574 5575
f 5566 5575 5572
f 5572 5575 5571
f 5571 5575 5576
f 5571 5576 5568
f 5568 5576 5577
f 5568 5577 5567
f 5567 5577 5574
f 5569 5578 5568
f 5568 5578 5579
f 5568 5579 5570
f 5570 5579 5573
f 5573 5579 5580
f 5573 5580 5566
f 5565 5586 5569
f 5569 5586 5587
f 5569 5587 5582
f 5582 5587 5585
f 5585 5587 5588
f 5585 5588 5565
f 5565 5588 5589
f 5565 5589 5586
f 5570 5571 5568
f 5572 5573 5566
f 5580 5581 5584
f 5584 5581 5583
f 5583 5581 5578
f 5583 5578 5569
f 5582 5583 5569
f 5590 5591 5593
f 5593 5591 5592
f 5594 5595 5597
f 5597 5595 5596
f 5598 5599 5601
f 5601 5599 5600
f 5602 5603 5605
f 5605 5603 5604
f 5606 5607 5609
f 5609 5607 5608
f 5610 5611 5613
f 5613 5611 5612
f 5614 5615 5617
f 5617 5615 5616
f 5618 5619 5621
f 5621 5619 5620
f 5622 5623 5625
f 5625 5623 5624
f 5626 5627 5629
f 5629 5627 5628
f 5631 5646 5630
f 5630 5646 5637
f 5630 5637 5638
f 5632 5652 5631
f 5631 5652 5653
f 5631 5653 5654
f 5633 5644 5632
f 5632 5644 5647
f 5632 5647 5648
f 5634 5641 5633
f 5633 5641 5642
f 5633 5642 5635
f 5635 5642 5639
f 5635 5639 5638
f 5638 5639 5630
f 5641 5634 5640
f 5640 5634 5630
f 5640 5630 5639
f 5635 5636 5633
f 5633 5636 5643
f 5633 5643 5644
f 5636 5637 5643
f 5643 5637 5646
f 5644 5645 5647
f 5647 5645 5650
f 5650 5645 5646
f 5650 5646 5631
f 5632 5648 5651
f 5651 5648 5649
f 5651 5649 5654
f 5654 5649 5631
f 5649 5650 5631
f 5651 5652 5632
f 5655 5656 5658
f 5658 5656 5657
f 5659 5660 5662
f 5662 5660 5661
f 5663 5664 5666
f 5666 5664 5665
f 5667 5668 5670
f 5670 5668 5669
f 5671 5672 5674
f 5674 5672 5673
f 5675 5676 5678
f 5678 5676 5677
f 5679 5680 5682
f 5682 5680 5681
f 5683 5684 5686
f 5686 5684 5685
f 5687 5688 5690
f 5690 5688 5689
f 5691 5692 5694
f 5694 5692 5693
f 5695 5696 5698
f 5698 5696 5697
f 5699 5700 5702
f 5702 5700 5701
f 5703 5704 5706
f 5706 5704 5705
f 5707 5708 5710
f 5710 5708 5709
f 5711 5712 5714
f 5714 5712 5713
v 0.22914114 -0.012499869 0.062099576
v 0.22914114 0.012500131 0.062099576
v 0.24414114 0.012500131 0.062099576
v 0.24414114 -0.012499869 0.062099576
v 0.22914114 0.012500131 0.062199576
v 0.22914114 -0.012499869 0.062199576
v 0.24414114 -0.012499869 0.062199576
v 0.24414114 0.012500131 0.062199576
v 0.22914114 0.012500131 0.062099576
v 0.22914114 -0.012499869 0.062099576
v 0.22914114 -0.012499869 0.062199576
v 0.22914114 0.012500131 0.062199576
v 0.22914114 -0.012499869 0.062099576
v 0.24414114 -0.012499869 0.062099576
v 0.24414114 -0.012499869 0.062199576
v 0.22914114 -0.012499869 0.062199576
v 0.24414114 -0.012499869 0.062099576
v 0.24414114 0.012500131 0.062099576
v 0.24414114 0.012500131 0.062199576
v 0.24414114 -0.012499869 0.062199576
v 0.24414114 0.012500131 0.062099576
v 0.22914114 0.012500131 0.062099576
v 0.22914114 0.012500131 0.062199576
v 0.24414114 0.012500131 0.062199576
f 5715 5716 5718
f 5718 5716 5717
f 5720 5721 5719
f 5719 5721 5722
f 5723 5724 5726
f 5726 5724 5725
f 5727 5728 5730
f 5730 5728 5729
f 5731 5732 5734
f 5734 5732 5733
f 5735 5736 5738
f 5738 5736 5737
