v -0.030216709 0.0042707626 0.11548612
v -0.030216709 0.0042666053 0.11547533
v -0.030216709 0.0042570116 0.1154686
v -0.030216709 0.0042457615 0.11546515
v -0.030216709 0.0042340282 0.1154642
v -0.030214709 0.0042340282 0.1154642
v -0.030214709 0.0042457615 0.11546515
v -0.030214709 0.0042570116 0.1154686
v -0.030214709 0.0042666053 0.11547533
v -0.030214709 0.0042707626 0.11548612
v -0.030216709 0.0042340282 0.1154642
v -0.030216709 0.0042209543 0.11546524
v -0.030216709 0.00420854 0.11546936
v -0.030216709 0.0041987887 0.115478
v -0.030216709 0.0041946699 0.11549028
v -0.030214709 0.0041946699 0.11549028
v -0.030214709 0.0041987887 0.115478
v -0.030214709 0.00420854 0.11546936
v -0.030214709 0.0042209543 0.11546524
v -0.030214709 0.0042340282 0.1154642
v -0.030216709 0.0042531671 0.11560152
v -0.030216709 0.0042327944 0.1156059
v -0.030216709 0.0042120318 0.11560789
v -0.030216709 0.0041911938 0.11560884
v -0.030216709 0.0041703347 0.11560908
v -0.030216709 0.0041427488 0.11560864
v -0.030216709 0.004115222 0.11560682
v -0.030216709 0.0040882868 0.1156012
v -0.030216709 0.0040699069 0.11558274
v -0.030216709 0.0040883239 0.11556433
v -0.030216709 0.0041152428 0.11555869
v -0.030216709 0.0041427573 0.11555683
v -0.030216709 0.0041703347 0.11555639
v -0.030216709 0.0041979963 0.11555685
v -0.030216709 0.0042255986 0.11555867
v -0.030216709 0.0042526269 0.11556424
v -0.030216709 0.0042707626 0.11558289
v -0.030216709 0.0042691107 0.11558941
v -0.030216709 0.0042648048 0.11559462
v -0.030216709 0.0042592691 0.11559854
v -0.030216709 0.00423125 0.1155103
v -0.030216709 0.0042437779 0.11550851
v -0.030216709 0.0042558527 0.11550477
v -0.030216709 0.0042662264 0.11549766
v -0.030216709 0.0042707626 0.11548612
v -0.030214709 0.0042707626 0.11548612
v -0.030214709 0.0042662264 0.11549766
v -0.030214709 0.0042558527 0.11550477
v -0.030214709 0.0042437779 0.11550851
v -0.030214709 0.00423125 0.1155103
v -0.030216709 0.0041946699 0.11549028
v -0.030216709 0.0041947206 0.11549093
v -0.030216709 0.004194795 0.11549158
v -0.030216709 0.0041949033 0.11549222
v -0.030216709 0.0041950301 0.11549286
v -0.030214709 0.0041950301 0.11549286
v -0.030214709 0.0041949033 0.11549222
v -0.030214709 0.004194795 0.11549158
v -0.030214709 0.0041947206 0.11549093
v -0.030214709 0.0041946699 0.11549028
v -0.030216709 0.0042531671 0.11560152
v -0.030216709 0.0042592691 0.11559854
v -0.030216709 0.0042648048 0.11559462
v -0.030216709 0.0042691107 0.11558941
v -0.030216709 0.0042707626 0.11558289
v -0.030214709 0.0042707626 0.11558289
v -0.030214709 0.0042691107 0.11558941
v -0.030214709 0.0042648048 0.11559462
v -0.030214709 0.0042592691 0.11559854
v -0.030214709 0.0042531671 0.11560152
v -0.030216709 0.0042345427 0.11552676
v -0.030216709 0.00423125 0.1155103
v -0.030214709 0.00423125 0.1155103
v -0.030214709 0.0042345427 0.11552676
v -0.030216709 0.0041950301 0.11549286
v -0.030216709 0.0041653956 0.11549466
v -0.030214709 0.0041653956 0.11549466
v -0.030214709 0.0041950301 0.11549286
v -0.030216709 0.0042707626 0.11558289
v -0.030216709 0.0042526269 0.11556424
v -0.030216709 0.0042255986 0.11555867
v -0.030216709 0.0041979963 0.11555685
v -0.030216709 0.0041703347 0.11555639
v -0.030214709 0.0041703347 0.11555639
v -0.030214709 0.0041979963 0.11555685
v -0.030214709 0.0042255986 0.11555867
v -0.030214709 0.0042526269 0.11556424
v -0.030214709 0.0042707626 0.11558289
v -0.030216709 0.0041818592 0.11568121
v -0.030216709 0.0041746896 0.11569512
v -0.030216709 0.0041606452 0.11570301
v -0.030216709 0.0041449484 0.11570684
v -0.030216709 0.0041288156 0.11570786
v -0.030216709 0.0041112038 0.11570663
v -0.030216709 0.004093969 0.11570284
v -0.030216709 0.004077975 0.11569549
v -0.030216709 0.0040699069 0.11568054
v -0.030216709 0.0040777717 0.11566609
v -0.030216709 0.0040932579 0.11565905
v -0.030216709 0.0041100512 0.11565598
v -0.030216709 0.0041271178 0.11565518
v -0.030216709 0.0041437934 0.115656
v -0.030216709 0.0041601736 0.11565916
v -0.030216709 0.0041750238 0.11566657
v -0.030216709 0.0042114937 0.11567668
v -0.030216709 0.0042078788 0.11568822
v -0.030216709 0.0041995034 0.11569707
v -0.030216709 0.0041890149 0.11570335
v -0.030216709 0.0041776404 0.11570786
v -0.030214709 0.0041776404 0.11570786
v -0.030214709 0.0041890149 0.11570335
v -0.030214709 0.0041995034 0.11569707
v -0.030214709 0.0042078788 0.11568822
v -0.030214709 0.0042114937 0.11567668
v -0.030216709 0.004300397 0.11548668
v -0.030216709 0.0042926142 0.11550565
v -0.030216709 0.0042752922 0.1155173
v -0.030216709 0.0042553045 0.11552365
v -0.030216709 0.0042345427 0.11552676
v -0.030214709 0.0042345427 0.11552676
v -0.030214709 0.0042553045 0.11552365
v -0.030214709 0.0042752922 0.1155173
v -0.030214709 0.0042926142 0.11550565
v -0.030214709 0.004300397 0.11548668
v -0.030216709 0.0041653956 0.11549466
v -0.030216709 0.0041667038 0.11549196
v -0.030216709 0.0041677847 0.11548916
v -0.030216709 0.0041685892 0.11548627
v -0.030216709 0.0041688941 0.11548329
v -0.030214709 0.0041688941 0.11548329
v -0.030214709 0.0041685892 0.11548627
v -0.030214709 0.0041677847 0.11548916
v -0.030214709 0.0041667038 0.11549196
v -0.030214709 0.0041653956 0.11549466
v -0.030216709 0.0041703347 0.11555639
v -0.030216709 0.0041427573 0.11555683
v -0.030216709 0.0041152428 0.11555869
v -0.030216709 0.0040883239 0.11556433
v -0.030216709 0.0040699069 0.11558274
v -0.030214709 0.0040699069 0.11558274
v -0.030214709 0.0040883239 0.11556433
v -0.030214709 0.0041152428 0.11555869
v -0.030214709 0.0041427573 0.11555683
v -0.030214709 0.0041703347 0.11555639
v -0.030231709 0.0044135651 0.11640591
v -0.030231709 0.0044210651 0.1164039
v -0.030231709 0.0044265555 0.11639841
v -0.030231709 0.0044285651 0.11639091
v -0.030501709 0.0044285651 0.11639091
v -0.030501709 0.0044265555 0.11639841
v -0.030501709 0.0044210651 0.1164039
v -0.030501709 0.0044135651 0.11640591
v -0.030216709 0.0041281468 0.11563871
v -0.030216709 0.0041528703 0.11564013
v -0.030216709 0.00417706 0.11564535
v -0.030216709 0.0041992277 0.11565622
v -0.030216709 0.0042114937 0.11567668
v -0.030214709 0.0042114937 0.11567668
v -0.030214709 0.0041992277 0.11565622
v -0.030214709 0.00417706 0.11564535
v -0.030214709 0.0041528703 0.11564013
v -0.030214709 0.0041281468 0.11563871
v -0.030216709 0.0041818592 0.11568121
v -0.030216709 0.0041750238 0.11566657
v -0.030216709 0.0041601736 0.11565916
v -0.030216709 0.0041437934 0.115656
v -0.030216709 0.0041271178 0.11565518
v -0.030214709 0.0041271178 0.11565518
v -0.030214709 0.0041437934 0.115656
v -0.030214709 0.0041601736 0.11565916
v -0.030214709 0.0041750238 0.11566657
v -0.030214709 0.0041818592 0.11568121
v -0.030216709 0.0041776404 0.11570786
v -0.030216709 0.0041994958 0.11570738
v -0.030216709 0.0042212871 0.11570569
v -0.030216709 0.0042427354 0.11570157
v -0.030216709 0.0042631482 0.11569387
v -0.030214709 0.0042631482 0.11569387
v -0.030214709 0.0042427354 0.11570157
v -0.030214709 0.0042212871 0.11570569
v -0.030214709 0.0041994958 0.11570738
v -0.030214709 0.0041776404 0.11570786
v -0.030216709 0.0042351086 0.11544774
v -0.030216709 0.0042558551 0.11544965
v -0.030216709 0.0042757594 0.11545575
v -0.030216709 0.0042926099 0.11546782
v -0.030216709 0.004300397 0.11548668
v -0.030214709 0.004300397 0.11548668
v -0.030214709 0.0042926099 0.11546782
v -0.030214709 0.0042757594 0.11545575
v -0.030214709 0.0042558551 0.11544965
v -0.030214709 0.0042351086 0.11544774
v -0.030216709 0.0041688941 0.11548329
v -0.030216709 0.0041628982 0.11547015
v -0.030216709 0.0041502542 0.11546248
v -0.030216709 0.0041359139 0.11545867
v -0.030216709 0.0041210983 0.11545761
v -0.030214709 0.0041210983 0.11545761
v -0.030214709 0.0041359139 0.11545867
v -0.030214709 0.0041502542 0.11546248
v -0.030214709 0.0041628982 0.11547015
v -0.030214709 0.0041688941 0.11548329
v -0.030214709 0.0041702318 0.11562554
v -0.030214709 0.0041436085 0.11562503
v -0.030214709 0.004117038 0.1156233
v -0.030214709 0.0040906732 0.11561961
v -0.030214709 0.0040650192 0.11561258
v -0.030214709 0.004055909 0.11560779
v -0.030214709 0.0040479143 0.11560133
v -0.030214709 0.0040422304 0.1155928
v -0.030214709 0.0040402724 0.11558274
v -0.030214709 0.0040613479 0.115555
v -0.030214709 0.0040966781 0.11554477
v -0.030214709 0.0041333515 0.11554088
v -0.030214709 0.0041702318 0.11553993
v -0.030214709 0.0042072158 0.11554082
v -0.030214709 0.0042439689 0.11554491
v -0.030214709 0.0042796276 0.11555441
v -0.030214709 0.004300397 0.11558274
v -0.030214709 0.0042792574 0.11561049
v -0.030214709 0.0042438812 0.11562073
v -0.030214709 0.0042071589 0.1156246
v -0.030214709 0.0040699069 0.11558274
v -0.030214709 0.0040882868 0.1156012
v -0.030214709 0.004115222 0.11560682
v -0.030214709 0.0041427488 0.11560864
v -0.030214709 0.0041703347 0.11560908
v -0.030214709 0.0041911938 0.11560884
v -0.030214709 0.0042120318 0.11560789
v -0.030214709 0.0042327944 0.1156059
v -0.030214709 0.0042531671 0.11560152
v -0.030214709 0.0042592691 0.11559854
v -0.030214709 0.0042648048 0.11559462
v -0.030214709 0.0042691107 0.11558941
v -0.030214709 0.0042707626 0.11558289
v -0.030214709 0.0042526269 0.11556424
v -0.030214709 0.0042255986 0.11555867
v -0.030214709 0.0041979963 0.11555685
v -0.030214709 0.0041703347 0.11555639
v -0.030214709 0.0041427573 0.11555683
v -0.030214709 0.0041152428 0.11555869
v -0.030214709 0.0040883239 0.11556433
v -0.030216709 0.0040699069 0.11558274
v -0.030216709 0.0040882868 0.1156012
v -0.030216709 0.004115222 0.11560682
v -0.030216709 0.0041427488 0.11560864
v -0.030216709 0.0041703347 0.11560908
v -0.030214709 0.0041703347 0.11560908
v -0.030214709 0.0041427488 0.11560864
v -0.030214709 0.004115222 0.11560682
v -0.030214709 0.0040882868 0.1156012
v -0.030214709 0.0040699069 0.11558274
v -0.030516709 0.0036435652 0.11520591
v -0.030516709 0.0044135651 0.11520591
v -0.030516709 0.0044135652 0.11482091
v -0.030516709 0.0036435652 0.11482091
v -0.030216709 0.0044135651 0.11482091
v -0.030218719 0.0044135651 0.11481341
v -0.030224209 0.0044135651 0.11480792
v -0.030231709 0.0044135651 0.11480591
v -0.030231709 0.0044210652 0.11480792
v -0.030231709 0.0044265555 0.11481341
v -0.030231709 0.0044285651 0.11482091
v -0.030224209 0.0044265555 0.11482091
v -0.030218719 0.0044210652 0.11482091
v -0.030216709 0.0044135651 0.11482091
v -0.030501709 0.0044285651 0.11639091
v -0.030509209 0.0044265555 0.11639091
v -0.030514699 0.0044210651 0.11639091
v -0.030516709 0.0044135651 0.11639091
v -0.030514699 0.0044135651 0.11639841
v -0.030509209 0.0044135651 0.1164039
v -0.030501709 0.0044135651 0.11640591
v -0.030501709 0.0044210651 0.1164039
v -0.030501709 0.0044265555 0.11639841
v -0.030516709 0.0044135651 0.11639091
v -0.030231709 0.0044285651 0.11600591
v -0.030501709 0.0044285651 0.11600591
v -0.030501709 0.0044285651 0.11639091
v -0.030231709 0.0044285651 0.11639091
v -0.030501709 0.0044285651 0.11520591
v -0.030231709 0.0044285651 0.11520591
v -0.030231709 0.0044285651 0.11482091
v -0.030501709 0.0044285651 0.11482091
v -0.030216709 0.0040402724 0.11567931
v -0.030216709 0.0040528027 0.11565729
v -0.030216709 0.0040763336 0.11564594
v -0.030216709 0.0041019683 0.11564041
v -0.030216709 0.0041281468 0.11563871
v -0.030214709 0.0041281468 0.11563871
v -0.030214709 0.0041019683 0.11564041
v -0.030214709 0.0040763336 0.11564594
v -0.030214709 0.0040528027 0.11565729
v -0.030214709 0.0040402724 0.11567931
v -0.030216709 0.0041271178 0.11565518
v -0.030216709 0.0041100512 0.11565598
v -0.030216709 0.0040932579 0.11565905
v -0.030216709 0.0040777717 0.11566609
v -0.030216709 0.0040699069 0.11568054
v -0.030214709 0.0040699069 0.11568054
v -0.030214709 0.0040777717 0.11566609
v -0.030214709 0.0040932579 0.11565905
v -0.030214709 0.0041100512 0.11565598
v -0.030214709 0.0041271178 0.11565518
v -0.030216709 0.0042631482 0.11569387
v -0.030216709 0.0042660274 0.11569083
v -0.030216709 0.0042684399 0.11568742
v -0.030216709 0.0042701569 0.11568359
v -0.030216709 0.0042707626 0.11567946
v -0.030214709 0.0042707626 0.11567946
v -0.030214709 0.0042701569 0.11568359
v -0.030214709 0.0042684399 0.11568742
v -0.030214709 0.0042660274 0.11569083
v -0.030214709 0.0042631482 0.11569387
v -0.030216709 0.0041841744 0.11546528
v -0.030216709 0.0041950064 0.11545673
v -0.030216709 0.0042077625 0.11545142
v -0.030216709 0.0042212969 0.11544856
v -0.030216709 0.0042351086 0.11544774
v -0.030214709 0.0042351086 0.11544774
v -0.030214709 0.0042212969 0.11544856
v -0.030214709 0.0042077625 0.11545142
v -0.030214709 0.0041950064 0.11545673
v -0.030214709 0.0041841744 0.11546528
v -0.030216709 0.0041210983 0.11545761
v -0.030216709 0.0041051972 0.11545866
v -0.030216709 0.0040897254 0.11546245
v -0.030216709 0.0040759937 0.11547036
v -0.030216709 0.0040699069 0.11548462
v -0.030214709 0.0040699069 0.11548462
v -0.030214709 0.0040759937 0.11547036
v -0.030214709 0.0040897254 0.11546245
v -0.030214709 0.0041051972 0.11545866
v -0.030214709 0.0041210983 0.11545761
v -0.030216709 0.0040402724 0.11558274
v -0.030216709 0.0040613479 0.115555
v -0.030216709 0.0040966781 0.11554477
v -0.030216709 0.0041333515 0.11554088
v -0.030216709 0.0041702318 0.11553993
v -0.030214709 0.0041702318 0.11553993
v -0.030214709 0.0041333515 0.11554088
v -0.030214709 0.0040966781 0.11554477
v -0.030214709 0.0040613479 0.115555
v -0.030214709 0.0040402724 0.11558274
v -0.030216709 0.0041703347 0.11560908
v -0.030216709 0.0041911938 0.11560884
v -0.030216709 0.0042120318 0.11560789
v -0.030216709 0.0042327944 0.1156059
v -0.030216709 0.0042531671 0.11560152
v -0.030214709 0.0042531671 0.11560152
v -0.030214709 0.0042327944 0.1156059
v -0.030214709 0.0042120318 0.11560789
v -0.030214709 0.0041911938 0.11560884
v -0.030214709 0.0041703347 0.11560908
v -0.030216709 0.0041702318 0.11553993
v -0.030216709 0.0042072158 0.11554082
v -0.030216709 0.0042439689 0.11554491
v -0.030216709 0.0042796276 0.11555441
v -0.030216709 0.004300397 0.11558274
v -0.030214709 0.004300397 0.11558274
v -0.030214709 0.0042796276 0.11555441
v -0.030214709 0.0042439689 0.11554491
v -0.030214709 0.0042072158 0.11554082
v -0.030214709 0.0041702318 0.11553993
v -0.030231709 0.0044285651 0.11482091
v -0.030231709 0.0044265555 0.11481341
v -0.030231709 0.0044210652 0.11480792
v -0.030231709 0.0044135651 0.11480591
v -0.030501709 0.0044135652 0.11480591
v -0.030501709 0.0044210652 0.11480792
v -0.030501709 0.0044265555 0.11481341
v -0.030501709 0.0044285651 0.11482091
v -0.030501709 0.0044285651 0.11482091
v -0.030501709 0.0044265555 0.11481341
v -0.030501709 0.0044210652 0.11480792
v -0.030501709 0.0044135652 0.11480591
v -0.030509209 0.0044135652 0.11480792
v -0.030514699 0.0044135652 0.11481341
v -0.030516709 0.0044135652 0.11482091
v -0.030514699 0.0044210652 0.11482091
v -0.030509209 0.0044265555 0.11482091
v -0.030516709 0.0044135652 0.11482091
v -0.030516709 0.0044135651 0.11600591
v -0.030516709 0.0036435651 0.11600591
v -0.030516709 0.0036435651 0.11639091
v -0.030516709 0.0044135651 0.11639091
v -0.030516709 0.0036435652 0.11482091
v -0.030514699 0.0036435652 0.11481341
v -0.030509209 0.0036435652 0.11480792
v -0.030501709 0.0036435652 0.11480591
v -0.030501709 0.0036360651 0.11480792
v -0.030501709 0.0036305748 0.11481341
v -0.030501709 0.0036285652 0.11482091
v -0.030509209 0.0036305748 0.11482091
v -0.030514699 0.0036360651 0.11482091
v -0.030516709 0.0036435652 0.11482091
v -0.030216709 0.0036435651 0.11482091
v -0.030218719 0.0036360651 0.11482091
v -0.030224209 0.0036305748 0.11482091
v -0.030231709 0.0036285652 0.11482091
v -0.030231709 0.0036305748 0.11481341
v -0.030231709 0.0036360651 0.11480792
v -0.030231709 0.0036435651 0.11480591
v -0.030224209 0.0036435651 0.11480792
v -0.030218719 0.0036435651 0.11481341
v -0.030216709 0.0036435651 0.11482091
v -0.030216709 0.0036435651 0.11482091
v -0.030218719 0.0036435651 0.11481341
v -0.030224209 0.0036435651 0.11480792
v -0.030231709 0.0036435651 0.11480591
v -0.030231709 0.0044135651 0.11480591
v -0.030224209 0.0044135651 0.11480792
v -0.030218719 0.0044135651 0.11481341
v -0.030216709 0.0044135651 0.11482091
v -0.030516709 0.0044135652 0.11482091
v -0.030516709 0.0044135651 0.11520591
v -0.030514699 0.0044210652 0.11520591
v -0.030509209 0.0044265555 0.11520591
v -0.030501709 0.0044285651 0.11520591
v -0.030501709 0.0044285651 0.11482091
v -0.030509209 0.0044265555 0.11482091
v -0.030514699 0.0044210652 0.11482091
v -0.030231709 0.0044135651 0.11640591
v -0.030224209 0.0044135651 0.1164039
v -0.030218719 0.0044135651 0.11639841
v -0.030216709 0.0044135651 0.11639091
v -0.030218719 0.0044210651 0.11639091
v -0.030224209 0.0044265555 0.11639091
v -0.030231709 0.0044285651 0.11639091
v -0.030231709 0.0044265555 0.11639841
v -0.030231709 0.0044210651 0.1164039
v -0.030216709 0.0044135651 0.11639091
v -0.030516709 0.0044135651 0.11600591
v -0.030514699 0.0044210652 0.11600591
v -0.030509209 0.0044265555 0.11600591
v -0.030501709 0.0044285651 0.11600591
v -0.030501709 0.0044285651 0.11520591
v -0.030509209 0.0044265555 0.11520591
v -0.030514699 0.0044210652 0.11520591
v -0.030516709 0.0044135651 0.11520591
v -0.030231709 0.0036435651 0.11640591
v -0.030231709 0.0044135651 0.11640591
v -0.030501709 0.0044135651 0.11640591
v -0.030501709 0.0036435651 0.11640591
v -0.030214709 0.0042345427 0.11564201
v -0.030214709 0.0042549126 0.11564436
v -0.030214709 0.0042746871 0.11564972
v -0.030214709 0.0042921781 0.11566022
v -0.030214709 0.004300397 0.11567838
v -0.030214709 0.0042978939 0.11568958
v -0.030214709 0.0042909397 0.11569875
v -0.030214709 0.0042816155 0.11570554
v -0.030214709 0.0042712256 0.11571059
v -0.030214709 0.0042450991 0.11571809
v -0.030214709 0.0042181638 0.11572194
v -0.030214709 0.0041910122 0.1157238
v -0.030214709 0.0041638007 0.11572432
v -0.030214709 0.004128285 0.11572326
v -0.030214709 0.0040930377 0.1157189
v -0.030214709 0.0040596963 0.11570707
v -0.030214709 0.0040402724 0.11567931
v -0.030214709 0.0040528027 0.11565729
v -0.030214709 0.0040763336 0.11564594
v -0.030214709 0.0041019683 0.11564041
v -0.030214709 0.0041281468 0.11563871
v -0.030214709 0.0041528703 0.11564013
v -0.030214709 0.00417706 0.11564535
v -0.030214709 0.0041992277 0.11565622
v -0.030214709 0.0042114937 0.11567668
v -0.030214709 0.0042078788 0.11568822
v -0.030214709 0.0041995034 0.11569707
v -0.030214709 0.0041890149 0.11570335
v -0.030214709 0.0041776404 0.11570786
v -0.030214709 0.0041994958 0.11570738
v -0.030214709 0.0042212871 0.11570569
v -0.030214709 0.0042427354 0.11570157
v -0.030214709 0.0042631482 0.11569387
v -0.030214709 0.0042660274 0.11569083
v -0.030214709 0.0042684399 0.11568742
v -0.030214709 0.0042701569 0.11568359
v -0.030214709 0.0042707626 0.11567946
v -0.030214709 0.0042695927 0.11567431
v -0.030214709 0.0042664474 0.11567004
v -0.030214709 0.0042622728 0.11566676
v -0.030214709 0.0042575917 0.11566423
v -0.030214709 0.0042512183 0.11566197
v -0.030214709 0.0042446324 0.11566043
v -0.030214709 0.0042379559 0.11565935
v -0.030214709 0.00423125 0.11565847
v -0.030214709 0.0040699069 0.11568054
v -0.030214709 0.004077975 0.11569549
v -0.030214709 0.004093969 0.11570284
v -0.030214709 0.0041112038 0.11570663
v -0.030214709 0.0041288156 0.11570786
v -0.030214709 0.0041449484 0.11570684
v -0.030214709 0.0041606452 0.11570301
v -0.030214709 0.0041746896 0.11569512
v -0.030214709 0.0041818592 0.11568121
v -0.030214709 0.0041750238 0.11566657
v -0.030214709 0.0041601736 0.11565916
v -0.030214709 0.0041437934 0.115656
v -0.030214709 0.0041271178 0.11565518
v -0.030214709 0.0041100512 0.11565598
v -0.030214709 0.0040932579 0.11565905
v -0.030214709 0.0040777717 0.11566609
v -0.030216709 0.0041638007 0.11572432
v -0.030216709 0.004128285 0.11572326
v -0.030216709 0.0040930377 0.1157189
v -0.030216709 0.0040596963 0.11570707
v -0.030216709 0.0040402724 0.11567931
v -0.030214709 0.0040402724 0.11567931
v -0.030214709 0.0040596963 0.11570707
v -0.030214709 0.0040930377 0.1157189
v -0.030214709 0.004128285 0.11572326
v -0.030214709 0.0041638007 0.11572432
v -0.030216709 0.0040699069 0.11568054
v -0.030216709 0.004077975 0.11569549
v -0.030216709 0.004093969 0.11570284
v -0.030216709 0.0041112038 0.11570663
v -0.030216709 0.0041288156 0.11570786
v -0.030214709 0.0041288156 0.11570786
v -0.030214709 0.0041112038 0.11570663
v -0.030214709 0.004093969 0.11570284
v -0.030214709 0.004077975 0.11569549
v -0.030214709 0.0040699069 0.11568054
v -0.030216709 0.0042707626 0.11567946
v -0.030216709 0.0042695927 0.11567431
v -0.030216709 0.0042664474 0.11567004
v -0.030216709 0.0042622728 0.11566676
v -0.030216709 0.0042575917 0.11566423
v -0.030214709 0.0042575917 0.11566423
v -0.030214709 0.0042622728 0.11566676
v -0.030214709 0.0042664474 0.11567004
v -0.030214709 0.0042695927 0.11567431
v -0.030214709 0.0042707626 0.11567946
v -0.030216709 0.0041208411 0.11544115
v -0.030216709 0.0041385663 0.11544207
v -0.030216709 0.0041559848 0.11544543
v -0.030216709 0.004172226 0.11545247
v -0.030216709 0.0041841744 0.11546528
v -0.030214709 0.0041841744 0.11546528
v -0.030214709 0.004172226 0.11545247
v -0.030214709 0.0041559848 0.11544543
v -0.030214709 0.0041385663 0.11544207
v -0.030214709 0.0041208411 0.11544115
v -0.030214709 0.0041127122 0.11552676
v -0.030214709 0.004090101 0.11552414
v -0.030214709 0.0040683066 0.11551766
v -0.030214709 0.0040491865 0.1155055
v -0.030214709 0.0040402724 0.11548519
v -0.030214709 0.0040504045 0.11546297
v -0.030214709 0.0040716841 0.11544987
v -0.030214709 0.0040958224 0.1154431
v -0.030214709 0.0041208411 0.11544115
v -0.030214709 0.0041385663 0.11544207
v -0.030214709 0.0041559848 0.11544543
v -0.030214709 0.004172226 0.11545247
v -0.030214709 0.0041841744 0.11546528
v -0.030214709 0.0041950064 0.11545673
v -0.030214709 0.0042077625 0.11545142
v -0.030214709 0.0042212969 0.11544856
v -0.030214709 0.0042351086 0.11544774
v -0.030214709 0.0042558551 0.11544965
v -0.030214709 0.0042757594 0.11545575
v -0.030214709 0.0042926099 0.11546782
v -0.030214709 0.004300397 0.11548668
v -0.030214709 0.0042926142 0.11550565
v -0.030214709 0.0042752922 0.1155173
v -0.030214709 0.0042553045 0.11552365
v -0.030214709 0.0042345427 0.11552676
v -0.030214709 0.00423125 0.1155103
v -0.030214709 0.0042437779 0.11550851
v -0.030214709 0.0042558527 0.11550477
v -0.030214709 0.0042662264 0.11549766
v -0.030214709 0.0042707626 0.11548612
v -0.030214709 0.0042666053 0.11547533
v -0.030214709 0.0042570116 0.1154686
v -0.030214709 0.0042457615 0.11546515
v -0.030214709 0.0042340282 0.1154642
v -0.030214709 0.0042209543 0.11546524
v -0.030214709 0.00420854 0.11546936
v -0.030214709 0.0041987887 0.115478
v -0.030214709 0.0041946699 0.11549028
v -0.030214709 0.0041947206 0.11549093
v -0.030214709 0.004194795 0.11549158
v -0.030214709 0.0041949033 0.11549222
v -0.030214709 0.0041950301 0.11549286
v -0.030214709 0.0041653956 0.11549466
v -0.030214709 0.0041667038 0.11549196
v -0.030214709 0.0041677847 0.11548916
v -0.030214709 0.0041685892 0.11548627
v -0.030214709 0.0041688941 0.11548329
v -0.030214709 0.0041628982 0.11547015
v -0.030214709 0.0041502542 0.11546248
v -0.030214709 0.0041359139 0.11545867
v -0.030214709 0.0041210983 0.11545761
v -0.030214709 0.0041051972 0.11545866
v -0.030214709 0.0040897254 0.11546245
v -0.030214709 0.0040759937 0.11547036
v -0.030214709 0.0040699069 0.11548462
v -0.030214709 0.0040751767 0.11549767
v -0.030214709 0.0040876918 0.11550468
v -0.030214709 0.0041017057 0.11550819
v -0.030214709 0.0041160049 0.1155103
v -0.030216709 0.0040699069 0.11548462
v -0.030216709 0.0040751767 0.11549767
v -0.030216709 0.0040876918 0.11550468
v -0.030216709 0.0041017057 0.11550819
v -0.030216709 0.0041160049 0.1155103
v -0.030214709 0.0041160049 0.1155103
v -0.030214709 0.0041017057 0.11550819
v -0.030214709 0.0040876918 0.11550468
v -0.030214709 0.0040751767 0.11549767
v -0.030214709 0.0040699069 0.11548462
v -0.030216709 0.0040650192 0.11561258
v -0.030216709 0.004055909 0.11560779
v -0.030216709 0.0040479143 0.11560133
v -0.030216709 0.0040422304 0.1155928
v -0.030216709 0.0040402724 0.11558274
v -0.030214709 0.0040402724 0.11558274
v -0.030214709 0.0040422304 0.1155928
v -0.030214709 0.0040479143 0.11560133
v -0.030214709 0.004055909 0.11560779
v -0.030214709 0.0040650192 0.11561258
v -0.030216709 0.004300397 0.11558274
v -0.030216709 0.0042792574 0.11561049
v -0.030216709 0.0042438812 0.11562073
v -0.030216709 0.0042071589 0.1156246
v -0.030216709 0.0041702318 0.11562554
v -0.030214709 0.0041702318 0.11562554
v -0.030214709 0.0042071589 0.1156246
v -0.030214709 0.0042438812 0.11562073
v -0.030214709 0.0042792574 0.11561049
v -0.030214709 0.004300397 0.11558274
v -0.030516709 0.0036435652 0.11520591
v -0.030516709 0.0036435651 0.11600591
v -0.030516709 0.0044135651 0.11600591
v -0.030516709 0.0044135651 0.11520591
v -0.030501709 0.0036435652 0.11480591
v -0.030509209 0.0036435652 0.11480792
v -0.030514699 0.0036435652 0.11481341
v -0.030516709 0.0036435652 0.11482091
v -0.030516709 0.0044135652 0.11482091
v -0.030514699 0.0044135652 0.11481341
v -0.030509209 0.0044135652 0.11480792
v -0.030501709 0.0044135652 0.11480591
v -0.030516709 0.0036435651 0.11639091
v -0.030514699 0.0036360651 0.11639091
v -0.030509209 0.0036305748 0.11639091
v -0.030501709 0.0036285651 0.11639091
v -0.030501709 0.0036305748 0.11639841
v -0.030501709 0.0036360651 0.1164039
v -0.030501709 0.0036435651 0.11640591
v -0.030509209 0.0036435651 0.1164039
v -0.030514699 0.0036435651 0.11639841
v -0.030516709 0.0036435651 0.11639091
v -0.030231709 0.0036435651 0.11640591
v -0.030231709 0.0036360651 0.1164039
v -0.030231709 0.0036305747 0.11639841
v -0.030231709 0.0036285651 0.11639091
v -0.030224209 0.0036305747 0.11639091
v -0.030218719 0.0036360651 0.11639091
v -0.030216709 0.0036435651 0.11639091
v -0.030218719 0.0036435651 0.11639841
v -0.030224209 0.0036435651 0.1164039
v -0.030216709 0.0036435651 0.11639091
v -0.030231709 0.0036435651 0.11480591
v -0.030231709 0.0036360651 0.11480792
v -0.030231709 0.0036305748 0.11481341
v -0.030231709 0.0036285652 0.11482091
v -0.030501709 0.0036285652 0.11482091
v -0.030501709 0.0036305748 0.11481341
v -0.030501709 0.0036360651 0.11480792
v -0.030501709 0.0036435652 0.11480591
v -0.030501709 0.0044285651 0.11639091
v -0.030501709 0.0044285651 0.11600591
v -0.030509209 0.0044265555 0.11600591
v -0.030514699 0.0044210652 0.11600591
v -0.030516709 0.0044135651 0.11600591
v -0.030516709 0.0044135651 0.11639091
v -0.030514699 0.0044210651 0.11639091
v -0.030509209 0.0044265555 0.11639091
v -0.030516709 0.0036435651 0.11639091
v -0.030514699 0.0036435651 0.11639841
v -0.030509209 0.0036435651 0.1164039
v -0.030501709 0.0036435651 0.11640591
v -0.030501709 0.0044135651 0.11640591
v -0.030509209 0.0044135651 0.1164039
v -0.030514699 0.0044135651 0.11639841
v -0.030516709 0.0044135651 0.11639091
v -0.030231709 0.0044285651 0.11482091
v -0.030231709 0.0044285651 0.11520591
v -0.030224209 0.0044265555 0.11520591
v -0.030218719 0.0044210651 0.11520591
v -0.030216709 0.0044135651 0.11520591
v -0.030216709 0.0044135651 0.11482091
v -0.030218719 0.0044210652 0.11482091
v -0.030224209 0.0044265555 0.11482091
v -0.030216709 0.0042712256 0.11571059
v -0.030216709 0.0042450991 0.11571809
v -0.030216709 0.0042181638 0.11572194
v -0.030216709 0.0041910122 0.1157238
v -0.030216709 0.0041638007 0.11572432
v -0.030214709 0.0041638007 0.11572432
v -0.030214709 0.0041910122 0.1157238
v -0.030214709 0.0042181638 0.11572194
v -0.030214709 0.0042450991 0.11571809
v -0.030214709 0.0042712256 0.11571059
v -0.030216709 0.0041288156 0.11570786
v -0.030216709 0.0041449484 0.11570684
v -0.030216709 0.0041606452 0.11570301
v -0.030216709 0.0041746896 0.11569512
v -0.030216709 0.0041818592 0.11568121
v -0.030214709 0.0041818592 0.11568121
v -0.030214709 0.0041746896 0.11569512
v -0.030214709 0.0041606452 0.11570301
v -0.030214709 0.0041449484 0.11570684
v -0.030214709 0.0041288156 0.11570786
v -0.030216709 0.0042575917 0.11566423
v -0.030216709 0.0042512183 0.11566197
v -0.030216709 0.0042446324 0.11566043
v -0.030216709 0.0042379559 0.11565935
v -0.030216709 0.00423125 0.11565847
v -0.030214709 0.00423125 0.11565847
v -0.030214709 0.0042379559 0.11565935
v -0.030214709 0.0042446324 0.11566043
v -0.030214709 0.0042512183 0.11566197
v -0.030214709 0.0042575917 0.11566423
v -0.030216709 0.0040402724 0.11548519
v -0.030216709 0.0040504045 0.11546297
v -0.030216709 0.0040716841 0.11544987
v -0.030216709 0.0040958224 0.1154431
v -0.030216709 0.0041208411 0.11544115
v -0.030214709 0.0041208411 0.11544115
v -0.030214709 0.0040958224 0.1154431
v -0.030214709 0.0040716841 0.11544987
v -0.030214709 0.0040504045 0.11546297
v -0.030214709 0.0040402724 0.11548519
v -0.030216709 0.0041160049 0.1155103
v -0.030216709 0.0041127122 0.11552676
v -0.030214709 0.0041127122 0.11552676
v -0.030214709 0.0041160049 0.1155103
v -0.030216709 0.0041702318 0.11562554
v -0.030216709 0.0041436085 0.11562503
v -0.030216709 0.004117038 0.1156233
v -0.030216709 0.0040906732 0.11561961
v -0.030216709 0.0040650192 0.11561258
v -0.030214709 0.0040650192 0.11561258
v -0.030214709 0.0040906732 0.11561961
v -0.030214709 0.004117038 0.1156233
v -0.030214709 0.0041436085 0.11562503
v -0.030214709 0.0041702318 0.11562554
v -0.030501709 0.0044285651 0.11520591
v -0.030501709 0.0044285651 0.11600591
v -0.030231709 0.0044285651 0.11600591
v -0.030231709 0.0044285651 0.11520591
v -0.030501709 0.0036285651 0.11600591
v -0.030509209 0.0036305748 0.11600591
v -0.030514699 0.0036360651 0.11600591
v -0.030516709 0.0036435651 0.11600591
v -0.030516709 0.0036435652 0.11520591
v -0.030514699 0.0036360651 0.11520591
v -0.030509209 0.0036305748 0.11520591
v -0.030501709 0.0036285652 0.11520591
v -0.030501709 0.0036285652 0.11482091
v -0.030501709 0.0036285652 0.11520591
v -0.030509209 0.0036305748 0.11520591
v -0.030514699 0.0036360651 0.11520591
v -0.030516709 0.0036435652 0.11520591
v -0.030516709 0.0036435652 0.11482091
v -0.030514699 0.0036360651 0.11482091
v -0.030509209 0.0036305748 0.11482091
v -0.030216709 0.0044135651 0.11639091
v -0.030216709 0.0044135651 0.11600591
v -0.030218719 0.0044210651 0.11600591
v -0.030224209 0.0044265555 0.11600591
v -0.030231709 0.0044285651 0.11600591
v -0.030231709 0.0044285651 0.11639091
v -0.030224209 0.0044265555 0.11639091
v -0.030218719 0.0044210651 0.11639091
v -0.030231709 0.0036435651 0.11640591
v -0.030224209 0.0036435651 0.1164039
v -0.030218719 0.0036435651 0.11639841
v -0.030216709 0.0036435651 0.11639091
v -0.030216709 0.0044135651 0.11639091
v -0.030218719 0.0044135651 0.11639841
v -0.030224209 0.0044135651 0.1164039
v -0.030231709 0.0044135651 0.11640591
v -0.030501709 0.0036435651 0.11640591
v -0.030501709 0.0036360651 0.1164039
v -0.030501709 0.0036305748 0.11639841
v -0.030501709 0.0036285651 0.11639091
v -0.030231709 0.0036285651 0.11639091
v -0.030231709 0.0036305747 0.11639841
v -0.030231709 0.0036360651 0.1164039
v -0.030231709 0.0036435651 0.11640591
v -0.030216709 0.004300397 0.11567838
v -0.030216709 0.0042978939 0.11568958
v -0.030216709 0.0042909397 0.11569875
v -0.030216709 0.0042816155 0.11570554
v -0.030216709 0.0042712256 0.11571059
v -0.030214709 0.0042712256 0.11571059
v -0.030214709 0.0042816155 0.11570554
v -0.030214709 0.0042909397 0.11569875
v -0.030214709 0.0042978939 0.11568958
v -0.030214709 0.004300397 0.11567838
v -0.030216709 0.00423125 0.11565847
v -0.030216709 0.0042345427 0.11564201
v -0.030214709 0.0042345427 0.11564201
v -0.030214709 0.00423125 0.11565847
v -0.030216709 0.0041127122 0.11552676
v -0.030216709 0.004090101 0.11552414
v -0.030216709 0.0040683066 0.11551766
v -0.030216709 0.0040491865 0.1155055
v -0.030216709 0.0040402724 0.11548519
v -0.030214709 0.0040402724 0.11548519
v -0.030214709 0.0040491865 0.1155055
v -0.030214709 0.0040683066 0.11551766
v -0.030214709 0.004090101 0.11552414
v -0.030214709 0.0041127122 0.11552676
v -0.030231709 0.0036435651 0.11480591
v -0.030501709 0.0036435652 0.11480591
v -0.030501709 0.0044135652 0.11480591
v -0.030231709 0.0044135651 0.11480591
v -0.030516709 0.0036435651 0.11639091
v -0.030516709 0.0036435651 0.11600591
v -0.030514699 0.0036360651 0.11600591
v -0.030509209 0.0036305748 0.11600591
v -0.030501709 0.0036285651 0.11600591
v -0.030501709 0.0036285651 0.11639091
v -0.030509209 0.0036305748 0.11639091
v -0.030514699 0.0036360651 0.11639091
v -0.030231709 0.0044285651 0.11600591
v -0.030224209 0.0044265555 0.11600591
v -0.030218719 0.0044210651 0.11600591
v -0.030216709 0.0044135651 0.11600591
v -0.030216709 0.0044135651 0.11520591
v -0.030218719 0.0044210651 0.11520591
v -0.030224209 0.0044265555 0.11520591
v -0.030231709 0.0044285651 0.11520591
v -0.030216709 0.0036435651 0.11600591
v -0.030218719 0.0036360651 0.11600591
v -0.030224209 0.0036305747 0.11600591
v -0.030231709 0.0036285651 0.11600591
v -0.030231709 0.0036285651 0.11520591
v -0.030224209 0.0036305748 0.11520591
v -0.030218719 0.0036360651 0.11520591
v -0.030216709 0.0036435651 0.11520591
v -0.030216709 0.0042345427 0.11564201
v -0.030216709 0.0042549126 0.11564436
v -0.030216709 0.0042746871 0.11564972
v -0.030216709 0.0042921781 0.11566022
v -0.030216709 0.004300397 0.11567838
v -0.030214709 0.004300397 0.11567838
v -0.030214709 0.0042921781 0.11566022
v -0.030214709 0.0042746871 0.11564972
v -0.030214709 0.0042549126 0.11564436
v -0.030214709 0.0042345427 0.11564201
v -0.030231709 0.0036285651 0.11520591
v -0.030231709 0.0036285651 0.11600591
v -0.030501709 0.0036285651 0.11600591
v -0.030501709 0.0036285652 0.11520591
v -0.030216709 0.0036435651 0.11482091
v -0.030216709 0.0036435651 0.11520591
v -0.030218719 0.0036360651 0.11520591
v -0.030224209 0.0036305748 0.11520591
v -0.030231709 0.0036285651 0.11520591
v -0.030231709 0.0036285652 0.11482091
v -0.030224209 0.0036305748 0.11482091
v -0.030218719 0.0036360651 0.11482091
v -0.030231709 0.0036285651 0.11639091
v -0.030231709 0.0036285651 0.11600591
v -0.030224209 0.0036305747 0.11600591
v -0.030218719 0.0036360651 0.11600591
v -0.030216709 0.0036435651 0.11600591
v -0.030216709 0.0036435651 0.11639091
v -0.030218719 0.0036360651 0.11639091
v -0.030224209 0.0036305747 0.11639091
v -0.030216709 0.0044135651 0.11482091
v -0.030216709 0.0044135651 0.11520591
v -0.030216709 0.0036435651 0.11520591
v -0.030216709 0.0036435651 0.11482091
v -0.030216709 0.0036435651 0.11639091
v -0.030216709 0.0036435651 0.11600591
v -0.030216709 0.0044135651 0.11600591
v -0.030216709 0.0044135651 0.11639091
v -0.030231709 0.0036285651 0.11520591
v -0.030501709 0.0036285652 0.11520591
v -0.030501709 0.0036285652 0.11482091
v -0.030231709 0.0036285652 0.11482091
v -0.030501709 0.0036285651 0.11600591
v -0.030231709 0.0036285651 0.11600591
v -0.030231709 0.0036285651 0.11639091
v -0.030501709 0.0036285651 0.11639091
v -0.030216709 0.0044135651 0.11600591
v -0.030216709 0.0036435651 0.11600591
v -0.030216709 0.0036435651 0.11520591
v -0.030216709 0.0044135651 0.11520591
v -0.030216709 0.004300397 0.11567838
v -0.030216709 0.0042921781 0.11566022
v -0.030216709 0.0042746871 0.11564972
v -0.030216709 0.0042549126 0.11564436
v -0.030216709 0.0042345427 0.11564201
v -0.030216709 0.00423125 0.11565847
v -0.030216709 0.0042379559 0.11565935
v -0.030216709 0.0042446324 0.11566043
v -0.030216709 0.0042512183 0.11566197
v -0.030216709 0.0042575917 0.11566423
v -0.030216709 0.0042622728 0.11566676
v -0.030216709 0.0042664474 0.11567004
v -0.030216709 0.0042695927 0.11567431
v -0.030216709 0.0042707626 0.11567946
v -0.030216709 0.0042701569 0.11568359
v -0.030216709 0.0042684399 0.11568742
v -0.030216709 0.0042660274 0.11569083
v -0.030216709 0.0042631482 0.11569387
v -0.030216709 0.0042427354 0.11570157
v -0.030216709 0.0042212871 0.11570569
v -0.030216709 0.0041994958 0.11570738
v -0.030216709 0.0041776404 0.11570786
v -0.030216709 0.0041890149 0.11570335
v -0.030216709 0.0041995034 0.11569707
v -0.030216709 0.0042078788 0.11568822
v -0.030216709 0.0042114937 0.11567668
v -0.030216709 0.0041992277 0.11565622
v -0.030216709 0.00417706 0.11564535
v -0.030216709 0.0041528703 0.11564013
v -0.030216709 0.0041281468 0.11563871
v -0.030216709 0.0041019683 0.11564041
v -0.030216709 0.0040763336 0.11564594
v -0.030216709 0.0040528027 0.11565729
v -0.030216709 0.0040402724 0.11567931
v -0.030216709 0.0040596963 0.11570707
v -0.030216709 0.0040930377 0.1157189
v -0.030216709 0.004128285 0.11572326
v -0.030216709 0.0041638007 0.11572432
v -0.030216709 0.0041910122 0.1157238
v -0.030216709 0.0042181638 0.11572194
v -0.030216709 0.0042450991 0.11571809
v -0.030216709 0.0042712256 0.11571059
v -0.030216709 0.0042816155 0.11570554
v -0.030216709 0.0042909397 0.11569875
v -0.030216709 0.0042978939 0.11568958
v -0.030216709 0.0040402724 0.11548519
v -0.030216709 0.0040491865 0.1155055
v -0.030216709 0.0040683066 0.11551766
v -0.030216709 0.004090101 0.11552414
v -0.030216709 0.0041127122 0.11552676
v -0.030216709 0.0041160049 0.1155103
v -0.030216709 0.0041017057 0.11550819
v -0.030216709 0.0040876918 0.11550468
v -0.030216709 0.0040751767 0.11549767
v -0.030216709 0.0040699069 0.11548462
v -0.030216709 0.0040759937 0.11547036
v -0.030216709 0.0040897254 0.11546245
v -0.030216709 0.0041051972 0.11545866
v -0.030216709 0.0041210983 0.11545761
v -0.030216709 0.0041359139 0.11545867
v -0.030216709 0.0041502542 0.11546248
v -0.030216709 0.0041628982 0.11547015
v -0.030216709 0.0041688941 0.11548329
v -0.030216709 0.0041685892 0.11548627
v -0.030216709 0.0041677847 0.11548916
v -0.030216709 0.0041667038 0.11549196
v -0.030216709 0.0041653956 0.11549466
v -0.030216709 0.0041950301 0.11549286
v -0.030216709 0.0041949033 0.11549222
v -0.030216709 0.004194795 0.11549158
v -0.030216709 0.0041947206 0.11549093
v -0.030216709 0.0041946699 0.11549028
v -0.030216709 0.0041987887 0.115478
v -0.030216709 0.00420854 0.11546936
v -0.030216709 0.0042209543 0.11546524
v -0.030216709 0.0042340282 0.1154642
v -0.030216709 0.0042457615 0.11546515
v -0.030216709 0.0042570116 0.1154686
v -0.030216709 0.0042666053 0.11547533
v -0.030216709 0.0042707626 0.11548612
v -0.030216709 0.0042662264 0.11549766
v -0.030216709 0.0042558527 0.11550477
v -0.030216709 0.0042437779 0.11550851
v -0.030216709 0.00423125 0.1155103
v -0.030216709 0.0042345427 0.11552676
v -0.030216709 0.0042553045 0.11552365
v -0.030216709 0.0042752922 0.1155173
v -0.030216709 0.0042926142 0.11550565
v -0.030216709 0.004300397 0.11548668
v -0.030216709 0.0042926099 0.11546782
v -0.030216709 0.0042757594 0.11545575
v -0.030216709 0.0042558551 0.11544965
v -0.030216709 0.0042351086 0.11544774
v -0.030216709 0.0042212969 0.11544856
v -0.030216709 0.0042077625 0.11545142
v -0.030216709 0.0041950064 0.11545673
v -0.030216709 0.0041841744 0.11546528
v -0.030216709 0.004172226 0.11545247
v -0.030216709 0.0041559848 0.11544543
v -0.030216709 0.0041385663 0.11544207
v -0.030216709 0.0041208411 0.11544115
v -0.030216709 0.0040958224 0.1154431
v -0.030216709 0.0040716841 0.11544987
v -0.030216709 0.0040504045 0.11546297
v -0.030216709 0.0040650192 0.11561258
v -0.030216709 0.0040906732 0.11561961
v -0.030216709 0.004117038 0.1156233
v -0.030216709 0.0041436085 0.11562503
v -0.030216709 0.0041702318 0.11562554
v -0.030216709 0.0042071589 0.1156246
v -0.030216709 0.0042438812 0.11562073
v -0.030216709 0.0042792574 0.11561049
v -0.030216709 0.004300397 0.11558274
v -0.030216709 0.0042796276 0.11555441
v -0.030216709 0.0042439689 0.11554491
v -0.030216709 0.0042072158 0.11554082
v -0.030216709 0.0041702318 0.11553993
v -0.030216709 0.0041333515 0.11554088
v -0.030216709 0.0040966781 0.11554477
v -0.030216709 0.0040613479 0.115555
v -0.030216709 0.0040402724 0.11558274
v -0.030216709 0.0040422304 0.1155928
v -0.030216709 0.0040479143 0.11560133
v -0.030216709 0.004055909 0.11560779
f 1 2 10
f 10 2 9
f 9 2 3
f 9 3 8
f 8 3 4
f 8 4 7
f 7 4 5
f 7 5 6
f 11 12 20
f 20 12 19
f 19 12 13
f 19 13 18
f 18 13 14
f 18 14 17
f 17 14 15
f 17 15 16
f 21 22 40
f 40 22 23
f 40 23 39
f 39 23 24
f 39 24 38
f 38 24 37
f 37 24 25
f 37 25 33
f 33 25 29
f 33 29 32
f 32 29 31
f 31 29 30
f 25 26 29
f 29 26 27
f 29 27 28
f 33 34 37
f 37 34 35
f 37 35 36
f 41 42 50
f 50 42 49
f 49 42 43
f 49 43 48
f 48 43 44
f 48 44 47
f 47 44 45
f 47 45 46
f 51 52 60
f 60 52 59
f 59 52 53
f 59 53 58
f 58 53 54
f 58 54 57
f 57 54 55
f 57 55 56
f 61 62 70
f 70 62 69
f 69 62 63
f 69 63 68
f 68 63 64
f 68 64 67
f 67 64 65
f 67 65 66
f 71 72 74
f 74 72 73
f 75 76 78
f 78 76 77
f 79 80 88
f 88 80 87
f 87 80 81
f 87 81 86
f 86 81 82
f 86 82 85
f 85 82 83
f 85 83 84
f 90 97 89
f 89 97 98
f 89 98 104
f 104 98 101
f 104 101 102
f 91 92 90
f 90 92 93
f 90 93 94
f 94 95 90
f 90 95 96
f 90 96 97
f 99 100 98
f 98 100 101
f 102 103 104
f 105 106 114
f 114 106 113
f 113 106 107
f 113 107 112
f 112 107 108
f 112 108 111
f 111 108 109
f 111 109 110
f 115 116 124
f 124 116 123
f 123 116 117
f 123 117 122
f 122 117 118
f 122 118 121
f 121 118 119
f 121 119 120
f 125 126 134
f 134 126 133
f 133 126 127
f 133 127 132
f 132 127 128
f 132 128 131
f 131 128 129
f 131 129 130
f 135 136 144
f 144 136 143
f 143 136 137
f 143 137 142
f 142 137 138
f 142 138 141
f 141 138 139
f 141 139 140
f 152 145 151
f 151 145 146
f 151 146 150
f 150 146 147
f 150 147 149
f 149 147 148
f 153 154 162
f 162 154 161
f 161 154 155
f 161 155 160
f 160 155 156
f 160 156 159
f 159 156 157
f 159 157 158
f 163 164 172
f 172 164 171
f 171 164 165
f 171 165 170
f 170 165 166
f 170 166 169
f 169 166 167
f 169 167 168
f 173 174 182
f 182 174 181
f 181 174 175
f 181 175 180
f 180 175 176
f 180 176 179
f 179 176 177
f 179 177 178
f 183 184 192
f 192 184 191
f 191 184 185
f 191 185 190
f 190 185 186
f 190 186 189
f 189 186 187
f 189 187 188
f 193 194 202
f 202 194 201
f 201 194 195
f 201 195 200
f 200 195 196
f 200 196 199
f 199 196 197
f 199 197 198
f 204 227 203
f 203 227 228
f 203 228 222
f 222 228 229
f 222 229 221
f 221 229 230
f 221 230 220
f 220 230 231
f 220 231 232
f 227 204 226
f 226 204 205
f 226 205 225
f 225 205 206
f 225 206 207
f 225 207 224
f 224 207 208
f 224 208 209
f 209 210 224
f 224 210 223
f 223 210 211
f 223 211 242
f 242 211 212
f 242 212 241
f 241 212 213
f 241 213 214
f 241 214 240
f 240 214 215
f 240 215 239
f 239 215 238
f 238 215 216
f 238 216 237
f 237 216 217
f 237 217 218
f 237 218 236
f 236 218 219
f 236 219 235
f 235 219 234
f 234 219 233
f 233 219 220
f 233 220 232
f 243 244 252
f 252 244 251
f 251 244 245
f 251 245 250
f 250 245 246
f 250 246 249
f 249 246 247
f 249 247 248
f 253 254 256
f 256 254 255
f 266 258 265
f 265 258 259
f 265 259 262
f 262 259 261
f 261 259 260
f 263 264 262
f 262 264 265
f 267 268 275
f 275 268 269
f 275 269 272
f 272 269 271
f 271 269 276
f 273 274 272
f 272 274 275
f 278 279 277
f 277 279 280
f 282 283 281
f 281 283 284
f 285 286 294
f 294 286 293
f 293 286 287
f 293 287 292
f 292 287 288
f 292 288 291
f 291 288 289
f 291 289 290
f 295 296 304
f 304 296 303
f 303 296 297
f 303 297 302
f 302 297 298
f 302 298 301
f 301 298 299
f 301 299 300
f 305 306 314
f 314 306 313
f 313 306 307
f 313 307 312
f 312 307 308
f 312 308 311
f 311 308 309
f 311 309 310
f 315 316 324
f 324 316 323
f 323 316 317
f 323 317 322
f 322 317 318
f 322 318 321
f 321 318 319
f 321 319 320
f 325 326 334
f 334 326 333
f 333 326 327
f 333 327 332
f 332 327 328
f 332 328 331
f 331 328 329
f 331 329 330
f 335 336 344
f 344 336 343
f 343 336 337
f 343 337 342
f 342 337 338
f 342 338 341
f 341 338 339
f 341 339 340
f 345 346 354
f 354 346 353
f 353 346 347
f 353 347 352
f 352 347 348
f 352 348 351
f 351 348 349
f 351 349 350
f 355 356 364
f 364 356 363
f 363 356 357
f 363 357 362
f 362 357 358
f 362 358 361
f 361 358 359
f 361 359 360
f 372 365 371
f 371 365 366
f 371 366 370
f 370 366 367
f 370 367 369
f 369 367 368
f 373 374 381
f 381 374 375
f 381 375 378
f 378 375 377
f 377 375 376
f 381 378 380
f 380 378 382
f 383 384 386
f 386 384 385
f 396 388 395
f 395 388 389
f 395 389 392
f 392 389 391
f 391 389 390
f 393 394 392
f 392 394 395
f 406 398 405
f 405 398 399
f 405 399 402
f 402 399 401
f 401 399 400
f 403 404 402
f 402 404 405
f 414 407 413
f 413 407 408
f 413 408 412
f 412 408 409
f 412 409 411
f 411 409 410
f 415 416 422
f 422 416 417
f 422 417 421
f 421 417 418
f 421 418 420
f 420 418 419
f 423 424 431
f 431 424 425
f 431 425 428
f 428 425 427
f 427 425 432
f 429 430 428
f 428 430 431
f 440 433 439
f 439 433 434
f 439 434 438
f 438 434 435
f 438 435 437
f 437 435 436
f 441 442 444
f 444 442 443
f 445 446 489
f 489 446 488
f 488 446 447
f 488 447 487
f 487 447 486
f 486 447 448
f 486 448 485
f 485 448 484
f 484 448 483
f 483 448 449
f 483 449 482
f 482 449 481
f 481 449 480
f 480 449 450
f 480 450 479
f 479 450 478
f 478 450 451
f 478 451 477
f 477 451 452
f 477 452 476
f 476 452 453
f 476 453 454
f 476 454 475
f 475 454 455
f 475 455 474
f 474 455 456
f 474 456 473
f 473 456 457
f 473 457 495
f 495 457 458
f 495 458 494
f 494 458 459
f 494 459 493
f 493 459 492
f 492 459 460
f 492 460 491
f 491 460 461
f 491 461 490
f 490 461 505
f 505 461 462
f 505 462 504
f 504 462 463
f 504 463 503
f 503 463 464
f 503 464 502
f 502 464 465
f 502 465 466
f 502 466 501
f 501 466 467
f 501 467 500
f 500 467 468
f 500 468 499
f 499 468 469
f 499 469 498
f 498 469 470
f 498 470 497
f 497 470 471
f 497 471 472
f 497 472 496
f 496 472 473
f 496 473 495
f 506 507 515
f 515 507 514
f 514 507 508
f 514 508 513
f 513 508 509
f 513 509 512
f 512 509 510
f 512 510 511
f 516 517 525
f 525 517 524
f 524 517 518
f 524 518 523
f 523 518 519
f 523 519 522
f 522 519 520
f 522 520 521
f 526 527 535
f 535 527 534
f 534 527 528
f 534 528 533
f 533 528 529
f 533 529 532
f 532 529 530
f 532 530 531
f 536 537 545
f 545 537 544
f 544 537 538
f 544 538 543
f 543 538 539
f 543 539 542
f 542 539 540
f 542 540 541
f 546 547 604
f 604 547 603
f 603 547 548
f 603 548 602
f 602 548 549
f 602 549 601
f 601 549 550
f 601 550 600
f 600 550 599
f 599 550 551
f 599 551 598
f 598 551 552
f 598 552 597
f 597 552 553
f 597 553 596
f 596 553 554
f 596 554 555
f 596 555 595
f 595 555 556
f 595 556 557
f 595 557 594
f 594 557 558
f 594 558 593
f 593 558 582
f 593 582 592
f 592 582 583
f 592 583 591
f 591 583 590
f 590 583 584
f 590 584 589
f 589 584 585
f 589 585 586
f 582 558 581
f 581 558 559
f 581 559 580
f 580 559 560
f 580 560 579
f 579 560 561
f 579 561 562
f 562 563 579
f 579 563 578
f 578 563 564
f 578 564 577
f 577 564 565
f 577 565 576
f 576 565 566
f 576 566 575
f 575 566 574
f 574 566 567
f 574 567 573
f 573 567 568
f 573 568 572
f 572 568 569
f 572 569 571
f 571 569 570
f 586 587 589
f 589 587 588
f 605 606 614
f 614 606 613
f 613 606 607
f 613 607 612
f 612 607 608
f 612 608 611
f 611 608 609
f 611 609 610
f 615 616 624
f 624 616 623
f 623 616 617
f 623 617 622
f 622 617 618
f 622 618 621
f 621 618 619
f 621 619 620
f 625 626 634
f 634 626 633
f 633 626 627
f 633 627 632
f 632 627 628
f 632 628 631
f 631 628 629
f 631 629 630
f 636 637 635
f 635 637 638
f 646 639 645
f 645 639 640
f 645 640 644
f 644 640 641
f 644 641 643
f 643 641 642
f 656 648 655
f 655 648 649
f 655 649 652
f 652 649 651
f 651 649 650
f 653 654 652
f 652 654 655
f 657 658 665
f 665 658 659
f 665 659 662
f 662 659 661
f 661 659 660
f 665 662 664
f 664 662 666
f 674 667 673
f 673 667 668
f 673 668 672
f 672 668 669
f 672 669 671
f 671 669 670
f 675 676 682
f 682 676 677
f 682 677 681
f 681 677 678
f 681 678 680
f 680 678 679
f 690 683 689
f 689 683 684
f 689 684 688
f 688 684 685
f 688 685 687
f 687 685 686
f 691 692 698
f 698 692 693
f 698 693 697
f 697 693 694
f 697 694 696
f 696 694 695
f 699 700 708
f 708 700 707
f 707 700 701
f 707 701 706
f 706 701 702
f 706 702 705
f 705 702 703
f 705 703 704
f 709 710 718
f 718 710 717
f 717 710 711
f 717 711 716
f 716 711 712
f 716 712 715
f 715 712 713
f 715 713 714
f 719 720 728
f 728 720 727
f 727 720 721
f 727 721 726
f 726 721 722
f 726 722 725
f 725 722 723
f 725 723 724
f 729 730 738
f 738 730 737
f 737 730 731
f 737 731 736
f 736 731 732
f 736 732 735
f 735 732 733
f 735 733 734
f 739 740 742
f 742 740 741
f 743 744 752
f 752 744 751
f 751 744 745
f 751 745 750
f 750 745 746
f 750 746 749
f 749 746 747
f 749 747 748
f 753 754 756
f 756 754 755
f 764 757 763
f 763 757 758
f 763 758 762
f 762 758 759
f 762 759 761
f 761 759 760
f 765 766 772
f 772 766 767
f 772 767 771
f 771 767 768
f 771 768 770
f 770 768 769
f 773 774 780
f 780 774 775
f 780 775 779
f 779 775 776
f 779 776 778
f 778 776 777
f 788 781 787
f 787 781 782
f 787 782 786
f 786 782 783
f 786 783 785
f 785 783 784
f 796 789 795
f 795 789 790
f 795 790 794
f 794 790 791
f 794 791 793
f 793 791 792
f 797 798 806
f 806 798 805
f 805 798 799
f 805 799 804
f 804 799 800
f 804 800 803
f 803 800 801
f 803 801 802
f 807 808 810
f 810 808 809
f 811 812 820
f 820 812 819
f 819 812 813
f 819 813 818
f 818 813 814
f 818 814 817
f 817 814 815
f 817 815 816
f 822 823 821
f 821 823 824
f 825 826 832
f 832 826 827
f 832 827 831
f 831 827 828
f 831 828 830
f 830 828 829
f 840 833 839
f 839 833 834
f 839 834 838
f 838 834 835
f 838 835 837
f 837 835 836
f 848 841 847
f 847 841 842
f 847 842 846
f 846 842 843
f 846 843 845
f 845 843 844
f 849 850 858
f 858 850 857
f 857 850 851
f 857 851 856
f 856 851 852
f 856 852 855
f 855 852 853
f 855 853 854
f 859 860 862
f 862 860 861
f 863 864 870
f 870 864 865
f 870 865 869
f 869 865 866
f 869 866 868
f 868 866 867
f 871 872 878
f 878 872 873
f 878 873 877
f 877 873 874
f 877 874 876
f 876 874 875
f 880 881 879
f 879 881 882
f 884 885 883
f 883 885 886
f 888 889 887
f 887 889 890
f 892 893 891
f 891 893 894
f 896 934 895
f 895 934 935
f 895 935 936
f 897 1019 896
f 896 1019 932
f 896 932 933
f 898 1000 897
f 897 1000 1001
f 897 1001 1002
f 895 1011 898
f 898 1011 987
f 898 987 988
f 900 1011 899
f 899 1011 895
f 899 895 943
f 943 895 942
f 942 895 941
f 941 895 940
f 940 895 939
f 939 895 938
f 938 895 937
f 937 895 936
f 1011 900 1010
f 1010 900 901
f 1010 901 902
f 1010 902 1009
f 1009 902 903
f 1009 903 1008
f 1008 903 925
f 1008 925 926
f 903 904 925
f 925 904 924
f 924 904 905
f 924 905 917
f 917 905 906
f 917 906 907
f 917 907 916
f 916 907 908
f 916 908 909
f 910 914 909
f 909 914 915
f 909 915 916
f 911 912 910
f 910 912 913
f 910 913 914
f 917 918 924
f 924 918 923
f 923 918 922
f 922 918 919
f 922 919 921
f 921 919 920
f 1008 926 1007
f 1007 926 927
f 1007 927 1006
f 1006 927 928
f 1006 928 1005
f 1005 928 929
f 1005 929 1004
f 1004 929 930
f 1004 930 1003
f 1003 930 931
f 1003 931 1022
f 1022 931 1021
f 1021 931 932
f 1021 932 1020
f 1020 932 1019
f 933 934 896
f 945 1019 944
f 944 1019 897
f 944 897 1002
f 1019 945 1018
f 1018 945 946
f 1018 946 947
f 1018 947 1017
f 1017 947 948
f 1017 948 1016
f 1016 948 949
f 1016 949 965
f 965 949 959
f 965 959 960
f 950 956 949
f 949 956 957
f 949 957 958
f 956 950 955
f 955 950 951
f 955 951 954
f 954 951 952
f 954 952 953
f 958 959 949
f 961 962 960
f 960 962 963
f 960 963 964
f 964 965 960
f 1016 965 1015
f 1015 965 966
f 1015 966 1014
f 1014 966 982
f 1014 982 983
f 982 966 971
f 971 966 967
f 971 967 968
f 968 969 971
f 971 969 970
f 971 972 982
f 982 972 973
f 982 973 974
f 982 974 981
f 981 974 975
f 981 975 980
f 980 975 976
f 980 976 977
f 978 979 977
f 977 979 980
f 1014 983 1013
f 1013 983 984
f 1013 984 1012
f 1012 984 985
f 1012 985 986
f 1012 986 1011
f 1011 986 987
f 988 989 898
f 898 989 990
f 898 990 991
f 991 992 898
f 898 992 997
f 898 997 998
f 992 993 997
f 997 993 996
f 996 993 994
f 996 994 995
f 998 999 898
f 898 999 1000
v -0.030216709 0.004808812 0.12056367
v -0.030216709 0.0047980271 0.12056783
v -0.030216709 0.0047912932 0.12057742
v -0.030216709 0.0047878497 0.12058868
v -0.030216709 0.0047868948 0.12060041
v -0.030214709 0.0047868948 0.12060041
v -0.030214709 0.0047878497 0.12058868
v -0.030214709 0.0047912932 0.12057742
v -0.030214709 0.0047980271 0.12056783
v -0.030214709 0.004808812 0.12056367
v -0.030216709 0.0047868948 0.12060041
v -0.030216709 0.0047879358 0.12061348
v -0.030216709 0.0047920526 0.1206259
v -0.030216709 0.0048007004 0.12063565
v -0.030216709 0.0048129793 0.12063977
v -0.030214709 0.0048129793 0.12063977
v -0.030214709 0.0048007004 0.12063565
v -0.030214709 0.0047920526 0.1206259
v -0.030214709 0.0047879358 0.12061348
v -0.030214709 0.0047868948 0.12060041
v -0.030216709 0.0049242114 0.12058127
v -0.030216709 0.0049285973 0.12060164
v -0.030216709 0.0049305822 0.1206224
v -0.030216709 0.0049315393 0.12064324
v -0.030216709 0.0049317743 0.1206641
v -0.030216709 0.0049313403 0.12069169
v -0.030216709 0.0049295123 0.12071921
v -0.030216709 0.0049238912 0.12074615
v -0.030216709 0.0049054326 0.12076453
v -0.030216709 0.0048870289 0.12074611
v -0.030216709 0.004881389 0.12071919
v -0.030216709 0.0048795262 0.12069168
v -0.030216709 0.0048790909 0.1206641
v -0.030216709 0.0048795494 0.12063644
v -0.030216709 0.0048813695 0.12060884
v -0.030216709 0.0048869388 0.12058181
v -0.030216709 0.004905587 0.12056367
v -0.030216709 0.0049121087 0.12056533
v -0.030216709 0.0049173157 0.12056963
v -0.030216709 0.0049212374 0.12057517
v -0.030216709 0.0048329928 0.12060319
v -0.030216709 0.0048312088 0.12059066
v -0.030216709 0.0048274666 0.12057858
v -0.030216709 0.0048203522 0.12056821
v -0.030216709 0.004808812 0.12056367
v -0.030214709 0.004808812 0.12056367
v -0.030214709 0.0048203522 0.12056821
v -0.030214709 0.0048274666 0.12057858
v -0.030214709 0.0048312088 0.12059066
v -0.030214709 0.0048329928 0.12060319
v -0.030216709 0.0048129793 0.12063977
v -0.030216709 0.0048136277 0.12063972
v -0.030216709 0.0048142729 0.12063964
v -0.030216709 0.0048149136 0.12063953
v -0.030216709 0.0048155517 0.12063941
v -0.030214709 0.0048155517 0.12063941
v -0.030214709 0.0048149136 0.12063953
v -0.030214709 0.0048142729 0.12063964
v -0.030214709 0.0048136277 0.12063972
v -0.030214709 0.0048129793 0.12063977
v -0.030216709 0.0049242114 0.12058127
v -0.030216709 0.0049212374 0.12057517
v -0.030216709 0.0049173157 0.12056963
v -0.030216709 0.0049121087 0.12056533
v -0.030216709 0.004905587 0.12056367
v -0.030214709 0.004905587 0.12056367
v -0.030214709 0.0049121087 0.12056533
v -0.030214709 0.0049173157 0.12056963
v -0.030214709 0.0049212374 0.12057517
v -0.030214709 0.0049242114 0.12058127
v -0.030216709 0.0048494564 0.12059989
v -0.030216709 0.0048329928 0.12060319
v -0.030214709 0.0048329928 0.12060319
v -0.030214709 0.0048494564 0.12059989
v -0.030216709 0.0048155517 0.12063941
v -0.030216709 0.0048173524 0.12066904
v -0.030214709 0.0048173524 0.12066904
v -0.030214709 0.0048155517 0.12063941
v -0.030216709 0.004905587 0.12056367
v -0.030216709 0.0048869388 0.12058181
v -0.030216709 0.0048813695 0.12060884
v -0.030216709 0.0048795494 0.12063644
v -0.030216709 0.0048790909 0.1206641
v -0.030214709 0.0048790909 0.1206641
v -0.030214709 0.0048795494 0.12063644
v -0.030214709 0.0048813695 0.12060884
v -0.030214709 0.0048869388 0.12058181
v -0.030214709 0.004905587 0.12056367
v -0.030216709 0.0050039054 0.12065258
v -0.030216709 0.0050178203 0.12065975
v -0.030216709 0.00502571 0.12067379
v -0.030216709 0.005029539 0.12068949
v -0.030216709 0.0050305558 0.12070562
v -0.030216709 0.0050293269 0.12072323
v -0.030216709 0.0050255342 0.12074047
v -0.030216709 0.0050181813 0.12075646
v -0.030216709 0.0050032366 0.12076453
v -0.030216709 0.0049887826 0.12075666
v -0.030216709 0.0049817465 0.12074118
v -0.030216709 0.0049786723 0.12072439
v -0.030216709 0.0049778724 0.12070732
v -0.030216709 0.004978696 0.12069064
v -0.030216709 0.0049818542 0.12067426
v -0.030216709 0.0049892614 0.12065941
v -0.030216709 0.0049993779 0.12062294
v -0.030216709 0.0050109111 0.12062656
v -0.030216709 0.0050197704 0.12063493
v -0.030216709 0.0050260453 0.12064542
v -0.030216709 0.0050305558 0.1206568
v -0.030214709 0.0050305558 0.1206568
v -0.030214709 0.0050260453 0.12064542
v -0.030214709 0.0050197704 0.12063493
v -0.030214709 0.0050109111 0.12062656
v -0.030214709 0.0049993779 0.12062294
v -0.030216709 0.0048093779 0.12053404
v -0.030216709 0.004828342 0.12054182
v -0.030216709 0.004839993 0.12055914
v -0.030216709 0.0048463412 0.12057913
v -0.030216709 0.0048494564 0.12059989
v -0.030214709 0.0048494564 0.12059989
v -0.030214709 0.0048463412 0.12057913
v -0.030214709 0.004839993 0.12055914
v -0.030214709 0.004828342 0.12054182
v -0.030214709 0.0048093779 0.12053404
v -0.030216709 0.0048173524 0.12066904
v -0.030216709 0.0048146522 0.12066773
v -0.030216709 0.0048118564 0.12066665
v -0.030216709 0.0048089635 0.12066585
v -0.030216709 0.0048059823 0.12066554
v -0.030214709 0.0048059823 0.12066554
v -0.030214709 0.0048089635 0.12066585
v -0.030214709 0.0048118564 0.12066665
v -0.030214709 0.0048146522 0.12066773
v -0.030214709 0.0048173524 0.12066904
v -0.030216709 0.0048790909 0.1206641
v -0.030216709 0.0048795262 0.12069168
v -0.030216709 0.004881389 0.12071919
v -0.030216709 0.0048870289 0.12074611
v -0.030216709 0.0049054326 0.12076453
v -0.030214709 0.0049054326 0.12076453
v -0.030214709 0.0048870289 0.12074611
v -0.030214709 0.004881389 0.12071919
v -0.030214709 0.0048795262 0.12069168
v -0.030214709 0.0048790909 0.1206641
v -0.030231709 0.0057286048 0.12042087
v -0.030231709 0.0057265953 0.12041337
v -0.030231709 0.0057211049 0.12040788
v -0.030231709 0.0057136049 0.12040587
v -0.030501709 0.0057136049 0.12040587
v -0.030501709 0.0057211049 0.12040788
v -0.030501709 0.0057265953 0.12041337
v -0.030501709 0.0057286048 0.12042087
v -0.030216709 0.0049614088 0.12070629
v -0.030216709 0.0049628217 0.12068157
v -0.030216709 0.0049680412 0.12065738
v -0.030216709 0.0049789159 0.12063521
v -0.030216709 0.0049993779 0.12062294
v -0.030214709 0.0049993779 0.12062294
v -0.030214709 0.0049789159 0.12063521
v -0.030214709 0.0049680412 0.12065738
v -0.030214709 0.0049628217 0.12068157
v -0.030214709 0.0049614088 0.12070629
v -0.030216709 0.0050039054 0.12065258
v -0.030216709 0.0049892614 0.12065941
v -0.030216709 0.0049818542 0.12067426
v -0.030216709 0.004978696 0.12069064
v -0.030216709 0.0049778724 0.12070732
v -0.030214709 0.0049778724 0.12070732
v -0.030214709 0.004978696 0.12069064
v -0.030214709 0.0049818542 0.12067426
v -0.030214709 0.0049892614 0.12065941
v -0.030214709 0.0050039054 0.12065258
v -0.030216709 0.0050305558 0.1206568
v -0.030216709 0.0050300801 0.12063494
v -0.030216709 0.005028388 0.12061315
v -0.030216709 0.0050242613 0.1205917
v -0.030216709 0.0050165618 0.12057129
v -0.030214709 0.0050165618 0.12057129
v -0.030214709 0.0050242613 0.1205917
v -0.030214709 0.005028388 0.12061315
v -0.030214709 0.0050300801 0.12063494
v -0.030214709 0.0050305558 0.1206568
v -0.030216709 0.0047704312 0.12059933
v -0.030216709 0.0047723458 0.12057858
v -0.030216709 0.0047784503 0.12055868
v -0.030216709 0.0047905121 0.12054183
v -0.030216709 0.0048093779 0.12053404
v -0.030214709 0.0048093779 0.12053404
v -0.030214709 0.0047905121 0.12054183
v -0.030214709 0.0047784503 0.12055868
v -0.030214709 0.0047723458 0.12057858
v -0.030214709 0.0047704312 0.12059933
v -0.030216709 0.0048059823 0.12066554
v -0.030216709 0.0047928418 0.12067154
v -0.030216709 0.0047851769 0.12068418
v -0.030216709 0.0047813631 0.12069852
v -0.030216709 0.0047803094 0.12071334
v -0.030214709 0.0047803094 0.12071334
v -0.030214709 0.0047813631 0.12069852
v -0.030214709 0.0047851769 0.12068418
v -0.030214709 0.0047928418 0.12067154
v -0.030214709 0.0048059823 0.12066554
v -0.030214709 0.0049482379 0.1206642
v -0.030214709 0.0049477307 0.12069083
v -0.030214709 0.0049459976 0.1207174
v -0.030214709 0.0049423102 0.12074376
v -0.030214709 0.0049352728 0.12076942
v -0.030214709 0.0049304893 0.12077853
v -0.030214709 0.0049240274 0.12078652
v -0.030214709 0.0049154913 0.12079221
v -0.030214709 0.0049054326 0.12079416
v -0.030214709 0.0048777003 0.12077309
v -0.030214709 0.0048674687 0.12073776
v -0.030214709 0.0048635791 0.12070109
v -0.030214709 0.0048626273 0.1206642
v -0.030214709 0.0048635185 0.12062722
v -0.030214709 0.004867605 0.12059047
v -0.030214709 0.0048771049 0.12055481
v -0.030214709 0.0049054326 0.12053404
v -0.030214709 0.0049331877 0.12055518
v -0.030214709 0.004943431 0.12059056
v -0.030214709 0.0049472978 0.12062728
v -0.030214709 0.0049054326 0.12076453
v -0.030214709 0.0049238912 0.12074615
v -0.030214709 0.0049295123 0.12071921
v -0.030214709 0.0049313403 0.12069169
v -0.030214709 0.0049317743 0.1206641
v -0.030214709 0.0049315393 0.12064324
v -0.030214709 0.0049305822 0.1206224
v -0.030214709 0.0049285973 0.12060164
v -0.030214709 0.0049242114 0.12058127
v -0.030214709 0.0049212374 0.12057517
v -0.030214709 0.0049173157 0.12056963
v -0.030214709 0.0049121087 0.12056533
v -0.030214709 0.004905587 0.12056367
v -0.030214709 0.0048869388 0.12058181
v -0.030214709 0.0048813695 0.12060884
v -0.030214709 0.0048795494 0.12063644
v -0.030214709 0.0048790909 0.1206641
v -0.030214709 0.0048795262 0.12069168
v -0.030214709 0.004881389 0.12071919
v -0.030214709 0.0048870289 0.12074611
v -0.030216709 0.0049054326 0.12076453
v -0.030216709 0.0049238912 0.12074615
v -0.030216709 0.0049295123 0.12071921
v -0.030216709 0.0049313403 0.12069169
v -0.030216709 0.0049317743 0.1206641
v -0.030214709 0.0049317743 0.1206641
v -0.030214709 0.0049313403 0.12069169
v -0.030214709 0.0049295123 0.12071921
v -0.030214709 0.0049238912 0.12074615
v -0.030214709 0.0049054326 0.12076453
v -0.030516709 0.0045286048 0.12119087
v -0.030516709 0.0045286049 0.12042087
v -0.030516709 0.0041436048 0.12042087
v -0.030516709 0.0041436048 0.12119087
v -0.030216709 0.0041436048 0.12042087
v -0.030218719 0.0041361048 0.12042087
v -0.030224209 0.0041306144 0.12042087
v -0.030231709 0.0041286049 0.12042087
v -0.030231709 0.0041306144 0.12041337
v -0.030231709 0.0041361048 0.12040788
v -0.030231709 0.0041436048 0.12040587
v -0.030224209 0.0041436048 0.12040788
v -0.030218719 0.0041436048 0.12041337
v -0.030216709 0.0041436048 0.12042087
v -0.030501709 0.0057136049 0.12040587
v -0.030509209 0.0057136049 0.12040788
v -0.030514699 0.0057136049 0.12041337
v -0.030516709 0.0057136049 0.12042087
v -0.030514699 0.0057211049 0.12042087
v -0.030509209 0.0057265953 0.12042087
v -0.030501709 0.0057286048 0.12042087
v -0.030501709 0.0057265953 0.12041337
v -0.030501709 0.0057211049 0.12040788
v -0.030516709 0.0057136049 0.12042087
v -0.030231709 0.0053286048 0.12040587
v -0.030501709 0.0053286048 0.12040587
v -0.030501709 0.0057136049 0.12040587
v -0.030231709 0.0057136049 0.12040587
v -0.030501709 0.0045286049 0.12040587
v -0.030231709 0.0045286049 0.12040587
v -0.030231709 0.0041436048 0.12040587
v -0.030501709 0.0041436048 0.12040587
v -0.030216709 0.0050020018 0.12079416
v -0.030216709 0.0049799906 0.12078163
v -0.030216709 0.0049686399 0.1207581
v -0.030216709 0.0049631109 0.12073247
v -0.030216709 0.0049614088 0.12070629
v -0.030214709 0.0049614088 0.12070629
v -0.030214709 0.0049631109 0.12073247
v -0.030214709 0.0049686399 0.1207581
v -0.030214709 0.0049799906 0.12078163
v -0.030214709 0.0050020018 0.12079416
v -0.030216709 0.0049778724 0.12070732
v -0.030216709 0.0049786723 0.12072439
v -0.030216709 0.0049817465 0.12074118
v -0.030216709 0.0049887826 0.12075666
v -0.030216709 0.0050032366 0.12076453
v -0.030214709 0.0050032366 0.12076453
v -0.030214709 0.0049887826 0.12075666
v -0.030214709 0.0049817465 0.12074118
v -0.030214709 0.0049786723 0.12072439
v -0.030214709 0.0049778724 0.12070732
v -0.030216709 0.0050165618 0.12057129
v -0.030216709 0.0050135229 0.12056841
v -0.030216709 0.0050101114 0.120566
v -0.030216709 0.0050062893 0.12056428
v -0.030216709 0.0050021561 0.12056367
v -0.030214709 0.0050021561 0.12056367
v -0.030214709 0.0050062893 0.12056428
v -0.030214709 0.0050101114 0.120566
v -0.030214709 0.0050135229 0.12056841
v -0.030214709 0.0050165618 0.12057129
v -0.030216709 0.0047879752 0.12065026
v -0.030216709 0.00477943 0.12063943
v -0.030216709 0.004774118 0.12062667
v -0.030216709 0.0047712606 0.12061314
v -0.030216709 0.0047704312 0.12059933
v -0.030214709 0.0047704312 0.12059933
v -0.030214709 0.0047712606 0.12061314
v -0.030214709 0.004774118 0.12062667
v -0.030214709 0.00477943 0.12063943
v -0.030214709 0.0047879752 0.12065026
v -0.030216709 0.0047803094 0.12071334
v -0.030216709 0.0047813538 0.12072924
v -0.030216709 0.0047851457 0.12074471
v -0.030216709 0.0047930542 0.12075844
v -0.030216709 0.0048073199 0.12076453
v -0.030214709 0.0048073199 0.12076453
v -0.030214709 0.0047930542 0.12075844
v -0.030214709 0.0047851457 0.12074471
v -0.030214709 0.0047813538 0.12072924
v -0.030214709 0.0047803094 0.12071334
v -0.030216709 0.0049054326 0.12079416
v -0.030216709 0.0048777003 0.12077309
v -0.030216709 0.0048674687 0.12073776
v -0.030216709 0.0048635791 0.12070109
v -0.030216709 0.0048626273 0.1206642
v -0.030214709 0.0048626273 0.1206642
v -0.030214709 0.0048635791 0.12070109
v -0.030214709 0.0048674687 0.12073776
v -0.030214709 0.0048777003 0.12077309
v -0.030214709 0.0049054326 0.12079416
v -0.030216709 0.0049317743 0.1206641
v -0.030216709 0.0049315393 0.12064324
v -0.030216709 0.0049305822 0.1206224
v -0.030216709 0.0049285973 0.12060164
v -0.030216709 0.0049242114 0.12058127
v -0.030214709 0.0049242114 0.12058127
v -0.030214709 0.0049285973 0.12060164
v -0.030214709 0.0049305822 0.1206224
v -0.030214709 0.0049315393 0.12064324
v -0.030214709 0.0049317743 0.1206641
v -0.030216709 0.0048626273 0.1206642
v -0.030216709 0.0048635185 0.12062722
v -0.030216709 0.004867605 0.12059047
v -0.030216709 0.0048771049 0.12055481
v -0.030216709 0.0049054326 0.12053404
v -0.030214709 0.0049054326 0.12053404
v -0.030214709 0.0048771049 0.12055481
v -0.030214709 0.004867605 0.12059047
v -0.030214709 0.0048635185 0.12062722
v -0.030214709 0.0048626273 0.1206642
v -0.030231709 0.0041436048 0.12040587
v -0.030231709 0.0041361048 0.12040788
v -0.030231709 0.0041306144 0.12041337
v -0.030231709 0.0041286049 0.12042087
v -0.030501709 0.0041286049 0.12042087
v -0.030501709 0.0041306144 0.12041337
v -0.030501709 0.0041361048 0.12040788
v -0.030501709 0.0041436048 0.12040587
v -0.030501709 0.0041436048 0.12040587
v -0.030501709 0.0041361048 0.12040788
v -0.030501709 0.0041306144 0.12041337
v -0.030501709 0.0041286049 0.12042087
v -0.030509209 0.0041306144 0.12042087
v -0.030514699 0.0041361048 0.12042087
v -0.030516709 0.0041436048 0.12042087
v -0.030514699 0.0041436048 0.12041337
v -0.030509209 0.0041436048 0.12040788
v -0.030516709 0.0041436048 0.12042087
v -0.030516709 0.0053286048 0.12042087
v -0.030516709 0.0053286048 0.12119087
v -0.030516709 0.0057136048 0.12119087
v -0.030516709 0.0057136049 0.12042087
v -0.030516709 0.0041436048 0.12119087
v -0.030514699 0.0041361048 0.12119087
v -0.030509209 0.0041306144 0.12119087
v -0.030501709 0.0041286048 0.12119087
v -0.030501709 0.0041306144 0.12119837
v -0.030501709 0.0041361048 0.12120386
v -0.030501709 0.0041436048 0.12120587
v -0.030509209 0.0041436048 0.12120386
v -0.030514699 0.0041436048 0.12119837
v -0.030516709 0.0041436048 0.12119087
v -0.030216709 0.0041436048 0.12119087
v -0.030218719 0.0041436048 0.12119837
v -0.030224209 0.0041436048 0.12120386
v -0.030231709 0.0041436048 0.12120587
v -0.030231709 0.0041361048 0.12120386
v -0.030231709 0.0041306144 0.12119837
v -0.030231709 0.0041286048 0.12119087
v -0.030224209 0.0041306144 0.12119087
v -0.030218719 0.0041361048 0.12119087
v -0.030216709 0.0041436048 0.12119087
v -0.030216709 0.0041436048 0.12119087
v -0.030218719 0.0041361048 0.12119087
v -0.030224209 0.0041306144 0.12119087
v -0.030231709 0.0041286048 0.12119087
v -0.030231709 0.0041286049 0.12042087
v -0.030224209 0.0041306144 0.12042087
v -0.030218719 0.0041361048 0.12042087
v -0.030216709 0.0041436048 0.12042087
v -0.030516709 0.0041436048 0.12042087
v -0.030516709 0.0045286049 0.12042087
v -0.030514699 0.0045286049 0.12041337
v -0.030509209 0.0045286049 0.12040788
v -0.030501709 0.0045286049 0.12040587
v -0.030501709 0.0041436048 0.12040587
v -0.030509209 0.0041436048 0.12040788
v -0.030514699 0.0041436048 0.12041337
v -0.030231709 0.0057286048 0.12042087
v -0.030224209 0.0057265953 0.12042087
v -0.030218719 0.0057211049 0.12042087
v -0.030216709 0.0057136049 0.12042087
v -0.030218719 0.0057136049 0.12041337
v -0.030224209 0.0057136049 0.12040788
v -0.030231709 0.0057136049 0.12040587
v -0.030231709 0.0057211049 0.12040788
v -0.030231709 0.0057265953 0.12041337
v -0.030216709 0.0057136049 0.12042087
v -0.030516709 0.0053286048 0.12042087
v -0.030514699 0.0053286048 0.12041337
v -0.030509209 0.0053286048 0.12040788
v -0.030501709 0.0053286048 0.12040587
v -0.030501709 0.0045286049 0.12040587
v -0.030509209 0.0045286049 0.12040788
v -0.030514699 0.0045286049 0.12041337
v -0.030516709 0.0045286049 0.12042087
v -0.030231709 0.0057286048 0.12119087
v -0.030231709 0.0057286048 0.12042087
v -0.030501709 0.0057286048 0.12042087
v -0.030501709 0.0057286048 0.12119087
v -0.030214709 0.0049647015 0.12059989
v -0.030214709 0.0049670604 0.12057952
v -0.030214709 0.0049724189 0.12055975
v -0.030214709 0.0049829182 0.12054226
v -0.030214709 0.0050010757 0.12053404
v -0.030214709 0.0050122759 0.12053654
v -0.030214709 0.0050214441 0.1205435
v -0.030214709 0.0050282364 0.12055282
v -0.030214709 0.0050332826 0.12056321
v -0.030214709 0.0050407842 0.12058934
v -0.030214709 0.0050446326 0.12061627
v -0.030214709 0.0050464993 0.12064342
v -0.030214709 0.0050470194 0.12067064
v -0.030214709 0.0050459554 0.12070615
v -0.030214709 0.0050415974 0.1207414
v -0.030214709 0.0050297678 0.12077474
v -0.030214709 0.0050020018 0.12079416
v -0.030214709 0.0049799906 0.12078163
v -0.030214709 0.0049686399 0.1207581
v -0.030214709 0.0049631109 0.12073247
v -0.030214709 0.0049614088 0.12070629
v -0.030214709 0.0049628217 0.12068157
v -0.030214709 0.0049680412 0.12065738
v -0.030214709 0.0049789159 0.12063521
v -0.030214709 0.0049993779 0.12062294
v -0.030214709 0.0050109111 0.12062656
v -0.030214709 0.0050197704 0.12063493
v -0.030214709 0.0050260453 0.12064542
v -0.030214709 0.0050305558 0.1206568
v -0.030214709 0.0050300801 0.12063494
v -0.030214709 0.005028388 0.12061315
v -0.030214709 0.0050242613 0.1205917
v -0.030214709 0.0050165618 0.12057129
v -0.030214709 0.0050135229 0.12056841
v -0.030214709 0.0050101114 0.120566
v -0.030214709 0.0050062893 0.12056428
v -0.030214709 0.0050021561 0.12056367
v -0.030214709 0.0049970048 0.12056484
v -0.030214709 0.0049927408 0.12056799
v -0.030214709 0.0049894542 0.12057216
v -0.030214709 0.0049869273 0.12057684
v -0.030214709 0.0049846702 0.12058322
v -0.030214709 0.0049831252 0.1205898
v -0.030214709 0.0049820456 0.12059648
v -0.030214709 0.0049811651 0.12060319
v -0.030214709 0.0050032366 0.12076453
v -0.030214709 0.0050181813 0.12075646
v -0.030214709 0.0050255342 0.12074047
v -0.030214709 0.0050293269 0.12072323
v -0.030214709 0.0050305558 0.12070562
v -0.030214709 0.005029539 0.12068949
v -0.030214709 0.00502571 0.12067379
v -0.030214709 0.0050178203 0.12065975
v -0.030214709 0.0050039054 0.12065258
v -0.030214709 0.0049892614 0.12065941
v -0.030214709 0.0049818542 0.12067426
v -0.030214709 0.004978696 0.12069064
v -0.030214709 0.0049778724 0.12070732
v -0.030214709 0.0049786723 0.12072439
v -0.030214709 0.0049817465 0.12074118
v -0.030214709 0.0049887826 0.12075666
v -0.030216709 0.0050470194 0.12067064
v -0.030216709 0.0050459554 0.12070615
v -0.030216709 0.0050415974 0.1207414
v -0.030216709 0.0050297678 0.12077474
v -0.030216709 0.0050020018 0.12079416
v -0.030214709 0.0050020018 0.12079416
v -0.030214709 0.0050297678 0.12077474
v -0.030214709 0.0050415974 0.1207414
v -0.030214709 0.0050459554 0.12070615
v -0.030214709 0.0050470194 0.12067064
v -0.030216709 0.0050032366 0.12076453
v -0.030216709 0.0050181813 0.12075646
v -0.030216709 0.0050255342 0.12074047
v -0.030216709 0.0050293269 0.12072323
v -0.030216709 0.0050305558 0.12070562
v -0.030214709 0.0050305558 0.12070562
v -0.030214709 0.0050293269 0.12072323
v -0.030214709 0.0050255342 0.12074047
v -0.030214709 0.0050181813 0.12075646
v -0.030214709 0.0050032366 0.12076453
v -0.030216709 0.0050021561 0.12056367
v -0.030216709 0.0049970048 0.12056484
v -0.030216709 0.0049927408 0.12056799
v -0.030216709 0.0049894542 0.12057216
v -0.030216709 0.0049869273 0.12057684
v -0.030214709 0.0049869273 0.12057684
v -0.030214709 0.0049894542 0.12057216
v -0.030214709 0.0049927408 0.12056799
v -0.030214709 0.0049970048 0.12056484
v -0.030214709 0.0050021561 0.12056367
v -0.030216709 0.0047638458 0.1207136
v -0.030216709 0.0047647626 0.12069587
v -0.030216709 0.0047681254 0.12067845
v -0.030216709 0.0047751671 0.12066221
v -0.030216709 0.0047879752 0.12065026
v -0.030214709 0.0047879752 0.12065026
v -0.030214709 0.0047751671 0.12066221
v -0.030214709 0.0047681254 0.12067845
v -0.030214709 0.0047647626 0.12069587
v -0.030214709 0.0047638458 0.1207136
v -0.030214709 0.0048494564 0.12072172
v -0.030214709 0.0048468388 0.12074434
v -0.030214709 0.0048403528 0.12076613
v -0.030214709 0.0048281956 0.12078525
v -0.030214709 0.0048078859 0.12079416
v -0.030214709 0.0047856704 0.12078403
v -0.030214709 0.0047725696 0.12076275
v -0.030214709 0.0047657925 0.12073861
v -0.030214709 0.0047638458 0.1207136
v -0.030214709 0.0047647626 0.12069587
v -0.030214709 0.0047681254 0.12067845
v -0.030214709 0.0047751671 0.12066221
v -0.030214709 0.0047879752 0.12065026
v -0.030214709 0.00477943 0.12063943
v -0.030214709 0.004774118 0.12062667
v -0.030214709 0.0047712606 0.12061314
v -0.030214709 0.0047704312 0.12059933
v -0.030214709 0.0047723458 0.12057858
v -0.030214709 0.0047784503 0.12055868
v -0.030214709 0.0047905121 0.12054183
v -0.030214709 0.0048093779 0.12053404
v -0.030214709 0.004828342 0.12054182
v -0.030214709 0.004839993 0.12055914
v -0.030214709 0.0048463412 0.12057913
v -0.030214709 0.0048494564 0.12059989
v -0.030214709 0.0048329928 0.12060319
v -0.030214709 0.0048312088 0.12059066
v -0.030214709 0.0048274666 0.12057858
v -0.030214709 0.0048203522 0.12056821
v -0.030214709 0.004808812 0.12056367
v -0.030214709 0.0047980271 0.12056783
v -0.030214709 0.0047912932 0.12057742
v -0.030214709 0.0047878497 0.12058868
v -0.030214709 0.0047868948 0.12060041
v -0.030214709 0.0047879358 0.12061348
v -0.030214709 0.0047920526 0.1206259
v -0.030214709 0.0048007004 0.12063565
v -0.030214709 0.0048129793 0.12063977
v -0.030214709 0.0048136277 0.12063972
v -0.030214709 0.0048142729 0.12063964
v -0.030214709 0.0048149136 0.12063953
v -0.030214709 0.0048155517 0.12063941
v -0.030214709 0.0048173524 0.12066904
v -0.030214709 0.0048146522 0.12066773
v -0.030214709 0.0048118564 0.12066665
v -0.030214709 0.0048089635 0.12066585
v -0.030214709 0.0048059823 0.12066554
v -0.030214709 0.0047928418 0.12067154
v -0.030214709 0.0047851769 0.12068418
v -0.030214709 0.0047813631 0.12069852
v -0.030214709 0.0047803094 0.12071334
v -0.030214709 0.0047813538 0.12072924
v -0.030214709 0.0047851457 0.12074471
v -0.030214709 0.0047930542 0.12075844
v -0.030214709 0.0048073199 0.12076453
v -0.030214709 0.0048203688 0.12075926
v -0.030214709 0.0048273721 0.12074674
v -0.030214709 0.0048308844 0.12073273
v -0.030214709 0.0048329928 0.12071843
v -0.030216709 0.0048073199 0.12076453
v -0.030216709 0.0048203688 0.12075926
v -0.030216709 0.0048273721 0.12074674
v -0.030216709 0.0048308844 0.12073273
v -0.030216709 0.0048329928 0.12071843
v -0.030214709 0.0048329928 0.12071843
v -0.030214709 0.0048308844 0.12073273
v -0.030214709 0.0048273721 0.12074674
v -0.030214709 0.0048203688 0.12075926
v -0.030214709 0.0048073199 0.12076453
v -0.030216709 0.0049352728 0.12076942
v -0.030216709 0.0049304893 0.12077853
v -0.030216709 0.0049240274 0.12078652
v -0.030216709 0.0049154913 0.12079221
v -0.030216709 0.0049054326 0.12079416
v -0.030214709 0.0049054326 0.12079416
v -0.030214709 0.0049154913 0.12079221
v -0.030214709 0.0049240274 0.12078652
v -0.030214709 0.0049304893 0.12077853
v -0.030214709 0.0049352728 0.12076942
v -0.030216709 0.0049054326 0.12053404
v -0.030216709 0.0049331877 0.12055518
v -0.030216709 0.004943431 0.12059056
v -0.030216709 0.0049472978 0.12062728
v -0.030216709 0.0049482379 0.1206642
v -0.030214709 0.0049482379 0.1206642
v -0.030214709 0.0049472978 0.12062728
v -0.030214709 0.004943431 0.12059056
v -0.030214709 0.0049331877 0.12055518
v -0.030214709 0.0049054326 0.12053404
v -0.030516709 0.0045286048 0.12119087
v -0.030516709 0.0053286048 0.12119087
v -0.030516709 0.0053286048 0.12042087
v -0.030516709 0.0045286049 0.12042087
v -0.030501709 0.0041286048 0.12119087
v -0.030509209 0.0041306144 0.12119087
v -0.030514699 0.0041361048 0.12119087
v -0.030516709 0.0041436048 0.12119087
v -0.030516709 0.0041436048 0.12042087
v -0.030514699 0.0041361048 0.12042087
v -0.030509209 0.0041306144 0.12042087
v -0.030501709 0.0041286049 0.12042087
v -0.030516709 0.0057136048 0.12119087
v -0.030514699 0.0057136048 0.12119837
v -0.030509209 0.0057136048 0.12120386
v -0.030501709 0.0057136048 0.12120587
v -0.030501709 0.0057211048 0.12120386
v -0.030501709 0.0057265952 0.12119837
v -0.030501709 0.0057286048 0.12119087
v -0.030509209 0.0057265952 0.12119087
v -0.030514699 0.0057211048 0.12119087
v -0.030516709 0.0057136048 0.12119087
v -0.030231709 0.0057286048 0.12119087
v -0.030231709 0.0057265952 0.12119837
v -0.030231709 0.0057211048 0.12120386
v -0.030231709 0.0057136048 0.12120587
v -0.030224209 0.0057136048 0.12120386
v -0.030218719 0.0057136048 0.12119837
v -0.030216709 0.0057136048 0.12119087
v -0.030218719 0.0057211048 0.12119087
v -0.030224209 0.0057265952 0.12119087
v -0.030216709 0.0057136048 0.12119087
v -0.030231709 0.0041286048 0.12119087
v -0.030231709 0.0041306144 0.12119837
v -0.030231709 0.0041361048 0.12120386
v -0.030231709 0.0041436048 0.12120587
v -0.030501709 0.0041436048 0.12120587
v -0.030501709 0.0041361048 0.12120386
v -0.030501709 0.0041306144 0.12119837
v -0.030501709 0.0041286048 0.12119087
v -0.030501709 0.0057136049 0.12040587
v -0.030501709 0.0053286048 0.12040587
v -0.030509209 0.0053286048 0.12040788
v -0.030514699 0.0053286048 0.12041337
v -0.030516709 0.0053286048 0.12042087
v -0.030516709 0.0057136049 0.12042087
v -0.030514699 0.0057136049 0.12041337
v -0.030509209 0.0057136049 0.12040788
v -0.030516709 0.0057136048 0.12119087
v -0.030514699 0.0057211048 0.12119087
v -0.030509209 0.0057265952 0.12119087
v -0.030501709 0.0057286048 0.12119087
v -0.030501709 0.0057286048 0.12042087
v -0.030509209 0.0057265953 0.12042087
v -0.030514699 0.0057211049 0.12042087
v -0.030516709 0.0057136049 0.12042087
v -0.030231709 0.0041436048 0.12040587
v -0.030231709 0.0045286049 0.12040587
v -0.030224209 0.0045286049 0.12040788
v -0.030218719 0.0045286049 0.12041337
v -0.030216709 0.0045286049 0.12042087
v -0.030216709 0.0041436048 0.12042087
v -0.030218719 0.0041436048 0.12041337
v -0.030224209 0.0041436048 0.12040788
v -0.030216709 0.0050332826 0.12056321
v -0.030216709 0.0050407842 0.12058934
v -0.030216709 0.0050446326 0.12061627
v -0.030216709 0.0050464993 0.12064342
v -0.030216709 0.0050470194 0.12067064
v -0.030214709 0.0050470194 0.12067064
v -0.030214709 0.0050464993 0.12064342
v -0.030214709 0.0050446326 0.12061627
v -0.030214709 0.0050407842 0.12058934
v -0.030214709 0.0050332826 0.12056321
v -0.030216709 0.0050305558 0.12070562
v -0.030216709 0.005029539 0.12068949
v -0.030216709 0.00502571 0.12067379
v -0.030216709 0.0050178203 0.12065975
v -0.030216709 0.0050039054 0.12065258
v -0.030214709 0.0050039054 0.12065258
v -0.030214709 0.0050178203 0.12065975
v -0.030214709 0.00502571 0.12067379
v -0.030214709 0.005029539 0.12068949
v -0.030214709 0.0050305558 0.12070562
v -0.030216709 0.0049869273 0.12057684
v -0.030216709 0.0049846702 0.12058322
v -0.030216709 0.0049831252 0.1205898
v -0.030216709 0.0049820456 0.12059648
v -0.030216709 0.0049811651 0.12060319
v -0.030214709 0.0049811651 0.12060319
v -0.030214709 0.0049820456 0.12059648
v -0.030214709 0.0049831252 0.1205898
v -0.030214709 0.0049846702 0.12058322
v -0.030214709 0.0049869273 0.12057684
v -0.030216709 0.0048078859 0.12079416
v -0.030216709 0.0047856704 0.12078403
v -0.030216709 0.0047725696 0.12076275
v -0.030216709 0.0047657925 0.12073861
v -0.030216709 0.0047638458 0.1207136
v -0.030214709 0.0047638458 0.1207136
v -0.030214709 0.0047657925 0.12073861
v -0.030214709 0.0047725696 0.12076275
v -0.030214709 0.0047856704 0.12078403
v -0.030214709 0.0048078859 0.12079416
v -0.030216709 0.0048329928 0.12071843
v -0.030216709 0.0048494564 0.12072172
v -0.030214709 0.0048494564 0.12072172
v -0.030214709 0.0048329928 0.12071843
v -0.030216709 0.0049482379 0.1206642
v -0.030216709 0.0049477307 0.12069083
v -0.030216709 0.0049459976 0.1207174
v -0.030216709 0.0049423102 0.12074376
v -0.030216709 0.0049352728 0.12076942
v -0.030214709 0.0049352728 0.12076942
v -0.030214709 0.0049423102 0.12074376
v -0.030214709 0.0049459976 0.1207174
v -0.030214709 0.0049477307 0.12069083
v -0.030214709 0.0049482379 0.1206642
v -0.030501709 0.0045286049 0.12040587
v -0.030501709 0.0053286048 0.12040587
v -0.030231709 0.0053286048 0.12040587
v -0.030231709 0.0045286049 0.12040587
v -0.030501709 0.0053286048 0.12120587
v -0.030509209 0.0053286048 0.12120386
v -0.030514699 0.0053286048 0.12119837
v -0.030516709 0.0053286048 0.12119087
v -0.030516709 0.0045286048 0.12119087
v -0.030514699 0.0045286048 0.12119837
v -0.030509209 0.0045286048 0.12120386
v -0.030501709 0.0045286048 0.12120587
v -0.030501709 0.0041436048 0.12120587
v -0.030501709 0.0045286048 0.12120587
v -0.030509209 0.0045286048 0.12120386
v -0.030514699 0.0045286048 0.12119837
v -0.030516709 0.0045286048 0.12119087
v -0.030516709 0.0041436048 0.12119087
v -0.030514699 0.0041436048 0.12119837
v -0.030509209 0.0041436048 0.12120386
v -0.030216709 0.0057136049 0.12042087
v -0.030216709 0.0053286048 0.12042087
v -0.030218719 0.0053286048 0.12041337
v -0.030224209 0.0053286048 0.12040788
v -0.030231709 0.0053286048 0.12040587
v -0.030231709 0.0057136049 0.12040587
v -0.030224209 0.0057136049 0.12040788
v -0.030218719 0.0057136049 0.12041337
v -0.030231709 0.0057286048 0.12119087
v -0.030224209 0.0057265952 0.12119087
v -0.030218719 0.0057211048 0.12119087
v -0.030216709 0.0057136048 0.12119087
v -0.030216709 0.0057136049 0.12042087
v -0.030218719 0.0057211049 0.12042087
v -0.030224209 0.0057265953 0.12042087
v -0.030231709 0.0057286048 0.12042087
v -0.030501709 0.0057286048 0.12119087
v -0.030501709 0.0057265952 0.12119837
v -0.030501709 0.0057211048 0.12120386
v -0.030501709 0.0057136048 0.12120587
v -0.030231709 0.0057136048 0.12120587
v -0.030231709 0.0057211048 0.12120386
v -0.030231709 0.0057265952 0.12119837
v -0.030231709 0.0057286048 0.12119087
v -0.030216709 0.0050010757 0.12053404
v -0.030216709 0.0050122759 0.12053654
v -0.030216709 0.0050214441 0.1205435
v -0.030216709 0.0050282364 0.12055282
v -0.030216709 0.0050332826 0.12056321
v -0.030214709 0.0050332826 0.12056321
v -0.030214709 0.0050282364 0.12055282
v -0.030214709 0.0050214441 0.1205435
v -0.030214709 0.0050122759 0.12053654
v -0.030214709 0.0050010757 0.12053404
v -0.030216709 0.0049811651 0.12060319
v -0.030216709 0.0049647015 0.12059989
v -0.030214709 0.0049647015 0.12059989
v -0.030214709 0.0049811651 0.12060319
v -0.030216709 0.0048494564 0.12072172
v -0.030216709 0.0048468388 0.12074434
v -0.030216709 0.0048403528 0.12076613
v -0.030216709 0.0048281956 0.12078525
v -0.030216709 0.0048078859 0.12079416
v -0.030214709 0.0048078859 0.12079416
v -0.030214709 0.0048281956 0.12078525
v -0.030214709 0.0048403528 0.12076613
v -0.030214709 0.0048468388 0.12074434
v -0.030214709 0.0048494564 0.12072172
v -0.030231709 0.0041286048 0.12119087
v -0.030501709 0.0041286048 0.12119087
v -0.030501709 0.0041286049 0.12042087
v -0.030231709 0.0041286049 0.12042087
v -0.030516709 0.0057136048 0.12119087
v -0.030516709 0.0053286048 0.12119087
v -0.030514699 0.0053286048 0.12119837
v -0.030509209 0.0053286048 0.12120386
v -0.030501709 0.0053286048 0.12120587
v -0.030501709 0.0057136048 0.12120587
v -0.030509209 0.0057136048 0.12120386
v -0.030514699 0.0057136048 0.12119837
v -0.030231709 0.0053286048 0.12040587
v -0.030224209 0.0053286048 0.12040788
v -0.030218719 0.0053286048 0.12041337
v -0.030216709 0.0053286048 0.12042087
v -0.030216709 0.0045286049 0.12042087
v -0.030218719 0.0045286049 0.12041337
v -0.030224209 0.0045286049 0.12040788
v -0.030231709 0.0045286049 0.12040587
v -0.030216709 0.0053286048 0.12119087
v -0.030218719 0.0053286048 0.12119837
v -0.030224209 0.0053286048 0.12120386
v -0.030231709 0.0053286048 0.12120587
v -0.030231709 0.0045286048 0.12120587
v -0.030224209 0.0045286048 0.12120386
v -0.030218719 0.0045286048 0.12119837
v -0.030216709 0.0045286048 0.12119087
v -0.030216709 0.0049647015 0.12059989
v -0.030216709 0.0049670604 0.12057952
v -0.030216709 0.0049724189 0.12055975
v -0.030216709 0.0049829182 0.12054226
v -0.030216709 0.0050010757 0.12053404
v -0.030214709 0.0050010757 0.12053404
v -0.030214709 0.0049829182 0.12054226
v -0.030214709 0.0049724189 0.12055975
v -0.030214709 0.0049670604 0.12057952
v -0.030214709 0.0049647015 0.12059989
v -0.030231709 0.0045286048 0.12120587
v -0.030231709 0.0053286048 0.12120587
v -0.030501709 0.0053286048 0.12120587
v -0.030501709 0.0045286048 0.12120587
v -0.030216709 0.0041436048 0.12119087
v -0.030216709 0.0045286048 0.12119087
v -0.030218719 0.0045286048 0.12119837
v -0.030224209 0.0045286048 0.12120386
v -0.030231709 0.0045286048 0.12120587
v -0.030231709 0.0041436048 0.12120587
v -0.030224209 0.0041436048 0.12120386
v -0.030218719 0.0041436048 0.12119837
v -0.030231709 0.0057136048 0.12120587
v -0.030231709 0.0053286048 0.12120587
v -0.030224209 0.0053286048 0.12120386
v -0.030218719 0.0053286048 0.12119837
v -0.030216709 0.0053286048 0.12119087
v -0.030216709 0.0057136048 0.12119087
v -0.030218719 0.0057136048 0.12119837
v -0.030224209 0.0057136048 0.12120386
v -0.030216709 0.0041436048 0.12042087
v -0.030216709 0.0045286049 0.12042087
v -0.030216709 0.0045286048 0.12119087
v -0.030216709 0.0041436048 0.12119087
v -0.030216709 0.0057136048 0.12119087
v -0.030216709 0.0053286048 0.12119087
v -0.030216709 0.0053286048 0.12042087
v -0.030216709 0.0057136049 0.12042087
v -0.030231709 0.0045286048 0.12120587
v -0.030501709 0.0045286048 0.12120587
v -0.030501709 0.0041436048 0.12120587
v -0.030231709 0.0041436048 0.12120587
v -0.030501709 0.0053286048 0.12120587
v -0.030231709 0.0053286048 0.12120587
v -0.030231709 0.0057136048 0.12120587
v -0.030501709 0.0057136048 0.12120587
v -0.030216709 0.0053286048 0.12042087
v -0.030216709 0.0053286048 0.12119087
v -0.030216709 0.0045286048 0.12119087
v -0.030216709 0.0045286049 0.12042087
v -0.030216709 0.0050010757 0.12053404
v -0.030216709 0.0049829182 0.12054226
v -0.030216709 0.0049724189 0.12055975
v -0.030216709 0.0049670604 0.12057952
v -0.030216709 0.0049647015 0.12059989
v -0.030216709 0.0049811651 0.12060319
v -0.030216709 0.0049820456 0.12059648
v -0.030216709 0.0049831252 0.1205898
v -0.030216709 0.0049846702 0.12058322
v -0.030216709 0.0049869273 0.12057684
v -0.030216709 0.0049894542 0.12057216
v -0.030216709 0.0049927408 0.12056799
v -0.030216709 0.0049970048 0.12056484
v -0.030216709 0.0050021561 0.12056367
v -0.030216709 0.0050062893 0.12056428
v -0.030216709 0.0050101114 0.120566
v -0.030216709 0.0050135229 0.12056841
v -0.030216709 0.0050165618 0.12057129
v -0.030216709 0.0050242613 0.1205917
v -0.030216709 0.005028388 0.12061315
v -0.030216709 0.0050300801 0.12063494
v -0.030216709 0.0050305558 0.1206568
v -0.030216709 0.0050260453 0.12064542
v -0.030216709 0.0050197704 0.12063493
v -0.030216709 0.0050109111 0.12062656
v -0.030216709 0.0049993779 0.12062294
v -0.030216709 0.0049789159 0.12063521
v -0.030216709 0.0049680412 0.12065738
v -0.030216709 0.0049628217 0.12068157
v -0.030216709 0.0049614088 0.12070629
v -0.030216709 0.0049631109 0.12073247
v -0.030216709 0.0049686399 0.1207581
v -0.030216709 0.0049799906 0.12078163
v -0.030216709 0.0050020018 0.12079416
v -0.030216709 0.0050297678 0.12077474
v -0.030216709 0.0050415974 0.1207414
v -0.030216709 0.0050459554 0.12070615
v -0.030216709 0.0050470194 0.12067064
v -0.030216709 0.0050464993 0.12064342
v -0.030216709 0.0050446326 0.12061627
v -0.030216709 0.0050407842 0.12058934
v -0.030216709 0.0050332826 0.12056321
v -0.030216709 0.0050282364 0.12055282
v -0.030216709 0.0050214441 0.1205435
v -0.030216709 0.0050122759 0.12053654
v -0.030216709 0.0048078859 0.12079416
v -0.030216709 0.0048281956 0.12078525
v -0.030216709 0.0048403528 0.12076613
v -0.030216709 0.0048468388 0.12074434
v -0.030216709 0.0048494564 0.12072172
v -0.030216709 0.0048329928 0.12071843
v -0.030216709 0.0048308844 0.12073273
v -0.030216709 0.0048273721 0.12074674
v -0.030216709 0.0048203688 0.12075926
v -0.030216709 0.0048073199 0.12076453
v -0.030216709 0.0047930542 0.12075844
v -0.030216709 0.0047851457 0.12074471
v -0.030216709 0.0047813538 0.12072924
v -0.030216709 0.0047803094 0.12071334
v -0.030216709 0.0047813631 0.12069852
v -0.030216709 0.0047851769 0.12068418
v -0.030216709 0.0047928418 0.12067154
v -0.030216709 0.0048059823 0.12066554
v -0.030216709 0.0048089635 0.12066585
v -0.030216709 0.0048118564 0.12066665
v -0.030216709 0.0048146522 0.12066773
v -0.030216709 0.0048173524 0.12066904
v -0.030216709 0.0048155517 0.12063941
v -0.030216709 0.0048149136 0.12063953
v -0.030216709 0.0048142729 0.12063964
v -0.030216709 0.0048136277 0.12063972
v -0.030216709 0.0048129793 0.12063977
v -0.030216709 0.0048007004 0.12063565
v -0.030216709 0.0047920526 0.1206259
v -0.030216709 0.0047879358 0.12061348
v -0.030216709 0.0047868948 0.12060041
v -0.030216709 0.0047878497 0.12058868
v -0.030216709 0.0047912932 0.12057742
v -0.030216709 0.0047980271 0.12056783
v -0.030216709 0.004808812 0.12056367
v -0.030216709 0.0048203522 0.12056821
v -0.030216709 0.0048274666 0.12057858
v -0.030216709 0.0048312088 0.12059066
v -0.030216709 0.0048329928 0.12060319
v -0.030216709 0.0048494564 0.12059989
v -0.030216709 0.0048463412 0.12057913
v -0.030216709 0.004839993 0.12055914
v -0.030216709 0.004828342 0.12054182
v -0.030216709 0.0048093779 0.12053404
v -0.030216709 0.0047905121 0.12054183
v -0.030216709 0.0047784503 0.12055868
v -0.030216709 0.0047723458 0.12057858
v -0.030216709 0.0047704312 0.12059933
v -0.030216709 0.0047712606 0.12061314
v -0.030216709 0.004774118 0.12062667
v -0.030216709 0.00477943 0.12063943
v -0.030216709 0.0047879752 0.12065026
v -0.030216709 0.0047751671 0.12066221
v -0.030216709 0.0047681254 0.12067845
v -0.030216709 0.0047647626 0.12069587
v -0.030216709 0.0047638458 0.1207136
v -0.030216709 0.0047657925 0.12073861
v -0.030216709 0.0047725696 0.12076275
v -0.030216709 0.0047856704 0.12078403
v -0.030216709 0.0049352728 0.12076942
v -0.030216709 0.0049423102 0.12074376
v -0.030216709 0.0049459976 0.1207174
v -0.030216709 0.0049477307 0.12069083
v -0.030216709 0.0049482379 0.1206642
v -0.030216709 0.0049472978 0.12062728
v -0.030216709 0.004943431 0.12059056
v -0.030216709 0.0049331877 0.12055518
v -0.030216709 0.0049054326 0.12053404
v -0.030216709 0.0048771049 0.12055481
v -0.030216709 0.004867605 0.12059047
v -0.030216709 0.0048635185 0.12062722
v -0.030216709 0.0048626273 0.1206642
v -0.030216709 0.0048635791 0.12070109
v -0.030216709 0.0048674687 0.12073776
v -0.030216709 0.0048777003 0.12077309
v -0.030216709 0.0049054326 0.12079416
v -0.030216709 0.0049154913 0.12079221
v -0.030216709 0.0049240274 0.12078652
v -0.030216709 0.0049304893 0.12077853
f 1023 1024 1032
f 1032 1024 1031
f 1031 1024 1025
f 1031 1025 1030
f 1030 1025 1026
f 1030 1026 1029
f 1029 1026 1027
f 1029 1027 1028
f 1033 1034 1042
f 1042 1034 1041
f 1041 1034 1035
f 1041 1035 1040
f 1040 1035 1036
f 1040 1036 1039
f 1039 1036 1037
f 1039 1037 1038
f 1043 1044 1062
f 1062 1044 1045
f 1062 1045 1061
f 1061 1045 1046
f 1061 1046 1060
f 1060 1046 1059
f 1059 1046 1047
f 1059 1047 1055
f 1055 1047 1051
f 1055 1051 1054
f 1054 1051 1053
f 1053 1051 1052
f 1047 1048 1051
f 1051 1048 1049
f 1051 1049 1050
f 1055 1056 1059
f 1059 1056 1057
f 1059 1057 1058
f 1063 1064 1072
f 1072 1064 1071
f 1071 1064 1065
f 1071 1065 1070
f 1070 1065 1066
f 1070 1066 1069
f 1069 1066 1067
f 1069 1067 1068
f 1073 1074 1082
f 1082 1074 1081
f 1081 1074 1075
f 1081 1075 1080
f 1080 1075 1076
f 1080 1076 1079
f 1079 1076 1077
f 1079 1077 1078
f 1083 1084 1092
f 1092 1084 1091
f 1091 1084 1085
f 1091 1085 1090
f 1090 1085 1086
f 1090 1086 1089
f 1089 1086 1087
f 1089 1087 1088
f 1093 1094 1096
f 1096 1094 1095
f 1097 1098 1100
f 1100 1098 1099
f 1101 1102 1110
f 1110 1102 1109
f 1109 1102 1103
f 1109 1103 1108
f 1108 1103 1104
f 1108 1104 1107
f 1107 1104 1105
f 1107 1105 1106
f 1112 1119 1111
f 1111 1119 1120
f 1111 1120 1126
f 1126 1120 1123
f 1126 1123 1124
f 1113 1114 1112
f 1112 1114 1115
f 1112 1115 1116
f 1116 1117 1112
f 1112 1117 1118
f 1112 1118 1119
f 1121 1122 1120
f 1120 1122 1123
f 1124 1125 1126
f 1127 1128 1136
f 1136 1128 1135
f 1135 1128 1129
f 1135 1129 1134
f 1134 1129 1130
f 1134 1130 1133
f 1133 1130 1131
f 1133 1131 1132
f 1137 1138 1146
f 1146 1138 1145
f 1145 1138 1139
f 1145 1139 1144
f 1144 1139 1140
f 1144 1140 1143
f 1143 1140 1141
f 1143 1141 1142
f 1147 1148 1156
f 1156 1148 1155
f 1155 1148 1149
f 1155 1149 1154
f 1154 1149 1150
f 1154 1150 1153
f 1153 1150 1151
f 1153 1151 1152
f 1157 1158 1166
f 1166 1158 1165
f 1165 1158 1159
f 1165 1159 1164
f 1164 1159 1160
f 1164 1160 1163
f 1163 1160 1161
f 1163 1161 1162
f 1174 1167 1173
f 1173 1167 1168
f 1173 1168 1172
f 1172 1168 1169
f 1172 1169 1171
f 1171 1169 1170
f 1175 1176 1184
f 1184 1176 1183
f 1183 1176 1177
f 1183 1177 1182
f 1182 1177 1178
f 1182 1178 1181
f 1181 1178 1179
f 1181 1179 1180
f 1185 1186 1194
f 1194 1186 1193
f 1193 1186 1187
f 1193 1187 1192
f 1192 1187 1188
f 1192 1188 1191
f 1191 1188 1189
f 1191 1189 1190
f 1195 1196 1204
f 1204 1196 1203
f 1203 1196 1197
f 1203 1197 1202
f 1202 1197 1198
f 1202 1198 1201
f 1201 1198 1199
f 1201 1199 1200
f 1205 1206 1214
f 1214 1206 1213
f 1213 1206 1207
f 1213 1207 1212
f 1212 1207 1208
f 1212 1208 1211
f 1211 1208 1209
f 1211 1209 1210
f 1215 1216 1224
f 1224 1216 1223
f 1223 1216 1217
f 1223 1217 1222
f 1222 1217 1218
f 1222 1218 1221
f 1221 1218 1219
f 1221 1219 1220
f 1226 1249 1225
f 1225 1249 1250
f 1225 1250 1244
f 1244 1250 1251
f 1244 1251 1243
f 1243 1251 1252
f 1243 1252 1242
f 1242 1252 1253
f 1242 1253 1254
f 1249 1226 1248
f 1248 1226 1227
f 1248 1227 1247
f 1247 1227 1228
f 1247 1228 1229
f 1247 1229 1246
f 1246 1229 1230
f 1246 1230 1231
f 1231 1232 1246
f 1246 1232 1245
f 1245 1232 1233
f 1245 1233 1264
f 1264 1233 1234
f 1264 1234 1263
f 1263 1234 1235
f 1263 1235 1236
f 1263 1236 1262
f 1262 1236 1237
f 1262 1237 1261
f 1261 1237 1260
f 1260 1237 1238
f 1260 1238 1259
f 1259 1238 1239
f 1259 1239 1240
f 1259 1240 1258
f 1258 1240 1241
f 1258 1241 1257
f 1257 1241 1256
f 1256 1241 1255
f 1255 1241 1242
f 1255 1242 1254
f 1265 1266 1274
f 1274 1266 1273
f 1273 1266 1267
f 1273 1267 1272
f 1272 1267 1268
f 1272 1268 1271
f 1271 1268 1269
f 1271 1269 1270
f 1275 1276 1278
f 1278 1276 1277
f 1288 1280 1287
f 1287 1280 1281
f 1287 1281 1284
f 1284 1281 1283
f 1283 1281 1282
f 1285 1286 1284
f 1284 1286 1287
f 1289 1290 1297
f 1297 1290 1291
f 1297 1291 1294
f 1294 1291 1293
f 1293 1291 1298
f 1295 1296 1294
f 1294 1296 1297
f 1300 1301 1299
f 1299 1301 1302
f 1304 1305 1303
f 1303 1305 1306
f 1307 1308 1316
f 1316 1308 1315
f 1315 1308 1309
f 1315 1309 1314
f 1314 1309 1310
f 1314 1310 1313
f 1313 1310 1311
f 1313 1311 1312
f 1317 1318 1326
f 1326 1318 1325
f 1325 1318 1319
f 1325 1319 1324
f 1324 1319 1320
f 1324 1320 1323
f 1323 1320 1321
f 1323 1321 1322
f 1327 1328 1336
f 1336 1328 1335
f 1335 1328 1329
f 1335 1329 1334
f 1334 1329 1330
f 1334 1330 1333
f 1333 1330 1331
f 1333 1331 1332
f 1337 1338 1346
f 1346 1338 1345
f 1345 1338 1339
f 1345 1339 1344
f 1344 1339 1340
f 1344 1340 1343
f 1343 1340 1341
f 1343 1341 1342
f 1347 1348 1356
f 1356 1348 1355
f 1355 1348 1349
f 1355 1349 1354
f 1354 1349 1350
f 1354 1350 1353
f 1353 1350 1351
f 1353 1351 1352
f 1357 1358 1366
f 1366 1358 1365
f 1365 1358 1359
f 1365 1359 1364
f 1364 1359 1360
f 1364 1360 1363
f 1363 1360 1361
f 1363 1361 1362
f 1367 1368 1376
f 1376 1368 1375
f 1375 1368 1369
f 1375 1369 1374
f 1374 1369 1370
f 1374 1370 1373
f 1373 1370 1371
f 1373 1371 1372
f 1377 1378 1386
f 1386 1378 1385
f 1385 1378 1379
f 1385 1379 1384
f 1384 1379 1380
f 1384 1380 1383
f 1383 1380 1381
f 1383 1381 1382
f 1394 1387 1393
f 1393 1387 1388
f 1393 1388 1392
f 1392 1388 1389
f 1392 1389 1391
f 1391 1389 1390
f 1395 1396 1403
f 1403 1396 1397
f 1403 1397 1400
f 1400 1397 1399
f 1399 1397 1398
f 1403 1400 1402
f 1402 1400 1404
f 1405 1406 1408
f 1408 1406 1407
f 1418 1410 1417
f 1417 1410 1411
f 1417 1411 1414
f 1414 1411 1413
f 1413 1411 1412
f 1415 1416 1414
f 1414 1416 1417
f 1428 1420 1427
f 1427 1420 1421
f 1427 1421 1424
f 1424 1421 1423
f 1423 1421 1422
f 1425 1426 1424
f 1424 1426 1427
f 1436 1429 1435
f 1435 1429 1430
f 1435 1430 1434
f 1434 1430 1431
f 1434 1431 1433
f 1433 1431 1432
f 1437 1438 1444
f 1444 1438 1439
f 1444 1439 1443
f 1443 1439 1440
f 1443 1440 1442
f 1442 1440 1441
f 1445 1446 1453
f 1453 1446 1447
f 1453 1447 1450
f 1450 1447 1449
f 1449 1447 1454
f 1451 1452 1450
f 1450 1452 1453
f 1462 1455 1461
f 1461 1455 1456
f 1461 1456 1460
f 1460 1456 1457
f 1460 1457 1459
f 1459 1457 1458
f 1463 1464 1466
f 1466 1464 1465
f 1467 1468 1511
f 1511 1468 1510
f 1510 1468 1469
f 1510 1469 1509
f 1509 1469 1508
f 1508 1469 1470
f 1508 1470 1507
f 1507 1470 1506
f 1506 1470 1505
f 1505 1470 1471
f 1505 1471 1504
f 1504 1471 1503
f 1503 1471 1502
f 1502 1471 1472
f 1502 1472 1501
f 1501 1472 1500
f 1500 1472 1473
f 1500 1473 1499
f 1499 1473 1474
f 1499 1474 1498
f 1498 1474 1475
f 1498 1475 1476
f 1498 1476 1497
f 1497 1476 1477
f 1497 1477 1496
f 1496 1477 1478
f 1496 1478 1495
f 1495 1478 1479
f 1495 1479 1517
f 1517 1479 1480
f 1517 1480 1516
f 1516 1480 1481
f 1516 1481 1515
f 1515 1481 1514
f 1514 1481 1482
f 1514 1482 1513
f 1513 1482 1483
f 1513 1483 1512
f 1512 1483 1527
f 1527 1483 1484
f 1527 1484 1526
f 1526 1484 1485
f 1526 1485 1525
f 1525 1485 1486
f 1525 1486 1524
f 1524 1486 1487
f 1524 1487 1488
f 1524 1488 1523
f 1523 1488 1489
f 1523 1489 1522
f 1522 1489 1490
f 1522 1490 1521
f 1521 1490 1491
f 1521 1491 1520
f 1520 1491 1492
f 1520 1492 1519
f 1519 1492 1493
f 1519 1493 1494
f 1519 1494 1518
f 1518 1494 1495
f 1518 1495 1517
f 1528 1529 1537
f 1537 1529 1536
f 1536 1529 1530
f 1536 1530 1535
f 1535 1530 1531
f 1535 1531 1534
f 1534 1531 1532
f 1534 1532 1533
f 1538 1539 1547
f 1547 1539 1546
f 1546 1539 1540
f 1546 1540 1545
f 1545 1540 1541
f 1545 1541 1544
f 1544 1541 1542
f 1544 1542 1543
f 1548 1549 1557
f 1557 1549 1556
f 1556 1549 1550
f 1556 1550 1555
f 1555 1550 1551
f 1555 1551 1554
f 1554 1551 1552
f 1554 1552 1553
f 1558 1559 1567
f 1567 1559 1566
f 1566 1559 1560
f 1566 1560 1565
f 1565 1560 1561
f 1565 1561 1564
f 1564 1561 1562
f 1564 1562 1563
f 1568 1569 1626
f 1626 1569 1625
f 1625 1569 1570
f 1625 1570 1624
f 1624 1570 1571
f 1624 1571 1623
f 1623 1571 1572
f 1623 1572 1622
f 1622 1572 1621
f 1621 1572 1573
f 1621 1573 1620
f 1620 1573 1574
f 1620 1574 1619
f 1619 1574 1575
f 1619 1575 1618
f 1618 1575 1576
f 1618 1576 1577
f 1618 1577 1617
f 1617 1577 1578
f 1617 1578 1579
f 1617 1579 1616
f 1616 1579 1580
f 1616 1580 1615
f 1615 1580 1604
f 1615 1604 1614
f 1614 1604 1605
f 1614 1605 1613
f 1613 1605 1612
f 1612 1605 1606
f 1612 1606 1611
f 1611 1606 1607
f 1611 1607 1608
f 1604 1580 1603
f 1603 1580 1581
f 1603 1581 1602
f 1602 1581 1582
f 1602 1582 1601
f 1601 1582 1583
f 1601 1583 1584
f 1584 1585 1601
f 1601 1585 1600
f 1600 1585 1586
f 1600 1586 1599
f 1599 1586 1587
f 1599 1587 1598
f 1598 1587 1588
f 1598 1588 1597
f 1597 1588 1596
f 1596 1588 1589
f 1596 1589 1595
f 1595 1589 1590
f 1595 1590 1594
f 1594 1590 1591
f 1594 1591 1593
f 1593 1591 1592
f 1608 1609 1611
f 1611 1609 1610
f 1627 1628 1636
f 1636 1628 1635
f 1635 1628 1629
f 1635 1629 1634
f 1634 1629 1630
f 1634 1630 1633
f 1633 1630 1631
f 1633 1631 1632
f 1637 1638 1646
f 1646 1638 1645
f 1645 1638 1639
f 1645 1639 1644
f 1644 1639 1640
f 1644 1640 1643
f 1643 1640 1641
f 1643 1641 1642
f 1647 1648 1656
f 1656 1648 1655
f 1655 1648 1649
f 1655 1649 1654
f 1654 1649 1650
f 1654 1650 1653
f 1653 1650 1651
f 1653 1651 1652
f 1658 1659 1657
f 1657 1659 1660
f 1668 1661 1667
f 1667 1661 1662
f 1667 1662 1666
f 1666 1662 1663
f 1666 1663 1665
f 1665 1663 1664
f 1678 1670 1677
f 1677 1670 1671
f 1677 1671 1674
f 1674 1671 1673
f 1673 1671 1672
f 1675 1676 1674
f 1674 1676 1677
f 1679 1680 1687
f 1687 1680 1681
f 1687 1681 1684
f 1684 1681 1683
f 1683 1681 1682
f 1687 1684 1686
f 1686 1684 1688
f 1696 1689 1695
f 1695 1689 1690
f 1695 1690 1694
f 1694 1690 1691
f 1694 1691 1693
f 1693 1691 1692
f 1697 1698 1704
f 1704 1698 1699
f 1704 1699 1703
f 1703 1699 1700
f 1703 1700 1702
f 1702 1700 1701
f 1712 1705 1711
f 1711 1705 1706
f 1711 1706 1710
f 1710 1706 1707
f 1710 1707 1709
f 1709 1707 1708
f 1713 1714 1720
f 1720 1714 1715
f 1720 1715 1719
f 1719 1715 1716
f 1719 1716 1718
f 1718 1716 1717
f 1721 1722 1730
f 1730 1722 1729
f 1729 1722 1723
f 1729 1723 1728
f 1728 1723 1724
f 1728 1724 1727
f 1727 1724 1725
f 1727 1725 1726
f 1731 1732 1740
f 1740 1732 1739
f 1739 1732 1733
f 1739 1733 1738
f 1738 1733 1734
f 1738 1734 1737
f 1737 1734 1735
f 1737 1735 1736
f 1741 1742 1750
f 1750 1742 1749
f 1749 1742 1743
f 1749 1743 1748
f 1748 1743 1744
f 1748 1744 1747
f 1747 1744 1745
f 1747 1745 1746
f 1751 1752 1760
f 1760 1752 1759
f 1759 1752 1753
f 1759 1753 1758
f 1758 1753 1754
f 1758 1754 1757
f 1757 1754 1755
f 1757 1755 1756
f 1761 1762 1764
f 1764 1762 1763
f 1765 1766 1774
f 1774 1766 1773
f 1773 1766 1767
f 1773 1767 1772
f 1772 1767 1768
f 1772 1768 1771
f 1771 1768 1769
f 1771 1769 1770
f 1775 1776 1778
f 1778 1776 1777
f 1786 1779 1785
f 1785 1779 1780
f 1785 1780 1784
f 1784 1780 1781
f 1784 1781 1783
f 1783 1781 1782
f 1787 1788 1794
f 1794 1788 1789
f 1794 1789 1793
f 1793 1789 1790
f 1793 1790 1792
f 1792 1790 1791
f 1795 1796 1802
f 1802 1796 1797
f 1802 1797 1801
f 1801 1797 1798
f 1801 1798 1800
f 1800 1798 1799
f 1810 1803 1809
f 1809 1803 1804
f 1809 1804 1808
f 1808 1804 1805
f 1808 1805 1807
f 1807 1805 1806
f 1818 1811 1817
f 1817 1811 1812
f 1817 1812 1816
f 1816 1812 1813
f 1816 1813 1815
f 1815 1813 1814
f 1819 1820 1828
f 1828 1820 1827
f 1827 1820 1821
f 1827 1821 1826
f 1826 1821 1822
f 1826 1822 1825
f 1825 1822 1823
f 1825 1823 1824
f 1829 1830 1832
f 1832 1830 1831
f 1833 1834 1842
f 1842 1834 1841
f 1841 1834 1835
f 1841 1835 1840
f 1840 1835 1836
f 1840 1836 1839
f 1839 1836 1837
f 1839 1837 1838
f 1844 1845 1843
f 1843 1845 1846
f 1847 1848 1854
f 1854 1848 1849
f 1854 1849 1853
f 1853 1849 1850
f 1853 1850 1852
f 1852 1850 1851
f 1862 1855 1861
f 1861 1855 1856
f 1861 1856 1860
f 1860 1856 1857
f 1860 1857 1859
f 1859 1857 1858
f 1870 1863 1869
f 1869 1863 1864
f 1869 1864 1868
f 1868 1864 1865
f 1868 1865 1867
f 1867 1865 1866
f 1871 1872 1880
f 1880 1872 1879
f 1879 1872 1873
f 1879 1873 1878
f 1878 1873 1874
f 1878 1874 1877
f 1877 1874 1875
f 1877 1875 1876
f 1881 1882 1884
f 1884 1882 1883
f 1885 1886 1892
f 1892 1886 1887
f 1892 1887 1891
f 1891 1887 1888
f 1891 1888 1890
f 1890 1888 1889
f 1893 1894 1900
f 1900 1894 1895
f 1900 1895 1899
f 1899 1895 1896
f 1899 1896 1898
f 1898 1896 1897
f 1902 1903 1901
f 1901 1903 1904
f 1906 1907 1905
f 1905 1907 1908
f 1910 1911 1909
f 1909 1911 1912
f 1914 1915 1913
f 1913 1915 1916
f 1918 1956 1917
f 1917 1956 1957
f 1917 1957 1958
f 1919 2041 1918
f 1918 2041 1954
f 1918 1954 1955
f 1920 2022 1919
f 1919 2022 2023
f 1919 2023 2024
f 1917 2033 1920
f 1920 2033 2009
f 1920 2009 2010
f 1922 2033 1921
f 1921 2033 1917
f 1921 1917 1965
f 1965 1917 1964
f 1964 1917 1963
f 1963 1917 1962
f 1962 1917 1961
f 1961 1917 1960
f 1960 1917 1959
f 1959 1917 1958
f 2033 1922 2032
f 2032 1922 1923
f 2032 1923 1924
f 2032 1924 2031
f 2031 1924 1925
f 2031 1925 2030
f 2030 1925 1947
f 2030 1947 1948
f 1925 1926 1947
f 1947 1926 1946
f 1946 1926 1927
f 1946 1927 1939
f 1939 1927 1928
f 1939 1928 1929
f 1939 1929 1938
f 1938 1929 1930
f 1938 1930 1931
f 1932 1936 1931
f 1931 1936 1937
f 1931 1937 1938
f 1933 1934 1932
f 1932 1934 1935
f 1932 1935 1936
f 1939 1940 1946
f 1946 1940 1945
f 1945 1940 1944
f 1944 1940 1941
f 1944 1941 1943
f 1943 1941 1942
f 2030 1948 2029
f 2029 1948 1949
f 2029 1949 2028
f 2028 1949 1950
f 2028 1950 2027
f 2027 1950 1951
f 2027 1951 2026
f 2026 1951 1952
f 2026 1952 2025
f 2025 1952 1953
f 2025 1953 2044
f 2044 1953 2043
f 2043 1953 1954
f 2043 1954 2042
f 2042 1954 2041
f 1955 1956 1918
f 1967 2041 1966
f 1966 2041 1919
f 1966 1919 2024
f 2041 1967 2040
f 2040 1967 1968
f 2040 1968 1969
f 2040 1969 2039
f 2039 1969 1970
f 2039 1970 2038
f 2038 1970 1971
f 2038 1971 1987
f 1987 1971 1981
f 1987 1981 1982
f 1972 1978 1971
f 1971 1978 1979
f 1971 1979 1980
f 1978 1972 1977
f 1977 1972 1973
f 1977 1973 1976
f 1976 1973 1974
f 1976 1974 1975
f 1980 1981 1971
f 1983 1984 1982
f 1982 1984 1985
f 1982 1985 1986
f 1986 1987 1982
f 2038 1987 2037
f 2037 1987 1988
f 2037 1988 2036
f 2036 1988 2004
f 2036 2004 2005
f 2004 1988 1993
f 1993 1988 1989
f 1993 1989 1990
f 1990 1991 1993
f 1993 1991 1992
f 1993 1994 2004
f 2004 1994 1995
f 2004 1995 1996
f 2004 1996 2003
f 2003 1996 1997
f 2003 1997 2002
f 2002 1997 1998
f 2002 1998 1999
f 2000 2001 1999
f 1999 2001 2002
f 2036 2005 2035
f 2035 2005 2006
f 2035 2006 2034
f 2034 2006 2007
f 2034 2007 2008
f 2034 2008 2033
f 2033 2008 2009
f 2010 2011 1920
f 1920 2011 2012
f 1920 2012 2013
f 2013 2014 1920
f 1920 2014 2019
f 1920 2019 2020
f 2014 2015 2019
f 2019 2015 2018
f 2018 2015 2016
f 2018 2016 2017
f 2020 2021 1920
f 1920 2021 2022
v -0.030216709 -0.0032516128 0.12285869
v -0.030216709 -0.0032623977 0.12286285
v -0.030216709 -0.0032691316 0.12287244
v -0.030216709 -0.0032725751 0.12288369
v -0.030216709 -0.00327353 0.12289543
v -0.030214709 -0.00327353 0.12289543
v -0.030214709 -0.0032725751 0.12288369
v -0.030214709 -0.0032691316 0.12287244
v -0.030214709 -0.0032623977 0.12286285
v -0.030214709 -0.0032516128 0.12285869
v -0.030216709 -0.00327353 0.12289543
v -0.030216709 -0.003272489 0.1229085
v -0.030216709 -0.0032683722 0.12292091
v -0.030216709 -0.0032597244 0.12293067
v -0.030216709 -0.0032474455 0.12293478
v -0.030214709 -0.0032474455 0.12293478
v -0.030214709 -0.0032597244 0.12293067
v -0.030214709 -0.0032683722 0.12292091
v -0.030214709 -0.003272489 0.1229085
v -0.030214709 -0.00327353 0.12289543
v -0.030216709 -0.0031362134 0.12287629
v -0.030216709 -0.0031318275 0.12289666
v -0.030216709 -0.0031298426 0.12291742
v -0.030216709 -0.0031288856 0.12293826
v -0.030216709 -0.0031286505 0.12295912
v -0.030216709 -0.0031290845 0.12298671
v -0.030216709 -0.0031309125 0.12301423
v -0.030216709 -0.0031365336 0.12304117
v -0.030216709 -0.0031549922 0.12305955
v -0.030216709 -0.0031733959 0.12304113
v -0.030216709 -0.0031790359 0.12301421
v -0.030216709 -0.0031808986 0.1229867
v -0.030216709 -0.0031813339 0.12295912
v -0.030216709 -0.0031808754 0.12293146
v -0.030216709 -0.0031790553 0.12290386
v -0.030216709 -0.003173486 0.12287683
v -0.030216709 -0.0031548379 0.12285869
v -0.030216709 -0.0031483161 0.12286034
v -0.030216709 -0.0031431091 0.12286465
v -0.030216709 -0.0031391874 0.12287018
v -0.030216709 -0.003227432 0.1228982
v -0.030216709 -0.0032292161 0.12288568
v -0.030216709 -0.0032329582 0.1228736
v -0.030216709 -0.0032400726 0.12286323
v -0.030216709 -0.0032516128 0.12285869
v -0.030214709 -0.0032516128 0.12285869
v -0.030214709 -0.0032400726 0.12286323
v -0.030214709 -0.0032329582 0.1228736
v -0.030214709 -0.0032292161 0.12288568
v -0.030214709 -0.003227432 0.1228982
v -0.030216709 -0.0032474455 0.12293478
v -0.030216709 -0.0032467971 0.12293473
v -0.030216709 -0.0032461519 0.12293466
v -0.030216709 -0.0032455112 0.12293455
v -0.030216709 -0.0032448731 0.12293442
v -0.030214709 -0.0032448731 0.12293442
v -0.030214709 -0.0032455112 0.12293455
v -0.030214709 -0.0032461519 0.12293466
v -0.030214709 -0.0032467971 0.12293473
v -0.030214709 -0.0032474455 0.12293478
v -0.030216709 -0.0031362134 0.12287629
v -0.030216709 -0.0031391874 0.12287018
v -0.030216709 -0.0031431091 0.12286465
v -0.030216709 -0.0031483161 0.12286034
v -0.030216709 -0.0031548379 0.12285869
v -0.030214709 -0.0031548379 0.12285869
v -0.030214709 -0.0031483161 0.12286034
v -0.030214709 -0.0031431091 0.12286465
v -0.030214709 -0.0031391874 0.12287018
v -0.030214709 -0.0031362134 0.12287629
v -0.030216709 -0.0032109684 0.12289491
v -0.030216709 -0.003227432 0.1228982
v -0.030214709 -0.003227432 0.1228982
v -0.030214709 -0.0032109684 0.12289491
v -0.030216709 -0.0032448731 0.12293442
v -0.030216709 -0.0032430724 0.12296406
v -0.030214709 -0.0032430724 0.12296406
v -0.030214709 -0.0032448731 0.12293442
v -0.030216709 -0.0031548379 0.12285869
v -0.030216709 -0.003173486 0.12287683
v -0.030216709 -0.0031790553 0.12290386
v -0.030216709 -0.0031808754 0.12293146
v -0.030216709 -0.0031813339 0.12295912
v -0.030214709 -0.0031813339 0.12295912
v -0.030214709 -0.0031808754 0.12293146
v -0.030214709 -0.0031790553 0.12290386
v -0.030214709 -0.003173486 0.12287683
v -0.030214709 -0.0031548379 0.12285869
v -0.030216709 -0.0030565194 0.12294759
v -0.030216709 -0.0030426045 0.12295476
v -0.030216709 -0.0030347148 0.12296881
v -0.030216709 -0.0030308858 0.12298451
v -0.030216709 -0.003029869 0.12300064
v -0.030216709 -0.0030310979 0.12301825
v -0.030216709 -0.0030348906 0.12303548
v -0.030216709 -0.0030422436 0.12305148
v -0.030216709 -0.0030571883 0.12305955
v -0.030216709 -0.0030716422 0.12305168
v -0.030216709 -0.0030786783 0.1230362
v -0.030216709 -0.0030817525 0.1230194
v -0.030216709 -0.0030825525 0.12300234
v -0.030216709 -0.0030817288 0.12298566
v -0.030216709 -0.0030785706 0.12296928
v -0.030216709 -0.0030711634 0.12295443
v -0.030216709 -0.0030610469 0.12291796
v -0.030216709 -0.0030495137 0.12292157
v -0.030216709 -0.0030406544 0.12292995
v -0.030216709 -0.0030343795 0.12294044
v -0.030216709 -0.003029869 0.12295181
v -0.030214709 -0.003029869 0.12295181
v -0.030214709 -0.0030343795 0.12294044
v -0.030214709 -0.0030406544 0.12292995
v -0.030214709 -0.0030495137 0.12292157
v -0.030214709 -0.0030610469 0.12291796
v -0.030216709 -0.0032510469 0.12282906
v -0.030216709 -0.0032320828 0.12283684
v -0.030216709 -0.0032204318 0.12285416
v -0.030216709 -0.0032140836 0.12287415
v -0.030216709 -0.0032109684 0.12289491
v -0.030214709 -0.0032109684 0.12289491
v -0.030214709 -0.0032140836 0.12287415
v -0.030214709 -0.0032204318 0.12285416
v -0.030214709 -0.0032320828 0.12283684
v -0.030214709 -0.0032510469 0.12282906
v -0.030216709 -0.0032430724 0.12296406
v -0.030216709 -0.0032457726 0.12296275
v -0.030216709 -0.0032485684 0.12296167
v -0.030216709 -0.0032514614 0.12296086
v -0.030216709 -0.0032544425 0.12296056
v -0.030214709 -0.0032544425 0.12296056
v -0.030214709 -0.0032514614 0.12296086
v -0.030214709 -0.0032485684 0.12296167
v -0.030214709 -0.0032457726 0.12296275
v -0.030214709 -0.0032430724 0.12296406
v -0.030216709 -0.0031813339 0.12295912
v -0.030216709 -0.0031808986 0.1229867
v -0.030216709 -0.0031790359 0.12301421
v -0.030216709 -0.0031733959 0.12304113
v -0.030216709 -0.0031549922 0.12305955
v -0.030214709 -0.0031549922 0.12305955
v -0.030214709 -0.0031733959 0.12304113
v -0.030214709 -0.0031790359 0.12301421
v -0.030214709 -0.0031808986 0.1229867
v -0.030214709 -0.0031813339 0.12295912
v -0.030231709 -0.00233182 0.12271589
v -0.030231709 -0.0023338295 0.12270839
v -0.030231709 -0.0023393199 0.1227029
v -0.030231709 -0.0023468199 0.12270089
v -0.030501709 -0.0023468199 0.12270089
v -0.030501709 -0.0023393199 0.1227029
v -0.030501709 -0.0023338295 0.12270839
v -0.030501709 -0.00233182 0.12271589
v -0.030216709 -0.003099016 0.12300131
v -0.030216709 -0.0030976031 0.12297658
v -0.030216709 -0.0030923836 0.12295239
v -0.030216709 -0.0030815089 0.12293023
v -0.030216709 -0.0030610469 0.12291796
v -0.030214709 -0.0030610469 0.12291796
v -0.030214709 -0.0030815089 0.12293023
v -0.030214709 -0.0030923836 0.12295239
v -0.030214709 -0.0030976031 0.12297658
v -0.030214709 -0.003099016 0.12300131
v -0.030216709 -0.0030565194 0.12294759
v -0.030216709 -0.0030711634 0.12295443
v -0.030216709 -0.0030785706 0.12296928
v -0.030216709 -0.0030817288 0.12298566
v -0.030216709 -0.0030825525 0.12300234
v -0.030214709 -0.0030825525 0.12300234
v -0.030214709 -0.0030817288 0.12298566
v -0.030214709 -0.0030785706 0.12296928
v -0.030214709 -0.0030711634 0.12295443
v -0.030214709 -0.0030565194 0.12294759
v -0.030216709 -0.003029869 0.12295181
v -0.030216709 -0.0030303447 0.12292996
v -0.030216709 -0.0030320368 0.12290817
v -0.030216709 -0.0030361635 0.12288672
v -0.030216709 -0.003043863 0.12286631
v -0.030214709 -0.003043863 0.12286631
v -0.030214709 -0.0030361635 0.12288672
v -0.030214709 -0.0030320368 0.12290817
v -0.030214709 -0.0030303447 0.12292996
v -0.030214709 -0.003029869 0.12295181
v -0.030216709 -0.0032899936 0.12289435
v -0.030216709 -0.003288079 0.1228736
v -0.030216709 -0.0032819746 0.12285369
v -0.030216709 -0.0032699127 0.12283684
v -0.030216709 -0.0032510469 0.12282906
v -0.030214709 -0.0032510469 0.12282906
v -0.030214709 -0.0032699127 0.12283684
v -0.030214709 -0.0032819746 0.12285369
v -0.030214709 -0.003288079 0.1228736
v -0.030214709 -0.0032899936 0.12289435
v -0.030216709 -0.0032544425 0.12296056
v -0.030216709 -0.003267583 0.12296656
v -0.030216709 -0.0032752479 0.1229792
v -0.030216709 -0.0032790617 0.12299354
v -0.030216709 -0.0032801154 0.12300836
v -0.030214709 -0.0032801154 0.12300836
v -0.030214709 -0.0032790617 0.12299354
v -0.030214709 -0.0032752479 0.1229792
v -0.030214709 -0.003267583 0.12296656
v -0.030214709 -0.0032544425 0.12296056
v -0.030214709 -0.0031121869 0.12295922
v -0.030214709 -0.0031126941 0.12298585
v -0.030214709 -0.0031144272 0.12301242
v -0.030214709 -0.0031181146 0.12303878
v -0.030214709 -0.003125152 0.12306443
v -0.030214709 -0.0031299355 0.12307354
v -0.030214709 -0.0031363974 0.12308154
v -0.030214709 -0.0031449335 0.12308722
v -0.030214709 -0.0031549922 0.12308918
v -0.030214709 -0.0031827246 0.12306811
v -0.030214709 -0.0031929561 0.12303278
v -0.030214709 -0.0031968457 0.1229961
v -0.030214709 -0.0031977975 0.12295922
v -0.030214709 -0.0031969063 0.12292224
v -0.030214709 -0.0031928199 0.12288548
v -0.030214709 -0.0031833199 0.12284983
v -0.030214709 -0.0031549922 0.12282906
v -0.030214709 -0.0031272371 0.1228502
v -0.030214709 -0.0031169938 0.12288557
v -0.030214709 -0.003113127 0.12292229
v -0.030214709 -0.0031549922 0.12305955
v -0.030214709 -0.0031365336 0.12304117
v -0.030214709 -0.0031309125 0.12301423
v -0.030214709 -0.0031290845 0.12298671
v -0.030214709 -0.0031286505 0.12295912
v -0.030214709 -0.0031288856 0.12293826
v -0.030214709 -0.0031298426 0.12291742
v -0.030214709 -0.0031318275 0.12289666
v -0.030214709 -0.0031362134 0.12287629
v -0.030214709 -0.0031391874 0.12287018
v -0.030214709 -0.0031431091 0.12286465
v -0.030214709 -0.0031483161 0.12286034
v -0.030214709 -0.0031548379 0.12285869
v -0.030214709 -0.003173486 0.12287683
v -0.030214709 -0.0031790553 0.12290386
v -0.030214709 -0.0031808754 0.12293146
v -0.030214709 -0.0031813339 0.12295912
v -0.030214709 -0.0031808986 0.1229867
v -0.030214709 -0.0031790359 0.12301421
v -0.030214709 -0.0031733959 0.12304113
v -0.030216709 -0.0031549922 0.12305955
v -0.030216709 -0.0031365336 0.12304117
v -0.030216709 -0.0031309125 0.12301423
v -0.030216709 -0.0031290845 0.12298671
v -0.030216709 -0.0031286505 0.12295912
v -0.030214709 -0.0031286505 0.12295912
v -0.030214709 -0.0031290845 0.12298671
v -0.030214709 -0.0031309125 0.12301423
v -0.030214709 -0.0031365336 0.12304117
v -0.030214709 -0.0031549922 0.12305955
v -0.030516709 -0.00353182 0.12348589
v -0.030516709 -0.0035318199 0.12271589
v -0.030516709 -0.00391682 0.12271589
v -0.030516709 -0.00391682 0.12348589
v -0.030216709 -0.00391682 0.12271589
v -0.030218719 -0.00392432 0.12271589
v -0.030224209 -0.0039298104 0.12271589
v -0.030231709 -0.0039318199 0.12271589
v -0.030231709 -0.0039298104 0.12270839
v -0.030231709 -0.00392432 0.1227029
v -0.030231709 -0.00391682 0.12270089
v -0.030224209 -0.00391682 0.1227029
v -0.030218719 -0.00391682 0.12270839
v -0.030216709 -0.00391682 0.12271589
v -0.030501709 -0.0023468199 0.12270089
v -0.030509209 -0.0023468199 0.1227029
v -0.030514699 -0.0023468199 0.12270839
v -0.030516709 -0.0023468199 0.12271589
v -0.030514699 -0.0023393199 0.12271589
v -0.030509209 -0.0023338295 0.12271589
v -0.030501709 -0.00233182 0.12271589
v -0.030501709 -0.0023338295 0.12270839
v -0.030501709 -0.0023393199 0.1227029
v -0.030516709 -0.0023468199 0.12271589
v -0.030231709 -0.00273182 0.12270089
v -0.030501709 -0.00273182 0.12270089
v -0.030501709 -0.0023468199 0.12270089
v -0.030231709 -0.0023468199 0.12270089
v -0.030501709 -0.0035318199 0.12270089
v -0.030231709 -0.0035318199 0.12270089
v -0.030231709 -0.00391682 0.12270089
v -0.030501709 -0.00391682 0.12270089
v -0.030216709 -0.003058423 0.12308918
v -0.030216709 -0.0030804342 0.12307665
v -0.030216709 -0.0030917849 0.12305312
v -0.030216709 -0.0030973139 0.12302749
v -0.030216709 -0.003099016 0.12300131
v -0.030214709 -0.003099016 0.12300131
v -0.030214709 -0.0030973139 0.12302749
v -0.030214709 -0.0030917849 0.12305312
v -0.030214709 -0.0030804342 0.12307665
v -0.030214709 -0.003058423 0.12308918
v -0.030216709 -0.0030825525 0.12300234
v -0.030216709 -0.0030817525 0.1230194
v -0.030216709 -0.0030786783 0.1230362
v -0.030216709 -0.0030716422 0.12305168
v -0.030216709 -0.0030571883 0.12305955
v -0.030214709 -0.0030571883 0.12305955
v -0.030214709 -0.0030716422 0.12305168
v -0.030214709 -0.0030786783 0.1230362
v -0.030214709 -0.0030817525 0.1230194
v -0.030214709 -0.0030825525 0.12300234
v -0.030216709 -0.003043863 0.12286631
v -0.030216709 -0.0030469019 0.12286343
v -0.030216709 -0.0030503134 0.12286101
v -0.030216709 -0.0030541355 0.1228593
v -0.030216709 -0.0030582687 0.12285869
v -0.030214709 -0.0030582687 0.12285869
v -0.030214709 -0.0030541355 0.1228593
v -0.030214709 -0.0030503134 0.12286101
v -0.030214709 -0.0030469019 0.12286343
v -0.030214709 -0.003043863 0.12286631
v -0.030216709 -0.0032724496 0.12294528
v -0.030216709 -0.0032809948 0.12293445
v -0.030216709 -0.0032863068 0.12292169
v -0.030216709 -0.0032891642 0.12290816
v -0.030216709 -0.0032899936 0.12289435
v -0.030214709 -0.0032899936 0.12289435
v -0.030214709 -0.0032891642 0.12290816
v -0.030214709 -0.0032863068 0.12292169
v -0.030214709 -0.0032809948 0.12293445
v -0.030214709 -0.0032724496 0.12294528
v -0.030216709 -0.0032801154 0.12300836
v -0.030216709 -0.003279071 0.12302426
v -0.030216709 -0.0032752791 0.12303973
v -0.030216709 -0.0032673706 0.12305346
v -0.030216709 -0.0032531049 0.12305955
v -0.030214709 -0.0032531049 0.12305955
v -0.030214709 -0.0032673706 0.12305346
v -0.030214709 -0.0032752791 0.12303973
v -0.030214709 -0.003279071 0.12302426
v -0.030214709 -0.0032801154 0.12300836
v -0.030216709 -0.0031549922 0.12308918
v -0.030216709 -0.0031827246 0.12306811
v -0.030216709 -0.0031929561 0.12303278
v -0.030216709 -0.0031968457 0.1229961
v -0.030216709 -0.0031977975 0.12295922
v -0.030214709 -0.0031977975 0.12295922
v -0.030214709 -0.0031968457 0.1229961
v -0.030214709 -0.0031929561 0.12303278
v -0.030214709 -0.0031827246 0.12306811
v -0.030214709 -0.0031549922 0.12308918
v -0.030216709 -0.0031286505 0.12295912
v -0.030216709 -0.0031288856 0.12293826
v -0.030216709 -0.0031298426 0.12291742
v -0.030216709 -0.0031318275 0.12289666
v -0.030216709 -0.0031362134 0.12287629
v -0.030214709 -0.0031362134 0.12287629
v -0.030214709 -0.0031318275 0.12289666
v -0.030214709 -0.0031298426 0.12291742
v -0.030214709 -0.0031288856 0.12293826
v -0.030214709 -0.0031286505 0.12295912
v -0.030216709 -0.0031977975 0.12295922
v -0.030216709 -0.0031969063 0.12292224
v -0.030216709 -0.0031928199 0.12288548
v -0.030216709 -0.0031833199 0.12284983
v -0.030216709 -0.0031549922 0.12282906
v -0.030214709 -0.0031549922 0.12282906
v -0.030214709 -0.0031833199 0.12284983
v -0.030214709 -0.0031928199 0.12288548
v -0.030214709 -0.0031969063 0.12292224
v -0.030214709 -0.0031977975 0.12295922
v -0.030231709 -0.00391682 0.12270089
v -0.030231709 -0.00392432 0.1227029
v -0.030231709 -0.0039298104 0.12270839
v -0.030231709 -0.0039318199 0.12271589
v -0.030501709 -0.0039318199 0.12271589
v -0.030501709 -0.0039298104 0.12270839
v -0.030501709 -0.00392432 0.1227029
v -0.030501709 -0.00391682 0.12270089
v -0.030501709 -0.00391682 0.12270089
v -0.030501709 -0.00392432 0.1227029
v -0.030501709 -0.0039298104 0.12270839
v -0.030501709 -0.0039318199 0.12271589
v -0.030509209 -0.0039298104 0.12271589
v -0.030514699 -0.00392432 0.12271589
v -0.030516709 -0.00391682 0.12271589
v -0.030514699 -0.00391682 0.12270839
v -0.030509209 -0.00391682 0.1227029
v -0.030516709 -0.00391682 0.12271589
v -0.030516709 -0.00273182 0.12271589
v -0.030516709 -0.00273182 0.12348589
v -0.030516709 -0.00234682 0.12348589
v -0.030516709 -0.0023468199 0.12271589
v -0.030516709 -0.00391682 0.12348589
v -0.030514699 -0.00392432 0.12348589
v -0.030509209 -0.0039298104 0.12348589
v -0.030501709 -0.00393182 0.12348589
v -0.030501709 -0.0039298104 0.12349339
v -0.030501709 -0.00392432 0.12349888
v -0.030501709 -0.00391682 0.12350089
v -0.030509209 -0.00391682 0.12349888
v -0.030514699 -0.00391682 0.12349339
v -0.030516709 -0.00391682 0.12348589
v -0.030216709 -0.00391682 0.12348589
v -0.030218719 -0.00391682 0.12349339
v -0.030224209 -0.00391682 0.12349888
v -0.030231709 -0.00391682 0.12350089
v -0.030231709 -0.00392432 0.12349888
v -0.030231709 -0.0039298104 0.12349339
v -0.030231709 -0.00393182 0.12348589
v -0.030224209 -0.0039298104 0.12348589
v -0.030218719 -0.00392432 0.12348589
v -0.030216709 -0.00391682 0.12348589
v -0.030216709 -0.00391682 0.12348589
v -0.030218719 -0.00392432 0.12348589
v -0.030224209 -0.0039298104 0.12348589
v -0.030231709 -0.00393182 0.12348589
v -0.030231709 -0.0039318199 0.12271589
v -0.030224209 -0.0039298104 0.12271589
v -0.030218719 -0.00392432 0.12271589
v -0.030216709 -0.00391682 0.12271589
v -0.030516709 -0.00391682 0.12271589
v -0.030516709 -0.0035318199 0.12271589
v -0.030514699 -0.0035318199 0.12270839
v -0.030509209 -0.0035318199 0.1227029
v -0.030501709 -0.0035318199 0.12270089
v -0.030501709 -0.00391682 0.12270089
v -0.030509209 -0.00391682 0.1227029
v -0.030514699 -0.00391682 0.12270839
v -0.030231709 -0.00233182 0.12271589
v -0.030224209 -0.0023338295 0.12271589
v -0.030218719 -0.0023393199 0.12271589
v -0.030216709 -0.0023468199 0.12271589
v -0.030218719 -0.0023468199 0.12270839
v -0.030224209 -0.0023468199 0.1227029
v -0.030231709 -0.0023468199 0.12270089
v -0.030231709 -0.0023393199 0.1227029
v -0.030231709 -0.0023338295 0.12270839
v -0.030216709 -0.0023468199 0.12271589
v -0.030516709 -0.00273182 0.12271589
v -0.030514699 -0.00273182 0.12270839
v -0.030509209 -0.00273182 0.1227029
v -0.030501709 -0.00273182 0.12270089
v -0.030501709 -0.0035318199 0.12270089
v -0.030509209 -0.0035318199 0.1227029
v -0.030514699 -0.0035318199 0.12270839
v -0.030516709 -0.0035318199 0.12271589
v -0.030231709 -0.00233182 0.12348589
v -0.030231709 -0.00233182 0.12271589
v -0.030501709 -0.00233182 0.12271589
v -0.030501709 -0.00233182 0.12348589
v -0.030214709 -0.0030957233 0.12289491
v -0.030214709 -0.0030933644 0.12287454
v -0.030214709 -0.0030880059 0.12285477
v -0.030214709 -0.0030775066 0.12283728
v -0.030214709 -0.0030593491 0.12282906
v -0.030214709 -0.0030481489 0.12283156
v -0.030214709 -0.0030389807 0.12283851
v -0.030214709 -0.0030321884 0.12284784
v -0.030214709 -0.0030271422 0.12285823
v -0.030214709 -0.0030196406 0.12288435
v -0.030214709 -0.0030157922 0.12291129
v -0.030214709 -0.0030139255 0.12293844
v -0.030214709 -0.0030134054 0.12296565
v -0.030214709 -0.0030144694 0.12300117
v -0.030214709 -0.0030188274 0.12303642
v -0.030214709 -0.003030657 0.12306976
v -0.030214709 -0.003058423 0.12308918
v -0.030214709 -0.0030804342 0.12307665
v -0.030214709 -0.0030917849 0.12305312
v -0.030214709 -0.0030973139 0.12302749
v -0.030214709 -0.003099016 0.12300131
v -0.030214709 -0.0030976031 0.12297658
v -0.030214709 -0.0030923836 0.12295239
v -0.030214709 -0.0030815089 0.12293023
v -0.030214709 -0.0030610469 0.12291796
v -0.030214709 -0.0030495137 0.12292157
v -0.030214709 -0.0030406544 0.12292995
v -0.030214709 -0.0030343795 0.12294044
v -0.030214709 -0.003029869 0.12295181
v -0.030214709 -0.0030303447 0.12292996
v -0.030214709 -0.0030320368 0.12290817
v -0.030214709 -0.0030361635 0.12288672
v -0.030214709 -0.003043863 0.12286631
v -0.030214709 -0.0030469019 0.12286343
v -0.030214709 -0.0030503134 0.12286101
v -0.030214709 -0.0030541355 0.1228593
v -0.030214709 -0.0030582687 0.12285869
v -0.030214709 -0.00306342 0.12285986
v -0.030214709 -0.003067684 0.12286301
v -0.030214709 -0.0030709706 0.12286718
v -0.030214709 -0.0030734975 0.12287186
v -0.030214709 -0.0030757546 0.12287824
v -0.030214709 -0.0030772996 0.12288482
v -0.030214709 -0.0030783792 0.1228915
v -0.030214709 -0.0030792597 0.1228982
v -0.030214709 -0.0030571883 0.12305955
v -0.030214709 -0.0030422436 0.12305148
v -0.030214709 -0.0030348906 0.12303548
v -0.030214709 -0.0030310979 0.12301825
v -0.030214709 -0.003029869 0.12300064
v -0.030214709 -0.0030308858 0.12298451
v -0.030214709 -0.0030347148 0.12296881
v -0.030214709 -0.0030426045 0.12295476
v -0.030214709 -0.0030565194 0.12294759
v -0.030214709 -0.0030711634 0.12295443
v -0.030214709 -0.0030785706 0.12296928
v -0.030214709 -0.0030817288 0.12298566
v -0.030214709 -0.0030825525 0.12300234
v -0.030214709 -0.0030817525 0.1230194
v -0.030214709 -0.0030786783 0.1230362
v -0.030214709 -0.0030716422 0.12305168
v -0.030216709 -0.0030134054 0.12296565
v -0.030216709 -0.0030144694 0.12300117
v -0.030216709 -0.0030188274 0.12303642
v -0.030216709 -0.003030657 0.12306976
v -0.030216709 -0.003058423 0.12308918
v -0.030214709 -0.003058423 0.12308918
v -0.030214709 -0.003030657 0.12306976
v -0.030214709 -0.0030188274 0.12303642
v -0.030214709 -0.0030144694 0.12300117
v -0.030214709 -0.0030134054 0.12296565
v -0.030216709 -0.0030571883 0.12305955
v -0.030216709 -0.0030422436 0.12305148
v -0.030216709 -0.0030348906 0.12303548
v -0.030216709 -0.0030310979 0.12301825
v -0.030216709 -0.003029869 0.12300064
v -0.030214709 -0.003029869 0.12300064
v -0.030214709 -0.0030310979 0.12301825
v -0.030214709 -0.0030348906 0.12303548
v -0.030214709 -0.0030422436 0.12305148
v -0.030214709 -0.0030571883 0.12305955
v -0.030216709 -0.0030582687 0.12285869
v -0.030216709 -0.00306342 0.12285986
v -0.030216709 -0.003067684 0.12286301
v -0.030216709 -0.0030709706 0.12286718
v -0.030216709 -0.0030734975 0.12287186
v -0.030214709 -0.0030734975 0.12287186
v -0.030214709 -0.0030709706 0.12286718
v -0.030214709 -0.003067684 0.12286301
v -0.030214709 -0.00306342 0.12285986
v -0.030214709 -0.0030582687 0.12285869
v -0.030216709 -0.003296579 0.12300861
v -0.030216709 -0.0032956622 0.12299089
v -0.030216709 -0.0032922994 0.12297347
v -0.030216709 -0.0032852577 0.12295723
v -0.030216709 -0.0032724496 0.12294528
v -0.030214709 -0.0032724496 0.12294528
v -0.030214709 -0.0032852577 0.12295723
v -0.030214709 -0.0032922994 0.12297347
v -0.030214709 -0.0032956622 0.12299089
v -0.030214709 -0.003296579 0.12300861
v -0.030214709 -0.0032109684 0.12301674
v -0.030214709 -0.003213586 0.12303935
v -0.030214709 -0.003220072 0.12306115
v -0.030214709 -0.0032322292 0.12308027
v -0.030214709 -0.0032525389 0.12308918
v -0.030214709 -0.0032747544 0.12307905
v -0.030214709 -0.0032878552 0.12305777
v -0.030214709 -0.0032946323 0.12303363
v -0.030214709 -0.003296579 0.12300861
v -0.030214709 -0.0032956622 0.12299089
v -0.030214709 -0.0032922994 0.12297347
v -0.030214709 -0.0032852577 0.12295723
v -0.030214709 -0.0032724496 0.12294528
v -0.030214709 -0.0032809948 0.12293445
v -0.030214709 -0.0032863068 0.12292169
v -0.030214709 -0.0032891642 0.12290816
v -0.030214709 -0.0032899936 0.12289435
v -0.030214709 -0.003288079 0.1228736
v -0.030214709 -0.0032819746 0.12285369
v -0.030214709 -0.0032699127 0.12283684
v -0.030214709 -0.0032510469 0.12282906
v -0.030214709 -0.0032320828 0.12283684
v -0.030214709 -0.0032204318 0.12285416
v -0.030214709 -0.0032140836 0.12287415
v -0.030214709 -0.0032109684 0.12289491
v -0.030214709 -0.003227432 0.1228982
v -0.030214709 -0.0032292161 0.12288568
v -0.030214709 -0.0032329582 0.1228736
v -0.030214709 -0.0032400726 0.12286323
v -0.030214709 -0.0032516128 0.12285869
v -0.030214709 -0.0032623977 0.12286285
v -0.030214709 -0.0032691316 0.12287244
v -0.030214709 -0.0032725751 0.12288369
v -0.030214709 -0.00327353 0.12289543
v -0.030214709 -0.003272489 0.1229085
v -0.030214709 -0.0032683722 0.12292091
v -0.030214709 -0.0032597244 0.12293067
v -0.030214709 -0.0032474455 0.12293478
v -0.030214709 -0.0032467971 0.12293473
v -0.030214709 -0.0032461519 0.12293466
v -0.030214709 -0.0032455112 0.12293455
v -0.030214709 -0.0032448731 0.12293442
v -0.030214709 -0.0032430724 0.12296406
v -0.030214709 -0.0032457726 0.12296275
v -0.030214709 -0.0032485684 0.12296167
v -0.030214709 -0.0032514614 0.12296086
v -0.030214709 -0.0032544425 0.12296056
v -0.030214709 -0.003267583 0.12296656
v -0.030214709 -0.0032752479 0.1229792
v -0.030214709 -0.0032790617 0.12299354
v -0.030214709 -0.0032801154 0.12300836
v -0.030214709 -0.003279071 0.12302426
v -0.030214709 -0.0032752791 0.12303973
v -0.030214709 -0.0032673706 0.12305346
v -0.030214709 -0.0032531049 0.12305955
v -0.030214709 -0.003240056 0.12305428
v -0.030214709 -0.0032330527 0.12304176
v -0.030214709 -0.0032295404 0.12302775
v -0.030214709 -0.003227432 0.12301345
v -0.030216709 -0.0032531049 0.12305955
v -0.030216709 -0.003240056 0.12305428
v -0.030216709 -0.0032330527 0.12304176
v -0.030216709 -0.0032295404 0.12302775
v -0.030216709 -0.003227432 0.12301345
v -0.030214709 -0.003227432 0.12301345
v -0.030214709 -0.0032295404 0.12302775
v -0.030214709 -0.0032330527 0.12304176
v -0.030214709 -0.003240056 0.12305428
v -0.030214709 -0.0032531049 0.12305955
v -0.030216709 -0.003125152 0.12306443
v -0.030216709 -0.0031299355 0.12307354
v -0.030216709 -0.0031363974 0.12308154
v -0.030216709 -0.0031449335 0.12308722
v -0.030216709 -0.0031549922 0.12308918
v -0.030214709 -0.0031549922 0.12308918
v -0.030214709 -0.0031449335 0.12308722
v -0.030214709 -0.0031363974 0.12308154
v -0.030214709 -0.0031299355 0.12307354
v -0.030214709 -0.003125152 0.12306443
v -0.030216709 -0.0031549922 0.12282906
v -0.030216709 -0.0031272371 0.1228502
v -0.030216709 -0.0031169938 0.12288557
v -0.030216709 -0.003113127 0.12292229
v -0.030216709 -0.0031121869 0.12295922
v -0.030214709 -0.0031121869 0.12295922
v -0.030214709 -0.003113127 0.12292229
v -0.030214709 -0.0031169938 0.12288557
v -0.030214709 -0.0031272371 0.1228502
v -0.030214709 -0.0031549922 0.12282906
v -0.030516709 -0.00353182 0.12348589
v -0.030516709 -0.00273182 0.12348589
v -0.030516709 -0.00273182 0.12271589
v -0.030516709 -0.0035318199 0.12271589
v -0.030501709 -0.00393182 0.12348589
v -0.030509209 -0.0039298104 0.12348589
v -0.030514699 -0.00392432 0.12348589
v -0.030516709 -0.00391682 0.12348589
v -0.030516709 -0.00391682 0.12271589
v -0.030514699 -0.00392432 0.12271589
v -0.030509209 -0.0039298104 0.12271589
v -0.030501709 -0.0039318199 0.12271589
v -0.030516709 -0.00234682 0.12348589
v -0.030514699 -0.00234682 0.12349339
v -0.030509209 -0.00234682 0.12349888
v -0.030501709 -0.00234682 0.12350089
v -0.030501709 -0.00233932 0.12349888
v -0.030501709 -0.0023338296 0.12349339
v -0.030501709 -0.00233182 0.12348589
v -0.030509209 -0.0023338296 0.12348589
v -0.030514699 -0.00233932 0.12348589
v -0.030516709 -0.00234682 0.12348589
v -0.030231709 -0.00233182 0.12348589
v -0.030231709 -0.0023338296 0.12349339
v -0.030231709 -0.00233932 0.12349888
v -0.030231709 -0.00234682 0.12350089
v -0.030224209 -0.00234682 0.12349888
v -0.030218719 -0.00234682 0.12349339
v -0.030216709 -0.00234682 0.12348589
v -0.030218719 -0.00233932 0.12348589
v -0.030224209 -0.0023338296 0.12348589
v -0.030216709 -0.00234682 0.12348589
v -0.030231709 -0.00393182 0.12348589
v -0.030231709 -0.0039298104 0.12349339
v -0.030231709 -0.00392432 0.12349888
v -0.030231709 -0.00391682 0.12350089
v -0.030501709 -0.00391682 0.12350089
v -0.030501709 -0.00392432 0.12349888
v -0.030501709 -0.0039298104 0.12349339
v -0.030501709 -0.00393182 0.12348589
v -0.030501709 -0.0023468199 0.12270089
v -0.030501709 -0.00273182 0.12270089
v -0.030509209 -0.00273182 0.1227029
v -0.030514699 -0.00273182 0.12270839
v -0.030516709 -0.00273182 0.12271589
v -0.030516709 -0.0023468199 0.12271589
v -0.030514699 -0.0023468199 0.12270839
v -0.030509209 -0.0023468199 0.1227029
v -0.030516709 -0.00234682 0.12348589
v -0.030514699 -0.00233932 0.12348589
v -0.030509209 -0.0023338296 0.12348589
v -0.030501709 -0.00233182 0.12348589
v -0.030501709 -0.00233182 0.12271589
v -0.030509209 -0.0023338295 0.12271589
v -0.030514699 -0.0023393199 0.12271589
v -0.030516709 -0.0023468199 0.12271589
v -0.030231709 -0.00391682 0.12270089
v -0.030231709 -0.0035318199 0.12270089
v -0.030224209 -0.0035318199 0.1227029
v -0.030218719 -0.0035318199 0.12270839
v -0.030216709 -0.0035318199 0.12271589
v -0.030216709 -0.00391682 0.12271589
v -0.030218719 -0.00391682 0.12270839
v -0.030224209 -0.00391682 0.1227029
v -0.030216709 -0.0030271422 0.12285823
v -0.030216709 -0.0030196406 0.12288435
v -0.030216709 -0.0030157922 0.12291129
v -0.030216709 -0.0030139255 0.12293844
v -0.030216709 -0.0030134054 0.12296565
v -0.030214709 -0.0030134054 0.12296565
v -0.030214709 -0.0030139255 0.12293844
v -0.030214709 -0.0030157922 0.12291129
v -0.030214709 -0.0030196406 0.12288435
v -0.030214709 -0.0030271422 0.12285823
v -0.030216709 -0.003029869 0.12300064
v -0.030216709 -0.0030308858 0.12298451
v -0.030216709 -0.0030347148 0.12296881
v -0.030216709 -0.0030426045 0.12295476
v -0.030216709 -0.0030565194 0.12294759
v -0.030214709 -0.0030565194 0.12294759
v -0.030214709 -0.0030426045 0.12295476
v -0.030214709 -0.0030347148 0.12296881
v -0.030214709 -0.0030308858 0.12298451
v -0.030214709 -0.003029869 0.12300064
v -0.030216709 -0.0030734975 0.12287186
v -0.030216709 -0.0030757546 0.12287824
v -0.030216709 -0.0030772996 0.12288482
v -0.030216709 -0.0030783792 0.1228915
v -0.030216709 -0.0030792597 0.1228982
v -0.030214709 -0.0030792597 0.1228982
v -0.030214709 -0.0030783792 0.1228915
v -0.030214709 -0.0030772996 0.12288482
v -0.030214709 -0.0030757546 0.12287824
v -0.030214709 -0.0030734975 0.12287186
v -0.030216709 -0.0032525389 0.12308918
v -0.030216709 -0.0032747544 0.12307905
v -0.030216709 -0.0032878552 0.12305777
v -0.030216709 -0.0032946323 0.12303363
v -0.030216709 -0.003296579 0.12300861
v -0.030214709 -0.003296579 0.12300861
v -0.030214709 -0.0032946323 0.12303363
v -0.030214709 -0.0032878552 0.12305777
v -0.030214709 -0.0032747544 0.12307905
v -0.030214709 -0.0032525389 0.12308918
v -0.030216709 -0.003227432 0.12301345
v -0.030216709 -0.0032109684 0.12301674
v -0.030214709 -0.0032109684 0.12301674
v -0.030214709 -0.003227432 0.12301345
v -0.030216709 -0.0031121869 0.12295922
v -0.030216709 -0.0031126941 0.12298585
v -0.030216709 -0.0031144272 0.12301242
v -0.030216709 -0.0031181146 0.12303878
v -0.030216709 -0.003125152 0.12306443
v -0.030214709 -0.003125152 0.12306443
v -0.030214709 -0.0031181146 0.12303878
v -0.030214709 -0.0031144272 0.12301242
v -0.030214709 -0.0031126941 0.12298585
v -0.030214709 -0.0031121869 0.12295922
v -0.030501709 -0.0035318199 0.12270089
v -0.030501709 -0.00273182 0.12270089
v -0.030231709 -0.00273182 0.12270089
v -0.030231709 -0.0035318199 0.12270089
v -0.030501709 -0.00273182 0.12350089
v -0.030509209 -0.00273182 0.12349888
v -0.030514699 -0.00273182 0.12349339
v -0.030516709 -0.00273182 0.12348589
v -0.030516709 -0.00353182 0.12348589
v -0.030514699 -0.00353182 0.12349339
v -0.030509209 -0.00353182 0.12349888
v -0.030501709 -0.00353182 0.12350089
v -0.030501709 -0.00391682 0.12350089
v -0.030501709 -0.00353182 0.12350089
v -0.030509209 -0.00353182 0.12349888
v -0.030514699 -0.00353182 0.12349339
v -0.030516709 -0.00353182 0.12348589
v -0.030516709 -0.00391682 0.12348589
v -0.030514699 -0.00391682 0.12349339
v -0.030509209 -0.00391682 0.12349888
v -0.030216709 -0.0023468199 0.12271589
v -0.030216709 -0.00273182 0.12271589
v -0.030218719 -0.00273182 0.12270839
v -0.030224209 -0.00273182 0.1227029
v -0.030231709 -0.00273182 0.12270089
v -0.030231709 -0.0023468199 0.12270089
v -0.030224209 -0.0023468199 0.1227029
v -0.030218719 -0.0023468199 0.12270839
v -0.030231709 -0.00233182 0.12348589
v -0.030224209 -0.0023338296 0.12348589
v -0.030218719 -0.00233932 0.12348589
v -0.030216709 -0.00234682 0.12348589
v -0.030216709 -0.0023468199 0.12271589
v -0.030218719 -0.0023393199 0.12271589
v -0.030224209 -0.0023338295 0.12271589
v -0.030231709 -0.00233182 0.12271589
v -0.030501709 -0.00233182 0.12348589
v -0.030501709 -0.0023338296 0.12349339
v -0.030501709 -0.00233932 0.12349888
v -0.030501709 -0.00234682 0.12350089
v -0.030231709 -0.00234682 0.12350089
v -0.030231709 -0.00233932 0.12349888
v -0.030231709 -0.0023338296 0.12349339
v -0.030231709 -0.00233182 0.12348589
v -0.030216709 -0.0030593491 0.12282906
v -0.030216709 -0.0030481489 0.12283156
v -0.030216709 -0.0030389807 0.12283851
v -0.030216709 -0.0030321884 0.12284784
v -0.030216709 -0.0030271422 0.12285823
v -0.030214709 -0.0030271422 0.12285823
v -0.030214709 -0.0030321884 0.12284784
v -0.030214709 -0.0030389807 0.12283851
v -0.030214709 -0.0030481489 0.12283156
v -0.030214709 -0.0030593491 0.12282906
v -0.030216709 -0.0030792597 0.1228982
v -0.030216709 -0.0030957233 0.12289491
v -0.030214709 -0.0030957233 0.12289491
v -0.030214709 -0.0030792597 0.1228982
v -0.030216709 -0.0032109684 0.12301674
v -0.030216709 -0.003213586 0.12303935
v -0.030216709 -0.003220072 0.12306115
v -0.030216709 -0.0032322292 0.12308027
v -0.030216709 -0.0032525389 0.12308918
v -0.030214709 -0.0032525389 0.12308918
v -0.030214709 -0.0032322292 0.12308027
v -0.030214709 -0.003220072 0.12306115
v -0.030214709 -0.003213586 0.12303935
v -0.030214709 -0.0032109684 0.12301674
v -0.030231709 -0.00393182 0.12348589
v -0.030501709 -0.00393182 0.12348589
v -0.030501709 -0.0039318199 0.12271589
v -0.030231709 -0.0039318199 0.12271589
v -0.030516709 -0.00234682 0.12348589
v -0.030516709 -0.00273182 0.12348589
v -0.030514699 -0.00273182 0.12349339
v -0.030509209 -0.00273182 0.12349888
v -0.030501709 -0.00273182 0.12350089
v -0.030501709 -0.00234682 0.12350089
v -0.030509209 -0.00234682 0.12349888
v -0.030514699 -0.00234682 0.12349339
v -0.030231709 -0.00273182 0.12270089
v -0.030224209 -0.00273182 0.1227029
v -0.030218719 -0.00273182 0.12270839
v -0.030216709 -0.00273182 0.12271589
v -0.030216709 -0.0035318199 0.12271589
v -0.030218719 -0.0035318199 0.12270839
v -0.030224209 -0.0035318199 0.1227029
v -0.030231709 -0.0035318199 0.12270089
v -0.030216709 -0.00273182 0.12348589
v -0.030218719 -0.00273182 0.12349339
v -0.030224209 -0.00273182 0.12349888
v -0.030231709 -0.00273182 0.12350089
v -0.030231709 -0.00353182 0.12350089
v -0.030224209 -0.00353182 0.12349888
v -0.030218719 -0.00353182 0.12349339
v -0.030216709 -0.00353182 0.12348589
v -0.030216709 -0.0030957233 0.12289491
v -0.030216709 -0.0030933644 0.12287454
v -0.030216709 -0.0030880059 0.12285477
v -0.030216709 -0.0030775066 0.12283728
v -0.030216709 -0.0030593491 0.12282906
v -0.030214709 -0.0030593491 0.12282906
v -0.030214709 -0.0030775066 0.12283728
v -0.030214709 -0.0030880059 0.12285477
v -0.030214709 -0.0030933644 0.12287454
v -0.030214709 -0.0030957233 0.12289491
v -0.030231709 -0.00353182 0.12350089
v -0.030231709 -0.00273182 0.12350089
v -0.030501709 -0.00273182 0.12350089
v -0.030501709 -0.00353182 0.12350089
v -0.030216709 -0.00391682 0.12348589
v -0.030216709 -0.00353182 0.12348589
v -0.030218719 -0.00353182 0.12349339
v -0.030224209 -0.00353182 0.12349888
v -0.030231709 -0.00353182 0.12350089
v -0.030231709 -0.00391682 0.12350089
v -0.030224209 -0.00391682 0.12349888
v -0.030218719 -0.00391682 0.12349339
v -0.030231709 -0.00234682 0.12350089
v -0.030231709 -0.00273182 0.12350089
v -0.030224209 -0.00273182 0.12349888
v -0.030218719 -0.00273182 0.12349339
v -0.030216709 -0.00273182 0.12348589
v -0.030216709 -0.00234682 0.12348589
v -0.030218719 -0.00234682 0.12349339
v -0.030224209 -0.00234682 0.12349888
v -0.030216709 -0.00391682 0.12271589
v -0.030216709 -0.0035318199 0.12271589
v -0.030216709 -0.00353182 0.12348589
v -0.030216709 -0.00391682 0.12348589
v -0.030216709 -0.00234682 0.12348589
v -0.030216709 -0.00273182 0.12348589
v -0.030216709 -0.00273182 0.12271589
v -0.030216709 -0.0023468199 0.12271589
v -0.030231709 -0.00353182 0.12350089
v -0.030501709 -0.00353182 0.12350089
v -0.030501709 -0.00391682 0.12350089
v -0.030231709 -0.00391682 0.12350089
v -0.030501709 -0.00273182 0.12350089
v -0.030231709 -0.00273182 0.12350089
v -0.030231709 -0.00234682 0.12350089
v -0.030501709 -0.00234682 0.12350089
v -0.030216709 -0.00273182 0.12271589
v -0.030216709 -0.00273182 0.12348589
v -0.030216709 -0.00353182 0.12348589
v -0.030216709 -0.0035318199 0.12271589
v -0.030216709 -0.0030593491 0.12282906
v -0.030216709 -0.0030775066 0.12283728
v -0.030216709 -0.0030880059 0.12285477
v -0.030216709 -0.0030933644 0.12287454
v -0.030216709 -0.0030957233 0.12289491
v -0.030216709 -0.0030792597 0.1228982
v -0.030216709 -0.0030783792 0.1228915
v -0.030216709 -0.0030772996 0.12288482
v -0.030216709 -0.0030757546 0.12287824
v -0.030216709 -0.0030734975 0.12287186
v -0.030216709 -0.0030709706 0.12286718
v -0.030216709 -0.003067684 0.12286301
v -0.030216709 -0.00306342 0.12285986
v -0.030216709 -0.0030582687 0.12285869
v -0.030216709 -0.0030541355 0.1228593
v -0.030216709 -0.0030503134 0.12286101
v -0.030216709 -0.0030469019 0.12286343
v -0.030216709 -0.003043863 0.12286631
v -0.030216709 -0.0030361635 0.12288672
v -0.030216709 -0.0030320368 0.12290817
v -0.030216709 -0.0030303447 0.12292996
v -0.030216709 -0.003029869 0.12295181
v -0.030216709 -0.0030343795 0.12294044
v -0.030216709 -0.0030406544 0.12292995
v -0.030216709 -0.0030495137 0.12292157
v -0.030216709 -0.0030610469 0.12291796
v -0.030216709 -0.0030815089 0.12293023
v -0.030216709 -0.0030923836 0.12295239
v -0.030216709 -0.0030976031 0.12297658
v -0.030216709 -0.003099016 0.12300131
v -0.030216709 -0.0030973139 0.12302749
v -0.030216709 -0.0030917849 0.12305312
v -0.030216709 -0.0030804342 0.12307665
v -0.030216709 -0.003058423 0.12308918
v -0.030216709 -0.003030657 0.12306976
v -0.030216709 -0.0030188274 0.12303642
v -0.030216709 -0.0030144694 0.12300117
v -0.030216709 -0.0030134054 0.12296565
v -0.030216709 -0.0030139255 0.12293844
v -0.030216709 -0.0030157922 0.12291129
v -0.030216709 -0.0030196406 0.12288435
v -0.030216709 -0.0030271422 0.12285823
v -0.030216709 -0.0030321884 0.12284784
v -0.030216709 -0.0030389807 0.12283851
v -0.030216709 -0.0030481489 0.12283156
v -0.030216709 -0.0032525389 0.12308918
v -0.030216709 -0.0032322292 0.12308027
v -0.030216709 -0.003220072 0.12306115
v -0.030216709 -0.003213586 0.12303935
v -0.030216709 -0.0032109684 0.12301674
v -0.030216709 -0.003227432 0.12301345
v -0.030216709 -0.0032295404 0.12302775
v -0.030216709 -0.0032330527 0.12304176
v -0.030216709 -0.003240056 0.12305428
v -0.030216709 -0.0032531049 0.12305955
v -0.030216709 -0.0032673706 0.12305346
v -0.030216709 -0.0032752791 0.12303973
v -0.030216709 -0.003279071 0.12302426
v -0.030216709 -0.0032801154 0.12300836
v -0.030216709 -0.0032790617 0.12299354
v -0.030216709 -0.0032752479 0.1229792
v -0.030216709 -0.003267583 0.12296656
v -0.030216709 -0.0032544425 0.12296056
v -0.030216709 -0.0032514614 0.12296086
v -0.030216709 -0.0032485684 0.12296167
v -0.030216709 -0.0032457726 0.12296275
v -0.030216709 -0.0032430724 0.12296406
v -0.030216709 -0.0032448731 0.12293442
v -0.030216709 -0.0032455112 0.12293455
v -0.030216709 -0.0032461519 0.12293466
v -0.030216709 -0.0032467971 0.12293473
v -0.030216709 -0.0032474455 0.12293478
v -0.030216709 -0.0032597244 0.12293067
v -0.030216709 -0.0032683722 0.12292091
v -0.030216709 -0.003272489 0.1229085
v -0.030216709 -0.00327353 0.12289543
v -0.030216709 -0.0032725751 0.12288369
v -0.030216709 -0.0032691316 0.12287244
v -0.030216709 -0.0032623977 0.12286285
v -0.030216709 -0.0032516128 0.12285869
v -0.030216709 -0.0032400726 0.12286323
v -0.030216709 -0.0032329582 0.1228736
v -0.030216709 -0.0032292161 0.12288568
v -0.030216709 -0.003227432 0.1228982
v -0.030216709 -0.0032109684 0.12289491
v -0.030216709 -0.0032140836 0.12287415
v -0.030216709 -0.0032204318 0.12285416
v -0.030216709 -0.0032320828 0.12283684
v -0.030216709 -0.0032510469 0.12282906
v -0.030216709 -0.0032699127 0.12283684
v -0.030216709 -0.0032819746 0.12285369
v -0.030216709 -0.003288079 0.1228736
v -0.030216709 -0.0032899936 0.12289435
v -0.030216709 -0.0032891642 0.12290816
v -0.030216709 -0.0032863068 0.12292169
v -0.030216709 -0.0032809948 0.12293445
v -0.030216709 -0.0032724496 0.12294528
v -0.030216709 -0.0032852577 0.12295723
v -0.030216709 -0.0032922994 0.12297347
v -0.030216709 -0.0032956622 0.12299089
v -0.030216709 -0.003296579 0.12300861
v -0.030216709 -0.0032946323 0.12303363
v -0.030216709 -0.0032878552 0.12305777
v -0.030216709 -0.0032747544 0.12307905
v -0.030216709 -0.003125152 0.12306443
v -0.030216709 -0.0031181146 0.12303878
v -0.030216709 -0.0031144272 0.12301242
v -0.030216709 -0.0031126941 0.12298585
v -0.030216709 -0.0031121869 0.12295922
v -0.030216709 -0.003113127 0.12292229
v -0.030216709 -0.0031169938 0.12288557
v -0.030216709 -0.0031272371 0.1228502
v -0.030216709 -0.0031549922 0.12282906
v -0.030216709 -0.0031833199 0.12284983
v -0.030216709 -0.0031928199 0.12288548
v -0.030216709 -0.0031969063 0.12292224
v -0.030216709 -0.0031977975 0.12295922
v -0.030216709 -0.0031968457 0.1229961
v -0.030216709 -0.0031929561 0.12303278
v -0.030216709 -0.0031827246 0.12306811
v -0.030216709 -0.0031549922 0.12308918
v -0.030216709 -0.0031449335 0.12308722
v -0.030216709 -0.0031363974 0.12308154
v -0.030216709 -0.0031299355 0.12307354
f 2045 2046 2054
f 2054 2046 2053
f 2053 2046 2047
f 2053 2047 2052
f 2052 2047 2048
f 2052 2048 2051
f 2051 2048 2049
f 2051 2049 2050
f 2055 2056 2064
f 2064 2056 2063
f 2063 2056 2057
f 2063 2057 2062
f 2062 2057 2058
f 2062 2058 2061
f 2061 2058 2059
f 2061 2059 2060
f 2065 2066 2084
f 2084 2066 2067
f 2084 2067 2083
f 2083 2067 2068
f 2083 2068 2082
f 2082 2068 2081
f 2081 2068 2069
f 2081 2069 2077
f 2077 2069 2073
f 2077 2073 2076
f 2076 2073 2075
f 2075 2073 2074
f 2069 2070 2073
f 2073 2070 2071
f 2073 2071 2072
f 2077 2078 2081
f 2081 2078 2079
f 2081 2079 2080
f 2085 2086 2094
f 2094 2086 2093
f 2093 2086 2087
f 2093 2087 2092
f 2092 2087 2088
f 2092 2088 2091
f 2091 2088 2089
f 2091 2089 2090
f 2095 2096 2104
f 2104 2096 2103
f 2103 2096 2097
f 2103 2097 2102
f 2102 2097 2098
f 2102 2098 2101
f 2101 2098 2099
f 2101 2099 2100
f 2105 2106 2114
f 2114 2106 2113
f 2113 2106 2107
f 2113 2107 2112
f 2112 2107 2108
f 2112 2108 2111
f 2111 2108 2109
f 2111 2109 2110
f 2115 2116 2118
f 2118 2116 2117
f 2119 2120 2122
f 2122 2120 2121
f 2123 2124 2132
f 2132 2124 2131
f 2131 2124 2125
f 2131 2125 2130
f 2130 2125 2126
f 2130 2126 2129
f 2129 2126 2127
f 2129 2127 2128
f 2134 2141 2133
f 2133 2141 2142
f 2133 2142 2148
f 2148 2142 2145
f 2148 2145 2146
f 2135 2136 2134
f 2134 2136 2137
f 2134 2137 2138
f 2138 2139 2134
f 2134 2139 2140
f 2134 2140 2141
f 2143 2144 2142
f 2142 2144 2145
f 2146 2147 2148
f 2149 2150 2158
f 2158 2150 2157
f 2157 2150 2151
f 2157 2151 2156
f 2156 2151 2152
f 2156 2152 2155
f 2155 2152 2153
f 2155 2153 2154
f 2159 2160 2168
f 2168 2160 2167
f 2167 2160 2161
f 2167 2161 2166
f 2166 2161 2162
f 2166 2162 2165
f 2165 2162 2163
f 2165 2163 2164
f 2169 2170 2178
f 2178 2170 2177
f 2177 2170 2171
f 2177 2171 2176
f 2176 2171 2172
f 2176 2172 2175
f 2175 2172 2173
f 2175 2173 2174
f 2179 2180 2188
f 2188 2180 2187
f 2187 2180 2181
f 2187 2181 2186
f 2186 2181 2182
f 2186 2182 2185
f 2185 2182 2183
f 2185 2183 2184
f 2196 2189 2195
f 2195 2189 2190
f 2195 2190 2194
f 2194 2190 2191
f 2194 2191 2193
f 2193 2191 2192
f 2197 2198 2206
f 2206 2198 2205
f 2205 2198 2199
f 2205 2199 2204
f 2204 2199 2200
f 2204 2200 2203
f 2203 2200 2201
f 2203 2201 2202
f 2207 2208 2216
f 2216 2208 2215
f 2215 2208 2209
f 2215 2209 2214
f 2214 2209 2210
f 2214 2210 2213
f 2213 2210 2211
f 2213 2211 2212
f 2217 2218 2226
f 2226 2218 2225
f 2225 2218 2219
f 2225 2219 2224
f 2224 2219 2220
f 2224 2220 2223
f 2223 2220 2221
f 2223 2221 2222
f 2227 2228 2236
f 2236 2228 2235
f 2235 2228 2229
f 2235 2229 2234
f 2234 2229 2230
f 2234 2230 2233
f 2233 2230 2231
f 2233 2231 2232
f 2237 2238 2246
f 2246 2238 2245
f 2245 2238 2239
f 2245 2239 2244
f 2244 2239 2240
f 2244 2240 2243
f 2243 2240 2241
f 2243 2241 2242
f 2248 2271 2247
f 2247 2271 2272
f 2247 2272 2266
f 2266 2272 2273
f 2266 2273 2265
f 2265 2273 2274
f 2265 2274 2264
f 2264 2274 2275
f 2264 2275 2276
f 2271 2248 2270
f 2270 2248 2249
f 2270 2249 2269
f 2269 2249 2250
f 2269 2250 2251
f 2269 2251 2268
f 2268 2251 2252
f 2268 2252 2253
f 2253 2254 2268
f 2268 2254 2267
f 2267 2254 2255
f 2267 2255 2286
f 2286 2255 2256
f 2286 2256 2285
f 2285 2256 2257
f 2285 2257 2258
f 2285 2258 2284
f 2284 2258 2259
f 2284 2259 2283
f 2283 2259 2282
f 2282 2259 2260
f 2282 2260 2281
f 2281 2260 2261
f 2281 2261 2262
f 2281 2262 2280
f 2280 2262 2263
f 2280 2263 2279
f 2279 2263 2278
f 2278 2263 2277
f 2277 2263 2264
f 2277 2264 2276
f 2287 2288 2296
f 2296 2288 2295
f 2295 2288 2289
f 2295 2289 2294
f 2294 2289 2290
f 2294 2290 2293
f 2293 2290 2291
f 2293 2291 2292
f 2297 2298 2300
f 2300 2298 2299
f 2310 2302 2309
f 2309 2302 2303
f 2309 2303 2306
f 2306 2303 2305
f 2305 2303 2304
f 2307 2308 2306
f 2306 2308 2309
f 2311 2312 2319
f 2319 2312 2313
f 2319 2313 2316
f 2316 2313 2315
f 2315 2313 2320
f 2317 2318 2316
f 2316 2318 2319
f 2322 2323 2321
f 2321 2323 2324
f 2326 2327 2325
f 2325 2327 2328
f 2329 2330 2338
f 2338 2330 2337
f 2337 2330 2331
f 2337 2331 2336
f 2336 2331 2332
f 2336 2332 2335
f 2335 2332 2333
f 2335 2333 2334
f 2339 2340 2348
f 2348 2340 2347
f 2347 2340 2341
f 2347 2341 2346
f 2346 2341 2342
f 2346 2342 2345
f 2345 2342 2343
f 2345 2343 2344
f 2349 2350 2358
f 2358 2350 2357
f 2357 2350 2351
f 2357 2351 2356
f 2356 2351 2352
f 2356 2352 2355
f 2355 2352 2353
f 2355 2353 2354
f 2359 2360 2368
f 2368 2360 2367
f 2367 2360 2361
f 2367 2361 2366
f 2366 2361 2362
f 2366 2362 2365
f 2365 2362 2363
f 2365 2363 2364
f 2369 2370 2378
f 2378 2370 2377
f 2377 2370 2371
f 2377 2371 2376
f 2376 2371 2372
f 2376 2372 2375
f 2375 2372 2373
f 2375 2373 2374
f 2379 2380 2388
f 2388 2380 2387
f 2387 2380 2381
f 2387 2381 2386
f 2386 2381 2382
f 2386 2382 2385
f 2385 2382 2383
f 2385 2383 2384
f 2389 2390 2398
f 2398 2390 2397
f 2397 2390 2391
f 2397 2391 2396
f 2396 2391 2392
f 2396 2392 2395
f 2395 2392 2393
f 2395 2393 2394
f 2399 2400 2408
f 2408 2400 2407
f 2407 2400 2401
f 2407 2401 2406
f 2406 2401 2402
f 2406 2402 2405
f 2405 2402 2403
f 2405 2403 2404
f 2416 2409 2415
f 2415 2409 2410
f 2415 2410 2414
f 2414 2410 2411
f 2414 2411 2413
f 2413 2411 2412
f 2417 2418 2425
f 2425 2418 2419
f 2425 2419 2422
f 2422 2419 2421
f 2421 2419 2420
f 2425 2422 2424
f 2424 2422 2426
f 2427 2428 2430
f 2430 2428 2429
f 2440 2432 2439
f 2439 2432 2433
f 2439 2433 2436
f 2436 2433 2435
f 2435 2433 2434
f 2437 2438 2436
f 2436 2438 2439
f 2450 2442 2449
f 2449 2442 2443
f 2449 2443 2446
f 2446 2443 2445
f 2445 2443 2444
f 2447 2448 2446
f 2446 2448 2449
f 2458 2451 2457
f 2457 2451 2452
f 2457 2452 2456
f 2456 2452 2453
f 2456 2453 2455
f 2455 2453 2454
f 2459 2460 2466
f 2466 2460 2461
f 2466 2461 2465
f 2465 2461 2462
f 2465 2462 2464
f 2464 2462 2463
f 2467 2468 2475
f 2475 2468 2469
f 2475 2469 2472
f 2472 2469 2471
f 2471 2469 2476
f 2473 2474 2472
f 2472 2474 2475
f 2484 2477 2483
f 2483 2477 2478
f 2483 2478 2482
f 2482 2478 2479
f 2482 2479 2481
f 2481 2479 2480
f 2485 2486 2488
f 2488 2486 2487
f 2489 2490 2533
f 2533 2490 2532
f 2532 2490 2491
f 2532 2491 2531
f 2531 2491 2530
f 2530 2491 2492
f 2530 2492 2529
f 2529 2492 2528
f 2528 2492 2527
f 2527 2492 2493
f 2527 2493 2526
f 2526 2493 2525
f 2525 2493 2524
f 2524 2493 2494
f 2524 2494 2523
f 2523 2494 2522
f 2522 2494 2495
f 2522 2495 2521
f 2521 2495 2496
f 2521 2496 2520
f 2520 2496 2497
f 2520 2497 2498
f 2520 2498 2519
f 2519 2498 2499
f 2519 2499 2518
f 2518 2499 2500
f 2518 2500 2517
f 2517 2500 2501
f 2517 2501 2539
f 2539 2501 2502
f 2539 2502 2538
f 2538 2502 2503
f 2538 2503 2537
f 2537 2503 2536
f 2536 2503 2504
f 2536 2504 2535
f 2535 2504 2505
f 2535 2505 2534
f 2534 2505 2549
f 2549 2505 2506
f 2549 2506 2548
f 2548 2506 2507
f 2548 2507 2547
f 2547 2507 2508
f 2547 2508 2546
f 2546 2508 2509
f 2546 2509 2510
f 2546 2510 2545
f 2545 2510 2511
f 2545 2511 2544
f 2544 2511 2512
f 2544 2512 2543
f 2543 2512 2513
f 2543 2513 2542
f 2542 2513 2514
f 2542 2514 2541
f 2541 2514 2515
f 2541 2515 2516
f 2541 2516 2540
f 2540 2516 2517
f 2540 2517 2539
f 2550 2551 2559
f 2559 2551 2558
f 2558 2551 2552
f 2558 2552 2557
f 2557 2552 2553
f 2557 2553 2556
f 2556 2553 2554
f 2556 2554 2555
f 2560 2561 2569
f 2569 2561 2568
f 2568 2561 2562
f 2568 2562 2567
f 2567 2562 2563
f 2567 2563 2566
f 2566 2563 2564
f 2566 2564 2565
f 2570 2571 2579
f 2579 2571 2578
f 2578 2571 2572
f 2578 2572 2577
f 2577 2572 2573
f 2577 2573 2576
f 2576 2573 2574
f 2576 2574 2575
f 2580 2581 2589
f 2589 2581 2588
f 2588 2581 2582
f 2588 2582 2587
f 2587 2582 2583
f 2587 2583 2586
f 2586 2583 2584
f 2586 2584 2585
f 2590 2591 2648
f 2648 2591 2647
f 2647 2591 2592
f 2647 2592 2646
f 2646 2592 2593
f 2646 2593 2645
f 2645 2593 2594
f 2645 2594 2644
f 2644 2594 2643
f 2643 2594 2595
f 2643 2595 2642
f 2642 2595 2596
f 2642 2596 2641
f 2641 2596 2597
f 2641 2597 2640
f 2640 2597 2598
f 2640 2598 2599
f 2640 2599 2639
f 2639 2599 2600
f 2639 2600 2601
f 2639 2601 2638
f 2638 2601 2602
f 2638 2602 2637
f 2637 2602 2626
f 2637 2626 2636
f 2636 2626 2627
f 2636 2627 2635
f 2635 2627 2634
f 2634 2627 2628
f 2634 2628 2633
f 2633 2628 2629
f 2633 2629 2630
f 2626 2602 2625
f 2625 2602 2603
f 2625 2603 2624
f 2624 2603 2604
f 2624 2604 2623
f 2623 2604 2605
f 2623 2605 2606
f 2606 2607 2623
f 2623 2607 2622
f 2622 2607 2608
f 2622 2608 2621
f 2621 2608 2609
f 2621 2609 2620
f 2620 2609 2610
f 2620 2610 2619
f 2619 2610 2618
f 2618 2610 2611
f 2618 2611 2617
f 2617 2611 2612
f 2617 2612 2616
f 2616 2612 2613
f 2616 2613 2615
f 2615 2613 2614
f 2630 2631 2633
f 2633 2631 2632
f 2649 2650 2658
f 2658 2650 2657
f 2657 2650 2651
f 2657 2651 2656
f 2656 2651 2652
f 2656 2652 2655
f 2655 2652 2653
f 2655 2653 2654
f 2659 2660 2668
f 2668 2660 2667
f 2667 2660 2661
f 2667 2661 2666
f 2666 2661 2662
f 2666 2662 2665
f 2665 2662 2663
f 2665 2663 2664
f 2669 2670 2678
f 2678 2670 2677
f 2677 2670 2671
f 2677 2671 2676
f 2676 2671 2672
f 2676 2672 2675
f 2675 2672 2673
f 2675 2673 2674
f 2680 2681 2679
f 2679 2681 2682
f 2690 2683 2689
f 2689 2683 2684
f 2689 2684 2688
f 2688 2684 2685
f 2688 2685 2687
f 2687 2685 2686
f 2700 2692 2699
f 2699 2692 2693
f 2699 2693 2696
f 2696 2693 2695
f 2695 2693 2694
f 2697 2698 2696
f 2696 2698 2699
f 2701 2702 2709
f 2709 2702 2703
f 2709 2703 2706
f 2706 2703 2705
f 2705 2703 2704
f 2709 2706 2708
f 2708 2706 2710
f 2718 2711 2717
f 2717 2711 2712
f 2717 2712 2716
f 2716 2712 2713
f 2716 2713 2715
f 2715 2713 2714
f 2719 2720 2726
f 2726 2720 2721
f 2726 2721 2725
f 2725 2721 2722
f 2725 2722 2724
f 2724 2722 2723
f 2734 2727 2733
f 2733 2727 2728
f 2733 2728 2732
f 2732 2728 2729
f 2732 2729 2731
f 2731 2729 2730
f 2735 2736 2742
f 2742 2736 2737
f 2742 2737 2741
f 2741 2737 2738
f 2741 2738 2740
f 2740 2738 2739
f 2743 2744 2752
f 2752 2744 2751
f 2751 2744 2745
f 2751 2745 2750
f 2750 2745 2746
f 2750 2746 2749
f 2749 2746 2747
f 2749 2747 2748
f 2753 2754 2762
f 2762 2754 2761
f 2761 2754 2755
f 2761 2755 2760
f 2760 2755 2756
f 2760 2756 2759
f 2759 2756 2757
f 2759 2757 2758
f 2763 2764 2772
f 2772 2764 2771
f 2771 2764 2765
f 2771 2765 2770
f 2770 2765 2766
f 2770 2766 2769
f 2769 2766 2767
f 2769 2767 2768
f 2773 2774 2782
f 2782 2774 2781
f 2781 2774 2775
f 2781 2775 2780
f 2780 2775 2776
f 2780 2776 2779
f 2779 2776 2777
f 2779 2777 2778
f 2783 2784 2786
f 2786 2784 2785
f 2787 2788 2796
f 2796 2788 2795
f 2795 2788 2789
f 2795 2789 2794
f 2794 2789 2790
f 2794 2790 2793
f 2793 2790 2791
f 2793 2791 2792
f 2797 2798 2800
f 2800 2798 2799
f 2808 2801 2807
f 2807 2801 2802
f 2807 2802 2806
f 2806 2802 2803
f 2806 2803 2805
f 2805 2803 2804
f 2809 2810 2816
f 2816 2810 2811
f 2816 2811 2815
f 2815 2811 2812
f 2815 2812 2814
f 2814 2812 2813
f 2817 2818 2824
f 2824 2818 2819
f 2824 2819 2823
f 2823 2819 2820
f 2823 2820 2822
f 2822 2820 2821
f 2832 2825 2831
f 2831 2825 2826
f 2831 2826 2830
f 2830 2826 2827
f 2830 2827 2829
f 2829 2827 2828
f 2840 2833 2839
f 2839 2833 2834
f 2839 2834 2838
f 2838 2834 2835
f 2838 2835 2837
f 2837 2835 2836
f 2841 2842 2850
f 2850 2842 2849
f 2849 2842 2843
f 2849 2843 2848
f 2848 2843 2844
f 2848 2844 2847
f 2847 2844 2845
f 2847 2845 2846
f 2851 2852 2854
f 2854 2852 2853
f 2855 2856 2864
f 2864 2856 2863
f 2863 2856 2857
f 2863 2857 2862
f 2862 2857 2858
f 2862 2858 2861
f 2861 2858 2859
f 2861 2859 2860
f 2866 2867 2865
f 2865 2867 2868
f 2869 2870 2876
f 2876 2870 2871
f 2876 2871 2875
f 2875 2871 2872
f 2875 2872 2874
f 2874 2872 2873
f 2884 2877 2883
f 2883 2877 2878
f 2883 2878 2882
f 2882 2878 2879
f 2882 2879 2881
f 2881 2879 2880
f 2892 2885 2891
f 2891 2885 2886
f 2891 2886 2890
f 2890 2886 2887
f 2890 2887 2889
f 2889 2887 2888
f 2893 2894 2902
f 2902 2894 2901
f 2901 2894 2895
f 2901 2895 2900
f 2900 2895 2896
f 2900 2896 2899
f 2899 2896 2897
f 2899 2897 2898
f 2903 2904 2906
f 2906 2904 2905
f 2907 2908 2914
f 2914 2908 2909
f 2914 2909 2913
f 2913 2909 2910
f 2913 2910 2912
f 2912 2910 2911
f 2915 2916 2922
f 2922 2916 2917
f 2922 2917 2921
f 2921 2917 2918
f 2921 2918 2920
f 2920 2918 2919
f 2924 2925 2923
f 2923 2925 2926
f 2928 2929 2927
f 2927 2929 2930
f 2932 2933 2931
f 2931 2933 2934
f 2936 2937 2935
f 2935 2937 2938
f 2940 2978 2939
f 2939 2978 2979
f 2939 2979 2980
f 2941 3063 2940
f 2940 3063 2976
f 2940 2976 2977
f 2942 3044 2941
f 2941 3044 3045
f 2941 3045 3046
f 2939 3055 2942
f 2942 3055 3031
f 2942 3031 3032
f 2944 3055 2943
f 2943 3055 2939
f 2943 2939 2987
f 2987 2939 2986
f 2986 2939 2985
f 2985 2939 2984
f 2984 2939 2983
f 2983 2939 2982
f 2982 2939 2981
f 2981 2939 2980
f 3055 2944 3054
f 3054 2944 2945
f 3054 2945 2946
f 3054 2946 3053
f 3053 2946 2947
f 3053 2947 3052
f 3052 2947 2969
f 3052 2969 2970
f 2947 2948 2969
f 2969 2948 2968
f 2968 2948 2949
f 2968 2949 2961
f 2961 2949 2950
f 2961 2950 2951
f 2961 2951 2960
f 2960 2951 2952
f 2960 2952 2953
f 2954 2958 2953
f 2953 2958 2959
f 2953 2959 2960
f 2955 2956 2954
f 2954 2956 2957
f 2954 2957 2958
f 2961 2962 2968
f 2968 2962 2967
f 2967 2962 2966
f 2966 2962 2963
f 2966 2963 2965
f 2965 2963 2964
f 3052 2970 3051
f 3051 2970 2971
f 3051 2971 3050
f 3050 2971 2972
f 3050 2972 3049
f 3049 2972 2973
f 3049 2973 3048
f 3048 2973 2974
f 3048 2974 3047
f 3047 2974 2975
f 3047 2975 3066
f 3066 2975 3065
f 3065 2975 2976
f 3065 2976 3064
f 3064 2976 3063
f 2977 2978 2940
f 2989 3063 2988
f 2988 3063 2941
f 2988 2941 3046
f 3063 2989 3062
f 3062 2989 2990
f 3062 2990 2991
f 3062 2991 3061
f 3061 2991 2992
f 3061 2992 3060
f 3060 2992 2993
f 3060 2993 3009
f 3009 2993 3003
f 3009 3003 3004
f 2994 3000 2993
f 2993 3000 3001
f 2993 3001 3002
f 3000 2994 2999
f 2999 2994 2995
f 2999 2995 2998
f 2998 2995 2996
f 2998 2996 2997
f 3002 3003 2993
f 3005 3006 3004
f 3004 3006 3007
f 3004 3007 3008
f 3008 3009 3004
f 3060 3009 3059
f 3059 3009 3010
f 3059 3010 3058
f 3058 3010 3026
f 3058 3026 3027
f 3026 3010 3015
f 3015 3010 3011
f 3015 3011 3012
f 3012 3013 3015
f 3015 3013 3014
f 3015 3016 3026
f 3026 3016 3017
f 3026 3017 3018
f 3026 3018 3025
f 3025 3018 3019
f 3025 3019 3024
f 3024 3019 3020
f 3024 3020 3021
f 3022 3023 3021
f 3021 3023 3024
f 3058 3027 3057
f 3057 3027 3028
f 3057 3028 3056
f 3056 3028 3029
f 3056 3029 3030
f 3056 3030 3055
f 3055 3030 3031
f 3032 3033 2942
f 2942 3033 3034
f 2942 3034 3035
f 3035 3036 2942
f 2942 3036 3041
f 2942 3041 3042
f 3036 3037 3041
f 3041 3037 3040
f 3040 3037 3038
f 3040 3038 3039
f 3042 3043 2942
f 2942 3043 3044
v -0.030216709 -0.0043740632 0.12667064
v -0.030216709 -0.0043699059 0.12668143
v -0.030216709 -0.0043603122 0.12668816
v -0.030216709 -0.0043490621 0.12669161
v -0.030216709 -0.0043373288 0.12669256
v -0.030214709 -0.0043373288 0.12669256
v -0.030214709 -0.0043490621 0.12669161
v -0.030214709 -0.0043603122 0.12668816
v -0.030214709 -0.0043699059 0.12668143
v -0.030214709 -0.0043740632 0.12667064
v -0.030216709 -0.0043373288 0.12669256
v -0.030216709 -0.0043242549 0.12669152
v -0.030216709 -0.0043118407 0.1266874
v -0.030216709 -0.0043020893 0.12667876
v -0.030216709 -0.0042979706 0.12666648
v -0.030214709 -0.0042979706 0.12666648
v -0.030214709 -0.0043020893 0.12667876
v -0.030214709 -0.0043118407 0.1266874
v -0.030214709 -0.0043242549 0.12669152
v -0.030214709 -0.0043373288 0.12669256
v -0.030216709 -0.0043564677 0.12655524
v -0.030216709 -0.004336095 0.12655086
v -0.030216709 -0.0043153324 0.12654887
v -0.030216709 -0.0042944945 0.12654792
v -0.030216709 -0.0042736353 0.12654768
v -0.030216709 -0.0042460494 0.12654812
v -0.030216709 -0.0042185226 0.12654994
v -0.030216709 -0.0041915875 0.12655556
v -0.030216709 -0.0041732075 0.12657402
v -0.030216709 -0.0041916245 0.12659243
v -0.030216709 -0.0042185434 0.12659807
v -0.030216709 -0.0042460579 0.12659993
v -0.030216709 -0.0042736353 0.12660037
v -0.030216709 -0.0043012969 0.12659991
v -0.030216709 -0.0043288992 0.12659809
v -0.030216709 -0.0043559275 0.12659252
v -0.030216709 -0.0043740632 0.12657387
v -0.030216709 -0.0043724114 0.12656735
v -0.030216709 -0.0043681054 0.12656214
v -0.030216709 -0.0043625697 0.12655822
v -0.030216709 -0.0043345506 0.12664646
v -0.030216709 -0.0043470785 0.12664825
v -0.030216709 -0.0043591533 0.12665199
v -0.030216709 -0.0043695271 0.1266591
v -0.030216709 -0.0043740632 0.12667064
v -0.030214709 -0.0043740632 0.12667064
v -0.030214709 -0.0043695271 0.1266591
v -0.030214709 -0.0043591533 0.12665199
v -0.030214709 -0.0043470785 0.12664825
v -0.030214709 -0.0043345506 0.12664646
v -0.030216709 -0.0042979706 0.12666648
v -0.030216709 -0.0042980213 0.12666583
v -0.030216709 -0.0042980956 0.12666518
v -0.030216709 -0.0042982039 0.12666454
v -0.030216709 -0.0042983307 0.1266639
v -0.030214709 -0.0042983307 0.1266639
v -0.030214709 -0.0042982039 0.12666454
v -0.030214709 -0.0042980956 0.12666518
v -0.030214709 -0.0042980213 0.12666583
v -0.030214709 -0.0042979706 0.12666648
v -0.030216709 -0.0043564677 0.12655524
v -0.030216709 -0.0043625697 0.12655822
v -0.030216709 -0.0043681054 0.12656214
v -0.030216709 -0.0043724114 0.12656735
v -0.030216709 -0.0043740632 0.12657387
v -0.030214709 -0.0043740632 0.12657387
v -0.030214709 -0.0043724114 0.12656735
v -0.030214709 -0.0043681054 0.12656214
v -0.030214709 -0.0043625697 0.12655822
v -0.030214709 -0.0043564677 0.12655524
v -0.030216709 -0.0043378433 0.12663
v -0.030216709 -0.0043345506 0.12664646
v -0.030214709 -0.0043345506 0.12664646
v -0.030214709 -0.0043378433 0.12663
v -0.030216709 -0.0042983307 0.1266639
v -0.030216709 -0.0042686963 0.1266621
v -0.030214709 -0.0042686963 0.1266621
v -0.030214709 -0.0042983307 0.1266639
v -0.030216709 -0.0043740632 0.12657387
v -0.030216709 -0.0043559275 0.12659252
v -0.030216709 -0.0043288992 0.12659809
v -0.030216709 -0.0043012969 0.12659991
v -0.030216709 -0.0042736353 0.12660037
v -0.030214709 -0.0042736353 0.12660037
v -0.030214709 -0.0043012969 0.12659991
v -0.030214709 -0.0043288992 0.12659809
v -0.030214709 -0.0043559275 0.12659252
v -0.030214709 -0.0043740632 0.12657387
v -0.030216709 -0.0042851598 0.12647555
v -0.030216709 -0.0042779902 0.12646164
v -0.030216709 -0.0042639459 0.12645375
v -0.030216709 -0.004248249 0.12644992
v -0.030216709 -0.0042321162 0.1264489
v -0.030216709 -0.0042145044 0.12645013
v -0.030216709 -0.0041972696 0.12645392
v -0.030216709 -0.0041812756 0.12646127
v -0.030216709 -0.0041732075 0.12647622
v -0.030216709 -0.0041810723 0.12649067
v -0.030216709 -0.0041965585 0.12649771
v -0.030216709 -0.0042133518 0.12650078
v -0.030216709 -0.0042304184 0.12650158
v -0.030216709 -0.004247094 0.12650076
v -0.030216709 -0.0042634742 0.1264976
v -0.030216709 -0.0042783244 0.12649019
v -0.030216709 -0.0043147943 0.12648008
v -0.030216709 -0.0043111795 0.12646854
v -0.030216709 -0.004302804 0.12645969
v -0.030216709 -0.0042923155 0.12645341
v -0.030216709 -0.004280941 0.1264489
v -0.030214709 -0.004280941 0.1264489
v -0.030214709 -0.0042923155 0.12645341
v -0.030214709 -0.004302804 0.12645969
v -0.030214709 -0.0043111795 0.12646854
v -0.030214709 -0.0043147943 0.12648008
v -0.030216709 -0.0044036976 0.12667008
v -0.030216709 -0.0043959149 0.12665111
v -0.030216709 -0.0043785928 0.12663946
v -0.030216709 -0.0043586051 0.12663311
v -0.030216709 -0.0043378433 0.12663
v -0.030214709 -0.0043378433 0.12663
v -0.030214709 -0.0043586051 0.12663311
v -0.030214709 -0.0043785928 0.12663946
v -0.030214709 -0.0043959149 0.12665111
v -0.030214709 -0.0044036976 0.12667008
v -0.030216709 -0.0042686963 0.1266621
v -0.030216709 -0.0042700044 0.1266648
v -0.030216709 -0.0042710853 0.1266676
v -0.030216709 -0.0042718898 0.12667049
v -0.030216709 -0.0042721948 0.12667347
v -0.030214709 -0.0042721948 0.12667347
v -0.030214709 -0.0042718898 0.12667049
v -0.030214709 -0.0042710853 0.1266676
v -0.030214709 -0.0042700044 0.1266648
v -0.030214709 -0.0042686963 0.1266621
v -0.030216709 -0.0042736353 0.12660037
v -0.030216709 -0.0042460579 0.12659993
v -0.030216709 -0.0042185434 0.12659807
v -0.030216709 -0.0041916245 0.12659243
v -0.030216709 -0.0041732075 0.12657402
v -0.030214709 -0.0041732075 0.12657402
v -0.030214709 -0.0041916245 0.12659243
v -0.030214709 -0.0042185434 0.12659807
v -0.030214709 -0.0042460579 0.12659993
v -0.030214709 -0.0042736353 0.12660037
v -0.030231709 -0.0045168657 0.12575085
v -0.030231709 -0.0045243657 0.12575286
v -0.030231709 -0.0045298561 0.12575835
v -0.030231709 -0.0045318657 0.12576585
v -0.030501709 -0.0045318657 0.12576585
v -0.030501709 -0.0045298561 0.12575835
v -0.030501709 -0.0045243657 0.12575286
v -0.030501709 -0.0045168657 0.12575085
v -0.030216709 -0.0042314474 0.12651805
v -0.030216709 -0.004256171 0.12651663
v -0.030216709 -0.0042803606 0.12651141
v -0.030216709 -0.0043025283 0.12650054
v -0.030216709 -0.0043147943 0.12648008
v -0.030214709 -0.0043147943 0.12648008
v -0.030214709 -0.0043025283 0.12650054
v -0.030214709 -0.0042803606 0.12651141
v -0.030214709 -0.004256171 0.12651663
v -0.030214709 -0.0042314474 0.12651805
v -0.030216709 -0.0042851598 0.12647555
v -0.030216709 -0.0042783244 0.12649019
v -0.030216709 -0.0042634742 0.1264976
v -0.030216709 -0.004247094 0.12650076
v -0.030216709 -0.0042304184 0.12650158
v -0.030214709 -0.0042304184 0.12650158
v -0.030214709 -0.004247094 0.12650076
v -0.030214709 -0.0042634742 0.1264976
v -0.030214709 -0.0042783244 0.12649019
v -0.030214709 -0.0042851598 0.12647555
v -0.030216709 -0.004280941 0.1264489
v -0.030216709 -0.0043027964 0.12644938
v -0.030216709 -0.0043245878 0.12645107
v -0.030216709 -0.004346036 0.12645519
v -0.030216709 -0.0043664488 0.12646289
v -0.030214709 -0.0043664488 0.12646289
v -0.030214709 -0.004346036 0.12645519
v -0.030214709 -0.0043245878 0.12645107
v -0.030214709 -0.0043027964 0.12644938
v -0.030214709 -0.004280941 0.1264489
v -0.030216709 -0.0043384092 0.12670902
v -0.030216709 -0.0043591557 0.12670711
v -0.030216709 -0.0043790601 0.12670101
v -0.030216709 -0.0043959105 0.12668894
v -0.030216709 -0.0044036976 0.12667008
v -0.030214709 -0.0044036976 0.12667008
v -0.030214709 -0.0043959105 0.12668894
v -0.030214709 -0.0043790601 0.12670101
v -0.030214709 -0.0043591557 0.12670711
v -0.030214709 -0.0043384092 0.12670902
v -0.030216709 -0.0042721948 0.12667347
v -0.030216709 -0.0042661988 0.12668661
v -0.030216709 -0.0042535548 0.12669428
v -0.030216709 -0.0042392145 0.12669809
v -0.030216709 -0.0042243989 0.12669915
v -0.030214709 -0.0042243989 0.12669915
v -0.030214709 -0.0042392145 0.12669809
v -0.030214709 -0.0042535548 0.12669428
v -0.030214709 -0.0042661988 0.12668661
v -0.030214709 -0.0042721948 0.12667347
v -0.030214709 -0.0042735324 0.12653122
v -0.030214709 -0.0042469091 0.12653173
v -0.030214709 -0.0042203386 0.12653346
v -0.030214709 -0.0041939738 0.12653715
v -0.030214709 -0.0041683199 0.12654418
v -0.030214709 -0.0041592096 0.12654897
v -0.030214709 -0.0041512149 0.12655543
v -0.030214709 -0.004145531 0.12656396
v -0.030214709 -0.004143573 0.12657402
v -0.030214709 -0.0041646485 0.12660176
v -0.030214709 -0.0041999787 0.12661199
v -0.030214709 -0.0042366521 0.12661588
v -0.030214709 -0.0042735324 0.12661683
v -0.030214709 -0.0043105164 0.12661594
v -0.030214709 -0.0043472695 0.12661185
v -0.030214709 -0.0043829283 0.12660235
v -0.030214709 -0.0044036976 0.12657402
v -0.030214709 -0.004382558 0.12654627
v -0.030214709 -0.0043471818 0.12653603
v -0.030214709 -0.0043104595 0.12653216
v -0.030214709 -0.0041732075 0.12657402
v -0.030214709 -0.0041915875 0.12655556
v -0.030214709 -0.0042185226 0.12654994
v -0.030214709 -0.0042460494 0.12654812
v -0.030214709 -0.0042736353 0.12654768
v -0.030214709 -0.0042944945 0.12654792
v -0.030214709 -0.0043153324 0.12654887
v -0.030214709 -0.004336095 0.12655086
v -0.030214709 -0.0043564677 0.12655524
v -0.030214709 -0.0043625697 0.12655822
v -0.030214709 -0.0043681054 0.12656214
v -0.030214709 -0.0043724114 0.12656735
v -0.030214709 -0.0043740632 0.12657387
v -0.030214709 -0.0043559275 0.12659252
v -0.030214709 -0.0043288992 0.12659809
v -0.030214709 -0.0043012969 0.12659991
v -0.030214709 -0.0042736353 0.12660037
v -0.030214709 -0.0042460579 0.12659993
v -0.030214709 -0.0042185434 0.12659807
v -0.030214709 -0.0041916245 0.12659243
v -0.030216709 -0.0041732075 0.12657402
v -0.030216709 -0.0041915875 0.12655556
v -0.030216709 -0.0042185226 0.12654994
v -0.030216709 -0.0042460494 0.12654812
v -0.030216709 -0.0042736353 0.12654768
v -0.030214709 -0.0042736353 0.12654768
v -0.030214709 -0.0042460494 0.12654812
v -0.030214709 -0.0042185226 0.12654994
v -0.030214709 -0.0041915875 0.12655556
v -0.030214709 -0.0041732075 0.12657402
v -0.030516709 -0.0037468658 0.12695085
v -0.030516709 -0.0045168658 0.12695085
v -0.030516709 -0.0045168658 0.12733585
v -0.030516709 -0.0037468658 0.12733585
v -0.030216709 -0.0045168658 0.12733585
v -0.030218719 -0.0045168658 0.12734335
v -0.030224209 -0.0045168658 0.12734884
v -0.030231709 -0.0045168658 0.12735085
v -0.030231709 -0.0045243658 0.12734884
v -0.030231709 -0.0045298562 0.12734335
v -0.030231709 -0.0045318658 0.12733585
v -0.030224209 -0.0045298562 0.12733585
v -0.030218719 -0.0045243658 0.12733585
v -0.030216709 -0.0045168658 0.12733585
v -0.030501709 -0.0045318657 0.12576585
v -0.030509209 -0.0045298561 0.12576585
v -0.030514699 -0.0045243657 0.12576585
v -0.030516709 -0.0045168657 0.12576585
v -0.030514699 -0.0045168657 0.12575835
v -0.030509209 -0.0045168657 0.12575286
v -0.030501709 -0.0045168657 0.12575085
v -0.030501709 -0.0045243657 0.12575286
v -0.030501709 -0.0045298561 0.12575835
v -0.030516709 -0.0045168657 0.12576585
v -0.030231709 -0.0045318657 0.12615085
v -0.030501709 -0.0045318657 0.12615085
v -0.030501709 -0.0045318657 0.12576585
v -0.030231709 -0.0045318657 0.12576585
v -0.030501709 -0.0045318658 0.12695085
v -0.030231709 -0.0045318658 0.12695085
v -0.030231709 -0.0045318658 0.12733585
v -0.030501709 -0.0045318658 0.12733585
v -0.030216709 -0.004143573 0.12647745
v -0.030216709 -0.0041561033 0.12649947
v -0.030216709 -0.0041796342 0.12651082
v -0.030216709 -0.004205269 0.12651635
v -0.030216709 -0.0042314474 0.12651805
v -0.030214709 -0.0042314474 0.12651805
v -0.030214709 -0.004205269 0.12651635
v -0.030214709 -0.0041796342 0.12651082
v -0.030214709 -0.0041561033 0.12649947
v -0.030214709 -0.004143573 0.12647745
v -0.030216709 -0.0042304184 0.12650158
v -0.030216709 -0.0042133518 0.12650078
v -0.030216709 -0.0041965585 0.12649771
v -0.030216709 -0.0041810723 0.12649067
v -0.030216709 -0.0041732075 0.12647622
v -0.030214709 -0.0041732075 0.12647622
v -0.030214709 -0.0041810723 0.12649067
v -0.030214709 -0.0041965585 0.12649771
v -0.030214709 -0.0042133518 0.12650078
v -0.030214709 -0.0042304184 0.12650158
v -0.030216709 -0.0043664488 0.12646289
v -0.030216709 -0.004369328 0.12646593
v -0.030216709 -0.0043717405 0.12646934
v -0.030216709 -0.0043734575 0.12647317
v -0.030216709 -0.0043740632 0.1264773
v -0.030214709 -0.0043740632 0.1264773
v -0.030214709 -0.0043734575 0.12647317
v -0.030214709 -0.0043717405 0.12646934
v -0.030214709 -0.004369328 0.12646593
v -0.030214709 -0.0043664488 0.12646289
v -0.030216709 -0.004287475 0.12669148
v -0.030216709 -0.004298307 0.12670003
v -0.030216709 -0.0043110632 0.12670534
v -0.030216709 -0.0043245976 0.1267082
v -0.030216709 -0.0043384092 0.12670902
v -0.030214709 -0.0043384092 0.12670902
v -0.030214709 -0.0043245976 0.1267082
v -0.030214709 -0.0043110632 0.12670534
v -0.030214709 -0.004298307 0.12670003
v -0.030214709 -0.004287475 0.12669148
v -0.030216709 -0.0042243989 0.12669915
v -0.030216709 -0.0042084978 0.1266981
v -0.030216709 -0.004193026 0.12669431
v -0.030216709 -0.0041792944 0.1266864
v -0.030216709 -0.0041732075 0.12667214
v -0.030214709 -0.0041732075 0.12667214
v -0.030214709 -0.0041792944 0.1266864
v -0.030214709 -0.004193026 0.12669431
v -0.030214709 -0.0042084978 0.1266981
v -0.030214709 -0.0042243989 0.12669915
v -0.030216709 -0.004143573 0.12657402
v -0.030216709 -0.0041646485 0.12660176
v -0.030216709 -0.0041999787 0.12661199
v -0.030216709 -0.0042366521 0.12661588
v -0.030216709 -0.0042735324 0.12661683
v -0.030214709 -0.0042735324 0.12661683
v -0.030214709 -0.0042366521 0.12661588
v -0.030214709 -0.0041999787 0.12661199
v -0.030214709 -0.0041646485 0.12660176
v -0.030214709 -0.004143573 0.12657402
v -0.030216709 -0.0042736353 0.12654768
v -0.030216709 -0.0042944945 0.12654792
v -0.030216709 -0.0043153324 0.12654887
v -0.030216709 -0.004336095 0.12655086
v -0.030216709 -0.0043564677 0.12655524
v -0.030214709 -0.0043564677 0.12655524
v -0.030214709 -0.004336095 0.12655086
v -0.030214709 -0.0043153324 0.12654887
v -0.030214709 -0.0042944945 0.12654792
v -0.030214709 -0.0042736353 0.12654768
v -0.030216709 -0.0042735324 0.12661683
v -0.030216709 -0.0043105164 0.12661594
v -0.030216709 -0.0043472695 0.12661185
v -0.030216709 -0.0043829283 0.12660235
v -0.030216709 -0.0044036976 0.12657402
v -0.030214709 -0.0044036976 0.12657402
v -0.030214709 -0.0043829283 0.12660235
v -0.030214709 -0.0043472695 0.12661185
v -0.030214709 -0.0043105164 0.12661594
v -0.030214709 -0.0042735324 0.12661683
v -0.030231709 -0.0045318658 0.12733585
v -0.030231709 -0.0045298562 0.12734335
v -0.030231709 -0.0045243658 0.12734884
v -0.030231709 -0.0045168658 0.12735085
v -0.030501709 -0.0045168658 0.12735085
v -0.030501709 -0.0045243658 0.12734884
v -0.030501709 -0.0045298562 0.12734335
v -0.030501709 -0.0045318658 0.12733585
v -0.030501709 -0.0045318658 0.12733585
v -0.030501709 -0.0045298562 0.12734335
v -0.030501709 -0.0045243658 0.12734884
v -0.030501709 -0.0045168658 0.12735085
v -0.030509209 -0.0045168658 0.12734884
v -0.030514699 -0.0045168658 0.12734335
v -0.030516709 -0.0045168658 0.12733585
v -0.030514699 -0.0045243658 0.12733585
v -0.030509209 -0.0045298562 0.12733585
v -0.030516709 -0.0045168658 0.12733585
v -0.030516709 -0.0045168657 0.12615085
v -0.030516709 -0.0037468657 0.12615085
v -0.030516709 -0.0037468657 0.12576585
v -0.030516709 -0.0045168657 0.12576585
v -0.030516709 -0.0037468658 0.12733585
v -0.030514699 -0.0037468658 0.12734335
v -0.030509209 -0.0037468658 0.12734884
v -0.030501709 -0.0037468658 0.12735085
v -0.030501709 -0.0037393658 0.12734884
v -0.030501709 -0.0037338754 0.12734335
v -0.030501709 -0.0037318658 0.12733585
v -0.030509209 -0.0037338754 0.12733585
v -0.030514699 -0.0037393658 0.12733585
v -0.030516709 -0.0037468658 0.12733585
v -0.030216709 -0.0037468658 0.12733585
v -0.030218719 -0.0037393658 0.12733585
v -0.030224209 -0.0037338754 0.12733585
v -0.030231709 -0.0037318658 0.12733585
v -0.030231709 -0.0037338754 0.12734335
v -0.030231709 -0.0037393658 0.12734884
v -0.030231709 -0.0037468658 0.12735085
v -0.030224209 -0.0037468658 0.12734884
v -0.030218719 -0.0037468658 0.12734335
v -0.030216709 -0.0037468658 0.12733585
v -0.030216709 -0.0037468658 0.12733585
v -0.030218719 -0.0037468658 0.12734335
v -0.030224209 -0.0037468658 0.12734884
v -0.030231709 -0.0037468658 0.12735085
v -0.030231709 -0.0045168658 0.12735085
v -0.030224209 -0.0045168658 0.12734884
v -0.030218719 -0.0045168658 0.12734335
v -0.030216709 -0.0045168658 0.12733585
v -0.030516709 -0.0045168658 0.12733585
v -0.030516709 -0.0045168658 0.12695085
v -0.030514699 -0.0045243658 0.12695085
v -0.030509209 -0.0045298562 0.12695085
v -0.030501709 -0.0045318658 0.12695085
v -0.030501709 -0.0045318658 0.12733585
v -0.030509209 -0.0045298562 0.12733585
v -0.030514699 -0.0045243658 0.12733585
v -0.030231709 -0.0045168657 0.12575085
v -0.030224209 -0.0045168657 0.12575286
v -0.030218719 -0.0045168657 0.12575835
v -0.030216709 -0.0045168657 0.12576585
v -0.030218719 -0.0045243657 0.12576585
v -0.030224209 -0.0045298561 0.12576585
v -0.030231709 -0.0045318657 0.12576585
v -0.030231709 -0.0045298561 0.12575835
v -0.030231709 -0.0045243657 0.12575286
v -0.030216709 -0.0045168657 0.12576585
v -0.030516709 -0.0045168657 0.12615085
v -0.030514699 -0.0045243658 0.12615085
v -0.030509209 -0.0045298561 0.12615085
v -0.030501709 -0.0045318657 0.12615085
v -0.030501709 -0.0045318658 0.12695085
v -0.030509209 -0.0045298562 0.12695085
v -0.030514699 -0.0045243658 0.12695085
v -0.030516709 -0.0045168658 0.12695085
v -0.030231709 -0.0037468657 0.12575085
v -0.030231709 -0.0045168657 0.12575085
v -0.030501709 -0.0045168657 0.12575085
v -0.030501709 -0.0037468657 0.12575085
v -0.030214709 -0.0043378433 0.12651475
v -0.030214709 -0.0043582133 0.1265124
v -0.030214709 -0.0043779877 0.12650704
v -0.030214709 -0.0043954788 0.12649654
v -0.030214709 -0.0044036976 0.12647838
v -0.030214709 -0.0044011945 0.12646718
v -0.030214709 -0.0043942403 0.12645801
v -0.030214709 -0.0043849161 0.12645122
v -0.030214709 -0.0043745262 0.12644617
v -0.030214709 -0.0043483997 0.12643867
v -0.030214709 -0.0043214644 0.12643482
v -0.030214709 -0.0042943128 0.12643296
v -0.030214709 -0.0042671013 0.12643244
v -0.030214709 -0.0042315856 0.1264335
v -0.030214709 -0.0041963383 0.12643786
v -0.030214709 -0.0041629969 0.12644969
v -0.030214709 -0.004143573 0.12647745
v -0.030214709 -0.0041561033 0.12649947
v -0.030214709 -0.0041796342 0.12651082
v -0.030214709 -0.004205269 0.12651635
v -0.030214709 -0.0042314474 0.12651805
v -0.030214709 -0.004256171 0.12651663
v -0.030214709 -0.0042803606 0.12651141
v -0.030214709 -0.0043025283 0.12650054
v -0.030214709 -0.0043147943 0.12648008
v -0.030214709 -0.0043111795 0.12646854
v -0.030214709 -0.004302804 0.12645969
v -0.030214709 -0.0042923155 0.12645341
v -0.030214709 -0.004280941 0.1264489
v -0.030214709 -0.0043027964 0.12644938
v -0.030214709 -0.0043245878 0.12645107
v -0.030214709 -0.004346036 0.12645519
v -0.030214709 -0.0043664488 0.12646289
v -0.030214709 -0.004369328 0.12646593
v -0.030214709 -0.0043717405 0.12646934
v -0.030214709 -0.0043734575 0.12647317
v -0.030214709 -0.0043740632 0.1264773
v -0.030214709 -0.0043728933 0.12648245
v -0.030214709 -0.004369748 0.12648672
v -0.030214709 -0.0043655734 0.12649
v -0.030214709 -0.0043608923 0.12649253
v -0.030214709 -0.0043545189 0.12649479
v -0.030214709 -0.004347933 0.12649633
v -0.030214709 -0.0043412565 0.12649741
v -0.030214709 -0.0043345506 0.12649829
v -0.030214709 -0.0041732075 0.12647622
v -0.030214709 -0.0041812756 0.12646127
v -0.030214709 -0.0041972696 0.12645392
v -0.030214709 -0.0042145044 0.12645013
v -0.030214709 -0.0042321162 0.1264489
v -0.030214709 -0.004248249 0.12644992
v -0.030214709 -0.0042639459 0.12645375
v -0.030214709 -0.0042779902 0.12646164
v -0.030214709 -0.0042851598 0.12647555
v -0.030214709 -0.0042783244 0.12649019
v -0.030214709 -0.0042634742 0.1264976
v -0.030214709 -0.004247094 0.12650076
v -0.030214709 -0.0042304184 0.12650158
v -0.030214709 -0.0042133518 0.12650078
v -0.030214709 -0.0041965585 0.12649771
v -0.030214709 -0.0041810723 0.12649067
v -0.030216709 -0.0042671013 0.12643244
v -0.030216709 -0.0042315856 0.1264335
v -0.030216709 -0.0041963383 0.12643786
v -0.030216709 -0.0041629969 0.12644969
v -0.030216709 -0.004143573 0.12647745
v -0.030214709 -0.004143573 0.12647745
v -0.030214709 -0.0041629969 0.12644969
v -0.030214709 -0.0041963383 0.12643786
v -0.030214709 -0.0042315856 0.1264335
v -0.030214709 -0.0042671013 0.12643244
v -0.030216709 -0.0041732075 0.12647622
v -0.030216709 -0.0041812756 0.12646127
v -0.030216709 -0.0041972696 0.12645392
v -0.030216709 -0.0042145044 0.12645013
v -0.030216709 -0.0042321162 0.1264489
v -0.030214709 -0.0042321162 0.1264489
v -0.030214709 -0.0042145044 0.12645013
v -0.030214709 -0.0041972696 0.12645392
v -0.030214709 -0.0041812756 0.12646127
v -0.030214709 -0.0041732075 0.12647622
v -0.030216709 -0.0043740632 0.1264773
v -0.030216709 -0.0043728933 0.12648245
v -0.030216709 -0.004369748 0.12648672
v -0.030216709 -0.0043655734 0.12649
v -0.030216709 -0.0043608923 0.12649253
v -0.030214709 -0.0043608923 0.12649253
v -0.030214709 -0.0043655734 0.12649
v -0.030214709 -0.004369748 0.12648672
v -0.030214709 -0.0043728933 0.12648245
v -0.030214709 -0.0043740632 0.1264773
v -0.030216709 -0.0042241417 0.12671561
v -0.030216709 -0.0042418669 0.12671469
v -0.030216709 -0.0042592854 0.12671133
v -0.030216709 -0.0042755266 0.12670429
v -0.030216709 -0.004287475 0.12669148
v -0.030214709 -0.004287475 0.12669148
v -0.030214709 -0.0042755266 0.12670429
v -0.030214709 -0.0042592854 0.12671133
v -0.030214709 -0.0042418669 0.12671469
v -0.030214709 -0.0042241417 0.12671561
v -0.030214709 -0.0042160128 0.12663
v -0.030214709 -0.0041934017 0.12663262
v -0.030214709 -0.0041716072 0.1266391
v -0.030214709 -0.0041524872 0.12665126
v -0.030214709 -0.004143573 0.12667157
v -0.030214709 -0.0041537051 0.12669379
v -0.030214709 -0.0041749847 0.12670689
v -0.030214709 -0.004199123 0.12671366
v -0.030214709 -0.0042241417 0.12671561
v -0.030214709 -0.0042418669 0.12671469
v -0.030214709 -0.0042592854 0.12671133
v -0.030214709 -0.0042755266 0.12670429
v -0.030214709 -0.004287475 0.12669148
v -0.030214709 -0.004298307 0.12670003
v -0.030214709 -0.0043110632 0.12670534
v -0.030214709 -0.0043245976 0.1267082
v -0.030214709 -0.0043384092 0.12670902
v -0.030214709 -0.0043591557 0.12670711
v -0.030214709 -0.0043790601 0.12670101
v -0.030214709 -0.0043959105 0.12668894
v -0.030214709 -0.0044036976 0.12667008
v -0.030214709 -0.0043959149 0.12665111
v -0.030214709 -0.0043785928 0.12663946
v -0.030214709 -0.0043586051 0.12663311
v -0.030214709 -0.0043378433 0.12663
v -0.030214709 -0.0043345506 0.12664646
v -0.030214709 -0.0043470785 0.12664825
v -0.030214709 -0.0043591533 0.12665199
v -0.030214709 -0.0043695271 0.1266591
v -0.030214709 -0.0043740632 0.12667064
v -0.030214709 -0.0043699059 0.12668143
v -0.030214709 -0.0043603122 0.12668816
v -0.030214709 -0.0043490621 0.12669161
v -0.030214709 -0.0043373288 0.12669256
v -0.030214709 -0.0043242549 0.12669152
v -0.030214709 -0.0043118407 0.1266874
v -0.030214709 -0.0043020893 0.12667876
v -0.030214709 -0.0042979706 0.12666648
v -0.030214709 -0.0042980213 0.12666583
v -0.030214709 -0.0042980956 0.12666518
v -0.030214709 -0.0042982039 0.12666454
v -0.030214709 -0.0042983307 0.1266639
v -0.030214709 -0.0042686963 0.1266621
v -0.030214709 -0.0042700044 0.1266648
v -0.030214709 -0.0042710853 0.1266676
v -0.030214709 -0.0042718898 0.12667049
v -0.030214709 -0.0042721948 0.12667347
v -0.030214709 -0.0042661988 0.12668661
v -0.030214709 -0.0042535548 0.12669428
v -0.030214709 -0.0042392145 0.12669809
v -0.030214709 -0.0042243989 0.12669915
v -0.030214709 -0.0042084978 0.1266981
v -0.030214709 -0.004193026 0.12669431
v -0.030214709 -0.0041792944 0.1266864
v -0.030214709 -0.0041732075 0.12667214
v -0.030214709 -0.0041784773 0.12665909
v -0.030214709 -0.0041909924 0.12665208
v -0.030214709 -0.0042050063 0.12664857
v -0.030214709 -0.0042193055 0.12664646
v -0.030216709 -0.0041732075 0.12667214
v -0.030216709 -0.0041784773 0.12665909
v -0.030216709 -0.0041909924 0.12665208
v -0.030216709 -0.0042050063 0.12664857
v -0.030216709 -0.0042193055 0.12664646
v -0.030214709 -0.0042193055 0.12664646
v -0.030214709 -0.0042050063 0.12664857
v -0.030214709 -0.0041909924 0.12665208
v -0.030214709 -0.0041784773 0.12665909
v -0.030214709 -0.0041732075 0.12667214
v -0.030216709 -0.0041683199 0.12654418
v -0.030216709 -0.0041592096 0.12654897
v -0.030216709 -0.0041512149 0.12655543
v -0.030216709 -0.004145531 0.12656396
v -0.030216709 -0.004143573 0.12657402
v -0.030214709 -0.004143573 0.12657402
v -0.030214709 -0.004145531 0.12656396
v -0.030214709 -0.0041512149 0.12655543
v -0.030214709 -0.0041592096 0.12654897
v -0.030214709 -0.0041683199 0.12654418
v -0.030216709 -0.0044036976 0.12657402
v -0.030216709 -0.004382558 0.12654627
v -0.030216709 -0.0043471818 0.12653603
v -0.030216709 -0.0043104595 0.12653216
v -0.030216709 -0.0042735324 0.12653122
v -0.030214709 -0.0042735324 0.12653122
v -0.030214709 -0.0043104595 0.12653216
v -0.030214709 -0.0043471818 0.12653603
v -0.030214709 -0.004382558 0.12654627
v -0.030214709 -0.0044036976 0.12657402
v -0.030516709 -0.0037468658 0.12695085
v -0.030516709 -0.0037468657 0.12615085
v -0.030516709 -0.0045168657 0.12615085
v -0.030516709 -0.0045168658 0.12695085
v -0.030501709 -0.0037468658 0.12735085
v -0.030509209 -0.0037468658 0.12734884
v -0.030514699 -0.0037468658 0.12734335
v -0.030516709 -0.0037468658 0.12733585
v -0.030516709 -0.0045168658 0.12733585
v -0.030514699 -0.0045168658 0.12734335
v -0.030509209 -0.0045168658 0.12734884
v -0.030501709 -0.0045168658 0.12735085
v -0.030516709 -0.0037468657 0.12576585
v -0.030514699 -0.0037393657 0.12576585
v -0.030509209 -0.0037338753 0.12576585
v -0.030501709 -0.0037318657 0.12576585
v -0.030501709 -0.0037338753 0.12575835
v -0.030501709 -0.0037393657 0.12575286
v -0.030501709 -0.0037468657 0.12575085
v -0.030509209 -0.0037468657 0.12575286
v -0.030514699 -0.0037468657 0.12575835
v -0.030516709 -0.0037468657 0.12576585
v -0.030231709 -0.0037468657 0.12575085
v -0.030231709 -0.0037393657 0.12575286
v -0.030231709 -0.0037338753 0.12575835
v -0.030231709 -0.0037318657 0.12576585
v -0.030224209 -0.0037338753 0.12576585
v -0.030218719 -0.0037393657 0.12576585
v -0.030216709 -0.0037468657 0.12576585
v -0.030218719 -0.0037468657 0.12575835
v -0.030224209 -0.0037468657 0.12575286
v -0.030216709 -0.0037468657 0.12576585
v -0.030231709 -0.0037468658 0.12735085
v -0.030231709 -0.0037393658 0.12734884
v -0.030231709 -0.0037338754 0.12734335
v -0.030231709 -0.0037318658 0.12733585
v -0.030501709 -0.0037318658 0.12733585
v -0.030501709 -0.0037338754 0.12734335
v -0.030501709 -0.0037393658 0.12734884
v -0.030501709 -0.0037468658 0.12735085
v -0.030501709 -0.0045318657 0.12576585
v -0.030501709 -0.0045318657 0.12615085
v -0.030509209 -0.0045298561 0.12615085
v -0.030514699 -0.0045243658 0.12615085
v -0.030516709 -0.0045168657 0.12615085
v -0.030516709 -0.0045168657 0.12576585
v -0.030514699 -0.0045243657 0.12576585
v -0.030509209 -0.0045298561 0.12576585
v -0.030516709 -0.0037468657 0.12576585
v -0.030514699 -0.0037468657 0.12575835
v -0.030509209 -0.0037468657 0.12575286
v -0.030501709 -0.0037468657 0.12575085
v -0.030501709 -0.0045168657 0.12575085
v -0.030509209 -0.0045168657 0.12575286
v -0.030514699 -0.0045168657 0.12575835
v -0.030516709 -0.0045168657 0.12576585
v -0.030231709 -0.0045318658 0.12733585
v -0.030231709 -0.0045318658 0.12695085
v -0.030224209 -0.0045298562 0.12695085
v -0.030218719 -0.0045243658 0.12695085
v -0.030216709 -0.0045168658 0.12695085
v -0.030216709 -0.0045168658 0.12733585
v -0.030218719 -0.0045243658 0.12733585
v -0.030224209 -0.0045298562 0.12733585
v -0.030216709 -0.0043745262 0.12644617
v -0.030216709 -0.0043483997 0.12643867
v -0.030216709 -0.0043214644 0.12643482
v -0.030216709 -0.0042943128 0.12643296
v -0.030216709 -0.0042671013 0.12643244
v -0.030214709 -0.0042671013 0.12643244
v -0.030214709 -0.0042943128 0.12643296
v -0.030214709 -0.0043214644 0.12643482
v -0.030214709 -0.0043483997 0.12643867
v -0.030214709 -0.0043745262 0.12644617
v -0.030216709 -0.0042321162 0.1264489
v -0.030216709 -0.004248249 0.12644992
v -0.030216709 -0.0042639459 0.12645375
v -0.030216709 -0.0042779902 0.12646164
v -0.030216709 -0.0042851598 0.12647555
v -0.030214709 -0.0042851598 0.12647555
v -0.030214709 -0.0042779902 0.12646164
v -0.030214709 -0.0042639459 0.12645375
v -0.030214709 -0.004248249 0.12644992
v -0.030214709 -0.0042321162 0.1264489
v -0.030216709 -0.0043608923 0.12649253
v -0.030216709 -0.0043545189 0.12649479
v -0.030216709 -0.004347933 0.12649633
v -0.030216709 -0.0043412565 0.12649741
v -0.030216709 -0.0043345506 0.12649829
v -0.030214709 -0.0043345506 0.12649829
v -0.030214709 -0.0043412565 0.12649741
v -0.030214709 -0.004347933 0.12649633
v -0.030214709 -0.0043545189 0.12649479
v -0.030214709 -0.0043608923 0.12649253
v -0.030216709 -0.004143573 0.12667157
v -0.030216709 -0.0041537051 0.12669379
v -0.030216709 -0.0041749847 0.12670689
v -0.030216709 -0.004199123 0.12671366
v -0.030216709 -0.0042241417 0.12671561
v -0.030214709 -0.0042241417 0.12671561
v -0.030214709 -0.004199123 0.12671366
v -0.030214709 -0.0041749847 0.12670689
v -0.030214709 -0.0041537051 0.12669379
v -0.030214709 -0.004143573 0.12667157
v -0.030216709 -0.0042193055 0.12664646
v -0.030216709 -0.0042160128 0.12663
v -0.030214709 -0.0042160128 0.12663
v -0.030214709 -0.0042193055 0.12664646
v -0.030216709 -0.0042735324 0.12653122
v -0.030216709 -0.0042469091 0.12653173
v -0.030216709 -0.0042203386 0.12653346
v -0.030216709 -0.0041939738 0.12653715
v -0.030216709 -0.0041683199 0.12654418
v -0.030214709 -0.0041683199 0.12654418
v -0.030214709 -0.0041939738 0.12653715
v -0.030214709 -0.0042203386 0.12653346
v -0.030214709 -0.0042469091 0.12653173
v -0.030214709 -0.0042735324 0.12653122
v -0.030501709 -0.0045318658 0.12695085
v -0.030501709 -0.0045318657 0.12615085
v -0.030231709 -0.0045318657 0.12615085
v -0.030231709 -0.0045318658 0.12695085
v -0.030501709 -0.0037318658 0.12615085
v -0.030509209 -0.0037338754 0.12615085
v -0.030514699 -0.0037393657 0.12615085
v -0.030516709 -0.0037468657 0.12615085
v -0.030516709 -0.0037468658 0.12695085
v -0.030514699 -0.0037393658 0.12695085
v -0.030509209 -0.0037338754 0.12695085
v -0.030501709 -0.0037318658 0.12695085
v -0.030501709 -0.0037318658 0.12733585
v -0.030501709 -0.0037318658 0.12695085
v -0.030509209 -0.0037338754 0.12695085
v -0.030514699 -0.0037393658 0.12695085
v -0.030516709 -0.0037468658 0.12695085
v -0.030516709 -0.0037468658 0.12733585
v -0.030514699 -0.0037393658 0.12733585
v -0.030509209 -0.0037338754 0.12733585
v -0.030216709 -0.0045168657 0.12576585
v -0.030216709 -0.0045168657 0.12615085
v -0.030218719 -0.0045243657 0.12615085
v -0.030224209 -0.0045298561 0.12615085
v -0.030231709 -0.0045318657 0.12615085
v -0.030231709 -0.0045318657 0.12576585
v -0.030224209 -0.0045298561 0.12576585
v -0.030218719 -0.0045243657 0.12576585
v -0.030231709 -0.0037468657 0.12575085
v -0.030224209 -0.0037468657 0.12575286
v -0.030218719 -0.0037468657 0.12575835
v -0.030216709 -0.0037468657 0.12576585
v -0.030216709 -0.0045168657 0.12576585
v -0.030218719 -0.0045168657 0.12575835
v -0.030224209 -0.0045168657 0.12575286
v -0.030231709 -0.0045168657 0.12575085
v -0.030501709 -0.0037468657 0.12575085
v -0.030501709 -0.0037393657 0.12575286
v -0.030501709 -0.0037338753 0.12575835
v -0.030501709 -0.0037318657 0.12576585
v -0.030231709 -0.0037318657 0.12576585
v -0.030231709 -0.0037338753 0.12575835
v -0.030231709 -0.0037393657 0.12575286
v -0.030231709 -0.0037468657 0.12575085
v -0.030216709 -0.0044036976 0.12647838
v -0.030216709 -0.0044011945 0.12646718
v -0.030216709 -0.0043942403 0.12645801
v -0.030216709 -0.0043849161 0.12645122
v -0.030216709 -0.0043745262 0.12644617
v -0.030214709 -0.0043745262 0.12644617
v -0.030214709 -0.0043849161 0.12645122
v -0.030214709 -0.0043942403 0.12645801
v -0.030214709 -0.0044011945 0.12646718
v -0.030214709 -0.0044036976 0.12647838
v -0.030216709 -0.0043345506 0.12649829
v -0.030216709 -0.0043378433 0.12651475
v -0.030214709 -0.0043378433 0.12651475
v -0.030214709 -0.0043345506 0.12649829
v -0.030216709 -0.0042160128 0.12663
v -0.030216709 -0.0041934017 0.12663262
v -0.030216709 -0.0041716072 0.1266391
v -0.030216709 -0.0041524872 0.12665126
v -0.030216709 -0.004143573 0.12667157
v -0.030214709 -0.004143573 0.12667157
v -0.030214709 -0.0041524872 0.12665126
v -0.030214709 -0.0041716072 0.1266391
v -0.030214709 -0.0041934017 0.12663262
v -0.030214709 -0.0042160128 0.12663
v -0.030231709 -0.0037468658 0.12735085
v -0.030501709 -0.0037468658 0.12735085
v -0.030501709 -0.0045168658 0.12735085
v -0.030231709 -0.0045168658 0.12735085
v -0.030516709 -0.0037468657 0.12576585
v -0.030516709 -0.0037468657 0.12615085
v -0.030514699 -0.0037393657 0.12615085
v -0.030509209 -0.0037338754 0.12615085
v -0.030501709 -0.0037318658 0.12615085
v -0.030501709 -0.0037318657 0.12576585
v -0.030509209 -0.0037338753 0.12576585
v -0.030514699 -0.0037393657 0.12576585
v -0.030231709 -0.0045318657 0.12615085
v -0.030224209 -0.0045298561 0.12615085
v -0.030218719 -0.0045243657 0.12615085
v -0.030216709 -0.0045168657 0.12615085
v -0.030216709 -0.0045168658 0.12695085
v -0.030218719 -0.0045243658 0.12695085
v -0.030224209 -0.0045298562 0.12695085
v -0.030231709 -0.0045318658 0.12695085
v -0.030216709 -0.0037468657 0.12615085
v -0.030218719 -0.0037393657 0.12615085
v -0.030224209 -0.0037338754 0.12615085
v -0.030231709 -0.0037318657 0.12615085
v -0.030231709 -0.0037318658 0.12695085
v -0.030224209 -0.0037338754 0.12695085
v -0.030218719 -0.0037393658 0.12695085
v -0.030216709 -0.0037468658 0.12695085
v -0.030216709 -0.0043378433 0.12651475
v -0.030216709 -0.0043582133 0.1265124
v -0.030216709 -0.0043779877 0.12650704
v -0.030216709 -0.0043954788 0.12649654
v -0.030216709 -0.0044036976 0.12647838
v -0.030214709 -0.0044036976 0.12647838
v -0.030214709 -0.0043954788 0.12649654
v -0.030214709 -0.0043779877 0.12650704
v -0.030214709 -0.0043582133 0.1265124
v -0.030214709 -0.0043378433 0.12651475
v -0.030231709 -0.0037318658 0.12695085
v -0.030231709 -0.0037318657 0.12615085
v -0.030501709 -0.0037318658 0.12615085
v -0.030501709 -0.0037318658 0.12695085
v -0.030216709 -0.0037468658 0.12733585
v -0.030216709 -0.0037468658 0.12695085
v -0.030218719 -0.0037393658 0.12695085
v -0.030224209 -0.0037338754 0.12695085
v -0.030231709 -0.0037318658 0.12695085
v -0.030231709 -0.0037318658 0.12733585
v -0.030224209 -0.0037338754 0.12733585
v -0.030218719 -0.0037393658 0.12733585
v -0.030231709 -0.0037318657 0.12576585
v -0.030231709 -0.0037318657 0.12615085
v -0.030224209 -0.0037338754 0.12615085
v -0.030218719 -0.0037393657 0.12615085
v -0.030216709 -0.0037468657 0.12615085
v -0.030216709 -0.0037468657 0.12576585
v -0.030218719 -0.0037393657 0.12576585
v -0.030224209 -0.0037338753 0.12576585
v -0.030216709 -0.0045168658 0.12733585
v -0.030216709 -0.0045168658 0.12695085
v -0.030216709 -0.0037468658 0.12695085
v -0.030216709 -0.0037468658 0.12733585
v -0.030216709 -0.0037468657 0.12576585
v -0.030216709 -0.0037468657 0.12615085
v -0.030216709 -0.0045168657 0.12615085
v -0.030216709 -0.0045168657 0.12576585
v -0.030231709 -0.0037318658 0.12695085
v -0.030501709 -0.0037318658 0.12695085
v -0.030501709 -0.0037318658 0.12733585
v -0.030231709 -0.0037318658 0.12733585
v -0.030501709 -0.0037318658 0.12615085
v -0.030231709 -0.0037318657 0.12615085
v -0.030231709 -0.0037318657 0.12576585
v -0.030501709 -0.0037318657 0.12576585
v -0.030216709 -0.0045168657 0.12615085
v -0.030216709 -0.0037468657 0.12615085
v -0.030216709 -0.0037468658 0.12695085
v -0.030216709 -0.0045168658 0.12695085
v -0.030216709 -0.0044036976 0.12647838
v -0.030216709 -0.0043954788 0.12649654
v -0.030216709 -0.0043779877 0.12650704
v -0.030216709 -0.0043582133 0.1265124
v -0.030216709 -0.0043378433 0.12651475
v -0.030216709 -0.0043345506 0.12649829
v -0.030216709 -0.0043412565 0.12649741
v -0.030216709 -0.004347933 0.12649633
v -0.030216709 -0.0043545189 0.12649479
v -0.030216709 -0.0043608923 0.12649253
v -0.030216709 -0.0043655734 0.12649
v -0.030216709 -0.004369748 0.12648672
v -0.030216709 -0.0043728933 0.12648245
v -0.030216709 -0.0043740632 0.1264773
v -0.030216709 -0.0043734575 0.12647317
v -0.030216709 -0.0043717405 0.12646934
v -0.030216709 -0.004369328 0.12646593
v -0.030216709 -0.0043664488 0.12646289
v -0.030216709 -0.004346036 0.12645519
v -0.030216709 -0.0043245878 0.12645107
v -0.030216709 -0.0043027964 0.12644938
v -0.030216709 -0.004280941 0.1264489
v -0.030216709 -0.0042923155 0.12645341
v -0.030216709 -0.004302804 0.12645969
v -0.030216709 -0.0043111795 0.12646854
v -0.030216709 -0.0043147943 0.12648008
v -0.030216709 -0.0043025283 0.12650054
v -0.030216709 -0.0042803606 0.12651141
v -0.030216709 -0.004256171 0.12651663
v -0.030216709 -0.0042314474 0.12651805
v -0.030216709 -0.004205269 0.12651635
v -0.030216709 -0.0041796342 0.12651082
v -0.030216709 -0.0041561033 0.12649947
v -0.030216709 -0.004143573 0.12647745
v -0.030216709 -0.0041629969 0.12644969
v -0.030216709 -0.0041963383 0.12643786
v -0.030216709 -0.0042315856 0.1264335
v -0.030216709 -0.0042671013 0.12643244
v -0.030216709 -0.0042943128 0.12643296
v -0.030216709 -0.0043214644 0.12643482
v -0.030216709 -0.0043483997 0.12643867
v -0.030216709 -0.0043745262 0.12644617
v -0.030216709 -0.0043849161 0.12645122
v -0.030216709 -0.0043942403 0.12645801
v -0.030216709 -0.0044011945 0.12646718
v -0.030216709 -0.004143573 0.12667157
v -0.030216709 -0.0041524872 0.12665126
v -0.030216709 -0.0041716072 0.1266391
v -0.030216709 -0.0041934017 0.12663262
v -0.030216709 -0.0042160128 0.12663
v -0.030216709 -0.0042193055 0.12664646
v -0.030216709 -0.0042050063 0.12664857
v -0.030216709 -0.0041909924 0.12665208
v -0.030216709 -0.0041784773 0.12665909
v -0.030216709 -0.0041732075 0.12667214
v -0.030216709 -0.0041792944 0.1266864
v -0.030216709 -0.004193026 0.12669431
v -0.030216709 -0.0042084978 0.1266981
v -0.030216709 -0.0042243989 0.12669915
v -0.030216709 -0.0042392145 0.12669809
v -0.030216709 -0.0042535548 0.12669428
v -0.030216709 -0.0042661988 0.12668661
v -0.030216709 -0.0042721948 0.12667347
v -0.030216709 -0.0042718898 0.12667049
v -0.030216709 -0.0042710853 0.1266676
v -0.030216709 -0.0042700044 0.1266648
v -0.030216709 -0.0042686963 0.1266621
v -0.030216709 -0.0042983307 0.1266639
v -0.030216709 -0.0042982039 0.12666454
v -0.030216709 -0.0042980956 0.12666518
v -0.030216709 -0.0042980213 0.12666583
v -0.030216709 -0.0042979706 0.12666648
v -0.030216709 -0.0043020893 0.12667876
v -0.030216709 -0.0043118407 0.1266874
v -0.030216709 -0.0043242549 0.12669152
v -0.030216709 -0.0043373288 0.12669256
v -0.030216709 -0.0043490621 0.12669161
v -0.030216709 -0.0043603122 0.12668816
v -0.030216709 -0.0043699059 0.12668143
v -0.030216709 -0.0043740632 0.12667064
v -0.030216709 -0.0043695271 0.1266591
v -0.030216709 -0.0043591533 0.12665199
v -0.030216709 -0.0043470785 0.12664825
v -0.030216709 -0.0043345506 0.12664646
v -0.030216709 -0.0043378433 0.12663
v -0.030216709 -0.0043586051 0.12663311
v -0.030216709 -0.0043785928 0.12663946
v -0.030216709 -0.0043959149 0.12665111
v -0.030216709 -0.0044036976 0.12667008
v -0.030216709 -0.0043959105 0.12668894
v -0.030216709 -0.0043790601 0.12670101
v -0.030216709 -0.0043591557 0.12670711
v -0.030216709 -0.0043384092 0.12670902
v -0.030216709 -0.0043245976 0.1267082
v -0.030216709 -0.0043110632 0.12670534
v -0.030216709 -0.004298307 0.12670003
v -0.030216709 -0.004287475 0.12669148
v -0.030216709 -0.0042755266 0.12670429
v -0.030216709 -0.0042592854 0.12671133
v -0.030216709 -0.0042418669 0.12671469
v -0.030216709 -0.0042241417 0.12671561
v -0.030216709 -0.004199123 0.12671366
v -0.030216709 -0.0041749847 0.12670689
v -0.030216709 -0.0041537051 0.12669379
v -0.030216709 -0.0041683199 0.12654418
v -0.030216709 -0.0041939738 0.12653715
v -0.030216709 -0.0042203386 0.12653346
v -0.030216709 -0.0042469091 0.12653173
v -0.030216709 -0.0042735324 0.12653122
v -0.030216709 -0.0043104595 0.12653216
v -0.030216709 -0.0043471818 0.12653603
v -0.030216709 -0.004382558 0.12654627
v -0.030216709 -0.0044036976 0.12657402
v -0.030216709 -0.0043829283 0.12660235
v -0.030216709 -0.0043472695 0.12661185
v -0.030216709 -0.0043105164 0.12661594
v -0.030216709 -0.0042735324 0.12661683
v -0.030216709 -0.0042366521 0.12661588
v -0.030216709 -0.0041999787 0.12661199
v -0.030216709 -0.0041646485 0.12660176
v -0.030216709 -0.004143573 0.12657402
v -0.030216709 -0.004145531 0.12656396
v -0.030216709 -0.0041512149 0.12655543
v -0.030216709 -0.0041592096 0.12654897
f 3067 3068 3076
f 3076 3068 3075
f 3075 3068 3069
f 3075 3069 3074
f 3074 3069 3070
f 3074 3070 3073
f 3073 3070 3071
f 3073 3071 3072
f 3077 3078 3086
f 3086 3078 3085
f 3085 3078 3079
f 3085 3079 3084
f 3084 3079 3080
f 3084 3080 3083
f 3083 3080 3081
f 3083 3081 3082
f 3087 3088 3106
f 3106 3088 3089
f 3106 3089 3105
f 3105 3089 3090
f 3105 3090 3104
f 3104 3090 3103
f 3103 3090 3091
f 3103 3091 3099
f 3099 3091 3095
f 3099 3095 3098
f 3098 3095 3097
f 3097 3095 3096
f 3091 3092 3095
f 3095 3092 3093
f 3095 3093 3094
f 3099 3100 3103
f 3103 3100 3101
f 3103 3101 3102
f 3107 3108 3116
f 3116 3108 3115
f 3115 3108 3109
f 3115 3109 3114
f 3114 3109 3110
f 3114 3110 3113
f 3113 3110 3111
f 3113 3111 3112
f 3117 3118 3126
f 3126 3118 3125
f 3125 3118 3119
f 3125 3119 3124
f 3124 3119 3120
f 3124 3120 3123
f 3123 3120 3121
f 3123 3121 3122
f 3127 3128 3136
f 3136 3128 3135
f 3135 3128 3129
f 3135 3129 3134
f 3134 3129 3130
f 3134 3130 3133
f 3133 3130 3131
f 3133 3131 3132
f 3137 3138 3140
f 3140 3138 3139
f 3141 3142 3144
f 3144 3142 3143
f 3145 3146 3154
f 3154 3146 3153
f 3153 3146 3147
f 3153 3147 3152
f 3152 3147 3148
f 3152 3148 3151
f 3151 3148 3149
f 3151 3149 3150
f 3156 3163 3155
f 3155 3163 3164
f 3155 3164 3170
f 3170 3164 3167
f 3170 3167 3168
f 3157 3158 3156
f 3156 3158 3159
f 3156 3159 3160
f 3160 3161 3156
f 3156 3161 3162
f 3156 3162 3163
f 3165 3166 3164
f 3164 3166 3167
f 3168 3169 3170
f 3171 3172 3180
f 3180 3172 3179
f 3179 3172 3173
f 3179 3173 3178
f 3178 3173 3174
f 3178 3174 3177
f 3177 3174 3175
f 3177 3175 3176
f 3181 3182 3190
f 3190 3182 3189
f 3189 3182 3183
f 3189 3183 3188
f 3188 3183 3184
f 3188 3184 3187
f 3187 3184 3185
f 3187 3185 3186
f 3191 3192 3200
f 3200 3192 3199
f 3199 3192 3193
f 3199 3193 3198
f 3198 3193 3194
f 3198 3194 3197
f 3197 3194 3195
f 3197 3195 3196
f 3201 3202 3210
f 3210 3202 3209
f 3209 3202 3203
f 3209 3203 3208
f 3208 3203 3204
f 3208 3204 3207
f 3207 3204 3205
f 3207 3205 3206
f 3218 3211 3217
f 3217 3211 3212
f 3217 3212 3216
f 3216 3212 3213
f 3216 3213 3215
f 3215 3213 3214
f 3219 3220 3228
f 3228 3220 3227
f 3227 3220 3221
f 3227 3221 3226
f 3226 3221 3222
f 3226 3222 3225
f 3225 3222 3223
f 3225 3223 3224
f 3229 3230 3238
f 3238 3230 3237
f 3237 3230 3231
f 3237 3231 3236
f 3236 3231 3232
f 3236 3232 3235
f 3235 3232 3233
f 3235 3233 3234
f 3239 3240 3248
f 3248 3240 3247
f 3247 3240 3241
f 3247 3241 3246
f 3246 3241 3242
f 3246 3242 3245
f 3245 3242 3243
f 3245 3243 3244
f 3249 3250 3258
f 3258 3250 3257
f 3257 3250 3251
f 3257 3251 3256
f 3256 3251 3252
f 3256 3252 3255
f 3255 3252 3253
f 3255 3253 3254
f 3259 3260 3268
f 3268 3260 3267
f 3267 3260 3261
f 3267 3261 3266
f 3266 3261 3262
f 3266 3262 3265
f 3265 3262 3263
f 3265 3263 3264
f 3270 3293 3269
f 3269 3293 3294
f 3269 3294 3288
f 3288 3294 3295
f 3288 3295 3287
f 3287 3295 3296
f 3287 3296 3286
f 3286 3296 3297
f 3286 3297 3298
f 3293 3270 3292
f 3292 3270 3271
f 3292 3271 3291
f 3291 3271 3272
f 3291 3272 3273
f 3291 3273 3290
f 3290 3273 3274
f 3290 3274 3275
f 3275 3276 3290
f 3290 3276 3289
f 3289 3276 3277
f 3289 3277 3308
f 3308 3277 3278
f 3308 3278 3307
f 3307 3278 3279
f 3307 3279 3280
f 3307 3280 3306
f 3306 3280 3281
f 3306 3281 3305
f 3305 3281 3304
f 3304 3281 3282
f 3304 3282 3303
f 3303 3282 3283
f 3303 3283 3284
f 3303 3284 3302
f 3302 3284 3285
f 3302 3285 3301
f 3301 3285 3300
f 3300 3285 3299
f 3299 3285 3286
f 3299 3286 3298
f 3309 3310 3318
f 3318 3310 3317
f 3317 3310 3311
f 3317 3311 3316
f 3316 3311 3312
f 3316 3312 3315
f 3315 3312 3313
f 3315 3313 3314
f 3319 3320 3322
f 3322 3320 3321
f 3332 3324 3331
f 3331 3324 3325
f 3331 3325 3328
f 3328 3325 3327
f 3327 3325 3326
f 3329 3330 3328
f 3328 3330 3331
f 3333 3334 3341
f 3341 3334 3335
f 3341 3335 3338
f 3338 3335 3337
f 3337 3335 3342
f 3339 3340 3338
f 3338 3340 3341
f 3344 3345 3343
f 3343 3345 3346
f 3348 3349 3347
f 3347 3349 3350
f 3351 3352 3360
f 3360 3352 3359
f 3359 3352 3353
f 3359 3353 3358
f 3358 3353 3354
f 3358 3354 3357
f 3357 3354 3355
f 3357 3355 3356
f 3361 3362 3370
f 3370 3362 3369
f 3369 3362 3363
f 3369 3363 3368
f 3368 3363 3364
f 3368 3364 3367
f 3367 3364 3365
f 3367 3365 3366
f 3371 3372 3380
f 3380 3372 3379
f 3379 3372 3373
f 3379 3373 3378
f 3378 3373 3374
f 3378 3374 3377
f 3377 3374 3375
f 3377 3375 3376
f 3381 3382 3390
f 3390 3382 3389
f 3389 3382 3383
f 3389 3383 3388
f 3388 3383 3384
f 3388 3384 3387
f 3387 3384 3385
f 3387 3385 3386
f 3391 3392 3400
f 3400 3392 3399
f 3399 3392 3393
f 3399 3393 3398
f 3398 3393 3394
f 3398 3394 3397
f 3397 3394 3395
f 3397 3395 3396
f 3401 3402 3410
f 3410 3402 3409
f 3409 3402 3403
f 3409 3403 3408
f 3408 3403 3404
f 3408 3404 3407
f 3407 3404 3405
f 3407 3405 3406
f 3411 3412 3420
f 3420 3412 3419
f 3419 3412 3413
f 3419 3413 3418
f 3418 3413 3414
f 3418 3414 3417
f 3417 3414 3415
f 3417 3415 3416
f 3421 3422 3430
f 3430 3422 3429
f 3429 3422 3423
f 3429 3423 3428
f 3428 3423 3424
f 3428 3424 3427
f 3427 3424 3425
f 3427 3425 3426
f 3438 3431 3437
f 3437 3431 3432
f 3437 3432 3436
f 3436 3432 3433
f 3436 3433 3435
f 3435 3433 3434
f 3439 3440 3447
f 3447 3440 3441
f 3447 3441 3444
f 3444 3441 3443
f 3443 3441 3442
f 3447 3444 3446
f 3446 3444 3448
f 3449 3450 3452
f 3452 3450 3451
f 3462 3454 3461
f 3461 3454 3455
f 3461 3455 3458
f 3458 3455 3457
f 3457 3455 3456
f 3459 3460 3458
f 3458 3460 3461
f 3472 3464 3471
f 3471 3464 3465
f 3471 3465 3468
f 3468 3465 3467
f 3467 3465 3466
f 3469 3470 3468
f 3468 3470 3471
f 3480 3473 3479
f 3479 3473 3474
f 3479 3474 3478
f 3478 3474 3475
f 3478 3475 3477
f 3477 3475 3476
f 3481 3482 3488
f 3488 3482 3483
f 3488 3483 3487
f 3487 3483 3484
f 3487 3484 3486
f 3486 3484 3485
f 3489 3490 3497
f 3497 3490 3491
f 3497 3491 3494
f 3494 3491 3493
f 3493 3491 3498
f 3495 3496 3494
f 3494 3496 3497
f 3506 3499 3505
f 3505 3499 3500
f 3505 3500 3504
f 3504 3500 3501
f 3504 3501 3503
f 3503 3501 3502
f 3507 3508 3510
f 3510 3508 3509
f 3511 3512 3555
f 3555 3512 3554
f 3554 3512 3513
f 3554 3513 3553
f 3553 3513 3552
f 3552 3513 3514
f 3552 3514 3551
f 3551 3514 3550
f 3550 3514 3549
f 3549 3514 3515
f 3549 3515 3548
f 3548 3515 3547
f 3547 3515 3546
f 3546 3515 3516
f 3546 3516 3545
f 3545 3516 3544
f 3544 3516 3517
f 3544 3517 3543
f 3543 3517 3518
f 3543 3518 3542
f 3542 3518 3519
f 3542 3519 3520
f 3542 3520 3541
f 3541 3520 3521
f 3541 3521 3540
f 3540 3521 3522
f 3540 3522 3539
f 3539 3522 3523
f 3539 3523 3561
f 3561 3523 3524
f 3561 3524 3560
f 3560 3524 3525
f 3560 3525 3559
f 3559 3525 3558
f 3558 3525 3526
f 3558 3526 3557
f 3557 3526 3527
f 3557 3527 3556
f 3556 3527 3571
f 3571 3527 3528
f 3571 3528 3570
f 3570 3528 3529
f 3570 3529 3569
f 3569 3529 3530
f 3569 3530 3568
f 3568 3530 3531
f 3568 3531 3532
f 3568 3532 3567
f 3567 3532 3533
f 3567 3533 3566
f 3566 3533 3534
f 3566 3534 3565
f 3565 3534 3535
f 3565 3535 3564
f 3564 3535 3536
f 3564 3536 3563
f 3563 3536 3537
f 3563 3537 3538
f 3563 3538 3562
f 3562 3538 3539
f 3562 3539 3561
f 3572 3573 3581
f 3581 3573 3580
f 3580 3573 3574
f 3580 3574 3579
f 3579 3574 3575
f 3579 3575 3578
f 3578 3575 3576
f 3578 3576 3577
f 3582 3583 3591
f 3591 3583 3590
f 3590 3583 3584
f 3590 3584 3589
f 3589 3584 3585
f 3589 3585 3588
f 3588 3585 3586
f 3588 3586 3587
f 3592 3593 3601
f 3601 3593 3600
f 3600 3593 3594
f 3600 3594 3599
f 3599 3594 3595
f 3599 3595 3598
f 3598 3595 3596
f 3598 3596 3597
f 3602 3603 3611
f 3611 3603 3610
f 3610 3603 3604
f 3610 3604 3609
f 3609 3604 3605
f 3609 3605 3608
f 3608 3605 3606
f 3608 3606 3607
f 3612 3613 3670
f 3670 3613 3669
f 3669 3613 3614
f 3669 3614 3668
f 3668 3614 3615
f 3668 3615 3667
f 3667 3615 3616
f 3667 3616 3666
f 3666 3616 3665
f 3665 3616 3617
f 3665 3617 3664
f 3664 3617 3618
f 3664 3618 3663
f 3663 3618 3619
f 3663 3619 3662
f 3662 3619 3620
f 3662 3620 3621
f 3662 3621 3661
f 3661 3621 3622
f 3661 3622 3623
f 3661 3623 3660
f 3660 3623 3624
f 3660 3624 3659
f 3659 3624 3648
f 3659 3648 3658
f 3658 3648 3649
f 3658 3649 3657
f 3657 3649 3656
f 3656 3649 3650
f 3656 3650 3655
f 3655 3650 3651
f 3655 3651 3652
f 3648 3624 3647
f 3647 3624 3625
f 3647 3625 3646
f 3646 3625 3626
f 3646 3626 3645
f 3645 3626 3627
f 3645 3627 3628
f 3628 3629 3645
f 3645 3629 3644
f 3644 3629 3630
f 3644 3630 3643
f 3643 3630 3631
f 3643 3631 3642
f 3642 3631 3632
f 3642 3632 3641
f 3641 3632 3640
f 3640 3632 3633
f 3640 3633 3639
f 3639 3633 3634
f 3639 3634 3638
f 3638 3634 3635
f 3638 3635 3637
f 3637 3635 3636
f 3652 3653 3655
f 3655 3653 3654
f 3671 3672 3680
f 3680 3672 3679
f 3679 3672 3673
f 3679 3673 3678
f 3678 3673 3674
f 3678 3674 3677
f 3677 3674 3675
f 3677 3675 3676
f 3681 3682 3690
f 3690 3682 3689
f 3689 3682 3683
f 3689 3683 3688
f 3688 3683 3684
f 3688 3684 3687
f 3687 3684 3685
f 3687 3685 3686
f 3691 3692 3700
f 3700 3692 3699
f 3699 3692 3693
f 3699 3693 3698
f 3698 3693 3694
f 3698 3694 3697
f 3697 3694 3695
f 3697 3695 3696
f 3702 3703 3701
f 3701 3703 3704
f 3712 3705 3711
f 3711 3705 3706
f 3711 3706 3710
f 3710 3706 3707
f 3710 3707 3709
f 3709 3707 3708
f 3722 3714 3721
f 3721 3714 3715
f 3721 3715 3718
f 3718 3715 3717
f 3717 3715 3716
f 3719 3720 3718
f 3718 3720 3721
f 3723 3724 3731
f 3731 3724 3725
f 3731 3725 3728
f 3728 3725 3727
f 3727 3725 3726
f 3731 3728 3730
f 3730 3728 3732
f 3740 3733 3739
f 3739 3733 3734
f 3739 3734 3738
f 3738 3734 3735
f 3738 3735 3737
f 3737 3735 3736
f 3741 3742 3748
f 3748 3742 3743
f 3748 3743 3747
f 3747 3743 3744
f 3747 3744 3746
f 3746 3744 3745
f 3756 3749 3755
f 3755 3749 3750
f 3755 3750 3754
f 3754 3750 3751
f 3754 3751 3753
f 3753 3751 3752
f 3757 3758 3764
f 3764 3758 3759
f 3764 3759 3763
f 3763 3759 3760
f 3763 3760 3762
f 3762 3760 3761
f 3765 3766 3774
f 3774 3766 3773
f 3773 3766 3767
f 3773 3767 3772
f 3772 3767 3768
f 3772 3768 3771
f 3771 3768 3769
f 3771 3769 3770
f 3775 3776 3784
f 3784 3776 3783
f 3783 3776 3777
f 3783 3777 3782
f 3782 3777 3778
f 3782 3778 3781
f 3781 3778 3779
f 3781 3779 3780
f 3785 3786 3794
f 3794 3786 3793
f 3793 3786 3787
f 3793 3787 3792
f 3792 3787 3788
f 3792 3788 3791
f 3791 3788 3789
f 3791 3789 3790
f 3795 3796 3804
f 3804 3796 3803
f 3803 3796 3797
f 3803 3797 3802
f 3802 3797 3798
f 3802 3798 3801
f 3801 3798 3799
f 3801 3799 3800
f 3805 3806 3808
f 3808 3806 3807
f 3809 3810 3818
f 3818 3810 3817
f 3817 3810 3811
f 3817 3811 3816
f 3816 3811 3812
f 3816 3812 3815
f 3815 3812 3813
f 3815 3813 3814
f 3819 3820 3822
f 3822 3820 3821
f 3830 3823 3829
f 3829 3823 3824
f 3829 3824 3828
f 3828 3824 3825
f 3828 3825 3827
f 3827 3825 3826
f 3831 3832 3838
f 3838 3832 3833
f 3838 3833 3837
f 3837 3833 3834
f 3837 3834 3836
f 3836 3834 3835
f 3839 3840 3846
f 3846 3840 3841
f 3846 3841 3845
f 3845 3841 3842
f 3845 3842 3844
f 3844 3842 3843
f 3854 3847 3853
f 3853 3847 3848
f 3853 3848 3852
f 3852 3848 3849
f 3852 3849 3851
f 3851 3849 3850
f 3862 3855 3861
f 3861 3855 3856
f 3861 3856 3860
f 3860 3856 3857
f 3860 3857 3859
f 3859 3857 3858
f 3863 3864 3872
f 3872 3864 3871
f 3871 3864 3865
f 3871 3865 3870
f 3870 3865 3866
f 3870 3866 3869
f 3869 3866 3867
f 3869 3867 3868
f 3873 3874 3876
f 3876 3874 3875
f 3877 3878 3886
f 3886 3878 3885
f 3885 3878 3879
f 3885 3879 3884
f 3884 3879 3880
f 3884 3880 3883
f 3883 3880 3881
f 3883 3881 3882
f 3888 3889 3887
f 3887 3889 3890
f 3891 3892 3898
f 3898 3892 3893
f 3898 3893 3897
f 3897 3893 3894
f 3897 3894 3896
f 3896 3894 3895
f 3906 3899 3905
f 3905 3899 3900
f 3905 3900 3904
f 3904 3900 3901
f 3904 3901 3903
f 3903 3901 3902
f 3914 3907 3913
f 3913 3907 3908
f 3913 3908 3912
f 3912 3908 3909
f 3912 3909 3911
f 3911 3909 3910
f 3915 3916 3924
f 3924 3916 3923
f 3923 3916 3917
f 3923 3917 3922
f 3922 3917 3918
f 3922 3918 3921
f 3921 3918 3919
f 3921 3919 3920
f 3925 3926 3928
f 3928 3926 3927
f 3929 3930 3936
f 3936 3930 3931
f 3936 3931 3935
f 3935 3931 3932
f 3935 3932 3934
f 3934 3932 3933
f 3937 3938 3944
f 3944 3938 3939
f 3944 3939 3943
f 3943 3939 3940
f 3943 3940 3942
f 3942 3940 3941
f 3946 3947 3945
f 3945 3947 3948
f 3950 3951 3949
f 3949 3951 3952
f 3954 3955 3953
f 3953 3955 3956
f 3958 3959 3957
f 3957 3959 3960
f 3962 4000 3961
f 3961 4000 4001
f 3961 4001 4002
f 3963 4085 3962
f 3962 4085 3998
f 3962 3998 3999
f 3964 4066 3963
f 3963 4066 4067
f 3963 4067 4068
f 3961 4077 3964
f 3964 4077 4053
f 3964 4053 4054
f 3966 4077 3965
f 3965 4077 3961
f 3965 3961 4009
f 4009 3961 4008
f 4008 3961 4007
f 4007 3961 4006
f 4006 3961 4005
f 4005 3961 4004
f 4004 3961 4003
f 4003 3961 4002
f 4077 3966 4076
f 4076 3966 3967
f 4076 3967 3968
f 4076 3968 4075
f 4075 3968 3969
f 4075 3969 4074
f 4074 3969 3991
f 4074 3991 3992
f 3969 3970 3991
f 3991 3970 3990
f 3990 3970 3971
f 3990 3971 3983
f 3983 3971 3972
f 3983 3972 3973
f 3983 3973 3982
f 3982 3973 3974
f 3982 3974 3975
f 3976 3980 3975
f 3975 3980 3981
f 3975 3981 3982
f 3977 3978 3976
f 3976 3978 3979
f 3976 3979 3980
f 3983 3984 3990
f 3990 3984 3989
f 3989 3984 3988
f 3988 3984 3985
f 3988 3985 3987
f 3987 3985 3986
f 4074 3992 4073
f 4073 3992 3993
f 4073 3993 4072
f 4072 3993 3994
f 4072 3994 4071
f 4071 3994 3995
f 4071 3995 4070
f 4070 3995 3996
f 4070 3996 4069
f 4069 3996 3997
f 4069 3997 4088
f 4088 3997 4087
f 4087 3997 3998
f 4087 3998 4086
f 4086 3998 4085
f 3999 4000 3962
f 4011 4085 4010
f 4010 4085 3963
f 4010 3963 4068
f 4085 4011 4084
f 4084 4011 4012
f 4084 4012 4013
f 4084 4013 4083
f 4083 4013 4014
f 4083 4014 4082
f 4082 4014 4015
f 4082 4015 4031
f 4031 4015 4025
f 4031 4025 4026
f 4016 4022 4015
f 4015 4022 4023
f 4015 4023 4024
f 4022 4016 4021
f 4021 4016 4017
f 4021 4017 4020
f 4020 4017 4018
f 4020 4018 4019
f 4024 4025 4015
f 4027 4028 4026
f 4026 4028 4029
f 4026 4029 4030
f 4030 4031 4026
f 4082 4031 4081
f 4081 4031 4032
f 4081 4032 4080
f 4080 4032 4048
f 4080 4048 4049
f 4048 4032 4037
f 4037 4032 4033
f 4037 4033 4034
f 4034 4035 4037
f 4037 4035 4036
f 4037 4038 4048
f 4048 4038 4039
f 4048 4039 4040
f 4048 4040 4047
f 4047 4040 4041
f 4047 4041 4046
f 4046 4041 4042
f 4046 4042 4043
f 4044 4045 4043
f 4043 4045 4046
f 4080 4049 4079
f 4079 4049 4050
f 4079 4050 4078
f 4078 4050 4051
f 4078 4051 4052
f 4078 4052 4077
f 4077 4052 4053
f 4054 4055 3964
f 3964 4055 4056
f 3964 4056 4057
f 4057 4058 3964
f 3964 4058 4063
f 3964 4063 4064
f 4058 4059 4063
f 4063 4059 4062
f 4062 4059 4060
f 4062 4060 4061
f 4064 4065 3964
f 3964 4065 4066
v -0.030216709 0.010620753 0.11548612
v -0.030216709 0.010616596 0.11547533
v -0.030216709 0.010607002 0.1154686
v -0.030216709 0.010595752 0.11546516
v -0.030216709 0.010584019 0.1154642
v -0.030214709 0.010584019 0.1154642
v -0.030214709 0.010595752 0.11546516
v -0.030214709 0.010607002 0.1154686
v -0.030214709 0.010616596 0.11547533
v -0.030214709 0.010620753 0.11548612
v -0.030216709 0.010584019 0.1154642
v -0.030216709 0.010570945 0.11546524
v -0.030216709 0.010558531 0.11546936
v -0.030216709 0.01054878 0.11547801
v -0.030216709 0.010544661 0.11549029
v -0.030214709 0.010544661 0.11549029
v -0.030214709 0.01054878 0.11547801
v -0.030214709 0.010558531 0.11546936
v -0.030214709 0.010570945 0.11546524
v -0.030214709 0.010584019 0.1154642
v -0.030216709 0.010603158 0.11560152
v -0.030216709 0.010582785 0.11560591
v -0.030216709 0.010562023 0.11560789
v -0.030216709 0.010541185 0.11560885
v -0.030216709 0.010520326 0.11560908
v -0.030216709 0.01049274 0.11560865
v -0.030216709 0.010465213 0.11560682
v -0.030216709 0.010438278 0.1156012
v -0.030216709 0.010419898 0.11558274
v -0.030216709 0.010438315 0.11556434
v -0.030216709 0.010465234 0.1155587
v -0.030216709 0.010492748 0.11555683
v -0.030216709 0.010520326 0.1155564
v -0.030216709 0.010547987 0.11555686
v -0.030216709 0.010575589 0.11555868
v -0.030216709 0.010602618 0.11556425
v -0.030216709 0.010620753 0.11558289
v -0.030216709 0.010619102 0.11558942
v -0.030216709 0.010614796 0.11559462
v -0.030216709 0.01060926 0.11559855
v -0.030216709 0.010581241 0.1155103
v -0.030216709 0.010593769 0.11550852
v -0.030216709 0.010605844 0.11550477
v -0.030216709 0.010616217 0.11549766
v -0.030216709 0.010620753 0.11548612
v -0.030214709 0.010620753 0.11548612
v -0.030214709 0.010616217 0.11549766
v -0.030214709 0.010605844 0.11550477
v -0.030214709 0.010593769 0.11550852
v -0.030214709 0.010581241 0.1155103
v -0.030216709 0.010544661 0.11549029
v -0.030216709 0.010544711 0.11549094
v -0.030216709 0.010544786 0.11549158
v -0.030216709 0.010544894 0.11549222
v -0.030216709 0.010545021 0.11549286
v -0.030214709 0.010545021 0.11549286
v -0.030214709 0.010544894 0.11549222
v -0.030214709 0.010544786 0.11549158
v -0.030214709 0.010544711 0.11549094
v -0.030214709 0.010544661 0.11549029
v -0.030216709 0.010603158 0.11560152
v -0.030216709 0.01060926 0.11559855
v -0.030216709 0.010614796 0.11559462
v -0.030216709 0.010619102 0.11558942
v -0.030216709 0.010620753 0.11558289
v -0.030214709 0.010620753 0.11558289
v -0.030214709 0.010619102 0.11558942
v -0.030214709 0.010614796 0.11559462
v -0.030214709 0.01060926 0.11559855
v -0.030214709 0.010603158 0.11560152
v -0.030216709 0.010584534 0.11552676
v -0.030216709 0.010581241 0.1155103
v -0.030214709 0.010581241 0.1155103
v -0.030214709 0.010584534 0.11552676
v -0.030216709 0.010545021 0.11549286
v -0.030216709 0.010515386 0.11549466
v -0.030214709 0.010515386 0.11549466
v -0.030214709 0.010545021 0.11549286
v -0.030216709 0.010620753 0.11558289
v -0.030216709 0.010602618 0.11556425
v -0.030216709 0.010575589 0.11555868
v -0.030216709 0.010547987 0.11555686
v -0.030216709 0.010520326 0.1155564
v -0.030214709 0.010520326 0.1155564
v -0.030214709 0.010547987 0.11555686
v -0.030214709 0.010575589 0.11555868
v -0.030214709 0.010602618 0.11556425
v -0.030214709 0.010620753 0.11558289
v -0.030216709 0.01053185 0.11568121
v -0.030216709 0.01052468 0.11569513
v -0.030216709 0.010510636 0.11570302
v -0.030216709 0.010494939 0.11570685
v -0.030216709 0.010478806 0.11570786
v -0.030216709 0.010461195 0.11570663
v -0.030216709 0.01044396 0.11570284
v -0.030216709 0.010427966 0.11569549
v -0.030216709 0.010419898 0.11568054
v -0.030216709 0.010427763 0.11566609
v -0.030216709 0.010443249 0.11565905
v -0.030216709 0.010460042 0.11565598
v -0.030216709 0.010477109 0.11565518
v -0.030216709 0.010493784 0.115656
v -0.030216709 0.010510164 0.11565916
v -0.030216709 0.010525015 0.11566657
v -0.030216709 0.010561485 0.11567669
v -0.030216709 0.01055787 0.11568822
v -0.030216709 0.010549494 0.11569708
v -0.030216709 0.010539006 0.11570335
v -0.030216709 0.010527631 0.11570786
v -0.030214709 0.010527631 0.11570786
v -0.030214709 0.010539006 0.11570335
v -0.030214709 0.010549494 0.11569708
v -0.030214709 0.01055787 0.11568822
v -0.030214709 0.010561485 0.11567669
v -0.030216709 0.010650388 0.11548669
v -0.030216709 0.010642605 0.11550565
v -0.030216709 0.010625283 0.1155173
v -0.030216709 0.010605295 0.11552365
v -0.030216709 0.010584534 0.11552676
v -0.030214709 0.010584534 0.11552676
v -0.030214709 0.010605295 0.11552365
v -0.030214709 0.010625283 0.1155173
v -0.030214709 0.010642605 0.11550565
v -0.030214709 0.010650388 0.11548669
v -0.030216709 0.010515386 0.11549466
v -0.030216709 0.010516695 0.11549196
v -0.030216709 0.010517776 0.11548916
v -0.030216709 0.01051858 0.11548627
v -0.030216709 0.010518885 0.11548329
v -0.030214709 0.010518885 0.11548329
v -0.030214709 0.01051858 0.11548627
v -0.030214709 0.010517776 0.11548916
v -0.030214709 0.010516695 0.11549196
v -0.030214709 0.010515386 0.11549466
v -0.030216709 0.010520326 0.1155564
v -0.030216709 0.010492748 0.11555683
v -0.030216709 0.010465234 0.1155587
v -0.030216709 0.010438315 0.11556434
v -0.030216709 0.010419898 0.11558274
v -0.030214709 0.010419898 0.11558274
v -0.030214709 0.010438315 0.11556434
v -0.030214709 0.010465234 0.1155587
v -0.030214709 0.010492748 0.11555683
v -0.030214709 0.010520326 0.1155564
v -0.030231709 0.010763556 0.11640591
v -0.030231709 0.010771056 0.1164039
v -0.030231709 0.010776546 0.11639841
v -0.030231709 0.010778556 0.11639091
v -0.030501709 0.010778556 0.11639091
v -0.030501709 0.010776546 0.11639841
v -0.030501709 0.010771056 0.1164039
v -0.030501709 0.010763556 0.11640591
v -0.030216709 0.010478138 0.11563872
v -0.030216709 0.010502861 0.11564013
v -0.030216709 0.010527051 0.11564535
v -0.030216709 0.010549219 0.11565622
v -0.030216709 0.010561485 0.11567669
v -0.030214709 0.010561485 0.11567669
v -0.030214709 0.010549219 0.11565622
v -0.030214709 0.010527051 0.11564535
v -0.030214709 0.010502861 0.11564013
v -0.030214709 0.010478138 0.11563872
v -0.030216709 0.01053185 0.11568121
v -0.030216709 0.010525015 0.11566657
v -0.030216709 0.010510164 0.11565916
v -0.030216709 0.010493784 0.115656
v -0.030216709 0.010477109 0.11565518
v -0.030214709 0.010477109 0.11565518
v -0.030214709 0.010493784 0.115656
v -0.030214709 0.010510164 0.11565916
v -0.030214709 0.010525015 0.11566657
v -0.030214709 0.01053185 0.11568121
v -0.030216709 0.010527631 0.11570786
v -0.030216709 0.010549487 0.11570739
v -0.030216709 0.010571278 0.1157057
v -0.030216709 0.010592726 0.11570157
v -0.030216709 0.010613139 0.11569387
v -0.030214709 0.010613139 0.11569387
v -0.030214709 0.010592726 0.11570157
v -0.030214709 0.010571278 0.1157057
v -0.030214709 0.010549487 0.11570739
v -0.030214709 0.010527631 0.11570786
v -0.030216709 0.010585099 0.11544774
v -0.030216709 0.010605846 0.11544965
v -0.030216709 0.01062575 0.11545576
v -0.030216709 0.010642601 0.11546782
v -0.030216709 0.010650388 0.11548669
v -0.030214709 0.010650388 0.11548669
v -0.030214709 0.010642601 0.11546782
v -0.030214709 0.01062575 0.11545576
v -0.030214709 0.010605846 0.11544965
v -0.030214709 0.010585099 0.11544774
v -0.030216709 0.010518885 0.11548329
v -0.030216709 0.010512889 0.11547015
v -0.030216709 0.010500245 0.11546248
v -0.030216709 0.010485905 0.11545867
v -0.030216709 0.010471089 0.11545762
v -0.030214709 0.010471089 0.11545762
v -0.030214709 0.010485905 0.11545867
v -0.030214709 0.010500245 0.11546248
v -0.030214709 0.010512889 0.11547015
v -0.030214709 0.010518885 0.11548329
v -0.030214709 0.010520223 0.11562555
v -0.030214709 0.010493599 0.11562504
v -0.030214709 0.010467029 0.11562331
v -0.030214709 0.010440664 0.11561962
v -0.030214709 0.01041501 0.11561258
v -0.030214709 0.0104059 0.1156078
v -0.030214709 0.010397905 0.11560134
v -0.030214709 0.010392221 0.1155928
v -0.030214709 0.010390263 0.11558274
v -0.030214709 0.010411339 0.11555501
v -0.030214709 0.010446669 0.11554478
v -0.030214709 0.010483342 0.11554089
v -0.030214709 0.010520223 0.11553994
v -0.030214709 0.010557207 0.11554083
v -0.030214709 0.01059396 0.11554491
v -0.030214709 0.010629618 0.11555441
v -0.030214709 0.010650388 0.11558274
v -0.030214709 0.010629248 0.1156105
v -0.030214709 0.010593872 0.11562074
v -0.030214709 0.01055715 0.11562461
v -0.030214709 0.010419898 0.11558274
v -0.030214709 0.010438278 0.1156012
v -0.030214709 0.010465213 0.11560682
v -0.030214709 0.01049274 0.11560865
v -0.030214709 0.010520326 0.11560908
v -0.030214709 0.010541185 0.11560885
v -0.030214709 0.010562023 0.11560789
v -0.030214709 0.010582785 0.11560591
v -0.030214709 0.010603158 0.11560152
v -0.030214709 0.01060926 0.11559855
v -0.030214709 0.010614796 0.11559462
v -0.030214709 0.010619102 0.11558942
v -0.030214709 0.010620753 0.11558289
v -0.030214709 0.010602618 0.11556425
v -0.030214709 0.010575589 0.11555868
v -0.030214709 0.010547987 0.11555686
v -0.030214709 0.010520326 0.1155564
v -0.030214709 0.010492748 0.11555683
v -0.030214709 0.010465234 0.1155587
v -0.030214709 0.010438315 0.11556434
v -0.030216709 0.010419898 0.11558274
v -0.030216709 0.010438278 0.1156012
v -0.030216709 0.010465213 0.11560682
v -0.030216709 0.01049274 0.11560865
v -0.030216709 0.010520326 0.11560908
v -0.030214709 0.010520326 0.11560908
v -0.030214709 0.01049274 0.11560865
v -0.030214709 0.010465213 0.11560682
v -0.030214709 0.010438278 0.1156012
v -0.030214709 0.010419898 0.11558274
v -0.030516709 0.009993556 0.11520591
v -0.030516709 0.010763556 0.11520591
v -0.030516709 0.010763556 0.11482091
v -0.030516709 0.009993556 0.11482091
v -0.030216709 0.010763556 0.11482091
v -0.030218719 0.010763556 0.11481341
v -0.030224209 0.010763556 0.11480792
v -0.030231709 0.010763556 0.11480591
v -0.030231709 0.010771056 0.11480792
v -0.030231709 0.010776546 0.11481341
v -0.030231709 0.010778556 0.11482091
v -0.030224209 0.010776546 0.11482091
v -0.030218719 0.010771056 0.11482091
v -0.030216709 0.010763556 0.11482091
v -0.030501709 0.010778556 0.11639091
v -0.030509209 0.010776546 0.11639091
v -0.030514699 0.010771056 0.11639091
v -0.030516709 0.010763556 0.11639091
v -0.030514699 0.010763556 0.11639841
v -0.030509209 0.010763556 0.1164039
v -0.030501709 0.010763556 0.11640591
v -0.030501709 0.010771056 0.1164039
v -0.030501709 0.010776546 0.11639841
v -0.030516709 0.010763556 0.11639091
v -0.030231709 0.010778556 0.11600591
v -0.030501709 0.010778556 0.11600591
v -0.030501709 0.010778556 0.11639091
v -0.030231709 0.010778556 0.11639091
v -0.030501709 0.010778556 0.11520591
v -0.030231709 0.010778556 0.11520591
v -0.030231709 0.010778556 0.11482091
v -0.030501709 0.010778556 0.11482091
v -0.030216709 0.010390263 0.11567931
v -0.030216709 0.010402794 0.1156573
v -0.030216709 0.010426324 0.11564595
v -0.030216709 0.010451959 0.11564042
v -0.030216709 0.010478138 0.11563872
v -0.030214709 0.010478138 0.11563872
v -0.030214709 0.010451959 0.11564042
v -0.030214709 0.010426324 0.11564595
v -0.030214709 0.010402794 0.1156573
v -0.030214709 0.010390263 0.11567931
v -0.030216709 0.010477109 0.11565518
v -0.030216709 0.010460042 0.11565598
v -0.030216709 0.010443249 0.11565905
v -0.030216709 0.010427763 0.11566609
v -0.030216709 0.010419898 0.11568054
v -0.030214709 0.010419898 0.11568054
v -0.030214709 0.010427763 0.11566609
v -0.030214709 0.010443249 0.11565905
v -0.030214709 0.010460042 0.11565598
v -0.030214709 0.010477109 0.11565518
v -0.030216709 0.010613139 0.11569387
v -0.030216709 0.010616018 0.11569083
v -0.030216709 0.010618431 0.11568742
v -0.030216709 0.010620148 0.1156836
v -0.030216709 0.010620753 0.11567946
v -0.030214709 0.010620753 0.11567946
v -0.030214709 0.010620148 0.1156836
v -0.030214709 0.010618431 0.11568742
v -0.030214709 0.010616018 0.11569083
v -0.030214709 0.010613139 0.11569387
v -0.030216709 0.010534165 0.11546528
v -0.030216709 0.010544997 0.11545674
v -0.030216709 0.010557753 0.11545143
v -0.030216709 0.010571288 0.11544857
v -0.030216709 0.010585099 0.11544774
v -0.030214709 0.010585099 0.11544774
v -0.030214709 0.010571288 0.11544857
v -0.030214709 0.010557753 0.11545143
v -0.030214709 0.010544997 0.11545674
v -0.030214709 0.010534165 0.11546528
v -0.030216709 0.010471089 0.11545762
v -0.030216709 0.010455188 0.11545866
v -0.030216709 0.010439716 0.11546245
v -0.030216709 0.010425985 0.11547036
v -0.030216709 0.010419898 0.11548463
v -0.030214709 0.010419898 0.11548463
v -0.030214709 0.010425985 0.11547036
v -0.030214709 0.010439716 0.11546245
v -0.030214709 0.010455188 0.11545866
v -0.030214709 0.010471089 0.11545762
v -0.030216709 0.010390263 0.11558274
v -0.030216709 0.010411339 0.11555501
v -0.030216709 0.010446669 0.11554478
v -0.030216709 0.010483342 0.11554089
v -0.030216709 0.010520223 0.11553994
v -0.030214709 0.010520223 0.11553994
v -0.030214709 0.010483342 0.11554089
v -0.030214709 0.010446669 0.11554478
v -0.030214709 0.010411339 0.11555501
v -0.030214709 0.010390263 0.11558274
v -0.030216709 0.010520326 0.11560908
v -0.030216709 0.010541185 0.11560885
v -0.030216709 0.010562023 0.11560789
v -0.030216709 0.010582785 0.11560591
v -0.030216709 0.010603158 0.11560152
v -0.030214709 0.010603158 0.11560152
v -0.030214709 0.010582785 0.11560591
v -0.030214709 0.010562023 0.11560789
v -0.030214709 0.010541185 0.11560885
v -0.030214709 0.010520326 0.11560908
v -0.030216709 0.010520223 0.11553994
v -0.030216709 0.010557207 0.11554083
v -0.030216709 0.01059396 0.11554491
v -0.030216709 0.010629618 0.11555441
v -0.030216709 0.010650388 0.11558274
v -0.030214709 0.010650388 0.11558274
v -0.030214709 0.010629618 0.11555441
v -0.030214709 0.01059396 0.11554491
v -0.030214709 0.010557207 0.11554083
v -0.030214709 0.010520223 0.11553994
v -0.030231709 0.010778556 0.11482091
v -0.030231709 0.010776546 0.11481341
v -0.030231709 0.010771056 0.11480792
v -0.030231709 0.010763556 0.11480591
v -0.030501709 0.010763556 0.11480591
v -0.030501709 0.010771056 0.11480792
v -0.030501709 0.010776546 0.11481341
v -0.030501709 0.010778556 0.11482091
v -0.030501709 0.010778556 0.11482091
v -0.030501709 0.010776546 0.11481341
v -0.030501709 0.010771056 0.11480792
v -0.030501709 0.010763556 0.11480591
v -0.030509209 0.010763556 0.11480792
v -0.030514699 0.010763556 0.11481341
v -0.030516709 0.010763556 0.11482091
v -0.030514699 0.010771056 0.11482091
v -0.030509209 0.010776546 0.11482091
v -0.030516709 0.010763556 0.11482091
v -0.030516709 0.010763556 0.11600591
v -0.030516709 0.009993556 0.11600591
v -0.030516709 0.009993556 0.11639091
v -0.030516709 0.010763556 0.11639091
v -0.030516709 0.009993556 0.11482091
v -0.030514699 0.009993556 0.11481341
v -0.030509209 0.009993556 0.11480792
v -0.030501709 0.009993556 0.11480591
v -0.030501709 0.009986056 0.11480792
v -0.030501709 0.0099805656 0.11481341
v -0.030501709 0.009978556 0.11482091
v -0.030509209 0.0099805656 0.11482091
v -0.030514699 0.009986056 0.11482091
v -0.030516709 0.009993556 0.11482091
v -0.030216709 0.009993556 0.11482091
v -0.030218719 0.009986056 0.11482091
v -0.030224209 0.0099805656 0.11482091
v -0.030231709 0.009978556 0.11482091
v -0.030231709 0.0099805656 0.11481341
v -0.030231709 0.009986056 0.11480792
v -0.030231709 0.009993556 0.11480591
v -0.030224209 0.009993556 0.11480792
v -0.030218719 0.009993556 0.11481341
v -0.030216709 0.009993556 0.11482091
v -0.030216709 0.009993556 0.11482091
v -0.030218719 0.009993556 0.11481341
v -0.030224209 0.009993556 0.11480792
v -0.030231709 0.009993556 0.11480591
v -0.030231709 0.010763556 0.11480591
v -0.030224209 0.010763556 0.11480792
v -0.030218719 0.010763556 0.11481341
v -0.030216709 0.010763556 0.11482091
v -0.030516709 0.010763556 0.11482091
v -0.030516709 0.010763556 0.11520591
v -0.030514699 0.010771056 0.11520591
v -0.030509209 0.010776546 0.11520591
v -0.030501709 0.010778556 0.11520591
v -0.030501709 0.010778556 0.11482091
v -0.030509209 0.010776546 0.11482091
v -0.030514699 0.010771056 0.11482091
v -0.030231709 0.010763556 0.11640591
v -0.030224209 0.010763556 0.1164039
v -0.030218719 0.010763556 0.11639841
v -0.030216709 0.010763556 0.11639091
v -0.030218719 0.010771056 0.11639091
v -0.030224209 0.010776546 0.11639091
v -0.030231709 0.010778556 0.11639091
v -0.030231709 0.010776546 0.11639841
v -0.030231709 0.010771056 0.1164039
v -0.030216709 0.010763556 0.11639091
v -0.030516709 0.010763556 0.11600591
v -0.030514699 0.010771056 0.11600591
v -0.030509209 0.010776546 0.11600591
v -0.030501709 0.010778556 0.11600591
v -0.030501709 0.010778556 0.11520591
v -0.030509209 0.010776546 0.11520591
v -0.030514699 0.010771056 0.11520591
v -0.030516709 0.010763556 0.11520591
v -0.030231709 0.009993556 0.11640591
v -0.030231709 0.010763556 0.11640591
v -0.030501709 0.010763556 0.11640591
v -0.030501709 0.009993556 0.11640591
v -0.030214709 0.010584534 0.11564201
v -0.030214709 0.010604903 0.11564437
v -0.030214709 0.010624678 0.11564973
v -0.030214709 0.010642169 0.11566023
v -0.030214709 0.010650388 0.11567838
v -0.030214709 0.010647885 0.11568958
v -0.030214709 0.010640931 0.11569875
v -0.030214709 0.010631606 0.11570554
v -0.030214709 0.010621216 0.11571059
v -0.030214709 0.01059509 0.11571809
v -0.030214709 0.010568155 0.11572194
v -0.030214709 0.010541003 0.11572381
v -0.030214709 0.010513792 0.11572433
v -0.030214709 0.010478276 0.11572326
v -0.030214709 0.010443029 0.11571891
v -0.030214709 0.010409687 0.11570708
v -0.030214709 0.010390263 0.11567931
v -0.030214709 0.010402794 0.1156573
v -0.030214709 0.010426324 0.11564595
v -0.030214709 0.010451959 0.11564042
v -0.030214709 0.010478138 0.11563872
v -0.030214709 0.010502861 0.11564013
v -0.030214709 0.010527051 0.11564535
v -0.030214709 0.010549219 0.11565622
v -0.030214709 0.010561485 0.11567669
v -0.030214709 0.01055787 0.11568822
v -0.030214709 0.010549494 0.11569708
v -0.030214709 0.010539006 0.11570335
v -0.030214709 0.010527631 0.11570786
v -0.030214709 0.010549487 0.11570739
v -0.030214709 0.010571278 0.1157057
v -0.030214709 0.010592726 0.11570157
v -0.030214709 0.010613139 0.11569387
v -0.030214709 0.010616018 0.11569083
v -0.030214709 0.010618431 0.11568742
v -0.030214709 0.010620148 0.1156836
v -0.030214709 0.010620753 0.11567946
v -0.030214709 0.010619584 0.11567431
v -0.030214709 0.010616438 0.11567005
v -0.030214709 0.010612264 0.11566676
v -0.030214709 0.010607583 0.11566424
v -0.030214709 0.010601209 0.11566198
v -0.030214709 0.010594623 0.11566043
v -0.030214709 0.010587947 0.11565935
v -0.030214709 0.010581241 0.11565847
v -0.030214709 0.010419898 0.11568054
v -0.030214709 0.010427966 0.11569549
v -0.030214709 0.01044396 0.11570284
v -0.030214709 0.010461195 0.11570663
v -0.030214709 0.010478806 0.11570786
v -0.030214709 0.010494939 0.11570685
v -0.030214709 0.010510636 0.11570302
v -0.030214709 0.01052468 0.11569513
v -0.030214709 0.01053185 0.11568121
v -0.030214709 0.010525015 0.11566657
v -0.030214709 0.010510164 0.11565916
v -0.030214709 0.010493784 0.115656
v -0.030214709 0.010477109 0.11565518
v -0.030214709 0.010460042 0.11565598
v -0.030214709 0.010443249 0.11565905
v -0.030214709 0.010427763 0.11566609
v -0.030216709 0.010513792 0.11572433
v -0.030216709 0.010478276 0.11572326
v -0.030216709 0.010443029 0.11571891
v -0.030216709 0.010409687 0.11570708
v -0.030216709 0.010390263 0.11567931
v -0.030214709 0.010390263 0.11567931
v -0.030214709 0.010409687 0.11570708
v -0.030214709 0.010443029 0.11571891
v -0.030214709 0.010478276 0.11572326
v -0.030214709 0.010513792 0.11572433
v -0.030216709 0.010419898 0.11568054
v -0.030216709 0.010427966 0.11569549
v -0.030216709 0.01044396 0.11570284
v -0.030216709 0.010461195 0.11570663
v -0.030216709 0.010478806 0.11570786
v -0.030214709 0.010478806 0.11570786
v -0.030214709 0.010461195 0.11570663
v -0.030214709 0.01044396 0.11570284
v -0.030214709 0.010427966 0.11569549
v -0.030214709 0.010419898 0.11568054
v -0.030216709 0.010620753 0.11567946
v -0.030216709 0.010619584 0.11567431
v -0.030216709 0.010616438 0.11567005
v -0.030216709 0.010612264 0.11566676
v -0.030216709 0.010607583 0.11566424
v -0.030214709 0.010607583 0.11566424
v -0.030214709 0.010612264 0.11566676
v -0.030214709 0.010616438 0.11567005
v -0.030214709 0.010619584 0.11567431
v -0.030214709 0.010620753 0.11567946
v -0.030216709 0.010470832 0.11544115
v -0.030216709 0.010488557 0.11544207
v -0.030216709 0.010505976 0.11544543
v -0.030216709 0.010522217 0.11545247
v -0.030216709 0.010534165 0.11546528
v -0.030214709 0.010534165 0.11546528
v -0.030214709 0.010522217 0.11545247
v -0.030214709 0.010505976 0.11544543
v -0.030214709 0.010488557 0.11544207
v -0.030214709 0.010470832 0.11544115
v -0.030214709 0.010462703 0.11552676
v -0.030214709 0.010440092 0.11552415
v -0.030214709 0.010418297 0.11551766
v -0.030214709 0.010399177 0.1155055
v -0.030214709 0.010390263 0.11548519
v -0.030214709 0.010400395 0.11546298
v -0.030214709 0.010421675 0.11544988
v -0.030214709 0.010445813 0.1154431
v -0.030214709 0.010470832 0.11544115
v -0.030214709 0.010488557 0.11544207
v -0.030214709 0.010505976 0.11544543
v -0.030214709 0.010522217 0.11545247
v -0.030214709 0.010534165 0.11546528
v -0.030214709 0.010544997 0.11545674
v -0.030214709 0.010557753 0.11545143
v -0.030214709 0.010571288 0.11544857
v -0.030214709 0.010585099 0.11544774
v -0.030214709 0.010605846 0.11544965
v -0.030214709 0.01062575 0.11545576
v -0.030214709 0.010642601 0.11546782
v -0.030214709 0.010650388 0.11548669
v -0.030214709 0.010642605 0.11550565
v -0.030214709 0.010625283 0.1155173
v -0.030214709 0.010605295 0.11552365
v -0.030214709 0.010584534 0.11552676
v -0.030214709 0.010581241 0.1155103
v -0.030214709 0.010593769 0.11550852
v -0.030214709 0.010605844 0.11550477
v -0.030214709 0.010616217 0.11549766
v -0.030214709 0.010620753 0.11548612
v -0.030214709 0.010616596 0.11547533
v -0.030214709 0.010607002 0.1154686
v -0.030214709 0.010595752 0.11546516
v -0.030214709 0.010584019 0.1154642
v -0.030214709 0.010570945 0.11546524
v -0.030214709 0.010558531 0.11546936
v -0.030214709 0.01054878 0.11547801
v -0.030214709 0.010544661 0.11549029
v -0.030214709 0.010544711 0.11549094
v -0.030214709 0.010544786 0.11549158
v -0.030214709 0.010544894 0.11549222
v -0.030214709 0.010545021 0.11549286
v -0.030214709 0.010515386 0.11549466
v -0.030214709 0.010516695 0.11549196
v -0.030214709 0.010517776 0.11548916
v -0.030214709 0.01051858 0.11548627
v -0.030214709 0.010518885 0.11548329
v -0.030214709 0.010512889 0.11547015
v -0.030214709 0.010500245 0.11546248
v -0.030214709 0.010485905 0.11545867
v -0.030214709 0.010471089 0.11545762
v -0.030214709 0.010455188 0.11545866
v -0.030214709 0.010439716 0.11546245
v -0.030214709 0.010425985 0.11547036
v -0.030214709 0.010419898 0.11548463
v -0.030214709 0.010425168 0.11549768
v -0.030214709 0.010437683 0.11550468
v -0.030214709 0.010451697 0.11550819
v -0.030214709 0.010465996 0.1155103
v -0.030216709 0.010419898 0.11548463
v -0.030216709 0.010425168 0.11549768
v -0.030216709 0.010437683 0.11550468
v -0.030216709 0.010451697 0.11550819
v -0.030216709 0.010465996 0.1155103
v -0.030214709 0.010465996 0.1155103
v -0.030214709 0.010451697 0.11550819
v -0.030214709 0.010437683 0.11550468
v -0.030214709 0.010425168 0.11549768
v -0.030214709 0.010419898 0.11548463
v -0.030216709 0.01041501 0.11561258
v -0.030216709 0.0104059 0.1156078
v -0.030216709 0.010397905 0.11560134
v -0.030216709 0.010392221 0.1155928
v -0.030216709 0.010390263 0.11558274
v -0.030214709 0.010390263 0.11558274
v -0.030214709 0.010392221 0.1155928
v -0.030214709 0.010397905 0.11560134
v -0.030214709 0.0104059 0.1156078
v -0.030214709 0.01041501 0.11561258
v -0.030216709 0.010650388 0.11558274
v -0.030216709 0.010629248 0.1156105
v -0.030216709 0.010593872 0.11562074
v -0.030216709 0.01055715 0.11562461
v -0.030216709 0.010520223 0.11562555
v -0.030214709 0.010520223 0.11562555
v -0.030214709 0.01055715 0.11562461
v -0.030214709 0.010593872 0.11562074
v -0.030214709 0.010629248 0.1156105
v -0.030214709 0.010650388 0.11558274
v -0.030516709 0.009993556 0.11520591
v -0.030516709 0.009993556 0.11600591
v -0.030516709 0.010763556 0.11600591
v -0.030516709 0.010763556 0.11520591
v -0.030501709 0.009993556 0.11480591
v -0.030509209 0.009993556 0.11480792
v -0.030514699 0.009993556 0.11481341
v -0.030516709 0.009993556 0.11482091
v -0.030516709 0.010763556 0.11482091
v -0.030514699 0.010763556 0.11481341
v -0.030509209 0.010763556 0.11480792
v -0.030501709 0.010763556 0.11480591
v -0.030516709 0.009993556 0.11639091
v -0.030514699 0.009986056 0.11639091
v -0.030509209 0.0099805656 0.11639091
v -0.030501709 0.009978556 0.11639091
v -0.030501709 0.0099805656 0.11639841
v -0.030501709 0.009986056 0.1164039
v -0.030501709 0.009993556 0.11640591
v -0.030509209 0.009993556 0.1164039
v -0.030514699 0.009993556 0.11639841
v -0.030516709 0.009993556 0.11639091
v -0.030231709 0.009993556 0.11640591
v -0.030231709 0.009986056 0.1164039
v -0.030231709 0.0099805656 0.11639841
v -0.030231709 0.009978556 0.11639091
v -0.030224209 0.0099805656 0.11639091
v -0.030218719 0.009986056 0.11639091
v -0.030216709 0.009993556 0.11639091
v -0.030218719 0.009993556 0.11639841
v -0.030224209 0.009993556 0.1164039
v -0.030216709 0.009993556 0.11639091
v -0.030231709 0.009993556 0.11480591
v -0.030231709 0.009986056 0.11480792
v -0.030231709 0.0099805656 0.11481341
v -0.030231709 0.009978556 0.11482091
v -0.030501709 0.009978556 0.11482091
v -0.030501709 0.0099805656 0.11481341
v -0.030501709 0.009986056 0.11480792
v -0.030501709 0.009993556 0.11480591
v -0.030501709 0.010778556 0.11639091
v -0.030501709 0.010778556 0.11600591
v -0.030509209 0.010776546 0.11600591
v -0.030514699 0.010771056 0.11600591
v -0.030516709 0.010763556 0.11600591
v -0.030516709 0.010763556 0.11639091
v -0.030514699 0.010771056 0.11639091
v -0.030509209 0.010776546 0.11639091
v -0.030516709 0.009993556 0.11639091
v -0.030514699 0.009993556 0.11639841
v -0.030509209 0.009993556 0.1164039
v -0.030501709 0.009993556 0.11640591
v -0.030501709 0.010763556 0.11640591
v -0.030509209 0.010763556 0.1164039
v -0.030514699 0.010763556 0.11639841
v -0.030516709 0.010763556 0.11639091
v -0.030231709 0.010778556 0.11482091
v -0.030231709 0.010778556 0.11520591
v -0.030224209 0.010776546 0.11520591
v -0.030218719 0.010771056 0.11520591
v -0.030216709 0.010763556 0.11520591
v -0.030216709 0.010763556 0.11482091
v -0.030218719 0.010771056 0.11482091
v -0.030224209 0.010776546 0.11482091
v -0.030216709 0.010621216 0.11571059
v -0.030216709 0.01059509 0.11571809
v -0.030216709 0.010568155 0.11572194
v -0.030216709 0.010541003 0.11572381
v -0.030216709 0.010513792 0.11572433
v -0.030214709 0.010513792 0.11572433
v -0.030214709 0.010541003 0.11572381
v -0.030214709 0.010568155 0.11572194
v -0.030214709 0.01059509 0.11571809
v -0.030214709 0.010621216 0.11571059
v -0.030216709 0.010478806 0.11570786
v -0.030216709 0.010494939 0.11570685
v -0.030216709 0.010510636 0.11570302
v -0.030216709 0.01052468 0.11569513
v -0.030216709 0.01053185 0.11568121
v -0.030214709 0.01053185 0.11568121
v -0.030214709 0.01052468 0.11569513
v -0.030214709 0.010510636 0.11570302
v -0.030214709 0.010494939 0.11570685
v -0.030214709 0.010478806 0.11570786
v -0.030216709 0.010607583 0.11566424
v -0.030216709 0.010601209 0.11566198
v -0.030216709 0.010594623 0.11566043
v -0.030216709 0.010587947 0.11565935
v -0.030216709 0.010581241 0.11565847
v -0.030214709 0.010581241 0.11565847
v -0.030214709 0.010587947 0.11565935
v -0.030214709 0.010594623 0.11566043
v -0.030214709 0.010601209 0.11566198
v -0.030214709 0.010607583 0.11566424
v -0.030216709 0.010390263 0.11548519
v -0.030216709 0.010400395 0.11546298
v -0.030216709 0.010421675 0.11544988
v -0.030216709 0.010445813 0.1154431
v -0.030216709 0.010470832 0.11544115
v -0.030214709 0.010470832 0.11544115
v -0.030214709 0.010445813 0.1154431
v -0.030214709 0.010421675 0.11544988
v -0.030214709 0.010400395 0.11546298
v -0.030214709 0.010390263 0.11548519
v -0.030216709 0.010465996 0.1155103
v -0.030216709 0.010462703 0.11552676
v -0.030214709 0.010462703 0.11552676
v -0.030214709 0.010465996 0.1155103
v -0.030216709 0.010520223 0.11562555
v -0.030216709 0.010493599 0.11562504
v -0.030216709 0.010467029 0.11562331
v -0.030216709 0.010440664 0.11561962
v -0.030216709 0.01041501 0.11561258
v -0.030214709 0.01041501 0.11561258
v -0.030214709 0.010440664 0.11561962
v -0.030214709 0.010467029 0.11562331
v -0.030214709 0.010493599 0.11562504
v -0.030214709 0.010520223 0.11562555
v -0.030501709 0.010778556 0.11520591
v -0.030501709 0.010778556 0.11600591
v -0.030231709 0.010778556 0.11600591
v -0.030231709 0.010778556 0.11520591
v -0.030501709 0.009978556 0.11600591
v -0.030509209 0.0099805656 0.11600591
v -0.030514699 0.009986056 0.11600591
v -0.030516709 0.009993556 0.11600591
v -0.030516709 0.009993556 0.11520591
v -0.030514699 0.009986056 0.11520591
v -0.030509209 0.0099805656 0.11520591
v -0.030501709 0.009978556 0.11520591
v -0.030501709 0.009978556 0.11482091
v -0.030501709 0.009978556 0.11520591
v -0.030509209 0.0099805656 0.11520591
v -0.030514699 0.009986056 0.11520591
v -0.030516709 0.009993556 0.11520591
v -0.030516709 0.009993556 0.11482091
v -0.030514699 0.009986056 0.11482091
v -0.030509209 0.0099805656 0.11482091
v -0.030216709 0.010763556 0.11639091
v -0.030216709 0.010763556 0.11600591
v -0.030218719 0.010771056 0.11600591
v -0.030224209 0.010776546 0.11600591
v -0.030231709 0.010778556 0.11600591
v -0.030231709 0.010778556 0.11639091
v -0.030224209 0.010776546 0.11639091
v -0.030218719 0.010771056 0.11639091
v -0.030231709 0.009993556 0.11640591
v -0.030224209 0.009993556 0.1164039
v -0.030218719 0.009993556 0.11639841
v -0.030216709 0.009993556 0.11639091
v -0.030216709 0.010763556 0.11639091
v -0.030218719 0.010763556 0.11639841
v -0.030224209 0.010763556 0.1164039
v -0.030231709 0.010763556 0.11640591
v -0.030501709 0.009993556 0.11640591
v -0.030501709 0.009986056 0.1164039
v -0.030501709 0.0099805656 0.11639841
v -0.030501709 0.009978556 0.11639091
v -0.030231709 0.009978556 0.11639091
v -0.030231709 0.0099805656 0.11639841
v -0.030231709 0.009986056 0.1164039
v -0.030231709 0.009993556 0.11640591
v -0.030216709 0.010650388 0.11567838
v -0.030216709 0.010647885 0.11568958
v -0.030216709 0.010640931 0.11569875
v -0.030216709 0.010631606 0.11570554
v -0.030216709 0.010621216 0.11571059
v -0.030214709 0.010621216 0.11571059
v -0.030214709 0.010631606 0.11570554
v -0.030214709 0.010640931 0.11569875
v -0.030214709 0.010647885 0.11568958
v -0.030214709 0.010650388 0.11567838
v -0.030216709 0.010581241 0.11565847
v -0.030216709 0.010584534 0.11564201
v -0.030214709 0.010584534 0.11564201
v -0.030214709 0.010581241 0.11565847
v -0.030216709 0.010462703 0.11552676
v -0.030216709 0.010440092 0.11552415
v -0.030216709 0.010418297 0.11551766
v -0.030216709 0.010399177 0.1155055
v -0.030216709 0.010390263 0.11548519
v -0.030214709 0.010390263 0.11548519
v -0.030214709 0.010399177 0.1155055
v -0.030214709 0.010418297 0.11551766
v -0.030214709 0.010440092 0.11552415
v -0.030214709 0.010462703 0.11552676
v -0.030231709 0.009993556 0.11480591
v -0.030501709 0.009993556 0.11480591
v -0.030501709 0.010763556 0.11480591
v -0.030231709 0.010763556 0.11480591
v -0.030516709 0.009993556 0.11639091
v -0.030516709 0.009993556 0.11600591
v -0.030514699 0.009986056 0.11600591
v -0.030509209 0.0099805656 0.11600591
v -0.030501709 0.009978556 0.11600591
v -0.030501709 0.009978556 0.11639091
v -0.030509209 0.0099805656 0.11639091
v -0.030514699 0.009986056 0.11639091
v -0.030231709 0.010778556 0.11600591
v -0.030224209 0.010776546 0.11600591
v -0.030218719 0.010771056 0.11600591
v -0.030216709 0.010763556 0.11600591
v -0.030216709 0.010763556 0.11520591
v -0.030218719 0.010771056 0.11520591
v -0.030224209 0.010776546 0.11520591
v -0.030231709 0.010778556 0.11520591
v -0.030216709 0.009993556 0.11600591
v -0.030218719 0.009986056 0.11600591
v -0.030224209 0.0099805656 0.11600591
v -0.030231709 0.009978556 0.11600591
v -0.030231709 0.009978556 0.11520591
v -0.030224209 0.0099805656 0.11520591
v -0.030218719 0.009986056 0.11520591
v -0.030216709 0.009993556 0.11520591
v -0.030216709 0.010584534 0.11564201
v -0.030216709 0.010604903 0.11564437
v -0.030216709 0.010624678 0.11564973
v -0.030216709 0.010642169 0.11566023
v -0.030216709 0.010650388 0.11567838
v -0.030214709 0.010650388 0.11567838
v -0.030214709 0.010642169 0.11566023
v -0.030214709 0.010624678 0.11564973
v -0.030214709 0.010604903 0.11564437
v -0.030214709 0.010584534 0.11564201
v -0.030231709 0.009978556 0.11520591
v -0.030231709 0.009978556 0.11600591
v -0.030501709 0.009978556 0.11600591
v -0.030501709 0.009978556 0.11520591
v -0.030216709 0.009993556 0.11482091
v -0.030216709 0.009993556 0.11520591
v -0.030218719 0.009986056 0.11520591
v -0.030224209 0.0099805656 0.11520591
v -0.030231709 0.009978556 0.11520591
v -0.030231709 0.009978556 0.11482091
v -0.030224209 0.0099805656 0.11482091
v -0.030218719 0.009986056 0.11482091
v -0.030231709 0.009978556 0.11639091
v -0.030231709 0.009978556 0.11600591
v -0.030224209 0.0099805656 0.11600591
v -0.030218719 0.009986056 0.11600591
v -0.030216709 0.009993556 0.11600591
v -0.030216709 0.009993556 0.11639091
v -0.030218719 0.009986056 0.11639091
v -0.030224209 0.0099805656 0.11639091
v -0.030216709 0.010763556 0.11482091
v -0.030216709 0.010763556 0.11520591
v -0.030216709 0.009993556 0.11520591
v -0.030216709 0.009993556 0.11482091
v -0.030216709 0.009993556 0.11639091
v -0.030216709 0.009993556 0.11600591
v -0.030216709 0.010763556 0.11600591
v -0.030216709 0.010763556 0.11639091
v -0.030231709 0.009978556 0.11520591
v -0.030501709 0.009978556 0.11520591
v -0.030501709 0.009978556 0.11482091
v -0.030231709 0.009978556 0.11482091
v -0.030501709 0.009978556 0.11600591
v -0.030231709 0.009978556 0.11600591
v -0.030231709 0.009978556 0.11639091
v -0.030501709 0.009978556 0.11639091
v -0.030216709 0.010763556 0.11600591
v -0.030216709 0.009993556 0.11600591
v -0.030216709 0.009993556 0.11520591
v -0.030216709 0.010763556 0.11520591
v -0.030216709 0.010650388 0.11567838
v -0.030216709 0.010642169 0.11566023
v -0.030216709 0.010624678 0.11564973
v -0.030216709 0.010604903 0.11564437
v -0.030216709 0.010584534 0.11564201
v -0.030216709 0.010581241 0.11565847
v -0.030216709 0.010587947 0.11565935
v -0.030216709 0.010594623 0.11566043
v -0.030216709 0.010601209 0.11566198
v -0.030216709 0.010607583 0.11566424
v -0.030216709 0.010612264 0.11566676
v -0.030216709 0.010616438 0.11567005
v -0.030216709 0.010619584 0.11567431
v -0.030216709 0.010620753 0.11567946
v -0.030216709 0.010620148 0.1156836
v -0.030216709 0.010618431 0.11568742
v -0.030216709 0.010616018 0.11569083
v -0.030216709 0.010613139 0.11569387
v -0.030216709 0.010592726 0.11570157
v -0.030216709 0.010571278 0.1157057
v -0.030216709 0.010549487 0.11570739
v -0.030216709 0.010527631 0.11570786
v -0.030216709 0.010539006 0.11570335
v -0.030216709 0.010549494 0.11569708
v -0.030216709 0.01055787 0.11568822
v -0.030216709 0.010561485 0.11567669
v -0.030216709 0.010549219 0.11565622
v -0.030216709 0.010527051 0.11564535
v -0.030216709 0.010502861 0.11564013
v -0.030216709 0.010478138 0.11563872
v -0.030216709 0.010451959 0.11564042
v -0.030216709 0.010426324 0.11564595
v -0.030216709 0.010402794 0.1156573
v -0.030216709 0.010390263 0.11567931
v -0.030216709 0.010409687 0.11570708
v -0.030216709 0.010443029 0.11571891
v -0.030216709 0.010478276 0.11572326
v -0.030216709 0.010513792 0.11572433
v -0.030216709 0.010541003 0.11572381
v -0.030216709 0.010568155 0.11572194
v -0.030216709 0.01059509 0.11571809
v -0.030216709 0.010621216 0.11571059
v -0.030216709 0.010631606 0.11570554
v -0.030216709 0.010640931 0.11569875
v -0.030216709 0.010647885 0.11568958
v -0.030216709 0.010390263 0.11548519
v -0.030216709 0.010399177 0.1155055
v -0.030216709 0.010418297 0.11551766
v -0.030216709 0.010440092 0.11552415
v -0.030216709 0.010462703 0.11552676
v -0.030216709 0.010465996 0.1155103
v -0.030216709 0.010451697 0.11550819
v -0.030216709 0.010437683 0.11550468
v -0.030216709 0.010425168 0.11549768
v -0.030216709 0.010419898 0.11548463
v -0.030216709 0.010425985 0.11547036
v -0.030216709 0.010439716 0.11546245
v -0.030216709 0.010455188 0.11545866
v -0.030216709 0.010471089 0.11545762
v -0.030216709 0.010485905 0.11545867
v -0.030216709 0.010500245 0.11546248
v -0.030216709 0.010512889 0.11547015
v -0.030216709 0.010518885 0.11548329
v -0.030216709 0.01051858 0.11548627
v -0.030216709 0.010517776 0.11548916
v -0.030216709 0.010516695 0.11549196
v -0.030216709 0.010515386 0.11549466
v -0.030216709 0.010545021 0.11549286
v -0.030216709 0.010544894 0.11549222
v -0.030216709 0.010544786 0.11549158
v -0.030216709 0.010544711 0.11549094
v -0.030216709 0.010544661 0.11549029
v -0.030216709 0.01054878 0.11547801
v -0.030216709 0.010558531 0.11546936
v -0.030216709 0.010570945 0.11546524
v -0.030216709 0.010584019 0.1154642
v -0.030216709 0.010595752 0.11546516
v -0.030216709 0.010607002 0.1154686
v -0.030216709 0.010616596 0.11547533
v -0.030216709 0.010620753 0.11548612
v -0.030216709 0.010616217 0.11549766
v -0.030216709 0.010605844 0.11550477
v -0.030216709 0.010593769 0.11550852
v -0.030216709 0.010581241 0.1155103
v -0.030216709 0.010584534 0.11552676
v -0.030216709 0.010605295 0.11552365
v -0.030216709 0.010625283 0.1155173
v -0.030216709 0.010642605 0.11550565
v -0.030216709 0.010650388 0.11548669
v -0.030216709 0.010642601 0.11546782
v -0.030216709 0.01062575 0.11545576
v -0.030216709 0.010605846 0.11544965
v -0.030216709 0.010585099 0.11544774
v -0.030216709 0.010571288 0.11544857
v -0.030216709 0.010557753 0.11545143
v -0.030216709 0.010544997 0.11545674
v -0.030216709 0.010534165 0.11546528
v -0.030216709 0.010522217 0.11545247
v -0.030216709 0.010505976 0.11544543
v -0.030216709 0.010488557 0.11544207
v -0.030216709 0.010470832 0.11544115
v -0.030216709 0.010445813 0.1154431
v -0.030216709 0.010421675 0.11544988
v -0.030216709 0.010400395 0.11546298
v -0.030216709 0.01041501 0.11561258
v -0.030216709 0.010440664 0.11561962
v -0.030216709 0.010467029 0.11562331
v -0.030216709 0.010493599 0.11562504
v -0.030216709 0.010520223 0.11562555
v -0.030216709 0.01055715 0.11562461
v -0.030216709 0.010593872 0.11562074
v -0.030216709 0.010629248 0.1156105
v -0.030216709 0.010650388 0.11558274
v -0.030216709 0.010629618 0.11555441
v -0.030216709 0.01059396 0.11554491
v -0.030216709 0.010557207 0.11554083
v -0.030216709 0.010520223 0.11553994
v -0.030216709 0.010483342 0.11554089
v -0.030216709 0.010446669 0.11554478
v -0.030216709 0.010411339 0.11555501
v -0.030216709 0.010390263 0.11558274
v -0.030216709 0.010392221 0.1155928
v -0.030216709 0.010397905 0.11560134
v -0.030216709 0.0104059 0.1156078
f 4089 4090 4098
f 4098 4090 4097
f 4097 4090 4091
f 4097 4091 4096
f 4096 4091 4092
f 4096 4092 4095
f 4095 4092 4093
f 4095 4093 4094
f 4099 4100 4108
f 4108 4100 4107
f 4107 4100 4101
f 4107 4101 4106
f 4106 4101 4102
f 4106 4102 4105
f 4105 4102 4103
f 4105 4103 4104
f 4109 4110 4128
f 4128 4110 4111
f 4128 4111 4127
f 4127 4111 4112
f 4127 4112 4126
f 4126 4112 4125
f 4125 4112 4113
f 4125 4113 4121
f 4121 4113 4117
f 4121 4117 4120
f 4120 4117 4119
f 4119 4117 4118
f 4113 4114 4117
f 4117 4114 4115
f 4117 4115 4116
f 4121 4122 4125
f 4125 4122 4123
f 4125 4123 4124
f 4129 4130 4138
f 4138 4130 4137
f 4137 4130 4131
f 4137 4131 4136
f 4136 4131 4132
f 4136 4132 4135
f 4135 4132 4133
f 4135 4133 4134
f 4139 4140 4148
f 4148 4140 4147
f 4147 4140 4141
f 4147 4141 4146
f 4146 4141 4142
f 4146 4142 4145
f 4145 4142 4143
f 4145 4143 4144
f 4149 4150 4158
f 4158 4150 4157
f 4157 4150 4151
f 4157 4151 4156
f 4156 4151 4152
f 4156 4152 4155
f 4155 4152 4153
f 4155 4153 4154
f 4159 4160 4162
f 4162 4160 4161
f 4163 4164 4166
f 4166 4164 4165
f 4167 4168 4176
f 4176 4168 4175
f 4175 4168 4169
f 4175 4169 4174
f 4174 4169 4170
f 4174 4170 4173
f 4173 4170 4171
f 4173 4171 4172
f 4178 4185 4177
f 4177 4185 4186
f 4177 4186 4192
f 4192 4186 4189
f 4192 4189 4190
f 4179 4180 4178
f 4178 4180 4181
f 4178 4181 4182
f 4182 4183 4178
f 4178 4183 4184
f 4178 4184 4185
f 4187 4188 4186
f 4186 4188 4189
f 4190 4191 4192
f 4193 4194 4202
f 4202 4194 4201
f 4201 4194 4195
f 4201 4195 4200
f 4200 4195 4196
f 4200 4196 4199
f 4199 4196 4197
f 4199 4197 4198
f 4203 4204 4212
f 4212 4204 4211
f 4211 4204 4205
f 4211 4205 4210
f 4210 4205 4206
f 4210 4206 4209
f 4209 4206 4207
f 4209 4207 4208
f 4213 4214 4222
f 4222 4214 4221
f 4221 4214 4215
f 4221 4215 4220
f 4220 4215 4216
f 4220 4216 4219
f 4219 4216 4217
f 4219 4217 4218
f 4223 4224 4232
f 4232 4224 4231
f 4231 4224 4225
f 4231 4225 4230
f 4230 4225 4226
f 4230 4226 4229
f 4229 4226 4227
f 4229 4227 4228
f 4240 4233 4239
f 4239 4233 4234
f 4239 4234 4238
f 4238 4234 4235
f 4238 4235 4237
f 4237 4235 4236
f 4241 4242 4250
f 4250 4242 4249
f 4249 4242 4243
f 4249 4243 4248
f 4248 4243 4244
f 4248 4244 4247
f 4247 4244 4245
f 4247 4245 4246
f 4251 4252 4260
f 4260 4252 4259
f 4259 4252 4253
f 4259 4253 4258
f 4258 4253 4254
f 4258 4254 4257
f 4257 4254 4255
f 4257 4255 4256
f 4261 4262 4270
f 4270 4262 4269
f 4269 4262 4263
f 4269 4263 4268
f 4268 4263 4264
f 4268 4264 4267
f 4267 4264 4265
f 4267 4265 4266
f 4271 4272 4280
f 4280 4272 4279
f 4279 4272 4273
f 4279 4273 4278
f 4278 4273 4274
f 4278 4274 4277
f 4277 4274 4275
f 4277 4275 4276
f 4281 4282 4290
f 4290 4282 4289
f 4289 4282 4283
f 4289 4283 4288
f 4288 4283 4284
f 4288 4284 4287
f 4287 4284 4285
f 4287 4285 4286
f 4292 4315 4291
f 4291 4315 4316
f 4291 4316 4310
f 4310 4316 4317
f 4310 4317 4309
f 4309 4317 4318
f 4309 4318 4308
f 4308 4318 4319
f 4308 4319 4320
f 4315 4292 4314
f 4314 4292 4293
f 4314 4293 4313
f 4313 4293 4294
f 4313 4294 4295
f 4313 4295 4312
f 4312 4295 4296
f 4312 4296 4297
f 4297 4298 4312
f 4312 4298 4311
f 4311 4298 4299
f 4311 4299 4330
f 4330 4299 4300
f 4330 4300 4329
f 4329 4300 4301
f 4329 4301 4302
f 4329 4302 4328
f 4328 4302 4303
f 4328 4303 4327
f 4327 4303 4326
f 4326 4303 4304
f 4326 4304 4325
f 4325 4304 4305
f 4325 4305 4306
f 4325 4306 4324
f 4324 4306 4307
f 4324 4307 4323
f 4323 4307 4322
f 4322 4307 4321
f 4321 4307 4308
f 4321 4308 4320
f 4331 4332 4340
f 4340 4332 4339
f 4339 4332 4333
f 4339 4333 4338
f 4338 4333 4334
f 4338 4334 4337
f 4337 4334 4335
f 4337 4335 4336
f 4341 4342 4344
f 4344 4342 4343
f 4354 4346 4353
f 4353 4346 4347
f 4353 4347 4350
f 4350 4347 4349
f 4349 4347 4348
f 4351 4352 4350
f 4350 4352 4353
f 4355 4356 4363
f 4363 4356 4357
f 4363 4357 4360
f 4360 4357 4359
f 4359 4357 4364
f 4361 4362 4360
f 4360 4362 4363
f 4366 4367 4365
f 4365 4367 4368
f 4370 4371 4369
f 4369 4371 4372
f 4373 4374 4382
f 4382 4374 4381
f 4381 4374 4375
f 4381 4375 4380
f 4380 4375 4376
f 4380 4376 4379
f 4379 4376 4377
f 4379 4377 4378
f 4383 4384 4392
f 4392 4384 4391
f 4391 4384 4385
f 4391 4385 4390
f 4390 4385 4386
f 4390 4386 4389
f 4389 4386 4387
f 4389 4387 4388
f 4393 4394 4402
f 4402 4394 4401
f 4401 4394 4395
f 4401 4395 4400
f 4400 4395 4396
f 4400 4396 4399
f 4399 4396 4397
f 4399 4397 4398
f 4403 4404 4412
f 4412 4404 4411
f 4411 4404 4405
f 4411 4405 4410
f 4410 4405 4406
f 4410 4406 4409
f 4409 4406 4407
f 4409 4407 4408
f 4413 4414 4422
f 4422 4414 4421
f 4421 4414 4415
f 4421 4415 4420
f 4420 4415 4416
f 4420 4416 4419
f 4419 4416 4417
f 4419 4417 4418
f 4423 4424 4432
f 4432 4424 4431
f 4431 4424 4425
f 4431 4425 4430
f 4430 4425 4426
f 4430 4426 4429
f 4429 4426 4427
f 4429 4427 4428
f 4433 4434 4442
f 4442 4434 4441
f 4441 4434 4435
f 4441 4435 4440
f 4440 4435 4436
f 4440 4436 4439
f 4439 4436 4437
f 4439 4437 4438
f 4443 4444 4452
f 4452 4444 4451
f 4451 4444 4445
f 4451 4445 4450
f 4450 4445 4446
f 4450 4446 4449
f 4449 4446 4447
f 4449 4447 4448
f 4460 4453 4459
f 4459 4453 4454
f 4459 4454 4458
f 4458 4454 4455
f 4458 4455 4457
f 4457 4455 4456
f 4461 4462 4469
f 4469 4462 4463
f 4469 4463 4466
f 4466 4463 4465
f 4465 4463 4464
f 4469 4466 4468
f 4468 4466 4470
f 4471 4472 4474
f 4474 4472 4473
f 4484 4476 4483
f 4483 4476 4477
f 4483 4477 4480
f 4480 4477 4479
f 4479 4477 4478
f 4481 4482 4480
f 4480 4482 4483
f 4494 4486 4493
f 4493 4486 4487
f 4493 4487 4490
f 4490 4487 4489
f 4489 4487 4488
f 4491 4492 4490
f 4490 4492 4493
f 4502 4495 4501
f 4501 4495 4496
f 4501 4496 4500
f 4500 4496 4497
f 4500 4497 4499
f 4499 4497 4498
f 4503 4504 4510
f 4510 4504 4505
f 4510 4505 4509
f 4509 4505 4506
f 4509 4506 4508
f 4508 4506 4507
f 4511 4512 4519
f 4519 4512 4513
f 4519 4513 4516
f 4516 4513 4515
f 4515 4513 4520
f 4517 4518 4516
f 4516 4518 4519
f 4528 4521 4527
f 4527 4521 4522
f 4527 4522 4526
f 4526 4522 4523
f 4526 4523 4525
f 4525 4523 4524
f 4529 4530 4532
f 4532 4530 4531
f 4533 4534 4577
f 4577 4534 4576
f 4576 4534 4535
f 4576 4535 4575
f 4575 4535 4574
f 4574 4535 4536
f 4574 4536 4573
f 4573 4536 4572
f 4572 4536 4571
f 4571 4536 4537
f 4571 4537 4570
f 4570 4537 4569
f 4569 4537 4568
f 4568 4537 4538
f 4568 4538 4567
f 4567 4538 4566
f 4566 4538 4539
f 4566 4539 4565
f 4565 4539 4540
f 4565 4540 4564
f 4564 4540 4541
f 4564 4541 4542
f 4564 4542 4563
f 4563 4542 4543
f 4563 4543 4562
f 4562 4543 4544
f 4562 4544 4561
f 4561 4544 4545
f 4561 4545 4583
f 4583 4545 4546
f 4583 4546 4582
f 4582 4546 4547
f 4582 4547 4581
f 4581 4547 4580
f 4580 4547 4548
f 4580 4548 4579
f 4579 4548 4549
f 4579 4549 4578
f 4578 4549 4593
f 4593 4549 4550
f 4593 4550 4592
f 4592 4550 4551
f 4592 4551 4591
f 4591 4551 4552
f 4591 4552 4590
f 4590 4552 4553
f 4590 4553 4554
f 4590 4554 4589
f 4589 4554 4555
f 4589 4555 4588
f 4588 4555 4556
f 4588 4556 4587
f 4587 4556 4557
f 4587 4557 4586
f 4586 4557 4558
f 4586 4558 4585
f 4585 4558 4559
f 4585 4559 4560
f 4585 4560 4584
f 4584 4560 4561
f 4584 4561 4583
f 4594 4595 4603
f 4603 4595 4602
f 4602 4595 4596
f 4602 4596 4601
f 4601 4596 4597
f 4601 4597 4600
f 4600 4597 4598
f 4600 4598 4599
f 4604 4605 4613
f 4613 4605 4612
f 4612 4605 4606
f 4612 4606 4611
f 4611 4606 4607
f 4611 4607 4610
f 4610 4607 4608
f 4610 4608 4609
f 4614 4615 4623
f 4623 4615 4622
f 4622 4615 4616
f 4622 4616 4621
f 4621 4616 4617
f 4621 4617 4620
f 4620 4617 4618
f 4620 4618 4619
f 4624 4625 4633
f 4633 4625 4632
f 4632 4625 4626
f 4632 4626 4631
f 4631 4626 4627
f 4631 4627 4630
f 4630 4627 4628
f 4630 4628 4629
f 4634 4635 4692
f 4692 4635 4691
f 4691 4635 4636
f 4691 4636 4690
f 4690 4636 4637
f 4690 4637 4689
f 4689 4637 4638
f 4689 4638 4688
f 4688 4638 4687
f 4687 4638 4639
f 4687 4639 4686
f 4686 4639 4640
f 4686 4640 4685
f 4685 4640 4641
f 4685 4641 4684
f 4684 4641 4642
f 4684 4642 4643
f 4684 4643 4683
f 4683 4643 4644
f 4683 4644 4645
f 4683 4645 4682
f 4682 4645 4646
f 4682 4646 4681
f 4681 4646 4670
f 4681 4670 4680
f 4680 4670 4671
f 4680 4671 4679
f 4679 4671 4678
f 4678 4671 4672
f 4678 4672 4677
f 4677 4672 4673
f 4677 4673 4674
f 4670 4646 4669
f 4669 4646 4647
f 4669 4647 4668
f 4668 4647 4648
f 4668 4648 4667
f 4667 4648 4649
f 4667 4649 4650
f 4650 4651 4667
f 4667 4651 4666
f 4666 4651 4652
f 4666 4652 4665
f 4665 4652 4653
f 4665 4653 4664
f 4664 4653 4654
f 4664 4654 4663
f 4663 4654 4662
f 4662 4654 4655
f 4662 4655 4661
f 4661 4655 4656
f 4661 4656 4660
f 4660 4656 4657
f 4660 4657 4659
f 4659 4657 4658
f 4674 4675 4677
f 4677 4675 4676
f 4693 4694 4702
f 4702 4694 4701
f 4701 4694 4695
f 4701 4695 4700
f 4700 4695 4696
f 4700 4696 4699
f 4699 4696 4697
f 4699 4697 4698
f 4703 4704 4712
f 4712 4704 4711
f 4711 4704 4705
f 4711 4705 4710
f 4710 4705 4706
f 4710 4706 4709
f 4709 4706 4707
f 4709 4707 4708
f 4713 4714 4722
f 4722 4714 4721
f 4721 4714 4715
f 4721 4715 4720
f 4720 4715 4716
f 4720 4716 4719
f 4719 4716 4717
f 4719 4717 4718
f 4724 4725 4723
f 4723 4725 4726
f 4734 4727 4733
f 4733 4727 4728
f 4733 4728 4732
f 4732 4728 4729
f 4732 4729 4731
f 4731 4729 4730
f 4744 4736 4743
f 4743 4736 4737
f 4743 4737 4740
f 4740 4737 4739
f 4739 4737 4738
f 4741 4742 4740
f 4740 4742 4743
f 4745 4746 4753
f 4753 4746 4747
f 4753 4747 4750
f 4750 4747 4749
f 4749 4747 4748
f 4753 4750 4752
f 4752 4750 4754
f 4762 4755 4761
f 4761 4755 4756
f 4761 4756 4760
f 4760 4756 4757
f 4760 4757 4759
f 4759 4757 4758
f 4763 4764 4770
f 4770 4764 4765
f 4770 4765 4769
f 4769 4765 4766
f 4769 4766 4768
f 4768 4766 4767
f 4778 4771 4777
f 4777 4771 4772
f 4777 4772 4776
f 4776 4772 4773
f 4776 4773 4775
f 4775 4773 4774
f 4779 4780 4786
f 4786 4780 4781
f 4786 4781 4785
f 4785 4781 4782
f 4785 4782 4784
f 4784 4782 4783
f 4787 4788 4796
f 4796 4788 4795
f 4795 4788 4789
f 4795 4789 4794
f 4794 4789 4790
f 4794 4790 4793
f 4793 4790 4791
f 4793 4791 4792
f 4797 4798 4806
f 4806 4798 4805
f 4805 4798 4799
f 4805 4799 4804
f 4804 4799 4800
f 4804 4800 4803
f 4803 4800 4801
f 4803 4801 4802
f 4807 4808 4816
f 4816 4808 4815
f 4815 4808 4809
f 4815 4809 4814
f 4814 4809 4810
f 4814 4810 4813
f 4813 4810 4811
f 4813 4811 4812
f 4817 4818 4826
f 4826 4818 4825
f 4825 4818 4819
f 4825 4819 4824
f 4824 4819 4820
f 4824 4820 4823
f 4823 4820 4821
f 4823 4821 4822
f 4827 4828 4830
f 4830 4828 4829
f 4831 4832 4840
f 4840 4832 4839
f 4839 4832 4833
f 4839 4833 4838
f 4838 4833 4834
f 4838 4834 4837
f 4837 4834 4835
f 4837 4835 4836
f 4841 4842 4844
f 4844 4842 4843
f 4852 4845 4851
f 4851 4845 4846
f 4851 4846 4850
f 4850 4846 4847
f 4850 4847 4849
f 4849 4847 4848
f 4853 4854 4860
f 4860 4854 4855
f 4860 4855 4859
f 4859 4855 4856
f 4859 4856 4858
f 4858 4856 4857
f 4861 4862 4868
f 4868 4862 4863
f 4868 4863 4867
f 4867 4863 4864
f 4867 4864 4866
f 4866 4864 4865
f 4876 4869 4875
f 4875 4869 4870
f 4875 4870 4874
f 4874 4870 4871
f 4874 4871 4873
f 4873 4871 4872
f 4884 4877 4883
f 4883 4877 4878
f 4883 4878 4882
f 4882 4878 4879
f 4882 4879 4881
f 4881 4879 4880
f 4885 4886 4894
f 4894 4886 4893
f 4893 4886 4887
f 4893 4887 4892
f 4892 4887 4888
f 4892 4888 4891
f 4891 4888 4889
f 4891 4889 4890
f 4895 4896 4898
f 4898 4896 4897
f 4899 4900 4908
f 4908 4900 4907
f 4907 4900 4901
f 4907 4901 4906
f 4906 4901 4902
f 4906 4902 4905
f 4905 4902 4903
f 4905 4903 4904
f 4910 4911 4909
f 4909 4911 4912
f 4913 4914 4920
f 4920 4914 4915
f 4920 4915 4919
f 4919 4915 4916
f 4919 4916 4918
f 4918 4916 4917
f 4928 4921 4927
f 4927 4921 4922
f 4927 4922 4926
f 4926 4922 4923
f 4926 4923 4925
f 4925 4923 4924
f 4936 4929 4935
f 4935 4929 4930
f 4935 4930 4934
f 4934 4930 4931
f 4934 4931 4933
f 4933 4931 4932
f 4937 4938 4946
f 4946 4938 4945
f 4945 4938 4939
f 4945 4939 4944
f 4944 4939 4940
f 4944 4940 4943
f 4943 4940 4941
f 4943 4941 4942
f 4947 4948 4950
f 4950 4948 4949
f 4951 4952 4958
f 4958 4952 4953
f 4958 4953 4957
f 4957 4953 4954
f 4957 4954 4956
f 4956 4954 4955
f 4959 4960 4966
f 4966 4960 4961
f 4966 4961 4965
f 4965 4961 4962
f 4965 4962 4964
f 4964 4962 4963
f 4968 4969 4967
f 4967 4969 4970
f 4972 4973 4971
f 4971 4973 4974
f 4976 4977 4975
f 4975 4977 4978
f 4980 4981 4979
f 4979 4981 4982
f 4984 5022 4983
f 4983 5022 5023
f 4983 5023 5024
f 4985 5107 4984
f 4984 5107 5020
f 4984 5020 5021
f 4986 5088 4985
f 4985 5088 5089
f 4985 5089 5090
f 4983 5099 4986
f 4986 5099 5075
f 4986 5075 5076
f 4988 5099 4987
f 4987 5099 4983
f 4987 4983 5031
f 5031 4983 5030
f 5030 4983 5029
f 5029 4983 5028
f 5028 4983 5027
f 5027 4983 5026
f 5026 4983 5025
f 5025 4983 5024
f 5099 4988 5098
f 5098 4988 4989
f 5098 4989 4990
f 5098 4990 5097
f 5097 4990 4991
f 5097 4991 5096
f 5096 4991 5013
f 5096 5013 5014
f 4991 4992 5013
f 5013 4992 5012
f 5012 4992 4993
f 5012 4993 5005
f 5005 4993 4994
f 5005 4994 4995
f 5005 4995 5004
f 5004 4995 4996
f 5004 4996 4997
f 4998 5002 4997
f 4997 5002 5003
f 4997 5003 5004
f 4999 5000 4998
f 4998 5000 5001
f 4998 5001 5002
f 5005 5006 5012
f 5012 5006 5011
f 5011 5006 5010
f 5010 5006 5007
f 5010 5007 5009
f 5009 5007 5008
f 5096 5014 5095
f 5095 5014 5015
f 5095 5015 5094
f 5094 5015 5016
f 5094 5016 5093
f 5093 5016 5017
f 5093 5017 5092
f 5092 5017 5018
f 5092 5018 5091
f 5091 5018 5019
f 5091 5019 5110
f 5110 5019 5109
f 5109 5019 5020
f 5109 5020 5108
f 5108 5020 5107
f 5021 5022 4984
f 5033 5107 5032
f 5032 5107 4985
f 5032 4985 5090
f 5107 5033 5106
f 5106 5033 5034
f 5106 5034 5035
f 5106 5035 5105
f 5105 5035 5036
f 5105 5036 5104
f 5104 5036 5037
f 5104 5037 5053
f 5053 5037 5047
f 5053 5047 5048
f 5038 5044 5037
f 5037 5044 5045
f 5037 5045 5046
f 5044 5038 5043
f 5043 5038 5039
f 5043 5039 5042
f 5042 5039 5040
f 5042 5040 5041
f 5046 5047 5037
f 5049 5050 5048
f 5048 5050 5051
f 5048 5051 5052
f 5052 5053 5048
f 5104 5053 5103
f 5103 5053 5054
f 5103 5054 5102
f 5102 5054 5070
f 5102 5070 5071
f 5070 5054 5059
f 5059 5054 5055
f 5059 5055 5056
f 5056 5057 5059
f 5059 5057 5058
f 5059 5060 5070
f 5070 5060 5061
f 5070 5061 5062
f 5070 5062 5069
f 5069 5062 5063
f 5069 5063 5068
f 5068 5063 5064
f 5068 5064 5065
f 5066 5067 5065
f 5065 5067 5068
f 5102 5071 5101
f 5101 5071 5072
f 5101 5072 5100
f 5100 5072 5073
f 5100 5073 5074
f 5100 5074 5099
f 5099 5074 5075
f 5076 5077 4986
f 4986 5077 5078
f 4986 5078 5079
f 5079 5080 4986
f 4986 5080 5085
f 4986 5085 5086
f 5080 5081 5085
f 5085 5081 5084
f 5084 5081 5082
f 5084 5082 5083
f 5086 5087 4986
f 4986 5087 5088
v -0.030216709 0.0072088059 0.11211367
v -0.030216709 0.007198021 0.11211783
v -0.030216709 0.0071912871 0.11212742
v -0.030216709 0.0071878436 0.11213867
v -0.030216709 0.0071868887 0.11215041
v -0.030214709 0.0071868887 0.11215041
v -0.030214709 0.0071878436 0.11213867
v -0.030214709 0.0071912871 0.11212742
v -0.030214709 0.007198021 0.11211783
v -0.030214709 0.0072088059 0.11211367
v -0.030216709 0.0071868887 0.11215041
v -0.030216709 0.0071879297 0.11216348
v -0.030216709 0.0071920465 0.1121759
v -0.030216709 0.0072006943 0.11218565
v -0.030216709 0.0072129732 0.11218977
v -0.030214709 0.0072129732 0.11218977
v -0.030214709 0.0072006943 0.11218565
v -0.030214709 0.0071920465 0.1121759
v -0.030214709 0.0071879297 0.11216348
v -0.030214709 0.0071868887 0.11215041
v -0.030216709 0.0073242053 0.11213127
v -0.030216709 0.0073285912 0.11215164
v -0.030216709 0.0073305761 0.1121724
v -0.030216709 0.0073315331 0.11219324
v -0.030216709 0.0073317682 0.1122141
v -0.030216709 0.0073313342 0.11224169
v -0.030216709 0.0073295062 0.11226921
v -0.030216709 0.0073238851 0.11229615
v -0.030216709 0.0073054265 0.11231453
v -0.030216709 0.0072870228 0.11229611
v -0.030216709 0.0072813829 0.11226919
v -0.030216709 0.0072795201 0.11224168
v -0.030216709 0.0072790848 0.1122141
v -0.030216709 0.0072795433 0.11218644
v -0.030216709 0.0072813634 0.11215884
v -0.030216709 0.0072869327 0.11213181
v -0.030216709 0.0073055808 0.11211367
v -0.030216709 0.0073121026 0.11211533
v -0.030216709 0.0073173096 0.11211963
v -0.030216709 0.0073212313 0.11212517
v -0.030216709 0.0072329867 0.11215319
v -0.030216709 0.0072312026 0.11214066
v -0.030216709 0.0072274605 0.11212858
v -0.030216709 0.0072203461 0.11211821
v -0.030216709 0.0072088059 0.11211367
v -0.030214709 0.0072088059 0.11211367
v -0.030214709 0.0072203461 0.11211821
v -0.030214709 0.0072274605 0.11212858
v -0.030214709 0.0072312026 0.11214066
v -0.030214709 0.0072329867 0.11215319
v -0.030216709 0.0072129732 0.11218977
v -0.030216709 0.0072136216 0.11218972
v -0.030216709 0.0072142668 0.11218964
v -0.030216709 0.0072149075 0.11218953
v -0.030216709 0.0072155456 0.11218941
v -0.030214709 0.0072155456 0.11218941
v -0.030214709 0.0072149075 0.11218953
v -0.030214709 0.0072142668 0.11218964
v -0.030214709 0.0072136216 0.11218972
v -0.030214709 0.0072129732 0.11218977
v -0.030216709 0.0073242053 0.11213127
v -0.030216709 0.0073212313 0.11212517
v -0.030216709 0.0073173096 0.11211963
v -0.030216709 0.0073121026 0.11211533
v -0.030216709 0.0073055808 0.11211367
v -0.030214709 0.0073055808 0.11211367
v -0.030214709 0.0073121026 0.11211533
v -0.030214709 0.0073173096 0.11211963
v -0.030214709 0.0073212313 0.11212517
v -0.030214709 0.0073242053 0.11213127
v -0.030216709 0.0072494503 0.11214989
v -0.030216709 0.0072329867 0.11215319
v -0.030214709 0.0072329867 0.11215319
v -0.030214709 0.0072494503 0.11214989
v -0.030216709 0.0072155456 0.11218941
v -0.030216709 0.0072173463 0.11221904
v -0.030214709 0.0072173463 0.11221904
v -0.030214709 0.0072155456 0.11218941
v -0.030216709 0.0073055808 0.11211367
v -0.030216709 0.0072869327 0.11213181
v -0.030216709 0.0072813634 0.11215884
v -0.030216709 0.0072795433 0.11218644
v -0.030216709 0.0072790848 0.1122141
v -0.030214709 0.0072790848 0.1122141
v -0.030214709 0.0072795433 0.11218644
v -0.030214709 0.0072813634 0.11215884
v -0.030214709 0.0072869327 0.11213181
v -0.030214709 0.0073055808 0.11211367
v -0.030216709 0.0074038993 0.11220258
v -0.030216709 0.0074178142 0.11220975
v -0.030216709 0.0074257039 0.11222379
v -0.030216709 0.0074295329 0.11223949
v -0.030216709 0.0074305497 0.11225562
v -0.030216709 0.0074293208 0.11227323
v -0.030216709 0.0074255281 0.11229047
v -0.030216709 0.0074181751 0.11230646
v -0.030216709 0.0074032304 0.11231453
v -0.030216709 0.0073887765 0.11230666
v -0.030216709 0.0073817404 0.11229118
v -0.030216709 0.0073786662 0.11227438
v -0.030216709 0.0073778663 0.11225732
v -0.030216709 0.0073786899 0.11224064
v -0.030216709 0.0073818481 0.11222426
v -0.030216709 0.0073892553 0.11220941
v -0.030216709 0.0073993718 0.11217294
v -0.030216709 0.007410905 0.11217656
v -0.030216709 0.0074197643 0.11218493
v -0.030216709 0.0074260392 0.11219542
v -0.030216709 0.0074305497 0.1122068
v -0.030214709 0.0074305497 0.1122068
v -0.030214709 0.0074260392 0.11219542
v -0.030214709 0.0074197643 0.11218493
v -0.030214709 0.007410905 0.11217656
v -0.030214709 0.0073993718 0.11217294
v -0.030216709 0.0072093718 0.11208404
v -0.030216709 0.0072283359 0.11209182
v -0.030216709 0.0072399869 0.11210914
v -0.030216709 0.0072463351 0.11212913
v -0.030216709 0.0072494503 0.11214989
v -0.030214709 0.0072494503 0.11214989
v -0.030214709 0.0072463351 0.11212913
v -0.030214709 0.0072399869 0.11210914
v -0.030214709 0.0072283359 0.11209182
v -0.030214709 0.0072093718 0.11208404
v -0.030216709 0.0072173463 0.11221904
v -0.030216709 0.0072146461 0.11221773
v -0.030216709 0.0072118503 0.11221665
v -0.030216709 0.0072089573 0.11221585
v -0.030216709 0.0072059762 0.11221554
v -0.030214709 0.0072059762 0.11221554
v -0.030214709 0.0072089573 0.11221585
v -0.030214709 0.0072118503 0.11221665
v -0.030214709 0.0072146461 0.11221773
v -0.030214709 0.0072173463 0.11221904
v -0.030216709 0.0072790848 0.1122141
v -0.030216709 0.0072795201 0.11224168
v -0.030216709 0.0072813829 0.11226919
v -0.030216709 0.0072870228 0.11229611
v -0.030216709 0.0073054265 0.11231453
v -0.030214709 0.0073054265 0.11231453
v -0.030214709 0.0072870228 0.11229611
v -0.030214709 0.0072813829 0.11226919
v -0.030214709 0.0072795201 0.11224168
v -0.030214709 0.0072790848 0.1122141
v -0.030231709 0.0081285987 0.11197087
v -0.030231709 0.0081265892 0.11196337
v -0.030231709 0.0081210988 0.11195788
v -0.030231709 0.0081135988 0.11195587
v -0.030501709 0.0081135988 0.11195587
v -0.030501709 0.0081210988 0.11195788
v -0.030501709 0.0081265892 0.11196337
v -0.030501709 0.0081285987 0.11197087
v -0.030216709 0.0073614027 0.11225629
v -0.030216709 0.0073628156 0.11223157
v -0.030216709 0.0073680351 0.11220738
v -0.030216709 0.0073789098 0.11218521
v -0.030216709 0.0073993718 0.11217294
v -0.030214709 0.0073993718 0.11217294
v -0.030214709 0.0073789098 0.11218521
v -0.030214709 0.0073680351 0.11220738
v -0.030214709 0.0073628156 0.11223157
v -0.030214709 0.0073614027 0.11225629
v -0.030216709 0.0074038993 0.11220258
v -0.030216709 0.0073892553 0.11220941
v -0.030216709 0.0073818481 0.11222426
v -0.030216709 0.0073786899 0.11224064
v -0.030216709 0.0073778663 0.11225732
v -0.030214709 0.0073778663 0.11225732
v -0.030214709 0.0073786899 0.11224064
v -0.030214709 0.0073818481 0.11222426
v -0.030214709 0.0073892553 0.11220941
v -0.030214709 0.0074038993 0.11220258
v -0.030216709 0.0074305497 0.1122068
v -0.030216709 0.007430074 0.11218494
v -0.030216709 0.0074283819 0.11216315
v -0.030216709 0.0074242552 0.1121417
v -0.030216709 0.0074165557 0.11212129
v -0.030214709 0.0074165557 0.11212129
v -0.030214709 0.0074242552 0.1121417
v -0.030214709 0.0074283819 0.11216315
v -0.030214709 0.007430074 0.11218494
v -0.030214709 0.0074305497 0.1122068
v -0.030216709 0.0071704251 0.11214933
v -0.030216709 0.0071723397 0.11212858
v -0.030216709 0.0071784441 0.11210868
v -0.030216709 0.007190506 0.11209183
v -0.030216709 0.0072093718 0.11208404
v -0.030214709 0.0072093718 0.11208404
v -0.030214709 0.007190506 0.11209183
v -0.030214709 0.0071784441 0.11210868
v -0.030214709 0.0071723397 0.11212858
v -0.030214709 0.0071704251 0.11214933
v -0.030216709 0.0072059762 0.11221554
v -0.030216709 0.0071928357 0.11222154
v -0.030216709 0.0071851708 0.11223418
v -0.030216709 0.007181357 0.11224852
v -0.030216709 0.0071803033 0.11226334
v -0.030214709 0.0071803033 0.11226334
v -0.030214709 0.007181357 0.11224852
v -0.030214709 0.0071851708 0.11223418
v -0.030214709 0.0071928357 0.11222154
v -0.030214709 0.0072059762 0.11221554
v -0.030214709 0.0073482318 0.1122142
v -0.030214709 0.0073477246 0.11224083
v -0.030214709 0.0073459915 0.1122674
v -0.030214709 0.0073423041 0.11229376
v -0.030214709 0.0073352667 0.11231942
v -0.030214709 0.0073304832 0.11232853
v -0.030214709 0.0073240213 0.11233652
v -0.030214709 0.0073154852 0.11234221
v -0.030214709 0.0073054265 0.11234416
v -0.030214709 0.0072776941 0.11232309
v -0.030214709 0.0072674626 0.11228776
v -0.030214709 0.007263573 0.11225108
v -0.030214709 0.0072626212 0.1122142
v -0.030214709 0.0072635124 0.11217722
v -0.030214709 0.0072675989 0.11214047
v -0.030214709 0.0072770988 0.11210481
v -0.030214709 0.0073054265 0.11208404
v -0.030214709 0.0073331816 0.11210518
v -0.030214709 0.0073434249 0.11214055
v -0.030214709 0.0073472917 0.11217728
v -0.030214709 0.0073054265 0.11231453
v -0.030214709 0.0073238851 0.11229615
v -0.030214709 0.0073295062 0.11226921
v -0.030214709 0.0073313342 0.11224169
v -0.030214709 0.0073317682 0.1122141
v -0.030214709 0.0073315331 0.11219324
v -0.030214709 0.0073305761 0.1121724
v -0.030214709 0.0073285912 0.11215164
v -0.030214709 0.0073242053 0.11213127
v -0.030214709 0.0073212313 0.11212517
v -0.030214709 0.0073173096 0.11211963
v -0.030214709 0.0073121026 0.11211533
v -0.030214709 0.0073055808 0.11211367
v -0.030214709 0.0072869327 0.11213181
v -0.030214709 0.0072813634 0.11215884
v -0.030214709 0.0072795433 0.11218644
v -0.030214709 0.0072790848 0.1122141
v -0.030214709 0.0072795201 0.11224168
v -0.030214709 0.0072813829 0.11226919
v -0.030214709 0.0072870228 0.11229611
v -0.030216709 0.0073054265 0.11231453
v -0.030216709 0.0073238851 0.11229615
v -0.030216709 0.0073295062 0.11226921
v -0.030216709 0.0073313342 0.11224169
v -0.030216709 0.0073317682 0.1122141
v -0.030214709 0.0073317682 0.1122141
v -0.030214709 0.0073313342 0.11224169
v -0.030214709 0.0073295062 0.11226921
v -0.030214709 0.0073238851 0.11229615
v -0.030214709 0.0073054265 0.11231453
v -0.030516709 0.0069285987 0.11274087
v -0.030516709 0.0069285988 0.11197087
v -0.030516709 0.0065435987 0.11197087
v -0.030516709 0.0065435987 0.11274087
v -0.030216709 0.0065435987 0.11197087
v -0.030218719 0.0065360987 0.11197087
v -0.030224209 0.0065306083 0.11197087
v -0.030231709 0.0065285988 0.11197087
v -0.030231709 0.0065306083 0.11196337
v -0.030231709 0.0065360987 0.11195788
v -0.030231709 0.0065435987 0.11195587
v -0.030224209 0.0065435987 0.11195788
v -0.030218719 0.0065435987 0.11196337
v -0.030216709 0.0065435987 0.11197087
v -0.030501709 0.0081135988 0.11195587
v -0.030509209 0.0081135988 0.11195788
v -0.030514699 0.0081135988 0.11196337
v -0.030516709 0.0081135988 0.11197087
v -0.030514699 0.0081210988 0.11197087
v -0.030509209 0.0081265892 0.11197087
v -0.030501709 0.0081285987 0.11197087
v -0.030501709 0.0081265892 0.11196337
v -0.030501709 0.0081210988 0.11195788
v -0.030516709 0.0081135988 0.11197087
v -0.030231709 0.0077285987 0.11195587
v -0.030501709 0.0077285987 0.11195587
v -0.030501709 0.0081135988 0.11195587
v -0.030231709 0.0081135988 0.11195587
v -0.030501709 0.0069285988 0.11195587
v -0.030231709 0.0069285988 0.11195587
v -0.030231709 0.0065435987 0.11195587
v -0.030501709 0.0065435987 0.11195587
v -0.030216709 0.0074019957 0.11234416
v -0.030216709 0.0073799845 0.11233163
v -0.030216709 0.0073686338 0.1123081
v -0.030216709 0.0073631048 0.11228247
v -0.030216709 0.0073614027 0.11225629
v -0.030214709 0.0073614027 0.11225629
v -0.030214709 0.0073631048 0.11228247
v -0.030214709 0.0073686338 0.1123081
v -0.030214709 0.0073799845 0.11233163
v -0.030214709 0.0074019957 0.11234416
v -0.030216709 0.0073778663 0.11225732
v -0.030216709 0.0073786662 0.11227438
v -0.030216709 0.0073817404 0.11229118
v -0.030216709 0.0073887765 0.11230666
v -0.030216709 0.0074032304 0.11231453
v -0.030214709 0.0074032304 0.11231453
v -0.030214709 0.0073887765 0.11230666
v -0.030214709 0.0073817404 0.11229118
v -0.030214709 0.0073786662 0.11227438
v -0.030214709 0.0073778663 0.11225732
v -0.030216709 0.0074165557 0.11212129
v -0.030216709 0.0074135168 0.11211841
v -0.030216709 0.0074101053 0.112116
v -0.030216709 0.0074062832 0.11211428
v -0.030216709 0.00740215 0.11211367
v -0.030214709 0.00740215 0.11211367
v -0.030214709 0.0074062832 0.11211428
v -0.030214709 0.0074101053 0.112116
v -0.030214709 0.0074135168 0.11211841
v -0.030214709 0.0074165557 0.11212129
v -0.030216709 0.0071879691 0.11220026
v -0.030216709 0.0071794239 0.11218943
v -0.030216709 0.0071741119 0.11217667
v -0.030216709 0.0071712545 0.11216314
v -0.030216709 0.0071704251 0.11214933
v -0.030214709 0.0071704251 0.11214933
v -0.030214709 0.0071712545 0.11216314
v -0.030214709 0.0071741119 0.11217667
v -0.030214709 0.0071794239 0.11218943
v -0.030214709 0.0071879691 0.11220026
v -0.030216709 0.0071803033 0.11226334
v -0.030216709 0.0071813477 0.11227924
v -0.030216709 0.0071851396 0.11229471
v -0.030216709 0.0071930481 0.11230844
v -0.030216709 0.0072073138 0.11231453
v -0.030214709 0.0072073138 0.11231453
v -0.030214709 0.0071930481 0.11230844
v -0.030214709 0.0071851396 0.11229471
v -0.030214709 0.0071813477 0.11227924
v -0.030214709 0.0071803033 0.11226334
v -0.030216709 0.0073054265 0.11234416
v -0.030216709 0.0072776941 0.11232309
v -0.030216709 0.0072674626 0.11228776
v -0.030216709 0.007263573 0.11225108
v -0.030216709 0.0072626212 0.1122142
v -0.030214709 0.0072626212 0.1122142
v -0.030214709 0.007263573 0.11225108
v -0.030214709 0.0072674626 0.11228776
v -0.030214709 0.0072776941 0.11232309
v -0.030214709 0.0073054265 0.11234416
v -0.030216709 0.0073317682 0.1122141
v -0.030216709 0.0073315331 0.11219324
v -0.030216709 0.0073305761 0.1121724
v -0.030216709 0.0073285912 0.11215164
v -0.030216709 0.0073242053 0.11213127
v -0.030214709 0.0073242053 0.11213127
v -0.030214709 0.0073285912 0.11215164
v -0.030214709 0.0073305761 0.1121724
v -0.030214709 0.0073315331 0.11219324
v -0.030214709 0.0073317682 0.1122141
v -0.030216709 0.0072626212 0.1122142
v -0.030216709 0.0072635124 0.11217722
v -0.030216709 0.0072675989 0.11214047
v -0.030216709 0.0072770988 0.11210481
v -0.030216709 0.0073054265 0.11208404
v -0.030214709 0.0073054265 0.11208404
v -0.030214709 0.0072770988 0.11210481
v -0.030214709 0.0072675989 0.11214047
v -0.030214709 0.0072635124 0.11217722
v -0.030214709 0.0072626212 0.1122142
v -0.030231709 0.0065435987 0.11195587
v -0.030231709 0.0065360987 0.11195788
v -0.030231709 0.0065306083 0.11196337
v -0.030231709 0.0065285988 0.11197087
v -0.030501709 0.0065285988 0.11197087
v -0.030501709 0.0065306083 0.11196337
v -0.030501709 0.0065360987 0.11195788
v -0.030501709 0.0065435987 0.11195587
v -0.030501709 0.0065435987 0.11195587
v -0.030501709 0.0065360987 0.11195788
v -0.030501709 0.0065306083 0.11196337
v -0.030501709 0.0065285988 0.11197087
v -0.030509209 0.0065306083 0.11197087
v -0.030514699 0.0065360987 0.11197087
v -0.030516709 0.0065435987 0.11197087
v -0.030514699 0.0065435987 0.11196337
v -0.030509209 0.0065435987 0.11195788
v -0.030516709 0.0065435987 0.11197087
v -0.030516709 0.0077285987 0.11197087
v -0.030516709 0.0077285987 0.11274087
v -0.030516709 0.0081135987 0.11274087
v -0.030516709 0.0081135988 0.11197087
v -0.030516709 0.0065435987 0.11274087
v -0.030514699 0.0065360987 0.11274087
v -0.030509209 0.0065306083 0.11274087
v -0.030501709 0.0065285987 0.11274087
v -0.030501709 0.0065306083 0.11274837
v -0.030501709 0.0065360987 0.11275386
v -0.030501709 0.0065435987 0.11275587
v -0.030509209 0.0065435987 0.11275386
v -0.030514699 0.0065435987 0.11274837
v -0.030516709 0.0065435987 0.11274087
v -0.030216709 0.0065435987 0.11274087
v -0.030218719 0.0065435987 0.11274837
v -0.030224209 0.0065435987 0.11275386
v -0.030231709 0.0065435987 0.11275587
v -0.030231709 0.0065360987 0.11275386
v -0.030231709 0.0065306083 0.11274837
v -0.030231709 0.0065285987 0.11274087
v -0.030224209 0.0065306083 0.11274087
v -0.030218719 0.0065360987 0.11274087
v -0.030216709 0.0065435987 0.11274087
v -0.030216709 0.0065435987 0.11274087
v -0.030218719 0.0065360987 0.11274087
v -0.030224209 0.0065306083 0.11274087
v -0.030231709 0.0065285987 0.11274087
v -0.030231709 0.0065285988 0.11197087
v -0.030224209 0.0065306083 0.11197087
v -0.030218719 0.0065360987 0.11197087
v -0.030216709 0.0065435987 0.11197087
v -0.030516709 0.0065435987 0.11197087
v -0.030516709 0.0069285988 0.11197087
v -0.030514699 0.0069285988 0.11196337
v -0.030509209 0.0069285988 0.11195788
v -0.030501709 0.0069285988 0.11195587
v -0.030501709 0.0065435987 0.11195587
v -0.030509209 0.0065435987 0.11195788
v -0.030514699 0.0065435987 0.11196337
v -0.030231709 0.0081285987 0.11197087
v -0.030224209 0.0081265892 0.11197087
v -0.030218719 0.0081210988 0.11197087
v -0.030216709 0.0081135988 0.11197087
v -0.030218719 0.0081135988 0.11196337
v -0.030224209 0.0081135988 0.11195788
v -0.030231709 0.0081135988 0.11195587
v -0.030231709 0.0081210988 0.11195788
v -0.030231709 0.0081265892 0.11196337
v -0.030216709 0.0081135988 0.11197087
v -0.030516709 0.0077285987 0.11197087
v -0.030514699 0.0077285987 0.11196337
v -0.030509209 0.0077285987 0.11195788
v -0.030501709 0.0077285987 0.11195587
v -0.030501709 0.0069285988 0.11195587
v -0.030509209 0.0069285988 0.11195788
v -0.030514699 0.0069285988 0.11196337
v -0.030516709 0.0069285988 0.11197087
v -0.030231709 0.0081285987 0.11274087
v -0.030231709 0.0081285987 0.11197087
v -0.030501709 0.0081285987 0.11197087
v -0.030501709 0.0081285987 0.11274087
v -0.030214709 0.0073646954 0.11214989
v -0.030214709 0.0073670543 0.11212952
v -0.030214709 0.0073724128 0.11210975
v -0.030214709 0.0073829121 0.11209226
v -0.030214709 0.0074010696 0.11208404
v -0.030214709 0.0074122698 0.11208654
v -0.030214709 0.007421438 0.1120935
v -0.030214709 0.0074282303 0.11210282
v -0.030214709 0.0074332765 0.11211321
v -0.030214709 0.0074407781 0.11213934
v -0.030214709 0.0074446265 0.11216627
v -0.030214709 0.0074464932 0.11219342
v -0.030214709 0.0074470133 0.11222064
v -0.030214709 0.0074459493 0.11225615
v -0.030214709 0.0074415913 0.1122914
v -0.030214709 0.0074297617 0.11232474
v -0.030214709 0.0074019957 0.11234416
v -0.030214709 0.0073799845 0.11233163
v -0.030214709 0.0073686338 0.1123081
v -0.030214709 0.0073631048 0.11228247
v -0.030214709 0.0073614027 0.11225629
v -0.030214709 0.0073628156 0.11223157
v -0.030214709 0.0073680351 0.11220738
v -0.030214709 0.0073789098 0.11218521
v -0.030214709 0.0073993718 0.11217294
v -0.030214709 0.007410905 0.11217656
v -0.030214709 0.0074197643 0.11218493
v -0.030214709 0.0074260392 0.11219542
v -0.030214709 0.0074305497 0.1122068
v -0.030214709 0.007430074 0.11218494
v -0.030214709 0.0074283819 0.11216315
v -0.030214709 0.0074242552 0.1121417
v -0.030214709 0.0074165557 0.11212129
v -0.030214709 0.0074135168 0.11211841
v -0.030214709 0.0074101053 0.112116
v -0.030214709 0.0074062832 0.11211428
v -0.030214709 0.00740215 0.11211367
v -0.030214709 0.0073969987 0.11211484
v -0.030214709 0.0073927347 0.11211799
v -0.030214709 0.0073894481 0.11212216
v -0.030214709 0.0073869212 0.11212684
v -0.030214709 0.0073846641 0.11213322
v -0.030214709 0.0073831191 0.1121398
v -0.030214709 0.0073820395 0.11214648
v -0.030214709 0.007381159 0.11215319
v -0.030214709 0.0074032304 0.11231453
v -0.030214709 0.0074181751 0.11230646
v -0.030214709 0.0074255281 0.11229047
v -0.030214709 0.0074293208 0.11227323
v -0.030214709 0.0074305497 0.11225562
v -0.030214709 0.0074295329 0.11223949
v -0.030214709 0.0074257039 0.11222379
v -0.030214709 0.0074178142 0.11220975
v -0.030214709 0.0074038993 0.11220258
v -0.030214709 0.0073892553 0.11220941
v -0.030214709 0.0073818481 0.11222426
v -0.030214709 0.0073786899 0.11224064
v -0.030214709 0.0073778663 0.11225732
v -0.030214709 0.0073786662 0.11227438
v -0.030214709 0.0073817404 0.11229118
v -0.030214709 0.0073887765 0.11230666
v -0.030216709 0.0074470133 0.11222064
v -0.030216709 0.0074459493 0.11225615
v -0.030216709 0.0074415913 0.1122914
v -0.030216709 0.0074297617 0.11232474
v -0.030216709 0.0074019957 0.11234416
v -0.030214709 0.0074019957 0.11234416
v -0.030214709 0.0074297617 0.11232474
v -0.030214709 0.0074415913 0.1122914
v -0.030214709 0.0074459493 0.11225615
v -0.030214709 0.0074470133 0.11222064
v -0.030216709 0.0074032304 0.11231453
v -0.030216709 0.0074181751 0.11230646
v -0.030216709 0.0074255281 0.11229047
v -0.030216709 0.0074293208 0.11227323
v -0.030216709 0.0074305497 0.11225562
v -0.030214709 0.0074305497 0.11225562
v -0.030214709 0.0074293208 0.11227323
v -0.030214709 0.0074255281 0.11229047
v -0.030214709 0.0074181751 0.11230646
v -0.030214709 0.0074032304 0.11231453
v -0.030216709 0.00740215 0.11211367
v -0.030216709 0.0073969987 0.11211484
v -0.030216709 0.0073927347 0.11211799
v -0.030216709 0.0073894481 0.11212216
v -0.030216709 0.0073869212 0.11212684
v -0.030214709 0.0073869212 0.11212684
v -0.030214709 0.0073894481 0.11212216
v -0.030214709 0.0073927347 0.11211799
v -0.030214709 0.0073969987 0.11211484
v -0.030214709 0.00740215 0.11211367
v -0.030216709 0.0071638397 0.11226359
v -0.030216709 0.0071647565 0.11224587
v -0.030216709 0.0071681193 0.11222845
v -0.030216709 0.007175161 0.11221221
v -0.030216709 0.0071879691 0.11220026
v -0.030214709 0.0071879691 0.11220026
v -0.030214709 0.007175161 0.11221221
v -0.030214709 0.0071681193 0.11222845
v -0.030214709 0.0071647565 0.11224587
v -0.030214709 0.0071638397 0.11226359
v -0.030214709 0.0072494503 0.11227172
v -0.030214709 0.0072468327 0.11229433
v -0.030214709 0.0072403467 0.11231613
v -0.030214709 0.0072281895 0.11233525
v -0.030214709 0.0072078798 0.11234416
v -0.030214709 0.0071856643 0.11233403
v -0.030214709 0.0071725635 0.11231275
v -0.030214709 0.0071657864 0.11228861
v -0.030214709 0.0071638397 0.11226359
v -0.030214709 0.0071647565 0.11224587
v -0.030214709 0.0071681193 0.11222845
v -0.030214709 0.007175161 0.11221221
v -0.030214709 0.0071879691 0.11220026
v -0.030214709 0.0071794239 0.11218943
v -0.030214709 0.0071741119 0.11217667
v -0.030214709 0.0071712545 0.11216314
v -0.030214709 0.0071704251 0.11214933
v -0.030214709 0.0071723397 0.11212858
v -0.030214709 0.0071784441 0.11210868
v -0.030214709 0.007190506 0.11209183
v -0.030214709 0.0072093718 0.11208404
v -0.030214709 0.0072283359 0.11209182
v -0.030214709 0.0072399869 0.11210914
v -0.030214709 0.0072463351 0.11212913
v -0.030214709 0.0072494503 0.11214989
v -0.030214709 0.0072329867 0.11215319
v -0.030214709 0.0072312026 0.11214066
v -0.030214709 0.0072274605 0.11212858
v -0.030214709 0.0072203461 0.11211821
v -0.030214709 0.0072088059 0.11211367
v -0.030214709 0.007198021 0.11211783
v -0.030214709 0.0071912871 0.11212742
v -0.030214709 0.0071878436 0.11213867
v -0.030214709 0.0071868887 0.11215041
v -0.030214709 0.0071879297 0.11216348
v -0.030214709 0.0071920465 0.1121759
v -0.030214709 0.0072006943 0.11218565
v -0.030214709 0.0072129732 0.11218977
v -0.030214709 0.0072136216 0.11218972
v -0.030214709 0.0072142668 0.11218964
v -0.030214709 0.0072149075 0.11218953
v -0.030214709 0.0072155456 0.11218941
v -0.030214709 0.0072173463 0.11221904
v -0.030214709 0.0072146461 0.11221773
v -0.030214709 0.0072118503 0.11221665
v -0.030214709 0.0072089573 0.11221585
v -0.030214709 0.0072059762 0.11221554
v -0.030214709 0.0071928357 0.11222154
v -0.030214709 0.0071851708 0.11223418
v -0.030214709 0.007181357 0.11224852
v -0.030214709 0.0071803033 0.11226334
v -0.030214709 0.0071813477 0.11227924
v -0.030214709 0.0071851396 0.11229471
v -0.030214709 0.0071930481 0.11230844
v -0.030214709 0.0072073138 0.11231453
v -0.030214709 0.0072203627 0.11230926
v -0.030214709 0.007227366 0.11229674
v -0.030214709 0.0072308783 0.11228273
v -0.030214709 0.0072329867 0.11226843
v -0.030216709 0.0072073138 0.11231453
v -0.030216709 0.0072203627 0.11230926
v -0.030216709 0.007227366 0.11229674
v -0.030216709 0.0072308783 0.11228273
v -0.030216709 0.0072329867 0.11226843
v -0.030214709 0.0072329867 0.11226843
v -0.030214709 0.0072308783 0.11228273
v -0.030214709 0.007227366 0.11229674
v -0.030214709 0.0072203627 0.11230926
v -0.030214709 0.0072073138 0.11231453
v -0.030216709 0.0073352667 0.11231942
v -0.030216709 0.0073304832 0.11232853
v -0.030216709 0.0073240213 0.11233652
v -0.030216709 0.0073154852 0.11234221
v -0.030216709 0.0073054265 0.11234416
v -0.030214709 0.0073054265 0.11234416
v -0.030214709 0.0073154852 0.11234221
v -0.030214709 0.0073240213 0.11233652
v -0.030214709 0.0073304832 0.11232853
v -0.030214709 0.0073352667 0.11231942
v -0.030216709 0.0073054265 0.11208404
v -0.030216709 0.0073331816 0.11210518
v -0.030216709 0.0073434249 0.11214055
v -0.030216709 0.0073472917 0.11217728
v -0.030216709 0.0073482318 0.1122142
v -0.030214709 0.0073482318 0.1122142
v -0.030214709 0.0073472917 0.11217728
v -0.030214709 0.0073434249 0.11214055
v -0.030214709 0.0073331816 0.11210518
v -0.030214709 0.0073054265 0.11208404
v -0.030516709 0.0069285987 0.11274087
v -0.030516709 0.0077285987 0.11274087
v -0.030516709 0.0077285987 0.11197087
v -0.030516709 0.0069285988 0.11197087
v -0.030501709 0.0065285987 0.11274087
v -0.030509209 0.0065306083 0.11274087
v -0.030514699 0.0065360987 0.11274087
v -0.030516709 0.0065435987 0.11274087
v -0.030516709 0.0065435987 0.11197087
v -0.030514699 0.0065360987 0.11197087
v -0.030509209 0.0065306083 0.11197087
v -0.030501709 0.0065285988 0.11197087
v -0.030516709 0.0081135987 0.11274087
v -0.030514699 0.0081135987 0.11274837
v -0.030509209 0.0081135987 0.11275386
v -0.030501709 0.0081135987 0.11275587
v -0.030501709 0.0081210987 0.11275386
v -0.030501709 0.0081265891 0.11274837
v -0.030501709 0.0081285987 0.11274087
v -0.030509209 0.0081265891 0.11274087
v -0.030514699 0.0081210987 0.11274087
v -0.030516709 0.0081135987 0.11274087
v -0.030231709 0.0081285987 0.11274087
v -0.030231709 0.0081265891 0.11274837
v -0.030231709 0.0081210987 0.11275386
v -0.030231709 0.0081135987 0.11275587
v -0.030224209 0.0081135987 0.11275386
v -0.030218719 0.0081135987 0.11274837
v -0.030216709 0.0081135987 0.11274087
v -0.030218719 0.0081210987 0.11274087
v -0.030224209 0.0081265891 0.11274087
v -0.030216709 0.0081135987 0.11274087
v -0.030231709 0.0065285987 0.11274087
v -0.030231709 0.0065306083 0.11274837
v -0.030231709 0.0065360987 0.11275386
v -0.030231709 0.0065435987 0.11275587
v -0.030501709 0.0065435987 0.11275587
v -0.030501709 0.0065360987 0.11275386
v -0.030501709 0.0065306083 0.11274837
v -0.030501709 0.0065285987 0.11274087
v -0.030501709 0.0081135988 0.11195587
v -0.030501709 0.0077285987 0.11195587
v -0.030509209 0.0077285987 0.11195788
v -0.030514699 0.0077285987 0.11196337
v -0.030516709 0.0077285987 0.11197087
v -0.030516709 0.0081135988 0.11197087
v -0.030514699 0.0081135988 0.11196337
v -0.030509209 0.0081135988 0.11195788
v -0.030516709 0.0081135987 0.11274087
v -0.030514699 0.0081210987 0.11274087
v -0.030509209 0.0081265891 0.11274087
v -0.030501709 0.0081285987 0.11274087
v -0.030501709 0.0081285987 0.11197087
v -0.030509209 0.0081265892 0.11197087
v -0.030514699 0.0081210988 0.11197087
v -0.030516709 0.0081135988 0.11197087
v -0.030231709 0.0065435987 0.11195587
v -0.030231709 0.0069285988 0.11195587
v -0.030224209 0.0069285988 0.11195788
v -0.030218719 0.0069285988 0.11196337
v -0.030216709 0.0069285988 0.11197087
v -0.030216709 0.0065435987 0.11197087
v -0.030218719 0.0065435987 0.11196337
v -0.030224209 0.0065435987 0.11195788
v -0.030216709 0.0074332765 0.11211321
v -0.030216709 0.0074407781 0.11213934
v -0.030216709 0.0074446265 0.11216627
v -0.030216709 0.0074464932 0.11219342
v -0.030216709 0.0074470133 0.11222064
v -0.030214709 0.0074470133 0.11222064
v -0.030214709 0.0074464932 0.11219342
v -0.030214709 0.0074446265 0.11216627
v -0.030214709 0.0074407781 0.11213934
v -0.030214709 0.0074332765 0.11211321
v -0.030216709 0.0074305497 0.11225562
v -0.030216709 0.0074295329 0.11223949
v -0.030216709 0.0074257039 0.11222379
v -0.030216709 0.0074178142 0.11220975
v -0.030216709 0.0074038993 0.11220258
v -0.030214709 0.0074038993 0.11220258
v -0.030214709 0.0074178142 0.11220975
v -0.030214709 0.0074257039 0.11222379
v -0.030214709 0.0074295329 0.11223949
v -0.030214709 0.0074305497 0.11225562
v -0.030216709 0.0073869212 0.11212684
v -0.030216709 0.0073846641 0.11213322
v -0.030216709 0.0073831191 0.1121398
v -0.030216709 0.0073820395 0.11214648
v -0.030216709 0.007381159 0.11215319
v -0.030214709 0.007381159 0.11215319
v -0.030214709 0.0073820395 0.11214648
v -0.030214709 0.0073831191 0.1121398
v -0.030214709 0.0073846641 0.11213322
v -0.030214709 0.0073869212 0.11212684
v -0.030216709 0.0072078798 0.11234416
v -0.030216709 0.0071856643 0.11233403
v -0.030216709 0.0071725635 0.11231275
v -0.030216709 0.0071657864 0.11228861
v -0.030216709 0.0071638397 0.11226359
v -0.030214709 0.0071638397 0.11226359
v -0.030214709 0.0071657864 0.11228861
v -0.030214709 0.0071725635 0.11231275
v -0.030214709 0.0071856643 0.11233403
v -0.030214709 0.0072078798 0.11234416
v -0.030216709 0.0072329867 0.11226843
v -0.030216709 0.0072494503 0.11227172
v -0.030214709 0.0072494503 0.11227172
v -0.030214709 0.0072329867 0.11226843
v -0.030216709 0.0073482318 0.1122142
v -0.030216709 0.0073477246 0.11224083
v -0.030216709 0.0073459915 0.1122674
v -0.030216709 0.0073423041 0.11229376
v -0.030216709 0.0073352667 0.11231942
v -0.030214709 0.0073352667 0.11231942
v -0.030214709 0.0073423041 0.11229376
v -0.030214709 0.0073459915 0.1122674
v -0.030214709 0.0073477246 0.11224083
v -0.030214709 0.0073482318 0.1122142
v -0.030501709 0.0069285988 0.11195587
v -0.030501709 0.0077285987 0.11195587
v -0.030231709 0.0077285987 0.11195587
v -0.030231709 0.0069285988 0.11195587
v -0.030501709 0.0077285987 0.11275587
v -0.030509209 0.0077285987 0.11275386
v -0.030514699 0.0077285987 0.11274837
v -0.030516709 0.0077285987 0.11274087
v -0.030516709 0.0069285987 0.11274087
v -0.030514699 0.0069285987 0.11274837
v -0.030509209 0.0069285987 0.11275386
v -0.030501709 0.0069285987 0.11275587
v -0.030501709 0.0065435987 0.11275587
v -0.030501709 0.0069285987 0.11275587
v -0.030509209 0.0069285987 0.11275386
v -0.030514699 0.0069285987 0.11274837
v -0.030516709 0.0069285987 0.11274087
v -0.030516709 0.0065435987 0.11274087
v -0.030514699 0.0065435987 0.11274837
v -0.030509209 0.0065435987 0.11275386
v -0.030216709 0.0081135988 0.11197087
v -0.030216709 0.0077285987 0.11197087
v -0.030218719 0.0077285987 0.11196337
v -0.030224209 0.0077285987 0.11195788
v -0.030231709 0.0077285987 0.11195587
v -0.030231709 0.0081135988 0.11195587
v -0.030224209 0.0081135988 0.11195788
v -0.030218719 0.0081135988 0.11196337
v -0.030231709 0.0081285987 0.11274087
v -0.030224209 0.0081265891 0.11274087
v -0.030218719 0.0081210987 0.11274087
v -0.030216709 0.0081135987 0.11274087
v -0.030216709 0.0081135988 0.11197087
v -0.030218719 0.0081210988 0.11197087
v -0.030224209 0.0081265892 0.11197087
v -0.030231709 0.0081285987 0.11197087
v -0.030501709 0.0081285987 0.11274087
v -0.030501709 0.0081265891 0.11274837
v -0.030501709 0.0081210987 0.11275386
v -0.030501709 0.0081135987 0.11275587
v -0.030231709 0.0081135987 0.11275587
v -0.030231709 0.0081210987 0.11275386
v -0.030231709 0.0081265891 0.11274837
v -0.030231709 0.0081285987 0.11274087
v -0.030216709 0.0074010696 0.11208404
v -0.030216709 0.0074122698 0.11208654
v -0.030216709 0.007421438 0.1120935
v -0.030216709 0.0074282303 0.11210282
v -0.030216709 0.0074332765 0.11211321
v -0.030214709 0.0074332765 0.11211321
v -0.030214709 0.0074282303 0.11210282
v -0.030214709 0.007421438 0.1120935
v -0.030214709 0.0074122698 0.11208654
v -0.030214709 0.0074010696 0.11208404
v -0.030216709 0.007381159 0.11215319
v -0.030216709 0.0073646954 0.11214989
v -0.030214709 0.0073646954 0.11214989
v -0.030214709 0.007381159 0.11215319
v -0.030216709 0.0072494503 0.11227172
v -0.030216709 0.0072468327 0.11229433
v -0.030216709 0.0072403467 0.11231613
v -0.030216709 0.0072281895 0.11233525
v -0.030216709 0.0072078798 0.11234416
v -0.030214709 0.0072078798 0.11234416
v -0.030214709 0.0072281895 0.11233525
v -0.030214709 0.0072403467 0.11231613
v -0.030214709 0.0072468327 0.11229433
v -0.030214709 0.0072494503 0.11227172
v -0.030231709 0.0065285987 0.11274087
v -0.030501709 0.0065285987 0.11274087
v -0.030501709 0.0065285988 0.11197087
v -0.030231709 0.0065285988 0.11197087
v -0.030516709 0.0081135987 0.11274087
v -0.030516709 0.0077285987 0.11274087
v -0.030514699 0.0077285987 0.11274837
v -0.030509209 0.0077285987 0.11275386
v -0.030501709 0.0077285987 0.11275587
v -0.030501709 0.0081135987 0.11275587
v -0.030509209 0.0081135987 0.11275386
v -0.030514699 0.0081135987 0.11274837
v -0.030231709 0.0077285987 0.11195587
v -0.030224209 0.0077285987 0.11195788
v -0.030218719 0.0077285987 0.11196337
v -0.030216709 0.0077285987 0.11197087
v -0.030216709 0.0069285988 0.11197087
v -0.030218719 0.0069285988 0.11196337
v -0.030224209 0.0069285988 0.11195788
v -0.030231709 0.0069285988 0.11195587
v -0.030216709 0.0077285987 0.11274087
v -0.030218719 0.0077285987 0.11274837
v -0.030224209 0.0077285987 0.11275386
v -0.030231709 0.0077285987 0.11275587
v -0.030231709 0.0069285987 0.11275587
v -0.030224209 0.0069285987 0.11275386
v -0.030218719 0.0069285987 0.11274837
v -0.030216709 0.0069285987 0.11274087
v -0.030216709 0.0073646954 0.11214989
v -0.030216709 0.0073670543 0.11212952
v -0.030216709 0.0073724128 0.11210975
v -0.030216709 0.0073829121 0.11209226
v -0.030216709 0.0074010696 0.11208404
v -0.030214709 0.0074010696 0.11208404
v -0.030214709 0.0073829121 0.11209226
v -0.030214709 0.0073724128 0.11210975
v -0.030214709 0.0073670543 0.11212952
v -0.030214709 0.0073646954 0.11214989
v -0.030231709 0.0069285987 0.11275587
v -0.030231709 0.0077285987 0.11275587
v -0.030501709 0.0077285987 0.11275587
v -0.030501709 0.0069285987 0.11275587
v -0.030216709 0.0065435987 0.11274087
v -0.030216709 0.0069285987 0.11274087
v -0.030218719 0.0069285987 0.11274837
v -0.030224209 0.0069285987 0.11275386
v -0.030231709 0.0069285987 0.11275587
v -0.030231709 0.0065435987 0.11275587
v -0.030224209 0.0065435987 0.11275386
v -0.030218719 0.0065435987 0.11274837
v -0.030231709 0.0081135987 0.11275587
v -0.030231709 0.0077285987 0.11275587
v -0.030224209 0.0077285987 0.11275386
v -0.030218719 0.0077285987 0.11274837
v -0.030216709 0.0077285987 0.11274087
v -0.030216709 0.0081135987 0.11274087
v -0.030218719 0.0081135987 0.11274837
v -0.030224209 0.0081135987 0.11275386
v -0.030216709 0.0065435987 0.11197087
v -0.030216709 0.0069285988 0.11197087
v -0.030216709 0.0069285987 0.11274087
v -0.030216709 0.0065435987 0.11274087
v -0.030216709 0.0081135987 0.11274087
v -0.030216709 0.0077285987 0.11274087
v -0.030216709 0.0077285987 0.11197087
v -0.030216709 0.0081135988 0.11197087
v -0.030231709 0.0069285987 0.11275587
v -0.030501709 0.0069285987 0.11275587
v -0.030501709 0.0065435987 0.11275587
v -0.030231709 0.0065435987 0.11275587
v -0.030501709 0.0077285987 0.11275587
v -0.030231709 0.0077285987 0.11275587
v -0.030231709 0.0081135987 0.11275587
v -0.030501709 0.0081135987 0.11275587
v -0.030216709 0.0077285987 0.11197087
v -0.030216709 0.0077285987 0.11274087
v -0.030216709 0.0069285987 0.11274087
v -0.030216709 0.0069285988 0.11197087
v -0.030216709 0.0074010696 0.11208404
v -0.030216709 0.0073829121 0.11209226
v -0.030216709 0.0073724128 0.11210975
v -0.030216709 0.0073670543 0.11212952
v -0.030216709 0.0073646954 0.11214989
v -0.030216709 0.007381159 0.11215319
v -0.030216709 0.0073820395 0.11214648
v -0.030216709 0.0073831191 0.1121398
v -0.030216709 0.0073846641 0.11213322
v -0.030216709 0.0073869212 0.11212684
v -0.030216709 0.0073894481 0.11212216
v -0.030216709 0.0073927347 0.11211799
v -0.030216709 0.0073969987 0.11211484
v -0.030216709 0.00740215 0.11211367
v -0.030216709 0.0074062832 0.11211428
v -0.030216709 0.0074101053 0.112116
v -0.030216709 0.0074135168 0.11211841
v -0.030216709 0.0074165557 0.11212129
v -0.030216709 0.0074242552 0.1121417
v -0.030216709 0.0074283819 0.11216315
v -0.030216709 0.007430074 0.11218494
v -0.030216709 0.0074305497 0.1122068
v -0.030216709 0.0074260392 0.11219542
v -0.030216709 0.0074197643 0.11218493
v -0.030216709 0.007410905 0.11217656
v -0.030216709 0.0073993718 0.11217294
v -0.030216709 0.0073789098 0.11218521
v -0.030216709 0.0073680351 0.11220738
v -0.030216709 0.0073628156 0.11223157
v -0.030216709 0.0073614027 0.11225629
v -0.030216709 0.0073631048 0.11228247
v -0.030216709 0.0073686338 0.1123081
v -0.030216709 0.0073799845 0.11233163
v -0.030216709 0.0074019957 0.11234416
v -0.030216709 0.0074297617 0.11232474
v -0.030216709 0.0074415913 0.1122914
v -0.030216709 0.0074459493 0.11225615
v -0.030216709 0.0074470133 0.11222064
v -0.030216709 0.0074464932 0.11219342
v -0.030216709 0.0074446265 0.11216627
v -0.030216709 0.0074407781 0.11213934
v -0.030216709 0.0074332765 0.11211321
v -0.030216709 0.0074282303 0.11210282
v -0.030216709 0.007421438 0.1120935
v -0.030216709 0.0074122698 0.11208654
v -0.030216709 0.0072078798 0.11234416
v -0.030216709 0.0072281895 0.11233525
v -0.030216709 0.0072403467 0.11231613
v -0.030216709 0.0072468327 0.11229433
v -0.030216709 0.0072494503 0.11227172
v -0.030216709 0.0072329867 0.11226843
v -0.030216709 0.0072308783 0.11228273
v -0.030216709 0.007227366 0.11229674
v -0.030216709 0.0072203627 0.11230926
v -0.030216709 0.0072073138 0.11231453
v -0.030216709 0.0071930481 0.11230844
v -0.030216709 0.0071851396 0.11229471
v -0.030216709 0.0071813477 0.11227924
v -0.030216709 0.0071803033 0.11226334
v -0.030216709 0.007181357 0.11224852
v -0.030216709 0.0071851708 0.11223418
v -0.030216709 0.0071928357 0.11222154
v -0.030216709 0.0072059762 0.11221554
v -0.030216709 0.0072089573 0.11221585
v -0.030216709 0.0072118503 0.11221665
v -0.030216709 0.0072146461 0.11221773
v -0.030216709 0.0072173463 0.11221904
v -0.030216709 0.0072155456 0.11218941
v -0.030216709 0.0072149075 0.11218953
v -0.030216709 0.0072142668 0.11218964
v -0.030216709 0.0072136216 0.11218972
v -0.030216709 0.0072129732 0.11218977
v -0.030216709 0.0072006943 0.11218565
v -0.030216709 0.0071920465 0.1121759
v -0.030216709 0.0071879297 0.11216348
v -0.030216709 0.0071868887 0.11215041
v -0.030216709 0.0071878436 0.11213867
v -0.030216709 0.0071912871 0.11212742
v -0.030216709 0.007198021 0.11211783
v -0.030216709 0.0072088059 0.11211367
v -0.030216709 0.0072203461 0.11211821
v -0.030216709 0.0072274605 0.11212858
v -0.030216709 0.0072312026 0.11214066
v -0.030216709 0.0072329867 0.11215319
v -0.030216709 0.0072494503 0.11214989
v -0.030216709 0.0072463351 0.11212913
v -0.030216709 0.0072399869 0.11210914
v -0.030216709 0.0072283359 0.11209182
v -0.030216709 0.0072093718 0.11208404
v -0.030216709 0.007190506 0.11209183
v -0.030216709 0.0071784441 0.11210868
v -0.030216709 0.0071723397 0.11212858
v -0.030216709 0.0071704251 0.11214933
v -0.030216709 0.0071712545 0.11216314
v -0.030216709 0.0071741119 0.11217667
v -0.030216709 0.0071794239 0.11218943
v -0.030216709 0.0071879691 0.11220026
v -0.030216709 0.007175161 0.11221221
v -0.030216709 0.0071681193 0.11222845
v -0.030216709 0.0071647565 0.11224587
v -0.030216709 0.0071638397 0.11226359
v -0.030216709 0.0071657864 0.11228861
v -0.030216709 0.0071725635 0.11231275
v -0.030216709 0.0071856643 0.11233403
v -0.030216709 0.0073352667 0.11231942
v -0.030216709 0.0073423041 0.11229376
v -0.030216709 0.0073459915 0.1122674
v -0.030216709 0.0073477246 0.11224083
v -0.030216709 0.0073482318 0.1122142
v -0.030216709 0.0073472917 0.11217728
v -0.030216709 0.0073434249 0.11214055
v -0.030216709 0.0073331816 0.11210518
v -0.030216709 0.0073054265 0.11208404
v -0.030216709 0.0072770988 0.11210481
v -0.030216709 0.0072675989 0.11214047
v -0.030216709 0.0072635124 0.11217722
v -0.030216709 0.0072626212 0.1122142
v -0.030216709 0.007263573 0.11225108
v -0.030216709 0.0072674626 0.11228776
v -0.030216709 0.0072776941 0.11232309
v -0.030216709 0.0073054265 0.11234416
v -0.030216709 0.0073154852 0.11234221
v -0.030216709 0.0073240213 0.11233652
v -0.030216709 0.0073304832 0.11232853
f 5111 5112 5120
f 5120 5112 5119
f 5119 5112 5113
f 5119 5113 5118
f 5118 5113 5114
f 5118 5114 5117
f 5117 5114 5115
f 5117 5115 5116
f 5121 5122 5130
f 5130 5122 5129
f 5129 5122 5123
f 5129 5123 5128
f 5128 5123 5124
f 5128 5124 5127
f 5127 5124 5125
f 5127 5125 5126
f 5131 5132 5150
f 5150 5132 5133
f 5150 5133 5149
f 5149 5133 5134
f 5149 5134 5148
f 5148 5134 5147
f 5147 5134 5135
f 5147 5135 5143
f 5143 5135 5139
f 5143 5139 5142
f 5142 5139 5141
f 5141 5139 5140
f 5135 5136 5139
f 5139 5136 5137
f 5139 5137 5138
f 5143 5144 5147
f 5147 5144 5145
f 5147 5145 5146
f 5151 5152 5160
f 5160 5152 5159
f 5159 5152 5153
f 5159 5153 5158
f 5158 5153 5154
f 5158 5154 5157
f 5157 5154 5155
f 5157 5155 5156
f 5161 5162 5170
f 5170 5162 5169
f 5169 5162 5163
f 5169 5163 5168
f 5168 5163 5164
f 5168 5164 5167
f 5167 5164 5165
f 5167 5165 5166
f 5171 5172 5180
f 5180 5172 5179
f 5179 5172 5173
f 5179 5173 5178
f 5178 5173 5174
f 5178 5174 5177
f 5177 5174 5175
f 5177 5175 5176
f 5181 5182 5184
f 5184 5182 5183
f 5185 5186 5188
f 5188 5186 5187
f 5189 5190 5198
f 5198 5190 5197
f 5197 5190 5191
f 5197 5191 5196
f 5196 5191 5192
f 5196 5192 5195
f 5195 5192 5193
f 5195 5193 5194
f 5200 5207 5199
f 5199 5207 5208
f 5199 5208 5214
f 5214 5208 5211
f 5214 5211 5212
f 5201 5202 5200
f 5200 5202 5203
f 5200 5203 5204
f 5204 5205 5200
f 5200 5205 5206
f 5200 5206 5207
f 5209 5210 5208
f 5208 5210 5211
f 5212 5213 5214
f 5215 5216 5224
f 5224 5216 5223
f 5223 5216 5217
f 5223 5217 5222
f 5222 5217 5218
f 5222 5218 5221
f 5221 5218 5219
f 5221 5219 5220
f 5225 5226 5234
f 5234 5226 5233
f 5233 5226 5227
f 5233 5227 5232
f 5232 5227 5228
f 5232 5228 5231
f 5231 5228 5229
f 5231 5229 5230
f 5235 5236 5244
f 5244 5236 5243
f 5243 5236 5237
f 5243 5237 5242
f 5242 5237 5238
f 5242 5238 5241
f 5241 5238 5239
f 5241 5239 5240
f 5245 5246 5254
f 5254 5246 5253
f 5253 5246 5247
f 5253 5247 5252
f 5252 5247 5248
f 5252 5248 5251
f 5251 5248 5249
f 5251 5249 5250
f 5262 5255 5261
f 5261 5255 5256
f 5261 5256 5260
f 5260 5256 5257
f 5260 5257 5259
f 5259 5257 5258
f 5263 5264 5272
f 5272 5264 5271
f 5271 5264 5265
f 5271 5265 5270
f 5270 5265 5266
f 5270 5266 5269
f 5269 5266 5267
f 5269 5267 5268
f 5273 5274 5282
f 5282 5274 5281
f 5281 5274 5275
f 5281 5275 5280
f 5280 5275 5276
f 5280 5276 5279
f 5279 5276 5277
f 5279 5277 5278
f 5283 5284 5292
f 5292 5284 5291
f 5291 5284 5285
f 5291 5285 5290
f 5290 5285 5286
f 5290 5286 5289
f 5289 5286 5287
f 5289 5287 5288
f 5293 5294 5302
f 5302 5294 5301
f 5301 5294 5295
f 5301 5295 5300
f 5300 5295 5296
f 5300 5296 5299
f 5299 5296 5297
f 5299 5297 5298
f 5303 5304 5312
f 5312 5304 5311
f 5311 5304 5305
f 5311 5305 5310
f 5310 5305 5306
f 5310 5306 5309
f 5309 5306 5307
f 5309 5307 5308
f 5314 5337 5313
f 5313 5337 5338
f 5313 5338 5332
f 5332 5338 5339
f 5332 5339 5331
f 5331 5339 5340
f 5331 5340 5330
f 5330 5340 5341
f 5330 5341 5342
f 5337 5314 5336
f 5336 5314 5315
f 5336 5315 5335
f 5335 5315 5316
f 5335 5316 5317
f 5335 5317 5334
f 5334 5317 5318
f 5334 5318 5319
f 5319 5320 5334
f 5334 5320 5333
f 5333 5320 5321
f 5333 5321 5352
f 5352 5321 5322
f 5352 5322 5351
f 5351 5322 5323
f 5351 5323 5324
f 5351 5324 5350
f 5350 5324 5325
f 5350 5325 5349
f 5349 5325 5348
f 5348 5325 5326
f 5348 5326 5347
f 5347 5326 5327
f 5347 5327 5328
f 5347 5328 5346
f 5346 5328 5329
f 5346 5329 5345
f 5345 5329 5344
f 5344 5329 5343
f 5343 5329 5330
f 5343 5330 5342
f 5353 5354 5362
f 5362 5354 5361
f 5361 5354 5355
f 5361 5355 5360
f 5360 5355 5356
f 5360 5356 5359
f 5359 5356 5357
f 5359 5357 5358
f 5363 5364 5366
f 5366 5364 5365
f 5376 5368 5375
f 5375 5368 5369
f 5375 5369 5372
f 5372 5369 5371
f 5371 5369 5370
f 5373 5374 5372
f 5372 5374 5375
f 5377 5378 5385
f 5385 5378 5379
f 5385 5379 5382
f 5382 5379 5381
f 5381 5379 5386
f 5383 5384 5382
f 5382 5384 5385
f 5388 5389 5387
f 5387 5389 5390
f 5392 5393 5391
f 5391 5393 5394
f 5395 5396 5404
f 5404 5396 5403
f 5403 5396 5397
f 5403 5397 5402
f 5402 5397 5398
f 5402 5398 5401
f 5401 5398 5399
f 5401 5399 5400
f 5405 5406 5414
f 5414 5406 5413
f 5413 5406 5407
f 5413 5407 5412
f 5412 5407 5408
f 5412 5408 5411
f 5411 5408 5409
f 5411 5409 5410
f 5415 5416 5424
f 5424 5416 5423
f 5423 5416 5417
f 5423 5417 5422
f 5422 5417 5418
f 5422 5418 5421
f 5421 5418 5419
f 5421 5419 5420
f 5425 5426 5434
f 5434 5426 5433
f 5433 5426 5427
f 5433 5427 5432
f 5432 5427 5428
f 5432 5428 5431
f 5431 5428 5429
f 5431 5429 5430
f 5435 5436 5444
f 5444 5436 5443
f 5443 5436 5437
f 5443 5437 5442
f 5442 5437 5438
f 5442 5438 5441
f 5441 5438 5439
f 5441 5439 5440
f 5445 5446 5454
f 5454 5446 5453
f 5453 5446 5447
f 5453 5447 5452
f 5452 5447 5448
f 5452 5448 5451
f 5451 5448 5449
f 5451 5449 5450
f 5455 5456 5464
f 5464 5456 5463
f 5463 5456 5457
f 5463 5457 5462
f 5462 5457 5458
f 5462 5458 5461
f 5461 5458 5459
f 5461 5459 5460
f 5465 5466 5474
f 5474 5466 5473
f 5473 5466 5467
f 5473 5467 5472
f 5472 5467 5468
f 5472 5468 5471
f 5471 5468 5469
f 5471 5469 5470
f 5482 5475 5481
f 5481 5475 5476
f 5481 5476 5480
f 5480 5476 5477
f 5480 5477 5479
f 5479 5477 5478
f 5483 5484 5491
f 5491 5484 5485
f 5491 5485 5488
f 5488 5485 5487
f 5487 5485 5486
f 5491 5488 5490
f 5490 5488 5492
f 5493 5494 5496
f 5496 5494 5495
f 5506 5498 5505
f 5505 5498 5499
f 5505 5499 5502
f 5502 5499 5501
f 5501 5499 5500
f 5503 5504 5502
f 5502 5504 5505
f 5516 5508 5515
f 5515 5508 5509
f 5515 5509 5512
f 5512 5509 5511
f 5511 5509 5510
f 5513 5514 5512
f 5512 5514 5515
f 5524 5517 5523
f 5523 5517 5518
f 5523 5518 5522
f 5522 5518 5519
f 5522 5519 5521
f 5521 5519 5520
f 5525 5526 5532
f 5532 5526 5527
f 5532 5527 5531
f 5531 5527 5528
f 5531 5528 5530
f 5530 5528 5529
f 5533 5534 5541
f 5541 5534 5535
f 5541 5535 5538
f 5538 5535 5537
f 5537 5535 5542
f 5539 5540 5538
f 5538 5540 5541
f 5550 5543 5549
f 5549 5543 5544
f 5549 5544 5548
f 5548 5544 5545
f 5548 5545 5547
f 5547 5545 5546
f 5551 5552 5554
f 5554 5552 5553
f 5555 5556 5599
f 5599 5556 5598
f 5598 5556 5557
f 5598 5557 5597
f 5597 5557 5596
f 5596 5557 5558
f 5596 5558 5595
f 5595 5558 5594
f 5594 5558 5593
f 5593 5558 5559
f 5593 5559 5592
f 5592 5559 5591
f 5591 5559 5590
f 5590 5559 5560
f 5590 5560 5589
f 5589 5560 5588
f 5588 5560 5561
f 5588 5561 5587
f 5587 5561 5562
f 5587 5562 5586
f 5586 5562 5563
f 5586 5563 5564
f 5586 5564 5585
f 5585 5564 5565
f 5585 5565 5584
f 5584 5565 5566
f 5584 5566 5583
f 5583 5566 5567
f 5583 5567 5605
f 5605 5567 5568
f 5605 5568 5604
f 5604 5568 5569
f 5604 5569 5603
f 5603 5569 5602
f 5602 5569 5570
f 5602 5570 5601
f 5601 5570 5571
f 5601 5571 5600
f 5600 5571 5615
f 5615 5571 5572
f 5615 5572 5614
f 5614 5572 5573
f 5614 5573 5613
f 5613 5573 5574
f 5613 5574 5612
f 5612 5574 5575
f 5612 5575 5576
f 5612 5576 5611
f 5611 5576 5577
f 5611 5577 5610
f 5610 5577 5578
f 5610 5578 5609
f 5609 5578 5579
f 5609 5579 5608
f 5608 5579 5580
f 5608 5580 5607
f 5607 5580 5581
f 5607 5581 5582
f 5607 5582 5606
f 5606 5582 5583
f 5606 5583 5605
f 5616 5617 5625
f 5625 5617 5624
f 5624 5617 5618
f 5624 5618 5623
f 5623 5618 5619
f 5623 5619 5622
f 5622 5619 5620
f 5622 5620 5621
f 5626 5627 5635
f 5635 5627 5634
f 5634 5627 5628
f 5634 5628 5633
f 5633 5628 5629
f 5633 5629 5632
f 5632 5629 5630
f 5632 5630 5631
f 5636 5637 5645
f 5645 5637 5644
f 5644 5637 5638
f 5644 5638 5643
f 5643 5638 5639
f 5643 5639 5642
f 5642 5639 5640
f 5642 5640 5641
f 5646 5647 5655
f 5655 5647 5654
f 5654 5647 5648
f 5654 5648 5653
f 5653 5648 5649
f 5653 5649 5652
f 5652 5649 5650
f 5652 5650 5651
f 5656 5657 5714
f 5714 5657 5713
f 5713 5657 5658
f 5713 5658 5712
f 5712 5658 5659
f 5712 5659 5711
f 5711 5659 5660
f 5711 5660 5710
f 5710 5660 5709
f 5709 5660 5661
f 5709 5661 5708
f 5708 5661 5662
f 5708 5662 5707
f 5707 5662 5663
f 5707 5663 5706
f 5706 5663 5664
f 5706 5664 5665
f 5706 5665 5705
f 5705 5665 5666
f 5705 5666 5667
f 5705 5667 5704
f 5704 5667 5668
f 5704 5668 5703
f 5703 5668 5692
f 5703 5692 5702
f 5702 5692 5693
f 5702 5693 5701
f 5701 5693 5700
f 5700 5693 5694
f 5700 5694 5699
f 5699 5694 5695
f 5699 5695 5696
f 5692 5668 5691
f 5691 5668 5669
f 5691 5669 5690
f 5690 5669 5670
f 5690 5670 5689
f 5689 5670 5671
f 5689 5671 5672
f 5672 5673 5689
f 5689 5673 5688
f 5688 5673 5674
f 5688 5674 5687
f 5687 5674 5675
f 5687 5675 5686
f 5686 5675 5676
f 5686 5676 5685
f 5685 5676 5684
f 5684 5676 5677
f 5684 5677 5683
f 5683 5677 5678
f 5683 5678 5682
f 5682 5678 5679
f 5682 5679 5681
f 5681 5679 5680
f 5696 5697 5699
f 5699 5697 5698
f 5715 5716 5724
f 5724 5716 5723
f 5723 5716 5717
f 5723 5717 5722
f 5722 5717 5718
f 5722 5718 5721
f 5721 5718 5719
f 5721 5719 5720
f 5725 5726 5734
f 5734 5726 5733
f 5733 5726 5727
f 5733 5727 5732
f 5732 5727 5728
f 5732 5728 5731
f 5731 5728 5729
f 5731 5729 5730
f 5735 5736 5744
f 5744 5736 5743
f 5743 5736 5737
f 5743 5737 5742
f 5742 5737 5738
f 5742 5738 5741
f 5741 5738 5739
f 5741 5739 5740
f 5746 5747 5745
f 5745 5747 5748
f 5756 5749 5755
f 5755 5749 5750
f 5755 5750 5754
f 5754 5750 5751
f 5754 5751 5753
f 5753 5751 5752
f 5766 5758 5765
f 5765 5758 5759
f 5765 5759 5762
f 5762 5759 5761
f 5761 5759 5760
f 5763 5764 5762
f 5762 5764 5765
f 5767 5768 5775
f 5775 5768 5769
f 5775 5769 5772
f 5772 5769 5771
f 5771 5769 5770
f 5775 5772 5774
f 5774 5772 5776
f 5784 5777 5783
f 5783 5777 5778
f 5783 5778 5782
f 5782 5778 5779
f 5782 5779 5781
f 5781 5779 5780
f 5785 5786 5792
f 5792 5786 5787
f 5792 5787 5791
f 5791 5787 5788
f 5791 5788 5790
f 5790 5788 5789
f 5800 5793 5799
f 5799 5793 5794
f 5799 5794 5798
f 5798 5794 5795
f 5798 5795 5797
f 5797 5795 5796
f 5801 5802 5808
f 5808 5802 5803
f 5808 5803 5807
f 5807 5803 5804
f 5807 5804 5806
f 5806 5804 5805
f 5809 5810 5818
f 5818 5810 5817
f 5817 5810 5811
f 5817 5811 5816
f 5816 5811 5812
f 5816 5812 5815
f 5815 5812 5813
f 5815 5813 5814
f 5819 5820 5828
f 5828 5820 5827
f 5827 5820 5821
f 5827 5821 5826
f 5826 5821 5822
f 5826 5822 5825
f 5825 5822 5823
f 5825 5823 5824
f 5829 5830 5838
f 5838 5830 5837
f 5837 5830 5831
f 5837 5831 5836
f 5836 5831 5832
f 5836 5832 5835
f 5835 5832 5833
f 5835 5833 5834
f 5839 5840 5848
f 5848 5840 5847
f 5847 5840 5841
f 5847 5841 5846
f 5846 5841 5842
f 5846 5842 5845
f 5845 5842 5843
f 5845 5843 5844
f 5849 5850 5852
f 5852 5850 5851
f 5853 5854 5862
f 5862 5854 5861
f 5861 5854 5855
f 5861 5855 5860
f 5860 5855 5856
f 5860 5856 5859
f 5859 5856 5857
f 5859 5857 5858
f 5863 5864 5866
f 5866 5864 5865
f 5874 5867 5873
f 5873 5867 5868
f 5873 5868 5872
f 5872 5868 5869
f 5872 5869 5871
f 5871 5869 5870
f 5875 5876 5882
f 5882 5876 5877
f 5882 5877 5881
f 5881 5877 5878
f 5881 5878 5880
f 5880 5878 5879
f 5883 5884 5890
f 5890 5884 5885
f 5890 5885 5889
f 5889 5885 5886
f 5889 5886 5888
f 5888 5886 5887
f 5898 5891 5897
f 5897 5891 5892
f 5897 5892 5896
f 5896 5892 5893
f 5896 5893 5895
f 5895 5893 5894
f 5906 5899 5905
f 5905 5899 5900
f 5905 5900 5904
f 5904 5900 5901
f 5904 5901 5903
f 5903 5901 5902
f 5907 5908 5916
f 5916 5908 5915
f 5915 5908 5909
f 5915 5909 5914
f 5914 5909 5910
f 5914 5910 5913
f 5913 5910 5911
f 5913 5911 5912
f 5917 5918 5920
f 5920 5918 5919
f 5921 5922 5930
f 5930 5922 5929
f 5929 5922 5923
f 5929 5923 5928
f 5928 5923 5924
f 5928 5924 5927
f 5927 5924 5925
f 5927 5925 5926
f 5932 5933 5931
f 5931 5933 5934
f 5935 5936 5942
f 5942 5936 5937
f 5942 5937 5941
f 5941 5937 5938
f 5941 5938 5940
f 5940 5938 5939
f 5950 5943 5949
f 5949 5943 5944
f 5949 5944 5948
f 5948 5944 5945
f 5948 5945 5947
f 5947 5945 5946
f 5958 5951 5957
f 5957 5951 5952
f 5957 5952 5956
f 5956 5952 5953
f 5956 5953 5955
f 5955 5953 5954
f 5959 5960 5968
f 5968 5960 5967
f 5967 5960 5961
f 5967 5961 5966
f 5966 5961 5962
f 5966 5962 5965
f 5965 5962 5963
f 5965 5963 5964
f 5969 5970 5972
f 5972 5970 5971
f 5973 5974 5980
f 5980 5974 5975
f 5980 5975 5979
f 5979 5975 5976
f 5979 5976 5978
f 5978 5976 5977
f 5981 5982 5988
f 5988 5982 5983
f 5988 5983 5987
f 5987 5983 5984
f 5987 5984 5986
f 5986 5984 5985
f 5990 5991 5989
f 5989 5991 5992
f 5994 5995 5993
f 5993 5995 5996
f 5998 5999 5997
f 5997 5999 6000
f 6002 6003 6001
f 6001 6003 6004
f 6006 6044 6005
f 6005 6044 6045
f 6005 6045 6046
f 6007 6129 6006
f 6006 6129 6042
f 6006 6042 6043
f 6008 6110 6007
f 6007 6110 6111
f 6007 6111 6112
f 6005 6121 6008
f 6008 6121 6097
f 6008 6097 6098
f 6010 6121 6009
f 6009 6121 6005
f 6009 6005 6053
f 6053 6005 6052
f 6052 6005 6051
f 6051 6005 6050
f 6050 6005 6049
f 6049 6005 6048
f 6048 6005 6047
f 6047 6005 6046
f 6121 6010 6120
f 6120 6010 6011
f 6120 6011 6012
f 6120 6012 6119
f 6119 6012 6013
f 6119 6013 6118
f 6118 6013 6035
f 6118 6035 6036
f 6013 6014 6035
f 6035 6014 6034
f 6034 6014 6015
f 6034 6015 6027
f 6027 6015 6016
f 6027 6016 6017
f 6027 6017 6026
f 6026 6017 6018
f 6026 6018 6019
f 6020 6024 6019
f 6019 6024 6025
f 6019 6025 6026
f 6021 6022 6020
f 6020 6022 6023
f 6020 6023 6024
f 6027 6028 6034
f 6034 6028 6033
f 6033 6028 6032
f 6032 6028 6029
f 6032 6029 6031
f 6031 6029 6030
f 6118 6036 6117
f 6117 6036 6037
f 6117 6037 6116
f 6116 6037 6038
f 6116 6038 6115
f 6115 6038 6039
f 6115 6039 6114
f 6114 6039 6040
f 6114 6040 6113
f 6113 6040 6041
f 6113 6041 6132
f 6132 6041 6131
f 6131 6041 6042
f 6131 6042 6130
f 6130 6042 6129
f 6043 6044 6006
f 6055 6129 6054
f 6054 6129 6007
f 6054 6007 6112
f 6129 6055 6128
f 6128 6055 6056
f 6128 6056 6057
f 6128 6057 6127
f 6127 6057 6058
f 6127 6058 6126
f 6126 6058 6059
f 6126 6059 6075
f 6075 6059 6069
f 6075 6069 6070
f 6060 6066 6059
f 6059 6066 6067
f 6059 6067 6068
f 6066 6060 6065
f 6065 6060 6061
f 6065 6061 6064
f 6064 6061 6062
f 6064 6062 6063
f 6068 6069 6059
f 6071 6072 6070
f 6070 6072 6073
f 6070 6073 6074
f 6074 6075 6070
f 6126 6075 6125
f 6125 6075 6076
f 6125 6076 6124
f 6124 6076 6092
f 6124 6092 6093
f 6092 6076 6081
f 6081 6076 6077
f 6081 6077 6078
f 6078 6079 6081
f 6081 6079 6080
f 6081 6082 6092
f 6092 6082 6083
f 6092 6083 6084
f 6092 6084 6091
f 6091 6084 6085
f 6091 6085 6090
f 6090 6085 6086
f 6090 6086 6087
f 6088 6089 6087
f 6087 6089 6090
f 6124 6093 6123
f 6123 6093 6094
f 6123 6094 6122
f 6122 6094 6095
f 6122 6095 6096
f 6122 6096 6121
f 6121 6096 6097
f 6098 6099 6008
f 6008 6099 6100
f 6008 6100 6101
f 6101 6102 6008
f 6008 6102 6107
f 6008 6107 6108
f 6102 6103 6107
f 6107 6103 6106
f 6106 6103 6104
f 6106 6104 6105
f 6108 6109 6008
f 6008 6109 6110
v -0.030216709 -0.0020396623 0.12643113
v -0.030216709 -0.0020438195 0.12642035
v -0.030216709 -0.0020534132 0.12641361
v -0.030216709 -0.0020646633 0.12641017
v -0.030216709 -0.0020763966 0.12640921
v -0.030214709 -0.0020763966 0.12640921
v -0.030214709 -0.0020646633 0.12641017
v -0.030214709 -0.0020534132 0.12641361
v -0.030214709 -0.0020438195 0.12642035
v -0.030214709 -0.0020396623 0.12643113
v -0.030216709 -0.0020763966 0.12640921
v -0.030216709 -0.0020894705 0.12641025
v -0.030216709 -0.0021018848 0.12641437
v -0.030216709 -0.0021116361 0.12642302
v -0.030216709 -0.0021157549 0.1264353
v -0.030214709 -0.0021157549 0.1264353
v -0.030214709 -0.0021116361 0.12642302
v -0.030214709 -0.0021018848 0.12641437
v -0.030214709 -0.0020894705 0.12641025
v -0.030214709 -0.0020763966 0.12640921
v -0.030216709 -0.0020572577 0.12654653
v -0.030216709 -0.0020776304 0.12655092
v -0.030216709 -0.002098393 0.1265529
v -0.030216709 -0.002119231 0.12655386
v -0.030216709 -0.0021400901 0.12655409
v -0.030216709 -0.002167676 0.12655366
v -0.030216709 -0.0021952028 0.12655183
v -0.030216709 -0.002222138 0.12654621
v -0.030216709 -0.0022405179 0.12652775
v -0.030216709 -0.0022221009 0.12650935
v -0.030216709 -0.002195182 0.12650371
v -0.030216709 -0.0021676675 0.12650185
v -0.030216709 -0.0021400901 0.12650141
v -0.030216709 -0.0021124286 0.12650187
v -0.030216709 -0.0020848262 0.12650369
v -0.030216709 -0.0020577979 0.12650926
v -0.030216709 -0.0020396623 0.12652791
v -0.030216709 -0.0020413141 0.12653443
v -0.030216709 -0.00204562 0.12653963
v -0.030216709 -0.0020511557 0.12654356
v -0.030216709 -0.0020791748 0.12645531
v -0.030216709 -0.002066647 0.12645353
v -0.030216709 -0.0020545721 0.12644979
v -0.030216709 -0.0020441984 0.12644267
v -0.030216709 -0.0020396623 0.12643113
v -0.030214709 -0.0020396623 0.12643113
v -0.030214709 -0.0020441984 0.12644267
v -0.030214709 -0.0020545721 0.12644979
v -0.030214709 -0.002066647 0.12645353
v -0.030214709 -0.0020791748 0.12645531
v -0.030216709 -0.0021157549 0.1264353
v -0.030216709 -0.0021157042 0.12643595
v -0.030216709 -0.0021156298 0.12643659
v -0.030216709 -0.0021155215 0.12643723
v -0.030216709 -0.0021153947 0.12643787
v -0.030214709 -0.0021153947 0.12643787
v -0.030214709 -0.0021155215 0.12643723
v -0.030214709 -0.0021156298 0.12643659
v -0.030214709 -0.0021157042 0.12643595
v -0.030214709 -0.0021157549 0.1264353
v -0.030216709 -0.0020572577 0.12654653
v -0.030216709 -0.0020511557 0.12654356
v -0.030216709 -0.00204562 0.12653963
v -0.030216709 -0.0020413141 0.12653443
v -0.030216709 -0.0020396623 0.12652791
v -0.030214709 -0.0020396623 0.12652791
v -0.030214709 -0.0020413141 0.12653443
v -0.030214709 -0.00204562 0.12653963
v -0.030214709 -0.0020511557 0.12654356
v -0.030214709 -0.0020572577 0.12654653
v -0.030216709 -0.0020758821 0.12647178
v -0.030216709 -0.0020791748 0.12645531
v -0.030214709 -0.0020791748 0.12645531
v -0.030214709 -0.0020758821 0.12647178
v -0.030216709 -0.0021153947 0.12643787
v -0.030216709 -0.0021450292 0.12643967
v -0.030214709 -0.0021450292 0.12643967
v -0.030214709 -0.0021153947 0.12643787
v -0.030216709 -0.0020396623 0.12652791
v -0.030216709 -0.0020577979 0.12650926
v -0.030216709 -0.0020848262 0.12650369
v -0.030216709 -0.0021124286 0.12650187
v -0.030216709 -0.0021400901 0.12650141
v -0.030214709 -0.0021400901 0.12650141
v -0.030214709 -0.0021124286 0.12650187
v -0.030214709 -0.0020848262 0.12650369
v -0.030214709 -0.0020577979 0.12650926
v -0.030214709 -0.0020396623 0.12652791
v -0.030216709 -0.0021285656 0.12662622
v -0.030216709 -0.0021357352 0.12664014
v -0.030216709 -0.0021497796 0.12664803
v -0.030216709 -0.0021654764 0.12665186
v -0.030216709 -0.0021816092 0.12665287
v -0.030216709 -0.002199221 0.12665165
v -0.030216709 -0.0022164558 0.12664785
v -0.030216709 -0.0022324498 0.1266405
v -0.030216709 -0.0022405179 0.12662556
v -0.030216709 -0.0022326531 0.1266111
v -0.030216709 -0.0022171669 0.12660407
v -0.030216709 -0.0022003736 0.12660099
v -0.030216709 -0.002183307 0.12660019
v -0.030216709 -0.0021666314 0.12660101
v -0.030216709 -0.0021502512 0.12660417
v -0.030216709 -0.002135401 0.12661158
v -0.030216709 -0.0020989311 0.1266217
v -0.030216709 -0.002102546 0.12663323
v -0.030216709 -0.0021109214 0.12664209
v -0.030216709 -0.0021214099 0.12664836
v -0.030216709 -0.0021327844 0.12665287
v -0.030214709 -0.0021327844 0.12665287
v -0.030214709 -0.0021214099 0.12664836
v -0.030214709 -0.0021109214 0.12664209
v -0.030214709 -0.002102546 0.12663323
v -0.030214709 -0.0020989311 0.1266217
v -0.030216709 -0.0020100278 0.1264317
v -0.030216709 -0.0020178106 0.12645066
v -0.030216709 -0.0020351327 0.12646231
v -0.030216709 -0.0020551203 0.12646866
v -0.030216709 -0.0020758821 0.12647178
v -0.030214709 -0.0020758821 0.12647178
v -0.030214709 -0.0020551203 0.12646866
v -0.030214709 -0.0020351327 0.12646231
v -0.030214709 -0.0020178106 0.12645066
v -0.030214709 -0.0020100278 0.1264317
v -0.030216709 -0.0021450292 0.12643967
v -0.030216709 -0.002143721 0.12643697
v -0.030216709 -0.0021426401 0.12643418
v -0.030216709 -0.0021418356 0.12643128
v -0.030216709 -0.0021415307 0.1264283
v -0.030214709 -0.0021415307 0.1264283
v -0.030214709 -0.0021418356 0.12643128
v -0.030214709 -0.0021426401 0.12643418
v -0.030214709 -0.002143721 0.12643697
v -0.030214709 -0.0021450292 0.12643967
v -0.030216709 -0.0021400901 0.12650141
v -0.030216709 -0.0021676675 0.12650185
v -0.030216709 -0.002195182 0.12650371
v -0.030216709 -0.0022221009 0.12650935
v -0.030216709 -0.0022405179 0.12652775
v -0.030214709 -0.0022405179 0.12652775
v -0.030214709 -0.0022221009 0.12650935
v -0.030214709 -0.002195182 0.12650371
v -0.030214709 -0.0021676675 0.12650185
v -0.030214709 -0.0021400901 0.12650141
v -0.030231709 -0.0018968597 0.12735092
v -0.030231709 -0.0018893597 0.12734891
v -0.030231709 -0.0018838693 0.12734342
v -0.030231709 -0.0018818597 0.12733592
v -0.030501709 -0.0018818597 0.12733592
v -0.030501709 -0.0018838693 0.12734342
v -0.030501709 -0.0018893597 0.12734891
v -0.030501709 -0.0018968597 0.12735092
v -0.030216709 -0.002182278 0.12658373
v -0.030216709 -0.0021575545 0.12658514
v -0.030216709 -0.0021333648 0.12659036
v -0.030216709 -0.0021111971 0.12660123
v -0.030216709 -0.0020989311 0.1266217
v -0.030214709 -0.0020989311 0.1266217
v -0.030214709 -0.0021111971 0.12660123
v -0.030214709 -0.0021333648 0.12659036
v -0.030214709 -0.0021575545 0.12658514
v -0.030214709 -0.002182278 0.12658373
v -0.030216709 -0.0021285656 0.12662622
v -0.030216709 -0.002135401 0.12661158
v -0.030216709 -0.0021502512 0.12660417
v -0.030216709 -0.0021666314 0.12660101
v -0.030216709 -0.002183307 0.12660019
v -0.030214709 -0.002183307 0.12660019
v -0.030214709 -0.0021666314 0.12660101
v -0.030214709 -0.0021502512 0.12660417
v -0.030214709 -0.002135401 0.12661158
v -0.030214709 -0.0021285656 0.12662622
v -0.030216709 -0.0021327844 0.12665287
v -0.030216709 -0.0021109291 0.1266524
v -0.030216709 -0.0020891377 0.12665071
v -0.030216709 -0.0020676894 0.12664658
v -0.030216709 -0.0020472767 0.12663888
v -0.030214709 -0.0020472767 0.12663888
v -0.030214709 -0.0020676894 0.12664658
v -0.030214709 -0.0020891377 0.12665071
v -0.030214709 -0.0021109291 0.1266524
v -0.030214709 -0.0021327844 0.12665287
v -0.030216709 -0.0020753162 0.12639275
v -0.030216709 -0.0020545697 0.12639466
v -0.030216709 -0.0020346654 0.12640077
v -0.030216709 -0.0020178149 0.12641283
v -0.030216709 -0.0020100278 0.1264317
v -0.030214709 -0.0020100278 0.1264317
v -0.030214709 -0.0020178149 0.12641283
v -0.030214709 -0.0020346654 0.12640077
v -0.030214709 -0.0020545697 0.12639466
v -0.030214709 -0.0020753162 0.12639275
v -0.030216709 -0.0021415307 0.1264283
v -0.030216709 -0.0021475266 0.12641516
v -0.030216709 -0.0021601706 0.1264075
v -0.030216709 -0.0021745109 0.12640368
v -0.030216709 -0.0021893265 0.12640263
v -0.030214709 -0.0021893265 0.12640263
v -0.030214709 -0.0021745109 0.12640368
v -0.030214709 -0.0021601706 0.1264075
v -0.030214709 -0.0021475266 0.12641516
v -0.030214709 -0.0021415307 0.1264283
v -0.030214709 -0.002140193 0.12657056
v -0.030214709 -0.0021668163 0.12657005
v -0.030214709 -0.0021933868 0.12656832
v -0.030214709 -0.0022197516 0.12656463
v -0.030214709 -0.0022454056 0.12655759
v -0.030214709 -0.0022545158 0.12655281
v -0.030214709 -0.0022625105 0.12654635
v -0.030214709 -0.0022681944 0.12653781
v -0.030214709 -0.0022701524 0.12652775
v -0.030214709 -0.0022490769 0.12650002
v -0.030214709 -0.0022137467 0.12648979
v -0.030214709 -0.0021770733 0.1264859
v -0.030214709 -0.002140193 0.12648495
v -0.030214709 -0.002103209 0.12648584
v -0.030214709 -0.0020664559 0.12648992
v -0.030214709 -0.0020307972 0.12649942
v -0.030214709 -0.0020100278 0.12652775
v -0.030214709 -0.0020311674 0.12655551
v -0.030214709 -0.0020665436 0.12656575
v -0.030214709 -0.0021032659 0.12656962
v -0.030214709 -0.0022405179 0.12652775
v -0.030214709 -0.002222138 0.12654621
v -0.030214709 -0.0021952028 0.12655183
v -0.030214709 -0.002167676 0.12655366
v -0.030214709 -0.0021400901 0.12655409
v -0.030214709 -0.002119231 0.12655386
v -0.030214709 -0.002098393 0.1265529
v -0.030214709 -0.0020776304 0.12655092
v -0.030214709 -0.0020572577 0.12654653
v -0.030214709 -0.0020511557 0.12654356
v -0.030214709 -0.00204562 0.12653963
v -0.030214709 -0.0020413141 0.12653443
v -0.030214709 -0.0020396623 0.12652791
v -0.030214709 -0.0020577979 0.12650926
v -0.030214709 -0.0020848262 0.12650369
v -0.030214709 -0.0021124286 0.12650187
v -0.030214709 -0.0021400901 0.12650141
v -0.030214709 -0.0021676675 0.12650185
v -0.030214709 -0.002195182 0.12650371
v -0.030214709 -0.0022221009 0.12650935
v -0.030216709 -0.0022405179 0.12652775
v -0.030216709 -0.002222138 0.12654621
v -0.030216709 -0.0021952028 0.12655183
v -0.030216709 -0.002167676 0.12655366
v -0.030216709 -0.0021400901 0.12655409
v -0.030214709 -0.0021400901 0.12655409
v -0.030214709 -0.002167676 0.12655366
v -0.030214709 -0.0021952028 0.12655183
v -0.030214709 -0.002222138 0.12654621
v -0.030214709 -0.0022405179 0.12652775
v -0.030516709 -0.0026668597 0.12615092
v -0.030516709 -0.0018968597 0.12615092
v -0.030516709 -0.0018968597 0.12576592
v -0.030516709 -0.0026668596 0.12576592
v -0.030216709 -0.0018968597 0.12576592
v -0.030218719 -0.0018968597 0.12575842
v -0.030224209 -0.0018968597 0.12575293
v -0.030231709 -0.0018968597 0.12575092
v -0.030231709 -0.0018893596 0.12575293
v -0.030231709 -0.0018838693 0.12575842
v -0.030231709 -0.0018818597 0.12576592
v -0.030224209 -0.0018838693 0.12576592
v -0.030218719 -0.0018893597 0.12576592
v -0.030216709 -0.0018968597 0.12576592
v -0.030501709 -0.0018818597 0.12733592
v -0.030509209 -0.0018838693 0.12733592
v -0.030514699 -0.0018893597 0.12733592
v -0.030516709 -0.0018968597 0.12733592
v -0.030514699 -0.0018968597 0.12734342
v -0.030509209 -0.0018968597 0.12734891
v -0.030501709 -0.0018968597 0.12735092
v -0.030501709 -0.0018893597 0.12734891
v -0.030501709 -0.0018838693 0.12734342
v -0.030516709 -0.0018968597 0.12733592
v -0.030231709 -0.0018818597 0.12695092
v -0.030501709 -0.0018818597 0.12695092
v -0.030501709 -0.0018818597 0.12733592
v -0.030231709 -0.0018818597 0.12733592
v -0.030501709 -0.0018818597 0.12615092
v -0.030231709 -0.0018818597 0.12615092
v -0.030231709 -0.0018818597 0.12576592
v -0.030501709 -0.0018818597 0.12576592
v -0.030216709 -0.0022701524 0.12662432
v -0.030216709 -0.0022576221 0.12660231
v -0.030216709 -0.0022340912 0.12659096
v -0.030216709 -0.0022084565 0.12658543
v -0.030216709 -0.002182278 0.12658373
v -0.030214709 -0.002182278 0.12658373
v -0.030214709 -0.0022084565 0.12658543
v -0.030214709 -0.0022340912 0.12659096
v -0.030214709 -0.0022576221 0.12660231
v -0.030214709 -0.0022701524 0.12662432
v -0.030216709 -0.002183307 0.12660019
v -0.030216709 -0.0022003736 0.12660099
v -0.030216709 -0.0022171669 0.12660407
v -0.030216709 -0.0022326531 0.1266111
v -0.030216709 -0.0022405179 0.12662556
v -0.030214709 -0.0022405179 0.12662556
v -0.030214709 -0.0022326531 0.1266111
v -0.030214709 -0.0022171669 0.12660407
v -0.030214709 -0.0022003736 0.12660099
v -0.030214709 -0.002183307 0.12660019
v -0.030216709 -0.0020472767 0.12663888
v -0.030216709 -0.0020443975 0.12663584
v -0.030216709 -0.0020419849 0.12663243
v -0.030216709 -0.0020402679 0.12662861
v -0.030216709 -0.0020396623 0.12662448
v -0.030214709 -0.0020396623 0.12662448
v -0.030214709 -0.0020402679 0.12662861
v -0.030214709 -0.0020419849 0.12663243
v -0.030214709 -0.0020443975 0.12663584
v -0.030214709 -0.0020472767 0.12663888
v -0.030216709 -0.0021262504 0.12641029
v -0.030216709 -0.0021154184 0.12640175
v -0.030216709 -0.0021026623 0.12639644
v -0.030216709 -0.0020891279 0.12639358
v -0.030216709 -0.0020753162 0.12639275
v -0.030214709 -0.0020753162 0.12639275
v -0.030214709 -0.0020891279 0.12639358
v -0.030214709 -0.0021026623 0.12639644
v -0.030214709 -0.0021154184 0.12640175
v -0.030214709 -0.0021262504 0.12641029
v -0.030216709 -0.0021893265 0.12640263
v -0.030216709 -0.0022052276 0.12640367
v -0.030216709 -0.0022206994 0.12640746
v -0.030216709 -0.0022344311 0.12641537
v -0.030216709 -0.0022405179 0.12642964
v -0.030214709 -0.0022405179 0.12642964
v -0.030214709 -0.0022344311 0.12641537
v -0.030214709 -0.0022206994 0.12640746
v -0.030214709 -0.0022052276 0.12640367
v -0.030214709 -0.0021893265 0.12640263
v -0.030216709 -0.0022701524 0.12652775
v -0.030216709 -0.0022490769 0.12650002
v -0.030216709 -0.0022137467 0.12648979
v -0.030216709 -0.0021770733 0.1264859
v -0.030216709 -0.002140193 0.12648495
v -0.030214709 -0.002140193 0.12648495
v -0.030214709 -0.0021770733 0.1264859
v -0.030214709 -0.0022137467 0.12648979
v -0.030214709 -0.0022490769 0.12650002
v -0.030214709 -0.0022701524 0.12652775
v -0.030216709 -0.0021400901 0.12655409
v -0.030216709 -0.002119231 0.12655386
v -0.030216709 -0.002098393 0.1265529
v -0.030216709 -0.0020776304 0.12655092
v -0.030216709 -0.0020572577 0.12654653
v -0.030214709 -0.0020572577 0.12654653
v -0.030214709 -0.0020776304 0.12655092
v -0.030214709 -0.002098393 0.1265529
v -0.030214709 -0.002119231 0.12655386
v -0.030214709 -0.0021400901 0.12655409
v -0.030216709 -0.002140193 0.12648495
v -0.030216709 -0.002103209 0.12648584
v -0.030216709 -0.0020664559 0.12648992
v -0.030216709 -0.0020307972 0.12649942
v -0.030216709 -0.0020100278 0.12652775
v -0.030214709 -0.0020100278 0.12652775
v -0.030214709 -0.0020307972 0.12649942
v -0.030214709 -0.0020664559 0.12648992
v -0.030214709 -0.002103209 0.12648584
v -0.030214709 -0.002140193 0.12648495
v -0.030231709 -0.0018818597 0.12576592
v -0.030231709 -0.0018838693 0.12575842
v -0.030231709 -0.0018893596 0.12575293
v -0.030231709 -0.0018968597 0.12575092
v -0.030501709 -0.0018968597 0.12575092
v -0.030501709 -0.0018893596 0.12575293
v -0.030501709 -0.0018838693 0.12575842
v -0.030501709 -0.0018818597 0.12576592
v -0.030501709 -0.0018818597 0.12576592
v -0.030501709 -0.0018838693 0.12575842
v -0.030501709 -0.0018893596 0.12575293
v -0.030501709 -0.0018968597 0.12575092
v -0.030509209 -0.0018968597 0.12575293
v -0.030514699 -0.0018968597 0.12575842
v -0.030516709 -0.0018968597 0.12576592
v -0.030514699 -0.0018893596 0.12576592
v -0.030509209 -0.0018838693 0.12576592
v -0.030516709 -0.0018968597 0.12576592
v -0.030516709 -0.0018968597 0.12695092
v -0.030516709 -0.0026668597 0.12695092
v -0.030516709 -0.0026668597 0.12733592
v -0.030516709 -0.0018968597 0.12733592
v -0.030516709 -0.0026668596 0.12576592
v -0.030514699 -0.0026668596 0.12575842
v -0.030509209 -0.0026668596 0.12575293
v -0.030501709 -0.0026668596 0.12575092
v -0.030501709 -0.0026743597 0.12575293
v -0.030501709 -0.00267985 0.12575842
v -0.030501709 -0.0026818596 0.12576592
v -0.030509209 -0.00267985 0.12576592
v -0.030514699 -0.0026743597 0.12576592
v -0.030516709 -0.0026668596 0.12576592
v -0.030216709 -0.0026668597 0.12576592
v -0.030218719 -0.0026743597 0.12576592
v -0.030224209 -0.00267985 0.12576592
v -0.030231709 -0.0026818597 0.12576592
v -0.030231709 -0.00267985 0.12575842
v -0.030231709 -0.0026743597 0.12575293
v -0.030231709 -0.0026668597 0.12575092
v -0.030224209 -0.0026668597 0.12575293
v -0.030218719 -0.0026668597 0.12575842
v -0.030216709 -0.0026668597 0.12576592
v -0.030216709 -0.0026668597 0.12576592
v -0.030218719 -0.0026668597 0.12575842
v -0.030224209 -0.0026668597 0.12575293
v -0.030231709 -0.0026668597 0.12575092
v -0.030231709 -0.0018968597 0.12575092
v -0.030224209 -0.0018968597 0.12575293
v -0.030218719 -0.0018968597 0.12575842
v -0.030216709 -0.0018968597 0.12576592
v -0.030516709 -0.0018968597 0.12576592
v -0.030516709 -0.0018968597 0.12615092
v -0.030514699 -0.0018893596 0.12615092
v -0.030509209 -0.0018838693 0.12615092
v -0.030501709 -0.0018818597 0.12615092
v -0.030501709 -0.0018818597 0.12576592
v -0.030509209 -0.0018838693 0.12576592
v -0.030514699 -0.0018893596 0.12576592
v -0.030231709 -0.0018968597 0.12735092
v -0.030224209 -0.0018968597 0.12734891
v -0.030218719 -0.0018968597 0.12734342
v -0.030216709 -0.0018968597 0.12733592
v -0.030218719 -0.0018893597 0.12733592
v -0.030224209 -0.0018838693 0.12733592
v -0.030231709 -0.0018818597 0.12733592
v -0.030231709 -0.0018838693 0.12734342
v -0.030231709 -0.0018893597 0.12734891
v -0.030216709 -0.0018968597 0.12733592
v -0.030516709 -0.0018968597 0.12695092
v -0.030514699 -0.0018893597 0.12695092
v -0.030509209 -0.0018838693 0.12695092
v -0.030501709 -0.0018818597 0.12695092
v -0.030501709 -0.0018818597 0.12615092
v -0.030509209 -0.0018838693 0.12615092
v -0.030514699 -0.0018893596 0.12615092
v -0.030516709 -0.0018968597 0.12615092
v -0.030231709 -0.0026668597 0.12735092
v -0.030231709 -0.0018968597 0.12735092
v -0.030501709 -0.0018968597 0.12735092
v -0.030501709 -0.0026668597 0.12735092
v -0.030214709 -0.0020758821 0.12658702
v -0.030214709 -0.0020555122 0.12658938
v -0.030214709 -0.0020357377 0.12659474
v -0.030214709 -0.0020182467 0.12660524
v -0.030214709 -0.0020100278 0.12662339
v -0.030214709 -0.0020125309 0.12663459
v -0.030214709 -0.0020194851 0.12664376
v -0.030214709 -0.0020288093 0.12665056
v -0.030214709 -0.0020391992 0.1266556
v -0.030214709 -0.0020653257 0.1266631
v -0.030214709 -0.002092261 0.12666695
v -0.030214709 -0.0021194126 0.12666882
v -0.030214709 -0.0021466241 0.12666934
v -0.030214709 -0.0021821398 0.12666827
v -0.030214709 -0.0022173871 0.12666392
v -0.030214709 -0.0022507285 0.12665209
v -0.030214709 -0.0022701524 0.12662432
v -0.030214709 -0.0022576221 0.12660231
v -0.030214709 -0.0022340912 0.12659096
v -0.030214709 -0.0022084565 0.12658543
v -0.030214709 -0.002182278 0.12658373
v -0.030214709 -0.0021575545 0.12658514
v -0.030214709 -0.0021333648 0.12659036
v -0.030214709 -0.0021111971 0.12660123
v -0.030214709 -0.0020989311 0.1266217
v -0.030214709 -0.002102546 0.12663323
v -0.030214709 -0.0021109214 0.12664209
v -0.030214709 -0.0021214099 0.12664836
v -0.030214709 -0.0021327844 0.12665287
v -0.030214709 -0.0021109291 0.1266524
v -0.030214709 -0.0020891377 0.12665071
v -0.030214709 -0.0020676894 0.12664658
v -0.030214709 -0.0020472767 0.12663888
v -0.030214709 -0.0020443975 0.12663584
v -0.030214709 -0.0020419849 0.12663243
v -0.030214709 -0.0020402679 0.12662861
v -0.030214709 -0.0020396623 0.12662448
v -0.030214709 -0.0020408321 0.12661932
v -0.030214709 -0.0020439774 0.12661506
v -0.030214709 -0.002048152 0.12661177
v -0.030214709 -0.0020528331 0.12660925
v -0.030214709 -0.0020592065 0.12660699
v -0.030214709 -0.0020657924 0.12660544
v -0.030214709 -0.0020724689 0.12660436
v -0.030214709 -0.0020791748 0.12660348
v -0.030214709 -0.0022405179 0.12662556
v -0.030214709 -0.0022324498 0.1266405
v -0.030214709 -0.0022164558 0.12664785
v -0.030214709 -0.002199221 0.12665165
v -0.030214709 -0.0021816092 0.12665287
v -0.030214709 -0.0021654764 0.12665186
v -0.030214709 -0.0021497796 0.12664803
v -0.030214709 -0.0021357352 0.12664014
v -0.030214709 -0.0021285656 0.12662622
v -0.030214709 -0.002135401 0.12661158
v -0.030214709 -0.0021502512 0.12660417
v -0.030214709 -0.0021666314 0.12660101
v -0.030214709 -0.002183307 0.12660019
v -0.030214709 -0.0022003736 0.12660099
v -0.030214709 -0.0022171669 0.12660407
v -0.030214709 -0.0022326531 0.1266111
v -0.030216709 -0.0021466241 0.12666934
v -0.030216709 -0.0021821398 0.12666827
v -0.030216709 -0.0022173871 0.12666392
v -0.030216709 -0.0022507285 0.12665209
v -0.030216709 -0.0022701524 0.12662432
v -0.030214709 -0.0022701524 0.12662432
v -0.030214709 -0.0022507285 0.12665209
v -0.030214709 -0.0022173871 0.12666392
v -0.030214709 -0.0021821398 0.12666827
v -0.030214709 -0.0021466241 0.12666934
v -0.030216709 -0.0022405179 0.12662556
v -0.030216709 -0.0022324498 0.1266405
v -0.030216709 -0.0022164558 0.12664785
v -0.030216709 -0.002199221 0.12665165
v -0.030216709 -0.0021816092 0.12665287
v -0.030214709 -0.0021816092 0.12665287
v -0.030214709 -0.002199221 0.12665165
v -0.030214709 -0.0022164558 0.12664785
v -0.030214709 -0.0022324498 0.1266405
v -0.030214709 -0.0022405179 0.12662556
v -0.030216709 -0.0020396623 0.12662448
v -0.030216709 -0.0020408321 0.12661932
v -0.030216709 -0.0020439774 0.12661506
v -0.030216709 -0.002048152 0.12661177
v -0.030216709 -0.0020528331 0.12660925
v -0.030214709 -0.0020528331 0.12660925
v -0.030214709 -0.002048152 0.12661177
v -0.030214709 -0.0020439774 0.12661506
v -0.030214709 -0.0020408321 0.12661932
v -0.030214709 -0.0020396623 0.12662448
v -0.030216709 -0.0021895837 0.12638616
v -0.030216709 -0.0021718585 0.12638708
v -0.030216709 -0.00215444 0.12639044
v -0.030216709 -0.0021381988 0.12639749
v -0.030216709 -0.0021262504 0.12641029
v -0.030214709 -0.0021262504 0.12641029
v -0.030214709 -0.0021381988 0.12639749
v -0.030214709 -0.00215444 0.12639044
v -0.030214709 -0.0021718585 0.12638708
v -0.030214709 -0.0021895837 0.12638616
v -0.030214709 -0.0021977126 0.12647178
v -0.030214709 -0.0022203238 0.12646916
v -0.030214709 -0.0022421182 0.12646267
v -0.030214709 -0.0022612383 0.12645051
v -0.030214709 -0.0022701524 0.1264302
v -0.030214709 -0.0022600203 0.12640799
v -0.030214709 -0.0022387408 0.12639489
v -0.030214709 -0.0022146024 0.12638811
v -0.030214709 -0.0021895837 0.12638616
v -0.030214709 -0.0021718585 0.12638708
v -0.030214709 -0.00215444 0.12639044
v -0.030214709 -0.0021381988 0.12639749
v -0.030214709 -0.0021262504 0.12641029
v -0.030214709 -0.0021154184 0.12640175
v -0.030214709 -0.0021026623 0.12639644
v -0.030214709 -0.0020891279 0.12639358
v -0.030214709 -0.0020753162 0.12639275
v -0.030214709 -0.0020545697 0.12639466
v -0.030214709 -0.0020346654 0.12640077
v -0.030214709 -0.0020178149 0.12641283
v -0.030214709 -0.0020100278 0.1264317
v -0.030214709 -0.0020178106 0.12645066
v -0.030214709 -0.0020351327 0.12646231
v -0.030214709 -0.0020551203 0.12646866
v -0.030214709 -0.0020758821 0.12647178
v -0.030214709 -0.0020791748 0.12645531
v -0.030214709 -0.002066647 0.12645353
v -0.030214709 -0.0020545721 0.12644979
v -0.030214709 -0.0020441984 0.12644267
v -0.030214709 -0.0020396623 0.12643113
v -0.030214709 -0.0020438195 0.12642035
v -0.030214709 -0.0020534132 0.12641361
v -0.030214709 -0.0020646633 0.12641017
v -0.030214709 -0.0020763966 0.12640921
v -0.030214709 -0.0020894705 0.12641025
v -0.030214709 -0.0021018848 0.12641437
v -0.030214709 -0.0021116361 0.12642302
v -0.030214709 -0.0021157549 0.1264353
v -0.030214709 -0.0021157042 0.12643595
v -0.030214709 -0.0021156298 0.12643659
v -0.030214709 -0.0021155215 0.12643723
v -0.030214709 -0.0021153947 0.12643787
v -0.030214709 -0.0021450292 0.12643967
v -0.030214709 -0.002143721 0.12643697
v -0.030214709 -0.0021426401 0.12643418
v -0.030214709 -0.0021418356 0.12643128
v -0.030214709 -0.0021415307 0.1264283
v -0.030214709 -0.0021475266 0.12641516
v -0.030214709 -0.0021601706 0.1264075
v -0.030214709 -0.0021745109 0.12640368
v -0.030214709 -0.0021893265 0.12640263
v -0.030214709 -0.0022052276 0.12640367
v -0.030214709 -0.0022206994 0.12640746
v -0.030214709 -0.0022344311 0.12641537
v -0.030214709 -0.0022405179 0.12642964
v -0.030214709 -0.0022352481 0.12644269
v -0.030214709 -0.002222733 0.12644969
v -0.030214709 -0.0022087191 0.1264532
v -0.030214709 -0.0021944199 0.12645531
v -0.030216709 -0.0022405179 0.12642964
v -0.030216709 -0.0022352481 0.12644269
v -0.030216709 -0.002222733 0.12644969
v -0.030216709 -0.0022087191 0.1264532
v -0.030216709 -0.0021944199 0.12645531
v -0.030214709 -0.0021944199 0.12645531
v -0.030214709 -0.0022087191 0.1264532
v -0.030214709 -0.002222733 0.12644969
v -0.030214709 -0.0022352481 0.12644269
v -0.030214709 -0.0022405179 0.12642964
v -0.030216709 -0.0022454056 0.12655759
v -0.030216709 -0.0022545158 0.12655281
v -0.030216709 -0.0022625105 0.12654635
v -0.030216709 -0.0022681944 0.12653781
v -0.030216709 -0.0022701524 0.12652775
v -0.030214709 -0.0022701524 0.12652775
v -0.030214709 -0.0022681944 0.12653781
v -0.030214709 -0.0022625105 0.12654635
v -0.030214709 -0.0022545158 0.12655281
v -0.030214709 -0.0022454056 0.12655759
v -0.030216709 -0.0020100278 0.12652775
v -0.030216709 -0.0020311674 0.12655551
v -0.030216709 -0.0020665436 0.12656575
v -0.030216709 -0.0021032659 0.12656962
v -0.030216709 -0.002140193 0.12657056
v -0.030214709 -0.002140193 0.12657056
v -0.030214709 -0.0021032659 0.12656962
v -0.030214709 -0.0020665436 0.12656575
v -0.030214709 -0.0020311674 0.12655551
v -0.030214709 -0.0020100278 0.12652775
v -0.030516709 -0.0026668597 0.12615092
v -0.030516709 -0.0026668597 0.12695092
v -0.030516709 -0.0018968597 0.12695092
v -0.030516709 -0.0018968597 0.12615092
v -0.030501709 -0.0026668596 0.12575092
v -0.030509209 -0.0026668596 0.12575293
v -0.030514699 -0.0026668596 0.12575842
v -0.030516709 -0.0026668596 0.12576592
v -0.030516709 -0.0018968597 0.12576592
v -0.030514699 -0.0018968597 0.12575842
v -0.030509209 -0.0018968597 0.12575293
v -0.030501709 -0.0018968597 0.12575092
v -0.030516709 -0.0026668597 0.12733592
v -0.030514699 -0.0026743597 0.12733592
v -0.030509209 -0.0026798501 0.12733592
v -0.030501709 -0.0026818597 0.12733592
v -0.030501709 -0.0026798501 0.12734342
v -0.030501709 -0.0026743597 0.12734891
v -0.030501709 -0.0026668597 0.12735092
v -0.030509209 -0.0026668597 0.12734891
v -0.030514699 -0.0026668597 0.12734342
v -0.030516709 -0.0026668597 0.12733592
v -0.030231709 -0.0026668597 0.12735092
v -0.030231709 -0.0026743597 0.12734891
v -0.030231709 -0.0026798501 0.12734342
v -0.030231709 -0.0026818597 0.12733592
v -0.030224209 -0.0026798501 0.12733592
v -0.030218719 -0.0026743597 0.12733592
v -0.030216709 -0.0026668597 0.12733592
v -0.030218719 -0.0026668597 0.12734342
v -0.030224209 -0.0026668597 0.12734891
v -0.030216709 -0.0026668597 0.12733592
v -0.030231709 -0.0026668597 0.12575092
v -0.030231709 -0.0026743597 0.12575293
v -0.030231709 -0.00267985 0.12575842
v -0.030231709 -0.0026818597 0.12576592
v -0.030501709 -0.0026818596 0.12576592
v -0.030501709 -0.00267985 0.12575842
v -0.030501709 -0.0026743597 0.12575293
v -0.030501709 -0.0026668596 0.12575092
v -0.030501709 -0.0018818597 0.12733592
v -0.030501709 -0.0018818597 0.12695092
v -0.030509209 -0.0018838693 0.12695092
v -0.030514699 -0.0018893597 0.12695092
v -0.030516709 -0.0018968597 0.12695092
v -0.030516709 -0.0018968597 0.12733592
v -0.030514699 -0.0018893597 0.12733592
v -0.030509209 -0.0018838693 0.12733592
v -0.030516709 -0.0026668597 0.12733592
v -0.030514699 -0.0026668597 0.12734342
v -0.030509209 -0.0026668597 0.12734891
v -0.030501709 -0.0026668597 0.12735092
v -0.030501709 -0.0018968597 0.12735092
v -0.030509209 -0.0018968597 0.12734891
v -0.030514699 -0.0018968597 0.12734342
v -0.030516709 -0.0018968597 0.12733592
v -0.030231709 -0.0018818597 0.12576592
v -0.030231709 -0.0018818597 0.12615092
v -0.030224209 -0.0018838693 0.12615092
v -0.030218719 -0.0018893597 0.12615092
v -0.030216709 -0.0018968597 0.12615092
v -0.030216709 -0.0018968597 0.12576592
v -0.030218719 -0.0018893597 0.12576592
v -0.030224209 -0.0018838693 0.12576592
v -0.030216709 -0.0020391992 0.1266556
v -0.030216709 -0.0020653257 0.1266631
v -0.030216709 -0.002092261 0.12666695
v -0.030216709 -0.0021194126 0.12666882
v -0.030216709 -0.0021466241 0.12666934
v -0.030214709 -0.0021466241 0.12666934
v -0.030214709 -0.0021194126 0.12666882
v -0.030214709 -0.002092261 0.12666695
v -0.030214709 -0.0020653257 0.1266631
v -0.030214709 -0.0020391992 0.1266556
v -0.030216709 -0.0021816092 0.12665287
v -0.030216709 -0.0021654764 0.12665186
v -0.030216709 -0.0021497796 0.12664803
v -0.030216709 -0.0021357352 0.12664014
v -0.030216709 -0.0021285656 0.12662622
v -0.030214709 -0.0021285656 0.12662622
v -0.030214709 -0.0021357352 0.12664014
v -0.030214709 -0.0021497796 0.12664803
v -0.030214709 -0.0021654764 0.12665186
v -0.030214709 -0.0021816092 0.12665287
v -0.030216709 -0.0020528331 0.12660925
v -0.030216709 -0.0020592065 0.12660699
v -0.030216709 -0.0020657924 0.12660544
v -0.030216709 -0.0020724689 0.12660436
v -0.030216709 -0.0020791748 0.12660348
v -0.030214709 -0.0020791748 0.12660348
v -0.030214709 -0.0020724689 0.12660436
v -0.030214709 -0.0020657924 0.12660544
v -0.030214709 -0.0020592065 0.12660699
v -0.030214709 -0.0020528331 0.12660925
v -0.030216709 -0.0022701524 0.1264302
v -0.030216709 -0.0022600203 0.12640799
v -0.030216709 -0.0022387408 0.12639489
v -0.030216709 -0.0022146024 0.12638811
v -0.030216709 -0.0021895837 0.12638616
v -0.030214709 -0.0021895837 0.12638616
v -0.030214709 -0.0022146024 0.12638811
v -0.030214709 -0.0022387408 0.12639489
v -0.030214709 -0.0022600203 0.12640799
v -0.030214709 -0.0022701524 0.1264302
v -0.030216709 -0.0021944199 0.12645531
v -0.030216709 -0.0021977126 0.12647178
v -0.030214709 -0.0021977126 0.12647178
v -0.030214709 -0.0021944199 0.12645531
v -0.030216709 -0.002140193 0.12657056
v -0.030216709 -0.0021668163 0.12657005
v -0.030216709 -0.0021933868 0.12656832
v -0.030216709 -0.0022197516 0.12656463
v -0.030216709 -0.0022454056 0.12655759
v -0.030214709 -0.0022454056 0.12655759
v -0.030214709 -0.0022197516 0.12656463
v -0.030214709 -0.0021933868 0.12656832
v -0.030214709 -0.0021668163 0.12657005
v -0.030214709 -0.002140193 0.12657056
v -0.030501709 -0.0018818597 0.12615092
v -0.030501709 -0.0018818597 0.12695092
v -0.030231709 -0.0018818597 0.12695092
v -0.030231709 -0.0018818597 0.12615092
v -0.030501709 -0.0026818597 0.12695092
v -0.030509209 -0.00267985 0.12695092
v -0.030514699 -0.0026743597 0.12695092
v -0.030516709 -0.0026668597 0.12695092
v -0.030516709 -0.0026668597 0.12615092
v -0.030514699 -0.0026743597 0.12615092
v -0.030509209 -0.00267985 0.12615092
v -0.030501709 -0.0026818596 0.12615092
v -0.030501709 -0.0026818596 0.12576592
v -0.030501709 -0.0026818596 0.12615092
v -0.030509209 -0.00267985 0.12615092
v -0.030514699 -0.0026743597 0.12615092
v -0.030516709 -0.0026668597 0.12615092
v -0.030516709 -0.0026668596 0.12576592
v -0.030514699 -0.0026743597 0.12576592
v -0.030509209 -0.00267985 0.12576592
v -0.030216709 -0.0018968597 0.12733592
v -0.030216709 -0.0018968597 0.12695092
v -0.030218719 -0.0018893597 0.12695092
v -0.030224209 -0.0018838693 0.12695092
v -0.030231709 -0.0018818597 0.12695092
v -0.030231709 -0.0018818597 0.12733592
v -0.030224209 -0.0018838693 0.12733592
v -0.030218719 -0.0018893597 0.12733592
v -0.030231709 -0.0026668597 0.12735092
v -0.030224209 -0.0026668597 0.12734891
v -0.030218719 -0.0026668597 0.12734342
v -0.030216709 -0.0026668597 0.12733592
v -0.030216709 -0.0018968597 0.12733592
v -0.030218719 -0.0018968597 0.12734342
v -0.030224209 -0.0018968597 0.12734891
v -0.030231709 -0.0018968597 0.12735092
v -0.030501709 -0.0026668597 0.12735092
v -0.030501709 -0.0026743597 0.12734891
v -0.030501709 -0.0026798501 0.12734342
v -0.030501709 -0.0026818597 0.12733592
v -0.030231709 -0.0026818597 0.12733592
v -0.030231709 -0.0026798501 0.12734342
v -0.030231709 -0.0026743597 0.12734891
v -0.030231709 -0.0026668597 0.12735092
v -0.030216709 -0.0020100278 0.12662339
v -0.030216709 -0.0020125309 0.12663459
v -0.030216709 -0.0020194851 0.12664376
v -0.030216709 -0.0020288093 0.12665056
v -0.030216709 -0.0020391992 0.1266556
v -0.030214709 -0.0020391992 0.1266556
v -0.030214709 -0.0020288093 0.12665056
v -0.030214709 -0.0020194851 0.12664376
v -0.030214709 -0.0020125309 0.12663459
v -0.030214709 -0.0020100278 0.12662339
v -0.030216709 -0.0020791748 0.12660348
v -0.030216709 -0.0020758821 0.12658702
v -0.030214709 -0.0020758821 0.12658702
v -0.030214709 -0.0020791748 0.12660348
v -0.030216709 -0.0021977126 0.12647178
v -0.030216709 -0.0022203238 0.12646916
v -0.030216709 -0.0022421182 0.12646267
v -0.030216709 -0.0022612383 0.12645051
v -0.030216709 -0.0022701524 0.1264302
v -0.030214709 -0.0022701524 0.1264302
v -0.030214709 -0.0022612383 0.12645051
v -0.030214709 -0.0022421182 0.12646267
v -0.030214709 -0.0022203238 0.12646916
v -0.030214709 -0.0021977126 0.12647178
v -0.030231709 -0.0026668597 0.12575092
v -0.030501709 -0.0026668596 0.12575092
v -0.030501709 -0.0018968597 0.12575092
v -0.030231709 -0.0018968597 0.12575092
v -0.030516709 -0.0026668597 0.12733592
v -0.030516709 -0.0026668597 0.12695092
v -0.030514699 -0.0026743597 0.12695092
v -0.030509209 -0.00267985 0.12695092
v -0.030501709 -0.0026818597 0.12695092
v -0.030501709 -0.0026818597 0.12733592
v -0.030509209 -0.0026798501 0.12733592
v -0.030514699 -0.0026743597 0.12733592
v -0.030231709 -0.0018818597 0.12695092
v -0.030224209 -0.0018838693 0.12695092
v -0.030218719 -0.0018893597 0.12695092
v -0.030216709 -0.0018968597 0.12695092
v -0.030216709 -0.0018968597 0.12615092
v -0.030218719 -0.0018893597 0.12615092
v -0.030224209 -0.0018838693 0.12615092
v -0.030231709 -0.0018818597 0.12615092
v -0.030216709 -0.0026668597 0.12695092
v -0.030218719 -0.0026743597 0.12695092
v -0.030224209 -0.0026798501 0.12695092
v -0.030231709 -0.0026818597 0.12695092
v -0.030231709 -0.0026818597 0.12615092
v -0.030224209 -0.0026798501 0.12615092
v -0.030218719 -0.0026743597 0.12615092
v -0.030216709 -0.0026668597 0.12615092
v -0.030216709 -0.0020758821 0.12658702
v -0.030216709 -0.0020555122 0.12658938
v -0.030216709 -0.0020357377 0.12659474
v -0.030216709 -0.0020182467 0.12660524
v -0.030216709 -0.0020100278 0.12662339
v -0.030214709 -0.0020100278 0.12662339
v -0.030214709 -0.0020182467 0.12660524
v -0.030214709 -0.0020357377 0.12659474
v -0.030214709 -0.0020555122 0.12658938
v -0.030214709 -0.0020758821 0.12658702
v -0.030231709 -0.0026818597 0.12615092
v -0.030231709 -0.0026818597 0.12695092
v -0.030501709 -0.0026818597 0.12695092
v -0.030501709 -0.0026818596 0.12615092
v -0.030216709 -0.0026668597 0.12576592
v -0.030216709 -0.0026668597 0.12615092
v -0.030218719 -0.0026743597 0.12615092
v -0.030224209 -0.0026798501 0.12615092
v -0.030231709 -0.0026818597 0.12615092
v -0.030231709 -0.0026818597 0.12576592
v -0.030224209 -0.00267985 0.12576592
v -0.030218719 -0.0026743597 0.12576592
v -0.030231709 -0.0026818597 0.12733592
v -0.030231709 -0.0026818597 0.12695092
v -0.030224209 -0.0026798501 0.12695092
v -0.030218719 -0.0026743597 0.12695092
v -0.030216709 -0.0026668597 0.12695092
v -0.030216709 -0.0026668597 0.12733592
v -0.030218719 -0.0026743597 0.12733592
v -0.030224209 -0.0026798501 0.12733592
v -0.030216709 -0.0018968597 0.12576592
v -0.030216709 -0.0018968597 0.12615092
v -0.030216709 -0.0026668597 0.12615092
v -0.030216709 -0.0026668597 0.12576592
v -0.030216709 -0.0026668597 0.12733592
v -0.030216709 -0.0026668597 0.12695092
v -0.030216709 -0.0018968597 0.12695092
v -0.030216709 -0.0018968597 0.12733592
v -0.030231709 -0.0026818597 0.12615092
v -0.030501709 -0.0026818596 0.12615092
v -0.030501709 -0.0026818596 0.12576592
v -0.030231709 -0.0026818597 0.12576592
v -0.030501709 -0.0026818597 0.12695092
v -0.030231709 -0.0026818597 0.12695092
v -0.030231709 -0.0026818597 0.12733592
v -0.030501709 -0.0026818597 0.12733592
v -0.030216709 -0.0018968597 0.12695092
v -0.030216709 -0.0026668597 0.12695092
v -0.030216709 -0.0026668597 0.12615092
v -0.030216709 -0.0018968597 0.12615092
v -0.030216709 -0.0020100278 0.12662339
v -0.030216709 -0.0020182467 0.12660524
v -0.030216709 -0.0020357377 0.12659474
v -0.030216709 -0.0020555122 0.12658938
v -0.030216709 -0.0020758821 0.12658702
v -0.030216709 -0.0020791748 0.12660348
v -0.030216709 -0.0020724689 0.12660436
v -0.030216709 -0.0020657924 0.12660544
v -0.030216709 -0.0020592065 0.12660699
v -0.030216709 -0.0020528331 0.12660925
v -0.030216709 -0.002048152 0.12661177
v -0.030216709 -0.0020439774 0.12661506
v -0.030216709 -0.0020408321 0.12661932
v -0.030216709 -0.0020396623 0.12662448
v -0.030216709 -0.0020402679 0.12662861
v -0.030216709 -0.0020419849 0.12663243
v -0.030216709 -0.0020443975 0.12663584
v -0.030216709 -0.0020472767 0.12663888
v -0.030216709 -0.0020676894 0.12664658
v -0.030216709 -0.0020891377 0.12665071
v -0.030216709 -0.0021109291 0.1266524
v -0.030216709 -0.0021327844 0.12665287
v -0.030216709 -0.0021214099 0.12664836
v -0.030216709 -0.0021109214 0.12664209
v -0.030216709 -0.002102546 0.12663323
v -0.030216709 -0.0020989311 0.1266217
v -0.030216709 -0.0021111971 0.12660123
v -0.030216709 -0.0021333648 0.12659036
v -0.030216709 -0.0021575545 0.12658514
v -0.030216709 -0.002182278 0.12658373
v -0.030216709 -0.0022084565 0.12658543
v -0.030216709 -0.0022340912 0.12659096
v -0.030216709 -0.0022576221 0.12660231
v -0.030216709 -0.0022701524 0.12662432
v -0.030216709 -0.0022507285 0.12665209
v -0.030216709 -0.0022173871 0.12666392
v -0.030216709 -0.0021821398 0.12666827
v -0.030216709 -0.0021466241 0.12666934
v -0.030216709 -0.0021194126 0.12666882
v -0.030216709 -0.002092261 0.12666695
v -0.030216709 -0.0020653257 0.1266631
v -0.030216709 -0.0020391992 0.1266556
v -0.030216709 -0.0020288093 0.12665056
v -0.030216709 -0.0020194851 0.12664376
v -0.030216709 -0.0020125309 0.12663459
v -0.030216709 -0.0022701524 0.1264302
v -0.030216709 -0.0022612383 0.12645051
v -0.030216709 -0.0022421182 0.12646267
v -0.030216709 -0.0022203238 0.12646916
v -0.030216709 -0.0021977126 0.12647178
v -0.030216709 -0.0021944199 0.12645531
v -0.030216709 -0.0022087191 0.1264532
v -0.030216709 -0.002222733 0.12644969
v -0.030216709 -0.0022352481 0.12644269
v -0.030216709 -0.0022405179 0.12642964
v -0.030216709 -0.0022344311 0.12641537
v -0.030216709 -0.0022206994 0.12640746
v -0.030216709 -0.0022052276 0.12640367
v -0.030216709 -0.0021893265 0.12640263
v -0.030216709 -0.0021745109 0.12640368
v -0.030216709 -0.0021601706 0.1264075
v -0.030216709 -0.0021475266 0.12641516
v -0.030216709 -0.0021415307 0.1264283
v -0.030216709 -0.0021418356 0.12643128
v -0.030216709 -0.0021426401 0.12643418
v -0.030216709 -0.002143721 0.12643697
v -0.030216709 -0.0021450292 0.12643967
v -0.030216709 -0.0021153947 0.12643787
v -0.030216709 -0.0021155215 0.12643723
v -0.030216709 -0.0021156298 0.12643659
v -0.030216709 -0.0021157042 0.12643595
v -0.030216709 -0.0021157549 0.1264353
v -0.030216709 -0.0021116361 0.12642302
v -0.030216709 -0.0021018848 0.12641437
v -0.030216709 -0.0020894705 0.12641025
v -0.030216709 -0.0020763966 0.12640921
v -0.030216709 -0.0020646633 0.12641017
v -0.030216709 -0.0020534132 0.12641361
v -0.030216709 -0.0020438195 0.12642035
v -0.030216709 -0.0020396623 0.12643113
v -0.030216709 -0.0020441984 0.12644267
v -0.030216709 -0.0020545721 0.12644979
v -0.030216709 -0.002066647 0.12645353
v -0.030216709 -0.0020791748 0.12645531
v -0.030216709 -0.0020758821 0.12647178
v -0.030216709 -0.0020551203 0.12646866
v -0.030216709 -0.0020351327 0.12646231
v -0.030216709 -0.0020178106 0.12645066
v -0.030216709 -0.0020100278 0.1264317
v -0.030216709 -0.0020178149 0.12641283
v -0.030216709 -0.0020346654 0.12640077
v -0.030216709 -0.0020545697 0.12639466
v -0.030216709 -0.0020753162 0.12639275
v -0.030216709 -0.0020891279 0.12639358
v -0.030216709 -0.0021026623 0.12639644
v -0.030216709 -0.0021154184 0.12640175
v -0.030216709 -0.0021262504 0.12641029
v -0.030216709 -0.0021381988 0.12639749
v -0.030216709 -0.00215444 0.12639044
v -0.030216709 -0.0021718585 0.12638708
v -0.030216709 -0.0021895837 0.12638616
v -0.030216709 -0.0022146024 0.12638811
v -0.030216709 -0.0022387408 0.12639489
v -0.030216709 -0.0022600203 0.12640799
v -0.030216709 -0.0022454056 0.12655759
v -0.030216709 -0.0022197516 0.12656463
v -0.030216709 -0.0021933868 0.12656832
v -0.030216709 -0.0021668163 0.12657005
v -0.030216709 -0.002140193 0.12657056
v -0.030216709 -0.0021032659 0.12656962
v -0.030216709 -0.0020665436 0.12656575
v -0.030216709 -0.0020311674 0.12655551
v -0.030216709 -0.0020100278 0.12652775
v -0.030216709 -0.0020307972 0.12649942
v -0.030216709 -0.0020664559 0.12648992
v -0.030216709 -0.002103209 0.12648584
v -0.030216709 -0.002140193 0.12648495
v -0.030216709 -0.0021770733 0.1264859
v -0.030216709 -0.0022137467 0.12648979
v -0.030216709 -0.0022490769 0.12650002
v -0.030216709 -0.0022701524 0.12652775
v -0.030216709 -0.0022681944 0.12653781
v -0.030216709 -0.0022625105 0.12654635
v -0.030216709 -0.0022545158 0.12655281
f 6133 6134 6142
f 6142 6134 6141
f 6141 6134 6135
f 6141 6135 6140
f 6140 6135 6136
f 6140 6136 6139
f 6139 6136 6137
f 6139 6137 6138
f 6143 6144 6152
f 6152 6144 6151
f 6151 6144 6145
f 6151 6145 6150
f 6150 6145 6146
f 6150 6146 6149
f 6149 6146 6147
f 6149 6147 6148
f 6153 6154 6172
f 6172 6154 6155
f 6172 6155 6171
f 6171 6155 6156
f 6171 6156 6170
f 6170 6156 6169
f 6169 6156 6157
f 6169 6157 6165
f 6165 6157 6161
f 6165 6161 6164
f 6164 6161 6163
f 6163 6161 6162
f 6157 6158 6161
f 6161 6158 6159
f 6161 6159 6160
f 6165 6166 6169
f 6169 6166 6167
f 6169 6167 6168
f 6173 6174 6182
f 6182 6174 6181
f 6181 6174 6175
f 6181 6175 6180
f 6180 6175 6176
f 6180 6176 6179
f 6179 6176 6177
f 6179 6177 6178
f 6183 6184 6192
f 6192 6184 6191
f 6191 6184 6185
f 6191 6185 6190
f 6190 6185 6186
f 6190 6186 6189
f 6189 6186 6187
f 6189 6187 6188
f 6193 6194 6202
f 6202 6194 6201
f 6201 6194 6195
f 6201 6195 6200
f 6200 6195 6196
f 6200 6196 6199
f 6199 6196 6197
f 6199 6197 6198
f 6203 6204 6206
f 6206 6204 6205
f 6207 6208 6210
f 6210 6208 6209
f 6211 6212 6220
f 6220 6212 6219
f 6219 6212 6213
f 6219 6213 6218
f 6218 6213 6214
f 6218 6214 6217
f 6217 6214 6215
f 6217 6215 6216
f 6222 6229 6221
f 6221 6229 6230
f 6221 6230 6236
f 6236 6230 6233
f 6236 6233 6234
f 6223 6224 6222
f 6222 6224 6225
f 6222 6225 6226
f 6226 6227 6222
f 6222 6227 6228
f 6222 6228 6229
f 6231 6232 6230
f 6230 6232 6233
f 6234 6235 6236
f 6237 6238 6246
f 6246 6238 6245
f 6245 6238 6239
f 6245 6239 6244
f 6244 6239 6240
f 6244 6240 6243
f 6243 6240 6241
f 6243 6241 6242
f 6247 6248 6256
f 6256 6248 6255
f 6255 6248 6249
f 6255 6249 6254
f 6254 6249 6250
f 6254 6250 6253
f 6253 6250 6251
f 6253 6251 6252
f 6257 6258 6266
f 6266 6258 6265
f 6265 6258 6259
f 6265 6259 6264
f 6264 6259 6260
f 6264 6260 6263
f 6263 6260 6261
f 6263 6261 6262
f 6267 6268 6276
f 6276 6268 6275
f 6275 6268 6269
f 6275 6269 6274
f 6274 6269 6270
f 6274 6270 6273
f 6273 6270 6271
f 6273 6271 6272
f 6284 6277 6283
f 6283 6277 6278
f 6283 6278 6282
f 6282 6278 6279
f 6282 6279 6281
f 6281 6279 6280
f 6285 6286 6294
f 6294 6286 6293
f 6293 6286 6287
f 6293 6287 6292
f 6292 6287 6288
f 6292 6288 6291
f 6291 6288 6289
f 6291 6289 6290
f 6295 6296 6304
f 6304 6296 6303
f 6303 6296 6297
f 6303 6297 6302
f 6302 6297 6298
f 6302 6298 6301
f 6301 6298 6299
f 6301 6299 6300
f 6305 6306 6314
f 6314 6306 6313
f 6313 6306 6307
f 6313 6307 6312
f 6312 6307 6308
f 6312 6308 6311
f 6311 6308 6309
f 6311 6309 6310
f 6315 6316 6324
f 6324 6316 6323
f 6323 6316 6317
f 6323 6317 6322
f 6322 6317 6318
f 6322 6318 6321
f 6321 6318 6319
f 6321 6319 6320
f 6325 6326 6334
f 6334 6326 6333
f 6333 6326 6327
f 6333 6327 6332
f 6332 6327 6328
f 6332 6328 6331
f 6331 6328 6329
f 6331 6329 6330
f 6336 6359 6335
f 6335 6359 6360
f 6335 6360 6354
f 6354 6360 6361
f 6354 6361 6353
f 6353 6361 6362
f 6353 6362 6352
f 6352 6362 6363
f 6352 6363 6364
f 6359 6336 6358
f 6358 6336 6337
f 6358 6337 6357
f 6357 6337 6338
f 6357 6338 6339
f 6357 6339 6356
f 6356 6339 6340
f 6356 6340 6341
f 6341 6342 6356
f 6356 6342 6355
f 6355 6342 6343
f 6355 6343 6374
f 6374 6343 6344
f 6374 6344 6373
f 6373 6344 6345
f 6373 6345 6346
f 6373 6346 6372
f 6372 6346 6347
f 6372 6347 6371
f 6371 6347 6370
f 6370 6347 6348
f 6370 6348 6369
f 6369 6348 6349
f 6369 6349 6350
f 6369 6350 6368
f 6368 6350 6351
f 6368 6351 6367
f 6367 6351 6366
f 6366 6351 6365
f 6365 6351 6352
f 6365 6352 6364
f 6375 6376 6384
f 6384 6376 6383
f 6383 6376 6377
f 6383 6377 6382
f 6382 6377 6378
f 6382 6378 6381
f 6381 6378 6379
f 6381 6379 6380
f 6385 6386 6388
f 6388 6386 6387
f 6398 6390 6397
f 6397 6390 6391
f 6397 6391 6394
f 6394 6391 6393
f 6393 6391 6392
f 6395 6396 6394
f 6394 6396 6397
f 6399 6400 6407
f 6407 6400 6401
f 6407 6401 6404
f 6404 6401 6403
f 6403 6401 6408
f 6405 6406 6404
f 6404 6406 6407
f 6410 6411 6409
f 6409 6411 6412
f 6414 6415 6413
f 6413 6415 6416
f 6417 6418 6426
f 6426 6418 6425
f 6425 6418 6419
f 6425 6419 6424
f 6424 6419 6420
f 6424 6420 6423
f 6423 6420 6421
f 6423 6421 6422
f 6427 6428 6436
f 6436 6428 6435
f 6435 6428 6429
f 6435 6429 6434
f 6434 6429 6430
f 6434 6430 6433
f 6433 6430 6431
f 6433 6431 6432
f 6437 6438 6446
f 6446 6438 6445
f 6445 6438 6439
f 6445 6439 6444
f 6444 6439 6440
f 6444 6440 6443
f 6443 6440 6441
f 6443 6441 6442
f 6447 6448 6456
f 6456 6448 6455
f 6455 6448 6449
f 6455 6449 6454
f 6454 6449 6450
f 6454 6450 6453
f 6453 6450 6451
f 6453 6451 6452
f 6457 6458 6466
f 6466 6458 6465
f 6465 6458 6459
f 6465 6459 6464
f 6464 6459 6460
f 6464 6460 6463
f 6463 6460 6461
f 6463 6461 6462
f 6467 6468 6476
f 6476 6468 6475
f 6475 6468 6469
f 6475 6469 6474
f 6474 6469 6470
f 6474 6470 6473
f 6473 6470 6471
f 6473 6471 6472
f 6477 6478 6486
f 6486 6478 6485
f 6485 6478 6479
f 6485 6479 6484
f 6484 6479 6480
f 6484 6480 6483
f 6483 6480 6481
f 6483 6481 6482
f 6487 6488 6496
f 6496 6488 6495
f 6495 6488 6489
f 6495 6489 6494
f 6494 6489 6490
f 6494 6490 6493
f 6493 6490 6491
f 6493 6491 6492
f 6504 6497 6503
f 6503 6497 6498
f 6503 6498 6502
f 6502 6498 6499
f 6502 6499 6501
f 6501 6499 6500
f 6505 6506 6513
f 6513 6506 6507
f 6513 6507 6510
f 6510 6507 6509
f 6509 6507 6508
f 6513 6510 6512
f 6512 6510 6514
f 6515 6516 6518
f 6518 6516 6517
f 6528 6520 6527
f 6527 6520 6521
f 6527 6521 6524
f 6524 6521 6523
f 6523 6521 6522
f 6525 6526 6524
f 6524 6526 6527
f 6538 6530 6537
f 6537 6530 6531
f 6537 6531 6534
f 6534 6531 6533
f 6533 6531 6532
f 6535 6536 6534
f 6534 6536 6537
f 6546 6539 6545
f 6545 6539 6540
f 6545 6540 6544
f 6544 6540 6541
f 6544 6541 6543
f 6543 6541 6542
f 6547 6548 6554
f 6554 6548 6549
f 6554 6549 6553
f 6553 6549 6550
f 6553 6550 6552
f 6552 6550 6551
f 6555 6556 6563
f 6563 6556 6557
f 6563 6557 6560
f 6560 6557 6559
f 6559 6557 6564
f 6561 6562 6560
f 6560 6562 6563
f 6572 6565 6571
f 6571 6565 6566
f 6571 6566 6570
f 6570 6566 6567
f 6570 6567 6569
f 6569 6567 6568
f 6573 6574 6576
f 6576 6574 6575
f 6577 6578 6621
f 6621 6578 6620
f 6620 6578 6579
f 6620 6579 6619
f 6619 6579 6618
f 6618 6579 6580
f 6618 6580 6617
f 6617 6580 6616
f 6616 6580 6615
f 6615 6580 6581
f 6615 6581 6614
f 6614 6581 6613
f 6613 6581 6612
f 6612 6581 6582
f 6612 6582 6611
f 6611 6582 6610
f 6610 6582 6583
f 6610 6583 6609
f 6609 6583 6584
f 6609 6584 6608
f 6608 6584 6585
f 6608 6585 6586
f 6608 6586 6607
f 6607 6586 6587
f 6607 6587 6606
f 6606 6587 6588
f 6606 6588 6605
f 6605 6588 6589
f 6605 6589 6627
f 6627 6589 6590
f 6627 6590 6626
f 6626 6590 6591
f 6626 6591 6625
f 6625 6591 6624
f 6624 6591 6592
f 6624 6592 6623
f 6623 6592 6593
f 6623 6593 6622
f 6622 6593 6637
f 6637 6593 6594
f 6637 6594 6636
f 6636 6594 6595
f 6636 6595 6635
f 6635 6595 6596
f 6635 6596 6634
f 6634 6596 6597
f 6634 6597 6598
f 6634 6598 6633
f 6633 6598 6599
f 6633 6599 6632
f 6632 6599 6600
f 6632 6600 6631
f 6631 6600 6601
f 6631 6601 6630
f 6630 6601 6602
f 6630 6602 6629
f 6629 6602 6603
f 6629 6603 6604
f 6629 6604 6628
f 6628 6604 6605
f 6628 6605 6627
f 6638 6639 6647
f 6647 6639 6646
f 6646 6639 6640
f 6646 6640 6645
f 6645 6640 6641
f 6645 6641 6644
f 6644 6641 6642
f 6644 6642 6643
f 6648 6649 6657
f 6657 6649 6656
f 6656 6649 6650
f 6656 6650 6655
f 6655 6650 6651
f 6655 6651 6654
f 6654 6651 6652
f 6654 6652 6653
f 6658 6659 6667
f 6667 6659 6666
f 6666 6659 6660
f 6666 6660 6665
f 6665 6660 6661
f 6665 6661 6664
f 6664 6661 6662
f 6664 6662 6663
f 6668 6669 6677
f 6677 6669 6676
f 6676 6669 6670
f 6676 6670 6675
f 6675 6670 6671
f 6675 6671 6674
f 6674 6671 6672
f 6674 6672 6673
f 6678 6679 6736
f 6736 6679 6735
f 6735 6679 6680
f 6735 6680 6734
f 6734 6680 6681
f 6734 6681 6733
f 6733 6681 6682
f 6733 6682 6732
f 6732 6682 6731
f 6731 6682 6683
f 6731 6683 6730
f 6730 6683 6684
f 6730 6684 6729
f 6729 6684 6685
f 6729 6685 6728
f 6728 6685 6686
f 6728 6686 6687
f 6728 6687 6727
f 6727 6687 6688
f 6727 6688 6689
f 6727 6689 6726
f 6726 6689 6690
f 6726 6690 6725
f 6725 6690 6714
f 6725 6714 6724
f 6724 6714 6715
f 6724 6715 6723
f 6723 6715 6722
f 6722 6715 6716
f 6722 6716 6721
f 6721 6716 6717
f 6721 6717 6718
f 6714 6690 6713
f 6713 6690 6691
f 6713 6691 6712
f 6712 6691 6692
f 6712 6692 6711
f 6711 6692 6693
f 6711 6693 6694
f 6694 6695 6711
f 6711 6695 6710
f 6710 6695 6696
f 6710 6696 6709
f 6709 6696 6697
f 6709 6697 6708
f 6708 6697 6698
f 6708 6698 6707
f 6707 6698 6706
f 6706 6698 6699
f 6706 6699 6705
f 6705 6699 6700
f 6705 6700 6704
f 6704 6700 6701
f 6704 6701 6703
f 6703 6701 6702
f 6718 6719 6721
f 6721 6719 6720
f 6737 6738 6746
f 6746 6738 6745
f 6745 6738 6739
f 6745 6739 6744
f 6744 6739 6740
f 6744 6740 6743
f 6743 6740 6741
f 6743 6741 6742
f 6747 6748 6756
f 6756 6748 6755
f 6755 6748 6749
f 6755 6749 6754
f 6754 6749 6750
f 6754 6750 6753
f 6753 6750 6751
f 6753 6751 6752
f 6757 6758 6766
f 6766 6758 6765
f 6765 6758 6759
f 6765 6759 6764
f 6764 6759 6760
f 6764 6760 6763
f 6763 6760 6761
f 6763 6761 6762
f 6768 6769 6767
f 6767 6769 6770
f 6778 6771 6777
f 6777 6771 6772
f 6777 6772 6776
f 6776 6772 6773
f 6776 6773 6775
f 6775 6773 6774
f 6788 6780 6787
f 6787 6780 6781
f 6787 6781 6784
f 6784 6781 6783
f 6783 6781 6782
f 6785 6786 6784
f 6784 6786 6787
f 6789 6790 6797
f 6797 6790 6791
f 6797 6791 6794
f 6794 6791 6793
f 6793 6791 6792
f 6797 6794 6796
f 6796 6794 6798
f 6806 6799 6805
f 6805 6799 6800
f 6805 6800 6804
f 6804 6800 6801
f 6804 6801 6803
f 6803 6801 6802
f 6807 6808 6814
f 6814 6808 6809
f 6814 6809 6813
f 6813 6809 6810
f 6813 6810 6812
f 6812 6810 6811
f 6822 6815 6821
f 6821 6815 6816
f 6821 6816 6820
f 6820 6816 6817
f 6820 6817 6819
f 6819 6817 6818
f 6823 6824 6830
f 6830 6824 6825
f 6830 6825 6829
f 6829 6825 6826
f 6829 6826 6828
f 6828 6826 6827
f 6831 6832 6840
f 6840 6832 6839
f 6839 6832 6833
f 6839 6833 6838
f 6838 6833 6834
f 6838 6834 6837
f 6837 6834 6835
f 6837 6835 6836
f 6841 6842 6850
f 6850 6842 6849
f 6849 6842 6843
f 6849 6843 6848
f 6848 6843 6844
f 6848 6844 6847
f 6847 6844 6845
f 6847 6845 6846
f 6851 6852 6860
f 6860 6852 6859
f 6859 6852 6853
f 6859 6853 6858
f 6858 6853 6854
f 6858 6854 6857
f 6857 6854 6855
f 6857 6855 6856
f 6861 6862 6870
f 6870 6862 6869
f 6869 6862 6863
f 6869 6863 6868
f 6868 6863 6864
f 6868 6864 6867
f 6867 6864 6865
f 6867 6865 6866
f 6871 6872 6874
f 6874 6872 6873
f 6875 6876 6884
f 6884 6876 6883
f 6883 6876 6877
f 6883 6877 6882
f 6882 6877 6878
f 6882 6878 6881
f 6881 6878 6879
f 6881 6879 6880
f 6885 6886 6888
f 6888 6886 6887
f 6896 6889 6895
f 6895 6889 6890
f 6895 6890 6894
f 6894 6890 6891
f 6894 6891 6893
f 6893 6891 6892
f 6897 6898 6904
f 6904 6898 6899
f 6904 6899 6903
f 6903 6899 6900
f 6903 6900 6902
f 6902 6900 6901
f 6905 6906 6912
f 6912 6906 6907
f 6912 6907 6911
f 6911 6907 6908
f 6911 6908 6910
f 6910 6908 6909
f 6920 6913 6919
f 6919 6913 6914
f 6919 6914 6918
f 6918 6914 6915
f 6918 6915 6917
f 6917 6915 6916
f 6928 6921 6927
f 6927 6921 6922
f 6927 6922 6926
f 6926 6922 6923
f 6926 6923 6925
f 6925 6923 6924
f 6929 6930 6938
f 6938 6930 6937
f 6937 6930 6931
f 6937 6931 6936
f 6936 6931 6932
f 6936 6932 6935
f 6935 6932 6933
f 6935 6933 6934
f 6939 6940 6942
f 6942 6940 6941
f 6943 6944 6952
f 6952 6944 6951
f 6951 6944 6945
f 6951 6945 6950
f 6950 6945 6946
f 6950 6946 6949
f 6949 6946 6947
f 6949 6947 6948
f 6954 6955 6953
f 6953 6955 6956
f 6957 6958 6964
f 6964 6958 6959
f 6964 6959 6963
f 6963 6959 6960
f 6963 6960 6962
f 6962 6960 6961
f 6972 6965 6971
f 6971 6965 6966
f 6971 6966 6970
f 6970 6966 6967
f 6970 6967 6969
f 6969 6967 6968
f 6980 6973 6979
f 6979 6973 6974
f 6979 6974 6978
f 6978 6974 6975
f 6978 6975 6977
f 6977 6975 6976
f 6981 6982 6990
f 6990 6982 6989
f 6989 6982 6983
f 6989 6983 6988
f 6988 6983 6984
f 6988 6984 6987
f 6987 6984 6985
f 6987 6985 6986
f 6991 6992 6994
f 6994 6992 6993
f 6995 6996 7002
f 7002 6996 6997
f 7002 6997 7001
f 7001 6997 6998
f 7001 6998 7000
f 7000 6998 6999
f 7003 7004 7010
f 7010 7004 7005
f 7010 7005 7009
f 7009 7005 7006
f 7009 7006 7008
f 7008 7006 7007
f 7012 7013 7011
f 7011 7013 7014
f 7016 7017 7015
f 7015 7017 7018
f 7020 7021 7019
f 7019 7021 7022
f 7024 7025 7023
f 7023 7025 7026
f 7028 7066 7027
f 7027 7066 7067
f 7027 7067 7068
f 7029 7151 7028
f 7028 7151 7064
f 7028 7064 7065
f 7030 7132 7029
f 7029 7132 7133
f 7029 7133 7134
f 7027 7143 7030
f 7030 7143 7119
f 7030 7119 7120
f 7032 7143 7031
f 7031 7143 7027
f 7031 7027 7075
f 7075 7027 7074
f 7074 7027 7073
f 7073 7027 7072
f 7072 7027 7071
f 7071 7027 7070
f 7070 7027 7069
f 7069 7027 7068
f 7143 7032 7142
f 7142 7032 7033
f 7142 7033 7034
f 7142 7034 7141
f 7141 7034 7035
f 7141 7035 7140
f 7140 7035 7057
f 7140 7057 7058
f 7035 7036 7057
f 7057 7036 7056
f 7056 7036 7037
f 7056 7037 7049
f 7049 7037 7038
f 7049 7038 7039
f 7049 7039 7048
f 7048 7039 7040
f 7048 7040 7041
f 7042 7046 7041
f 7041 7046 7047
f 7041 7047 7048
f 7043 7044 7042
f 7042 7044 7045
f 7042 7045 7046
f 7049 7050 7056
f 7056 7050 7055
f 7055 7050 7054
f 7054 7050 7051
f 7054 7051 7053
f 7053 7051 7052
f 7140 7058 7139
f 7139 7058 7059
f 7139 7059 7138
f 7138 7059 7060
f 7138 7060 7137
f 7137 7060 7061
f 7137 7061 7136
f 7136 7061 7062
f 7136 7062 7135
f 7135 7062 7063
f 7135 7063 7154
f 7154 7063 7153
f 7153 7063 7064
f 7153 7064 7152
f 7152 7064 7151
f 7065 7066 7028
f 7077 7151 7076
f 7076 7151 7029
f 7076 7029 7134
f 7151 7077 7150
f 7150 7077 7078
f 7150 7078 7079
f 7150 7079 7149
f 7149 7079 7080
f 7149 7080 7148
f 7148 7080 7081
f 7148 7081 7097
f 7097 7081 7091
f 7097 7091 7092
f 7082 7088 7081
f 7081 7088 7089
f 7081 7089 7090
f 7088 7082 7087
f 7087 7082 7083
f 7087 7083 7086
f 7086 7083 7084
f 7086 7084 7085
f 7090 7091 7081
f 7093 7094 7092
f 7092 7094 7095
f 7092 7095 7096
f 7096 7097 7092
f 7148 7097 7147
f 7147 7097 7098
f 7147 7098 7146
f 7146 7098 7114
f 7146 7114 7115
f 7114 7098 7103
f 7103 7098 7099
f 7103 7099 7100
f 7100 7101 7103
f 7103 7101 7102
f 7103 7104 7114
f 7114 7104 7105
f 7114 7105 7106
f 7114 7106 7113
f 7113 7106 7107
f 7113 7107 7112
f 7112 7107 7108
f 7112 7108 7109
f 7110 7111 7109
f 7109 7111 7112
f 7146 7115 7145
f 7145 7115 7116
f 7145 7116 7144
f 7144 7116 7117
f 7144 7117 7118
f 7144 7118 7143
f 7143 7118 7119
f 7120 7121 7030
f 7030 7121 7122
f 7030 7122 7123
f 7123 7124 7030
f 7030 7124 7129
f 7030 7129 7130
f 7124 7125 7129
f 7129 7125 7128
f 7128 7125 7126
f 7128 7126 7127
f 7130 7131 7030
f 7030 7131 7132
v -0.029216709 -0.014532461 0.1264488
v -0.029216709 -0.014532461 0.1265711
v -0.029226709 -0.014532461 0.1265711
v -0.029226709 -0.014532461 0.1264488
v -0.029216709 -0.014343358 0.12663149
v -0.029216709 -0.014314512 0.12663149
v -0.029226709 -0.014314512 0.12663149
v -0.029226709 -0.014343358 0.12663149
v -0.029216709 -0.014343358 0.12674688
v -0.029216709 -0.014564512 0.12674688
v -0.029226709 -0.014564512 0.12674688
v -0.029226709 -0.014343358 0.12674688
v -0.029226709 -0.014477974 0.1273206
v -0.029226709 -0.01451572 0.12731236
v -0.029226709 -0.014546444 0.12728909
v -0.029226709 -0.014563337 0.12725441
v -0.029226709 -0.014567717 0.12721588
v -0.029226709 -0.014563489 0.12718352
v -0.029226709 -0.014549574 0.12715409
v -0.029226709 -0.01452501 0.12713291
v -0.029226709 -0.014493548 0.12712508
v -0.029226709 -0.01447403 0.12712797
v -0.029226709 -0.014456508 0.12713701
v -0.029226709 -0.014442831 0.12715124
v -0.029226709 -0.014433102 0.12716845
v -0.029226709 -0.014424586 0.1271931
v -0.029226709 -0.014417914 0.12721833
v -0.029226709 -0.014410934 0.12724347
v -0.029226709 -0.014399548 0.12726676
v -0.029226709 -0.014394874 0.12727071
v -0.029226709 -0.014389455 0.12727356
v -0.029226709 -0.014383566 0.12727522
v -0.029226709 -0.014377463 0.12727572
v -0.029226709 -0.014360133 0.12727094
v -0.029226709 -0.014347517 0.12725804
v -0.029226709 -0.014341613 0.12724091
v -0.029226709 -0.014340153 0.12722279
v -0.029226709 -0.014342168 0.12720278
v -0.029226709 -0.014350145 0.12718443
v -0.029226709 -0.014365635 0.12717187
v -0.029226709 -0.014385025 0.12716675
v -0.029226709 -0.014385025 0.12713149
v -0.029226709 -0.014353094 0.12713956
v -0.029226709 -0.014328243 0.12716105
v -0.029226709 -0.014315056 0.1271913
v -0.029226709 -0.014311307 0.12722419
v -0.029226709 -0.014314938 0.12725487
v -0.029226709 -0.014327122 0.12728318
v -0.029226709 -0.014349996 0.12730358
v -0.029226709 -0.014379766 0.12731098
v -0.029226709 -0.014396832 0.12730844
v -0.029226709 -0.014412283 0.12730078
v -0.029226709 -0.014424667 0.12728875
v -0.029226709 -0.014433803 0.12727407
v -0.029226709 -0.014442204 0.12725282
v -0.029226709 -0.014448617 0.12723086
v -0.029226709 -0.014454548 0.12720876
v -0.029226709 -0.014461497 0.12718698
v -0.029226709 -0.014466636 0.12717669
v -0.029226709 -0.014473994 0.12716787
v -0.029226709 -0.01448392 0.12716213
v -0.029226709 -0.014495251 0.12716034
v -0.029226709 -0.014514411 0.12716552
v -0.029226709 -0.014528889 0.12717913
v -0.029226709 -0.014536628 0.12719754
v -0.029226709 -0.014538871 0.12721743
v -0.029226709 -0.014535157 0.12724255
v -0.029226709 -0.014523221 0.12726492
v -0.029226709 -0.014502735 0.12727963
v -0.029226709 -0.014477974 0.12728534
v -0.029216709 -0.014493548 0.12712508
v -0.029216709 -0.01447403 0.12712797
v -0.029216709 -0.014456508 0.12713701
v -0.029216709 -0.014442831 0.12715124
v -0.029216709 -0.014433102 0.12716845
v -0.029226709 -0.014433102 0.12716845
v -0.029226709 -0.014442831 0.12715124
v -0.029226709 -0.014456508 0.12713701
v -0.029226709 -0.01447403 0.12712797
v -0.029226709 -0.014493548 0.12712508
v -0.029216709 -0.014567717 0.12697124
v -0.029216709 -0.014558373 0.12692347
v -0.029216709 -0.014530637 0.12688362
v -0.029216709 -0.014488157 0.1268599
v -0.029216709 -0.014439913 0.12685265
v -0.029226709 -0.014439913 0.12685265
v -0.029226709 -0.014488157 0.1268599
v -0.029226709 -0.014530637 0.12688362
v -0.029226709 -0.014558373 0.12692347
v -0.029226709 -0.014567717 0.12697124
v -0.029216709 -0.014433803 0.12727407
v -0.029216709 -0.014442204 0.12725282
v -0.029216709 -0.014448617 0.12723086
v -0.029216709 -0.014454548 0.12720876
v -0.029216709 -0.014461497 0.12718698
v -0.029226709 -0.014461497 0.12718698
v -0.029226709 -0.014454548 0.12720876
v -0.029226709 -0.014448617 0.12723086
v -0.029226709 -0.014442204 0.12725282
v -0.029226709 -0.014433803 0.12727407
v -0.030336709 -0.013702482 0.12797094
v -0.030336709 -0.013702482 0.12747094
v -0.030336709 -0.013326339 0.12747094
v -0.030336709 -0.013326339 0.12797094
v -0.030336709 -0.013326339 0.12797094
v -0.030336709 -0.013326339 0.12747094
v -0.030516709 -0.013326339 0.12747094
v -0.030516709 -0.013326339 0.12797094
v -0.030516709 -0.015932811 0.12702094
v -0.030516709 -0.015932811 0.12652094
v -0.030516709 -0.016326339 0.12652094
v -0.030516709 -0.016326339 0.12702094
v -0.030336709 -0.013702482 0.12607094
v -0.030334476 -0.013711665 0.12607094
v -0.030328276 -0.013718798 0.12607094
v -0.030319492 -0.013722287 0.12607094
v -0.030319492 -0.013722287 0.12557094
v -0.030328276 -0.013718798 0.12557094
v -0.030334476 -0.013711665 0.12557094
v -0.030336709 -0.013702482 0.12557094
v -0.030516709 -0.013719867 0.12607094
v -0.030516709 -0.013719867 0.12557094
v -0.030496612 -0.013802517 0.12557094
v -0.030440809 -0.013866712 0.12557094
v -0.03036176 -0.013898116 0.12557094
v -0.03036176 -0.013898116 0.12607094
v -0.030440809 -0.013866712 0.12607094
v -0.030496612 -0.013802517 0.12607094
v -0.029906658 -0.015872371 0.12702094
v -0.029906658 -0.015872371 0.12652094
v -0.029827609 -0.015840967 0.12652094
v -0.029771806 -0.015776773 0.12652094
v -0.029751709 -0.015694123 0.12652094
v -0.029751709 -0.015694123 0.12702094
v -0.029771806 -0.015776773 0.12702094
v -0.029827609 -0.015840967 0.12702094
v -0.029931712 -0.015676339 0.12702094
v -0.029933822 -0.015685684 0.12702094
v -0.029940034 -0.015692976 0.12702094
v -0.029948925 -0.015696542 0.12702094
v -0.03036176 -0.015754562 0.12702094
v -0.030440809 -0.015785966 0.12702094
v -0.030496612 -0.015850161 0.12702094
v -0.030516709 -0.015932811 0.12702094
v -0.030516709 -0.016326339 0.12702094
v -0.030336709 -0.016326339 0.12702094
v -0.030336709 -0.015950196 0.12702094
v -0.030334476 -0.015941013 0.12702094
v -0.030328276 -0.01593388 0.12702094
v -0.030319492 -0.015930391 0.12702094
v -0.029906658 -0.015872371 0.12702094
v -0.029827609 -0.015840967 0.12702094
v -0.029771806 -0.015776773 0.12702094
v -0.029751709 -0.015694123 0.12702094
v -0.029751709 -0.015676339 0.12702094
v -0.030500182 -0.014076576 0.12815101
v -0.030508652 -0.01408023 0.12815101
v -0.030514582 -0.014087296 0.12815101
v -0.030516709 -0.014096272 0.12815101
v -0.030514582 -0.014096272 0.12815999
v -0.030508652 -0.014096272 0.12816705
v -0.030500182 -0.014096272 0.12817071
v -0.030501389 -0.014086592 0.12816787
v -0.030501389 -0.014079409 0.12816069
v -0.030516709 -0.014096272 0.12815101
v -0.029216709 -0.015173486 0.12645015
v -0.029216709 -0.015169359 0.12647145
v -0.029216709 -0.015156463 0.12648885
v -0.029216709 -0.015137558 0.12649956
v -0.029216709 -0.015116145 0.12650329
v -0.029226709 -0.015116145 0.12650329
v -0.029226709 -0.015137558 0.12649956
v -0.029226709 -0.015156463 0.12648885
v -0.029226709 -0.015169359 0.12647145
v -0.029226709 -0.015173486 0.12645015
v -0.029216709 -0.015035666 0.12644254
v -0.029216709 -0.015037836 0.12646039
v -0.029216709 -0.015044293 0.12647718
v -0.029216709 -0.015054793 0.12649177
v -0.029216709 -0.015068619 0.12650329
v -0.029226709 -0.015068619 0.12650329
v -0.029226709 -0.015054793 0.12649177
v -0.029226709 -0.015044293 0.12647718
v -0.029226709 -0.015037836 0.12646039
v -0.029226709 -0.015035666 0.12644254
v -0.029216709 -0.014985385 0.12647344
v -0.029216709 -0.014982163 0.12646706
v -0.029216709 -0.014979833 0.12646029
v -0.029216709 -0.014978415 0.12645329
v -0.029216709 -0.014977974 0.12644615
v -0.029226709 -0.014977974 0.12644615
v -0.029226709 -0.014978415 0.12645329
v -0.029226709 -0.014979833 0.12646029
v -0.029226709 -0.014982163 0.12646706
v -0.029226709 -0.014985385 0.12647344
v -0.029216709 -0.015173486 0.12664231
v -0.029216709 -0.015170668 0.12665991
v -0.029216709 -0.015160961 0.12667476
v -0.029216709 -0.015145753 0.12668406
v -0.029216709 -0.015128615 0.12668919
v -0.029226709 -0.015128615 0.12668919
v -0.029226709 -0.015145753 0.12668406
v -0.029226709 -0.015160961 0.12667476
v -0.029226709 -0.015170668 0.12665991
v -0.029226709 -0.015173486 0.12664231
v -0.029216709 -0.01501964 0.12691675
v -0.029216709 -0.015022845 0.1268847
v -0.029226709 -0.015022845 0.1268847
v -0.029226709 -0.01501964 0.12691675
v -0.029216709 -0.015176892 0.1269166
v -0.029216709 -0.015182309 0.1269182
v -0.029216709 -0.015187859 0.12691927
v -0.029216709 -0.015193478 0.12691986
v -0.029216709 -0.015199127 0.12691995
v -0.029226709 -0.015199127 0.12691995
v -0.029226709 -0.015193478 0.12691986
v -0.029226709 -0.015187859 0.12691927
v -0.029226709 -0.015182309 0.1269182
v -0.029226709 -0.015176892 0.1269166
v -0.029216709 -0.014974768 0.12717922
v -0.029216709 -0.014982565 0.12714393
v -0.029216709 -0.015005396 0.12711595
v -0.029216709 -0.015038192 0.12710058
v -0.029216709 -0.015074278 0.12709624
v -0.029226709 -0.015074278 0.12709624
v -0.029226709 -0.015038192 0.12710058
v -0.029226709 -0.015005396 0.12711595
v -0.029226709 -0.014982565 0.12714393
v -0.029226709 -0.014974768 0.12717922
v -0.029216709 -0.015199127 0.12743919
v -0.029216709 -0.015199127 0.12740393
v -0.029226709 -0.015199127 0.12740393
v -0.029226709 -0.015199127 0.12743919
v -0.029216709 -0.014427643 0.12630021
v -0.029216709 -0.014419522 0.12628651
v -0.029216709 -0.014408065 0.12627548
v -0.029216709 -0.0143938 0.12626844
v -0.029216709 -0.014378064 0.12626611
v -0.029226709 -0.014378064 0.12626611
v -0.029226709 -0.0143938 0.12626844
v -0.029226709 -0.014408065 0.12627548
v -0.029226709 -0.014419522 0.12628651
v -0.029226709 -0.014427643 0.12630021
v -0.029216709 -0.014493999 0.12638149
v -0.029216709 -0.014497204 0.12641354
v -0.029226709 -0.014497204 0.12641354
v -0.029226709 -0.014493999 0.12638149
v -0.029226709 -0.014564512 0.12674688
v -0.029226709 -0.014564512 0.12671162
v -0.029226709 -0.014343358 0.12671162
v -0.029226709 -0.014343358 0.12663149
v -0.029226709 -0.014314512 0.12663149
v -0.029226709 -0.014314512 0.12682701
v -0.029226709 -0.014343358 0.12682701
v -0.029226709 -0.014343358 0.12674688
v -0.029216709 -0.014343358 0.12671162
v -0.029216709 -0.014343358 0.12663149
v -0.029226709 -0.014343358 0.12663149
v -0.029226709 -0.014343358 0.12671162
v -0.029216709 -0.014564512 0.12674688
v -0.029216709 -0.014564512 0.12671162
v -0.029226709 -0.014564512 0.12671162
v -0.029226709 -0.014564512 0.12674688
v -0.029216709 -0.014567717 0.12721588
v -0.029216709 -0.014563489 0.12718352
v -0.029216709 -0.014549574 0.12715409
v -0.029216709 -0.01452501 0.12713291
v -0.029216709 -0.014493548 0.12712508
v -0.029226709 -0.014493548 0.12712508
v -0.029226709 -0.01452501 0.12713291
v -0.029226709 -0.014549574 0.12715409
v -0.029226709 -0.014563489 0.12718352
v -0.029226709 -0.014567717 0.12721588
v -0.029216709 -0.014461497 0.12718698
v -0.029216709 -0.014466636 0.12717669
v -0.029216709 -0.014473994 0.12716787
v -0.029216709 -0.01448392 0.12716213
v -0.029216709 -0.014495251 0.12716034
v -0.029226709 -0.014495251 0.12716034
v -0.029226709 -0.01448392 0.12716213
v -0.029226709 -0.014473994 0.12716787
v -0.029226709 -0.014466636 0.12717669
v -0.029226709 -0.014461497 0.12718698
v -0.030336709 -0.013702482 0.12797094
v -0.030334476 -0.013711665 0.12797094
v -0.030328276 -0.013718798 0.12797094
v -0.030319492 -0.013722287 0.12797094
v -0.030319492 -0.013722287 0.12747094
v -0.030328276 -0.013718798 0.12747094
v -0.030334476 -0.013711665 0.12747094
v -0.030336709 -0.013702482 0.12747094
v -0.030516709 -0.013326339 0.12797094
v -0.030516709 -0.013326339 0.12747094
v -0.030516709 -0.013719867 0.12747094
v -0.030516709 -0.013719867 0.12797094
v -0.03036176 -0.015754562 0.12702094
v -0.03036176 -0.015754562 0.12652094
v -0.030440809 -0.015785966 0.12652094
v -0.030496612 -0.015850161 0.12652094
v -0.030516709 -0.015932811 0.12652094
v -0.030516709 -0.015932811 0.12702094
v -0.030496612 -0.015850161 0.12702094
v -0.030440809 -0.015785966 0.12702094
v -0.029751709 -0.013976339 0.12825094
v -0.029931709 -0.013976339 0.12825094
v -0.029931722 -0.013976341 0.12825125
v -0.029932335 -0.013979069 0.12826103
v -0.029932335 -0.013986252 0.12826821
v -0.029931722 -0.013996038 0.12827094
v -0.029931709 -0.013996339 0.12827094
v -0.029751709 -0.013996339 0.12827094
v -0.029751696 -0.013996038 0.12827094
v -0.029751083 -0.013986252 0.12826821
v -0.029751083 -0.013979069 0.12826103
v -0.029751696 -0.013976341 0.12825125
v -0.029906658 -0.013780307 0.12607094
v -0.029906658 -0.013780307 0.12557094
v -0.030319492 -0.013722287 0.12557094
v -0.030319492 -0.013722287 0.12607094
v -0.03036176 -0.013898116 0.12607094
v -0.03036176 -0.013898116 0.12557094
v -0.029948925 -0.013956136 0.12557094
v -0.029948925 -0.013956136 0.12607094
v -0.029751709 -0.015656339 0.12827094
v -0.029751709 -0.013996339 0.12827094
v -0.029931709 -0.013996339 0.12827094
v -0.029931709 -0.015656339 0.12827094
v -0.030500182 -0.014076576 0.12539088
v -0.030508652 -0.01408023 0.12539088
v -0.030514582 -0.014087296 0.12539088
v -0.030516709 -0.014096272 0.12539088
v -0.030516709 -0.014096272 0.12815101
v -0.030514582 -0.014087296 0.12815101
v -0.030508652 -0.01408023 0.12815101
v -0.030500182 -0.014076576 0.12815101
v -0.029233236 -0.014087456 0.12817952
v -0.029232028 -0.014077776 0.12817669
v -0.029232028 -0.014070592 0.12816951
v -0.029233236 -0.01406776 0.12815983
v -0.029751696 -0.013976341 0.12825125
v -0.029751083 -0.013979069 0.12826103
v -0.029751083 -0.013986252 0.12826821
v -0.029751696 -0.013996038 0.12827094
v -0.029216709 -0.015117797 0.12640072
v -0.029216709 -0.015138514 0.12640346
v -0.029216709 -0.015156949 0.12641313
v -0.029216709 -0.015169489 0.12642971
v -0.029216709 -0.015173486 0.12645015
v -0.029226709 -0.015173486 0.12645015
v -0.029226709 -0.015169489 0.12642971
v -0.029226709 -0.015156949 0.12641313
v -0.029226709 -0.015138514 0.12640346
v -0.029226709 -0.015117797 0.12640072
v -0.029216709 -0.015116796 0.12636867
v -0.029216709 -0.015086618 0.12637325
v -0.029216709 -0.015060252 0.12638846
v -0.029216709 -0.01504192 0.12641277
v -0.029216709 -0.015035666 0.12644254
v -0.029226709 -0.015035666 0.12644254
v -0.029226709 -0.01504192 0.12641277
v -0.029226709 -0.015060252 0.12638846
v -0.029226709 -0.015086618 0.12637325
v -0.029226709 -0.015116796 0.12636867
v -0.029216709 -0.014977974 0.12644615
v -0.029216709 -0.014978725 0.12643764
v -0.029216709 -0.014981141 0.12642946
v -0.029216709 -0.01498524 0.12642198
v -0.029216709 -0.014990794 0.1264155
v -0.029226709 -0.014990794 0.1264155
v -0.029226709 -0.01498524 0.12642198
v -0.029226709 -0.014981141 0.12642946
v -0.029226709 -0.014978725 0.12643764
v -0.029226709 -0.014977974 0.12644615
v -0.029216709 -0.015128615 0.12668919
v -0.029216709 -0.01513182 0.12672124
v -0.029226709 -0.01513182 0.12672124
v -0.029226709 -0.015128615 0.12668919
v -0.029216709 -0.014949127 0.12683662
v -0.029216709 -0.014952992 0.12686612
v -0.029216709 -0.014966854 0.1268923
v -0.029216709 -0.014990746 0.12690976
v -0.029216709 -0.01501964 0.12691675
v -0.029226709 -0.01501964 0.12691675
v -0.029226709 -0.014990746 0.12690976
v -0.029226709 -0.014966854 0.1268923
v -0.029226709 -0.014952992 0.12686612
v -0.029226709 -0.014949127 0.12683662
v -0.029216709 -0.015199127 0.12691995
v -0.029216709 -0.015199127 0.12675649
v -0.029226709 -0.015199127 0.12675649
v -0.029226709 -0.015199127 0.12691995
v -0.029216709 -0.015077833 0.1272629
v -0.029216709 -0.015040424 0.12725941
v -0.029216709 -0.015006002 0.12724485
v -0.029216709 -0.014982699 0.1272157
v -0.029216709 -0.014974768 0.12717922
v -0.029226709 -0.014974768 0.12717922
v -0.029226709 -0.014982699 0.1272157
v -0.029226709 -0.015006002 0.12724485
v -0.029226709 -0.015040424 0.12725941
v -0.029226709 -0.015077833 0.1272629
v -0.029216709 -0.014945922 0.12717942
v -0.029216709 -0.014955119 0.12722821
v -0.029216709 -0.014984364 0.12726821
v -0.029216709 -0.015028065 0.12729165
v -0.029216709 -0.015077433 0.12729816
v -0.029226709 -0.015077433 0.12729816
v -0.029226709 -0.015028065 0.12729165
v -0.029226709 -0.014984364 0.12726821
v -0.029226709 -0.014955119 0.12722821
v -0.029226709 -0.014945922 0.12717942
v -0.029226709 -0.014497204 0.12641354
v -0.029226709 -0.014525135 0.12640618
v -0.029226709 -0.014548311 0.12638901
v -0.029226709 -0.014563143 0.12636429
v -0.029226709 -0.014567717 0.12633577
v -0.029226709 -0.014562556 0.12630458
v -0.029226709 -0.014545956 0.12627774
v -0.029226709 -0.014520249 0.12625943
v -0.029226709 -0.014489292 0.12625329
v -0.029226709 -0.014468438 0.12625598
v -0.029226709 -0.014449629 0.12626527
v -0.029226709 -0.014435453 0.12628072
v -0.029226709 -0.014427643 0.12630021
v -0.029226709 -0.014419522 0.12628651
v -0.029226709 -0.014408065 0.12627548
v -0.029226709 -0.0143938 0.12626844
v -0.029226709 -0.014378064 0.12626611
v -0.029226709 -0.014352346 0.1262719
v -0.029226709 -0.014331394 0.12628791
v -0.029226709 -0.014318691 0.12631109
v -0.029226709 -0.014314512 0.12633722
v -0.029226709 -0.014318634 0.12636347
v -0.029226709 -0.014332038 0.12638635
v -0.029226709 -0.014353264 0.12640227
v -0.029226709 -0.014378615 0.12641034
v -0.029226709 -0.01438182 0.12637829
v -0.029226709 -0.014366756 0.12637395
v -0.029226709 -0.014353916 0.12636506
v -0.029226709 -0.014345829 0.12635169
v -0.029226709 -0.014343358 0.12633622
v -0.029226709 -0.014345619 0.12632183
v -0.029226709 -0.014353037 0.12630935
v -0.029226709 -0.014364838 0.12630088
v -0.029226709 -0.014379115 0.12629816
v -0.029226709 -0.014395649 0.12630155
v -0.029226709 -0.014408171 0.12631275
v -0.029226709 -0.014415159 0.12632821
v -0.029226709 -0.014417427 0.12634504
v -0.029226709 -0.014417377 0.12634619
v -0.029226709 -0.014417304 0.12634734
v -0.029226709 -0.014417199 0.12634849
v -0.029226709 -0.014417076 0.12634964
v -0.029226709 -0.014445922 0.12635295
v -0.029226709 -0.014444617 0.12634784
v -0.029226709 -0.014443566 0.12634268
v -0.029226709 -0.014442797 0.12633747
v -0.029226709 -0.014442517 0.12633221
v -0.029226709 -0.014445632 0.12631408
v -0.029226709 -0.014455599 0.12629865
v -0.029226709 -0.014470922 0.12628852
v -0.029226709 -0.014489041 0.12628534
v -0.029226709 -0.014508327 0.12628862
v -0.029226709 -0.01452483 0.12629908
v -0.029226709 -0.014535604 0.12631534
v -0.029226709 -0.014538871 0.12633462
v -0.029226709 -0.014536053 0.12635222
v -0.029226709 -0.014526345 0.12636707
v -0.029226709 -0.014511138 0.12637637
v -0.029226709 -0.014493999 0.12638149
v -0.029216709 -0.014489292 0.12625329
v -0.029216709 -0.014468438 0.12625598
v -0.029216709 -0.014449629 0.12626527
v -0.029216709 -0.014435453 0.12628072
v -0.029216709 -0.014427643 0.12630021
v -0.029226709 -0.014427643 0.12630021
v -0.029226709 -0.014435453 0.12628072
v -0.029226709 -0.014449629 0.12626527
v -0.029226709 -0.014468438 0.12625598
v -0.029226709 -0.014489292 0.12625329
v -0.029216709 -0.014497204 0.12641354
v -0.029216709 -0.014525135 0.12640618
v -0.029216709 -0.014548311 0.12638901
v -0.029216709 -0.014563143 0.12636429
v -0.029216709 -0.014567717 0.12633577
v -0.029226709 -0.014567717 0.12633577
v -0.029226709 -0.014563143 0.12636429
v -0.029226709 -0.014548311 0.12638901
v -0.029226709 -0.014525135 0.12640618
v -0.029226709 -0.014497204 0.12641354
v -0.029216709 -0.014564512 0.12671162
v -0.029216709 -0.014343358 0.12671162
v -0.029226709 -0.014343358 0.12671162
v -0.029226709 -0.014564512 0.12671162
v -0.029216709 -0.014495251 0.12716034
v -0.029216709 -0.014514411 0.12716552
v -0.029216709 -0.014528889 0.12717913
v -0.029216709 -0.014536628 0.12719754
v -0.029216709 -0.014538871 0.12721743
v -0.029226709 -0.014538871 0.12721743
v -0.029226709 -0.014536628 0.12719754
v -0.029226709 -0.014528889 0.12717913
v -0.029226709 -0.014514411 0.12716552
v -0.029226709 -0.014495251 0.12716034
v -0.029906658 -0.013780307 0.12797094
v -0.029906658 -0.013780307 0.12747094
v -0.030319492 -0.013722287 0.12747094
v -0.030319492 -0.013722287 0.12797094
v -0.029931712 -0.013976339 0.12797094
v -0.029751709 -0.013976339 0.12797094
v -0.029751709 -0.013958556 0.12797094
v -0.029771806 -0.013875906 0.12797094
v -0.029827609 -0.013811711 0.12797094
v -0.029906658 -0.013780307 0.12797094
v -0.030319492 -0.013722287 0.12797094
v -0.030328276 -0.013718798 0.12797094
v -0.030334476 -0.013711665 0.12797094
v -0.030336709 -0.013702482 0.12797094
v -0.030336709 -0.013326339 0.12797094
v -0.030516709 -0.013326339 0.12797094
v -0.030516709 -0.013719867 0.12797094
v -0.030496612 -0.013802517 0.12797094
v -0.030440809 -0.013866712 0.12797094
v -0.03036176 -0.013898116 0.12797094
v -0.029948925 -0.013956136 0.12797094
v -0.029940034 -0.013959702 0.12797094
v -0.029933822 -0.013966994 0.12797094
v -0.030516709 -0.013719867 0.12797094
v -0.030516709 -0.013719867 0.12747094
v -0.030496612 -0.013802517 0.12747094
v -0.030440809 -0.013866712 0.12747094
v -0.03036176 -0.013898116 0.12747094
v -0.03036176 -0.013898116 0.12797094
v -0.030440809 -0.013866712 0.12797094
v -0.030496612 -0.013802517 0.12797094
v -0.030500182 -0.014076576 0.12815101
v -0.030501389 -0.014079409 0.12816069
v -0.030501389 -0.014086592 0.12816787
v -0.030500182 -0.014096272 0.12817071
v -0.029931722 -0.013996038 0.12827094
v -0.029932335 -0.013986252 0.12826821
v -0.029932335 -0.013979069 0.12826103
v -0.029931722 -0.013976341 0.12825125
v -0.029948925 -0.015696542 0.12702094
v -0.029948925 -0.015696542 0.12652094
v -0.03036176 -0.015754562 0.12652094
v -0.03036176 -0.015754562 0.12702094
v -0.029931712 -0.013976339 0.12797094
v -0.029931709 -0.013976339 0.12825094
v -0.029751709 -0.013976339 0.12825094
v -0.029751709 -0.013976339 0.12797094
v -0.029751709 -0.013958555 0.12607094
v -0.029751709 -0.013958555 0.12557094
v -0.029771806 -0.013875906 0.12557094
v -0.029827609 -0.013811711 0.12557094
v -0.029906658 -0.013780307 0.12557094
v -0.029906658 -0.013780307 0.12607094
v -0.029827609 -0.013811711 0.12607094
v -0.029771806 -0.013875906 0.12607094
v -0.030500182 -0.015556406 0.12537118
v -0.030508652 -0.015556406 0.12537483
v -0.030514582 -0.015556406 0.1253819
v -0.030516709 -0.015556406 0.12539088
v -0.030516709 -0.014096272 0.12539088
v -0.030514582 -0.014096272 0.1253819
v -0.030508652 -0.014096272 0.12537483
v -0.030500182 -0.014096272 0.12537118
v -0.029931709 -0.015656339 0.12527094
v -0.029931709 -0.013996339 0.12527094
v -0.029751709 -0.013996339 0.12527094
v -0.029751709 -0.015656339 0.12527094
v -0.029233236 -0.01406776 0.12538206
v -0.029232028 -0.014070592 0.12537238
v -0.029232028 -0.014077776 0.1253652
v -0.029233236 -0.014087456 0.12536236
v -0.029751696 -0.013996037 0.12527095
v -0.029751083 -0.013986252 0.12527367
v -0.029751083 -0.013979069 0.12528086
v -0.029751696 -0.013976341 0.12529064
v -0.029233236 -0.015565222 0.12536236
v -0.029232028 -0.015574903 0.1253652
v -0.029232028 -0.015582086 0.12537238
v -0.029233236 -0.015584918 0.12538206
v -0.029751696 -0.015676337 0.12529064
v -0.029751083 -0.015673609 0.12528086
v -0.029751083 -0.015666426 0.12527367
v -0.029751696 -0.015656641 0.12527095
v -0.030516709 -0.015556406 0.12539088
v -0.030514582 -0.015565382 0.12539088
v -0.030508652 -0.015572448 0.12539088
v -0.030500182 -0.015576102 0.12539088
v -0.030500182 -0.015576102 0.12815101
v -0.030508652 -0.015572448 0.12815101
v -0.030514582 -0.015565382 0.12815101
v -0.030516709 -0.015556406 0.12815101
v -0.030516709 -0.015556406 0.12815101
v -0.030514582 -0.015556406 0.12815999
v -0.030508652 -0.015556406 0.12816705
v -0.030500182 -0.015556406 0.12817071
v -0.030500182 -0.014096272 0.12817071
v -0.030508652 -0.014096272 0.12816705
v -0.030514582 -0.014096272 0.12815999
v -0.030516709 -0.014096272 0.12815101
v -0.029751709 -0.013996339 0.12827094
v -0.029751709 -0.015656339 0.12827094
v -0.029751696 -0.015656641 0.12827094
v -0.029233236 -0.015565222 0.12817952
v -0.029233236 -0.014087456 0.12817952
v -0.029751696 -0.013996038 0.12827094
v -0.029751709 -0.015656339 0.12527094
v -0.029751709 -0.013996339 0.12527094
v -0.029751696 -0.013996037 0.12527095
v -0.029233236 -0.014087456 0.12536236
v -0.029233236 -0.015565222 0.12536236
v -0.029751696 -0.015656641 0.12527095
v -0.029216709 -0.015064512 0.12645141
v -0.029216709 -0.015067845 0.12643096
v -0.029216709 -0.01507933 0.12641383
v -0.029216709 -0.015097261 0.12640359
v -0.029216709 -0.015117797 0.12640072
v -0.029226709 -0.015117797 0.12640072
v -0.029226709 -0.015097261 0.12640359
v -0.029226709 -0.01507933 0.12641383
v -0.029226709 -0.015067845 0.12643096
v -0.029226709 -0.015064512 0.12645141
v -0.029216709 -0.015202332 0.1264477
v -0.029216709 -0.015196099 0.12641595
v -0.029216709 -0.015177053 0.12638985
v -0.029216709 -0.015148821 0.12637392
v -0.029216709 -0.015116796 0.12636867
v -0.029226709 -0.015116796 0.12636867
v -0.029226709 -0.015148821 0.12637392
v -0.029226709 -0.015177053 0.12638985
v -0.029226709 -0.015196099 0.12641595
v -0.029226709 -0.015202332 0.1264477
v -0.029216709 -0.014990794 0.1264155
v -0.029216709 -0.014996511 0.1264113
v -0.029216709 -0.01500289 0.12640816
v -0.029216709 -0.015009572 0.12640576
v -0.029216709 -0.015016435 0.12640393
v -0.029226709 -0.015016435 0.12640393
v -0.029226709 -0.015009572 0.12640576
v -0.029226709 -0.01500289 0.12640816
v -0.029226709 -0.014996511 0.1264113
v -0.029226709 -0.014990794 0.1264155
v -0.029216709 -0.01513182 0.12672124
v -0.029216709 -0.01515975 0.12671387
v -0.029216709 -0.015182926 0.1266967
v -0.029216709 -0.015197759 0.12667198
v -0.029216709 -0.015202332 0.12664346
v -0.029226709 -0.015202332 0.12664346
v -0.029226709 -0.015197759 0.12667198
v -0.029226709 -0.015182926 0.1266967
v -0.029226709 -0.01515975 0.12671387
v -0.029226709 -0.01513182 0.12672124
v -0.029216709 -0.015018138 0.1267597
v -0.029216709 -0.014989906 0.1267654
v -0.029216709 -0.014966876 0.12678271
v -0.029216709 -0.014953054 0.12680798
v -0.029216709 -0.014949127 0.12683662
v -0.029226709 -0.014949127 0.12683662
v -0.029226709 -0.014953054 0.12680798
v -0.029226709 -0.014966876 0.12678271
v -0.029226709 -0.014989906 0.1267654
v -0.029226709 -0.015018138 0.1267597
v -0.029216709 -0.015199127 0.12675649
v -0.029216709 -0.015167076 0.12675649
v -0.029226709 -0.015167076 0.12675649
v -0.029226709 -0.015199127 0.12675649
v -0.029226709 -0.015077433 0.12729816
v -0.029226709 -0.015124709 0.12729006
v -0.029226709 -0.015166001 0.12726583
v -0.029226709 -0.015193359 0.12722661
v -0.029226709 -0.015202332 0.12717957
v -0.029226709 -0.015192989 0.12713181
v -0.029226709 -0.015165252 0.12709195
v -0.029226709 -0.015122772 0.12706823
v -0.029226709 -0.015074528 0.12706098
v -0.029226709 -0.015026137 0.12706816
v -0.029226709 -0.014983487 0.12709183
v -0.029226709 -0.014955212 0.12713152
v -0.029226709 -0.014945922 0.12717942
v -0.029226709 -0.014955119 0.12722821
v -0.029226709 -0.014984364 0.12726821
v -0.029226709 -0.015028065 0.12729165
v -0.029226709 -0.014974768 0.12717922
v -0.029226709 -0.014982565 0.12714393
v -0.029226709 -0.015005396 0.12711595
v -0.029226709 -0.015038192 0.12710058
v -0.029226709 -0.015074278 0.12709624
v -0.029226709 -0.015110489 0.1271004
v -0.029226709 -0.015143228 0.12711607
v -0.029226709 -0.015165993 0.12714425
v -0.029226709 -0.015173486 0.12717972
v -0.029226709 -0.015166248 0.12721432
v -0.029226709 -0.015144502 0.12724217
v -0.029226709 -0.015113062 0.12725839
v -0.029226709 -0.015077833 0.1272629
v -0.029226709 -0.015040424 0.12725941
v -0.029226709 -0.015006002 0.12724485
v -0.029226709 -0.014982699 0.1272157
v -0.029216709 -0.015074528 0.12706098
v -0.029216709 -0.015026137 0.12706816
v -0.029216709 -0.014983487 0.12709183
v -0.029216709 -0.014955212 0.12713152
v -0.029216709 -0.014945922 0.12717942
v -0.029226709 -0.014945922 0.12717942
v -0.029226709 -0.014955212 0.12713152
v -0.029226709 -0.014983487 0.12709183
v -0.029226709 -0.015026137 0.12706816
v -0.029226709 -0.015074528 0.12706098
v -0.029216709 -0.015077433 0.12729816
v -0.029216709 -0.015124709 0.12729006
v -0.029216709 -0.015166001 0.12726583
v -0.029216709 -0.015193359 0.12722661
v -0.029216709 -0.015202332 0.12717957
v -0.029226709 -0.015202332 0.12717957
v -0.029226709 -0.015193359 0.12722661
v -0.029226709 -0.015166001 0.12726583
v -0.029226709 -0.015124709 0.12729006
v -0.029226709 -0.015077433 0.12729816
v -0.029216709 -0.014567717 0.12633577
v -0.029216709 -0.014562556 0.12630458
v -0.029216709 -0.014545956 0.12627774
v -0.029216709 -0.014520249 0.12625943
v -0.029216709 -0.014489292 0.12625329
v -0.029226709 -0.014489292 0.12625329
v -0.029226709 -0.014520249 0.12625943
v -0.029226709 -0.014545956 0.12627774
v -0.029226709 -0.014562556 0.12630458
v -0.029226709 -0.014567717 0.12633577
v -0.029216709 -0.014538871 0.12721743
v -0.029216709 -0.014535157 0.12724255
v -0.029216709 -0.014523221 0.12726492
v -0.029216709 -0.014502735 0.12727963
v -0.029216709 -0.014477974 0.12728534
v -0.029226709 -0.014477974 0.12728534
v -0.029226709 -0.014502735 0.12727963
v -0.029226709 -0.014523221 0.12726492
v -0.029226709 -0.014535157 0.12724255
v -0.029226709 -0.014538871 0.12721743
v -0.029751709 -0.013958556 0.12797094
v -0.029751709 -0.013958555 0.12747094
v -0.029771806 -0.013875906 0.12747094
v -0.029827609 -0.013811711 0.12747094
v -0.029906658 -0.013780307 0.12747094
v -0.029906658 -0.013780307 0.12797094
v -0.029827609 -0.013811711 0.12797094
v -0.029771806 -0.013875906 0.12797094
v -0.03036176 -0.013898116 0.12797094
v -0.03036176 -0.013898116 0.12747094
v -0.029948925 -0.013956136 0.12747094
v -0.029948925 -0.013956136 0.12797094
v -0.029931712 -0.013976339 0.12607094
v -0.029933822 -0.013966994 0.12607094
v -0.029940034 -0.013959702 0.12607094
v -0.029948925 -0.013956136 0.12607094
v -0.029948925 -0.013956136 0.12557094
v -0.029940034 -0.013959702 0.12557094
v -0.029933822 -0.013966994 0.12557094
v -0.029931712 -0.013976339 0.12557094
v -0.029948925 -0.015696542 0.12702094
v -0.029940034 -0.015692976 0.12702094
v -0.029933822 -0.015685684 0.12702094
v -0.029931712 -0.015676339 0.12702094
v -0.029931712 -0.015676339 0.12652094
v -0.029933822 -0.015685684 0.12652094
v -0.029940034 -0.015692976 0.12652094
v -0.029948925 -0.015696542 0.12652094
v -0.029751709 -0.013976339 0.12607094
v -0.029751709 -0.013976339 0.12557094
v -0.029751709 -0.013958555 0.12557094
v -0.029751709 -0.013958555 0.12607094
v -0.029931712 -0.015676339 0.12652094
v -0.029751709 -0.015676339 0.12652094
v -0.029751709 -0.015694123 0.12652094
v -0.029771806 -0.015776773 0.12652094
v -0.029827609 -0.015840967 0.12652094
v -0.029906658 -0.015872371 0.12652094
v -0.030319492 -0.015930391 0.12652094
v -0.030328276 -0.01593388 0.12652094
v -0.030334476 -0.015941013 0.12652094
v -0.030336709 -0.015950196 0.12652094
v -0.030336709 -0.016326339 0.12652094
v -0.030516709 -0.016326339 0.12652094
v -0.030516709 -0.015932811 0.12652094
v -0.030496612 -0.015850161 0.12652094
v -0.030440809 -0.015785966 0.12652094
v -0.03036176 -0.015754562 0.12652094
v -0.029948925 -0.015696542 0.12652094
v -0.029940034 -0.015692976 0.12652094
v -0.029933822 -0.015685684 0.12652094
v -0.029751709 -0.015676339 0.12529094
v -0.029931709 -0.015676339 0.12529094
v -0.029931722 -0.015676337 0.12529064
v -0.029932335 -0.015673609 0.12528086
v -0.029932335 -0.015666426 0.12527367
v -0.029931722 -0.015656641 0.12527095
v -0.029931709 -0.015656339 0.12527094
v -0.029751709 -0.015656339 0.12527094
v -0.029751696 -0.015656641 0.12527095
v -0.029751083 -0.015666426 0.12527367
v -0.029751083 -0.015673609 0.12528086
v -0.029751696 -0.015676337 0.12529064
v -0.029931722 -0.013976341 0.12529064
v -0.029932335 -0.013979069 0.12528086
v -0.029932335 -0.013986252 0.12527367
v -0.029931722 -0.013996037 0.12527095
v -0.030500182 -0.014096272 0.12537118
v -0.030501389 -0.014086592 0.12537401
v -0.030501389 -0.014079409 0.1253812
v -0.030500182 -0.014076576 0.12539088
v -0.029751709 -0.015676339 0.12702094
v -0.029751709 -0.015676339 0.12825094
v -0.029931709 -0.015676339 0.12825094
v -0.029931712 -0.015676339 0.12702094
v -0.030516709 -0.015556406 0.12539088
v -0.030514582 -0.015556406 0.1253819
v -0.030508652 -0.015556406 0.12537483
v -0.030500182 -0.015556406 0.12537118
v -0.030501389 -0.015566086 0.12537401
v -0.030501389 -0.015573269 0.1253812
v -0.030500182 -0.015576102 0.12539088
v -0.030508652 -0.015572448 0.12539088
v -0.030514582 -0.015565382 0.12539088
v -0.030516709 -0.015556406 0.12539088
v -0.029931722 -0.015656641 0.12527095
v -0.029932335 -0.015666426 0.12527367
v -0.029932335 -0.015673609 0.12528086
v -0.029931722 -0.015676337 0.12529064
v -0.030500182 -0.015576102 0.12539088
v -0.030501389 -0.015573269 0.1253812
v -0.030501389 -0.015566086 0.12537401
v -0.030500182 -0.015556406 0.12537118
v -0.029931722 -0.015676337 0.12825125
v -0.029932335 -0.015673609 0.12826103
v -0.029932335 -0.015666426 0.12826821
v -0.029931722 -0.015656641 0.12827094
v -0.030500182 -0.015556406 0.12817071
v -0.030501389 -0.015566086 0.12816787
v -0.030501389 -0.015573269 0.12816069
v -0.030500182 -0.015576102 0.12815101
v -0.029233236 -0.015584918 0.12815983
v -0.029751696 -0.015676337 0.12825125
v -0.029751709 -0.015676339 0.12825094
v -0.029751709 -0.015676339 0.12702094
v -0.029751709 -0.015676339 0.12652094
v -0.029751709 -0.015676339 0.12529094
v -0.029751696 -0.015676337 0.12529064
v -0.029233236 -0.015584918 0.12538206
v -0.030500182 -0.014076576 0.12539088
v -0.030501389 -0.014079409 0.1253812
v -0.030501389 -0.014086592 0.12537401
v -0.030500182 -0.014096272 0.12537118
v -0.030508652 -0.014096272 0.12537483
v -0.030514582 -0.014096272 0.1253819
v -0.030516709 -0.014096272 0.12539088
v -0.030514582 -0.014087296 0.12539088
v -0.030508652 -0.01408023 0.12539088
v -0.030516709 -0.014096272 0.12539088
v -0.029233236 -0.014087456 0.12817952
v -0.029224766 -0.014087456 0.12817587
v -0.029218836 -0.014087456 0.1281688
v -0.029216709 -0.014087456 0.12815983
v -0.029218836 -0.01407848 0.12815983
v -0.029224766 -0.014071414 0.12815983
v -0.029233236 -0.01406776 0.12815983
v -0.029232028 -0.014070592 0.12816951
v -0.029232028 -0.014077776 0.12817669
v -0.029216709 -0.014087456 0.12815983
v -0.029216709 -0.014087456 0.12538206
v -0.029218836 -0.014087456 0.12537309
v -0.029224766 -0.014087456 0.12536602
v -0.029233236 -0.014087456 0.12536236
v -0.029232028 -0.014077776 0.1253652
v -0.029232028 -0.014070592 0.12537238
v -0.029233236 -0.01406776 0.12538206
v -0.029224766 -0.014071414 0.12538206
v -0.029218836 -0.01407848 0.12538206
v -0.029216709 -0.014087456 0.12538206
v -0.029216709 -0.015116145 0.12650329
v -0.029216709 -0.015096044 0.12649986
v -0.029216709 -0.015079129 0.12648858
v -0.029216709 -0.015068081 0.12647147
v -0.029216709 -0.015064512 0.12645141
v -0.029226709 -0.015064512 0.12645141
v -0.029226709 -0.015068081 0.12647147
v -0.029226709 -0.015079129 0.12648858
v -0.029226709 -0.015096044 0.12649986
v -0.029226709 -0.015116145 0.12650329
v -0.029216709 -0.01508209 0.12653534
v -0.029216709 -0.015124104 0.12653207
v -0.029216709 -0.015163808 0.12651846
v -0.029216709 -0.015192663 0.12648834
v -0.029216709 -0.015202332 0.1264477
v -0.029226709 -0.015202332 0.1264477
v -0.029226709 -0.015192663 0.12648834
v -0.029226709 -0.015163808 0.12651846
v -0.029226709 -0.015124104 0.12653207
v -0.029226709 -0.01508209 0.12653534
v -0.029216709 -0.015016435 0.12640393
v -0.029216709 -0.01501323 0.12637188
v -0.029226709 -0.01501323 0.12637188
v -0.029226709 -0.015016435 0.12640393
v -0.029226709 -0.015167076 0.12675649
v -0.029226709 -0.015167076 0.12687879
v -0.029226709 -0.015153979 0.12686789
v -0.029226709 -0.015142529 0.12685526
v -0.029226709 -0.015131546 0.12684222
v -0.029226709 -0.015120702 0.12682906
v -0.029226709 -0.015099519 0.12680506
v -0.029226709 -0.015076418 0.12678293
v -0.029226709 -0.015049303 0.12676609
v -0.029226709 -0.015018138 0.1267597
v -0.029226709 -0.014989906 0.1267654
v -0.029226709 -0.014966876 0.12678271
v -0.029226709 -0.014953054 0.12680798
v -0.029226709 -0.014949127 0.12683662
v -0.029226709 -0.014952992 0.12686612
v -0.029226709 -0.014966854 0.1268923
v -0.029226709 -0.014990746 0.12690976
v -0.029226709 -0.01501964 0.12691675
v -0.029226709 -0.015022845 0.1268847
v -0.029226709 -0.015004767 0.12688162
v -0.029226709 -0.014989633 0.1268714
v -0.029226709 -0.01498056 0.12685551
v -0.029226709 -0.014977974 0.12683732
v -0.029226709 -0.014980351 0.1268205
v -0.029226709 -0.014988528 0.12680566
v -0.029226709 -0.015001895 0.12679528
v -0.029226709 -0.015018438 0.12679175
v -0.029226709 -0.015045265 0.12679972
v -0.029226709 -0.015067424 0.12681722
v -0.029226709 -0.015087073 0.12683759
v -0.029226709 -0.015105628 0.12685896
v -0.029226709 -0.015120592 0.12687675
v -0.029226709 -0.01513707 0.12689314
v -0.029226709 -0.015155835 0.12690682
v -0.029226709 -0.015176892 0.1269166
v -0.029226709 -0.015182309 0.1269182
v -0.029226709 -0.015187859 0.12691927
v -0.029226709 -0.015193478 0.12691986
v -0.029226709 -0.015199127 0.12691995
v -0.029226709 -0.015199127 0.12675649
v -0.029216709 -0.015120702 0.12682906
v -0.029216709 -0.015099519 0.12680506
v -0.029216709 -0.015076418 0.12678293
v -0.029216709 -0.015049303 0.12676609
v -0.029216709 -0.015018138 0.1267597
v -0.029226709 -0.015018138 0.1267597
v -0.029226709 -0.015049303 0.12676609
v -0.029226709 -0.015076418 0.12678293
v -0.029226709 -0.015099519 0.12680506
v -0.029226709 -0.015120702 0.12682906
v -0.029216709 -0.015167076 0.12675649
v -0.029216709 -0.015167076 0.12687879
v -0.029226709 -0.015167076 0.12687879
v -0.029226709 -0.015167076 0.12675649
v -0.029216709 -0.015202332 0.12717957
v -0.029216709 -0.015192989 0.12713181
v -0.029216709 -0.015165252 0.12709195
v -0.029216709 -0.015122772 0.12706823
v -0.029216709 -0.015074528 0.12706098
v -0.029226709 -0.015074528 0.12706098
v -0.029226709 -0.015122772 0.12706823
v -0.029226709 -0.015165252 0.12709195
v -0.029226709 -0.015192989 0.12713181
v -0.029226709 -0.015202332 0.12717957
v -0.029216709 -0.014477974 0.12728534
v -0.029216709 -0.014477974 0.1273206
v -0.029226709 -0.014477974 0.1273206
v -0.029226709 -0.014477974 0.12728534
v -0.029751709 -0.013976339 0.12797094
v -0.029751709 -0.013976339 0.12747094
v -0.029751709 -0.013958555 0.12747094
v -0.029751709 -0.013958556 0.12797094
v -0.029931712 -0.013976339 0.12797094
v -0.029933822 -0.013966994 0.12797094
v -0.029940034 -0.013959702 0.12797094
v -0.029948925 -0.013956136 0.12797094
v -0.029948925 -0.013956136 0.12747094
v -0.029940034 -0.013959702 0.12747094
v -0.029933822 -0.013966994 0.12747094
v -0.029931712 -0.013976339 0.12747094
v -0.029931712 -0.013976339 0.12607094
v -0.029751709 -0.013976339 0.12607094
v -0.029751709 -0.013958555 0.12607094
v -0.029771806 -0.013875906 0.12607094
v -0.029827609 -0.013811711 0.12607094
v -0.029906658 -0.013780307 0.12607094
v -0.030319492 -0.013722287 0.12607094
v -0.030328276 -0.013718798 0.12607094
v -0.030334476 -0.013711665 0.12607094
v -0.030336709 -0.013702482 0.12607094
v -0.030336709 -0.013326339 0.12607094
v -0.030516709 -0.013326339 0.12607094
v -0.030516709 -0.013719867 0.12607094
v -0.030496612 -0.013802517 0.12607094
v -0.030440809 -0.013866712 0.12607094
v -0.03036176 -0.013898116 0.12607094
v -0.029948925 -0.013956136 0.12607094
v -0.029940034 -0.013959702 0.12607094
v -0.029933822 -0.013966994 0.12607094
v -0.029751709 -0.015694123 0.12702094
v -0.029751709 -0.015694123 0.12652094
v -0.029751709 -0.015676339 0.12652094
v -0.029751709 -0.015676339 0.12702094
v -0.029931712 -0.013976339 0.12557094
v -0.029933822 -0.013966994 0.12557094
v -0.029940034 -0.013959702 0.12557094
v -0.029948925 -0.013956136 0.12557094
v -0.03036176 -0.013898116 0.12557094
v -0.030440809 -0.013866712 0.12557094
v -0.030496612 -0.013802517 0.12557094
v -0.030516709 -0.013719867 0.12557094
v -0.030516709 -0.013326339 0.12557094
v -0.030336709 -0.013326339 0.12557094
v -0.030336709 -0.013702482 0.12557094
v -0.030334476 -0.013711665 0.12557094
v -0.030328276 -0.013718798 0.12557094
v -0.030319492 -0.013722287 0.12557094
v -0.029906658 -0.013780307 0.12557094
v -0.029827609 -0.013811711 0.12557094
v -0.029771806 -0.013875906 0.12557094
v -0.029751709 -0.013958555 0.12557094
v -0.029751709 -0.013976339 0.12557094
v -0.029751709 -0.013996339 0.12527094
v -0.029931709 -0.013996339 0.12527094
v -0.029931722 -0.013996037 0.12527095
v -0.029932335 -0.013986252 0.12527367
v -0.029932335 -0.013979069 0.12528086
v -0.029931722 -0.013976341 0.12529064
v -0.029931709 -0.013976339 0.12529094
v -0.029751709 -0.013976339 0.12529094
v -0.029751696 -0.013976341 0.12529064
v -0.029751083 -0.013979069 0.12528086
v -0.029751083 -0.013986252 0.12527367
v -0.029751696 -0.013996037 0.12527095
v -0.030516709 -0.015556406 0.12539088
v -0.030516709 -0.015556406 0.12815101
v -0.030516709 -0.014096272 0.12815101
v -0.030516709 -0.014096272 0.12539088
v -0.029751709 -0.015656339 0.12827094
v -0.029931709 -0.015656339 0.12827094
v -0.029931722 -0.015656641 0.12827094
v -0.029932335 -0.015666426 0.12826821
v -0.029932335 -0.015673609 0.12826103
v -0.029931722 -0.015676337 0.12825125
v -0.029931709 -0.015676339 0.12825094
v -0.029751709 -0.015676339 0.12825094
v -0.029751696 -0.015676337 0.12825125
v -0.029751083 -0.015673609 0.12826103
v -0.029751083 -0.015666426 0.12826821
v -0.029751696 -0.015656641 0.12827094
v -0.029216709 -0.015565222 0.12538206
v -0.029218836 -0.015574198 0.12538206
v -0.029224766 -0.015581265 0.12538206
v -0.029233236 -0.015584918 0.12538206
v -0.029232028 -0.015582086 0.12537238
v -0.029232028 -0.015574903 0.1253652
v -0.029233236 -0.015565222 0.12536236
v -0.029224766 -0.015565222 0.12536602
v -0.029218836 -0.015565222 0.12537309
v -0.029216709 -0.015565222 0.12538206
v -0.029233236 -0.015565222 0.12817952
v -0.029232028 -0.015574903 0.12817669
v -0.029232028 -0.015582086 0.12816951
v -0.029233236 -0.015584918 0.12815983
v -0.029224766 -0.015581265 0.12815983
v -0.029218836 -0.015574198 0.12815983
v -0.029216709 -0.015565222 0.12815983
v -0.029218836 -0.015565222 0.1281688
v -0.029224766 -0.015565222 0.12817587
v -0.029216709 -0.015565222 0.12815983
v -0.030516709 -0.015556406 0.12815101
v -0.030514582 -0.015565382 0.12815101
v -0.030508652 -0.015572448 0.12815101
v -0.030500182 -0.015576102 0.12815101
v -0.030501389 -0.015573269 0.12816069
v -0.030501389 -0.015566086 0.12816787
v -0.030500182 -0.015556406 0.12817071
v -0.030508652 -0.015556406 0.12816705
v -0.030514582 -0.015556406 0.12815999
v -0.030516709 -0.015556406 0.12815101
v -0.029216709 -0.014087456 0.12538206
v -0.029218836 -0.01407848 0.12538206
v -0.029224766 -0.014071414 0.12538206
v -0.029233236 -0.01406776 0.12538206
v -0.029233236 -0.01406776 0.12815983
v -0.029224766 -0.014071414 0.12815983
v -0.029218836 -0.01407848 0.12815983
v -0.029216709 -0.014087456 0.12815983
v -0.029226709 -0.01501323 0.12637188
v -0.029226709 -0.014987597 0.12637898
v -0.029226709 -0.014966261 0.12639474
v -0.029226709 -0.014953049 0.12641774
v -0.029226709 -0.014949127 0.12644404
v -0.029226709 -0.014950681 0.12646208
v -0.029226709 -0.014955895 0.12647941
v -0.029226709 -0.014964998 0.12649504
v -0.029226709 -0.014977523 0.1265081
v -0.029226709 -0.015001074 0.12652218
v -0.029226709 -0.015027353 0.12653027
v -0.029226709 -0.015054585 0.12653423
v -0.029226709 -0.01508209 0.12653534
v -0.029226709 -0.015124104 0.12653207
v -0.029226709 -0.015163808 0.12651846
v -0.029226709 -0.015192663 0.12648834
v -0.029226709 -0.015202332 0.1264477
v -0.029226709 -0.015196099 0.12641595
v -0.029226709 -0.015177053 0.12638985
v -0.029226709 -0.015148821 0.12637392
v -0.029226709 -0.015116796 0.12636867
v -0.029226709 -0.015086618 0.12637325
v -0.029226709 -0.015060252 0.12638846
v -0.029226709 -0.01504192 0.12641277
v -0.029226709 -0.015035666 0.12644254
v -0.029226709 -0.015037836 0.12646039
v -0.029226709 -0.015044293 0.12647718
v -0.029226709 -0.015054793 0.12649177
v -0.029226709 -0.015068619 0.12650329
v -0.029226709 -0.015045728 0.12650212
v -0.029226709 -0.015023176 0.12649812
v -0.029226709 -0.015002353 0.1264887
v -0.029226709 -0.014985385 0.12647344
v -0.029226709 -0.014982163 0.12646706
v -0.029226709 -0.014979833 0.12646029
v -0.029226709 -0.014978415 0.12645329
v -0.029226709 -0.014977974 0.12644615
v -0.029226709 -0.014978725 0.12643764
v -0.029226709 -0.014981141 0.12642946
v -0.029226709 -0.01498524 0.12642198
v -0.029226709 -0.014990794 0.1264155
v -0.029226709 -0.014996511 0.1264113
v -0.029226709 -0.01500289 0.12640816
v -0.029226709 -0.015009572 0.12640576
v -0.029226709 -0.015016435 0.12640393
v -0.029226709 -0.015064512 0.12645141
v -0.029226709 -0.015067845 0.12643096
v -0.029226709 -0.01507933 0.12641383
v -0.029226709 -0.015097261 0.12640359
v -0.029226709 -0.015117797 0.12640072
v -0.029226709 -0.015138514 0.12640346
v -0.029226709 -0.015156949 0.12641313
v -0.029226709 -0.015169489 0.12642971
v -0.029226709 -0.015173486 0.12645015
v -0.029226709 -0.015169359 0.12647145
v -0.029226709 -0.015156463 0.12648885
v -0.029226709 -0.015137558 0.12649956
v -0.029226709 -0.015116145 0.12650329
v -0.029226709 -0.015096044 0.12649986
v -0.029226709 -0.015079129 0.12648858
v -0.029226709 -0.015068081 0.12647147
v -0.029216709 -0.014977523 0.1265081
v -0.029216709 -0.015001074 0.12652218
v -0.029216709 -0.015027353 0.12653027
v -0.029216709 -0.015054585 0.12653423
v -0.029216709 -0.01508209 0.12653534
v -0.029226709 -0.01508209 0.12653534
v -0.029226709 -0.015054585 0.12653423
v -0.029226709 -0.015027353 0.12653027
v -0.029226709 -0.015001074 0.12652218
v -0.029226709 -0.014977523 0.1265081
v -0.029216709 -0.01501323 0.12637188
v -0.029216709 -0.014987597 0.12637898
v -0.029216709 -0.014966261 0.12639474
v -0.029216709 -0.014953049 0.12641774
v -0.029216709 -0.014949127 0.12644404
v -0.029226709 -0.014949127 0.12644404
v -0.029226709 -0.014953049 0.12641774
v -0.029226709 -0.014966261 0.12639474
v -0.029226709 -0.014987597 0.12637898
v -0.029226709 -0.01501323 0.12637188
v -0.029216709 -0.015167076 0.12687879
v -0.029216709 -0.015153979 0.12686789
v -0.029216709 -0.015142529 0.12685526
v -0.029216709 -0.015131546 0.12684222
v -0.029216709 -0.015120702 0.12682906
v -0.029226709 -0.015120702 0.12682906
v -0.029226709 -0.015131546 0.12684222
v -0.029226709 -0.015142529 0.12685526
v -0.029226709 -0.015153979 0.12686789
v -0.029226709 -0.015167076 0.12687879
v -0.029216709 -0.014477974 0.1273206
v -0.029216709 -0.01451572 0.12731236
v -0.029216709 -0.014546444 0.12728909
v -0.029216709 -0.014563337 0.12725441
v -0.029216709 -0.014567717 0.12721588
v -0.029226709 -0.014567717 0.12721588
v -0.029226709 -0.014563337 0.12725441
v -0.029226709 -0.014546444 0.12728909
v -0.029226709 -0.01451572 0.12731236
v -0.029226709 -0.014477974 0.1273206
v -0.029751709 -0.013976339 0.12797094
v -0.029751709 -0.013976339 0.12825094
v -0.029751696 -0.013976341 0.12825125
v -0.029233236 -0.01406776 0.12815983
v -0.029233236 -0.01406776 0.12538206
v -0.029751696 -0.013976341 0.12529064
v -0.029751709 -0.013976339 0.12529094
v -0.029751709 -0.013976339 0.12557094
v -0.029751709 -0.013976339 0.12607094
v -0.029751709 -0.013976339 0.12747094
v -0.030500182 -0.014076576 0.12815101
v -0.029931722 -0.013976341 0.12825125
v -0.029931709 -0.013976339 0.12825094
v -0.029931712 -0.013976339 0.12797094
v -0.029931712 -0.013976339 0.12747094
v -0.029931712 -0.013976339 0.12607094
v -0.029931712 -0.013976339 0.12557094
v -0.029931709 -0.013976339 0.12529094
v -0.029931722 -0.013976341 0.12529064
v -0.030500182 -0.014076576 0.12539088
v -0.029233236 -0.015584918 0.12815983
v -0.029232028 -0.015582086 0.12816951
v -0.029232028 -0.015574903 0.12817669
v -0.029233236 -0.015565222 0.12817952
v -0.029751696 -0.015656641 0.12827094
v -0.029751083 -0.015666426 0.12826821
v -0.029751083 -0.015673609 0.12826103
v -0.029751696 -0.015676337 0.12825125
v -0.029233236 -0.015565222 0.12817952
v -0.029224766 -0.015565222 0.12817587
v -0.029218836 -0.015565222 0.1281688
v -0.029216709 -0.015565222 0.12815983
v -0.029216709 -0.014087456 0.12815983
v -0.029218836 -0.014087456 0.1281688
v -0.029224766 -0.014087456 0.12817587
v -0.029233236 -0.014087456 0.12817952
v -0.029216709 -0.015565222 0.12538206
v -0.029218836 -0.015565222 0.12537309
v -0.029224766 -0.015565222 0.12536602
v -0.029233236 -0.015565222 0.12536236
v -0.029233236 -0.014087456 0.12536236
v -0.029224766 -0.014087456 0.12536602
v -0.029218836 -0.014087456 0.12537309
v -0.029216709 -0.014087456 0.12538206
v -0.029216709 -0.014949127 0.12644404
v -0.029216709 -0.014950681 0.12646208
v -0.029216709 -0.014955895 0.12647941
v -0.029216709 -0.014964998 0.12649504
v -0.029216709 -0.014977523 0.1265081
v -0.029226709 -0.014977523 0.1265081
v -0.029226709 -0.014964998 0.12649504
v -0.029226709 -0.014955895 0.12647941
v -0.029226709 -0.014950681 0.12646208
v -0.029226709 -0.014949127 0.12644404
v -0.029931712 -0.013976339 0.12747094
v -0.029933822 -0.013966994 0.12747094
v -0.029940034 -0.013959702 0.12747094
v -0.029948925 -0.013956136 0.12747094
v -0.03036176 -0.013898116 0.12747094
v -0.030440809 -0.013866712 0.12747094
v -0.030496612 -0.013802517 0.12747094
v -0.030516709 -0.013719867 0.12747094
v -0.030516709 -0.013326339 0.12747094
v -0.030336709 -0.013326339 0.12747094
v -0.030336709 -0.013702482 0.12747094
v -0.030334476 -0.013711665 0.12747094
v -0.030328276 -0.013718798 0.12747094
v -0.030319492 -0.013722287 0.12747094
v -0.029906658 -0.013780307 0.12747094
v -0.029827609 -0.013811711 0.12747094
v -0.029771806 -0.013875906 0.12747094
v -0.029751709 -0.013958555 0.12747094
v -0.029751709 -0.013976339 0.12747094
v -0.029931709 -0.015656339 0.12827094
v -0.029931709 -0.013996339 0.12827094
v -0.029931722 -0.013996038 0.12827094
v -0.030500182 -0.014096272 0.12817071
v -0.030500182 -0.015556406 0.12817071
v -0.029931722 -0.015656641 0.12827094
v -0.029233236 -0.015584918 0.12538206
v -0.029224766 -0.015581265 0.12538206
v -0.029218836 -0.015574198 0.12538206
v -0.029216709 -0.015565222 0.12538206
v -0.029216709 -0.015565222 0.12815983
v -0.029218836 -0.015574198 0.12815983
v -0.029224766 -0.015581265 0.12815983
v -0.029233236 -0.015584918 0.12815983
v -0.029931712 -0.015676339 0.12702094
v -0.029931709 -0.015676339 0.12825094
v -0.029931722 -0.015676337 0.12825125
v -0.030500182 -0.015576102 0.12815101
v -0.030500182 -0.015576102 0.12539088
v -0.029931722 -0.015676337 0.12529064
v -0.029931709 -0.015676339 0.12529094
v -0.029931712 -0.015676339 0.12652094
v -0.030500182 -0.014096272 0.12537118
v -0.029931722 -0.013996037 0.12527095
v -0.029931709 -0.013996339 0.12527094
v -0.029931709 -0.015656339 0.12527094
v -0.029931722 -0.015656641 0.12527095
v -0.030500182 -0.015556406 0.12537118
v -0.029931712 -0.015676339 0.12652094
v -0.029931709 -0.015676339 0.12529094
v -0.029751709 -0.015676339 0.12529094
v -0.029751709 -0.015676339 0.12652094
v -0.029751709 -0.013976339 0.12557094
v -0.029751709 -0.013976339 0.12529094
v -0.029931709 -0.013976339 0.12529094
v -0.029931712 -0.013976339 0.12557094
v -0.029931712 -0.013976339 0.12747094
v -0.029751709 -0.013976339 0.12747094
v -0.029751709 -0.013976339 0.12607094
v -0.029931712 -0.013976339 0.12607094
v -0.029216709 -0.015565222 0.12815983
v -0.029216709 -0.015565222 0.12538206
v -0.029216709 -0.014087456 0.12538206
v -0.029216709 -0.014087456 0.12815983
v -0.029216709 -0.014977523 0.1265081
v -0.029216709 -0.014964998 0.12649504
v -0.029216709 -0.014955895 0.12647941
v -0.029216709 -0.014950681 0.12646208
v -0.029216709 -0.014949127 0.12644404
v -0.029216709 -0.014953049 0.12641774
v -0.029216709 -0.014966261 0.12639474
v -0.029216709 -0.014987597 0.12637898
v -0.029216709 -0.01501323 0.12637188
v -0.029216709 -0.015016435 0.12640393
v -0.029216709 -0.015009572 0.12640576
v -0.029216709 -0.01500289 0.12640816
v -0.029216709 -0.014996511 0.1264113
v -0.029216709 -0.014990794 0.1264155
v -0.029216709 -0.01498524 0.12642198
v -0.029216709 -0.014981141 0.12642946
v -0.029216709 -0.014978725 0.12643764
v -0.029216709 -0.014977974 0.12644615
v -0.029216709 -0.014978415 0.12645329
v -0.029216709 -0.014979833 0.12646029
v -0.029216709 -0.014982163 0.12646706
v -0.029216709 -0.014985385 0.12647344
v -0.029216709 -0.015002353 0.1264887
v -0.029216709 -0.015023176 0.12649812
v -0.029216709 -0.015045728 0.12650212
v -0.029216709 -0.015068619 0.12650329
v -0.029216709 -0.015054793 0.12649177
v -0.029216709 -0.015044293 0.12647718
v -0.029216709 -0.015037836 0.12646039
v -0.029216709 -0.015035666 0.12644254
v -0.029216709 -0.01504192 0.12641277
v -0.029216709 -0.015060252 0.12638846
v -0.029216709 -0.015086618 0.12637325
v -0.029216709 -0.015116796 0.12636867
v -0.029216709 -0.015148821 0.12637392
v -0.029216709 -0.015177053 0.12638985
v -0.029216709 -0.015196099 0.12641595
v -0.029216709 -0.015202332 0.1264477
v -0.029216709 -0.015192663 0.12648834
v -0.029216709 -0.015163808 0.12651846
v -0.029216709 -0.015124104 0.12653207
v -0.029216709 -0.01508209 0.12653534
v -0.029216709 -0.015054585 0.12653423
v -0.029216709 -0.015027353 0.12653027
v -0.029216709 -0.015001074 0.12652218
v -0.029216709 -0.015120702 0.12682906
v -0.029216709 -0.015131546 0.12684222
v -0.029216709 -0.015142529 0.12685526
v -0.029216709 -0.015153979 0.12686789
v -0.029216709 -0.015167076 0.12687879
v -0.029216709 -0.015167076 0.12675649
v -0.029216709 -0.015199127 0.12675649
v -0.029216709 -0.015199127 0.12691995
v -0.029216709 -0.015193478 0.12691986
v -0.029216709 -0.015187859 0.12691927
v -0.029216709 -0.015182309 0.1269182
v -0.029216709 -0.015176892 0.1269166
v -0.029216709 -0.015155835 0.12690682
v -0.029216709 -0.01513707 0.12689314
v -0.029216709 -0.015120592 0.12687675
v -0.029216709 -0.015105628 0.12685896
v -0.029216709 -0.015087073 0.12683759
v -0.029216709 -0.015067424 0.12681722
v -0.029216709 -0.015045265 0.12679972
v -0.029216709 -0.015018438 0.12679175
v -0.029216709 -0.015001895 0.12679528
v -0.029216709 -0.014988528 0.12680566
v -0.029216709 -0.014980351 0.1268205
v -0.029216709 -0.014977974 0.12683732
v -0.029216709 -0.01498056 0.12685551
v -0.029216709 -0.014989633 0.1268714
v -0.029216709 -0.015004767 0.12688162
v -0.029216709 -0.015022845 0.1268847
v -0.029216709 -0.01501964 0.12691675
v -0.029216709 -0.014990746 0.12690976
v -0.029216709 -0.014966854 0.1268923
v -0.029216709 -0.014952992 0.12686612
v -0.029216709 -0.014949127 0.12683662
v -0.029216709 -0.014953054 0.12680798
v -0.029216709 -0.014966876 0.12678271
v -0.029216709 -0.014989906 0.1267654
v -0.029216709 -0.015018138 0.1267597
v -0.029216709 -0.015049303 0.12676609
v -0.029216709 -0.015076418 0.12678293
v -0.029216709 -0.015099519 0.12680506
v -0.029216709 -0.015074528 0.12706098
v -0.029216709 -0.015122772 0.12706823
v -0.029216709 -0.015165252 0.12709195
v -0.029216709 -0.015192989 0.12713181
v -0.029216709 -0.015202332 0.12717957
v -0.029216709 -0.015193359 0.12722661
v -0.029216709 -0.015166001 0.12726583
v -0.029216709 -0.015124709 0.12729006
v -0.029216709 -0.015077433 0.12729816
v -0.029216709 -0.015028065 0.12729165
v -0.029216709 -0.014984364 0.12726821
v -0.029216709 -0.014955119 0.12722821
v -0.029216709 -0.014945922 0.12717942
v -0.029216709 -0.014955212 0.12713152
v -0.029216709 -0.014983487 0.12709183
v -0.029216709 -0.015026137 0.12706816
v -0.029216709 -0.014489292 0.12625329
v -0.029216709 -0.014520249 0.12625943
v -0.029216709 -0.014545956 0.12627774
v -0.029216709 -0.014562556 0.12630458
v -0.029216709 -0.014567717 0.12633577
v -0.029216709 -0.014563143 0.12636429
v -0.029216709 -0.014548311 0.12638901
v -0.029216709 -0.014525135 0.12640618
v -0.029216709 -0.014497204 0.12641354
v -0.029216709 -0.014493999 0.12638149
v -0.029216709 -0.014511138 0.12637637
v -0.029216709 -0.014526345 0.12636707
v -0.029216709 -0.014536053 0.12635222
v -0.029216709 -0.014538871 0.12633462
v -0.029216709 -0.014535604 0.12631534
v -0.029216709 -0.01452483 0.12629908
v -0.029216709 -0.014508327 0.12628862
v -0.029216709 -0.014489041 0.12628534
v -0.029216709 -0.014470922 0.12628852
v -0.029216709 -0.014455599 0.12629865
v -0.029216709 -0.014445632 0.12631408
v -0.029216709 -0.014442517 0.12633221
v -0.029216709 -0.014442797 0.12633747
v -0.029216709 -0.014443566 0.12634268
v -0.029216709 -0.014444617 0.12634784
v -0.029216709 -0.014445922 0.12635295
v -0.029216709 -0.014417076 0.12634964
v -0.029216709 -0.014417199 0.12634849
v -0.029216709 -0.014417304 0.12634734
v -0.029216709 -0.014417377 0.12634619
v -0.029216709 -0.014417427 0.12634504
v -0.029216709 -0.014415159 0.12632821
v -0.029216709 -0.014408171 0.12631275
v -0.029216709 -0.014395649 0.12630155
v -0.029216709 -0.014379115 0.12629816
v -0.029216709 -0.014364838 0.12630088
v -0.029216709 -0.014353037 0.12630935
v -0.029216709 -0.014345619 0.12632183
v -0.029216709 -0.014343358 0.12633622
v -0.029216709 -0.014345829 0.12635169
v -0.029216709 -0.014353916 0.12636506
v -0.029216709 -0.014366756 0.12637395
v -0.029216709 -0.01438182 0.12637829
v -0.029216709 -0.014378615 0.12641034
v -0.029216709 -0.014353264 0.12640227
v -0.029216709 -0.014332038 0.12638635
v -0.029216709 -0.014318634 0.12636347
v -0.029216709 -0.014314512 0.12633722
v -0.029216709 -0.014318691 0.12631109
v -0.029216709 -0.014331394 0.12628791
v -0.029216709 -0.014352346 0.1262719
v -0.029216709 -0.014378064 0.12626611
v -0.029216709 -0.0143938 0.12626844
v -0.029216709 -0.014408065 0.12627548
v -0.029216709 -0.014419522 0.12628651
v -0.029216709 -0.014427643 0.12630021
v -0.029216709 -0.014435453 0.12628072
v -0.029216709 -0.014449629 0.12626527
v -0.029216709 -0.014468438 0.12625598
v -0.029216709 -0.014343358 0.12671162
v -0.029216709 -0.014564512 0.12671162
v -0.029216709 -0.014564512 0.12674688
v -0.029216709 -0.014343358 0.12674688
v -0.029216709 -0.014343358 0.12682701
v -0.029216709 -0.014314512 0.12682701
v -0.029216709 -0.014314512 0.12663149
v -0.029216709 -0.014343358 0.12663149
v -0.029216709 -0.014493548 0.12712508
v -0.029216709 -0.01452501 0.12713291
v -0.029216709 -0.014549574 0.12715409
v -0.029216709 -0.014563489 0.12718352
v -0.029216709 -0.014567717 0.12721588
v -0.029216709 -0.014563337 0.12725441
v -0.029216709 -0.014546444 0.12728909
v -0.029216709 -0.01451572 0.12731236
v -0.029216709 -0.014477974 0.1273206
v -0.029216709 -0.014477974 0.12728534
v -0.029216709 -0.014502735 0.12727963
v -0.029216709 -0.014523221 0.12726492
v -0.029216709 -0.014535157 0.12724255
v -0.029216709 -0.014538871 0.12721743
v -0.029216709 -0.014536628 0.12719754
v -0.029216709 -0.014528889 0.12717913
v -0.029216709 -0.014514411 0.12716552
v -0.029216709 -0.014495251 0.12716034
v -0.029216709 -0.01448392 0.12716213
v -0.029216709 -0.014473994 0.12716787
v -0.029216709 -0.014466636 0.12717669
v -0.029216709 -0.014461497 0.12718698
v -0.029216709 -0.014454548 0.12720876
v -0.029216709 -0.014448617 0.12723086
v -0.029216709 -0.014442204 0.12725282
v -0.029216709 -0.014433803 0.12727407
v -0.029216709 -0.014424667 0.12728875
v -0.029216709 -0.014412283 0.12730078
v -0.029216709 -0.014396832 0.12730844
v -0.029216709 -0.014379766 0.12731098
v -0.029216709 -0.014349996 0.12730358
v -0.029216709 -0.014327122 0.12728318
v -0.029216709 -0.014314938 0.12725487
v -0.029216709 -0.014311307 0.12722419
v -0.029216709 -0.014315056 0.1271913
v -0.029216709 -0.014328243 0.12716105
v -0.029216709 -0.014353094 0.12713956
v -0.029216709 -0.014385025 0.12713149
v -0.029216709 -0.014385025 0.12716675
v -0.029216709 -0.014365635 0.12717187
v -0.029216709 -0.014350145 0.12718443
v -0.029216709 -0.014342168 0.12720278
v -0.029216709 -0.014340153 0.12722279
v -0.029216709 -0.014341613 0.12724091
v -0.029216709 -0.014347517 0.12725804
v -0.029216709 -0.014360133 0.12727094
v -0.029216709 -0.014377463 0.12727572
v -0.029216709 -0.014383566 0.12727522
v -0.029216709 -0.014389455 0.12727356
v -0.029216709 -0.014394874 0.12727071
v -0.029216709 -0.014399548 0.12726676
v -0.029216709 -0.014410934 0.12724347
v -0.029216709 -0.014417914 0.12721833
v -0.029216709 -0.014424586 0.1271931
v -0.029216709 -0.014433102 0.12716845
v -0.029216709 -0.014442831 0.12715124
v -0.029216709 -0.014456508 0.12713701
v -0.029216709 -0.01447403 0.12712797
v -0.029216709 -0.014439913 0.12685265
v -0.029216709 -0.014488157 0.1268599
v -0.029216709 -0.014530637 0.12688362
v -0.029216709 -0.014558373 0.12692347
v -0.029216709 -0.014567717 0.12697124
v -0.029216709 -0.014558744 0.12701828
v -0.029216709 -0.014531385 0.1270575
v -0.029216709 -0.014490094 0.12708172
v -0.029216709 -0.014442817 0.12708983
v -0.029216709 -0.014393449 0.12708332
v -0.029216709 -0.014349749 0.12705987
v -0.029216709 -0.014320504 0.12701988
v -0.029216709 -0.014311307 0.12697109
v -0.029216709 -0.014320596 0.12692318
v -0.029216709 -0.014348871 0.12688349
v -0.029216709 -0.014391522 0.12685983
v -0.029216709 -0.014486086 0.12652137
v -0.029216709 -0.014496931 0.12653452
v -0.029216709 -0.014507914 0.12654757
v -0.029216709 -0.014519364 0.1265602
v -0.029216709 -0.014532461 0.1265711
v -0.029216709 -0.014532461 0.1264488
v -0.029216709 -0.014564512 0.1264488
v -0.029216709 -0.014564512 0.12661226
v -0.029216709 -0.014558862 0.12661217
v -0.029216709 -0.014553243 0.12661158
v -0.029216709 -0.014547694 0.12661051
v -0.029216709 -0.014542276 0.12660891
v -0.029216709 -0.01452122 0.12659913
v -0.029216709 -0.014502454 0.12658545
v -0.029216709 -0.014485977 0.12656906
v -0.029216709 -0.014471012 0.12655126
v -0.029216709 -0.014452457 0.12652989
v -0.029216709 -0.014432809 0.12650953
v -0.029216709 -0.014410649 0.12649203
v -0.029216709 -0.014383823 0.12648406
v -0.029216709 -0.01436728 0.12648758
v -0.029216709 -0.014353912 0.12649797
v -0.029216709 -0.014345736 0.1265128
v -0.029216709 -0.014343358 0.12652963
v -0.029216709 -0.014345945 0.12654781
v -0.029216709 -0.014355018 0.12656371
v -0.029216709 -0.014370152 0.12657392
v -0.029216709 -0.01438823 0.12657701
v -0.029216709 -0.014385025 0.12660906
v -0.029216709 -0.01435613 0.12660207
v -0.029216709 -0.014332239 0.12658461
v -0.029216709 -0.014318376 0.12655843
v -0.029216709 -0.014314512 0.12652893
v -0.029216709 -0.014318439 0.12650029
v -0.029216709 -0.014332261 0.12647502
v -0.029216709 -0.01435529 0.12645771
v -0.029216709 -0.014383522 0.12645201
v -0.029216709 -0.014414687 0.1264584
v -0.029216709 -0.014441802 0.12647524
v -0.029216709 -0.014464903 0.12649737
v -0.029216709 -0.014977974 0.12740393
v -0.029216709 -0.015199127 0.12740393
v -0.029216709 -0.015199127 0.12743919
v -0.029216709 -0.014977974 0.12743919
v -0.029216709 -0.014977974 0.12751931
v -0.029216709 -0.014949127 0.12751931
v -0.029216709 -0.014949127 0.1273238
v -0.029216709 -0.014977974 0.1273238
v -0.029216709 -0.015096563 0.12694239
v -0.029216709 -0.015125409 0.12694239
v -0.029216709 -0.015125409 0.12703534
v -0.029216709 -0.015096563 0.12703534
v -0.029216709 -0.015123907 0.12656098
v -0.029216709 -0.015154865 0.12656712
v -0.029216709 -0.015180572 0.12658543
v -0.029216709 -0.015197171 0.12661227
v -0.029216709 -0.015202332 0.12664346
v -0.029216709 -0.015197759 0.12667198
v -0.029216709 -0.015182926 0.1266967
v -0.029216709 -0.01515975 0.12671387
v -0.029216709 -0.01513182 0.12672124
v -0.029216709 -0.015128615 0.12668919
v -0.029216709 -0.015145753 0.12668406
v -0.029216709 -0.015160961 0.12667476
v -0.029216709 -0.015170668 0.12665991
v -0.029216709 -0.015173486 0.12664231
v -0.029216709 -0.015170219 0.12662303
v -0.029216709 -0.015159445 0.12660677
v -0.029216709 -0.015142943 0.12659631
v -0.029216709 -0.015123657 0.12659303
v -0.029216709 -0.015105537 0.12659622
v -0.029216709 -0.015090214 0.12660634
v -0.029216709 -0.015080247 0.12662177
v -0.029216709 -0.015077132 0.12663991
v -0.029216709 -0.015077413 0.12664516
v -0.029216709 -0.015078181 0.12665038
v -0.029216709 -0.015079232 0.12665554
v -0.029216709 -0.015080538 0.12666064
v -0.029216709 -0.015051691 0.12665733
v -0.029216709 -0.015051814 0.12665619
v -0.029216709 -0.015051919 0.12665503
v -0.029216709 -0.015051992 0.12665388
v -0.029216709 -0.015052042 0.12665273
v -0.029216709 -0.015049775 0.1266359
v -0.029216709 -0.015042786 0.12662044
v -0.029216709 -0.015030264 0.12660924
v -0.029216709 -0.015013731 0.12660585
v -0.029216709 -0.014999453 0.12660857
v -0.029216709 -0.014987652 0.12661704
v -0.029216709 -0.014980235 0.12662952
v -0.029216709 -0.014977974 0.12664391
v -0.029216709 -0.014980444 0.12665938
v -0.029216709 -0.014988531 0.12667275
v -0.029216709 -0.015001371 0.12668164
v -0.029216709 -0.015016435 0.12668598
v -0.029216709 -0.01501323 0.12671803
v -0.029216709 -0.01498788 0.12670996
v -0.029216709 -0.014966654 0.12669404
v -0.029216709 -0.014953249 0.12667116
v -0.029216709 -0.014949127 0.12664491
v -0.029216709 -0.014953306 0.12661879
v -0.029216709 -0.01496601 0.1265956
v -0.029216709 -0.014986962 0.12657959
v -0.029216709 -0.015012679 0.1265738
v -0.029216709 -0.015028416 0.12657613
v -0.029216709 -0.01504268 0.12658317
v -0.029216709 -0.015054138 0.1265942
v -0.029216709 -0.015062258 0.12660791
v -0.029216709 -0.015070069 0.12658841
v -0.029216709 -0.015084244 0.12657296
v -0.029216709 -0.015103053 0.12656367
v -0.029216709 -0.015199127 0.12615713
v -0.029216709 -0.015122204 0.12618558
v -0.029216709 -0.015122204 0.12629215
v -0.029216709 -0.015199127 0.1263206
v -0.029216709 -0.015199127 0.12635801
v -0.029216709 -0.014949127 0.12625875
v -0.029216709 -0.014949127 0.12621898
v -0.029216709 -0.015189667 0.12612348
v -0.029216709 -0.014949127 0.12602798
v -0.029216709 -0.014949127 0.12598821
v -0.029216709 -0.015199127 0.12588896
v -0.029216709 -0.015199127 0.12592637
v -0.029216709 -0.015122204 0.12595481
v -0.029216709 -0.015122204 0.12606138
v -0.029216709 -0.015199127 0.12608983
v -0.029216709 -0.014977973 0.1260081
v -0.029216709 -0.014989921 0.12601119
v -0.029216709 -0.015001614 0.12601513
v -0.029216709 -0.015013043 0.12601979
v -0.029216709 -0.015024147 0.12602517
v -0.029216709 -0.015093358 0.12605076
v -0.029216709 -0.015093358 0.12596543
v -0.029216709 -0.015027653 0.12598972
v -0.029216709 -0.015015234 0.12599431
v -0.029216709 -0.015002815 0.12599891
v -0.029216709 -0.014990387 0.12600349
v -0.029216709 -0.014977974 0.12623887
v -0.029216709 -0.014989921 0.12624196
v -0.029216709 -0.015001614 0.1262459
v -0.029216709 -0.015013043 0.12625056
v -0.029216709 -0.015024147 0.12625594
v -0.029216709 -0.015093358 0.12628153
v -0.029216709 -0.015093358 0.1261962
v -0.029216709 -0.015027653 0.12622049
v -0.029216709 -0.015015234 0.12622508
v -0.029216709 -0.015002815 0.12622968
v -0.029216709 -0.014990387 0.12623425
v -0.029216709 -0.015093358 0.1261962
v -0.029216709 -0.015093358 0.12628153
v -0.029226709 -0.015093358 0.12628153
v -0.029226709 -0.015093358 0.1261962
v -0.029216709 -0.015093358 0.12596543
v -0.029216709 -0.015093358 0.12605076
v -0.029226709 -0.015093358 0.12605076
v -0.029226709 -0.015093358 0.12596543
v -0.029216709 -0.015027653 0.12622049
v -0.029216709 -0.015093358 0.1261962
v -0.029226709 -0.015093358 0.1261962
v -0.029226709 -0.015027653 0.12622049
v -0.029216709 -0.015027653 0.12598972
v -0.029216709 -0.015093358 0.12596543
v -0.029226709 -0.015093358 0.12596543
v -0.029226709 -0.015027653 0.12598972
v -0.029216709 -0.014977974 0.12623887
v -0.029216709 -0.014990387 0.12623425
v -0.029216709 -0.015002815 0.12622968
v -0.029216709 -0.015015234 0.12622508
v -0.029216709 -0.015027653 0.12622049
v -0.029226709 -0.015027653 0.12622049
v -0.029226709 -0.015015234 0.12622508
v -0.029226709 -0.015002815 0.12622968
v -0.029226709 -0.014990387 0.12623425
v -0.029226709 -0.014977974 0.12623887
v -0.029216709 -0.014977973 0.1260081
v -0.029216709 -0.014990387 0.12600349
v -0.029216709 -0.015002815 0.12599891
v -0.029216709 -0.015015234 0.12599431
v -0.029216709 -0.015027653 0.12598972
v -0.029226709 -0.015027653 0.12598972
v -0.029226709 -0.015015234 0.12599431
v -0.029226709 -0.015002815 0.12599891
v -0.029226709 -0.014990387 0.12600349
v -0.029226709 -0.014977973 0.1260081
v -0.029216709 -0.015199127 0.12592637
v -0.029216709 -0.015199127 0.12588896
v -0.029226709 -0.015199127 0.12588896
v -0.029226709 -0.015199127 0.12592637
v -0.029216709 -0.015024147 0.12625594
v -0.029216709 -0.015013043 0.12625056
v -0.029216709 -0.015001614 0.1262459
v -0.029216709 -0.014989921 0.12624196
v -0.029216709 -0.014977974 0.12623887
v -0.029226709 -0.014977974 0.12623887
v -0.029226709 -0.014989921 0.12624196
v -0.029226709 -0.015001614 0.1262459
v -0.029226709 -0.015013043 0.12625056
v -0.029226709 -0.015024147 0.12625594
v -0.029216709 -0.015024147 0.12602517
v -0.029216709 -0.015013043 0.12601979
v -0.029216709 -0.015001614 0.12601513
v -0.029216709 -0.014989921 0.12601119
v -0.029216709 -0.014977973 0.1260081
v -0.029226709 -0.014977973 0.1260081
v -0.029226709 -0.014989921 0.12601119
v -0.029226709 -0.015001614 0.12601513
v -0.029226709 -0.015013043 0.12601979
v -0.029226709 -0.015024147 0.12602517
v -0.029216709 -0.015122204 0.12595481
v -0.029216709 -0.015199127 0.12592637
v -0.029226709 -0.015199127 0.12592637
v -0.029226709 -0.015122204 0.12595481
v -0.029216709 -0.015199127 0.12588896
v -0.029216709 -0.014949127 0.12598821
v -0.029226709 -0.014949127 0.12598821
v -0.029226709 -0.015199127 0.12588896
v -0.029216709 -0.015093358 0.12628153
v -0.029216709 -0.015024147 0.12625594
v -0.029226709 -0.015024147 0.12625594
v -0.029226709 -0.015093358 0.12628153
v -0.029216709 -0.01501323 0.12671803
v -0.029216709 -0.015016435 0.12668598
v -0.029226709 -0.015016435 0.12668598
v -0.029226709 -0.01501323 0.12671803
v -0.029216709 -0.014949127 0.12664491
v -0.029216709 -0.014953249 0.12667116
v -0.029216709 -0.014966654 0.12669404
v -0.029216709 -0.01498788 0.12670996
v -0.029216709 -0.01501323 0.12671803
v -0.029226709 -0.01501323 0.12671803
v -0.029226709 -0.01498788 0.12670996
v -0.029226709 -0.014966654 0.12669404
v -0.029226709 -0.014953249 0.12667116
v -0.029226709 -0.014949127 0.12664491
v -0.029216709 -0.015093358 0.12605076
v -0.029216709 -0.015024147 0.12602517
v -0.029226709 -0.015024147 0.12602517
v -0.029226709 -0.015093358 0.12605076
v -0.029216709 -0.015122204 0.12606138
v -0.029216709 -0.015122204 0.12595481
v -0.029226709 -0.015122204 0.12595481
v -0.029226709 -0.015122204 0.12606138
v -0.029216709 -0.014949127 0.12598821
v -0.029216709 -0.014949127 0.12602798
v -0.029226709 -0.014949127 0.12602798
v -0.029226709 -0.014949127 0.12598821
v -0.029226709 -0.015199127 0.12615713
v -0.029226709 -0.015199127 0.12608983
v -0.029226709 -0.015122204 0.12606138
v -0.029226709 -0.015122204 0.12595481
v -0.029226709 -0.015199127 0.12592637
v -0.029226709 -0.015199127 0.12588896
v -0.029226709 -0.014949127 0.12598821
v -0.029226709 -0.014949127 0.12602798
v -0.029226709 -0.015189667 0.12612348
v -0.029226709 -0.014949127 0.12621898
v -0.029226709 -0.014949127 0.12625875
v -0.029226709 -0.015199127 0.12635801
v -0.029226709 -0.015199127 0.1263206
v -0.029226709 -0.015122204 0.12629215
v -0.029226709 -0.015122204 0.12618558
v -0.029226709 -0.015093358 0.12628153
v -0.029226709 -0.015024147 0.12625594
v -0.029226709 -0.015013043 0.12625056
v -0.029226709 -0.015001614 0.1262459
v -0.029226709 -0.014989921 0.12624196
v -0.029226709 -0.014977974 0.12623887
v -0.029226709 -0.014990387 0.12623425
v -0.029226709 -0.015002815 0.12622968
v -0.029226709 -0.015015234 0.12622508
v -0.029226709 -0.015027653 0.12622049
v -0.029226709 -0.015093358 0.1261962
v -0.029226709 -0.015093358 0.12605076
v -0.029226709 -0.015024147 0.12602517
v -0.029226709 -0.015013043 0.12601979
v -0.029226709 -0.015001614 0.12601513
v -0.029226709 -0.014989921 0.12601119
v -0.029226709 -0.014977973 0.1260081
v -0.029226709 -0.014990387 0.12600349
v -0.029226709 -0.015002815 0.12599891
v -0.029226709 -0.015015234 0.12599431
v -0.029226709 -0.015027653 0.12598972
v -0.029226709 -0.015093358 0.12596543
v -0.029216709 -0.015016435 0.12668598
v -0.029216709 -0.015001371 0.12668164
v -0.029216709 -0.014988531 0.12667275
v -0.029216709 -0.014980444 0.12665938
v -0.029216709 -0.014977974 0.12664391
v -0.029226709 -0.014977974 0.12664391
v -0.029226709 -0.014980444 0.12665938
v -0.029226709 -0.014988531 0.12667275
v -0.029226709 -0.015001371 0.12668164
v -0.029226709 -0.015016435 0.12668598
v -0.029216709 -0.015012679 0.1265738
v -0.029216709 -0.014986962 0.12657959
v -0.029216709 -0.01496601 0.1265956
v -0.029216709 -0.014953306 0.12661879
v -0.029216709 -0.014949127 0.12664491
v -0.029226709 -0.014949127 0.12664491
v -0.029226709 -0.014953306 0.12661879
v -0.029226709 -0.01496601 0.1265956
v -0.029226709 -0.014986962 0.12657959
v -0.029226709 -0.015012679 0.1265738
v -0.029216709 -0.015199127 0.12608983
v -0.029216709 -0.015122204 0.12606138
v -0.029226709 -0.015122204 0.12606138
v -0.029226709 -0.015199127 0.12608983
v -0.029216709 -0.015199127 0.1263206
v -0.029216709 -0.015122204 0.12629215
v -0.029226709 -0.015122204 0.12629215
v -0.029226709 -0.015199127 0.1263206
v -0.029226709 -0.015189667 0.12612348
v -0.029226709 -0.014949127 0.12602798
v -0.029216709 -0.014949127 0.12602798
v -0.029216709 -0.015189667 0.12612348
v -0.029216709 -0.014977974 0.12664391
v -0.029216709 -0.014980235 0.12662952
v -0.029216709 -0.014987652 0.12661704
v -0.029216709 -0.014999453 0.12660857
v -0.029216709 -0.015013731 0.12660585
v -0.029226709 -0.015013731 0.12660585
v -0.029226709 -0.014999453 0.12660857
v -0.029226709 -0.014987652 0.12661704
v -0.029226709 -0.014980235 0.12662952
v -0.029226709 -0.014977974 0.12664391
v -0.029216709 -0.014343358 0.12652963
v -0.029216709 -0.014345736 0.1265128
v -0.029216709 -0.014353912 0.12649797
v -0.029216709 -0.01436728 0.12648758
v -0.029216709 -0.014383823 0.12648406
v -0.029226709 -0.014383823 0.12648406
v -0.029226709 -0.01436728 0.12648758
v -0.029226709 -0.014353912 0.12649797
v -0.029226709 -0.014345736 0.1265128
v -0.029226709 -0.014343358 0.12652963
v -0.029216709 -0.014439662 0.1268879
v -0.029216709 -0.014403576 0.12689225
v -0.029216709 -0.014370781 0.12690762
v -0.029216709 -0.014347949 0.1269356
v -0.029216709 -0.014340153 0.12697089
v -0.029216709 -0.014348084 0.12700737
v -0.029216709 -0.014371386 0.12703652
v -0.029216709 -0.014405808 0.12705107
v -0.029216709 -0.014443218 0.12705457
v -0.029216709 -0.014478446 0.12705006
v -0.029216709 -0.014509887 0.12703384
v -0.029216709 -0.014531633 0.12700599
v -0.029216709 -0.014538871 0.12697139
v -0.029216709 -0.014531378 0.12693592
v -0.029216709 -0.014508613 0.12690773
v -0.029216709 -0.014475874 0.12689207
v -0.029216709 -0.01438823 0.12657701
v -0.029216709 -0.014370152 0.12657392
v -0.029216709 -0.014355018 0.12656371
v -0.029216709 -0.014345945 0.12654781
v -0.029216709 -0.014343358 0.12652963
v -0.029226709 -0.014343358 0.12652963
v -0.029226709 -0.014345945 0.12654781
v -0.029226709 -0.014355018 0.12656371
v -0.029226709 -0.014370152 0.12657392
v -0.029226709 -0.01438823 0.12657701
v -0.029216709 -0.015062258 0.12660791
v -0.029216709 -0.015054138 0.1265942
v -0.029216709 -0.01504268 0.12658317
v -0.029216709 -0.015028416 0.12657613
v -0.029216709 -0.015012679 0.1265738
v -0.029226709 -0.015012679 0.1265738
v -0.029226709 -0.015028416 0.12657613
v -0.029226709 -0.01504268 0.12658317
v -0.029226709 -0.015054138 0.1265942
v -0.029226709 -0.015062258 0.12660791
v -0.029216709 -0.015122204 0.12629215
v -0.029216709 -0.015122204 0.12618558
v -0.029226709 -0.015122204 0.12618558
v -0.029226709 -0.015122204 0.12629215
v -0.029216709 -0.015199127 0.12615713
v -0.029216709 -0.015199127 0.12608983
v -0.029226709 -0.015199127 0.12608983
v -0.029226709 -0.015199127 0.12615713
v -0.029216709 -0.015013731 0.12660585
v -0.029216709 -0.015030264 0.12660924
v -0.029216709 -0.015042786 0.12662044
v -0.029216709 -0.015049775 0.1266359
v -0.029216709 -0.015052042 0.12665273
v -0.029226709 -0.015052042 0.12665273
v -0.029226709 -0.015049775 0.1266359
v -0.029226709 -0.015042786 0.12662044
v -0.029226709 -0.015030264 0.12660924
v -0.029226709 -0.015013731 0.12660585
v -0.029216709 -0.014379115 0.12629816
v -0.029216709 -0.014395649 0.12630155
v -0.029216709 -0.014408171 0.12631275
v -0.029216709 -0.014415159 0.12632821
v -0.029216709 -0.014417427 0.12634504
v -0.029226709 -0.014417427 0.12634504
v -0.029226709 -0.014415159 0.12632821
v -0.029226709 -0.014408171 0.12631275
v -0.029226709 -0.014395649 0.12630155
v -0.029226709 -0.014379115 0.12629816
v -0.029216709 -0.014417427 0.12634504
v -0.029216709 -0.014417377 0.12634619
v -0.029216709 -0.014417304 0.12634734
v -0.029216709 -0.014417199 0.12634849
v -0.029216709 -0.014417076 0.12634964
v -0.029226709 -0.014417076 0.12634964
v -0.029226709 -0.014417199 0.12634849
v -0.029226709 -0.014417304 0.12634734
v -0.029226709 -0.014417377 0.12634619
v -0.029226709 -0.014417427 0.12634504
v -0.029216709 -0.014383823 0.12648406
v -0.029216709 -0.014410649 0.12649203
v -0.029216709 -0.014432809 0.12650953
v -0.029216709 -0.014452457 0.12652989
v -0.029216709 -0.014471012 0.12655126
v -0.029226709 -0.014471012 0.12655126
v -0.029226709 -0.014452457 0.12652989
v -0.029226709 -0.014432809 0.12650953
v -0.029226709 -0.014410649 0.12649203
v -0.029226709 -0.014383823 0.12648406
v -0.029216709 -0.014538871 0.12697139
v -0.029216709 -0.014531633 0.12700599
v -0.029216709 -0.014509887 0.12703384
v -0.029216709 -0.014478446 0.12705006
v -0.029216709 -0.014443218 0.12705457
v -0.029226709 -0.014443218 0.12705457
v -0.029226709 -0.014478446 0.12705006
v -0.029226709 -0.014509887 0.12703384
v -0.029226709 -0.014531633 0.12700599
v -0.029226709 -0.014538871 0.12697139
v -0.029216709 -0.014385025 0.12660906
v -0.029216709 -0.01438823 0.12657701
v -0.029226709 -0.01438823 0.12657701
v -0.029226709 -0.014385025 0.12660906
v -0.029216709 -0.015123907 0.12656098
v -0.029216709 -0.015103053 0.12656367
v -0.029216709 -0.015084244 0.12657296
v -0.029216709 -0.015070069 0.12658841
v -0.029216709 -0.015062258 0.12660791
v -0.029226709 -0.015062258 0.12660791
v -0.029226709 -0.015070069 0.12658841
v -0.029226709 -0.015084244 0.12657296
v -0.029226709 -0.015103053 0.12656367
v -0.029226709 -0.015123907 0.12656098
v -0.029216709 -0.015122204 0.12618558
v -0.029216709 -0.015199127 0.12615713
v -0.029226709 -0.015199127 0.12615713
v -0.029226709 -0.015122204 0.12618558
v -0.029216709 -0.014949127 0.12621898
v -0.029216709 -0.014949127 0.12625875
v -0.029226709 -0.014949127 0.12625875
v -0.029226709 -0.014949127 0.12621898
v -0.029226709 -0.01513182 0.12672124
v -0.029226709 -0.01515975 0.12671387
v -0.029226709 -0.015182926 0.1266967
v -0.029226709 -0.015197759 0.12667198
v -0.029226709 -0.015202332 0.12664346
v -0.029226709 -0.015197171 0.12661227
v -0.029226709 -0.015180572 0.12658543
v -0.029226709 -0.015154865 0.12656712
v -0.029226709 -0.015123907 0.12656098
v -0.029226709 -0.015103053 0.12656367
v -0.029226709 -0.015084244 0.12657296
v -0.029226709 -0.015070069 0.12658841
v -0.029226709 -0.015062258 0.12660791
v -0.029226709 -0.015054138 0.1265942
v -0.029226709 -0.01504268 0.12658317
v -0.029226709 -0.015028416 0.12657613
v -0.029226709 -0.015012679 0.1265738
v -0.029226709 -0.014986962 0.12657959
v -0.029226709 -0.01496601 0.1265956
v -0.029226709 -0.014953306 0.12661879
v -0.029226709 -0.014949127 0.12664491
v -0.029226709 -0.014953249 0.12667116
v -0.029226709 -0.014966654 0.12669404
v -0.029226709 -0.01498788 0.12670996
v -0.029226709 -0.01501323 0.12671803
v -0.029226709 -0.015016435 0.12668598
v -0.029226709 -0.015001371 0.12668164
v -0.029226709 -0.014988531 0.12667275
v -0.029226709 -0.014980444 0.12665938
v -0.029226709 -0.014977974 0.12664391
v -0.029226709 -0.014980235 0.12662952
v -0.029226709 -0.014987652 0.12661704
v -0.029226709 -0.014999453 0.12660857
v -0.029226709 -0.015013731 0.12660585
v -0.029226709 -0.015030264 0.12660924
v -0.029226709 -0.015042786 0.12662044
v -0.029226709 -0.015049775 0.1266359
v -0.029226709 -0.015052042 0.12665273
v -0.029226709 -0.015051992 0.12665388
v -0.029226709 -0.015051919 0.12665503
v -0.029226709 -0.015051814 0.12665619
v -0.029226709 -0.015051691 0.12665733
v -0.029226709 -0.015080538 0.12666064
v -0.029226709 -0.015079232 0.12665554
v -0.029226709 -0.015078181 0.12665038
v -0.029226709 -0.015077413 0.12664516
v -0.029226709 -0.015077132 0.12663991
v -0.029226709 -0.015080247 0.12662177
v -0.029226709 -0.015090214 0.12660634
v -0.029226709 -0.015105537 0.12659622
v -0.029226709 -0.015123657 0.12659303
v -0.029226709 -0.015142943 0.12659631
v -0.029226709 -0.015159445 0.12660677
v -0.029226709 -0.015170219 0.12662303
v -0.029226709 -0.015173486 0.12664231
v -0.029226709 -0.015170668 0.12665991
v -0.029226709 -0.015160961 0.12667476
v -0.029226709 -0.015145753 0.12668406
v -0.029226709 -0.015128615 0.12668919
v -0.029216709 -0.015052042 0.12665273
v -0.029216709 -0.015051992 0.12665388
v -0.029216709 -0.015051919 0.12665503
v -0.029216709 -0.015051814 0.12665619
v -0.029216709 -0.015051691 0.12665733
v -0.029226709 -0.015051691 0.12665733
v -0.029226709 -0.015051814 0.12665619
v -0.029226709 -0.015051919 0.12665503
v -0.029226709 -0.015051992 0.12665388
v -0.029226709 -0.015052042 0.12665273
v -0.029216709 -0.015096563 0.12703534
v -0.029216709 -0.015125409 0.12703534
v -0.029226709 -0.015125409 0.12703534
v -0.029226709 -0.015096563 0.12703534
v -0.029216709 -0.014343358 0.12633622
v -0.029216709 -0.014345619 0.12632183
v -0.029216709 -0.014353037 0.12630935
v -0.029216709 -0.014364838 0.12630088
v -0.029216709 -0.014379115 0.12629816
v -0.029226709 -0.014379115 0.12629816
v -0.029226709 -0.014364838 0.12630088
v -0.029226709 -0.014353037 0.12630935
v -0.029226709 -0.014345619 0.12632183
v -0.029226709 -0.014343358 0.12633622
v -0.029216709 -0.014417076 0.12634964
v -0.029216709 -0.014445922 0.12635295
v -0.029226709 -0.014445922 0.12635295
v -0.029226709 -0.014417076 0.12634964
v -0.029216709 -0.014471012 0.12655126
v -0.029216709 -0.014485977 0.12656906
v -0.029216709 -0.014502454 0.12658545
v -0.029216709 -0.01452122 0.12659913
v -0.029216709 -0.014542276 0.12660891
v -0.029226709 -0.014542276 0.12660891
v -0.029226709 -0.01452122 0.12659913
v -0.029226709 -0.014502454 0.12658545
v -0.029226709 -0.014485977 0.12656906
v -0.029226709 -0.014471012 0.12655126
v -0.029216709 -0.014340153 0.12722279
v -0.029216709 -0.014342168 0.12720278
v -0.029216709 -0.014350145 0.12718443
v -0.029216709 -0.014365635 0.12717187
v -0.029216709 -0.014385025 0.12716675
v -0.029226709 -0.014385025 0.12716675
v -0.029226709 -0.014365635 0.12717187
v -0.029226709 -0.014350145 0.12718443
v -0.029226709 -0.014342168 0.12720278
v -0.029226709 -0.014340153 0.12722279
v -0.029216709 -0.014439662 0.1268879
v -0.029216709 -0.014475874 0.12689207
v -0.029216709 -0.014508613 0.12690773
v -0.029216709 -0.014531378 0.12693592
v -0.029216709 -0.014538871 0.12697139
v -0.029226709 -0.014538871 0.12697139
v -0.029226709 -0.014531378 0.12693592
v -0.029226709 -0.014508613 0.12690773
v -0.029226709 -0.014475874 0.12689207
v -0.029226709 -0.014439662 0.1268879
v -0.029216709 -0.014314512 0.12652893
v -0.029216709 -0.014318376 0.12655843
v -0.029216709 -0.014332239 0.12658461
v -0.029216709 -0.01435613 0.12660207
v -0.029216709 -0.014385025 0.12660906
v -0.029226709 -0.014385025 0.12660906
v -0.029226709 -0.01435613 0.12660207
v -0.029226709 -0.014332239 0.12658461
v -0.029226709 -0.014318376 0.12655843
v -0.029226709 -0.014314512 0.12652893
v -0.029216709 -0.014977974 0.1273238
v -0.029216709 -0.014949127 0.1273238
v -0.029226709 -0.014949127 0.1273238
v -0.029226709 -0.014977974 0.1273238
v -0.029226709 -0.015125409 0.12703534
v -0.029226709 -0.015125409 0.12694239
v -0.029226709 -0.015096563 0.12694239
v -0.029226709 -0.015096563 0.12703534
v -0.029216709 -0.015096563 0.12694239
v -0.029216709 -0.015096563 0.12703534
v -0.029226709 -0.015096563 0.12703534
v -0.029226709 -0.015096563 0.12694239
v -0.029216709 -0.014385025 0.12716675
v -0.029216709 -0.014385025 0.12713149
v -0.029226709 -0.014385025 0.12713149
v -0.029226709 -0.014385025 0.12716675
v -0.029216709 -0.014949127 0.12625875
v -0.029216709 -0.015199127 0.12635801
v -0.029226709 -0.015199127 0.12635801
v -0.029226709 -0.014949127 0.12625875
v -0.029216709 -0.015202332 0.12664346
v -0.029216709 -0.015197171 0.12661227
v -0.029216709 -0.015180572 0.12658543
v -0.029216709 -0.015154865 0.12656712
v -0.029216709 -0.015123907 0.12656098
v -0.029226709 -0.015123907 0.12656098
v -0.029226709 -0.015154865 0.12656712
v -0.029226709 -0.015180572 0.12658543
v -0.029226709 -0.015197171 0.12661227
v -0.029226709 -0.015202332 0.12664346
v -0.029216709 -0.015051691 0.12665733
v -0.029216709 -0.015080538 0.12666064
v -0.029226709 -0.015080538 0.12666064
v -0.029226709 -0.015051691 0.12665733
v -0.029216709 -0.015125409 0.12703534
v -0.029216709 -0.015125409 0.12694239
v -0.029226709 -0.015125409 0.12694239
v -0.029226709 -0.015125409 0.12703534
v -0.029216709 -0.014949127 0.1273238
v -0.029216709 -0.014949127 0.12751931
v -0.029226709 -0.014949127 0.12751931
v -0.029226709 -0.014949127 0.1273238
v -0.029216709 -0.01438182 0.12637829
v -0.029216709 -0.014366756 0.12637395
v -0.029216709 -0.014353916 0.12636506
v -0.029216709 -0.014345829 0.12635169
v -0.029216709 -0.014343358 0.12633622
v -0.029226709 -0.014343358 0.12633622
v -0.029226709 -0.014345829 0.12635169
v -0.029226709 -0.014353916 0.12636506
v -0.029226709 -0.014366756 0.12637395
v -0.029226709 -0.01438182 0.12637829
v -0.029216709 -0.014445922 0.12635295
v -0.029216709 -0.014444617 0.12634784
v -0.029216709 -0.014443566 0.12634268
v -0.029216709 -0.014442797 0.12633747
v -0.029216709 -0.014442517 0.12633221
v -0.029226709 -0.014442517 0.12633221
v -0.029226709 -0.014442797 0.12633747
v -0.029226709 -0.014443566 0.12634268
v -0.029226709 -0.014444617 0.12634784
v -0.029226709 -0.014445922 0.12635295
v -0.029216709 -0.014542276 0.12660891
v -0.029216709 -0.014547694 0.12661051
v -0.029216709 -0.014553243 0.12661158
v -0.029216709 -0.014558862 0.12661217
v -0.029216709 -0.014564512 0.12661226
v -0.029226709 -0.014564512 0.12661226
v -0.029226709 -0.014558862 0.12661217
v -0.029226709 -0.014553243 0.12661158
v -0.029226709 -0.014547694 0.12661051
v -0.029226709 -0.014542276 0.12660891
v -0.029216709 -0.014377463 0.12727572
v -0.029216709 -0.014360133 0.12727094
v -0.029216709 -0.014347517 0.12725804
v -0.029216709 -0.014341613 0.12724091
v -0.029216709 -0.014340153 0.12722279
v -0.029226709 -0.014340153 0.12722279
v -0.029226709 -0.014341613 0.12724091
v -0.029226709 -0.014347517 0.12725804
v -0.029226709 -0.014360133 0.12727094
v -0.029226709 -0.014377463 0.12727572
v -0.029216709 -0.014340153 0.12697089
v -0.029216709 -0.014347949 0.1269356
v -0.029216709 -0.014370781 0.12690762
v -0.029216709 -0.014403576 0.12689225
v -0.029216709 -0.014439662 0.1268879
v -0.029226709 -0.014439662 0.1268879
v -0.029226709 -0.014403576 0.12689225
v -0.029226709 -0.014370781 0.12690762
v -0.029226709 -0.014347949 0.1269356
v -0.029226709 -0.014340153 0.12697089
v -0.029216709 -0.014383522 0.12645201
v -0.029216709 -0.01435529 0.12645771
v -0.029216709 -0.014332261 0.12647502
v -0.029216709 -0.014318439 0.12650029
v -0.029216709 -0.014314512 0.12652893
v -0.029226709 -0.014314512 0.12652893
v -0.029226709 -0.014318439 0.12650029
v -0.029226709 -0.014332261 0.12647502
v -0.029226709 -0.01435529 0.12645771
v -0.029226709 -0.014383522 0.12645201
v -0.029226709 -0.015199127 0.12743919
v -0.029226709 -0.015199127 0.12740393
v -0.029226709 -0.014977974 0.12740393
v -0.029226709 -0.014977974 0.1273238
v -0.029226709 -0.014949127 0.1273238
v -0.029226709 -0.014949127 0.12751931
v -0.029226709 -0.014977974 0.12751931
v -0.029226709 -0.014977974 0.12743919
v -0.029216709 -0.014977974 0.12740393
v -0.029216709 -0.014977974 0.1273238
v -0.029226709 -0.014977974 0.1273238
v -0.029226709 -0.014977974 0.12740393
v -0.029216709 -0.015125409 0.12694239
v -0.029216709 -0.015096563 0.12694239
v -0.029226709 -0.015096563 0.12694239
v -0.029226709 -0.015125409 0.12694239
v -0.029216709 -0.014385025 0.12713149
v -0.029216709 -0.014353094 0.12713956
v -0.029216709 -0.014328243 0.12716105
v -0.029216709 -0.014315056 0.1271913
v -0.029216709 -0.014311307 0.12722419
v -0.029226709 -0.014311307 0.12722419
v -0.029226709 -0.014315056 0.1271913
v -0.029226709 -0.014328243 0.12716105
v -0.029226709 -0.014353094 0.12713956
v -0.029226709 -0.014385025 0.12713149
v -0.029216709 -0.015199127 0.12635801
v -0.029216709 -0.015199127 0.1263206
v -0.029226709 -0.015199127 0.1263206
v -0.029226709 -0.015199127 0.12635801
v -0.029216709 -0.015080538 0.12666064
v -0.029216709 -0.015079232 0.12665554
v -0.029216709 -0.015078181 0.12665038
v -0.029216709 -0.015077413 0.12664516
v -0.029216709 -0.015077132 0.12663991
v -0.029226709 -0.015077132 0.12663991
v -0.029226709 -0.015077413 0.12664516
v -0.029226709 -0.015078181 0.12665038
v -0.029226709 -0.015079232 0.12665554
v -0.029226709 -0.015080538 0.12666064
v -0.029216709 -0.015074278 0.12709624
v -0.029216709 -0.015038192 0.12710058
v -0.029216709 -0.015005396 0.12711595
v -0.029216709 -0.014982565 0.12714393
v -0.029216709 -0.014974768 0.12717922
v -0.029216709 -0.014982699 0.1272157
v -0.029216709 -0.015006002 0.12724485
v -0.029216709 -0.015040424 0.12725941
v -0.029216709 -0.015077833 0.1272629
v -0.029216709 -0.015113062 0.12725839
v -0.029216709 -0.015144502 0.12724217
v -0.029216709 -0.015166248 0.12721432
v -0.029216709 -0.015173486 0.12717972
v -0.029216709 -0.015165993 0.12714425
v -0.029216709 -0.015143228 0.12711607
v -0.029216709 -0.015110489 0.1271004
v -0.029216709 -0.014949127 0.12751931
v -0.029216709 -0.014977974 0.12751931
v -0.029226709 -0.014977974 0.12751931
v -0.029226709 -0.014949127 0.12751931
v -0.029216709 -0.014378615 0.12641034
v -0.029216709 -0.01438182 0.12637829
v -0.029226709 -0.01438182 0.12637829
v -0.029226709 -0.014378615 0.12641034
v -0.029216709 -0.014442517 0.12633221
v -0.029216709 -0.014445632 0.12631408
v -0.029216709 -0.014455599 0.12629865
v -0.029216709 -0.014470922 0.12628852
v -0.029216709 -0.014489041 0.12628534
v -0.029226709 -0.014489041 0.12628534
v -0.029226709 -0.014470922 0.12628852
v -0.029226709 -0.014455599 0.12629865
v -0.029226709 -0.014445632 0.12631408
v -0.029226709 -0.014442517 0.12633221
v -0.029216709 -0.014564512 0.12661226
v -0.029216709 -0.014564512 0.1264488
v -0.029226709 -0.014564512 0.1264488
v -0.029226709 -0.014564512 0.12661226
v -0.029216709 -0.014314512 0.12682701
v -0.029216709 -0.014343358 0.12682701
v -0.029226709 -0.014343358 0.12682701
v -0.029226709 -0.014314512 0.12682701
v -0.029216709 -0.014399548 0.12726676
v -0.029216709 -0.014394874 0.12727071
v -0.029216709 -0.014389455 0.12727356
v -0.029216709 -0.014383566 0.12727522
v -0.029216709 -0.014377463 0.12727572
v -0.029226709 -0.014377463 0.12727572
v -0.029226709 -0.014383566 0.12727522
v -0.029226709 -0.014389455 0.12727356
v -0.029226709 -0.014394874 0.12727071
v -0.029226709 -0.014399548 0.12726676
v -0.029216709 -0.014443218 0.12705457
v -0.029216709 -0.014405808 0.12705107
v -0.029216709 -0.014371386 0.12703652
v -0.029216709 -0.014348084 0.12700737
v -0.029216709 -0.014340153 0.12697089
v -0.029226709 -0.014340153 0.12697089
v -0.029226709 -0.014348084 0.12700737
v -0.029226709 -0.014371386 0.12703652
v -0.029226709 -0.014405808 0.12705107
v -0.029226709 -0.014443218 0.12705457
v -0.029216709 -0.014311307 0.12697109
v -0.029216709 -0.014320504 0.12701988
v -0.029216709 -0.014349749 0.12705987
v -0.029216709 -0.014393449 0.12708332
v -0.029216709 -0.014442817 0.12708983
v -0.029226709 -0.014442817 0.12708983
v -0.029226709 -0.014393449 0.12708332
v -0.029226709 -0.014349749 0.12705987
v -0.029226709 -0.014320504 0.12701988
v -0.029226709 -0.014311307 0.12697109
v -0.029226709 -0.014532461 0.1264488
v -0.029226709 -0.014532461 0.1265711
v -0.029226709 -0.014519364 0.1265602
v -0.029226709 -0.014507914 0.12654757
v -0.029226709 -0.014496931 0.12653452
v -0.029226709 -0.014486086 0.12652137
v -0.029226709 -0.014464903 0.12649737
v -0.029226709 -0.014441802 0.12647524
v -0.029226709 -0.014414687 0.1264584
v -0.029226709 -0.014383522 0.12645201
v -0.029226709 -0.01435529 0.12645771
v -0.029226709 -0.014332261 0.12647502
v -0.029226709 -0.014318439 0.12650029
v -0.029226709 -0.014314512 0.12652893
v -0.029226709 -0.014318376 0.12655843
v -0.029226709 -0.014332239 0.12658461
v -0.029226709 -0.01435613 0.12660207
v -0.029226709 -0.014385025 0.12660906
v -0.029226709 -0.01438823 0.12657701
v -0.029226709 -0.014370152 0.12657392
v -0.029226709 -0.014355018 0.12656371
v -0.029226709 -0.014345945 0.12654781
v -0.029226709 -0.014343358 0.12652963
v -0.029226709 -0.014345736 0.1265128
v -0.029226709 -0.014353912 0.12649797
v -0.029226709 -0.01436728 0.12648758
v -0.029226709 -0.014383823 0.12648406
v -0.029226709 -0.014410649 0.12649203
v -0.029226709 -0.014432809 0.12650953
v -0.029226709 -0.014452457 0.12652989
v -0.029226709 -0.014471012 0.12655126
v -0.029226709 -0.014485977 0.12656906
v -0.029226709 -0.014502454 0.12658545
v -0.029226709 -0.01452122 0.12659913
v -0.029226709 -0.014542276 0.12660891
v -0.029226709 -0.014547694 0.12661051
v -0.029226709 -0.014553243 0.12661158
v -0.029226709 -0.014558862 0.12661217
v -0.029226709 -0.014564512 0.12661226
v -0.029226709 -0.014564512 0.1264488
v -0.029216709 -0.014486086 0.12652137
v -0.029216709 -0.014464903 0.12649737
v -0.029216709 -0.014441802 0.12647524
v -0.029216709 -0.014414687 0.1264584
v -0.029216709 -0.014383522 0.12645201
v -0.029226709 -0.014383522 0.12645201
v -0.029226709 -0.014414687 0.1264584
v -0.029226709 -0.014441802 0.12647524
v -0.029226709 -0.014464903 0.12649737
v -0.029226709 -0.014486086 0.12652137
v -0.029216709 -0.015199127 0.12740393
v -0.029216709 -0.014977974 0.12740393
v -0.029226709 -0.014977974 0.12740393
v -0.029226709 -0.015199127 0.12740393
v -0.029216709 -0.014311307 0.12722419
v -0.029216709 -0.014314938 0.12725487
v -0.029216709 -0.014327122 0.12728318
v -0.029216709 -0.014349996 0.12730358
v -0.029216709 -0.014379766 0.12731098
v -0.029226709 -0.014379766 0.12731098
v -0.029226709 -0.014349996 0.12730358
v -0.029226709 -0.014327122 0.12728318
v -0.029226709 -0.014314938 0.12725487
v -0.029226709 -0.014311307 0.12722419
v -0.030336709 -0.016326339 0.12702094
v -0.030336709 -0.016326339 0.12652094
v -0.030336709 -0.015950196 0.12652094
v -0.030336709 -0.015950196 0.12702094
v -0.030336709 -0.013326339 0.12607094
v -0.030336709 -0.013326339 0.12557094
v -0.030516709 -0.013326339 0.12557094
v -0.030516709 -0.013326339 0.12607094
v -0.030319492 -0.015930391 0.12702094
v -0.030328276 -0.01593388 0.12702094
v -0.030334476 -0.015941013 0.12702094
v -0.030336709 -0.015950196 0.12702094
v -0.030336709 -0.015950196 0.12652094
v -0.030334476 -0.015941013 0.12652094
v -0.030328276 -0.01593388 0.12652094
v -0.030319492 -0.015930391 0.12652094
v -0.029226709 -0.015189667 0.12612348
v -0.029216709 -0.015189667 0.12612348
v -0.029216709 -0.014949127 0.12621898
v -0.029226709 -0.014949127 0.12621898
v -0.029216709 -0.015077132 0.12663991
v -0.029216709 -0.015080247 0.12662177
v -0.029216709 -0.015090214 0.12660634
v -0.029216709 -0.015105537 0.12659622
v -0.029216709 -0.015123657 0.12659303
v -0.029226709 -0.015123657 0.12659303
v -0.029226709 -0.015105537 0.12659622
v -0.029226709 -0.015090214 0.12660634
v -0.029226709 -0.015080247 0.12662177
v -0.029226709 -0.015077132 0.12663991
v -0.029216709 -0.014977974 0.12683732
v -0.029216709 -0.014980351 0.1268205
v -0.029216709 -0.014988528 0.12680566
v -0.029216709 -0.015001895 0.12679528
v -0.029216709 -0.015018438 0.12679175
v -0.029226709 -0.015018438 0.12679175
v -0.029226709 -0.015001895 0.12679528
v -0.029226709 -0.014988528 0.12680566
v -0.029226709 -0.014980351 0.1268205
v -0.029226709 -0.014977974 0.12683732
v -0.029216709 -0.015018438 0.12679175
v -0.029216709 -0.015045265 0.12679972
v -0.029216709 -0.015067424 0.12681722
v -0.029216709 -0.015087073 0.12683759
v -0.029216709 -0.015105628 0.12685896
v -0.029226709 -0.015105628 0.12685896
v -0.029226709 -0.015087073 0.12683759
v -0.029226709 -0.015067424 0.12681722
v -0.029226709 -0.015045265 0.12679972
v -0.029226709 -0.015018438 0.12679175
v -0.029216709 -0.015173486 0.12717972
v -0.029216709 -0.015166248 0.12721432
v -0.029216709 -0.015144502 0.12724217
v -0.029216709 -0.015113062 0.12725839
v -0.029216709 -0.015077833 0.1272629
v -0.029226709 -0.015077833 0.1272629
v -0.029226709 -0.015113062 0.12725839
v -0.029226709 -0.015144502 0.12724217
v -0.029226709 -0.015166248 0.12721432
v -0.029226709 -0.015173486 0.12717972
v -0.029216709 -0.014977974 0.12751931
v -0.029216709 -0.014977974 0.12743919
v -0.029226709 -0.014977974 0.12743919
v -0.029226709 -0.014977974 0.12751931
v -0.029216709 -0.014314512 0.12633722
v -0.029216709 -0.014318634 0.12636347
v -0.029216709 -0.014332038 0.12638635
v -0.029216709 -0.014353264 0.12640227
v -0.029216709 -0.014378615 0.12641034
v -0.029226709 -0.014378615 0.12641034
v -0.029226709 -0.014353264 0.12640227
v -0.029226709 -0.014332038 0.12638635
v -0.029226709 -0.014318634 0.12636347
v -0.029226709 -0.014314512 0.12633722
v -0.029216709 -0.014489041 0.12628534
v -0.029216709 -0.014508327 0.12628862
v -0.029216709 -0.01452483 0.12629908
v -0.029216709 -0.014535604 0.12631534
v -0.029216709 -0.014538871 0.12633462
v -0.029226709 -0.014538871 0.12633462
v -0.029226709 -0.014535604 0.12631534
v -0.029226709 -0.01452483 0.12629908
v -0.029226709 -0.014508327 0.12628862
v -0.029226709 -0.014489041 0.12628534
v -0.029216709 -0.014564512 0.1264488
v -0.029216709 -0.014532461 0.1264488
v -0.029226709 -0.014532461 0.1264488
v -0.029226709 -0.014564512 0.1264488
v -0.029216709 -0.014314512 0.12663149
v -0.029216709 -0.014314512 0.12682701
v -0.029226709 -0.014314512 0.12682701
v -0.029226709 -0.014314512 0.12663149
v -0.029216709 -0.014343358 0.12682701
v -0.029216709 -0.014343358 0.12674688
v -0.029226709 -0.014343358 0.12674688
v -0.029226709 -0.014343358 0.12682701
v -0.029216709 -0.014433102 0.12716845
v -0.029216709 -0.014424586 0.1271931
v -0.029216709 -0.014417914 0.12721833
v -0.029216709 -0.014410934 0.12724347
v -0.029216709 -0.014399548 0.12726676
v -0.029226709 -0.014399548 0.12726676
v -0.029226709 -0.014410934 0.12724347
v -0.029226709 -0.014417914 0.12721833
v -0.029226709 -0.014424586 0.1271931
v -0.029226709 -0.014433102 0.12716845
v -0.029226709 -0.014442817 0.12708983
v -0.029226709 -0.014490094 0.12708172
v -0.029226709 -0.014531385 0.1270575
v -0.029226709 -0.014558744 0.12701828
v -0.029226709 -0.014567717 0.12697124
v -0.029226709 -0.014558373 0.12692347
v -0.029226709 -0.014530637 0.12688362
v -0.029226709 -0.014488157 0.1268599
v -0.029226709 -0.014439913 0.12685265
v -0.029226709 -0.014391522 0.12685983
v -0.029226709 -0.014348871 0.12688349
v -0.029226709 -0.014320596 0.12692318
v -0.029226709 -0.014311307 0.12697109
v -0.029226709 -0.014320504 0.12701988
v -0.029226709 -0.014349749 0.12705987
v -0.029226709 -0.014393449 0.12708332
v -0.029226709 -0.014340153 0.12697089
v -0.029226709 -0.014347949 0.1269356
v -0.029226709 -0.014370781 0.12690762
v -0.029226709 -0.014403576 0.12689225
v -0.029226709 -0.014439662 0.1268879
v -0.029226709 -0.014475874 0.12689207
v -0.029226709 -0.014508613 0.12690773
v -0.029226709 -0.014531378 0.12693592
v -0.029226709 -0.014538871 0.12697139
v -0.029226709 -0.014531633 0.12700599
v -0.029226709 -0.014509887 0.12703384
v -0.029226709 -0.014478446 0.12705006
v -0.029226709 -0.014443218 0.12705457
v -0.029226709 -0.014405808 0.12705107
v -0.029226709 -0.014371386 0.12703652
v -0.029226709 -0.014348084 0.12700737
v -0.029216709 -0.014439913 0.12685265
v -0.029216709 -0.014391522 0.12685983
v -0.029216709 -0.014348871 0.12688349
v -0.029216709 -0.014320596 0.12692318
v -0.029216709 -0.014311307 0.12697109
v -0.029226709 -0.014311307 0.12697109
v -0.029226709 -0.014320596 0.12692318
v -0.029226709 -0.014348871 0.12688349
v -0.029226709 -0.014391522 0.12685983
v -0.029226709 -0.014439913 0.12685265
v -0.029216709 -0.014442817 0.12708983
v -0.029216709 -0.014490094 0.12708172
v -0.029216709 -0.014531385 0.1270575
v -0.029216709 -0.014558744 0.12701828
v -0.029216709 -0.014567717 0.12697124
v -0.029226709 -0.014567717 0.12697124
v -0.029226709 -0.014558744 0.12701828
v -0.029226709 -0.014531385 0.1270575
v -0.029226709 -0.014490094 0.12708172
v -0.029226709 -0.014442817 0.12708983
v -0.029216709 -0.014532461 0.1265711
v -0.029216709 -0.014519364 0.1265602
v -0.029216709 -0.014507914 0.12654757
v -0.029216709 -0.014496931 0.12653452
v -0.029216709 -0.014486086 0.12652137
v -0.029226709 -0.014486086 0.12652137
v -0.029226709 -0.014496931 0.12653452
v -0.029226709 -0.014507914 0.12654757
v -0.029226709 -0.014519364 0.1265602
v -0.029226709 -0.014532461 0.1265711
v -0.029216709 -0.014379766 0.12731098
v -0.029216709 -0.014396832 0.12730844
v -0.029216709 -0.014412283 0.12730078
v -0.029216709 -0.014424667 0.12728875
v -0.029216709 -0.014433803 0.12727407
v -0.029226709 -0.014433803 0.12727407
v -0.029226709 -0.014424667 0.12728875
v -0.029226709 -0.014412283 0.12730078
v -0.029226709 -0.014396832 0.12730844
v -0.029226709 -0.014379766 0.12731098
v -0.030516709 -0.016326339 0.12702094
v -0.030516709 -0.016326339 0.12652094
v -0.030336709 -0.016326339 0.12652094
v -0.030336709 -0.016326339 0.12702094
v -0.030336709 -0.013702482 0.12607094
v -0.030336709 -0.013702482 0.12557094
v -0.030336709 -0.013326339 0.12557094
v -0.030336709 -0.013326339 0.12607094
v -0.030516709 -0.013326339 0.12607094
v -0.030516709 -0.013326339 0.12557094
v -0.030516709 -0.013719867 0.12557094
v -0.030516709 -0.013719867 0.12607094
v -0.030319492 -0.015930391 0.12702094
v -0.030319492 -0.015930391 0.12652094
v -0.029906658 -0.015872371 0.12652094
v -0.029906658 -0.015872371 0.12702094
v -0.029216709 -0.015117797 0.12640072
v -0.029216709 -0.015097261 0.12640359
v -0.029216709 -0.01507933 0.12641383
v -0.029216709 -0.015067845 0.12643096
v -0.029216709 -0.015064512 0.12645141
v -0.029216709 -0.015068081 0.12647147
v -0.029216709 -0.015079129 0.12648858
v -0.029216709 -0.015096044 0.12649986
v -0.029216709 -0.015116145 0.12650329
v -0.029216709 -0.015137558 0.12649956
v -0.029216709 -0.015156463 0.12648885
v -0.029216709 -0.015169359 0.12647145
v -0.029216709 -0.015173486 0.12645015
v -0.029216709 -0.015169489 0.12642971
v -0.029216709 -0.015156949 0.12641313
v -0.029216709 -0.015138514 0.12640346
v -0.029216709 -0.015068619 0.12650329
v -0.029216709 -0.015045728 0.12650212
v -0.029216709 -0.015023176 0.12649812
v -0.029216709 -0.015002353 0.1264887
v -0.029216709 -0.014985385 0.12647344
v -0.029226709 -0.014985385 0.12647344
v -0.029226709 -0.015002353 0.1264887
v -0.029226709 -0.015023176 0.12649812
v -0.029226709 -0.015045728 0.12650212
v -0.029226709 -0.015068619 0.12650329
v -0.029216709 -0.015123657 0.12659303
v -0.029216709 -0.015142943 0.12659631
v -0.029216709 -0.015159445 0.12660677
v -0.029216709 -0.015170219 0.12662303
v -0.029216709 -0.015173486 0.12664231
v -0.029226709 -0.015173486 0.12664231
v -0.029226709 -0.015170219 0.12662303
v -0.029226709 -0.015159445 0.12660677
v -0.029226709 -0.015142943 0.12659631
v -0.029226709 -0.015123657 0.12659303
v -0.029216709 -0.015022845 0.1268847
v -0.029216709 -0.015004767 0.12688162
v -0.029216709 -0.014989633 0.1268714
v -0.029216709 -0.01498056 0.12685551
v -0.029216709 -0.014977974 0.12683732
v -0.029226709 -0.014977974 0.12683732
v -0.029226709 -0.01498056 0.12685551
v -0.029226709 -0.014989633 0.1268714
v -0.029226709 -0.015004767 0.12688162
v -0.029226709 -0.015022845 0.1268847
v -0.029216709 -0.015105628 0.12685896
v -0.029216709 -0.015120592 0.12687675
v -0.029216709 -0.01513707 0.12689314
v -0.029216709 -0.015155835 0.12690682
v -0.029216709 -0.015176892 0.1269166
v -0.029226709 -0.015176892 0.1269166
v -0.029226709 -0.015155835 0.12690682
v -0.029226709 -0.01513707 0.12689314
v -0.029226709 -0.015120592 0.12687675
v -0.029226709 -0.015105628 0.12685896
v -0.029216709 -0.015074278 0.12709624
v -0.029216709 -0.015110489 0.1271004
v -0.029216709 -0.015143228 0.12711607
v -0.029216709 -0.015165993 0.12714425
v -0.029216709 -0.015173486 0.12717972
v -0.029226709 -0.015173486 0.12717972
v -0.029226709 -0.015165993 0.12714425
v -0.029226709 -0.015143228 0.12711607
v -0.029226709 -0.015110489 0.1271004
v -0.029226709 -0.015074278 0.12709624
v -0.029216709 -0.014977974 0.12743919
v -0.029216709 -0.015199127 0.12743919
v -0.029226709 -0.015199127 0.12743919
v -0.029226709 -0.014977974 0.12743919
v -0.029216709 -0.014378064 0.12626611
v -0.029216709 -0.014352346 0.1262719
v -0.029216709 -0.014331394 0.12628791
v -0.029216709 -0.014318691 0.12631109
v -0.029216709 -0.014314512 0.12633722
v -0.029226709 -0.014314512 0.12633722
v -0.029226709 -0.014318691 0.12631109
v -0.029226709 -0.014331394 0.12628791
v -0.029226709 -0.014352346 0.1262719
v -0.029226709 -0.014378064 0.12626611
v -0.029216709 -0.014538871 0.12633462
v -0.029216709 -0.014536053 0.12635222
v -0.029216709 -0.014526345 0.12636707
v -0.029216709 -0.014511138 0.12637637
v -0.029216709 -0.014493999 0.12638149
v -0.029226709 -0.014493999 0.12638149
v -0.029226709 -0.014511138 0.12637637
v -0.029226709 -0.014526345 0.12636707
v -0.029226709 -0.014536053 0.12635222
v -0.029226709 -0.014538871 0.12633462
f 7155 7156 7158
f 7158 7156 7157
f 7159 7160 7162
f 7162 7160 7161
f 7163 7164 7166
f 7166 7164 7165
f 7167 7168 7224
f 7224 7168 7223
f 7223 7168 7169
f 7223 7169 7222
f 7222 7169 7170
f 7222 7170 7221
f 7221 7170 7171
f 7221 7171 7220
f 7220 7171 7219
f 7219 7171 7172
f 7219 7172 7218
f 7218 7172 7173
f 7218 7173 7217
f 7217 7173 7174
f 7217 7174 7216
f 7216 7174 7175
f 7216 7175 7176
f 7216 7176 7215
f 7215 7176 7177
f 7215 7177 7214
f 7214 7177 7178
f 7214 7178 7213
f 7213 7178 7179
f 7213 7179 7212
f 7212 7179 7180
f 7212 7180 7211
f 7211 7180 7181
f 7211 7181 7210
f 7210 7181 7182
f 7210 7182 7209
f 7209 7182 7183
f 7209 7183 7208
f 7208 7183 7207
f 7207 7183 7184
f 7207 7184 7185
f 7207 7185 7206
f 7206 7185 7186
f 7206 7186 7205
f 7205 7186 7204
f 7204 7186 7187
f 7204 7187 7203
f 7203 7187 7188
f 7203 7188 7202
f 7202 7188 7189
f 7202 7189 7201
f 7201 7189 7190
f 7201 7190 7200
f 7200 7190 7191
f 7200 7191 7192
f 7200 7192 7199
f 7199 7192 7193
f 7199 7193 7198
f 7198 7193 7194
f 7198 7194 7197
f 7197 7194 7195
f 7197 7195 7196
f 7225 7226 7234
f 7234 7226 7233
f 7233 7226 7227
f 7233 7227 7232
f 7232 7227 7228
f 7232 7228 7231
f 7231 7228 7229
f 7231 7229 7230
f 7235 7236 7244
f 7244 7236 7243
f 7243 7236 7237
f 7243 7237 7242
f 7242 7237 7238
f 7242 7238 7241
f 7241 7238 7239
f 7241 7239 7240
f 7245 7246 7254
f 7254 7246 7253
f 7253 7246 7247
f 7253 7247 7252
f 7252 7247 7248
f 7252 7248 7251
f 7251 7248 7249
f 7251 7249 7250
f 7256 7257 7255
f 7255 7257 7258
f 7260 7261 7259
f 7259 7261 7262
f 7264 7265 7263
f 7263 7265 7266
f 7274 7267 7273
f 7273 7267 7268
f 7273 7268 7272
f 7272 7268 7269
f 7272 7269 7271
f 7271 7269 7270
f 7275 7276 7282
f 7282 7276 7277
f 7282 7277 7278
f 7279 7280 7278
f 7278 7280 7281
f 7278 7281 7282
f 7283 7284 7290
f 7290 7284 7285
f 7290 7285 7286
f 7287 7288 7286
f 7286 7288 7289
f 7286 7289 7290
f 7309 7291 7308
f 7308 7291 7292
f 7308 7292 7307
f 7307 7292 7293
f 7307 7293 7306
f 7306 7293 7294
f 7306 7294 7305
f 7305 7294 7304
f 7304 7294 7295
f 7304 7295 7296
f 7304 7296 7303
f 7303 7296 7297
f 7303 7297 7302
f 7302 7297 7298
f 7302 7298 7301
f 7301 7298 7299
f 7301 7299 7300
f 7310 7311 7318
f 7318 7311 7312
f 7318 7312 7315
f 7315 7312 7314
f 7314 7312 7319
f 7316 7317 7315
f 7315 7317 7318
f 7320 7321 7329
f 7329 7321 7328
f 7328 7321 7322
f 7328 7322 7327
f 7327 7322 7323
f 7327 7323 7326
f 7326 7323 7324
f 7326 7324 7325
f 7330 7331 7339
f 7339 7331 7338
f 7338 7331 7332
f 7338 7332 7337
f 7337 7332 7333
f 7337 7333 7336
f 7336 7333 7334
f 7336 7334 7335
f 7340 7341 7349
f 7349 7341 7348
f 7348 7341 7342
f 7348 7342 7347
f 7347 7342 7343
f 7347 7343 7346
f 7346 7343 7344
f 7346 7344 7345
f 7350 7351 7359
f 7359 7351 7358
f 7358 7351 7352
f 7358 7352 7357
f 7357 7352 7353
f 7357 7353 7356
f 7356 7353 7354
f 7356 7354 7355
f 7360 7361 7363
f 7363 7361 7362
f 7364 7365 7373
f 7373 7365 7372
f 7372 7365 7366
f 7372 7366 7371
f 7371 7366 7367
f 7371 7367 7370
f 7370 7367 7368
f 7370 7368 7369
f 7374 7375 7383
f 7383 7375 7382
f 7382 7375 7376
f 7382 7376 7381
f 7381 7376 7377
f 7381 7377 7380
f 7380 7377 7378
f 7380 7378 7379
f 7384 7385 7387
f 7387 7385 7386
f 7388 7389 7397
f 7397 7389 7396
f 7396 7389 7390
f 7396 7390 7395
f 7395 7390 7391
f 7395 7391 7394
f 7394 7391 7392
f 7394 7392 7393
f 7398 7399 7401
f 7401 7399 7400
f 7403 7404 7402
f 7402 7404 7409
f 7409 7404 7407
f 7409 7407 7408
f 7405 7406 7404
f 7404 7406 7407
f 7410 7411 7413
f 7413 7411 7412
f 7414 7415 7417
f 7417 7415 7416
f 7418 7419 7427
f 7427 7419 7426
f 7426 7419 7420
f 7426 7420 7425
f 7425 7420 7421
f 7425 7421 7424
f 7424 7421 7422
f 7424 7422 7423
f 7428 7429 7437
f 7437 7429 7436
f 7436 7429 7430
f 7436 7430 7435
f 7435 7430 7431
f 7435 7431 7434
f 7434 7431 7432
f 7434 7432 7433
f 7445 7438 7444
f 7444 7438 7439
f 7444 7439 7443
f 7443 7439 7440
f 7443 7440 7442
f 7442 7440 7441
f 7447 7448 7446
f 7446 7448 7449
f 7450 7451 7457
f 7457 7451 7452
f 7457 7452 7453
f 7454 7455 7453
f 7453 7455 7456
f 7453 7456 7457
f 7458 7459 7469
f 7469 7459 7460
f 7469 7460 7468
f 7468 7460 7461
f 7468 7461 7467
f 7467 7461 7462
f 7467 7462 7466
f 7466 7462 7463
f 7466 7463 7465
f 7465 7463 7464
f 7471 7472 7470
f 7470 7472 7473
f 7475 7476 7474
f 7474 7476 7477
f 7478 7479 7481
f 7481 7479 7480
f 7489 7482 7488
f 7488 7482 7483
f 7488 7483 7487
f 7487 7483 7484
f 7487 7484 7486
f 7486 7484 7485
f 7490 7491 7497
f 7497 7491 7496
f 7496 7491 7495
f 7495 7491 7492
f 7495 7492 7494
f 7494 7492 7493
f 7498 7499 7507
f 7507 7499 7506
f 7506 7499 7500
f 7506 7500 7505
f 7505 7500 7501
f 7505 7501 7504
f 7504 7501 7502
f 7504 7502 7503
f 7508 7509 7517
f 7517 7509 7516
f 7516 7509 7510
f 7516 7510 7515
f 7515 7510 7511
f 7515 7511 7514
f 7514 7511 7512
f 7514 7512 7513
f 7518 7519 7527
f 7527 7519 7526
f 7526 7519 7520
f 7526 7520 7525
f 7525 7520 7521
f 7525 7521 7524
f 7524 7521 7522
f 7524 7522 7523
f 7528 7529 7531
f 7531 7529 7530
f 7532 7533 7541
f 7541 7533 7540
f 7540 7533 7534
f 7540 7534 7539
f 7539 7534 7535
f 7539 7535 7538
f 7538 7535 7536
f 7538 7536 7537
f 7542 7543 7545
f 7545 7543 7544
f 7546 7547 7555
f 7555 7547 7554
f 7554 7547 7548
f 7554 7548 7553
f 7553 7548 7549
f 7553 7549 7552
f 7552 7549 7550
f 7552 7550 7551
f 7556 7557 7565
f 7565 7557 7564
f 7564 7557 7558
f 7564 7558 7563
f 7563 7558 7559
f 7563 7559 7562
f 7562 7559 7560
f 7562 7560 7561
f 7566 7567 7624
f 7624 7567 7623
f 7623 7567 7568
f 7623 7568 7622
f 7622 7568 7569
f 7622 7569 7621
f 7621 7569 7570
f 7621 7570 7620
f 7620 7570 7619
f 7619 7570 7571
f 7619 7571 7618
f 7618 7571 7572
f 7618 7572 7617
f 7617 7572 7573
f 7617 7573 7616
f 7616 7573 7574
f 7616 7574 7575
f 7616 7575 7615
f 7615 7575 7576
f 7615 7576 7577
f 7615 7577 7614
f 7614 7577 7578
f 7614 7578 7613
f 7613 7578 7601
f 7613 7601 7602
f 7601 7578 7600
f 7600 7578 7579
f 7600 7579 7580
f 7600 7580 7599
f 7599 7580 7581
f 7599 7581 7582
f 7582 7583 7599
f 7599 7583 7598
f 7598 7583 7584
f 7598 7584 7597
f 7597 7584 7585
f 7597 7585 7596
f 7596 7585 7586
f 7596 7586 7595
f 7595 7586 7594
f 7594 7586 7587
f 7594 7587 7593
f 7593 7587 7588
f 7593 7588 7592
f 7592 7588 7589
f 7592 7589 7591
f 7591 7589 7590
f 7603 7611 7602
f 7602 7611 7612
f 7602 7612 7613
f 7611 7603 7610
f 7610 7603 7604
f 7610 7604 7609
f 7609 7604 7605
f 7609 7605 7606
f 7606 7607 7609
f 7609 7607 7608
f 7625 7626 7634
f 7634 7626 7633
f 7633 7626 7627
f 7633 7627 7632
f 7632 7627 7628
f 7632 7628 7631
f 7631 7628 7629
f 7631 7629 7630
f 7635 7636 7644
f 7644 7636 7643
f 7643 7636 7637
f 7643 7637 7642
f 7642 7637 7638
f 7642 7638 7641
f 7641 7638 7639
f 7641 7639 7640
f 7645 7646 7648
f 7648 7646 7647
f 7649 7650 7658
f 7658 7650 7657
f 7657 7650 7651
f 7657 7651 7656
f 7656 7651 7652
f 7656 7652 7655
f 7655 7652 7653
f 7655 7653 7654
f 7660 7661 7659
f 7659 7661 7662
f 7664 7665 7663
f 7663 7665 7681
f 7681 7665 7666
f 7681 7666 7680
f 7680 7666 7667
f 7680 7667 7679
f 7679 7667 7668
f 7679 7668 7669
f 7670 7677 7669
f 7669 7677 7678
f 7669 7678 7679
f 7677 7670 7676
f 7676 7670 7671
f 7676 7671 7675
f 7675 7671 7672
f 7675 7672 7674
f 7674 7672 7673
f 7682 7683 7689
f 7689 7683 7684
f 7689 7684 7685
f 7686 7687 7685
f 7685 7687 7688
f 7685 7688 7689
f 7690 7691 7697
f 7697 7691 7696
f 7696 7691 7695
f 7695 7691 7692
f 7695 7692 7694
f 7694 7692 7693
f 7699 7700 7698
f 7698 7700 7701
f 7702 7703 7705
f 7705 7703 7704
f 7706 7707 7713
f 7713 7707 7708
f 7713 7708 7709
f 7710 7711 7709
f 7709 7711 7712
f 7709 7712 7713
f 7721 7714 7720
f 7720 7714 7715
f 7720 7715 7719
f 7719 7715 7716
f 7719 7716 7718
f 7718 7716 7717
f 7722 7723 7725
f 7725 7723 7724
f 7726 7727 7733
f 7733 7727 7732
f 7732 7727 7731
f 7731 7727 7728
f 7731 7728 7730
f 7730 7728 7729
f 7734 7735 7741
f 7741 7735 7740
f 7740 7735 7739
f 7739 7735 7736
f 7739 7736 7738
f 7738 7736 7737
f 7749 7742 7748
f 7748 7742 7743
f 7748 7743 7747
f 7747 7743 7744
f 7747 7744 7746
f 7746 7744 7745
f 7757 7750 7756
f 7756 7750 7751
f 7756 7751 7755
f 7755 7751 7752
f 7755 7752 7754
f 7754 7752 7753
f 7759 7761 7758
f 7758 7761 7762
f 7758 7762 7763
f 7759 7760 7761
f 7769 7764 7768
f 7768 7764 7765
f 7768 7765 7767
f 7767 7765 7766
f 7770 7771 7779
f 7779 7771 7778
f 7778 7771 7772
f 7778 7772 7777
f 7777 7772 7773
f 7777 7773 7776
f 7776 7773 7774
f 7776 7774 7775
f 7780 7781 7789
f 7789 7781 7788
f 7788 7781 7782
f 7788 7782 7787
f 7787 7782 7783
f 7787 7783 7786
f 7786 7783 7784
f 7786 7784 7785
f 7790 7791 7799
f 7799 7791 7798
f 7798 7791 7792
f 7798 7792 7797
f 7797 7792 7793
f 7797 7793 7796
f 7796 7793 7794
f 7796 7794 7795
f 7800 7801 7809
f 7809 7801 7808
f 7808 7801 7802
f 7808 7802 7807
f 7807 7802 7803
f 7807 7803 7806
f 7806 7803 7804
f 7806 7804 7805
f 7810 7811 7819
f 7819 7811 7818
f 7818 7811 7812
f 7818 7812 7817
f 7817 7812 7813
f 7817 7813 7816
f 7816 7813 7814
f 7816 7814 7815
f 7820 7821 7823
f 7823 7821 7822
f 7825 7851 7824
f 7824 7851 7852
f 7824 7852 7853
f 7851 7825 7850
f 7850 7825 7826
f 7850 7826 7827
f 7850 7827 7849
f 7849 7827 7828
f 7849 7828 7848
f 7848 7828 7847
f 7847 7828 7829
f 7847 7829 7846
f 7846 7829 7830
f 7846 7830 7831
f 7846 7831 7845
f 7845 7831 7832
f 7845 7832 7844
f 7844 7832 7843
f 7843 7832 7833
f 7843 7833 7842
f 7842 7833 7834
f 7842 7834 7835
f 7842 7835 7841
f 7841 7835 7836
f 7841 7836 7840
f 7840 7836 7855
f 7855 7836 7837
f 7855 7837 7854
f 7854 7837 7838
f 7854 7838 7839
f 7854 7839 7853
f 7853 7839 7824
f 7856 7857 7865
f 7865 7857 7864
f 7864 7857 7858
f 7864 7858 7863
f 7863 7858 7859
f 7863 7859 7862
f 7862 7859 7860
f 7862 7860 7861
f 7866 7867 7875
f 7875 7867 7874
f 7874 7867 7868
f 7874 7868 7873
f 7873 7868 7869
f 7873 7869 7872
f 7872 7869 7870
f 7872 7870 7871
f 7876 7877 7885
f 7885 7877 7884
f 7884 7877 7878
f 7884 7878 7883
f 7883 7878 7879
f 7883 7879 7882
f 7882 7879 7880
f 7882 7880 7881
f 7886 7887 7895
f 7895 7887 7894
f 7894 7887 7888
f 7894 7888 7893
f 7893 7888 7889
f 7893 7889 7892
f 7892 7889 7890
f 7892 7890 7891
f 7896 7897 7903
f 7903 7897 7898
f 7903 7898 7899
f 7900 7901 7899
f 7899 7901 7902
f 7899 7902 7903
f 7905 7906 7904
f 7904 7906 7907
f 7915 7908 7914
f 7914 7908 7909
f 7914 7909 7913
f 7913 7909 7910
f 7913 7910 7912
f 7912 7910 7911
f 7923 7916 7922
f 7922 7916 7917
f 7922 7917 7921
f 7921 7917 7918
f 7921 7918 7920
f 7920 7918 7919
f 7925 7926 7924
f 7924 7926 7927
f 7929 7930 7928
f 7928 7930 7946
f 7946 7930 7931
f 7946 7931 7945
f 7945 7931 7932
f 7945 7932 7944
f 7944 7932 7933
f 7944 7933 7934
f 7935 7942 7934
f 7934 7942 7943
f 7934 7943 7944
f 7942 7935 7941
f 7941 7935 7936
f 7941 7936 7940
f 7940 7936 7937
f 7940 7937 7939
f 7939 7937 7938
f 7947 7948 7958
f 7958 7948 7949
f 7958 7949 7957
f 7957 7949 7950
f 7957 7950 7956
f 7956 7950 7951
f 7956 7951 7955
f 7955 7951 7952
f 7955 7952 7954
f 7954 7952 7953
f 7966 7959 7965
f 7965 7959 7960
f 7965 7960 7964
f 7964 7960 7961
f 7964 7961 7962
f 7962 7963 7964
f 7968 7969 7967
f 7967 7969 7970
f 7980 7972 7979
f 7979 7972 7973
f 7979 7973 7976
f 7976 7973 7975
f 7975 7973 7974
f 7977 7978 7976
f 7976 7978 7979
f 7988 7981 7987
f 7987 7981 7982
f 7987 7982 7986
f 7986 7982 7983
f 7986 7983 7984
f 7984 7985 7986
f 7996 7989 7995
f 7995 7989 7990
f 7995 7990 7994
f 7994 7990 7991
f 7994 7991 7992
f 7992 7993 7994
f 7998 7999 7997
f 7997 7999 8000
f 7997 8000 8001
f 7997 8001 8004
f 8004 8001 8002
f 8004 8002 8003
f 8005 8006 8013
f 8013 8006 8007
f 8013 8007 8010
f 8010 8007 8009
f 8009 8007 8008
f 8013 8010 8012
f 8012 8010 8014
f 8015 8016 8023
f 8023 8016 8017
f 8023 8017 8020
f 8020 8017 8019
f 8019 8017 8024
f 8021 8022 8020
f 8020 8022 8023
f 8034 8026 8033
f 8033 8026 8027
f 8033 8027 8030
f 8030 8027 8029
f 8029 8027 8028
f 8031 8032 8030
f 8030 8032 8033
f 8035 8036 8044
f 8044 8036 8043
f 8043 8036 8037
f 8043 8037 8042
f 8042 8037 8038
f 8042 8038 8041
f 8041 8038 8039
f 8041 8039 8040
f 8045 8046 8054
f 8054 8046 8053
f 8053 8046 8047
f 8053 8047 8052
f 8052 8047 8048
f 8052 8048 8051
f 8051 8048 8049
f 8051 8049 8050
f 8055 8056 8058
f 8058 8056 8057
f 8059 8060 8098
f 8098 8060 8097
f 8097 8060 8096
f 8096 8060 8095
f 8095 8060 8094
f 8094 8060 8093
f 8093 8060 8092
f 8092 8060 8091
f 8091 8060 8061
f 8091 8061 8090
f 8090 8061 8062
f 8090 8062 8089
f 8089 8062 8063
f 8089 8063 8088
f 8088 8063 8064
f 8088 8064 8065
f 8088 8065 8087
f 8087 8065 8066
f 8087 8066 8086
f 8086 8066 8067
f 8086 8067 8085
f 8085 8067 8068
f 8085 8068 8069
f 8085 8069 8084
f 8084 8069 8070
f 8084 8070 8083
f 8083 8070 8071
f 8083 8071 8082
f 8082 8071 8072
f 8082 8072 8081
f 8081 8072 8080
f 8080 8072 8073
f 8080 8073 8079
f 8079 8073 8074
f 8079 8074 8078
f 8078 8074 8075
f 8078 8075 8077
f 8077 8075 8076
f 8099 8100 8108
f 8108 8100 8107
f 8107 8100 8101
f 8107 8101 8106
f 8106 8101 8102
f 8106 8102 8105
f 8105 8102 8103
f 8105 8103 8104
f 8109 8110 8112
f 8112 8110 8111
f 8113 8114 8122
f 8122 8114 8121
f 8121 8114 8115
f 8121 8115 8120
f 8120 8115 8116
f 8120 8116 8119
f 8119 8116 8117
f 8119 8117 8118
f 8123 8124 8126
f 8126 8124 8125
f 8128 8129 8127
f 8127 8129 8130
f 8138 8131 8137
f 8137 8131 8132
f 8137 8132 8136
f 8136 8132 8133
f 8136 8133 8135
f 8135 8133 8134
f 8140 8141 8139
f 8139 8141 8157
f 8157 8141 8142
f 8157 8142 8156
f 8156 8142 8143
f 8156 8143 8155
f 8155 8143 8144
f 8155 8144 8145
f 8146 8153 8145
f 8145 8153 8154
f 8145 8154 8155
f 8153 8146 8152
f 8152 8146 8147
f 8152 8147 8151
f 8151 8147 8148
f 8151 8148 8150
f 8150 8148 8149
f 8159 8160 8158
f 8158 8160 8161
f 8180 8162 8179
f 8179 8162 8163
f 8179 8163 8178
f 8178 8163 8164
f 8178 8164 8177
f 8177 8164 8165
f 8177 8165 8176
f 8176 8165 8175
f 8175 8165 8166
f 8175 8166 8167
f 8175 8167 8174
f 8174 8167 8168
f 8174 8168 8173
f 8173 8168 8169
f 8173 8169 8172
f 8172 8169 8170
f 8172 8170 8171
f 8181 8182 8192
f 8192 8182 8183
f 8192 8183 8191
f 8191 8183 8184
f 8191 8184 8190
f 8190 8184 8185
f 8190 8185 8189
f 8189 8185 8186
f 8189 8186 8188
f 8188 8186 8187
f 8194 8195 8193
f 8193 8195 8196
f 8197 8198 8208
f 8208 8198 8199
f 8208 8199 8207
f 8207 8199 8200
f 8207 8200 8206
f 8206 8200 8201
f 8206 8201 8205
f 8205 8201 8202
f 8205 8202 8204
f 8204 8202 8203
f 8218 8210 8217
f 8217 8210 8211
f 8217 8211 8214
f 8214 8211 8213
f 8213 8211 8212
f 8215 8216 8214
f 8214 8216 8217
f 8219 8220 8227
f 8227 8220 8221
f 8227 8221 8224
f 8224 8221 8223
f 8223 8221 8222
f 8227 8224 8226
f 8226 8224 8228
f 8238 8230 8237
f 8237 8230 8231
f 8237 8231 8234
f 8234 8231 8233
f 8233 8231 8232
f 8235 8236 8234
f 8234 8236 8237
f 8246 8239 8245
f 8245 8239 8240
f 8245 8240 8244
f 8244 8240 8241
f 8244 8241 8243
f 8243 8241 8242
f 8247 8248 8291
f 8291 8248 8290
f 8290 8248 8289
f 8289 8248 8249
f 8289 8249 8288
f 8288 8249 8287
f 8287 8249 8250
f 8287 8250 8286
f 8286 8250 8285
f 8285 8250 8284
f 8284 8250 8251
f 8284 8251 8283
f 8283 8251 8282
f 8282 8251 8252
f 8282 8252 8281
f 8281 8252 8280
f 8280 8252 8253
f 8280 8253 8279
f 8279 8253 8254
f 8279 8254 8278
f 8278 8254 8255
f 8278 8255 8277
f 8277 8255 8256
f 8277 8256 8257
f 8277 8257 8276
f 8276 8257 8258
f 8276 8258 8275
f 8275 8258 8259
f 8275 8259 8305
f 8305 8259 8304
f 8304 8259 8260
f 8304 8260 8303
f 8303 8260 8261
f 8303 8261 8302
f 8302 8261 8262
f 8302 8262 8301
f 8301 8262 8263
f 8301 8263 8300
f 8300 8263 8299
f 8299 8263 8264
f 8299 8264 8298
f 8298 8264 8265
f 8298 8265 8297
f 8297 8265 8266
f 8297 8266 8296
f 8296 8266 8267
f 8296 8267 8268
f 8296 8268 8295
f 8295 8268 8269
f 8295 8269 8294
f 8294 8269 8270
f 8294 8270 8293
f 8293 8270 8271
f 8293 8271 8292
f 8292 8271 8272
f 8292 8272 8307
f 8307 8272 8273
f 8307 8273 8274
f 8307 8274 8306
f 8306 8274 8275
f 8306 8275 8305
f 8308 8309 8317
f 8317 8309 8316
f 8316 8309 8310
f 8316 8310 8315
f 8315 8310 8311
f 8315 8311 8314
f 8314 8311 8312
f 8314 8312 8313
f 8318 8319 8327
f 8327 8319 8326
f 8326 8319 8320
f 8326 8320 8325
f 8325 8320 8321
f 8325 8321 8324
f 8324 8321 8322
f 8324 8322 8323
f 8328 8329 8337
f 8337 8329 8336
f 8336 8329 8330
f 8336 8330 8335
f 8335 8330 8331
f 8335 8331 8334
f 8334 8331 8332
f 8334 8332 8333
f 8338 8339 8347
f 8347 8339 8346
f 8346 8339 8340
f 8346 8340 8345
f 8345 8340 8341
f 8345 8341 8344
f 8344 8341 8342
f 8344 8342 8343
f 8349 8350 8348
f 8348 8350 8351
f 8348 8351 8357
f 8357 8351 8356
f 8356 8351 8352
f 8356 8352 8355
f 8355 8352 8353
f 8355 8353 8354
f 8359 8361 8358
f 8358 8361 8362
f 8358 8362 8363
f 8359 8360 8361
f 8358 8363 8367
f 8367 8363 8364
f 8367 8364 8366
f 8366 8364 8365
f 8368 8369 8375
f 8375 8369 8374
f 8374 8369 8373
f 8373 8369 8370
f 8373 8370 8372
f 8372 8370 8371
f 8383 8376 8382
f 8382 8376 8377
f 8382 8377 8381
f 8381 8377 8378
f 8381 8378 8380
f 8380 8378 8379
f 8391 8384 8390
f 8390 8384 8385
f 8390 8385 8389
f 8389 8385 8386
f 8389 8386 8388
f 8388 8386 8387
f 8392 8393 8401
f 8401 8393 8400
f 8400 8393 8394
f 8400 8394 8399
f 8399 8394 8395
f 8399 8395 8398
f 8398 8395 8396
f 8398 8396 8397
f 8420 8402 8419
f 8419 8402 8403
f 8419 8403 8418
f 8418 8403 8404
f 8418 8404 8417
f 8417 8404 8405
f 8417 8405 8416
f 8416 8405 8415
f 8415 8405 8406
f 8415 8406 8407
f 8415 8407 8414
f 8414 8407 8408
f 8414 8408 8413
f 8413 8408 8409
f 8413 8409 8412
f 8412 8409 8410
f 8412 8410 8411
f 8426 8421 8425
f 8425 8421 8422
f 8425 8422 8424
f 8424 8422 8423
f 8434 8427 8433
f 8433 8427 8428
f 8433 8428 8432
f 8432 8428 8429
f 8432 8429 8431
f 8431 8429 8430
f 8442 8435 8438
f 8438 8435 8436
f 8438 8436 8437
f 8438 8439 8442
f 8442 8439 8441
f 8441 8439 8440
f 8444 8445 8443
f 8443 8445 8448
f 8448 8445 8446
f 8448 8446 8447
f 8449 8450 8452
f 8452 8450 8451
f 8454 8455 8453
f 8453 8455 8456
f 8458 8459 8457
f 8457 8459 8460
f 8462 8763 8461
f 8461 8763 8516
f 8461 8516 8517
f 8463 8827 8462
f 8462 8827 8828
f 8462 8828 8829
f 8464 8630 8463
f 8463 8630 8631
f 8463 8631 8739
f 8739 8631 8738
f 8738 8631 8737
f 8737 8631 8632
f 8737 8632 8736
f 8736 8632 8735
f 8735 8632 8625
f 8735 8625 8626
f 8461 8752 8464
f 8464 8752 8640
f 8464 8640 8641
f 8466 8808 8465
f 8465 8808 8809
f 8465 8809 8509
f 8509 8809 8810
f 8509 8810 8508
f 8508 8810 8811
f 8508 8811 8507
f 8507 8811 8812
f 8507 8812 8813
f 8466 8467 8808
f 8808 8467 8807
f 8807 8467 8468
f 8807 8468 8806
f 8806 8468 8714
f 8806 8714 8626
f 8626 8714 8715
f 8626 8715 8716
f 8714 8468 8713
f 8713 8468 8469
f 8713 8469 8570
f 8570 8469 8823
f 8570 8823 8824
f 8469 8470 8823
f 8823 8470 8471
f 8823 8471 8472
f 8472 8473 8823
f 8823 8473 8497
f 8823 8497 8498
f 8474 8495 8473
f 8473 8495 8496
f 8473 8496 8497
f 8495 8474 8494
f 8494 8474 8475
f 8494 8475 8487
f 8487 8475 8476
f 8487 8476 8477
f 8487 8477 8486
f 8486 8477 8478
f 8486 8478 8479
f 8480 8482 8479
f 8479 8482 8483
f 8479 8483 8484
f 8480 8481 8482
f 8484 8485 8479
f 8479 8485 8486
f 8494 8487 8493
f 8493 8487 8488
f 8493 8488 8492
f 8492 8488 8489
f 8492 8489 8491
f 8491 8489 8490
f 8823 8498 8822
f 8822 8498 8499
f 8822 8499 8500
f 8500 8501 8822
f 8822 8501 8502
f 8822 8502 8462
f 8462 8502 8763
f 8763 8502 8762
f 8762 8502 8503
f 8762 8503 8761
f 8761 8503 8504
f 8761 8504 8760
f 8760 8504 8505
f 8760 8505 8759
f 8759 8505 8817
f 8817 8505 8506
f 8817 8506 8816
f 8816 8506 8507
f 8816 8507 8815
f 8815 8507 8813
f 8815 8813 8814
f 8511 8515 8510
f 8510 8515 8767
f 8510 8767 8549
f 8549 8767 8548
f 8548 8767 8784
f 8548 8784 8547
f 8547 8784 8785
f 8547 8785 8801
f 8801 8785 8790
f 8801 8790 8791
f 8511 8512 8515
f 8515 8512 8513
f 8515 8513 8514
f 8516 8765 8515
f 8515 8765 8766
f 8515 8766 8767
f 8518 8552 8517
f 8517 8552 8553
f 8517 8553 8554
f 8518 8519 8552
f 8552 8519 8520
f 8552 8520 8521
f 8552 8521 8757
f 8757 8521 8522
f 8757 8522 8756
f 8756 8522 8523
f 8756 8523 8524
f 8756 8524 8755
f 8755 8524 8525
f 8755 8525 8526
f 8755 8526 8537
f 8537 8526 8527
f 8537 8527 8528
f 8528 8529 8537
f 8537 8529 8536
f 8536 8529 8530
f 8536 8530 8531
f 8532 8533 8531
f 8531 8533 8534
f 8531 8534 8535
f 8535 8536 8531
f 8537 8538 8755
f 8755 8538 8550
f 8755 8550 8758
f 8758 8550 8551
f 8758 8551 8757
f 8757 8551 8552
f 8550 8538 8565
f 8565 8538 8539
f 8565 8539 8564
f 8564 8539 8540
f 8564 8540 8563
f 8563 8540 8541
f 8563 8541 8695
f 8695 8541 8542
f 8695 8542 8627
f 8627 8542 8806
f 8627 8806 8626
f 8542 8543 8806
f 8806 8543 8805
f 8805 8543 8804
f 8804 8543 8544
f 8804 8544 8803
f 8803 8544 8545
f 8803 8545 8802
f 8802 8545 8546
f 8802 8546 8547
f 8555 8748 8554
f 8554 8748 8461
f 8554 8461 8517
f 8555 8556 8748
f 8748 8556 8557
f 8748 8557 8558
f 8748 8558 8747
f 8747 8558 8559
f 8747 8559 8754
f 8754 8559 8560
f 8754 8560 8753
f 8753 8560 8561
f 8753 8561 8562
f 8563 8695 8562
f 8562 8695 8636
f 8562 8636 8637
f 8624 8566 8463
f 8463 8566 8567
f 8463 8567 8827
f 8827 8567 8568
f 8827 8568 8569
f 8570 8824 8569
f 8569 8824 8826
f 8569 8826 8827
f 8570 8571 8713
f 8713 8571 8572
f 8713 8572 8712
f 8712 8572 8573
f 8712 8573 8574
f 8575 8591 8574
f 8574 8591 8745
f 8574 8745 8746
f 8576 8582 8575
f 8575 8582 8583
f 8575 8583 8584
f 8582 8576 8581
f 8581 8576 8577
f 8581 8577 8580
f 8580 8577 8578
f 8580 8578 8579
f 8584 8585 8575
f 8575 8585 8591
f 8586 8589 8585
f 8585 8589 8590
f 8585 8590 8591
f 8587 8588 8586
f 8586 8588 8589
f 8745 8591 8744
f 8744 8591 8592
f 8744 8592 8608
f 8608 8592 8597
f 8608 8597 8598
f 8592 8593 8597
f 8597 8593 8594
f 8597 8594 8595
f 8595 8596 8597
f 8598 8599 8608
f 8608 8599 8600
f 8608 8600 8607
f 8607 8600 8601
f 8607 8601 8602
f 8607 8602 8606
f 8606 8602 8603
f 8606 8603 8605
f 8605 8603 8604
f 8608 8609 8744
f 8744 8609 8743
f 8743 8609 8742
f 8742 8609 8610
f 8742 8610 8741
f 8741 8610 8611
f 8741 8611 8740
f 8740 8611 8612
f 8740 8612 8613
f 8614 8463 8613
f 8613 8463 8739
f 8613 8739 8740
f 8614 8615 8463
f 8463 8615 8616
f 8463 8616 8617
f 8463 8617 8624
f 8624 8617 8618
f 8624 8618 8623
f 8623 8618 8619
f 8623 8619 8622
f 8622 8619 8620
f 8622 8620 8621
f 8628 8691 8627
f 8627 8691 8692
f 8627 8692 8693
f 8691 8628 8706
f 8706 8628 8629
f 8706 8629 8705
f 8705 8629 8630
f 8705 8630 8704
f 8704 8630 8703
f 8703 8630 8464
f 8703 8464 8666
f 8666 8464 8665
f 8665 8464 8664
f 8664 8464 8663
f 8663 8464 8662
f 8662 8464 8641
f 8662 8641 8661
f 8661 8641 8660
f 8660 8641 8659
f 8659 8641 8658
f 8658 8641 8642
f 8658 8642 8657
f 8657 8642 8656
f 8656 8642 8655
f 8655 8642 8654
f 8654 8642 8643
f 8654 8643 8653
f 8653 8643 8652
f 8652 8643 8651
f 8651 8643 8650
f 8650 8643 8649
f 8649 8643 8644
f 8649 8644 8648
f 8648 8644 8647
f 8647 8644 8646
f 8646 8644 8645
f 8690 8633 8698
f 8698 8633 8634
f 8698 8634 8697
f 8697 8634 8635
f 8697 8635 8696
f 8696 8635 8636
f 8696 8636 8695
f 8562 8637 8753
f 8753 8637 8638
f 8753 8638 8752
f 8752 8638 8639
f 8752 8639 8640
f 8666 8667 8703
f 8703 8667 8702
f 8702 8667 8668
f 8702 8668 8701
f 8701 8668 8669
f 8701 8669 8670
f 8671 8687 8670
f 8670 8687 8700
f 8670 8700 8701
f 8672 8679 8671
f 8671 8679 8680
f 8671 8680 8681
f 8673 8675 8672
f 8672 8675 8676
f 8672 8676 8677
f 8673 8674 8675
f 8677 8678 8672
f 8672 8678 8679
f 8681 8682 8671
f 8671 8682 8683
f 8671 8683 8684
f 8684 8685 8671
f 8671 8685 8686
f 8671 8686 8687
f 8687 8688 8700
f 8700 8688 8699
f 8699 8688 8689
f 8699 8689 8690
f 8699 8690 8698
f 8693 8694 8627
f 8627 8694 8695
f 8708 8712 8707
f 8707 8712 8574
f 8707 8574 8746
f 8708 8709 8712
f 8712 8709 8710
f 8712 8710 8711
f 8716 8717 8626
f 8626 8717 8718
f 8626 8718 8719
f 8719 8720 8626
f 8626 8720 8735
f 8720 8721 8735
f 8735 8721 8722
f 8735 8722 8723
f 8735 8723 8734
f 8734 8723 8724
f 8734 8724 8725
f 8725 8726 8734
f 8734 8726 8733
f 8733 8726 8727
f 8733 8727 8728
f 8729 8730 8728
f 8728 8730 8731
f 8728 8731 8732
f 8732 8733 8728
f 8748 8749 8461
f 8461 8749 8751
f 8461 8751 8752
f 8749 8750 8751
f 8763 8764 8516
f 8516 8764 8765
f 8767 8768 8784
f 8784 8768 8778
f 8784 8778 8783
f 8783 8778 8782
f 8782 8778 8779
f 8782 8779 8781
f 8781 8779 8780
f 8769 8775 8768
f 8768 8775 8776
f 8768 8776 8777
f 8775 8769 8774
f 8774 8769 8770
f 8774 8770 8773
f 8773 8770 8771
f 8773 8771 8772
f 8777 8778 8768
f 8785 8786 8790
f 8790 8786 8787
f 8790 8787 8788
f 8788 8789 8790
f 8791 8792 8801
f 8801 8792 8793
f 8801 8793 8800
f 8800 8793 8794
f 8800 8794 8795
f 8800 8795 8799
f 8799 8795 8796
f 8799 8796 8798
f 8798 8796 8797
f 8801 8802 8547
f 8819 8821 8818
f 8818 8821 8462
f 8818 8462 8832
f 8832 8462 8829
f 8832 8829 8830
f 8819 8820 8821
f 8821 8822 8462
f 8824 8825 8826
f 8830 8831 8832
f 8833 8834 8843
f 8843 8834 8835
f 8843 8835 8842
f 8842 8835 8836
f 8842 8836 8841
f 8841 8836 8840
f 8840 8836 8837
f 8840 8837 8838
f 8838 8839 8840
f 8844 8845 8854
f 8854 8845 8846
f 8854 8846 8853
f 8853 8846 8847
f 8853 8847 8852
f 8852 8847 8851
f 8851 8847 8848
f 8851 8848 8849
f 8849 8850 8851
f 8855 8856 8858
f 8858 8856 8857
f 8859 8860 8862
f 8862 8860 8861
f 8863 8864 8866
f 8866 8864 8865
f 8867 8868 8870
f 8870 8868 8869
f 8871 8872 8880
f 8880 8872 8879
f 8879 8872 8873
f 8879 8873 8878
f 8878 8873 8874
f 8878 8874 8877
f 8877 8874 8875
f 8877 8875 8876
f 8881 8882 8890
f 8890 8882 8889
f 8889 8882 8883
f 8889 8883 8888
f 8888 8883 8884
f 8888 8884 8887
f 8887 8884 8885
f 8887 8885 8886
f 8891 8892 8894
f 8894 8892 8893
f 8895 8896 8904
f 8904 8896 8903
f 8903 8896 8897
f 8903 8897 8902
f 8902 8897 8898
f 8902 8898 8901
f 8901 8898 8899
f 8901 8899 8900
f 8905 8906 8914
f 8914 8906 8913
f 8913 8906 8907
f 8913 8907 8912
f 8912 8907 8908
f 8912 8908 8911
f 8911 8908 8909
f 8911 8909 8910
f 8915 8916 8918
f 8918 8916 8917
f 8919 8920 8922
f 8922 8920 8921
f 8923 8924 8926
f 8926 8924 8925
f 8927 8928 8930
f 8930 8928 8929
f 8931 8932 8940
f 8940 8932 8939
f 8939 8932 8933
f 8939 8933 8938
f 8938 8933 8934
f 8938 8934 8937
f 8937 8934 8935
f 8937 8935 8936
f 8941 8942 8944
f 8944 8942 8943
f 8945 8946 8948
f 8948 8946 8947
f 8949 8950 8952
f 8952 8950 8951
f 8967 8953 8961
f 8961 8953 8954
f 8961 8954 8955
f 8956 8989 8955
f 8955 8989 8979
f 8955 8979 8961
f 8961 8979 8960
f 8960 8979 8980
f 8960 8980 8981
f 8957 8958 8956
f 8956 8958 8989
f 8958 8959 8989
f 8989 8959 8988
f 8988 8959 8987
f 8987 8959 8986
f 8986 8959 8985
f 8985 8959 8984
f 8984 8959 8960
f 8984 8960 8983
f 8983 8960 8982
f 8982 8960 8981
f 8967 8961 8978
f 8978 8961 8962
f 8978 8962 8977
f 8977 8962 8976
f 8976 8962 8975
f 8975 8962 8974
f 8974 8962 8973
f 8973 8962 8963
f 8973 8963 8972
f 8972 8963 8971
f 8971 8963 8970
f 8970 8963 8969
f 8969 8963 8968
f 8968 8963 8964
f 8968 8964 8966
f 8966 8964 8965
f 8968 8966 8978
f 8978 8966 8967
f 8990 8991 8999
f 8999 8991 8998
f 8998 8991 8992
f 8998 8992 8997
f 8997 8992 8993
f 8997 8993 8996
f 8996 8993 8994
f 8996 8994 8995
f 9000 9001 9009
f 9009 9001 9008
f 9008 9001 9002
f 9008 9002 9007
f 9007 9002 9003
f 9007 9003 9006
f 9006 9003 9004
f 9006 9004 9005
f 9010 9011 9013
f 9013 9011 9012
f 9014 9015 9017
f 9017 9015 9016
f 9018 9019 9021
f 9021 9019 9020
f 9022 9023 9031
f 9031 9023 9030
f 9030 9023 9024
f 9030 9024 9029
f 9029 9024 9025
f 9029 9025 9028
f 9028 9025 9026
f 9028 9026 9027
f 9032 9033 9041
f 9041 9033 9040
f 9040 9033 9034
f 9040 9034 9039
f 9039 9034 9035
f 9039 9035 9038
f 9038 9035 9036
f 9038 9036 9037
f 9057 9042 9054
f 9054 9042 9043
f 9054 9043 9044
f 9044 9045 9054
f 9054 9045 9046
f 9054 9046 9053
f 9053 9046 9052
f 9052 9046 9051
f 9051 9046 9050
f 9050 9046 9049
f 9049 9046 9047
f 9049 9047 9048
f 9054 9055 9057
f 9057 9055 9056
f 9058 9059 9067
f 9067 9059 9066
f 9066 9059 9060
f 9066 9060 9065
f 9065 9060 9061
f 9065 9061 9064
f 9064 9061 9062
f 9064 9062 9063
f 9068 9069 9077
f 9077 9069 9076
f 9076 9069 9070
f 9076 9070 9075
f 9075 9070 9071
f 9075 9071 9074
f 9074 9071 9072
f 9074 9072 9073
f 9078 9079 9081
f 9081 9079 9080
f 9082 9083 9085
f 9085 9083 9084
f 9086 9087 9095
f 9095 9087 9094
f 9094 9087 9088
f 9094 9088 9093
f 9093 9088 9089
f 9093 9089 9092
f 9092 9089 9090
f 9092 9090 9091
f 9096 9097 9105
f 9105 9097 9104
f 9104 9097 9098
f 9104 9098 9103
f 9103 9098 9099
f 9103 9099 9102
f 9102 9099 9100
f 9102 9100 9101
f 9106 9107 9115
f 9115 9107 9114
f 9114 9107 9108
f 9114 9108 9113
f 9113 9108 9109
f 9113 9109 9112
f 9112 9109 9110
f 9112 9110 9111
f 9116 9117 9125
f 9125 9117 9124
f 9124 9117 9118
f 9124 9118 9123
f 9123 9118 9119
f 9123 9119 9122
f 9122 9119 9120
f 9122 9120 9121
f 9126 9127 9135
f 9135 9127 9134
f 9134 9127 9128
f 9134 9128 9133
f 9133 9128 9129
f 9133 9129 9132
f 9132 9129 9130
f 9132 9130 9131
f 9136 9137 9139
f 9139 9137 9138
f 9140 9141 9149
f 9149 9141 9148
f 9148 9141 9142
f 9148 9142 9147
f 9147 9142 9143
f 9147 9143 9146
f 9146 9143 9144
f 9146 9144 9145
f 9150 9151 9153
f 9153 9151 9152
f 9154 9155 9157
f 9157 9155 9156
f 9158 9159 9216
f 9216 9159 9215
f 9215 9159 9160
f 9215 9160 9214
f 9214 9160 9161
f 9214 9161 9213
f 9213 9161 9162
f 9213 9162 9212
f 9212 9162 9211
f 9211 9162 9163
f 9211 9163 9210
f 9210 9163 9164
f 9210 9164 9209
f 9209 9164 9165
f 9209 9165 9208
f 9208 9165 9166
f 9208 9166 9167
f 9208 9167 9207
f 9207 9167 9168
f 9207 9168 9169
f 9207 9169 9206
f 9206 9169 9170
f 9206 9170 9205
f 9205 9170 9193
f 9205 9193 9194
f 9193 9170 9192
f 9192 9170 9171
f 9192 9171 9172
f 9192 9172 9191
f 9191 9172 9173
f 9191 9173 9174
f 9174 9175 9191
f 9191 9175 9190
f 9190 9175 9176
f 9190 9176 9189
f 9189 9176 9177
f 9189 9177 9188
f 9188 9177 9178
f 9188 9178 9187
f 9187 9178 9186
f 9186 9178 9179
f 9186 9179 9185
f 9185 9179 9180
f 9185 9180 9184
f 9184 9180 9181
f 9184 9181 9183
f 9183 9181 9182
f 9195 9203 9194
f 9194 9203 9204
f 9194 9204 9205
f 9203 9195 9202
f 9202 9195 9196
f 9202 9196 9201
f 9201 9196 9197
f 9201 9197 9198
f 9198 9199 9201
f 9201 9199 9200
f 9217 9218 9226
f 9226 9218 9225
f 9225 9218 9219
f 9225 9219 9224
f 9224 9219 9220
f 9224 9220 9223
f 9223 9220 9221
f 9223 9221 9222
f 9227 9228 9230
f 9230 9228 9229
f 9231 9232 9240
f 9240 9232 9239
f 9239 9232 9233
f 9239 9233 9238
f 9238 9233 9234
f 9238 9234 9237
f 9237 9234 9235
f 9237 9235 9236
f 9241 9242 9244
f 9244 9242 9243
f 9245 9246 9254
f 9254 9246 9253
f 9253 9246 9247
f 9253 9247 9252
f 9252 9247 9248
f 9252 9248 9251
f 9251 9248 9249
f 9251 9249 9250
f 9255 9256 9264
f 9264 9256 9263
f 9263 9256 9257
f 9263 9257 9262
f 9262 9257 9258
f 9262 9258 9261
f 9261 9258 9259
f 9261 9259 9260
f 9265 9266 9274
f 9274 9266 9273
f 9273 9266 9267
f 9273 9267 9272
f 9272 9267 9268
f 9272 9268 9271
f 9271 9268 9269
f 9271 9269 9270
f 9275 9276 9284
f 9284 9276 9283
f 9283 9276 9277
f 9283 9277 9282
f 9282 9277 9278
f 9282 9278 9281
f 9281 9278 9279
f 9281 9279 9280
f 9285 9286 9288
f 9288 9286 9287
f 9290 9291 9289
f 9289 9291 9292
f 9293 9294 9296
f 9296 9294 9295
f 9297 9298 9300
f 9300 9298 9299
f 9301 9302 9304
f 9304 9302 9303
f 9305 9306 9314
f 9314 9306 9313
f 9313 9306 9307
f 9313 9307 9312
f 9312 9307 9308
f 9312 9308 9311
f 9311 9308 9309
f 9311 9309 9310
f 9315 9316 9318
f 9318 9316 9317
f 9319 9320 9322
f 9322 9320 9321
f 9323 9324 9326
f 9326 9324 9325
f 9327 9328 9336
f 9336 9328 9335
f 9335 9328 9329
f 9335 9329 9334
f 9334 9329 9330
f 9334 9330 9333
f 9333 9330 9331
f 9333 9331 9332
f 9337 9338 9346
f 9346 9338 9345
f 9345 9338 9339
f 9345 9339 9344
f 9344 9339 9340
f 9344 9340 9343
f 9343 9340 9341
f 9343 9341 9342
f 9347 9348 9356
f 9356 9348 9355
f 9355 9348 9349
f 9355 9349 9354
f 9354 9349 9350
f 9354 9350 9353
f 9353 9350 9351
f 9353 9351 9352
f 9357 9358 9366
f 9366 9358 9365
f 9365 9358 9359
f 9365 9359 9364
f 9364 9359 9360
f 9364 9360 9363
f 9363 9360 9361
f 9363 9361 9362
f 9367 9368 9376
f 9376 9368 9375
f 9375 9368 9369
f 9375 9369 9374
f 9374 9369 9370
f 9374 9370 9373
f 9373 9370 9371
f 9373 9371 9372
f 9377 9378 9386
f 9386 9378 9385
f 9385 9378 9379
f 9385 9379 9384
f 9384 9379 9380
f 9384 9380 9383
f 9383 9380 9381
f 9383 9381 9382
f 9388 9389 9387
f 9387 9389 9394
f 9394 9389 9392
f 9394 9392 9393
f 9390 9391 9389
f 9389 9391 9392
f 9395 9396 9398
f 9398 9396 9397
f 9399 9400 9402
f 9402 9400 9401
f 9403 9404 9412
f 9412 9404 9411
f 9411 9404 9405
f 9411 9405 9410
f 9410 9405 9406
f 9410 9406 9409
f 9409 9406 9407
f 9409 9407 9408
f 9413 9414 9416
f 9416 9414 9415
f 9417 9418 9426
f 9426 9418 9425
f 9425 9418 9419
f 9425 9419 9424
f 9424 9419 9420
f 9424 9420 9423
f 9423 9420 9421
f 9423 9421 9422
f 9442 9427 9439
f 9439 9427 9428
f 9439 9428 9429
f 9429 9430 9439
f 9439 9430 9431
f 9439 9431 9438
f 9438 9431 9437
f 9437 9431 9436
f 9436 9431 9435
f 9435 9431 9434
f 9434 9431 9432
f 9434 9432 9433
f 9439 9440 9442
f 9442 9440 9441
f 9443 9444 9446
f 9446 9444 9445
f 9447 9448 9450
f 9450 9448 9449
f 9451 9452 9460
f 9460 9452 9459
f 9459 9452 9453
f 9459 9453 9458
f 9458 9453 9454
f 9458 9454 9457
f 9457 9454 9455
f 9457 9455 9456
f 9461 9462 9464
f 9464 9462 9463
f 9465 9466 9468
f 9468 9466 9467
f 9469 9470 9478
f 9478 9470 9477
f 9477 9470 9471
f 9477 9471 9476
f 9476 9471 9472
f 9476 9472 9475
f 9475 9472 9473
f 9475 9473 9474
f 9479 9480 9488
f 9488 9480 9487
f 9487 9480 9481
f 9487 9481 9486
f 9486 9481 9482
f 9486 9482 9485
f 9485 9482 9483
f 9485 9483 9484
f 9489 9490 9498
f 9498 9490 9497
f 9497 9490 9491
f 9497 9491 9496
f 9496 9491 9492
f 9496 9492 9495
f 9495 9492 9493
f 9495 9493 9494
f 9499 9500 9538
f 9538 9500 9537
f 9537 9500 9536
f 9536 9500 9535
f 9535 9500 9534
f 9534 9500 9533
f 9533 9500 9532
f 9532 9500 9531
f 9531 9500 9501
f 9531 9501 9530
f 9530 9501 9502
f 9530 9502 9529
f 9529 9502 9503
f 9529 9503 9528
f 9528 9503 9504
f 9528 9504 9505
f 9528 9505 9527
f 9527 9505 9506
f 9527 9506 9526
f 9526 9506 9507
f 9526 9507 9525
f 9525 9507 9508
f 9525 9508 9509
f 9525 9509 9524
f 9524 9509 9510
f 9524 9510 9523
f 9523 9510 9511
f 9523 9511 9522
f 9522 9511 9512
f 9522 9512 9521
f 9521 9512 9520
f 9520 9512 9513
f 9520 9513 9519
f 9519 9513 9514
f 9519 9514 9518
f 9518 9514 9515
f 9518 9515 9517
f 9517 9515 9516
f 9539 9540 9548
f 9548 9540 9547
f 9547 9540 9541
f 9547 9541 9546
f 9546 9541 9542
f 9546 9542 9545
f 9545 9542 9543
f 9545 9543 9544
f 9549 9550 9552
f 9552 9550 9551
f 9553 9554 9562
f 9562 9554 9561
f 9561 9554 9555
f 9561 9555 9560
f 9560 9555 9556
f 9560 9556 9559
f 9559 9556 9557
f 9559 9557 9558
f 9564 9565 9563
f 9563 9565 9566
f 9568 9569 9567
f 9567 9569 9570
f 9578 9571 9577
f 9577 9571 9572
f 9577 9572 9576
f 9576 9572 9573
f 9576 9573 9575
f 9575 9573 9574
f 9580 9581 9579
f 9579 9581 9582
f 9583 9584 9592
f 9592 9584 9591
f 9591 9584 9585
f 9591 9585 9590
f 9590 9585 9586
f 9590 9586 9589
f 9589 9586 9587
f 9589 9587 9588
f 9593 9594 9602
f 9602 9594 9601
f 9601 9594 9595
f 9601 9595 9600
f 9600 9595 9596
f 9600 9596 9599
f 9599 9596 9597
f 9599 9597 9598
f 9603 9604 9612
f 9612 9604 9611
f 9611 9604 9605
f 9611 9605 9610
f 9610 9605 9606
f 9610 9606 9609
f 9609 9606 9607
f 9609 9607 9608
f 9613 9614 9622
f 9622 9614 9621
f 9621 9614 9615
f 9621 9615 9620
f 9620 9615 9616
f 9620 9616 9619
f 9619 9616 9617
f 9619 9617 9618
f 9623 9624 9626
f 9626 9624 9625
f 9627 9628 9636
f 9636 9628 9635
f 9635 9628 9629
f 9635 9629 9634
f 9634 9629 9630
f 9634 9630 9633
f 9633 9630 9631
f 9633 9631 9632
f 9637 9638 9646
f 9646 9638 9645
f 9645 9638 9639
f 9645 9639 9644
f 9644 9639 9640
f 9644 9640 9643
f 9643 9640 9641
f 9643 9641 9642
f 9647 9648 9650
f 9650 9648 9649
f 9651 9652 9654
f 9654 9652 9653
f 9655 9656 9658
f 9658 9656 9657
f 9659 9660 9668
f 9668 9660 9667
f 9667 9660 9661
f 9667 9661 9666
f 9666 9661 9662
f 9666 9662 9665
f 9665 9662 9663
f 9665 9663 9664
f 9670 9696 9669
f 9669 9696 9697
f 9669 9697 9698
f 9696 9670 9695
f 9695 9670 9671
f 9695 9671 9672
f 9695 9672 9694
f 9694 9672 9673
f 9694 9673 9693
f 9693 9673 9692
f 9692 9673 9674
f 9692 9674 9691
f 9691 9674 9675
f 9691 9675 9676
f 9691 9676 9690
f 9690 9676 9677
f 9690 9677 9689
f 9689 9677 9688
f 9688 9677 9678
f 9688 9678 9687
f 9687 9678 9679
f 9687 9679 9680
f 9687 9680 9686
f 9686 9680 9681
f 9686 9681 9685
f 9685 9681 9700
f 9700 9681 9682
f 9700 9682 9699
f 9699 9682 9683
f 9699 9683 9684
f 9699 9684 9698
f 9698 9684 9669
f 9701 9702 9710
f 9710 9702 9709
f 9709 9702 9703
f 9709 9703 9708
f 9708 9703 9704
f 9708 9704 9707
f 9707 9704 9705
f 9707 9705 9706
f 9711 9712 9720
f 9720 9712 9719
f 9719 9712 9713
f 9719 9713 9718
f 9718 9713 9714
f 9718 9714 9717
f 9717 9714 9715
f 9717 9715 9716
f 9721 9722 9730
f 9730 9722 9729
f 9729 9722 9723
f 9729 9723 9728
f 9728 9723 9724
f 9728 9724 9727
f 9727 9724 9725
f 9727 9725 9726
f 9731 9732 9740
f 9740 9732 9739
f 9739 9732 9733
f 9739 9733 9738
f 9738 9733 9734
f 9738 9734 9737
f 9737 9734 9735
f 9737 9735 9736
f 9742 9743 9741
f 9741 9743 9744
f 9746 9747 9745
f 9745 9747 9748
f 9750 9751 9749
f 9749 9751 9752
f 9754 9755 9753
f 9753 9755 9756
f 9772 9757 9769
f 9769 9757 9758
f 9769 9758 9759
f 9759 9760 9769
f 9769 9760 9761
f 9769 9761 9768
f 9768 9761 9767
f 9767 9761 9766
f 9766 9761 9762
f 9766 9762 9765
f 9765 9762 9763
f 9765 9763 9764
f 9769 9770 9772
f 9772 9770 9771
f 9773 9774 9782
f 9782 9774 9781
f 9781 9774 9775
f 9781 9775 9780
f 9780 9775 9776
f 9780 9776 9779
f 9779 9776 9777
f 9779 9777 9778
f 9783 9784 9792
f 9792 9784 9791
f 9791 9784 9785
f 9791 9785 9790
f 9790 9785 9786
f 9790 9786 9789
f 9789 9786 9787
f 9789 9787 9788
f 9793 9794 9802
f 9802 9794 9801
f 9801 9794 9795
f 9801 9795 9800
f 9800 9795 9796
f 9800 9796 9799
f 9799 9796 9797
f 9799 9797 9798
f 9803 9804 9812
f 9812 9804 9811
f 9811 9804 9805
f 9811 9805 9810
f 9810 9805 9806
f 9810 9806 9809
f 9809 9806 9807
f 9809 9807 9808
f 9813 9814 9822
f 9822 9814 9821
f 9821 9814 9815
f 9821 9815 9820
f 9820 9815 9816
f 9820 9816 9819
f 9819 9816 9817
f 9819 9817 9818
f 9823 9824 9826
f 9826 9824 9825
f 9827 9828 9836
f 9836 9828 9835
f 9835 9828 9829
f 9835 9829 9834
f 9834 9829 9830
f 9834 9830 9833
f 9833 9830 9831
f 9833 9831 9832
f 9837 9838 9846
f 9846 9838 9845
f 9845 9838 9839
f 9845 9839 9844
f 9844 9839 9840
f 9844 9840 9843
f 9843 9840 9841
f 9843 9841 9842
